ECS,NSC,FA,FB,NA,NB,OM,FA/NA,FB/NB,FBprime,Fbprime/NB,NSCprime
4065,-1431,9782,11479,12138,12006,2923,0.81,0.96,9380.8,0.781342662,286.57338
4065,-1391,9669,11833,11851,12383,2919,0.82,0.96,9847.9,0.795275781,247.2421869
4065,-1375,9902,11760,12183,12298,2916,0.81,0.96,9749.4,0.792763051,172.369491
4065,-1429,9889,11791,12186,12333,2917,0.81,0.96,9790.9,0.793878213,161.2178708
4065,-1413,9920,11750,12167,12289,2918,0.82,0.96,9736.7,0.792310196,276.8980389
4065,-1391,9919,11623,12160,12155,2921,0.82,0.96,9569.5,0.787289181,327.1081859
4065,-1380,9974,11759,12217,12307,2924,0.82,0.96,9751.1,0.792321443,276.7855692
4065,-1401,9842,11805,12166,12345,2924,0.81,0.96,9808.5,0.794532199,154.6780073
4065,-1397,9887,11791,12185,12334,2925,0.81,0.96,9791.2,0.793838171,161.6182909
4065,-1396,9952,11777,12199,12323,2927,0.82,0.96,9773.9,0.793142904,268.5709649
4066,-1401,9859,11815,12169,12357,2932,0.81,0.96,9822.1,0.794861212,151.3878773
4065,-1397,9823,11817,12141,12362,2935,0.81,0.96,9825.6,0.794822844,151.771558
4065,-1418,9753,11488,12102,12009,2937,0.81,0.96,9390.7,0.781971854,280.2814556
4065,-1400,9910,11781,12190,12324,2937,0.81,0.96,9778.2,0.793427459,165.7254138
4065,-1412,9874,11754,12163,12290,2940,0.81,0.96,9741,0.792595606,174.0439382
4065,-1424,9980,11601,12229,12130,2943,0.82,0.96,9540,0.786479802,335.2019786
4065,-1414,9787,11559,12139,12074,2946,0.81,0.96,9481.2,0.785257578,247.4242173
4065,-1381,9932,11785,12210,12326,2946,0.81,0.96,9782.8,0.793671913,163.2808697
4065,-1399,9885,11826,12169,12363,2946,0.81,0.96,9834.9,0.795510798,144.8920165
4065,-1392,9861,11862,12180,12401,2938,0.81,0.96,9882.3,0.796895412,131.0458834
4065,-1394,9904,11812,12206,12358,2930,0.81,0.96,9819.4,0.794578411,154.2158925
4065,-1401,9580,11765,11838,12303,2922,0.81,0.96,9755.9,0.792969195,170.3080549
4065,-1399,9544,11622,11848,12148,2922,0.81,0.96,9566.4,0.787487652,225.1234771
4065,-1407,9947,11593,12191,12116,2922,0.82,0.96,9527.8,0.786381644,336.1835589
4065,-1424,9539,11743,11834,12284,2923,0.81,0.96,9728.2,0.791940736,180.5926408
4065,-1388,9790,11733,12010,12271,2923,0.82,0.96,9714.3,0.791646973,283.5302746
4065,-1392,9968,11768,12221,12310,2924,0.82,0.96,9761,0.792932575,270.6742486
4065,-1392,9953,11667,12200,12201,2924,0.82,0.96,9627.3,0.789058274,309.4172609
4065,-1389,9935,11794,12211,12338,2924,0.81,0.96,9795.4,0.793921219,160.78781
4065,-1407,9987,11675,12238,12215,2926,0.82,0.96,9639.5,0.789152681,308.4731887
4065,-1405,9933,11715,12223,12253,2928,0.81,0.96,9690.9,0.790900188,190.9981229
4065,-1409,9828,11813,12182,12353,2929,0.81,0.96,9818.9,0.794859548,151.4045171
4065,-1424,9917,11558,12158,12080,2929,0.82,0.96,9482,0.784933775,350.6622517
4065,-1402,9896,11807,12227,12346,2929,0.81,0.96,9810.8,0.794654139,153.4586101
4065,-1406,9875,11757,12160,12296,2927,0.81,0.96,9745.8,0.792599219,174.0078074
4065,-1390,9863,11839,12158,12383,2926,0.81,0.96,9853.9,0.795760317,142.3968344
4065,-1401,9883,11705,12119,12235,2926,0.82,0.96,9675.5,0.790805067,291.9493257
4065,-1388,9882,11781,12164,12327,2926,0.81,0.96,9779.1,0.793307374,166.9262594
4065,-1392,9925,11776,12208,12317,2929,0.81,0.96,9771.1,0.79330194,166.9805959
4065,-1400,9954,11728,12211,12258,2933,0.82,0.96,9705.4,0.791760483,282.3951705
4065,-1417,9830,11787,12154,12334,2938,0.81,0.96,9787.2,0.793513864,164.8613588
4065,-1403,9960,11604,12213,12135,2940,0.82,0.96,9544.5,0.786526576,334.7342398
4065,-1406,9893,11737,12170,12278,2941,0.81,0.96,9720.4,0.791692458,183.0754194
4065,-1392,9894,11774,12201,12322,2938,0.81,0.96,9770.6,0.792939458,170.6054212
4065,-1396,9933,11592,12180,12109,2933,0.82,0.96,9524.7,0.78658023,334.1977042
4065,-1387,9898,11779,12183,12319,2928,0.81,0.96,9774.7,0.793465379,165.3462132
4065,-1387,9945,11764,12197,12313,2926,0.82,0.96,9757.9,0.792487615,275.1238528
4065,-1408,9867,11703,12149,12235,2926,0.81,0.96,9673.5,0.790641602,193.5839804
4065,-1399,9836,11798,12150,12336,2928,0.81,0.96,9798.8,0.794325551,156.7444877
4065,-1400,9904,11749,12206,12285,2933,0.81,0.96,9734.5,0.792389092,176.1090761
4065,-1389,10016,11710,12277,12244,2936,0.82,0.96,9683.2,0.790852663,291.4733747
4065,-1378,9615,11710,11782,12246,2937,0.82,0.96,9683.8,0.790772497,292.2750286
4065,-1390,9821,11789,12145,12330,2936,0.81,0.96,9788,0.793836172,161.6382806
4065,-1403,9811,11880,12040,12428,2931,0.81,0.96,9908.4,0.797264242,127.3575797
4065,-1419,9778,11791,12125,12336,2925,0.81,0.96,9791.8,0.793758106,162.4189364
4065,-1389,9984,11603,12232,12130,2919,0.82,0.96,9542,0.786644683,333.5531739
4065,-1396,9946,11746,12185,12290,2919,0.82,0.96,9733,0.79194467,280.5532954
4065,-1397,9947,11729,12191,12268,2919,0.82,0.96,9709.4,0.791441148,285.588523
4065,-1397,9954,11546,12208,12068,2921,0.82,0.96,9466.4,0.784421611,355.7838913
4065,-1394,9714,11784,11995,12325,2922,0.81,0.96,9781.5,0.793630832,163.6916836
4065,-1378,9844,11767,12084,12305,2924,0.81,0.96,9758.5,0.793051605,169.4839496
4065,-1419,9889,11660,12124,12195,2925,0.82,0.96,9618.5,0.788724887,312.7511275
4065,-1400,9841,11794,12168,12339,2925,0.81,0.96,9795.7,0.79388119,161.1881028
4065,-1379,9877,11767,12133,12307,2926,0.81,0.96,9759.1,0.79297148,170.2852035
4065,-1405,9835,11800,12167,12343,2927,0.81,0.96,9802.9,0.794207243,157.9275703
4065,-1414,9928,11762,12200,12308,2928,0.81,0.96,9754.4,0.792525187,174.7481313
4065,-1401,9962,11559,12214,12078,2928,0.82,0.96,9482.4,0.78509687,349.0312966
4065,-1397,9942,11798,12222,12340,2929,0.81,0.96,9800,0.794165316,158.3468395
4065,-1380,9960,11645,12206,12172,2933,0.82,0.96,9596.6,0.788416037,315.8396319
4065,-1394,9956,11635,12224,12163,2937,0.81,0.96,9583.9,0.787955274,220.4472581
4065,-1392,9876,11854,12175,12402,2940,0.81,0.96,9874.6,0.796210289,137.8971134
4065,-1397,9965,11783,12218,12324,2939,0.82,0.96,9780.2,0.793589744,264.1025641
4065,-1401,9890,11781,12161,12321,2938,0.81,0.96,9777.3,0.793547602,164.5239834
4065,-1393,9883,11756,12172,12295,2934,0.81,0.96,9744.5,0.79255795,174.4204961
4065,-1403,9910,11758,12193,12303,2930,0.81,0.96,9748.9,0.792400228,175.9977241
4066,-1376,9946,11702,12192,12234,2928,0.82,0.96,9672.2,0.790599967,294.000327
4065,-1391,9938,11742,12225,12284,2927,0.81,0.96,9727.2,0.791859329,181.4067079
4065,-1392,9850,11752,12124,12295,2931,0.81,0.96,9740.5,0.792232615,177.6738512
4065,-1415,9980,11578,12229,12105,2936,0.82,0.96,9509.5,0.785584469,344.1553077
4065,-1393,9866,11768,12167,12307,2941,0.81,0.96,9760.1,0.793052734,169.4726578
4064,-1392,9977,11757,12225,12298,2943,0.82,0.96,9746.4,0.792519109,274.808912
4065,-1413,9931,11548,12176,12073,2943,0.82,0.96,9469.9,0.784386648,356.1335211
4065,-1398,9980,11753,12241,12286,2938,0.82,0.96,9738.8,0.792674589,273.2541104
4065,-1391,9912,11769,12189,12314,2931,0.81,0.96,9763.2,0.792853662,171.463375
4065,-1404,9780,11748,12031,12292,2924,0.81,0.96,9735.6,0.792027335,179.7266515
4065,-1411,9784,11815,12135,12359,2922,0.81,0.96,9822.7,0.794781131,152.1886884
4065,-1390,9895,11760,12176,12293,2922,0.81,0.96,9747.9,0.792963475,170.3652485
4065,-1416,9734,11857,12086,12400,2923,0.81,0.96,9877,0.796532258,134.6774194
4065,-1405,9818,11616,12186,12148,2922,0.81,0.96,9560.4,0.786993744,230.0625617
4065,-1414,9795,11445,12151,11971,2922,0.81,0.96,9336.3,0.779909782,300.9021803
4065,-1424,9558,11267,11902,11772,2922,0.8,0.96,9098.6,0.772901801,270.9819912
4065,-1382,9883,11811,12184,12350,2922,0.81,0.96,9816,0.794817814,151.8218623
4065,-1418,9863,11774,12173,12323,2921,0.81,0.96,9770.9,0.792899456,171.005437
4065,-1392,9903,11756,12157,12294,2920,0.81,0.96,9744.2,0.792598015,174.0198471
4065,-1396,9827,11788,12138,12330,2919,0.81,0.96,9787,0.793755069,162.4493106
4065,-1387,9900,11810,12171,12352,2919,0.81,0.96,9815.6,0.794656736,153.4326425
4065,-1391,9867,11785,12160,12324,2921,0.81,0.96,9782.2,0.793752029,162.4797144
4065,-1389,9939,11796,12234,12337,2927,0.81,0.96,9797.1,0.794123369,158.7663127
4065,-1405,9814,11752,12089,12287,2933,0.81,0.96,9738.1,0.792553105,174.4689509
4065,-1439,9982,11528,12238,12053,2938,0.82,0.96,9443.9,0.783531071,364.689289
4065,-1410,9889,11754,12156,12290,2938,0.81,0.96,9741,0.792595606,174.0439382
4065,-1386,9800,11780,12060,12320,2938,0.81,0.96,9776,0.793506494,164.9350649
4065,-1389,9851,11772,12145,12323,2937,0.81,0.96,9768.9,0.792737158,172.6284184
4065,-1427,9947,11629,12192,12154,2937,0.82,0.96,9575.2,0.787822939,321.7706105
4065,-1392,9946,11764,12211,12302,2937,0.81,0.96,9754.6,0.792927979,170.7202081
4065,-1394,9911,11786,12184,12327,2937,0.81,0.96,9784.1,0.793712988,162.8701225
4065,-1386,9960,11702,12226,12235,2934,0.81,0.96,9672.5,0.790559869,194.4013077
4065,-1398,9901,11763,12197,12296,2928,0.81,0.96,9751.8,0.793087183,169.1281718
4065,-1396,9916,11792,12209,12331,2921,0.81,0.96,9791.3,0.794039413,159.6058714
4065,-1405,9870,11794,12204,12333,2918,0.81,0.96,9793.9,0.794121463,158.7853726
4065,-1401,9807,11785,12148,12331,2917,0.81,0.96,9784.3,0.793471738,165.282621
4065,-1408,9894,11695,12155,12226,2918,0.81,0.96,9662.8,0.790348438,196.5156224
4065,-1400,9865,11802,12165,12348,2918,0.81,0.96,9806.4,0.794169096,158.3090379
4065,-1381,9920,11744,12189,12283,2919,0.81,0.96,9728.9,0.7920622,179.3780021
4065,-1402,9818,11779,12180,12322,2919,0.81,0.96,9775.6,0.793345236,166.5476384
4065,-1389,9907,11610,12139,12143,2919,0.82,0.96,9552.9,0.786700156,332.9984353
4065,-1392,9732,11688,11939,12219,2916,0.82,0.96,9653.7,0.790056469,299.4353057
4065,-1395,9803,11825,12167,12371,2912,0.81,0.96,9836.3,0.79510953,148.9046965
4065,-1408,9732,11829,12089,12372,2908,0.81,0.96,9840.6,0.795392823,146.071775
4065,-1408,9776,11719,12117,12256,2907,0.81,0.96,9695.8,0.791106397,188.9360313
4065,-1392,9958,11706,12211,12243,2908,0.82,0.96,9678.9,0.790566038,294.3396226
4065,-1408,9787,11548,12135,12076,2914,0.81,0.96,9470.8,0.784266313,257.3368665
4065,-1404,9829,11856,12168,12397,2923,0.81,0.96,9875.1,0.796571751,134.2824877
4066,-1413,9849,11786,12139,12329,2930,0.81,0.96,9784.7,0.793632898,163.6710195
4065,-1410,9925,11752,12176,12296,2932,0.82,0.96,9740.8,0.792192583,278.0741705
4065,-1405,9945,11731,12202,12268,2932,0.82,0.96,9711.4,0.791604173,283.9582654
4065,-1414,9830,11737,12134,12274,2933,0.81,0.96,9719.2,0.791852697,181.4730324
4065,-1399,9968,11531,12219,12058,2934,0.82,0.96,9448.4,0.783579366,364.206336
4065,-1394,9980,11635,12233,12168,2935,0.82,0.96,9585.4,0.787754767,322.452334
4065,-1395,9894,11852,12236,12391,2935,0.81,0.96,9869.3,0.796489387,135.1061254
4065,-1409,9972,11586,12219,12109,2934,0.82,0.96,9518.7,0.78608473,339.1526963
4065,-1405,9908,11755,12154,12292,2930,0.82,0.96,9742.6,0.792596811,274.0318907
4065,-1403,9835,11824,12182,12375,2926,0.81,0.96,9836.5,0.794868687,151.3131313
4065,-1389,9845,11766,12171,12305,2923,0.81,0.96,9757.5,0.792970337,170.2966274
4065,-1382,9911,11669,12157,12201,2923,0.82,0.96,9629.3,0.789222195,307.778051
4065,-1397,9874,11811,12203,12354,2923,0.81,0.96,9817.2,0.794657601,153.4239922
4065,-1403,9939,11655,12181,12186,2923,0.82,0.96,9610.8,0.788675529,313.244707
4065,-1395,9888,11705,12134,12235,2925,0.81,0.96,9675.5,0.790805067,191.9493257
4065,-1397,9947,11747,12229,12286,2925,0.81,0.96,9732.8,0.792186228,178.1377177
4065,-1390,9955,11783,12219,12325,2925,0.81,0.96,9780.5,0.793549696,164.5030426
4065,-1391,9946,11691,12212,12227,2926,0.81,0.96,9659.1,0.789981189,200.1881083
4065,-1388,9950,11683,12193,12213,2929,0.82,0.96,9646.9,0.789887824,301.1217555
4065,-1390,9922,11776,12210,12322,2932,0.81,0.96,9772.6,0.793101769,168.9823081
4065,-1396,9847,11831,12167,12369,2933,0.81,0.96,9841.7,0.795674671,143.2532945
4065,-1397,9952,11540,12196,12065,2933,0.82,0.96,9459.5,0.784044758,359.5524244
4065,-1386,9954,11667,12195,12195,2932,0.82,0.96,9625.5,0.789298893,307.0110701
4065,-1404,9906,11762,12195,12305,2931,0.81,0.96,9753.5,0.792645266,173.5473385
4065,-1395,9922,11581,12159,12107,2928,0.82,0.96,9513.1,0.785752044,342.4795573
4065,-1376,10040,11637,12301,12170,2927,0.82,0.96,9588,0.787838948,321.6105177
4065,-1400,9840,11534,12062,12058,2927,0.82,0.96,9451.4,0.783828164,361.7183613
4065,-1422,9812,11243,12120,11749,2925,0.81,0.96,9067.7,0.771784833,382.1516725
4068,-1407,9746,11418,12095,11935,2921,0.81,0.96,9298.5,0.779095098,309.0490155
4095,-1394,9970,11647,12201,12172,2916,0.82,0.96,9598.6,0.788580348,314.1965166
4147,-1416,9815,11641,12115,12115,2914,0.81,0.96,9575.5,0.790383822,196.1617829
4226,-1414,10015,11885,12208,12278,2914,0.82,0.97,9868.4,0.803746539,162.5346148
4309,-1490,9841,12016,12025,12389,2915,0.82,0.97,10032.7,0.809807087,101.9291307
4391,-1468,10060,11997,12292,12391,2916,0.82,0.97,10014.3,0.808191429,118.0857074
4466,-1442,10176,11831,12346,12205,2917,0.82,0.97,9792.5,0.802335109,176.6489144
4533,-1458,10136,12027,12320,12368,2917,0.82,0.97,10037.4,0.811562096,84.37904269
4593,-1490,10144,12065,12339,12385,2917,0.82,0.97,10080.5,0.813928139,60.71861122
4643,-1515,10147,12109,12347,12432,4108,0.82,0.97,10138.6,0.815524453,44.75546976
4689,-1482,10131,12144,12316,12464,5597,0.82,0.97,10183.2,0.817008986,29.91014121
4724,-1475,10168,12138,12374,12455,7086,0.82,0.97,10174.5,0.816900843,30.99156965
4755,-1484,10160,12243,12358,12547,7384,0.82,0.98,10307.1,0.821479238,-14.79238065
4783,-1490,10105,12229,12246,12508,7384,0.83,0.98,10281.4,0.821985929,80.14070995
4807,-1533,10183,12207,12397,12473,7823,0.82,0.98,10248.9,0.821686844,-16.86843582
4829,-1515,10228,12191,12411,12444,8262,0.82,0.98,10224.2,0.821616843,-16.16843459
4848,-1535,10240,12130,12407,12365,8700,0.83,0.98,10139.5,0.820016175,99.83825313
4865,-1544,10199,12123,12369,12365,8700,0.82,0.98,10132.5,0.819450061,5.499393449
4881,-1538,10088,11816,12233,12056,8717,0.82,0.98,9732.8,0.80729927,127.0072993
4894,-1531,10054,12159,12176,12398,8806,0.83,0.98,10178.4,0.820971124,90.28875625
4905,-1553,10155,12220,12345,12476,8894,0.82,0.98,10262.8,0.822603399,-26.03398525
4915,-1502,10248,12259,12413,12524,8965,0.83,0.98,10316.2,0.823714468,62.85531779
4923,-1510,10227,12153,12416,12400,8965,0.82,0.98,10173,0.820403226,-4.032258065
4931,-1502,10175,12256,12355,12524,8972,0.82,0.98,10313.2,0.823474928,-34.74928138
4938,-1497,10261,12093,12383,12346,9007,0.83,0.98,10096.8,0.817819537,121.8046331
4944,-1508,10266,12218,12410,12480,9042,0.83,0.98,10262,0.822275641,77.24358974
4950,-1488,10185,12250,12386,12523,9071,0.82,0.98,10306.9,0.823037611,-30.37610796
4954,-1476,10321,12220,12427,12477,9071,0.83,0.98,10263.1,0.822561513,74.38486816
4959,-1497,10223,12255,12404,12522,9077,0.82,0.98,10311.6,0.823478678,-34.78677528
4963,-1481,10223,12141,12371,12396,9091,0.83,0.98,10159.8,0.819603098,103.9690223
4965,-1469,10241,12153,12386,12415,9106,0.83,0.98,10177.5,0.819774466,102.2553363
4968,-1472,10294,12030,12392,12285,9114,0.83,0.98,10015.5,0.815262515,147.3748474
4971,-1463,10279,12288,12411,12551,9114,0.83,0.98,10353.3,0.824898414,51.01585531
4973,-1472,10242,12254,12410,12523,9116,0.83,0.98,10310.9,0.823357023,66.42976922
4975,-1470,10234,12126,12314,12389,9120,0.83,0.98,10142.7,0.818685931,113.1406893
4976,-1475,10189,12231,12348,12499,9124,0.83,0.98,10280.7,0.822521802,74.78198256
4978,-1480,10112,12326,12315,12590,9127,0.82,0.98,10403,0.826290707,-62.9070691
4979,-1484,10161,12139,12352,12399,9126,0.82,0.98,10158.7,0.819316074,6.839261231
4981,-1482,10094,11937,12288,12189,9131,0.82,0.98,9893.7,0.811690869,83.09131184
4981,-1469,10226,12240,12382,12508,9139,0.83,0.98,10292.4,0.822865366,71.34633834
4982,-1461,10291,12238,12414,12501,9146,0.83,0.98,10288.3,0.82299816,70.01839853
4983,-1457,10256,12232,12351,12500,9149,0.83,0.98,10282,0.82256,74.4
4984,-1466,10164,12247,12285,12512,9149,0.83,0.98,10300.6,0.823257673,67.42327366
4984,-1485,10300,12167,12426,12429,9155,0.83,0.98,10195.7,0.820315391,96.84608577
4985,-1457,10286,12272,12387,12539,9162,0.83,0.98,10333.7,0.824124731,58.7526916
4986,-1466,10367,12051,12458,12302,9170,0.83,0.98,10041.6,0.816257519,137.424809
4986,-1458,10226,12317,12405,12591,9172,0.82,0.98,10394.3,0.825534112,-55.34111667
4987,-1475,10299,12238,12404,12505,9173,0.83,0.98,10289.5,0.822830868,71.69132347
4987,-1477,10219,12274,12375,12535,9170,0.83,0.98,10334.5,0.824451536,55.484643
4987,-1463,10276,12209,12416,12474,9165,0.83,0.98,10251.2,0.821805355,81.94644861
4987,-1450,10289,12281,12413,12541,9161,0.83,0.98,10343.3,0.824758791,52.41208835
4987,-1461,10361,12188,12455,12448,9160,0.83,0.98,10222.4,0.821208226,87.91773779
4988,-1477,10269,12318,12418,12581,9160,0.83,0.98,10392.3,0.826031317,39.68682935
4989,-1460,10339,12238,12442,12505,9162,0.83,0.98,10289.5,0.822830868,71.69132347
4989,-1475,10292,12307,12409,12572,9164,0.83,0.98,10378.6,0.82553293,44.67069679
4988,-1460,10265,12278,12395,12538,9166,0.83,0.98,10339.4,0.824645079,53.5492104
4989,-1471,10265,12316,12442,12584,9165,0.83,0.98,10391.2,0.82574698,42.53019708
4989,-1455,10358,12117,12448,12375,9165,0.83,0.98,10129.5,0.818545455,114.5454545
4989,-1451,10284,12284,12398,12543,9163,0.83,0.98,10346.9,0.824914295,50.85705174
4989,-1463,10332,12266,12433,12536,9161,0.83,0.98,10326.8,0.823771538,62.28462029
4989,-1470,10359,11978,12448,12229,9158,0.83,0.98,9946.7,0.813369859,166.3014147
4989,-1474,10341,11994,12424,12247,9159,0.83,0.98,9968.1,0.813921777,160.7822324
4989,-1455,10221,12249,12349,12515,9159,0.83,0.98,10303.5,0.82329205,67.07950459
4990,-1461,10279,12223,12415,12487,9163,0.83,0.98,10269.1,0.822383279,76.1672139
4990,-1457,10232,12290,12379,12550,9166,0.83,0.98,10355,0.825099602,49.00398406
4990,-1471,10247,12267,12402,12537,9170,0.83,0.98,10328.1,0.823809524,61.9047619
4990,-1457,10238,12290,12355,12557,9170,0.83,0.98,10357.1,0.824806881,51.93119376
4990,-1458,10356,12161,12449,12427,9171,0.83,0.98,10189.1,0.819916311,100.8368874
4989,-1472,10299,12260,12415,12516,9171,0.83,0.98,10314.8,0.824129115,58.70885267
4990,-1467,10272,12224,12392,12483,9171,0.83,0.98,10268.9,0.822630778,73.69222142
4990,-1459,10209,12297,12355,12566,9171,0.83,0.98,10366.8,0.824988063,50.11936973
4990,-1452,10340,12133,12428,12390,9171,0.83,0.98,10150,0.81920904,107.9096045
4990,-1442,10328,12252,12428,12515,9167,0.83,0.98,10306.5,0.823531762,64.68238114
4990,-1486,10223,12267,12375,12527,9158,0.83,0.98,10325.1,0.824227668,57.72331763
4990,-1465,10203,12303,12376,12569,9148,0.82,0.98,10373.7,0.825340123,-53.40122524
4991,-1462,10280,12299,12424,12567,9142,0.83,0.98,10369.1,0.825105435,48.94565131
4990,-1459,10212,12166,12344,12426,9142,0.83,0.98,10193.8,0.820360534,96.39465637
4991,-1462,10288,11960,12364,12210,9144,0.83,0.98,9923,0.812694513,173.0548731
4990,-1461,10339,12005,12423,12258,9147,0.83,0.98,9982.4,0.81435797,156.4202969
4990,-1460,10346,12116,12431,12370,9151,0.83,0.98,10127,0.818674212,113.257882
4991,-1463,10286,12296,12417,12556,9154,0.83,0.98,10362.8,0.825326537,46.73462886
4991,-1464,10270,12169,12370,12428,9154,0.83,0.98,10197.4,0.820518185,94.81815256
4991,-1456,10226,12255,12351,12514,9156,0.83,0.98,10309.2,0.823813329,61.86670929
4991,-1485,10304,12104,12388,12363,9160,0.83,0.98,10112.9,0.81799725,120.0275014
4991,-1460,10290,12284,12450,12544,9164,0.83,0.98,10347.2,0.824872449,51.2755102
4991,-1455,10282,12275,12402,12540,9166,0.83,0.98,10337,0.824322169,56.77830941
4991,-1482,10206,12034,12399,12282,9166,0.82,0.98,10018.6,0.815714053,42.85946914
4991,-1473,10326,12219,12453,12479,9165,0.83,0.98,10262.7,0.822397628,76.02371985
4991,-1462,10285,12266,12404,12532,9164,0.83,0.98,10325.6,0.823938717,60.61283115
4991,-1488,10258,12242,12398,12503,9163,0.83,0.98,10292.9,0.823234424,67.65576262
4991,-1471,10203,12324,12350,12589,9163,0.83,0.98,10400.7,0.826173644,38.26356343
4992,-1464,10338,12135,12430,12388,9163,0.83,0.98,10151.4,0.819454311,105.4568938
4991,-1465,10240,12251,12386,12519,9164,0.83,0.98,10306.7,0.823284607,67.15392603
4992,-1451,10336,12105,12417,12353,9166,0.83,0.98,10110.9,0.818497531,115.0246904
4991,-1476,10215,12284,12399,12554,9167,0.82,0.98,10350.2,0.824454357,-44.54357177
4992,-1478,10245,12266,12383,12529,9167,0.83,0.98,10324.7,0.824064171,59.35828877
4992,-1462,10352,12029,12444,12280,9167,0.83,0.98,10013,0.815390879,146.0912052
4991,-1446,10325,12086,12406,12341,9168,0.83,0.98,10088.3,0.817462118,125.3788186
4991,-1468,10353,12087,12437,12343,9168,0.83,0.98,10089.9,0.817459289,125.4071133
4991,-1484,10201,12357,12393,12619,9169,0.82,0.98,10442.7,0.82753784,-75.37839765
4991,-1475,10288,12250,12431,12516,9169,0.83,0.98,10304.8,0.823330137,66.69862576
4991,-1450,10229,12329,12380,12596,9169,0.83,0.98,10407.8,0.826278184,37.2181645
4992,-1483,10240,12319,12404,12583,9168,0.83,0.98,10393.9,0.82602718,39.72820472
4991,-1476,10235,12336,12404,12605,9167,0.83,0.98,10417.5,0.826457755,35.42245141
4992,-1458,10295,12235,12416,12503,9165,0.83,0.98,10285.9,0.822674558,73.25441894
4992,-1467,10274,12301,12401,12570,9166,0.83,0.98,10372,0.82513922,48.60779634
4992,-1480,10278,12292,12437,12555,9165,0.83,0.98,10358.5,0.825049781,49.50219036
4992,-1457,10232,12300,12356,12563,9162,0.83,0.98,10368.9,0.825352225,46.47775213
4992,-1464,10348,12179,12438,12432,9158,0.83,0.98,10208.6,0.821155084,88.44916345
4992,-1474,10241,12325,12418,12588,9156,0.82,0.98,10401.4,0.826294884,-62.94884017
4992,-1480,10334,12079,12421,12336,9155,0.83,0.98,10079.8,0.81710441,128.9559014
4992,-1464,10050,12003,12074,12252,9156,0.83,0.98,9978.6,0.814446621,155.5337904
4992,-1450,10337,12081,12425,12341,9157,0.83,0.98,10083.3,0.817056965,129.4303541
4992,-1465,10260,12232,12379,12492,9159,0.83,0.98,10279.6,0.822894653,71.05347422
4992,-1454,10278,12263,12378,12522,9160,0.83,0.98,10319.6,0.824117553,58.82446893
4992,-1470,10232,12289,12399,12548,9159,0.83,0.98,10353.4,0.825103602,48.96397832
4992,-1471,10306,12221,12415,12480,9164,0.83,0.98,10265,0.822516026,74.83974359
4992,-1485,10258,12241,12380,12505,9170,0.83,0.98,10292.5,0.823070772,69.29228309
4993,-1464,10337,12105,12418,12360,9176,0.83,0.98,10113,0.818203883,117.961165
4993,-1463,10304,12295,12432,12560,9177,0.83,0.98,10363,0.825079618,49.20382166
4992,-1460,10275,12253,12395,12511,9176,0.83,0.98,10306.3,0.823779074,62.20925585
4993,-1474,10136,12229,12238,12499,9175,0.83,0.98,10278.7,0.822361789,76.38211057
4993,-1476,10313,12188,12433,12446,9173,0.83,0.98,10221.8,0.821291981,87.08018641
4993,-1472,10126,12263,12239,12521,9173,0.83,0.98,10319.3,0.824159412,58.40587812
4993,-1476,10224,12228,12374,12492,9173,0.83,0.98,10275.6,0.822574448,74.25552354
4993,-1448,10374,12172,12485,12431,9176,0.83,0.98,10201.3,0.820633899,93.66100877
4993,-1460,10313,12214,12436,12480,9180,0.83,0.98,10258,0.821955128,80.44871795
4993,-1462,10311,12236,12422,12499,9184,0.83,0.98,10285.7,0.822921834,70.78166253
4994,-1471,10296,12080,12372,12336,9186,0.83,0.98,10080.8,0.817185473,128.1452659
4994,-1465,10344,12027,12431,12284,9186,0.83,0.98,10012.2,0.815060241,149.3975904
4994,-1463,10234,12237,12327,12502,9180,0.83,0.98,10287.6,0.82287634,71.23660214
4995,-1453,10265,12136,12328,12396,9174,0.83,0.98,10154.8,0.819199742,108.0025815
4995,-1474,10236,12270,12363,12531,9168,0.83,0.98,10329.3,0.824299737,57.00263347
4995,-1451,10318,12194,12419,12457,9168,0.83,0.98,10231.1,0.821313318,86.86682187
4995,-1481,10348,12054,12433,12301,9168,0.83,0.98,10044.3,0.81654337,134.5662954
4995,-1458,10224,12255,12376,12515,9167,0.83,0.98,10309.5,0.823771474,62.28525769
4995,-1483,10296,12233,12436,12500,9167,0.83,0.98,10283,0.82264,73.6
4995,-1459,10192,12310,12310,12577,9167,0.83,0.98,10383.1,0.825562535,44.37465214
4996,-1489,10334,12019,12423,12269,9167,0.83,0.98,9999.7,0.8150379,149.620996
4997,-1466,10356,12216,12444,12477,9172,0.83,0.98,10259.1,0.822240923,77.59076701
4997,-1501,10245,12252,12396,12514,9178,0.83,0.98,10306.2,0.823573598,64.26402429
4997,-1484,10185,12291,12320,12552,9183,0.83,0.98,10356.6,0.825095602,49.04397706
4997,-1489,10325,11561,12437,11795,9183,0.83,0.98,9399.5,0.796905468,330.9453158
4997,-1461,10196,12234,12271,12487,9184,0.83,0.98,10280.1,0.823264195,67.35805237
4997,-1449,10349,12253,12462,12514,9183,0.83,0.98,10307.2,0.823653508,63.46491929
4998,-1461,10266,12214,12383,12469,9183,0.83,0.98,10254.7,0.822415591,75.84409335
4998,-1486,10312,12248,12446,12508,9183,0.83,0.98,10300.4,0.823504957,64.95043172
4999,-1490,10221,12323,12402,12584,9183,0.82,0.98,10398.2,0.826303242,-63.03242212
4999,-1476,10367,12043,12454,12292,9177,0.83,0.98,10030.6,0.816026684,139.7331598
5000,-1456,10355,12085,12442,12339,9171,0.83,0.98,10086.7,0.817464949,125.3505146
5000,-1474,10236,12286,12381,12545,9164,0.83,0.98,10349.5,0.824990036,50.09964129
5000,-1469,10177,12219,12228,12477,9163,0.83,0.98,10262.1,0.822481366,75.18634287
5000,-1499,10141,11916,12349,12168,9164,0.82,0.98,9866.4,0.810848126,91.51873767
5001,-1464,10259,12197,12389,12455,9173,0.83,0.98,10233.5,0.821637896,83.62103573
5001,-1477,10273,12152,12341,12406,9182,0.83,0.98,10173.8,0.820070933,99.29066581
5002,-1466,10256,12316,12416,12579,9190,0.83,0.98,10389.7,0.825955958,40.44041657
5002,-1471,10249,12250,12393,12513,9190,0.83,0.98,10303.9,0.823455606,65.4439383
5003,-1456,10314,12307,12457,12565,9182,0.83,0.98,10376.5,0.825825706,41.74293673
5003,-1466,10237,12248,12363,12510,9171,0.83,0.98,10301,0.823421263,65.7873701
5004,-1451,10275,12290,12390,12556,9161,0.83,0.98,10356.8,0.824848678,51.51322077
5004,-1468,10324,12218,12428,12475,9158,0.83,0.98,10260.5,0.82248497,75.1503006
5005,-1463,9984,12308,12047,12567,9159,0.83,0.98,10378.1,0.825821596,41.78403756
5005,-1466,10349,12117,12429,12370,9160,0.83,0.98,10128,0.818755053,112.4494745
5006,-1464,10324,12083,12392,12330,9162,0.83,0.98,10082,0.817680454,123.1954582
5006,-1456,10329,12277,12456,12530,9163,0.83,0.98,10336,0.824900239,50.99760575
5007,-1450,10250,12293,12401,12550,9163,0.83,0.98,10358,0.825338645,46.61354582
5008,-1474,10240,12284,12403,12543,9168,0.83,0.98,10346.9,0.824914295,50.85705174
5008,-1483,10228,12249,12394,12510,9177,0.83,0.98,10302,0.823501199,64.98800959
5008,-1472,10256,12263,12408,12510,9185,0.83,0.98,10316,0.824620304,53.79696243
5009,-1461,10360,12078,12438,12327,9188,0.83,0.98,10076.1,0.817400827,125.9917255
5010,-1473,10305,12257,12407,12497,9188,0.83,0.98,10306.1,0.824685925,53.14075378
5010,-1477,10214,12261,12264,12517,9186,0.83,0.98,10316.1,0.824167133,58.328673
5010,-1460,10345,12073,12421,12322,9185,0.83,0.98,10069.6,0.817204999,127.9500081
5011,-1482,10137,12011,12303,12254,9183,0.82,0.98,9987.2,0.815015505,49.84494859
5012,-1459,10335,12182,12410,12437,9183,0.83,0.98,10213.1,0.821186781,88.13218622
5013,-1464,10256,12267,12381,12519,9182,0.83,0.98,10322.7,0.824562665,54.3733525
5013,-1481,10240,12319,12412,12574,9178,0.83,0.98,10391.2,0.82640369,35.96309846
5014,-1464,10372,12073,12459,12316,9175,0.83,0.98,10067.8,0.817456967,125.4303345
5015,-1476,10262,12325,12410,12576,9173,0.83,0.98,10397.8,0.826797074,32.02926209
5015,-1495,10347,12090,12425,12335,9173,0.83,0.98,10090.5,0.818038103,119.6189704
5016,-1473,10240,12308,12386,12557,9177,0.83,0.98,10375.1,0.826240344,37.59655969
5016,-1470,10206,12298,12314,12551,9181,0.83,0.98,10363.3,0.825695164,43.04836268
5017,-1465,10301,12218,12396,12462,9184,0.83,0.98,10256.6,0.823030011,69.69988766
5018,-1472,10190,12268,12316,12522,9184,0.83,0.98,10324.6,0.82451685,54.83149657
5019,-1457,10321,12264,12426,12516,9184,0.83,0.98,10318.8,0.824448706,55.51294343
5020,-1456,10305,12175,12379,12416,9185,0.83,0.98,10199.8,0.82150451,84.95489691
5020,-1473,10310,12258,12420,12510,9185,0.83,0.98,10311,0.824220624,57.79376499
5021,-1492,10212,12296,12389,12543,9185,0.82,0.98,10358.9,0.825871004,-58.71003747
5022,-1478,10307,12279,12423,12532,9185,0.83,0.98,10338.6,0.824976061,50.23938717
5022,-1480,10314,12202,12411,12444,9184,0.83,0.98,10235.2,0.822500804,74.991964
5023,-1477,10326,12174,12393,12419,9183,0.83,0.98,10199.7,0.821298011,87.01988888
5024,-1465,10275,12271,12355,12521,9183,0.83,0.98,10327.3,0.824798339,52.01661209
5025,-1466,10331,12194,12422,12429,9183,0.83,0.98,10222.7,0.82248773,75.12269692
5026,-1464,10261,12043,12321,12277,9183,0.83,0.98,10026.1,0.816657164,133.428362
5027,-1485,10343,12240,12449,12482,9185,0.83,0.98,10284.6,0.823954494,60.45505528
5027,-1466,10275,12300,12401,12539,9187,0.83,0.98,10361.7,0.826357764,36.42236223
5028,-1474,10332,12058,12407,12285,9189,0.83,0.98,10043.5,0.817541718,124.5828246
5028,-1463,10317,12301,12467,12539,9189,0.83,0.98,10362.7,0.826437515,35.62485047
5030,-1462,10312,12202,12386,12437,9192,0.83,0.98,10233.1,0.822794886,72.05113773
5030,-1478,10277,12307,12405,12549,9196,0.83,0.98,10371.7,0.826496135,35.0386485
5031,-1489,10368,12126,12457,12356,9200,0.83,0.98,10132.8,0.82007122,99.2877954
5032,-1468,10233,12288,12338,12527,9201,0.83,0.98,10346.1,0.825904047,40.95952742
5034,-1476,10393,11589,12484,11797,9200,0.83,0.98,9428.1,0.799194711,308.0528948
5034,-1479,10174,12197,12223,12427,9195,0.83,0.98,10225.1,0.822813229,71.86770741
5035,-1479,10320,12229,12435,12467,9190,0.83,0.98,10269.1,0.823702575,62.97425203
5036,-1458,10324,12242,12407,12472,9185,0.83,0.98,10283.6,0.824534958,54.65041693
5037,-1510,10328,12284,12447,12519,9185,0.83,0.98,10339.7,0.825920601,40.79399313
5038,-1510,10249,12305,12403,12531,9185,0.83,0.98,10364.3,0.82709281,29.07190168
5039,-1489,10287,12326,12449,12556,9186,0.83,0.98,10392.8,0.827715833,22.84166932
5040,-1504,10255,12283,12382,12517,9187,0.83,0.98,10338.1,0.825924742,40.7525765
5041,-1495,10267,12297,12420,12518,9187,0.83,0.98,10352.4,0.827001118,29.9888161
5042,-1499,10063,12317,12135,12549,9187,0.83,0.98,10381.7,0.827293011,27.06988605
5043,-1499,10237,12242,12373,12472,9192,0.83,0.98,10283.6,0.824534958,54.65041693
5044,-1485,10346,12223,12436,12435,9196,0.83,0.98,10253.5,0.824567752,54.32247688
5045,-1507,10294,12289,12429,12518,9201,0.83,0.98,10344.4,0.826362039,36.37961336
5045,-1496,10248,12353,12393,12569,9201,0.83,0.98,10423.7,0.829318164,6.818362638
5046,-1504,10349,12296,12459,12514,9203,0.83,0.98,10350.2,0.82708966,29.10340419
5048,-1499,10294,12323,12465,12547,9205,0.83,0.98,10387.1,0.827855264,21.44735793
5049,-1498,10348,12175,12436,12381,9208,0.83,0.98,10189.3,0.822978758,70.21242226
5050,-1495,10345,12215,12440,12427,9210,0.83,0.98,10243.1,0.824261688,57.38311741
5051,-1516,10259,12264,12409,12475,9210,0.83,0.98,10306.5,0.826172345,38.27655311
5052,-1533,9967,12086,12122,12288,9203,0.82,0.98,10072.4,0.81969401,3.059895833
5053,-1491,10324,12115,12416,12329,9195,0.83,0.98,10113.7,0.82031795,96.8205045
5053,-1503,10284,12254,12373,12466,9187,0.83,0.98,10293.8,0.82575004,42.49959891
5054,-1527,10319,12065,12415,12272,9186,0.83,0.98,10046.6,0.818660365,113.3963494
5055,-1498,10284,12356,12454,12576,9190,0.83,0.98,10428.8,0.829262087,7.37913486
5056,-1509,10317,12163,12409,12366,9202,0.83,0.98,10172.8,0.82264273,73.57269934
5058,-1505,10361,12213,12473,12421,9214,0.83,0.98,10239.3,0.824353917,56.46083246
5059,-1516,10349,12280,12445,12492,9221,0.83,0.98,10327.6,0.826737112,32.62888248
5060,-1512,10333,12314,12474,12530,9221,0.83,0.98,10373,0.827853152,21.46847566
5061,-1529,10323,12350,12498,12559,9218,0.83,0.98,10417.7,0.829500756,4.992435703
5061,-1529,10280,12277,12374,12484,9213,0.83,0.98,10322.2,0.826834348,31.65652035
5062,-1537,10252,11792,12454,11984,9209,0.82,0.98,9687.2,0.808344459,116.5554072
5063,-1529,10322,12288,12459,12497,9209,0.83,0.98,10337.1,0.82716652,28.33480035
5064,-1525,10332,12195,12440,12395,9210,0.83,0.98,10213.5,0.824001614,59.98386446
5065,-1535,10280,12348,12447,12553,9213,0.83,0.98,10413.9,0.829594519,4.054807616
5066,-1544,10034,12193,12082,12391,9217,0.83,0.98,10210.3,0.824009362,59.90638367
5067,-1524,10248,12311,12408,12515,9220,0.83,0.98,10365.5,0.828246105,17.53895326
5068,-1540,10300,12203,12407,12393,9219,0.83,0.98,10220.9,0.824731703,52.68296619
5069,-1570,10153,12085,12376,12273,9220,0.82,0.98,10066.9,0.820247698,-2.476981993
5070,-1546,10320,12205,12437,12393,9221,0.83,0.98,10222.9,0.824893085,51.06915194
5071,-1554,10224,12148,12321,12333,9221,0.83,0.98,10147.9,0.822824941,71.75058785
5072,-1547,10290,11644,12409,11818,9222,0.83,0.99,9489.4,0.802961584,270.3841598
5073,-1529,10180,12264,12291,12452,9221,0.83,0.98,10299.6,0.827144234,28.55766142
5074,-1551,10314,12150,12433,12337,9219,0.83,0.98,10151.1,0.822817541,71.82459269
5076,-1549,10298,12292,12470,12473,9218,0.83,0.99,10333.9,0.828501563,14.98436623
5077,-1537,10301,12310,12451,12505,9216,0.83,0.98,10361.5,0.828588565,14.11435426
5077,-1544,10335,12307,12482,12494,9216,0.83,0.99,10355.2,0.828813831,11.86169361
5078,-1569,10183,12393,12419,12588,9217,0.82,0.98,10469.4,0.831696854,-116.9685415
5079,-1548,10238,12264,12382,12455,9219,0.83,0.98,10300.5,0.827017262,29.82737856
5080,-1568,10169,12394,12372,12582,9221,0.82,0.99,10468.6,0.832029884,-120.2988396
5081,-1569,10013,12362,12142,12550,9223,0.82,0.99,10427,0.830836653,-108.3665339
5082,-1551,10301,12173,12432,12349,9223,0.83,0.99,10177.7,0.824171998,58.28002267
5083,-1541,10254,12257,12371,12446,9222,0.83,0.98,10290.8,0.826835931,31.64068777
5084,-1566,10366,12230,12506,12417,9221,0.83,0.98,10255.1,0.825891922,41.08077635
5085,-1560,10319,12202,12454,12381,9220,0.83,0.99,10216.3,0.825159519,48.40481383
5086,-1572,10166,12343,12391,12527,9219,0.82,0.99,10401.1,0.830294564,-102.9456374
5087,-1548,10337,12224,12485,12400,9220,0.83,0.99,10244,0.826129032,38.70967742
5088,-1568,10217,12318,12401,12502,9221,0.82,0.99,10368.6,0.829355303,-93.55303151
5089,-1573,10303,12237,12448,12406,9221,0.83,0.99,10258.8,0.826922457,30.77543124
5089,-1598,10240,12325,12442,12501,9222,0.82,0.99,10375.3,0.829957603,-99.57603392
5091,-1586,10290,12216,12431,12390,9221,0.83,0.99,10233,0.82590799,40.92009685
5092,-1584,10307,12125,12458,12291,9226,0.83,0.99,10112.3,0.822740216,72.59783581
5093,-1560,10124,12307,12234,12492,9232,0.83,0.99,10354.6,0.828898495,11.01504963
5094,-1574,10250,12382,12450,12560,9238,0.82,0.99,10450,0.832006369,-120.0636943
5095,-1572,10214,12372,12390,12549,9239,0.82,0.99,10436.7,0.831675831,-116.7583074
5096,-1592,10261,12407,12460,12585,9239,0.82,0.99,10482.5,0.832936035,-129.3603496
5097,-1599,10178,12356,12411,12526,9238,0.82,0.99,10413.8,0.831374741,-113.7474054
5098,-1602,10297,12281,12464,12451,9237,0.83,0.99,10316.3,0.828551924,14.4807646
5099,-1588,10222,12417,12448,12595,9237,0.82,0.99,10495.5,0.833306868,-133.068678
5100,-1595,10207,12362,12394,12537,9237,0.82,0.99,10423.1,0.831387094,-113.870942
5101,-1616,9930,12157,12148,12317,9237,0.82,0.99,10152.1,0.824234797,-42.34797434
5102,-1608,10163,11934,12412,12100,9236,0.82,0.99,9864,0.815206612,47.9338843
5103,-1607,10181,12351,12358,12524,9235,0.82,0.99,10408.2,0.831060364,-110.603641
5104,-1588,10151,12420,12386,12598,9235,0.82,0.99,10499.4,0.833418003,-134.1800286
5105,-1628,10085,12081,12346,12240,9235,0.82,0.99,10053,0.821323529,-13.23529412
5106,-1606,10276,12410,12479,12580,9234,0.82,0.99,10484,0.833386328,-133.863275
5107,-1585,10210,12347,12419,12519,9233,0.82,0.99,10402.7,0.830952952,-109.5295151
5107,-1616,10264,12132,12428,12291,9232,0.83,0.99,10119.3,0.823309739,66.90261167
5108,-1608,10198,12381,12442,12556,9232,0.82,0.99,10447.8,0.832096209,-120.9620898
5109,-1601,10241,12337,12454,12505,9237,0.82,0.99,10388.5,0.830747701,-107.4770092
5111,-1595,9935,12311,12023,12478,9246,0.83,0.99,10354.4,0.82981247,1.875300529
5112,-1622,10150,12051,12440,12208,9255,0.82,0.99,10013.4,0.820232634,-2.326343381
5113,-1602,10145,12393,12389,12566,9259,0.82,0.99,10462.8,0.832627726,-126.2772561
5114,-1594,10211,12373,12428,12548,9259,0.82,0.99,10437.4,0.831797896,-117.9789608
5114,-1597,10237,12393,12443,12558,9260,0.82,0.99,10460.4,0.832967033,-129.6703297
5115,-1606,10242,12296,12448,12471,9262,0.82,0.99,10337.3,0.828907064,-89.07064389
5116,-1602,10190,12385,12409,12554,9263,0.82,0.99,10451.2,0.832499602,-124.9960172
5117,-1607,10293,12068,12473,12225,9263,0.83,0.99,10035.5,0.820899796,91.00204499
5119,-1612,10294,12264,12486,12426,9262,0.82,0.99,10291.8,0.828247224,-82.47223563
5119,-1618,10308,12184,12490,12335,9261,0.83,0.99,10184.5,0.825658695,43.41305229
5121,-1611,10218,12356,12419,12518,9259,0.82,0.99,10411.4,0.831714331,-117.1433136
5121,-1601,10280,12247,12460,12416,9258,0.83,0.99,10271.8,0.827303479,26.96520619
5122,-1623,10089,12326,12263,12490,9258,0.82,0.99,10373,0.830504404,-105.0440352
5123,-1627,10307,12282,12492,12451,9258,0.83,0.99,10317.3,0.828632238,13.67761626
5124,-1608,10286,12109,12476,12263,9258,0.82,0.99,10087.9,0.822629047,-26.29046726
5125,-1611,10207,12400,12452,12571,9258,0.82,0.99,10471.3,0.832972715,-129.7271498
5126,-1624,10205,12357,12473,12531,9258,0.82,0.99,10416.3,0.831242519,-112.4251855
5127,-1603,10254,12297,12431,12459,9256,0.82,0.99,10334.7,0.829496749,-94.96749338
5128,-1612,10218,12257,12408,12422,9252,0.82,0.99,10283.6,0.827853808,-78.5380776
5129,-1636,10159,12440,12448,12606,9247,0.82,0.99,10521.8,0.834666032,-146.6603205
5130,-1631,10095,12410,12333,12580,9244,0.82,0.99,10484,0.833386328,-133.863275
5131,-1635,10113,11968,12420,12121,9244,0.81,0.99,9904.3,0.81711905,-71.19049583
5132,-1626,10083,12416,12361,12581,9245,0.82,0.99,10490.3,0.833820841,-138.2084095
5133,-1613,10206,12402,12455,12578,9247,0.82,0.99,10475.4,0.832835109,-128.3510892
5134,-1622,10166,12347,12385,12505,9248,0.82,0.99,10398.5,0.831547381,-115.4738105
5135,-1634,10196,12423,12412,12592,9248,0.82,0.99,10500.6,0.833910419,-139.1041931
5136,-1626,10156,12424,12440,12593,9250,0.82,0.99,10501.9,0.833947431,-139.4743111
5137,-1644,10276,12116,12475,12278,9253,0.82,0.99,10099.4,0.822560678,-25.60677635
5138,-1636,10243,12186,12441,12347,9256,0.82,0.99,10190.1,0.825309792,-53.09791852
5139,-1639,10199,12344,12418,12509,9258,0.82,0.99,10396.7,0.831137581,-111.3758094
5140,-1620,10074,12291,12245,12462,9258,0.82,0.99,10329.6,0.828887819,-88.8781897
5141,-1600,10233,12364,12427,12532,9260,0.82,0.99,10423.6,0.831758698,-117.5869773
5142,-1634,10251,12319,12452,12487,9261,0.82,0.99,10365.1,0.830071274,-100.7127413
5143,-1635,10222,12316,12439,12493,9263,0.82,0.99,10363.9,0.829576563,-95.76562875
5144,-1623,10191,12406,12496,12576,9263,0.82,0.99,10478.8,0.833237913,-132.3791349
5145,-1655,10094,12403,12369,12581,9262,0.82,0.99,10477.3,0.832787537,-127.8753676
5146,-1641,10233,12325,12484,12495,9258,0.82,0.99,10373.5,0.830212085,-102.1208483
5147,-1664,10124,12080,12443,12244,9254,0.81,0.99,10053.2,0.821071545,-110.7154525
5148,-1646,10121,12126,12436,12287,9250,0.81,0.99,10112.1,0.82299178,-129.9177993
5149,-1648,10120,12404,12400,12579,9250,0.82,0.99,10477.7,0.832951745,-129.5174497
5150,-1626,10151,12421,12382,12601,9259,0.82,0.99,10501.3,0.833370367,-133.7036743
5151,-1624,10229,12257,12428,12430,9272,0.82,0.99,10286,0.827514079,-75.14078842
5151,-1641,10096,12121,12406,12289,9287,0.81,0.99,10107.7,0.822499797,-124.9979657
5153,-1635,10292,12222,12508,12398,9292,0.82,0.99,10241.4,0.826052589,-60.52589127
5154,-1626,10245,12220,12448,12392,9292,0.82,0.99,10237.6,0.826145901,-61.45900581
5155,-1617,10210,12210,12408,12379,9286,0.82,0.99,10223.7,0.825890621,-58.90621213
5156,-1609,10131,12407,12418,12587,9279,0.82,0.99,10483.1,0.832851355,-128.5135457
5157,-1621,10154,12421,12431,12606,9272,0.82,0.99,10502.8,0.833158813,-131.5881326
5158,-1639,10184,12398,12439,12583,9272,0.82,0.99,10472.9,0.832305492,-123.0549154
5158,-1621,10199,12377,12445,12557,9271,0.82,0.99,10444.1,0.831735287,-117.3528709
5159,-1619,10100,12338,12327,12522,9270,0.82,0.99,10394.6,0.830107012,-101.0701166
5161,-1638,10193,12312,12456,12496,9268,0.82,0.99,10360.8,0.829129321,-91.29321383
5162,-1647,9906,12040,12181,12210,9268,0.81,0.99,10003,0.819246519,-92.46519247
5163,-1621,10213,12291,12440,12473,9268,0.82,0.99,10332.9,0.82842139,-84.21390203
5164,-1619,10133,12395,12432,12576,9269,0.82,0.99,10467.8,0.832363232,-123.6323155
5165,-1612,10275,12299,12481,12486,9271,0.82,0.99,10344.8,0.828511933,-85.11933365
5165,-1604,10227,12336,12483,12523,9272,0.82,0.99,10392.9,0.829904975,-99.04974846
5167,-1610,10184,12343,12442,12524,9272,0.82,0.99,10400.2,0.830421591,-104.2159055
5167,-1607,10173,12346,12441,12541,9275,0.82,0.98,10408.3,0.829941791,-99.41790926
5168,-1616,10168,12422,12439,12612,9280,0.82,0.98,10505.6,0.832984459,-129.8445925
5169,-1609,10039,12375,12253,12565,9286,0.82,0.98,10444.5,0.831237565,-112.3756466
5170,-1618,10104,11974,12414,12162,9290,0.81,0.98,9922.6,0.8158691,-58.69100477
5172,-1603,10142,12340,12377,12528,9290,0.82,0.98,10398.4,0.830012771,-100.1277139
5173,-1606,10215,12377,12478,12574,9288,0.82,0.98,10449.2,0.831016383,-110.1638301
5174,-1604,10179,12405,12456,12598,9285,0.82,0.98,10484.4,0.832227338,-122.2733767
5175,-1616,10268,12380,12463,12573,9283,0.82,0.98,10451.9,0.831297224,-112.9722421
5175,-1629,10198,12394,12469,12594,9282,0.82,0.98,10472.2,0.831522947,-115.2294744
5176,-1636,10097,12011,12405,12196,9283,0.81,0.98,9969.8,0.817464743,-74.64742539
5177,-1606,10197,12298,12412,12491,9287,0.82,0.98,10345.3,0.828220319,-82.20318629
5178,-1610,10132,12402,12418,12596,9291,0.82,0.98,10480.8,0.832073674,-120.7367418
5179,-1615,9978,12373,12178,12577,9294,0.82,0.98,10446.1,0.830571678,-105.7167846
5181,-1599,10156,11865,12441,12051,9294,0.82,0.98,9780.3,0.811575803,84.24197162
5182,-1606,10189,12274,12375,12470,9293,0.82,0.98,10315,0.827185245,-71.85244587
5183,-1619,10128,12120,12433,12314,9292,0.81,0.98,10114.2,0.821357804,-113.5780413
5183,-1587,10244,12327,12461,12529,9291,0.82,0.98,10385.7,0.828932876,-89.32875728
5184,-1602,10283,12115,12482,12315,9290,0.82,0.98,10109.5,0.82090946,-9.094600081
5185,-1599,10275,12233,12505,12432,9290,0.82,0.98,10262.6,0.825498713,-54.98712999
5186,-1570,10308,12199,12500,12400,9289,0.82,0.98,10219,0.824112903,-41.12903226
5187,-1577,10168,12401,12426,12610,9288,0.82,0.98,10484,0.831403648,-114.036479
5188,-1599,10111,12084,12412,12284,9287,0.81,0.98,10069.2,0.819700423,-97.00423315
5189,-1589,9903,12348,12033,12561,9287,0.82,0.98,10416.3,0.829257225,-92.57224743
5191,-1597,10113,11937,12406,12131,9290,0.82,0.98,9876.3,0.814137334,58.62665897
5191,-1554,10229,12333,12424,12548,9294,0.82,0.98,10397.4,0.828610137,-86.10137074
5192,-1574,10162,12304,12415,12517,9298,0.82,0.98,10359.1,0.827602461,-76.02460654
5193,-1573,10257,12126,12437,12330,9299,0.82,0.98,10125,0.821167883,-11.67883212
5194,-1589,10179,12353,12438,12572,9299,0.82,0.98,10424.6,0.829191855,-91.91854916
5195,-1583,10189,12393,12462,12602,9300,0.82,0.98,10473.6,0.831106174,-111.0617362
5196,-1608,10156,12074,12444,12283,9301,0.82,0.98,10058.9,0.818928601,10.71399495
5197,-1576,10125,12389,12409,12603,9301,0.82,0.98,10469.9,0.830746648,-107.4664762
5198,-1583,10231,12286,12431,12506,9301,0.82,0.98,10337.8,0.826627219,-66.27218935
5199,-1559,10236,12087,12399,12294,9303,0.83,0.98,10075.2,0.819521718,104.7828209
5200,-1579,10168,11948,12437,12155,9307,0.82,0.98,9894.5,0.814027149,59.72850679
5201,-1575,10221,12376,12434,12598,9311,0.82,0.98,10455.4,0.829925385,-99.25384982
5202,-1559,10194,12352,12430,12571,9313,0.82,0.98,10423.3,0.829154403,-91.54402991
5203,-1567,10072,12359,12201,12582,9313,0.83,0.98,10433.6,0.829248132,7.518677476
5204,-1545,10257,12327,12438,12554,9310,0.82,0.98,10393.2,0.82787956,-78.795603
5205,-1565,10218,12368,12482,12594,9308,0.82,0.98,10446.2,0.829458472,-94.58472288
5206,-1562,10236,12271,12410,12497,9305,0.82,0.98,10320.1,0.825806193,-58.06193486
5207,-1570,10293,12322,12501,12557,9306,0.82,0.98,10389.1,0.82735526,-73.55260014
5208,-1556,10223,12368,12474,12594,9306,0.82,0.98,10446.2,0.829458472,-94.58472288
5209,-1567,10200,12265,12399,12487,9306,0.82,0.98,10311.1,0.825746777,-57.46776648
5210,-1550,10233,12317,12476,12544,9306,0.82,0.98,10380.2,0.827503189,-75.03188776
5211,-1547,10170,12362,12414,12595,9306,0.82,0.98,10440.5,0.828940056,-89.40055578
5212,-1559,10340,12215,12501,12450,9305,0.83,0.98,10250,0.823293173,67.06827309
5213,-1533,10206,12380,12445,12614,9308,0.82,0.98,10464.2,0.829570319,-95.70318694
5214,-1547,10300,12308,12478,12549,9311,0.83,0.98,10372.7,0.826575823,34.24177225
5215,-1532,10242,12298,12488,12533,9314,0.82,0.98,10357.9,0.826450172,-64.50171547
5216,-1528,10231,12442,12469,12686,9314,0.82,0.98,10547.8,0.831451994,-114.5199432
5217,-1546,10328,12328,12490,12568,9314,0.83,0.98,10398.4,0.827371101,26.28898791
5218,-1528,10243,12333,12431,12574,9315,0.82,0.98,10405.2,0.827517099,-75.17098775
5219,-1539,10133,12325,12286,12570,9316,0.82,0.98,10396,0.827048528,-70.48528242
5220,-1506,10312,12130,12455,12360,9317,0.83,0.98,10138,0.820226537,97.73462783
5221,-1510,10146,12166,12253,12394,9317,0.83,0.98,10184.2,0.82170405,82.95949653
5222,-1515,10267,12329,12469,12579,9318,0.82,0.98,10402.7,0.826989427,-69.89426822
5223,-1517,10340,12145,12486,12375,9319,0.83,0.98,10157.5,0.820808081,91.91919192
5224,-1531,10315,12284,12490,12533,9320,0.83,0.98,10343.9,0.825333121,46.66879438
5225,-1517,10222,12393,12419,12632,9321,0.82,0.98,10482.6,0.829844839,-98.44838505
5226,-1503,10212,12287,12374,12530,9321,0.83,0.98,10346,0.825698324,43.01675978
5227,-1497,10296,12317,12476,12562,9323,0.83,0.98,10385.6,0.826747333,32.52666773
5228,-1497,10256,12316,12429,12559,9325,0.83,0.98,10383.7,0.826793535,32.06465483
5229,-1495,10052,12355,12169,12600,9326,0.83,0.98,10435,0.828174603,18.25396825
5230,-1492,10262,11732,12420,11961,9326,0.83,0.98,9620.3,0.80430566,256.9433994
5231,-1500,10334,12096,12458,12337,9325,0.83,0.98,10097.1,0.818440464,115.5953635
5232,-1498,10274,12310,12492,12562,9324,0.82,0.98,10378.6,0.826190097,-61.90097118
5233,-1492,10346,12139,12494,12377,9323,0.83,0.98,10152.1,0.820239153,97.60846732
5234,-1509,10312,12309,12471,12555,9323,0.83,0.98,10375.5,0.826403823,35.96176822
5235,-1501,10364,12256,12483,12512,9323,0.83,0.98,10309.6,0.823976982,60.23017903
5236,-1505,10343,12219,12468,12464,9320,0.83,0.98,10258.2,0.823026316,69.73684211
5237,-1483,10231,12379,12440,12634,9317,0.82,0.98,10469.2,0.828652842,-86.52841539
5238,-1478,10355,12248,12498,12495,9315,0.83,0.98,10296.5,0.82404962,59.50380152
5239,-1487,10131,12151,12193,12394,9315,0.83,0.98,10169.2,0.820493787,95.06212684
5240,-1478,10402,12056,12526,12306,9316,0.83,0.98,10047.8,0.816496018,135.039818
5241,-1488,10253,12346,12419,12596,9321,0.83,0.98,10424.8,0.827627818,23.72181645
5242,-1498,10256,12077,12475,12318,9325,0.82,0.98,10072.4,0.817697678,23.02321805
5243,-1468,10279,12386,12434,12641,9328,0.83,0.98,10478.3,0.828913852,10.86148248
5244,-1489,10396,12179,12503,12427,9328,0.83,0.98,10207.1,0.82136477,86.35229742
5244,-1489,10275,12353,12452,12610,9331,0.83,0.98,10436,0.827597145,24.02854877
5245,-1476,10273,12275,12390,12534,9333,0.83,0.98,10335.2,0.824573161,54.26838998
5247,-1466,10333,12118,12418,12359,9335,0.83,0.98,10125.7,0.819297678,107.0232219
5247,-1496,10301,12391,12463,12650,9335,0.83,0.98,10486,0.828932806,10.67193676
5248,-1459,10327,12242,12426,12495,9337,0.83,0.98,10290.5,0.823569428,64.30572229
5250,-1452,10372,12246,12456,12507,9342,0.83,0.98,10298.1,0.823386903,66.13096666
5251,-1460,10299,12317,12390,12576,9348,0.83,0.98,10389.8,0.826160941,38.39058524
5252,-1492,10371,12292,12513,12553,9351,0.83,0.98,10357.9,0.825133434,48.66565761
5253,-1459,10286,12321,12447,12583,9351,0.83,0.98,10395.9,0.826186124,38.13875864
5254,-1465,10416,12185,12520,12434,9347,0.83,0.98,10215.2,0.821553804,84.46195914
5255,-1462,10379,12313,12529,12570,9342,0.83,0.98,10384,0.826093874,39.06125696
5256,-1484,10419,12280,12543,12531,9336,0.83,0.98,10339.3,0.825097758,49.02242439
5257,-1477,10301,12337,12452,12595,9335,0.83,0.98,10415.5,0.826955141,30.44859071
5258,-1463,10263,12357,12449,12616,9336,0.82,0.98,10441.8,0.827663285,-76.63284718
5259,-1473,10126,12018,12288,12262,9337,0.82,0.98,9996.6,0.815250367,47.49633013
5260,-1458,10243,11991,12432,12229,9338,0.82,0.98,9959.7,0.814432905,55.67094611
5261,-1462,10383,12213,12448,12460,9339,0.83,0.98,10251,0.822712681,72.87319422
5262,-1427,10424,12342,12498,12598,9339,0.83,0.98,10421.4,0.827226544,27.73456104
5262,-1439,10442,12216,12523,12458,9342,0.83,0.98,10253.4,0.823037406,69.62594317
5264,-1446,10355,12245,12430,12493,9345,0.83,0.98,10292.9,0.82389338,61.06619707
5264,-1451,10346,12340,12438,12593,9348,0.83,0.98,10417.9,0.827277059,27.22941317
5265,-1460,10300,12308,12424,12566,9349,0.83,0.98,10377.8,0.825863441,41.36558969
5266,-1449,10417,12268,12482,12522,9349,0.83,0.98,10324.6,0.82451685,54.83149657
5267,-1465,10408,12164,12465,12408,9345,0.83,0.98,10186.4,0.820954223,90.45776918
5268,-1446,10239,12036,12270,12276,9342,0.83,0.98,10018.8,0.816129032,138.7096774
5270,-1439,10296,11914,12453,12157,9339,0.83,0.98,9861.1,0.811145842,188.541581
5271,-1449,10289,12275,12382,12525,9338,0.83,0.98,10332.5,0.8249501,50.499002
5271,-1450,10335,12346,12475,12594,9343,0.83,0.98,10424.2,0.827711609,22.88391297
5272,-1438,10372,12316,12471,12565,9349,0.83,0.98,10385.5,0.826541982,34.58018305
5273,-1449,10377,12332,12474,12588,9356,0.83,0.98,10408.4,0.826850969,31.49030823
5274,-1446,10396,12323,12510,12573,9359,0.83,0.98,10394.9,0.8267637,32.36300008
5275,-1438,10052,12334,12193,12579,9359,0.82,0.98,10407.7,0.827386915,-73.86914699
5276,-1434,10354,12337,12436,12587,9355,0.83,0.98,10413.1,0.827290061,27.09938826
5278,-1446,10389,12314,12459,12557,9351,0.83,0.98,10381.1,0.826718165,32.81834833
5279,-1449,10167,12374,12259,12623,9347,0.83,0.98,10460.9,0.828717421,12.82579419
5279,-1464,10308,12117,12484,12357,9347,0.83,0.98,10124.1,0.819300801,106.9919883
5280,-1443,10246,12299,12288,12548,9349,0.83,0.98,10363.4,0.825900542,40.99458081
5281,-1428,10417,12293,12471,12531,9352,0.84,0.98,10352.3,0.826135185,138.6481526
5282,-1445,10393,12314,12482,12548,9355,0.83,0.98,10378.4,0.827095952,29.04048454
5283,-1465,10458,12172,12514,12402,9357,0.84,0.98,10192.6,0.821851314,181.486857
5284,-1446,10401,12280,12448,12512,9357,0.84,0.98,10333.6,0.825895141,141.0485934
5286,-1444,10318,12390,12444,12626,9357,0.83,0.98,10477.8,0.829859021,1.409789324
5287,-1441,10461,12285,12531,12513,9357,0.83,0.98,10338.9,0.826252697,37.47302805
5288,-1459,10354,12374,12502,12607,9356,0.83,0.98,10456.1,0.829388435,6.115650036
5288,-1436,10160,12344,12198,12584,9356,0.83,0.98,10419.2,0.827972028,20.27972028
5289,-1426,10474,12265,12526,12498,9359,0.84,0.98,10314.4,0.825284045,147.1595455
5290,-1453,10426,12225,12462,12447,9366,0.84,0.98,10259.1,0.824222704,157.7729573
5291,-1458,10320,12384,12432,12617,9373,0.83,0.98,10469.1,0.829761433,2.385670128
5292,-1441,10405,12370,12461,12595,9377,0.84,0.98,10448.5,0.829575228,104.2477173
5293,-1434,10411,12377,12473,12605,9377,0.83,0.98,10458.5,0.829710432,2.895676319
5295,-1474,10433,12097,12475,12307,9373,0.84,0.98,10089.1,0.819785488,202.1451207
5296,-1459,10457,12235,12496,12451,9367,0.84,0.98,10270.3,0.824857441,151.4255883
5297,-1455,10333,12423,12447,12644,9362,0.83,0.98,10516.2,0.831714647,-17.14647264
5298,-1451,10472,12334,12519,12560,9361,0.84,0.98,10402,0.828184713,118.1528662
5298,-1462,10330,12305,12365,12523,9362,0.84,0.98,10361.9,0.82742953,125.7047033
5299,-1443,10456,12290,12497,12508,9368,0.84,0.98,10342.4,0.826862808,131.371922
5300,-1474,10310,11963,12468,12164,9374,0.83,0.98,9912.2,0.814879974,151.2002631
5301,-1448,10468,12279,12505,12493,9378,0.84,0.98,10326.9,0.826614904,133.8509565
5302,-1447,10453,12395,12494,12609,9378,0.84,0.98,10477.7,0.830969942,90.30057895
5304,-1459,10384,12334,12450,12550,9375,0.83,0.98,10399,0.828605578,13.94422311
5305,-1481,10290,12165,12426,12362,9370,0.83,0.98,10173.6,0.822973629,70.26371137
5305,-1472,10425,12279,12471,12489,9365,0.84,0.98,10325.7,0.82678357,132.1643046
5306,-1466,10405,12374,12483,12578,9363,0.83,0.98,10447.4,0.830609,-6.08999841
5307,-1458,10376,12342,12400,12543,9364,0.84,0.98,10404.9,0.829538388,104.6161205
5308,-1486,10322,12354,12394,12561,9369,0.83,0.98,10422.3,0.829734894,2.651062813
5309,-1460,10444,12296,12489,12492,9373,0.84,0.98,10343.6,0.828017931,119.8206852
5310,-1503,10128,12410,12212,12613,9377,0.83,0.98,10493.9,0.831990803,-19.9080314
5311,-1502,10384,12379,12489,12579,9377,0.83,0.98,10452.7,0.830964306,-9.643055887
5313,-1474,10320,12426,12418,12620,9376,0.83,0.98,10512,0.83296355,-29.63549921
5314,-1481,10404,12375,12490,12572,9374,0.83,0.98,10446.6,0.830941775,-9.417753738
5314,-1463,10457,12218,12507,12404,9371,0.84,0.99,10239.2,0.825475653,145.2434698
5315,-1506,10424,12375,12487,12560,9371,0.83,0.99,10443,0.831449045,-14.49044586
5316,-1467,10387,12440,12481,12634,9371,0.83,0.98,10530.2,0.833481083,-34.81082792
5317,-1484,10420,12346,12478,12532,9372,0.84,0.99,10405.6,0.830322375,96.77625279
5318,-1504,10187,12191,12318,12369,9373,0.83,0.99,10201.7,0.824779691,52.20308837
5319,-1484,10420,12201,12460,12370,9374,0.84,0.99,10212,0.825545675,144.5432498
5320,-1510,10373,12421,12442,12608,9374,0.83,0.99,10503.4,0.833074239,-30.74238579
5321,-1496,10414,12192,12456,12361,9374,0.84,0.99,10200.3,0.825200227,147.9977348
5322,-1480,10387,12400,12470,12579,9377,0.83,0.99,10473.7,0.832633755,-26.3375467
5323,-1498,10417,12441,12520,12623,9380,0.83,0.99,10527.9,0.834025192,-40.2519211
5324,-1491,10397,12452,12504,12626,9381,0.83,0.99,10539.8,0.834769523,-47.69523206
5325,-1506,10457,12190,12506,12349,9381,0.84,0.99,10194.7,0.825548627,144.5137258
5326,-1514,10347,12449,12499,12617,9376,0.83,0.99,10534.1,0.834913212,-49.13212333
5327,-1492,10394,12451,12481,12624,9371,0.83,0.99,10538.2,0.834775032,-47.75031686
5328,-1496,10315,12403,12390,12572,9366,0.83,0.99,10474.6,0.833168947,-31.68946866
5329,-1510,10341,11680,12380,11821,9365,0.84,0.99,9526.3,0.805879367,341.2063277
5330,-1519,10202,12089,12351,12238,9367,0.83,0.99,10060.4,0.822062429,79.37571499
5331,-1495,10453,12461,12514,12623,9373,0.84,0.99,10547.9,0.835609602,43.90398479
5332,-1513,10324,12422,12463,12577,9378,0.83,0.99,10495.1,0.834467679,-44.67679097
5333,-1546,10341,12455,12474,12610,9381,0.83,0.99,10538,0.835685964,-56.85963521
5334,-1506,10315,12495,12456,12651,9381,0.83,0.99,10590.3,0.837111691,-71.11690775
5335,-1552,10427,12241,12481,12377,9382,0.84,0.99,10254.1,0.828480246,115.1975438
5336,-1523,10368,12417,12503,12573,9383,0.83,0.99,10488.9,0.834240038,-42.40038177
5337,-1524,10435,12469,12513,12617,9383,0.83,0.99,10554.1,0.836498375,-64.98375208
5338,-1521,10232,12254,12254,12391,9383,0.83,0.99,10271.3,0.82893229,10.67710435
5339,-1548,10233,11984,12405,12115,9385,0.82,0.99,9918.5,0.818695832,13.04168386
5340,-1532,10330,12471,12480,12621,9390,0.83,0.99,10557.3,0.836486808,-64.86807701
5341,-1539,10403,12452,12488,12596,9395,0.83,0.99,10530.8,0.836043188,-60.43188314
5342,-1537,10370,12401,12479,12534,9399,0.83,0.99,10461.2,0.834625818,-46.25817776
5343,-1533,10412,12475,12506,12615,9399,0.83,0.99,10559.5,0.837059057,-70.59056679
5344,-1520,10462,12320,12544,12447,9399,0.83,0.99,10354.1,0.831855065,-18.55065478
5345,-1551,10445,12307,12535,12428,9400,0.83,0.99,10335.4,0.831622144,-16.22143547
5346,-1555,10393,12494,12526,12626,9401,0.83,0.99,10581.8,0.838095992,-80.95992397
5347,-1574,10339,12448,12436,12572,9401,0.83,0.99,10519.6,0.83674833,-67.48329621
5348,-1571,10128,12463,12232,12596,9400,0.83,0.99,10541.8,0.836916481,-69.16481423
5349,-1565,10403,12412,12485,12536,9395,0.83,0.99,10472.8,0.835417996,-54.17996171
5350,-1539,10376,12412,12441,12537,9391,0.83,0.99,10473.1,0.835375289,-53.75289144
5351,-1550,10434,12486,12534,12603,9387,0.83,0.99,10566.9,0.838443228,-84.43227803
5352,-1568,10345,12533,12505,12648,9387,0.83,0.99,10627.4,0.840243517,-102.4351676
5353,-1591,10374,12465,12489,12577,9390,0.83,0.99,10538.1,0.837886618,-78.8661843
5354,-1554,10374,12492,12487,12606,9396,0.83,0.99,10573.8,0.838791052,-87.9105188
5355,-1573,10375,12462,12484,12571,9401,0.83,0.99,10533.3,0.837904701,-79.04701297
5356,-1570,10425,12292,12513,12392,9403,0.83,0.99,10309.6,0.831956101,-19.5610071
5357,-1570,10429,12267,12519,12369,9403,0.83,0.99,10277.7,0.830924084,-9.240844046
5358,-1590,10338,12409,12423,12512,9399,0.83,0.99,10462.6,0.836205243,-62.05242967
5359,-1622,10243,12286,12452,12386,9395,0.82,0.99,10301.8,0.831729372,-117.2937187
5360,-1580,10377,12428,12481,12528,9391,0.83,0.99,10486.4,0.837037037,-70.37037037
5361,-1590,10278,12466,12425,12576,9391,0.83,0.99,10538.8,0.838008906,-80.08905852
5361,-1586,10352,12547,12528,12644,9389,0.83,0.99,10640.2,0.84152167,-115.2167036
5363,-1596,10331,12531,12478,12633,9385,0.83,0.99,10620.9,0.840726668,-107.2666825
5364,-1590,10354,12518,12523,12616,9381,0.83,0.99,10602.8,0.840424857,-104.2485732
5365,-1628,10269,12259,12478,12345,9378,0.82,0.99,10262.5,0.831308222,-113.0822195
5366,-1604,10400,12306,12505,12391,9378,0.83,0.99,10323.3,0.833128884,-31.28883867
5367,-1613,10320,12457,12474,12537,9384,0.83,0.99,10518.1,0.838964665,-89.64664593
5368,-1602,10259,12490,12406,12589,9391,0.83,0.99,10566.7,0.839359759,-93.59758519
5369,-1598,10340,12420,12465,12510,9398,0.83,0.99,10473,0.837170264,-71.70263789
5370,-1608,10196,12423,12312,12500,9400,0.83,0.99,10473,0.83784,-78.4
5371,-1631,10400,12437,12519,12525,9399,0.83,0.99,10494.5,0.837884232,-78.84231537
5372,-1613,10386,12319,12497,12391,9395,0.83,0.99,10336.3,0.834178032,-41.78032443
5373,-1619,10304,12506,12470,12593,9392,0.83,0.99,10583.9,0.840458985,-104.5898515
5374,-1629,10284,12561,12485,12645,9390,0.82,0.99,10654.5,0.842586002,-225.8600237
5375,-1610,10307,12523,12479,12608,9390,0.83,0.99,10605.4,0.84116434,-111.643401
5376,-1639,10393,12479,12585,12555,9397,0.83,0.99,10545.5,0.839944245,-99.44245321
5376,-1627,10275,12556,12489,12629,9406,0.82,0.99,10644.7,0.842877504,-228.7750416
5378,-1649,10254,12468,12406,12545,9416,0.83,0.99,10531.5,0.839497808,-94.97807892
5379,-1623,10350,12342,12482,12421,9417,0.83,0.99,10368.3,0.834739554,-47.39553981
5380,-1634,10104,12623,12262,12702,9416,0.82,0.99,10733.6,0.845032278,-250.3227838
5381,-1629,10345,12516,12515,12589,9408,0.83,0.99,10592.7,0.841425054,-114.2505362
5382,-1643,10371,12315,12512,12380,9400,0.83,0.99,10329,0.834329564,-43.29563813
5383,-1650,10281,12523,12489,12593,9393,0.82,0.99,10600.9,0.841808941,-218.0894148
5384,-1651,10298,12577,12488,12647,9393,0.82,0.99,10671.1,0.84376532,-237.6531984
5385,-1665,10287,12538,12458,12609,9398,0.83,0.99,10620.7,0.842311048,-123.1104766
5386,-1649,10262,12534,12464,12602,9405,0.82,0.99,10614.6,0.842294874,-222.9487383
5387,-1659,10306,12495,12526,12565,9413,0.82,0.99,10564.5,0.840787903,-207.879029
5387,-1639,10088,12426,12170,12496,9416,0.83,0.99,10474.8,0.838252241,-82.52240717
5388,-1658,10257,11946,12465,12002,9416,0.82,1,9846.6,0.820413264,-4.132644559
5390,-1665,10302,12434,12467,12497,9416,0.83,0.99,10483.1,0.838849324,-88.49323838
5391,-1662,10319,12294,12466,12348,9417,0.83,1,10298.4,0.834013605,-40.13605442
5392,-1656,10327,12525,12521,12588,9418,0.82,0.99,10601.4,0.842183031,-221.8303146
5393,-1677,10308,12576,12509,12638,9418,0.82,1,10667.4,0.844073429,-240.7342934
5394,-1675,10310,12330,12457,12380,9417,0.83,1,10344,0.835541195,-55.41195477
5395,-1677,10345,12474,12522,12533,9416,0.83,1,10533.9,0.840493098,-104.9309822
5395,-1676,10362,12421,12515,12480,9415,0.83,1,10465,0.838541667,-85.41666667
5396,-1682,10319,12527,12538,12587,9415,0.82,1,10603.1,0.842385,-223.850004
5398,-1691,10147,12366,12265,12427,9414,0.83,1,10394.1,0.83641265,-64.12649875
5398,-1679,10363,12307,12539,12362,9410,0.83,1,10315.6,0.834460443,-44.60443294
5400,-1676,10261,12540,12498,12594,9406,0.82,1,10618.2,0.843115769,-231.1576941
5401,-1666,10304,12494,12483,12552,9401,0.83,1,10559.6,0.841268324,-112.6832377
5402,-1680,10262,12536,12496,12594,9401,0.82,1,10614.2,0.842798158,-227.9815785
5402,-1700,10241,12654,12506,12720,9405,0.82,0.99,10770,0.846698113,-266.9811321
5403,-1675,10309,12579,12534,12634,9415,0.82,1,10669.2,0.844483141,-244.8314073
5404,-1696,10232,12521,12473,12576,9425,0.82,1,10593.8,0.842382316,-223.8231552
5405,-1688,10214,12577,12457,12634,9431,0.82,1,10667.2,0.844324838,-243.2483774
5407,-1691,10279,12628,12498,12682,9431,0.82,1,10732.6,0.846286075,-262.8607475
5408,-1683,10100,12501,12213,12556,9425,0.83,1,10567.8,0.841653393,-116.533928
5409,-1680,10351,12446,12533,12501,9418,0.83,1,10496.3,0.839636829,-96.36829054
5410,-1686,10272,12484,12457,12544,9410,0.82,1,10547.2,0.840816327,-208.1632653
5411,-1705,10328,12433,12519,12488,9408,0.82,1,10479.4,0.839157591,-191.5759129
5412,-1707,10286,12528,12492,12583,9408,0.82,1,10602.9,0.842636891,-226.3689104
5413,-1687,10304,12541,12499,12602,9407,0.82,1,10621.6,0.842850341,-228.5034122
5413,-1686,10212,12594,12480,12650,9405,0.82,1,10689,0.844980237,-249.8023715
5414,-1708,10235,12578,12475,12639,9405,0.82,1,10669.7,0.844188623,-241.8862252
5416,-1689,10256,12546,12465,12608,9404,0.82,1,10628.4,0.842988579,-229.8857868
5416,-1688,10338,12335,12525,12384,9407,0.83,1,10350.2,0.835771964,-57.71963824
5418,-1686,10179,12594,12400,12655,9410,0.82,1,10690.5,0.844764915,-247.6491505
5419,-1692,10347,12470,12544,12527,9414,0.82,1,10528.1,0.840432665,-204.3266544
5420,-1691,10170,12562,12382,12622,9414,0.82,1,10648.6,0.843653938,-236.5393757
5421,-1676,10341,12523,12532,12584,9415,0.83,1,10598.2,0.84219644,-121.9643992
5421,-1715,10176,12278,12477,12329,9416,0.82,1,10276.7,0.833538811,-135.3881093
5422,-1691,10335,12519,12557,12585,9418,0.82,0.99,10594.5,0.841835518,-218.3551847
5423,-1724,10152,12259,12451,12310,9419,0.82,1,10252,0.832818846,-128.1884647
5424,-1704,10332,12490,12533,12552,9419,0.82,1,10555.6,0.840949649,-209.4964946
5426,-1706,10219,12583,12493,12648,9419,0.82,0.99,10677.4,0.844196711,-241.9671094
5426,-1704,10168,12564,12456,12630,9420,0.82,0.99,10653,0.843467933,-234.6793349
5428,-1702,10239,12504,12413,12570,9421,0.82,0.99,10575,0.841288783,-212.8878282
5429,-1714,10156,12117,12478,12175,9422,0.81,1,10069.5,0.827063655,-170.6365503
5430,-1693,10276,12373,12464,12435,9421,0.82,1,10403.5,0.836630478,-166.3047849
5430,-1708,10227,12575,12513,12639,9423,0.82,0.99,10666.7,0.843951262,-239.5126197
5431,-1682,10285,12537,12517,12608,9424,0.82,0.99,10619.4,0.842274746,-222.7474619
5432,-1696,10288,12451,12514,12519,9426,0.82,0.99,10506.7,0.839260324,-192.6032431
5433,-1695,10216,12598,12496,12668,9425,0.82,0.99,10698.4,0.844521629,-245.216293
5434,-1683,10307,12334,12501,12398,9425,0.82,0.99,10353.4,0.835086304,-150.8630424
5436,-1683,10333,12488,12543,12563,9425,0.82,0.99,10556.9,0.840316803,-203.1680331
5437,-1699,10241,12566,12529,12640,9425,0.82,0.99,10658,0.843196203,-231.9620253
5438,-1710,10109,12324,12259,12391,9425,0.82,0.99,10341.3,0.834581551,-145.8155113
5439,-1710,10205,12025,12472,12086,9425,0.82,0.99,9950.8,0.823332782,-33.32781731
5439,-1696,10199,12258,12379,12327,9428,0.82,0.99,10256.1,0.83200292,-120.0292042
5440,-1695,10265,12481,12504,12559,9431,0.82,0.99,10548.7,0.839931523,-199.3152321
5441,-1678,10302,12413,12503,12486,9434,0.82,0.99,10458.8,0.837642159,-176.4215922
5442,-1715,10211,12640,12508,12727,9435,0.82,0.99,10758.1,0.845297399,-252.9739923
5443,-1693,10217,12518,12462,12596,9434,0.82,0.99,10596.8,0.841282947,-212.8294697
5445,-1690,10323,12389,12531,12469,9431,0.82,0.99,10429.7,0.836450397,-164.5039698
5446,-1680,10313,12549,12539,12638,9428,0.82,0.99,10640.4,0.841937015,-219.3701535
5447,-1709,10268,12523,12489,12601,9427,0.82,0.99,10603.3,0.841464963,-214.649631
5448,-1697,10039,12555,12218,12640,9427,0.82,0.99,10647,0.842325949,-223.2594937
5448,-1680,10232,12485,12457,12575,9426,0.82,0.99,10557.5,0.839562624,-195.6262425
5449,-1685,10266,12354,12455,12441,9425,0.82,0.99,10386.3,0.834844466,-148.4446588
5450,-1668,10330,12475,12543,12573,9423,0.82,0.99,10546.9,0.838853098,-188.5309791
5451,-1687,10229,12509,12481,12599,9423,0.82,0.99,10588.7,0.840439717,-204.3971744
5453,-1704,10173,12201,12488,12289,9423,0.81,0.99,10187.7,0.829009683,-190.0968346
5454,-1683,10289,12412,12524,12503,9423,0.82,0.99,10462.9,0.836831161,-168.3116052
5455,-1677,10295,12477,12521,12582,9423,0.82,0.99,10551.6,0.838626609,-186.2660944
5455,-1691,10335,12441,12540,12534,9423,0.82,0.99,10501.2,0.837817137,-178.1713739
5457,-1653,10240,12533,12489,12641,9423,0.82,0.99,10625.3,0.840542679,-205.4267859
5457,-1676,10092,12533,12302,12646,9426,0.82,0.99,10626.8,0.840328958,-203.2895777
5458,-1656,10292,12419,12517,12522,9429,0.82,0.99,10475.6,0.836575627,-165.756269
5459,-1679,10251,12496,12514,12605,9432,0.82,0.99,10577.5,0.839151131,-191.511305
5461,-1690,10175,12504,12464,12615,9432,0.82,0.99,10588.5,0.839357907,-193.5790725
5461,-1687,10145,12555,12315,12663,9432,0.82,0.99,10653.9,0.841340914,-213.4091448
5463,-1657,10283,12430,12508,12547,9429,0.82,0.99,10494.1,0.836383199,-163.8319917
5464,-1657,10249,12492,12475,12611,9427,0.82,0.99,10575.3,0.838577432,-185.774324
5465,-1656,10240,12484,12487,12600,9424,0.82,0.99,10564,0.838412698,-184.1269841
5466,-1654,10340,12376,12537,12485,9424,0.82,0.99,10421.5,0.834721666,-147.21666
5466,-1651,10297,12438,12488,12551,9427,0.82,0.99,10503.3,0.836849653,-168.4965341
5467,-1646,10053,12285,12182,12394,9431,0.83,0.99,10303.2,0.83130547,-13.05470389
5468,-1643,10329,12287,12528,12401,9434,0.82,0.99,10307.3,0.831166841,-111.6684138
5469,-1645,10213,12312,12379,12429,9436,0.83,0.99,10340.7,0.831981656,-19.81655805
5471,-1630,9933,12296,12085,12429,9436,0.82,0.99,10324.7,0.830694344,-106.9434387
5472,-1639,10269,12388,12479,12517,9433,0.82,0.99,10443.1,0.834313334,-143.1333387
5473,-1647,10315,12485,12538,12618,9431,0.82,0.99,10570.4,0.837723887,-177.2388651
5474,-1618,10346,12455,12543,12594,9428,0.82,0.99,10533.2,0.836366524,-163.6652374
5474,-1610,10314,12481,12514,12621,9428,0.82,0.99,10567.3,0.837279138,-172.7913794
5475,-1634,10360,12314,12559,12444,9430,0.82,0.99,10347.2,0.831501125,-115.0112504
5476,-1653,10243,12438,12499,12577,9434,0.82,0.99,10511.1,0.835739843,-157.3984257
5477,-1618,10246,12383,12408,12526,9438,0.83,0.99,10440.8,0.833530257,-35.30257065
5478,-1613,10358,12249,12554,12395,9440,0.83,0.99,10267.5,0.828358209,16.41791045
5480,-1616,10340,12398,12521,12542,9440,0.83,0.99,10460.6,0.834045607,-40.45606761
5481,-1604,10350,12390,12530,12550,9439,0.83,0.99,10455,0.833067729,-30.67729084
5482,-1612,10333,12440,12541,12593,9439,0.82,0.99,10517.9,0.835217978,-152.1797824
5483,-1624,10360,12387,12545,12544,9438,0.83,0.99,10450.2,0.833083546,-30.83545918
5484,-1613,10294,12392,12489,12542,9437,0.82,0.99,10454.6,0.833567214,-135.6721416
5485,-1617,10295,12391,12492,12544,9438,0.82,0.99,10454.2,0.833402423,-134.0242347
5486,-1601,10315,12441,12511,12608,9441,0.82,0.99,10523.4,0.834660533,-146.6053299
5486,-1618,10248,12540,12532,12700,9443,0.82,0.99,10650,0.838582677,-185.8267717
5487,-1584,10122,12347,12231,12503,9444,0.83,0.99,10397.9,0.831632408,-16.32408222
5489,-1598,10268,12140,12424,12299,9444,0.83,0.99,10129.7,0.823619806,63.80193512
5490,-1598,10308,12488,12524,12658,9446,0.82,0.99,10585.4,0.836261653,-162.6165271
5491,-1617,10329,12438,12542,12609,9448,0.82,0.99,10520.7,0.834380205,-143.8020462
5492,-1593,10301,12379,12511,12546,9451,0.82,0.99,10442.8,0.832360912,-123.6091184
5493,-1597,10274,12370,12472,12534,9451,0.82,0.99,10430.2,0.832152545,-121.5254508
5493,-1586,10264,12466,12487,12640,9451,0.82,0.99,10558,0.83528481,-152.8481013
5495,-1588,10348,12261,12499,12431,9449,0.83,0.99,10290.3,0.82779342,22.06580323
5495,-1580,10249,12478,12502,12658,9447,0.82,0.99,10575.4,0.835471638,-154.7163849
5496,-1570,10318,12413,12516,12599,9445,0.82,0.99,10492.7,0.832820065,-128.2006508
5498,-1577,10113,12447,12224,12636,9446,0.83,0.99,10537.8,0.833950617,-39.50617284
5499,-1563,10338,12349,12508,12529,9446,0.83,0.99,10407.7,0.830688802,-6.888019794
5500,-1570,10389,12294,12551,12474,9446,0.83,0.99,10336.2,0.828619529,13.8047138
5501,-1572,10309,12401,12496,12587,9445,0.82,0.99,10477.1,0.832374672,-123.7467228
5501,-1547,10379,12439,12553,12629,9445,0.83,0.98,10527.7,0.833613113,-36.13112677
5503,-1562,10338,12472,12550,12671,9446,0.82,0.98,10573.3,0.834448741,-144.4874122
5504,-1545,10383,12375,12531,12571,9448,0.83,0.98,10446.3,0.830984011,-9.840108186
5504,-1550,10382,12309,12521,12497,9450,0.83,0.98,10358.1,0.828846923,11.53076738
5506,-1535,10395,12343,12532,12542,9452,0.83,0.98,10405.6,0.829660341,3.396587466
5507,-1554,10322,12426,12507,12628,9452,0.83,0.98,10514.4,0.832625911,-26.25910675
5508,-1559,10311,12327,12446,12528,9454,0.83,0.98,10385.4,0.828975096,10.24904215
5509,-1531,10367,12390,12496,12603,9458,0.83,0.98,10470.9,0.830825994,-8.25993811
5510,-1538,10312,12401,12516,12608,9463,0.82,0.98,10483.4,0.831487944,-114.8794416
5511,-1522,10386,12334,12544,12545,9464,0.83,0.98,10397.5,0.828816261,11.83738541
5511,-1518,10409,12376,12537,12579,9465,0.83,0.98,10449.7,0.830725813,-7.258128627
5512,-1537,10385,12292,12518,12499,9459,0.83,0.98,10341.7,0.827402192,25.97807825
5514,-1529,10341,12448,12554,12668,9453,0.82,0.98,10548.4,0.83268077,-126.8077045
5515,-1523,10224,12442,12399,12665,9447,0.82,0.98,10541.5,0.832333202,-123.3320174
5516,-1530,10327,12439,12488,12663,9448,0.83,0.98,10537.9,0.832180368,-21.80368001
5517,-1520,10310,12443,12509,12665,9450,0.82,0.98,10542.5,0.832412159,-124.1215949
5518,-1522,10224,12386,12351,12611,9456,0.83,0.98,10469.3,0.830172072,-1.720720006
5519,-1504,10433,12314,12559,12545,9463,0.83,0.98,10377.5,0.827222001,27.77999203
5520,-1506,10324,12356,12429,12580,9466,0.83,0.98,10430,0.8290938,9.06200318
5521,-1496,10399,12408,12539,12635,9466,0.83,0.98,10498.5,0.830906213,-9.062129007
5522,-1493,10427,12331,12551,12551,9460,0.83,0.98,10396.3,0.828324436,16.755637
5523,-1508,10379,12354,12529,12586,9454,0.83,0.98,10429.8,0.828682663,13.17336723
5524,-1471,10386,12346,12500,12575,9448,0.83,0.98,10418.5,0.828508946,14.91053678
5525,-1508,10432,12234,12541,12458,9447,0.83,0.98,10271.4,0.82448226,55.17739605
5526,-1506,10273,12457,12477,12693,9449,0.82,0.98,10564.9,0.83234066,-123.4066021
5527,-1478,10315,12375,12413,12613,9455,0.83,0.98,10458.9,0.829215888,7.841116309
5528,-1473,10082,12329,12125,12568,9461,0.83,0.98,10399.4,0.827450668,25.49331636
5529,-1482,10337,12069,12427,12306,9465,0.83,0.98,10060.8,0.817552413,124.4758654
5530,-1490,10297,12431,12491,12675,9465,0.82,0.98,10533.5,0.831045365,-110.4536489
5531,-1489,10413,12364,12546,12617,9467,0.83,0.98,10449.1,0.82817627,18.23729888
5532,-1485,10294,12421,12478,12665,9469,0.82,0.98,10520.5,0.830675089,-106.7508883
5533,-1493,10456,12210,12571,12445,9471,0.83,0.98,10243.5,0.823101647,68.98352752
5534,-1461,10356,12402,12537,12647,9472,0.83,0.98,10496.1,0.829928046,0.71953823
5535,-1446,10385,12330,12520,12579,9470,0.83,0.98,10403.7,0.827068924,29.31075602
5536,-1464,10337,12424,12506,12673,9460,0.83,0.98,10525.9,0.830576817,-5.768168547
5537,-1465,10341,12416,12529,12663,9451,0.83,0.98,10514.9,0.830364053,-3.640527521
5538,-1490,9985,12067,12105,12306,9444,0.82,0.98,10058.8,0.817389891,26.1010889
5539,-1467,10300,11938,12470,12168,9443,0.83,0.98,9888.4,0.812656147,173.4385273
5540,-1455,10403,12198,12471,12440,9447,0.83,0.98,10230,0.822347267,76.52733119
5541,-1450,10427,12366,12565,12616,9454,0.83,0.98,10450.8,0.828376665,16.23335447
5541,-1441,10330,12408,12442,12664,9461,0.83,0.98,10507.2,0.829690461,3.095388503
5543,-1449,10398,12426,12516,12690,9464,0.83,0.98,10533,0.830023641,-0.236406619
5544,-1454,10403,12405,12535,12664,9464,0.83,0.98,10504.2,0.829453569,5.464308275
5545,-1463,10343,12110,12524,12365,9466,0.83,0.98,10119.5,0.818398706,116.0129397
5546,-1445,10432,12450,12549,12714,9468,0.83,0.98,10564.2,0.830910807,-9.108069844
5547,-1447,10400,12371,12514,12633,9470,0.83,0.98,10460.9,0.828061426,19.38573577
5548,-1453,10323,12393,12415,12660,9470,0.83,0.98,10491,0.828672986,13.27014218
5549,-1441,10453,12312,12573,12571,9469,0.83,0.98,10383.3,0.825972476,40.27523666
5550,-1435,10230,12400,12318,12667,9466,0.83,0.98,10500.1,0.828933449,10.6655088
5551,-1414,10456,12344,12573,12611,9463,0.83,0.98,10427.3,0.826841646,31.58353818
5552,-1425,10518,12214,12596,12468,9462,0.84,0.98,10254.4,0.822457491,175.4250882
5553,-1430,10472,12233,12540,12490,9462,0.84,0.98,10280,0.823058447,169.4155324
5554,-1425,10490,12141,12557,12394,9464,0.84,0.98,10159.2,0.819686945,203.130547
5555,-1447,10356,12384,12456,12654,9466,0.83,0.98,10480.2,0.828212423,17.87577051
5556,-1430,10349,12364,12489,12627,9469,0.83,0.98,10452.1,0.827757979,22.42021066
5557,-1424,10471,12408,12567,12677,9469,0.83,0.98,10511.1,0.829147275,8.527254082
5558,-1426,10356,12400,12436,12660,9469,0.83,0.98,10498,0.829225908,7.740916272
5559,-1418,10495,12213,12552,12468,9472,0.84,0.98,10253.4,0.822377286,176.2271415
5560,-1413,10444,12346,12538,12618,9474,0.83,0.98,10431.4,0.826707878,32.92122365
5561,-1429,10510,12189,12554,12446,9475,0.84,0.98,10222.8,0.821372328,186.2767154
5562,-1419,10401,12432,12497,12702,9475,0.83,0.98,10542.6,0.829995276,0.047236656
5563,-1414,10510,12342,12570,12602,9477,0.84,0.98,10422.6,0.827059197,129.4080305
5564,-1417,10405,12404,12529,12677,9479,0.83,0.98,10507.1,0.828831743,11.68257474
5565,-1418,10483,12288,12541,12554,9480,0.84,0.98,10354.2,0.824772981,152.2701928
5566,-1427,10490,12416,12577,12682,9481,0.83,0.98,10520.6,0.829569469,4.305314619
5567,-1431,10493,12327,12553,12588,9479,0.84,0.98,10403.4,0.826453765,135.4623451
5568,-1409,10304,12354,12351,12614,9473,0.83,0.98,10438.2,0.827509117,24.90883146
5569,-1408,10510,12230,12553,12492,9468,0.84,0.98,10277.6,0.82273455,172.6544989
5570,-1409,10384,12200,12395,12458,9464,0.84,0.98,10237.4,0.82175309,182.4690962
5571,-1401,10470,12363,12518,12635,9464,0.84,0.98,10453.5,0.827344677,126.5532252
5572,-1393,10426,12381,12467,12636,9470,0.84,0.98,10471.8,0.828727445,112.7255461
5573,-1428,10449,12379,12520,12640,9478,0.83,0.98,10471,0.828401899,15.98101266
5574,-1406,10398,12416,12517,12684,9486,0.83,0.98,10521.2,0.829485967,5.140334279
5575,-1425,10480,12121,12508,12368,9487,0.84,0.98,10131.4,0.819162354,208.3764554
5576,-1412,10471,12355,12528,12614,9486,0.84,0.98,10439.2,0.827588394,124.1160615
5577,-1409,10423,12341,12450,12597,9480,0.84,0.98,10420.1,0.827189013,128.1098674
5578,-1403,10241,12367,12274,12634,9473,0.83,0.98,10457.2,0.827703024,22.96976413
5579,-1389,10500,12153,12536,12403,9469,0.84,0.98,10173.9,0.820277352,197.2264775
5580,-1403,10516,12336,12578,12601,9469,0.84,0.98,10416.3,0.826624871,133.7512896
5581,-1426,10430,12371,12500,12635,9467,0.83,0.98,10461.5,0.827977839,20.22160665
5582,-1402,10489,12335,12527,12589,9466,0.84,0.98,10411.7,0.827047422,129.5257765
5583,-1417,10441,12325,12532,12582,9464,0.83,0.98,10399.6,0.826545859,34.54140836
5584,-1416,10427,12402,12501,12662,9463,0.83,0.98,10500.6,0.829300269,6.9973148
5585,-1400,10503,12397,12543,12654,9466,0.84,0.98,10493.2,0.829239766,107.6023392
5586,-1401,10354,12397,12394,12654,9478,0.84,0.98,10493.2,0.829239766,107.6023392
5587,-1405,10462,12375,12515,12633,9489,0.84,0.98,10464.9,0.828378057,116.2194253
5588,-1404,10245,12144,12209,12390,9498,0.84,0.98,10161,0.820096852,199.031477
5589,-1397,10494,12140,12517,12393,9498,0.84,0.98,10157.9,0.819648188,203.5181151
5590,-1402,10542,12112,12564,12355,9494,0.84,0.98,10118.5,0.81898017,210.1983003
5591,-1396,10516,12341,12552,12590,9485,0.84,0.98,10418,0.827482129,125.1787133
5592,-1399,10474,12377,12537,12627,9475,0.84,0.98,10465.1,0.828787519,112.1248119
5593,-1390,10503,12377,12532,12628,9470,0.84,0.98,10465.4,0.828745645,112.543554
5594,-1400,10492,12398,12569,12645,9470,0.83,0.98,10491.5,0.829695532,3.044681692
5595,-1436,10395,12141,12525,12377,9475,0.83,0.98,10154.1,0.820400743,95.99256686
5596,-1402,10453,12400,12495,12638,9479,0.84,0.98,10491.4,0.830147175,98.52824814
5597,-1416,10562,12352,12604,12593,9484,0.84,0.98,10429.9,0.828229969,117.7003097
5598,-1404,10198,12417,12195,12663,9484,0.84,0.98,10515.9,0.830443023,95.5697702
5599,-1408,10406,11938,12537,12158,9484,0.83,0.98,9885.4,0.813077809,169.2219115
5600,-1449,10400,12359,12456,12599,9483,0.83,0.98,10438.7,0.828534011,14.65989364
5601,-1402,10454,12478,12530,12718,9482,0.83,0.98,10593.4,0.832945432,-29.45431672
5602,-1409,10449,12383,12501,12609,9481,0.84,0.98,10465.7,0.830018241,99.81759061
5603,-1432,10540,12350,12556,12592,9481,0.84,0.98,10427.6,0.828113088,118.8691233
5604,-1435,10406,12099,12524,12319,9483,0.83,0.98,10094.7,0.819441513,105.5848689
5605,-1418,10506,12305,12505,12534,9484,0.84,0.98,10365.2,0.826966651,130.3334929
5607,-1415,10553,12244,12564,12465,9486,0.84,0.98,10283.5,0.824989972,150.1002808
5607,-1441,10483,12342,12543,12565,9486,0.84,0.98,10411.5,0.828611222,113.8877835
5608,-1430,10327,12484,12366,12718,9489,0.84,0.98,10599.4,0.833417204,65.82796037
5609,-1400,10568,12375,12591,12603,9498,0.84,0.98,10455.9,0.829635801,103.64199
5610,-1411,10390,12422,12436,12656,9506,0.84,0.98,10518.8,0.831131479,88.6852086
5611,-1401,10549,12436,12577,12665,9511,0.84,0.98,10535.5,0.831859455,81.40544809
5612,-1410,10503,12380,12528,12601,9511,0.84,0.98,10460.3,0.830116657,98.83342592
5613,-1426,10451,12432,12536,12659,9509,0.83,0.98,10529.7,0.83179556,-17.95560471
5614,-1433,10509,12281,12510,12492,9507,0.84,0.98,10328.6,0.826817163,131.8283702
5616,-1418,10526,12215,12523,12422,9505,0.84,0.98,10241.6,0.82447271,155.2729029
5616,-1418,10541,12345,12571,12560,9505,0.84,0.98,10413,0.82906051,109.3949045
5617,-1436,10575,12194,12586,12395,9504,0.84,0.98,10212.5,0.823920936,160.7906414
5618,-1418,10380,12360,12367,12575,9503,0.84,0.98,10432.5,0.829622266,103.777336
5619,-1408,10494,12420,12512,12634,9501,0.84,0.98,10510.2,0.831898053,81.01947127
5620,-1422,10540,12365,12572,12572,9500,0.84,0.98,10436.6,0.830146357,98.53643016
5621,-1421,10583,12385,12588,12599,9500,0.84,0.98,10464.7,0.830597666,94.02333519
5622,-1422,10482,12429,12556,12635,9501,0.83,0.98,10519.5,0.832568263,-25.68262762
5623,-1431,10478,12470,12546,12676,9502,0.84,0.98,10572.8,0.834080151,59.19848533
5624,-1417,10481,12380,12504,12581,9503,0.84,0.98,10454.3,0.830959383,90.40616803
5626,-1446,10427,12477,12547,12682,9504,0.83,0.98,10581.6,0.834379435,-43.7943542
5626,-1427,10512,12467,12564,12674,9504,0.84,0.98,10569.2,0.833927726,60.72273947
5627,-1449,10550,12348,12570,12541,9503,0.84,0.98,10410.3,0.830101268,98.98732159
5628,-1443,10517,12246,12513,12440,9503,0.84,0.98,10278,0.826205788,137.9421222
5629,-1449,10399,12107,12513,12299,9503,0.83,0.98,10096.7,0.820936662,90.63338483
5630,-1423,10529,12438,12558,12641,9503,0.84,0.98,10530.3,0.83302745,69.7254964
5631,-1428,10507,12504,12543,12707,9502,0.84,0.98,10616.1,0.8354529,45.47100024
5633,-1414,10550,12411,12560,12606,9501,0.84,0.98,10492.8,0.83236554,76.34459781
5634,-1447,10467,12479,12526,12682,9500,0.84,0.98,10583.6,0.834537139,54.62860748
5634,-1431,10487,12376,12528,12561,9500,0.84,0.99,10444.3,0.831486347,85.13653372
5635,-1435,10556,12243,12553,12428,9500,0.84,0.99,10271.4,0.826472481,135.2751851
5636,-1458,10422,12481,12508,12677,9496,0.83,0.98,10584.1,0.834905735,-49.05734795
5637,-1428,10574,12480,12569,12676,9493,0.84,0.98,10582.8,0.834869044,51.30956138
5638,-1425,10248,12478,12241,12672,9490,0.84,0.98,10579.6,0.834880051,51.19949495
5640,-1431,10448,12076,12532,12263,9490,0.83,0.98,10054.9,0.819938025,100.6197505
5640,-1427,10575,12282,12568,12459,9491,0.84,0.99,10319.7,0.8282928,117.0719961
5642,-1429,10470,12507,12543,12689,9494,0.83,0.99,10613.7,0.836448893,-64.48892742
5642,-1433,10522,12446,12526,12629,9497,0.84,0.99,10534.7,0.834167393,58.32607491
5643,-1445,10504,12469,12545,12658,9499,0.84,0.99,10566.4,0.834760626,52.39374309
5644,-1442,10456,12469,12525,12653,9499,0.83,0.99,10564.9,0.834971943,-49.71943413
5645,-1441,10484,12501,12555,12688,9497,0.84,0.99,10607.4,0.836018285,39.81715006
5646,-1448,10530,12506,12567,12690,9494,0.84,0.99,10613,0.836327817,36.72182821
5647,-1438,10566,12338,12546,12503,9492,0.84,0.99,10388.9,0.830912581,90.87419019
5648,-1442,10453,12478,12493,12658,9491,0.84,0.99,10575.4,0.835471638,45.28361511
5650,-1429,10555,12339,12542,12514,9492,0.84,0.99,10393.2,0.830525811,94.74188908
5651,-1433,10474,12527,12512,12703,9495,0.84,0.99,10637.9,0.837432103,25.67897347
5651,-1432,10544,12449,12583,12624,9498,0.84,0.99,10536.2,0.834616603,53.83396705
5653,-1440,10417,12505,12503,12679,9500,0.83,0.99,10608.7,0.836714252,-67.14251913
5653,-1471,10519,12486,12546,12663,9500,0.84,0.99,10584.9,0.835891969,41.08031272
5654,-1440,10479,12510,12552,12685,9502,0.83,0.99,10615.5,0.836854553,-68.54552621
5655,-1471,10542,12526,12606,12696,9503,0.84,0.99,10634.8,0.837649653,23.50346566
5656,-1435,10529,12486,12550,12655,9505,0.84,0.99,10582.5,0.836230739,37.69261162
5658,-1430,10536,12266,12514,12423,9505,0.84,0.99,10292.9,0.82853578,114.6421959
5659,-1450,10479,12447,12439,12619,9506,0.84,0.99,10532.7,0.834669942,53.30057849
5660,-1460,10407,12166,12493,12321,9509,0.83,0.99,10162.3,0.824795065,52.04934664
5660,-1449,10413,12492,12441,12656,9512,0.84,0.99,10588.8,0.836662453,33.37547408
5662,-1468,10576,12449,12574,12616,9515,0.84,0.99,10533.8,0.834955612,50.44388079
5663,-1437,10509,12536,12573,12701,9515,0.84,0.99,10646.3,0.838225337,17.74663412
5663,-1458,10480,12494,12553,12657,9518,0.83,0.99,10591.1,0.836778067,-67.78067473
5664,-1482,10472,12514,12527,12678,9523,0.84,0.99,10617.4,0.837466477,25.33522638
5665,-1463,10500,12507,12534,12671,9528,0.84,0.99,10608.3,0.837210954,27.89045853
5667,-1427,10575,12544,12604,12705,9530,0.84,0.99,10655.5,0.838685557,13.14443133
5668,-1461,10555,12517,12570,12671,9530,0.84,0.99,10618.3,0.838000158,19.99842159
5669,-1445,10383,12439,12376,12602,9524,0.84,0.99,10519.6,0.834756388,52.43612125
5670,-1427,10550,12419,12537,12570,9518,0.84,0.99,10490,0.834526651,54.73349244
5671,-1453,10262,12200,12312,12339,9511,0.83,0.99,10201.7,0.826784991,32.1500932
5671,-1429,10520,12466,12508,12623,9511,0.84,0.99,10552.9,0.836005704,39.94296126
5672,-1437,10559,12408,12544,12555,9511,0.84,0.99,10474.5,0.834289128,57.10872162
5673,-1445,10523,12537,12541,12698,9509,0.84,0.99,10646.4,0.838431249,15.68750984
5675,-1441,10512,12500,12492,12650,9508,0.84,0.99,10595,0.837549407,24.50592885
5676,-1434,10597,12405,12575,12551,9508,0.84,0.99,10470.3,0.834220381,57.79619154
5677,-1460,10583,12402,12572,12546,9508,0.84,0.99,10465.8,0.834194165,58.05834529
5678,-1465,10531,12533,12574,12680,9509,0.84,0.99,10637,0.838880126,11.19873817
5679,-1444,10439,12238,12376,12381,9510,0.84,0.99,10252.3,0.8280672,119.3280026
5680,-1421,10496,12376,12445,12525,9511,0.84,0.99,10433.5,0.833013972,69.86027944
5680,-1440,10413,12258,12344,12396,9511,0.84,0.99,10276.8,0.829041626,109.5837367
5681,-1444,10486,12506,12472,12647,9513,0.84,0.99,10600.1,0.83815134,18.48659761
5683,-1426,10551,12539,12563,12683,9518,0.84,0.99,10643.9,0.839225735,7.742647639
5684,-1454,10469,12593,12525,12735,9522,0.84,0.99,10713.5,0.841264232,-12.6423243
5685,-1427,10560,12574,12591,12724,9525,0.84,0.99,10691.2,0.840238919,-2.389185791
5686,-1450,10513,12501,12486,12640,9525,0.84,0.99,10593,0.838053797,19.46202532
5687,-1443,10449,12589,12484,12728,9523,0.84,0.99,10707.4,0.841247643,-12.47642992
5688,-1430,10605,12511,12602,12650,9520,0.84,0.99,10606,0.838418972,15.81027668
5689,-1442,10296,12289,12188,12422,9517,0.84,0.99,10315.6,0.830429882,95.70117533
5690,-1464,10517,12073,12558,12200,9516,0.84,0.99,10033,0.822377049,176.2295082
5691,-1447,10556,12531,12533,12667,9516,0.84,0.99,10631.1,0.839275282,7.247177706
5692,-1445,10624,12319,12580,12447,9517,0.84,0.99,10353.1,0.831774725,82.25275167
5693,-1420,10583,12511,12570,12648,9518,0.84,0.99,10605.4,0.838504111,14.95888678
5694,-1442,10574,12561,12566,12698,9519,0.84,0.99,10670.4,0.84032131,-3.213104426
5695,-1439,10579,12519,12544,12648,9519,0.84,0.99,10613.4,0.839136622,8.633776091
5696,-1436,10551,12541,12513,12683,9522,0.84,0.99,10645.9,0.839383427,6.165733659
5697,-1446,10504,12571,12526,12708,9526,0.84,0.99,10683.4,0.840683034,-6.830343091
5698,-1442,10469,12571,12511,12707,9529,0.84,0.99,10683.1,0.840725584,-7.255843236
5699,-1445,10265,12592,12220,12724,9530,0.84,0.99,10709.2,0.841653568,-16.5356806
5699,-1439,10523,12514,12536,12644,9529,0.84,0.99,10607.2,0.838911737,10.88263208
5701,-1444,10620,12495,12582,12626,9527,0.84,0.99,10582.8,0.838175194,18.24805956
5702,-1430,10598,12488,12548,12621,9524,0.84,0.99,10574.3,0.837833769,21.66230885
5703,-1430,10612,12540,12595,12666,9522,0.84,0.99,10639.8,0.840028423,-0.284225486
5704,-1443,10536,12586,12526,12723,9522,0.84,0.99,10702.9,0.841224554,-12.24553957
5705,-1421,10650,12299,12583,12419,9521,0.85,0.99,10324.7,0.831363234,186.3676625
5706,-1445,10559,12483,12535,12616,9519,0.84,0.99,10567.8,0.837650602,23.4939759
5707,-1437,10565,12523,12576,12651,9517,0.84,0.99,10618.3,0.839324955,6.75045451
5708,-1431,10647,12513,12584,12637,9516,0.85,0.99,10604.1,0.839131123,108.6887711
5709,-1443,10344,12561,12276,12692,9516,0.84,0.99,10668.6,0.840576741,-5.767412543
5710,-1396,10676,12512,12615,12637,9513,0.85,0.99,10603.1,0.83905199,109.4800981
5711,-1430,10543,12327,12453,12442,9509,0.85,0.99,10359.6,0.83263141,173.6859026
5712,-1421,10651,12472,12583,12597,9505,0.85,0.99,10551.1,0.837588315,124.1168532
5713,-1417,10569,12556,12566,12690,9506,0.84,0.99,10663,0.840267928,-2.67927502
5714,-1448,10567,12522,12553,12655,9506,0.84,0.99,10618.5,0.839075464,9.245357566
5715,-1420,10660,12294,12593,12408,9507,0.85,0.99,10316.4,0.831431335,185.6866538
5716,-1433,10648,12467,12582,12584,9507,0.85,0.99,10542.2,0.837746345,122.5365544
5717,-1441,10626,12551,12548,12676,9507,0.85,0.99,10653.8,0.84047018,95.29820133
5718,-1428,10693,12343,12624,12457,9508,0.85,0.99,10380.1,0.833274464,167.2553584
5719,-1420,10531,12383,12433,12502,9508,0.85,0.99,10433.6,0.834554471,154.4552872
5720,-1423,10627,12361,12544,12476,9507,0.85,0.99,10403.8,0.833905098,160.9490221
5721,-1422,10637,12535,12563,12653,9507,0.85,0.99,10630.9,0.840188098,98.11902316
5722,-1421,10655,12489,12592,12610,9507,0.85,0.99,10572,0.838382236,116.1776368
5723,-1428,10636,12479,12583,12589,9512,0.85,0.99,10555.7,0.83848598,115.1402018
5724,-1438,10570,12564,12535,12683,9523,0.84,0.99,10668.9,0.841196878,-11.9687771
5725,-1431,10638,12403,12562,12513,9535,0.85,0.99,10456.9,0.83568289,143.1711021
5726,-1441,10600,12505,12538,12623,9542,0.85,0.99,10591.9,0.839095302,109.0469777
5727,-1440,10628,12343,12544,12449,9542,0.85,0.99,10377.7,0.833617158,163.82842
5728,-1429,10510,12620,12533,12731,9535,0.84,0.99,10739.3,0.843555102,-35.5510172
5729,-1424,10550,12551,12496,12661,9526,0.84,0.99,10649.3,0.841110497,-11.10496801
5730,-1445,10492,12049,12519,12143,9518,0.84,0.99,9991.9,0.822852672,171.4732768
5731,-1420,10584,12364,12478,12472,9516,0.85,0.99,10405.6,0.83431687,156.8313021
5732,-1429,10582,12547,12521,12662,9518,0.85,0.99,10645.6,0.840751856,92.48144053
5733,-1417,10716,12530,12644,12646,9524,0.85,0.99,10623.8,0.840091729,99.0827139
5734,-1418,10689,12439,12615,12554,9531,0.85,0.99,10505.2,0.83680102,131.989804
5735,-1420,10526,12320,12407,12417,9536,0.85,0.99,10345.1,0.83314005,168.5995007
5736,-1439,10696,12345,12612,12446,9536,0.85,0.99,10378.8,0.833906476,160.9352402
5737,-1423,10658,12325,12564,12425,9539,0.85,0.99,10352.5,0.833199195,168.0080483
5738,-1432,10643,12583,12607,12686,9544,0.84,0.99,10688.8,0.842566609,-25.6660886
5739,-1423,10387,12357,12243,12456,9548,0.85,0.99,10393.8,0.834441233,155.5876686
5740,-1428,10545,12186,12559,12290,9549,0.84,0.99,10173,0.827746135,122.5386493
5741,-1431,10677,12423,12579,12525,9548,0.85,0.99,10480.5,0.836766467,132.3353293
5742,-1434,10620,12539,12586,12641,9542,0.84,0.99,10631.3,0.841017325,-10.17324579
5743,-1419,10600,12568,12539,12673,9537,0.85,0.99,10669.9,0.841939557,80.60443462
5744,-1452,10621,12561,12583,12660,9532,0.84,0.99,10659,0.841943128,-19.43127962
5745,-1432,10662,12367,12573,12463,9532,0.85,0.99,10405.9,0.834943433,150.5656744
5746,-1435,10640,12578,12582,12677,9535,0.85,0.99,10681.1,0.842557387,74.42612606
5747,-1439,10625,12387,12529,12470,9539,0.85,0.99,10428,0.836246993,137.5300722
5748,-1446,10640,12533,12588,12633,9543,0.85,0.99,10622.9,0.840884984,91.15016227
5749,-1449,10271,12544,12197,12648,9545,0.84,0.99,10638.4,0.841113219,-11.13219481
5750,-1417,10669,12440,12573,12529,9545,0.85,0.99,10498.7,0.837951951,120.4804853
5751,-1427,10537,12523,12414,12624,9544,0.85,0.99,10610.2,0.840478454,95.21546261
5752,-1427,10620,12532,12538,12626,9543,0.85,0.99,10619.8,0.841105655,88.94345002
5753,-1418,10562,12590,12486,12688,9541,0.85,0.99,10696.4,0.843032787,69.67213115
5754,-1439,10657,12508,12609,12593,9541,0.85,0.99,10585.9,0.840617804,93.82196458
5755,-1436,10625,12518,12576,12603,9541,0.84,0.99,10598.9,0.840982306,-9.823058002
5756,-1444,10608,12549,12533,12636,9540,0.85,0.99,10639.8,0.842022792,79.77207977
5757,-1441,10641,12533,12606,12622,9539,0.84,0.99,10619.6,0.841356362,-13.56361908
5759,-1466,10557,12589,12549,12671,9538,0.84,0.99,10690.3,0.843682424,-36.82424434
5759,-1467,10458,12296,12336,12379,9538,0.85,0.99,10309.7,0.832837871,171.6212941
5760,-1430,10697,12472,12620,12545,9533,0.85,0.99,10535.5,0.83981666,101.8333998
5761,-1449,10682,12421,12593,12491,9528,0.85,0.99,10468.3,0.838067409,119.3259147
5762,-1457,10614,12582,12584,12656,9522,0.84,0.99,10678.8,0.843773704,-37.73704172
5763,-1444,10593,12570,12520,12647,9522,0.85,0.99,10664.1,0.843211829,67.88171108
5764,-1462,10700,12475,12622,12546,9526,0.85,0.99,10538.8,0.840012753,99.87246931
5765,-1474,10632,12624,12592,12696,9537,0.84,0.99,10732.8,0.84536862,-53.68620038
5766,-1476,10652,12425,12566,12484,9548,0.85,1,10470.2,0.838689523,113.1047741
5768,-1479,10622,12596,12589,12664,9555,0.84,0.99,10695.2,0.844535692,-45.35691725
5768,-1485,10656,12590,12591,12654,9556,0.85,0.99,10686.2,0.84449186,55.08139719
5769,-1476,10368,12540,12279,12603,9555,0.84,1,10620.9,0.842727922,-27.27921923
5770,-1493,10520,12316,12567,12363,9553,0.84,1,10324.9,0.835145191,48.54808703
5771,-1475,10568,12497,12504,12551,9552,0.85,1,10562.3,0.841550474,84.49525934
5772,-1494,10488,12629,12505,12690,9552,0.84,1,10736,0.846020489,-60.20488574
5773,-1512,10480,12665,12497,12716,9552,0.84,1,10779.8,0.847735137,-77.35136835
5775,-1520,10554,12664,12565,12714,9551,0.84,1,10778.2,0.847742646,-77.42645902
5776,-1496,10559,12595,12557,12642,9551,0.84,1,10687.6,0.845404208,-54.04208195
5776,-1492,10521,12751,12562,12796,9551,0.84,1,10889.8,0.851031572,-110.3157237
5777,-1509,10577,12658,12599,12700,9551,0.84,1,10768,0.847874016,-78.74015748
5778,-1501,10628,12582,12586,12621,9552,0.84,1,10668.3,0.845281673,-52.81673401
5779,-1509,10537,12614,12485,12656,9553,0.84,1,10710.8,0.846302149,-63.02149178
5780,-1555,10473,12324,12535,12348,9555,0.84,1,10328.4,0.836443149,35.56851312
5781,-1522,10528,12652,12519,12679,9555,0.84,1,10755.7,0.848308226,-83.08226201
5782,-1524,10587,12659,12621,12688,9554,0.84,1,10765.4,0.848470996,-84.70996217
5784,-1538,10528,12707,12582,12742,9549,0.84,1,10829.6,0.849913671,-99.13671323
5785,-1544,10578,12621,12593,12641,9544,0.84,1,10713.3,0.847504153,-75.04153152
5785,-1536,10535,12670,12555,12694,9540,0.84,1,10778.2,0.849078305,-90.78304711
5787,-1523,10658,12671,12642,12680,9540,0.84,1,10775,0.849763407,-97.6340694
5787,-1537,10515,12674,12537,12696,9539,0.84,1,10782.8,0.849306868,-93.06868305
5788,-1557,10586,12550,12575,12559,9537,0.84,1,10617.7,0.845425591,-54.25591209
5789,-1544,10312,12614,12242,12621,9535,0.84,1,10700.3,0.84781713,-78.1713018
5790,-1562,10492,12678,12560,12681,9534,0.84,1,10782.3,0.850272061,-102.7206056
5791,-1585,10328,12714,12333,12717,9534,0.84,1,10829.1,0.851545176,-115.4517575
5793,-1554,10584,12683,12623,12689,9540,0.84,1,10789.7,0.850319174,-103.1917409
5794,-1573,10576,12495,12573,12489,9546,0.84,1,10541.7,0.844078789,-40.78789335
5795,-1588,10517,12621,12529,12616,9551,0.84,1,10705.8,0.848589093,-85.89093215
5795,-1603,10553,12646,12603,12644,9551,0.84,1,10739.2,0.849351471,-93.51471053
5797,-1590,10481,12725,12565,12720,9551,0.83,1,10841,0.852279874,-222.7987421
5797,-1581,10586,12604,12589,12595,9551,0.84,1,10682.5,0.848154029,-81.54029377
5798,-1626,10475,12790,12552,12777,9551,0.83,1,10923.1,0.854903342,-249.0334194
5799,-1602,10393,12714,12426,12704,9551,0.84,1,10825.2,0.852109572,-121.0957179
5800,-1609,10543,12487,12561,12464,9551,0.84,1,10526.2,0.844528241,-45.28241335
5802,-1610,10489,12551,12499,12522,9550,0.84,1,10607.6,0.847117074,-71.1707395
5803,-1659,10533,12612,12586,12586,9549,0.84,1,10687.8,0.84918163,-91.81630383
5804,-1610,10566,12691,12604,12670,9548,0.84,1,10792,0.851775848,-117.7584846
5805,-1664,10542,12666,12625,12640,9548,0.84,1,10758,0.851107595,-111.0759494
5806,-1640,10466,12741,12563,12708,9551,0.83,1,10853.4,0.854060434,-240.6043437
5806,-1644,10523,12708,12600,12675,9556,0.84,1,10810.5,0.852899408,-128.9940828
5807,-1649,10542,12714,12643,12674,9562,0.83,1,10816.2,0.853416443,-234.1644311
5809,-1658,10540,12508,12600,12453,9565,0.84,1,10543.9,0.846695575,-66.95575363
5810,-1676,10348,12758,12466,12716,9565,0.83,1,10872.8,0.855048757,-250.4875747
5811,-1681,10323,12701,12492,12649,9561,0.83,1,10795.7,0.853482489,-234.8248873
5812,-1679,10436,12681,12543,12636,9557,0.83,1,10771.8,0.852469136,-224.691358
5813,-1693,10421,12728,12552,12674,9553,0.83,1,10830.2,0.854521067,-245.2106675
5813,-1681,10505,12708,12606,12647,9551,0.83,1,10802.1,0.854123508,-241.2350755
5814,-1711,10389,12715,12524,12666,9551,0.83,1,10814.8,0.853844939,-238.4493921
5815,-1724,10506,12542,12617,12469,9551,0.83,1.01,10582.7,0.848720828,-187.2082765
5817,-1729,10377,12820,12567,12756,9551,0.83,1.01,10946.8,0.858168705,-281.6870492
5818,-1727,10370,12780,12580,12711,9551,0.82,1.01,10893.3,0.856997876,-369.9787586
5819,-1744,10481,12687,12625,12619,9550,0.83,1.01,10772.7,0.853688882,-236.8888184
5820,-1731,10299,12809,12440,12738,9554,0.83,1.01,10930.4,0.858093892,-280.9389229
5821,-1739,10449,12577,12579,12496,9560,0.83,1.01,10625.8,0.850336108,-203.3610755
5822,-1741,10317,12764,12467,12684,9566,0.83,1.01,10869.2,0.856922107,-269.2210659
5822,-1768,10352,12764,12567,12680,9569,0.82,1.01,10868,0.857097792,-370.977918
5824,-1765,10467,12591,12631,12499,9569,0.83,1.01,10640.7,0.851324106,-213.2410593
5825,-1771,10412,12788,12588,12701,9567,0.83,1.01,10898.3,0.858066294,-280.6629399
5826,-1790,10322,12798,12576,12715,9565,0.82,1.01,10912.5,0.858238301,-382.3830122
5827,-1798,10439,12728,12612,12640,9563,0.83,1.01,10820,0.856012658,-260.1265823
5828,-1800,10368,12544,12531,12448,9563,0.83,1.01,10578.4,0.849807198,-198.0719794
5829,-1796,10354,12764,12559,12669,9562,0.82,1.01,10864.7,0.857581498,-375.8149815
5830,-1806,9985,12803,12151,12706,9559,0.82,1.01,10914.8,0.859027231,-390.2723123
5831,-1828,10227,12423,12537,12322,9556,0.82,1.01,10419.6,0.845609479,-256.0947898
5832,-1815,10379,12745,12613,12644,9555,0.82,1.01,10838.2,0.857181272,-371.8127175
5833,-1819,10374,12770,12601,12666,9554,0.82,1.01,10869.8,0.858187273,-381.8727301
5834,-1833,10273,12776,12494,12659,9562,0.82,1.01,10873.7,0.858969903,-389.6990284
5835,-1861,10213,12853,12536,12742,9569,0.81,1.01,10975.6,0.861371841,-513.7184116
5836,-1897,10140,12497,12459,12371,9577,0.81,1.01,10508.3,0.849430119,-394.3011883
5837,-1863,10361,12548,12609,12429,9577,0.82,1.01,10576.7,0.850969507,-309.695068
5838,-1883,10247,12760,12532,12642,9575,0.82,1.01,10852.6,0.858455941,-384.5594052
5839,-1876,10270,12852,12591,12730,9573,0.82,1.01,10971,0.861822467,-418.2246661
5840,-1892,10080,12848,12340,12724,9571,0.82,1.01,10965.2,0.861773027,-417.7302735
5841,-1890,10288,12347,12616,12224,9569,0.82,1.01,10314.2,0.843766361,-237.6636126
5842,-1896,10268,12559,12532,12417,9570,0.82,1.01,10584.1,0.852387855,-323.8785536
5843,-1904,10311,12811,12624,12674,9564,0.82,1.01,10913.2,0.861069907,-410.699069
5844,-1910,10292,12837,12627,12696,9558,0.82,1.01,10945.8,0.862145558,-421.4555766
5845,-1938,10315,12593,12621,12455,9551,0.82,1.01,10629.5,0.853432356,-334.3235648
5846,-1927,10136,12892,12517,12751,9550,0.81,1.01,11017.3,0.864034193,-540.341934
5847,-1988,10130,12575,12538,12428,9553,0.81,1.01,10603.4,0.853186353,-431.863534
5848,-1973,10149,12882,12545,12742,9562,0.81,1.01,11004.6,0.863647779,-536.47779
5849,-1942,10295,12801,12651,12657,9570,0.81,1.01,10898.1,0.86103342,-510.3342024
5850,-1960,9882,12868,12179,12731,9575,0.81,1.01,10987.3,0.863035111,-530.3511115
5851,-1975,10088,12531,12534,12375,9575,0.8,1.01,10543.5,0.852,-520
5852,-1960,10113,12826,12447,12679,9576,0.81,1.01,10929.7,0.862031706,-520.3170597
5853,-1965,10245,12840,12599,12683,9576,0.81,1.01,10944.9,0.862958291,-529.5829063
5854,-1984,10142,12883,12572,12734,9577,0.81,1.01,11003.2,0.864080415,-540.8041464
5855,-2003,10268,12805,12639,12651,9577,0.81,1.01,10900.3,0.861615683,-516.1568255
5856,-1995,10212,12833,12616,12679,9576,0.81,1.01,10936.7,0.8625838,-525.8379998
5857,-2007,10189,12682,12567,12525,9574,0.81,1.01,10739.5,0.85744511,-474.4510978
5858,-2015,10134,12869,12601,12710,9571,0.8,1.01,10982,0.86404406,-640.440598
5859,-2016,10079,12924,12544,12766,9569,0.8,1.01,11053.8,0.865878114,-658.7811374
5860,-2042,9914,12548,12398,12388,9569,0.8,1.01,10564.4,0.852793026,-527.9302551
5861,-2021,10150,12784,12577,12623,9571,0.81,1.01,10870.9,0.861197814,-511.9781352
5862,-2038,10175,12789,12610,12621,9573,0.81,1.01,10875.3,0.861682909,-516.8290944
5863,-2051,10155,12801,12618,12648,9575,0.8,1.01,10895.4,0.861432638,-614.3263757
5864,-2041,10129,12833,12591,12667,9575,0.8,1.01,10933.1,0.86311676,-631.1676009
5865,-2070,10079,12903,12595,12738,9575,0.8,1.01,11024.4,0.865473387,-654.7338672
5866,-2055,10086,12873,12588,12713,9570,0.8,1.01,10986.9,0.864225596,-642.2559585
5867,-2067,10137,12743,12592,12572,9565,0.81,1.01,10814.6,0.860213172,-502.1317213
5868,-2069,10089,12840,12580,12681,9560,0.8,1.01,10944.3,0.863047078,-630.4707831
5869,-2079,10080,12875,12571,12706,9560,0.8,1.01,10986.8,0.864693845,-646.9384543
5870,-2069,10023,12819,12482,12656,9566,0.8,1.01,10915.8,0.8625,-625
5871,-2095,10124,12601,12604,12424,9576,0.8,1.01,10628.2,0.85545718,-554.5717965
5872,-2099,9958,12647,12405,12473,9586,0.8,1.01,10688.9,0.85696304,-569.6304017
5873,-2096,10077,12853,12625,12688,9590,0.8,1.01,10959.4,0.863761034,-637.6103405
5874,-2094,10086,12775,12610,12609,9590,0.8,1.01,10857.7,0.861107146,-611.0714569
5875,-2128,9988,12892,12570,12726,9589,0.79,1.01,11009.8,0.865142229,-751.4222851
5876,-2135,9987,12893,12581,12721,9588,0.79,1.01,11009.3,0.865442968,-754.4296832
5877,-2143,9938,12915,12545,12743,9588,0.79,1.01,11037.9,0.866193204,-761.9320411
5878,-2148,9948,12857,12566,12687,9588,0.79,1.01,10963.1,0.864120754,-741.2075353
5879,-2131,10038,12869,12606,12702,9587,0.8,1.01,10979.6,0.864399307,-643.993072
5880,-2136,9904,12785,12411,12620,9584,0.8,1.01,10871,0.86141046,-614.1045959
5881,-2119,10057,12632,12598,12471,9580,0.8,1.01,10673.3,0.855849571,-558.49571
5882,-2132,9869,12848,12407,12684,9578,0.8,1.01,10953.2,0.863544623,-635.4462315
5883,-2128,10048,12780,12633,12616,9578,0.8,1.01,10864.8,0.861192137,-611.9213697
5885,-2153,9931,12872,12592,12713,9578,0.79,1.01,10985.9,0.864146936,-741.4693621
5885,-2156,10038,12743,12594,12587,9578,0.8,1.01,10819.1,0.859545563,-595.4556288
5886,-2185,9909,12953,12590,12795,9578,0.79,1.01,11091.5,0.866862055,-768.6205549
5887,-2159,10034,12714,12607,12557,9578,0.8,1.01,10781.1,0.858572908,-585.7290754
5888,-2164,10051,12668,12640,12514,9579,0.8,1.01,10722.2,0.856816366,-568.1636567
5889,-2158,9962,12853,12586,12704,9581,0.79,1.01,10964.2,0.863051008,-730.5100756
5890,-2162,9829,12680,12363,12527,9584,0.8,1.01,10738.1,0.857196456,-571.9645566
5892,-2165,9925,12339,12599,12195,9585,0.79,1.01,10297.5,0.844403444,-544.0344403
5893,-2206,9836,12552,12545,12405,9585,0.78,1.01,10573.5,0.85235792,-723.5792019
5893,-2154,9988,12854,12616,12712,9579,0.79,1.01,10967.6,0.86277533,-727.753304
5894,-2169,9870,12894,12567,12754,9571,0.79,1.01,11020.2,0.864058335,-740.5833464
5895,-2215,10025,12675,12652,12541,9563,0.79,1.01,10737.3,0.856175744,-661.7574356
5896,-2189,9807,12587,12533,12450,9561,0.78,1.01,10622,0.853172691,-731.7269076
5897,-2209,9992,12633,12618,12498,9563,0.79,1.01,10682.4,0.854728757,-647.287566
5898,-2176,9926,12721,12557,12586,9567,0.79,1.01,10796.8,0.857842047,-678.4204672
5899,-2182,10010,12631,12654,12501,9570,0.79,1.01,10681.3,0.854435645,-644.3564515
5901,-2189,9614,12818,12199,12706,9573,0.79,1.01,10929.8,0.860207776,-702.0777585
5902,-2157,9974,12656,12617,12542,9573,0.79,1.01,10718.6,0.854616489,-646.164886
5902,-2174,9930,12587,12561,12473,9576,0.79,1.01,10628.9,0.85215265,-621.5264972
5903,-2178,9862,12839,12535,12727,9580,0.79,1.01,10957.1,0.860933449,-709.3344857
5904,-2180,9845,12840,12577,12736,9584,0.78,1.01,10960.8,0.860615578,-806.1557789
5905,-2206,9937,12781,12610,12691,9586,0.79,1.01,10888.3,0.857954456,-679.5445591
5906,-2169,9969,12715,12635,12615,9586,0.79,1.01,10799.5,0.856084027,-660.8402695
5908,-2157,9929,12699,12598,12612,9583,0.79,1.01,10782.6,0.854947669,-649.4766889
5909,-2160,9989,12738,12650,12655,9580,0.79,1.01,10834.5,0.856143817,-661.4381667
5910,-2153,9945,12770,12645,12687,9577,0.79,1.01,10876.1,0.85726334,-672.6334043
5910,-2198,9779,12535,12534,12450,9577,0.78,1.01,10570,0.848995984,-689.9598394
5912,-2152,9966,12674,12625,12604,9578,0.79,1.01,10755.2,0.853316407,-633.1640749
5912,-2150,9742,12736,12397,12676,9578,0.79,1,10838.8,0.855064689,-650.6468918
5914,-2159,9983,12672,12651,12613,9579,0.79,1,10755.9,0.852763022,-627.6302228
5914,-2130,9890,12738,12562,12685,9580,0.79,1,10843.5,0.854828538,-648.2853764
5915,-2145,10018,12729,12701,12686,9580,0.79,1,10834.8,0.854075359,-640.7535866
5917,-2143,9816,12752,12541,12711,9581,0.78,1,10865.3,0.854795059,-747.950594
5917,-2162,9860,12698,12575,12664,9581,0.78,1,10797.2,0.852590019,-725.9001895
5919,-2130,9832,12804,12573,12772,9581,0.78,1,10935.6,0.856216724,-762.1672408
5920,-2153,10018,12529,12700,12496,9581,0.79,1,10577.8,0.846494878,-564.9487836
5921,-2124,9948,12436,12621,12405,9582,0.79,1,10457.5,0.843006852,-530.0685208
5922,-2115,9907,12661,12582,12655,9585,0.79,1,10757.5,0.850059265,-600.5926511
5922,-2120,9924,12727,12635,12721,9587,0.79,1,10843.3,0.85239368,-623.9367974
5923,-2142,9791,12404,12561,12390,9589,0.78,1,10421,0.841081517,-610.8151735
5925,-2112,9923,12694,12651,12697,9588,0.78,1,10803.1,0.850838781,-708.3878081
5925,-2106,9893,12722,12595,12732,9587,0.79,1,10841.6,0.85152372,-615.2371976
5927,-2090,9884,12663,12546,12679,9585,0.79,1,10766.7,0.849175803,-591.7580251
5927,-2108,9940,12721,12635,12753,9583,0.79,1,10846.9,0.850537129,-605.3712852
5929,-2092,9975,12635,12646,12667,9583,0.79,1,10735.1,0.847485592,-574.8559248
5930,-2064,9893,12691,12594,12726,9581,0.79,1,10808.8,0.849347792,-593.4779192
5931,-2074,9824,12729,12558,12772,9576,0.78,1,10860.6,0.850344504,-703.445036
5932,-2069,9944,12492,12581,12547,9571,0.79,1,10556.1,0.841324619,-513.2461943
5933,-2051,9819,12651,12507,12712,9567,0.79,1,10764.6,0.846806167,-568.061674
5934,-2044,10007,12505,12658,12556,9568,0.79,1,10571.8,0.841971966,-519.7196559
5935,-2038,9955,12590,12646,12659,9574,0.79,0.99,10687.7,0.844276799,-542.7679912
5936,-2037,9887,12627,12591,12708,9582,0.79,0.99,10739.4,0.845089707,-550.8970727
5937,-2020,9815,12635,12499,12725,9590,0.79,0.99,10752.5,0.844990177,-549.9017682
5938,-2008,9929,12461,12542,12546,9592,0.79,0.99,10524.8,0.83889686,-488.9685956
5939,-2020,9874,12643,12582,12738,9592,0.78,0.99,10764.4,0.845062019,-650.6201916
5940,-2024,9984,12480,12612,12574,9591,0.79,0.99,10552.2,0.839207889,-492.078893
5941,-2011,10045,12606,12726,12718,9590,0.79,0.99,10721.4,0.843009907,-530.0990722
5942,-1979,9871,12260,12613,12378,9589,0.78,0.99,10273.4,0.829972532,-499.7253191
5943,-2003,9774,12549,12462,12675,9589,0.78,0.99,10651.5,0.84035503,-603.5502959
5944,-1982,9870,12335,12589,12457,9587,0.78,0.99,10372.1,0.832632255,-526.3225496
5945,-1964,9946,12556,12581,12696,9584,0.79,0.99,10664.8,0.840012602,-500.1260239
5946,-1966,9998,12361,12603,12497,9581,0.79,0.99,10410.1,0.833007922,-430.079219
5947,-1958,9940,12516,12568,12670,9580,0.79,0.99,10617,0.837963694,-479.6369376
5948,-1948,9985,12475,12611,12639,9580,0.79,0.99,10566.7,0.836039244,-460.3924361
5949,-1917,10003,12432,12609,12594,9586,0.79,0.99,10510.2,0.834540257,-445.4025727
5950,-1944,9948,12572,12610,12755,9592,0.79,0.99,10698.5,0.83876911,-487.6911015
5951,-1915,10018,12497,12667,12677,9598,0.79,0.99,10600.1,0.836167863,-461.6786306
5952,-1873,9993,12324,12545,12512,9598,0.8,0.98,10377.6,0.829411765,-294.1176471
5953,-1875,10100,12377,12683,12579,9598,0.8,0.98,10450.7,0.83080531,-308.0531044
5954,-1865,9979,12494,12585,12704,9596,0.79,0.98,10605.2,0.834792191,-447.9219144
5955,-1839,10020,12513,12611,12741,9593,0.79,0.98,10635.3,0.834730398,-447.3039793
5956,-1856,9963,12514,12553,12737,9592,0.79,0.98,10635.1,0.834976839,-449.7683913
5957,-1846,9955,12544,12558,12782,9592,0.79,0.98,10678.6,0.835440463,-454.4046315
5958,-1851,10097,12237,12640,12476,9594,0.8,0.98,10279.8,0.823966015,-239.6601475
5959,-1814,10068,12453,12650,12705,9597,0.8,0.98,10564.5,0.831523022,-315.2302243
5960,-1777,10054,12491,12631,12757,9599,0.8,0.98,10618.1,0.832335189,-323.3518852
5961,-1788,10052,12437,12623,12704,9599,0.8,0.98,10548.2,0.830305416,-303.0541562
5962,-1781,10003,11927,12582,12184,9597,0.8,0.98,9882.2,0.811080105,-110.8010506
5963,-1772,9821,12460,12351,12753,9592,0.8,0.98,10585.9,0.830071356,-300.7135576
5964,-1765,10153,12292,12650,12578,9588,0.8,0.98,10365.4,0.82408968,-240.8968039
5965,-1734,10091,12364,12603,12672,9585,0.8,0.98,10465.6,0.825883838,-258.8383838
5966,-1722,9972,12445,12483,12761,9585,0.8,0.98,10573.3,0.828563592,-285.6359219
5967,-1677,10151,12384,12637,12711,9584,0.8,0.97,10497.3,0.825843757,-258.4375738
5968,-1654,10112,12336,12561,12665,9584,0.81,0.97,10435.5,0.823963679,-139.6367943
5969,-1687,10167,12282,12618,12611,9583,0.81,0.97,10365.3,0.821925303,-119.2530331
5970,-1643,10142,12367,12613,12724,9583,0.8,0.97,10484.2,0.82397045,-239.7044954
5971,-1626,10185,12312,12614,12669,9584,0.81,0.97,10412.7,0.82190386,-119.0385982
5972,-1614,10167,12302,12555,12672,9587,0.81,0.97,10403.6,0.820991162,-109.9116162
5973,-1636,9984,12361,12442,12739,9590,0.8,0.97,10482.7,0.822882487,-228.8248685
5974,-1624,10271,12131,12670,12500,9592,0.81,0.97,10181,0.81448,-44.8
5975,-1590,10145,12375,12605,12762,9592,0.8,0.97,10503.6,0.823037142,-230.3714151
5976,-1581,10211,12312,12666,12715,9594,0.81,0.97,10426.5,0.820015729,-100.1572945
5977,-1575,10178,12303,12582,12710,9596,0.81,0.97,10416,0.819512195,-95.12195122
5978,-1535,10213,12300,12651,12711,9599,0.81,0.97,10413.3,0.819235308,-92.35308001
5979,-1537,10243,12231,12632,12643,9599,0.81,0.97,10323.9,0.816570434,-65.70434232
5980,-1494,10222,12267,12559,12704,9598,0.81,0.97,10378.2,0.816923804,-69.23803526
5981,-1503,10274,12220,12627,12645,9595,0.81,0.97,10313.5,0.815618822,-56.18821669
5982,-1500,10147,12026,12570,12467,9591,0.81,0.96,10066.1,0.807419588,25.80412288
5983,-1460,10271,12094,12572,12526,9588,0.82,0.97,10151.8,0.810458247,95.41753153
5984,-1474,10259,12183,12605,12639,9588,0.81,0.96,10274.7,0.81293615,-29.36150012
5985,-1441,10335,12139,12617,12588,9591,0.82,0.96,10215.4,0.811518907,84.81093105
5986,-1458,10251,12277,12595,12743,9596,0.81,0.96,10399.9,0.816126501,-61.26500824
5987,-1435,10326,12145,12611,12609,9601,0.82,0.96,10227.7,0.811142834,88.57165517
5988,-1400,10356,12167,12622,12648,9604,0.82,0.96,10261.4,0.811306135,86.93864643
5989,-1390,10364,12202,12597,12694,9604,0.82,0.96,10310.2,0.812210493,77.89506854
5990,-1381,10291,12265,12591,12764,9602,0.82,0.96,10394.2,0.814337198,56.6280163
5991,-1377,10431,12075,12661,12565,9600,0.82,0.96,10144.5,0.807361719,126.3828094
5992,-1343,10409,11856,12630,12345,9597,0.82,0.96,9859.5,0.798663426,213.3657351
5993,-1349,10355,11964,12548,12465,9598,0.83,0.96,10003.5,0.802527076,274.7292419
5994,-1331,10441,11981,12632,12487,9599,0.83,0.96,10027.1,0.803003123,269.9687675
5995,-1305,10375,12222,12620,12753,9602,0.82,0.96,10347.9,0.81140908,85.90919784
5996,-1296,10352,12190,12613,12735,9606,0.82,0.96,10310.5,0.80961916,103.808402
5997,-1309,10435,12173,12617,12723,9607,0.83,0.96,10289.9,0.808763656,212.3634363
5999,-1296,10360,12145,12537,12694,9607,0.83,0.96,10253.2,0.807720183,222.7981724
6000,-1259,10468,12122,12625,12677,9603,0.83,0.96,10225.1,0.806586732,234.1326812
6000,-1232,10464,12102,12602,12666,9598,0.83,0.96,10201.8,0.805447655,245.5234486
6001,-1256,10572,11987,12705,12543,9594,0.83,0.96,10049.9,0.801235749,287.6425098
6002,-1221,10532,11904,12639,12466,9594,0.83,0.95,9943.8,0.797673672,323.2632761
6003,-1211,10524,11889,12626,12458,9594,0.83,0.95,9926.4,0.796789212,332.1078825
6004,-1202,10526,11985,12627,12559,9596,0.83,0.95,10052.7,0.800437933,295.6206704
6005,-1198,10490,12079,12618,12674,9597,0.83,0.95,10181.2,0.803313871,266.8612908
6006,-1159,10549,12119,12662,12722,9599,0.83,0.95,10235.6,0.804559032,254.409684
6008,-1156,10579,11939,12638,12532,9599,0.84,0.95,9998.6,0.797845515,421.5448452
6008,-1145,10599,11956,12648,12557,9598,0.84,0.95,10023.1,0.798208171,417.9182926
6009,-1124,10612,12013,12652,12615,9597,0.84,0.95,10097.5,0.800435989,395.640111
6010,-1109,10586,12002,12602,12612,9595,0.84,0.95,10085.6,0.799682842,403.1715826
6011,-1126,10626,12045,12679,12664,9595,0.84,0.95,10144.2,0.801026532,389.734681
6012,-1068,10589,11981,12604,12605,9596,0.84,0.95,10062.5,0.798294328,417.0567235
6013,-1071,10608,12098,12622,12735,9602,0.84,0.95,10218.5,0.802394974,376.0502552
6014,-1079,10592,12111,12604,12756,9608,0.84,0.95,10237.8,0.802587018,374.1298213
6016,-1051,10551,12070,12588,12715,9612,0.84,0.95,10184.5,0.800983091,390.1690916
6017,-1043,10691,11930,12656,12568,9612,0.84,0.95,10000.4,0.795703374,442.9662635
6018,-1048,10709,12040,12662,12692,9613,0.85,0.95,10147.6,0.799527261,504.7273873
6018,-1031,10493,12056,12392,12714,9615,0.85,0.95,10170.2,0.799921347,500.7865345
6019,-998,10640,11995,12581,12641,9616,0.85,0.95,10087.3,0.797982755,520.1724547
6020,-1007,10640,12031,12598,12697,9617,0.84,0.95,10140.1,0.798621722,413.7827833
6021,-980,10727,11974,12640,12631,9616,0.85,0.95,10063.3,0.796714433,532.8556726
6022,-993,10580,11787,12581,12436,9614,0.84,0.95,9817.8,0.789466066,505.3393374
6023,-965,10775,12038,12681,12703,9611,0.85,0.95,10148.9,0.798937259,510.6274108
6024,-988,10361,11768,12340,12410,9609,0.84,0.95,9791,0.788960516,510.3948429
6026,-973,10740,11876,12603,12534,9610,0.85,0.95,9936.2,0.792739748,572.6025211
6027,-948,10721,12108,12622,12784,9611,0.85,0.95,10243.2,0.801251564,487.4843554
6027,-942,10713,12010,12635,12674,9612,0.85,0.95,10112.2,0.797869654,521.3034559
6028,-932,10819,11842,12665,12497,9613,0.85,0.95,9891.1,0.791477955,585.2204529
6029,-911,10734,12093,12602,12771,9613,0.85,0.95,10224.3,0.800587268,494.1273197
6030,-916,10690,12104,12560,12778,9613,0.85,0.95,10237.4,0.801173893,488.2610737
6031,-897,10858,12064,12702,12740,9614,0.85,0.95,10186,0.799529042,504.7095761
6033,-893,10628,12120,12549,12805,9614,0.85,0.95,10261.5,0.801366654,486.3334635
6034,-891,10633,11642,12503,12288,9615,0.85,0.95,9628.4,0.783561198,664.3880208
6035,-922,10643,11848,12521,12506,9615,0.85,0.95,9899.8,0.79160403,583.9596993
6036,-868,10825,12086,12654,12773,9614,0.86,0.95,10217.9,0.799960855,600.3914507
6036,-872,10858,11851,12622,12503,9611,0.86,0.95,9901.9,0.791961929,680.3807086
6037,-865,10870,12002,12636,12671,9608,0.86,0.95,10103.3,0.797356168,626.4383237
6038,-854,10728,12110,12550,12788,9606,0.85,0.95,10246.4,0.801251173,487.4882703
6039,-862,10770,11825,12628,12483,9606,0.85,0.95,9869.9,0.790667308,593.3269246
6041,-846,10852,12081,12633,12754,9608,0.86,0.95,10207.2,0.800313627,596.863729
6041,-842,10871,12116,12679,12791,9609,0.86,0.95,10253.3,0.801602689,583.9731061
6043,-842,10744,11896,12538,12551,9611,0.86,0.95,9961.3,0.793665843,663.3415664
6044,-841,10773,12019,12467,12686,9612,0.86,0.95,10124.8,0.798108151,618.9184928
6045,-841,10949,12004,12663,12659,9613,0.86,0.95,10101.7,0.797985623,620.1437712
6046,-831,10950,12000,12666,12649,9614,0.86,0.95,10094.7,0.798063088,619.3691201
6046,-840,10945,11954,12645,12604,9615,0.87,0.95,10035.2,0.796191685,738.0831482
6047,-841,10932,12070,12650,12724,9616,0.86,0.95,10187.2,0.800628733,593.712669
6048,-830,10929,12007,12635,12636,9616,0.86,0.95,10097.8,0.799129471,608.7052865
6049,-819,10908,12042,12608,12677,9615,0.87,0.95,10145.1,0.800276091,697.2390944
6050,-812,10882,12153,12645,12802,9614,0.86,0.95,10293.6,0.804061865,559.3813467
6052,-835,11036,12169,12750,12807,9613,0.87,0.95,10311.1,0.805114391,648.8560943
6053,-821,10920,12009,12598,12626,9612,0.87,0.95,10096.8,0.799683193,703.1680659
6054,-853,10746,12110,12459,12730,9613,0.86,0.95,10229,0.803534957,564.6504321
6055,-823,10937,12188,12642,12811,9615,0.87,0.95,10331.3,0.806439778,635.6022168
6055,-813,10988,12066,12645,12679,9618,0.87,0.95,10169.7,0.80209007,679.0992981
6056,-839,10968,12143,12631,12748,9620,0.87,0.95,10267.4,0.805412614,645.8738626
6057,-823,10867,12200,12574,12809,9620,0.86,0.95,10342.7,0.807455695,525.4430479
6059,-825,11017,11928,12662,12503,9616,0.87,0.95,9978.9,0.798120451,718.7954891
6060,-827,10971,12071,12652,12643,9611,0.87,0.95,10163.9,0.80391521,660.8479
6061,-828,10928,12194,12618,12771,9606,0.87,0.95,10325.3,0.808495811,615.0418918
6062,-852,11090,12156,12743,12727,9604,0.87,0.96,10274.1,0.807268013,627.3198711
6063,-848,10970,12139,12607,12697,9605,0.87,0.96,10248.1,0.807127668,628.7233205
6063,-857,10808,12156,12487,12698,9611,0.87,0.96,10265.4,0.808426524,615.7347614
6065,-862,11033,12117,12664,12634,9616,0.87,0.96,10207.2,0.80791515,620.848504
6065,-869,11008,12164,12638,12678,9621,0.87,0.96,10267.4,0.809859599,601.4040069
6067,-881,10922,12232,12596,12751,9621,0.87,0.96,10357.3,0.812273547,577.2645283
6068,-873,11030,12234,12665,12744,9619,0.87,0.96,10357.2,0.812711864,572.8813559
6069,-909,10832,12281,12549,12774,9617,0.86,0.96,10413.2,0.815187099,448.1290121
6070,-914,10891,12224,12575,12712,9614,0.87,0.96,10337.6,0.813215859,567.8414097
6071,-889,11010,12238,12632,12715,9613,0.87,0.96,10352.5,0.814195832,558.0416831
6072,-911,11132,12204,12770,12662,9613,0.87,0.96,10302.6,0.813662928,563.3707155
6072,-921,10859,12283,12589,12740,9616,0.86,0.96,10405,0.816718995,432.8100471
6074,-926,10999,12277,12643,12715,9619,0.87,0.97,10391.5,0.817263075,527.3692489
6074,-955,10952,12248,12585,12678,9623,0.87,0.97,10351.4,0.81648525,535.1474996
6076,-953,10909,12383,12592,12808,9622,0.87,0.97,10525.4,0.82178326,482.1673954
6077,-954,11006,12337,12681,12748,9620,0.87,0.97,10461.4,0.820630687,493.6931283
6078,-967,10908,12408,12636,12816,9614,0.86,0.97,10552.8,0.82340824,365.917603
6079,-982,10989,12213,12647,12591,9608,0.87,0.97,10290.3,0.817274244,527.2575649
6080,-1007,11053,12250,12695,12618,9604,0.87,0.97,10335.4,0.819099699,509.0030116
6081,-1010,10960,12340,12642,12704,9605,0.87,0.97,10451.2,0.822670025,473.2997481
6082,-997,11012,12236,12649,12585,9612,0.87,0.97,10311.5,0.819348431,506.5156933
6083,-1017,10812,12448,12566,12810,9621,0.86,0.97,10591,0.826775956,332.2404372
6083,-1022,10816,12328,12477,12667,9630,0.87,0.97,10428.1,0.823249388,467.5061183
6084,-1054,10883,12503,12630,12835,9631,0.86,0.97,10653.5,0.83003506,299.6493962
6085,-1047,10937,12414,12612,12720,9631,0.87,0.98,10530,0.827830189,421.6981132
6087,-1074,10893,12458,12598,12758,9629,0.86,0.98,10585.4,0.829706851,302.931494
6088,-1101,10903,12478,12638,12768,9627,0.86,0.98,10608.4,0.830858396,291.4160401
6089,-1093,10861,12478,12613,12752,9626,0.86,0.98,10603.6,0.831524467,284.7553325
6090,-1135,10871,12492,12629,12759,9626,0.86,0.98,10619.7,0.83233012,276.6988008
6091,-1117,10891,12495,12626,12748,9619,0.86,0.98,10619.4,0.833024788,269.752118
6091,-1135,10839,12555,12600,12797,9611,0.86,0.98,10694.1,0.835672423,243.2757678
6093,-1153,10797,12593,12611,12823,9603,0.86,0.98,10739.9,0.837549715,224.5028464
6093,-1174,10901,12378,12616,12577,9602,0.86,0.98,10451.1,0.83096923,290.3077045
6095,-1206,10970,12345,12708,12524,9603,0.86,0.99,10402.2,0.830581284,294.1871607
6096,-1223,10884,12519,12671,12702,9609,0.86,0.99,10629.6,0.836844591,231.554086
6097,-1244,10898,12565,12662,12739,9615,0.86,0.99,10686.7,0.838896303,211.0369731
6098,-1256,10796,12687,12654,12851,9620,0.85,0.99,10842.3,0.843693098,63.06902187
6099,-1275,10847,12460,12613,12592,9620,0.86,0.99,10537.6,0.836848793,231.5120712
6100,-1283,10878,12438,12660,12556,9622,0.86,0.99,10504.8,0.836635871,233.641287
6101,-1331,10682,12399,12584,12498,9624,0.85,0.99,10448.4,0.836005761,139.9423908
6102,-1345,10798,12719,12645,12819,9626,0.85,0.99,10864.7,0.847546611,24.533895
6103,-1378,10767,12582,12648,12662,9626,0.85,0.99,10680.6,0.843516032,64.83967778
6104,-1378,10567,12713,12415,12788,9626,0.85,0.99,10849.4,0.848404754,15.95245543
6105,-1406,10694,12460,12630,12498,9622,0.85,1,10509.4,0.840886542,91.13458153
6106,-1423,10783,12594,12654,12635,9618,0.85,1,10684.5,0.845627226,43.7277404
6107,-1474,10739,12744,12638,12770,9613,0.85,1,10875,0.851605325,-16.0532498
6108,-1472,10647,12800,12609,12812,9613,0.84,1,10943.6,0.854167968,-141.6796753
6109,-1494,10736,12596,12612,12590,9614,0.85,1,10673,0.847736299,22.6370135
6110,-1506,10650,12739,12591,12722,9617,0.85,1,10855.6,0.853293507,-32.9350731
6111,-1514,10642,12855,12626,12827,9619,0.84,1,11003.1,0.857807749,-178.0774928
6112,-1548,10660,12859,12633,12821,9620,0.84,1,11005.3,0.858380782,-183.8078153
6113,-1549,10729,12674,12668,12620,9620,0.85,1,10760,0.852614897,-26.14896989
6114,-1586,10634,12805,12627,12726,9622,0.84,1.01,10922.8,0.858305831,-183.0583058
6115,-1593,10539,12817,12497,12736,9625,0.84,1.01,10937.8,0.858809673,-188.0967337
6116,-1638,10586,12784,12590,12692,9628,0.84,1.01,10891.6,0.858146864,-181.4686417
6117,-1640,10556,12879,12630,12772,9628,0.84,1.01,11010.6,0.862088945,-220.8894457
6118,-1659,10493,12897,12536,12779,9626,0.84,1.01,11030.7,0.863189608,-231.8960795
6119,-1675,10562,12925,12649,12793,9621,0.84,1.01,11062.9,0.864761979,-247.6197921
6120,-1710,10617,12919,12671,12769,9615,0.84,1.01,11049.7,0.865353591,-253.5359073
6121,-1747,10489,12652,12651,12490,9611,0.83,1.01,10699,0.856605284,-266.0528423
6122,-1766,10517,12852,12627,12673,9611,0.83,1.01,10953.9,0.864349404,-343.4940425
6123,-1775,10591,12877,12693,12695,9619,0.83,1.01,10985.5,0.865340685,-353.4068531
6124,-1825,10360,12523,12565,12314,9628,0.82,1.02,10517.2,0.854084782,-340.8478155
6125,-1808,10437,12997,12588,12792,9637,0.83,1.02,11134.6,0.870434647,-404.3464665
6126,-1840,10592,12901,12719,12686,9639,0.83,1.02,11006.8,0.867633612,-376.3361186
6127,-1882,10483,12930,12626,12699,9637,0.83,1.02,11039.7,0.869336168,-393.361682
6128,-1877,10476,13038,12653,12799,9628,0.83,1.02,11177.7,0.873326041,-433.260411
6129,-1878,10382,13027,12625,12770,9620,0.82,1.02,11158,0.873766641,-537.6664056
6130,-1926,10431,13033,12643,12763,9613,0.83,1.02,11161.9,0.874551438,-445.5143775
6131,-1936,10420,12887,12617,12600,9612,0.83,1.02,10967,0.870396825,-403.968254
6132,-1959,10459,12889,12670,12586,9616,0.83,1.02,10964.8,0.871190211,-411.9021135
6133,-1977,10285,13088,12631,12783,9620,0.81,1.02,11222.9,0.877955097,-679.5509661
6134,-2003,10423,12937,12673,12613,9624,0.82,1.03,11020.9,0.873773091,-537.7309126
6135,-2057,10226,12820,12591,12478,9626,0.81,1.03,10863.4,0.870604264,-606.042635
6136,-2058,10259,13144,12635,12791,9625,0.81,1.03,11281.3,0.881971699,-719.7169885
6137,-2112,10201,13220,12603,12857,9621,0.81,1.03,11377.1,0.884895388,-748.9538773
6138,-2116,10256,13241,12626,12868,9617,0.81,1.03,11401.4,0.886027355,-760.2735468
6139,-2109,10266,13105,12632,12713,9614,0.81,1.03,11218.9,0.882474632,-724.7463227
6140,-2148,10218,13193,12626,12791,9614,0.81,1.03,11330.3,0.885802517,-758.025174
6141,-2177,10309,12985,12653,12572,9614,0.81,1.03,11056.6,0.879462297,-694.6229717
6142,-2177,10329,13224,12750,12804,9615,0.81,1.03,11365.2,0.887628866,-776.2886598
6143,-2213,10089,13282,12584,12853,9616,0.8,1.03,11437.9,0.88990119,-899.0119038
6144,-2229,10272,13018,12676,12571,9616,0.81,1.04,11089.3,0.882133482,-721.3348182
6145,-2266,10206,13198,12626,12745,9616,0.81,1.04,11321.5,0.888309141,-783.0914084
6146,-2258,10248,13102,12676,12635,9621,0.81,1.04,11192.5,0.885833004,-758.3300356
6147,-2288,10098,13266,12615,12796,9627,0.8,1.04,11404.8,0.891278525,-912.7852454
6148,-2313,10123,13257,12612,12784,9633,0.8,1.04,11392.2,0.891129537,-911.2953692
6149,-2302,10219,13226,12699,12737,9633,0.8,1.04,11347.1,0.890876973,-908.769726
6150,-2332,10088,13260,12610,12759,9631,0.8,1.04,11387.7,0.892522925,-925.2292499
6151,-2341,10162,13081,12659,12575,9626,0.8,1.04,11153.5,0.88695825,-869.582505
6152,-2365,10239,13259,12788,12745,9622,0.8,1.04,11382.5,0.893095332,-930.953315
6153,-2393,9963,13283,12576,12759,9621,0.79,1.04,11410.7,0.894325574,-1043.255741
6154,-2393,10059,13185,12577,12646,9621,0.8,1.04,11278.8,0.891886763,-918.8676261
6155,-2442,10140,13140,12707,12602,9629,0.8,1.04,11220.6,0.890382479,-903.8247897
6156,-2441,9978,13320,12646,12777,9637,0.79,1.04,11453.1,0.896384128,-1063.841277
6157,-2454,10043,13191,12609,12642,9645,0.8,1.04,11283.6,0.892548647,-925.4864737
6158,-2473,10048,13230,12651,12671,9645,0.79,1.04,11331.3,0.894270381,-1042.703812
6159,-2494,9965,13330,12663,12765,9643,0.79,1.04,11459.5,0.897728163,-1077.281629
6160,-2523,9951,13267,12612,12698,9639,0.79,1.04,11376.4,0.895920617,-1059.206174
6161,-2535,9925,13383,12647,12798,9634,0.78,1.05,11522.4,0.900328176,-1203.281763
6162,-2554,9883,13441,12636,12849,9632,0.78,1.05,11595.7,0.902459335,-1224.593354
6163,-2565,10010,13123,12682,12534,9631,0.79,1.05,11183.2,0.892229137,-1022.291367
6164,-2570,9810,13359,12489,12747,9632,0.79,1.05,11483.1,0.900847258,-1108.472582
6165,-2606,9934,13075,12632,12470,9633,0.79,1.05,11116,0.891419407,-1014.194066
6166,-2632,9930,13362,12714,12746,9633,0.78,1.05,11485.8,0.901129766,-1211.297662
6167,-2633,9897,13376,12638,12750,9633,0.78,1.05,11501,0.902039216,-1220.392157
6168,-2638,9883,13376,12664,12760,9635,0.78,1.05,11504,0.901567398,-1215.673981
6169,-2658,9828,13424,12628,12791,9643,0.78,1.05,11561.3,0.903862091,-1238.620905
6170,-2681,9838,13464,12667,12825,9651,0.78,1.05,11611.5,0.905380117,-1253.80117
6171,-2674,9775,13448,12635,12806,9657,0.77,1.05,11589.8,0.905028893,-1350.288927
6172,-2693,9851,13492,12687,12844,9657,0.78,1.05,11645.2,0.90666459,-1266.645905
6173,-2704,9759,13335,12610,12695,9654,0.77,1.05,11443.5,0.901417881,-1314.178811
6174,-2712,9734,13419,12607,12768,9649,0.77,1.05,11549.4,0.904558271,-1345.582707
6175,-2733,9783,13376,12638,12731,9643,0.77,1.05,11495.3,0.902937711,-1329.377111
6176,-2751,9761,13483,12658,12822,9642,0.77,1.05,11629.6,0.907003588,-1370.035876
6177,-2773,9785,13409,12694,12755,9642,0.77,1.05,11535.5,0.904390435,-1343.904351
6178,-2762,9822,13405,12699,12746,9639,0.77,1.05,11528.8,0.904503374,-1345.033736
6179,-2782,9700,13390,12636,12722,9636,0.77,1.05,11506.6,0.904464707,-1344.647068
6180,-2806,9764,13290,12650,12629,9634,0.77,1.05,11378.7,0.900997704,-1309.977037
6181,-2790,9695,13421,12643,12756,9634,0.77,1.05,11547.8,0.905283788,-1352.83788
6182,-2834,9807,13209,12742,12548,9633,0.77,1.05,11273.4,0.898422059,-1284.220593
6183,-2821,9595,13391,12591,12738,9631,0.76,1.05,11512.4,0.903783954,-1437.839535
6184,-2838,9553,13396,12509,12740,9629,0.76,1.05,11518,0.904081633,-1440.816327
6185,-2833,9704,13244,12644,12593,9628,0.77,1.05,11321.9,0.899062971,-1290.629715
6186,-2836,9603,13382,12601,12730,9628,0.76,1.05,11501,0.903456402,-1434.564022
6187,-2873,9652,13433,12671,12786,9633,0.76,1.05,11568.8,0.904802127,-1448.021273
6188,-2846,9566,13494,12593,12848,9638,0.76,1.05,11648.4,0.906631382,-1466.313823
6189,-2843,9678,13167,12657,12523,9644,0.76,1.05,11223.9,0.896262876,-1362.628763
6190,-2861,9617,13409,12615,12773,9644,0.76,1.05,11540.9,0.903538714,-1435.387145
6191,-2848,9638,13316,12649,12688,9643,0.76,1.05,11422.4,0.900252207,-1402.522068
6192,-2850,9711,13355,12753,12730,9639,0.76,1.05,11474,0.901335428,-1413.354281
6193,-2895,9532,13327,12643,12714,9635,0.75,1.05,11441.2,0.899889885,-1498.898852
6194,-2881,9574,13397,12654,12782,9632,0.76,1.05,11531.6,0.902174934,-1421.749335
6195,-2871,9577,13310,12650,12702,9632,0.76,1.05,11420.6,0.899118249,-1391.182491
6196,-2873,9583,13389,12689,12788,9636,0.76,1.05,11525.4,0.901266813,-1412.668126
6197,-2881,9540,13371,12623,12772,9640,0.76,1.05,11502.6,0.900610711,-1406.107109
6198,-2889,9519,13333,12605,12736,9644,0.76,1.05,11453.8,0.899324749,-1393.247487
6199,-2881,9523,13343,12615,12754,9644,0.75,1.05,11469.2,0.899262976,-1492.629763
6200,-2876,9588,13177,12657,12594,9645,0.76,1.05,11255.2,0.893695411,-1336.954105
6201,-2885,9475,13310,12635,12736,9645,0.75,1.05,11430.8,0.897518844,-1475.188442
6202,-2877,9595,13321,12706,12755,9646,0.76,1.04,11447.5,0.89749118,-1374.911799
6203,-2879,9382,13395,12582,12837,9646,0.75,1.04,11546.1,0.899439121,-1494.391213
6205,-2861,9430,13306,12545,12758,9646,0.75,1.04,11433.4,0.896174949,-1461.749491
6205,-2872,9575,13063,12676,12522,9649,0.76,1.04,11119.6,0.888005111,-1280.05111
6206,-2878,9563,13108,12676,12578,9652,0.75,1.04,11181.4,0.888964859,-1389.648593
6207,-2869,9497,13290,12622,12770,9656,0.75,1.04,11421,0.894361785,-1443.617854
6208,-2856,9517,13261,12660,12755,9657,0.75,1.04,11387.5,0.892787142,-1427.871423
6209,-2834,9531,13302,12677,12801,9656,0.75,1.04,11442.3,0.893859855,-1438.598547
6210,-2838,9456,13292,12637,12803,9653,0.75,1.04,11432.9,0.892986019,-1429.860189
6211,-2826,9507,13198,12668,12716,9648,0.75,1.04,11312.8,0.889650834,-1396.508336
6212,-2803,9478,13113,12591,12656,9645,0.75,1.04,11209.8,0.885730088,-1357.300885
6213,-2804,9563,13036,12689,12581,9645,0.75,1.04,11110.3,0.883101502,-1331.015023
6214,-2802,9579,13147,12732,12710,9643,0.75,1.03,11260,0.885916601,-1359.166011
6215,-2808,9410,13105,12582,12684,9641,0.75,1.03,11210.2,0.88380637,-1338.063702
6216,-2788,9562,13104,12699,12703,9638,0.75,1.03,11214.9,0.882854444,-1328.544438
6217,-2780,9487,13154,12646,12758,9637,0.75,1.03,11281.4,0.884260856,-1342.608559
6218,-2759,9467,13139,12614,12759,9638,0.75,1.03,11266.7,0.883039423,-1330.394232
6219,-2758,9533,13081,12665,12710,9644,0.75,1.03,11194,0.880723839,-1307.238395
6221,-2750,9508,13169,12680,12812,9651,0.75,1.03,11312.6,0.882969091,-1329.690915
6222,-2726,9476,13005,12611,12672,9656,0.75,1.03,11106.6,0.876467803,-1264.67803
6223,-2737,9588,13008,12705,12677,9656,0.75,1.03,11111.1,0.876477084,-1264.770845
6224,-2708,9461,12944,12608,12626,9655,0.75,1.03,11031.8,0.873736734,-1237.367337
6224,-2700,9457,12463,12676,12175,9652,0.75,1.02,10415.5,0.855482546,-1054.825462
6225,-2658,9509,13014,12654,12736,9650,0.75,1.02,11134.8,0.874277638,-1242.776382
6226,-2654,9463,13075,12620,12813,9649,0.75,1.02,11218.9,0.875587294,-1255.872942
6227,-2642,9493,12984,12650,12738,9650,0.75,1.02,11105.4,0.871832313,-1218.323128
6228,-2608,9568,12860,12644,12630,9649,0.76,1.02,10949,0.866904196,-1069.041964
6229,-2587,9486,13033,12620,12827,9649,0.75,1.02,11181.1,0.871684728,-1216.847275
6231,-2569,9597,12722,12662,12530,9648,0.76,1.02,10781,0.860415004,-1004.15004
6232,-2553,9452,12643,12621,12462,9648,0.75,1.01,10681.6,0.857133686,-1071.336864
6232,-2548,9569,12991,12667,12833,9648,0.76,1.01,11140.9,0.868144627,-1081.446271
6233,-2518,9475,12805,12564,12664,9649,0.75,1.01,10904.2,0.861039166,-1110.391661
6234,-2484,9666,12734,12704,12615,9649,0.76,1.01,10818.5,0.85759017,-975.9017043
6235,-2462,9605,12794,12660,12700,9650,0.76,1.01,10904,0.858582677,-985.8267717
6236,-2433,9598,12835,12627,12763,9649,0.76,1.01,10963.9,0.859037844,-990.3784377
6237,-2412,9495,12562,12481,12518,9654,0.76,1,10617.4,0.848170634,-881.7063429
6238,-2419,9603,12774,12634,12746,9659,0.76,1,10897.8,0.854997646,-949.9764632
6240,-2352,9708,12698,12696,12679,9664,0.76,1,10801.7,0.851936273,-919.3627258
6241,-2345,9619,12771,12622,12780,9664,0.76,1,10905,0.853286385,-932.8638498
6242,-2311,9714,12687,12703,12706,9665,0.76,1,10798.8,0.849897686,-898.9768613
6242,-2296,9799,12697,12756,12735,9666,0.77,1,10817.5,0.849430703,-794.3070279
6243,-2293,9612,12703,12638,12771,9668,0.76,0.99,10834.3,0.848351734,-883.517344
6244,-2224,9702,12693,12643,12777,9670,0.77,0.99,10826.1,0.847311575,-773.1157549
6245,-2202,9712,12717,12641,12829,9670,0.77,0.99,10865.7,0.84696391,-769.6390989
6246,-2170,9747,12622,12654,12758,9669,0.77,0.99,10749.4,0.84256153,-725.6153002
6248,-2148,9755,12662,12687,12831,9666,0.77,0.99,10811.3,0.84259216,-725.9215961
6249,-2130,9824,12450,12688,12630,9664,0.77,0.99,10539,0.834441805,-644.4180523
6250,-2078,9666,12227,12585,12423,9663,0.77,0.98,10253.9,0.825396442,-553.9644208
6251,-2033,9839,12443,12632,12659,9663,0.78,0.98,10540.7,0.832664507,-526.6450747
6252,-2043,9753,12288,12648,12521,9661,0.77,0.98,10344.3,0.826156058,-561.5605782
6252,-1990,9814,12610,12673,12871,9659,0.77,0.98,10771.3,0.836865822,-668.6582239
6253,-1972,9864,12248,12598,12525,9657,0.78,0.98,10305.5,0.822794411,-427.9441118
6255,-1929,9860,12509,12664,12822,9657,0.78,0.98,10655.6,0.831040399,-510.4039931
6256,-1869,9941,12440,12682,12776,9654,0.78,0.97,10572.8,0.827551659,-475.5165936
6257,-1846,10057,12357,12748,12712,9649,0.79,0.97,10470.6,0.823678414,-336.784141
6258,-1817,10033,12276,12686,12649,9644,0.79,0.97,10370.7,0.819882995,-298.829947
6259,-1803,10027,12288,12715,12679,9641,0.79,0.97,10391.7,0.819599337,-295.9933749
6260,-1745,10002,12262,12631,12664,9643,0.79,0.97,10361.2,0.818161718,-281.6171826
6261,-1718,9996,12343,12621,12775,9650,0.79,0.97,10475.5,0.82,-300
6261,-1689,10023,12318,12632,12773,9658,0.79,0.96,10449.9,0.818124168,-281.2416817
6262,-1658,10081,12260,12673,12723,9665,0.8,0.96,10376.9,0.815601666,-156.0166627
6264,-1648,9980,12206,12625,12695,9665,0.79,0.96,10314.5,0.81248523,-224.8523041
6265,-1589,10043,12168,12539,12684,9663,0.8,0.96,10273.2,0.809933775,-99.33774834
6266,-1555,10221,12162,12721,12699,9660,0.8,0.96,10271.7,0.808858965,-88.58965273
6266,-1513,10090,12243,12623,12808,9657,0.8,0.96,10385.4,0.810852592,-108.5259213
6268,-1474,10177,12197,12650,12781,9656,0.8,0.95,10331.3,0.808332681,-83.32681324
6269,-1443,10174,12149,12653,12755,9656,0.8,0.95,10275.5,0.805605645,-56.05644845
6270,-1416,10149,11834,12664,12426,9660,0.8,0.95,9861.8,0.793642363,63.57637212
6271,-1391,10234,12165,12693,12807,9664,0.81,0.95,10307.1,0.804802061,51.97938627
6272,-1337,10335,11991,12683,12635,9668,0.81,0.95,10081.5,0.797902651,120.9734863
6273,-1331,10365,12146,12722,12817,9668,0.81,0.95,10291.1,0.802925802,70.7419833
6274,-1292,10197,12085,12608,12781,9667,0.81,0.95,10219.3,0.799569674,104.3032627
6275,-1238,10359,12071,12667,12790,9666,0.82,0.94,10208,0.798123534,218.7646599
6276,-1208,10462,11836,12714,12552,9665,0.82,0.94,9901.6,0.788846399,311.5360102
6277,-1184,10432,11947,12671,12692,9665,0.82,0.94,10054.6,0.792199811,278.001891
6278,-1153,10335,12063,12632,12839,9665,0.82,0.94,10214.7,0.795599346,244.0065426
6279,-1114,10429,12009,12702,12799,9662,0.82,0.94,10148.7,0.792929135,270.7086491
6280,-1071,10484,11901,12663,12693,9658,0.83,0.94,10008.9,0.788536989,414.6301111
6281,-1036,10507,11935,12655,12751,9655,0.83,0.94,10060.3,0.788981256,410.1874363
6282,-1017,10524,11949,12683,12788,9655,0.83,0.93,10085.4,0.788661245,413.3875508
6283,-970,10620,11976,12742,12848,9656,0.83,0.93,10130.4,0.788480697,415.1930262
6284,-972,10476,11741,12607,12602,9657,0.83,0.93,9821.6,0.779368354,506.3164577
6285,-903,10590,11852,12657,12740,9657,0.84,0.93,9974,0.78288854,571.1145997
6286,-863,10667,11813,12662,12718,9658,0.84,0.93,9928.4,0.780657336,593.4266394
6287,-839,10703,11826,12703,12748,9658,0.84,0.93,9950.4,0.780545968,594.5403201
6288,-823,10725,11581,12683,12494,9657,0.85,0.93,9629.2,0.770705939,792.9406115
6288,-797,10691,11778,12681,12727,9657,0.84,0.93,9896.1,0.777567376,624.3262356
6289,-764,10747,11775,12662,12739,9656,0.85,0.92,9896.7,0.776882016,731.1798414
6291,-737,10731,11764,12667,12743,9655,0.85,0.92,9886.9,0.775869105,741.3089539
6292,-714,10775,11792,12695,12800,9656,0.85,0.92,9932,0.7759375,740.625
6293,-677,10894,11598,12760,12590,9659,0.85,0.92,9675,0.768467037,815.3296267
6294,-651,10696,11797,12634,12826,9662,0.85,0.92,9944.8,0.775362545,746.3745517
6295,-619,10794,11756,12644,12797,9664,0.85,0.92,9895.1,0.773235915,767.6408533
6296,-597,10883,11603,12678,12635,9664,0.86,0.92,9693.5,0.767194302,928.0569846
6296,-575,10859,11734,12687,12800,9661,0.86,0.92,9874,0.77140625,885.9375
6298,-539,10974,11685,12736,12759,9656,0.86,0.92,9812.7,0.769080649,909.1935105
6299,-510,10922,11677,12676,12765,9651,0.86,0.91,9806.5,0.768233451,917.6654916
6300,-492,10934,11619,12670,12703,9650,0.86,0.91,9729.9,0.765952925,940.4707549
6301,-472,11013,11434,12717,12519,9650,0.87,0.91,9489.7,0.758023804,1119.761962
6302,-438,10903,11682,12665,12807,9650,0.86,0.91,9824.1,0.767088311,929.1168892
6303,-449,11033,11695,12716,12837,9651,0.87,0.91,9846.1,0.767009426,1029.905741
6304,-409,10769,11705,12522,12858,9651,0.86,0.91,9862.4,0.767024421,929.7557941
6305,-382,10994,11386,12617,12509,9651,0.87,0.91,9438.7,0.754552722,1154.47278
6306,-394,11093,11410,12704,12545,9651,0.87,0.91,9473.5,0.755161419,1148.385811
6307,-340,11119,11533,12708,12696,9652,0.87,0.91,9641.8,0.759436043,1105.639572
6308,-311,11151,11460,12712,12629,9653,0.88,0.91,9548.7,0.756093119,1239.06881
6309,-273,11135,11599,12721,12810,9653,0.88,0.91,9742,0.76049961,1195.003903
6310,-250,11119,11604,12705,12820,9653,0.88,0.91,9750,0.760530421,1194.695788
6311,-226,11187,11467,12688,12680,9659,0.88,0.9,9571,0.754810726,1251.892744
6312,-221,11056,11301,12635,12504,9666,0.88,0.9,9352.2,0.74793666,1320.633397
6313,-192,11183,11575,12733,12822,9673,0.88,0.9,9721.6,0.758196849,1218.031508
6314,-167,11057,11540,12611,12796,9673,0.88,0.9,9678.8,0.756392623,1236.073773
6315,-140,11083,11388,12488,12625,9671,0.89,0.9,9475.5,0.750534653,1394.653465
6316,-141,11251,11405,12660,12654,9666,0.89,0.9,9501.2,0.750845582,1391.544176
6317,-108,11218,11532,12677,12817,9662,0.88,0.9,9677.1,0.755020676,1249.793243
6318,-86,11287,11514,12680,12801,9660,0.89,0.9,9654.3,0.754183267,1358.167331
6319,-59,11334,11406,12686,12688,9661,0.89,0.9,9512.4,0.749716267,1402.837327
6320,-49,11388,11287,12720,12552,9664,0.9,0.9,9352.6,0.745108349,1548.916507
6321,-41,11283,11489,12638,12787,9667,0.89,0.9,9625.1,0.752725424,1372.745757
6322,-19,11320,11500,12671,12798,9671,0.89,0.9,9639.4,0.753195812,1368.041882
6323,-7,11409,11456,12707,12753,9671,0.9,0.9,9581.9,0.751344782,1486.552184
6324,6,11227,11491,12611,12797,9673,0.89,0.9,9630.1,0.752527936,1374.720638
6325,16,11268,11168,12641,12428,9679,0.89,0.9,9196.4,0.739974252,1500.257483
6326,24,11409,11231,12650,12505,9684,0.9,0.9,9282.5,0.742303079,1576.969212
6327,38,11359,11477,12657,12784,9687,0.9,0.9,9612.2,0.751892991,1481.070088
6328,53,11433,11498,12669,12804,9686,0.9,0.9,9639.2,0.752827241,1471.727585
6329,57,11497,11431,12731,12734,9686,0.9,0.9,9551.2,0.750054971,1499.450291
6330,85,11489,11268,12689,12545,9684,0.91,0.9,9331.5,0.743842168,1661.578318
6331,98,11494,11455,12704,12755,9683,0.9,0.9,9581.5,0.75119561,1488.043904
6332,107,11482,11490,12702,12800,9683,0.9,0.9,9630,0.75234375,1476.5625
6333,96,11581,11406,12735,12696,9682,0.91,0.9,9514.8,0.749432892,1605.671078
6334,104,11347,11510,12612,12813,9679,0.9,0.9,9653.9,0.753445719,1465.542808
6335,132,11516,11424,12660,12707,9675,0.91,0.9,9536.1,0.750460376,1595.396238
6336,130,11565,11306,12679,12570,9673,0.91,0.9,9377,0.745982498,1640.17502
6337,137,11532,11564,12707,12866,9673,0.91,0.9,9723.8,0.755774911,1542.250894
6338,128,11602,11537,12715,12819,9674,0.91,0.9,9682.7,0.75533973,1546.602699
6339,152,11610,11304,12693,12544,9674,0.91,0.9,9367.2,0.746747449,1632.52551
6340,147,11581,11479,12662,12728,9674,0.91,0.9,9597.4,0.754038341,1559.616593
6341,142,11621,11406,12685,12642,9674,0.92,0.9,9498.6,0.751352634,1686.473659
6342,137,11557,11486,12686,12721,9674,0.91,0.9,9602.3,0.754838456,1551.615439
6343,149,11675,11421,12726,12640,9676,0.92,0.9,9513,0.752610759,1673.892405
6344,155,11622,11545,12685,12772,9677,0.92,0.9,9676.6,0.757641716,1623.582837
6345,135,11554,11437,12585,12632,9678,0.92,0.91,9526.6,0.754164028,1658.359721
6346,108,11466,11375,12610,12543,9678,0.91,0.91,9437.9,0.752443594,1575.56406
6347,104,11597,11596,12676,12776,9677,0.91,0.91,9728.8,0.761490294,1485.097057
6348,108,11621,11529,12662,12689,9675,0.92,0.91,9635.7,0.759374261,1606.257388
6349,93,11586,11682,12675,12844,9674,0.91,0.91,9835.2,0.765742759,1442.572407
6350,105,11639,11644,12692,12772,9673,0.92,0.91,9775.6,0.765393047,1546.069527
6351,79,11670,11438,12687,12528,9673,0.92,0.91,9496.4,0.758014049,1619.859515
6352,60,11592,11708,12682,12816,9666,0.91,0.91,9852.8,0.768789014,1412.109863
6353,49,11738,11560,12751,12621,9661,0.92,0.92,9646.3,0.764305523,1556.944775
6354,37,11532,11753,12641,12820,9655,0.91,0.92,9899,0.772152886,1378.471139
6355,15,11602,11573,12602,12597,9656,0.92,0.92,9652.1,0.766222116,1537.778836
6356,1,11686,11675,12690,12692,9659,0.92,0.92,9782.6,0.770768988,1492.310117
6357,6,11659,11759,12690,12760,9667,0.92,0.92,9887,0.77484326,1451.567398
6358,-31,11621,11804,12650,12780,9675,0.92,0.92,9938,0.777621283,1423.787167
6359,-57,11454,11622,12565,12556,9679,0.91,0.93,9688.8,0.771647021,1383.529787
6360,-61,11666,11703,12681,12607,9679,0.92,0.93,9785.1,0.776164036,1438.359641
6361,-80,11706,11711,12728,12598,9682,0.92,0.93,9790.4,0.777139228,1428.607716
6362,-108,11549,11945,12657,12834,9685,0.91,0.93,10095.2,0.786598099,1234.019012
6363,-146,11587,11970,12706,12832,9688,0.91,0.93,10119.6,0.788622195,1213.778055
6364,-156,11555,11990,12664,12835,9689,0.91,0.93,10140.5,0.790066225,1199.337748
6365,-182,11445,11681,12594,12468,9688,0.91,0.94,9721.4,0.779708053,1302.919474
6366,-202,11652,11798,12690,12562,9683,0.92,0.94,9866.6,0.785432256,1345.67744
6367,-229,11568,12000,12670,12757,9679,0.91,0.94,10127.1,0.793846516,1161.534844
6368,-244,11600,12075,12694,12808,9675,0.91,0.94,10217.4,0.79773579,1122.642099
6369,-273,11595,12087,12708,12792,9675,0.91,0.94,10224.6,0.799296435,1107.035647
6370,-323,11632,11897,12714,12548,9675,0.91,0.95,9961.4,0.793863564,1161.364361
6371,-356,11588,12012,12675,12640,9675,0.91,0.95,10104,0.799367089,1106.329114
6372,-363,11505,12212,12663,12838,9676,0.91,0.95,10363.4,0.807244119,1027.55881
6373,-393,11522,12218,12717,12811,9676,0.91,0.95,10361.3,0.808781516,1012.184841
6374,-457,11353,12208,12602,12765,9676,0.9,0.96,10337.5,0.809831571,901.684293
6375,-472,11249,11950,12481,12459,9675,0.9,0.96,9987.7,0.801645397,983.546031
6376,-502,11491,12323,12696,12824,9673,0.91,0.96,10470.2,0.816453525,935.4647536
6377,-551,11490,12292,12707,12758,9671,0.9,0.96,10419.4,0.816695407,833.045932
6378,-592,11408,12409,12693,12842,9671,0.9,0.97,10561.6,0.822426413,775.7358667
6379,-629,11522,12393,12738,12783,9672,0.9,0.97,10527.9,0.823586013,764.1398733
6380,-666,11407,12374,12672,12723,9674,0.9,0.97,10490.9,0.824561817,754.3818282
6381,-725,11384,12342,12649,12644,9676,0.9,0.98,10435.2,0.825308447,746.9155331
6382,-771,11379,12522,12716,12809,9676,0.89,0.98,10664.7,0.83259427,574.0573035
6383,-800,11423,12579,12773,12834,9676,0.89,0.98,10729.2,0.83599813,540.0187003
6384,-845,11228,12684,12663,12904,9711,0.89,0.98,10855.2,0.841227526,487.7247365
6385,-869,11183,12544,12510,12739,9746,0.89,0.98,10665.7,0.837247822,527.5217835
6386,-902,11133,12616,12540,12792,9781,0.89,0.99,10753.6,0.840650407,493.495935
6387,-949,11371,12558,12753,12683,9781,0.89,0.99,10662.9,0.840723804,492.7619648
6388,-1017,11163,12794,12683,12878,9768,0.88,0.99,10957.4,0.850861935,291.3806492
6390,-1108,11228,12738,12696,12774,9735,0.88,1,10870.2,0.850962893,290.3710662
6390,-1148,11202,12700,12679,12690,9703,0.88,1,10807,0.851615445,283.8455477
6392,-1219,11214,12627,12735,12579,9684,0.88,1,10700.7,0.850679704,293.2029573
6392,-1246,11050,12896,12672,12819,9684,0.87,1.01,11041.7,0.86135424,86.457602
6393,-1286,11176,12670,12741,12560,9680,0.88,1.01,10738,0.854936306,250.6369427
6394,-1330,11030,13000,12720,12855,9676,0.87,1.01,11156.5,0.867872423,21.27576818
6395,-1420,10965,12611,12682,12439,9672,0.86,1.01,10642.7,0.855591285,44.08714527
6397,-1483,10865,12664,12639,12444,9672,0.86,1.02,10697.2,0.85962713,3.728704597
6397,-1504,11001,12920,12700,12662,9671,0.87,1.02,11018.6,0.870210077,-2.100773969
6398,-1558,10973,13021,12707,12729,9668,0.86,1.02,11139.7,0.875143373,-151.433734
6400,-1613,10979,13093,12757,12764,9665,0.86,1.03,11222.2,0.879207145,-192.071451
6400,-1697,10635,13220,12409,12854,9663,0.86,1.03,11376.2,0.885031897,-250.3189669
6402,-1738,10786,13227,12672,12825,9663,0.85,1.03,11374.5,0.886900585,-369.005848
6403,-1821,10704,12994,12696,12556,9666,0.84,1.03,11060.8,0.88091749,-409.1748965
6403,-1875,10752,13298,12738,12833,9671,0.84,1.04,11447.9,0.892067326,-520.6732642
6404,-1897,10683,13253,12675,12748,9675,0.84,1.04,11377.4,0.892485096,-524.850957
6405,-1960,10643,13366,12678,12817,9675,0.84,1.04,11511.1,0.898111883,-581.1188266
6406,-2036,10630,13428,12697,12852,9677,0.84,1.04,11583.6,0.90130719,-613.0718954
6408,-2127,10540,13442,12716,12824,9685,0.83,1.05,11589.2,0.90371179,-737.1179039
6408,-2190,10576,13367,12706,12709,9693,0.83,1.05,11479.7,0.903273271,-732.7327091
6410,-2232,10516,13493,12753,12788,9699,0.82,1.06,11629.4,0.909399437,-893.9943697
6411,-2298,10434,13583,12711,12841,9700,0.82,1.06,11735.3,0.913892999,-938.9299899
6411,-2359,10426,13379,12675,12603,9698,0.82,1.06,11459.9,0.909299373,-892.9937317
6412,-2416,10417,13375,12723,12566,9694,0.82,1.06,11444.8,0.910775107,-907.7510743
6413,-2488,10395,13473,12746,12623,9691,0.82,1.07,11559.9,0.915780718,-957.8071774
6414,-2567,10215,13614,12670,12721,9690,0.81,1.07,11730.3,0.922120902,-1121.209024
6415,-2614,10259,13659,12728,12732,9689,0.81,1.07,11778.6,0.925117813,-1151.178134
6416,-2667,10249,13714,12730,12749,9682,0.81,1.08,11838.7,0.928598321,-1185.983214
6418,-2756,10092,13817,12677,12808,9674,0.8,1.08,11959.4,0.933744535,-1337.445347
6419,-2796,10026,13892,12688,12852,9669,0.79,1.08,12047.6,0.93741052,-1474.105198
6420,-2877,10066,13922,12712,12839,9668,0.79,1.08,12073.7,0.940392554,-1503.925539
6421,-2903,9987,13948,12675,12836,9668,0.79,1.09,12098.8,0.942567778,-1525.677781
6421,-2993,10032,13954,12775,12815,9668,0.79,1.09,12098.5,0.944088958,-1540.889583
6422,-3029,9966,13937,12711,12765,9668,0.78,1.09,12066.5,0.945280063,-1652.800627
6423,-3147,9820,14071,12722,12852,9668,0.77,1.09,12226.6,0.951338313,-1813.383131
6424,-3187,9715,14163,12661,12895,9668,0.77,1.1,12331.5,0.956300892,-1863.008918
6425,-3275,9690,13666,12693,12409,9674,0.76,1.1,11688.7,0.941953421,-1819.534209
6427,-3318,9815,13966,12766,12642,9680,0.77,1.1,12058.6,0.953852239,-1838.522386
6427,-3377,9746,14181,12747,12812,9686,0.76,1.11,12324.6,0.96195754,-2019.575398
6429,-3438,9624,14195,12693,12805,9687,0.76,1.11,12336.5,0.963412729,-2034.127294
6429,-3508,9610,14212,12728,12784,9688,0.76,1.11,12347.2,0.96583229,-2058.322904
6430,-3558,9546,14277,12734,12807,9690,0.75,1.11,12419.1,0.969711876,-2197.118763
6431,-3653,9432,14370,12702,12848,9691,0.74,1.12,12524.4,0.9748132,-2348.132005
6432,-3726,9336,14376,12652,12823,9692,0.74,1.12,12522.9,0.97659674,-2365.967402
6434,-3781,9422,14342,12705,12769,9692,0.74,1.12,12472.7,0.976795364,-2367.953638
6435,-3868,9077,14249,12507,12644,9690,0.73,1.13,12342.2,0.976130971,-2461.309712
6435,-3925,9274,14437,12728,12792,9689,0.73,1.13,12574.6,0.983005003,-2530.050031
6437,-3988,9343,14389,12779,12719,9687,0.73,1.13,12504.7,0.983151191,-2531.511911
6438,-4056,9190,14527,12715,12818,9687,0.72,1.13,12672.4,0.988640974,-2686.409736
6438,-4064,9177,14524,12712,12794,9685,0.72,1.14,12662.2,0.989698296,-2696.982961
6439,-4152,9111,14544,12711,12774,9683,0.72,1.14,12676.2,0.992343823,-2723.438234
6440,-4205,9086,14617,12706,12805,9680,0.72,1.14,12758.5,0.996368606,-2763.68606
6441,-4265,8981,14692,12703,12845,9678,0.71,1.14,12845.5,1.000038926,-2900.389257
6442,-4364,8865,14659,12650,12780,9678,0.7,1.15,12793,1.001017214,-3010.172144
6443,-4420,8892,14796,12692,12872,9681,0.7,1.15,12957.6,1.006650093,-3066.500932
6445,-4484,8911,14886,12723,12918,9684,0.7,1.15,13061.4,1.01110079,-3111.007896
6445,-4543,8755,14229,12680,12332,9688,0.69,1.15,12228.6,0.99161531,-3016.153098
6446,-4602,8809,14711,12720,12733,9689,0.69,1.16,12830.9,1.007688683,-3176.886829
6448,-4641,8735,14718,12672,12710,9690,0.69,1.16,12831,1.009520063,-3195.200629
6448,-4681,8684,14949,12711,12887,9691,0.68,1.16,13115.1,1.017700008,-3377.000078
6449,-4747,8647,14958,12724,12861,9692,0.68,1.16,13116.3,1.019850711,-3398.507115
6450,-4827,8613,14898,12731,12777,9692,0.68,1.17,13031.1,1.019887297,-3398.872975
6451,-4896,8543,14960,12697,12800,9692,0.67,1.17,13100,1.0234375,-3534.375
6452,-4978,8412,15033,12686,12836,9692,0.66,1.17,13183.8,1.027095668,-3670.956684
6454,-5044,8461,14887,12712,12687,9691,0.67,1.17,12993.1,1.024127059,-3541.270592
6455,-5118,8365,14999,12704,12752,9690,0.66,1.18,13124.6,1.029218946,-3692.18946
6455,-5154,8365,15021,12715,12753,9689,0.66,1.18,13146.9,1.03088685,-3708.868502
6456,-5239,8208,15089,12675,12781,9689,0.65,1.18,13223.3,1.034606056,-3846.060559
6457,-5280,8280,15033,12737,12710,9688,0.65,1.18,13146,1.034303698,-3843.036979
6458,-5353,8062,14828,12644,12526,9687,0.64,1.18,12885.8,1.028724254,-3887.242536
6460,-5388,8164,15202,12702,12811,9686,0.64,1.19,13345.3,1.041706346,-4017.063461
6461,-5464,7985,15229,12619,12812,9686,0.63,1.19,13372.6,1.043755854,-4137.558539
6462,-5543,8101,15006,12733,12603,9685,0.64,1.19,13086.9,1.03839562,-3983.956201
6463,-5590,7940,15318,12696,12843,9683,0.63,1.19,13470.9,1.048890446,-4188.904462
6463,-5624,7962,15037,12677,12589,9682,0.63,1.19,13113.7,1.041679244,-4116.792438
6464,-5659,7920,15319,12747,12803,9682,0.62,1.2,13459.9,1.051308287,-4313.082871
6465,-5738,7742,15060,12643,12575,9682,0.61,1.2,13132.5,1.044333996,-4343.33996
6466,-5782,7791,15239,12628,12696,9686,0.62,1.2,13347.8,1.051339004,-4313.390044
6467,-5830,7763,15401,12696,12817,9689,0.61,1.2,13546.1,1.056885387,-4468.853866
6469,-5901,7733,15374,12707,12774,9693,0.61,1.2,13506.2,1.057319555,-4473.195553
6470,-5965,7710,15331,12731,12724,9693,0.61,1.2,13448.2,1.056916064,-4469.160641
6470,-6018,7636,15431,12708,12790,9692,0.6,1.21,13568,1.060828772,-4608.287725
6471,-6035,7587,15467,12719,12799,9691,0.6,1.21,13606.7,1.063106493,-4631.064927
6472,-6077,7596,15492,12720,12803,9690,0.6,1.21,13632.9,1.064820745,-4648.207451
6473,-6172,7469,15603,12727,12879,9689,0.59,1.21,13766.7,1.068926159,-4789.261589
6474,-6219,7341,15713,12689,12952,9689,0.58,1.21,13898.6,1.073085238,-4930.852378
6475,-6238,7498,15508,12764,12768,9688,0.59,1.21,13638.4,1.068170426,-4781.704261
6476,-6290,7438,15417,12730,12679,9687,0.58,1.22,13520.7,1.066385362,-4863.853616
6477,-6326,7279,15661,12642,12856,9686,0.58,1.22,13817.8,1.074813317,-4948.133167
6479,-6382,7366,15415,12759,12645,9686,0.58,1.22,13508.5,1.068287861,-4882.878608
6479,-6450,7239,15765,12736,12910,9687,0.57,1.22,13938,1.079628195,-5096.281952
6480,-6452,7254,15692,12690,12836,9690,0.57,1.22,13842.8,1.07843565,-5084.356497
6482,-6528,7266,15425,12797,12610,9692,0.57,1.22,13508,1.071213323,-5012.133228
6482,-6547,7127,15643,12653,12774,9694,0.56,1.22,13775.2,1.078377955,-5183.779552
6483,-6636,7043,15802,12712,12884,9695,0.55,1.23,13967.2,1.084073269,-5340.732692
6484,-6680,6954,15846,12681,12900,9689,0.55,1.23,14016,1.086511628,-5365.116279
6485,-6701,7047,15551,12685,12661,9683,0.56,1.23,13649.3,1.078058605,-5180.586052
6486,-6751,7022,15407,12707,12533,9676,0.55,1.23,13466.9,1.07451528,-5245.152797
6488,-6784,6959,15789,12690,12825,9675,0.55,1.23,13936.5,1.086666667,-5366.666667
6489,-6814,6922,15714,12677,12757,9676,0.55,1.23,13841.1,1.084980795,-5349.807949
6490,-6846,6896,15764,12743,12789,9683,0.54,1.23,13900.7,1.086926265,-5469.262648
6491,-6869,6867,15800,12690,12807,9689,0.54,1.23,13942.1,1.088631217,-5486.312173
6491,-6930,6851,15849,12742,12840,9694,0.54,1.23,14001,1.090420561,-5504.205607
6492,-6954,6851,15569,12759,12613,9694,0.54,1.23,13652.9,1.082446682,-5424.46682
6493,-7010,6744,15846,12725,12821,9693,0.53,1.24,13992.3,1.091357928,-5613.579284
6494,-7039,6627,15885,12653,12838,9693,0.52,1.24,14036.4,1.093347874,-5733.478735
6495,-7068,6714,15702,12691,12700,9692,0.53,1.24,13812,1.087559055,-5575.590551
6496,-7098,6679,15571,12695,12585,9691,0.53,1.24,13646.5,1.084346444,-5543.464442
6498,-7130,6623,15865,12713,12804,9692,0.52,1.24,14006.2,1.093892534,-5738.925336
6499,-7144,6556,15920,12685,12850,9697,0.52,1.24,14075,1.095330739,-5753.307393
6499,-7169,6588,15719,12689,12692,9703,0.52,1.24,13826.6,1.089394894,-5693.948944
6500,-7202,6562,15629,12698,12618,9707,0.52,1.24,13714.4,1.086891742,-5668.91742
6502,-7233,6497,15864,12731,12796,9708,0.51,1.24,14002.8,1.094310722,-5843.107221
6502,-7242,6506,15807,12743,12754,9708,0.51,1.24,13933.2,1.092457268,-5824.572683
6503,-7293,6424,15903,12723,12833,9708,0.5,1.24,14052.9,1.095059612,-5950.596119
6504,-7335,6401,15788,12722,12739,9708,0.5,1.24,13909.7,1.091898893,-5918.988932
6506,-7330,6381,15867,12719,12810,9708,0.5,1.24,14010,1.093676815,-5936.76815
6507,-7353,6377,15753,12732,12725,9708,0.5,1.24,13870.5,1.090019646,-5900.196464
6508,-7362,6345,15732,12731,12707,9706,0.5,1.24,13844.1,1.08948611,-5894.8611
6508,-7371,6328,15855,12772,12808,9704,0.5,1.24,13997.4,1.092863835,-5928.638351
6509,-7406,6324,15719,12745,12714,9702,0.5,1.24,13833.2,1.088028944,-5880.289445
6510,-7403,6274,15693,12714,12696,9702,0.49,1.24,13801.8,1.087098299,-5970.982987
6511,-7427,6261,15596,12739,12621,9701,0.49,1.24,13682.3,1.084090009,-5940.900087
6512,-7432,6150,15839,12697,12826,9699,0.48,1.23,13986.8,1.090503664,-6105.036644
6513,-7455,6148,15813,12740,12814,9698,0.48,1.23,13957.2,1.089214921,-6092.149212
6515,-7458,6133,15767,12653,12781,9696,0.48,1.23,13901.3,1.087653548,-6076.535482
6516,-7479,6142,15439,12704,12529,9696,0.48,1.23,13497.7,1.077316625,-5973.166254
6517,-7467,6072,15745,12602,12786,9694,0.48,1.23,13880.8,1.085624902,-6056.249022
6518,-7511,6085,15658,12739,12730,9690,0.48,1.23,13777,1.082246661,-6022.466614
6518,-7472,6098,15643,12729,12731,9687,0.48,1.23,13762.3,1.081006991,-6010.069908
6519,-7493,6033,15777,12745,12844,9687,0.47,1.23,13930.2,1.08456867,-6145.686702
6520,-7487,6028,15690,12704,12800,9688,0.47,1.23,13830,1.08046875,-6104.6875
6521,-7513,6001,15550,12715,12705,9690,0.47,1.22,13661.5,1.075285321,-6052.853207
6523,-7487,5980,15716,12738,12852,9692,0.47,1.22,13871.6,1.079333956,-6093.339558
6524,-7504,5914,15575,12673,12764,9693,0.47,1.22,13704.2,1.073660295,-6036.602946
6525,-7487,5900,15635,12683,12821,9693,0.47,1.22,13781.3,1.074900554,-6049.005538
6526,-7491,5833,15111,12681,12426,9690,0.46,1.22,13138.8,1.057363592,-5973.635925
6526,-7487,5857,15530,12621,12783,9686,0.46,1.21,13664.9,1.068990065,-6089.900649
6527,-7472,5892,15546,12686,12812,9683,0.46,1.21,13689.6,1.068498283,-6084.982829
6528,-7464,5895,15403,12721,12722,9682,0.46,1.21,13519.6,1.062694545,-6026.945449
6529,-7447,5903,15426,12724,12762,9682,0.46,1.21,13554.6,1.062106253,-6021.062529
6531,-7407,5866,15463,12715,12821,9684,0.46,1.21,13609.3,1.061485064,-6014.850636
6532,-7417,5831,15442,12724,12824,9687,0.46,1.2,13589.2,1.05966937,-5996.693699
6533,-7408,5776,15488,12755,12877,9689,0.45,1.2,13651.1,1.060114934,-6101.149336
6534,-7387,5826,15359,12705,12800,9688,0.46,1.2,13499,1.054609375,-5946.09375
6535,-7395,5666,15266,12575,12735,9689,0.45,1.2,13386.5,1.051158225,-6011.582254
6535,-7350,5821,15297,12728,12797,9690,0.46,1.2,13436.1,1.049941393,-5899.413925
6536,-7314,5694,15316,12470,12843,9692,0.46,1.19,13468.9,1.048734719,-5887.347193
6537,-7273,5856,15210,12744,12785,9692,0.46,1.19,13345.5,1.043840438,-5838.40438
6538,-7255,5848,15130,12703,12753,9693,0.46,1.19,13255.9,1.039433859,-5794.338587
6540,-7263,5759,15239,12677,12873,9694,0.45,1.18,13400.9,1.041008312,-5910.08312
6541,-7236,5856,15086,12710,12770,9696,0.46,1.18,13217,1.035003915,-5750.039154
6542,-7188,5843,14986,12688,12703,9698,0.46,1.18,13096.9,1.031008423,-5710.084232
6543,-7167,5759,15113,12705,12847,9698,0.45,1.18,13267.1,1.032700241,-5827.002413
6544,-7107,5899,14793,12761,12610,9696,0.46,1.17,12876,1.02109437,-5610.943695
6545,-7084,5843,15016,12760,12828,9693,0.46,1.17,13164.4,1.026223885,-5662.238853
6546,-7056,5741,14705,12671,12604,9691,0.45,1.17,12786.2,1.014455728,-5644.557283
6546,-7034,5925,14686,12760,12613,9689,0.46,1.16,12769.9,1.012439546,-5524.395465
6548,-6972,5940,14627,12770,12601,9689,0.47,1.16,12707.3,1.008435838,-5384.358384
6549,-6929,5939,14710,12742,12706,9691,0.47,1.16,12821.8,1.009113805,-5391.138045
6550,-6874,5916,14853,12734,12868,9693,0.46,1.15,13013.4,1.011299347,-5512.993472
6551,-6841,5973,14668,12763,12740,9694,0.47,1.15,12790,1.003924647,-5339.246468
6552,-6835,6001,14711,12786,12812,9694,0.47,1.15,12854.6,1.003325008,-5333.250078
6553,-6792,5971,14592,12705,12734,9693,0.47,1.15,12712.2,0.998288048,-5282.880477
6554,-6750,5980,14700,12756,12865,9690,0.47,1.14,12859.5,0.999572483,-5295.724835
6554,-6665,5972,14763,12653,12952,9688,0.47,1.14,12948.6,0.999737492,-5297.374923
6556,-6631,5979,14559,12711,12816,9687,0.47,1.14,12703.8,0.991245318,-5212.453184
6556,-6566,5910,14490,12515,12805,9687,0.47,1.13,12631.5,0.986450605,-5164.506052
6558,-6513,6080,14461,12761,12816,9692,0.48,1.13,12605.8,0.983598627,-5035.986267
6559,-6496,5998,14479,12717,12880,9697,0.47,1.12,12643,0.981599379,-5115.993789
6560,-6459,6111,14362,12793,12804,9702,0.48,1.12,12503.2,0.976507341,-4965.073415
6561,-6390,6051,14406,12717,12868,9703,0.48,1.12,12566.4,0.976562014,-4965.620143
6562,-6364,6120,14296,12726,12795,9701,0.48,1.12,12434.5,0.971824932,-4918.249316
6563,-6296,6109,14255,12677,12801,9694,0.48,1.11,12395.3,0.968307164,-4883.071635
6564,-6244,6192,14173,12750,12766,9687,0.49,1.11,12302.8,0.963716121,-4737.161209
6565,-6199,6072,14260,12667,12888,9682,0.48,1.11,12426.4,0.964183737,-4841.837368
6566,-6120,6159,13575,12700,12320,9682,0.48,1.1,11571,0.939204545,-4592.045455
6567,-6076,6184,14054,12570,12796,9689,0.49,1.1,12192.8,0.952860269,-4628.602688
6568,-5978,6333,14015,12702,12802,9698,0.5,1.09,12155.6,0.949507889,-4495.078894
6569,-5930,6398,13879,12783,12719,9708,0.5,1.09,11994.7,0.943053699,-4430.536992
6570,-5869,6387,13968,12761,12836,9709,0.5,1.09,12118.8,0.944125896,-4441.258959
6571,-5810,6387,13965,12697,12870,9709,0.5,1.09,12126,0.942191142,-4421.911422
6572,-5770,6389,13925,12706,12868,9706,0.5,1.08,12085.4,0.939182468,-4391.824681
6573,-5718,6462,13836,12773,12815,9704,0.51,1.08,11980.5,0.934880999,-4248.809988
6574,-5686,6490,13794,12718,12816,9702,0.51,1.08,11938.8,0.931554307,-4215.543071
6575,-5596,6444,13912,12606,12973,9703,0.51,1.07,12103.9,0.933007015,-4230.070146
6576,-5534,6606,13460,12732,12596,9702,0.52,1.07,11538.8,0.916068593,-3960.685932
6577,-5460,6640,13630,12740,12811,9702,0.52,1.06,11773.3,0.918999297,-3989.992975
6578,-5373,6626,13671,12752,12897,9701,0.52,1.06,11840.1,0.918050709,-3980.507095
6579,-5335,6710,13577,12762,12848,9700,0.53,1.06,11731.4,0.913091532,-3830.915318
6580,-5243,6764,13281,12723,12585,9700,0.53,1.06,11356.5,0.90238379,-3723.837902
6581,-5188,6782,13238,12694,12578,9700,0.53,1.05,11311.4,0.899300366,-3693.003657
6582,-5158,6835,13461,12738,12838,9700,0.54,1.05,11612.4,0.904533416,-3645.334164
6583,-5089,6845,13416,12743,12833,9700,0.54,1.05,11565.9,0.90126237,-3612.623705
6584,-4998,6882,13361,12725,12834,9700,0.54,1.04,11511.2,0.89693003,-3569.300296
6585,-4920,6844,13290,12657,12809,9704,0.54,1.04,11432.7,0.892552112,-3525.521118
6586,-4849,7006,13177,12719,12744,9712,0.55,1.03,11300.2,0.88670747,-3367.074702
6587,-4806,7017,13222,12741,12837,9719,0.55,1.03,11373.1,0.885962452,-3359.624523
6588,-4711,7077,13226,12727,12882,9722,0.56,1.03,11390.6,0.884226052,-3242.260519
6589,-4673,7027,13216,12726,12904,9722,0.55,1.02,11387.2,0.882455053,-3324.550527
6590,-4602,7161,13132,12713,12865,9719,0.56,1.02,11291.5,0.877691411,-3176.914108
6591,-4518,7240,12988,12728,12765,9716,0.57,1.02,11117.5,0.870936154,-3009.361535
6592,-4438,7209,12981,12720,12812,9713,0.57,1.01,11124.6,0.868295348,-2982.953481
6593,-4364,7249,12939,12700,12813,9714,0.57,1.01,11082.9,0.864973074,-2949.730742
6595,-4291,7383,12831,12739,12751,9713,0.58,1.01,10956.3,0.859250255,-2792.502549
6595,-4221,7382,12937,12736,12892,9711,0.58,1,11104.6,0.86135588,-2813.558796
6596,-4154,7450,12841,12725,12842,9709,0.59,1,10993.6,0.856066033,-2660.660333
6597,-4117,7540,12654,12791,12675,9708,0.59,1,10756.5,0.848639053,-2586.390533
6598,-4037,7542,12717,12738,12783,9708,0.59,0.99,10851.9,0.848932176,-2589.321755
6599,-3973,7577,12634,12719,12754,9707,0.6,0.99,10760.2,0.843672573,-2436.725733
6600,-3904,7627,12404,12711,12548,9707,0.6,0.99,10468.4,0.834268409,-2342.684093
6601,-3835,7678,12555,12722,12753,9706,0.6,0.98,10680.9,0.837520583,-2375.205834
6602,-3752,7734,12330,12721,12559,9705,0.61,0.98,10397.7,0.827908273,-2179.08273
6603,-3679,7803,12539,12791,12816,9706,0.61,0.98,10683.8,0.833629838,-2236.298377
6604,-3634,7774,12539,12730,12856,9711,0.61,0.98,10695.8,0.831969508,-2219.695084
6605,-3568,7898,12288,12742,12642,9716,0.62,0.97,10380.6,0.821120076,-2011.200759
6606,-3472,7941,12426,12724,12833,9720,0.62,0.97,10575.9,0.82411751,-2041.175095
6607,-3425,7994,12211,12754,12645,9720,0.63,0.97,10304.5,0.814907078,-1849.070779
6608,-3371,8028,12242,12745,12715,9716,0.63,0.96,10356.5,0.814510421,-1845.104208
6609,-3289,7998,12351,12726,12871,9711,0.63,0.96,10512.3,0.816743066,-1867.430658
6610,-3241,8047,12322,12712,12869,9706,0.63,0.96,10482.7,0.814569897,-1845.698967
6611,-3157,8134,12158,12692,12743,9705,0.64,0.95,10280.9,0.80678804,-1667.880405
6612,-3100,8172,12176,12723,12805,9706,0.64,0.95,10317.5,0.805739945,-1657.399453
6614,-3028,8236,12053,12721,12701,9705,0.65,0.95,10163.3,0.800196835,-1501.968349
6615,-2979,8320,12095,12780,12792,9704,0.65,0.95,10232.6,0.799921826,-1499.218261
6615,-2914,8266,12093,12717,12812,9703,0.65,0.94,10236.6,0.798985326,-1489.853263
6616,-2864,8354,11880,12714,12621,9703,0.66,0.94,9966.3,0.78966009,-1296.600903
6617,-2791,8258,12040,12494,12848,9702,0.66,0.94,10194.4,0.793462017,-1334.620174
6618,-2725,8426,11986,12700,12825,9700,0.66,0.93,10133.5,0.790136452,-1301.364522
6619,-2620,8516,11746,12725,12610,9698,0.67,0.93,9829,0.779460745,-1094.607454
6620,-2597,8568,11900,12752,12811,9697,0.67,0.93,10043.3,0.783959098,-1139.590977
6622,-2526,8619,11691,12732,12614,9697,0.68,0.93,9775.2,0.77494847,-949.4846995
6623,-2465,8641,11815,12722,12795,9700,0.68,0.92,9953.5,0.777921063,-979.2106292
6624,-2404,8710,11600,12747,12577,9702,0.68,0.92,9673.1,0.769110281,-891.1028067
6625,-2357,8668,11752,12669,12781,9705,0.68,0.92,9886.3,0.773515374,-935.1537438
6625,-2302,8796,11644,12781,12680,9704,0.69,0.92,9748,0.768769716,-787.6971609
6626,-2262,8672,11265,12648,12295,9706,0.69,0.92,9253.5,0.752623017,-626.2301749
6627,-2227,8813,11788,12769,12907,9709,0.69,0.91,9960.1,0.771682033,-816.8203301
6629,-2162,8843,11692,12759,12825,9713,0.69,0.91,9839.5,0.767212476,-772.1247563
6630,-2095,8952,11496,12733,12650,9715,0.7,0.91,9591,0.758181818,-581.8181818
6631,-2030,8910,11635,12666,12838,9716,0.7,0.91,9786.4,0.762299424,-622.9942359
6632,-1953,9069,11429,12756,12632,9715,0.71,0.9,9518.6,0.753530716,-435.3071564
6633,-1932,9037,11615,12758,12875,9714,0.71,0.9,9777.5,0.759417476,-494.1747573
6634,-1882,8981,11333,12698,12572,9713,0.71,0.9,9404.6,0.748059179,-380.5917913
6635,-1823,9113,11462,12692,12752,9713,0.72,0.9,9587.6,0.75185069,-318.5069009
6635,-1783,8938,11638,12464,12977,9713,0.72,0.9,9831.1,0.757578793,-375.7879325
6637,-1707,9260,11388,12758,12726,9711,0.73,0.89,9505.8,0.746958982,-169.5898161
6637,-1684,9288,11399,12716,12780,9709,0.73,0.89,9533,0.745931142,-159.3114241
6638,-1586,9377,11294,12760,12691,9708,0.73,0.89,9401.3,0.740784808,-107.8480813
6640,-1511,9430,11346,12775,12794,9708,0.74,0.89,9484.2,0.74130061,-13.00609661
6641,-1465,9363,11377,12723,12848,9707,0.74,0.89,9531.4,0.741858655,-18.58655044
6642,-1423,9503,11369,12746,12861,9706,0.75,0.88,9527.3,0.740789985,92.10014773
6643,-1380,9441,11335,12691,12852,9705,0.74,0.88,9490.6,0.738453159,15.46840959
6644,-1288,9605,11290,12787,12826,9705,0.75,0.88,9437.8,0.735833463,141.6653672
6645,-1295,9488,11034,12702,12560,9704,0.75,0.88,9102,0.724681529,253.1847134
6646,-1192,9570,11331,12732,12934,9705,0.75,0.88,9511.2,0.735364156,146.3584351
6647,-1140,9687,11217,12729,12815,9705,0.76,0.88,9361.5,0.73051112,294.8888022
6648,-1088,9673,11206,12680,12828,9705,0.76,0.87,9354.4,0.729217337,307.8266292
6649,-1072,9775,11016,12730,12628,9706,0.77,0.87,9104.4,0.720969275,490.3072537
6650,-1010,9836,11077,12758,12723,9710,0.77,0.87,9193.9,0.722620451,473.7954885
6651,-1009,9745,11197,12704,12882,9715,0.77,0.87,9361.6,0.726719454,432.805465
6652,-948,9834,11155,12705,12855,9720,0.77,0.87,9311.5,0.724348503,456.5149747
6653,-884,9913,11143,12738,12867,9721,0.78,0.87,9303.1,0.723020129,569.7987099
6654,-843,9905,11061,12703,12782,9722,0.78,0.87,9195.6,0.719417931,605.8206853
6655,-813,10017,11091,12766,12844,9726,0.78,0.86,9244.2,0.719729056,602.7094363
6656,-753,10000,11108,12734,12877,9730,0.79,0.86,9271.1,0.719973596,700.2640367
6657,-724,10068,10932,12714,12689,9734,0.79,0.86,9038.7,0.712325636,776.7436362
6658,-672,9938,11079,12591,12884,9734,0.79,0.86,9244.2,0.717494567,725.054331
6659,-627,10109,11086,12724,12913,9729,0.79,0.86,9259.9,0.717099047,729.0095253
6660,-573,10125,11012,12702,12852,9722,0.8,0.86,9167.6,0.713320884,866.7911609
6661,-535,10261,10914,12763,12751,9715,0.8,0.86,9039.3,0.708909105,910.9089483
6662,-506,10204,10990,12727,12867,9712,0.8,0.85,9150.1,0.711129245,888.7075464
6663,-452,10262,10953,12738,12845,9712,0.81,0.85,9106.5,0.7089529,1010.471
6664,-403,10264,10958,12711,12877,9710,0.81,0.85,9121.1,0.70832492,1016.750796
6665,-361,10310,10933,12703,12861,9707,0.81,0.85,9091.3,0.706889044,1031.109556
6666,-314,10269,11021,12689,12981,9705,0.81,0.85,9215.3,0.709906787,1000.932132
6668,-291,10292,10657,12661,12561,9705,0.81,0.85,8725.3,0.694634185,1153.658148
6668,-262,10508,10871,12775,12825,9708,0.82,0.85,9018.5,0.703196881,1168.031189
6670,-221,10498,10919,12768,12910,9713,0.82,0.85,9092,0.704260263,1157.397366
6670,-174,10510,10846,12744,12832,9718,0.82,0.85,8995.6,0.701028678,1189.713217
6671,-138,10508,10830,12678,12817,9722,0.83,0.84,8975.1,0.700249668,1297.503316
6672,-106,10543,10681,12624,12662,9721,0.84,0.84,8779.6,0.693381772,1466.182278
6673,-64,10665,10697,12728,12691,9718,0.84,0.84,8804.3,0.693743598,1462.564022
6674,-41,10640,10845,12766,12886,9714,0.83,0.84,9010.8,0.699270526,1307.294738
6675,4,10661,10868,12710,12925,9711,0.84,0.84,9045.5,0.699845261,1401.547389
6676,28,10725,10912,12712,12982,9710,0.84,0.84,9106.6,0.701478971,1385.210291
6678,75,10831,10705,12778,12748,9712,0.85,0.84,8829.4,0.692610606,1573.893944
6679,82,10827,10582,12756,12602,9715,0.85,0.84,8662.6,0.687398826,1626.011744
6680,105,10815,10803,12754,12881,9718,0.85,0.84,8967.3,0.696164894,1538.35106
6680,133,10862,10626,12729,12673,9720,0.85,0.84,8727.9,0.688700387,1612.996134
6681,149,10914,10770,12774,12855,9720,0.85,0.84,8926.5,0.694399067,1556.009335
6682,188,10842,10709,12718,12791,9722,0.85,0.84,8846.3,0.691603471,1583.965288
6683,212,10847,10481,12740,12524,9723,0.85,0.84,8538.2,0.681747046,1682.529543
6684,246,10915,10724,12710,12822,9726,0.86,0.84,8870.6,0.691826548,1681.734519
6686,262,10908,10819,12728,12954,9726,0.86,0.84,9005.2,0.695167516,1648.324842
6687,320,11021,10840,12730,12979,9726,0.87,0.84,9033.7,0.696024347,1739.75653
6688,299,10887,10443,12674,12507,9722,0.86,0.83,8495.1,0.679227633,1807.723675
6688,338,11103,10644,12752,12756,9719,0.87,0.83,8770.8,0.687582314,1824.176858
6689,379,11138,10592,12760,12696,9716,0.87,0.83,8700.8,0.68531821,1846.817895
6690,404,11183,10716,12787,12851,9716,0.87,0.83,8871.3,0.690319819,1796.801805
6691,417,11200,10569,12779,12680,9716,0.88,0.83,8673,0.683990536,1960.094637
6692,421,11100,10759,12733,12913,9716,0.87,0.83,8932.9,0.69177573,1782.242701
6693,466,11229,10735,12781,12888,9716,0.88,0.83,8901.4,0.690673495,1893.265053
6695,481,11209,10693,12751,12833,9716,0.88,0.83,8842.9,0.689075041,1909.249591
6696,485,11265,10733,12773,12877,9715,0.88,0.83,8896.1,0.690851906,1891.480935
6697,512,11178,10719,12705,12864,9710,0.88,0.83,8878.2,0.690158582,1898.414179
6698,495,11212,10455,12776,12552,9706,0.88,0.83,8520.6,0.678824092,2011.759082
6698,521,11309,10651,12755,12784,9702,0.89,0.83,8786.2,0.687280976,2027.190238
6699,554,11166,10752,12636,12909,9702,0.88,0.83,8924.7,0.691354869,1886.451313
6701,575,11292,10708,12713,12853,9708,0.89,0.83,8863.9,0.689636661,2003.633393
6701,582,11374,10700,12747,12846,9719,0.89,0.83,8853.8,0.689226218,2007.737817
6703,591,11359,10585,12716,12701,9729,0.89,0.83,8695.3,0.684615385,2053.846154
6704,595,11289,10781,12720,12936,9734,0.89,0.83,8961.8,0.692779839,1972.201608
6705,595,11402,10577,12733,12686,9734,0.9,0.83,8682.8,0.68443954,2155.604603
6706,596,11390,10655,12732,12775,9723,0.89,0.83,8787.5,0.687866928,2021.330724
6707,625,11356,10764,12740,12908,9712,0.89,0.83,8936.4,0.692314844,1976.851565
6708,624,11412,10746,12737,12878,9701,0.9,0.83,8909.4,0.69183103,2081.689703
6709,648,11445,10766,12783,12898,9701,0.9,0.83,8935.4,0.692774073,2072.259265
6710,642,11510,10676,12778,12781,9702,0.9,0.84,8810.3,0.689327909,2106.720914
6711,663,11517,10655,12764,12750,9704,0.9,0.84,8780,0.688627451,2113.72549
6712,654,11486,10612,12728,12688,9706,0.9,0.84,8718.4,0.687137453,2128.625473
6713,676,11390,10780,12683,12894,9708,0.9,0.84,8948.2,0.693981697,2060.183031
6713,665,11455,10725,12709,12817,9707,0.9,0.84,8870.1,0.692057424,2079.425763
6715,688,11526,10765,12742,12857,9710,0.9,0.84,8922.1,0.693948822,2060.511783
6716,666,11381,10823,12632,12920,9712,0.9,0.84,8999,0.696517028,2034.829721
6717,680,11537,10641,12737,12696,9715,0.91,0.84,8749.8,0.689177694,2208.223062
6718,679,11526,10773,12719,12846,9715,0.91,0.84,8926.8,0.694908921,2150.910789
6719,671,11373,10621,12529,12650,9716,0.91,0.84,8716,0.689011858,2209.881423
6720,688,11511,10810,12708,12877,9719,0.91,0.84,8973.1,0.69683156,2131.684399
6721,691,11538,10816,12747,12873,9722,0.91,0.84,8977.9,0.697420959,2125.790414
6722,692,11620,10784,12768,12830,9724,0.91,0.84,8933,0.696258769,2137.412315
6723,682,11466,10568,12702,12567,9724,0.9,0.84,8638.1,0.68736373,2126.362696
6724,691,11684,10758,12824,12780,9719,0.91,0.84,8892,0.695774648,2142.253521
6725,694,11523,10858,12715,12894,9713,0.91,0.84,9026.2,0.700031022,2099.689778
6726,688,11622,10892,12772,12929,9707,0.91,0.84,9070.7,0.701577848,2084.221518
6727,710,11415,10963,12600,13011,9706,0.91,0.84,9166.3,0.704503881,2054.961187
6728,710,11661,10595,12746,12553,9707,0.91,0.84,8660.9,0.689946626,2200.533737
6729,714,11656,10829,12765,12825,9715,0.91,0.84,8976.5,0.699922027,2100.779727
6730,712,11634,10859,12740,12852,9722,0.91,0.84,9014.6,0.701416122,2085.83878
6731,706,11594,10888,12697,12882,9728,0.91,0.85,9052.6,0.702732495,2072.67505
6732,719,11591,10878,12660,12859,9728,0.92,0.85,9035.7,0.702675169,2173.248309
6733,715,11645,10911,12754,12898,9725,0.91,0.85,9080.4,0.704016127,2059.838735
6734,714,11595,10945,12706,12925,9719,0.91,0.85,9122.5,0.705802708,2041.972921
6735,712,11729,10903,12761,12870,9714,0.92,0.85,9064,0.704273504,2157.264957
6736,721,11655,10927,12735,12892,9712,0.92,0.85,9094.6,0.705445237,2145.547626
6737,730,11520,11074,12524,13052,9712,0.92,0.85,9289.6,0.711737665,2082.623353
6738,723,11755,10882,12778,12819,9714,0.92,0.85,9027.7,0.704243701,2157.562992
6739,719,11739,10758,12748,12660,9716,0.92,0.85,8856,0.699526066,2204.739336
6740,695,11713,10749,12717,12639,9718,0.92,0.85,8840.7,0.699477807,2205.221932
6741,722,11714,10931,12716,12850,9719,0.92,0.85,9086,0.707081712,2129.182879
6742,685,11651,11004,12728,12931,9717,0.92,0.85,9183.3,0.710177094,2098.229062
6743,682,11647,10982,12707,12889,9715,0.92,0.85,9148.7,0.709806812,2101.93188
6744,691,11736,11015,12780,12910,9712,0.92,0.85,9188,0.711696359,2083.036406
6745,693,11676,11063,12707,12950,9711,0.92,0.85,9248,0.714131274,2058.687259
6746,681,11734,10975,12746,12822,9711,0.92,0.86,9121.6,0.711402277,2085.977227
6747,661,11498,11068,12589,12921,9714,0.91,0.86,9244.3,0.715447721,1945.522792
6748,648,11591,10803,12676,12599,9718,0.91,0.86,8882.7,0.705032145,2049.678546
6749,666,11724,10861,12695,12658,9721,0.92,0.86,8958.4,0.707726339,2122.736609
6750,636,11628,10828,12702,12600,9721,0.92,0.86,8908,0.706984127,2130.15873
6751,641,11709,11114,12753,12935,9719,0.92,0.86,9294.5,0.71855431,2014.4569
6752,628,11708,11054,12706,12840,9717,0.92,0.86,9206,0.716978193,2030.218069
6753,644,11768,11094,12758,12880,9714,0.92,0.86,9258,0.71878882,2012.111801
6754,615,11708,11098,12719,12865,9712,0.92,0.86,9257.5,0.71958803,2004.119705
6755,624,11749,11134,12766,12903,9712,0.92,0.86,9304.9,0.72114237,1988.5763
6756,598,11808,11062,12761,12791,9716,0.93,0.86,9199.3,0.719201001,2107.989993
6757,597,11798,10925,12752,12625,9722,0.93,0.87,9012.5,0.713861386,2161.386139
6758,590,11720,10712,12737,12365,9727,0.92,0.87,8721.5,0.705337647,2146.623534
6759,596,11778,11063,12732,12758,9729,0.93,0.87,9190.4,0.720363693,2096.363066
6760,571,11746,11185,12728,12891,9728,0.92,0.87,9352.3,0.725490652,1945.093476
6761,563,11675,11194,12676,12880,9724,0.92,0.87,9358,0.726552795,1934.47205
6762,571,11774,11006,12726,12650,9721,0.93,0.87,9101,0.71944664,2105.533597
6763,566,11744,11158,12694,12816,9719,0.93,0.87,9302.8,0.725873908,2041.260924
6764,543,11775,11230,12739,12887,9719,0.92,0.87,9396.1,0.729114612,1908.853884
6765,538,11800,11209,12771,12849,9720,0.92,0.87,9363.7,0.728749319,1912.50681
6766,522,11789,11262,12772,12895,9720,0.92,0.87,9430.5,0.731329973,1886.700271
6767,498,11230,11293,12264,12915,9721,0.92,0.87,9467.5,0.733062331,1869.376694
6768,498,11664,10992,12697,12555,9721,0.92,0.88,9058.5,0.721505376,1984.946237
6769,480,11483,11324,12485,12917,9721,0.92,0.88,9499.1,0.735395216,1846.047844
6770,501,11833,11255,12786,12820,9722,0.93,0.88,9401,0.733307332,1966.926677
6771,468,11779,11289,12764,12851,9724,0.92,0.88,9444.3,0.734907789,1850.922107
6772,452,11764,11304,12748,12852,9725,0.92,0.88,9459.6,0.736041083,1839.589169
6773,454,11691,11288,12683,12824,9725,0.92,0.88,9435.2,0.735745477,1842.545228
6775,420,11763,11242,12739,12747,9725,0.92,0.88,9366.1,0.734768965,1852.310348
6775,432,11753,11399,12761,12924,9727,0.92,0.88,9576.2,0.74096255,1790.374497
6777,422,11608,11408,12645,12919,9728,0.92,0.88,9583.7,0.741829863,1781.70137
6778,396,11216,11412,12264,12918,9729,0.91,0.88,9587.4,0.742173711,1678.262889
6778,398,11669,11095,12741,12545,9729,0.92,0.88,9158.5,0.730051813,1899.481865
6779,401,11804,11302,12762,12762,9727,0.92,0.89,9430.6,0.738959411,1810.405892
6780,392,11680,11470,12726,12944,9726,0.92,0.89,9653.2,0.745766378,1742.336218
6782,371,11763,11305,12746,12734,9724,0.92,0.89,9425.2,0.740160201,1798.39799
6783,341,11729,11442,12751,12885,9724,0.92,0.89,9607.5,0.745634459,1743.655413
6784,359,11698,11332,12669,12743,9727,0.92,0.89,9454.9,0.741968139,1780.318606
6785,322,11780,11233,12752,12619,9732,0.92,0.89,9318.7,0.738465806,1815.341945
6786,340,11685,11498,12715,12909,9737,0.92,0.89,9670.7,0.749144008,1708.559919
6787,314,11773,11306,12752,12678,9739,0.92,0.89,9409.4,0.74218331,1778.166903
6788,305,11410,11385,12484,12754,9738,0.91,0.89,9511.2,0.745742512,1642.574878
6789,329,11806,11436,12775,12801,9735,0.92,0.89,9576.3,0.748089993,1719.10007
6790,296,11702,11490,12723,12844,9731,0.92,0.89,9643.2,0.750794145,1692.058549
6791,294,11700,11552,12713,12903,9728,0.92,0.9,9722.9,0.753537937,1664.620631
6792,279,11694,11588,12737,12936,9727,0.92,0.9,9768.8,0.755163884,1648.361163
6793,272,11726,11514,12721,12839,9729,0.92,0.9,9665.7,0.752839006,1671.609938
6794,265,11802,11335,12781,12635,9731,0.92,0.9,9425.5,0.74598338,1740.166205
6795,273,11747,11576,12746,12893,9734,0.92,0.9,9743.9,0.755751183,1642.488172
6796,243,11818,11569,12782,12880,9736,0.92,0.9,9733,0.755667702,1643.322981
6797,221,11719,11594,12743,12884,9736,0.92,0.9,9759.2,0.757466625,1625.333747
6798,219,11579,11388,12646,12634,9733,0.92,0.9,9478.2,0.750213709,1697.86291
6799,219,11641,11604,12685,12871,9729,0.92,0.9,9765.3,0.758705617,1612.943827
6800,213,11684,11618,12719,12875,9725,0.92,0.9,9780.5,0.759650485,1603.495146
6801,200,11725,11684,12735,12945,9724,0.92,0.9,9867.5,0.762263422,1577.365778
6802,206,11791,11561,12784,12782,9724,0.92,0.9,9695.6,0.75853544,1614.645595
6803,207,11737,11680,12757,12920,9728,0.92,0.9,9856,0.762848297,1571.517028
6804,195,11859,11497,12850,12690,9731,0.92,0.91,9604,0.756816391,1631.836091
6805,168,11708,11692,12730,12900,9734,0.92,0.91,9862,0.764496124,1555.03876
6805,179,11763,11555,12751,12733,9733,0.92,0.91,9674.9,0.759828791,1601.712087
6807,143,11813,11604,12831,12777,9734,0.92,0.91,9737.1,0.762080301,1579.196995
6808,133,11543,11536,12615,12688,9735,0.92,0.91,9642.4,0.759962169,1600.37831
6809,101,11489,11479,12455,12618,9735,0.92,0.91,9564.4,0.757996513,1620.034871
6810,147,11651,11626,12660,12755,9735,0.92,0.91,9752.5,0.764602117,1553.978832
6811,107,11720,11598,12729,12729,9736,0.92,0.91,9716.7,0.763351402,1566.485977
6812,103,11691,11747,12737,12877,9737,0.92,0.91,9910.1,0.769596956,1504.030442
6813,103,11725,11626,12722,12735,9738,0.92,0.91,9746.5,0.765331763,1546.682371
6814,83,11679,11746,12755,12862,9739,0.92,0.91,9904.6,0.770066864,1499.331364
6815,59,11677,11818,12753,12929,9739,0.92,0.91,9996.7,0.773199783,1468.002166
6816,80,11772,11617,12777,12695,9739,0.92,0.92,9725.5,0.766089011,1539.109886
6817,59,11610,11871,12678,12963,9738,0.92,0.92,10059.9,0.776047211,1439.527887
6818,35,11267,11859,12241,12943,9737,0.92,0.92,10041.9,0.775855675,1441.443251
6819,5,11654,11469,12784,12498,9737,0.91,0.92,9518.4,0.761593855,1484.06145
6820,39,11665,11886,12737,12945,9737,0.92,0.92,10069.5,0.777867903,1421.320973
6821,7,11713,11852,12796,12913,9739,0.92,0.92,10025.9,0.776419113,1435.808875
6822,27,11727,11815,12762,12853,9742,0.92,0.92,9970.9,0.775764413,1442.35587
6823,23,11767,11780,12810,12813,9744,0.92,0.92,9923.9,0.774518068,1454.819324
6824,0,11745,11646,12771,12657,9744,0.92,0.92,9743.1,0.769779569,1502.204314
6825,-11,11650,11890,12724,12916,9739,0.92,0.92,10064.8,0.779250542,1407.49458
6826,-22,11755,11849,12805,12862,9730,0.92,0.92,10007.6,0.778074949,1419.250505
6827,-28,11662,11950,12736,12959,9722,0.92,0.92,10137.7,0.7822903,1377.096998
6828,-63,11595,11918,12726,12908,9717,0.91,0.92,10090.4,0.781716765,1282.832352
6829,-59,11547,11424,12699,12365,9717,0.91,0.92,9433.5,0.762919531,1470.804691
6831,-44,11521,11903,12576,12876,9725,0.92,0.92,10065.8,0.78174899,1382.510096
6831,-52,11644,11914,12715,12895,9734,0.92,0.92,10082.5,0.781892206,1381.077937
6832,-67,11669,11855,12767,12804,9742,0.91,0.93,9996.2,0.780709153,1292.908466
6833,-57,11627,11940,12704,12896,9742,0.92,0.93,10108.8,0.783870968,1361.290323
6834,-78,11621,11876,12736,12819,9739,0.91,0.93,10021.7,0.781784851,1282.151494
6835,-110,11619,12000,12691,12949,9730,0.92,0.93,10184.7,0.786524056,1334.759441
6836,-91,11589,11976,12677,12920,9721,0.91,0.93,10152,0.785758514,1242.414861
6838,-114,11611,11988,12735,12925,9716,0.91,0.93,10165.5,0.786499033,1235.009671
6839,-119,11253,11875,12413,12783,9716,0.91,0.93,10009.9,0.783063444,1269.365564
6840,-119,11715,11798,12785,12699,9717,0.92,0.93,9907.7,0.780195291,1398.04709
6841,-122,11561,11968,12683,12883,9719,0.91,0.93,10132.9,0.78653264,1234.673601
6841,-128,11584,12011,12672,12917,9721,0.91,0.93,10186.1,0.78858094,1214.190602
6842,-155,11670,11999,12797,12903,9721,0.91,0.93,10169.9,0.788181043,1218.189568
6843,-155,11583,12018,12717,12919,9721,0.91,0.93,10193.7,0.78904714,1209.528601
6844,-141,11653,12035,12755,12927,9721,0.91,0.93,10213.1,0.790059565,1199.404347
6846,-175,11528,12032,12666,12905,9722,0.91,0.93,10203.5,0.790662534,1193.374661
6847,-163,11678,12005,12768,12865,9722,0.91,0.93,10164.5,0.79008939,1199.106102
6848,-184,11593,12056,12710,12918,9722,0.91,0.93,10231.4,0.79202663,1179.733705
6849,-207,11656,11891,12763,12724,9722,0.91,0.93,10008.2,0.78656083,1234.391701
6850,-192,11704,11875,12803,12702,9723,0.91,0.93,9985.6,0.786143914,1238.560857
6851,-203,11677,11956,12785,12779,9723,0.91,0.94,10089.7,0.789553173,1204.468268
6851,-229,11584,12057,12740,12890,9724,0.91,0.94,10224,0.793173002,1168.269977
6852,-222,11525,12119,12718,12950,9724,0.91,0.94,10304,0.795675676,1143.243243
6853,-222,11626,12071,12780,12895,9723,0.91,0.94,10239.5,0.794067468,1159.32532
6854,-233,11698,12015,12817,12822,9722,0.91,0.94,10161.6,0.792512869,1174.871315
6855,-258,11629,11975,12773,12760,9721,0.91,0.94,10103,0.79177116,1182.288401
6857,-249,11647,12063,12779,12852,9721,0.91,0.94,10218.6,0.795098039,1149.019608
6858,-275,11469,12106,12606,12892,9726,0.91,0.94,10273.6,0.796897301,1131.026993
6859,-274,11450,12131,12694,12911,9732,0.9,0.94,10304.3,0.798102393,1018.976067
6860,-274,11606,12125,12769,12908,9739,0.91,0.94,10297.4,0.797753331,1122.466687
6860,-294,11408,12126,12601,12900,9741,0.91,0.94,10296,0.798139535,1118.604651
6861,-291,11609,12082,12785,12848,9741,0.91,0.94,10236.4,0.796731009,1132.689913
6863,-315,11546,12138,12758,12894,9743,0.91,0.94,10306.2,0.799302001,1106.979991
6864,-330,11553,12206,12763,12960,9744,0.91,0.94,10394,0.802006173,1079.938272
6865,-320,11569,12134,12765,12885,9746,0.91,0.94,10299.5,0.799340318,1106.596818
6866,-335,11559,12201,12772,12941,9746,0.91,0.94,10383.3,0.80235685,1076.431497
6867,-317,11597,12169,12784,12913,9744,0.91,0.94,10342.9,0.800968017,1090.319833
6868,-357,11535,12116,12750,12837,9739,0.9,0.94,10267.1,0.79980525,1001.947496
6869,-360,11423,12180,12710,12904,9734,0.9,0.94,10351.2,0.80216987,978.3013019
6870,-364,11527,11770,12767,12462,9732,0.9,0.94,9808.6,0.787080725,1129.192746
6870,-352,11500,12138,12711,12848,9732,0.9,0.94,10292.4,0.801089664,989.1033624
6872,-359,11538,12178,12754,12884,9735,0.9,0.95,10343.2,0.802794163,972.058367
6873,-373,11513,12135,12731,12828,9738,0.9,0.95,10283.4,0.801637044,983.6295603
6874,-371,11579,12213,12760,12912,9742,0.91,0.95,10386.6,0.804414498,1055.855019
6875,-399,11560,12056,12752,12729,9742,0.91,0.95,10174.7,0.799332233,1106.677665
6876,-403,11560,12233,12799,12917,9741,0.9,0.95,10408.1,0.805767593,942.3240691
6877,-396,11541,12222,12743,12900,9740,0.91,0.95,10392,0.805581395,1044.186047
6878,-419,11516,12215,12754,12886,9739,0.9,0.95,10380.8,0.805587459,944.1254074
6879,-440,11090,12069,12327,12720,9738,0.9,0.95,10185,0.800707547,992.9245283
6880,-437,11395,11905,12709,12541,9738,0.9,0.95,9967.3,0.794777131,1052.22869
6881,-432,11460,12045,12667,12675,9740,0.9,0.95,10147.5,0.800591716,994.0828402
6882,-448,11492,12194,12750,12829,9743,0.9,0.95,10342.7,0.806196898,938.0310235
6883,-466,11522,12260,12782,12901,9745,0.9,0.95,10430.3,0.808487714,915.1228587
6884,-450,11558,12161,12783,12782,9746,0.9,0.95,10295.6,0.805476451,945.2354874
6885,-478,11443,12322,12748,12956,9745,0.9,0.95,10508.8,0.811114542,888.8545847
6886,-487,11462,12328,12744,12945,9740,0.9,0.95,10511.5,0.81201236,879.8764002
6887,-483,11479,12293,12778,12903,9735,0.9,0.95,10463.9,0.810966442,890.3355809
6888,-509,11503,12275,12782,12879,9731,0.9,0.95,10438.7,0.810521003,894.7899682
6889,-546,11298,12139,12656,12713,9731,0.89,0.95,10252.9,0.80648942,835.1057972
6890,-536,11499,12247,12780,12834,9736,0.9,0.95,10397.2,0.810129344,898.7065607
6891,-528,11407,12273,12682,12847,9742,0.9,0.96,10427.1,0.811636958,883.6304196
6892,-567,11458,12335,12776,12907,9748,0.9,0.96,10507.1,0.814062137,859.3786318
6893,-560,11474,12258,12775,12812,9750,0.9,0.96,10401.6,0.811863878,881.3612239
6894,-565,11373,12386,12718,12947,9750,0.89,0.96,10570.1,0.816413069,735.8693134
6895,-576,11362,12407,12695,12952,9749,0.89,0.96,10592.6,0.817835083,721.6491662
6896,-584,11429,12369,12783,12910,9747,0.89,0.96,10542,0.816576297,734.2370256
6897,-595,11460,12224,12772,12748,9747,0.9,0.96,10348.4,0.811766552,882.3344838
6898,-620,11438,12143,12760,12652,9746,0.9,0.96,10238.6,0.80924755,907.5245021
6899,-635,11287,12467,12723,12995,9746,0.89,0.96,10665.5,0.820738746,692.6125433
6900,-631,11408,12364,12763,12871,9745,0.89,0.96,10525.3,0.817753088,722.4691166
6901,-646,11241,12335,12647,12833,9744,0.89,0.96,10484.9,0.817026416,729.7358373
6902,-652,11356,12478,12752,12971,9743,0.89,0.96,10669.3,0.822550305,674.4969547
6903,-658,11414,12360,12766,12839,9743,0.89,0.96,10511.7,0.818731988,712.6801153
6904,-691,11377,12450,12798,12926,9744,0.89,0.96,10627.8,0.822203311,677.9668884
6905,-704,11414,12434,12808,12906,9744,0.89,0.96,10605.8,0.821772819,682.2718116
6906,-704,11425,12396,12802,12851,9744,0.89,0.96,10551.3,0.821048946,689.5105439
6907,-704,11316,12517,12725,12966,9745,0.89,0.97,10706.8,0.825759679,642.4032084
6908,-747,11281,12486,12750,12929,9744,0.88,0.97,10664.7,0.824866579,551.3342099
6909,-766,11373,12323,12800,12733,9742,0.89,0.97,10442.9,0.820144506,698.554936
6910,-778,11211,12056,12718,12459,9740,0.88,0.97,10093.7,0.810153303,698.4669717
6911,-778,11263,12554,12755,12966,9739,0.88,0.97,10743.8,0.828613296,513.8670369
6912,-826,11311,12437,12758,12833,9739,0.89,0.97,10586.9,0.824974675,650.2532533
6913,-829,11239,12469,12731,12855,9740,0.88,0.97,10625.5,0.826565539,534.344613
6914,-825,11257,12556,12737,12935,9741,0.88,0.97,10736.5,0.830034789,499.6521067
6915,-834,11290,12467,12762,12832,9741,0.88,0.97,10616.6,0.827353491,526.4650873
6916,-850,11310,12563,12762,12927,9741,0.89,0.97,10741.1,0.830904309,590.9569119
6917,-843,11264,12596,12751,12956,9740,0.88,0.97,10782.8,0.832263044,477.3695585
6918,-868,11293,12552,12792,12893,9737,0.88,0.97,10719.9,0.831451175,485.4882494
6919,-910,10798,12370,12364,12686,9734,0.87,0.98,10475.8,0.825776446,442.2355352
6920,-888,11266,12564,12741,12886,9733,0.88,0.98,10729.8,0.832671116,473.2888406
6922,-911,11246,12585,12756,12896,9733,0.88,0.98,10753.8,0.833886476,461.1352357
6922,-931,11195,12618,12760,12927,9736,0.88,0.98,10796.1,0.83515897,448.410304
6923,-939,11166,12664,12731,12967,9741,0.88,0.98,10854.1,0.837055603,429.4439732
6924,-969,11149,12654,12719,12944,9745,0.88,0.98,10837.2,0.83723733,427.6266996
6925,-952,11255,12455,12782,12729,9747,0.88,0.98,10573.7,0.830677979,493.2202058
6926,-985,11262,12577,12816,12843,9746,0.88,0.98,10729.9,0.835466791,445.3320875
6928,-975,11152,12604,12721,12881,9743,0.88,0.98,10768.3,0.835983231,440.1676888
6929,-1003,11244,12428,12797,12673,9739,0.88,0.98,10529.9,0.830892449,491.0755149
6929,-1047,10953,12537,12613,12782,9737,0.87,0.98,10671.6,0.834892818,351.0718197
6930,-1017,11194,12440,12757,12679,9737,0.88,0.98,10543.7,0.831587665,484.1233536
6931,-1040,11180,12451,12744,12666,9738,0.88,0.98,10550.8,0.833001737,469.9826307
6932,-1048,11134,12659,12764,12889,9739,0.87,0.98,10825.7,0.839917759,300.8224067
6934,-1063,11168,12651,12760,12856,9741,0.88,0.98,10807.8,0.840681394,393.186061
6934,-1084,11070,12784,12738,12979,9741,0.87,0.98,10977.7,0.845804762,241.9523846
6935,-1095,11071,12726,12732,12919,9741,0.87,0.99,10901.7,0.843850143,261.498568
6937,-1141,11095,12572,12711,12741,9744,0.87,0.99,10694.3,0.839361118,306.3888235
6938,-1122,11132,12792,12802,12960,9746,0.87,0.99,10980,0.847222222,227.7777778
6939,-1170,11116,12789,12823,12946,9748,0.87,0.99,10972.8,0.847582265,224.1773521
6940,-1149,10789,12779,12392,12932,9748,0.87,0.99,10958.6,0.847401794,225.98206
6940,-1178,11117,12575,12784,12725,9747,0.87,0.99,10692.5,0.840275049,297.2495088
6941,-1182,11007,12778,12719,12910,9746,0.87,0.99,10951,0.848257165,217.4283501
6942,-1206,10997,12786,12708,12909,9745,0.87,0.99,10958.7,0.848919359,210.8064141
6943,-1225,11036,12727,12745,12829,9744,0.87,0.99,10875.7,0.847743394,222.5660613
6945,-1271,11046,12839,12781,12941,9745,0.86,0.99,11021.3,0.851657523,83.42477397
6946,-1250,10999,12838,12755,12943,9743,0.86,0.99,11020.9,0.851495017,85.04983389
6947,-1281,11027,12836,12787,12924,9741,0.86,0.99,11013.2,0.852151037,78.48963169
6948,-1297,11034,12717,12779,12787,9739,0.86,0.99,10853.1,0.84876046,112.3954016
6949,-1309,11002,12827,12799,12889,9739,0.86,1,10993.7,0.85295213,70.47870277
6949,-1324,10919,12761,12698,12809,9739,0.86,1,10903.7,0.851253025,87.46974783
6951,-1325,10961,12782,12721,12832,9740,0.86,1,10931.6,0.851901496,80.98503741
6952,-1335,10797,12845,12574,12882,9741,0.86,1,11009.6,0.854649899,53.50100916
6953,-1370,10987,12856,12800,12887,9741,0.86,1,11022.1,0.855288275,47.11724994
6954,-1370,10837,12956,12726,12979,9741,0.85,1,11149.7,0.859056938,-90.56938131
6955,-1391,11016,12698,12825,12703,9745,0.86,1,10808.9,0.85089349,91.06510273
6956,-1409,10867,12912,12734,12925,9750,0.85,1,11089.5,0.857988395,-79.88394584
6957,-1436,10971,12725,12803,12709,9755,0.86,1,10837.7,0.852757888,72.42111889
6958,-1436,10954,12781,12794,12767,9756,0.86,1,10911.1,0.854633038,53.66961698
6959,-1431,10839,12931,12698,12913,9752,0.85,1,11104.9,0.859978316,-99.78316425
6960,-1474,10748,12917,12691,12887,9744,0.85,1,11083.1,0.860021727,-100.2172732
6961,-1478,10926,12777,12794,12732,9736,0.85,1,10896.6,0.855843544,-58.43543827
6962,-1478,10842,12893,12714,12843,9731,0.85,1,11045.9,0.860071634,-100.7163435
6963,-1519,10871,12764,12761,12707,9732,0.85,1,10876.1,0.855914063,-59.14063115
6964,-1525,10900,12865,12810,12792,9734,0.85,1.01,11002.6,0.860115697,-101.1569731
6965,-1564,10730,12715,12750,12636,9737,0.84,1.01,10805.8,0.855159861,-151.5986072
6966,-1554,10852,12790,12782,12697,9739,0.85,1.01,10899.1,0.858399622,-83.99621958
6967,-1580,10735,13017,12724,12921,9740,0.84,1.01,11193.3,0.866287439,-262.8743905
6968,-1600,10832,12792,12781,12690,9739,0.85,1.01,10899,0.858865248,-88.65248227
6969,-1616,10657,13055,12683,12955,9738,0.84,1.01,11241.5,0.867734465,-277.3446546
6970,-1662,10586,13041,12670,12921,9737,0.84,1.01,11217.3,0.86814488,-281.4488043
6971,-1642,10714,12589,12766,12477,9736,0.84,1.01,10632.1,0.85213593,-121.3593011
6972,-1646,10651,13069,12669,12936,9736,0.84,1.01,11249.8,0.869650588,-296.5058751
6973,-1662,10650,13105,12697,12974,9740,0.84,1.01,11297.2,0.870756898,-307.5689841
6974,-1672,10632,13095,12718,12949,9747,0.84,1.01,11279.7,0.87108657,-310.8657039
6975,-1701,10743,12812,12773,12654,9753,0.84,1.01,10908.2,0.86203572,-220.3571993
6976,-1706,10733,12853,12783,12689,9756,0.84,1.01,10959.7,0.863716605,-237.1660493
6977,-1748,10584,13129,12708,12964,9756,0.83,1.01,11318.2,0.873048442,-430.4844184
6978,-1746,10667,13150,12793,12980,9753,0.83,1.01,11344,0.873959938,-439.5993837
6979,-1763,10689,12898,12777,12706,9751,0.84,1.02,11009.8,0.866504014,-265.0401385
6980,-1784,10266,13061,12428,12868,9750,0.83,1.01,11221.4,0.872039167,-420.3916693
6981,-1769,10678,12890,12791,12696,9750,0.83,1.02,10998.8,0.866320101,-363.2010082
6982,-1785,10590,13092,12721,12891,9749,0.83,1.02,11259.3,0.873423319,-434.2331859
6983,-1816,10548,13120,12729,12913,9747,0.83,1.02,11293.9,0.874614729,-446.1472934
6984,-1823,10634,13103,12808,12889,9745,0.83,1.02,11269.7,0.874365738,-443.6573823
6985,-1849,10494,13188,12720,12967,9745,0.82,1.02,11378.1,0.877465875,-574.6587491
6986,-1858,10613,13168,12829,12942,9745,0.83,1.02,11350.6,0.877036007,-470.360068
6987,-1881,10482,13179,12720,12949,9746,0.82,1.02,11363.7,0.877573558,-575.735578
6988,-1904,10548,13096,12770,12860,9747,0.83,1.02,11254,0.875116641,-451.1664075
6989,-1909,10547,13147,12795,12911,9749,0.82,1.02,11320.3,0.876794981,-567.9498102
6990,-1919,10427,13000,12641,12748,9749,0.82,1.02,11124.4,0.872638845,-526.3884531
6991,-1953,10365,12820,12713,12566,9749,0.82,1.02,10889.8,0.866608308,-466.0830813
6992,-1951,10399,13244,12751,12985,9752,0.82,1.02,11439.5,0.880978052,-609.780516
6993,-1964,10520,12976,12788,12708,9754,0.82,1.02,11088.4,0.872552723,-525.5272269
6994,-1981,10425,13189,12796,12914,9756,0.81,1.02,11363.2,0.879913272,-699.1327242
6995,-2025,10468,13238,12790,12964,9756,0.82,1.02,11427.2,0.881456341,-614.5634064
6996,-2004,10479,12966,12779,12693,9755,0.82,1.02,11073.9,0.872441503,-524.4150319
6997,-2015,10327,12792,12602,12525,9754,0.82,1.02,10849.5,0.866227545,-462.2754491
6998,-2024,10399,13220,12776,12929,9752,0.81,1.02,11398.7,0.881638178,-716.3817774
6999,-2050,10388,13216,12768,12928,9753,0.81,1.02,11394.4,0.881373762,-713.7376238
7000,-2053,10365,13213,12781,12927,9753,0.81,1.02,11391.1,0.881186664,-711.8666357
7001,-2081,10298,12789,12775,12498,9754,0.81,1.02,10838.4,0.867210754,-572.1075372
7002,-2075,10310,13250,12703,12957,9754,0.81,1.02,11437.1,0.882696612,-726.9661187
7003,-2064,10420,13173,12791,12877,9755,0.81,1.02,11336.1,0.880337035,-703.3703502
7004,-2080,10349,13294,12822,12992,9755,0.81,1.02,11491.6,0.884513547,-745.135468
7005,-2096,10385,12991,12784,12692,9751,0.81,1.02,11098.6,0.87445635,-644.5635046
7006,-2096,10353,12997,12756,12690,9747,0.81,1.02,11104,0.875019701,-650.1970055
7007,-2131,10363,13089,12776,12776,9742,0.81,1.02,11221.8,0.878350031,-683.5003131
7008,-2116,10279,13293,12756,12988,9741,0.81,1.02,11489.4,0.884616569,-746.1656914
7009,-2133,10307,13221,12753,12911,9740,0.81,1.02,11394.3,0.882526528,-725.2652777
7010,-2138,10356,12990,12802,12676,9733,0.81,1.02,11092.8,0.875102556,-651.0255601
7011,-2152,10272,13257,12764,12950,9726,0.8,1.02,11442,0.883552124,-835.5212355
7012,-2146,10250,13272,12732,12962,9720,0.81,1.02,11460.6,0.88416911,-741.6910971
7013,-2177,10226,13284,12764,12975,9720,0.8,1.02,11476.5,0.884508671,-845.0867052
7014,-2197,10312,13068,12789,12761,9726,0.81,1.02,11196.3,0.877384218,-673.8421754
7015,-2165,10241,13220,12788,12914,9737,0.8,1.02,11394.2,0.882313768,-823.13768
7016,-2170,10217,13158,12747,12849,9748,0.8,1.02,11312.7,0.880434275,-804.3427504
7017,-2200,10253,13211,12772,12909,9752,0.8,1.02,11383.7,0.881842126,-818.4212565
7018,-2191,10098,13341,12654,13039,9752,0.8,1.02,11552.7,0.886011197,-860.1119718
7019,-2203,10237,13066,12745,12749,9753,0.8,1.02,11190.7,0.877770806,-777.7080555
7020,-2209,10128,13261,12755,12958,9754,0.79,1.02,11448.4,0.88350054,-935.0054021
7021,-2211,10136,13225,12735,12919,9755,0.8,1.02,11400.7,0.882475424,-824.7542379
7023,-2210,10196,13181,12771,12875,9755,0.8,1.02,11343.5,0.881048544,-810.4854369
7023,-2226,10158,13182,12737,12883,9771,0.8,1.02,11346.9,0.88076535,-807.6534969
7024,-2228,10242,13129,12807,12832,9797,0.8,1.02,11278.6,0.878943267,-789.4326683
7025,-2228,10138,13202,12752,12900,9823,0.8,1.02,11372,0.881550388,-815.503876
7026,-2244,10223,13208,12821,12912,9834,0.8,1.02,11381.6,0.881474597,-814.7459727
7027,-2263,10066,13266,12718,12964,9834,0.79,1.02,11455.2,0.883616168,-936.1616785
7028,-2242,10189,12985,12764,12689,9811,0.8,1.02,11091.7,0.874119316,-741.1931594
7029,-2250,10172,13217,12799,12926,9789,0.79,1.02,11394.8,0.88154108,-915.4107999
7031,-2244,10064,13207,12743,12921,9766,0.79,1.02,11383.3,0.880992183,-909.9218327
7031,-2267,10113,12587,12755,12303,9766,0.79,1.02,10577.9,0.859782167,-697.8216695
7032,-2240,10201,13100,12803,12804,9765,0.8,1.02,11241.2,0.877944392,-779.4439238
7033,-2266,10144,13141,12736,12856,9762,0.8,1.02,11297.8,0.878795893,-787.9589297
7035,-2246,10204,13092,12837,12808,9759,0.79,1.02,11234.4,0.877139288,-871.3928795
7035,-2294,10096,13191,12727,12913,9757,0.79,1.02,11364.9,0.880113064,-901.1306435
7037,-2253,10177,13001,12800,12715,9757,0.8,1.02,11115.5,0.874203696,-742.0369642
7037,-2270,10122,13136,12783,12863,9755,0.79,1.02,11294.9,0.878092202,-880.9220244
7039,-2259,10125,13213,12815,12946,9751,0.79,1.02,11396.8,0.880333694,-903.3369381
7040,-2273,10057,13268,12772,12995,9748,0.79,1.02,11466.5,0.882377838,-923.7783763
7040,-2273,9865,13162,12431,12907,9747,0.79,1.02,11334.1,0.878135895,-881.3589525
7042,-2231,10155,13100,12792,12854,9749,0.79,1.02,11256.2,0.875696281,-856.9628131
7042,-2269,10072,13207,12777,12956,9756,0.79,1.02,11393.8,0.879422661,-894.2266132
7044,-2255,10024,13217,12710,12973,9763,0.79,1.02,11408.9,0.87943421,-894.3420951
7045,-2245,10088,13094,12762,12856,9767,0.79,1.02,11250.8,0.875140012,-851.4001245
7046,-2276,10063,13131,12748,12888,9767,0.79,1.02,11297.4,0.876582868,-865.8286778
7047,-2262,10142,12923,12803,12688,9765,0.79,1.02,11029.4,0.869278058,-792.7805801
7048,-2257,10157,12969,12823,12735,9764,0.79,1.02,11089.5,0.870789164,-807.8916372
7048,-2253,10135,12974,12803,12741,9762,0.79,1.02,11096.3,0.870912801,-809.1280119
7050,-2253,10051,13155,12747,12933,9761,0.79,1.02,11334.9,0.876432382,-864.3238228
7051,-2249,10032,13191,12682,12988,9761,0.79,1.02,11387.4,0.876763166,-867.63166
7052,-2236,10151,13067,12837,12871,9760,0.79,1.02,11228.3,0.872371999,-823.7199907
7053,-2239,10013,13171,12745,12973,9758,0.79,1.02,11362.9,0.875888384,-858.8838357
7054,-2247,9997,12886,12783,12687,9757,0.78,1.02,10992.1,0.866406558,-864.0655789
7055,-2227,10005,13137,12771,12954,9758,0.78,1.01,11323.2,0.874108384,-941.0838351
7056,-2216,10074,13137,12794,12962,9759,0.79,1.01,11325.6,0.87375405,-837.540503
7056,-2234,10051,13049,12745,12874,9762,0.79,1.01,11211.2,0.870840454,-808.4045363
7057,-2215,10084,13084,12778,12921,9764,0.79,1.01,11260.3,0.871472796,-814.7279622
7058,-2203,10150,12908,12836,12751,9765,0.79,1.01,11033.3,0.865288997,-752.8899694
7060,-2195,10111,13109,12809,12957,9765,0.79,1.01,11296.1,0.871814463,-818.1446322
7061,-2211,10017,13019,12790,12876,9763,0.78,1.01,11181.8,0.86842187,-884.2187015
7062,-2207,10069,12399,12765,12263,9761,0.79,1.01,10377.9,0.84627742,-562.7741988
7063,-2183,10147,12986,12829,12856,9760,0.79,1.01,11142.8,0.866739266,-767.3926571
7064,-2210,9994,13070,12748,12950,9759,0.78,1.01,11255,0.869111969,-891.1196911
7065,-2177,10115,12802,12789,12682,9758,0.79,1.01,10906.6,0.860006308,-700.0630815
7065,-2171,10112,12858,12780,12741,9755,0.79,1.01,10980.3,0.861808335,-718.083353
7067,-2169,10026,13072,12755,12973,9752,0.79,1.01,11263.9,0.868257149,-782.5714946
7067,-2161,10091,13034,12810,12938,9751,0.79,1.01,11215.4,0.86685732,-768.5731952
7069,-2148,10100,13023,12774,12929,9751,0.79,1.01,11201.7,0.866401114,-764.0111378
7070,-2155,10009,13082,12774,13006,9749,0.78,1.01,11283.8,0.867584192,-875.8419191
7071,-2126,9839,13027,12429,12957,9746,0.79,1.01,11214.1,0.865485838,-754.8583777
7072,-2126,10091,12307,12765,12246,9744,0.79,1,10280.8,0.83952311,-495.2310959
7073,-2103,9964,12993,12601,12936,9745,0.79,1,11173.8,0.86377551,-737.755102
7074,-2111,10045,13070,12788,13030,9745,0.79,1,11279,0.865617805,-756.1780507
7074,-2103,10150,12879,12804,12835,9745,0.79,1,11029.5,0.859329957,-693.2995715
7075,-2111,10004,12738,12763,12697,9745,0.78,1,10847.1,0.854304166,-743.0416634
7077,-2074,10128,12918,12804,12898,9745,0.79,1,11087.4,0.859621647,-696.2164677
7078,-2087,10098,12938,12795,12921,9745,0.79,1,11114.3,0.860173361,-701.7336119
7079,-2061,10160,12865,12820,12858,9746,0.79,1,11022.4,0.857240628,-672.406284
7080,-2067,10126,12880,12789,12877,9749,0.79,1,11043.1,0.857583288,-675.8328803
7081,-2064,9719,12873,12410,12890,9751,0.78,1,11040,0.85647789,-764.7788984
7082,-2043,10028,12683,12771,12706,9751,0.79,1,10794.8,0.849582874,-595.8287423
7083,-2037,10109,12885,12784,12914,9752,0.79,1,11059.2,0.856372929,-663.729286
7084,-2020,10081,12940,12748,12978,9755,0.79,1,11133.4,0.85786716,-678.6715981
7085,-2018,10124,12873,12795,12911,9758,0.79,1,11046.3,0.855572767,-655.7276741
7086,-2022,10140,12887,12754,12938,9761,0.8,1,11068.4,0.85549544,-554.9543979
7087,-1992,10172,12736,12783,12798,9761,0.8,1,10875.4,0.849773402,-497.7340209
7088,-1993,10168,12623,12779,12677,9764,0.8,1,10726.1,0.846107123,-461.0712314
7089,-1994,10054,12933,12757,13014,9767,0.79,0.99,11137.2,0.855786077,-657.8607653
7090,-2004,10104,12922,12786,13007,9770,0.79,0.99,11124.1,0.855239486,-652.3948643
7091,-1958,10118,12775,12708,12863,9770,0.8,0.99,10933.9,0.85002721,-500.2720983
7092,-1964,10189,12852,12836,12947,9769,0.79,0.99,11036.1,0.852405963,-624.0596277
7093,-1934,10168,12766,12783,12873,9765,0.8,0.99,10927.9,0.8489008,-489.0080012
7094,-1928,10193,12850,12833,12964,9761,0.79,0.99,11039.2,0.851527306,-615.2730639
7095,-1925,10192,12838,12825,12951,9758,0.79,0.99,11023.3,0.851154351,-611.5435102
7096,-1908,10163,12832,12763,12953,9758,0.8,0.99,11017.9,0.850606037,-506.0603721
7097,-1910,10170,12571,12730,12695,9762,0.8,0.99,10679.5,0.841236707,-412.3670737
7098,-1902,10183,12798,12809,12937,9768,0.79,0.99,10979.1,0.848658885,-586.5888537
7099,-1879,10110,12809,12708,12954,9775,0.8,0.99,10995.2,0.848788019,-487.8801914
7100,-1895,10167,12824,12833,12980,9777,0.79,0.99,11018,0.848844376,-588.4437596
7101,-1911,10102,12724,12752,12875,9777,0.79,0.99,10886.5,0.845553398,-555.5339806
7101,-1860,10180,12702,12757,12871,9775,0.8,0.99,10863.3,0.844013674,-440.1367415
7103,-1852,10245,12641,12789,12798,9774,0.8,0.99,10780.4,0.842350367,-423.5036724
7104,-1841,10176,12813,12762,12994,9772,0.8,0.99,11011.2,0.847406495,-474.0649531
7105,-1821,10188,12771,12764,12960,9772,0.8,0.99,10959,0.845601852,-456.0185185
7106,-1837,10170,12806,12775,13002,9769,0.8,0.98,11006.6,0.846531303,-465.3130288
7107,-1833,10230,12790,12811,12995,9764,0.8,0.98,10988.5,0.845594459,-455.9445941
7108,-1835,10119,12438,12741,12629,9758,0.79,0.98,10526.7,0.83353393,-435.3392984
7109,-1788,10259,12695,12781,12903,9755,0.8,0.98,10865.9,0.842121987,-421.2198713
7110,-1807,10302,12604,12803,12822,9755,0.8,0.98,10750.6,0.83844954,-384.4953985
7111,-1787,10065,12786,12652,13004,9757,0.8,0.98,10987.2,0.844909259,-449.0925869
7112,-1785,10252,12639,12771,12865,9759,0.8,0.98,10798.5,0.839370385,-393.7038476
7113,-1756,10342,12678,12829,12908,9760,0.81,0.98,10850.4,0.84059498,-305.9497986
7114,-1773,10184,12378,12778,12602,9760,0.8,0.98,10458.6,0.829915886,-299.1588637
7115,-1741,10336,12529,12802,12762,9759,0.81,0.98,10657.6,0.835104216,-251.0421564
7116,-1721,10285,12678,12797,12934,9756,0.8,0.98,10858.2,0.839508273,-395.0827277
7117,-1725,10301,12453,12746,12696,9753,0.81,0.98,10561.8,0.831899811,-218.9981096
7118,-1710,10356,12485,12807,12733,9752,0.81,0.98,10604.9,0.832867353,-228.6735255
7119,-1701,10318,12657,12785,12920,9751,0.81,0.98,10833,0.838467492,-284.6749226
7120,-1702,10297,12746,12784,13018,9764,0.81,0.98,10951.4,0.841250576,-312.5057613
7121,-1692,10273,12534,12712,12801,9779,0.81,0.98,10674.3,0.833864542,-238.6454183
7122,-1675,10409,12505,12840,12783,9794,0.81,0.98,10639.9,0.832347649,-223.4764922
7123,-1676,10339,12649,12798,12935,9797,0.81,0.98,10829.5,0.837224584,-272.2458446
7124,-1671,10265,12696,12760,12991,9796,0.8,0.98,10893.3,0.838526672,-385.2667231
7125,-1655,10330,12678,12784,12975,9788,0.81,0.98,10870.5,0.837803468,-278.0346821
7126,-1660,10376,12462,12766,12758,9779,0.81,0.98,10589.4,0.830020379,-200.2037937
7127,-1637,10456,12558,12860,12860,9773,0.81,0.98,10716,0.833281493,-232.81493
7128,-1645,10345,12662,12788,12971,9773,0.81,0.98,10853.3,0.836735795,-267.3579524
7129,-1634,10272,12665,12735,12976,9767,0.81,0.98,10857.8,0.836760173,-267.6017263
7130,-1614,10343,12643,12786,12964,9761,0.81,0.98,10832.2,0.835560012,-255.6001234
7130,-1612,10272,12571,12740,12888,9754,0.81,0.98,10737.4,0.833131595,-231.3159528
7132,-1605,10349,11978,12768,12278,9752,0.81,0.98,9961.4,0.811321062,-13.21062062
7133,-1580,10250,12568,12571,12891,9753,0.82,0.97,10735.3,0.832774804,-127.7480413
7134,-1580,10432,12595,12780,12932,9758,0.82,0.97,10774.6,0.833173523,-131.7352304
7135,-1571,10388,12630,12801,12963,9763,0.81,0.97,10818.9,0.834598473,-245.9847258
7136,-1577,10386,12598,12743,12937,9767,0.82,0.97,10779.1,0.833199351,-131.993507
7137,-1550,10412,12623,12759,12971,9767,0.82,0.97,10814.3,0.833729088,-137.2908797
7138,-1565,10395,12647,12795,12994,9771,0.81,0.97,10845.2,0.834631368,-246.3136832
7139,-1562,10342,12642,12741,12994,9779,0.81,0.97,10840.2,0.834246575,-242.4657534
7140,-1529,10465,12588,12803,12935,9787,0.82,0.97,10768.5,0.832508697,-125.0869733
7141,-1511,10100,12666,12325,13031,9790,0.82,0.97,10875.3,0.834571407,-145.7140665
7142,-1517,10483,12513,12804,12868,9790,0.82,0.97,10673.4,0.829452906,-94.52906435
7143,-1501,10463,12543,12754,12896,9777,0.82,0.97,10711.8,0.830629653,-106.2965261
7144,-1516,10510,12464,12809,12816,9765,0.82,0.97,10608.8,0.827777778,-77.77777778
7145,-1543,10479,12496,12796,12847,9752,0.82,0.97,10650.1,0.828995096,-89.95096131
7146,-1497,10484,12566,12780,12926,9752,0.82,0.97,10743.8,0.831177472,-111.7747176
7147,-1500,10450,12531,12763,12886,9752,0.82,0.97,10696.8,0.830110197,-101.1019711
7148,-1515,10457,12627,12828,12997,9750,0.82,0.97,10826.1,0.832969147,-129.6914673
7149,-1505,10471,12547,12757,12912,9748,0.82,0.97,10720.6,0.830281908,-102.819083
7150,-1504,10521,12509,12816,12870,9747,0.82,0.97,10670,0.829059829,-90.5982906
7151,-1504,10469,12626,12831,12997,9747,0.82,0.97,10825.1,0.832892206,-128.9220589
7152,-1472,10515,12377,12768,12736,9757,0.82,0.97,10497.8,0.824261935,-42.61934673
7153,-1467,10553,12534,12804,12906,9766,0.82,0.97,10705.8,0.829521153,-95.21152952
7154,-1471,10520,12613,12837,12992,9775,0.82,0.97,10810.6,0.832096675,-120.9667488
7155,-1452,10510,12605,12775,12971,9775,0.82,0.97,10796.3,0.832341377,-123.4137692
7156,-1450,10564,12549,12816,12926,9772,0.82,0.97,10726.8,0.829862293,-98.62293053
7157,-1465,10513,12537,12784,12906,9766,0.82,0.97,10708.8,0.829753603,-97.53602975
7158,-1451,10509,12521,12776,12888,9760,0.82,0.97,10687.4,0.829252017,-92.52017381
7159,-1447,10529,12504,12767,12875,9756,0.82,0.97,10666.5,0.828466019,-84.66019417
7160,-1475,10582,12539,12850,12904,9756,0.82,0.97,10710.2,0.829990701,-99.90700558
7162,-1460,10371,12617,12714,12985,9761,0.82,0.97,10812.5,0.832691567,-126.9156719
7162,-1451,10613,11884,12845,12231,9766,0.83,0.97,9853.3,0.805600523,243.9947674
7163,-1455,10517,12548,12778,12912,9772,0.82,0.97,10721.6,0.830359356,-103.5935564
7164,-1438,10514,12594,12783,12967,9773,0.82,0.97,10784.1,0.831657284,-116.5728387
7165,-1455,10446,12667,12780,13047,9773,0.82,0.97,10881.1,0.833992489,-139.9248869
7166,-1452,10515,12603,12762,12978,9771,0.82,0.97,10796.4,0.831900139,-119.001387
7167,-1461,10565,12328,12766,12679,9770,0.83,0.97,10431.7,0.82275416,72.45839577
7168,-1459,10471,12293,12787,12632,9768,0.82,0.97,10382.6,0.821928436,-19.28435719
7169,-1437,10509,12635,12792,13001,9768,0.82,0.97,10835.3,0.833420506,-134.2050611
7170,-1438,10597,12610,12832,12973,9766,0.83,0.97,10801.9,0.832644724,-26.44723657
7172,-1447,10117,12589,12375,12950,9762,0.82,0.97,10774,0.831969112,-119.6911197
7172,-1440,10551,12458,12754,12807,9758,0.83,0.97,10600.1,0.827680175,23.19825096
7173,-1432,10616,12578,12817,12929,9757,0.83,0.97,10756.7,0.831982365,-19.82365225
7174,-1435,10632,12538,12826,12887,9757,0.83,0.97,10704.1,0.830612245,-6.12244898
7175,-1432,10619,12619,12818,12961,9760,0.83,0.97,10807.3,0.833832266,-38.32266029
7176,-1458,10553,12662,12792,13012,9762,0.82,0.97,10865.6,0.835044574,-150.4457424
7177,-1431,10554,12622,12807,12967,9764,0.82,0.97,10812.1,0.833816611,-138.166114
7178,-1457,10561,12660,12823,12999,9764,0.82,0.97,10859.7,0.835425802,-154.2580198
7180,-1427,10544,12603,12759,12948,9765,0.83,0.97,10787.4,0.83313253,-31.3253012
7181,-1439,10585,12633,12806,12967,9765,0.83,0.97,10823.1,0.834664919,-46.6491864
7181,-1466,10588,12407,12774,12720,9765,0.83,0.98,10523,0.827279874,27.20125786
7182,-1450,10600,11914,12781,12211,9765,0.83,0.98,9877.3,0.808885431,211.1456883
7183,-1448,10583,12418,12746,12725,9766,0.83,0.98,10535.5,0.827937132,20.62868369
7184,-1440,10605,12594,12780,12917,9768,0.83,0.97,10769.1,0.833715259,-37.15258961
7185,-1487,10290,12618,12541,12926,9771,0.82,0.98,10795.8,0.835200371,-152.0037134
7187,-1428,10508,12700,12743,13016,9773,0.82,0.98,10904.8,0.837799631,-177.9963122
7187,-1456,10611,12580,12792,12876,9773,0.83,0.98,10742.8,0.834327431,-43.27430879
7189,-1481,10604,12563,12819,12862,9772,0.83,0.98,10721.6,0.833587311,-35.8731146
7190,-1457,10522,12628,12762,12930,9769,0.82,0.98,10807,0.835808198,-158.0819799
7190,-1484,10538,12679,12753,12984,9766,0.83,0.98,10874.2,0.837507702,-75.07701787
7191,-1454,10383,12728,12498,13025,9765,0.83,0.98,10935.5,0.839577735,-95.77735125
7192,-1463,10582,12665,12805,12965,9765,0.83,0.98,10854.5,0.83721558,-72.15580409
7193,-1444,10642,12573,12803,12854,9771,0.83,0.98,10729.2,0.83469737,-46.97370468
7194,-1470,10661,12514,12831,12788,9777,0.83,0.98,10650.4,0.832843291,-28.43290585
7195,-1484,10342,12625,12600,12903,9784,0.82,0.98,10795.9,0.836696892,-166.968922
7197,-1464,10618,12611,12808,12888,9785,0.83,0.98,10777.4,0.836235258,-62.35257604
7198,-1479,10625,12618,12831,12883,9782,0.83,0.98,10782.9,0.836986727,-69.86726694
7199,-1505,10601,12672,12814,12941,9774,0.83,0.98,10854.3,0.838752801,-87.52801175
7199,-1470,10604,12557,12759,12810,9767,0.83,0.98,10700,0.835284934,-52.84933646
7200,-1484,10648,12601,12827,12847,9763,0.83,0.98,10755.1,0.83716821,-71.68210477
7201,-1512,10575,12660,12788,12915,9763,0.83,0.98,10834.5,0.838908246,-89.08246225
7202,-1501,10549,12722,12784,12972,9762,0.83,0.98,10913.6,0.841319766,-113.1976565
7203,-1497,10557,12740,12781,12985,9761,0.83,0.98,10935.5,0.842164035,-121.6403543
7205,-1513,10647,12674,12847,12918,9761,0.83,0.98,10849.4,0.839866852,-98.66852454
7206,-1522,10510,12458,12800,12680,9760,0.82,0.98,10562,0.8329653,-129.6529968
7207,-1524,10629,12731,12823,12960,9761,0.83,0.98,10919,0.842515432,-125.154321
7207,-1515,10670,12541,12861,12760,9764,0.83,0.98,10669,0.836128527,-61.28526646
7208,-1528,10521,12688,12725,12907,9767,0.83,0.98,10860.1,0.841411637,-114.116371
7209,-1516,10603,12681,12787,12904,9770,0.83,0.98,10852.2,0.84099504,-109.950403
7210,-1529,10554,12775,12778,12990,9770,0.83,0.98,10972,0.844649731,-146.4973056
7212,-1560,10492,12723,12749,12936,9769,0.82,0.98,10903.8,0.842903525,-229.0352505
7212,-1547,10562,12241,12786,12427,9769,0.83,0.99,10269.1,0.826353907,36.46093184
7214,-1544,10519,12787,12760,12985,9769,0.82,0.98,10982.5,0.845783596,-257.8359646
7215,-1579,10549,12671,12770,12862,9769,0.83,0.99,10829.6,0.841984139,-119.8413933
7216,-1555,10595,12741,12815,12935,9768,0.83,0.99,10921.5,0.84433707,-143.3706997
7216,-1559,10609,12643,12800,12821,9762,0.83,0.99,10789.3,0.841533422,-115.3342173
7218,-1579,10509,12801,12798,12981,9757,0.82,0.99,10995.3,0.847030275,-270.3027502
7218,-1616,10468,12798,12739,12970,9753,0.82,0.99,10989,0.847262914,-272.6291442
7219,-1593,10617,12517,12828,12673,9753,0.83,0.99,10618.9,0.837915253,-79.152529
7221,-1600,10530,12809,12785,12978,9755,0.82,0.99,11002.4,0.847773155,-277.7315457
7221,-1599,10612,12594,12826,12740,9758,0.83,0.99,10716,0.841130298,-111.3029827
7223,-1619,10530,12796,12825,12949,9762,0.82,0.99,10980.7,0.847995984,-279.9598425
7223,-1619,10547,12632,12802,12768,9763,0.82,0.99,10762.4,0.842919799,-229.197995
7225,-1626,10539,12780,12789,12931,9763,0.82,0.99,10959.3,0.84752146,-275.2146006
7226,-1616,10567,12812,12827,12952,9764,0.82,0.99,10997.6,0.849104385,-291.0438542
7226,-1629,10623,12620,12861,12745,9766,0.83,0.99,10743.5,0.842958023,-129.5802275
7227,-1657,10512,12814,12815,12945,9767,0.82,0.99,10997.5,0.849555813,-295.5581306
7228,-1661,10505,12843,12804,12966,9767,0.82,0.99,11032.8,0.85090236,-309.0236002
7229,-1654,10415,12870,12732,12993,9767,0.82,0.99,11067.9,0.851835604,-318.3560379
7231,-1676,10417,12869,12737,12988,9767,0.82,0.99,11065.4,0.85197105,-319.710502
7232,-1685,10262,12833,12612,12945,9767,0.81,0.99,11016.5,0.851023561,-410.2356122
7233,-1679,10373,12504,12716,12608,9767,0.82,0.99,10586.4,0.83965736,-196.5736041
7234,-1683,10565,12600,12822,12678,9767,0.82,0.99,10703.4,0.844249882,-242.4988168
7234,-1705,10544,12805,12828,12899,9767,0.82,0.99,10974.7,0.850817893,-308.1789286
7235,-1703,10426,12930,12771,13014,9768,0.82,0.99,11134.2,0.855555556,-355.5555556
7236,-1706,10569,12716,12838,12786,9768,0.82,0.99,10851.8,0.848725168,-287.2516815
7238,-1707,10523,12863,12814,12946,9768,0.82,0.99,11046.8,0.853298316,-332.9831608
7239,-1725,10486,12888,12810,12962,9767,0.82,0.99,11076.6,0.854544052,-345.4405184
7240,-1732,10456,12923,12825,12999,9763,0.82,0.99,11122.7,0.855658128,-356.5812755
7241,-1728,10480,12780,12774,12836,9760,0.82,1,10930.8,0.851573699,-315.7369897
7242,-1709,10185,12937,12403,12997,9758,0.82,1,11136.1,0.856820805,-368.208048
7243,-1724,10335,12649,12697,12714,9758,0.81,0.99,10763.2,0.846562844,-365.6284411
7244,-1733,10385,12902,12697,12951,9760,0.82,1,11087.3,0.856096054,-360.9605436
7245,-1750,10489,12918,12810,12970,9762,0.82,1,11109,0.856515035,-365.150347
7245,-1754,10483,12943,12811,12990,9764,0.82,1,11140,0.857582756,-375.8275597
7246,-1765,10429,12935,12788,12986,9765,0.82,1,11130.8,0.857138457,-371.384568
7248,-1763,10504,12794,12819,12819,9765,0.82,1,10939.7,0.853397301,-333.9730088
7249,-1785,10336,12925,12673,12963,9768,0.82,1,11113.9,0.85735555,-373.5555041
7250,-1780,10372,12978,12729,13012,9772,0.81,1,11181.6,0.859329849,-493.2984937
7251,-1796,10443,12951,12825,12979,9774,0.81,1,11144.7,0.8586717,-486.7170044
7252,-1809,10343,12945,12745,12971,9775,0.81,1,11136.3,0.858553697,-485.5369671
7252,-1815,10426,12920,12761,12937,9772,0.82,1,11101.1,0.858089202,-380.8920152
7253,-1808,10383,12947,12761,12953,9767,0.81,1,11132.9,0.859484289,-494.8428935
7254,-1821,10333,12977,12758,12989,9762,0.81,1,11173.7,0.860243283,-502.4328278
7256,-1820,10385,13013,12806,13013,9760,0.81,1,11216.9,0.861976485,-519.7648505
7257,-1825,10424,12950,12799,12943,9761,0.81,1,11132.9,0.860148343,-501.4834273
7258,-1837,10403,12994,12802,12990,9765,0.81,1,11191,0.861508853,-515.0885296
7259,-1847,10371,12916,12751,12904,9770,0.81,1,11087.2,0.859206448,-492.0644761
7260,-1851,10449,12991,12846,12983,9774,0.81,1,11185.9,0.861580528,-515.8052838
7261,-1858,10333,13015,12757,13001,9774,0.81,1,11215.3,0.862649027,-526.49027
7262,-1887,10362,12989,12826,12972,9775,0.81,1,11180.6,0.861902559,-519.0255936
7262,-1886,10277,12988,12725,12972,9777,0.81,1,11179.6,0.86182547,-518.2547024
7263,-1890,10343,12887,12759,12853,9779,0.81,1,11042.9,0.859169066,-491.6906559
7264,-1888,10447,12732,12846,12695,9780,0.81,1,10840.5,0.853918866,-439.188657
7266,-1895,10315,13027,12801,12992,9780,0.81,1,11224.6,0.863962438,-539.6243842
7267,-1876,10400,12972,12813,12941,9775,0.81,1,11154.3,0.861934935,-519.3493548
7268,-1891,10419,12806,12821,12762,9769,0.81,1,10934.6,0.856809278,-468.0927754
7269,-1913,10389,13034,12845,12989,9764,0.81,1,11230.7,0.864631611,-546.3161136
7270,-1908,10383,12807,12785,12756,9764,0.81,1,10933.8,0.857149577,-471.4957667
7271,-1939,10255,13063,12769,13014,9768,0.8,1,11267.2,0.865775319,-657.7531889
7271,-1944,10229,13034,12752,12989,9778,0.8,1,11230.7,0.864631611,-646.3161136
7272,-1920,10370,13023,12851,12979,9788,0.81,1,11216.7,0.864219123,-542.191232
7274,-1921,10375,13023,12830,12968,9794,0.81,1,11213.4,0.864697717,-546.9771746
7275,-1939,10346,13086,12836,13039,9794,0.81,1,11297.7,0.866454483,-564.5448271
7276,-1931,10256,13038,12740,12980,9788,0.81,1,11232,0.865331279,-553.3127889
7277,-1959,10348,13086,12824,13031,9780,0.81,1,11295.3,0.866802241,-568.0224081
7278,-1948,10390,12822,12827,12755,9772,0.81,1.01,10948.5,0.858369267,-483.6926695
7279,-1961,10281,12947,12748,12883,9771,0.81,1,11111.9,0.862524257,-525.2425677
7280,-1946,10348,13054,12835,12995,9771,0.81,1,11252.5,0.865909965,-559.0996537
7281,-1978,10363,12885,12821,12805,9773,0.81,1.01,11026.5,0.861108942,-511.0894182
7282,-1972,10159,13069,12729,13002,9774,0.8,1.01,11269.6,0.86675896,-667.5896016
7282,-1989,10238,12435,12811,12356,9775,0.8,1.01,10441.8,0.845079314,-450.7931369
7283,-1960,10300,13040,12819,12968,9775,0.8,1.01,11230.4,0.866008637,-660.0863664
7285,-2005,10286,13069,12815,13002,9773,0.8,1.01,11269.6,0.86675896,-667.5896016
7286,-1975,10307,13064,12832,12989,9772,0.8,1.01,11260.7,0.866941258,-669.4125799
7287,-2022,10239,12981,12730,12908,9770,0.8,1.01,11153.4,0.864068795,-640.6879455
7288,-1993,10221,13150,12795,13071,9769,0.8,1.01,11371.3,0.869964043,-699.6404254
7289,-2022,10283,12917,12759,12836,9770,0.81,1.01,11067.8,0.862246806,-522.4680586
7290,-2008,10220,13073,12789,12990,9773,0.8,1.01,11270,0.867590454,-675.904542
7291,-2002,10248,13017,12768,12926,9776,0.8,1.01,11194.8,0.866068389,-660.6838929
7292,-2001,10044,13090,12484,13004,9778,0.8,1.01,11291.2,0.868286681,-682.8668102
7293,-2004,10288,12922,12795,12842,9779,0.8,1.01,11074.6,0.862373462,-623.7346208
7294,-2009,10304,13120,12871,13038,9775,0.8,1.01,11331.4,0.869105691,-691.0569106
7295,-2020,10327,12903,12841,12819,9769,0.8,1.01,11048.7,0.861900304,-619.0030424
7296,-2025,10318,12810,12842,12719,9763,0.8,1.01,10925.7,0.859006211,-590.0621118
7297,-2022,10273,13075,12838,12993,9761,0.8,1.01,11272.9,0.86761333,-676.1333025
7298,-2029,10189,13113,12805,13023,9760,0.8,1.01,11319.9,0.869223681,-692.2368118
7299,-2076,10172,13112,12758,13025,9767,0.8,1.01,11319.5,0.869059501,-690.5950096
7299,-2033,10253,13036,12820,12952,9774,0.8,1.01,11221.6,0.866399012,-663.9901174
7301,-2052,10252,12868,12783,12775,9780,0.8,1.01,11000.5,0.86109589,-610.9589041
7302,-2060,10198,13100,12773,13011,9780,0.8,1.01,11303.3,0.86874952,-687.4951964
7303,-2068,10128,12779,12785,12685,9778,0.79,1.01,10884.5,0.858060702,-680.6070162
7304,-2054,10234,12919,12769,12819,9774,0.8,1.01,11064.7,0.863148452,-631.4845152
7305,-2083,10111,13088,12733,13002,9771,0.79,1.01,11288.6,0.868220274,-782.202738
7305,-2068,10206,13064,12827,12971,9770,0.8,1.01,11255.3,0.867728009,-677.2800863
7307,-2095,10130,12801,12794,12710,9770,0.79,1.01,10914,0.858693942,-686.9394178
7308,-2060,10303,12816,12866,12717,9772,0.8,1.01,10931.1,0.859565935,-595.6593536
7309,-2062,10238,12971,12811,12877,9774,0.8,1.01,11134.1,0.864650151,-646.5015143
7310,-2059,10205,12845,12761,12754,9776,0.8,1.01,10971.2,0.860216403,-602.164027
7311,-2061,10180,13086,12779,12992,9776,0.8,1.01,11283.6,0.868503695,-685.0369458
7312,-2077,10151,12971,12801,12881,9774,0.79,1.01,11135.3,0.864474808,-744.7480786
7313,-2089,10259,13001,12895,12909,9770,0.8,1.01,11173.7,0.865574405,-655.7440545
7314,-2049,10166,13049,12765,12960,9766,0.8,1.01,11237,0.867052469,-670.5246914
7315,-2091,10135,12995,12772,12901,9763,0.79,1.01,11165.3,0.865460042,-754.6004186
7316,-2085,10153,13087,12830,12995,9763,0.79,1.01,11285.5,0.868449404,-784.4940362
7317,-2078,10199,13074,12839,12990,9763,0.79,1.01,11271,0.867667436,-776.6743649
7317,-2065,10283,12896,12879,12795,9763,0.8,1.01,11034.5,0.86240719,-624.0719031
7319,-2077,10110,12959,12702,12866,9762,0.8,1.01,11118.8,0.864200218,-642.0021763
7320,-2084,10214,13041,12833,12953,9762,0.8,1.01,11226.9,0.866741295,-667.4129545
7321,-2088,10165,12989,12801,12896,9762,0.79,1.01,11157.8,0.86521402,-752.1401985
7322,-2099,9724,13066,12360,12982,9764,0.79,1.01,11260.6,0.867401017,-774.0101679
7323,-2091,10246,12930,12849,12838,9766,0.8,1.01,11081.4,0.863171834,-631.7183362
7324,-2079,10209,12899,12806,12810,9767,0.8,1.01,11042,0.861982826,-619.8282592
7325,-2088,10108,13087,12719,13004,9767,0.79,1.01,11288.2,0.868055983,-780.5598277
7326,-2095,10160,13061,12833,12971,9772,0.79,1.01,11252.3,0.867496723,-774.9672346
7327,-2076,10156,13085,12794,13006,9777,0.79,1.01,11286.8,0.867814855,-778.1485468
7328,-2090,10074,13112,12741,13035,9783,0.79,1.01,11322.5,0.868622938,-786.2293824
7329,-2103,10197,13028,12827,12949,9784,0.79,1.01,11212.7,0.865912426,-759.1242567
7330,-2093,10131,13044,12814,12959,9783,0.79,1.01,11231.7,0.866710394,-767.1039432
7331,-2095,10237,12866,12861,12783,9779,0.8,1.01,11000.9,0.860588281,-605.8828131
7332,-2098,10123,13040,12820,12963,9774,0.79,1.01,11228.9,0.866226954,-762.2695364
7333,-2104,10124,12487,12784,12405,9771,0.79,1.01,10508.5,0.847118098,-571.1809754
7334,-2077,10171,12957,12794,12890,9771,0.79,1.01,11124,0.862994569,-729.9456943
7335,-2098,10099,13047,12758,12973,9771,0.79,1.01,11238.9,0.86633007,-763.3007015
7336,-2085,10219,13006,12846,12926,9772,0.8,1.01,11183.8,0.865217391,-652.173913
7337,-2108,10123,13075,12795,13011,9772,0.79,1,11278.3,0.866828069,-768.2806856
7338,-2087,10169,13042,12836,12974,9773,0.79,1.01,11234.2,0.865901033,-759.0103283
7339,-2098,10189,12980,12816,12913,9773,0.8,1.01,11153.9,0.863772942,-637.72942
7340,-2095,10131,12952,12788,12882,9775,0.79,1.01,11116.6,0.862956063,-729.5606272
7341,-2116,10163,13017,12833,12945,9777,0.79,1.01,11200.5,0.865237543,-752.3754345
7342,-2106,9806,12977,12497,12902,9780,0.78,1.01,11147.6,0.864021082,-840.21082
7343,-2093,10180,13008,12837,12950,9780,0.79,1,11193,0.864324324,-743.2432432
7344,-2107,10102,13168,12834,13106,9781,0.79,1,11399.8,0.869815352,-798.1535175
7345,-2113,10243,12883,12885,12821,9782,0.79,1,11029.3,0.86025271,-702.527104
7346,-2110,10148,13028,12807,12973,9784,0.79,1,11219.9,0.86486549,-748.6548986
7347,-2089,10096,13124,12806,13070,9784,0.79,1,11345,0.868018363,-780.1836266
7348,-2121,10211,12952,12849,12892,9784,0.79,1,11119.6,0.862519392,-725.1939187
7349,-2107,10130,13073,12854,13017,9781,0.79,1,11278.1,0.866413152,-764.1315203
7350,-2099,10078,12730,12834,12668,9779,0.79,1,10830.4,0.854941585,-649.415851
7351,-2077,10175,12931,12806,12883,9776,0.79,1,11095.9,0.86128231,-712.8231002
7352,-2122,9947,12865,12689,12801,9776,0.78,1,11005.3,0.859721897,-797.2189673
7353,-2082,10175,12968,12815,12914,9775,0.79,1,11142.2,0.862800062,-728.0006195
7354,-2085,10176,13062,12850,13005,9773,0.79,1,11263.5,0.866089965,-760.899654
7355,-2094,10044,13035,12753,12986,9771,0.79,1,11230.8,0.864839057,-748.3905745
7356,-2080,10146,13058,12811,13017,9770,0.79,1,11263.1,0.865260813,-752.6081278
7357,-2082,10206,13050,12866,12999,9770,0.79,1,11249.7,0.86542811,-754.2810985
7358,-2075,10184,13004,12845,12967,9768,0.79,1,11194.1,0.863276008,-732.7600833
7359,-2109,10086,13138,12766,13093,9766,0.79,1,11365.9,0.868089819,-780.8981899
7360,-2089,10112,13102,12814,13074,9765,0.79,1,11324.2,0.866161848,-761.6184794
7361,-2098,10143,12944,12825,12898,9765,0.79,1,11113.4,0.861637463,-716.3746317
7362,-2084,10078,13037,12778,13006,9766,0.79,1,11238.8,0.86412425,-741.2425035
7363,-2098,10057,12706,12827,12661,9769,0.78,1,10804.3,0.853352816,-733.5281573
7364,-2066,10145,12883,12782,12841,9773,0.79,1,11035.3,0.859380111,-693.8011058
7365,-2096,10183,12808,12834,12777,9776,0.79,1,10941.1,0.856312123,-663.1212335
7366,-2099,10048,12977,12796,12942,9776,0.79,1,11159.6,0.862277855,-722.7785505
7367,-2086,10184,12992,12845,12967,9778,0.79,1,11182.1,0.862350582,-723.5058225
7368,-2075,10150,13014,12836,12980,9780,0.79,1,11208,0.86348228,-734.8228043
7369,-2096,10143,13039,12829,13006,9781,0.79,1,11240.8,0.864278026,-742.7802553
7370,-2076,10161,12928,12798,12899,9781,0.79,1,11097.7,0.860353516,-703.5351578
7371,-2076,10157,13030,12818,13005,9781,0.79,1,11231.5,0.863629373,-736.2937332
7372,-2081,10096,13009,12801,12989,9779,0.79,1,11205.7,0.862706906,-727.0690584
7373,-2069,10131,12920,12786,12904,9777,0.79,1,11091.2,0.859516429,-695.1642901
7374,-2052,10160,12956,12802,12942,9775,0.79,1,11138.6,0.860655231,-706.5523103
7375,-2061,10080,12980,12738,12968,9775,0.79,1,11170.4,0.861381863,-713.8186305
7376,-2081,10164,12811,12814,12791,9775,0.79,1,10948.3,0.855937769,-659.3776874
7377,-2065,10152,12975,12812,12965,9775,0.79,1,11164.5,0.861126109,-711.2610875
7378,-2062,9982,12956,12629,12941,9775,0.79,1,11138.3,0.860698555,-706.9855498
7379,-2089,10077,13041,12763,13031,9775,0.79,1,11250.3,0.863348937,-733.4893715
7380,-2057,10108,13050,12836,13049,9775,0.79,1,11264.7,0.863261553,-732.6155261
7381,-2066,10079,13041,12823,13038,9773,0.79,1,11252.4,0.86304648,-730.4647952
7382,-2049,10124,12973,12805,12964,9771,0.79,1,11162.2,0.861015119,-710.1511879
7383,-2070,10051,12622,12797,12624,9769,0.79,1,10709.2,0.848320659,-583.2065906
7384,-2053,10084,13040,12774,13033,9769,0.79,1,11249.9,0.863185759,-731.8575923
7385,-2054,10141,12926,12818,12928,9773,0.79,1,11104.4,0.858941832,-689.4183168
7386,-2050,10112,13052,12821,13060,9782,0.79,1,11270,0.862940276,-729.4027565
7387,-2037,10149,13041,12828,13048,9791,0.79,1,11255.4,0.86261496,-726.1496015
7388,-2062,10037,13020,12740,13025,9797,0.79,1,11227.5,0.861996161,-719.9616123
7389,-2057,10073,13020,12761,13026,9796,0.79,1,11227.8,0.861953017,-719.5301704
7390,-2043,10180,12805,12815,12805,9795,0.79,1,10946.5,0.854861382,-648.6138227
7392,-2073,10206,12733,12862,12725,9793,0.79,1,10850.5,0.852691552,-626.9155206
7392,-2048,9885,13010,12447,13017,9791,0.79,1,11215.1,0.861573327,-715.7332719
7393,-2043,10180,12931,12844,12937,9791,0.79,1,11112.1,0.858939476,-689.3947592
7394,-2038,10171,13000,12850,13011,9790,0.79,1,11203.3,0.861063715,-710.6371532
7395,-2029,10201,12969,12839,12979,9788,0.79,1,11162.7,0.860058556,-700.5855613
7396,-2042,10159,12948,12854,12967,9786,0.79,1,11138.1,0.858957353,-689.5735328
7397,-2059,10153,12971,12865,12994,9785,0.79,1,11169.2,0.859565954,-695.6595352
7398,-2034,10211,12751,12856,12756,9785,0.79,1,10877.8,0.852759486,-627.5948573
7399,-2040,10110,13021,12825,13046,9783,0.79,1,11234.8,0.861168174,-711.6817415
7401,-2030,10125,12927,12778,12948,9778,0.79,1,11111.4,0.8581557,-681.5569972
7402,-2025,10139,13018,12808,13044,9775,0.79,1,11231.2,0.861024226,-710.242257
7402,-2069,10063,12945,12813,12974,9774,0.79,1,11137.2,0.858424541,-684.2454139
7403,-2024,10217,12745,12860,12762,9774,0.79,1,10873.6,0.852029462,-620.2946247
7404,-2045,10058,12659,12806,12676,9777,0.79,1,10761.8,0.848990218,-589.9021773
7405,-2026,10160,13028,12877,13065,9779,0.79,1,11247.5,0.860887868,-708.8786835
7406,-2012,10206,12981,12880,13011,9782,0.79,1,11184.3,0.859603412,-696.034125
7407,-2041,10124,13016,12771,13048,9781,0.79,1,11230.4,0.860698958,-706.9895769
7408,-2020,10136,12994,12852,13030,9783,0.79,1,11203,0.859785111,-697.8511128
7409,-2036,10140,12961,12798,12988,9785,0.79,1,11157.4,0.859054512,-690.5451186
7411,-2008,10142,12814,12779,12853,9788,0.79,1,10969.9,0.853489458,-634.8945771
7411,-2023,10216,12681,12853,12708,9788,0.79,1,10793.4,0.849338999,-593.3899906
7412,-2007,10116,13000,12720,13043,9788,0.8,1,11212.9,0.859687189,-596.8718853
7413,-2008,10227,12788,12854,12831,9786,0.8,1,10937.3,0.852412127,-524.1212688
7414,-2027,10167,12967,12806,13012,9784,0.79,1,11170.6,0.858484476,-684.8447587
7415,-2015,10206,12869,12821,12919,9783,0.8,1,11044.7,0.854919111,-549.1911139
7416,-2006,10190,12964,12839,13010,9783,0.79,1,11167,0.858339739,-683.3973866
7418,-2021,10081,12662,12811,12701,9782,0.79,1,10772.3,0.848145815,-581.4581529
7419,-2008,10086,12967,12805,13013,9781,0.79,1,11170.9,0.858441558,-684.4155844
7420,-2024,10142,12986,12808,13032,9780,0.79,1,11195.6,0.859085328,-690.8532842
7420,-1980,10227,12905,12845,12966,9779,0.8,1,11094.8,0.855684097,-556.8409687
7421,-1994,10142,12979,12828,13033,9779,0.79,1,11188.9,0.858505333,-685.0533262
7422,-1999,10156,12767,12807,12816,9783,0.79,1,10911.8,0.8514201,-614.2009988
7423,-1986,10174,12797,12781,12851,9786,0.8,1,10952.3,0.852252743,-522.5274298
7424,-1978,10115,12982,12766,13042,9789,0.79,1,11194.6,0.858349946,-683.4994633
7425,-1987,10141,12961,12828,13032,9789,0.79,0.99,11170.6,0.857166974,-671.669736
7426,-1981,10208,12913,12850,12976,9789,0.79,1,11105.8,0.85587238,-658.7237978
7427,-1976,10191,12941,12845,13009,9789,0.79,0.99,11143.7,0.856614651,-666.146514
7428,-1979,10087,12969,12775,13043,9789,0.79,0.99,11181.9,0.857310435,-673.1043472
7430,-2002,10146,12940,12801,13006,9789,0.79,0.99,11141.8,0.856666154,-666.6615408
7430,-1973,10120,12981,12812,13056,9789,0.79,0.99,11197.8,0.857674632,-676.7463235
7431,-1992,10092,12662,12809,12716,9786,0.79,1,10776.8,0.847499214,-574.9921359
7432,-1967,10136,12693,12717,12757,9783,0.8,0.99,10820.1,0.848169632,-481.6963236
7433,-1990,10030,12374,12740,12436,9780,0.79,1,10404.8,0.836667739,-466.6773882
7434,-1965,10016,12902,12631,12986,9780,0.79,0.99,11097.8,0.854597259,-645.9725859
7435,-1960,10234,12934,12841,13011,9781,0.8,0.99,11137.3,0.855991084,-559.9108447
7437,-1944,10234,12855,12863,12935,9783,0.8,0.99,11035.5,0.853150367,-531.5036722
7438,-1968,10189,12928,12822,13011,9786,0.79,0.99,11131.3,0.855529936,-655.2993621
7438,-1954,10219,12864,12810,12946,9787,0.8,0.99,11047.8,0.85337556,-533.7556002
7439,-1965,10213,12915,12824,12997,9787,0.8,0.99,11114.1,0.855128106,-551.2810649
7440,-1955,10252,12914,12887,13000,9790,0.8,0.99,11114,0.854923077,-549.2307692
7441,-1963,10235,12785,12820,12866,9793,0.8,0.99,10944.8,0.850676201,-506.7620084
7442,-1944,9993,12717,12514,12799,9796,0.8,0.99,10856.7,0.848245957,-482.4595672
7443,-1932,10149,12925,12799,13021,9797,0.79,0.99,11131.3,0.854872898,-648.7289763
7445,-1961,10089,12622,12780,12709,9795,0.79,0.99,10734.7,0.844653395,-546.5339523
7446,-1941,10290,12836,12888,12929,9788,0.8,0.99,11014.7,0.851937505,-519.3750483
7447,-1939,10178,12872,12779,12964,9781,0.8,0.99,11061.2,0.853224313,-532.2431348
7448,-1945,10263,12791,12840,12889,9775,0.8,0.99,10957.7,0.85015905,-501.5905035
7448,-1949,10253,12766,12839,12860,9775,0.8,0.99,10924,0.849455677,-494.5567652
7449,-1925,10220,12932,12818,13037,9775,0.8,0.99,11143.1,0.854728849,-547.2884866
7450,-1926,10147,12921,12765,13021,9774,0.79,0.99,11127.3,0.854565702,-645.6570156
7451,-1928,10240,12883,12830,12996,9773,0.8,0.99,11081.8,0.852708526,-527.085257
7453,-1938,10069,12910,12696,13022,9773,0.79,0.99,11116.6,0.85367839,-636.7839042
7454,-1933,10239,12576,12806,12676,9774,0.8,0.99,10678.8,0.842442411,-424.4241086
7454,-1912,10035,12829,12569,12941,9780,0.8,0.99,11011.3,0.850884785,-508.8478479
7456,-1913,10156,12928,12812,13042,9787,0.79,0.99,11140.6,0.854209477,-642.0947707
7456,-1904,10252,12898,12855,13020,9792,0.8,0.99,11104,0.852841782,-528.4178187
7457,-1901,10241,12807,12845,12932,9792,0.8,0.99,10986.6,0.849566966,-495.6696567
7458,-1892,10243,12838,12801,12956,9790,0.8,0.99,11024.8,0.850941649,-509.4164866
7460,-1904,10211,12870,12809,12995,9786,0.8,0.99,11068.5,0.851750673,-517.5067334
7461,-1891,10249,12957,12873,13097,9783,0.8,0.99,11186.1,0.854096358,-540.9635794
7461,-1889,10220,12867,12810,12996,9782,0.8,0.99,11065.8,0.851477378,-514.7737765
7463,-1884,10083,12852,12626,12993,9781,0.8,0.99,11049.9,0.850450242,-504.5024244
7463,-1873,10134,12487,12789,12620,9779,0.79,0.99,10573,0.837797147,-477.9714739
7464,-1894,10143,12699,12656,12832,9777,0.8,0.99,10848.6,0.845433292,-454.3329177
7466,-1866,10307,12815,12862,12951,9775,0.8,0.99,11000.3,0.849378426,-493.7842638
7466,-1862,10315,12732,12868,12872,9775,0.8,0.99,10893.6,0.846302051,-463.0205096
7467,-1869,10293,12804,12834,12951,9775,0.8,0.99,10989.3,0.848529071,-485.2907111
7468,-1855,10292,12749,12838,12891,9775,0.8,0.99,10916.3,0.846815608,-468.1560779
7469,-1862,10178,12876,12782,13032,9775,0.8,0.99,11085.6,0.850644567,-506.4456722
7471,-1865,10256,12822,12836,12978,9775,0.8,0.99,11015.4,0.84877485,-487.7484975
7471,-1865,10279,12601,12804,12744,9776,0.8,0.99,10724.2,0.84150973,-415.0973007
7473,-1841,10018,12643,12480,12792,9783,0.8,0.99,10780.6,0.842761101,-427.6110069
7474,-1846,10149,12493,12787,12645,9792,0.79,0.99,10586.5,0.837208383,-472.0838276
7475,-1855,10126,12219,12736,12369,9801,0.8,0.99,10229.7,0.827043415,-270.4341499
7476,-1844,10249,12846,12833,13011,9803,0.8,0.99,11049.3,0.849227577,-492.2757667
7477,-1827,10300,12867,12853,13046,9796,0.8,0.99,11080.8,0.84936379,-493.6378967
7477,-1822,10283,12814,12820,12984,9779,0.8,0.99,11009.2,0.847905114,-479.0511399
7478,-1831,10225,12946,12843,13125,9761,0.8,0.99,11183.5,0.85207619,-520.7619048
7479,-1823,10258,12810,12828,12989,9751,0.8,0.99,11006.7,0.84738625,-473.862499
7481,-1817,10326,12578,12855,12746,9751,0.8,0.99,10701.8,0.839620273,-396.2027303
7482,-1820,10272,12825,12828,13005,9758,0.8,0.99,11026.5,0.847866205,-478.6620531
7483,-1809,10233,12763,12737,12946,9767,0.8,0.99,10946.8,0.845573922,-455.7392245
7484,-1816,10141,12406,12765,12587,9777,0.79,0.99,10482.1,0.832771908,-427.7190752
7484,-1809,10211,12709,12694,12889,9778,0.8,0.99,10875.7,0.843797036,-437.9703623
7485,-1804,10248,12791,12793,12973,9779,0.8,0.99,10982.9,0.846596778,-465.9677792
7486,-1808,10305,12805,12857,13001,9784,0.8,0.98,11005.3,0.846496423,-464.9642335
7487,-1792,10263,12784,12807,12983,9789,0.8,0.98,10978.9,0.845636602,-456.3660171
7488,-1788,10253,12808,12786,13004,9793,0.8,0.98,11009.2,0.846601046,-466.0104583
7490,-1789,10278,12820,12827,13031,9793,0.8,0.98,11029.3,0.846389379,-463.8937917
7491,-1804,10241,12838,12809,13046,9793,0.8,0.98,11051.8,0.847140886,-471.408861
7492,-1786,10351,12525,12841,12721,9791,0.81,0.98,10641.3,0.836514425,-265.1442497
7493,-1772,10088,12759,12513,12966,9790,0.81,0.98,10948.8,0.844423878,-344.2387783
7493,-1773,10396,12552,12900,12750,9790,0.81,0.98,10677,0.837411765,-274.1176471
7494,-1771,10096,12819,12566,13040,9790,0.8,0.98,11031,0.845935583,-459.3558282
7495,-1744,10309,12736,12792,12958,9781,0.81,0.98,10923.4,0.842985029,-329.8502855
7496,-1767,10273,12825,12815,13045,9772,0.8,0.98,11038.5,0.846186278,-461.8627827
7497,-1743,10261,12779,12755,13004,9764,0.8,0.98,10980.2,0.844370963,-443.7096278
7499,-1751,10301,12779,12791,13007,9763,0.81,0.98,10981.1,0.844245406,-342.4540632
7499,-1747,10298,12664,12800,12889,9770,0.8,0.98,10830.7,0.840305687,-403.0568702
7501,-1752,10275,12807,12804,13040,9781,0.8,0.98,11019,0.845015337,-450.1533742
7502,-1760,10223,12839,12761,13073,9792,0.8,0.98,11060.9,0.846087356,-460.8735562
7503,-1746,10254,12677,12705,12908,9796,0.81,0.98,10849.4,0.840517509,-305.1750852
7503,-1726,10394,12735,12871,12974,9796,0.81,0.98,10927.2,0.842238323,-322.383228
7504,-1732,10346,12789,12824,13036,9798,0.81,0.98,10999.8,0.84380178,-338.0177969
7505,-1740,10366,12706,12877,12948,9801,0.81,0.98,10890.4,0.841087427,-310.8742663
7506,-1719,10411,12672,12872,12908,9804,0.81,0.98,10844.4,0.840130152,-301.3015184
7508,-1717,10305,12749,12797,13004,9804,0.81,0.98,10950.2,0.84206398,-320.6398031
7509,-1718,10427,12590,12885,12824,9805,0.81,0.98,10737.2,0.837273862,-272.7386151
7510,-1734,10328,12795,12822,13057,9807,0.81,0.98,11012.1,0.843386689,-333.8668913
7511,-1710,10312,12777,12825,13034,9809,0.8,0.98,10987.2,0.842964554,-429.6455424
7512,-1694,10375,12691,12815,12934,9811,0.81,0.98,10871.2,0.840513376,-305.133756
7512,-1692,10251,12736,12720,12992,9811,0.81,0.98,10933.6,0.841564039,-315.6403941
7513,-1698,10363,12614,12802,12867,9809,0.81,0.98,10774.1,0.837343592,-273.4359213
7515,-1692,10434,12541,12866,12791,9807,0.81,0.98,10678.3,0.834829177,-248.2917676
7516,-1685,10337,12754,12819,13024,9806,0.81,0.98,10961.2,0.841615479,-316.1547912
7517,-1678,10436,12539,12864,12785,9805,0.81,0.98,10674.5,0.834923739,-249.2373876
7517,-1689,10322,12818,12832,13093,9804,0.8,0.98,11045.9,0.843649278,-436.4927824
7519,-1677,10313,12812,12837,13093,9802,0.8,0.98,11039.9,0.843191018,-431.910181
7519,-1678,10327,12803,12829,13081,9800,0.8,0.98,11027.3,0.8430013,-430.0129959
7521,-1676,10340,12669,12801,12946,9799,0.81,0.98,10852.8,0.838312992,-283.1299243
7521,-1666,10396,12732,12857,13013,9799,0.81,0.98,10935.9,0.840382694,-303.8269423
7523,-1673,10166,12767,12590,13050,9799,0.81,0.98,10982,0.841532567,-315.3256705
7523,-1634,10459,12661,12885,12946,9799,0.81,0.98,10844.8,0.837695041,-276.9504094
7525,-1642,10271,12723,12707,13011,9799,0.81,0.98,10926.3,0.839774037,-297.7403735
7526,-1643,10365,12708,12768,12995,9799,0.81,0.98,10906.5,0.83928434,-292.8434013
7527,-1639,10424,12686,12835,12973,9799,0.81,0.98,10877.9,0.838503045,-285.0304479
7528,-1651,10415,12688,12821,12983,9796,0.81,0.98,10882.9,0.838242317,-282.4231688
7528,-1635,10404,12723,12826,13021,9794,0.81,0.98,10929.3,0.839359496,-293.594962
7530,-1633,10346,12766,12808,13065,9792,0.81,0.98,10985.5,0.84083429,-308.3429009
7530,-1633,10389,12704,12830,13006,9792,0.81,0.98,10905.8,0.838520683,-285.2068276
7531,-1625,10412,12685,12852,12981,9791,0.81,0.98,10879.3,0.838094138,-280.9413759
7533,-1619,10179,12733,12512,13028,9790,0.81,0.98,10941.4,0.839837274,-298.3727356
7534,-1628,10315,12403,12805,12702,9788,0.81,0.98,10513.6,0.827712171,-177.1217131
7535,-1611,10400,12697,12783,13001,9787,0.81,0.98,10897.3,0.83818937,-281.8937005
7536,-1611,10473,12687,12886,12991,9787,0.81,0.98,10884.3,0.837833885,-278.33885
7537,-1596,10492,12617,12869,12918,9789,0.82,0.98,10792.4,0.835454405,-154.5440471
7538,-1609,10468,12623,12844,12926,9792,0.82,0.98,10800.8,0.835587189,-155.8718861
7538,-1611,10375,12660,12774,12962,9794,0.81,0.98,10848.6,0.836954174,-269.5417374
7539,-1610,10460,12560,12828,12855,9794,0.82,0.98,10716.5,0.833644496,-136.444963
7541,-1598,10505,12715,12887,13025,9796,0.82,0.98,10922.5,0.838579655,-185.7965451
7541,-1604,10373,12706,12793,13016,9799,0.81,0.98,10910.8,0.838260602,-282.6060234
7543,-1595,10207,12728,12550,13052,9802,0.81,0.98,10943.6,0.838461538,-284.6153846
7544,-1615,10304,12441,12762,12738,9804,0.81,0.98,10562.4,0.829203957,-192.0395667
7545,-1591,10475,12571,12821,12877,9804,0.82,0.98,10734.1,0.833587016,-135.8701561
7546,-1617,10371,12708,12807,13025,9802,0.81,0.98,10915.5,0.838042226,-280.4222649
7546,-1604,10532,12559,12885,12870,9800,0.82,0.98,10720,0.832944833,-129.4483294
7547,-1602,10399,12683,12797,12993,9797,0.81,0.98,10880.9,0.837443239,-274.4323867
7548,-1595,10501,12571,12847,12881,9798,0.82,0.98,10735.3,0.833421318,-134.2131822
7549,-1595,10520,12425,12870,12727,9799,0.82,0.98,10543.1,0.82840418,-84.0418009
7551,-1578,10398,12779,12835,13099,9801,0.81,0.98,11008.7,0.840422933,-304.2293305
7552,-1570,10478,12690,12838,13013,9804,0.82,0.98,10893.9,0.837155153,-171.5515254
7553,-1595,10418,12515,12735,12832,9805,0.82,0.98,10664.6,0.83109414,-110.9413965
7554,-1588,10542,12660,12884,12980,9805,0.82,0.98,10854,0.836209553,-162.0955316
7555,-1548,10508,12536,12841,12847,9804,0.82,0.98,10690.1,0.832108664,-121.086635
7556,-1588,10508,12656,12877,12977,9803,0.82,0.98,10849.1,0.836025275,-160.2527549
7556,-1564,10496,12716,12848,13046,9802,0.82,0.97,10929.8,0.837789361,-177.8936072
7558,-1566,10448,12661,12826,12978,9802,0.81,0.98,10854.4,0.83636924,-263.6924025
7558,-1563,10122,12318,12368,12621,9801,0.82,0.98,10404.3,0.824364155,-43.6415498
7560,-1550,10527,12616,12844,12944,9798,0.82,0.97,10799.2,0.834301607,-143.0160692
7561,-1553,10512,12584,12861,12901,9796,0.82,0.98,10754.3,0.833602046,-136.0204635
7562,-1563,10535,12489,12851,12801,9794,0.82,0.98,10629.3,0.830349191,-103.4919147
7563,-1546,10389,12528,12667,12846,9794,0.82,0.98,10681.8,0.831527324,-115.2732368
7564,-1533,10495,12637,12809,12971,9794,0.82,0.97,10828.3,0.834808419,-148.0841878
7564,-1543,10459,12555,12750,12868,9795,0.82,0.98,10715.4,0.832716817,-127.1681691
7565,-1551,10432,12714,12826,13044,9795,0.81,0.97,10927.2,0.837718491,-277.1849126
7566,-1546,10431,12666,12802,12991,9795,0.81,0.97,10863.3,0.836217381,-262.1738126
7567,-1535,10544,12601,12847,12919,9795,0.82,0.98,10776.7,0.834174472,-141.7447171
7569,-1533,10542,12534,12856,12848,9795,0.82,0.98,10688.4,0.831911582,-119.1158157
7570,-1558,10498,12709,12828,13039,9795,0.82,0.97,10920.7,0.837541222,-175.4122249
7571,-1544,10500,12692,12824,13023,9795,0.82,0.97,10898.9,0.83689626,-168.9626046
7572,-1548,10498,12741,12856,13073,9795,0.82,0.97,10962.9,0.838590989,-185.9098906
7573,-1522,10438,12728,12733,13057,9818,0.82,0.97,10945.1,0.838255342,-182.5534196
7574,-1532,10538,12677,12858,13005,9858,0.82,0.97,10878.5,0.836485967,-164.8596694
7575,-1535,10492,12500,12773,12808,9897,0.82,0.98,10642.4,0.830918176,-109.1817614
7576,-1528,10422,12739,12794,13065,9913,0.81,0.98,10958.5,0.8387677,-287.6769996
7577,-1540,10368,12387,12750,12695,9913,0.81,0.98,10495.5,0.826742812,-167.4281213
7578,-1527,10567,12657,12869,12974,9878,0.82,0.98,10849.2,0.836226299,-162.2629875
7579,-1535,10480,12655,12784,12970,9844,0.82,0.98,10846,0.836237471,-162.3747109
7580,-1532,10577,12459,12867,12764,9809,0.82,0.98,10588.2,0.829536196,-95.3619555
7581,-1537,10566,12477,12852,12784,9810,0.82,0.98,10612.2,0.83011577,-101.1576971
7581,-1528,10536,12676,12852,12987,9806,0.82,0.98,10872.1,0.837152537,-171.5253715
7583,-1543,10278,12431,12631,12731,9796,0.81,0.98,10550.3,0.828709449,-187.0944938
7584,-1543,10491,12069,12797,12358,9786,0.82,0.98,10076.4,0.815374656,46.25343907
7585,-1544,10415,12694,12780,13012,9780,0.81,0.98,10897.6,0.837503843,-275.0384261
7586,-1537,10579,12739,12883,13057,9780,0.82,0.98,10956.1,0.839097802,-190.9780195
7587,-1540,10589,12520,12874,12823,9787,0.82,0.98,10666.9,0.83185682,-118.5681978
7588,-1539,10432,12821,12811,13131,9795,0.81,0.98,11060.3,0.84230447,-323.0447034
7589,-1536,10533,12743,12854,13060,9803,0.82,0.98,10961,0.839280245,-192.8024502
7590,-1534,10520,12526,12783,12830,9802,0.82,0.98,10675,0.832034295,-120.3429462
7590,-1532,10498,12688,12815,12988,9799,0.82,0.98,10884.4,0.838035109,-180.3510933
7592,-1522,10566,12534,12841,12832,9790,0.82,0.98,10683.6,0.832574813,-125.7481297
7593,-1525,10592,12577,12863,12866,9781,0.82,0.98,10736.8,0.83450956,-145.0956008
7594,-1517,10533,12655,12821,12966,9776,0.82,0.98,10844.8,0.8364029,-164.0289989
7595,-1534,10414,12677,12710,12976,9775,0.82,0.98,10869.8,0.837684957,-176.8495684
7596,-1537,10612,12642,12892,12948,9779,0.82,0.98,10826.4,0.836144578,-161.4457831
7597,-1525,10582,12640,12867,12937,9783,0.82,0.98,10821.1,0.836445853,-164.4585298
7598,-1534,10617,12597,12890,12885,9788,0.82,0.98,10762.5,0.835273574,-152.7357392
7599,-1536,10587,12696,12842,12991,9789,0.82,0.98,10893.3,0.838526672,-185.2667231
7600,-1536,10554,12706,12881,12991,9790,0.82,0.98,10903.3,0.839296436,-192.9643599
7600,-1531,10638,12541,12923,12817,9795,0.82,0.98,10686.1,0.833744246,-137.4424592
7602,-1541,10540,12749,12834,13036,9799,0.82,0.98,10959.8,0.840733354,-207.3335379
7603,-1567,10431,12498,12797,12771,9803,0.82,0.98,10629.3,0.832299742,-122.997416
7604,-1545,10445,12471,12833,12762,9803,0.81,0.98,10599.6,0.830559473,-205.5947344
7605,-1536,10636,12713,12919,12998,9803,0.82,0.98,10912.4,0.839544545,-195.4454531
7606,-1542,10549,12692,12857,12975,9803,0.82,0.98,10884.5,0.838882466,-188.8246628
7607,-1532,10556,12724,12836,13009,9803,0.82,0.98,10926.7,0.839933892,-199.3389192
7608,-1531,10574,12705,12863,12986,9803,0.82,0.98,10900.8,0.839427075,-194.2707531
7609,-1534,10559,12731,12847,13014,9803,0.82,0.98,10935.2,0.840264331,-202.6433072
7610,-1550,10553,12690,12826,12970,9804,0.82,0.98,10881,0.838936006,-189.3600617
7610,-1539,10543,12756,12837,13036,9806,0.82,0.98,10966.8,0.841270328,-212.7032832
7612,-1556,10441,12487,12816,12749,9807,0.81,0.98,10611.7,0.832355479,-223.5547886
7613,-1558,10444,12774,12776,13046,9807,0.82,0.98,10987.8,0.842235168,-222.3516787
7614,-1563,10457,12432,12832,12694,9805,0.81,0.98,10540.2,0.830329289,-203.2928943
7615,-1550,10479,12482,12720,12729,9804,0.82,0.98,10600.7,0.83279912,-127.9912012
7616,-1569,10607,12741,12902,13003,9802,0.82,0.98,10941.9,0.841490425,-214.9042529
7617,-1526,10532,12732,12805,13003,9802,0.82,0.98,10932.9,0.840798277,-207.9827732
7618,-1562,10617,12704,12895,12948,9802,0.82,0.98,10888.4,0.840932963,-209.3296262
7619,-1579,10412,12528,12777,12773,9797,0.81,0.98,10659.9,0.834565098,-245.6509825
7620,-1561,10549,12769,12870,13021,9792,0.82,0.98,10975.3,0.842892251,-228.9225098
7621,-1551,10615,12673,12873,12924,9787,0.82,0.98,10850.2,0.839538842,-195.3884246
7622,-1558,10623,12599,12893,12844,9787,0.82,0.98,10752.2,0.837137963,-171.3796325
7623,-1554,10658,12735,12938,12977,9788,0.82,0.98,10928.1,0.842112969,-221.129691
7624,-1563,10622,12669,12891,12917,9791,0.82,0.98,10844.1,0.839521561,-195.2156073
7625,-1557,10572,12656,12834,12898,9793,0.82,0.98,10825.4,0.83930842,-193.0841991
7626,-1565,10608,12761,12893,13001,9795,0.82,0.98,10961.3,0.843112068,-231.120683
7626,-1565,10619,12691,12897,12914,9795,0.82,0.98,10865.2,0.841350472,-213.5047236
7628,-1587,10492,12852,12838,13081,9800,0.82,0.98,11076.3,0.846747191,-267.4719058
7629,-1589,10518,12791,12837,13028,9805,0.82,0.98,10999.4,0.844289223,-242.8922321
7630,-1593,10517,12856,12835,13091,9811,0.82,0.98,11083.3,0.846635093,-266.3509281
7631,-1595,10479,12815,12789,13040,9812,0.82,0.98,11027,0.845628834,-256.2883436
7632,-1585,10452,12812,12797,13044,9810,0.82,0.98,11025.2,0.845231524,-252.3152407
7633,-1590,10605,12809,12919,13033,9806,0.82,0.98,11018.9,0.845461521,-254.6152076
7634,-1605,10450,12271,12807,12475,9801,0.82,0.98,10313.5,0.826733467,-67.33466934
7635,-1615,10564,12835,12885,13058,9799,0.82,0.98,11052.4,0.846408332,-264.0833206
7636,-1602,10578,12669,12874,12869,9799,0.82,0.98,10829.7,0.841533919,-215.3391872
7637,-1595,10458,12836,12804,13052,9800,0.82,0.98,11051.6,0.846736132,-267.3613239
7638,-1615,10576,12762,12861,12972,9800,0.82,0.98,10953.6,0.84440333,-244.0333025
7639,-1598,10569,12643,12837,12843,9801,0.82,0.98,10795.9,0.840605777,-206.0577747
7640,-1618,10464,12787,12817,12999,9801,0.82,0.98,10986.7,0.845195784,-251.9578429
7641,-1616,10572,12732,12861,12933,9800,0.82,0.98,10911.9,0.843725354,-237.2535375
7642,-1613,10458,12843,12827,13056,9796,0.82,0.98,11059.8,0.847104779,-271.0477941
7643,-1645,10552,12871,12923,13076,9793,0.82,0.98,11093.8,0.848409299,-284.0929948
7644,-1640,10501,12221,12838,12410,9790,0.82,0.98,10244,0.825463336,-54.63336019
7645,-1610,10532,12738,12835,12935,9789,0.82,0.98,10918.5,0.844105141,-241.0514109
7646,-1615,10536,12816,12830,13017,9794,0.82,0.98,11021.1,0.84666974,-266.6973957
7647,-1628,10547,12843,12906,13042,9803,0.82,0.98,11055.6,0.847692072,-276.9207177
7648,-1638,10498,12842,12871,13043,9811,0.82,0.98,11054.9,0.847573411,-275.7341103
7649,-1628,10548,12726,12818,12904,9815,0.82,0.99,10897.2,0.844482331,-244.8233106
7650,-1634,10558,12747,12864,12934,9814,0.82,0.99,10927.2,0.844843049,-248.4304933
7651,-1642,10466,12923,12827,13116,9810,0.82,0.99,11157.8,0.850701433,-307.0143336
7652,-1656,10463,12879,12827,13062,9807,0.82,0.99,11097.6,0.849609554,-296.0955443
7653,-1643,10568,12864,12915,13051,9804,0.82,0.99,11079.3,0.848923454,-289.2345414
7654,-1617,10608,12626,12911,12814,9804,0.82,0.99,10770.2,0.840502575,-205.0257531
7655,-1642,10486,12727,12799,12900,9805,0.82,0.99,10897,0.844728682,-247.2868217
7656,-1643,10525,12819,12840,12991,9805,0.82,0.99,11016.3,0.847994766,-279.9476561
7657,-1635,10446,12912,12813,13100,9805,0.82,0.99,11142,0.850534351,-305.3435115
7658,-1639,10568,12829,12881,12999,9805,0.82,0.99,11028.7,0.848426802,-284.2680206
7659,-1653,10465,12899,12834,13075,9805,0.82,0.99,11121.5,0.850592734,-305.9273423
7660,-1663,10553,12820,12900,12990,9802,0.82,0.99,11017,0.848113934,-281.139338
7661,-1646,10473,12890,12797,13059,9798,0.82,0.99,11107.7,0.850578145,-305.7814534
7662,-1659,10563,12678,12861,12837,9794,0.82,0.99,10829.1,0.84358495,-235.8494975
7663,-1662,10545,12886,12880,13051,9794,0.82,0.99,11101.3,0.850609149,-306.0914872
7664,-1682,10439,12657,12866,12819,9794,0.81,0.99,10802.7,0.84271004,-327.1003978
7665,-1657,10447,12843,12743,13003,9794,0.82,0.99,11043.9,0.849334769,-293.347689
7666,-1669,10568,12712,12869,12863,9794,0.82,0.99,10870.9,0.845129441,-251.2944103
7667,-1663,10494,12816,12829,12980,9794,0.82,0.99,11010,0.848228043,-282.2804314
7668,-1674,10545,12866,12878,13021,9794,0.82,0.99,11072.3,0.850341756,-303.4175563
7669,-1697,10463,12851,12816,13006,9792,0.82,0.99,11052.8,0.849823159,-298.2315854
7670,-1679,10453,12885,12833,13040,9790,0.81,0.99,11097,0.850996933,-409.9693252
7671,-1711,10517,12847,12869,13005,9789,0.82,0.99,11048.5,0.849557862,-295.5786236
7672,-1668,10521,12878,12886,13038,9789,0.82,0.99,11089.4,0.850544562,-305.4456205
7673,-1677,10534,12890,12866,13040,9793,0.82,0.99,11102,0.851380368,-313.803681
7674,-1668,10503,12803,12811,12960,9802,0.82,0.99,10991,0.848070988,-280.7098765
7675,-1670,10488,12877,12830,13029,9811,0.82,0.99,11085.7,0.850848108,-308.4810807
7676,-1692,10568,12683,12893,12814,9816,0.82,0.99,10827.2,0.844950835,-249.5083502
7677,-1681,10514,12885,12872,13039,9816,0.82,0.99,11096.7,0.85103919,-310.3919012
7678,-1703,10535,12708,12851,12833,9810,0.82,0.99,10857.9,0.846092106,-260.9210629
7679,-1719,10382,12637,12804,12768,9802,0.81,0.99,10767.4,0.843311404,-333.1140351
7680,-1714,10459,12872,12859,13018,9794,0.81,0.99,11077.4,0.850929482,-409.2948226
7681,-1702,10518,12799,12862,12931,9792,0.82,0.99,10978.3,0.848990797,-289.9079731
7682,-1688,10521,12677,12843,12804,9793,0.82,0.99,10818.2,0.844907841,-249.078413
7683,-1687,10552,12717,12892,12850,9796,0.82,0.99,10872,0.846070039,-260.7003891
7684,-1719,10373,12640,12810,12777,9799,0.81,0.99,10773.1,0.843163497,-331.6349691
7685,-1699,10554,12845,12886,12980,9802,0.82,0.99,11039,0.85046225,-304.6224961
7686,-1704,10513,12757,12833,12889,9801,0.82,0.99,10923.7,0.847521142,-275.2114206
7687,-1704,10489,12840,12840,12973,9804,0.82,0.99,11031.9,0.850373853,-303.7385339
7688,-1718,10410,12934,12844,13068,9809,0.81,0.99,11154.4,0.853565963,-435.6596266
7689,-1728,10517,12840,12832,12981,9815,0.82,0.99,11034.3,0.850034666,-300.3466605
7690,-1702,10448,12939,12869,13072,9817,0.81,0.99,11160.6,0.85377907,-437.7906977
7691,-1701,10523,12830,12865,12969,9817,0.82,0.99,11020.7,0.849772535,-297.7253451
7692,-1694,10472,12790,12836,12925,9814,0.82,0.99,10967.5,0.848549323,-285.4932302
7693,-1708,10490,12976,12929,13116,9811,0.81,0.99,11210.8,0.854742299,-447.4229948
7694,-1702,10532,12764,12874,12901,9808,0.82,0.99,10934.3,0.847554453,-275.5445314
7695,-1715,10431,12927,12805,13064,9808,0.81,0.99,11146.2,0.853199633,-431.9963258
7696,-1725,10539,12846,12892,12985,9804,0.82,0.99,11041.5,0.850327301,-303.2730073
7697,-1715,10517,12822,12894,12953,9797,0.82,0.99,11007.9,0.849834015,-298.3401529
7698,-1754,10386,12949,12828,13086,9790,0.81,0.99,11174.8,0.853950787,-439.507871
7699,-1748,10427,12911,12858,13049,9787,0.81,0.99,11125.7,0.852609395,-426.0939536
7700,-1732,10502,12867,12862,13010,9787,0.82,0.99,11070,0.850883935,-308.8393543
7701,-1718,10508,12811,12865,12939,9788,0.82,0.99,10992.7,0.849578793,-295.787928
7702,-1729,10509,12737,12871,12867,9790,0.82,0.99,10897.1,0.84690293,-269.0292998
7703,-1741,10500,12888,12888,13020,9792,0.81,0.99,11094,0.852073733,-420.7373272
7704,-1738,10347,12616,12807,12745,9791,0.81,0.99,10739.5,0.842644174,-326.4417419
7705,-1723,10487,12853,12858,12986,9792,0.82,0.99,11048.8,0.850823964,-308.2396427
7706,-1736,10479,12830,12862,12957,9792,0.81,0.99,11017.1,0.850281701,-402.8170101
7707,-1743,10457,12922,12869,13062,9793,0.81,0.99,11140.6,0.852901546,-429.0154647
7708,-1725,10360,12976,12813,13116,9794,0.81,0.99,11210.8,0.854742299,-447.4229948
7709,-1754,10428,12950,12896,13088,9794,0.81,0.99,11176.4,0.853942543,-439.4254279
7710,-1745,10542,12911,12933,13044,9797,0.82,0.99,11124.2,0.85282122,-328.2122048
7711,-1735,10466,12911,12870,13045,9801,0.81,0.99,11124.5,0.852778842,-427.7884247
7712,-1732,10453,12882,12868,13015,9805,0.81,0.99,11086.5,0.851824818,-418.2481752
7713,-1730,10445,12967,12840,13107,9805,0.81,0.99,11199.1,0.854436561,-444.3656062
7714,-1741,10330,12454,12807,12585,9807,0.81,0.99,10529.5,0.83667064,-266.7063965
7715,-1739,10357,12919,12765,13057,9810,0.81,0.99,11136.1,0.852883511,-428.8351076
7716,-1766,10467,12876,12852,13017,9813,0.81,0.99,11081.1,0.851279097,-412.7909657
7717,-1728,10498,12707,12867,12836,9816,0.82,0.99,10857.8,0.845886569,-258.8656902
7717,-1757,10404,12960,12867,13101,9815,0.81,0.99,11190.3,0.854156171,-441.5617128
7719,-1755,10473,12840,12873,12971,9816,0.81,0.99,11031.3,0.850458716,-404.587156
7720,-1743,10468,12894,12903,13027,9816,0.81,0.99,11102.1,0.85223766,-422.3766024
7721,-1734,10420,12971,12823,13113,9817,0.81,0.99,11204.9,0.854487913,-444.8791276
7722,-1726,10418,12881,12825,13025,9817,0.81,0.99,11088.5,0.851324376,-413.243762
7723,-1738,10470,12899,12894,13037,9816,0.81,0.99,11110.1,0.852197591,-421.9759147
7724,-1732,10478,12678,12858,12821,9815,0.81,0.99,10824.3,0.844263318,-342.6331799
7725,-1729,10469,12858,12862,13005,9813,0.81,0.99,11059.5,0.850403691,-404.0369089
7726,-1758,10445,12809,12864,12954,9812,0.81,0.99,10995.2,0.848788019,-387.8801914
7727,-1729,10429,12909,12845,13052,9812,0.81,0.99,11124.6,0.852329145,-423.2914496
7728,-1740,10432,12901,12841,13047,9815,0.81,0.99,11115.1,0.851927646,-419.276462
7729,-1752,10452,12665,12830,12794,9818,0.81,0.99,10803.2,0.844395811,-343.9581054
7730,-1763,10373,12924,12861,13068,9822,0.81,0.99,11144.4,0.852800735,-428.0073462
7731,-1741,10377,12919,12840,13067,9823,0.81,0.99,11139.1,0.852460396,-424.6039642
7732,-1749,10522,12822,12916,12964,9823,0.81,0.99,11011.2,0.849367479,-393.6747917
7733,-1753,10451,12907,12866,13044,9823,0.81,0.99,11120.2,0.852514566,-425.1456608
7734,-1752,10260,12643,12742,12788,9822,0.81,0.99,10779.4,0.842930873,-329.3087269
7735,-1738,10524,12874,12923,13017,9821,0.81,0.99,11079.1,0.851125451,-411.2545133
7736,-1761,10340,12670,12838,12803,9821,0.81,0.99,10810.9,0.844403655,-344.0365539
7737,-1743,10437,12935,12874,13081,9816,0.81,0.99,11159.3,0.853092271,-430.9227123
7738,-1752,10453,12771,12881,12907,9808,0.81,0.99,10943.1,0.847842256,-378.4225614
7739,-1748,10268,12941,12698,13092,9799,0.81,0.99,11168.6,0.853085854,-430.8585396
7740,-1741,10484,12878,12887,13027,9796,0.81,0.99,11086.1,0.851009442,-410.0944193
7741,-1763,10307,12625,12807,12753,9796,0.8,0.99,10750.9,0.843009488,-430.0948796
7742,-1750,10432,12891,12875,13042,9797,0.81,0.99,11103.6,0.851372489,-413.7248888
7743,-1744,10436,12891,12880,13040,9798,0.81,0.99,11103,0.851457055,-414.5705521
7744,-1756,10277,12406,12780,12540,9799,0.8,0.99,10468,0.83476874,-347.6874003
7745,-1752,10374,12847,12826,12995,9800,0.81,0.99,11045.5,0.849980762,-399.8076183
7746,-1760,10427,12857,12855,13001,9802,0.81,0.99,11057.3,0.850496116,-404.9611568
7747,-1769,10494,12683,12899,12828,9806,0.81,0.99,10831.4,0.844356096,-343.5609604
7748,-1759,10437,12826,12860,12976,9810,0.81,0.99,11018.8,0.849167694,-391.676942
7749,-1746,10427,12929,12883,13086,9813,0.81,0.99,11154.8,0.852422436,-424.2243619
7750,-1753,10329,12923,12814,13080,9813,0.81,0.99,11147,0.852217125,-422.1712538
7751,-1754,10488,12728,12902,12876,9814,0.81,0.99,10890.8,0.845821684,-358.2168375
7752,-1728,10434,12815,12850,12971,9816,0.81,0.99,11006.3,0.848531339,-385.3133914
7753,-1759,10441,12987,12918,13141,9818,0.81,0.99,11229.3,0.854524009,-445.2400883
7754,-1757,10350,12596,12865,12738,9818,0.8,0.99,10717.4,0.841372272,-413.7227194
7755,-1731,10355,12811,12752,12975,9816,0.81,0.99,11003.5,0.84805395,-380.539499
7756,-1755,10462,12622,12874,12769,9810,0.81,0.99,10752.7,0.842094134,-320.9413423
7757,-1749,10440,12828,12858,12984,9804,0.81,0.99,11023.2,0.848983364,-389.8336414
7758,-1748,10471,12826,12890,12982,9799,0.81,0.99,11020.6,0.848913881,-389.1388076
7759,-1742,10391,12904,12829,13070,9799,0.81,0.99,11125,0.851185922,-411.8592196
7760,-1755,10445,12806,12887,12963,9801,0.81,0.99,10994.9,0.848175577,-381.7557664
7761,-1740,10506,12706,12926,12860,9803,0.81,0.99,10864,0.844790047,-347.9004666
7762,-1744,10441,12853,12872,13027,9806,0.81,0.99,11061.1,0.849090351,-390.9035081
7763,-1757,10433,12828,12876,12984,9807,0.81,0.99,11023.2,0.848983364,-389.8336414
7764,-1762,10288,12563,12807,12715,9806,0.8,0.99,10677.5,0.839756193,-397.5619347
7765,-1766,10370,12924,12835,13091,9802,0.81,0.99,11151.3,0.851829501,-418.2950118
7766,-1756,10449,12765,12868,12919,9798,0.81,0.99,10940.7,0.846868953,-368.6895271
7767,-1744,10384,12897,12848,13061,9795,0.81,0.99,11115.3,0.851029783,-410.2978332
7768,-1758,10382,12907,12840,13063,9795,0.81,0.99,11125.9,0.851710939,-417.1093929
7768,-1756,10381,12888,12823,13059,9798,0.81,0.99,11105.7,0.850424994,-404.2499426
7769,-1746,10442,12656,12855,12812,9803,0.81,0.99,10799.6,0.842928505,-329.2850453
7770,-1760,10267,12956,12762,13124,9808,0.8,0.99,11193.2,0.852880219,-528.8021945
7771,-1746,10397,12771,12816,12935,9810,0.81,0.99,10951.5,0.846656359,-366.5635872
7773,-1744,10453,12860,12910,13031,9810,0.81,0.99,11069.3,0.849458982,-394.5898243
7773,-1729,10427,12728,12843,12895,9810,0.81,0.99,10896.5,0.845017449,-350.1744862
7774,-1745,10419,12629,12840,12786,9809,0.81,0.99,10764.8,0.841920851,-319.2085093
7775,-1761,10419,12855,12884,13016,9809,0.81,0.99,11059.8,0.849708052,-397.0805163
7776,-1757,10350,12933,12823,13108,9809,0.81,0.99,11165.4,0.851800427,-418.0042722
7777,-1753,10391,12941,12867,13109,9808,0.81,0.99,11173.7,0.852368602,-423.6860172
7777,-1764,10513,12765,12949,12919,9807,0.81,0.99,10940.7,0.846868953,-368.6895271
7778,-1762,10431,12882,12848,13043,9807,0.81,0.99,11094.9,0.85064019,-406.4019014
7779,-1762,10415,12851,12889,13023,9807,0.81,0.99,11057.9,0.849105429,-391.0542886
7780,-1747,10396,12912,12857,13081,9807,0.81,0.99,11136.3,0.851333996,-413.3399587
7780,-1776,10384,12879,12882,13043,9814,0.81,0.99,11091.9,0.850410182,-404.1018171
7782,-1762,10335,12482,12852,12643,9822,0.8,0.99,10574.9,0.836423317,-364.2331725
7782,-1776,10283,12580,12811,12730,9829,0.8,0.99,10699,0.840455617,-404.5561665
7783,-1773,10403,12709,12842,12868,9829,0.81,0.99,10869.4,0.844684489,-346.8448865
7783,-1755,10402,12859,12846,13019,9826,0.81,0.99,11064.7,0.849888624,-398.8862432
7784,-1756,10439,12848,12890,13015,9820,0.81,0.99,11052.5,0.849212447,-392.1244718
7785,-1767,10408,12883,12860,13047,9814,0.81,0.99,11097.1,0.850548019,-405.480187
7785,-1763,10370,12864,12819,13025,9810,0.81,0.99,11071.5,0.850019194,-400.1919386
7786,-1759,10428,12736,12855,12887,9810,0.81,0.99,10902.1,0.845976566,-359.7656553
7787,-1749,10329,12888,12816,13058,9811,0.81,0.99,11105.4,0.850467147,-404.6714658
7788,-1761,10353,12907,12862,13068,9813,0.8,0.99,11127.4,0.851499847,-514.9984695
7788,-1779,10278,12591,12811,12737,9814,0.8,0.99,10712.1,0.841022219,-410.2221873
7789,-1760,10447,12797,12876,12956,9814,0.81,0.99,10983.8,0.847777092,-377.7709169
7790,-1768,10459,12728,12889,12885,9813,0.81,0.99,10893.5,0.845440435,-354.4043461
7790,-1756,10448,12707,12877,12861,9805,0.81,0.99,10865.3,0.844825441,-348.2544126
7791,-1749,10429,12795,12872,12949,9797,0.81,0.99,10979.7,0.847918758,-379.1875821
7791,-1781,10428,12716,12857,12875,9791,0.81,0.99,10878.5,0.844932039,-349.3203883
7792,-1763,10455,12751,12898,12903,9791,0.81,0.99,10921.9,0.846462063,-364.6206309
7793,-1761,10330,12853,12807,13015,9796,0.81,0.99,11057.5,0.849596619,-395.9661929
7793,-1750,10364,12934,12864,13100,9802,0.81,0.99,11164,0.85221374,-422.1374046
7794,-1777,10372,12823,12836,12974,9807,0.81,0.99,11015.2,0.849021119,-390.2111916
7794,-1749,10439,12664,12870,12818,9808,0.81,0.99,10809.4,0.843298487,-332.984865
7795,-1764,10312,12803,12750,12956,9808,0.81,0.99,10989.8,0.848240198,-382.4019759
7795,-1779,10456,12680,12891,12831,9809,0.81,0.99,10829.3,0.843995012,-339.9501208
7796,-1773,10342,12855,12810,13018,9810,0.81,0.99,11060.4,0.849623598,-396.2359809
7797,-1782,10459,12834,12902,12989,9810,0.81,0.99,11030.7,0.849233967,-392.339672
7797,-1773,10422,12886,12881,13041,9810,0.81,0.99,11098.3,0.851031363,-410.3136263
7798,-1760,10401,12865,12885,13019,9811,0.81,0.99,11070.7,0.850349489,-403.4948921
7798,-1787,10302,12655,12847,12798,9812,0.8,0.99,10794.4,0.843444288,-434.4428817
7798,-1766,10224,12942,12737,13106,9814,0.8,0.99,11173.8,0.852571341,-525.7134137
7799,-1755,10378,12857,12832,13017,9814,0.81,0.99,11062.1,0.849819467,-398.1946685
7799,-1758,10406,12753,12830,12916,9814,0.81,0.99,10927.8,0.846066894,-360.6689378
7799,-1750,10358,12918,12797,13081,9810,0.81,0.99,11142.3,0.851792676,-417.926764
7800,-1793,10414,12752,12851,12893,9805,0.81,0.99,10919.9,0.846963469,-369.6346855
7801,-1782,10443,12719,12901,12875,9801,0.81,0.99,10881.5,0.845165049,-351.6504854
7801,-1807,10270,12917,12764,13071,9802,0.8,0.99,11138.3,0.852138321,-521.3832148
7802,-1790,10380,12893,12840,13053,9803,0.81,0.99,11108.9,0.851061059,-410.6105876
7802,-1781,10318,12882,12791,13041,9806,0.81,0.99,11094.3,0.850724638,-407.2463768
7802,-1809,10415,12861,12891,13020,9809,0.81,0.99,11067,0.85,-400
7802,-1776,10344,12907,12845,13065,9810,0.81,0.99,11126.5,0.851626483,-416.2648297
7803,-1797,10384,12850,12858,12997,9810,0.81,0.99,11049.1,0.850126952,-401.2695237
7803,-1774,10478,12760,12922,12915,9816,0.81,0.99,10934.5,0.846651181,-366.511808
7803,-1767,10470,12739,12918,12883,9823,0.81,0.99,10903.9,0.846378949,-363.78949
7804,-1776,10347,12910,12803,13066,9828,0.81,0.99,11129.8,0.851813868,-418.1386805
7804,-1769,10290,12979,12794,13138,9828,0.8,0.99,11220.4,0.854041711,-540.4171107
7805,-1811,10381,12834,12846,12995,9827,0.81,0.99,11032.5,0.848980377,-389.8037707
7805,-1764,10386,12939,12867,13104,9823,0.81,0.99,11170.2,0.85242674,-424.2673993
7805,-1747,10430,12851,12895,13002,9819,0.81,0.99,11051.6,0.849992309,-399.9230888
7806,-1784,10361,12884,12830,13042,9817,0.81,0.99,11096.6,0.850835761,-408.3576139
7806,-1778,10406,12901,12886,13050,9817,0.81,0.99,11116,0.851800766,-418.0076628
7806,-1771,10389,12871,12856,13026,9817,0.81,0.99,11078.8,0.850514356,-405.143559
7806,-1790,10229,12592,12773,12738,9818,0.8,0.99,10713.4,0.841058251,-410.582509
7806,-1763,10277,12859,12680,13016,9819,0.81,0.99,11063.8,0.850015366,-400.153657
7807,-1779,10291,12924,12795,13082,9820,0.8,0.99,11148.6,0.852209142,-522.0914233
7807,-1790,10383,12873,12852,13033,9821,0.81,0.99,11082.9,0.850372132,-403.7213228
7807,-1785,10388,12909,12877,13061,9822,0.81,0.99,11127.3,0.851948549,-419.4854912
7807,-1805,10416,12651,12849,12790,9823,0.81,0.99,10788,0.843471462,-334.7146208
7807,-1791,10372,12743,12835,12884,9823,0.81,0.99,10908.2,0.846647004,-366.4700404
7808,-1781,10411,12701,12842,12845,9823,0.81,0.99,10854.5,0.845036979,-350.3697937
7808,-1776,10387,12920,12863,13076,9820,0.81,0.99,11142.8,0.852156623,-421.5662282
7808,-1779,10488,12646,12943,12783,9815,0.81,0.99,10780.9,0.843377924,-333.7792381
7808,-1762,10424,12696,12860,12844,9810,0.81,0.99,10849.2,0.844690128,-346.9012769
7808,-1772,10269,12869,12695,13016,9808,0.81,0.99,11073.8,0.850783651,-407.8365089
7809,-1794,10418,12849,12898,12998,9807,0.81,0.99,11048.4,0.850007693,-400.0769349
7809,-1779,10423,12700,12867,12840,9804,0.81,0.99,10852,0.84517134,-351.7133956
7809,-1791,10450,12640,12895,12779,9801,0.81,0.99,10773.7,0.843078488,-330.7848814
7809,-1790,10273,12645,12821,12788,9799,0.8,0.99,10781.4,0.843087269,-430.8726931
7808,-1772,10447,12783,12887,12926,9799,0.81,0.99,10960.8,0.847965341,-379.6534117
7809,-1769,10389,12896,12861,13056,9801,0.81,0.99,11112.8,0.851164216,-411.6421569
7809,-1775,10390,12863,12853,13018,9804,0.81,0.99,11068.4,0.850238132,-402.3813182
7809,-1810,10510,12715,12969,12848,9808,0.81,0.99,10869.4,0.845999377,-359.9937733
7809,-1755,10424,12776,12856,12928,9810,0.81,0.99,10954.4,0.847339109,-373.3910891
7809,-1758,10411,12784,12846,12928,9810,0.81,0.99,10962.4,0.847957921,-379.5792079
7809,-1797,10399,12826,12836,12971,9808,0.81,0.99,11017.3,0.849379385,-393.7938478
7809,-1770,10353,12919,12842,13071,9805,0.81,0.99,11140.3,0.852291332,-422.9133196
7809,-1779,10394,12869,12902,13020,9803,0.81,0.99,11075,0.850614439,-406.1443932
7809,-1784,10366,12793,12816,12935,9803,0.81,0.99,10973.5,0.84835717,-383.5717047
7809,-1781,10485,12690,12939,12827,9805,0.81,0.99,10838.1,0.844944258,-349.4425821
7809,-1794,10420,12790,12860,12935,9812,0.81,0.99,10970.5,0.848125242,-381.2524159
7809,-1782,10314,12956,12863,13113,9819,0.8,0.99,11189.9,0.85334401,-533.4400976
7809,-1780,10365,12923,12854,13082,9823,0.81,0.99,11147.6,0.852132701,-421.3270142
7809,-1787,10283,12576,12844,12721,9823,0.8,0.99,10692.3,0.840523544,-405.2354375
7809,-1776,10387,12862,12870,13008,9817,0.81,0.99,11064.4,0.850584256,-405.8425584
7809,-1781,10420,12738,12856,12876,9812,0.81,0.99,10900.8,0.846598322,-365.9832246
7809,-1779,10414,12770,12854,12917,9807,0.81,0.99,10945.1,0.847340714,-373.4071379
7809,-1782,10358,12898,12834,13051,9807,0.81,0.99,11113.3,0.851528618,-415.286185
7808,-1771,10475,12740,12917,12888,9806,0.81,0.99,10906.4,0.846244569,-362.4456859
7809,-1791,10384,12762,12836,12901,9805,0.81,0.99,10932.3,0.847399426,-373.994264
7809,-1776,10392,12839,12821,12989,9804,0.81,0.99,11035.7,0.849618908,-396.1890831
7809,-1790,10279,12653,12831,12795,9804,0.8,0.99,10791.5,0.843415397,-434.1539664
7808,-1772,10422,12959,12922,13114,9804,0.81,0.99,11193.2,0.853530578,-435.3057801
7808,-1790,10274,12539,12826,12671,9807,0.8,0.99,10640.3,0.839736406,-397.3640597
7808,-1776,10379,12713,12814,12858,9810,0.81,0.99,10870.4,0.845419194,-354.1919428
7809,-1779,10443,12703,12883,12837,9813,0.81,0.99,10854.1,0.845532445,-355.3244528
7809,-1782,10438,12622,12877,12761,9813,0.81,0.99,10750.3,0.842433979,-324.3397853
7808,-1781,10422,12861,12884,13016,9813,0.81,0.99,11065.8,0.850169023,-401.6902274
7809,-1780,10349,12884,12835,13036,9815,0.81,0.99,11094.8,0.851089291,-410.8929119
7809,-1753,10407,12880,12891,13032,9817,0.81,0.99,11089.6,0.850951504,-409.5150399
7809,-1790,10379,12892,12857,13046,9818,0.81,0.99,11105.8,0.851280086,-412.8008585
7809,-1775,10384,12862,12846,13013,9818,0.81,0.99,11065.9,0.850372704,-403.7270422
7808,-1791,10386,12681,12811,12818,9817,0.81,0.99,10826.4,0.844624746,-346.2474645
7809,-1796,10297,12503,12850,12652,9816,0.8,0.99,10598.6,0.837701549,-377.0154916
7808,-1773,10330,12966,12810,13124,9815,0.81,0.99,11203.2,0.853642182,-436.4218226
7808,-1791,10352,12930,12844,13082,9814,0.81,0.99,11154.6,0.852667788,-426.677878
7809,-1778,10329,12929,12830,13084,9813,0.81,0.99,11154.2,0.852506879,-425.0687863
7809,-1785,10352,12876,12841,13026,9809,0.81,0.99,11083.8,0.850898204,-408.9820359
7809,-1794,10410,12838,12870,12993,9805,0.81,0.99,11035.9,0.849372739,-393.7273917
7808,-1793,10463,12623,12920,12763,9801,0.81,0.99,10751.9,0.842427329,-324.27329
7808,-1775,10403,12679,12833,12823,9802,0.81,0.99,10825.9,0.844256414,-342.5641426
7808,-1763,10357,12885,12830,13040,9806,0.81,0.99,11097,0.850996933,-409.9693252
7808,-1771,10425,12945,12883,13090,9812,0.81,0.99,11172,0.853475936,-434.7593583
7809,-1751,10418,12666,12853,12813,9818,0.81,0.99,10809.9,0.843666589,-336.6658862
7808,-1778,10322,12958,12814,13112,9821,0.81,0.99,11191.6,0.853538743,-435.3874314
7808,-1776,10385,12845,12836,13000,9821,0.81,0.99,11045,0.849615385,-396.1538462
7808,-1771,10387,12892,12846,13045,9820,0.81,0.99,11105.5,0.851322346,-413.2234573
7809,-1775,10438,12668,12880,12806,9819,0.81,0.99,10809.8,0.844119944,-341.1994378
7809,-1789,10407,12881,12854,13022,9818,0.81,0.99,11087.6,0.85145139,-414.5138996
7808,-1801,10408,12963,12901,13111,9818,0.81,0.99,11196.3,0.853962322,-439.6232171
7808,-1791,10365,12913,12840,13066,9817,0.81,0.99,11132.8,0.852043472,-420.4347161
7808,-1792,10289,12686,12834,12822,9815,0.8,0.99,10832.6,0.844844798,-448.44798
7808,-1769,10376,12898,12828,13058,9813,0.81,0.99,11115.4,0.851232961,-412.3296064
7808,-1798,10350,12576,12906,12730,9812,0.8,0.99,10695,0.840141398,-401.4139827
7808,-1771,10229,12906,12688,13068,9812,0.81,0.99,11126.4,0.851423324,-414.2332415
7808,-1769,10445,12761,12887,12910,9814,0.81,0.99,10934,0.846940356,-369.4035631
7808,-1775,10379,12934,12875,13093,9818,0.81,0.99,11161.9,0.852508974,-425.0897426
7808,-1787,10486,12776,12929,12916,9822,0.81,0.99,10950.8,0.847847631,-378.4763085
7808,-1788,10364,12906,12888,13065,9822,0.8,0.99,11125.5,0.851549943,-515.4994259
7808,-1758,10424,12848,12890,13001,9822,0.81,0.99,11048.3,0.849803861,-398.0386124
7807,-1769,10308,12904,12749,13058,9820,0.81,0.99,11121.4,0.851692449,-416.9244907
7808,-1765,10444,12787,12900,12934,9817,0.81,0.99,10967.2,0.847935673,-379.3567342
7808,-1788,10345,12868,12808,13019,9816,0.81,0.99,11073.7,0.850579922,-405.7992165
7808,-1770,10401,12758,12829,12911,9816,0.81,0.99,10931.3,0.846665634,-366.6563396
7808,-1781,10179,12885,12637,13035,9815,0.81,0.99,11095.5,0.851208285,-412.0828539
7808,-1778,10351,12899,12854,13053,9814,0.81,0.99,11114.9,0.851520723,-415.2072321
7808,-1785,10314,12985,12865,13146,9813,0.8,0.99,11228.8,0.854160962,-541.6096151
7808,-1771,10326,12918,12792,13073,9813,0.81,0.99,11139.9,0.852130345,-421.3034499
7807,-1784,10432,12771,12899,12921,9811,0.81,0.99,10947.3,0.847248665,-372.4866496
7807,-1776,10425,12874,12880,13030,9806,0.81,0.99,11083,0.850575595,-405.7559478
7808,-1797,10307,12901,12821,13051,9801,0.8,0.99,11116.3,0.851758486,-517.5848594
7807,-1800,10340,12924,12838,13085,9796,0.81,0.99,11149.5,0.852082537,-420.8253726
7808,-1784,10364,12939,12898,13099,9796,0.8,0.99,11168.7,0.852637606,-526.3760592
7808,-1795,10266,12637,12806,12774,9800,0.8,0.99,10769.2,0.843056208,-430.5620792
7808,-1779,10389,12890,12873,13044,9807,0.81,0.99,11103.2,0.851211285,-412.1128488
7808,-1781,10006,12635,12471,12780,9814,0.8,0.99,10769,0.842644757,-426.4475743
7807,-1772,10386,12832,12839,12983,9817,0.81,0.99,11026.9,0.849333744,-393.3374413
7807,-1784,10403,12880,12860,13031,9817,0.81,0.99,11089.3,0.850993784,-409.9378405
7807,-1770,10445,12766,12883,12919,9812,0.81,0.99,10941.7,0.846946358,-369.4635808
7807,-1770,10393,12826,12874,12975,9807,0.81,0.99,11018.5,0.849210019,-392.1001927
7807,-1765,10434,12792,12879,12937,9803,0.81,0.99,10973.1,0.848195099,-381.9509933
7807,-1763,10353,12903,12831,13061,9803,0.81,0.99,11121.3,0.851489166,-414.8916622
7808,-1804,10173,12646,12697,12796,9802,0.8,0.99,10784.8,0.842825883,-428.2588309
7808,-1800,10171,12489,12703,12627,9800,0.8,0.99,10577.1,0.837657401,-376.5740081
7807,-1782,10383,12834,12873,12981,9798,0.81,0.99,11028.3,0.849572452,-395.7245205
7807,-1770,10348,12948,12826,13101,9797,0.81,0.99,11178.3,0.853240211,-432.4021067
7807,-1766,10428,12806,12879,12956,9797,0.81,0.99,10992.8,0.848471751,-384.7175054
7807,-1781,10320,12947,12834,13104,9800,0.8,0.99,11178.2,0.853037241,-530.3724054
7807,-1816,10338,12912,12866,13069,9802,0.8,0.99,11132.7,0.851840233,-518.4023261
7807,-1798,10432,12763,12884,12909,9804,0.81,0.99,10935.7,0.847137656,-371.376559
7808,-1772,10370,12936,12883,13087,9804,0.8,0.99,11162.1,0.852915107,-529.1510659
7808,-1771,10195,12986,12585,13139,9807,0.81,0.99,11227.7,0.854532308,-445.3230839
7807,-1794,10417,12872,12921,13016,9814,0.81,0.99,11076.8,0.851014136,-410.1413645
7807,-1768,10391,12571,12824,12723,9821,0.81,0.99,10687.9,0.840045587,-300.4558673
7807,-1772,10409,12833,12840,12980,9825,0.81,0.99,11027,0.84953775,-395.3775039
7807,-1780,10421,12806,12862,12954,9825,0.81,0.99,10992.2,0.84855643,-385.5643045
7807,-1780,10378,12961,12875,13120,9823,0.81,0.99,11197,0.853429878,-434.2987805
7807,-1780,10335,12854,12799,12999,9820,0.81,0.99,11053.7,0.850350027,-403.5002693
7807,-1797,10355,12838,12817,12986,9816,0.81,0.99,11033.8,0.849668874,-396.6887417
7807,-1800,10344,12658,12769,12804,9815,0.81,0.99,10799.2,0.84342393,-334.2393002
7807,-1772,10419,12823,12873,12967,9813,0.81,0.99,11013.1,0.849317498,-393.1749826
7807,-1763,10429,12670,12875,12812,9808,0.81,0.99,10813.6,0.84402123,-340.212301
7807,-1787,10479,12877,12940,13032,9803,0.81,0.99,11086.6,0.850721301,-407.2130141
7807,-1785,10258,12567,12806,12706,9800,0.8,0.99,10678.8,0.840453329,-404.5332914
7806,-1770,10252,12852,12685,12997,9800,0.81,0.99,11051.1,0.850280834,-402.8083404
7806,-1785,10449,12632,12890,12767,9804,0.81,0.99,10762.1,0.842962325,-329.6232474
7807,-1781,10428,12896,12881,13042,9810,0.81,0.99,11108.6,0.851755866,-417.5586566
7807,-1810,10338,12930,12853,13079,9816,0.8,0.99,11153.7,0.852794556,-527.9455616
7807,-1777,10410,12806,12852,12947,9817,0.81,0.99,10990.1,0.848853016,-388.5301614
7807,-1801,10345,12886,12839,13039,9817,0.81,0.99,11097.7,0.851115883,-411.1588312
7807,-1793,10401,12881,12873,13026,9819,0.81,0.99,11088.8,0.851282051,-412.8205128
7807,-1769,10385,12862,12865,13022,9821,0.81,0.99,11068.6,0.849992321,-399.9232069
7806,-1805,10307,12945,12843,13102,9822,0.8,0.99,11175.6,0.852969012,-529.6901236
7806,-1792,10215,12553,12756,12697,9823,0.8,0.99,10662.1,0.839733795,-397.3379538
7807,-1771,10245,12905,12667,13053,9822,0.81,0.99,11120.9,0.851980388,-419.8038765
7806,-1790,10342,12855,12862,13003,9821,0.8,0.99,11055.9,0.850257633,-502.5763285
7807,-1768,10407,12895,12864,13053,9819,0.81,0.99,11110.9,0.85121428,-412.1428024
7807,-1798,10375,12864,12839,13011,9818,0.81,0.99,11067.3,0.850611021,-406.1102144
7807,-1775,10463,12688,12909,12831,9818,0.81,0.99,10837.3,0.844618502,-346.1850207
7807,-1768,10428,12604,12867,12743,9815,0.81,0.99,10726.9,0.841787648,-317.8764812
7806,-1787,10421,12708,12854,12849,9811,0.81,0.99,10862.7,0.845412094,-354.1209433
7806,-1770,10344,12908,12819,13064,9808,0.81,0.99,11127.2,0.851745254,-417.4525413
7807,-1768,10357,12932,12845,13084,9807,0.81,0.99,11157.2,0.852736166,-427.3616631
7806,-1774,10419,12664,12851,12812,9809,0.81,0.99,10807.6,0.843552919,-335.5291914
7806,-1763,10398,12672,12829,12806,9811,0.81,0.99,10813.8,0.844432297,-344.3229736
7806,-1776,10466,12692,12908,12833,9813,0.81,0.99,10841.9,0.844845321,-348.4532066
7806,-1771,10417,12913,12876,13061,9814,0.81,0.99,11131.3,0.852254804,-422.5480438
7807,-1777,10439,12853,12882,13009,9814,0.81,0.99,11055.7,0.849850104,-398.5010377
7806,-1787,10431,12856,12875,13007,9809,0.81,0.99,11058.1,0.850165296,-401.6529561
7806,-1787,10444,12832,12880,12977,9804,0.81,0.99,11025.1,0.849587732,-395.8773214
7806,-1786,10358,12912,12865,13061,9799,0.81,0.99,11130.3,0.852178241,-421.7824056
7806,-1773,10386,12912,12855,13067,9799,0.81,0.99,11132.1,0.851924696,-419.246958
7806,-1771,10386,12906,12884,13057,9801,0.81,0.99,11123.1,0.851887876,-418.8787623
7806,-1787,10409,12731,12835,12879,9805,0.81,0.99,10894.7,0.845927479,-359.2747884
7806,-1795,10255,12596,12792,12733,9809,0.8,0.99,10715.9,0.841584858,-415.8485824
7807,-1784,10398,12906,12883,13056,9811,0.81,0.99,11122.8,0.851930147,-419.3014706
7806,-1770,10401,12893,12856,13048,9811,0.81,0.99,11107.4,0.851272226,-412.7222563
7807,-1792,10400,12799,12852,12941,9811,0.81,0.99,10981.3,0.848566571,-385.6657136
7806,-1781,10324,12954,12832,13108,9810,0.8,0.99,11186.4,0.853402502,-534.0250229
7806,-1780,10367,12864,12856,13008,9810,0.81,0.99,11066.4,0.850738007,-407.3800738
7806,-1760,10446,12898,12906,13047,9810,0.81,0.99,11112.1,0.851697708,-416.9770829
7805,-1766,10385,12889,12848,13036,9810,0.81,0.99,11099.8,0.851472844,-414.7284443
7806,-1773,10454,12640,12901,12768,9809,0.81,0.99,10770.4,0.843546366,-335.4636591
7806,-1764,10413,12869,12856,13024,9807,0.81,0.99,11076.2,0.850445332,-404.453317
7806,-1782,10410,12914,12877,13067,9807,0.81,0.99,11134.1,0.852077753,-420.7775312
7806,-1780,10442,12675,12878,12816,9806,0.81,0.99,10819.8,0.844241573,-342.4157303
7806,-1785,10397,12913,12868,13067,9808,0.81,0.99,11133.1,0.852001224,-420.0122446
7806,-1799,10399,12925,12872,13077,9810,0.81,0.99,11148.1,0.85249675,-424.9675002
7806,-1788,10364,12948,12866,13104,9811,0.81,0.99,11179.2,0.853113553,-431.1355311
7806,-1782,10475,12683,12928,12820,9812,0.81,0.99,10829,0.844695788,-346.9578783
7806,-1769,10364,12831,12854,12984,9812,0.81,0.99,11026.2,0.849214418,-392.1441774
7805,-1773,10410,12859,12901,13008,9809,0.81,0.99,11061.4,0.850353629,-403.5362854
7806,-1788,10410,12923,12881,13075,9805,0.81,0.99,11145.5,0.852428298,-424.2829828
7806,-1791,10276,12697,12816,12840,9803,0.8,0.99,10849,0.844937695,-449.376947
7806,-1774,10392,12855,12855,13008,9803,0.81,0.99,11057.4,0.850046125,-400.4612546
7806,-1776,10317,12870,12812,13023,9808,0.81,0.99,11076.9,0.850564386,-405.6438609
7805,-1784,10489,12756,12936,12905,9817,0.81,0.99,10927.5,0.84676482,-367.6481984
7805,-1773,10386,12928,12879,13079,9825,0.81,0.99,11151.7,0.852641639,-426.4163927
7805,-1797,10371,12909,12856,13060,9828,0.81,0.99,11127,0.851990812,-419.9081164
7806,-1790,10389,12877,12865,13031,9828,0.81,0.99,11086.3,0.850763564,-407.6356381
7805,-1772,10351,12898,12817,13045,9823,0.81,0.99,11111.5,0.851782292,-417.8229207
7806,-1773,10432,12831,12869,12977,9817,0.81,0.99,11024.1,0.849510673,-395.1067273
7806,-1773,10369,12865,12829,13011,9812,0.81,0.99,11068.3,0.850687879,-406.8787949
7806,-1790,10230,12639,12765,12780,9812,0.8,0.99,10773,0.842957746,-429.5774648
7805,-1770,10249,12870,12669,13021,9811,0.81,0.99,11076.3,0.850648952,-406.4895169
7806,-1783,10437,12764,12871,12919,9809,0.81,0.99,10939.7,0.846791547,-367.9154733
7805,-1782,10408,12768,12865,12910,9807,0.81,0.99,10941,0.847482572,-374.8257165
7806,-1774,10423,12834,12860,12983,9807,0.81,0.99,11028.9,0.849487792,-394.8779173
7805,-1793,10289,12923,12801,13079,9807,0.8,0.99,11146.7,0.852259347,-522.5934704
7806,-1810,10346,12888,12834,13037,9808,0.81,0.99,11099.1,0.851353839,-413.5383907
7805,-1791,10421,12915,12897,13072,9808,0.81,0.99,11136.6,0.851943084,-419.4308446
7805,-1771,10437,12712,12869,12855,9808,0.81,0.99,10868.5,0.845468689,-354.6868923
7806,-1775,10396,12865,12872,13020,9808,0.81,0.99,11071,0.85030722,-403.0721966
7806,-1796,10238,12478,12775,12623,9810,0.8,0.99,10564.9,0.83695635,-369.5634952
7805,-1776,10490,12685,12932,12829,9815,0.81,0.99,10833.7,0.844469561,-344.6956115
7805,-1766,10408,12919,12879,13074,9820,0.81,0.99,11141.2,0.852164601,-421.646015
7805,-1783,10382,12919,12868,13074,9823,0.81,0.99,11141.2,0.852164601,-421.646015
7805,-1775,10342,12862,12853,13013,9823,0.8,0.99,11065.9,0.850372704,-503.7270422
7805,-1772,10457,12818,12893,12970,9823,0.81,0.99,11009,0.848804934,-388.0493446
7805,-1768,10413,12835,12859,12983,9824,0.81,0.99,11029.9,0.849564816,-395.6481553
7806,-1765,10349,12960,12825,13115,9825,0.81,0.99,11194.5,0.853564621,-435.6462066
7806,-1765,10375,12914,12863,13064,9825,0.81,0.99,11133.2,0.852204532,-422.0453154
7805,-1764,10448,12830,12902,12980,9823,0.81,0.99,11024,0.849306626,-393.0662558
7805,-1754,10416,12718,12851,12873,9817,0.81,0.99,10879.9,0.845172066,-351.7206556
7805,-1770,10325,12866,12736,13016,9811,0.81,0.99,11070.8,0.850553165,-405.5316533
7805,-1784,10447,12679,12885,12816,9807,0.81,0.99,10823.8,0.844553683,-345.536829
7805,-1792,10293,12939,12818,13104,9807,0.8,0.99,11170.2,0.85242674,-524.2673993
7805,-1780,10350,12924,12825,13067,9811,0.81,0.99,11144.1,0.85284304,-428.4303972
7805,-1792,10313,12947,12846,13102,9816,0.8,0.99,11177.6,0.853121661,-531.2166082
7805,-1792,10436,12744,12876,12887,9820,0.81,0.99,10910.1,0.846597346,-365.9734616
7805,-1781,10404,12929,12856,13083,9821,0.81,0.99,11153.9,0.85254911,-425.4910953
7805,-1762,10338,12920,12820,13076,9820,0.81,0.99,11142.8,0.852156623,-421.5662282
7805,-1795,10466,12957,12988,13105,9817,0.81,0.99,11188.5,0.853758108,-437.5810759
7805,-1776,10270,12688,12808,12831,9813,0.8,0.99,10837.3,0.844618502,-446.1850207
7805,-1759,10380,12877,12842,13027,9810,0.81,0.99,11085.1,0.850932678,-409.3267828
7805,-1786,10361,12917,12823,13064,9810,0.81,0.99,11136.2,0.85243417,-424.3417024
7805,-1762,10446,12700,12888,12842,9810,0.81,0.99,10852.6,0.845086435,-350.8643513
7805,-1762,10295,12971,12827,13122,9810,0.8,0.99,11207.6,0.854107606,-541.0760555
7805,-1790,10391,12917,12881,13080,9809,0.81,0.99,11141,0.85175841,-417.5840979
7805,-1776,10410,12884,12852,13030,9809,0.81,0.99,11093,0.851343054,-413.4305449
7805,-1769,10395,12813,12887,12957,9809,0.81,0.99,11000.1,0.848969669,-389.696689
7805,-1751,10489,12748,12935,12890,9814,0.81,0.99,10915,0.84678045,-367.8044996
7805,-1799,10371,12979,12852,13126,9819,0.81,0.99,11216.8,0.854548225,-445.482249
7805,-1790,10291,12610,12830,12756,9825,0.8,0.99,10736.8,0.841705864,-417.0586391
7805,-1777,10095,12933,12564,13085,9825,0.8,0.99,11158.5,0.852770348,-527.7034773
7805,-1759,10409,12688,12842,12830,9822,0.81,0.99,10837,0.844660951,-346.609509
7805,-1793,10387,12937,12896,13098,9812,0.81,0.99,11166.4,0.852527103,-425.2710337
7805,-1766,10390,12897,12870,13049,9801,0.81,0.99,11111.7,0.851536516,-415.3651621
7805,-1796,10264,12549,12806,12688,9795,0.8,0.99,10655.4,0.839801387,-398.0138714
7805,-1778,10409,12883,12893,13042,9795,0.81,0.99,11095.6,0.850759086,-407.5908603
7804,-1797,10286,12949,12818,13104,9803,0.8,0.99,11180.2,0.853189866,-531.8986569
7805,-1785,10414,12873,12877,13024,9810,0.81,0.99,11080.2,0.850752457,-407.52457
7804,-1773,10453,12746,12898,12881,9818,0.81,0.99,10910.3,0.84700722,-370.0721994
7805,-1774,10406,12785,12835,12936,9818,0.81,0.99,10965.8,0.847696351,-376.9635127
7805,-1782,10347,12757,12775,12897,9815,0.81,0.99,10926.1,0.847181515,-371.8151508
7805,-1798,10319,12895,12804,13051,9810,0.81,0.99,11110.3,0.851298751,-412.9875105
7805,-1781,10351,12990,12880,13147,9805,0.8,0.99,11234.1,0.854499125,-544.9912528
7805,-1782,10372,12895,12859,13053,9801,0.81,0.99,11110.9,0.85121428,-412.1428024
7805,-1769,10426,12905,12894,13063,9801,0.81,0.99,11123.9,0.851557835,-415.5783511
7804,-1778,10293,12917,12800,13075,9805,0.8,0.99,11139.5,0.851969407,-519.6940727
7804,-1785,10372,12818,12854,12965,9809,0.81,0.99,11007.5,0.849016583,-390.1658311
7805,-1764,10364,12930,12842,13085,9814,0.81,0.99,11155.5,0.852541078,-425.4107757
7805,-1762,10317,12943,12788,13099,9815,0.81,0.99,11172.7,0.852942973,-429.4297275
7805,-1777,10264,12644,12807,12793,9816,0.8,0.99,10781.9,0.842796842,-427.9684202
7805,-1769,10443,12832,12903,12982,9820,0.81,0.99,11026.6,0.849376059,-393.7605916
7805,-1801,10306,12544,12863,12682,9823,0.8,0.99,10648.6,0.839662514,-396.625138
7805,-1766,10484,12858,12929,13012,9826,0.81,0.99,11061.6,0.850107593,-401.0759299
7804,-1773,10400,12639,12829,12774,9826,0.81,0.99,10771.2,0.843212776,-332.1277595
7804,-1795,10272,12985,12793,13142,9826,0.8,0.99,11227.6,0.85432963,-543.2963019
7805,-1756,10407,12881,12865,13035,9826,0.81,0.99,11091.5,0.850901419,-409.0141926
7804,-1764,10374,12821,12841,12977,9826,0.81,0.99,11014.1,0.848740079,-387.400786
7805,-1795,10419,12893,12865,13046,9826,0.81,0.99,11106.8,0.851356738,-413.567377
7804,-1768,10402,12929,12909,13085,9825,0.81,0.99,11154.5,0.852464654,-424.6465418
7805,-1772,10369,12441,12799,12582,9821,0.81,0.99,10515.6,0.835765379,-257.6537911
7805,-1777,10275,12836,12717,12987,9817,0.81,0.99,11032.1,0.849472549,-394.7254947
7805,-1786,10416,12833,12866,12985,9814,0.81,0.99,11028.5,0.849326146,-393.2614555
7804,-1771,10429,12785,12889,12936,9814,0.81,0.99,10965.8,0.847696351,-376.9635127
7804,-1793,10372,12822,12866,12973,9816,0.81,0.99,11013.9,0.848986356,-389.8635628
7804,-1784,10452,12859,12913,13009,9818,0.81,0.99,11061.7,0.850311323,-403.1132293
7804,-1805,10341,12950,12847,13108,9821,0.8,0.99,11182.4,0.853097345,-530.9734513
7804,-1767,10306,12927,12804,13084,9823,0.8,0.99,11152.2,0.85235402,-523.5402018
7805,-1780,10364,12973,12884,13134,9823,0.8,0.99,11213.2,0.853753617,-537.5361657
7805,-1769,10504,12780,12956,12927,9821,0.81,0.99,10958.1,0.84769088,-376.9087955
7805,-1761,10443,12748,12889,12903,9818,0.81,0.99,10918.9,0.846229559,-362.2955902
7805,-1769,10296,12883,12706,13038,9816,0.81,0.99,11094.4,0.850928056,-409.2805645
7804,-1779,10420,12677,12854,12822,9816,0.81,0.99,10823.6,0.844142879,-341.4287943
7804,-1777,10376,12904,12866,13054,9815,0.81,0.99,11120.2,0.851861498,-418.6149839
7804,-1772,10441,12760,12877,12913,9813,0.81,0.99,10933.9,0.846735848,-367.358476
7804,-1778,10454,12789,12901,12943,9811,0.81,0.99,10971.9,0.847709186,-377.0918643
7804,-1781,10383,12908,12874,13069,9810,0.81,0.99,11128.7,0.851534165,-415.3416482
7804,-1789,10415,12766,12856,12910,9810,0.81,0.99,10939,0.847327653,-373.2765298
7804,-1769,10410,12843,12833,13001,9809,0.81,0.99,11043.3,0.849419275,-394.1927544
7805,-1794,10389,12931,12909,13082,9808,0.8,0.99,11155.6,0.852744229,-527.4422871
7805,-1789,10303,12590,12857,12733,9807,0.8,0.99,10709.9,0.841113642,-411.1364172
7804,-1773,10316,12913,12825,13063,9806,0.8,0.99,11131.9,0.852170252,-521.7025186
7804,-1779,10430,12596,12870,12741,9808,0.81,0.99,10718.3,0.8412448,-312.4480025
7804,-1763,10379,12867,12865,13023,9813,0.81,0.99,11073.9,0.850334024,-403.3402442
7804,-1762,10388,12855,12835,13015,9817,0.81,0.99,11059.5,0.849750288,-397.5028813
7804,-1770,10335,12893,12804,13050,9820,0.81,0.99,11108,0.851187739,-411.8773946
7804,-1801,10424,12933,12904,13094,9821,0.81,0.99,11161.2,0.852390408,-423.9040782
7804,-1763,10361,12872,12821,13029,9816,0.81,0.99,11080.7,0.850464349,-404.6434876
7804,-1770,10394,12885,12859,13043,9810,0.81,0.99,11097.9,0.850870199,-408.7019857
7804,-1766,10421,12672,12860,12809,9804,0.81,0.99,10814.7,0.844304786,-343.047857
7804,-1776,10455,12811,12896,12958,9803,0.81,0.99,10998.4,0.848772959,-387.7295879
7804,-1763,10340,12901,12825,13059,9803,0.81,0.99,11118.7,0.851420476,-414.204763
7804,-1796,10313,12897,12827,13046,9804,0.8,0.99,11110.8,0.851663345,-516.6334509
7804,-1794,10323,12951,12851,13114,9804,0.8,0.99,11185.2,0.852920543,-529.2054293
7804,-1783,10415,12655,12848,12797,9805,0.81,0.99,10794.1,0.843486755,-334.8675471
7804,-1786,10090,12934,12581,13090,9805,0.8,0.99,11161,0.8526356,-526.3559969
7804,-1806,10316,12939,12827,13089,9803,0.8,0.99,11165.7,0.853059821,-530.5982122
7804,-1791,10425,12786,12862,12936,9802,0.81,0.99,10966.8,0.847773655,-377.7365492
7804,-1774,10436,12766,12884,12911,9800,0.81,0.99,10939.3,0.847285261,-372.8526063
7804,-1783,10287,12918,12845,13071,9799,0.8,0.99,11139.3,0.852214827,-522.1482672
7804,-1777,10387,12600,12818,12741,9799,0.81,0.99,10722.3,0.841558747,-315.5874735
7804,-1771,10471,12711,12921,12856,9799,0.81,0.99,10867.8,0.845348475,-353.4847542
7804,-1778,10443,12674,12874,12816,9799,0.81,0.99,10818.8,0.844163546,-341.6354557
7804,-1769,10401,12779,12853,12922,9799,0.81,0.99,10955.6,0.847825414,-378.2541402
7804,-1790,10333,12950,12829,13105,9800,0.81,0.99,11181.5,0.85322396,-432.2396032
7804,-1778,10338,12989,12839,13143,9804,0.81,0.99,11231.9,0.854591798,-445.9179792
7804,-1781,10342,12908,12860,13071,9810,0.8,0.99,11129.3,0.851449774,-514.4977431
7804,-1790,10365,12945,12882,13105,9816,0.8,0.99,11176.5,0.852842427,-528.4242655
7804,-1792,10450,12851,12917,13004,9818,0.81,0.99,11052.2,0.849907721,-399.077207
7804,-1770,10316,12937,12816,13091,9818,0.8,0.99,11164.3,0.85282255,-528.2254984
7803,-1805,10285,12560,12833,12706,9815,0.8,0.99,10671.8,0.839902408,-399.0240831
7804,-1798,10390,12912,12841,13067,9812,0.81,0.99,11132.1,0.851924696,-419.246958
7804,-1801,10486,12705,12939,12853,9808,0.81,0.99,10860.9,0.845008947,-350.0894733
7804,-1773,10435,12778,12887,12935,9808,0.81,0.99,10958.5,0.847197526,-371.9752609
7804,-1796,10427,12831,12861,12982,9810,0.81,0.99,11025.6,0.849299029,-392.9902943
7804,-1788,10412,12883,12869,13038,9814,0.81,0.99,11094.4,0.850928056,-409.2805645
7804,-1796,10456,12642,12906,12771,9819,0.81,0.99,10773.3,0.843575288,-335.7528776
7804,-1760,10385,12914,12836,13070,9822,0.81,0.99,11135,0.851951033,-419.510329
7803,-1787,10286,12969,12796,13127,9822,0.8,0.99,11207.1,0.853744191,-537.4419136
7804,-1794,10442,12906,12912,13062,9817,0.81,0.99,11124.6,0.851676619,-416.766192
7804,-1777,10325,12472,12868,12612,9811,0.8,0.99,10555.6,0.836948938,-369.4893752
7803,-1768,10287,12815,12705,12968,9805,0.81,0.99,11005.4,0.848658236,-386.5823566
7804,-1778,10449,12636,12891,12768,9805,0.81,0.99,10766.4,0.843233083,-332.3308271
7804,-1791,10373,12852,12869,13007,9805,0.81,0.99,11054.1,0.849857769,-398.5776889
7804,-1770,10368,12941,12851,13094,9805,0.81,0.99,11169.2,0.853001375,-430.0137468
7803,-1781,10395,12944,12884,13103,9806,0.81,0.99,11174.9,0.852850492,-428.5049225
7804,-1783,10300,12915,12794,13070,9806,0.81,0.99,11136,0.852027544,-420.2754399
7803,-1754,10379,12945,12850,13102,9806,0.81,0.99,11175.6,0.852969012,-429.6901236
7804,-1771,10252,12946,12773,13104,9810,0.8,0.99,11177.2,0.852960928,-529.6092796
7803,-1787,10444,12871,12936,13027,9816,0.81,0.99,11079.1,0.850472096,-404.7209642
7803,-1780,10404,12799,12838,12958,9822,0.81,0.99,10986.4,0.84784689,-378.4688995
7804,-1781,10173,12934,12635,13092,9823,0.81,0.99,11161.6,0.852551176,-425.5117629
7804,-1786,10380,12858,12813,13012,9817,0.81,0.99,11061.6,0.850107593,-401.0759299
7804,-1786,10305,12589,12857,12729,9790,0.8,0.99,10707.7,0.841205122,-412.0512216
7804,-1773,10423,12893,12883,13046,9763,0.81,0.99,11106.8,0.851356738,-413.567377
7803,-1792,10303,12589,12854,12729,9741,0.8,0.99,10707.7,0.841205122,-412.0512216
7803,-1772,10401,12731,12834,12878,9741,0.81,0.99,10894.4,0.845969871,-359.698711
7803,-1774,10353,12913,12835,13067,9755,0.81,0.99,11133.1,0.852001224,-420.0122446
7803,-1777,10359,12887,12842,13042,9778,0.81,0.99,11099.6,0.851065787,-410.6578746
7803,-1773,10310,12932,12770,13085,9802,0.81,0.99,11157.5,0.852693924,-426.9392434
7804,-1786,10252,12536,12779,12680,9812,0.8,0.99,10640,0.839116719,-391.1671924
7804,-1760,10450,12873,12892,13026,9813,0.81,0.99,11080.8,0.850667895,-406.6789498
7804,-1767,10431,12883,12886,13038,9818,0.81,0.99,11094.4,0.850928056,-409.2805645
7803,-1771,10355,12869,12859,13028,9822,0.81,0.99,11077.4,0.850276328,-402.7632791
7803,-1774,10301,12880,12729,13032,9826,0.81,0.99,11089.6,0.850951504,-409.5150399
7803,-1766,10371,12799,12821,12946,9826,0.81,0.99,10982.8,0.848354704,-383.5470416
7803,-1784,10328,12824,12773,12979,9823,0.81,0.99,11017.7,0.848886663,-388.8666307
7803,-1783,10431,12643,12864,12782,9819,0.81,0.99,10777.6,0.84318573,-331.8572993
7803,-1767,10377,12948,12886,13115,9814,0.81,0.99,11182.5,0.852649638,-426.4963782
7804,-1773,10423,12901,12885,13054,9812,0.81,0.99,11117.2,0.851631684,-416.3168378
7803,-1790,10357,12189,12841,12327,9812,0.81,0.99,10187.1,0.826405451,-164.0545145
7804,-1775,10352,12810,12815,12957,9812,0.81,0.99,10997.1,0.848738134,-387.3813383
7803,-1771,10471,12738,12917,12881,9812,0.81,0.99,10902.3,0.84638615,-363.8615014
7803,-1783,10450,12837,12885,12995,9812,0.81,0.99,11035.5,0.849211235,-392.1123509
7803,-1775,10350,12900,12806,13050,9812,0.81,0.99,11115,0.851724138,-417.2413793
7803,-1812,10259,12668,12792,12813,9814,0.8,0.99,10811.9,0.84382268,-438.2268009
7803,-1761,10391,12640,12823,12781,9819,0.81,0.99,10774.3,0.842993506,-329.9350599
7803,-1778,10373,12890,12828,13052,9824,0.81,0.99,11105.6,0.850873429,-408.7342936
7803,-1772,10387,12932,12872,13091,9828,0.81,0.99,11159.3,0.852440608,-424.4060805
7804,-1768,10484,12913,12953,13068,9828,0.81,0.99,11133.4,0.851958984,-419.5898378
7803,-1759,10406,12671,12835,12830,9824,0.81,0.99,10820,0.843335931,-333.3593141
7803,-1769,10408,12798,12840,12950,9818,0.81,0.99,10983,0.848108108,-381.0810811
7803,-1803,10338,12963,12852,13117,9812,0.8,0.99,11198.1,0.853708927,-537.0892735
7803,-1786,10339,12925,12821,13084,9811,0.81,0.99,11150.2,0.852201162,-422.0116172
7803,-1788,10428,12795,12877,12943,9812,0.81,0.99,10977.9,0.848172757,-381.7275748
7803,-1785,10433,12904,12886,13054,9815,0.81,0.99,11120.2,0.851861498,-418.6149839
7803,-1775,10446,12864,12929,13023,9819,0.81,0.99,11070.9,0.850103663,-401.0366275
7803,-1773,10373,12776,12819,12915,9821,0.81,0.99,10950.5,0.84789005,-378.9005033
7803,-1782,10331,12932,12830,13090,9820,0.81,0.99,11159,0.852482811,-424.8281131
7803,-1787,10525,12826,12986,12966,9817,0.81,0.99,11015.8,0.849591239,-395.9123862
7803,-1785,10341,12500,12900,12638,9812,0.8,0.99,10591.4,0.83805982,-380.5981959
7803,-1774,10436,12730,12871,12873,9807,0.81,0.99,10891.9,0.846104249,-361.042492
7803,-1764,10472,12721,12917,12871,9806,0.81,0.99,10882.3,0.845489861,-354.8986093
7803,-1772,10344,12926,12852,13079,9806,0.8,0.99,11149.7,0.852488722,-524.8872238
7803,-1747,10433,12891,12898,13050,9804,0.81,0.99,11106,0.851034483,-410.3448276
7803,-1771,10364,12916,12869,13073,9803,0.81,0.99,11137.9,0.851977358,-419.7735791
7803,-1782,10457,12844,12903,13002,9802,0.81,0.99,11044.6,0.84945393,-394.5393016
7803,-1773,10356,12940,12847,13098,9802,0.81,0.99,11169.4,0.852756146,-427.5614598
7803,-1764,10421,12719,12855,12864,9805,0.81,0.99,10878.2,0.845631219,-356.3121891
7803,-1790,10354,12968,12891,13118,9810,0.8,0.99,11203.4,0.854047873,-540.4787315
7803,-1801,10366,12368,12879,12508,9814,0.8,0.99,10420.4,0.833098817,-330.9881676
7803,-1788,10197,12644,12579,12786,9816,0.81,0.99,10779.8,0.843094009,-330.9400907
7802,-1760,10415,12669,12845,12813,9815,0.81,0.99,10812.9,0.843900726,-339.0072583
7803,-1767,10351,12923,12891,13075,9814,0.8,0.99,11145.5,0.852428298,-524.2829828
7803,-1776,10472,12672,12903,12814,9812,0.81,0.99,10816.2,0.844092399,-340.9239894
7803,-1777,10389,12898,12853,13055,9810,0.81,0.99,11114.5,0.851359632,-413.5963232
7803,-1796,10267,12919,12769,13076,9810,0.8,0.99,11141.8,0.852080147,-520.8014683
7803,-1774,10458,12821,12889,12971,9813,0.81,0.99,11012.3,0.848993909,-389.9390949
7802,-1758,10281,12950,12784,13111,9818,0.8,0.99,11183.3,0.852970788,-529.7078789
7803,-1790,10438,12630,12879,12774,9823,0.81,0.99,10762.2,0.84250822,-325.0821982
7802,-1754,10445,12831,12875,12986,9825,0.81,0.99,11026.8,0.849129832,-391.2983213
7803,-1764,10212,12895,12652,13053,9824,0.81,0.99,11110.9,0.85121428,-412.1428024
7803,-1760,10364,12932,12879,13093,9821,0.8,0.99,11159.9,0.852356221,-523.5622088
7803,-1770,10408,12852,12890,13017,9818,0.81,0.99,11057.1,0.849435354,-394.3535377
7803,-1782,10309,12940,12829,13095,9815,0.8,0.99,11168.5,0.85288278,-528.8277969
7802,-1798,10347,12908,12864,13068,9815,0.8,0.99,11128.4,0.85157637,-515.7636976
7802,-1782,10373,12922,12850,13078,9815,0.81,0.99,11145.4,0.852225111,-422.2511087
7802,-1792,10370,12966,12896,13127,9816,0.8,0.99,11204.1,0.853515655,-535.1565476
7803,-1784,10362,12898,12828,13059,9816,0.81,0.99,11115.7,0.85119075,-411.9074967
7802,-1778,10448,12636,12897,12775,9816,0.81,0.99,10768.5,0.842935421,-329.3542074
7803,-1776,10455,12669,12900,12813,9816,0.81,0.99,10812.9,0.843900726,-339.0072583
7803,-1760,10469,12666,12907,12820,9814,0.81,0.99,10812,0.843369735,-333.6973479
7802,-1783,10410,12837,12903,12997,9813,0.81,0.99,11036.1,0.849126722,-391.2672155
7803,-1765,10343,12920,12860,13083,9811,0.8,0.99,11144.9,0.851861194,-518.6119392
7803,-1796,10377,12851,12850,12998,9810,0.81,0.99,11050.4,0.850161563,-401.6156332
7802,-1761,10388,12916,12839,13075,9813,0.81,0.99,11138.5,0.851892925,-418.9292543
7802,-1773,10423,12885,12906,13043,9819,0.81,0.99,11097.9,0.850870199,-408.7019857
7802,-1775,10382,12904,12880,13062,9826,0.81,0.99,11122.6,0.851523503,-415.2350329
7802,-1756,10425,12800,12860,12949,9830,0.81,0.99,10984.7,0.848304888,-383.0488841
7803,-1768,10413,12918,12876,13071,9830,0.81,0.99,11139.3,0.852214827,-422.1482672
7803,-1787,10261,12514,12809,12663,9827,0.8,0.99,10612.9,0.838103135,-381.0313512
7803,-1766,10391,12893,12878,13047,9824,0.81,0.99,11107.1,0.851314478,-413.1447842
7803,-1779,10324,12899,12835,13056,9821,0.8,0.99,11115.8,0.851393995,-513.939951
7803,-1788,10389,12877,12877,13034,9820,0.81,0.99,11087.2,0.850636796,-406.3679607
7802,-1795,10321,12973,12816,13130,9822,0.81,0.99,11212,0.853922315,-439.2231531
7802,-1817,10350,12873,12823,13034,9825,0.81,0.99,11083.2,0.850329906,-403.299064
7802,-1782,10401,12797,12877,12947,9829,0.81,0.99,10981.1,0.848157874,-381.5787441
7802,-1765,10349,12937,12821,13096,9831,0.81,0.99,11165.8,0.852611484,-426.1148442
7802,-1769,10443,12860,12890,13019,9831,0.81,0.99,11065.7,0.849965435,-399.6543513
7803,-1762,10476,12817,12921,12967,9832,0.81,0.99,11007.1,0.848854785,-388.5478522
7803,-1753,10455,12804,12891,12955,9832,0.81,0.99,10990.5,0.848359707,-383.5970668
7803,-1770,10359,12905,12822,13064,9833,0.81,0.99,11124.2,0.851515615,-415.1561543
7802,-1771,10344,12925,12813,13087,9833,0.81,0.99,11151.1,0.852074578,-420.7457783
7802,-1757,10395,12921,12876,13084,9833,0.81,0.99,11146.2,0.851895445,-418.9544482
7802,-1754,10376,12922,12852,13077,9827,0.81,0.99,11145.1,0.85226734,-422.673396
7802,-1787,10286,12643,12827,12789,9821,0.8,0.99,10779.7,0.84288842,-428.8841974
7802,-1774,10444,12709,12877,12854,9815,0.81,0.99,10865.2,0.845277735,-352.7773456
7802,-1767,10352,12890,12811,13037,9815,0.81,0.99,11101.1,0.851507249,-415.072486
7803,-1774,10452,12660,12890,12797,9813,0.81,0.99,10799.1,0.843877471,-338.7747128
7803,-1763,10429,12909,12914,13063,9812,0.81,0.99,11127.9,0.851864043,-418.6404348
7803,-1805,10222,12659,12753,12815,9810,0.8,0.99,10803.5,0.843035505,-430.3550527
7802,-1783,10411,12788,12839,12940,9810,0.81,0.99,10970,0.847758887,-377.5888717
7802,-1775,10411,12675,12842,12815,9810,0.81,0.99,10819.5,0.844284042,-342.8404214
7802,-1779,10371,12845,12872,13008,9810,0.81,0.99,11047.4,0.849277368,-392.7736777
7802,-1772,10428,12785,12867,12935,9811,0.81,0.99,10965.5,0.847738693,-377.3869347
7802,-1793,10414,12748,12842,12896,9811,0.81,0.99,10916.8,0.846526055,-365.2605459
7802,-1757,10428,12932,12881,13083,9811,0.81,0.99,11156.9,0.852778415,-427.7841474
7802,-1759,10452,12839,12891,12995,9812,0.81,0.99,11037.5,0.84936514,-393.6514044
7802,-1763,10416,12772,12866,12924,9814,0.81,0.99,10949.2,0.84719901,-371.9900959
7803,-1775,10388,12931,12892,13084,9816,0.81,0.99,11156.2,0.852659737,-426.5973708
7803,-1768,10450,12742,12896,12896,9818,0.81,0.99,10910.8,0.846060794,-360.6079404
7802,-1764,10432,12827,12868,12977,9818,0.81,0.99,11020.1,0.849202435,-392.0243508
7802,-1793,10344,12938,12851,13097,9810,0.8,0.99,11167.1,0.852645644,-526.4564404
7802,-1773,10359,12897,12874,13053,9800,0.8,0.99,11112.9,0.851367502,-513.6750172
7802,-1760,10382,12917,12828,13074,9791,0.81,0.99,11139.2,0.852011626,-420.1162613
7802,-1783,10410,12696,12846,12843,9789,0.81,0.99,10848.9,0.844732539,-347.3253913
7802,-1798,10432,12777,12858,12921,9790,0.81,0.99,10953.3,0.847713025,-377.1302531
7803,-1782,10440,12744,12868,12888,9799,0.81,0.99,10910.4,0.846554935,-365.5493482
7802,-1767,10421,12910,12883,13075,9808,0.81,0.99,11132.5,0.851434034,-414.3403442
7802,-1773,10422,12799,12851,12947,9815,0.81,0.99,10983.1,0.84831235,-383.1235035
7802,-1766,10410,12669,12849,12826,9815,0.81,0.99,10816.8,0.843349446,-333.4944644
7802,-1770,10424,12836,12873,12993,9815,0.81,0.99,11033.9,0.84921881,-392.1881013
7802,-1796,10323,12620,12874,12763,9814,0.8,0.99,10748.9,0.842192275,-421.9227454
7802,-1757,10404,12880,12859,13044,9813,0.81,0.99,11093.2,0.850444649,-404.4464888
7802,-1775,10400,12691,12831,12836,9813,0.81,0.99,10841.8,0.844640075,-346.4007479
7803,-1768,10452,12695,12887,12847,9814,0.81,0.99,10849.1,0.844485094,-344.850938
7802,-1772,10366,12918,12868,13071,9815,0.81,0.99,11139.3,0.852214827,-422.1482672
7802,-1778,10336,12872,12872,13023,9817,0.8,0.99,11078.9,0.850717961,-507.1796053
7802,-1784,10370,12897,12854,13060,9818,0.81,0.99,11115,0.851071975,-410.719755
7802,-1774,10400,12851,12846,12998,9818,0.81,0.99,11050.4,0.850161563,-401.6156332
7802,-1784,10240,12357,12787,12495,9815,0.8,0.99,10405.5,0.832773109,-327.7310924
7802,-1768,10335,12918,12802,13070,9812,0.81,0.99,11139,0.852257077,-422.5707728
7802,-1778,10411,12816,12835,12969,9808,0.81,0.99,11006.7,0.848693037,-386.9303724
7802,-1768,10347,12963,12863,13117,9806,0.8,0.99,11198.1,0.853708927,-537.0892735
7802,-1776,10398,12870,12888,13027,9806,0.81,0.99,11078.1,0.850395333,-403.9533277
7802,-1789,10392,12871,12848,13032,9806,0.81,0.99,11080.6,0.850260896,-402.6089626
7802,-1759,10438,12993,12893,13150,9805,0.81,0.99,11238,0.85460076,-446.0076046
7802,-1771,10399,12908,12881,13063,9805,0.81,0.99,11126.9,0.851787491,-417.8749139
7802,-1751,10386,12918,12854,13082,9805,0.81,0.99,11142.6,0.851750497,-417.5049687
7802,-1783,10380,12942,12911,13103,9806,0.8,0.99,11172.9,0.852697855,-526.9785545
7802,-1764,10416,12774,12852,12933,9807,0.81,0.99,10953.9,0.84697286,-369.7286013
7802,-1766,10384,12821,12813,12967,9807,0.81,0.99,11011.1,0.849163261,-391.6326058
7802,-1775,10481,12857,12930,13009,9808,0.81,0.99,11059.7,0.850157583,-401.5758321
7802,-1760,10402,12924,12874,13082,9808,0.81,0.99,11148.6,0.852209142,-422.0914233
7802,-1756,10360,12852,12813,13004,9811,0.81,0.99,11053.2,0.84998462,-399.8462012
7802,-1760,10418,12767,12855,12917,9815,0.81,0.99,10942.1,0.847108462,-371.0846172
7802,-1781,10436,12718,12864,12859,9818,0.81,0.99,10875.7,0.845765612,-357.6561163
7802,-1775,10351,12931,12861,13080,9818,0.8,0.99,11155,0.852828746,-528.2874618
7802,-1756,10402,12902,12891,13061,9817,0.81,0.99,11120.3,0.851412602,-414.126024
7802,-1771,10422,12745,12853,12886,9814,0.81,0.99,10910.8,0.846717368,-367.1736769
7802,-1759,10263,12868,12669,13026,9811,0.81,0.99,11075.8,0.850284047,-402.8404729
7802,-1773,10332,12919,12837,13077,9809,0.8,0.99,11142.1,0.852037929,-520.3792919
7802,-1792,10095,12909,12652,13071,9809,0.8,0.99,11130.3,0.85152628,-515.2627955
7802,-1738,10383,12905,12899,13067,9807,0.8,0.99,11125.1,0.851388995,-513.8899518
7802,-1762,10354,12866,12836,13019,9805,0.81,0.99,11071.7,0.8504263,-404.2630002
7802,-1768,10376,12939,12854,13097,9802,0.81,0.99,11168.1,0.852721997,-427.219974
7802,-1770,10428,12810,12895,12964,9802,0.81,0.99,10999.2,0.848441839,-384.4183894
7802,-1761,10441,12862,12877,13018,9803,0.81,0.99,11067.4,0.850161315,-401.613151
7802,-1792,10359,12865,12793,13026,9808,0.81,0.99,11072.8,0.850053739,-400.5373868
7802,-1775,10381,12930,12876,13083,9812,0.81,0.99,11154.9,0.852625545,-426.255446
7802,-1774,10370,12885,12857,13039,9816,0.81,0.99,11096.7,0.85103919,-410.3919012
7802,-1771,10438,12682,12880,12827,9816,0.81,0.99,10830.1,0.844320574,-343.2057379
7802,-1783,10276,12525,12804,12674,9816,0.8,0.99,10627.2,0.838504024,-385.0402399
7802,-1764,10415,12790,12845,12945,9816,0.81,0.99,10973.5,0.847701815,-377.0181537
7802,-1764,10431,12872,12886,13025,9815,0.81,0.99,11079.5,0.850633397,-406.3339731
7802,-1793,10428,12839,12891,12991,9815,0.81,0.99,11036.3,0.849534293,-395.3429297
7802,-1786,10379,12943,12889,13097,9813,0.81,0.99,11172.1,0.853027411,-430.2741086
7801,-1776,10438,12797,12884,12946,9803,0.81,0.99,10980.8,0.848200216,-382.0021628
7802,-1784,10444,12871,12896,13028,9794,0.81,0.99,11079.4,0.850429843,-404.2984341
7802,-1770,10313,12956,12811,13114,9786,0.81,0.99,11190.2,0.853301815,-433.0181485
7802,-1785,10275,12552,12811,12699,9786,0.8,0.99,10661.7,0.839570045,-395.7004489
7802,-1791,10337,12378,12869,12523,9793,0.8,0.99,10434.9,0.833258804,-332.588038
7802,-1771,10423,12692,12854,12837,9805,0.81,0.99,10843.1,0.844675547,-346.7554725
7802,-1783,10446,12688,12897,12829,9818,0.81,0.99,10836.7,0.844703406,-347.0340634
7802,-1777,10379,12914,12861,13068,9823,0.81,0.99,11134.4,0.852035507,-420.3550658
7802,-1773,10375,12864,12866,13017,9823,0.81,0.99,11069.1,0.850357225,-403.5722517
7802,-1796,10294,12610,12842,12752,9821,0.8,0.99,10735.6,0.841875784,-418.7578419
7801,-1766,10444,12779,12875,12927,9819,0.81,0.99,10957.1,0.847613522,-376.1352209
7802,-1768,10410,12774,12846,12925,9816,0.81,0.99,10951.5,0.847311412,-373.1141199
7802,-1771,10430,12867,12892,13028,9816,0.81,0.99,11075.4,0.850122812,-401.228124
7802,-1758,10425,12706,12861,12864,9816,0.81,0.99,10865.2,0.844620647,-346.2064677
7802,-1772,10198,12916,12681,13083,9818,0.8,0.99,11140.9,0.851555454,-515.5545364
7802,-1795,10252,12635,12783,12784,9820,0.8,0.99,10770.2,0.842474969,-424.7496871
7802,-1773,10402,12870,12873,13026,9821,0.81,0.99,11077.8,0.850437586,-404.3758637
7802,-1791,10355,12897,12819,13054,9820,0.81,0.99,11113.2,0.851325264,-413.2526429
7802,-1792,10387,12895,12852,13060,9820,0.81,0.99,11113,0.850918836,-409.1883614
7802,-1786,10381,12873,12859,13022,9820,0.81,0.99,11079.6,0.850837045,-408.37045
7802,-1765,10321,12889,12791,13044,9820,0.81,0.99,11102.2,0.851134621,-411.3462128
7802,-1758,10379,12969,12870,13124,9819,0.81,0.99,11206.2,0.853870771,-438.7077111
7802,-1771,10457,12855,12937,13006,9819,0.81,0.99,11056.8,0.850130709,-401.307089
7802,-1773,10398,12695,12829,12839,9817,0.81,0.99,10846.7,0.844824363,-348.2436327
7802,-1792,10423,12709,12851,12852,9816,0.81,0.99,10864.6,0.845362589,-353.6258948
7802,-1785,10443,12666,12881,12810,9815,0.81,0.99,10809,0.843793911,-337.9391101
7802,-1765,10383,12916,12851,13076,9816,0.81,0.99,11138.8,0.851850719,-418.5071887
7801,-1748,10399,12970,12867,13130,9815,0.81,0.99,11209,0.853693831,-436.9383092
7802,-1764,10404,12874,12856,13035,9814,0.81,0.99,11084.5,0.850364404,-403.6440353
7802,-1777,10429,12799,12871,12949,9813,0.81,0.99,10983.7,0.848227662,-382.2766237
7802,-1768,10380,12905,12862,13067,9813,0.81,0.99,11125.1,0.851388995,-413.8899518
7802,-1752,10380,12885,12835,13047,9814,0.81,0.99,11099.1,0.850701311,-407.0131065
7802,-1777,10400,12770,12838,12911,9819,0.81,0.99,10943.3,0.847595074,-375.9507397
7802,-1762,10441,12843,12882,12998,9824,0.81,0.99,11042.4,0.849546084,-395.4608401
7802,-1763,10422,12893,12866,13051,9828,0.81,0.99,11108.3,0.851145506,-411.4550609
7801,-1805,10315,12569,12865,12713,9828,0.8,0.99,10682.9,0.840313065,-403.1306537
7802,-1777,10448,12792,12889,12943,9824,0.81,0.99,10974.9,0.847940972,-379.4097195
7802,-1785,10394,12817,12847,12971,9820,0.81,0.99,11008.3,0.848685529,-386.8552926
7802,-1785,10452,12772,12882,12925,9815,0.81,0.99,10949.5,0.847156673,-371.5667311
7802,-1772,10433,12741,12870,12890,9814,0.81,0.99,10908,0.846237393,-362.3739333
7802,-1763,10410,12910,12878,13065,9814,0.81,0.99,11129.5,0.851856104,-418.5610409
7801,-1776,10307,12948,12843,13111,9811,0.8,0.99,11181.3,0.852818244,-528.1824422
7801,-1789,10389,12952,12860,13105,9809,0.81,0.99,11183.5,0.853376574,-433.7657383
7802,-1787,10310,12527,12854,12666,9807,0.8,0.99,10626.8,0.839002053,-390.0205274
7802,-1767,10406,12866,12881,13021,9808,0.81,0.99,11072.3,0.850341756,-403.4175563
7802,-1788,10420,12733,12852,12877,9809,0.81,0.99,10896.1,0.846167586,-361.6758562
7802,-1762,10456,12833,12892,12987,9811,0.81,0.99,11029.1,0.849241549,-392.4154924
7802,-1779,10401,12922,12886,13071,9813,0.81,0.99,11143.3,0.852520848,-425.2084768
7802,-1775,10306,12904,12813,13065,9813,0.8,0.99,11123.5,0.851396862,-513.9686184
7801,-1763,10398,12860,12852,13010,9813,0.81,0.99,11063,0.850345888,-403.4588778
7801,-1785,10445,12661,12883,12809,9817,0.81,0.99,10803.7,0.843446015,-334.4601452
7802,-1762,10345,12853,12800,13009,9820,0.81,0.99,11055.7,0.849850104,-398.5010377
7802,-1774,10419,12891,12915,13041,9823,0.81,0.99,11103.3,0.851414769,-414.1476881
7802,-1777,10282,12477,12821,12622,9823,0.8,0.99,10563.6,0.836919664,-369.1966408
7802,-1765,10409,12621,12844,12775,9819,0.81,0.99,10753.5,0.841761252,-317.6125245
7802,-1779,10403,12858,12858,13009,9808,0.81,0.99,11060.7,0.850234453,-402.3445307
7802,-1774,10461,12737,12904,12887,9797,0.81,0.99,10903.1,0.846054163,-360.5416311
7802,-1766,10403,12872,12867,13022,9791,0.81,0.99,11078.6,0.850760252,-407.6025188
7802,-1768,10404,12932,12886,13088,9791,0.81,0.99,11158.4,0.852567237,-425.6723716
7802,-1765,10439,12702,12870,12846,9799,0.81,0.99,10855.8,0.845072396,-350.7239608
7801,-1770,10377,12924,12880,13082,9808,0.81,0.99,11148.6,0.852209142,-422.0914233
7801,-1770,10353,12906,12835,13059,9817,0.81,0.99,11123.7,0.851803354,-418.0335401
7801,-1768,10389,12873,12873,13019,9818,0.81,0.99,11078.7,0.850963976,-409.6397573
7802,-1767,10442,12445,12891,12580,9819,0.81,0.99,10519,0.836168521,-261.6852146
7802,-1764,10221,12871,12643,13031,9822,0.81,0.99,11080.3,0.850303123,-403.0312332
7802,-1775,10450,12683,12892,12823,9825,0.81,0.99,10829.9,0.844568354,-345.6835374
7802,-1762,10351,12910,12855,13065,9826,0.81,0.99,11129.5,0.851856104,-418.5610409
7802,-1793,10372,12928,12876,13081,9826,0.81,0.99,11152.3,0.852557144,-425.5714395
7801,-1778,10431,12867,12862,13024,9823,0.81,0.99,11074.2,0.850291769,-402.9176904
7801,-1766,10403,12913,12877,13070,9818,0.81,0.99,11134,0.851874522,-418.7452181
7801,-1775,10344,12893,12847,13048,9813,0.81,0.99,11107.4,0.851272226,-412.7222563
7801,-1786,10397,12873,12855,13024,9812,0.81,0.99,11080.2,0.850752457,-407.52457
7802,-1766,10526,12739,12982,12876,9813,0.81,0.99,10901.8,0.846675986,-366.7598633
7802,-1745,10473,12760,12918,12918,9814,0.81,0.99,10935.4,0.84652423,-365.2422976
7802,-1773,10263,12670,12664,12813,9816,0.81,0.99,10813.9,0.843978772,-339.7877156
7802,-1796,10300,12662,12839,12807,9817,0.8,0.99,10804.1,0.843608964,-436.0896385
7802,-1783,10441,12878,12875,13042,9817,0.81,0.99,11090.6,0.850375709,-403.7570925
7801,-1749,10465,12826,12914,12982,9816,0.81,0.99,11020.6,0.848913881,-389.1388076
7801,-1781,10341,12861,12845,13019,9814,0.81,0.99,11066.7,0.850042246,-400.4224595
7801,-1775,10482,12766,12934,12915,9813,0.81,0.99,10940.5,0.847115757,-371.1575687
7801,-1762,10436,12787,12871,12935,9813,0.81,0.99,10967.5,0.847893313,-378.9331272
7802,-1760,10419,12758,12881,12905,9813,0.81,0.99,10929.5,0.846919799,-369.1979853
7802,-1800,10369,12951,12879,13107,9815,0.81,0.99,11183.1,0.853215839,-432.1583886
7801,-1761,10398,12837,12833,13001,9817,0.81,0.99,11037.3,0.848957772,-389.5777248
7801,-1769,10414,12791,12845,12944,9818,0.81,0.99,10974.2,0.847821384,-378.2138443
7801,-1791,10402,12903,12869,13060,9818,0.81,0.99,11121,0.851531394,-415.3139357
7801,-1780,10410,12864,12877,13023,9813,0.81,0.99,11070.9,0.850103663,-401.0366275
7801,-1774,10412,12890,12858,13046,9804,0.81,0.99,11103.8,0.851126782,-411.2678216
7801,-1778,10365,12983,12906,13144,9796,0.8,0.99,11226.2,0.854093122,-540.9312234
7801,-1775,10440,12659,12882,12801,9792,0.81,0.99,10799.3,0.843629404,-336.2940395
7801,-1772,10472,12787,12924,12933,9792,0.81,0.99,10966.9,0.847978041,-379.7804067
7802,-1771,10270,12926,12803,13081,9792,0.8,0.99,11150.3,0.85240425,-524.0425044
7802,-1777,10395,12836,12852,12992,9792,0.81,0.99,11033.6,0.849261084,-392.6108374
7801,-1760,10449,12789,12894,12956,9791,0.81,0.99,10975.8,0.847159617,-371.5961717
7802,-1773,10236,12880,12660,13033,9791,0.81,0.99,11089.9,0.85090923,-409.0923042
7801,-1757,10449,12820,12873,12978,9793,0.81,0.99,11013.4,0.848620743,-386.207428
7801,-1765,10431,12895,12928,13060,9797,0.81,0.99,11113,0.850918836,-409.1883614
7801,-1779,10427,12630,12861,12774,9802,0.81,0.99,10762.2,0.84250822,-325.0821982
7801,-1786,10390,12694,12813,12844,9805,0.81,0.99,10847.2,0.844534413,-345.3441296
7801,-1783,10464,12761,12936,12909,9805,0.81,0.99,10933.7,0.846982725,-369.8272523
7802,-1784,10346,12904,12820,13060,9805,0.81,0.99,11122,0.851607963,-416.0796325
7802,-1755,10412,12828,12858,12987,9804,0.81,0.99,11024.1,0.848856549,-388.5654886
7802,-1782,10440,12641,12881,12783,9803,0.81,0.99,10775.9,0.842986779,-329.8677932
7801,-1761,10393,12776,12818,12938,9803,0.81,0.99,10957.4,0.846916061,-369.1606122
7801,-1759,10257,12635,12795,12787,9802,0.8,0.99,10771.1,0.842347697,-423.4769688
7801,-1775,10414,12698,12851,12841,9801,0.81,0.99,10850.3,0.844973133,-349.7313293
7801,-1764,10414,12819,12876,12966,9800,0.81,0.99,11008.8,0.849051365,-390.5136511
7801,-1802,10357,12873,12845,13028,9800,0.81,0.99,11081.4,0.850583359,-405.8335892
7802,-1775,10446,12674,12886,12821,9799,0.81,0.99,10820.3,0.84395133,-339.5132985
7802,-1775,10379,12933,12896,13094,9801,0.8,0.99,11161.2,0.852390408,-523.9040782
7801,-1764,10439,12725,12875,12873,9802,0.81,0.99,10886.9,0.845715839,-357.1583935
7801,-1763,10403,12918,12871,13079,9804,0.81,0.99,11141.7,0.851877055,-418.7705482
7801,-1780,10369,12915,12854,13063,9804,0.81,0.99,11133.9,0.852323356,-423.2335604
7801,-1762,10333,12726,12762,12882,9804,0.81,0.99,10890.6,0.845412203,-354.1220307
7801,-1775,10290,12859,12747,13015,9805,0.81,0.99,11063.5,0.850057626,-400.5762582
7801,-1793,10285,12625,12829,12769,9806,0.8,0.99,10755.7,0.842329078,-423.2907824
7802,-1767,10431,12889,12878,13045,9807,0.81,0.99,11102.5,0.851092373,-410.9237256
7802,-1770,10381,12912,12879,13064,9808,0.81,0.99,11131.2,0.852051439,-420.5143907
7801,-1786,10424,12852,12859,13013,9811,0.81,0.99,11055.9,0.849604242,-396.0424191
7801,-1783,10423,12855,12883,13005,9815,0.81,0.99,11056.5,0.85017301,-401.7301038
7801,-1766,10369,12912,12852,13072,9819,0.81,0.99,11133.6,0.851713586,-417.1358629
7801,-1764,10454,12848,12913,12999,9821,0.81,0.99,11047.7,0.849888453,-398.8845296
7801,-1787,10431,12866,12924,13030,9820,0.81,0.99,11075,0.849961627,-399.6162701
7801,-1790,10260,12506,12801,12655,9817,0.8,0.99,10602.5,0.837811142,-378.1114184
7801,-1770,10407,12875,12863,13028,9813,0.81,0.99,11083.4,0.850736874,-407.3687442
7802,-1778,10385,12915,12853,13067,9810,0.81,0.99,11135.1,0.852154282,-421.5428178
7802,-1780,10340,12912,12813,13080,9810,0.81,0.99,11136,0.851376147,-413.7614679
7802,-1753,10427,12805,12873,12952,9808,0.81,0.99,10990.6,0.848563928,-385.6392835
7801,-1768,10379,12904,12848,13072,9805,0.81,0.99,11125.6,0.851101591,-411.0159119
7801,-1762,10417,12849,12875,13002,9803,0.81,0.99,11049.6,0.849838486,-398.3848639
7801,-1765,10427,12927,12888,13089,9801,0.81,0.99,11153.7,0.852143021,-421.4302086
7801,-1766,10368,12895,12846,13059,9801,0.81,0.99,11112.7,0.850961023,-409.6102305
7801,-1788,10409,12931,12910,13096,9807,0.81,0.99,11159.8,0.852153329,-421.5332926
7801,-1761,10361,12702,12781,12848,9814,0.81,0.99,10856.4,0.844987547,-349.875467
7801,-1779,10225,12922,12724,13075,9820,0.8,0.99,11144.5,0.852351816,-523.5181644
7801,-1779,10418,12837,12883,12991,9821,0.81,0.99,11034.3,0.84938034,-393.8034024
7801,-1783,10451,12726,12895,12875,9810,0.81,0.99,10888.5,0.845708738,-357.0873786
7802,-1775,10379,12924,12852,13082,9784,0.81,0.99,11148.6,0.852209142,-422.0914233
7801,-1761,10462,12809,12905,12968,9758,0.81,0.99,10999.4,0.848195558,-381.955583
7801,-1773,10392,12807,12844,12959,9742,0.81,0.99,10994.7,0.848421946,-384.2194614
7801,-1768,10390,12955,12863,13112,9742,0.81,0.99,11188.6,0.853309945,-433.0994509
7801,-1790,10317,12671,12853,12818,9758,0.8,0.99,10816.4,0.843844594,-438.4459354
7801,-1773,10366,12910,12880,13063,9778,0.8,0.99,11128.9,0.851940596,-519.4059558
7801,-1781,10301,12697,12847,12850,9798,0.8,0.99,10852,0.844513619,-445.1361868
7801,-1777,10330,12903,12802,13065,9802,0.81,0.99,11122.5,0.851320321,-413.2032147
7802,-1781,10353,12913,12850,13072,9805,0.81,0.99,11134.6,0.851790086,-417.9008568
7801,-1785,10309,12667,12854,12817,9811,0.8,0.99,10812.1,0.84357494,-435.7493953
7801,-1786,10359,12953,12883,13112,9818,0.8,0.99,11186.6,0.853157413,-531.5741306
7801,-1779,10390,12866,12844,13025,9822,0.81,0.99,11073.5,0.850172745,-401.7274472
7801,-1796,10401,12885,12888,13046,9822,0.81,0.99,11098.8,0.850743523,-407.4352292
7801,-1778,10437,12857,12914,13009,9819,0.81,0.99,11059.7,0.850157583,-401.5758321
7801,-1765,10378,12896,12853,13056,9815,0.81,0.99,11112.8,0.851164216,-411.6421569
7801,-1769,10472,12657,12914,12797,9811,0.81,0.99,10796.1,0.843643041,-336.4304134
7801,-1752,10452,12791,12890,12947,9810,0.81,0.99,10975.1,0.847694447,-376.9444659
7801,-1768,10468,12775,12913,12918,9811,0.81,0.99,10950.4,0.8476854,-376.8540022
7801,-1770,10432,12880,12873,13041,9813,0.81,0.99,11092.3,0.850571275,-405.7127521
7801,-1756,10445,12812,12894,12969,9814,0.81,0.99,11002.7,0.848384609,-383.8460945
7801,-1781,10454,12799,12916,12945,9816,0.81,0.99,10982.5,0.848397065,-383.970645
7801,-1769,10398,12914,12857,13078,9816,0.81,0.99,11137.4,0.851613397,-416.1339654
7801,-1767,10310,12945,12856,13101,9815,0.8,0.99,11175.3,0.853011221,-530.1122052
7802,-1768,10392,12874,12853,13037,9813,0.81,0.99,11085.1,0.850279972,-402.7997239
7802,-1771,10408,12876,12896,13031,9811,0.81,0.99,11085.3,0.850686824,-406.8682373
7801,-1773,10437,12923,12931,13083,9810,0.81,0.99,11147.9,0.852090499,-420.9049912
7801,-1786,10004,12632,12494,12785,9810,0.8,0.99,10767.5,0.842197888,-421.9788815
7801,-1772,10208,12926,12642,13082,9811,0.81,0.99,11150.6,0.852362024,-423.6202416
7801,-1762,10438,12765,12873,12912,9813,0.81,0.99,10938.6,0.847165428,-371.6542751
7801,-1772,10323,12945,12821,13103,9814,0.81,0.99,11175.9,0.852926811,-429.2681065
7801,-1769,10395,12902,12855,13059,9814,0.81,0.99,11119.7,0.851497052,-414.9705184
7801,-1785,10448,12773,12906,12932,9812,0.81,0.99,10952.6,0.846937829,-369.3782864
7801,-1781,10372,12872,12844,13024,9809,0.81,0.99,11079.2,0.850675676,-406.7567568
7801,-1773,10329,12895,12824,13049,9806,0.81,0.99,11109.7,0.851383248,-413.8324776
7801,-1791,10407,12803,12865,12954,9805,0.81,0.99,10989.2,0.848324842,-383.2484175
7801,-1773,9978,12663,12436,12814,9805,0.8,0.99,10807.2,0.843390042,-433.9004214
7801,-1802,10262,12555,12804,12700,9812,0.8,0.99,10665,0.83976378,-397.6377953
7801,-1778,10238,12936,12742,13091,9818,0.8,0.99,11163.3,0.852746161,-527.4616148
7801,-1787,10266,12915,12757,13079,9823,0.8,0.99,11138.7,0.851647679,-516.4767949
7801,-1763,10341,12899,12839,13056,9823,0.81,0.99,11115.8,0.851393995,-413.939951
7801,-1767,10375,12877,12835,13037,9822,0.81,0.99,11088.1,0.850510087,-405.1008668
7801,-1759,10440,12820,12869,12974,9817,0.81,0.99,11012.2,0.848789887,-387.8988747
7801,-1780,10420,12705,12854,12845,9813,0.81,0.99,10858.5,0.845348385,-353.4838459
7801,-1779,10392,12684,12814,12830,9810,0.81,0.99,10833,0.844349182,-343.4918161
7801,-1790,10381,12856,12830,13015,9810,0.81,0.99,11060.5,0.849827123,-398.2712255
7801,-1777,10263,12898,12682,13056,9812,0.81,0.99,11114.8,0.851317402,-413.1740196
7801,-1772,10425,12674,12871,12833,9816,0.81,0.99,10823.9,0.843442687,-334.4268682
7801,-1761,10268,12910,12724,13067,9819,0.81,0.99,11130.1,0.851771638,-417.7163848
7801,-1768,10430,12758,12865,12908,9820,0.81,0.99,10930.4,0.846792687,-367.9268671
7801,-1806,10377,12859,12860,13016,9819,0.81,0.99,11063.8,0.850015366,-400.153657
7801,-1792,10314,12910,12812,13068,9814,0.81,0.99,11130.4,0.851729415,-417.2941537
7801,-1790,10357,12906,12821,13067,9810,0.81,0.99,11126.1,0.851465524,-414.6552384
7801,-1791,10425,12775,12893,12925,9807,0.81,0.99,10952.5,0.847388781,-373.8878143
7801,-1770,10412,12796,12847,12939,9808,0.81,0.99,10977.7,0.848419507,-384.1950692
7801,-1756,10435,12655,12873,12801,9809,0.81,0.99,10795.3,0.843316928,-333.1692836
7801,-1763,10380,12926,12857,13083,9811,0.81,0.99,11150.9,0.852319804,-423.1980433
7801,-1762,10417,12809,12847,12969,9813,0.81,0.99,10999.7,0.848153289,-381.5328861
7801,-1764,10160,12826,12604,12987,9813,0.81,0.99,11022.1,0.848702549,-387.025487
7801,-1751,10372,12823,12835,12974,9813,0.81,0.99,11015.2,0.849021119,-390.2111916
7801,-1772,10350,12941,12863,13100,9811,0.8,0.99,11171,0.852748092,-527.480916
7801,-1792,10377,12898,12830,13038,9809,0.81,0.99,11109.4,0.85207854,-420.7853965
7801,-1779,10350,12951,12857,13111,9808,0.81,0.99,11184.3,0.85304706,-430.4705972
7801,-1782,10360,12865,12850,13020,9807,0.81,0.99,11071,0.85030722,-403.0721966
7801,-1787,10369,12949,12877,13106,9811,0.81,0.99,11180.8,0.853105448,-431.0544789
7801,-1777,10308,12878,12750,13035,9817,0.81,0.99,11088.5,0.85067127,-406.7126966
7801,-1766,10416,12924,12869,13084,9822,0.81,0.99,11149.2,0.852124732,-421.247325
7801,-1757,10395,12804,12820,12971,9824,0.81,0.99,10995.3,0.847683294,-376.832935
7801,-1769,10385,12657,12814,12795,9824,0.81,0.99,10795.5,0.843728019,-337.2801876
7801,-1769,10410,12787,12830,12935,9820,0.81,0.99,10967.5,0.847893313,-378.9331272
7801,-1758,10473,12752,12918,12900,9816,0.81,0.99,10922,0.846666667,-366.6666667
7801,-1777,10395,12893,12882,13044,9813,0.81,0.99,11106.2,0.851441276,-414.4127568
7801,-1785,10330,12945,12852,13107,9813,0.8,0.99,11177.1,0.852758068,-527.5806821
7801,-1775,10450,12788,12911,12933,9813,0.81,0.99,10967.9,0.848055362,-380.5536225
7801,-1773,10255,12928,12767,13083,9813,0.8,0.99,11152.9,0.852472674,-524.7267446
7801,-1777,10417,12861,12879,13015,9813,0.81,0.99,11065.5,0.850211295,-402.1129466
7801,-1775,10361,12906,12839,13060,9813,0.81,0.99,11124,0.851761103,-417.611026
7801,-1786,10217,12450,12765,12593,9813,0.8,0.99,10527.9,0.83601207,-360.120702
7801,-1777,10337,12925,12850,13085,9810,0.8,0.99,11150.5,0.852158961,-521.5896064
7801,-1769,10397,12922,12866,13081,9806,0.81,0.99,11146.3,0.852098463,-420.9846342
7801,-1769,10411,12869,12900,13027,9802,0.81,0.99,11077.1,0.850318569,-403.1856913
7801,-1766,10425,12661,12861,12801,9802,0.81,0.99,10801.3,0.843785642,-337.8564175
7801,-1788,10335,12938,12850,13091,9802,0.8,0.99,11165.3,0.852898938,-528.989382
7801,-1778,10477,12729,12928,12877,9803,0.81,0.99,10892.1,0.845856954,-358.5695426
7801,-1773,10394,12916,12845,13075,9804,0.81,0.99,11138.5,0.851892925,-418.9292543
7801,-1772,10377,12898,12854,13061,9804,0.81,0.99,11116.3,0.851106347,-411.0634714
7801,-1785,10405,12916,12900,13074,9804,0.81,0.99,11138.2,0.851935138,-419.3513844
7801,-1763,10451,12875,12898,13032,9812,0.81,0.99,11084.6,0.850567833,-405.6783303
7801,-1775,10393,12826,12828,12976,9823,0.81,0.99,11018.8,0.849167694,-391.676942
7801,-1773,10411,12909,12858,13064,9834,0.81,0.99,11128.2,0.8518218,-418.2180037
7801,-1766,10388,12929,12881,13087,9836,0.81,0.99,11155.1,0.852380225,-423.8022465
7801,-1748,10402,12807,12823,12951,9835,0.81,0.99,10992.3,0.848760713,-387.6071346
7801,-1778,10386,12882,12846,13035,9828,0.81,0.99,11092.5,0.850978136,-409.7813579
7801,-1777,10424,12753,12856,12897,9821,0.81,0.99,10922.1,0.846871365,-368.7136543
7801,-1779,10356,12887,12842,13046,9816,0.81,0.99,11100.8,0.850896827,-408.9682661
7801,-1765,10419,12860,12887,13020,9816,0.81,0.99,11066,0.849923195,-399.2319508
7801,-1782,10412,12865,12847,13018,9816,0.81,0.99,11070.4,0.850391765,-403.9176525
7801,-1774,10271,12497,12807,12638,9815,0.8,0.99,10588.4,0.83782244,-378.2244026
7801,-1780,10347,12913,12853,13068,9815,0.81,0.99,11133.4,0.851958984,-419.5898378
7801,-1768,10387,12865,12866,13024,9815,0.81,0.99,11072.2,0.850138206,-401.3820639
7801,-1753,10442,12744,12881,12895,9813,0.81,0.99,10912.5,0.84625824,-362.5823963
7800,-1769,10435,12716,12863,12855,9805,0.81,0.99,10872.5,0.845779852,-357.798522
7801,-1777,10348,12946,12843,13109,9797,0.81,0.99,11178.7,0.852750019,-427.5001907
7801,-1773,10367,12889,12849,13041,9791,0.81,0.99,11101.3,0.851261406,-412.6140633
7800,-1760,10460,12802,12897,12952,9791,0.81,0.99,10987.6,0.848332304,-383.3230389
7801,-1757,10447,12858,12888,13015,9794,0.81,0.99,11062.5,0.849980791,-399.8079139
7801,-1764,10314,12929,12785,13078,9799,0.81,0.99,11152.4,0.852760361,-427.6036091
7801,-1782,10311,12598,12851,12755,9805,0.8,0.99,10724.5,0.840807526,-408.0752646
7801,-1769,10457,12721,12901,12862,9808,0.81,0.99,10879.6,0.84587156,-358.7155963
7801,-1764,10306,12939,12810,13095,9808,0.8,0.99,11167.5,0.852806415,-528.0641466
7801,-1766,10397,12917,12871,13075,9813,0.81,0.99,11139.5,0.851969407,-419.6940727
7800,-1774,10418,12904,12874,13051,9818,0.81,0.99,11119.3,0.851988353,-419.8835338
7801,-1778,10426,12860,12893,13015,9823,0.81,0.99,11064.5,0.85013446,-401.3446024
7801,-1790,10365,12911,12847,13065,9824,0.81,0.99,11130.5,0.851932644,-419.3264447
7801,-1782,10445,12690,12887,12833,9822,0.81,0.99,10839.9,0.844689472,-346.8947245
7801,-1775,10442,12722,12890,12862,9817,0.81,0.99,10880.6,0.845949308,-359.4930804
7801,-1773,10435,12746,12875,12887,9812,0.81,0.99,10912.1,0.846752541,-367.5254132
7801,-1782,10238,12573,12781,12720,9810,0.8,0.99,10689,0.840330189,-403.3018868
7801,-1775,10441,12566,12885,12709,9810,0.81,0.99,10678.7,0.840247069,-302.4706901
7800,-1798,10404,12847,12855,13000,9814,0.81,0.99,11047,0.849769231,-397.6923077
7800,-1790,10387,12858,12827,13012,9818,0.81,0.99,11061.6,0.850107593,-401.0759299
7801,-1781,10396,12877,12889,13031,9822,0.81,0.99,11086.3,0.850763564,-407.6356381
7801,-1759,10426,12889,12869,13047,9822,0.81,0.99,11103.1,0.851007895,-410.0789454
7801,-1778,10367,12895,12864,13053,9822,0.81,0.99,11110.9,0.85121428,-412.1428024
7801,-1775,10336,12910,12841,13067,9822,0.8,0.99,11130.1,0.851771638,-517.7163848
7801,-1766,10468,12736,12911,12874,9823,0.81,0.99,10898.2,0.846527886,-365.2788566
7800,-1761,10448,12859,12897,13015,9823,0.81,0.99,11063.5,0.850057626,-400.5762582
7800,-1770,10343,12235,12850,12370,9823,0.8,0.99,10246,0.82829426,-282.9426031
7801,-1777,10339,12904,12836,13059,9822,0.81,0.99,11121.7,0.851650203,-416.5020293
7801,-1770,10452,12699,12875,12852,9820,0.81,0.99,10854.6,0.8445845,-345.8450047
7801,-1772,10410,12931,12881,13084,9819,0.81,0.99,11156.2,0.852659737,-426.5973708
7800,-1776,10387,12929,12884,13083,9818,0.81,0.99,11153.9,0.85254911,-425.4910953
7801,-1785,10313,12990,12828,13150,9818,0.8,0.99,11235,0.854372624,-543.7262357
7801,-1792,10433,12781,12879,12927,9815,0.81,0.99,10959.1,0.847768237,-377.6823702
7801,-1760,10405,12719,12841,12864,9812,0.81,0.99,10878.2,0.845631219,-356.3121891
7801,-1760,10400,12762,12829,12911,9810,0.81,0.99,10935.3,0.846975447,-369.7544729
7801,-1786,10485,12834,12948,12980,9810,0.81,0.99,11028,0.849614792,-396.1479199
7800,-1775,10253,12570,12784,12712,9808,0.8,0.99,10683.6,0.840434235,-404.3423537
7800,-1772,10339,12807,12771,12950,9806,0.81,0.99,10992,0.848803089,-388.030888
7801,-1777,10346,12945,12837,13103,9804,0.81,0.99,11175.9,0.852926811,-429.2681065
7801,-1759,10436,12919,12907,13081,9804,0.81,0.99,11143.3,0.851869123,-418.6912316
7801,-1752,10344,12924,12824,13078,9804,0.81,0.99,11147.4,0.852378039,-423.7803946
7801,-1776,10444,12647,12875,12792,9806,0.81,0.99,10784.6,0.843073796,-330.7379612
7801,-1772,10376,12791,12829,12934,9808,0.81,0.99,10971.2,0.848244936,-382.4493583
7800,-1773,10416,12724,12841,12867,9810,0.81,0.99,10884.1,0.845892593,-358.9259346
7801,-1774,10429,12738,12866,12884,9810,0.81,0.99,10903.2,0.846258926,-362.589258
7801,-1767,10449,12833,12925,12984,9810,0.81,0.99,11028.2,0.849368453,-393.6845348
7801,-1758,10362,12788,12779,12945,9809,0.81,0.99,10971.5,0.847547316,-375.4731557
7801,-1773,10400,12886,12849,13041,9808,0.81,0.99,11098.3,0.851031363,-410.3136263
7800,-1770,10393,12845,12847,12993,9808,0.81,0.99,11042.9,0.849911491,-399.114908
7801,-1789,10424,12844,12871,13003,9808,0.81,0.99,11044.9,0.849411674,-394.1167423
7800,-1776,10312,12884,12820,13032,9803,0.8,0.99,11093.6,0.851258441,-512.5844076
7800,-1776,10384,12852,12858,13008,9799,0.81,0.99,11054.4,0.849815498,-398.1549815
7801,-1770,10388,12894,12857,13051,9794,0.81,0.99,11109.3,0.851222129,-412.2212857
7800,-1779,10381,12932,12870,13093,9794,0.81,0.99,11159.9,0.852356221,-423.5622088
7801,-1757,10428,12907,12876,13067,9799,0.81,0.99,11127.1,0.851542052,-415.420525
7801,-1763,10421,12856,12885,13006,9812,0.81,0.99,11057.8,0.850207596,-402.0759649
7801,-1756,10332,12800,12744,12964,9825,0.81,0.99,10989.2,0.847670472,-376.7047208
7800,-1761,10357,12973,12831,13131,9832,0.81,0.99,11212.3,0.853880131,-438.8013099
7801,-1794,10387,12907,12864,13063,9832,0.81,0.99,11125.9,0.851710939,-417.1093929
7801,-1773,10329,12909,12831,13067,9833,0.81,0.99,11129.1,0.85169511,-416.9510982
7801,-1777,10301,12889,12797,13042,9833,0.8,0.99,11101.6,0.851219138,-512.1913817
7800,-1773,10279,12902,12812,13066,9833,0.8,0.99,11121.8,0.851201592,-512.0159192
7800,-1791,10444,12702,12885,12843,9834,0.81,0.99,10854.9,0.84519972,-351.9971969
7800,-1775,10375,12777,12829,12926,9833,0.81,0.99,10954.8,0.84750116,-375.0116045
7800,-1770,10426,12810,12876,12964,9833,0.81,0.99,10999.2,0.848441839,-384.4183894
7801,-1766,10461,12675,12899,12815,9832,0.81,0.99,10819.5,0.844284042,-342.8404214
7801,-1782,10251,12517,12787,12665,9831,0.8,0.99,10616.5,0.838255034,-382.5503356
7801,-1753,10375,12763,12816,12905,9831,0.81,0.99,10934.5,0.847307245,-373.0724525
7801,-1771,10444,12846,12901,12999,9824,0.81,0.99,11045.7,0.849734595,-397.3459497
7801,-1752,10425,12897,12886,13060,9814,0.81,0.99,11115,0.851071975,-410.719755
7801,-1758,10418,12863,12836,13012,9804,0.81,0.99,11066.6,0.850491854,-404.9185367
7800,-1798,10341,12924,12847,13088,9802,0.8,0.99,11150.4,0.85195599,-519.5599022
7801,-1777,10412,12732,12842,12879,9803,0.81,0.99,10895.7,0.846005125,-360.0512462
7800,-1777,10321,12936,12824,13097,9812,0.8,0.99,11165.1,0.852492937,-524.9293731
7800,-1771,10381,12865,12850,13029,9821,0.81,0.99,11073.7,0.849927086,-399.2708573
7801,-1760,10404,12877,12852,13028,9827,0.81,0.99,11085.4,0.85089039,-408.9038993
7801,-1789,10265,12422,12791,12559,9827,0.8,0.99,10489.7,0.835233697,-352.3369695
7801,-1810,10239,12633,12777,12776,9825,0.8,0.99,10765.8,0.842658109,-426.5810895
7801,-1779,10416,12671,12845,12813,9821,0.81,0.99,10814.9,0.844056817,-340.5681729
7800,-1783,10332,12914,12836,13070,9817,0.8,0.99,11135,0.851951033,-519.510329
7800,-1789,10351,12966,12867,13122,9815,0.8,0.99,11202.6,0.853726566,-537.2656607
7800,-1793,10385,12893,12846,13050,9815,0.81,0.99,11108,0.851187739,-411.8773946
7800,-1797,10295,12919,12796,13068,9813,0.8,0.99,11139.4,0.852418121,-524.181206
7800,-1766,10398,12660,12820,12801,9810,0.81,0.99,10800.3,0.843707523,-337.0752285
7801,-1751,10417,12904,12875,13064,9808,0.81,0.99,11123.2,0.851439069,-414.390692
7801,-1775,10504,12723,12950,12879,9808,0.81,0.99,10886.7,0.845306313,-353.063126
7801,-1785,10289,12551,12842,12692,9807,0.8,0.99,10658.6,0.839788843,-397.8884337
7800,-1762,10298,12935,12796,13093,9805,0.8,0.99,11162.9,0.852585351,-525.8535095
7800,-1794,10387,12744,12858,12893,9803,0.81,0.99,10911.9,0.846342977,-363.4297681
7800,-1753,10314,12890,12808,13043,9802,0.81,0.99,11102.9,0.851253546,-412.5354596
7800,-1774,10450,12789,12895,12940,9802,0.81,0.99,10971,0.847836167,-378.3616692
7801,-1761,10423,12868,12882,13024,9801,0.81,0.99,11075.2,0.85036855,-403.6855037
7800,-1781,10432,12834,12894,12987,9800,0.81,0.99,11030.1,0.849318549,-393.1854932
7800,-1773,10459,12707,12905,12850,9799,0.81,0.99,10862,0.845291829,-352.9182879
7801,-1764,10314,12854,12803,13011,9799,0.81,0.99,11057.3,0.849842441,-398.4244101
7801,-1777,10454,12886,12905,13042,9801,0.81,0.99,11098.6,0.850989112,-409.891121
7801,-1769,10408,12728,12839,12876,9806,0.81,0.99,10890.8,0.845821684,-358.2168375
7800,-1774,10422,12684,12858,12830,9812,0.81,0.99,10833,0.844349182,-343.4918161
7800,-1780,10400,12884,12896,13049,9815,0.81,0.99,11098.7,0.850540271,-405.4027129
7800,-1775,10423,12789,12866,12945,9816,0.81,0.99,10972.5,0.847624565,-376.2456547
7800,-1781,10330,12714,12745,12853,9819,0.81,0.99,10869.9,0.845709173,-357.0917296
7801,-1776,10418,12656,12852,12801,9822,0.81,0.99,10796.3,0.843395047,-333.9504726
7801,-1768,10314,12918,12774,13076,9826,0.81,0.99,11140.8,0.852003671,-420.0367085
7801,-1768,10370,12843,12834,12995,9826,0.81,0.99,11041.5,0.849672951,-396.7295114
7800,-1767,10391,12938,12859,13095,9826,0.81,0.99,11166.5,0.85273005,-427.3004964
7800,-1785,10428,12771,12862,12922,9826,0.81,0.99,10947.6,0.847206315,-372.0631481
7800,-1768,10416,12645,12844,12794,9826,0.81,0.99,10783.2,0.842832578,-328.3257777
7801,-1782,10389,12896,12880,13058,9826,0.81,0.99,11113.4,0.851079798,-410.7979783
7800,-1781,10445,12843,12880,12997,9825,0.81,0.99,11042.1,0.849588367,-395.8836655
7800,-1782,10368,12813,12855,12962,9821,0.81,0.99,11001.6,0.848757908,-387.5790773
7801,-1787,10382,12812,12838,12954,9816,0.81,0.99,10998.2,0.849019608,-390.1960784
7801,-1761,10363,12912,12844,13065,9810,0.81,0.99,11131.5,0.852009185,-420.0918485
7801,-1775,10337,12917,12824,13075,9809,0.81,0.99,11139.5,0.851969407,-419.6940727
7801,-1770,10380,12881,12855,13038,9809,0.81,0.99,11092.4,0.850774659,-407.7465869
7800,-1759,10390,12829,12826,12982,9808,0.81,0.99,11023.6,0.84914497,-391.4496996
7800,-1762,10426,12894,12857,13046,9808,0.81,0.99,11107.8,0.85143339,-414.3338954
7800,-1765,10418,12565,12857,12717,9808,0.81,0.99,10680.1,0.839828576,-298.2857592
7800,-1775,10406,12839,12871,12993,9808,0.81,0.99,11036.9,0.849449704,-394.4970369
7800,-1771,10390,12587,12813,12730,9810,0.81,0.99,10706,0.841005499,-310.0549882
7801,-1786,10440,12813,12877,12964,9812,0.81,0.99,11002.2,0.848673249,-386.73249
7801,-1773,10332,12931,12847,13086,9815,0.8,0.99,11156.8,0.852575271,-525.7527128
7800,-1778,10305,12842,12796,12987,9816,0.81,0.99,11038.1,0.84993455,-399.3454993
7801,-1764,10344,12919,12875,13073,9815,0.8,0.99,11140.9,0.852206839,-522.0683852
7801,-1819,10159,12724,12695,12873,9810,0.8,0.99,10885.9,0.845638157,-456.3815738
7800,-1762,10354,12888,12878,13047,9806,0.8,0.99,11102.1,0.850931249,-509.3124856
7800,-1789,10373,12935,12863,13086,9802,0.81,0.99,11160.8,0.852880941,-428.8094146
7800,-1781,10295,12603,12843,12756,9802,0.8,0.99,10729.8,0.841157103,-411.5710254
7800,-1756,10404,12819,12822,12973,9802,0.81,0.99,11010.9,0.848755107,-387.5510676
7801,-1770,10460,12673,12898,12823,9802,0.81,0.99,10819.9,0.843788505,-337.8850503
7801,-1763,10431,12873,12872,13032,9801,0.81,0.99,11082.6,0.850414365,-404.1436464
7801,-1769,10381,12906,12827,13064,9801,0.81,0.99,11125.2,0.851592162,-415.9216167
7800,-1785,10362,12959,12884,13120,9801,0.8,0.99,11195,0.853277439,-532.7743902
7800,-1801,10364,12899,12852,13056,9804,0.81,0.99,11115.8,0.851393995,-413.939951
7800,-1779,10394,12896,12863,13053,9807,0.81,0.99,11111.9,0.851290891,-412.9089098
7800,-1792,10443,12693,12879,12833,9810,0.81,0.99,10842.9,0.844923245,-349.2324476
7800,-1799,10415,12951,12896,13106,9811,0.81,0.99,11182.8,0.85325805,-432.5804975
7801,-1778,10322,12562,12855,12703,9809,0.8,0.99,10672.9,0.840187357,-401.8735732
7801,-1780,10294,12935,12760,13092,9804,0.81,0.99,11162.6,0.852627559,-426.2755881
7800,-1781,10446,12704,12880,12846,9798,0.81,0.99,10857.8,0.845228087,-352.2808656
7800,-1773,10438,12746,12873,12891,9795,0.81,0.99,10913.3,0.846582887,-365.8288729
7801,-1777,10387,12745,12849,12886,9795,0.81,0.99,10910.8,0.846717368,-367.1736769
7801,-1794,10436,12828,12905,12979,9800,0.81,0.99,11021.7,0.849194853,-391.9485322
7800,-1753,10436,12865,12869,13025,9806,0.81,0.99,11072.5,0.850095969,-400.9596929
7800,-1783,10434,12791,12860,12937,9811,0.81,0.99,10972.1,0.848117802,-381.1780165
7800,-1775,10352,12897,12838,13053,9812,0.81,0.99,11112.9,0.851367502,-413.6750172
7801,-1792,10425,12847,12889,13001,9811,0.81,0.99,11047.3,0.849726944,-397.2694408
7801,-1777,10445,12723,12886,12878,9809,0.81,0.99,10886.4,0.845348657,-353.4865662
7801,-1787,10351,12895,12847,13051,9807,0.81,0.99,11110.3,0.851298751,-412.9875105
7801,-1775,10421,12793,12864,12943,9806,0.81,0.99,10975.9,0.848018234,-380.1823379
7800,-1762,10416,12893,12881,13048,9806,0.81,0.99,11107.4,0.851272226,-412.7222563
7800,-1772,10416,12796,12860,12943,9809,0.81,0.99,10978.9,0.848250019,-382.5001932
7801,-1800,10374,12942,12852,13101,9812,0.81,0.99,11172.3,0.85278223,-427.8223036
7800,-1788,10452,12770,12900,12921,9815,0.81,0.99,10946.3,0.847171272,-371.7127157
7800,-1761,10406,12886,12849,13046,9815,0.81,0.99,11099.8,0.850820175,-408.2017477
7801,-1758,10444,12928,12894,13091,9816,0.81,0.99,11155.3,0.852135055,-421.3505462
7801,-1778,10417,12882,12870,13038,9819,0.81,0.99,11093.4,0.850851358,-408.5135757
7801,-1778,10422,12845,12901,13004,9822,0.81,0.99,11046.2,0.849446324,-394.4632421
7800,-1760,10336,12848,12757,12999,9824,0.81,0.99,11047.7,0.849888453,-398.8845296
7800,-1774,10484,12793,12922,12947,9824,0.81,0.99,10977.1,0.847848923,-378.4892253
7800,-1775,10451,12693,12892,12838,9820,0.81,0.99,10844.4,0.844711014,-347.1101418
7800,-1786,10362,12927,12846,13086,9815,0.81,0.99,11152.8,0.852269601,-422.696011
7801,-1772,10439,12659,12871,12803,9809,0.81,0.99,10799.9,0.843544482,-335.4448176
7801,-1775,10396,12822,12840,12973,9807,0.81,0.99,11013.9,0.848986356,-389.8635628
7801,-1791,10456,12696,12890,12837,9807,0.81,0.99,10847.1,0.844987147,-349.8714653
7800,-1763,10435,12832,12856,12987,9807,0.81,0.99,11028.1,0.849164549,-391.6454916
7800,-1760,10347,12912,12820,13064,9807,0.81,0.99,11131.2,0.852051439,-420.5143907
7800,-1783,10389,12813,12833,12977,9806,0.81,0.99,11006.1,0.848123603,-381.236033
7800,-1767,10418,12678,12853,12819,9806,0.81,0.99,10823.7,0.844348233,-343.4823309
7800,-1776,10297,12942,12795,13102,9810,0.8,0.99,11172.6,0.85274004,-527.4003969
7800,-1772,10377,12879,12855,13044,9816,0.81,0.99,11092.2,0.850367985,-403.6798528
7801,-1775,10383,12913,12863,13064,9823,0.81,0.99,11132.2,0.852127985,-421.279853
7800,-1783,10347,12994,12885,13152,9826,0.8,0.99,11239.6,0.854592457,-545.9245742
7801,-1751,10405,12922,12891,13078,9826,0.81,0.99,11145.4,0.852225111,-422.2511087
7801,-1768,10429,12873,12892,13023,9825,0.81,0.99,11079.9,0.850794748,-407.9474775
7801,-1772,10350,12870,12847,13021,9824,0.81,0.99,11076.3,0.850648952,-406.4895169
7801,-1766,10435,12747,12872,12896,9823,0.81,0.99,10915.8,0.846448511,-364.4851117
7800,-1764,10431,12683,12869,12844,9823,0.81,0.99,10836.2,0.843677982,-336.7798194
7800,-1775,10403,12821,12847,12967,9823,0.81,0.99,11011.1,0.849163261,-391.6326058
7800,-1778,10446,12792,12888,12943,9821,0.81,0.99,10974.9,0.847940972,-379.4097195
7801,-1769,10393,12921,12877,13083,9819,0.81,0.99,11145.9,0.851937629,-419.3762898
7800,-1762,10436,12782,12871,12931,9818,0.81,0.99,10961.3,0.847676127,-376.7612714
7801,-1759,10347,12873,12818,13039,9817,0.81,0.99,11084.7,0.850118874,-401.1887415
7801,-1794,10332,12891,12835,13045,9821,0.8,0.99,11104.5,0.851245688,-512.45688
7801,-1765,10408,12771,12856,12921,9825,0.81,0.99,10947.3,0.847248665,-372.4866496
7800,-1762,10440,12802,12882,12956,9829,0.81,0.99,10988.8,0.848163013,-381.6301328
7800,-1770,10390,12960,12916,13112,9830,0.8,0.99,11193.6,0.853691275,-536.9127517
7800,-1780,10319,12472,12847,12616,9828,0.8,0.99,10556.8,0.836778694,-367.7869372
7800,-1782,10449,12792,12886,12937,9823,0.81,0.99,10973.1,0.848195099,-381.9509933
7800,-1769,10446,12639,12877,12787,9818,0.81,0.99,10775.1,0.842660515,-326.6051459
7800,-1749,10391,12876,12876,13031,9815,0.81,0.99,11085.3,0.850686824,-406.8682373
7801,-1783,10360,12986,12843,13149,9816,0.81,0.99,11230.7,0.854110579,-441.1057875
7801,-1766,10369,12817,12826,12973,9814,0.81,0.99,11008.9,0.84860094,-386.0094041
7801,-1788,10392,12850,12846,13008,9813,0.81,0.99,11052.4,0.849661747,-396.6174662
7800,-1778,10289,12903,12813,13068,9811,0.8,0.99,11123.4,0.851193756,-511.9375574
7800,-1788,10405,12824,12867,12972,9810,0.81,0.99,11015.6,0.849182855,-391.8285538
7800,-1770,10484,12792,12927,12941,9811,0.81,0.99,10974.3,0.848025655,-380.256549
7801,-1786,10215,12466,12754,12611,9814,0.8,0.99,10549.3,0.83651574,-365.1574023
7800,-1771,10361,12599,12791,12738,9818,0.81,0.99,10720.4,0.841607788,-316.0778772
7801,-1780,10460,12762,12900,12922,9820,0.81,0.99,10938.6,0.846509828,-365.098282
7800,-1770,10416,12887,12898,13049,9820,0.81,0.99,11101.7,0.850770174,-407.7017396
7800,-1790,10323,12907,12825,13060,9819,0.8,0.99,11125,0.851837672,-518.3767228
7801,-1780,10384,12954,12897,13124,9818,0.81,0.99,11191.2,0.852727827,-427.2782688
7801,-1794,10286,12987,12791,13149,9817,0.8,0.99,11231.7,0.85418663,-541.8663016
7800,-1759,10287,12907,12745,13065,9817,0.81,0.99,11126.5,0.851626483,-416.2648297
7800,-1777,10340,12962,12840,13120,9817,0.81,0.99,11198,0.853506098,-435.0609756
7800,-1786,10512,12710,12967,12850,9831,0.81,0.99,10865,0.845525292,-355.2529183
7800,-1756,10414,12749,12841,12907,9845,0.81,0.99,10921.1,0.846137755,-361.3775471
7801,-1775,10427,12758,12863,12899,9859,0.81,0.99,10927.7,0.8471742,-371.7419955
7801,-1775,10406,12848,12862,13006,9860,0.81,0.99,11049.8,0.849592496,-395.9249577
7801,-1768,10388,12873,12839,13024,9851,0.81,0.99,11080.2,0.850752457,-407.52457
7801,-1771,10476,12891,12937,13039,9836,0.81,0.99,11102.7,0.851499348,-414.9934811
7800,-1782,10317,12873,12831,13025,9822,0.8,0.99,11080.5,0.850710173,-507.1017274
7800,-1774,10403,12947,12904,13101,9816,0.81,0.99,11177.3,0.853163881,-431.6388062
7800,-1779,10457,12660,12896,12800,9816,0.81,0.99,10800,0.84375,-337.5
7801,-1764,10361,12894,12851,13055,9817,0.81,0.99,11110.5,0.851053236,-410.5323631
7801,-1774,10436,12866,12873,13012,9817,0.81,0.99,11069.6,0.85072241,-407.2241008
7800,-1779,10256,12599,12800,12750,9818,0.8,0.99,10724,0.841098039,-410.9803922
7800,-1771,10285,12866,12740,13012,9818,0.81,0.99,11069.6,0.85072241,-407.2241008
7801,-1773,10380,12910,12848,13070,9818,0.81,0.99,11131,0.851644989,-416.4498852
7800,-1773,10312,12940,12811,13104,9818,0.8,0.99,11171.2,0.852503053,-525.030525
7801,-1797,10373,12941,12884,13096,9819,0.81,0.99,11169.8,0.852916921,-429.169212
7800,-1770,10430,12761,12862,12910,9819,0.81,0.99,10934,0.846940356,-369.4035631
7800,-1768,10347,12917,12822,13074,9819,0.81,0.99,11139.2,0.852011626,-420.1162613
7800,-1764,10361,12925,12838,13086,9819,0.81,0.99,11150.8,0.852116766,-421.1676601
7801,-1771,10444,12717,12883,12863,9818,0.81,0.99,10875.9,0.845518153,-355.1815284
7801,-1771,10537,12683,12988,12825,9818,0.81,0.99,10830.5,0.844483431,-344.834308
7801,-1764,10362,12393,12881,12537,9818,0.8,0.99,10454.1,0.833859775,-338.5977507
7800,-1772,10357,12657,12770,12803,9818,0.81,0.99,10797.9,0.843388268,-333.8826837
7800,-1770,10399,12931,12839,13083,9813,0.81,0.99,11155.9,0.85270198,-427.0197967
7800,-1773,10382,12874,12834,13026,9809,0.81,0.99,11081.8,0.850744665,-407.4466452
7800,-1763,10417,12874,12879,13031,9805,0.81,0.99,11083.3,0.850533344,-405.3334357
7800,-1767,10420,12896,12874,13052,9805,0.81,0.99,11111.6,0.851333129,-413.3312902
7801,-1785,10283,12964,12807,13117,9811,0.8,0.99,11199.1,0.853785164,-537.8516429
7801,-1797,10456,12644,12898,12787,9817,0.81,0.99,10780.1,0.843051537,-330.5153672
7800,-1763,10441,12920,12885,13080,9824,0.81,0.99,11144,0.851987768,-419.8776758
7801,-1795,10342,12894,12871,13048,9825,0.8,0.99,11108.4,0.851348866,-513.4886573
7801,-1809,10251,12558,12791,12701,9824,0.8,0.99,10668.3,0.839957484,-399.5748366
7800,-1773,10341,12834,12817,12992,9819,0.81,0.99,11031.6,0.849107143,-391.0714286
7801,-1778,10424,12850,12857,13002,9813,0.81,0.99,11050.6,0.849915398,-399.1539763
7800,-1766,10405,12997,12890,13155,9809,0.81,0.99,11243.5,0.854694033,-446.9403269
7800,-1760,10389,12865,12854,13021,9809,0.81,0.99,11071.3,0.850264957,-402.6495661
7800,-1767,10323,12889,12780,13044,9810,0.81,0.99,11102.2,0.851134621,-411.3462128
7800,-1779,10379,12856,12849,13005,9812,0.81,0.99,11057.5,0.850249904,-402.4990388
7801,-1769,10417,12742,12854,12887,9814,0.81,0.99,10908.1,0.846442151,-364.42151
7801,-1773,10383,12944,12846,13108,9815,0.81,0.99,11176.4,0.852639609,-426.396094
7801,-1776,10444,12893,12904,13049,9815,0.81,0.99,11107.7,0.851229979,-412.2997931
7801,-1761,10432,12712,12870,12875,9815,0.81,0.99,10874.5,0.844621359,-346.2135922
7800,-1769,10203,12846,12610,12999,9814,0.81,0.99,11045.7,0.849734595,-397.3459497
7800,-1764,10450,12775,12883,12918,9813,0.81,0.99,10950.4,0.8476854,-376.8540022
7800,-1764,10404,12880,12900,13039,9813,0.81,0.99,11091.7,0.850655725,-406.5572513
7800,-1771,10394,12946,12865,13097,9814,0.81,0.99,11175.1,0.853256471,-432.5647095
7800,-1777,10424,12760,12866,12911,9816,0.81,0.99,10933.3,0.846820541,-368.2054062
7801,-1786,10449,12703,12884,12843,9819,0.81,0.99,10855.9,0.845277583,-352.7758312
7801,-1770,10467,12819,12908,12972,9820,0.81,0.99,11010.6,0.84879741,-387.9740981
7801,-1771,10322,12917,12834,13076,9820,0.8,0.99,11139.8,0.851927195,-519.2719486
7800,-1775,10380,12924,12867,13087,9818,0.81,0.99,11150.1,0.851998166,-419.9816612
7800,-1766,10344,12922,12848,13079,9816,0.81,0.99,11145.7,0.852182889,-421.828886
7800,-1754,10367,12824,12801,12983,9814,0.81,0.99,11018.9,0.848717554,-387.1755372
7800,-1753,10381,12866,12816,13020,9814,0.81,0.99,11072,0.850384025,-403.8402458
7801,-1771,10442,12866,12878,13019,9813,0.81,0.99,11071.7,0.8504263,-404.2630002
7801,-1767,10384,12891,12856,13051,9810,0.81,0.99,11106.3,0.850992261,-409.9226113
7800,-1769,10414,12716,12854,12858,9807,0.81,0.99,10873.4,0.845652512,-356.5251205
7800,-1756,10389,12883,12848,13042,9805,0.81,0.99,11095.6,0.850759086,-407.5908603
7800,-1793,10441,12663,12882,12803,9805,0.81,0.99,10803.9,0.843856909,-338.5690854
7801,-1774,10376,12864,12849,13012,9813,0.81,0.99,11067.6,0.850568706,-405.6870581
7801,-1764,10414,12896,12889,13050,9822,0.81,0.99,11111,0.851417625,-414.1762452
7800,-1775,10337,12899,12822,13060,9832,0.81,0.99,11117,0.851225115,-412.2511485
7800,-1773,10249,12623,12790,12774,9834,0.8,0.99,10755.2,0.841960232,-419.6023172
7800,-1769,10459,12872,12925,13034,9832,0.81,0.99,11082.2,0.850253184,-402.5318398
7800,-1783,10430,12718,12869,12870,9826,0.81,0.99,10879,0.845299145,-352.991453
7801,-1770,10405,12831,12854,12982,9820,0.81,0.99,11025.6,0.849299029,-392.9902943
7801,-1795,10255,12704,12647,12848,9815,0.81,0.99,10858.4,0.845143213,-351.4321295
7801,-1763,10346,12920,12861,13078,9815,0.8,0.99,11143.4,0.852072182,-520.7218229
7800,-1789,10355,12903,12874,13060,9813,0.8,0.99,11121,0.851531394,-515.3139357
7800,-1788,10381,12848,12839,13000,9811,0.81,0.99,11048,0.849846154,-398.4615385
7800,-1765,10394,12972,12881,13134,9810,0.81,0.99,11212.2,0.853677478,-436.774783
7800,-1786,10268,12848,12789,12999,9809,0.8,0.99,11047.7,0.849888453,-498.8845296
7800,-1771,10277,12830,12708,12992,9809,0.81,0.99,11027.6,0.848799261,-387.9926108
7800,-1790,10386,12873,12824,13039,9808,0.81,0.99,11084.7,0.850118874,-401.1887415
7801,-1772,10369,12977,12847,13123,9808,0.81,0.99,11213.9,0.854522594,-445.2259392
7801,-1781,10338,12569,12886,12708,9808,0.8,0.99,10681.4,0.840525653,-405.2565313
7800,-1785,10301,12950,12811,13105,9808,0.8,0.99,11181.5,0.85322396,-532.2396032
7800,-1752,10436,12925,12870,13086,9807,0.81,0.99,11150.8,0.852116766,-421.1676601
7800,-1763,10411,12902,12880,13056,9804,0.81,0.99,11118.8,0.851623775,-416.2377451
7800,-1770,10353,12905,12864,13068,9801,0.8,0.99,11125.4,0.851346801,-513.4680135
7800,-1795,10422,12940,12970,13099,9800,0.8,0.99,11169.7,0.852713948,-527.1394763
7800,-1788,10351,12895,12862,13050,9800,0.8,0.99,11110,0.851340996,-513.4099617
7801,-1799,10255,12558,12796,12700,9809,0.8,0.99,10668,0.84,-400
7801,-1770,10398,12661,12823,12808,9817,0.81,0.99,10803.4,0.843488445,-334.8844472
7801,-1791,10447,12637,12888,12779,9825,0.81,0.99,10770.7,0.842843728,-328.4372799
7801,-1776,10386,12937,12844,13089,9825,0.81,0.99,11163.7,0.852907021,-429.0702116
7800,-1764,10342,12950,12867,13104,9822,0.8,0.99,11181.2,0.853266178,-532.6617827
7800,-1771,10326,12964,12827,13129,9814,0.81,0.99,11202.7,0.853279001,-432.7900069
7800,-1765,10286,12912,12799,13069,9806,0.8,0.99,11132.7,0.851840233,-518.4023261
7800,-1773,10363,12914,12858,13068,9801,0.81,0.99,11134.4,0.852035507,-420.3550658
7800,-1762,10435,12827,12891,12973,9801,0.81,0.99,11018.9,0.849371772,-393.7177214
7800,-1783,10200,12952,12751,13106,9802,0.8,0.99,11183.8,0.853334351,-533.3435068
7801,-1762,10363,12866,12798,13020,9802,0.81,0.99,11072,0.850384025,-403.8402458
7801,-1772,10388,12927,12872,13079,9802,0.81,0.99,11150.7,0.852565181,-425.6518082
7800,-1778,10318,12938,12848,13091,9803,0.8,0.99,11165.3,0.852898938,-528.989382
7801,-1771,10380,12905,12868,13062,9806,0.81,0.99,11123.6,0.851600061,-416.0006125
7800,-1760,10381,12913,12902,13064,9814,0.8,0.99,11132.2,0.852127985,-521.279853
7800,-1771,10347,12916,12886,13074,9821,0.8,0.99,11138.2,0.851935138,-519.3513844
7800,-1756,10446,12913,12912,13076,9826,0.81,0.99,11135.8,0.851621291,-416.2129091
7800,-1763,10317,12889,12789,13048,9826,0.81,0.99,11103.4,0.850965665,-409.6566524
7800,-1789,10427,12851,12921,13006,9822,0.81,0.99,11052.8,0.849823159,-398.2315854
7801,-1761,10271,12868,12808,13025,9818,0.8,0.99,11075.5,0.850326296,-503.2629559
7801,-1769,10265,12704,12807,12864,9813,0.8,0.99,10863.2,0.844465174,-444.6517413
7801,-1780,10367,12691,12789,12837,9812,0.81,0.99,10842.1,0.844597647,-345.9764743
7800,-1773,10364,12988,12880,13148,9812,0.8,0.99,11232.4,0.854304837,-543.0483724
7800,-1806,10418,12814,12845,12972,9810,0.81,0.99,11005.6,0.848411964,-384.1196423
7800,-1745,10420,12733,12846,12878,9808,0.81,0.99,10896.4,0.846125175,-361.2517472
7800,-1765,10427,12729,12851,12874,9806,0.81,0.99,10891.2,0.845984154,-359.8415411
7801,-1760,10400,12841,12840,12990,9806,0.81,0.99,11038,0.849730562,-397.3056197
7800,-1775,10418,12795,12871,12934,9809,0.81,0.99,10975.2,0.848554198,-385.5419824
7801,-1772,10428,12593,12867,12736,9813,0.81,0.99,10713.8,0.841221734,-312.2173367
7800,-1782,10241,12947,12792,13099,9817,0.8,0.99,11176.7,0.85324834,-532.4833957
7800,-1770,10382,12876,12848,13032,9818,0.81,0.99,11085.6,0.850644567,-406.4456722
7800,-1782,10406,12861,12882,13014,9818,0.81,0.99,11065.2,0.850253573,-402.5357308
7800,-1773,10357,12890,12846,13042,9816,0.81,0.99,11102.6,0.851295814,-412.9581353
7800,-1772,10411,12736,12840,12884,9815,0.81,0.99,10901.2,0.846103695,-361.036945
7800,-1779,10337,12906,12863,13064,9813,0.8,0.99,11125.2,0.851592162,-515.9216167
7801,-1768,10391,12730,12815,12872,9813,0.81,0.99,10891.6,0.846146675,-361.4667495
7800,-1767,10389,12817,12877,12976,9812,0.81,0.99,11009.8,0.848474106,-384.7410604
7800,-1755,10433,12884,12876,13037,9811,0.81,0.99,11095.1,0.85104702,-410.4702002
7800,-1773,10399,12967,12921,13127,9810,0.8,0.99,11205.1,0.853591834,-535.9183363
7801,-1777,10450,12718,12894,12862,9810,0.81,0.99,10876.6,0.845638314,-356.3831441
7800,-1780,10439,12642,12875,12787,9809,0.81,0.99,10778.1,0.842895128,-328.9512786
7800,-1767,10388,12895,12859,13054,9813,0.81,0.99,11111.2,0.851172055,-411.7205454
7800,-1763,10451,12873,12890,13025,9816,0.81,0.99,11080.5,0.850710173,-407.1017274
7800,-1794,10409,12871,12879,13030,9820,0.81,0.99,11080,0.850345357,-403.4535687
7801,-1797,10383,12901,12876,13054,9820,0.81,0.99,11117.2,0.851631684,-416.3168378
7800,-1771,10406,12721,12836,12867,9817,0.81,0.99,10881.1,0.845659439,-356.5943887
7801,-1788,10338,12885,12818,13046,9809,0.81,0.99,11098.8,0.850743523,-407.4352292
7800,-1771,10475,12661,12926,12804,9802,0.81,0.99,10802.2,0.843658232,-336.582318
7800,-1796,10404,12970,12926,13128,9798,0.8,0.99,11208.4,0.853778184,-537.7818403
7800,-1779,10475,12675,12921,12820,9798,0.81,0.99,10821,0.844071763,-340.7176287
7800,-1759,10358,12774,12771,12920,9803,0.81,0.99,10950,0.84752322,-375.2321981
7800,-1777,10463,12608,12908,12753,9810,0.81,0.99,10733.9,0.841676468,-316.7646828
7800,-1782,10446,12667,12882,12810,9817,0.81,0.99,10810,0.843871975,-338.7197502
7800,-1757,10416,12921,12875,13077,9818,0.81,0.99,11144.1,0.852190869,-421.9086947
7800,-1773,10346,12905,12840,13063,9819,0.81,0.99,11123.9,0.851557835,-415.5783511
7801,-1757,10346,12947,12860,13103,9820,0.8,0.99,11177.9,0.853079447,-530.7944745
7801,-1774,10401,12951,12883,13112,9822,0.81,0.99,11184.6,0.853004881,-430.0488103
7800,-1778,10367,12914,12852,13069,9823,0.81,0.99,11134.7,0.851993267,-419.9326651
7800,-1784,10429,12941,12928,13102,9822,0.81,0.99,11171.6,0.852663715,-426.6371546
7800,-1775,10265,12935,12828,13085,9820,0.8,0.99,11160.5,0.852923194,-529.231945
7800,-1761,10420,12781,12840,12928,9817,0.81,0.99,10959.4,0.847725866,-377.2586634
7800,-1769,10456,12775,12901,12919,9815,0.81,0.99,10950.7,0.847643006,-376.4300642
7800,-1777,10366,12905,12868,13063,9814,0.81,0.99,11123.9,0.851557835,-415.5783511
7801,-1775,10401,12933,12880,13089,9814,0.81,0.99,11159.7,0.852601421,-426.0142104
7800,-1786,10361,12917,12860,13072,9814,0.81,0.99,11138.6,0.852096083,-420.9608323
7801,-1759,10400,12873,12832,13029,9813,0.81,0.99,11081.7,0.850541101,-405.4110062
7800,-1770,10386,12963,12899,13124,9813,0.81,0.99,11200.2,0.853413593,-434.1359342
7800,-1762,10413,12802,12871,12943,9813,0.81,0.99,10984.9,0.84871359,-387.1359036
7800,-1763,10540,12785,12993,12937,9811,0.81,0.99,10966.1,0.847654016,-376.5401561
7800,-1782,10323,12944,12858,13096,9808,0.8,0.99,11172.8,0.853145999,-531.4599878
7801,-1786,10375,12861,12859,13009,9804,0.81,0.99,11063.7,0.850465063,-404.6506265
7800,-1792,10446,12785,12907,12941,9803,0.81,0.99,10967.3,0.847484738,-374.8473843
7800,-1772,10379,12948,12881,13105,9803,0.81,0.99,11179.5,0.853071347,-430.7134681
7800,-1757,10381,12828,12836,12972,9806,0.81,0.99,11019.6,0.849491212,-394.9121184
7801,-1758,10449,12803,12897,12963,9808,0.81,0.99,10991.9,0.847944149,-379.4414873
7800,-1779,10452,12780,12898,12931,9810,0.81,0.99,10959.3,0.84752146,-375.2146006
7800,-1783,10394,12863,12859,13029,9809,0.81,0.99,11071.7,0.849773582,-397.7358201
7800,-1760,10426,12680,12860,12819,9812,0.81,0.99,10825.7,0.844504252,-345.042515
7800,-1789,10472,12679,12918,12827,9817,0.81,0.99,10827.1,0.844086692,-340.8669213
7800,-1775,10327,12812,12857,12973,9822,0.8,0.99,11003.9,0.848215525,-482.1552455
7800,-1783,10289,12646,12838,12799,9824,0.8,0.99,10785.7,0.842698648,-426.9864833
7800,-1775,10428,12720,12864,12866,9824,0.81,0.99,10879.8,0.845624126,-356.241256
7800,-1782,10454,12684,12896,12829,9823,0.81,0.99,10832.7,0.844391613,-343.9161275
7801,-1780,10330,12933,12836,13096,9822,0.8,0.99,11161.8,0.852306048,-523.0604765
7800,-1762,10340,12924,12811,13082,9821,0.81,0.99,11148.6,0.852209142,-422.0914233
7800,-1775,10347,12899,12866,13051,9821,0.8,0.99,11114.3,0.851605241,-516.0524098
7800,-1768,10330,12925,12806,13079,9819,0.81,0.99,11148.7,0.852412264,-424.1226393
7800,-1775,10317,12957,12841,13114,9814,0.8,0.99,11191.2,0.853378069,-533.7806924
7800,-1798,10356,12966,12890,13128,9809,0.8,0.99,11204.4,0.853473492,-534.7349177
7800,-1784,10207,12944,12757,13103,9805,0.8,0.99,11174.9,0.852850492,-528.5049225
7801,-1759,10381,12715,12800,12865,9805,0.81,0.99,10874.5,0.845277886,-352.7788574
7800,-1803,10315,12638,12859,12785,9806,0.8,0.99,10773.5,0.842667188,-426.6718811
7800,-1781,10354,12902,12866,13060,9806,0.8,0.99,11120,0.851454824,-514.5482389
7800,-1769,10410,12895,12863,13059,9807,0.81,0.99,11112.7,0.850961023,-409.6102305
7800,-1756,10424,12772,12875,12916,9807,0.81,0.99,10946.8,0.847537937,-375.3793744
7800,-1763,10388,12859,12825,13016,9810,0.81,0.99,11063.8,0.850015366,-400.153657
7800,-1796,10375,12824,12834,12978,9817,0.81,0.99,11017.4,0.848928957,-389.289567
7800,-1793,10357,12901,12870,13055,9825,0.8,0.99,11117.5,0.851589429,-515.8942934
7801,-1777,10479,12886,12935,13036,9830,0.81,0.99,11096.8,0.851242712,-412.4271249
7800,-1776,10379,12923,12921,13077,9830,0.8,0.99,11146.1,0.85234381,-523.4380974
7801,-1779,10489,12788,12936,12947,9826,0.81,0.99,10972.1,0.847462733,-374.6273268
7800,-1781,10450,12744,12892,12896,9821,0.81,0.99,10912.8,0.846215881,-362.1588089
7800,-1776,10339,12911,12827,13068,9816,0.81,0.99,11131.4,0.851805938,-418.0593817
7800,-1777,10379,12845,12851,13003,9815,0.81,0.99,11045.9,0.84948858,-394.8857956
7800,-1766,10434,12872,12920,13031,9815,0.81,0.99,11081.3,0.850379863,-403.798634
7800,-1775,10327,12926,12832,13074,9814,0.8,0.99,11148.2,0.852700015,-527.000153
7801,-1783,10437,12709,12872,12854,9814,0.81,0.99,10865.2,0.845277735,-352.7773456
7800,-1771,10308,12949,12838,13100,9813,0.8,0.99,11179,0.853358779,-533.5877863
7800,-1782,10418,12905,12906,13070,9813,0.81,0.99,11126,0.851262433,-412.6243305
7800,-1778,10313,12681,12803,12825,9813,0.81,0.99,10828.5,0.844327485,-343.2748538
7801,-1766,10417,12902,12858,13053,9814,0.81,0.99,11117.9,0.851750555,-417.5055543
7800,-1766,10391,12856,12830,13020,9814,0.81,0.99,11062,0.849615975,-396.1597542
7800,-1768,10263,12867,12752,13016,9814,0.8,0.99,11071.8,0.850629994,-506.2999385
7800,-1780,10429,12902,12914,13056,9814,0.81,0.99,11118.8,0.851623775,-416.2377451
7800,-1764,10425,12762,12865,12912,9811,0.81,0.99,10935.6,0.846933086,-369.330855
7800,-1767,10282,12866,12773,13017,9807,0.8,0.99,11071.1,0.85051087,-505.108704
7801,-1764,10437,12625,12878,12773,9804,0.81,0.99,10756.9,0.842159242,-321.5924215
7801,-1765,10376,12896,12865,13054,9804,0.81,0.99,11112.2,0.851248659,-412.4865941
7800,-1782,10395,12916,12885,13080,9807,0.81,0.99,11140,0.851681957,-416.8195719
7800,-1765,10393,12756,12878,12902,9811,0.81,0.99,10926.6,0.846891955,-368.9195474
7800,-1804,10287,12662,12834,12805,9816,0.8,0.99,10803.5,0.84369387,-436.9386958
7800,-1775,10364,12901,12844,13059,9818,0.81,0.99,11118.7,0.851420476,-414.204763
7800,-1774,10343,12888,12831,13045,9818,0.81,0.99,11101.5,0.851015715,-410.1571483
7800,-1761,10387,12820,12858,12968,9818,0.81,0.99,11010.4,0.8490438,-390.4380012
7800,-1761,10443,12776,12876,12924,9817,0.81,0.99,10953.2,0.847508511,-375.085113
7801,-1756,10403,12898,12850,13048,9816,0.81,0.99,11112.4,0.851655426,-416.5542612
7801,-1778,10434,12691,12870,12835,9816,0.81,0.99,10841.5,0.844682509,-346.8250877
7801,-1773,10391,12778,12863,12928,9818,0.81,0.99,10956.4,0.847493812,-374.9381188
7800,-1798,10313,12925,12852,13078,9824,0.8,0.99,11148.4,0.852454504,-524.5450375
7800,-1775,10291,12893,12855,13049,9829,0.8,0.99,11107.7,0.851229979,-512.2997931
7800,-1764,10365,12794,12802,12941,9833,0.81,0.99,10976.3,0.848180202,-381.8020246
7800,-1782,10363,12954,12875,13118,9833,0.8,0.99,11189.4,0.852980637,-529.8063729
7800,-1779,10400,12874,12896,13027,9828,0.81,0.99,11082.1,0.850702387,-407.0238735
7800,-1768,10442,12869,12893,13019,9823,0.81,0.99,11074.7,0.850656732,-406.5673247
7800,-1768,10430,12666,12871,12802,9818,0.81,0.99,10806.6,0.844133729,-341.337291
7800,-1782,10353,12898,12881,13055,9817,0.8,0.99,11114.5,0.851359632,-513.5963232
7800,-1787,10437,12653,12879,12801,9816,0.81,0.99,10793.3,0.843160691,-331.6069057
7800,-1758,10411,12881,12851,13032,9813,0.81,0.99,11090.6,0.851028238,-410.2823818
7800,-1772,10388,12894,12889,13054,9810,0.81,0.99,11110.2,0.85109545,-410.9544967
7800,-1799,10235,12997,12779,13158,9808,0.8,0.99,11244.4,0.854567563,-545.6756346
7800,-1758,10315,12846,12767,13005,9808,0.81,0.99,11047.5,0.849480969,-394.8096886
7800,-1783,10424,12890,12879,13051,9808,0.81,0.99,11105.3,0.850915639,-409.1563865
7800,-1775,10332,12904,12833,13063,9808,0.81,0.99,11122.9,0.851481283,-414.8128301
7801,-1776,10377,12898,12858,13055,9808,0.81,0.99,11114.5,0.851359632,-413.5963232
7800,-1772,10413,12910,12884,13068,9808,0.81,0.99,11130.4,0.851729415,-417.2941537
7800,-1772,10460,12688,12903,12830,9808,0.81,0.99,10837,0.844660951,-346.609509
7800,-1780,10361,12919,12839,13080,9811,0.81,0.99,11143,0.851911315,-419.1131498
7800,-1773,10416,12763,12876,12905,9813,0.81,0.99,10934.5,0.847307245,-373.0724525
7800,-1775,10442,12869,12912,13020,9815,0.81,0.99,11075,0.850614439,-406.1443932
7800,-1783,10354,12964,12908,13121,9815,0.8,0.99,11200.3,0.85361634,-536.1634022
7800,-1760,10371,12645,12795,12793,9814,0.81,0.99,10782.9,0.84287501,-328.7500977
7800,-1777,10434,12835,12866,12995,9814,0.81,0.99,11033.5,0.84905733,-390.5732974
7801,-1800,10351,12886,12850,13040,9814,0.81,0.99,11098,0.85107362,-410.7361963
7800,-1777,10403,12573,12833,12715,9814,0.81,0.99,10687.5,0.840542666,-305.4266614
7800,-1761,10407,12876,12860,13031,9814,0.81,0.99,11085.3,0.850686824,-406.8682373
7800,-1771,10416,12841,12876,12992,9814,0.81,0.99,11038.6,0.849645936,-396.4593596
7800,-1766,10331,12896,12833,13053,9814,0.81,0.99,11111.9,0.851290891,-412.9089098
7800,-1789,10397,12864,12877,13018,9813,0.81,0.99,11069.4,0.850314949,-403.1494853
7800,-1779,10337,12905,12807,13066,9813,0.81,0.99,11124.8,0.851431195,-414.3119547
7800,-1785,10176,13000,12711,13152,9813,0.8,0.99,11245.6,0.855048662,-550.486618
7800,-1770,10378,12856,12847,13008,9813,0.81,0.99,11058.4,0.850123001,-401.2300123
7800,-1795,10312,12679,12861,12825,9813,0.8,0.99,10826.5,0.84417154,-441.7153996
7800,-1788,10349,12851,12786,12993,9813,0.81,0.99,11048.9,0.850373278,-403.7327792
7800,-1782,10274,12896,12791,13052,9813,0.8,0.99,11111.6,0.851333129,-513.3312902
7800,-1783,10394,12861,12822,13016,9814,0.81,0.99,11065.8,0.850169023,-401.6902274
7800,-1769,10333,12925,12861,13078,9814,0.8,0.99,11148.4,0.852454504,-524.5450375
7800,-1781,10470,12727,12913,12880,9815,0.81,0.99,10891,0.845574534,-355.7453416
7800,-1766,10348,12959,12862,13115,9815,0.8,0.99,11193.5,0.853488372,-534.8837209
7800,-1780,10427,12937,12890,13102,9816,0.81,0.99,11167.6,0.852358419,-423.5841856
7800,-1784,10359,12897,12896,13056,9819,0.8,0.99,11113.8,0.851240809,-512.4080882
7801,-1762,10444,12870,12903,13026,9822,0.81,0.99,11077.8,0.850437586,-404.3758637
7800,-1780,10455,12806,12883,12955,9824,0.81,0.99,10992.5,0.848514087,-385.1408723
7800,-1774,10382,12930,12913,13082,9824,0.8,0.99,11154.6,0.852667788,-526.677878
7800,-1787,10289,12932,12824,13096,9820,0.8,0.99,11160.8,0.852229688,-522.2968845
7800,-1767,10348,12923,12835,13085,9814,0.81,0.99,11148.5,0.852006114,-420.0611387
7800,-1788,10426,12746,12866,12894,9809,0.81,0.99,10914.2,0.846455716,-364.5571584
7800,-1762,10360,12857,12823,13013,9808,0.81,0.99,11060.9,0.849988473,-399.8847307
7800,-1763,10397,12720,12824,12859,9809,0.81,0.99,10877.7,0.845921145,-359.2114472
7800,-1790,10347,12981,12843,13139,9814,0.81,0.99,11222.7,0.854151762,-441.5176193
7800,-1775,10383,12864,12899,13018,9819,0.8,0.99,11069.4,0.850314949,-503.1494853
7801,-1758,10376,12783,12799,12937,9823,0.81,0.99,10964.1,0.84749942,-374.9942027
7801,-1772,10423,12873,12887,13031,9823,0.81,0.99,11082.3,0.850456603,-404.5660348
7800,-1785,10348,12852,12807,13008,9825,0.81,0.99,11054.4,0.849815498,-398.1549815
7800,-1789,10382,12939,12853,13099,9828,0.81,0.99,11168.7,0.852637606,-426.3760592
7800,-1784,10418,12920,12875,13079,9830,0.81,0.99,11143.7,0.852029972,-420.2997171
7800,-1785,10325,12960,12838,13120,9830,0.8,0.99,11196,0.853353659,-533.5365854
7800,-1764,10395,12918,12865,13080,9829,0.81,0.99,11142,0.851834862,-418.3486239
7800,-1757,10450,12613,12893,12754,9827,0.81,0.99,10739.2,0.842026031,-320.2603105
7800,-1761,10440,12914,12907,13077,9824,0.81,0.99,11137.1,0.851655578,-416.555785
7800,-1756,10412,12964,12850,13122,9822,0.81,0.99,11200.6,0.85357415,-435.7415028
7800,-1767,10259,12660,12653,12799,9822,0.81,0.99,10799.7,0.843792484,-337.9248379
7800,-1748,10408,12836,12878,12995,9819,0.81,0.99,11034.5,0.849134282,-391.3428242
7800,-1778,10386,12902,12875,13053,9813,0.81,0.99,11117.9,0.851750555,-417.5055543
7800,-1765,10412,12840,12866,12997,9807,0.81,0.99,11039.1,0.849357544,-393.5754405
7800,-1794,10289,12916,12821,13075,9805,0.8,0.99,11138.5,0.851892925,-518.9292543
7800,-1756,10430,12768,12881,12916,9805,0.81,0.99,10942.8,0.847228244,-372.2824404
7800,-1795,10287,12963,12808,13125,9815,0.8,0.99,11200.5,0.853371429,-533.7142857
7801,-1761,10306,12879,12805,13033,9824,0.8,0.99,11088.9,0.850832502,-508.3250211
7801,-1799,10384,12864,12906,13021,9834,0.8,0.99,11070.3,0.850188158,-501.8815759
7800,-1796,10227,12956,12776,13117,9834,0.8,0.99,11191.1,0.853175269,-531.7526874
7800,-1758,10333,12690,12744,12837,9831,0.81,0.99,10841.1,0.844519748,-345.197476
7800,-1789,10247,12630,12777,12776,9826,0.8,0.99,10762.8,0.842423294,-424.2329368
7800,-1770,10436,12762,12870,12903,9821,0.81,0.99,10932.9,0.847314578,-373.1457801
7800,-1794,10335,12924,12826,13084,9817,0.81,0.99,11149.2,0.852124732,-421.247325
7800,-1764,10417,12879,12853,13034,9817,0.81,0.99,11089.2,0.850790241,-407.9024091
7800,-1763,10349,12839,12824,12994,9812,0.81,0.99,11037.2,0.849407419,-394.0741881
7800,-1763,10420,12806,12864,12957,9806,0.81,0.99,10993.1,0.84842942,-384.2942039
7800,-1770,10452,12649,12893,12789,9801,0.81,0.99,10785.7,0.843357573,-333.5757291
7801,-1765,10404,12922,12894,13082,9801,0.81,0.99,11146.6,0.852056261,-420.5626051
7800,-1780,10040,12883,12555,13033,9804,0.8,0.99,11092.9,0.851139415,-511.3941533
7800,-1781,10457,12631,12897,12768,9813,0.81,0.99,10761.4,0.842841479,-328.414787
7800,-1780,10387,12838,12869,12990,9821,0.81,0.99,11035,0.849499615,-394.9961509
7800,-1770,10334,12893,12804,13046,9826,0.81,0.99,11106.8,0.851356738,-413.567377
7800,-1766,10314,12766,12717,12916,9826,0.81,0.99,10940.8,0.847073397,-370.7339734
7800,-1776,10348,12903,12823,13060,9828,0.81,0.99,11121,0.851531394,-415.3139357
7800,-1785,10260,12629,12797,12774,9829,0.8,0.99,10761.2,0.842429936,-424.2993581
7800,-1766,10366,12818,12829,12972,9831,0.81,0.99,11009.6,0.848720321,-387.2032069
7800,-1747,10405,12771,12858,12925,9831,0.81,0.99,10948.5,0.847079304,-370.7930368
7800,-1755,10398,12914,12850,13071,9830,0.81,0.99,11135.3,0.851908806,-419.0880575
7800,-1764,10114,12843,12572,13001,9825,0.8,0.99,11043.3,0.849419275,-494.1927544
7800,-1759,10281,12978,12761,13131,9819,0.81,0.99,11217.3,0.854260909,-442.609093
7800,-1772,10422,12725,12848,12876,9815,0.81,0.99,10887.8,0.845588692,-355.8869214
7801,-1777,10316,12959,12863,13123,9815,0.8,0.99,11195.9,0.853150956,-531.5095634
7800,-1777,10294,12932,12796,13085,9818,0.8,0.99,11157.5,0.852693924,-526.9392434
7801,-1765,10423,12870,12878,13028,9822,0.81,0.99,11078.4,0.850353086,-403.5308566
7800,-1766,10433,12660,12867,12807,9826,0.81,0.99,10802.1,0.843452799,-334.5279925
7800,-1789,10434,12667,12875,12815,9827,0.81,0.99,10811.5,0.843659774,-336.597737
7800,-1763,10427,12760,12861,12915,9826,0.81,0.99,10934.5,0.846651181,-366.511808
7800,-1759,10477,12705,12924,12853,9821,0.81,0.99,10860.9,0.845008947,-350.0894733
7800,-1762,10368,12802,12848,12956,9815,0.81,0.99,10988.8,0.848163013,-381.6301328
7800,-1759,10310,12891,12745,13051,9811,0.81,0.99,11106.3,0.850992261,-409.9226113
7800,-1771,10438,12766,12869,12922,9811,0.81,0.99,10942.6,0.846819378,-368.1937781
7800,-1778,10338,12868,12787,13025,9812,0.81,0.99,11075.5,0.850326296,-403.2629559
7800,-1777,10433,12915,12904,13074,9815,0.81,0.99,11137.2,0.851858651,-418.5865076
7800,-1769,10389,12851,12827,13006,9817,0.81,0.99,11052.8,0.849823159,-398.2315854
7800,-1754,10304,12782,12732,12932,9818,0.81,0.99,10961.6,0.847633777,-376.3377668
7800,-1784,10266,12609,12803,12756,9818,0.8,0.99,10735.8,0.841627469,-416.2746943
7800,-1754,10370,12901,12860,13067,9813,0.81,0.99,11121.1,0.851082881,-410.8288054
7800,-1761,10456,12870,12918,13028,9807,0.81,0.99,11078.4,0.850353086,-403.5308566
7800,-1778,10242,12913,12793,13061,9802,0.8,0.99,11131.3,0.852254804,-522.5480438
7800,-1770,10410,12857,12845,13011,9802,0.81,0.99,11060.3,0.850073015,-400.7301514
7800,-1773,10407,12733,12845,12883,9801,0.81,0.99,10897.9,0.845913219,-359.1321897
7800,-1774,10354,12929,12822,13086,9800,0.81,0.99,11154.8,0.852422436,-424.2243619
7801,-1780,10462,12835,12899,12987,9799,0.81,0.99,11031.1,0.849395549,-393.955494
7800,-1778,10338,12893,12833,13053,9798,0.81,0.99,11108.9,0.851061059,-410.6105876
7800,-1770,10369,12911,12842,13074,9799,0.81,0.99,11133.2,0.8515527,-415.5270002
7800,-1777,10420,12689,12867,12835,9806,0.81,0.99,10839.5,0.844526685,-345.2668485
7800,-1774,10335,12919,12850,13076,9814,0.8,0.99,11141.8,0.852080147,-520.8014683
7800,-1790,10420,12937,12913,13103,9821,0.81,0.99,11167.9,0.852316263,-423.1626345
7800,-1772,10263,12934,12809,13093,9821,0.8,0.99,11161.9,0.852508974,-525.0897426
7800,-1769,10432,12810,12867,12966,9821,0.81,0.99,10999.8,0.848357242,-383.5724202
7800,-1778,10371,12668,12798,12815,9821,0.81,0.99,10812.5,0.843737807,-337.3780726
7800,-1778,10364,12870,12849,13031,9821,0.81,0.99,11079.3,0.850226383,-402.2638324
7800,-1774,10404,12860,12840,13025,9821,0.81,0.99,11067.5,0.849712092,-397.1209213
7800,-1769,10341,12890,12814,13055,9821,0.81,0.99,11106.5,0.85074684,-407.4684029
7800,-1768,10437,12777,12866,12930,9818,0.81,0.99,10956,0.847331787,-373.3178654
7800,-1769,10391,12702,12828,12850,9814,0.81,0.99,10857,0.844902724,-349.0272374
7800,-1770,10395,12829,12839,12977,9810,0.81,0.99,11022.1,0.849356554,-393.565539
7800,-1779,10376,12910,12887,13077,9810,0.81,0.99,11133.1,0.851349698,-413.4969794
7801,-1771,10246,12944,12792,13102,9809,0.8,0.99,11174.6,0.852892688,-528.9268814
7800,-1779,10365,12911,12812,13074,9808,0.81,0.99,11133.2,0.8515527,-415.5270002
7800,-1779,10356,12910,12867,13078,9807,0.8,0.99,11133.4,0.851307539,-513.0753938
7800,-1799,10444,12816,12913,12969,9806,0.81,0.99,11006.7,0.848693037,-386.9303724
7800,-1777,10455,12589,12896,12732,9806,0.81,0.99,10708.6,0.8410776,-310.7759975
7800,-1785,10388,12837,12871,12995,9808,0.81,0.99,11035.5,0.849211235,-392.1123509
7800,-1777,10375,12901,12850,13058,9810,0.81,0.99,11118.4,0.851462705,-414.6270486
7800,-1773,10283,12906,12810,13073,9812,0.8,0.99,11127.9,0.851212423,-512.1242255
7800,-1773,10368,12888,12828,13038,9813,0.81,0.99,11099.4,0.851311551,-413.1155085
7800,-1763,10458,12760,12897,12912,9813,0.81,0.99,10933.6,0.846778191,-367.7819083
7801,-1772,10417,12686,12852,12830,9813,0.81,0.99,10835,0.844505066,-345.0506625
7800,-1768,10446,12832,12888,12984,9813,0.81,0.99,11027.2,0.849291436,-392.9143561
7800,-1766,10302,12963,12804,13124,9813,0.8,0.99,11200.2,0.853413593,-534.1359342
7800,-1785,10463,12662,12906,12808,9813,0.81,0.99,10804.4,0.843566521,-335.6652092
7800,-1767,10396,12884,12868,13050,9809,0.81,0.99,11099,0.850498084,-404.9808429
7800,-1781,10420,12848,12850,13006,9802,0.81,0.99,11049.8,0.849592496,-395.9249577
7800,-1767,10380,12926,12857,13087,9794,0.81,0.99,11152.1,0.85215099,-421.5098953
7800,-1768,10338,12930,12847,13097,9792,0.8,0.99,11159.1,0.852034817,-520.3481713
7800,-1770,10395,12920,12880,13074,9791,0.81,0.99,11142.2,0.852241089,-422.4108918
7801,-1762,10411,12842,12844,13001,9795,0.81,0.99,11042.3,0.849342358,-393.4235828
7800,-1775,10399,12706,12841,12851,9798,0.81,0.99,10861.3,0.845171582,-351.7158198
7800,-1763,10377,12259,12805,12401,9801,0.81,0.99,10279.3,0.828908959,-189.0895895
7800,-1764,10373,12838,12808,12986,9801,0.81,0.99,11033.8,0.849668874,-396.6887417
7801,-1776,10447,12783,12879,12937,9802,0.81,0.99,10964.1,0.84749942,-374.9942027
7800,-1756,10325,12897,12823,13056,9804,0.81,0.99,11113.8,0.851240809,-412.4080882
7801,-1789,10396,12903,12878,13068,9806,0.81,0.99,11123.4,0.851193756,-411.9375574
7801,-1779,10399,12803,12830,12961,9808,0.81,0.99,10991.3,0.848028701,-380.2870149
7800,-1776,10382,12918,12875,13079,9808,0.81,0.99,11141.7,0.851877055,-418.7705482
7800,-1756,10408,12919,12891,13078,9808,0.81,0.99,11142.4,0.851995718,-419.95718
7800,-1773,10341,12891,12844,13054,9808,0.81,0.99,11107.2,0.850865635,-408.6563505
7800,-1790,10339,12762,12857,12914,9808,0.8,0.99,10936.2,0.846848382,-468.483816
7800,-1761,10378,12751,12799,12903,9808,0.81,0.99,10921.9,0.846462063,-364.6206309
7800,-1793,10315,12878,12808,13040,9809,0.81,0.99,11090,0.850460123,-404.601227
7801,-1778,10424,12823,12878,12972,9811,0.81,0.99,11014.6,0.849105766,-391.0576627
7800,-1781,10414,12841,12887,12998,9813,0.81,0.99,11040.4,0.849392214,-393.9221419
7800,-1781,10372,12892,12857,13057,9815,0.81,0.99,11109.1,0.850815654,-408.1565444
7800,-1769,10383,12929,12877,13093,9815,0.81,0.99,11156.9,0.852127091,-421.2709081
7800,-1761,10434,12646,12872,12795,9817,0.81,0.99,10784.5,0.842868308,-328.6830793
7800,-1757,10440,12824,12883,12984,9819,0.81,0.99,11019.2,0.848675293,-386.7529267
7801,-1755,10412,12874,12889,13029,9821,0.81,0.99,11082.7,0.850617852,-406.1785248
7800,-1758,10310,12955,12860,13119,9822,0.8,0.99,11190.7,0.853014711,-530.1471149
7800,-1768,10227,12740,12753,12901,9821,0.8,0.99,10910.3,0.845694132,-456.9413224
7800,-1777,10433,12753,12868,12904,9818,0.81,0.99,10924.2,0.846574706,-365.7470552
7800,-1770,10360,12909,12859,13064,9814,0.81,0.99,11128.2,0.8518218,-418.2180037
7800,-1789,10375,12878,12866,13044,9810,0.81,0.99,11091.2,0.850291322,-402.9132168
7800,-1781,10406,12811,12861,12964,9810,0.81,0.99,11000.2,0.848518976,-385.1897562
7801,-1772,10460,12723,12899,12870,9811,0.81,0.99,10884,0.845687646,-356.8764569
7800,-1757,10429,12875,12908,13031,9812,0.81,0.99,11084.3,0.850610084,-406.1008365
7800,-1781,10391,12902,12883,13061,9813,0.81,0.99,11120.3,0.851412602,-414.126024
7800,-1787,10434,12719,12873,12868,9813,0.81,0.99,10879.4,0.84546161,-354.616102
7800,-1792,10236,12784,12782,12930,9811,0.8,0.99,10963,0.847873163,-478.7316319
7800,-1763,10406,12846,12835,13013,9803,0.81,0.99,11049.9,0.849143165,-391.4316453
7801,-1783,10327,12575,12882,12718,9794,0.8,0.99,10690.4,0.840572417,-405.7241705
7800,-1773,10411,12913,12889,13071,9786,0.81,0.99,11134.3,0.851832301,-418.3230051
7800,-1768,10413,12715,12844,12869,9786,0.81,0.99,10875.7,0.8451084,-351.0840003
7800,-1768,10367,12964,12829,13126,9791,0.81,0.99,11201.8,0.853405455,-434.0545482
7800,-1784,10351,12898,12863,13052,9801,0.8,0.99,11113.6,0.851486362,-514.8636224
7800,-1756,10431,12784,12872,12944,9810,0.81,0.99,10967.2,0.847280593,-372.8059333
7800,-1766,10386,12934,12869,13092,9814,0.81,0.99,11161.6,0.852551176,-425.5117629
7800,-1763,10502,12826,12977,12984,9814,0.81,0.99,11021.2,0.848829328,-388.293284
7800,-1796,10222,12970,12775,13131,9812,0.8,0.99,11209.3,0.853651664,-536.51664
7801,-1756,10330,12735,12743,12885,9810,0.81,0.99,10900.5,0.845983702,-359.8370198
7801,-1777,10441,12751,12880,12909,9808,0.81,0.99,10923.7,0.846208072,-362.0807189
7800,-1771,10379,12852,12854,13010,9808,0.81,0.99,11055,0.849730976,-397.3097617
7800,-1763,10383,12920,12838,13082,9810,0.81,0.99,11144.6,0.851903379,-419.0337869
7800,-1795,10270,12912,12775,13069,9816,0.8,0.99,11132.7,0.851840233,-518.4023261
7800,-1780,10462,12719,12893,12867,9822,0.81,0.99,10879.1,0.845504002,-355.0400249
7800,-1803,10335,12878,12866,13044,9826,0.8,0.99,11091.2,0.850291322,-502.9132168
7800,-1778,10446,12729,12889,12873,9826,0.81,0.99,10890.9,0.846026567,-360.2656723
7800,-1786,10414,12952,12953,13110,9823,0.8,0.99,11185,0.853165523,-531.655225
7800,-1782,10331,12877,12827,13036,9819,0.81,0.99,11087.8,0.850552317,-405.5231666
7801,-1772,10417,12819,12870,12973,9815,0.81,0.99,11010.9,0.848755107,-387.5510676
7800,-1787,10329,12867,12810,13025,9814,0.81,0.99,11074.5,0.85024952,-402.4952015
7800,-1762,10425,12755,12862,12904,9813,0.81,0.99,10926.2,0.846729696,-367.2969622
7800,-1774,10440,12839,12889,12996,9812,0.81,0.99,11037.8,0.849322869,-393.2286857
7800,-1767,10460,12810,12920,12960,9810,0.81,0.99,10998,0.848611111,-386.1111111
7800,-1765,10368,12945,12882,13108,9809,0.8,0.99,11177.4,0.852715899,-527.1589869
7800,-1775,10406,12869,12868,13035,9809,0.81,0.99,11079.5,0.849980821,-399.8082087
7800,-1756,10394,12801,12852,12947,9812,0.81,0.99,10985.1,0.848466826,-384.6682629
7800,-1762,10427,12887,12871,13042,9816,0.81,0.99,11099.6,0.851065787,-410.6578746
7800,-1786,10323,12859,12844,13014,9820,0.8,0.99,11063.2,0.850099892,-500.9989242
7801,-1798,10395,12717,12819,12864,9821,0.81,0.99,10876.2,0.845475746,-354.7574627
7800,-1778,10451,12697,12896,12848,9821,0.81,0.99,10851.4,0.844598381,-345.9838107
7800,-1766,10419,12879,12924,13030,9820,0.81,0.99,11088,0.850959325,-409.5932464
7800,-1774,10344,12872,12795,13031,9819,0.81,0.99,11081.3,0.850379863,-403.798634
7800,-1772,10310,12969,12830,13132,9818,0.8,0.99,11208.6,0.853533354,-535.3335364
7800,-1765,10398,12856,12873,13005,9818,0.81,0.99,11057.5,0.850249904,-402.4990388
7800,-1770,10376,12914,12856,13081,9817,0.81,0.99,11138.3,0.851486889,-414.8688938
7800,-1766,10348,12923,12866,13085,9816,0.8,0.99,11148.5,0.852006114,-520.0611387
7800,-1784,10425,12910,12896,13067,9815,0.81,0.99,11130.1,0.851771638,-417.7163848
7801,-1754,10395,12719,12849,12872,9815,0.81,0.99,10880.6,0.845292107,-352.921069
7800,-1790,10192,12907,12633,13070,9815,0.81,0.99,11128,0.851415455,-414.1545524
7800,-1771,10365,12703,12793,12851,9814,0.81,0.99,10858.3,0.844938137,-349.3813711
7800,-1762,10405,12909,12871,13068,9814,0.81,0.99,11129.4,0.851652893,-416.5289256
7800,-1749,10418,12840,12845,13000,9814,0.81,0.99,11040,0.849230769,-392.3076923
7800,-1770,10429,12752,12870,12903,9814,0.81,0.99,10922.9,0.846539564,-365.3956444
7800,-1750,10316,12886,12791,13048,9814,0.81,0.99,11100.4,0.850735745,-407.3574494
7800,-1780,10391,12819,12839,12973,9814,0.81,0.99,11010.9,0.848755107,-387.5510676
7801,-1779,10381,12926,12873,13084,9813,0.81,0.99,11151.2,0.852277591,-422.7759095
7800,-1773,10421,12913,12882,13077,9813,0.81,0.99,11136.1,0.851579108,-415.7910836
7801,-1768,10360,12919,12872,13076,9813,0.8,0.99,11141.8,0.852080147,-520.8014683
7800,-1769,10427,12628,12864,12778,9808,0.81,0.99,10761.4,0.842181875,-321.818751
7800,-1776,10408,12681,12833,12824,9803,0.81,0.99,10828.2,0.844369931,-343.6993138
7800,-1785,10426,12763,12871,12912,9797,0.81,0.99,10936.6,0.847010533,-370.1053284
7800,-1758,10398,12868,12823,13027,9797,0.81,0.99,11076.1,0.850241805,-402.4180548
7800,-1767,10432,12898,12897,13054,9799,0.81,0.99,11114.2,0.851401869,-414.0186916
7800,-1750,10426,12847,12880,13009,9804,0.81,0.99,11049.7,0.849388885,-393.8888462
7801,-1759,10417,12931,12914,13096,9809,0.81,0.99,11159.8,0.852153329,-421.5332926
7800,-1766,10374,12930,12840,13086,9812,0.81,0.99,11155.8,0.852498854,-424.9885374
7800,-1764,10463,12841,12930,12999,9812,0.81,0.99,11040.7,0.84934995,-393.4995
7800,-1775,10265,12922,12821,13078,9809,0.8,0.99,11145.4,0.852225111,-522.2511087
7800,-1772,10256,12850,12697,13000,9805,0.81,0.99,11050,0.85,-400
7800,-1769,10389,12923,12872,13085,9802,0.81,0.99,11148.5,0.852006114,-420.0611387
7800,-1767,10343,12916,12845,13083,9801,0.81,0.99,11140.9,0.851555454,-415.5545364
7800,-1789,10343,12902,12863,13068,9804,0.8,0.99,11122.4,0.851117233,-511.1723294
7801,-1768,10365,12878,12844,13035,9811,0.81,0.99,11088.5,0.85067127,-406.7126966
7800,-1762,10432,12836,12884,12984,9819,0.81,0.99,11031.2,0.849599507,-395.9950709
7801,-1772,10380,12912,12865,13074,9823,0.81,0.99,11134.2,0.851629188,-416.291877
7800,-1769,10367,12931,12879,13090,9823,0.8,0.99,11158,0.852406417,-524.0641711
7800,-1780,10373,12899,12851,13059,9821,0.81,0.99,11116.7,0.851267325,-412.6732522
7800,-1773,10371,12631,12837,12775,9817,0.81,0.99,10763.5,0.842544031,-325.4403131
7800,-1772,10266,12580,12807,12736,9814,0.8,0.99,10700.8,0.840201005,-402.0100503
7800,-1788,10299,12547,12849,12692,9813,0.8,0.99,10654.6,0.839473684,-394.7368421
7800,-1775,10434,12739,12870,12882,9813,0.81,0.99,10903.6,0.846421363,-364.2136314
7800,-1781,10410,12868,12870,13037,9812,0.81,0.99,11079.1,0.849819744,-398.1974381
7800,-1757,10409,12891,12864,13056,9810,0.81,0.99,11107.8,0.85078125,-407.8125
7800,-1751,10371,12910,12841,13074,9810,0.81,0.99,11132.2,0.851476212,-414.7621233
7800,-1760,10404,12846,12874,13007,9809,0.81,0.99,11048.1,0.849396479,-393.9647882
7800,-1773,10377,12932,12896,13088,9807,0.8,0.99,11158.4,0.852567237,-525.6723716
7800,-1757,10392,12902,12855,13071,9802,0.81,0.99,11123.3,0.850990743,-409.9074287
7800,-1791,10278,12839,12841,12996,9798,0.8,0.99,11037.8,0.849322869,-493.2286857
7800,-1767,10274,12923,12793,13090,9796,0.8,0.99,11150,0.851795264,-517.9526356
7801,-1778,10392,12896,12843,13065,9796,0.81,0.99,11115.5,0.850784539,-407.8453884
7801,-1790,10355,12786,12827,12940,9800,0.81,0.99,10968,0.847604328,-376.0432767
7800,-1787,10455,12844,12915,13010,9804,0.81,0.99,11047,0.849116065,-391.1606457
7800,-1772,10316,12946,12836,13109,9808,0.8,0.99,11178.7,0.852750019,-527.5001907
7800,-1771,10309,12945,12793,13105,9808,0.81,0.99,11176.5,0.852842427,-428.4242655
7800,-1764,10354,12797,12858,12958,9808,0.81,0.99,10984.4,0.847692545,-376.9254515
7800,-1777,10433,12600,12869,12740,9808,0.81,0.99,10722,0.841601256,-316.0125589
7800,-1811,10436,12894,12948,13045,9808,0.81,0.99,11107.5,0.851475661,-414.7566117
7800,-1781,10393,12856,12864,13013,9808,0.81,0.99,11059.9,0.849911627,-399.1162683
7801,-1769,10397,12655,12828,12799,9808,0.81,0.99,10794.7,0.843401828,-334.0182827
7800,-1806,10356,12887,12854,13048,9812,0.81,0.99,11101.4,0.850812385,-408.1238504
7800,-1758,10405,12896,12898,13055,9816,0.81,0.99,11112.5,0.851206434,-412.0643432
7800,-1759,10353,12877,12806,13035,9820,0.81,0.99,11087.5,0.850594553,-405.9455313
7800,-1772,10408,12881,12889,13035,9820,0.81,0.99,11091.5,0.850901419,-409.0141926
7800,-1769,10389,12874,12871,13032,9817,0.81,0.99,11083.6,0.850491099,-404.9109883
7800,-1795,10393,12797,12830,12952,9810,0.81,0.99,10982.6,0.847946263,-379.4626313
7800,-1769,10384,12907,12881,13063,9803,0.81,0.99,11125.9,0.851710939,-417.1093929
7801,-1783,10435,12909,12904,13066,9799,0.81,0.99,11128.8,0.851737334,-417.3733354
7800,-1778,10280,12928,12851,13090,9799,0.8,0.99,11155,0.852177235,-521.7723453
7801,-1766,10308,12654,12717,12797,9800,0.81,0.99,10793.1,0.843408611,-334.0861139
7801,-1775,10436,12646,12878,12794,9800,0.81,0.99,10784.2,0.842910739,-329.1073941
7800,-1766,10397,12806,12825,12966,9800,0.81,0.99,10995.8,0.848048743,-380.4874287
7800,-1799,10333,12946,12848,13106,9800,0.8,0.99,11177.8,0.852876545,-528.7654509
7800,-1785,10397,12895,12877,13060,9801,0.81,0.99,11113,0.850918836,-409.1883614
7800,-1780,10412,12728,12841,12873,9804,0.81,0.99,10889.9,0.845948885,-359.4888526
7800,-1771,10367,12890,12853,13051,9808,0.81,0.99,11105.3,0.850915639,-409.1563865
7800,-1755,10397,12902,12868,13062,9810,0.81,0.99,11120.6,0.851370387,-413.7038738
7800,-1774,10476,12908,12969,13068,9810,0.81,0.99,11128.4,0.85157637,-415.7636976
7800,-1779,10325,12893,12835,13052,9806,0.8,0.99,11108.6,0.851103279,-511.0327919
7801,-1766,10293,12898,12739,13062,9802,0.81,0.99,11116.6,0.851064156,-410.6415557
7800,-1783,10455,12694,12901,12840,9797,0.81,0.99,10846,0.84470405,-347.0404984
7800,-1761,10407,12889,12890,13055,9796,0.81,0.99,11105.5,0.850670241,-406.7024129
7800,-1787,10397,12802,12861,12959,9798,0.81,0.99,10989.7,0.848036114,-380.361139
7800,-1779,10371,12915,12858,13074,9809,0.81,0.99,11137.2,0.851858651,-418.5865076
7800,-1772,10377,12813,12848,12957,9819,0.81,0.99,11000.1,0.848969669,-389.696689
7800,-1783,10407,12645,12838,12790,9827,0.81,0.99,10782,0.843002346,-330.0234558
7800,-1776,10426,12888,12906,13049,9827,0.81,0.99,11102.7,0.850846808,-408.4680818
7800,-1787,10441,12890,12897,13043,9826,0.81,0.99,11102.9,0.851253546,-412.5354596
7800,-1774,10264,12914,12823,13070,9823,0.8,0.99,11135,0.851951033,-519.510329
7800,-1772,10462,12688,12906,12831,9820,0.81,0.99,10837.3,0.844618502,-346.1850207
7800,-1766,10375,12932,12869,13097,9818,0.81,0.99,11161.1,0.852187524,-421.8752386
7800,-1761,10425,12879,12878,13031,9818,0.81,0.99,11088.3,0.850917044,-409.1704397
7801,-1780,10446,12659,12888,12808,9817,0.81,0.99,10801.4,0.843332292,-333.3229232
7800,-1781,10363,12866,12819,13030,9816,0.81,0.99,11075,0.849961627,-399.6162701
7800,-1761,10385,12863,12841,13021,9815,0.81,0.99,11069.3,0.850111359,-401.1135857
7800,-1765,10420,12811,12871,12967,9815,0.81,0.99,11001.1,0.848392072,-383.9207218
7801,-1788,10444,12569,12886,12715,9815,0.81,0.99,10683.5,0.840228077,-302.2807707
7800,-1757,10445,12946,12893,13106,9814,0.81,0.99,11177.8,0.852876545,-428.7654509
7800,-1777,10300,12953,12857,13106,9813,0.8,0.99,11184.8,0.853410652,-534.1065161
7800,-1763,10205,12881,12655,13035,9812,0.81,0.99,11091.5,0.850901419,-409.0141926
7800,-1788,10285,12946,12830,13106,9812,0.8,0.99,11177.8,0.852876545,-528.7654509
7800,-1797,10434,12781,12876,12929,9806,0.81,0.99,10959.7,0.847683502,-376.835022
7800,-1770,10358,12901,12840,13063,9801,0.81,0.99,11119.9,0.851251627,-412.5162673
7800,-1787,10427,12855,12900,13012,9796,0.81,0.99,11058.6,0.849877037,-398.7703658
7800,-1772,10418,12948,12909,13100,9796,0.81,0.99,11178,0.853282443,-432.8244275
7801,-1779,10360,12910,12846,13069,9800,0.81,0.99,11130.7,0.851687199,-416.8719871
7801,-1781,10262,12879,12775,13031,9810,0.8,0.99,11088.3,0.850917044,-509.1704397
7800,-1787,10484,12703,12929,12852,9820,0.81,0.99,10858.6,0.844895736,-348.9573607
7800,-1775,10235,12946,12774,13108,9826,0.8,0.99,11178.4,0.852792188,-527.9218798
7800,-1784,10310,12827,12751,12977,9826,0.81,0.99,11020.1,0.849202435,-392.0243508
7800,-1769,10381,12939,12856,13096,9827,0.81,0.99,11167.8,0.852764203,-427.6420281
7800,-1765,10477,12858,12918,13013,9828,0.81,0.99,11061.9,0.850065319,-400.653193
7800,-1766,10480,12673,12931,12823,9829,0.81,0.99,10819.9,0.843788505,-337.8850503
7801,-1795,10402,12598,12836,12746,9829,0.81,0.99,10721.8,0.841189393,-311.8939275
7801,-1759,10395,12872,12850,13039,9828,0.81,0.99,11083.7,0.850042181,-400.4218115
7800,-1794,10355,12910,12844,13074,9825,0.81,0.99,11132.2,0.851476212,-414.7621233
7800,-1767,10363,12896,12840,13051,9822,0.81,0.99,11111.3,0.851375374,-413.7537353
7800,-1787,10391,12904,12862,13067,9820,0.81,0.99,11124.1,0.851312467,-413.1246652
7800,-1774,10396,12874,12882,13025,9820,0.81,0.99,11081.5,0.850786948,-407.8694818
7800,-1758,10419,12778,12864,12933,9816,0.81,0.99,10957.9,0.847282146,-372.8214645
7800,-1775,10420,12904,12903,13066,9812,0.81,0.99,11123.8,0.851354661,-413.5466095
7800,-1790,10243,12658,12767,12800,9807,0.8,0.99,10798,0.84359375,-435.9375
7801,-1773,10258,12975,12738,13131,9806,0.81,0.99,11214.3,0.854032442,-440.3244231
7801,-1778,10382,12886,12830,13036,9807,0.81,0.99,11096.8,0.851242712,-412.4271249
7800,-1787,10314,12646,12857,12790,9809,0.8,0.99,10783,0.843080532,-430.8053167
7800,-1761,10392,12959,12882,13120,9812,0.81,0.99,11195,0.853277439,-432.7743902
7800,-1783,10355,12976,12840,13132,9813,0.81,0.99,11215.6,0.854066403,-440.6640268
7800,-1765,10391,12915,12871,13079,9813,0.81,0.99,11138.7,0.851647679,-416.4767949
7800,-1760,10373,12855,12840,13013,9813,0.81,0.99,11058.9,0.849834781,-398.347806
7800,-1756,10363,12623,12788,12768,9813,0.81,0.99,10753.4,0.842214912,-322.1491228
7800,-1777,10358,12757,12774,12910,9813,0.81,0.99,10930,0.846630519,-366.3051898
7800,-1791,10384,12883,12874,13037,9813,0.81,0.99,11094.1,0.850970315,-409.7031526
7800,-1778,10456,12864,12919,13017,9813,0.81,0.99,11069.1,0.850357225,-403.5722517
7800,-1777,10374,12921,12872,13075,9817,0.81,0.99,11143.5,0.852275335,-422.7533461
7800,-1758,10410,12790,12858,12938,9821,0.81,0.99,10971.4,0.847998145,-379.98145
7800,-1788,10389,12919,12879,13083,9825,0.81,0.99,11143.9,0.851784759,-417.8475885
7800,-1765,10391,12726,12818,12871,9825,0.81,0.99,10887.3,0.845878331,-358.7833113
7800,-1766,10486,12862,12943,13015,9822,0.81,0.99,11066.5,0.850288129,-402.8812908
7800,-1796,10378,12832,12879,12983,9816,0.81,0.99,11026.9,0.849333744,-393.3374413
7801,-1760,10438,12758,12866,12913,9810,0.81,0.99,10931.9,0.846580965,-365.8096492
7801,-1766,10403,12760,12822,12911,9806,0.81,0.99,10933.3,0.846820541,-368.2054062
7800,-1789,10400,12892,12872,13049,9807,0.81,0.99,11106.7,0.851153345,-411.5334508
7800,-1764,10335,12931,12850,13097,9813,0.8,0.99,11160.1,0.85211117,-521.111705
7800,-1769,10428,12658,12864,12794,9820,0.81,0.99,10796.2,0.843848679,-338.4867907
7800,-1773,10346,12933,12858,13097,9826,0.8,0.99,11162.1,0.852263877,-522.6387722
7800,-1763,10348,12894,12809,13054,9826,0.81,0.99,11110.2,0.85109545,-410.9544967
7800,-1763,10324,12862,12801,13010,9822,0.81,0.99,11065,0.850499616,-404.9961568
7800,-1784,10394,12925,12881,13083,9811,0.81,0.99,11149.9,0.852243369,-422.4336926
7800,-1773,10311,12775,12864,12921,9801,0.8,0.99,10951.3,0.847558239,-475.5823853
7800,-1804,10319,12622,12870,12764,9794,0.8,0.99,10751.2,0.842306487,-423.0648699
7800,-1784,10413,12853,12902,13011,9794,0.81,0.99,11056.3,0.849765583,-397.6558297
7800,-1772,10377,12781,12841,12928,9798,0.81,0.99,10959.4,0.847725866,-377.2586634
7800,-1783,10378,12868,12840,13025,9802,0.81,0.99,11075.5,0.850326296,-403.2629559
7800,-1767,10458,12903,12919,13058,9806,0.81,0.99,11120.4,0.851615868,-416.1586767
7800,-1768,10310,12856,12821,13012,9807,0.8,0.99,11059.6,0.849953889,-499.5388872
7800,-1768,10382,12709,12805,12858,9806,0.81,0.99,10866.4,0.845108104,-351.081039
7800,-1761,10383,12878,12827,13036,9806,0.81,0.99,11088.8,0.850629027,-406.2902731
7800,-1758,10453,12914,12908,13077,9806,0.81,0.99,11137.1,0.851655578,-416.555785
7800,-1779,10272,12878,12832,13034,9806,0.8,0.99,11088.2,0.850713518,-507.1351849
7800,-1786,10187,12505,12696,12648,9807,0.8,0.99,10599.4,0.838029728,-380.2972802
7800,-1753,10404,12854,12837,13013,9812,0.81,0.99,11057.9,0.849757934,-397.5793437
7800,-1776,10401,12807,12874,12955,9820,0.81,0.99,10993.5,0.848591277,-385.912775
7800,-1784,10350,12921,12845,13077,9828,0.81,0.99,11144.1,0.852190869,-421.9086947
7800,-1769,10399,12750,12879,12891,9831,0.81,0.99,10917.3,0.846893181,-368.9318129
7800,-1764,10409,12867,12847,13025,9831,0.81,0.99,11074.5,0.85024952,-402.4952015
7800,-1792,10336,12903,12839,13060,9828,0.81,0.99,11121,0.851531394,-415.3139357
7800,-1764,10449,12804,12897,12959,9825,0.81,0.99,10991.7,0.848190447,-381.9044679
7800,-1801,10401,12867,12868,13027,9823,0.81,0.99,11075.1,0.850165042,-401.6504184
7800,-1795,10235,12772,12773,12918,9823,0.8,0.99,10947.4,0.847453166,-474.5316612
7800,-1765,10184,12555,12562,12714,9822,0.81,0.99,10669.2,0.83916942,-291.6941954
7800,-1768,10317,12870,12815,13032,9820,0.81,0.99,11079.6,0.850184162,-401.8416206
7800,-1789,10396,12824,12864,12981,9818,0.81,0.99,11018.3,0.848802095,-388.0209537
7800,-1783,10323,12911,12832,13067,9817,0.8,0.99,11131.1,0.851848167,-518.4816714
7800,-1788,10400,12835,12889,12993,9817,0.81,0.99,11032.9,0.849141846,-391.4184561
7800,-1773,10346,12901,12836,13059,9815,0.81,0.99,11118.7,0.851420476,-414.204763
7800,-1782,10390,12878,12872,13040,9813,0.81,0.99,11090,0.850460123,-404.601227
7800,-1770,10403,12643,12830,12786,9811,0.81,0.99,10778.8,0.843015799,-330.1579853
7800,-1765,10317,12985,12821,13146,9812,0.8,0.99,11228.8,0.854160962,-541.6096151
7800,-1800,10276,12834,12807,12985,9813,0.8,0.99,11029.5,0.849403157,-494.0315749
7800,-1774,10288,12760,12689,12913,9815,0.81,0.99,10933.9,0.846735848,-367.358476
7800,-1784,10407,12830,12872,12987,9817,0.81,0.99,11026.1,0.849010549,-390.1054901
7800,-1765,10469,12890,12929,13050,9818,0.81,0.99,11105,0.850957854,-409.5785441
7800,-1776,10381,12869,12860,13025,9818,0.81,0.99,11076.5,0.850403071,-404.0307102
7800,-1777,10326,12931,12826,13088,9819,0.81,0.99,11157.4,0.852490831,-424.908313
7800,-1758,10439,12770,12872,12917,9820,0.81,0.99,10945.1,0.847340714,-373.4071379
7800,-1783,10430,12740,12865,12885,9821,0.81,0.99,10905.5,0.84637175,-363.717501
7800,-1773,10456,12680,12897,12823,9821,0.81,0.99,10826.9,0.844334399,-343.3439913
7800,-1785,9814,12558,12169,12720,9819,0.81,0.99,10674,0.839150943,-291.509434
7800,-1786,10230,12957,12781,13116,9815,0.8,0.99,11191.8,0.853293687,-532.936871
7800,-1750,10345,12880,12771,13040,9812,0.81,0.99,11092,0.850613497,-406.1349693
7800,-1764,10439,12663,12877,12813,9809,0.81,0.99,10806.9,0.843432451,-334.3245142
7800,-1789,10308,12802,12791,12943,9809,0.81,0.99,10984.9,0.84871359,-387.1359036
7800,-1778,10409,12855,12896,13009,9811,0.81,0.99,11057.7,0.850003843,-400.0384349
7800,-1768,10420,12652,12854,12796,9814,0.81,0.99,10790.8,0.84329478,-332.9477962
7800,-1759,10380,12834,12834,12981,9816,0.81,0.99,11028.3,0.849572452,-395.7245205
7800,-1771,10381,12961,12890,13121,9817,0.81,0.99,11197.3,0.853387699,-433.8769911
7800,-1788,10459,12704,12895,12851,9817,0.81,0.99,10859.3,0.845015952,-350.1595207
7800,-1758,10433,12953,12922,13113,9815,0.81,0.99,11186.9,0.853115229,-431.1522916
7800,-1779,10300,12751,12809,12899,9812,0.8,0.99,10920.7,0.846631522,-466.3152182
7800,-1765,10410,12848,12870,13007,9811,0.81,0.99,11050.1,0.849550242,-395.5024218
7800,-1770,10418,12787,12877,12943,9810,0.81,0.99,10969.9,0.847554663,-375.5466275
7800,-1785,10380,12940,12904,13095,9811,0.8,0.99,11168.5,0.85288278,-528.8277969
7800,-1781,10408,12915,12869,13070,9812,0.81,0.99,11136,0.852027544,-420.2754399
7800,-1783,10384,12941,12872,13101,9813,0.81,0.99,11171.3,0.8527059,-427.0590031
7800,-1777,10441,12677,12886,12825,9813,0.81,0.99,10824.5,0.844015595,-340.1559454
7800,-1757,10354,12863,12824,13029,9813,0.81,0.99,11071.7,0.849773582,-397.7358201
7800,-1757,10397,12887,12878,13045,9817,0.81,0.99,11100.5,0.850939057,-409.3905711
7800,-1783,10444,12670,12879,12816,9820,0.81,0.99,10814.8,0.843851436,-338.5143571
7800,-1778,10321,12812,12831,12962,9822,0.8,0.99,11000.6,0.848680759,-486.8075914
7800,-1789,10289,12760,12689,12912,9822,0.81,0.99,10933.6,0.846778191,-367.7819083
7800,-1777,10366,12928,12866,13088,9820,0.81,0.99,11154.4,0.852261614,-422.6161369
7800,-1771,10419,12872,12900,13020,9818,0.81,0.99,11078,0.850844854,-408.4485407
7800,-1744,10437,12750,12871,12908,9815,0.81,0.99,10922.4,0.846172916,-361.7291602
7800,-1783,10412,12885,12885,13043,9814,0.81,0.99,11097.9,0.850870199,-408.7019857
7800,-1769,10460,12677,12900,12821,9815,0.81,0.99,10823.3,0.844185321,-341.8532096
7800,-1778,10393,12862,12862,13018,9811,0.81,0.99,11067.4,0.850161315,-401.613151
7800,-1766,10430,12712,12862,12853,9807,0.81,0.99,10867.9,0.845553567,-355.5356726
7800,-1753,10474,12803,12911,12960,9803,0.81,0.99,10991,0.848070988,-380.7098765
7800,-1780,10291,12859,12845,13019,9803,0.8,0.99,11064.7,0.849888624,-498.8862432
7800,-1768,10336,12860,12801,13018,9805,0.81,0.99,11065.4,0.850007682,-400.0768167
7800,-1773,10468,12884,12905,13047,9809,0.81,0.99,11098.1,0.850624665,-406.2466467
7800,-1777,10433,12852,12871,13009,9813,0.81,0.99,11054.7,0.849773234,-397.7323391
7800,-1780,10423,12877,12877,13041,9815,0.81,0.99,11089.3,0.850341232,-403.412315
7800,-1765,10431,12720,12864,12866,9815,0.81,0.99,10879.8,0.845624126,-356.241256
7800,-1755,10402,12692,12844,12841,9814,0.81,0.99,10844.3,0.84450588,-345.058796
7800,-1797,10372,12679,12803,12827,9812,0.81,0.99,10827.1,0.844086692,-340.8669213
7800,-1759,10380,12659,12806,12807,9810,0.81,0.99,10801.1,0.843374717,-333.7471695
7800,-1765,10421,12843,12906,13000,9809,0.81,0.99,11043,0.849461538,-394.6153846
7800,-1786,10293,12934,12849,13100,9811,0.8,0.99,11164,0.85221374,-522.1374046
7800,-1760,10360,12679,12781,12825,9814,0.81,0.99,10826.5,0.84417154,-341.7153996
7800,-1759,10312,12885,12786,13041,9817,0.81,0.99,11097.3,0.850954681,-409.5468139
7800,-1780,10314,12985,12844,13146,9820,0.8,0.99,11228.8,0.854160962,-541.6096151
7800,-1784,10447,12734,12884,12888,9820,0.81,0.99,10900.4,0.845779019,-357.7901924
7800,-1780,10423,12628,12865,12774,9818,0.81,0.99,10760.2,0.842351652,-323.5165179
7800,-1762,10442,12836,12902,13001,9814,0.81,0.99,11036.3,0.848880855,-388.8085532
7800,-1787,10354,12921,12873,13080,9811,0.8,0.99,11145,0.85206422,-520.6422018
7800,-1799,10395,12834,12827,12989,9810,0.81,0.99,11030.7,0.849233967,-392.339672
7800,-1783,10388,12896,12860,13055,9810,0.81,0.99,11112.5,0.851206434,-412.0643432
7800,-1767,10366,12890,12861,13044,9809,0.81,0.99,11103.2,0.851211285,-412.1128488
7800,-1796,10290,12660,12831,12819,9808,0.8,0.99,10805.7,0.842944067,-429.440674
7800,-1783,10385,12845,12832,13008,9808,0.81,0.99,11047.4,0.849277368,-392.7736777
7800,-1772,10421,12895,12877,13050,9808,0.81,0.99,11110,0.851340996,-413.4099617
7800,-1785,10403,12745,12838,12898,9806,0.81,0.99,10914.4,0.846208715,-362.0871453
7800,-1772,10394,12904,12851,13061,9804,0.81,0.99,11122.3,0.85156573,-415.6573004
7800,-1796,10296,12625,12838,12766,9802,0.8,0.99,10754.8,0.842456525,-424.5652514
7800,-1768,10399,12747,12831,12897,9802,0.81,0.99,10916.1,0.846406141,-364.0614096
7800,-1772,10363,12834,12877,12988,9801,0.8,0.99,11030.4,0.849276255,-492.76255
7800,-1791,10401,12807,12850,12954,9801,0.81,0.99,10993.2,0.848633627,-386.3362668
7800,-1768,10422,12986,12866,13155,9801,0.81,0.99,11232.5,0.853857849,-438.5784873
7800,-1775,10206,12942,12670,13112,9801,0.81,0.99,11175.6,0.852318487,-423.1848688
7800,-1777,10427,12759,12859,12911,9801,0.81,0.99,10932.3,0.846743087,-367.4308729
7800,-1780,10430,12835,12878,12993,9803,0.81,0.99,11032.9,0.849141846,-391.4184561
7800,-1786,10312,12868,12722,13023,9805,0.81,0.99,11074.9,0.850410812,-404.1081164
7800,-1781,10340,12934,12827,13096,9807,0.81,0.99,11162.8,0.852382407,-423.8240684
7800,-1789,10337,12636,12888,12784,9808,0.8,0.99,10771.2,0.842553191,-425.5319149
7800,-1781,10325,12866,12843,13026,9808,0.8,0.99,11073.8,0.850130508,-501.3050821
7800,-1787,10472,12697,12914,12842,9816,0.81,0.99,10849.6,0.844852827,-348.5282666
7800,-1779,10414,12917,12944,13075,9825,0.8,0.99,11139.5,0.851969407,-519.6940727
7800,-1791,10398,12831,12906,12984,9833,0.81,0.99,11026.2,0.849214418,-392.1441774
7800,-1762,10448,12672,12888,12815,9833,0.81,0.99,10816.5,0.844049941,-340.4994147
7800,-1803,10437,12808,12893,12967,9830,0.81,0.99,10998.1,0.848160716,-381.6071566
7800,-1773,10414,12797,12861,12949,9822,0.81,0.99,10981.7,0.84807321,-380.7321029
7800,-1777,10410,12738,12843,12886,9814,0.81,0.99,10903.8,0.846174142,-361.7414248
7800,-1781,10430,12825,12888,12986,9809,0.81,0.99,11020.8,0.848667796,-386.6779609
7800,-1784,10304,12945,12805,13114,9809,0.8,0.99,11179.2,0.852463017,-524.6301662
7800,-1782,10396,12919,12856,13078,9810,0.81,0.99,11142.4,0.851995718,-419.95718
7800,-1765,10458,12849,12917,13004,9810,0.81,0.99,11050.2,0.849753922,-397.5392187
7800,-1762,10461,12797,12899,12953,9811,0.81,0.99,10982.9,0.84790396,-379.0396047
7800,-1786,10315,12880,12838,13045,9812,0.8,0.99,11093.5,0.850402453,-504.0245305
7800,-1777,10318,12857,12747,13015,9813,0.81,0.99,11061.5,0.849903957,-399.0395697
7800,-1788,10386,12747,12808,12889,9814,0.81,0.99,10913.7,0.846745287,-367.4528668
7800,-1772,10413,12924,12909,13070,9815,0.81,0.99,11145,0.852716144,-427.1614384
7800,-1787,10314,12936,12818,13100,9816,0.8,0.99,11166,0.852366412,-523.6641221
7800,-1763,10438,12778,12873,12926,9816,0.81,0.99,10955.8,0.847578524,-375.7852391
7800,-1757,10391,12876,12853,13031,9816,0.81,0.99,11085.3,0.850686824,-406.8682373
7800,-1754,10447,12865,12915,13025,9816,0.81,0.99,11072.5,0.850095969,-400.9596929
7800,-1763,10447,12641,12883,12778,9816,0.81,0.99,10774.4,0.843199249,-331.9924871
7800,-1757,10450,12901,12910,13063,9815,0.81,0.99,11119.9,0.851251627,-412.5162673
7800,-1777,10372,12679,12854,12824,9815,0.81,0.99,10826.2,0.844213974,-342.139738
7800,-1773,10278,12456,12797,12603,9815,0.8,0.99,10536.9,0.836062842,-360.6284218
7800,-1790,10481,12726,12923,12873,9814,0.81,0.99,10887.9,0.845793521,-357.9352132
7800,-1770,10417,12883,12870,13042,9814,0.81,0.99,11095.6,0.850759086,-407.5908603
7800,-1792,10435,12817,12901,12983,9814,0.81,0.99,11011.9,0.848178387,-381.7838712
7800,-1778,10348,12875,12868,13032,9812,0.8,0.99,11084.6,0.850567833,-505.6783303
7800,-1776,10362,12915,12833,13078,9807,0.81,0.99,11138.4,0.851689861,-416.8986083
7800,-1777,10431,12651,12863,12797,9803,0.81,0.99,10790.1,0.843174181,-331.7418145
7800,-1773,10456,12714,12903,12858,9801,0.81,0.99,10871.4,0.845496967,-354.9696687
7800,-1768,10411,12945,12919,13111,9802,0.81,0.99,11178.3,0.852589429,-425.8942872
7800,-1765,10452,13019,12903,13179,9805,0.81,0.99,11272.7,0.855353213,-453.5321345
7800,-1772,10317,12831,12783,12978,9808,0.81,0.99,11024.4,0.849468331,-394.6833102
7800,-1771,10443,12686,12882,12834,9811,0.81,0.99,10836.2,0.844335359,-343.353592
7800,-1769,10348,12944,12816,13096,9811,0.81,0.99,11172.8,0.853145999,-431.4599878
7800,-1769,10437,12824,12888,12982,9813,0.81,0.99,11018.6,0.848759821,-387.5982129
7800,-1767,10414,12853,12867,13009,9816,0.81,0.99,11055.7,0.849850104,-398.5010377
7800,-1774,10446,12727,12879,12872,9820,0.81,0.99,10888.6,0.845913611,-359.1361094
7800,-1775,10383,12943,12876,13100,9821,0.81,0.99,11173,0.852900763,-429.0076336
7800,-1767,10395,12864,12867,13018,9821,0.81,0.99,11069.4,0.850314949,-403.1494853
7800,-1774,10439,12905,12942,13057,9813,0.81,0.99,11122.1,0.851811289,-418.1128896
7800,-1789,10360,12642,12812,12777,9806,0.81,0.99,10775.1,0.843320028,-333.2002818
7800,-1795,10375,12651,12800,12797,9799,0.81,0.99,10790.1,0.843174181,-331.7418145
7800,-1778,10446,12645,12892,12790,9799,0.81,0.99,10782,0.843002346,-330.0234558
7800,-1767,10358,12892,12827,13052,9800,0.81,0.99,11107.6,0.851026663,-410.2666258
7800,-1772,10401,12906,12898,13069,9802,0.81,0.99,11126.7,0.851381131,-413.8113092
7800,-1771,10367,12882,12847,13045,9805,0.81,0.99,11095.5,0.850555768,-405.5576849
7800,-1779,10339,12947,12856,13106,9806,0.8,0.99,11178.8,0.852952846,-529.5284602
7800,-1782,10397,12907,12886,13071,9807,0.81,0.99,11128.3,0.851373269,-413.7326907
7800,-1754,10414,12896,12879,13059,9812,0.81,0.99,11113.7,0.851037599,-410.3759859
7800,-1772,10408,12978,12884,13142,9817,0.81,0.99,11220.6,0.853796987,-437.9698676
7800,-1760,10400,12821,12881,12980,9822,0.81,0.99,11015,0.848613251,-386.1325116
7800,-1768,10326,12882,12798,13042,9824,0.81,0.99,11094.6,0.850682411,-406.8241067
7800,-1767,10428,12880,12879,13044,9832,0.81,0.99,11093.2,0.850444649,-404.4464888
7800,-1767,10290,12927,12789,13083,9863,0.8,0.99,11151.9,0.852396239,-523.9623939
7800,-1796,10381,12949,12845,13109,9894,0.81,0.99,11181.7,0.852978869,-429.7886948
7800,-1789,10291,12579,12843,12724,9917,0.8,0.99,10696.2,0.840631877,-406.3187677
7800,-1769,10385,12888,12860,13045,9916,0.81,0.99,11101.5,0.851015715,-410.1571483
7800,-1770,10381,12910,12858,13069,9886,0.81,0.99,11130.7,0.851687199,-416.8719871
7800,-1757,10430,12799,12891,12954,9847,0.81,0.99,10985.2,0.848016057,-380.1605682
7800,-1777,10461,12912,12932,13072,9809,0.81,0.99,11133.6,0.851713586,-417.1358629
7800,-1766,10294,12808,12796,12963,9802,0.8,0.99,10996.9,0.848329862,-483.2986191
7800,-1789,10355,12898,12816,13057,9802,0.81,0.99,11115.1,0.851275178,-412.7517807
7800,-1773,10433,12797,12902,12948,9804,0.81,0.99,10981.4,0.848115539,-381.1553908
7800,-1766,10423,12853,12884,13009,9807,0.81,0.99,11055.7,0.849850104,-398.5010377
7800,-1780,10397,12922,12872,13084,9809,0.81,0.99,11147.2,0.851971874,-419.7187404
7800,-1794,10376,12956,12886,13116,9809,0.81,0.99,11190.8,0.853217444,-432.1744434
7800,-1754,10423,12825,12888,12985,9812,0.81,0.99,11020.5,0.84871005,-387.1005006
7800,-1769,10352,12872,12835,13035,9816,0.81,0.99,11082.5,0.85021097,-402.1097046
7801,-1763,10440,12795,12884,12944,9820,0.81,0.99,10978.2,0.848130408,-381.3040791
7800,-1764,10459,12696,12899,12843,9821,0.81,0.99,10848.9,0.844732539,-347.3253913
7800,-1758,10366,12849,12839,13002,9821,0.81,0.99,11049.6,0.849838486,-398.3848639
7800,-1773,10226,12918,12684,13076,9819,0.81,0.99,11140.8,0.852003671,-420.0367085
7800,-1780,10423,12852,12884,13013,9817,0.81,0.99,11055.9,0.849604242,-396.0424191
7800,-1776,10346,12900,12864,13057,9816,0.8,0.99,11117.1,0.851428353,-514.2835261
7800,-1765,10396,12913,12884,13075,9815,0.81,0.99,11135.5,0.85166348,-416.6347992
7800,-1764,10425,12840,12869,12995,9814,0.81,0.99,11038.5,0.849442093,-394.4209311
7800,-1758,10442,12817,12869,12966,9812,0.81,0.99,11006.8,0.848897116,-388.9711553
7800,-1777,10413,12814,12856,12966,9810,0.81,0.99,11003.8,0.848665741,-386.6574117
7800,-1787,10360,12931,12862,13090,9809,0.81,0.99,11158,0.852406417,-424.0641711
7800,-1794,10350,12929,12863,13089,9809,0.8,0.99,11155.7,0.852295821,-522.9582092
7800,-1795,10424,12672,12904,12821,9808,0.81,0.99,10818.3,0.843795336,-337.9533578
7800,-1790,10352,12364,12841,12505,9807,0.81,0.99,10415.5,0.832906837,-229.0683727
7800,-1771,10401,12841,12879,13004,9806,0.81,0.99,11042.2,0.849138727,-391.3872655
7800,-1768,10432,12855,12879,13006,9807,0.81,0.99,11056.8,0.850130709,-401.307089
7800,-1755,10391,12916,12860,13075,9806,0.81,0.99,11138.5,0.851892925,-418.9292543
7800,-1771,10452,12709,12892,12856,9804,0.81,0.99,10865.8,0.845192906,-351.9290604
7801,-1769,10361,12919,12854,13080,9802,0.81,0.99,11143,0.851911315,-419.1131498
7800,-1763,10390,12846,12864,13001,9800,0.81,0.99,11046.3,0.849650027,-396.5002692
7800,-1762,10441,12841,12908,12994,9800,0.81,0.99,11039.2,0.849561336,-395.61336
7800,-1783,10472,12803,12915,12957,9801,0.81,0.99,10990.1,0.848197885,-381.9788531
7800,-1791,10228,13027,12781,13183,9803,0.8,0.99,11281.9,0.85579155,-557.9154972
7800,-1764,10370,12635,12790,12785,9804,0.81,0.99,10770.5,0.842432538,-324.3253813
7800,-1762,10475,12782,12949,12934,9805,0.81,0.99,10962.2,0.847549095,-375.4909541
7800,-1766,10349,12910,12844,13068,9805,0.81,0.99,11130.4,0.851729415,-417.2941537
7800,-1777,10360,12859,12827,13016,9810,0.81,0.99,11063.8,0.850015366,-400.153657
7800,-1771,10437,12698,12883,12841,9815,0.81,0.99,10850.3,0.844973133,-349.7313293
7800,-1768,10430,12766,12866,12923,9820,0.81,0.99,10942.9,0.846777064,-367.7706415
7800,-1775,10313,12875,12823,13030,9819,0.8,0.99,11084,0.850652341,-506.5234075
7800,-1780,10206,12902,12658,13059,9814,0.81,0.99,11119.7,0.851497052,-414.9705184
7800,-1772,10460,12730,12897,12884,9807,0.81,0.99,10895.2,0.845638001,-356.3800062
7800,-1777,10416,12653,12849,12798,9800,0.81,0.99,10792.4,0.843288014,-332.8801375
7801,-1763,10272,12888,12728,13057,9799,0.81,0.99,11105.1,0.850509305,-405.0930535
7800,-1770,10461,12710,12904,12865,9799,0.81,0.99,10869.5,0.844889234,-348.8923436
7800,-1779,10417,12901,12871,13066,9799,0.81,0.99,11120.8,0.851125057,-411.250574
7800,-1783,10369,12881,12862,13040,9798,0.81,0.99,11093,0.850690184,-406.9018405
7800,-1767,10349,12812,12841,12965,9798,0.81,0.99,11001.5,0.848553799,-385.5379869
7800,-1764,10410,12936,12884,13094,9797,0.81,0.99,11164.2,0.85261952,-426.1952039
7800,-1783,10336,12906,12856,13068,9795,0.8,0.99,11126.4,0.851423324,-514.2332415
7800,-1763,10393,12806,12865,12950,9792,0.81,0.99,10991,0.848725869,-387.2586873
7800,-1762,10445,12935,12890,13098,9788,0.81,0.99,11164.4,0.852374408,-423.7440831
7800,-1780,10290,12882,12820,13045,9787,0.8,0.99,11095.5,0.850555768,-505.5576849
7800,-1756,10391,12892,12864,13048,9787,0.81,0.99,11106.4,0.851195586,-411.9558553
7800,-1790,10257,12837,12679,13000,9796,0.81,0.99,11037,0.849,-390
7800,-1770,10402,12869,12877,13023,9805,0.81,0.99,11075.9,0.850487599,-404.8759886
7800,-1785,10429,12633,12873,12780,9814,0.81,0.99,10767,0.842488263,-324.8826291
7800,-1760,10321,12866,12767,13023,9814,0.81,0.99,11072.9,0.850257237,-402.572372
7800,-1758,10374,12898,12833,13060,9815,0.81,0.99,11116,0.851148545,-411.4854518
7800,-1756,10351,12915,12827,13076,9817,0.81,0.99,11137.8,0.851774243,-417.7424289
7800,-1755,10413,12859,12896,13013,9820,0.81,0.99,11062.9,0.850142166,-401.4216553
7800,-1791,10420,12855,12903,13021,9822,0.81,0.99,11061.3,0.849496966,-394.9696644
7800,-1766,10390,12863,12862,13029,9823,0.81,0.99,11071.7,0.849773582,-397.7358201
7800,-1780,10323,12581,12878,12741,9816,0.8,0.99,10703.3,0.840067499,-400.6749863
7800,-1774,10328,12902,12837,13070,9810,0.8,0.99,11123,0.8510329,-510.3289977
7800,-1803,10324,12644,12876,12789,9803,0.8,0.99,10780.7,0.842966612,-429.6661193
7800,-1788,10406,12784,12829,12938,9803,0.81,0.99,10965.4,0.847534395,-375.3439481
7800,-1784,10368,12913,12856,13075,9803,0.81,0.99,11135.5,0.85166348,-416.6347992
7800,-1773,10457,12713,12898,12855,9805,0.81,0.99,10869.5,0.84554648,-355.4647997
7800,-1778,10452,12855,12910,13014,9807,0.81,0.99,11059.2,0.849792531,-397.9253112
7800,-1781,10376,12866,12880,13024,9808,0.81,0.99,11073.2,0.850214988,-402.1498771
7800,-1767,10460,12804,12934,12957,9807,0.81,0.99,10991.1,0.848275064,-382.7506367
7800,-1762,10398,13014,12837,13175,9809,0.81,0.99,11266.5,0.855142315,-451.4231499
7800,-1768,10405,12641,12839,12789,9810,0.81,0.99,10777.7,0.842732035,-327.3203534
7800,-1768,10378,12895,12863,13061,9812,0.81,0.99,11113.3,0.850876656,-408.7665569
7800,-1762,10429,12838,12876,12997,9812,0.81,0.99,11037.1,0.849203662,-392.0366238
7800,-1777,10369,12969,12867,13137,9812,0.81,0.99,11210.1,0.853322676,-433.2267641
7800,-1764,10393,12978,12886,13138,9813,0.81,0.99,11219.4,0.853965596,-439.6559598
7800,-1768,10373,12847,12852,12998,9814,0.81,0.99,11046.4,0.849853824,-398.5382367
7800,-1772,10347,12921,12821,13089,9814,0.81,0.99,11147.7,0.851684621,-416.8462067
7800,-1768,10424,12753,12854,12899,9815,0.81,0.99,10922.7,0.846786573,-367.865726
7800,-1769,10409,12975,12938,13143,9820,0.8,0.99,11217.9,0.853526592,-535.265921
7800,-1785,10421,12616,12863,12769,9826,0.81,0.99,10746.7,0.841624246,-316.2424622
7800,-1777,10191,12891,12668,13051,9832,0.8,0.99,11106.3,0.850992261,-509.9226113
7800,-1762,10376,12908,12844,13068,9834,0.81,0.99,11128.4,0.85157637,-415.7636976
7800,-1776,10442,12691,12881,12841,9833,0.81,0.99,10843.3,0.844428004,-344.2800405
7800,-1773,10405,12903,12879,13064,9827,0.81,0.99,11122.2,0.851362523,-413.6252296
7800,-1792,10310,12918,12837,13078,9820,0.8,0.99,11141.4,0.851919254,-519.1925371
7800,-1789,10387,12865,12861,13028,9815,0.81,0.99,11073.4,0.849969297,-399.692969
7800,-1765,10434,12841,12872,13002,9815,0.81,0.99,11041.6,0.849223196,-392.2319643
7800,-1773,10441,12649,12878,12798,9814,0.81,0.99,10788.4,0.842975465,-329.7546492
7800,-1768,10457,12681,12906,12828,9813,0.81,0.99,10829.4,0.844200187,-342.0018709
7800,-1769,10345,12897,12871,13058,9812,0.8,0.99,11114.4,0.851156379,-511.5637923
7800,-1757,10224,12903,12645,13058,9812,0.81,0.99,11120.4,0.851615868,-416.1586767
7800,-1773,10435,12762,12874,12913,9812,0.81,0.99,10935.9,0.84689073,-368.9073027
7800,-1775,10363,12898,12849,13054,9812,0.81,0.99,11114.2,0.851401869,-414.0186916
7800,-1765,10436,12703,12878,12856,9812,0.81,0.99,10859.8,0.844726198,-347.2619788
7800,-1802,10266,12953,12794,13112,9812,0.8,0.99,11186.6,0.853157413,-531.5741306
7800,-1762,10373,12842,12834,12997,9812,0.81,0.99,11041.1,0.849511426,-395.1142571
7800,-1759,10439,12715,12877,12860,9813,0.81,0.99,10873,0.845489891,-354.8989114
7800,-1774,10415,12701,12845,12844,9814,0.81,0.99,10854.2,0.845079415,-350.7941451
7800,-1778,10371,12927,12854,13094,9815,0.81,0.99,11155.2,0.851932183,-419.3218268
7800,-1767,10452,12853,12918,13011,9816,0.81,0.99,11056.3,0.849765583,-397.6558297
7800,-1762,10313,12652,12720,12799,9816,0.81,0.99,10791.7,0.843167435,-331.6743496
7800,-1776,10413,12639,12848,12785,9812,0.81,0.99,10774.5,0.842745405,-327.4540477
7800,-1781,10458,12658,12900,12802,9809,0.81,0.99,10798.6,0.843508827,-335.0882675
7800,-1782,10377,12740,12800,12884,9805,0.81,0.99,10905.2,0.846414157,-364.1415709
7800,-1778,10343,12926,12850,13089,9805,0.8,0.99,11152.7,0.852066621,-520.6662083
7800,-1778,10441,12768,12897,12918,9807,0.81,0.99,10943.4,0.847143521,-371.4352067
7800,-1779,10354,12911,12870,13069,9814,0.8,0.99,11131.7,0.851763716,-517.6371566
7800,-1775,10400,12926,12886,13078,9821,0.81,0.99,11149.4,0.852530968,-425.3096804
7800,-1762,10398,12936,12868,13097,9825,0.81,0.99,11165.1,0.852492937,-424.9293731
7800,-1782,10368,12837,12856,12998,9825,0.81,0.99,11036.4,0.849084475,-390.8447453
7800,-1768,10285,12663,12688,12807,9820,0.81,0.99,10805.1,0.843687046,-336.8704615
7800,-1765,10237,12945,12734,13104,9815,0.8,0.99,11176.2,0.852884615,-528.8461538
7800,-1798,10381,12894,12874,13051,9810,0.81,0.99,11109.3,0.851222129,-412.2212857
7800,-1776,10391,12808,12864,12971,9809,0.81,0.99,10999.3,0.847991674,-379.9167373
7800,-1762,10434,12798,12876,12955,9810,0.81,0.99,10984.5,0.847896565,-378.9656503
7800,-1767,10417,12824,12882,12977,9810,0.81,0.99,11017.1,0.848971257,-389.7125684
7800,-1765,10400,12940,12883,13104,9810,0.81,0.99,11171.2,0.852503053,-425.030525
7800,-1777,10457,12738,12907,12888,9810,0.81,0.99,10904.4,0.846089385,-360.8938547
7800,-1782,10419,12958,12916,13120,9810,0.81,0.99,11194,0.85320122,-432.0121951
7800,-1768,10361,12936,12902,13095,9807,0.8,0.99,11164.5,0.85257732,-525.7731959
7800,-1783,10464,12711,12913,12869,9802,0.81,0.99,10871.7,0.844797576,-347.9757557
7800,-1769,10395,12668,12816,12816,9797,0.81,0.99,10812.8,0.843695381,-336.9538077
7800,-1775,10434,12848,12868,13002,9795,0.81,0.99,11048.6,0.849761575,-397.6157514
7800,-1790,10393,12870,12865,13034,9796,0.81,0.99,11080.2,0.850099739,-400.9973914
7800,-1793,10448,12863,12942,13022,9802,0.81,0.99,11069.6,0.850069114,-400.6911381
7800,-1766,10310,12938,12819,13105,9807,0.8,0.99,11169.5,0.852308279,-523.0827928
7800,-1787,10482,12689,12927,12837,9812,0.81,0.99,10840.1,0.844441848,-344.4184778
7800,-1770,10401,12878,12890,13029,9812,0.81,0.99,11086.7,0.85092486,-409.2485993
7800,-1783,10500,12813,12961,12975,9810,0.81,0.99,11005.5,0.848208092,-382.0809249
7800,-1778,10045,12697,12515,12858,9807,0.8,0.99,10854.4,0.844174833,-441.7483279
7800,-1779,10343,12855,12821,13022,9805,0.81,0.99,11061.6,0.849454769,-394.5476885
7800,-1771,10444,12695,12885,12842,9804,0.81,0.99,10847.6,0.844697088,-346.9708768
7801,-1772,10400,12833,12849,12980,9805,0.81,0.99,11027,0.84953775,-395.3775039
7800,-1781,10365,12897,12851,13060,9806,0.81,0.99,11115,0.851071975,-410.719755
7800,-1780,10372,12885,12863,13048,9807,0.81,0.99,11099.4,0.850659105,-406.5910484
7800,-1766,10349,12930,12836,13092,9808,0.81,0.99,11157.6,0.852245646,-422.456462
7800,-1770,10391,12901,12842,13056,9808,0.81,0.99,11117.8,0.851547181,-415.4718137
7800,-1774,10412,12898,12871,13063,9806,0.81,0.99,11116.9,0.85102197,-410.2197045
7800,-1773,10405,12968,12934,13138,9803,0.8,0.99,11209.4,0.853204445,-532.0444512
7800,-1806,10253,12920,12816,13082,9800,0.8,0.99,11144.6,0.851903379,-519.0337869
7800,-1755,10282,12881,12715,13044,9797,0.81,0.99,11094.2,0.850521312,-405.2131248
7800,-1780,10479,12663,12936,12813,9797,0.81,0.99,10806.9,0.843432451,-334.3245142
7800,-1767,10369,12903,12872,13061,9803,0.81,0.99,11121.3,0.851489166,-414.8916622
7800,-1760,10379,12962,12898,13128,9811,0.8,0.99,11200.4,0.8531688,-531.6879951
7800,-1762,10367,12845,12815,13005,9819,0.81,0.99,11046.5,0.849404075,-394.0407536
7800,-1772,10450,12758,12883,12911,9820,0.81,0.99,10931.3,0.846665634,-366.6563396
7800,-1774,10376,12903,12861,13062,9820,0.81,0.99,11121.6,0.851446945,-414.4694534
7800,-1758,10419,12841,12844,13002,9821,0.81,0.99,11041.6,0.849223196,-392.2319643
7801,-1767,10458,12720,12897,12866,9821,0.81,0.99,10879.8,0.845624126,-356.241256
7801,-1783,10298,12895,12828,13044,9822,0.8,0.99,11108.2,0.851594603,-515.9460288
7800,-1787,10310,12903,12809,13059,9823,0.8,0.99,11120.7,0.851573627,-515.7362738
7800,-1786,10457,12897,12928,13056,9823,0.81,0.99,11113.8,0.851240809,-412.4080882
7800,-1763,10379,12838,12837,12994,9823,0.81,0.99,11036.2,0.84933046,-393.3046021
7800,-1771,10339,12968,12856,13128,9824,0.8,0.99,11206.4,0.853625838,-536.258379
7800,-1769,10446,12653,12886,12795,9823,0.81,0.99,10791.5,0.843415397,-334.1539664
7800,-1775,10434,12864,12901,13021,9823,0.81,0.99,11070.3,0.850188158,-401.8815759
7800,-1769,10467,12695,12917,12842,9819,0.81,0.99,10847.6,0.844697088,-346.9708768
7800,-1766,10487,12700,12939,12844,9816,0.81,0.99,10853.2,0.845001557,-350.0155715
7800,-1766,10416,12834,12866,12992,9813,0.81,0.99,11031.6,0.849107143,-391.0714286
7800,-1773,10424,12755,12898,12910,9813,0.81,0.99,10928,0.8464756,-364.7560031
7800,-1746,10384,12763,12806,12919,9813,0.81,0.99,10938.7,0.846714142,-367.1414196
7800,-1783,10425,12819,12885,12974,9814,0.81,0.99,11011.2,0.84871281,-387.1281024
7800,-1772,10361,12896,12854,13061,9814,0.81,0.99,11114.3,0.85095322,-409.5321951
7800,-1773,10347,12920,12873,13086,9814,0.8,0.99,11145.8,0.851734678,-517.3467828
7800,-1778,10323,12933,12846,13083,9814,0.8,0.99,11157.9,0.85285485,-528.5484981
7800,-1789,10440,12687,12876,12841,9813,0.81,0.99,10839.3,0.844116502,-341.1650183
7800,-1760,10443,12674,12885,12817,9812,0.81,0.99,10819.1,0.844121089,-341.2108918
7800,-1772,10317,12919,12837,13083,9812,0.8,0.99,11143.9,0.851784759,-517.8475885
7801,-1767,10400,12911,12870,13079,9812,0.81,0.99,11134.7,0.851341846,-413.4184571
7800,-1779,10414,12926,12862,13089,9814,0.81,0.99,11152.7,0.852066621,-420.6662083
7800,-1764,10343,12615,12762,12760,9817,0.81,0.99,10743,0.8419279,-319.2789969
7800,-1768,10374,12861,12849,13019,9820,0.81,0.99,11066.7,0.850042246,-400.4224595
7800,-1786,10370,12809,12854,12965,9821,0.81,0.99,10998.5,0.848322406,-383.2240648
7800,-1758,10404,12888,12882,13047,9821,0.81,0.99,11102.1,0.850931249,-409.3124856
7800,-1767,10399,12886,12876,13044,9817,0.81,0.99,11099.2,0.85090463,-409.0463048
7800,-1752,10372,12801,12828,12953,9814,0.81,0.99,10986.9,0.848212769,-382.1276924
7800,-1779,10448,12653,12894,12810,9810,0.81,0.99,10796,0.842779079,-327.7907884
7800,-1774,10343,12916,12856,13073,9810,0.8,0.99,11137.9,0.851977358,-519.7735791
7800,-1779,10444,12903,12957,13069,9810,0.81,0.99,11123.7,0.85115158,-411.5158007
7800,-1772,10325,12812,12811,12969,9811,0.81,0.99,11002.7,0.848384609,-383.8460945
7800,-1772,10318,12895,12780,13059,9812,0.81,0.99,11112.7,0.850961023,-409.6102305
7800,-1773,10381,12657,12811,12807,9812,0.81,0.99,10799.1,0.843218552,-332.1855235
7800,-1756,10439,12847,12892,13009,9812,0.81,0.99,11049.7,0.849388885,-393.8888462
7800,-1787,10387,12946,12869,13110,9810,0.81,0.99,11179,0.852707857,-427.078566
7801,-1776,10356,12948,12856,13104,9807,0.81,0.99,11179.2,0.853113553,-431.1355311
7801,-1763,10424,12915,12882,13071,9805,0.81,0.99,11136.3,0.851985311,-419.8531099
7800,-1779,10492,12642,12946,12796,9804,0.81,0.99,10780.8,0.842513285,-325.132854
7800,-1789,10291,12592,12838,12740,9807,0.8,0.99,10714,0.840973312,-409.733124
7800,-1788,10446,12868,12911,13025,9811,0.81,0.99,11075.5,0.850326296,-403.2629559
7800,-1765,10196,12888,12704,13045,9816,0.8,0.99,11101.5,0.851015715,-510.1571483
7800,-1782,10308,12859,12784,13022,9818,0.81,0.99,11065.6,0.849761941,-397.6194133
7800,-1770,10398,12851,12882,13012,9818,0.81,0.99,11054.6,0.849569628,-395.6962804
7800,-1758,10445,12863,12890,13028,9816,0.81,0.99,11071.4,0.849815781,-398.1578139
7800,-1770,10400,12891,12869,13052,9813,0.81,0.99,11106.6,0.850950046,-409.5004597
7800,-1774,10467,12646,12926,12790,9811,0.81,0.99,10783,0.843080532,-330.8053167
7800,-1760,10391,12898,12865,13051,9810,0.81,0.99,11113.3,0.851528618,-415.286185
7800,-1764,10319,12945,12830,13114,9809,0.8,0.99,11179.2,0.852463017,-524.6301662
7800,-1770,10310,12891,12827,13047,9805,0.8,0.99,11105.1,0.851161186,-511.6118648
7800,-1771,10309,12932,12822,13101,9802,0.8,0.99,11162.3,0.85201893,-520.1892985
7800,-1785,10289,12856,12822,13006,9799,0.8,0.99,11057.8,0.850207596,-502.0759649
7800,-1783,10155,12638,12671,12783,9799,0.8,0.99,10772.9,0.842752093,-427.5209262
7800,-1778,10456,12739,12895,12891,9802,0.81,0.99,10906.3,0.846039873,-360.3987278
7801,-1789,10370,12838,12863,12991,9807,0.81,0.99,11035.3,0.849457317,-394.573166
7801,-1771,10417,12875,12885,13035,9812,0.81,0.99,11085.5,0.85044112,-404.4112006
7800,-1799,10399,12902,12871,13059,9815,0.81,0.99,11119.7,0.851497052,-414.9705184
7800,-1772,10333,12809,12768,12966,9815,0.81,0.99,10998.8,0.848280117,-382.8011723
7799,-1785,10427,12684,12857,12835,9814,0.81,0.99,10834.5,0.844137125,-341.3712505
7800,-1765,10480,12772,12926,12920,9812,0.81,0.99,10948,0.847368421,-373.6842105
7800,-1769,10433,12873,12891,13023,9811,0.81,0.99,11079.9,0.850794748,-407.9474775
7800,-1773,10385,12902,12875,13062,9811,0.81,0.99,11120.6,0.851370387,-413.7038738
7800,-1747,10437,12779,12867,12937,9812,0.81,0.99,10960.1,0.84719023,-371.9022957
7800,-1769,10401,12882,12869,13043,9813,0.81,0.99,11094.9,0.85064019,-406.4019014
7801,-1775,10423,12831,12884,12988,9815,0.81,0.99,11027.4,0.849045273,-390.4527256
7800,-1775,10335,12961,12849,13125,9815,0.8,0.99,11198.5,0.853219048,-532.1904762
7800,-1780,10417,12873,12887,13030,9815,0.81,0.99,11082,0.850498849,-404.9884881
7800,-1758,10437,12778,12871,12930,9813,0.81,0.99,10957,0.847409126,-374.0912606
7800,-1784,10373,12908,12839,13068,9811,0.81,0.99,11128.4,0.85157637,-415.7636976
7800,-1767,10409,12784,12877,12935,9810,0.81,0.99,10964.5,0.847661384,-376.6138384
7800,-1751,10447,12969,12925,13134,9809,0.81,0.99,11209.2,0.853449063,-434.490635
7800,-1775,10318,12942,12856,13107,9811,0.8,0.99,11174.1,0.852529183,-525.2918288
7800,-1793,10260,12641,12797,12796,9815,0.8,0.99,10779.8,0.842435136,-424.3513598
7801,-1787,10453,12699,12892,12844,9820,0.81,0.99,10852.2,0.8449237,-349.2369978
7800,-1784,10286,12894,12790,13056,9822,0.8,0.99,11110.8,0.851011029,-510.1102941
7800,-1778,10397,12621,12827,12766,9823,0.81,0.99,10750.8,0.842143193,-321.4319286
7800,-1759,10426,12814,12858,12974,9816,0.81,0.99,11006.2,0.848327424,-383.2742408
7800,-1765,10403,12644,12833,12785,9808,0.81,0.99,10779.5,0.843136488,-331.3648807
7800,-1772,10303,12867,12814,13026,9799,0.8,0.99,11074.8,0.850207278,-502.0727775
7800,-1790,10325,12862,12796,13014,9798,0.81,0.99,11066.2,0.850330413,-403.304134
7800,-1768,10426,12922,12880,13081,9799,0.81,0.99,11146.3,0.852098463,-420.9846342
7800,-1785,10261,12981,12816,13146,9803,0.8,0.99,11224.8,0.853856686,-538.5668644
7801,-1770,10406,12701,12830,12853,9807,0.81,0.99,10856.9,0.844697736,-346.9773594
7800,-1789,10420,12861,12853,13015,9810,0.81,0.99,11065.5,0.850211295,-402.1129466
7800,-1766,10349,12875,12826,13036,9810,0.81,0.99,11085.8,0.850398895,-403.9889537
7800,-1758,10429,12655,12860,12809,9808,0.81,0.99,10797.7,0.842977594,-329.7759388
7800,-1768,10434,12845,12886,13005,9806,0.81,0.99,11046.5,0.849404075,-394.0407536
7800,-1769,10333,12907,12859,13071,9804,0.8,0.99,11128.3,0.851373269,-513.7326907
7800,-1770,10356,12978,12871,13139,9804,0.8,0.99,11219.7,0.853923434,-539.2343405
7800,-1772,10342,12904,12856,13057,9804,0.8,0.99,11121.1,0.851734702,-517.3470169
7800,-1775,10502,12790,12952,12940,9805,0.81,0.99,10972,0.847913447,-379.1344668
7800,-1777,10442,12664,12876,12808,9806,0.81,0.99,10806.4,0.843722673,-337.2267333
7800,-1783,10170,12434,12716,12590,9807,0.8,0.99,10511,0.834868944,-348.6894361
7800,-1774,10371,12852,12849,13010,9807,0.81,0.99,11055,0.849730976,-397.3097617
7800,-1803,10316,12610,12870,12755,9809,0.8,0.99,10736.5,0.841748334,-417.4833399
7800,-1772,10488,12832,12951,12987,9811,0.81,0.99,11028.1,0.849164549,-391.6454916
7800,-1787,10399,12942,12876,13104,9812,0.81,0.99,11173.2,0.852655678,-426.5567766
7800,-1767,10426,12825,12875,12979,9813,0.81,0.99,11018.7,0.848963711,-389.6371061
7800,-1764,10371,12942,12877,13105,9813,0.81,0.99,11173.5,0.852613506,-426.135063
7800,-1763,10377,12900,12848,13058,9809,0.81,0.99,11117.4,0.851386123,-413.8612345
7800,-1763,10414,12880,12914,13041,9804,0.81,0.99,11092.3,0.850571275,-405.7127521
7800,-1773,10277,12805,12835,12952,9800,0.8,0.99,10990.6,0.848563928,-485.6392835
7800,-1766,10428,12819,12856,12981,9800,0.81,0.99,11013.3,0.848416917,-384.1691703
7800,-1789,10417,12828,12885,12988,9803,0.81,0.99,11024.4,0.84881429,-388.1429011
7800,-1765,10421,12858,12850,13017,9809,0.81,0.99,11063.1,0.849896289,-398.9628947
7800,-1776,10283,12875,12750,13035,9815,0.81,0.99,11085.5,0.85044112,-404.4112006
7800,-1776,10375,12894,12858,13055,9817,0.81,0.99,11110.5,0.851053236,-410.5323631
7800,-1760,10421,12824,12865,12974,9817,0.81,0.99,11016.2,0.849098196,-390.9819639
7800,-1765,10333,12890,12853,13058,9816,0.8,0.99,11107.4,0.850620309,-506.2030939
7800,-1766,10428,12815,12880,12966,9815,0.81,0.99,11004.8,0.848742866,-387.4286596
7800,-1762,10469,12952,12950,13117,9815,0.81,0.99,11187.1,0.852870321,-428.7032096
7800,-1758,10340,12782,12823,12937,9815,0.81,0.99,10963.1,0.847422123,-374.2212259
7800,-1758,10414,12707,12843,12858,9816,0.81,0.99,10864.4,0.844952559,-349.5255872
7800,-1773,10442,12749,12872,12900,9817,0.81,0.99,10919,0.846434109,-364.3410853
7800,-1772,10363,12922,12847,13082,9818,0.81,0.99,11146.6,0.852056261,-420.5626051
7800,-1776,10352,12916,12848,13076,9818,0.81,0.99,11138.8,0.851850719,-418.5071887
7800,-1777,10414,12777,12891,12924,9818,0.81,0.99,10954.2,0.847585887,-375.8588672
7800,-1771,10287,12583,12829,12732,9819,0.8,0.99,10702.6,0.840606346,-406.0634621
7800,-1780,10381,12878,12854,13048,9820,0.81,0.99,11092.4,0.850122624,-401.2262416
7800,-1761,10428,12895,12896,13053,9821,0.81,0.99,11110.9,0.85121428,-412.1428024
7800,-1763,10453,12681,12894,12830,9821,0.81,0.99,10830,0.844115355,-341.1535464
7800,-1781,10242,12936,12777,13096,9819,0.8,0.99,11164.8,0.852535125,-525.3512523
7800,-1775,10381,12910,12869,13071,9815,0.81,0.99,11131.3,0.851602785,-416.0278479
7800,-1773,10451,12793,12898,12946,9810,0.81,0.99,10976.8,0.847891241,-378.9124054
7800,-1765,10404,12908,12868,13068,9807,0.81,0.99,11128.4,0.85157637,-415.7636976
7801,-1796,10346,12885,12825,13046,9806,0.81,0.99,11098.8,0.850743523,-407.4352292
7800,-1766,10371,12897,12850,13052,9809,0.81,0.99,11112.6,0.851409746,-414.0974563
7800,-1741,10453,12889,12901,13045,9813,0.81,0.99,11102.5,0.851092373,-410.9237256
7800,-1780,10241,12597,12765,12746,9816,0.8,0.99,10720.8,0.841110937,-411.1093676
7800,-1749,10440,12766,12887,12914,9817,0.81,0.99,10940.2,0.847158123,-371.5812297
7800,-1765,10410,12902,12923,13063,9817,0.81,0.99,11120.9,0.851328179,-413.2817883
7800,-1762,10391,12684,12853,12835,9812,0.81,0.99,10834.5,0.844137125,-341.3712505
7800,-1763,10387,12905,12849,13061,9807,0.81,0.99,11123.3,0.851642294,-416.4229385
7800,-1777,10395,12854,12870,13015,9803,0.81,0.99,11058.5,0.849673454,-396.7345371
7800,-1796,10333,12894,12844,13055,9803,0.8,0.99,11110.5,0.851053236,-510.5323631
7800,-1776,10402,12789,12840,12936,9806,0.81,0.99,10969.8,0.848005566,-380.0556586
7800,-1785,10368,12872,12808,13034,9812,0.81,0.99,11082.2,0.850253184,-402.5318398
7800,-1766,10363,12875,12812,13024,9818,0.81,0.99,11082.2,0.85090602,-409.0601966
7800,-1800,10292,12636,12834,12788,9821,0.8,0.99,10772.4,0.842383485,-423.8348452
7800,-1773,10285,12901,12790,13059,9820,0.8,0.99,11118.7,0.851420476,-514.204763
7800,-1776,10463,12861,12919,13025,9859,0.81,0.99,11068.5,0.849788868,-397.8886756
7800,-1757,10322,12920,12834,13082,9898,0.8,0.99,11144.6,0.851903379,-519.0337869
7800,-1766,10323,12808,12729,12959,9937,0.81,0.99,10995.7,0.848499113,-384.9911259
7800,-1767,10401,12681,12828,12828,9936,0.81,0.99,10829.4,0.844200187,-342.0018709
7800,-1787,10425,12796,12858,12948,9912,0.81,0.99,10980.4,0.848038307,-380.3830707
7801,-1779,10375,12924,12848,13084,9867,0.81,0.99,11149.2,0.852124732,-421.247325
7800,-1767,10485,12670,12937,12814,9822,0.81,0.99,10814.2,0.84393632,-339.3631965
7800,-1756,10408,12841,12840,12998,9802,0.81,0.99,11040.4,0.849392214,-393.9221419
7800,-1764,10402,12880,12842,13039,9802,0.81,0.99,11091.7,0.850655725,-406.5572513
7800,-1752,10360,12869,12822,13021,9800,0.81,0.99,11075.3,0.850572153,-405.7215268
7800,-1784,10432,12835,12921,12990,9798,0.81,0.99,11032,0.849268668,-392.6866821
7800,-1768,10304,12901,12849,13064,9795,0.8,0.99,11120.2,0.85120943,-512.094305
7801,-1783,10443,12733,12875,12879,9795,0.81,0.99,10896.7,0.84608277,-360.827704
7800,-1768,10361,12900,12842,13060,9797,0.81,0.99,11118,0.851301685,-413.0168453
7800,-1800,10293,12513,12845,12658,9803,0.8,0.99,10610.4,0.838236688,-382.3668826
7800,-1756,10381,12879,12832,13036,9809,0.81,0.99,11089.8,0.850705738,-407.0573796
7800,-1785,10392,12917,12890,13075,9813,0.81,0.99,11139.5,0.851969407,-419.6940727
7800,-1762,10358,12861,12833,13014,9813,0.81,0.99,11065.2,0.850253573,-402.5357308
7800,-1775,10379,12922,12908,13091,9814,0.8,0.99,11149.3,0.851676724,-516.7672447
7800,-1763,10391,12661,12816,12799,9815,0.81,0.99,10800.7,0.843870615,-338.7061489
7800,-1772,10414,12901,12909,13062,9817,0.81,0.99,11119.6,0.851293829,-412.9382943
7800,-1782,10260,12914,12780,13069,9817,0.8,0.99,11134.7,0.851993267,-519.9326651
7800,-1781,10406,12905,12860,13065,9815,0.81,0.99,11124.5,0.851473402,-414.7340222
7800,-1791,10361,12890,12840,13044,9807,0.81,0.99,11103.2,0.851211285,-412.1128488
7800,-1788,10358,12928,12843,13096,9800,0.81,0.99,11156.8,0.851924252,-419.2425168
7800,-1753,10431,12755,12874,12915,9794,0.81,0.99,10929.5,0.846264034,-362.6403407
7800,-1759,10347,12892,12820,13048,9794,0.81,0.99,11106.4,0.851195586,-411.9558553
7800,-1775,10354,12914,12878,13080,9804,0.8,0.99,11138,0.851529052,-515.2905199
7800,-1801,10261,12339,12796,12481,9816,0.8,0.99,10383.3,0.831928531,-319.2853137
7800,-1754,10389,12920,12855,13072,9829,0.81,0.99,11141.6,0.852325581,-423.255814
7800,-1770,10421,12946,12893,13106,9831,0.81,0.99,11177.8,0.852876545,-428.7654509
7800,-1783,10303,12887,12837,13045,9830,0.8,0.99,11100.5,0.850939057,-509.3905711
7800,-1789,10400,12859,12841,13014,9826,0.81,0.99,11063.2,0.850099892,-400.9989242
7800,-1772,10470,12740,12906,12890,9822,0.81,0.99,10907,0.846159814,-361.5981381
7800,-1759,10431,12866,12863,13013,9818,0.81,0.99,11069.9,0.850680089,-406.8008914
7800,-1776,10391,12932,12882,13089,9818,0.81,0.99,11158.7,0.852525021,-425.2502101
7800,-1779,10341,12900,12861,13063,9816,0.8,0.99,11118.9,0.851175075,-511.7507464
7800,-1777,10456,12614,12898,12761,9813,0.81,0.99,10742.3,0.841807068,-318.0706841
7800,-1786,10349,12922,12826,13078,9811,0.81,0.99,11145.4,0.852225111,-422.2511087
7800,-1769,10373,12873,12839,13025,9809,0.81,0.99,11080.5,0.850710173,-407.1017274
7800,-1769,10388,12932,12872,13085,9809,0.81,0.99,11157.5,0.852693924,-426.9392434
7800,-1769,10332,12701,12793,12844,9812,0.81,0.99,10854.2,0.845079415,-350.7941451
7800,-1795,10358,12914,12831,13075,9814,0.81,0.99,11136.5,0.851739962,-417.3996176
7800,-1770,10214,12884,12665,13039,9817,0.81,0.99,11095.7,0.850962497,-409.6249712
7800,-1771,10442,12806,12894,12960,9818,0.81,0.99,10994,0.848302469,-383.0246914
7800,-1752,10437,12844,12866,13002,9817,0.81,0.99,11044.6,0.84945393,-394.5393016
7800,-1763,10310,12960,12797,13115,9816,0.81,0.99,11194.5,0.853564621,-435.6462066
7800,-1784,10419,12674,12849,12819,9814,0.81,0.99,10819.7,0.844036196,-340.3619627
7800,-1787,10375,12911,12861,13067,9813,0.81,0.99,11131.1,0.851848167,-418.4816714
7800,-1760,10367,12801,12830,12950,9813,0.81,0.99,10986,0.848339768,-383.3976834
7800,-1771,10409,12892,12897,13046,9814,0.81,0.99,11105.8,0.851280086,-412.8008585
7800,-1757,10444,12746,12876,12894,9815,0.81,0.99,10914.2,0.846455716,-364.5571584
7800,-1784,10275,12627,12817,12774,9815,0.8,0.99,10759.2,0.842273368,-422.7336778
7800,-1788,10424,12845,12894,13004,9815,0.81,0.99,11046.2,0.849446324,-394.4632421
7800,-1770,10399,12873,12864,13035,9815,0.81,0.99,11083.5,0.850287687,-402.87687
7800,-1754,10420,12908,12885,13067,9815,0.81,0.99,11128.1,0.851618581,-416.1858116
7800,-1787,10339,12881,12834,13033,9815,0.81,0.99,11090.9,0.850985959,-409.8595872
7800,-1763,10443,12890,12892,13044,9815,0.81,0.99,11103.2,0.851211285,-412.1128488
7800,-1757,10420,12774,12845,12920,9814,0.81,0.99,10950,0.84752322,-375.2321981
7800,-1772,10429,12713,12866,12864,9810,0.81,0.99,10872.2,0.845164801,-351.64801
7800,-1803,10328,12945,12853,13105,9805,0.8,0.99,11176.5,0.852842427,-528.4242655
7800,-1804,10218,12984,12766,13137,9800,0.8,0.99,11225.1,0.85446449,-544.6448961
7800,-1767,10427,12757,12858,12913,9799,0.81,0.99,10930.9,0.846503524,-365.0352358
7800,-1758,10226,12904,12699,13059,9801,0.81,0.99,11121.7,0.851650203,-416.5020293
7800,-1783,10462,12805,12902,12964,9805,0.81,0.99,10994.2,0.848056156,-380.5615551
7800,-1750,10425,12843,12865,12996,9810,0.81,0.99,11041.8,0.849630656,-396.3065559
7800,-1762,10394,12867,12846,13022,9813,0.81,0.99,11073.6,0.850376286,-403.7628628
7800,-1792,10346,12964,12872,13120,9813,0.8,0.99,11200,0.853658537,-536.5853659
7800,-1785,10362,12918,12860,13075,9815,0.81,0.99,11140.5,0.852045889,-420.458891
7800,-1768,10359,12889,12845,13048,9819,0.81,0.99,11103.4,0.850965665,-409.6566524
7800,-1802,10386,12879,12887,13036,9822,0.81,0.99,11089.8,0.850705738,-407.0573796
7800,-1776,10439,12701,12874,12840,9823,0.81,0.99,10853,0.845249221,-352.4922118
7800,-1783,10286,12617,12834,12770,9822,0.8,0.99,10748,0.841660141,-416.6014096
7800,-1774,10335,12963,12839,13119,9819,0.8,0.99,11198.7,0.853624514,-536.2451406
7800,-1787,10428,12854,12882,13015,9815,0.81,0.99,11058.5,0.849673454,-396.7345371
7800,-1769,10378,12924,12880,13081,9812,0.81,0.99,11148.3,0.852251357,-422.5135693
7801,-1769,10422,12620,12853,12766,9812,0.81,0.99,10749.8,0.84206486,-320.6485978
7800,-1778,10344,13016,12882,13180,9811,0.8,0.99,11270,0.85508346,-550.8345979
7800,-1784,10379,12877,12882,13039,9809,0.81,0.99,11088.7,0.850425646,-404.2564614
7800,-1773,10452,12744,12882,12891,9807,0.81,0.99,10911.3,0.84642774,-364.2774028
7800,-1775,10447,12888,12912,13049,9807,0.81,0.99,11102.7,0.850846808,-408.4680818
7800,-1753,10396,12978,12830,13132,9808,0.81,0.99,11217.6,0.854218702,-442.1870241
7800,-1753,10444,12727,12882,12894,9808,0.81,0.99,10895.2,0.844982162,-349.8216225
7800,-1756,10302,12851,12738,13005,9808,0.81,0.99,11052.5,0.849865436,-398.6543637
7800,-1768,10378,12896,12873,13060,9808,0.81,0.99,11114,0.850995406,-409.9540582
7800,-1754,10511,12682,12965,12824,9808,0.81,0.99,10829.2,0.84444791,-344.4791017
7800,-1759,10412,12792,12861,12943,9808,0.81,0.99,10974.9,0.847940972,-379.4097195
7800,-1766,10331,12882,12808,13042,9808,0.81,0.99,11094.6,0.850682411,-406.8241067
7800,-1766,10376,12906,12867,13062,9808,0.81,0.99,11124.6,0.851676619,-416.766192
7800,-1749,10458,12865,12907,13023,9808,0.81,0.99,11071.9,0.85018045,-401.8044997
7800,-1788,10305,12967,12831,13117,9807,0.8,0.99,11202.1,0.854013875,-540.1387512
7800,-1787,10350,12795,12831,12939,9809,0.81,0.99,10976.7,0.848342221,-383.4222119
7800,-1779,10302,12572,12853,12722,9812,0.8,0.99,10688.6,0.84016664,-401.6664047
7800,-1772,10343,12872,12780,13025,9814,0.81,0.99,11079.5,0.850633397,-406.3339731
7800,-1765,10410,12863,12853,13022,9814,0.81,0.99,11069.6,0.850069114,-400.6911381
7800,-1767,10346,12978,12842,13135,9814,0.81,0.99,11218.5,0.85409212,-440.9212029
7800,-1774,10466,12874,12918,13034,9812,0.81,0.99,11084.2,0.850406629,-404.0662882
7800,-1776,10345,12898,12828,13058,9810,0.81,0.99,11115.4,0.851232961,-412.3296064
7800,-1768,10418,12702,12844,12846,9810,0.81,0.99,10855.8,0.845072396,-350.7239608
7800,-1761,10458,12826,12897,12980,9810,0.81,0.99,11020,0.848998459,-389.9845917
7801,-1791,10320,12959,12832,13112,9812,0.8,0.99,11192.6,0.853615009,-536.1500915
7800,-1785,10225,12980,12770,13129,9814,0.8,0.99,11218.7,0.854497677,-544.976769
7800,-1771,10444,12631,12890,12783,9815,0.81,0.99,10765.9,0.84220449,-322.0449034
7800,-1786,10380,12825,12852,12978,9816,0.81,0.99,11018.4,0.84900601,-390.0601017
7800,-1761,10427,12887,12887,13048,9815,0.81,0.99,11101.4,0.850812385,-408.1238504
7800,-1760,10381,12943,12873,13111,9812,0.81,0.99,11176.3,0.852436885,-424.3688506
7800,-1772,10455,12797,12891,12949,9810,0.81,0.99,10981.7,0.84807321,-380.7321029
7800,-1758,10312,12952,12831,13111,9808,0.8,0.99,11185.3,0.853123332,-531.2333155
7800,-1796,10465,12624,12913,12767,9807,0.81,0.99,10754.1,0.842335709,-323.3570925
7800,-1772,10380,12928,12867,13086,9806,0.81,0.99,11153.8,0.852346019,-423.4601865
7800,-1762,10398,12910,12858,13071,9804,0.81,0.99,11131.3,0.851602785,-416.0278479
7800,-1759,10334,12965,12859,13126,9802,0.8,0.99,11202.8,0.853481639,-534.8163949
7800,-1780,10356,12904,12818,13061,9801,0.81,0.99,11122.3,0.85156573,-415.6573004
7800,-1773,10386,12886,12855,13042,9801,0.81,0.99,11098.6,0.850989112,-409.891121
7800,-1775,10291,12923,12798,13079,9804,0.8,0.99,11146.7,0.852259347,-522.5934704
7800,-1784,10444,12801,12894,12954,9807,0.81,0.99,10987.2,0.848170449,-381.7044928
7800,-1775,10411,12850,12889,13008,9810,0.81,0.99,11052.4,0.849661747,-396.6174662
7800,-1759,10455,12781,12894,12932,9810,0.81,0.99,10960.6,0.847556449,-375.5644912
7800,-1785,10469,12723,12912,12863,9811,0.81,0.99,10881.9,0.845984607,-359.8460701
7800,-1754,10409,12919,12900,13078,9811,0.81,0.99,11142.4,0.851995718,-419.95718
7800,-1774,10364,12908,12829,13065,9811,0.81,0.99,11127.5,0.851703023,-417.0302334
7800,-1777,10218,12877,12719,13033,9811,0.8,0.99,11086.9,0.850679045,-506.790455
7800,-1774,10443,12841,12885,13002,9811,0.81,0.99,11041.6,0.849223196,-392.2319643
7800,-1779,10268,12884,12720,13038,9808,0.81,0.99,11095.4,0.851004755,-410.0475533
7800,-1770,10400,12933,12905,13092,9805,0.81,0.99,11160.6,0.852474794,-424.7479377
7800,-1755,10342,12929,12816,13086,9803,0.81,0.99,11154.8,0.852422436,-424.2243619
7801,-1782,10415,12760,12847,12907,9802,0.81,0.99,10932.1,0.846990005,-369.9000542
7800,-1762,10433,12899,12879,13062,9806,0.81,0.99,11117.6,0.851140714,-411.4071352
7800,-1777,10364,12936,12850,13096,9815,0.81,0.99,11164.8,0.852535125,-425.3512523
7800,-1773,10395,12885,12884,13042,9825,0.81,0.99,11097.6,0.850912437,-409.1243674
7800,-1779,10384,12896,12850,13054,9830,0.81,0.99,11112.2,0.851248659,-412.4865941
7800,-1770,10344,12878,12837,13025,9830,0.81,0.99,11085.5,0.85109405,-410.940499
7800,-1772,10410,12721,12843,12873,9825,0.81,0.99,10882.9,0.845405111,-354.0511147
7800,-1772,10472,12685,12909,12828,9819,0.81,0.99,10833.4,0.844512005,-345.1200499
7800,-1793,10375,12664,12804,12808,9813,0.81,0.99,10806.4,0.843722673,-337.2267333
7800,-1776,10421,12833,12868,12997,9813,0.81,0.99,11032.1,0.848818958,-388.1895822
7800,-1792,10387,12837,12806,12993,9814,0.81,0.99,11034.9,0.849295775,-392.9577465
7801,-1762,10371,12899,12863,13063,9817,0.81,0.99,11117.9,0.851098523,-410.9852254
7800,-1767,10390,12776,12838,12921,9819,0.81,0.99,10952.3,0.847635632,-376.3563192
7800,-1768,10341,12910,12805,13068,9821,0.81,0.99,11130.4,0.851729415,-417.2941537
7800,-1772,10380,12913,12873,13069,9821,0.81,0.99,11133.7,0.85191675,-419.1674956
7800,-1766,10247,13013,12792,13180,9820,0.8,0.99,11267,0.854855842,-548.5584219
7800,-1775,10484,12733,12928,12876,9819,0.81,0.99,10895.8,0.846210003,-362.1000311
7800,-1783,10261,12669,12656,12816,9818,0.81,0.99,10813.8,0.843773408,-337.7340824
7800,-1769,10415,12832,12860,12993,9818,0.81,0.99,11029.9,0.848910952,-389.1095205
7800,-1761,10412,12813,12882,12962,9817,0.81,0.99,11001.6,0.848757908,-387.5790773
7800,-1762,10452,12893,12910,13054,9813,0.81,0.99,11109.2,0.851018845,-410.188448
7800,-1763,10424,12796,12859,12953,9809,0.81,0.99,10981.9,0.847826758,-378.2675828
7800,-1778,10402,12758,12882,12905,9807,0.81,0.99,10929.5,0.846919799,-369.1979853
7800,-1766,10415,12870,12889,13029,9806,0.81,0.99,11078.7,0.850310845,-403.1084504
7800,-1804,10346,12920,12824,13075,9808,0.81,0.99,11142.5,0.852198853,-421.9885277
7800,-1775,10264,12995,12784,13159,9812,0.8,0.99,11242.7,0.854373433,-543.7343263
7800,-1808,10340,12313,12883,12456,9816,0.8,0.99,10349.8,0.830908799,-309.0879897
7800,-1769,10396,12899,12874,13053,9818,0.81,0.99,11114.9,0.851520723,-415.2072321
7800,-1767,10436,12848,12888,13007,9818,0.81,0.99,11050.1,0.849550242,-395.5024218
7801,-1769,10311,12931,12805,13088,9821,0.81,0.99,11157.4,0.852490831,-424.908313
7800,-1773,10341,12932,12808,13089,9823,0.81,0.99,11158.7,0.852525021,-425.2502101
7800,-1764,10430,12755,12879,12897,9826,0.81,0.99,10924.1,0.84702644,-370.2644026
7800,-1793,10435,12611,12877,12748,9826,0.81,0.99,10735.4,0.842124255,-321.2425479
7800,-1763,10360,12974,12851,13136,9826,0.81,0.99,11214.8,0.853745432,-437.454324
7800,-1775,10401,12832,12855,12982,9826,0.81,0.99,11026.6,0.849376059,-393.7605916
7800,-1767,10284,12996,12847,13154,9826,0.8,0.99,11242.2,0.854660179,-546.6017941
7800,-1758,10454,12867,12917,13025,9825,0.81,0.99,11074.5,0.85024952,-402.4952015
7800,-1795,10374,12815,12841,12969,9825,0.81,0.99,11005.7,0.84861593,-386.159303
7800,-1780,10409,12651,12840,12796,9822,0.81,0.99,10789.8,0.84321663,-332.166302
7800,-1749,10448,12842,12917,12999,9818,0.81,0.99,11041.7,0.849426879,-394.2687899
7800,-1779,10457,12693,12895,12837,9815,0.81,0.99,10844.1,0.844753447,-347.5344707
7800,-1766,10355,12682,12775,12825,9814,0.81,0.99,10829.5,0.844405458,-344.0545809
7800,-1789,10397,12809,12870,12952,9813,0.81,0.99,10994.6,0.848872761,-388.7276096
7800,-1784,10272,12629,12802,12777,9811,0.8,0.99,10762.1,0.842302575,-423.0257494
7800,-1783,10311,12929,12833,13085,9808,0.8,0.99,11154.5,0.852464654,-524.6465418
7800,-1783,10348,12987,12842,13146,9807,0.81,0.99,11230.8,0.854313099,-443.1309904
7800,-1782,10333,12559,12879,12707,9808,0.8,0.99,10671.1,0.839781223,-397.8122295
7800,-1782,10376,12810,12813,12953,9811,0.81,0.99,10995.9,0.848907589,-389.0758898
7800,-1782,10361,12762,12814,12911,9814,0.81,0.99,10935.3,0.846975447,-369.7544729
7800,-1765,10494,12784,12939,12933,9818,0.81,0.99,10963.9,0.847746076,-377.4607593
7800,-1790,10451,12707,12884,12851,9819,0.81,0.99,10862.3,0.845249397,-352.4939693
7800,-1773,10409,12824,12883,12979,9817,0.81,0.99,11017.7,0.848886663,-388.8666307
7800,-1783,10397,12936,12852,13079,9811,0.81,0.99,11159.7,0.853253307,-432.5330683
7800,-1766,10416,12973,12886,13132,9805,0.81,0.99,11212.6,0.853837953,-438.3795309
7800,-1758,10468,12887,12918,13048,9800,0.81,0.99,11101.4,0.850812385,-408.1238504
7800,-1763,10399,12942,12840,13092,9800,0.81,0.99,11169.6,0.853162236,-431.6223648
7800,-1760,10432,12904,12895,13067,9803,0.81,0.99,11124.1,0.851312467,-413.1246652
7800,-1750,10372,12878,12808,13030,9807,0.81,0.99,11087,0.850882579,-408.8257866
7800,-1770,10268,12971,12798,13128,9811,0.8,0.99,11209.4,0.853854357,-538.543571
7800,-1752,10358,12947,12846,13106,9812,0.81,0.99,11178.8,0.852952846,-429.5284602
7800,-1775,10276,12936,12823,13098,9813,0.8,0.99,11165.4,0.852450756,-524.5075584
7800,-1769,10450,12924,12934,13078,9819,0.81,0.99,11147.4,0.852378039,-423.7803946
7800,-1779,10402,12689,12838,12836,9825,0.81,0.99,10839.8,0.844484263,-344.8426301
7800,-1786,10359,12879,12850,13037,9830,0.81,0.99,11090.1,0.850663496,-406.634962
7801,-1774,10440,12751,12880,12901,9831,0.81,0.99,10921.3,0.846546779,-365.4677932
7800,-1770,10251,12980,12781,13138,9826,0.8,0.99,11221.4,0.854117826,-541.1782615
7800,-1795,10361,12399,12867,12541,9817,0.81,0.99,10461.3,0.834167929,-241.6792919
7800,-1777,10423,12703,12859,12849,9809,0.81,0.99,10857.7,0.845022959,-350.2295899
7800,-1771,10325,12845,12803,12999,9805,0.81,0.99,11044.7,0.849657666,-396.5766597
7800,-1759,10424,12875,12887,13023,9805,0.81,0.99,11081.9,0.850948322,-409.483222
7800,-1787,10416,12784,12868,12938,9803,0.81,0.99,10965.4,0.847534395,-375.3439481
7800,-1764,10416,12922,12909,13086,9802,0.81,0.99,11147.8,0.851887513,-418.8751337
7800,-1792,10410,12892,12899,13052,9800,0.81,0.99,11107.6,0.851026663,-410.2666258
7800,-1786,10434,12809,12866,12964,9799,0.81,0.99,10998.2,0.848364702,-383.6470225
7800,-1791,10424,12674,12866,12815,9801,0.81,0.99,10818.5,0.844206009,-342.0600858
7800,-1758,10362,13042,12789,13203,9805,0.81,0.99,11302.9,0.856085738,-460.8573809
7800,-1783,10289,12637,12835,12790,9808,0.8,0.99,10774,0.842376857,-423.7685692
7800,-1779,10429,12660,12869,12804,9810,0.81,0.99,10801.2,0.843580131,-335.8013121
7800,-1761,10390,12854,12835,13018,9809,0.81,0.99,11059.4,0.849546781,-395.4678138
7800,-1765,10383,12936,12851,13096,9813,0.81,0.99,11164.8,0.852535125,-425.3512523
7800,-1801,10354,12893,12883,13045,9816,0.8,0.99,11106.5,0.851399003,-513.9900345
7800,-1764,10335,12917,12842,13082,9820,0.8,0.99,11141.6,0.851674056,-516.7405595
7800,-1763,10429,12835,12868,12984,9821,0.81,0.99,11030.2,0.849522489,-395.2248922
7800,-1753,10387,12857,12831,13017,9820,0.81,0.99,11062.1,0.849819467,-398.1946685
7800,-1785,10397,12877,12893,13030,9817,0.81,0.99,11086,0.850805833,-408.0583269
7800,-1784,10275,12968,12822,13130,9815,0.8,0.99,11207,0.853541508,-535.41508
7800,-1766,10331,12865,12803,13020,9813,0.81,0.99,11071,0.85030722,-403.0721966
7800,-1772,10409,12742,12836,12887,9813,0.81,0.99,10908.1,0.846442151,-364.42151
7800,-1771,10313,12950,12825,13105,9810,0.8,0.99,11181.5,0.85322396,-532.2396032
7800,-1790,10116,12607,12621,12751,9805,0.8,0.99,10732.3,0.841683005,-416.8300525
7800,-1791,10375,12889,12836,13046,9801,0.81,0.99,11102.8,0.85105013,-410.5013031
7800,-1774,10291,12937,12814,13103,9800,0.8,0.99,11167.9,0.852316263,-523.1626345
7800,-1758,10417,12921,12874,13077,9802,0.81,0.99,11144.1,0.852190869,-421.9086947
7800,-1757,10366,12884,12846,13042,9812,0.81,0.99,11096.6,0.850835761,-408.3576139
7800,-1770,10342,12894,12820,13051,9822,0.81,0.99,11109.3,0.851222129,-412.2212857
7800,-1761,10448,12674,12882,12818,9830,0.81,0.99,10819.4,0.844078639,-340.7863941
7800,-1761,10418,12824,12861,12980,9830,0.81,0.99,11018,0.848844376,-388.4437596
7800,-1762,10411,12849,12853,13006,9826,0.81,0.99,11050.8,0.849669383,-396.6938336
7800,-1771,10333,12882,12864,13041,9821,0.8,0.99,11094.3,0.850724638,-507.2463768
7800,-1808,10398,12836,12865,12984,9816,0.81,0.99,11031.2,0.849599507,-395.9950709
7800,-1767,10368,12922,12852,13081,9815,0.81,0.99,11146.3,0.852098463,-420.9846342
7800,-1757,10402,12902,12857,13063,9815,0.81,0.99,11120.9,0.851328179,-413.2817883
7800,-1786,10394,12872,12877,13030,9813,0.81,0.99,11081,0.850422103,-404.2210284
7800,-1769,10377,12629,12796,12768,9810,0.81,0.99,10759.4,0.842684837,-326.8483709
7800,-1775,10470,12807,12915,12951,9808,0.81,0.99,10992.3,0.848760713,-387.6071346
7800,-1786,10250,12972,12770,13130,9808,0.8,0.99,11211,0.853846154,-538.4615385
7800,-1768,10466,12635,12904,12781,9806,0.81,0.99,10769.3,0.8426023,-326.0230029
7800,-1754,10466,12801,12904,12951,9804,0.81,0.99,10986.3,0.848297429,-382.9742877
7800,-1780,10478,12832,12917,12992,9801,0.81,0.99,11029.6,0.848953202,-389.5320197
7800,-1766,10330,12930,12854,13083,9800,0.8,0.99,11154.9,0.852625545,-526.255446
7800,-1763,10481,12851,12923,13010,9800,0.81,0.99,11054,0.849654112,-396.5411222
7800,-1767,10392,12836,12855,12994,9807,0.81,0.99,11034.2,0.849176543,-391.7654302
7800,-1756,10372,12856,12822,12999,9815,0.81,0.99,11055.7,0.850503885,-405.0388491
7800,-1799,10362,12884,12846,13041,9822,0.81,0.99,11096.3,0.850878,-408.7800015
7800,-1775,10408,12879,12882,13040,9822,0.81,0.99,11091,0.85053681,-405.3680982
7800,-1777,10347,12952,12840,13108,9821,0.81,0.99,11184.4,0.853249924,-432.4992371
7800,-1769,10361,12934,12857,13096,9817,0.81,0.99,11162.8,0.852382407,-423.8240684
7800,-1753,10383,12792,12824,12944,9814,0.81,0.99,10975.2,0.84789864,-378.986403
7800,-1783,10341,12832,12779,12983,9812,0.81,0.99,11026.9,0.849333744,-393.3374413
7800,-1762,10425,12916,12909,13079,9813,0.81,0.99,11139.7,0.851724138,-417.2413793
7800,-1786,10450,12824,12886,12974,9816,0.81,0.99,11016.2,0.849098196,-390.9819639
7800,-1783,10332,12906,12823,13064,9819,0.81,0.99,11125.2,0.851592162,-415.9216167
7800,-1757,10426,12927,12882,13079,9821,0.81,0.99,11150.7,0.852565181,-425.6518082
7800,-1773,10432,12797,12863,12946,9821,0.81,0.99,10980.8,0.848200216,-382.0021628
7800,-1794,10426,12841,12889,12985,9818,0.81,0.99,11036.5,0.849942241,-399.4224105
7800,-1758,10365,12954,12829,13111,9810,0.81,0.99,11187.3,0.853275875,-432.7587522
7800,-1785,10263,12329,12780,12470,9802,0.8,0.99,10370,0.83159583,-315.9582999
7800,-1790,10466,12789,12904,12938,9797,0.81,0.99,10970.4,0.847920853,-379.208533
7800,-1802,10272,12579,12812,12718,9797,0.8,0.99,10694.4,0.840886932,-408.8693191
7800,-1758,10384,12888,12865,13047,9807,0.81,0.99,11102.1,0.850931249,-409.3124856
7800,-1762,10451,12697,12889,12841,9820,0.81,0.99,10849.3,0.844895257,-348.9525738
7800,-1771,10337,12935,12819,13092,9832,0.81,0.99,11162.6,0.852627559,-426.2755881
7800,-1761,10409,12883,12866,13037,9835,0.81,0.99,11094.1,0.850970315,-409.7031526
7800,-1780,10438,12671,12869,12816,9833,0.81,0.99,10815.8,0.843929463,-339.2946317
7800,-1798,10286,12662,12831,12798,9827,0.8,0.99,10801.4,0.843991249,-439.9124863
7800,-1774,9925,12890,12400,13038,9820,0.8,0.99,11101.4,0.851464949,-514.6494861
7800,-1760,10418,12919,12904,13074,9815,0.81,0.99,11141.2,0.852164601,-421.646015
7800,-1786,10374,12818,12795,12969,9816,0.81,0.99,11008.7,0.848847251,-388.4725114
7800,-1768,10398,12885,12854,13034,9816,0.81,0.99,11095.2,0.851250575,-412.5057542
7800,-1771,10456,12619,12897,12757,9816,0.81,0.99,10746.1,0.842368896,-323.6889551
7800,-1760,10363,12909,12831,13067,9816,0.81,0.99,11129.1,0.85169511,-416.9510982
7800,-1751,10376,12898,12882,13060,9815,0.81,0.99,11116,0.851148545,-411.4854518
7800,-1765,10342,12901,12837,13052,9815,0.81,0.99,11116.6,0.851716212,-417.1621207
7800,-1785,10445,12839,12913,12997,9810,0.81,0.99,11038.1,0.849280603,-392.8060322
7800,-1793,10388,12923,12869,13079,9806,0.81,0.99,11146.7,0.852259347,-422.5934704
7800,-1775,10277,12890,12796,13040,9802,0.8,0.99,11102,0.851380368,-513.803681
7800,-1797,10349,12478,12848,12631,9802,0.81,0.99,10567.3,0.836616262,-266.1626158
7800,-1781,10440,12644,12871,12780,9808,0.81,0.99,10778,0.843348983,-333.4898279
7800,-1760,10415,12902,12858,13062,9817,0.81,0.99,11120.6,0.851370387,-413.7038738
7800,-1769,10390,12751,12823,12894,9826,0.81,0.99,10919.2,0.846843493,-368.434931
7800,-1763,10448,12796,12884,12945,9830,0.81,0.99,10979.5,0.848165315,-381.6531479
7800,-1758,10378,12914,12858,13072,9830,0.81,0.99,11135.6,0.851866585,-418.6658507
7800,-1765,10422,12916,12886,13066,9822,0.81,0.99,11135.8,0.852273075,-422.7307516
7800,-1765,10437,12797,12883,12945,9814,0.81,0.99,10980.5,0.848242565,-382.425647
7800,-1795,10296,12875,12825,13029,9807,0.8,0.99,11083.7,0.850694604,-506.9460434
7800,-1799,10234,12994,12789,13152,9807,0.8,0.99,11239.6,0.854592457,-545.9245742
7800,-1762,10437,12858,12871,13021,9808,0.81,0.99,11064.3,0.849727363,-397.2736349
7800,-1757,10411,12881,12900,13034,9809,0.81,0.99,11091.2,0.850943686,-409.4368574
7800,-1776,10263,12821,12752,12977,9810,0.8,0.99,11014.1,0.848740079,-487.400786
7800,-1791,10401,12831,12868,12986,9811,0.81,0.99,11026.8,0.849129832,-391.2983213
7800,-1766,10451,12811,12893,12965,9811,0.81,0.99,11000.5,0.848476668,-384.7666795
7800,-1761,10347,12931,12827,13094,9818,0.81,0.99,11159.2,0.852237666,-422.3766611
7800,-1780,10431,12645,12868,12790,9825,0.81,0.99,10782,0.843002346,-330.0234558
7800,-1758,10431,12895,12909,13054,9831,0.81,0.99,11111.2,0.851172055,-411.7205454
7800,-1761,10360,12869,12814,13026,9831,0.81,0.99,11076.8,0.850360817,-403.6081683
7800,-1767,10300,12983,12828,13135,9828,0.8,0.99,11223.5,0.854472783,-544.7278264
7800,-1783,10405,12876,12873,13041,9823,0.81,0.99,11088.3,0.85026455,-402.6455026
7800,-1761,10371,12916,12858,13071,9818,0.81,0.99,11137.3,0.852061816,-420.6181623
7800,-1776,10374,12928,12863,13085,9815,0.81,0.99,11153.5,0.852388231,-423.882308
7800,-1761,10412,12810,12843,12961,9815,0.81,0.99,10998.3,0.848568783,-385.6878327
7801,-1775,10390,12646,12814,12791,9812,0.81,0.99,10783.3,0.843038074,-330.3807365
7800,-1788,10317,12639,12869,12785,9808,0.8,0.99,10774.5,0.842745405,-427.4540477
7800,-1762,10426,12675,12862,12808,9805,0.81,0.99,10817.4,0.844581512,-345.8151156
7800,-1757,10325,12914,12772,13076,9805,0.81,0.99,11136.8,0.851697767,-416.977669
7800,-1784,10449,12691,12893,12829,9806,0.81,0.99,10839.7,0.844937252,-349.3725154
7800,-1758,10317,12958,12829,13113,9811,0.8,0.99,11191.9,0.85349653,-534.9653016
7800,-1767,10384,12867,12835,13030,9815,0.81,0.99,11076,0.850038373,-400.3837299
7800,-1812,10330,12596,12886,12735,9819,0.8,0.99,10716.5,0.841499804,-414.9980369
7800,-1766,10429,12833,12858,12989,9819,0.81,0.99,11029.7,0.849156979,-391.5697898
7800,-1768,10436,12754,12872,12897,9820,0.81,0.99,10923.1,0.846948903,-369.4890285
7800,-1782,10374,12937,12841,13094,9821,0.81,0.99,11165.2,0.852695891,-426.9589125
7800,-1772,10415,12905,12911,13061,9823,0.81,0.99,11123.3,0.851642294,-416.4229385
7800,-1772,10315,12911,12778,13060,9823,0.81,0.99,11129,0.852143951,-421.43951
7800,-1775,10358,12849,12858,13002,9822,0.81,0.99,11049.6,0.849838486,-398.3848639
7800,-1784,10369,12936,12888,13091,9819,0.8,0.99,11163.3,0.852746161,-527.4616148
7800,-1761,10423,12656,12858,12796,9817,0.81,0.99,10794.8,0.843607377,-336.0737731
7800,-1778,10377,12844,12826,12993,9815,0.81,0.99,11041.9,0.849834526,-398.3452628
7800,-1783,10368,12699,12789,12842,9814,0.81,0.99,10851.6,0.845008566,-350.0856564
7800,-1771,10460,12857,12902,13010,9812,0.81,0.99,11060,0.850115296,-401.1529593
7800,-1756,10448,12808,12881,12952,9808,0.81,0.99,10993.6,0.848795553,-387.9555281
7800,-1790,10291,12915,12763,13076,9803,0.81,0.99,11137.8,0.851774243,-417.7424289
7800,-1767,10439,12674,12879,12817,9802,0.81,0.99,10819.1,0.844121089,-341.2108918
7800,-1767,10445,12837,12914,12985,9803,0.81,0.99,11032.5,0.849634193,-396.341933
7800,-1779,10397,12713,12840,12860,9804,0.81,0.99,10871,0.84533437,-353.3437014
7800,-1780,10391,12878,12857,13035,9805,0.81,0.99,11088.5,0.85067127,-406.7126966
7800,-1782,10272,12990,12811,13142,9805,0.8,0.99,11232.6,0.85471009,-547.1008979
7800,-1782,10278,12959,12809,13116,9805,0.8,0.99,11193.8,0.853446173,-534.4617261
7800,-1779,10454,12701,12888,12840,9807,0.81,0.99,10853,0.845249221,-352.4922118
7800,-1782,10346,12940,12856,13098,9810,0.8,0.99,11169.4,0.852756146,-527.5614598
7800,-1767,10366,12942,12858,13098,9813,0.81,0.99,11171.4,0.852908841,-429.0884104
7800,-1785,10391,12785,12837,12933,9815,0.81,0.99,10964.9,0.847823398,-378.2339751
7800,-1769,10371,12916,12860,13074,9815,0.81,0.99,11138.2,0.851935138,-419.3513844
7800,-1795,10326,12930,12833,13087,9814,0.8,0.99,11156.1,0.852456636,-524.5663636
7800,-1758,10422,12853,12844,13008,9813,0.81,0.99,11055.4,0.849892374,-398.9237392
7800,-1795,10442,12806,12900,12954,9812,0.81,0.99,10992.2,0.84855643,-385.5643045
7800,-1774,10356,12947,12862,13100,9812,0.81,0.99,11177,0.853206107,-432.0610687
7800,-1769,10404,12657,12835,12805,9810,0.81,0.99,10798.5,0.843303397,-333.0339711
7800,-1776,10450,12715,12890,12856,9806,0.81,0.99,10871.8,0.845659614,-356.5961419
7800,-1779,10428,12744,12871,12893,9802,0.81,0.99,10911.9,0.846342977,-363.4297681
7800,-1758,10442,12883,12883,13034,9800,0.81,0.99,11093.2,0.851097131,-410.9713058
7800,-1769,10335,12900,12816,13062,9800,0.81,0.99,11118.6,0.851217271,-412.1727147
7800,-1751,10414,12651,12844,12798,9803,0.81,0.99,10790.4,0.843131739,-331.3173933
7800,-1786,10123,12722,12638,12870,9807,0.8,0.99,10883,0.845609946,-456.0994561
7800,-1778,10377,12910,12863,13067,9810,0.81,0.99,11130.1,0.851771638,-417.7163848
7800,-1763,10450,12910,12904,13062,9811,0.81,0.99,11128.6,0.851982851,-419.8285102
7800,-1778,10248,13013,12798,13172,9810,0.8,0.99,11264.6,0.855192833,-551.9283328
7800,-1799,10294,12569,12847,12717,9806,0.8,0.99,10684.1,0.840143116,-401.4311551
7800,-1770,10373,12873,12830,13028,9803,0.81,0.99,11081.4,0.850583359,-405.8335892
7800,-1767,10353,12870,12814,13028,9800,0.81,0.99,11078.4,0.850353086,-403.5308566
7800,-1767,10384,12894,12863,13047,9800,0.81,0.99,11108.1,0.851391124,-413.911244
7800,-1771,10342,12903,12806,13058,9799,0.81,0.99,11120.4,0.851615868,-416.1586767
7800,-1741,10425,12862,12877,13026,9799,0.81,0.99,11069.8,0.84982343,-398.2343006
7800,-1774,10422,12694,12852,12832,9799,0.81,0.99,10843.6,0.845043641,-350.436409
7800,-1774,10348,12853,12830,13004,9799,0.81,0.99,11054.2,0.85006152,-400.6151953
7800,-1768,10380,12914,12848,13079,9800,0.81,0.99,11137.7,0.851571221,-415.7122104
7801,-1763,10363,12912,12835,13064,9804,0.81,0.99,11131.2,0.852051439,-420.5143907
7800,-1789,10284,12410,12799,12555,9808,0.8,0.99,10476.5,0.834448427,-344.4842692
7800,-1806,10370,12843,12820,12997,9812,0.81,0.99,11042.1,0.849588367,-395.8836655
7800,-1780,10437,12671,12874,12820,9813,0.81,0.99,10817,0.84375975,-337.5975039
7800,-1774,10451,12740,12893,12887,9816,0.81,0.99,10906.1,0.846286956,-362.8695585
7800,-1772,10460,12725,12896,12865,9822,0.81,0.99,10884.5,0.846055188,-360.551885
7800,-1776,10437,12828,12907,12979,9827,0.81,0.99,11021.7,0.849194853,-391.9485322
7800,-1760,10475,12723,12914,12862,9829,0.81,0.99,10881.6,0.846027056,-360.2705645
7800,-1774,10306,12961,12835,13120,9829,0.8,0.99,11197,0.853429878,-534.2987805
7800,-1768,10422,12744,12858,12884,9829,0.81,0.99,10909.2,0.84672462,-367.2461968
7800,-1789,9956,12926,12434,13073,9828,0.8,0.99,11147.9,0.852742293,-527.4229328
7800,-1782,10451,12655,12885,12801,9828,0.81,0.99,10795.3,0.843316928,-333.1692836
7800,-1780,10435,12860,12895,13017,9828,0.81,0.99,11065.1,0.850049935,-400.499347
7800,-1778,10418,12683,12853,12824,9826,0.81,0.99,10830.2,0.844525889,-345.2588896
7800,-1761,10358,12926,12817,13087,9822,0.81,0.99,11152.1,0.85215099,-421.5098953
7800,-1791,10375,12869,12840,13022,9817,0.81,0.99,11075.6,0.850529873,-405.2987252
7801,-1768,10392,12905,12836,13061,9814,0.81,0.99,11123.3,0.851642294,-416.4229385
7800,-1770,10297,12934,12824,13092,9814,0.8,0.99,11161.6,0.852551176,-525.5117629
7801,-1784,10430,12879,12888,13030,9816,0.81,0.99,11088,0.850959325,-409.5932464
7800,-1784,10395,12944,12890,13099,9818,0.81,0.99,11173.7,0.853019314,-430.1931445
7800,-1774,10478,12806,12912,12954,9820,0.81,0.99,10992.2,0.84855643,-385.5643045
7800,-1779,10299,12586,12840,12746,9821,0.8,0.99,10709.8,0.840247921,-402.4792092
7800,-1776,10471,12734,12925,12878,9820,0.81,0.99,10897.4,0.846202827,-362.0282653
7800,-1770,10438,12774,12860,12920,9817,0.81,0.99,10950,0.84752322,-375.2321981
7800,-1758,10417,12893,12876,13051,9815,0.81,0.99,11108.3,0.851145506,-411.4550609
7800,-1764,10372,12892,12834,13048,9813,0.81,0.99,11106.4,0.851195586,-411.9558553
7800,-1777,10423,12888,12907,13035,9813,0.81,0.99,11098.5,0.851438435,-414.3843498
7800,-1760,10485,12671,12929,12812,9810,0.81,0.99,10814.6,0.844099282,-340.9928192
7800,-1768,10373,12907,12832,13058,9805,0.81,0.99,11124.4,0.851922193,-419.2219329
7800,-1790,10361,12928,12844,13082,9801,0.81,0.99,11152.6,0.852514906,-425.1490598
7800,-1762,10152,13011,12663,13170,9800,0.8,0.99,11262,0.855125285,-551.2528474
7800,-1791,10480,12851,12921,13008,9800,0.81,0.99,11053.4,0.849738622,-397.3862239
7800,-1754,10335,12864,12757,13014,9801,0.81,0.99,11068.2,0.850484094,-404.8409405
7800,-1771,10366,12873,12854,13029,9801,0.81,0.99,11081.7,0.850541101,-405.4110062
7801,-1767,10423,12900,12901,13055,9802,0.81,0.99,11116.5,0.85151283,-415.1283033
7800,-1764,10409,12915,12900,13073,9801,0.81,0.99,11136.9,0.851900864,-419.0086438
7800,-1763,10399,12884,12858,13039,9799,0.81,0.99,11095.7,0.850962497,-409.6249712
7800,-1774,10455,12656,12897,12796,9795,0.81,0.99,10794.8,0.843607377,-336.0737731
7800,-1763,10298,12964,12799,13118,9791,0.8,0.99,11199.4,0.853742949,-537.4294862
7800,-1766,10445,12846,12907,12996,9789,0.81,0.99,11044.8,0.849861496,-398.6149584
7800,-1771,10251,12994,12789,13143,9790,0.8,0.99,11236.9,0.854972229,-549.7222856
7800,-1784,10256,12523,12787,12672,9798,0.8,0.99,10624.6,0.838431187,-384.3118687
7800,-1770,10414,12666,12843,12808,9806,0.81,0.99,10808.4,0.843878826,-338.7882573
7800,-1765,10357,12929,12850,13092,9813,0.81,0.99,11156.6,0.852169264,-421.6926367
7800,-1765,10354,12880,12818,13032,9813,0.81,0.99,11089.6,0.850951504,-409.5150399
7800,-1786,10344,12919,12816,13066,9813,0.81,0.99,11138.8,0.852502679,-425.0267871
7800,-1771,10382,12905,12878,13065,9813,0.81,0.99,11124.5,0.851473402,-414.7340222
7800,-1764,10323,12968,12823,13127,9813,0.81,0.99,11206.1,0.853668012,-436.6801249
7800,-1771,10322,12909,12826,13067,9813,0.8,0.99,11129.1,0.85169511,-516.9510982
7800,-1775,10384,12717,12811,12860,9812,0.81,0.99,10875,0.845645412,-356.4541213
7800,-1772,10218,13037,12769,13196,9815,0.8,0.99,11295.8,0.856001819,-560.0181873
7800,-1781,10412,12820,12863,12984,9819,0.81,0.99,11015.2,0.848367221,-383.672212
7800,-1790,10329,12893,12837,13052,9822,0.8,0.99,11108.6,0.851103279,-511.0327919
7800,-1769,10403,12912,12853,13073,9822,0.81,0.99,11133.9,0.851671384,-416.7138377
7800,-1763,10423,12816,12865,12975,9820,0.81,0.99,11008.5,0.848439306,-384.3930636
7800,-1777,10315,12870,12829,13019,9815,0.8,0.99,11075.7,0.850733543,-507.3354328
7800,-1767,10421,12801,12876,12956,9810,0.81,0.99,10987.8,0.848085829,-380.8582896
7800,-1773,10401,12917,12858,13074,9807,0.81,0.99,11139.2,0.852011626,-420.1162613
7801,-1751,10429,12775,12860,12918,9808,0.81,0.99,10950.4,0.8476854,-376.8540022
7800,-1783,10410,12724,12847,12863,9812,0.81,0.99,10882.9,0.846062349,-360.6234937
7800,-1768,10243,12994,12799,13158,9817,0.8,0.99,11241.4,0.854339565,-543.3956528
7800,-1778,10375,12211,12821,12359,9823,0.81,0.99,10218.7,0.826822558,-168.2255846
7800,-1796,10391,12839,12870,12997,9824,0.81,0.99,11038.1,0.849280603,-392.8060322
7800,-1762,10344,12916,12785,13078,9824,0.81,0.99,11139.4,0.851766325,-417.6632513
7800,-1767,10392,12913,12907,13062,9823,0.81,0.99,11131.6,0.852212525,-422.1252488
7800,-1770,10410,12732,12832,12878,9823,0.81,0.99,10895.4,0.846047523,-360.4752291
7800,-1770,10429,12810,12864,12960,9823,0.81,0.99,10998,0.848611111,-386.1111111
7800,-1780,10457,12645,12898,12787,9822,0.81,0.99,10781.1,0.843129741,-331.2974114
7800,-1751,10405,12910,12879,13067,9823,0.81,0.99,11130.1,0.851771638,-417.7163848
7800,-1781,10384,12892,12843,13048,9824,0.81,0.99,11106.4,0.851195586,-411.9558553
7800,-1757,10317,12950,12835,13105,9825,0.8,0.99,11181.5,0.85322396,-532.2396032
7800,-1781,10449,12796,12886,12949,9825,0.81,0.99,10980.7,0.847995984,-379.9598425
7801,-1765,10392,12852,12865,13004,9822,0.81,0.99,11053.2,0.84998462,-399.8462012
7800,-1773,10379,12925,12867,13076,9811,0.81,0.99,11147.8,0.852539003,-425.3900275
7800,-1769,10436,12901,12912,13052,9800,0.81,0.99,11116.6,0.851716212,-417.1621207
7800,-1768,10420,12789,12869,12936,9792,0.81,0.99,10969.8,0.848005566,-380.0556586
7800,-1768,10462,12757,12916,12905,9792,0.81,0.99,10928.5,0.846842309,-368.4230918
7800,-1754,10391,12877,12824,13029,9799,0.81,0.99,11085.7,0.850848108,-408.4810807
7800,-1762,10439,12826,12885,12979,9811,0.81,0.99,11019.7,0.849040758,-390.4075815
7800,-1793,10409,12837,12850,12995,9822,0.81,0.99,11035.5,0.849211235,-392.1123509
7800,-1792,10339,12907,12852,13069,9826,0.8,0.99,11127.7,0.851457648,-514.5764787
7800,-1769,10465,12738,12903,12883,9826,0.81,0.99,10902.9,0.846301327,-363.0132733
7800,-1789,10275,12590,12814,12730,9824,0.8,0.99,10709,0.841241163,-412.4116261
7800,-1778,10476,12753,12914,12903,9822,0.81,0.99,10923.9,0.846617066,-366.170658
7800,-1768,10315,12973,12818,13132,9820,0.8,0.99,11212.6,0.853837953,-538.3795309
7800,-1771,10471,12697,12905,12842,9820,0.81,0.99,10849.6,0.844852827,-348.5282666
7800,-1771,10357,12931,12837,13091,9817,0.81,0.99,11158.3,0.85236422,-423.6421969
7800,-1782,10341,12924,12841,13082,9813,0.81,0.99,11148.6,0.852209142,-422.0914233
7801,-1762,10295,12952,12829,13115,9808,0.8,0.99,11186.5,0.852954632,-529.546321
7800,-1764,10471,12780,12925,12928,9806,0.81,0.99,10958.4,0.847648515,-376.4851485
7800,-1770,10360,12880,12898,13035,9806,0.8,0.99,11090.5,0.850824703,-508.2470272
7800,-1760,10437,12793,12865,12942,9812,0.81,0.99,10975.6,0.848060578,-380.6057796
7800,-1783,10380,12723,12800,12867,9819,0.81,0.99,10883.1,0.845814875,-358.1487526
7800,-1763,10391,12872,12835,13029,9825,0.81,0.99,11080.7,0.850464349,-404.6434876
7800,-1759,10408,12827,12895,12985,9826,0.81,0.99,11022.5,0.848864074,-388.6407393
7800,-1770,10432,12889,12886,13042,9824,0.81,0.99,11101.6,0.851219138,-412.1913817
7800,-1760,10458,12739,12899,12893,9818,0.81,0.99,10906.9,0.845955169,-359.5516947
7800,-1758,10386,12858,12859,13011,9812,0.81,0.99,11061.3,0.850149873,-401.4987318
7800,-1762,10352,12924,12824,13081,9808,0.81,0.99,11148.3,0.852251357,-422.5135693
7800,-1794,10265,12669,12799,12816,9808,0.8,0.99,10813.8,0.843773408,-437.7340824
7800,-1781,10341,12816,12808,12966,9809,0.81,0.99,11005.8,0.848819991,-388.1999075
7800,-1785,10342,12312,12838,12448,9809,0.81,0.99,10346.4,0.831169666,-211.6966581
7800,-1767,10386,12704,12804,12851,9810,0.81,0.99,10859.3,0.845015952,-350.1595207
7800,-1776,10365,12667,12787,12813,9810,0.81,0.99,10810.9,0.843744634,-337.4463436
7801,-1763,10395,12813,12845,12956,9809,0.81,0.99,10999.8,0.849012041,-390.1204075
7800,-1769,10431,12898,12890,13051,9807,0.81,0.99,11113.3,0.851528618,-415.286185
7800,-1769,10393,12845,12866,13004,9804,0.81,0.99,11046.2,0.849446324,-394.4632421
7800,-1756,10465,12799,12909,12942,9801,0.81,0.99,10981.6,0.848524185,-385.2418482
7800,-1761,10412,12841,12841,12992,9801,0.81,0.99,11038.6,0.849645936,-396.4593596
7800,-1783,10420,12885,12856,13037,9804,0.81,0.99,11096.1,0.851123725,-411.2372478
7800,-1772,10268,12931,12807,13081,9808,0.8,0.99,11155.3,0.852786484,-527.8648421
7800,-1774,10406,12719,12845,12879,9812,0.81,0.99,10882.7,0.844995729,-349.9572948
7800,-1783,10378,12663,12801,12806,9813,0.81,0.99,10804.8,0.843729502,-337.295018
7800,-1783,10376,12860,12848,13022,9813,0.81,0.99,11066.6,0.849838734,-398.3873445
7800,-1761,10457,12765,12905,12911,9814,0.81,0.99,10938.3,0.847207807,-372.078073
7800,-1775,10387,12879,12875,13036,9815,0.81,0.99,11089.8,0.850705738,-407.0573796
7800,-1768,10343,12981,12834,13145,9816,0.81,0.99,11224.5,0.853898821,-438.9882084
7800,-1784,10382,12882,12866,13040,9816,0.81,0.99,11094,0.850766871,-407.6687117
7800,-1761,10379,12930,12843,13089,9818,0.81,0.99,11156.7,0.852372221,-423.7222095
7800,-1776,10412,12654,12844,12792,9822,0.81,0.99,10791.6,0.843621013,-336.2101313
7800,-1755,10314,12936,12806,13087,9826,0.81,0.99,11162.1,0.852915107,-429.1510659
7800,-1774,10240,12653,12772,12807,9828,0.8,0.99,10795.1,0.842906223,-429.0622316
7800,-1773,10432,12706,12858,12847,9828,0.81,0.99,10860.1,0.845341325,-353.4132482
7800,-1767,10416,12674,12844,12818,9822,0.81,0.99,10819.4,0.844078639,-340.7863941
7800,-1747,10363,12909,12809,13071,9816,0.81,0.99,11130.3,0.85152628,-415.2627955
7800,-1811,10278,12566,12825,12713,9809,0.8,0.99,10679.9,0.840077086,-400.7708645
7800,-1772,10421,12884,12897,13037,9809,0.81,0.99,11095.1,0.85104702,-410.4702002
7800,-1781,10288,12736,12823,12879,9809,0.8,0.99,10899.7,0.846315708,-463.1570774
7800,-1790,10395,12895,12890,13057,9808,0.81,0.99,11112.1,0.851045416,-410.4541625
7800,-1788,10473,12726,12913,12877,9808,0.81,0.99,10889.1,0.845623981,-356.2398074
7800,-1776,10192,12974,12735,13133,9807,0.8,0.99,11213.9,0.853871926,-538.7192568
7800,-1765,10468,12870,12927,13027,9808,0.81,0.99,11078.1,0.850395333,-403.9533277
7801,-1785,10445,12672,12885,12815,9804,0.81,0.99,10816.5,0.844049941,-340.4994147
7800,-1776,10441,12672,12876,12817,9801,0.81,0.99,10817.1,0.843965046,-339.6504642
7800,-1767,10349,12927,12856,13089,9798,0.8,0.99,11153.7,0.852143021,-521.4302086
7800,-1783,10406,12702,12832,12853,9798,0.81,0.99,10857.9,0.844775539,-347.7553878
7800,-1773,10315,12920,12825,13088,9799,0.8,0.99,11146.4,0.851650367,-516.5036675
7800,-1770,10357,12908,12852,13056,9802,0.81,0.99,11124.8,0.852083333,-420.8333333
7800,-1765,10336,12921,12842,13064,9806,0.8,0.99,11140.2,0.852740355,-527.4035517
7800,-1769,10342,12950,12843,13113,9808,0.81,0.99,11183.9,0.852886449,-428.8644856
7800,-1771,10401,12771,12834,12914,9807,0.81,0.99,10945.2,0.8475453,-375.4529967
7800,-1764,10407,12665,12835,12816,9806,0.81,0.99,10809.8,0.843461298,-334.6129838
7800,-1775,10357,12908,12858,13061,9804,0.81,0.99,11126.3,0.851871985,-418.719853
7800,-1759,10444,12876,12884,13034,9802,0.81,0.99,11086.2,0.850560074,-405.6007365
7800,-1752,10415,12944,12880,13101,9801,0.81,0.99,11174.3,0.85293489,-429.3489047
7800,-1767,10397,12866,12865,13021,9802,0.81,0.99,11072.3,0.850341756,-403.4175563
7800,-1773,10436,12818,12881,12969,9809,0.81,0.99,11008.7,0.848847251,-388.4725114
7800,-1764,10370,12883,12833,13034,9815,0.81,0.99,11093.2,0.851097131,-410.9713058
7800,-1764,10376,12933,12864,13099,9820,0.81,0.99,11162.7,0.852179556,-421.7955569
7800,-1777,10425,12679,12862,12821,9821,0.81,0.99,10825.3,0.844341315,-343.4131503
7800,-1790,10106,12940,12636,13087,9816,0.8,0.99,11166.1,0.853220753,-532.2075342
7800,-1780,10302,12556,12851,12703,9809,0.8,0.99,10666.9,0.839715028,-397.1502795
7800,-1780,10458,12712,12895,12857,9802,0.81,0.99,10869.1,0.845383838,-353.838376
7800,-1763,10410,12859,12828,13009,9800,0.81,0.99,11061.7,0.850311323,-403.1132293
7800,-1770,10431,12710,12870,12848,9802,0.81,0.99,10864.4,0.845610212,-356.1021171
7800,-1783,10449,12778,12892,12927,9810,0.81,0.99,10956.1,0.847536165,-375.3616462
7800,-1760,10406,12861,12850,13014,9817,0.81,0.99,11065.2,0.850253573,-402.5357308
7801,-1768,10451,12640,12889,12783,9823,0.81,0.99,10774.9,0.84290855,-329.0855042
7800,-1760,10385,12854,12837,13006,9823,0.81,0.99,11055.8,0.850053821,-400.5382131
7800,-1787,10399,12810,12856,12965,9823,0.81,0.99,10999.5,0.848399537,-383.9953722
7800,-1766,10108,12936,12628,13093,9824,0.8,0.99,11163.9,0.852661728,-526.6172764
7800,-1765,10336,12897,12832,13055,9824,0.81,0.99,11113.5,0.851283033,-412.8303332
7800,-1777,10430,12770,12869,12916,9824,0.81,0.99,10944.8,0.847383091,-373.8309074
7800,-1776,10335,12909,12852,13068,9824,0.8,0.99,11129.4,0.851652893,-516.5289256
7800,-1767,10442,12637,12888,12778,9819,0.81,0.99,10770.4,0.842886211,-328.8621067
7800,-1771,10401,12859,12834,13022,9815,0.81,0.99,11065.6,0.849761941,-397.6194133
7800,-1757,10437,12774,12868,12928,9810,0.81,0.99,10952.4,0.847184406,-371.8440594
7800,-1755,10364,12882,12865,13050,9810,0.81,0.99,11097,0.850344828,-403.4482759
7800,-1776,10299,12884,12805,13043,9811,0.8,0.99,11096.9,0.850793529,-507.935291
7800,-1765,10373,12937,12850,13093,9812,0.81,0.99,11164.9,0.852738104,-427.3810433
7800,-1772,10321,12874,12833,13022,9813,0.8,0.99,11080.6,0.850913838,-509.1383812
7800,-1767,10437,12841,12874,13005,9813,0.81,0.99,11042.5,0.849096501,-390.9650135
7800,-1775,10490,12652,12938,12794,9813,0.81,0.99,10790.2,0.843379709,-333.7970924
7800,-1776,10408,12876,12885,13042,9814,0.81,0.99,11088.6,0.850222359,-402.2235853
7800,-1772,10375,12924,12847,13080,9815,0.81,0.99,11148,0.852293578,-422.9357798
7800,-1764,10407,12854,12883,13005,9815,0.81,0.99,11055.5,0.850096117,-400.9611688
7800,-1763,10323,12934,12802,13091,9815,0.81,0.99,11161.3,0.852593385,-425.9338477
7800,-1784,10394,12829,12841,12981,9816,0.81,0.99,11023.3,0.849187274,-391.8727371
7800,-1776,10415,12886,12892,13038,9817,0.81,0.99,11097.4,0.851158153,-411.5815309
7800,-1788,10279,12988,12805,13146,9819,0.8,0.99,11231.8,0.854389168,-543.8916781
7800,-1776,10297,13005,12839,13169,9820,0.8,0.99,11255.7,0.854711823,-547.1182322
7800,-1760,10460,12758,12900,12913,9820,0.81,0.99,10931.9,0.846580965,-365.8096492
7800,-1781,10379,12839,12839,12988,9821,0.81,0.99,11035.4,0.849661226,-396.6122575
7800,-1771,10360,12898,12831,13054,9823,0.81,0.99,11114.2,0.851401869,-414.0186916
7800,-1777,10308,12883,12833,13046,9825,0.8,0.99,11096.8,0.850590219,-505.9021922
7800,-1793,10350,12909,12845,13069,9826,0.81,0.99,11129.7,0.851610682,-416.1068177
7800,-1785,10351,12929,12818,13089,9825,0.81,0.99,11155.7,0.852295821,-422.9582092
7800,-1773,10468,12848,12927,12999,9822,0.81,0.99,11047.7,0.849888453,-398.8845296
7800,-1769,10431,12660,12865,12804,9818,0.81,0.99,10801.2,0.843580131,-335.8013121
7800,-1764,10358,12912,12836,13068,9816,0.81,0.99,11132.4,0.851882461,-418.8246097
7800,-1775,10299,12893,12807,13045,9816,0.8,0.99,11106.5,0.851399003,-513.9900345
7800,-1811,10447,12891,12933,13054,9811,0.81,0.99,11107.2,0.850865635,-408.6563505
7800,-1749,10226,12847,12628,13002,9804,0.81,0.99,11047.6,0.849684664,-396.846639
7800,-1760,10412,12934,12870,13090,9797,0.81,0.99,11161,0.8526356,-426.3559969
7800,-1778,10337,12916,12860,13079,9794,0.8,0.99,11139.7,0.851724138,-517.2413793
7800,-1795,10299,12963,12833,13119,9795,0.8,0.99,11198.7,0.853624514,-536.2451406
7800,-1768,10332,12907,12817,13066,9798,0.81,0.99,11126.8,0.851584265,-415.842645
7800,-1762,10369,12883,12847,13043,9801,0.81,0.99,11095.9,0.85071686,-407.1685962
7800,-1788,10404,12938,12894,13100,9804,0.81,0.99,11168,0.852519084,-425.1908397
7800,-1782,10463,12781,12908,12922,9804,0.81,0.99,10957.6,0.847980189,-379.8018883
7800,-1771,10308,12953,12804,13111,9805,0.81,0.99,11186.3,0.853199603,-431.9960339
7801,-1762,10402,12696,12825,12857,9808,0.81,0.99,10853.1,0.844139379,-341.3937933
7800,-1795,10278,12619,12816,12756,9811,0.8,0.99,10745.8,0.842411414,-424.1141424
7800,-1785,10450,12779,12889,12930,9813,0.81,0.99,10958,0.847486466,-374.8646558
7800,-1759,10383,12842,12871,13001,9813,0.81,0.99,11042.3,0.849342358,-393.4235828
7800,-1765,10409,12824,12855,12975,9811,0.81,0.99,11016.5,0.849055877,-390.5587669
7800,-1760,10427,12685,12856,12834,9808,0.81,0.99,10835.2,0.844257441,-342.5744117
7800,-1766,10331,12949,12839,13108,9805,0.8,0.99,11181.4,0.853021056,-530.2105584
7800,-1765,10435,12874,12892,13019,9805,0.81,0.99,11079.7,0.851040787,-410.4078654
7800,-1789,10361,12901,12855,13054,9804,0.81,0.99,11117.2,0.851631684,-416.3168378
7800,-1757,10405,12938,12840,13085,9803,0.81,0.99,11163.5,0.853152465,-431.5246465
7800,-1761,10415,12861,12841,13015,9801,0.81,0.99,11065.5,0.850211295,-402.1129466
7800,-1767,10399,12886,12878,13038,9799,0.81,0.99,11097.4,0.851158153,-411.5815309
7800,-1791,10405,12914,12893,13077,9799,0.81,0.99,11137.1,0.851655578,-416.555785
7800,-1755,10411,12880,12885,13038,9804,0.81,0.99,11091.4,0.85069796,-406.9795981
7800,-1777,10359,12926,12836,13091,9809,0.81,0.99,11153.3,0.851982278,-419.822779
7800,-1758,10390,12899,12860,13061,9814,0.81,0.99,11117.3,0.851182911,-411.8291096
7800,-1770,10302,12942,12830,13104,9814,0.8,0.99,11173.2,0.852655678,-526.5567766
7800,-1769,10420,12629,12848,12774,9814,0.81,0.99,10761.2,0.842429936,-324.2993581
7800,-1780,10390,12905,12876,13057,9814,0.81,0.99,11122.1,0.851811289,-418.1128896
7800,-1763,10336,12927,12843,13089,9815,0.8,0.99,11153.7,0.852143021,-521.4302086
7800,-1785,10227,12591,12760,12747,9815,0.8,0.99,10715.1,0.840597788,-405.9778771
7800,-1785,10442,12697,12885,12837,9816,0.81,0.99,10848.1,0.845065046,-350.6504635
7800,-1776,10419,12824,12856,12975,9816,0.81,0.99,11016.5,0.849055877,-390.5587669
7800,-1761,10417,12854,12877,13015,9817,0.81,0.99,11058.5,0.849673454,-396.7345371
7800,-1767,10406,12907,12874,13067,9818,0.81,0.99,11127.1,0.851542052,-415.420525
7800,-1760,10407,12823,12841,12973,9818,0.81,0.99,11014.9,0.849063439,-390.6343945
7800,-1772,10319,12956,12845,13108,9818,0.8,0.99,11188.4,0.853555081,-535.5508087
7800,-1790,10379,12898,12868,13053,9816,0.81,0.99,11113.9,0.851444112,-414.4411246
7800,-1793,10383,12913,12889,13069,9814,0.81,0.99,11133.7,0.85191675,-419.1674956
7800,-1776,10273,12919,12839,13064,9813,0.8,0.99,11138.2,0.852587263,-525.8726271
7800,-1785,10320,12504,12847,12649,9812,0.8,0.99,10598.7,0.837908135,-379.0813503
7800,-1765,10396,12876,12819,13025,9814,0.81,0.99,11083.5,0.850940499,-409.4049904
7800,-1791,10443,12809,12870,12959,9816,0.81,0.99,10996.7,0.848576279,-385.7627903
7800,-1756,10417,12920,12896,13079,9819,0.81,0.99,11143.7,0.852029972,-420.2997171
7800,-1769,10389,12841,12835,12995,9820,0.81,0.99,11039.5,0.849519046,-395.1904579
7800,-1776,10418,12940,12909,13101,9821,0.81,0.99,11170.3,0.85262957,-426.2957026
7800,-1760,10384,12907,12866,13055,9826,0.81,0.99,11123.5,0.852049023,-420.4902336
7801,-1748,10402,12899,12847,13056,9832,0.81,0.99,11115.8,0.851393995,-413.939951
7800,-1769,10415,12951,12895,13112,9836,0.81,0.99,11184.6,0.853004881,-430.0488103
7800,-1751,10322,12907,12795,13072,9837,0.81,0.99,11128.6,0.851331089,-413.3108935
7800,-1789,10307,12630,12858,12788,9832,0.8,0.99,10766.4,0.841914295,-419.1429465
7800,-1809,10342,12908,12851,13060,9826,0.8,0.99,11126,0.851914242,-519.1424196
7800,-1759,10351,12961,12864,13123,9819,0.8,0.99,11197.9,0.853303361,-533.0336051
7800,-1787,10316,12957,12828,13113,9816,0.8,0.99,11190.9,0.85342027,-534.2026996
7800,-1782,10348,12851,12850,13014,9816,0.81,0.99,11055.2,0.84948517,-394.8516982
7800,-1785,10442,12764,12881,12919,9810,0.81,0.99,10939.7,0.846791547,-367.9154733
7800,-1783,10432,12934,12889,13092,9804,0.81,0.99,11161.6,0.852551176,-425.5117629
7800,-1760,10440,12755,12883,12910,9797,0.81,0.99,10928,0.8464756,-364.7560031
7800,-1790,10387,12799,12839,12951,9797,0.81,0.99,10984.3,0.848143001,-381.4300054
7800,-1755,10386,13008,12818,13175,9799,0.81,0.99,11260.5,0.854686907,-446.8690702
7800,-1787,10387,12897,12868,13061,9803,0.81,0.99,11115.3,0.851029783,-410.2978332
7800,-1784,10278,12625,12818,12766,9807,0.8,0.99,10754.8,0.842456525,-424.5652514
7800,-1756,10438,12879,12902,13038,9809,0.81,0.99,11090.4,0.850621261,-406.2126093
7800,-1765,10434,12849,12888,13011,9809,0.81,0.99,11052.3,0.849458151,-394.581508
7800,-1758,10395,12899,12844,13058,9811,0.81,0.99,11116.4,0.851309542,-413.0954204
7800,-1765,10458,12789,12899,12942,9814,0.81,0.99,10971.6,0.847751507,-377.5150672
7800,-1766,10355,12930,12889,13085,9817,0.8,0.99,11155.5,0.852541078,-525.4107757
7800,-1755,10423,12964,12886,13128,9818,0.81,0.99,11202.4,0.853321146,-433.2114564
7800,-1767,10395,12836,12845,12987,9818,0.81,0.99,11032.1,0.849472549,-394.7254947
7800,-1756,10357,12916,12854,13070,9816,0.81,0.99,11137,0.852104055,-421.0405509
7800,-1772,10385,12738,12854,12891,9814,0.81,0.99,10905.3,0.845962299,-359.6229928
7800,-1778,10446,12660,12888,12806,9813,0.81,0.99,10801.8,0.843495237,-334.9523661
7800,-1778,10450,12761,12885,12915,9813,0.81,0.99,10935.5,0.84672861,-367.2861014
7800,-1757,10398,12900,12885,13059,9816,0.81,0.99,11117.7,0.851343901,-413.4390076
7800,-1787,10318,12955,12868,13116,9819,0.8,0.99,11189.8,0.853141202,-531.4120159
7800,-1757,10378,12832,12851,12986,9822,0.81,0.99,11027.8,0.849206838,-392.0683813
7800,-1762,10442,12757,12878,12905,9823,0.81,0.99,10928.5,0.846842309,-368.4230918
7800,-1761,10368,12900,12857,13059,9822,0.81,0.99,11117.7,0.851343901,-413.4390076
7800,-1803,10352,12907,12865,13072,9821,0.8,0.99,11128.6,0.851331089,-513.3108935
7800,-1765,10379,12707,12821,12847,9821,0.81,0.99,10861.1,0.845419164,-354.1916401
7800,-1764,10417,12902,12878,13065,9820,0.81,0.99,11121.5,0.851243781,-412.4378109
7800,-1780,10345,12844,12806,12999,9820,0.81,0.99,11043.7,0.849580737,-395.8073698
7800,-1771,10284,12918,12790,13080,9819,0.8,0.99,11142,0.851834862,-518.3486239
7800,-1770,10362,12898,12872,13063,9819,0.81,0.99,11116.9,0.85102197,-410.2197045
7800,-1756,10364,12877,12820,13038,9818,0.81,0.99,11088.4,0.850467863,-404.6786317
7800,-1752,10358,12925,12840,13083,9818,0.81,0.99,11149.9,0.852243369,-422.4336926
7800,-1781,10329,12937,12860,13096,9818,0.8,0.99,11165.8,0.852611484,-526.1148442
7800,-1766,10351,12919,12853,13079,9812,0.81,0.99,11142.7,0.851953513,-419.5351327
7800,-1774,10446,12717,12899,12864,9805,0.81,0.99,10876.2,0.845475746,-354.7574627
7800,-1789,10371,12755,12842,12904,9800,0.81,0.99,10926.2,0.846729696,-367.2969622
7800,-1770,10435,12762,12865,12918,9800,0.81,0.99,10937.4,0.846679052,-366.7905248
7800,-1777,10424,12633,12858,12773,9800,0.81,0.99,10764.9,0.842785563,-327.855633
7800,-1783,10334,12890,12847,13048,9800,0.8,0.99,11104.4,0.851042305,-510.4230533
7800,-1784,10286,12933,12794,13088,9800,0.8,0.99,11159.4,0.852643643,-526.4364303
7800,-1773,10348,12925,12815,13084,9799,0.81,0.99,11150.2,0.852201162,-422.0116172
7800,-1753,10409,12794,12854,12948,9799,0.81,0.99,10978.4,0.847883843,-378.8384306
7800,-1760,10454,12805,12895,12955,9796,0.81,0.99,10991.5,0.848436897,-384.3689695
7800,-1773,10389,12957,12887,13121,9794,0.81,0.99,11193.3,0.853082844,-430.828443
7800,-1768,10331,12795,12806,12940,9791,0.81,0.99,10977,0.848299845,-382.9984544
7800,-1766,10314,12953,12814,13113,9791,0.8,0.99,11186.9,0.853115229,-531.1522916
7801,-1764,10446,12835,12899,12988,9793,0.81,0.99,11031.4,0.849353249,-393.5324915
7800,-1754,10368,12904,12824,13058,9800,0.81,0.99,11121.4,0.851692449,-416.9244907
7800,-1767,10372,12911,12834,13073,9806,0.81,0.99,11132.9,0.85159489,-415.9489023
7800,-1767,10341,12912,12845,13072,9810,0.81,0.99,11133.6,0.851713586,-417.1358629
7800,-1762,10371,12904,12847,13062,9810,0.81,0.99,11122.6,0.851523503,-415.2350329
7800,-1749,10410,12764,12861,12915,9808,0.81,0.99,10938.5,0.846960898,-369.6089818
7800,-1781,10416,12842,12840,12997,9806,0.81,0.99,11041.1,0.849511426,-395.1142571
7800,-1772,10372,12842,12863,12998,9803,0.81,0.99,11041.4,0.849469149,-394.691491
7800,-1770,10413,12888,12891,13052,9803,0.81,0.99,11103.6,0.850720196,-407.2019614
7800,-1769,10343,12864,12877,13017,9804,0.8,0.99,11069.1,0.850357225,-503.5722517
7800,-1774,10353,12366,12868,12516,9807,0.8,0.99,10420.8,0.832598274,-325.9827421
7800,-1783,10371,12865,12846,13023,9811,0.81,0.99,11071.9,0.85018045,-401.8044997
7800,-1775,10457,12604,12903,12751,9813,0.81,0.99,10729.3,0.84144773,-314.4772959
7800,-1763,10294,12941,12815,13106,9812,0.8,0.99,11172.8,0.85249504,-524.9504044
7800,-1766,10338,12851,12782,13009,9814,0.81,0.99,11053.7,0.849696364,-396.9636406
7800,-1765,10378,12931,12888,13092,9815,0.81,0.99,11158.6,0.852322029,-423.2202872
7800,-1767,10379,12847,12853,12991,9816,0.81,0.99,11044.3,0.850150104,-401.5010392
7800,-1753,10433,12786,12863,12942,9817,0.81,0.99,10968.6,0.847519703,-375.1970329
7801,-1772,10458,12871,12899,13028,9817,0.81,0.99,11079.4,0.850429843,-404.2984341
7800,-1757,10118,13020,12486,13179,9816,0.81,0.99,11273.7,0.855429092,-454.2909174
7800,-1762,10447,12763,12905,12920,9816,0.81,0.99,10939,0.846671827,-366.7182663
7800,-1787,10454,12641,12899,12784,9815,0.81,0.99,10776.2,0.842944305,-329.4430538
7800,-1783,10415,12845,12868,13006,9816,0.81,0.99,11046.8,0.849361833,-393.61833
7800,-1759,10443,12839,12879,12992,9817,0.81,0.99,11036.6,0.849491995,-394.9199507
7800,-1791,10384,12948,12875,13111,9819,0.81,0.99,11181.3,0.852818244,-428.1824422
7800,-1773,10259,12932,12788,13098,9820,0.8,0.99,11161.4,0.852145366,-521.453657
7800,-1781,10387,12914,12889,13072,9821,0.81,0.99,11135.6,0.851866585,-418.6658507
7800,-1755,10342,12866,12806,13019,9821,0.81,0.99,11071.7,0.8504263,-404.2630002
7800,-1780,10391,12872,12858,13032,9818,0.81,0.99,11081.6,0.85033763,-403.3763045
7800,-1785,10322,12926,12844,13087,9815,0.8,0.99,11152.1,0.85215099,-521.5098953
7800,-1757,10401,12666,12840,12828,9812,0.81,0.99,10814.4,0.84303087,-330.3086997
7800,-1778,10353,12913,12823,13066,9812,0.81,0.99,11132.8,0.852043472,-420.4347161
7800,-1792,10315,12580,12863,12731,9813,0.8,0.99,10699.3,0.840413165,-404.1316472
7800,-1754,10394,12882,12888,13044,9813,0.81,0.99,11095.2,0.850597976,-405.9797608
7800,-1786,10418,12889,12883,13047,9814,0.81,0.99,11103.1,0.851007895,-410.0789454
7800,-1760,10415,12951,12893,13115,9814,0.81,0.99,11185.5,0.852878384,-428.7838353
7800,-1754,10444,12842,12882,12993,9814,0.81,0.99,11039.9,0.849680597,-396.8059724
7800,-1768,10390,12918,12871,13082,9815,0.81,0.99,11142.6,0.851750497,-417.5049687
7800,-1793,10423,12756,12854,12906,9817,0.81,0.99,10927.8,0.846722455,-367.2245467
7800,-1761,10362,13041,12797,13202,9818,0.81,0.99,11301.6,0.856052113,-460.5211332
7800,-1768,10419,12809,12865,12963,9818,0.81,0.99,10997.9,0.848407005,-384.0700455
7800,-1773,10200,12800,12643,12952,9816,0.81,0.99,10985.6,0.848177888,-381.7788758
7800,-1774,10320,12900,12826,13062,9811,0.8,0.99,11118.6,0.851217271,-512.1727147
7800,-1798,10375,12926,12894,13083,9806,0.8,0.99,11150.9,0.852319804,-523.1980433
7800,-1780,10417,12870,12867,13028,9803,0.81,0.99,11078.4,0.850353086,-403.5308566
7800,-1766,10392,12887,12869,13047,9803,0.81,0.99,11101.1,0.850854603,-408.5460259
7800,-1768,10407,12879,12877,13038,9799,0.81,0.99,11090.4,0.850621261,-406.2126093
7800,-1766,10424,12674,12860,12819,9795,0.81,0.99,10819.7,0.844036196,-340.3619627
7800,-1779,10392,12967,12882,13119,9790,0.81,0.99,11202.7,0.853929415,-439.2941535
7800,-1773,10239,12843,12792,12993,9789,0.8,0.99,11040.9,0.849757562,-497.5756176
7800,-1780,10308,12506,12855,12662,9790,0.8,0.99,10604.6,0.837513821,-375.1382088
7800,-1770,10380,12920,12868,13080,9794,0.81,0.99,11144,0.851987768,-419.8776758
7800,-1761,10407,12892,12896,13054,9798,0.81,0.99,11108.2,0.85094224,-409.4223993
7800,-1753,10407,12845,12877,13009,9801,0.81,0.99,11047.7,0.849235145,-392.351449
7800,-1776,10417,12869,12872,13036,9801,0.81,0.99,11079.8,0.849938631,-399.3863148
7800,-1762,10421,12720,12846,12866,9805,0.81,0.99,10879.8,0.845624126,-356.241256
7800,-1771,10333,12934,12853,13098,9810,0.8,0.99,11163.4,0.852298061,-522.9806077
7800,-1797,10433,12882,12895,13043,9814,0.81,0.99,11094.9,0.85064019,-406.4019014
7800,-1791,10345,12913,12857,13073,9816,0.8,0.99,11134.9,0.851747877,-517.478773
7800,-1776,10228,12989,12775,13152,9816,0.8,0.99,11234.6,0.854212287,-542.122871
7800,-1766,10404,12881,12896,13045,9819,0.81,0.99,11094.5,0.850479111,-404.7911077
7800,-1795,10311,12535,12851,12681,9822,0.8,0.99,10639.3,0.838995347,-389.9534737
7800,-1758,10432,12904,12881,13065,9824,0.81,0.99,11123.5,0.851396862,-413.9686184
7800,-1761,10442,12718,12876,12865,9823,0.81,0.99,10877.5,0.845511077,-355.1107656
7800,-1773,10333,12911,12813,13067,9824,0.81,0.99,11131.1,0.851848167,-418.4816714
7800,-1763,10385,12811,12824,12968,9824,0.81,0.99,11001.4,0.848349784,-383.4978408
7800,-1784,10354,12964,12864,13126,9825,0.8,0.99,11201.8,0.853405455,-534.0545482
7800,-1765,10366,12899,12842,13063,9825,0.81,0.99,11117.9,0.851098523,-410.9852254
7800,-1785,10295,12669,12833,12810,9825,0.8,0.99,10812,0.844028103,-440.2810304
7800,-1759,10359,12900,12823,13059,9821,0.81,0.99,11117.7,0.851343901,-413.4390076
7800,-1770,10309,12867,12790,13026,9816,0.81,0.99,11074.8,0.850207278,-402.0727775
7800,-1757,10406,12866,12877,13019,9812,0.81,0.99,11071.7,0.8504263,-404.2630002
7800,-1786,10430,12785,12891,12929,9812,0.81,0.99,10963.7,0.847992884,-379.9288421
7800,-1784,10283,12921,12815,13075,9810,0.8,0.99,11143.5,0.852275335,-522.7533461
7800,-1781,10424,12723,12845,12865,9808,0.81,0.99,10882.5,0.845899728,-358.9972794
7800,-1761,10476,12914,12915,13069,9806,0.81,0.99,11134.7,0.851993267,-419.9326651
7800,-1776,10393,12875,12855,13030,9805,0.81,0.99,11084,0.850652341,-406.5234075
7800,-1757,10398,12899,12857,13058,9805,0.81,0.99,11116.4,0.851309542,-413.0954204
7800,-1782,10442,12666,12879,12809,9800,0.81,0.99,10808.7,0.843836365,-338.3636506
7800,-1773,10328,12895,12807,13056,9795,0.81,0.99,11111.8,0.851087623,-410.8762255
7800,-1786,10271,12565,12804,12709,9790,0.8,0.99,10677.7,0.840168385,-401.6838461
7800,-1768,10402,12890,12887,13050,9790,0.81,0.99,11105,0.850957854,-409.5785441
7800,-1769,10317,12912,12834,13072,9792,0.8,0.99,11133.6,0.851713586,-517.1358629
7800,-1780,10448,12875,12898,13035,9797,0.81,0.99,11085.5,0.85044112,-404.4112006
7800,-1784,10438,12842,12893,13000,9802,0.81,0.99,11042,0.849384615,-393.8461538
7800,-1752,10447,12888,12907,13039,9805,0.81,0.99,11099.7,0.851269269,-412.6926912
7800,-1780,10304,12613,12849,12756,9804,0.8,0.99,10739.8,0.841941047,-419.4104735
7800,-1776,10406,12864,12891,13027,9806,0.81,0.99,11072.1,0.849934751,-399.347509
7800,-1783,10390,12879,12862,13035,9807,0.81,0.99,11089.5,0.850747986,-407.4798619
7800,-1765,10352,12854,12857,13000,9809,0.81,0.99,11054,0.850307692,-403.0769231
7800,-1762,10387,12878,12846,13040,9809,0.81,0.99,11090,0.850460123,-404.601227
7800,-1775,10314,12893,12830,13051,9810,0.8,0.99,11108.3,0.851145506,-511.4550609
7800,-1774,10439,12791,12878,12953,9814,0.81,0.99,10976.9,0.847440747,-374.4074732
7800,-1759,10451,12872,12910,13032,9817,0.81,0.99,11081.6,0.85033763,-403.3763045
7800,-1768,10382,12861,12860,13016,9821,0.81,0.99,11065.8,0.850169023,-401.6902274
7800,-1774,10413,12807,12883,12958,9821,0.81,0.99,10994.4,0.848464269,-384.6426918
7800,-1783,10419,12642,12852,12788,9820,0.81,0.99,10778.4,0.842852674,-328.5267438
7800,-1766,10433,12921,12925,13086,9820,0.81,0.99,11146.8,0.851811096,-418.1109583
7800,-1788,10347,12865,12824,13021,9819,0.81,0.99,11071.3,0.850264957,-402.6495661
7800,-1769,10276,12948,12810,13110,9818,0.8,0.99,11181,0.852860412,-528.604119
7800,-1767,10446,12658,12891,12806,9817,0.81,0.99,10799.8,0.84333906,-333.3905982
7800,-1769,10244,12833,12649,12991,9811,0.81,0.99,11030.3,0.849072435,-390.7243476
7799,-1772,10342,12908,12844,13071,9805,0.81,0.99,11129.3,0.851449774,-414.4977431
7800,-1760,10385,12921,12888,13080,9800,0.81,0.99,11145,0.85206422,-420.6422018
7800,-1769,10446,12888,12905,13048,9799,0.81,0.99,11102.4,0.850889025,-408.8902514
7800,-1757,10344,12941,12865,13107,9799,0.8,0.99,11173.1,0.852452888,-524.5288777
7800,-1780,10390,12838,12844,12993,9798,0.81,0.99,11035.9,0.849372739,-393.7273917
7800,-1765,10387,12949,12872,13115,9796,0.81,0.99,11183.5,0.852725886,-427.2588639
7800,-1780,10324,12964,12847,13122,9796,0.8,0.99,11200.6,0.85357415,-535.7415028
7800,-1792,10222,12996,12764,13154,9796,0.8,0.99,11242.2,0.854660179,-546.6017941
7800,-1778,10259,12439,12797,12584,9803,0.8,0.99,10514.2,0.835521297,-355.2129688
7800,-1768,10408,12856,12847,13008,9811,0.81,0.99,11058.4,0.850123001,-401.2300123
7800,-1780,10450,12719,12882,12856,9818,0.81,0.99,10875.8,0.845970753,-359.7075296
7800,-1771,10385,12821,12858,12973,9818,0.81,0.99,11012.9,0.848909273,-389.0927311
7800,-1776,10448,12865,12898,13024,9818,0.81,0.99,11072.2,0.850138206,-401.3820639
7800,-1759,10352,12937,12815,13093,9816,0.81,0.99,11164.9,0.852738104,-427.3810433
7800,-1759,10411,12715,12841,12860,9814,0.81,0.99,10873,0.845489891,-354.8989114
7800,-1767,10420,12847,12890,12999,9813,0.81,0.99,11046.7,0.849811524,-398.1152396
7800,-1768,10385,12886,12859,13042,9813,0.81,0.99,11098.6,0.850989112,-409.891121
7799,-1784,9957,12823,12456,12972,9815,0.8,0.99,11014.6,0.849105766,-491.0576627
7800,-1752,10397,12872,12838,13022,9818,0.81,0.99,11078.6,0.850760252,-407.6025188
7800,-1757,10308,12820,12736,12973,9820,0.81,0.99,11011.9,0.84883219,-388.3218993
7800,-1783,10430,12763,12893,12907,9820,0.81,0.99,10935.1,0.847222437,-372.2243744
7800,-1761,10428,12850,12900,12999,9818,0.81,0.99,11049.7,0.850042311,-400.4231095
7800,-1777,10379,12915,12868,13078,9815,0.81,0.99,11138.4,0.851689861,-416.8986083
7800,-1759,10416,12880,12867,13037,9811,0.81,0.99,11091.1,0.850740201,-407.4020097
7800,-1765,10384,12902,12833,13065,9809,0.81,0.99,11121.5,0.851243781,-412.4378109
7800,-1778,10439,12759,12871,12906,9809,0.81,0.99,10930.8,0.846954905,-369.549047
7800,-1776,10421,12894,12891,13044,9809,0.81,0.99,11107.2,0.851517939,-415.1793928
7800,-1772,10339,12875,12820,13035,9808,0.81,0.99,11085.5,0.85044112,-404.4112006
7800,-1803,10378,12402,12913,12539,9808,0.8,0.99,10463.7,0.834492384,-344.9238376
7800,-1766,10356,12953,12828,13107,9808,0.81,0.99,11185.1,0.853368429,-433.6842908
7800,-1779,10417,12746,12845,12896,9808,0.81,0.99,10914.8,0.846370968,-363.7096774
7800,-1782,10169,12520,12574,12662,9810,0.81,0.99,10618.6,0.838619491,-286.1949139
7800,-1803,10278,12579,12819,12722,9812,0.8,0.99,10695.6,0.840716868,-407.1686842
7800,-1770,10451,12734,12889,12886,9813,0.81,0.99,10899.8,0.845863728,-358.6372808
7800,-1790,10396,12905,12887,13062,9813,0.81,0.99,11123.6,0.851600061,-416.0006125
7800,-1774,10295,12928,12823,13089,9812,0.8,0.99,11154.7,0.852219421,-522.1942089
7800,-1780,10371,12900,12863,13054,9811,0.81,0.99,11116.2,0.851555079,-415.550789
7800,-1763,10340,13007,12758,13167,9810,0.81,0.99,11257.1,0.854947976,-449.47976
7800,-1776,10377,12914,12850,13074,9810,0.81,0.99,11136.2,0.851782163,-417.8216307
7800,-1771,10328,12909,12830,13066,9809,0.8,0.99,11128.8,0.851737334,-517.3733354
7800,-1783,10413,12760,12850,12913,9805,0.81,0.99,10933.9,0.846735848,-367.358476
7800,-1774,10386,12704,12814,12847,9802,0.81,0.99,10858.1,0.845185646,-351.8564645
7800,-1765,10393,12672,12815,12819,9799,0.81,0.99,10817.7,0.843880178,-338.8017786
7800,-1765,10387,12848,12835,13001,9799,0.81,0.99,11048.3,0.849803861,-398.0386124
7799,-1764,10257,12881,12771,13036,9800,0.8,0.99,11091.8,0.850859159,-508.5915925
7800,-1771,10377,12939,12853,13097,9802,0.81,0.99,11168.1,0.852721997,-427.219974
7800,-1811,10363,12952,12905,13111,9804,0.8,0.99,11185.3,0.853123332,-531.2333155
7800,-1766,10267,12943,12826,13097,9805,0.8,0.99,11172.1,0.853027411,-530.2741086
7800,-1763,10447,12671,12885,12829,9805,0.81,0.99,10819.7,0.843378284,-333.7828358
7800,-1781,10431,12840,12871,12995,9808,0.81,0.99,11038.5,0.849442093,-394.4209311
7800,-1756,10374,12792,12797,12938,9811,0.81,0.99,10973.4,0.848152728,-381.527284
7800,-1759,10367,12857,12823,13010,9813,0.81,0.99,11060,0.850115296,-401.1529593
7800,-1767,10443,12779,12879,12920,9813,0.81,0.99,10955,0.847910217,-379.1021672
7800,-1759,10391,12932,12910,13096,9815,0.8,0.99,11160.8,0.852229688,-522.2968845
7800,-1767,10374,12961,12880,13117,9819,0.81,0.99,11196.1,0.853556453,-435.5645346
7800,-1761,10468,12783,12909,12931,9823,0.81,0.99,10962.3,0.847753461,-377.5346068
7800,-1784,10360,12883,12829,13038,9825,0.81,0.99,11094.4,0.850928056,-409.2805645
7800,-1768,10360,13046,12788,13206,9825,0.81,0.99,11307.8,0.856262305,-462.6230501
7800,-1777,10401,12662,12832,12808,9822,0.81,0.99,10804.4,0.843566521,-335.6652092
7800,-1808,10371,12892,12852,13049,9820,0.81,0.99,11106.7,0.851153345,-411.5334508
7800,-1760,10466,12900,12925,13058,9817,0.81,0.99,11117.4,0.851386123,-413.8612345
7800,-1760,10390,12930,12892,13088,9817,0.81,0.99,11156.4,0.852414425,-424.1442543
7800,-1759,10417,12944,12888,13103,9814,0.81,0.99,11174.9,0.852850492,-428.5049225
7800,-1786,10383,12907,12853,13066,9809,0.81,0.99,11126.8,0.851584265,-415.842645
7800,-1778,10308,12936,12847,13098,9803,0.8,0.99,11165.4,0.852450756,-524.5075584
7800,-1766,10430,12896,12902,13050,9800,0.81,0.99,11111,0.851417625,-414.1762452
7800,-1773,10414,12842,12889,12993,9800,0.81,0.99,11039.9,0.849680597,-396.8059724
7800,-1775,10262,13060,12803,13222,9804,0.8,0.99,11326.6,0.856648011,-566.4801089
7800,-1783,10316,12606,12872,12758,9809,0.8,0.99,10733.4,0.841307415,-413.0741496
7800,-1770,10399,12858,12832,13019,9815,0.81,0.99,11063.7,0.849811814,-398.118135
7800,-1773,10376,12900,12847,13064,9815,0.81,0.99,11119.2,0.851132884,-411.3288426
7800,-1774,10358,12913,12825,13071,9815,0.81,0.99,11134.3,0.851832301,-418.3230051
7800,-1772,10395,12949,12897,13112,9813,0.81,0.99,11182.6,0.852852349,-428.5234899
7800,-1783,10417,12896,12899,13055,9811,0.81,0.99,11112.5,0.851206434,-412.0643432
7800,-1772,10341,12928,12849,13087,9810,0.8,0.99,11154.1,0.852303813,-523.0381294
7800,-1768,10449,12755,12892,12906,9809,0.81,0.99,10926.8,0.846644971,-366.4497133
7800,-1786,10374,12902,12874,13069,9796,0.81,0.99,11122.7,0.851075063,-410.7506313
7800,-1782,10233,13015,12781,13177,9774,0.8,0.99,11268.1,0.855133946,-551.3394551
7800,-1763,10460,12868,12902,13023,9752,0.81,0.99,11074.9,0.850410812,-404.1081164
7800,-1786,10429,12822,12903,12977,9743,0.81,0.99,11015.1,0.848817138,-388.1713801
7800,-1777,10362,12891,12841,13049,9746,0.81,0.99,11105.7,0.851076711,-410.7671086
7800,-1778,10340,12919,12859,13074,9764,0.8,0.99,11141.2,0.852164601,-521.646015
7800,-1762,10407,12955,12861,13117,9783,0.81,0.99,11190.1,0.853099032,-430.9903179
7800,-1761,10402,12805,12821,12956,9797,0.81,0.99,10991.8,0.848394566,-383.9456622
7800,-1784,10405,12891,12895,13050,9798,0.81,0.99,11106,0.851034483,-410.3448276
7800,-1774,10408,12906,12905,13062,9799,0.81,0.99,11124.6,0.851676619,-416.766192
7800,-1766,10347,12876,12828,13035,9802,0.81,0.99,11086.5,0.850517837,-405.1783659
7800,-1760,10285,12981,12790,13127,9804,0.8,0.99,11219.1,0.854658338,-546.5833778
7800,-1812,10279,12559,12825,12709,9805,0.8,0.99,10671.7,0.839696278,-396.9627823
7800,-1763,10456,12915,12942,13070,9805,0.81,0.99,11136,0.852027544,-420.2754399
7800,-1776,10452,12642,12891,12786,9810,0.81,0.99,10777.8,0.842937588,-329.3758799
7800,-1768,10391,12887,12882,13046,9815,0.81,0.99,11100.8,0.850896827,-408.9682661
7800,-1775,10386,12942,12889,13099,9820,0.81,0.99,11171.7,0.852866631,-428.6663104
7800,-1768,10372,12885,12829,13043,9820,0.81,0.99,11097.9,0.850870199,-408.7019857
7800,-1789,10326,12891,12797,13047,9823,0.81,0.99,11105.1,0.851161186,-411.6118648
7800,-1771,10441,12784,12868,12935,9830,0.81,0.99,10964.5,0.847661384,-376.6138384
7800,-1796,10398,12884,12886,13035,9838,0.81,0.99,11094.5,0.851131569,-411.3156885
7800,-1777,10293,12878,12788,13030,9843,0.8,0.99,11087,0.850882579,-508.8257866
7800,-1783,10438,12743,12876,12890,9843,0.81,0.99,10910,0.846392552,-363.9255237
7800,-1783,10234,12866,12657,13024,9834,0.81,0.99,11073.2,0.850214988,-402.1498771
7800,-1761,10429,12946,12917,13110,9824,0.81,0.99,11179,0.852707857,-427.078566
7800,-1769,10369,12920,12841,13077,9815,0.81,0.99,11143.1,0.852114399,-421.1439933
7800,-1762,10446,12785,12884,12936,9813,0.81,0.99,10965.8,0.847696351,-376.9635127
7800,-1764,10392,12755,12815,12903,9814,0.81,0.99,10925.9,0.846772069,-367.7206851
7800,-1763,10428,12669,12864,12812,9816,0.81,0.99,10812.6,0.843943178,-339.4317827
7801,-1759,10437,12701,12872,12841,9817,0.81,0.99,10853.3,0.84520676,-352.067596
7800,-1783,10440,12691,12882,12834,9818,0.81,0.99,10841.2,0.844724949,-347.2494935
7800,-1748,10387,12904,12843,13062,9818,0.81,0.99,11122.6,0.851523503,-415.2350329
7800,-1767,10471,12651,12917,12803,9813,0.81,0.99,10791.9,0.842919628,-329.1962821
7800,-1775,10464,12650,12905,12790,9807,0.81,0.99,10787,0.843393276,-333.93276
7800,-1773,10466,12636,12916,12782,9801,0.81,0.99,10770.6,0.842638085,-326.3808481
7800,-1760,10380,12861,12857,13020,9800,0.81,0.99,11067,0.85,-400
7800,-1776,10408,12849,12858,13004,9800,0.81,0.99,11050.2,0.849753922,-397.5392187
7800,-1773,10363,12972,12893,13136,9802,0.8,0.99,11212.8,0.853593179,-535.9317905
7800,-1785,10403,12844,12869,13001,9805,0.81,0.99,11044.3,0.849496193,-394.961926
7800,-1771,10338,12922,12849,13085,9806,0.8,0.99,11147.5,0.85192969,-519.2969049
7800,-1783,10280,12623,12827,12764,9806,0.8,0.99,10752.2,0.842384832,-423.8483234
7800,-1767,10327,13032,12748,13191,9807,0.81,0.99,11289.3,0.855833523,-458.3352286
7800,-1780,10277,12617,12822,12778,9808,0.8,0.99,10750.4,0.841321021,-413.210205
7800,-1760,10316,12843,12742,13000,9810,0.81,0.99,11043,0.849461538,-394.6153846
7800,-1766,10452,12839,12890,12998,9811,0.81,0.99,11038.4,0.849238344,-392.3834436
7800,-1789,10479,12799,12928,12953,9811,0.81,0.99,10984.9,0.848058365,-380.5836486
7800,-1792,10308,12962,12828,13118,9811,0.8,0.99,11197.4,0.853590486,-535.9048635
7800,-1773,10448,12948,12936,13112,9811,0.81,0.99,11181.6,0.852776083,-427.7608298
7800,-1775,10375,12814,12822,12951,9811,0.81,0.99,10999.3,0.849301212,-393.0121226
7800,-1771,10434,12710,12874,12853,9811,0.81,0.99,10865.9,0.845397962,-353.9796157
7800,-1770,10331,12837,12806,12986,9811,0.81,0.99,11032.8,0.849591868,-395.9186817
7800,-1768,10275,12964,12828,13125,9810,0.8,0.99,11201.5,0.853447619,-534.4761905
7800,-1786,10298,12538,12849,12686,9810,0.8,0.99,10643.8,0.839019391,-390.1939146
7800,-1765,10340,12919,12816,13075,9810,0.81,0.99,11141.5,0.852122371,-421.2237094
7800,-1773,10326,12912,12823,13068,9810,0.81,0.99,11132.4,0.851882461,-418.8246097
7800,-1771,10397,12901,12867,13060,9811,0.81,0.99,11119,0.851378254,-413.7825421
7800,-1799,10389,12882,12873,13037,9813,0.81,0.99,11093.1,0.85089361,-408.9361049
7800,-1770,10435,12852,12885,13006,9814,0.81,0.99,11053.8,0.849900046,-399.0004613
7800,-1766,10425,12911,12903,13063,9814,0.81,0.99,11129.9,0.852017148,-420.1714767
7800,-1778,10353,12947,12866,13111,9813,0.8,0.99,11180.3,0.852741972,-527.4197239
7800,-1765,10417,12799,12871,12944,9812,0.81,0.99,10982.2,0.848439431,-384.394314
7800,-1791,10223,12852,12769,12999,9811,0.8,0.99,11051.7,0.850196169,-501.9616894
7800,-1762,10426,12760,12870,12921,9810,0.81,0.99,10936.3,0.846397338,-363.9733767
7800,-1753,10333,12898,12787,13054,9810,0.81,0.99,11114.2,0.851401869,-414.0186916
7800,-1779,10407,12797,12876,12944,9810,0.81,0.99,10980.2,0.84828492,-382.8491965
7800,-1782,10437,12777,12899,12925,9809,0.81,0.99,10954.5,0.84754352,-375.4352031
7800,-1770,10382,12926,12864,13079,9808,0.81,0.99,11149.7,0.852488722,-424.8872238
7800,-1766,10453,12708,12891,12850,9808,0.81,0.99,10863,0.84536965,-353.6964981
7800,-1781,10455,12750,12893,12895,9809,0.81,0.99,10918.5,0.846723536,-367.2353625
7800,-1761,10356,12844,12810,12992,9814,0.81,0.99,11041.6,0.849876847,-398.7684729
7800,-1776,10391,12910,12859,13065,9818,0.81,0.99,11129.5,0.851856104,-418.5610409
7800,-1761,10356,12918,12866,13073,9820,0.8,0.99,11139.9,0.852130345,-521.3034499
7800,-1770,10396,12334,12860,12471,9820,0.81,0.99,10375.3,0.831954134,-219.5413359
7800,-1797,10295,12603,12838,12747,9820,0.8,0.99,10727.1,0.841539186,-415.3918569
7800,-1767,10408,12895,12878,13058,9820,0.81,0.99,11112.4,0.851003216,-410.0321642
7800,-1770,10435,12857,12880,13008,9819,0.81,0.99,11059.4,0.850199877,-401.99877
7800,-1774,10398,12828,12839,12977,9820,0.81,0.99,11021.1,0.849279494,-392.7949449
7800,-1787,10435,12637,12871,12781,9819,0.81,0.99,10771.3,0.842758783,-327.5878257
7800,-1768,10292,12894,12772,13048,9816,0.81,0.99,11108.4,0.851348866,-413.4886573
7800,-1764,10437,12880,12868,13034,9813,0.81,0.99,11090.2,0.850866963,-408.6696333
7800,-1781,10417,12861,12893,13014,9810,0.81,0.99,11065.2,0.850253573,-402.5357308
7800,-1790,10271,12865,12817,13012,9811,0.8,0.99,11068.6,0.850645558,-506.4555795
7800,-1771,10437,12830,12868,12989,9810,0.81,0.99,11026.7,0.848926014,-389.2601432
7800,-1766,10362,12969,12816,13115,9809,0.81,0.99,11203.5,0.854250858,-442.508578
7800,-1773,10402,12935,12879,13095,9808,0.81,0.99,11163.5,0.852500955,-425.0095456
7800,-1745,10449,12869,12885,13024,9808,0.81,0.99,11076.2,0.850445332,-404.453317
7800,-1759,10372,12865,12804,13023,9808,0.81,0.99,11071.9,0.85018045,-401.8044997
7800,-1766,10347,12927,12858,13089,9810,0.8,0.99,11153.7,0.852143021,-521.4302086
7800,-1766,10367,12903,12857,13058,9812,0.81,0.99,11120.4,0.851615868,-416.1586767
7800,-1774,10461,12715,12903,12860,9815,0.81,0.99,10873,0.845489891,-354.8989114
7800,-1787,10458,12658,12901,12799,9814,0.81,0.99,10797.7,0.843636222,-336.3622158
7800,-1758,10409,12790,12849,12939,9815,0.81,0.99,10971.7,0.847955793,-379.5579257
7800,-1765,10376,12753,12799,12915,9817,0.81,0.99,10927.5,0.846109175,-361.0917538
7800,-1812,10310,12572,12852,12710,9818,0.8,0.99,10685,0.840676633,-406.7663257
7800,-1792,10308,12943,12838,13099,9819,0.8,0.99,11172.7,0.852942973,-529.4297275
7800,-1769,10377,12960,12857,13119,9819,0.81,0.99,11195.7,0.853395838,-433.958381
7800,-1772,10300,12911,12748,13063,9812,0.81,0.99,11129.9,0.852017148,-420.1714767
7800,-1754,10383,12926,12857,13083,9805,0.81,0.99,11150.9,0.852319804,-423.1980433
7800,-1767,10342,12951,12853,13106,9797,0.8,0.99,11182.8,0.85325805,-532.5804975
7800,-1775,10374,12903,12839,13067,9797,0.81,0.99,11123.1,0.851235938,-412.3593786
7800,-1781,10366,12830,12817,12979,9798,0.81,0.99,11023.7,0.849348948,-393.489483
7800,-1748,10431,13049,12872,13210,9801,0.81,0.99,11312,0.856320969,-463.2096896
7800,-1769,10423,12824,12896,12980,9804,0.81,0.99,11018,0.848844376,-388.4437596
7800,-1788,10407,12851,12871,12999,9805,0.81,0.99,11050.7,0.85011924,-401.1923994
7800,-1780,10381,12895,12863,13052,9805,0.81,0.99,11110.6,0.851256512,-412.5651241
7800,-1763,10435,12778,12895,12922,9807,0.81,0.99,10954.6,0.847748027,-377.4802662
7800,-1761,10385,12878,12843,13036,9809,0.81,0.99,11088.8,0.850629027,-406.2902731
7800,-1766,10442,12799,12879,12959,9812,0.81,0.99,10986.7,0.847804615,-378.0461455
7800,-1768,10409,12828,12875,12978,9812,0.81,0.99,11021.4,0.849237171,-392.371706
7800,-1756,10360,12922,12862,13088,9811,0.81,0.99,11148.4,0.851803178,-418.0317848
7800,-1767,10448,12685,12891,12829,9809,0.81,0.99,10833.7,0.844469561,-344.6956115
7800,-1755,10422,12736,12863,12883,9807,0.81,0.99,10900.9,0.846146084,-361.4608399
7800,-1765,10456,12829,12897,12990,9806,0.81,0.99,11026,0.848806774,-388.0677444
7800,-1769,10436,12688,12879,12831,9806,0.81,0.99,10837.3,0.844618502,-346.1850207
7800,-1801,10432,12801,12888,12955,9805,0.81,0.99,10987.5,0.848128136,-381.2813585
7800,-1766,10417,12937,12905,13100,9804,0.81,0.99,11167,0.852442748,-424.4274809
7800,-1755,10466,12839,12921,12988,9803,0.81,0.99,11035.4,0.849661226,-396.6122575
7800,-1767,10444,12918,12902,13083,9803,0.81,0.99,11142.9,0.851708324,-417.0832378
7800,-1752,10436,12896,12910,13048,9803,0.81,0.99,11110.4,0.851502146,-415.0214592
7799,-1769,10361,12994,12860,13154,9805,0.81,0.99,11240.2,0.854508134,-445.0813441
7800,-1777,10433,12909,12927,13070,9807,0.81,0.99,11130,0.851568477,-415.6847743
7800,-1777,10393,12797,12864,12943,9808,0.81,0.99,10979.9,0.848327281,-383.2728116
7800,-1763,10474,12804,12918,12960,9808,0.81,0.99,10992,0.848148148,-381.4814815
7800,-1760,10315,12921,12835,13077,9806,0.8,0.99,11144.1,0.852190869,-521.9086947
7800,-1788,10441,12878,12914,13038,9805,0.81,0.99,11089.4,0.850544562,-405.4456205
7800,-1777,10411,12907,12881,13061,9803,0.81,0.99,11125.3,0.851795421,-417.9542148
7800,-1772,10402,12895,12845,13049,9802,0.81,0.99,11109.7,0.851383248,-413.8324776
7800,-1759,10433,12944,12933,13108,9802,0.81,0.99,11176.4,0.852639609,-426.396094
7800,-1778,10432,12845,12884,13000,9807,0.81,0.99,11045,0.849615385,-396.1538462
7800,-1769,10396,12878,12879,13034,9812,0.81,0.99,11088.2,0.850713518,-407.1351849
7800,-1776,10397,12935,12879,13091,9817,0.81,0.99,11162.3,0.852669773,-426.6977313
7800,-1757,10372,12939,12862,13095,9817,0.81,0.99,11167.5,0.852806415,-428.0641466
7800,-1805,10301,12681,12854,12837,9819,0.8,0.99,10832.1,0.843818649,-438.1864922
7800,-1791,10333,12894,12805,13049,9823,0.81,0.99,11108.7,0.851306614,-413.0661353
7800,-1771,10415,12878,12901,13040,9827,0.81,0.99,11090,0.850460123,-404.601227
7800,-1756,10359,12873,12826,13030,9829,0.81,0.99,11082,0.850498849,-404.9884881
7800,-1800,10398,12893,12859,13053,9829,0.81,0.99,11108.9,0.851061059,-410.6105876
7800,-1769,10425,12770,12888,12920,9820,0.81,0.99,10946,0.847213622,-372.1362229
7800,-1783,10379,12818,12826,12969,9811,0.81,0.99,11008.7,0.848847251,-388.4725114
7800,-1775,10310,12973,12833,13130,9803,0.8,0.99,11212,0.853922315,-539.2231531
7800,-1765,10457,12825,12904,12972,9803,0.81,0.99,11016.6,0.849259944,-392.599445
7800,-1783,10248,12964,12813,13113,9801,0.8,0.99,11197.9,0.853954091,-539.5409136
7800,-1814,10344,12641,12897,12789,9798,0.8,0.99,10777.7,0.842732035,-427.3203534
7800,-1782,10407,12591,12840,12729,9794,0.81,0.99,10709.7,0.841362244,-313.622437
7800,-1780,10447,12741,12886,12885,9792,0.81,0.99,10906.5,0.84644936,-364.4935972
7800,-1765,10404,12793,12845,12936,9791,0.81,0.99,10973.8,0.84831478,-383.1478046
7800,-1780,10361,12957,12874,13114,9802,0.8,0.99,11191.2,0.853378069,-533.7806924
7800,-1776,10312,12953,12821,13107,9814,0.8,0.99,11185.1,0.853368429,-533.6842908
7800,-1766,10411,12801,12868,12946,9827,0.81,0.99,10984.8,0.848509192,-385.0919203
7800,-1775,10320,12942,12824,13101,9830,0.8,0.99,11172.3,0.85278223,-527.8223036
7800,-1778,10373,12918,12859,13076,9828,0.81,0.99,11140.8,0.852003671,-420.0367085
7800,-1767,10329,12903,12822,13056,9818,0.81,0.99,11119.8,0.851700368,-417.0036765
7800,-1791,10288,12461,12825,12596,9808,0.8,0.99,10539.8,0.836757701,-367.5770086
7800,-1752,10242,12924,12691,13076,9800,0.81,0.99,11146.8,0.852462527,-424.6252677
7800,-1767,10451,12667,12893,12807,9800,0.81,0.99,10809.1,0.843999375,-339.9937534
7800,-1787,10390,12875,12858,13027,9798,0.81,0.99,11083.1,0.850779151,-407.7915099
7800,-1775,10392,12918,12883,13074,9795,0.81,0.99,11140.2,0.852088114,-420.8811381
7800,-1776,10276,12902,12797,13055,9793,0.8,0.99,11118.5,0.851666028,-516.6602834
7800,-1789,10321,12957,12847,13115,9792,0.8,0.99,11191.5,0.853335875,-533.3587495
7800,-1771,10344,12901,12789,13047,9794,0.81,0.99,11115.1,0.851927646,-419.276462
7800,-1781,10380,12909,12859,13066,9802,0.81,0.99,11128.8,0.851737334,-417.3733354
7800,-1771,10242,13016,12799,13178,9811,0.8,0.99,11269.4,0.855167704,-551.6770375
7800,-1785,10307,12587,12869,12741,9817,0.8,0.99,10709.3,0.840538419,-405.3841928
7800,-1771,10222,12877,12719,13025,9817,0.8,0.99,11084.5,0.851017274,-510.1727447
7800,-1791,10357,12837,12829,12996,9815,0.81,0.99,11035.8,0.849168975,-391.6897507
7800,-1764,10402,12896,12881,13053,9811,0.81,0.99,11111.9,0.851290891,-412.9089098
7800,-1760,10439,12777,12872,12926,9808,0.81,0.99,10954.8,0.84750116,-375.0116045
7800,-1762,10406,12670,12835,12808,9806,0.81,0.99,10812.4,0.844191131,-341.9113054
7800,-1765,10383,12843,12846,12993,9806,0.81,0.99,11040.9,0.849757562,-397.5756176
7800,-1779,10372,12866,12850,13026,9807,0.81,0.99,11073.8,0.850130508,-401.3050821
7800,-1796,10469,12646,12912,12787,9807,0.81,0.99,10782.1,0.843207946,-332.0794557
7800,-1751,10294,12946,12730,13108,9808,0.81,0.99,11178.4,0.852792188,-427.9218798
7800,-1763,10451,12652,12896,12806,9808,0.81,0.99,10793.8,0.842870529,-328.7052944
7800,-1767,10390,12863,12834,13018,9808,0.81,0.99,11068.4,0.850238132,-402.3813182
7800,-1776,10374,12846,12844,13002,9807,0.81,0.99,11046.6,0.849607753,-396.0775265
7800,-1774,10385,12937,12885,13090,9806,0.81,0.99,11164,0.852864782,-428.6478228
7800,-1777,10345,12910,12817,13068,9805,0.81,0.99,11130.4,0.851729415,-417.2941537
7800,-1755,10390,12919,12850,13078,9805,0.81,0.99,11142.4,0.851995718,-419.95718
7800,-1761,10367,12909,12820,13065,9804,0.81,0.99,11128.5,0.851779564,-417.7956372
7800,-1788,10459,12853,12919,13011,9803,0.81,0.99,11056.3,0.849765583,-397.6558297
7800,-1770,10447,12868,12888,13022,9802,0.81,0.99,11074.6,0.850453079,-404.530794
7800,-1759,10266,12946,12816,13101,9802,0.8,0.99,11176.3,0.853087551,-530.8755057
7800,-1760,10452,12786,12887,12941,9800,0.81,0.99,10968.3,0.847562012,-375.6201221
7800,-1769,10420,12682,12844,12830,9798,0.81,0.99,10831,0.844193297,-341.9329696
7800,-1786,10339,12892,12832,13045,9795,0.81,0.99,11105.5,0.851322346,-413.2234573
7800,-1761,10367,12947,12868,13102,9794,0.81,0.99,11177.6,0.853121661,-431.2166082
7800,-1771,10370,12898,12853,13052,9794,0.81,0.99,11113.6,0.851486362,-414.8636224
7800,-1777,10406,12824,12869,12977,9795,0.81,0.99,11017.1,0.848971257,-389.7125684
7800,-1750,10370,12725,12781,12866,9797,0.81,0.99,10884.8,0.846012747,-360.1274677
7800,-1757,10386,12885,12842,13044,9800,0.81,0.99,11098.2,0.850827967,-408.2796688
7800,-1772,10428,12895,12880,13047,9800,0.81,0.99,11109.1,0.85146777,-414.6777037
7800,-1771,10259,12968,12764,13125,9801,0.8,0.99,11205.5,0.853752381,-537.5238095
7800,-1806,10265,12620,12803,12759,9802,0.8,0.99,10747.7,0.842362254,-423.622541
7800,-1782,10459,12742,12895,12886,9804,0.81,0.99,10907.8,0.846484557,-364.8455688
7800,-1755,10452,12845,12884,12999,9805,0.81,0.99,11044.7,0.849657666,-396.5766597
7800,-1792,10365,12842,12854,12988,9805,0.81,0.99,11038.4,0.849892208,-398.9220819
7800,-1791,10323,12946,12837,13105,9810,0.8,0.99,11177.5,0.852918733,-529.1873331
7800,-1796,10433,12703,12871,12841,9816,0.81,0.99,10855.3,0.845362511,-353.6251071
7800,-1780,10392,12797,12852,12946,9821,0.81,0.99,10980.8,0.848200216,-382.0021628
7800,-1773,10432,12690,12869,12833,9822,0.81,0.99,10839.9,0.844689472,-346.8947245
7800,-1792,10408,12834,12845,12986,9822,0.81,0.99,11029.8,0.84936085,-393.6085015
7800,-1758,10462,12819,12895,12970,9820,0.81,0.99,11010,0.848882035,-388.8203547
7800,-1776,10359,12971,12893,13131,9818,0.8,0.99,11210.3,0.85372782,-537.2781966
7800,-1769,10306,12853,12813,13002,9817,0.8,0.99,11053.6,0.850146131,-501.4613136
7800,-1770,10365,12923,12835,13072,9817,0.81,0.99,11144.6,0.85255508,-425.5507956
7800,-1754,10377,12918,12852,13077,9818,0.81,0.99,11141.1,0.851961459,-419.6145905
7800,-1772,10344,12953,12857,13111,9820,0.8,0.99,11186.3,0.853199603,-531.9960339
7800,-1805,10460,12703,12901,12845,9822,0.81,0.99,10856.5,0.845192682,-351.9268198
7800,-1753,10410,12877,12848,13027,9823,0.81,0.99,11085.1,0.850932678,-409.3267828
7800,-1767,10404,12895,12897,13052,9823,0.81,0.99,11110.6,0.851256512,-412.5651241
7800,-1781,10363,12979,12868,13135,9823,0.81,0.99,11219.5,0.854168253,-441.6825276
7800,-1761,10374,12918,12832,13067,9823,0.81,0.99,11138.1,0.852383868,-423.8386776
7800,-1769,10402,12724,12825,12872,9823,0.81,0.99,10885.6,0.845680547,-356.8054692
7800,-1768,10373,12881,12825,13030,9823,0.81,0.99,11090,0.851112817,-411.1281658
7800,-1787,10387,12828,12869,12978,9822,0.81,0.99,11021.4,0.849237171,-392.371706
7800,-1761,10422,12777,12863,12920,9818,0.81,0.99,10953,0.847755418,-377.5541796
7800,-1784,10295,12933,12802,13087,9814,0.8,0.99,11159.1,0.852685871,-526.8587148
7800,-1780,10445,12724,12884,12871,9812,0.81,0.99,10885.3,0.845722943,-357.2294305
7800,-1781,10375,12899,12871,13051,9812,0.81,0.99,11114.3,0.851605241,-416.0524098
7800,-1789,10432,12633,12866,12782,9812,0.81,0.99,10767.6,0.84240338,-324.0337975
7801,-1779,10435,12874,12886,13029,9812,0.81,0.99,11082.7,0.850617852,-406.1785248
7800,-1765,10271,12805,12764,12950,9812,0.8,0.99,10990,0.848648649,-486.4864865
7800,-1773,10458,12663,12894,12809,9812,0.81,0.99,10805.7,0.843602155,-336.0215473
7800,-1779,10227,12911,12704,13063,9811,0.81,0.99,11129.9,0.852017148,-420.1714767
7800,-1793,10360,12895,12826,13050,9810,0.81,0.99,11110,0.851340996,-413.4099617
7800,-1761,10430,12769,12861,12915,9808,0.81,0.99,10943.5,0.847348045,-373.4804491
7800,-1777,10370,12934,12857,13089,9808,0.81,0.99,11160.7,0.852677821,-426.7782107
7800,-1751,10367,12930,12834,13097,9808,0.81,0.99,11159.1,0.852034817,-420.3481713
7800,-1758,10415,12873,12856,13021,9808,0.81,0.99,11079.3,0.850879349,-408.7934874
7800,-1770,10466,12667,12917,12812,9808,0.81,0.99,10810.6,0.843787075,-337.8707462
7800,-1774,10392,12997,12880,13155,9808,0.81,0.99,11243.5,0.854694033,-446.9403269
7800,-1776,10239,13009,12791,13172,9808,0.8,0.99,11260.6,0.854889159,-548.8915882
7800,-1765,10426,12693,12864,12850,9808,0.81,0.99,10848,0.844202335,-342.0233463
7800,-1777,10412,12805,12870,12947,9810,0.81,0.99,10989.1,0.848775778,-387.7577817
7800,-1787,10373,12905,12859,13057,9813,0.81,0.99,11122.1,0.851811289,-418.1128896
7800,-1754,10377,12911,12864,13069,9814,0.81,0.99,11131.7,0.851763716,-417.6371566
7800,-1775,10471,12725,12906,12869,9814,0.81,0.99,10885.7,0.845885461,-358.8546119
7800,-1779,10341,12909,12845,13066,9810,0.81,0.99,11128.8,0.851737334,-417.3733354
7800,-1765,10385,12884,12862,13036,9804,0.81,0.99,11094.8,0.851089291,-410.8929119
7801,-1759,10404,12793,12830,12944,9798,0.81,0.99,10976.2,0.847975896,-379.7589617
7800,-1804,10403,12865,12873,13017,9796,0.81,0.99,11070.1,0.850434048,-404.3404778
7800,-1749,10419,13035,12853,13183,9796,0.81,0.99,11289.9,0.856398392,-463.9839187
7800,-1763,10432,12803,12867,12962,9796,0.81,0.99,10991.6,0.847986422,-379.8642185
7800,-1766,10304,12672,12710,12807,9795,0.81,0.99,10814.1,0.844389787,-343.8978684
7800,-1766,10452,12710,12892,12856,9795,0.81,0.99,10866.8,0.845270691,-352.7069073
7800,-1749,10436,12871,12919,13018,9795,0.81,0.99,11076.4,0.850852666,-408.5266554
7800,-1770,10415,12713,12842,12859,9802,0.81,0.99,10870.7,0.845376779,-353.7677891
7800,-1774,10271,12956,12791,13115,9814,0.8,0.99,11190.5,0.853259626,-532.5962638
7800,-1754,10337,12924,12801,13076,9826,0.81,0.99,11146.8,0.852462527,-424.6252677
7800,-1766,10439,12846,12881,12991,9831,0.81,0.99,11043.3,0.850073128,-400.7312755
7800,-1768,10377,12886,12844,13042,9831,0.81,0.99,11098.6,0.850989112,-409.891121
7800,-1778,10257,13004,12796,13160,9826,0.8,0.99,11252,0.855015198,-550.1519757
7800,-1786,10301,12572,12851,12715,9820,0.8,0.99,10686.5,0.840464019,-404.6401888
7800,-1769,10379,12860,12813,13006,9815,0.81,0.99,11061.8,0.850515147,-405.1514686
7800,-1778,10441,12661,12880,12810,9815,0.81,0.99,10804,0.843403591,-334.0359094
7800,-1771,10346,12901,12843,13058,9814,0.81,0.99,11118.4,0.851462705,-414.6270486
7800,-1754,10378,12914,12839,13069,9813,0.81,0.99,11134.7,0.851993267,-419.9326651
7800,-1769,10435,12771,12896,12918,9812,0.81,0.99,10946.4,0.847375755,-373.7575476
7800,-1763,10465,12769,12922,12917,9812,0.81,0.99,10944.1,0.847263296,-372.6329643
7800,-1769,10309,12904,12804,13062,9812,0.81,0.99,11122.6,0.851523503,-415.2350329
7800,-1791,10408,12895,12861,13056,9813,0.81,0.99,11111.8,0.851087623,-410.8762255
7800,-1784,10204,12934,12739,13079,9814,0.8,0.99,11157.7,0.85310039,-531.0038994
7800,-1779,10284,12657,12835,12814,9815,0.8,0.99,10801.2,0.842921804,-429.2180428
7800,-1791,10402,12802,12897,12947,9816,0.81,0.99,10986.1,0.848544064,-385.4406426
7800,-1781,10433,12723,12863,12864,9817,0.81,0.99,10882.2,0.845942164,-359.4216418
7800,-1777,10275,12678,12813,12822,9820,0.8,0.99,10824.6,0.84422087,-442.2087038
7800,-1777,10385,12769,12856,12918,9824,0.81,0.99,10944.4,0.847220932,-372.2093203
7800,-1764,10428,12821,12867,12972,9826,0.81,0.99,11012.6,0.848951588,-389.5158804
7800,-1765,10385,12890,12870,13047,9826,0.81,0.99,11104.1,0.851084541,-410.8454051
7800,-1764,10335,12899,12828,13057,9818,0.81,0.99,11116.1,0.851351765,-413.5176534
7800,-1773,10442,12876,12930,13034,9808,0.81,0.99,11086.2,0.850560074,-405.6007365
7800,-1812,10121,12677,12659,12826,9798,0.8,0.99,10824.8,0.843973179,-439.7317948
7800,-1777,10311,12439,12841,12581,9796,0.8,0.99,10513.3,0.835648995,-356.4899452
7800,-1769,10467,12731,12909,12873,9797,0.81,0.99,10892.9,0.846181931,-361.8193117
7800,-1768,10301,12951,12796,13110,9800,0.81,0.99,11184,0.853089245,-430.8924485
7800,-1762,10345,12933,12847,13091,9803,0.81,0.99,11160.3,0.852516996,-425.1699641
7800,-1785,10397,12934,12888,13093,9806,0.81,0.99,11161.9,0.852508974,-425.0897426
7800,-1758,10396,12909,12828,13062,9806,0.81,0.99,11127.6,0.851906293,-419.0629306
7800,-1795,10375,12950,12869,13114,9808,0.81,0.99,11184.2,0.852844289,-428.4428855
7800,-1770,10328,12981,12854,13143,9810,0.8,0.99,11223.9,0.853983109,-539.8310888
7800,-1771,10445,12794,12877,12941,9812,0.81,0.99,10976.3,0.848180202,-381.8020246
7800,-1781,10428,12969,12874,13126,9813,0.81,0.99,11206.8,0.853786378,-437.8637818
7800,-1763,10433,12848,12859,13009,9813,0.81,0.99,11050.7,0.849465754,-394.6575448
7800,-1765,10415,12694,12848,12833,9814,0.81,0.99,10843.9,0.845001169,-350.0116886
7800,-1777,10399,12616,12827,12762,9815,0.81,0.99,10744.6,0.841921329,-319.2132895
7800,-1749,10414,12959,12886,13115,9815,0.81,0.99,11193.5,0.853488372,-434.8837209
7800,-1767,10374,12915,12892,13073,9815,0.8,0.99,11136.9,0.851900864,-519.0086438
7800,-1776,10452,12908,12893,13061,9814,0.81,0.99,11126.3,0.851871985,-418.719853
7800,-1796,10373,12947,12865,13099,9812,0.81,0.99,11176.7,0.85324834,-432.4833957
7800,-1783,10296,12589,12844,12739,9811,0.8,0.99,10710.7,0.840780281,-407.8028103
7800,-1803,10364,12951,12840,13111,9810,0.81,0.99,11184.3,0.85304706,-430.4705972
7800,-1772,10320,12868,12827,13011,9810,0.8,0.99,11071.3,0.850918454,-509.1845362
7800,-1778,10398,12849,12821,12999,9809,0.81,0.99,11048.7,0.849965382,-399.6538195
7800,-1769,10419,12635,12845,12777,9809,0.81,0.99,10768.1,0.842772169,-327.7216874
7800,-1763,10396,12927,12856,13084,9809,0.81,0.99,11152.2,0.85235402,-423.5402018
7800,-1756,10460,12846,12897,13004,9809,0.81,0.99,11047.2,0.849523224,-395.2322362
7800,-1767,10358,12912,12808,13079,9808,0.81,0.99,11135.7,0.851418304,-414.1830415
7800,-1767,10426,12729,12857,12877,9804,0.81,0.99,10892.1,0.845856954,-358.5695426
7800,-1771,10328,12931,12823,13089,9800,0.81,0.99,11157.7,0.852448621,-424.4862098
7800,-1757,10439,12778,12874,12925,9798,0.81,0.99,10955.5,0.84762089,-376.2088975
7800,-1781,10372,12915,12864,13068,9798,0.81,0.99,11135.4,0.852112029,-421.1202938
7800,-1792,10310,12963,12843,13119,9798,0.8,0.99,11198.7,0.853624514,-536.2451406
7800,-1788,10421,12862,12883,13018,9799,0.81,0.99,11067.4,0.850161315,-401.613151
7800,-1784,10400,12937,12883,13091,9800,0.81,0.99,11164.3,0.85282255,-428.2254984
7800,-1775,10354,12972,12857,13133,9800,0.81,0.99,11211.9,0.853719638,-437.1963755
7800,-1763,10341,12858,12833,13014,9802,0.81,0.99,11062.2,0.850023052,-400.230521
7800,-1756,10418,12859,12871,13021,9808,0.81,0.99,11065.3,0.849804163,-398.0416251
7800,-1759,10361,12936,12861,13099,9814,0.81,0.99,11165.7,0.852408581,-424.0858081
7800,-1754,10370,12763,12789,12907,9817,0.81,0.99,10935.1,0.847222437,-372.2243744
7800,-1764,10463,12750,12904,12893,9817,0.81,0.99,10917.9,0.846808346,-368.0834561
7800,-1780,10352,12943,12851,13100,9815,0.81,0.99,11173,0.852900763,-429.0076336
7800,-1769,10433,12753,12869,12893,9812,0.81,0.99,10920.9,0.84704103,-370.4103002
7800,-1772,10445,12844,12881,13000,9810,0.81,0.99,11044,0.849538462,-395.3846154
7800,-1780,10430,12824,12879,12974,9809,0.81,0.99,11016.2,0.849098196,-390.9819639
7800,-1770,10426,12648,12861,12795,9810,0.81,0.99,10786.5,0.843024619,-330.2461899
7800,-1773,10392,12905,12876,13068,9811,0.81,0.99,11125.4,0.851346801,-413.4680135
7800,-1783,10400,12848,12840,13009,9812,0.81,0.99,11050.7,0.849465754,-394.6575448
7800,-1768,10311,12907,12837,13061,9813,0.8,0.99,11125.3,0.851795421,-517.9542148
7800,-1769,10286,12969,12793,13129,9813,0.8,0.99,11207.7,0.853659837,-536.59837
7800,-1791,10318,12947,12817,13114,9812,0.81,0.99,11181.2,0.852615525,-426.1552539
7800,-1758,10412,12890,12877,13047,9809,0.81,0.99,11104.1,0.851084541,-410.8454051
7800,-1776,10365,12805,12848,12954,9806,0.81,0.99,10991.2,0.848479234,-384.7923421
7800,-1769,10460,12888,12903,13036,9805,0.81,0.99,11098.8,0.851396134,-413.9613378
7800,-1774,10392,12871,12827,13026,9805,0.81,0.99,11078.8,0.850514356,-405.143559
7800,-1771,10337,12940,12829,13099,9805,0.81,0.99,11169.7,0.852713948,-427.1394763
7800,-1755,10421,12888,12896,13048,9805,0.81,0.99,11102.4,0.850889025,-408.8902514
7800,-1778,10438,12806,12882,12962,9804,0.81,0.99,10994.6,0.848217868,-382.1786761
7800,-1766,10372,12889,12846,13045,9804,0.81,0.99,11102.5,0.851092373,-410.9237256
7800,-1783,10305,12954,12825,13114,9800,0.8,0.99,11188.2,0.853149306,-531.4930609
7800,-1764,10407,12877,12851,13039,9792,0.81,0.99,11088.7,0.850425646,-404.2564614
7800,-1780,10382,12885,12876,13037,9784,0.81,0.99,11096.1,0.851123725,-411.2372478
7800,-1768,10339,12849,12845,13003,9781,0.8,0.99,11049.9,0.849796201,-497.9620088
7800,-1781,10415,12684,12853,12847,9781,0.81,0.99,10838.1,0.843628863,-336.2886277
7800,-1772,10453,12677,12895,12815,9798,0.81,0.99,10821.5,0.844440109,-344.4010925
7800,-1762,10386,12912,12852,13078,9814,0.81,0.99,11135.4,0.851460468,-414.6046796
7800,-1768,10464,12698,12910,12840,9831,0.81,0.99,10850,0.845015576,-350.1557632
7800,-1773,10395,12882,12861,13034,9831,0.81,0.99,11092.2,0.851020408,-410.2040816
7800,-1755,10459,12765,12907,12919,9828,0.81,0.99,10940.7,0.846868953,-368.6895271
7800,-1760,10404,12705,12836,12849,9822,0.81,0.99,10859.7,0.845178613,-351.7861312
7800,-1760,10363,12960,12875,13116,9815,0.8,0.99,11194.8,0.853522415,-535.2241537
7800,-1781,10381,12900,12852,13063,9810,0.81,0.99,11118.9,0.851175075,-411.7507464
7800,-1763,10101,12878,12632,13036,9810,0.8,0.99,11088.8,0.850629027,-506.2902731
7800,-1775,10286,12622,12830,12765,9805,0.8,0.99,10751.5,0.842264003,-422.6400313
7800,-1782,10401,12813,12851,12974,9799,0.81,0.99,11005.2,0.848250347,-382.5034685
7800,-1778,10458,12748,12899,12905,9793,0.81,0.99,10919.5,0.846144905,-361.4490508
7800,-1767,10431,12780,12885,12929,9791,0.81,0.99,10958.7,0.847606157,-376.061567
7800,-1771,10383,12830,12850,12988,9795,0.81,0.99,11026.4,0.848968278,-389.6827841
7800,-1764,10408,12949,12888,13108,9804,0.81,0.99,11181.4,0.853021056,-430.2105584
7800,-1759,10404,12880,12869,13037,9814,0.81,0.99,11091.1,0.850740201,-407.4020097
7800,-1769,10323,12873,12797,13027,9819,0.81,0.99,11081.1,0.850625624,-406.256237
7800,-1772,10438,12830,12877,12985,9820,0.81,0.99,11025.5,0.84909511,-390.9510974
7800,-1765,10277,12859,12813,13008,9818,0.8,0.99,11061.4,0.850353629,-503.5362854
7800,-1762,10430,12874,12884,13035,9816,0.81,0.99,11084.5,0.850364404,-403.6440353
7800,-1768,10319,12887,12798,13038,9813,0.81,0.99,11098.4,0.851234852,-412.3485197
7800,-1773,10400,12832,12852,12983,9813,0.81,0.99,11026.9,0.849333744,-393.3374413
7800,-1769,10367,12905,12868,13067,9814,0.81,0.99,11125.1,0.851388995,-413.8899518
7800,-1778,10334,12822,12849,12978,9816,0.8,0.99,11015.4,0.84877485,-487.7484975
7800,-1765,10418,12664,12852,12808,9819,0.81,0.99,10806.4,0.843722673,-337.2267333
7800,-1760,10416,12697,12846,12841,9821,0.81,0.99,10849.3,0.844895257,-348.9525738
7800,-1774,10464,12768,12900,12913,9821,0.81,0.99,10941.9,0.847355378,-373.553783
7800,-1802,10328,12923,12842,13085,9819,0.8,0.99,11148.5,0.852006114,-520.0611387
7800,-1771,10346,12936,12877,13095,9815,0.8,0.99,11164.5,0.85257732,-525.7731959
7800,-1774,10399,12246,12843,12387,9811,0.81,0.99,10262.1,0.828457254,-184.5725357
7800,-1777,10268,12840,12696,13001,9809,0.81,0.99,11040.3,0.849188524,-391.8852396
7800,-1767,10348,12963,12809,13124,9809,0.81,0.99,11200.2,0.853413593,-434.1359342
7800,-1774,10422,12954,12928,13113,9812,0.81,0.99,11187.9,0.853191489,-431.9148936
7799,-1778,10425,12926,12898,13087,9814,0.81,0.99,11152.1,0.85215099,-421.5098953
7800,-1776,10299,12922,12822,13083,9817,0.8,0.99,11146.9,0.852014064,-520.1406405
7800,-1782,10422,12808,12881,12953,9817,0.81,0.99,10993.9,0.848753185,-387.5318459
7800,-1753,10382,12899,12859,13060,9818,0.81,0.99,11117,0.851225115,-412.2511485
7800,-1765,10356,12923,12817,13082,9820,0.81,0.99,11147.6,0.852132701,-421.3270142
7800,-1785,10217,12792,12774,12939,9822,0.8,0.99,10973.7,0.848110364,-481.1036402
7800,-1797,10300,12643,12852,12794,9823,0.8,0.99,10781.2,0.842676254,-426.7625449
7800,-1781,10371,12855,12837,13013,9823,0.81,0.99,11058.9,0.849834781,-398.347806
7800,-1773,10365,12931,12841,13095,9817,0.81,0.99,11159.5,0.852195494,-421.9549446
7800,-1763,10323,12916,12856,13075,9810,0.8,0.99,11138.5,0.851892925,-518.9292543
7800,-1797,10378,12899,12859,13054,9803,0.81,0.99,11115.2,0.851478474,-414.7847403
7800,-1770,10471,12727,12913,12884,9802,0.81,0.99,10892.2,0.845405154,-354.0515368
7800,-1782,10428,12901,12891,13058,9803,0.81,0.99,11118.4,0.851462705,-414.6270486
7800,-1753,10369,12917,12844,13081,9804,0.81,0.99,11141.3,0.85171623,-417.1622965
7800,-1773,10480,12670,12924,12816,9806,0.81,0.99,10814.8,0.843851436,-338.5143571
7800,-1788,10216,12903,12770,13055,9807,0.8,0.99,11119.5,0.851742627,-517.4262735
7800,-1777,10382,12938,12859,13099,9807,0.81,0.99,11167.7,0.852561264,-425.6126422
7800,-1769,10424,12701,12859,12846,9805,0.81,0.99,10854.8,0.844994551,-349.9455083
7800,-1778,10421,12694,12857,12843,9803,0.81,0.99,10846.9,0.844576812,-345.7681227
7800,-1769,10462,12750,12905,12894,9801,0.81,0.99,10918.2,0.846765938,-367.6593765
7800,-1794,10433,12741,12862,12886,9801,0.81,0.99,10906.8,0.846406953,-364.0695328
7800,-1762,10402,12874,12841,13030,9801,0.81,0.99,11083,0.850575595,-405.7559478
7800,-1773,10414,12658,12846,12796,9798,0.81,0.99,10796.8,0.843763676,-337.6367615
7800,-1763,10423,12863,12893,13015,9795,0.81,0.99,11067.5,0.850364964,-403.649635
7800,-1797,10423,12745,12852,12885,9792,0.81,0.99,10910.5,0.846759798,-367.5979821
7800,-1773,10304,12917,12843,13076,9792,0.8,0.99,11139.8,0.851927195,-519.2719486
7800,-1784,10379,12749,12804,12895,9800,0.81,0.99,10917.5,0.846645987,-366.4598682
7800,-1783,10365,12880,12856,13030,9810,0.81,0.99,11089,0.851036071,-410.3607061
7799,-1787,10351,12914,12870,13074,9819,0.8,0.99,11136.2,0.851782163,-517.8216307
7800,-1787,10417,12900,12905,13053,9821,0.81,0.99,11115.9,0.851597334,-415.9733395
7800,-1779,10360,12923,12867,13082,9820,0.81,0.99,11147.6,0.852132701,-421.3270142
7800,-1764,10391,12907,12870,13067,9818,0.81,0.99,11127.1,0.851542052,-415.420525
7800,-1766,10315,12921,12826,13075,9816,0.8,0.99,11143.5,0.852275335,-522.7533461
7800,-1782,10434,12724,12869,12879,9815,0.81,0.99,10887.7,0.845383958,-353.8395838
7800,-1784,10377,12889,12838,13043,9814,0.81,0.99,11101.9,0.851176876,-411.7687649
7800,-1767,10274,13016,12821,13182,9815,0.8,0.99,11270.6,0.854999241,-549.9924139
7800,-1777,10283,12650,12824,12813,9817,0.8,0.99,10793.9,0.842417857,-424.1785686
7800,-1782,10394,12886,12830,13039,9819,0.81,0.99,11097.7,0.851115883,-411.1588312
7800,-1766,10409,12903,12881,13062,9820,0.81,0.99,11121.6,0.851446945,-414.4694534
7800,-1770,10355,12910,12862,13064,9820,0.81,0.99,11129.2,0.851898347,-418.983466
7800,-1772,10347,12967,12860,13122,9818,0.8,0.99,11203.6,0.853802774,-538.0277397
7800,-1767,10403,12892,12863,13057,9815,0.81,0.99,11109.1,0.850815654,-408.1565444
7800,-1767,10418,12936,12914,13097,9813,0.81,0.99,11165.1,0.852492937,-424.9293731
7800,-1779,10300,12566,12840,12714,9813,0.8,0.99,10680.2,0.840034608,-400.3460752
7800,-1774,10439,12907,12910,13060,9811,0.81,0.99,11125,0.851837672,-418.3767228
7800,-1753,10333,13010,12755,13173,9808,0.81,0.99,11261.9,0.854922948,-449.2294846
7800,-1796,10300,12566,12853,12711,9804,0.8,0.99,10679.3,0.840162064,-401.6206435
7800,-1773,10437,12631,12879,12769,9803,0.81,0.99,10761.7,0.842798966,-327.9896625
7800,-1787,10380,12886,12850,13045,9802,0.81,0.99,11099.5,0.850862399,-408.6239939
7800,-1760,10387,12858,12837,13011,9807,0.81,0.99,11061.3,0.850149873,-401.4987318
7800,-1790,10349,12928,12817,13090,9811,0.81,0.99,11155,0.852177235,-421.7723453
7800,-1757,10418,12812,12894,12965,9815,0.81,0.99,11001.5,0.848553799,-385.5379869
7800,-1778,10362,12881,12833,13041,9815,0.81,0.99,11093.3,0.850647956,-406.4795645
7800,-1769,10391,12891,12858,13045,9812,0.81,0.99,11104.5,0.851245688,-412.45688
7800,-1769,10393,12842,12862,12991,9807,0.81,0.99,11039.3,0.849765222,-397.6522208
7800,-1777,10281,12931,12819,13094,9802,0.8,0.99,11159.2,0.852237666,-522.3766611
7800,-1769,10381,12832,12831,12987,9799,0.81,0.99,11028.1,0.849164549,-391.6454916
7800,-1771,10159,12992,12634,13150,9799,0.8,0.99,11237,0.854524715,-545.2471483
7800,-1795,10433,12776,12876,12924,9807,0.81,0.99,10953.2,0.847508511,-375.085113
7800,-1764,10378,12891,12858,13047,9817,0.81,0.99,11105.1,0.851161186,-411.6118648
7800,-1760,10388,12906,12839,13069,9827,0.81,0.99,11126.7,0.851381131,-413.8113092
7800,-1786,10348,12935,12861,13096,9829,0.8,0.99,11163.8,0.852458766,-524.5876604
