ECS,NSC,FA,FB,NA,NB,OM,FA/NA,FB/NB
4065,-1099,10780,12193,13356,13264,2947,0.81,0.92
4065,-1067,10789,11905,13329,12942,2936,0.81,0.92
4065,-1089,10799,12252,13366,13325,2925,0.81,0.92
4065,-1102,10736,12314,13352,13397,2923,0.8,0.92
4065,-1074,10844,12242,13401,13319,2923,0.81,0.92
4065,-1129,10745,12300,13376,13386,2922,0.8,0.92
4065,-1101,10669,12354,13314,13432,2922,0.8,0.92
4065,-1114,10821,12080,13363,13133,2921,0.81,0.92
4065,-1086,10755,12108,13298,13159,2921,0.81,0.92
4065,-1090,10715,12201,13307,13267,2921,0.81,0.92
4065,-1087,10840,12395,13410,13482,2918,0.81,0.92
4065,-1060,10752,12054,13288,13104,2915,0.81,0.92
4065,-1077,10813,12160,13356,13225,2912,0.81,0.92
4065,-1103,10708,11987,13372,13031,2913,0.8,0.92
4065,-1099,10732,12278,13352,13352,2913,0.8,0.92
4065,-1089,10809,12257,13376,13336,2914,0.81,0.92
4065,-1094,10754,12221,13340,13294,2916,0.81,0.92
4065,-1076,10831,12224,13384,13304,2917,0.81,0.92
4065,-1098,10725,12258,13344,13337,2917,0.8,0.92
4065,-1105,10755,12237,13351,13316,2920,0.81,0.92
4065,-1099,10825,12236,13414,13311,2929,0.81,0.92
4065,-1083,10807,11998,13353,13045,2937,0.81,0.92
4065,-1104,10798,12204,13340,13270,2942,0.81,0.92
4065,-1103,10778,12231,13351,13303,2942,0.81,0.92
4065,-1086,10808,12293,13406,13370,2940,0.81,0.92
4065,-1093,10780,12235,13362,13313,2935,0.81,0.92
4065,-1094,10776,12268,13356,13352,2931,0.81,0.92
4065,-1078,10839,12208,13414,13289,2929,0.81,0.92
4065,-1081,10727,12279,13309,13356,2929,0.81,0.92
4065,-1082,10580,11510,13163,12516,2928,0.8,0.92
4065,-1088,10853,12041,13409,13091,2928,0.81,0.92
4065,-1091,10782,12206,13353,13278,2927,0.81,0.92
4065,-1093,10731,12302,13361,13385,2927,0.8,0.92
4065,-1092,10785,12227,13369,13305,2927,0.81,0.92
4065,-1101,10796,12204,13358,13269,2931,0.81,0.92
4065,-1085,10822,12226,13408,13310,2936,0.81,0.92
4065,-1096,10774,12264,13353,13340,2940,0.81,0.92
4065,-1092,10756,12313,13364,13396,2941,0.8,0.92
4065,-1074,10841,12120,13391,13182,2941,0.81,0.92
4065,-1085,10369,12229,12841,13301,2937,0.81,0.92
4065,-1087,10782,12199,13329,13262,2933,0.81,0.92
4065,-1093,10819,12230,13405,13306,2928,0.81,0.92
4065,-1085,10788,12378,13332,13461,2928,0.81,0.92
4065,-1081,10830,12151,13380,13217,2928,0.81,0.92
4065,-1078,10824,12185,13377,13258,2929,0.81,0.92
4065,-1092,10738,12260,13342,13329,2929,0.8,0.92
4065,-1086,10683,12246,13247,13324,2929,0.81,0.92
4065,-1081,10664,12166,13172,13224,2929,0.81,0.92
4065,-1081,10766,12268,13329,13351,2927,0.81,0.92
4065,-1079,10768,12198,13330,13269,2922,0.81,0.92
4065,-1107,10691,12007,13349,13050,2916,0.8,0.92
4065,-1077,10796,12193,13351,13260,2911,0.81,0.92
4065,-1091,10796,12210,13361,13284,2911,0.81,0.92
4065,-1079,10846,12207,13380,13278,2911,0.81,0.92
4065,-1084,10798,12271,13375,13355,2914,0.81,0.92
4065,-1096,10747,12001,13272,13044,2917,0.81,0.92
4066,-1097,10795,12220,13381,13284,2919,0.81,0.92
4065,-1087,10840,12193,13411,13264,2919,0.81,0.92
4065,-1088,10807,12241,13351,13309,2921,0.81,0.92
4065,-1080,10767,12252,13353,13336,2925,0.81,0.92
4065,-1087,10822,12001,13377,13042,2930,0.81,0.92
4065,-1104,10758,12282,13356,13369,2933,0.81,0.92
4065,-1078,10763,12240,13345,13317,2933,0.81,0.92
4065,-1107,10707,12276,13323,13353,2928,0.8,0.92
4065,-1084,10824,12183,13358,13249,2919,0.81,0.92
4065,-1083,10760,12241,13346,13315,2911,0.81,0.92
4065,-1086,10855,12246,13404,13321,2907,0.81,0.92
4064,-1094,10805,12126,13348,13184,2907,0.81,0.92
4065,-1090,10802,12262,13356,13338,2905,0.81,0.92
4065,-1106,10788,12139,13343,13201,2902,0.81,0.92
4066,-1090,10821,12261,13392,13340,2900,0.81,0.92
4065,-1082,10713,12223,13292,13302,2899,0.81,0.92
4065,-1081,10892,12193,13449,13254,2899,0.81,0.92
4065,-1086,10750,12240,13376,13322,2908,0.8,0.92
4065,-1087,10675,12216,13231,13293,2919,0.81,0.92
4065,-1084,10731,12238,13266,13313,2930,0.81,0.92
4065,-1102,10653,12317,13318,13393,2932,0.8,0.92
4065,-1103,10632,12297,13305,13374,2932,0.8,0.92
4065,-1086,10797,11991,13331,13030,2932,0.81,0.92
4065,-1088,10823,12222,13392,13292,2933,0.81,0.92
4065,-1092,10833,12241,13387,13314,2933,0.81,0.92
4065,-1088,10811,12004,13354,13055,2934,0.81,0.92
4065,-1089,10854,12213,13434,13292,2934,0.81,0.92
4065,-1092,10809,12050,13350,13102,2930,0.81,0.92
4065,-1084,10836,12246,13395,13322,2927,0.81,0.92
4065,-1098,10764,12263,13363,13344,2924,0.81,0.92
4065,-1113,10763,12233,13357,13307,2924,0.81,0.92
4065,-1080,10819,12213,13366,13291,2923,0.81,0.92
4065,-1088,10808,12268,13355,13342,2917,0.81,0.92
4065,-1089,10750,12277,13340,13355,2912,0.81,0.92
4065,-1099,10673,12263,13254,13334,2907,0.81,0.92
4065,-1089,10834,12069,13383,13122,2907,0.81,0.92
4065,-1093,10798,12200,13407,13274,2908,0.81,0.92
4065,-1085,10827,12185,13371,13250,2910,0.81,0.92
4065,-1089,10822,12121,13393,13175,2913,0.81,0.92
4065,-1077,10849,12296,13396,13383,2915,0.81,0.92
4064,-1086,10792,12262,13375,13345,2914,0.81,0.92
4065,-1084,10771,12301,13360,13376,2914,0.81,0.92
4065,-1080,10845,12159,13414,13214,2911,0.81,0.92
4065,-1078,10801,12252,13388,13334,2909,0.81,0.92
4065,-1089,10773,12337,13350,13417,2908,0.81,0.92
4065,-1086,10762,12261,13333,13339,2908,0.81,0.92
4065,-1103,10773,12130,13353,13186,2914,0.81,0.92
4065,-1090,10835,12051,13378,13104,2924,0.81,0.92
4065,-1082,10832,12175,13381,13236,2933,0.81,0.92
4065,-1082,10737,12247,13317,13327,2937,0.81,0.92
4065,-1078,10833,12298,13428,13377,2937,0.81,0.92
4065,-1077,10735,12299,13365,13385,2936,0.8,0.92
4065,-1084,10698,12026,13214,13075,2936,0.81,0.92
4065,-1095,10700,12252,13322,13329,2934,0.8,0.92
4065,-1126,10422,12096,13055,13154,2934,0.8,0.92
4065,-1090,10592,12181,13103,13248,2934,0.81,0.92
4065,-1085,10842,12260,13417,13337,2931,0.81,0.92
4065,-1076,10842,12202,13381,13277,2929,0.81,0.92
4065,-1111,10614,12002,13255,13045,2925,0.8,0.92
4065,-1109,10854,11968,13419,13016,2924,0.81,0.92
4065,-1107,10625,11955,13268,13000,2924,0.8,0.92
4065,-1093,10708,12259,13329,13348,2925,0.8,0.92
4065,-1084,10804,12266,13369,13342,2925,0.81,0.92
4065,-1091,10733,12224,13321,13299,2926,0.81,0.92
4065,-1082,10751,12246,13320,13324,2926,0.81,0.92
4065,-1088,10697,12288,13329,13364,2924,0.8,0.92
4065,-1096,10807,12045,13351,13096,2914,0.81,0.92
4065,-1091,10726,12258,13279,13337,2904,0.81,0.92
4065,-1080,10786,12264,13374,13348,2896,0.81,0.92
4065,-1096,10784,12234,13380,13311,2896,0.81,0.92
4065,-1092,10756,12260,13337,13340,2901,0.81,0.92
4065,-1091,10847,12017,13398,13058,2914,0.81,0.92
4065,-1081,10835,12234,13398,13304,2926,0.81,0.92
4065,-1087,10671,12266,13221,13347,2934,0.81,0.92
4065,-1082,10779,12071,13312,13125,2934,0.81,0.92
4065,-1079,10801,12215,13353,13284,2932,0.81,0.92
4065,-1081,10838,12253,13427,13341,2929,0.81,0.92
4065,-1089,10760,12255,13353,13322,2926,0.81,0.92
4065,-1113,10668,12243,13268,13323,2925,0.8,0.92
4065,-1086,10864,12308,13442,13389,2925,0.81,0.92
4065,-1078,10822,12287,13459,13363,2924,0.8,0.92
4065,-1087,10684,12176,13186,13241,2922,0.81,0.92
4065,-1086,10702,12310,13355,13388,2920,0.8,0.92
4065,-1111,10701,12244,13347,13317,2919,0.8,0.92
4065,-1117,10594,12301,13253,13376,2919,0.8,0.92
4065,-1107,10654,11972,13304,13010,2921,0.8,0.92
4065,-1106,10858,12154,13405,13223,2925,0.81,0.92
4065,-1091,10879,12071,13439,13123,2928,0.81,0.92
4065,-1088,10734,12218,13283,13292,2929,0.81,0.92
4065,-1097,10592,12218,13138,13284,2929,0.81,0.92
4065,-1088,10638,12264,13186,13335,2928,0.81,0.92
4065,-1095,10866,12049,13422,13099,2929,0.81,0.92
4065,-1088,10800,12307,13373,13389,2929,0.81,0.92
4065,-1099,10802,12060,13345,13109,2929,0.81,0.92
4065,-1088,10800,12250,13359,13325,2928,0.81,0.92
4082,-1106,10842,12109,13382,13169,2932,0.81,0.92
4124,-1092,10867,12315,13425,13359,2934,0.81,0.92
4193,-1090,10854,12439,13354,13409,2938,0.81,0.93
4278,-1135,10938,12311,13394,13177,2938,0.82,0.93
4360,-1165,10910,12436,13396,13330,2966,0.81,0.93
4438,-1134,10933,12490,13427,13402,3103,0.81,0.93
4508,-1131,10987,12610,13466,13494,3241,0.82,0.93
4570,-1168,11006,12669,13511,13510,3352,0.81,0.94
4624,-1186,10944,12703,13422,13550,3352,0.82,0.94
4670,-1174,10985,12642,13451,13482,3976,0.82,0.94
4710,-1159,11004,12631,13472,13460,5533,0.82,0.94
4743,-1148,11079,12698,13522,13517,7091,0.82,0.94
4773,-1171,11045,12732,13525,13541,8025,0.82,0.94
4798,-1175,11112,12579,13511,13336,8024,0.82,0.94
4822,-1208,11023,12706,13470,13465,8130,0.82,0.94
4841,-1220,11116,12677,13533,13423,8396,0.82,0.94
4858,-1219,11165,12705,13596,13451,8661,0.82,0.94
4875,-1229,10990,12804,13430,13559,8820,0.82,0.94
4889,-1234,11112,12568,13525,13295,8819,0.82,0.95
4901,-1228,11125,12577,13529,13310,8858,0.82,0.94
4912,-1213,11059,12836,13514,13597,8921,0.82,0.94
4920,-1198,11041,12810,13479,13577,8984,0.82,0.94
4929,-1196,10742,12803,13098,13572,9010,0.82,0.94
4936,-1156,10881,12859,13204,13634,9010,0.82,0.94
4942,-1178,10995,12832,13484,13613,9025,0.82,0.94
4948,-1185,11027,12818,13513,13597,9050,0.82,0.94
4953,-1158,11194,12719,13544,13492,9074,0.83,0.94
4957,-1144,11077,12689,13436,13461,9084,0.82,0.94
4961,-1166,11033,12408,13497,13162,9084,0.82,0.94
4965,-1146,10967,12567,13261,13309,9100,0.83,0.94
4967,-1138,11167,12739,13507,13511,9119,0.83,0.94
4970,-1144,11108,12771,13500,13554,9138,0.82,0.94
4972,-1153,11013,12622,13309,13381,9142,0.83,0.94
4974,-1138,11166,12792,13523,13575,9141,0.83,0.94
4976,-1156,11154,12862,13587,13645,9143,0.82,0.94
4977,-1147,11140,12753,13475,13527,9145,0.83,0.94
4979,-1135,11186,12742,13530,13514,9148,0.83,0.94
4980,-1155,11202,12727,13536,13505,9148,0.83,0.94
4981,-1133,11089,12870,13499,13655,9148,0.82,0.94
4982,-1155,11141,12789,13469,13567,9153,0.83,0.94
4983,-1147,11112,12889,13541,13667,9157,0.82,0.94
4983,-1143,11181,12788,13512,13554,9161,0.83,0.94
4984,-1160,11214,12754,13574,13528,9161,0.83,0.94
4985,-1134,11100,12864,13520,13649,9161,0.82,0.94
4985,-1164,11124,12777,13560,13549,9157,0.82,0.94
4986,-1154,11145,12581,13455,13329,9152,0.83,0.94
4986,-1157,11060,12812,13444,13596,9147,0.82,0.94
4987,-1149,11167,12828,13551,13606,9147,0.82,0.94
4987,-1146,11191,12710,13513,13472,9143,0.83,0.94
4987,-1147,11135,12754,13510,13524,9117,0.82,0.94
4988,-1139,11235,12774,13569,13544,9091,0.83,0.94
4987,-1141,11223,12798,13562,13575,9071,0.83,0.94
4989,-1127,11165,12759,13515,13537,9071,0.83,0.94
4988,-1140,11131,12820,13512,13597,9077,0.82,0.94
4988,-1146,11082,12830,13456,13598,9112,0.82,0.94
4988,-1148,11068,12859,13517,13635,9147,0.82,0.94
4989,-1127,11230,12710,13559,13475,9175,0.83,0.94
4989,-1150,11215,12793,13575,13568,9175,0.83,0.94
4989,-1121,11237,12695,13561,13452,9173,0.83,0.94
4989,-1165,11221,12573,13543,13322,9169,0.83,0.94
4989,-1138,11243,12759,13581,13520,9164,0.83,0.94
4990,-1137,11098,12905,13505,13683,9161,0.82,0.94
4990,-1125,11171,12726,13501,13498,9161,0.83,0.94
4990,-1137,11226,12796,13582,13567,9164,0.83,0.94
4989,-1150,11090,12466,13527,13205,9169,0.82,0.94
4990,-1132,11017,12652,13292,13406,9175,0.83,0.94
4990,-1160,10688,12744,13061,13507,9178,0.82,0.94
4989,-1123,11005,12900,13291,13679,9178,0.83,0.94
4990,-1124,11154,12746,13514,13509,9174,0.83,0.94
4990,-1133,11178,12764,13544,13525,9167,0.83,0.94
4990,-1127,11239,12587,13563,13352,9160,0.83,0.94
4990,-1154,11027,12394,13456,13131,9158,0.82,0.94
4990,-1132,11012,12790,13319,13564,9158,0.83,0.94
4990,-1137,11116,12858,13517,13640,9158,0.82,0.94
4990,-1157,11202,12587,13517,13335,9160,0.83,0.94
4990,-1147,11176,12743,13536,13510,9161,0.83,0.94
4990,-1145,11055,12849,13457,13629,9162,0.82,0.94
4991,-1179,11071,12794,13481,13565,9161,0.82,0.94
4991,-1130,11168,12841,13541,13619,9158,0.82,0.94
4991,-1132,11168,12811,13503,13581,9154,0.83,0.94
4990,-1132,11101,12776,13465,13545,9150,0.82,0.94
4990,-1132,11143,12764,13479,13534,9149,0.83,0.94
4991,-1118,11212,12713,13549,13471,9149,0.83,0.94
4990,-1138,11233,12790,13572,13567,9152,0.83,0.94
4991,-1130,11213,12593,13534,13333,9156,0.83,0.94
4991,-1129,11187,12758,13494,13530,9160,0.83,0.94
4991,-1142,11202,12794,13559,13571,9161,0.83,0.94
4991,-1124,11215,12751,13530,13521,9160,0.83,0.94
4991,-1126,11213,12728,13551,13494,9166,0.83,0.94
4991,-1150,11180,12836,13540,13616,9172,0.83,0.94
4991,-1164,11235,12603,13552,13354,9178,0.83,0.94
4991,-1152,11198,12764,13585,13542,9177,0.82,0.94
4991,-1133,11241,12634,13564,13381,9176,0.83,0.94
4991,-1134,11199,12794,13540,13565,9171,0.83,0.94
4991,-1135,11175,12793,13501,13569,9165,0.83,0.94
4991,-1136,11192,12799,13560,13575,9159,0.83,0.94
4992,-1125,11235,12688,13549,13447,9159,0.83,0.94
4991,-1154,11241,12612,13565,13360,9158,0.83,0.94
4992,-1159,11202,12715,13541,13476,9155,0.83,0.94
4991,-1139,11198,12763,13557,13530,9152,0.83,0.94
4992,-1125,11142,12806,13492,13582,9150,0.83,0.94
4991,-1148,11157,12837,13555,13619,9149,0.82,0.94
4991,-1152,11157,12829,13566,13605,9151,0.82,0.94
4991,-1132,11204,12770,13553,13540,9155,0.83,0.94
4992,-1129,11109,12762,13449,13536,9159,0.83,0.94
4992,-1138,10697,12758,13074,13533,9161,0.82,0.94
4991,-1127,11224,12880,13556,13657,9161,0.83,0.94
4992,-1129,11228,12580,13554,13323,9163,0.83,0.94
4991,-1127,11237,12716,13556,13484,9168,0.83,0.94
4992,-1157,11223,12701,13567,13475,9173,0.83,0.94
4992,-1179,11097,12215,13498,12940,9175,0.82,0.94
4992,-1138,11111,12834,13441,13609,9175,0.83,0.94
4992,-1148,11230,12719,13560,13488,9173,0.83,0.94
4992,-1142,11144,12798,13514,13567,9170,0.82,0.94
4992,-1153,11234,12751,13594,13518,9166,0.83,0.94
4992,-1124,11166,12778,13500,13552,9164,0.83,0.94
4992,-1132,11185,12578,13495,13329,9164,0.83,0.94
4992,-1137,11160,12779,13503,13555,9164,0.83,0.94
4992,-1170,11106,12870,13521,13649,9163,0.82,0.94
4992,-1164,11130,12810,13550,13576,9161,0.82,0.94
4993,-1157,11171,12631,13472,13381,9161,0.83,0.94
4992,-1131,11189,12659,13499,13408,9163,0.83,0.94
4993,-1156,11093,12339,13517,13068,9172,0.82,0.94
4993,-1132,10955,12787,13277,13559,9181,0.83,0.94
4993,-1146,11190,12611,13523,13354,9188,0.83,0.94
4993,-1154,11207,12733,13569,13508,9188,0.83,0.94
4992,-1148,11242,12742,13584,13512,9185,0.83,0.94
4993,-1148,11150,12794,13546,13564,9181,0.82,0.94
4993,-1146,11081,12722,13417,13487,9177,0.83,0.94
4993,-1138,11203,12659,13509,13411,9176,0.83,0.94
4994,-1121,11065,12879,13443,13655,9175,0.82,0.94
4994,-1146,11160,12810,13480,13584,9173,0.83,0.94
4994,-1134,11204,12739,13539,13509,9171,0.83,0.94
4994,-1143,11217,12689,13540,13438,9170,0.83,0.94
4994,-1153,11187,12743,13525,13507,9169,0.83,0.94
4995,-1141,11221,12573,13539,13317,9166,0.83,0.94
4995,-1163,11077,12489,13504,13231,9159,0.82,0.94
4995,-1146,11243,12695,13561,13452,9153,0.83,0.94
4996,-1147,11117,12814,13536,13592,9151,0.82,0.94
4996,-1155,11141,12754,13521,13518,9151,0.82,0.94
4996,-1127,10968,12827,13309,13604,9159,0.82,0.94
4996,-1128,11235,12663,13556,13424,9168,0.83,0.94
4996,-1154,11041,12499,13463,13246,9176,0.82,0.94
4997,-1133,11240,12683,13560,13441,9176,0.83,0.94
4997,-1145,11216,12588,13530,13332,9174,0.83,0.94
4997,-1132,11205,12761,13561,13534,9171,0.83,0.94
4997,-1132,11091,12814,13477,13588,9167,0.82,0.94
4998,-1147,11190,12785,13534,13554,9166,0.83,0.94
4998,-1164,11064,12883,13483,13667,9166,0.82,0.94
4999,-1136,11120,12847,13491,13620,9167,0.82,0.94
4999,-1127,11240,12621,13551,13369,9168,0.83,0.94
4999,-1126,11234,12762,13577,13529,9169,0.83,0.94
4999,-1127,11182,12482,13492,13221,9169,0.83,0.94
5000,-1142,11041,12815,13355,13582,9170,0.83,0.94
5000,-1145,11237,12564,13559,13304,9173,0.83,0.94
5001,-1143,11186,12820,13570,13592,9177,0.82,0.94
5001,-1134,11172,12829,13529,13600,9179,0.83,0.94
5002,-1130,11212,12865,13588,13642,9179,0.83,0.94
5002,-1139,11190,12847,13558,13623,9184,0.83,0.94
5002,-1152,11108,12806,13517,13572,9189,0.82,0.94
5003,-1152,11157,12818,13518,13586,9195,0.83,0.94
5003,-1123,11019,12794,13312,13559,9196,0.83,0.94
5004,-1134,11249,12643,13565,13397,9194,0.83,0.94
5004,-1123,11199,12806,13567,13574,9182,0.83,0.94
5005,-1146,11115,12812,13508,13577,9170,0.82,0.94
5006,-1159,11156,12833,13512,13599,9160,0.83,0.94
5006,-1160,11179,12804,13542,13568,9160,0.83,0.94
5006,-1135,11150,12798,13502,13567,9170,0.83,0.94
5007,-1137,11217,12583,13517,13320,9182,0.83,0.94
5008,-1144,11235,12647,13559,13389,9194,0.83,0.94
5008,-1121,10984,12265,13254,12985,9197,0.83,0.94
5008,-1133,11157,12888,13549,13653,9194,0.82,0.94
5009,-1111,11208,12639,13509,13384,9183,0.83,0.94
5010,-1125,11162,12812,13501,13584,9171,0.83,0.94
5010,-1137,11224,12771,13551,13524,9162,0.83,0.94
5011,-1139,11136,12851,13474,13609,9162,0.83,0.94
5011,-1151,11166,12774,13537,13531,9165,0.82,0.94
5012,-1118,11210,12770,13516,13528,9171,0.83,0.94
5013,-1156,11215,12797,13557,13558,9176,0.83,0.94
5013,-1130,11188,12766,13546,13516,9178,0.83,0.94
5014,-1137,11190,12828,13536,13588,9178,0.83,0.94
5015,-1159,11190,12629,13487,13363,9178,0.83,0.95
5015,-1153,11117,12327,13518,13038,9179,0.82,0.95
5016,-1149,11052,12681,13320,13422,9179,0.83,0.94
5017,-1151,11210,12765,13556,13517,9178,0.83,0.94
5017,-1136,11188,12801,13535,13554,9180,0.83,0.94
5018,-1142,11185,12827,13530,13578,9185,0.83,0.94
5018,-1154,11136,12828,13536,13588,9190,0.82,0.94
5019,-1125,11208,12802,13526,13563,9193,0.83,0.94
5020,-1160,11182,12815,13528,13572,9193,0.83,0.94
5021,-1142,11252,12767,13561,13512,9191,0.83,0.94
5022,-1149,11290,12555,13615,13280,9189,0.83,0.95
5022,-1124,11242,12738,13548,13488,9187,0.83,0.94
5024,-1134,11076,12836,13439,13597,9187,0.82,0.94
5024,-1161,11239,12594,13542,13306,9186,0.83,0.95
5025,-1147,11157,12864,13543,13620,9184,0.82,0.94
5026,-1147,11212,12855,13561,13604,9180,0.83,0.94
5026,-1159,11214,12790,13558,13536,9178,0.83,0.94
5028,-1166,11127,12827,13501,13568,9178,0.82,0.95
5028,-1152,11129,12918,13520,13673,9185,0.82,0.94
5029,-1159,11170,12826,13530,13573,9194,0.83,0.94
5030,-1146,11254,12632,13574,13351,9202,0.83,0.95
5031,-1147,11216,12645,13523,13374,9204,0.83,0.95
5032,-1151,11239,12608,13551,13324,9203,0.83,0.95
5032,-1158,11223,12632,13534,13350,9201,0.83,0.95
5033,-1143,11230,12840,13556,13583,9198,0.83,0.95
5034,-1155,11132,12899,13538,13649,9196,0.82,0.95
5035,-1162,11202,12810,13549,13545,9196,0.83,0.95
5036,-1165,11231,12594,13547,13305,9192,0.83,0.95
5037,-1162,11230,12813,13571,13546,9187,0.83,0.95
5038,-1155,11174,12877,13512,13618,9182,0.83,0.95
5039,-1163,11256,12807,13575,13534,9180,0.83,0.95
5040,-1146,11241,12648,13564,13369,9182,0.83,0.95
5041,-1163,11162,12833,13504,13565,9188,0.83,0.95
5041,-1169,11262,12716,13589,13428,9195,0.83,0.95
5043,-1170,11145,12840,13519,13574,9200,0.82,0.95
5044,-1161,11255,12696,13576,13409,9200,0.83,0.95
5045,-1171,11240,12621,13562,13322,9201,0.83,0.95
5045,-1174,11142,12863,13522,13592,9204,0.82,0.95
5047,-1174,11160,12853,13515,13572,9206,0.83,0.95
5048,-1177,11237,12778,13585,13489,9207,0.83,0.95
5049,-1182,11215,12765,13525,13474,9207,0.83,0.95
5050,-1177,11194,12729,13519,13438,9204,0.83,0.95
5051,-1176,11152,12764,13488,13491,9201,0.83,0.95
5052,-1191,11208,12825,13536,13545,9198,0.83,0.95
5053,-1194,11197,12829,13554,13542,9198,0.83,0.95
5054,-1183,11239,12831,13573,13548,9198,0.83,0.95
5055,-1186,11165,12853,13536,13569,9200,0.82,0.95
5056,-1190,11065,12865,13400,13572,9202,0.83,0.95
5057,-1171,11252,12888,13613,13599,9203,0.83,0.95
5058,-1196,11212,12676,13546,13361,9203,0.83,0.95
5059,-1187,11224,12759,13566,13456,9210,0.83,0.95
5059,-1183,11175,12693,13505,13399,9216,0.83,0.95
5061,-1199,11222,12775,13574,13473,9223,0.83,0.95
5061,-1196,11143,12517,13465,13188,9223,0.83,0.95
5063,-1222,11147,12858,13537,13560,9220,0.82,0.95
5064,-1199,11265,12806,13615,13510,9214,0.83,0.95
5064,-1199,11174,12827,13527,13532,9208,0.83,0.95
5065,-1238,11122,12814,13516,13517,9204,0.82,0.95
5066,-1222,11082,12907,13525,13615,9204,0.82,0.95
5067,-1201,11175,12869,13537,13573,9210,0.83,0.95
5068,-1215,11204,12723,13555,13404,9219,0.83,0.95
5069,-1222,11007,12516,13473,13189,9227,0.82,0.95
5070,-1218,11057,12711,13381,13394,9229,0.83,0.95
5071,-1217,11172,12645,13525,13312,9227,0.83,0.95
5072,-1217,11107,12840,13512,13533,9221,0.82,0.95
5074,-1225,11143,12895,13568,13601,9215,0.82,0.95
5074,-1217,11168,12837,13547,13522,9210,0.82,0.95
5075,-1207,11098,12926,13501,13627,9210,0.82,0.95
5076,-1224,11207,12771,13572,13443,9210,0.83,0.95
5077,-1225,11101,12881,13496,13576,9210,0.82,0.95
5078,-1230,11165,12930,13592,13627,9210,0.82,0.95
5079,-1221,11136,12535,13501,13205,9210,0.82,0.95
5080,-1235,10989,12684,13308,13354,9211,0.83,0.95
5081,-1240,11129,12761,13482,13433,9215,0.83,0.95
5082,-1244,11113,12952,13566,13644,9219,0.82,0.95
5083,-1236,11149,12895,13546,13587,9222,0.82,0.95
5084,-1235,11150,12901,13570,13587,9222,0.82,0.95
5085,-1241,11202,12788,13578,13462,9221,0.83,0.95
5086,-1262,11206,12630,13588,13289,9219,0.82,0.95
5087,-1258,11200,12706,13578,13364,9217,0.82,0.95
5088,-1277,11103,12934,13598,13620,9216,0.82,0.95
5089,-1280,11038,12579,13532,13223,9215,0.82,0.95
5090,-1232,11151,12736,13526,13402,9223,0.82,0.95
5091,-1257,11180,12756,13555,13418,9230,0.82,0.95
5092,-1247,11147,12846,13580,13518,9237,0.82,0.95
5093,-1267,11104,12902,13506,13577,9237,0.82,0.95
5094,-1258,11136,12909,13543,13589,9237,0.82,0.95
5094,-1262,11180,12727,13570,13387,9235,0.82,0.95
5096,-1292,11108,12906,13562,13575,9234,0.82,0.95
5097,-1256,11146,12844,13550,13508,9233,0.82,0.95
5098,-1287,10951,13014,13421,13695,9233,0.82,0.95
5099,-1282,11174,12696,13580,13348,9239,0.82,0.95
5100,-1267,10969,12808,13321,13468,9247,0.82,0.95
5101,-1255,11167,12695,13565,13339,9255,0.82,0.95
5102,-1276,11090,12955,13536,13634,9256,0.82,0.95
5102,-1286,11075,12953,13558,13624,9254,0.82,0.95
5103,-1308,11135,12898,13565,13561,9252,0.82,0.95
5104,-1272,11110,12851,13536,13510,9248,0.82,0.95
5105,-1283,11095,12738,13484,13387,9247,0.82,0.95
5107,-1267,11145,12937,13546,13604,9247,0.82,0.95
5108,-1282,11036,12993,13498,13670,9247,0.82,0.95
5109,-1274,11017,12831,13462,13492,9248,0.82,0.95
5110,-1281,11035,12937,13494,13608,9249,0.82,0.95
5110,-1297,11177,12919,13628,13587,9250,0.82,0.95
5111,-1284,11138,12872,13547,13542,9250,0.82,0.95
5112,-1296,11067,12868,13522,13529,9251,0.82,0.95
5113,-1283,11039,12928,13532,13587,9252,0.82,0.95
5115,-1321,11054,12956,13542,13624,9253,0.82,0.95
5115,-1303,11100,12783,13503,13428,9253,0.82,0.95
5116,-1288,11099,12940,13547,13607,9252,0.82,0.95
5118,-1286,11151,12847,13588,13500,9251,0.82,0.95
5118,-1297,11044,12502,13565,13133,9249,0.81,0.95
5120,-1288,11009,12725,13399,13368,9248,0.82,0.95
5120,-1317,10988,12648,13526,13284,9248,0.81,0.95
5121,-1295,11106,12950,13582,13625,9250,0.82,0.95
5122,-1298,11160,12786,13609,13435,9251,0.82,0.95
5123,-1304,11135,12851,13564,13502,9253,0.82,0.95
5124,-1337,11063,12868,13533,13527,9253,0.82,0.95
5125,-1298,11037,12961,13554,13626,9252,0.81,0.95
5126,-1315,11156,12886,13598,13553,9249,0.82,0.95
5127,-1308,11149,12714,13587,13357,9248,0.82,0.95
5128,-1293,11124,12800,13584,13462,9247,0.82,0.95
5129,-1296,10991,12892,13410,13559,9247,0.82,0.95
5130,-1308,11071,12947,13558,13615,9251,0.82,0.95
5131,-1305,11094,12931,13568,13597,9255,0.82,0.95
5132,-1318,11091,12909,13604,13576,9258,0.82,0.95
5133,-1300,11037,12975,13578,13649,9258,0.81,0.95
5134,-1327,11119,12961,13624,13638,9259,0.82,0.95
5135,-1300,11048,12915,13537,13585,9261,0.82,0.95
5136,-1309,11088,12920,13562,13590,9263,0.82,0.95
5137,-1305,11115,12924,13633,13583,9263,0.82,0.95
5138,-1286,11070,12826,13495,13489,9263,0.82,0.95
5139,-1304,10878,13016,13361,13693,9266,0.81,0.95
5140,-1295,11145,12723,13592,13360,9269,0.82,0.95
5141,-1304,11013,12934,13520,13605,9272,0.81,0.95
5142,-1288,11115,12948,13585,13619,9273,0.82,0.95
5143,-1308,11120,12959,13621,13633,9273,0.82,0.95
5144,-1311,11139,12755,13592,13405,9274,0.82,0.95
5145,-1321,11092,12929,13561,13598,9275,0.82,0.95
5146,-1289,11077,12956,13560,13630,9275,0.82,0.95
5147,-1340,10982,12701,13545,13348,9276,0.81,0.95
5148,-1292,11188,12808,13647,13475,9277,0.82,0.95
5149,-1296,11124,12830,13565,13503,9278,0.82,0.95
5150,-1324,10986,12989,13514,13675,9279,0.81,0.95
5151,-1304,11114,12746,13562,13397,9279,0.82,0.95
5152,-1297,11070,12826,13504,13495,9278,0.82,0.95
5153,-1296,11026,12977,13574,13655,9274,0.81,0.95
5154,-1329,11148,12690,13614,13347,9270,0.82,0.95
5155,-1301,11123,12664,13573,13315,9266,0.82,0.95
5155,-1299,11007,13014,13513,13702,9266,0.81,0.95
5157,-1298,11113,12779,13559,13442,9268,0.82,0.95
5158,-1294,11138,12813,13599,13494,9270,0.82,0.95
5159,-1301,11047,12813,13518,13494,9272,0.82,0.95
5160,-1290,11035,12972,13555,13662,9273,0.81,0.95
5160,-1286,11013,12913,13537,13594,9272,0.81,0.95
5162,-1321,11032,12938,13556,13620,9278,0.81,0.95
5163,-1317,10971,12685,13537,13348,9283,0.81,0.95
5163,-1302,11040,12904,13579,13589,9288,0.81,0.95
5165,-1301,11006,12929,13506,13617,9288,0.81,0.95
5166,-1289,11081,12690,13516,13361,9287,0.82,0.95
5166,-1284,11069,12952,13535,13647,9286,0.82,0.95
5168,-1283,11095,12673,13536,13352,9285,0.82,0.95
5168,-1302,11153,12714,13609,13405,9284,0.82,0.95
5170,-1294,11095,12837,13556,13531,9284,0.82,0.95
5171,-1295,11079,12708,13518,13384,9284,0.82,0.95
5172,-1288,11102,12923,13600,13628,9284,0.82,0.95
5172,-1281,11143,12762,13590,13438,9284,0.82,0.95
5173,-1299,11194,12906,13702,13609,9284,0.82,0.95
5174,-1255,10732,12836,13089,13535,9284,0.82,0.95
5176,-1272,11046,12800,13477,13484,9286,0.82,0.95
5176,-1285,11030,12943,13539,13652,9288,0.81,0.95
5177,-1286,10963,12294,13507,12948,9288,0.81,0.95
5179,-1273,11031,12744,13454,13429,9288,0.82,0.95
5179,-1270,11104,12896,13556,13604,9298,0.82,0.95
5180,-1277,11159,12707,13604,13392,9309,0.82,0.95
5182,-1275,11059,12809,13508,13508,9321,0.82,0.95
5182,-1273,11014,12924,13542,13639,9324,0.81,0.95
5183,-1284,11052,12858,13561,13581,9322,0.81,0.95
5184,-1247,11138,12835,13570,13546,9312,0.82,0.95
5185,-1260,11037,12868,13525,13587,9301,0.82,0.95
5186,-1270,11255,12669,13717,13356,9292,0.82,0.95
5187,-1277,10985,12517,13538,13199,9292,0.81,0.95
5188,-1250,10971,12847,13351,13566,9294,0.82,0.95
5189,-1249,11113,12898,13585,13615,9295,0.82,0.95
5190,-1245,11085,12902,13563,13622,9297,0.82,0.95
5191,-1256,11157,12702,13592,13397,9297,0.82,0.95
5192,-1265,11078,12874,13562,13605,9298,0.82,0.95
5193,-1248,11123,12707,13537,13415,9302,0.82,0.95
5194,-1239,11020,12911,13531,13644,9306,0.81,0.95
5195,-1254,11059,12955,13521,13684,9309,0.82,0.95
5196,-1246,11185,12855,13607,13576,9309,0.82,0.95
5197,-1230,11170,12645,13591,13349,9305,0.82,0.95
5198,-1249,11130,12660,13546,13366,9299,0.82,0.95
5199,-1251,11145,12657,13560,13362,9293,0.82,0.95
5200,-1232,11146,12672,13547,13386,9291,0.82,0.95
5201,-1244,11084,12864,13558,13602,9291,0.82,0.95
5202,-1227,11168,12732,13590,13447,9302,0.82,0.95
5203,-1229,11128,12886,13581,13624,9313,0.82,0.95
5204,-1228,11132,12680,13539,13388,9323,0.82,0.95
5205,-1229,11090,12901,13566,13646,9323,0.82,0.95
5206,-1239,11188,12925,13612,13670,9319,0.82,0.95
5207,-1232,11021,12472,13534,13197,9313,0.81,0.95
5208,-1225,11147,12894,13589,13643,9306,0.82,0.95
5209,-1222,11200,12775,13597,13508,9303,0.82,0.95
5210,-1214,11199,12839,13585,13579,9303,0.82,0.95
5211,-1235,11119,12877,13582,13628,9304,0.82,0.94
5212,-1229,11184,12765,13595,13490,9305,0.82,0.95
5213,-1212,10984,12925,13482,13680,9307,0.81,0.94
5214,-1222,11110,12911,13533,13659,9307,0.82,0.95
5215,-1197,11140,12849,13572,13599,9307,0.82,0.94
5216,-1187,11200,12904,13639,13662,9308,0.82,0.94
5217,-1182,11204,12761,13584,13502,9309,0.82,0.95
5218,-1199,11152,12849,13592,13609,9310,0.82,0.94
5219,-1216,11199,12818,13629,13569,9310,0.82,0.94
5220,-1206,11118,12858,13576,13619,9313,0.82,0.94
5221,-1230,11156,12849,13568,13600,9318,0.82,0.94
5222,-1190,11195,12835,13597,13592,9322,0.82,0.94
5223,-1172,11110,12872,13528,13630,9323,0.82,0.94
5224,-1189,11216,12715,13586,13451,9323,0.83,0.95
5225,-1174,11234,12708,13605,13438,9324,0.83,0.95
5226,-1185,11150,12880,13546,13640,9324,0.82,0.94
5227,-1196,11109,12396,13581,13122,9324,0.82,0.94
5228,-1165,11015,12885,13390,13653,9324,0.82,0.94
5229,-1182,11127,12838,13566,13603,9322,0.82,0.94
5230,-1163,11148,12836,13550,13597,9320,0.82,0.94
5231,-1180,11214,12876,13613,13647,9318,0.82,0.94
5232,-1171,11200,12837,13613,13603,9317,0.82,0.94
5233,-1161,11253,12861,13633,13633,9318,0.83,0.94
5234,-1166,11239,12569,13598,13308,9322,0.83,0.94
5235,-1159,11183,12796,13587,13556,9327,0.82,0.94
5236,-1152,11267,12608,13620,13349,9330,0.83,0.94
5237,-1122,11265,12702,13615,13463,9330,0.83,0.94
5237,-1159,11174,12815,13549,13586,9331,0.82,0.94
5239,-1150,11204,12822,13581,13581,9331,0.82,0.94
5240,-1149,11218,12834,13609,13609,9331,0.82,0.94
5241,-1169,11191,12896,13607,13673,9331,0.82,0.94
5242,-1177,11094,12603,13535,13341,9331,0.82,0.94
5243,-1155,11147,12860,13532,13633,9336,0.82,0.94
5244,-1150,11212,12807,13593,13563,9341,0.82,0.94
5244,-1137,11224,12579,13550,13321,9346,0.83,0.94
5246,-1148,11308,12691,13647,13440,9346,0.83,0.94
5247,-1156,11106,12561,13543,13311,9344,0.82,0.94
5248,-1126,11201,12819,13519,13592,9340,0.83,0.94
5249,-1153,11311,12638,13645,13380,9335,0.83,0.94
5250,-1139,11162,12856,13522,13634,9333,0.83,0.94
5250,-1153,11210,12795,13576,13546,9333,0.83,0.94
5252,-1138,11180,12839,13563,13602,9340,0.82,0.94
5253,-1125,11182,12902,13533,13679,9348,0.83,0.94
5254,-1130,11281,12732,13616,13486,9356,0.83,0.94
5255,-1123,11240,12760,13578,13523,9356,0.83,0.94
5256,-1164,11152,12876,13523,13640,9354,0.82,0.94
5257,-1130,11223,12567,13527,13321,9350,0.83,0.94
5257,-1135,11089,12419,13506,13163,9345,0.82,0.94
5258,-1133,11182,12864,13534,13639,9342,0.83,0.94
5260,-1129,11210,12864,13562,13627,9342,0.83,0.94
5260,-1142,11208,12898,13601,13663,9344,0.82,0.94
5261,-1152,11282,12749,13594,13505,9347,0.83,0.94
5262,-1134,11246,12702,13538,13455,9349,0.83,0.94
5264,-1135,11293,12662,13593,13404,9349,0.83,0.94
5264,-1139,11153,12852,13481,13621,9349,0.83,0.94
5265,-1114,11325,12738,13632,13493,9346,0.83,0.94
5267,-1112,11292,12627,13592,13372,9343,0.83,0.94
5268,-1117,11136,12709,13398,13455,9340,0.83,0.94
5269,-1120,11315,12856,13643,13619,9340,0.83,0.94
5270,-1118,11223,12863,13556,13632,9342,0.83,0.94
5270,-1136,11196,12891,13564,13659,9343,0.83,0.94
5271,-1118,11238,12872,13584,13635,9345,0.83,0.94
5272,-1124,11321,12729,13624,13475,9346,0.83,0.94
5274,-1139,11280,12684,13564,13418,9347,0.83,0.95
5275,-1122,11099,12643,13468,13373,9347,0.82,0.95
5275,-1137,11225,12904,13594,13663,9347,0.83,0.94
5276,-1147,11083,12527,13467,13252,9347,0.82,0.95
5277,-1125,11199,12813,13496,13564,9347,0.83,0.94
5278,-1111,11260,12818,13547,13570,9348,0.83,0.94
5280,-1113,11332,12827,13630,13581,9348,0.83,0.94
5280,-1125,11271,12869,13555,13621,9349,0.83,0.94
5281,-1116,11342,12679,13616,13407,9349,0.83,0.95
5282,-1103,11309,12832,13602,13585,9349,0.83,0.94
5284,-1113,11274,12839,13578,13587,9353,0.83,0.94
5284,-1111,11264,12912,13571,13661,9358,0.83,0.95
5285,-1120,11297,12883,13634,13635,9362,0.83,0.94
5286,-1096,11307,12757,13566,13497,9362,0.83,0.95
5287,-1115,11295,12793,13569,13530,9361,0.83,0.95
5288,-1125,11330,12666,13594,13380,9359,0.83,0.95
5289,-1116,11248,12898,13587,13643,9357,0.83,0.95
5290,-1131,11265,12865,13586,13601,9356,0.83,0.95
5291,-1143,11265,12806,13582,13533,9356,0.83,0.95
5292,-1120,11286,12797,13562,13521,9354,0.83,0.95
5293,-1134,11252,12838,13569,13560,9352,0.83,0.95
5294,-1108,11357,12624,13622,13329,9350,0.83,0.95
5295,-1116,11382,12782,13659,13500,9350,0.83,0.95
5296,-1120,11233,12537,13611,13231,9350,0.83,0.95
5297,-1125,11065,12964,13369,13695,9350,0.83,0.95
5298,-1135,11399,12710,13671,13405,9350,0.83,0.95
5299,-1133,11337,12755,13613,13457,9350,0.83,0.95
5300,-1143,11315,12891,13596,13605,9349,0.83,0.95
5301,-1149,11270,12954,13604,13673,9355,0.83,0.95
5302,-1153,11255,12883,13552,13599,9362,0.83,0.95
5303,-1122,11244,12969,13572,13691,9369,0.83,0.95
5304,-1161,11375,12776,13638,13468,9370,0.83,0.95
5305,-1131,11221,12972,13519,13687,9369,0.83,0.95
5306,-1142,11166,12561,13549,13251,9366,0.82,0.95
5307,-1130,11239,12855,13482,13560,9364,0.83,0.95
5308,-1147,11303,12936,13608,13642,9362,0.83,0.95
5309,-1132,11353,12894,13633,13592,9362,0.83,0.95
5311,-1144,11313,12857,13584,13553,9366,0.83,0.95
5311,-1147,11329,12918,13578,13616,9372,0.83,0.95
5312,-1141,11272,12955,13592,13658,9378,0.83,0.95
5313,-1136,11365,12761,13630,13429,9381,0.83,0.95
5314,-1150,11212,12995,13514,13693,9380,0.83,0.95
5315,-1152,11361,12956,13672,13646,9379,0.83,0.95
5316,-1135,11285,12879,13558,13561,9377,0.83,0.95
5317,-1143,11156,12972,13446,13661,9376,0.83,0.95
5318,-1166,11376,12899,13644,13578,9375,0.83,0.95
5319,-1161,11274,12967,13609,13651,9375,0.83,0.95
5320,-1192,11276,12972,13585,13659,9374,0.83,0.95
5321,-1170,11342,12834,13603,13502,9373,0.83,0.95
5322,-1151,11300,12882,13586,13548,9372,0.83,0.95
5323,-1166,11200,12944,13505,13615,9372,0.83,0.95
5324,-1157,11310,12718,13570,13366,9374,0.83,0.95
5325,-1202,11327,13012,13644,13684,9377,0.83,0.95
5326,-1192,11311,12840,13577,13502,9380,0.83,0.95
5327,-1162,11325,12852,13598,13504,9380,0.83,0.95
5328,-1185,11341,12710,13625,13343,9378,0.83,0.95
5329,-1185,11344,12955,13628,13616,9373,0.83,0.95
5330,-1193,11217,12874,13506,13525,9367,0.83,0.95
5331,-1190,11200,13043,13583,13711,9363,0.82,0.95
5332,-1202,11380,12774,13668,13411,9363,0.83,0.95
5333,-1184,11331,12861,13611,13496,9369,0.83,0.95
5334,-1194,11292,13006,13601,13654,9375,0.83,0.95
5335,-1198,11340,12929,13646,13558,9381,0.83,0.95
5336,-1190,11277,12661,13561,13274,9381,0.83,0.95
5337,-1201,11204,12983,13510,13625,9382,0.83,0.95
5338,-1209,11284,13017,13629,13655,9385,0.83,0.95
5339,-1196,11274,13006,13603,13639,9389,0.83,0.95
5340,-1222,11325,12706,13627,13306,9390,0.83,0.95
5341,-1212,11270,13019,13618,13651,9390,0.83,0.95
5342,-1222,11221,12989,13561,13622,9388,0.83,0.95
5343,-1242,11262,12914,13603,13530,9386,0.83,0.95
5344,-1205,11262,13055,13592,13679,9383,0.83,0.95
5345,-1235,11320,13048,13676,13669,9383,0.83,0.95
5346,-1203,11280,12938,13584,13562,9383,0.83,0.95
5347,-1237,11315,12799,13615,13399,9383,0.83,0.96
5348,-1253,11113,12745,13514,13337,9382,0.82,0.96
5349,-1241,11178,13019,13569,13637,9381,0.82,0.95
5349,-1256,11197,13076,13570,13689,9381,0.83,0.96
5351,-1244,11311,12918,13640,13510,9385,0.83,0.96
5352,-1280,11170,12868,13586,13460,9390,0.82,0.96
5353,-1255,11221,13098,13592,13710,9395,0.83,0.96
5354,-1254,11223,13005,13564,13602,9397,0.83,0.96
5355,-1263,11207,13120,13577,13728,9396,0.83,0.96
5356,-1245,11297,12796,13624,13388,9392,0.83,0.96
5357,-1245,11270,12955,13608,13552,9389,0.83,0.96
5358,-1259,11263,13015,13575,13615,9386,0.83,0.96
5359,-1266,11283,12867,13592,13438,9386,0.83,0.96
5360,-1301,11215,12436,13549,13002,9388,0.83,0.96
5361,-1262,11199,13030,13539,13616,9392,0.83,0.96
5362,-1269,11280,12805,13612,13379,9397,0.83,0.96
5363,-1279,11274,13078,13630,13661,9399,0.83,0.96
5364,-1275,11182,13122,13593,13700,9399,0.82,0.96
5365,-1303,11256,13095,13665,13680,9405,0.82,0.96
5366,-1278,11126,12662,13568,13215,9410,0.82,0.96
5367,-1280,11042,13078,13377,13659,9415,0.83,0.96
5368,-1296,11232,12953,13565,13520,9415,0.83,0.96
5369,-1291,11254,12902,13585,13461,9412,0.83,0.96
5370,-1298,11261,13055,13637,13626,9405,0.83,0.96
5371,-1290,11213,13070,13601,13644,9397,0.82,0.96
5372,-1287,11211,13143,13608,13720,9392,0.82,0.96
5373,-1301,11231,13099,13599,13660,9392,0.83,0.96
5374,-1312,11123,13151,13559,13711,9394,0.82,0.96
5375,-1313,11122,13137,13562,13705,9396,0.82,0.96
5376,-1331,11124,12402,13515,12920,9398,0.82,0.96
5377,-1308,11073,12916,13389,13463,9398,0.83,0.96
5378,-1330,11197,13041,13604,13602,9397,0.82,0.96
5379,-1314,11228,13083,13606,13639,9393,0.83,0.96
5380,-1337,11283,13023,13654,13577,9390,0.83,0.96
5381,-1317,11253,13068,13664,13625,9388,0.82,0.96
5382,-1330,11279,12892,13656,13423,9389,0.83,0.96
5383,-1322,11205,13093,13595,13644,9395,0.82,0.96
5384,-1345,11098,12811,13572,13341,9402,0.82,0.96
5385,-1330,11170,13035,13580,13574,9409,0.82,0.96
5386,-1311,11196,12922,13549,13466,9410,0.83,0.96
5387,-1336,11049,12856,13384,13384,9409,0.83,0.96
5388,-1356,11233,13020,13635,13561,9404,0.82,0.96
5389,-1349,11178,13074,13577,13613,9399,0.82,0.96
5390,-1349,11163,13145,13566,13694,9395,0.82,0.96
5391,-1350,11217,13053,13590,13586,9395,0.83,0.96
5392,-1350,11257,13043,13651,13596,9392,0.82,0.96
5392,-1353,11204,12970,13580,13493,9387,0.83,0.96
5394,-1354,11128,13150,13562,13696,9383,0.82,0.96
5395,-1351,11185,13254,13642,13803,9381,0.82,0.96
5396,-1350,11209,12842,13602,13376,9381,0.82,0.96
5397,-1351,11069,12890,13431,13410,9390,0.82,0.96
5398,-1348,11109,12874,13483,13391,9400,0.82,0.96
5399,-1351,11238,13106,13629,13639,9409,0.82,0.96
5400,-1369,11207,12940,13606,13459,9410,0.82,0.96
5401,-1380,11098,13127,13541,13661,9409,0.82,0.96
5402,-1368,11261,12946,13681,13469,9406,0.82,0.96
5402,-1380,11058,13140,13540,13671,9404,0.82,0.96
5403,-1388,11090,12868,13601,13380,9403,0.82,0.96
5405,-1369,11169,13150,13621,13684,9403,0.82,0.96
5406,-1349,11169,12873,13578,13406,9407,0.82,0.96
5407,-1371,11191,12924,13596,13449,9411,0.82,0.96
5408,-1393,11015,12829,13533,13343,9415,0.81,0.96
5409,-1375,11193,12942,13604,13463,9415,0.82,0.96
5410,-1394,11106,13156,13600,13693,9413,0.82,0.96
5411,-1405,11131,13121,13613,13665,9410,0.82,0.96
5412,-1395,11174,13040,13621,13582,9407,0.82,0.96
5413,-1377,11082,13079,13569,13614,9405,0.82,0.96
5414,-1375,11131,13134,13605,13679,9405,0.82,0.96
5415,-1383,11261,13019,13704,13538,9409,0.82,0.96
5416,-1386,10901,12866,13405,13387,9415,0.81,0.96
5417,-1373,11092,12902,13496,13424,9421,0.82,0.96
5418,-1387,11184,12893,13613,13411,9423,0.82,0.96
5419,-1375,11180,13108,13623,13650,9423,0.82,0.96
5420,-1384,11226,13012,13669,13537,9421,0.82,0.96
5420,-1394,11119,13138,13598,13686,9419,0.82,0.96
5421,-1397,11152,13039,13623,13573,9418,0.82,0.96
5423,-1423,10962,12796,13488,13313,9418,0.81,0.96
5424,-1363,11189,12944,13614,13479,9416,0.82,0.96
5425,-1365,11178,12958,13618,13487,9414,0.82,0.96
5426,-1405,11029,12798,13586,13327,9411,0.81,0.96
5427,-1382,10953,13208,13390,13757,9411,0.82,0.96
5428,-1392,11126,13130,13598,13678,9411,0.82,0.96
5428,-1370,11191,13089,13644,13626,9416,0.82,0.96
5430,-1380,11149,13112,13618,13656,9420,0.82,0.96
5431,-1372,11150,13150,13642,13707,9423,0.82,0.96
5432,-1400,11104,13061,13590,13609,9423,0.82,0.96
5433,-1380,11170,13084,13630,13643,9421,0.82,0.96
5434,-1380,11060,13163,13604,13721,9417,0.81,0.96
5435,-1393,11229,13001,13681,13550,9414,0.82,0.96
5436,-1383,11192,12815,13639,13348,9413,0.82,0.96
5437,-1368,11112,12978,13542,13527,9413,0.82,0.96
5438,-1396,11163,13070,13650,13622,9418,0.82,0.96
5439,-1384,11154,13060,13603,13623,9422,0.82,0.96
5439,-1390,11106,13101,13637,13663,9427,0.81,0.96
5441,-1388,11169,13140,13629,13700,9427,0.82,0.96
5442,-1382,11099,13143,13614,13719,9428,0.82,0.96
5443,-1379,11218,12975,13659,13526,9429,0.82,0.96
5444,-1366,11249,12887,13708,13435,9431,0.82,0.96
5445,-1364,11106,13152,13605,13733,9431,0.82,0.96
5446,-1366,11127,13067,13596,13639,9431,0.82,0.96
5447,-1361,11125,12911,13584,13471,9427,0.82,0.96
5448,-1391,11021,12913,13572,13470,9422,0.81,0.96
5449,-1365,11022,13166,13553,13748,9418,0.81,0.96
5450,-1368,11110,13087,13642,13664,9417,0.81,0.96
5451,-1353,11141,13087,13616,13668,9420,0.82,0.96
5452,-1355,11190,13115,13683,13709,9427,0.82,0.96
5453,-1356,11169,13064,13627,13654,9434,0.82,0.96
5454,-1346,11084,13064,13554,13647,9438,0.82,0.96
5454,-1364,11109,13122,13645,13714,9439,0.81,0.96
5456,-1363,11011,12784,13565,13366,9437,0.81,0.96
5457,-1359,11164,12844,13609,13417,9435,0.82,0.96
5458,-1358,11117,13068,13609,13656,9433,0.82,0.96
5459,-1355,11185,13067,13660,13661,9433,0.82,0.96
5459,-1355,11239,12928,13708,13508,9433,0.82,0.96
5461,-1361,11144,13082,13600,13685,9433,0.82,0.96
5462,-1350,11149,13036,13647,13641,9434,0.82,0.96
5463,-1344,11182,12822,13629,13401,9434,0.82,0.96
5464,-1366,11138,13118,13667,13729,9434,0.81,0.96
5465,-1349,11185,13105,13700,13717,9436,0.82,0.96
5466,-1309,11172,12851,13613,13460,9438,0.82,0.95
5467,-1321,11039,12861,13440,13460,9440,0.82,0.96
5468,-1319,11158,13002,13605,13612,9441,0.82,0.96
5469,-1310,11115,13083,13595,13713,9441,0.82,0.95
5470,-1339,11133,13042,13625,13666,9445,0.82,0.95
5471,-1321,11106,13059,13617,13684,9449,0.82,0.95
5472,-1315,11163,12797,13598,13406,9452,0.82,0.95
5473,-1333,11079,13089,13603,13726,9452,0.81,0.95
5474,-1327,11124,13029,13598,13661,9454,0.82,0.95
5475,-1328,11144,13051,13639,13691,9455,0.82,0.95
5476,-1321,10996,12760,13522,13377,9457,0.81,0.95
5477,-1313,11150,12986,13585,13623,9458,0.82,0.95
5478,-1318,11191,12944,13641,13573,9458,0.82,0.95
5479,-1289,11170,12988,13615,13638,9449,0.82,0.95
5480,-1311,11145,13088,13627,13733,9441,0.82,0.95
5481,-1315,11190,13026,13652,13678,9432,0.82,0.95
5481,-1315,11160,12927,13613,13567,9432,0.82,0.95
5483,-1287,11121,12995,13575,13648,9432,0.82,0.95
5484,-1286,11079,13039,13577,13699,9433,0.82,0.95
5485,-1286,11192,13012,13651,13675,9433,0.82,0.95
5486,-1292,11176,12833,13589,13486,9434,0.82,0.95
5487,-1276,11154,12988,13625,13654,9433,0.82,0.95
5488,-1301,11088,13012,13576,13672,9436,0.82,0.95
5489,-1294,11155,13056,13605,13726,9439,0.82,0.95
5490,-1274,11143,12988,13629,13659,9441,0.82,0.95
5491,-1267,11249,12672,13667,13310,9442,0.82,0.95
5492,-1270,11178,12997,13643,13668,9446,0.82,0.95
5493,-1265,11278,12892,13695,13554,9457,0.82,0.95
5494,-1258,11248,12921,13663,13589,9467,0.82,0.95
5495,-1256,11211,13004,13632,13688,9473,0.82,0.95
5496,-1275,11086,12568,13613,13216,9474,0.81,0.95
5497,-1248,11201,12996,13659,13688,9468,0.82,0.95
5498,-1277,11139,12733,13649,13391,9461,0.82,0.95
5499,-1257,11062,12729,13555,13394,9454,0.82,0.95
5500,-1248,11220,13004,13670,13700,9452,0.82,0.95
5501,-1235,11188,13007,13658,13706,9452,0.82,0.95
5502,-1216,11245,12893,13657,13588,9450,0.82,0.95
5503,-1228,11274,12837,13658,13510,9448,0.83,0.95
5504,-1237,11122,13015,13578,13715,9447,0.82,0.95
5505,-1230,11265,12929,13672,13621,9447,0.82,0.95
5506,-1233,11076,12552,13580,13225,9449,0.82,0.95
5507,-1225,11270,12948,13672,13657,9451,0.82,0.95
5508,-1235,11146,12991,13619,13703,9454,0.82,0.95
5509,-1210,11208,12953,13631,13667,9455,0.82,0.95
5510,-1203,11159,12954,13522,13667,9456,0.83,0.95
5511,-1229,11261,12749,13628,13441,9459,0.83,0.95
5512,-1215,11306,12840,13679,13543,9461,0.83,0.95
5513,-1195,11188,12955,13602,13676,9463,0.82,0.95
5514,-1199,11180,13005,13614,13723,9463,0.82,0.95
5515,-1203,11280,12888,13684,13599,9464,0.82,0.95
5516,-1221,11154,12606,13638,13296,9465,0.82,0.95
5517,-1181,11274,12766,13632,13476,9466,0.83,0.95
5518,-1188,11270,12795,13621,13501,9466,0.83,0.95
5519,-1185,11203,12994,13625,13736,9465,0.82,0.95
5520,-1198,11183,12970,13599,13708,9459,0.82,0.95
5521,-1179,11277,12869,13633,13595,9453,0.83,0.95
5522,-1194,11134,12644,13588,13352,9447,0.82,0.95
5523,-1167,11286,12937,13638,13671,9447,0.83,0.95
5524,-1168,11214,12969,13588,13707,9450,0.83,0.95
5525,-1169,11240,12979,13634,13730,9458,0.82,0.95
5526,-1155,11323,12671,13661,13405,9466,0.83,0.95
5527,-1152,11193,12943,13519,13692,9471,0.83,0.95
5528,-1161,11341,12799,13678,13522,9471,0.83,0.95
5529,-1174,11226,12950,13613,13709,9466,0.82,0.94
5530,-1187,11243,12911,13663,13668,9461,0.82,0.94
5531,-1163,11312,12929,13644,13686,9456,0.83,0.94
5532,-1148,11342,12922,13669,13679,9456,0.83,0.94
5533,-1165,11210,12945,13611,13695,9458,0.82,0.95
5534,-1152,11197,12697,13623,13432,9464,0.82,0.95
5535,-1136,11365,12781,13694,13517,9470,0.83,0.95
5536,-1121,11316,12741,13628,13501,9474,0.83,0.94
5537,-1135,11301,12807,13610,13556,9473,0.83,0.94
5538,-1145,11347,12836,13663,13588,9467,0.83,0.94
5539,-1136,11345,12709,13659,13451,9459,0.83,0.94
5540,-1138,11344,12927,13671,13693,9451,0.83,0.94
5541,-1120,11369,12819,13677,13566,9449,0.83,0.94
5542,-1111,11288,12991,13639,13770,9450,0.83,0.94
5543,-1131,11317,12828,13624,13575,9453,0.83,0.94
5544,-1118,11202,12930,13544,13700,9455,0.83,0.94
5545,-1121,11342,12767,13650,13519,9458,0.83,0.94
5546,-1112,11284,12713,13569,13471,9458,0.83,0.94
5547,-1141,11357,12857,13671,13627,9463,0.83,0.94
5548,-1133,11316,12649,13602,13393,9471,0.83,0.94
5549,-1097,11276,12925,13629,13701,9479,0.83,0.94
5550,-1115,11205,12999,13588,13782,9482,0.82,0.94
5551,-1145,11306,12961,13642,13742,9481,0.83,0.94
5552,-1088,11300,12922,13635,13704,9477,0.83,0.94
5553,-1109,11266,12878,13597,13660,9473,0.83,0.94
5554,-1099,11361,12830,13669,13597,9469,0.83,0.94
5555,-1107,11334,12890,13704,13667,9469,0.83,0.94
5556,-1100,11237,12427,13593,13157,9471,0.83,0.94
5557,-1119,11103,12896,13427,13677,9474,0.83,0.94
5558,-1093,11374,12936,13662,13711,9477,0.83,0.94
5559,-1094,11290,12909,13625,13692,9479,0.83,0.94
5560,-1093,11274,12924,13578,13707,9478,0.83,0.94
5561,-1102,11357,12852,13657,13620,9474,0.83,0.94
5562,-1099,11305,12922,13659,13708,9470,0.83,0.94
5563,-1102,11312,12929,13624,13706,9466,0.83,0.94
5564,-1104,11276,13011,13645,13803,9466,0.83,0.94
5565,-1084,11410,12758,13730,13513,9468,0.83,0.94
5566,-1069,11398,12825,13654,13605,9473,0.83,0.94
5567,-1081,11257,12679,13502,13429,9478,0.83,0.94
5568,-1096,11363,12808,13617,13566,9480,0.83,0.94
5569,-1085,11381,12754,13650,13509,9480,0.83,0.94
5570,-1062,11329,12978,13621,13765,9481,0.83,0.94
5571,-1092,11292,12911,13593,13683,9481,0.83,0.94
5572,-1079,11451,12711,13717,13465,9482,0.83,0.94
5573,-1066,11356,12796,13599,13553,9481,0.84,0.94
5574,-1066,11341,12752,13579,13510,9479,0.84,0.94
5575,-1107,11349,12870,13601,13642,9475,0.83,0.94
5576,-1063,11389,12798,13633,13576,9471,0.84,0.94
5577,-1078,11266,12944,13583,13724,9468,0.83,0.94
5578,-1089,11364,12857,13650,13618,9468,0.83,0.94
5579,-1080,11362,12677,13604,13422,9471,0.84,0.94
5580,-1083,11388,12862,13664,13623,9474,0.83,0.94
5581,-1071,11455,12854,13700,13615,9478,0.84,0.94
5582,-1079,11409,12733,13663,13481,9479,0.84,0.94
5583,-1092,11421,12717,13670,13464,9479,0.84,0.94
5584,-1067,11404,12794,13656,13552,9479,0.84,0.94
5586,-1071,11404,12931,13685,13700,9478,0.83,0.94
5586,-1064,11386,12815,13624,13575,9477,0.84,0.94
5587,-1083,11443,12767,13693,13513,9477,0.84,0.94
5588,-1100,11316,12955,13631,13722,9477,0.83,0.94
5589,-1084,11296,13001,13619,13766,9477,0.83,0.94
5590,-1092,11300,12910,13608,13666,9477,0.83,0.94
5591,-1075,11468,12777,13713,13517,9477,0.84,0.95
5592,-1067,11393,12945,13651,13716,9477,0.83,0.94
5593,-1084,11360,12920,13665,13677,9478,0.83,0.94
5594,-1080,11408,12868,13655,13615,9479,0.84,0.95
5595,-1094,11320,12883,13605,13629,9479,0.83,0.95
5596,-1058,11441,12757,13683,13506,9479,0.84,0.94
5597,-1072,11322,12941,13636,13704,9483,0.83,0.94
5598,-1106,11467,12674,13708,13397,9488,0.84,0.95
5599,-1083,11434,12759,13665,13493,9495,0.84,0.95
5600,-1089,11360,13005,13667,13755,9497,0.83,0.95
5601,-1097,11396,12862,13619,13596,9498,0.84,0.95
5602,-1093,11428,12784,13682,13514,9492,0.84,0.95
5603,-1078,11438,12729,13671,13447,9486,0.84,0.95
5604,-1070,11418,12980,13674,13729,9480,0.84,0.95
5605,-1090,11462,12786,13703,13502,9481,0.84,0.95
5606,-1082,11517,12755,13759,13476,9483,0.84,0.95
5607,-1082,11265,12946,13516,13695,9489,0.83,0.95
5608,-1098,11325,12979,13619,13715,9494,0.83,0.95
5609,-1093,11428,12846,13656,13559,9498,0.84,0.95
5610,-1101,11401,12968,13677,13705,9498,0.83,0.95
5611,-1127,11275,12661,13606,13357,9495,0.83,0.95
5612,-1100,11364,13017,13632,13759,9491,0.83,0.95
5613,-1084,11407,12765,13623,13469,9488,0.84,0.95
5615,-1098,11273,13033,13598,13767,9487,0.83,0.95
5615,-1099,11436,12911,13710,13622,9485,0.83,0.95
5616,-1066,11450,12919,13679,13643,9481,0.84,0.95
5617,-1083,11235,12913,13408,13626,9476,0.84,0.95
5618,-1084,11435,12837,13653,13542,9474,0.84,0.95
5619,-1087,11408,12861,13634,13570,9475,0.84,0.95
5620,-1104,11426,12968,13688,13688,9479,0.83,0.95
5622,-1097,11404,12988,13682,13705,9485,0.83,0.95
5622,-1073,11431,12763,13644,13454,9490,0.84,0.95
5623,-1086,11373,13064,13638,13785,9491,0.83,0.95
5624,-1095,11388,12975,13650,13693,9491,0.83,0.95
5625,-1105,11411,13042,13678,13765,9490,0.83,0.95
5626,-1101,11427,12882,13626,13595,9489,0.84,0.95
5627,-1073,11375,12957,13586,13667,9488,0.84,0.95
5628,-1117,11263,12623,13582,13300,9488,0.83,0.95
5630,-1102,11447,13011,13681,13719,9486,0.84,0.95
5630,-1112,11391,12981,13613,13690,9485,0.84,0.95
5631,-1081,11413,13010,13636,13728,9483,0.84,0.95
5632,-1099,11478,12833,13688,13521,9482,0.84,0.95
5634,-1114,11402,12976,13653,13674,9482,0.84,0.95
5635,-1094,11390,13033,13641,13738,9485,0.83,0.95
5636,-1092,11483,12814,13689,13497,9489,0.84,0.95
5636,-1073,11469,12945,13670,13643,9492,0.84,0.95
5637,-1102,11429,13013,13666,13716,9493,0.84,0.95
5638,-1118,11469,12737,13675,13405,9496,0.84,0.95
5640,-1107,11439,12944,13692,13632,9500,0.84,0.95
5641,-1098,11440,12984,13667,13672,9505,0.84,0.95
5641,-1110,11313,13129,13620,13830,9507,0.83,0.95
5642,-1137,11405,13063,13664,13764,9507,0.83,0.95
5643,-1104,11486,12966,13686,13646,9503,0.84,0.95
5644,-1106,11360,13086,13641,13791,9500,0.83,0.95
5646,-1121,11385,12999,13632,13682,9496,0.84,0.95
5647,-1102,11458,12756,13660,13430,9496,0.84,0.95
5647,-1104,11458,12985,13650,13660,9497,0.84,0.95
5649,-1128,11191,12924,13478,13592,9500,0.83,0.95
5650,-1108,11461,13002,13660,13689,9503,0.84,0.95
5650,-1109,11487,12935,13684,13601,9505,0.84,0.95
5651,-1111,11332,13123,13618,13810,9505,0.83,0.95
5653,-1093,11459,12893,13647,13546,9502,0.84,0.95
5654,-1102,11410,13044,13633,13719,9499,0.84,0.95
5655,-1113,11471,12769,13665,13422,9496,0.84,0.95
5656,-1105,11541,12875,13745,13527,9496,0.84,0.95
5656,-1112,11324,12572,13617,13202,9497,0.83,0.95
5657,-1117,11422,12918,13596,13573,9499,0.84,0.95
5659,-1116,11449,12964,13628,13618,9500,0.84,0.95
5660,-1105,11476,12965,13656,13621,9501,0.84,0.95
5661,-1106,11535,12976,13733,13638,9501,0.84,0.95
5662,-1104,11433,13107,13679,13774,9507,0.84,0.95
5663,-1119,11520,12975,13711,13631,9514,0.84,0.95
5664,-1121,11482,12827,13668,13461,9521,0.84,0.95
5665,-1116,11474,12915,13654,13568,9522,0.84,0.95
5666,-1111,11490,13049,13695,13712,9521,0.84,0.95
5667,-1127,11344,12539,13638,13156,9520,0.83,0.95
5668,-1111,11252,13023,13406,13675,9518,0.84,0.95
5669,-1118,11386,13003,13586,13650,9516,0.84,0.95
5670,-1112,11510,12900,13692,13531,9516,0.84,0.95
5671,-1135,11484,12893,13658,13523,9517,0.84,0.95
5672,-1130,11444,13089,13672,13749,9519,0.84,0.95
5673,-1116,11518,12999,13706,13646,9521,0.84,0.95
5674,-1107,11470,13091,13684,13743,9522,0.84,0.95
5674,-1103,11449,13085,13688,13732,9522,0.84,0.95
5676,-1097,11518,12996,13694,13631,9521,0.84,0.95
5677,-1116,11281,12661,13563,13272,9519,0.83,0.95
5678,-1098,11365,12997,13502,13639,9517,0.84,0.95
5679,-1136,11404,13063,13663,13706,9517,0.83,0.95
5680,-1094,11479,13018,13645,13653,9513,0.84,0.95
5681,-1129,11549,12941,13728,13572,9506,0.84,0.95
5682,-1101,11451,13079,13650,13726,9499,0.84,0.95
5682,-1117,11446,13059,13645,13700,9496,0.84,0.95
5683,-1115,11459,13114,13671,13758,9496,0.84,0.95
5685,-1098,11441,13035,13632,13670,9510,0.84,0.95
5686,-1137,11520,13070,13706,13703,9525,0.84,0.95
5687,-1103,11509,12874,13664,13493,9539,0.84,0.95
5688,-1103,11542,13054,13707,13697,9538,0.84,0.95
5689,-1130,11377,12838,13650,13449,9536,0.83,0.95
5690,-1101,11479,13103,13638,13732,9531,0.84,0.95
5691,-1125,11399,13082,13645,13722,9526,0.84,0.95
5692,-1110,11487,13005,13675,13626,9524,0.84,0.95
5693,-1092,11483,13158,13686,13800,9524,0.84,0.95
5694,-1098,11548,13039,13693,13665,9529,0.84,0.95
5695,-1106,11522,12913,13676,13525,9534,0.84,0.95
5696,-1108,11448,13118,13655,13752,9540,0.84,0.95
5697,-1098,11478,12941,13611,13562,9541,0.84,0.95
5698,-1097,11498,13201,13654,13844,9540,0.84,0.95
5699,-1109,11454,13138,13697,13763,9533,0.84,0.95
5700,-1098,11464,13180,13674,13816,9527,0.84,0.95
5701,-1107,11490,13103,13661,13734,9522,0.84,0.95
5702,-1098,11478,13165,13695,13798,9522,0.84,0.95
5703,-1101,11505,13026,13670,13647,9524,0.84,0.95
5704,-1103,11545,12997,13697,13610,9526,0.84,0.95
5705,-1111,11477,13169,13652,13807,9529,0.84,0.95
5706,-1105,11563,13117,13712,13746,9529,0.84,0.95
5707,-1112,11376,12638,13627,13228,9529,0.83,0.96
5708,-1108,11497,13045,13674,13658,9527,0.84,0.96
5709,-1110,11581,12907,13727,13512,9525,0.84,0.96
5710,-1102,11582,12968,13720,13576,9524,0.84,0.96
5711,-1091,11575,12956,13715,13563,9525,0.84,0.96
5712,-1097,11545,12981,13684,13592,9526,0.84,0.96
5713,-1082,11486,13121,13676,13746,9528,0.84,0.95
5714,-1085,11553,13055,13691,13669,9530,0.84,0.96
5715,-1093,11516,13032,13664,13642,9531,0.84,0.96
5716,-1102,11642,12974,13789,13576,9531,0.84,0.96
5717,-1106,11423,12613,13640,13203,9532,0.84,0.96
5718,-1110,11485,13021,13598,13629,9534,0.84,0.96
5719,-1095,11564,12858,13692,13453,9535,0.84,0.96
5720,-1092,11477,13172,13658,13784,9535,0.84,0.96
5721,-1106,11493,13128,13659,13743,9528,0.84,0.96
5722,-1112,11491,13147,13697,13755,9517,0.84,0.96
5723,-1107,11442,13086,13611,13696,9505,0.84,0.96
5724,-1096,11489,13126,13624,13738,9501,0.84,0.96
5725,-1089,11503,13158,13636,13767,9501,0.84,0.96
5727,-1099,11504,13163,13660,13779,9517,0.84,0.96
5728,-1097,11549,12829,13674,13425,9533,0.84,0.96
5728,-1087,11545,13152,13701,13771,9550,0.84,0.96
5729,-1120,11525,13040,13691,13631,9551,0.84,0.96
5730,-1105,11585,12934,13704,13527,9548,0.85,0.96
5731,-1109,11543,13066,13668,13663,9542,0.84,0.96
5732,-1113,11562,12859,13684,13443,9535,0.84,0.96
5733,-1114,11533,13114,13653,13720,9531,0.84,0.96
5734,-1072,11466,12821,13571,13409,9531,0.84,0.96
5735,-1107,11539,13189,13697,13794,9530,0.84,0.96
5736,-1095,11531,13174,13662,13771,9529,0.84,0.96
5737,-1106,11585,12926,13705,13502,9528,0.85,0.96
5738,-1101,11377,13015,13482,13601,9528,0.84,0.96
5740,-1112,11597,12948,13720,13521,9529,0.85,0.96
5740,-1110,11493,13147,13657,13743,9534,0.84,0.96
5741,-1103,11536,13109,13660,13697,9538,0.84,0.96
5742,-1109,11462,13120,13606,13705,9543,0.84,0.96
5744,-1112,11552,13060,13702,13638,9542,0.84,0.96
5744,-1115,11556,13127,13698,13716,9544,0.84,0.96
5745,-1096,11455,13191,13650,13789,9547,0.84,0.96
5746,-1104,11566,13069,13685,13647,9550,0.85,0.96
5748,-1107,11556,13070,13667,13658,9551,0.85,0.96
5748,-1109,11565,12941,13676,13514,9550,0.85,0.96
5749,-1155,11428,13195,13643,13783,9548,0.84,0.96
5750,-1111,11589,12877,13705,13437,9546,0.85,0.96
5751,-1114,11566,13147,13694,13730,9544,0.84,0.96
5752,-1114,11583,13133,13697,13706,9543,0.85,0.96
5753,-1098,11507,13195,13665,13783,9541,0.84,0.96
5754,-1110,11534,13207,13695,13790,9537,0.84,0.96
5755,-1104,11532,13124,13681,13701,9532,0.84,0.96
5757,-1115,11539,13214,13703,13796,9530,0.84,0.96
5757,-1113,11573,13080,13685,13650,9530,0.85,0.96
5759,-1118,11535,12907,13640,13459,9534,0.85,0.96
5759,-1165,11475,13153,13667,13719,9537,0.84,0.96
5761,-1124,11490,13237,13658,13817,9540,0.84,0.96
5761,-1131,11556,13129,13700,13692,9540,0.84,0.96
5762,-1143,11468,13209,13667,13773,9542,0.84,0.96
5763,-1144,11537,13183,13698,13758,9548,0.84,0.96
5764,-1138,11437,13226,13625,13788,9555,0.84,0.96
5766,-1139,11528,13121,13664,13665,9559,0.84,0.96
5766,-1155,11591,13042,13750,13576,9559,0.84,0.96
5767,-1140,11383,12830,13632,13376,9551,0.84,0.96
5768,-1140,11349,13158,13459,13705,9542,0.84,0.96
5769,-1156,11451,13195,13644,13736,9534,0.84,0.96
5770,-1156,11520,12977,13655,13495,9534,0.84,0.96
5772,-1161,11473,13216,13633,13756,9535,0.84,0.96
5772,-1161,11508,13144,13693,13674,9537,0.84,0.96
5774,-1159,11578,12963,13725,13474,9540,0.84,0.96
5775,-1175,11467,13231,13670,13766,9541,0.84,0.96
5776,-1179,11418,13102,13587,13615,9541,0.84,0.96
5776,-1176,11592,13251,13791,13782,9537,0.84,0.96
5778,-1172,11573,12976,13739,13476,9533,0.84,0.96
5779,-1196,11459,13202,13667,13714,9529,0.84,0.96
5779,-1200,11555,13007,13719,13493,9528,0.84,0.96
5780,-1208,11535,13014,13702,13501,9528,0.84,0.96
5781,-1214,11535,13210,13727,13715,9531,0.84,0.96
5783,-1194,11403,13266,13643,13781,9533,0.84,0.96
5784,-1222,11523,13139,13704,13634,9536,0.84,0.96
5785,-1211,11542,13092,13717,13580,9536,0.84,0.96
5786,-1219,11459,13176,13635,13670,9542,0.84,0.96
5787,-1234,11451,13293,13701,13791,9550,0.84,0.96
5788,-1212,11532,13012,13727,13495,9557,0.84,0.96
5789,-1232,11283,13186,13466,13673,9560,0.84,0.96
5789,-1243,11339,12842,13615,13302,9560,0.83,0.97
5791,-1263,11468,13221,13703,13706,9562,0.84,0.96
5792,-1255,11476,13241,13723,13716,9563,0.84,0.97
5793,-1251,11538,13089,13750,13542,9565,0.84,0.97
5794,-1257,11480,13177,13697,13647,9565,0.84,0.97
5794,-1263,11495,13145,13720,13609,9561,0.84,0.97
5796,-1258,11417,13308,13666,13781,9556,0.84,0.97
5797,-1260,11504,13202,13736,13673,9551,0.84,0.97
5798,-1277,11459,12992,13688,13432,9548,0.84,0.97
5799,-1300,11299,12837,13642,13274,9548,0.83,0.97
5800,-1298,11463,13072,13704,13508,9548,0.84,0.97
5801,-1301,11372,13327,13689,13788,9549,0.83,0.97
5802,-1303,11439,13190,13700,13633,9549,0.83,0.97
5803,-1301,11489,13165,13742,13603,9549,0.84,0.97
5804,-1333,11426,13248,13716,13688,9550,0.83,0.97
5805,-1326,11379,13342,13721,13787,9551,0.83,0.97
5806,-1339,11399,13180,13690,13612,9551,0.83,0.97
5807,-1335,11433,13107,13716,13528,9552,0.83,0.97
5808,-1356,11245,12994,13648,13406,9552,0.82,0.97
5809,-1361,11361,13377,13691,13808,9557,0.83,0.97
5810,-1361,11409,13266,13741,13696,9562,0.83,0.97
5811,-1343,11345,13401,13725,13834,9567,0.83,0.97
5812,-1382,11357,13297,13679,13715,9567,0.83,0.97
5813,-1367,11393,13337,13730,13754,9565,0.83,0.97
5814,-1386,11360,13155,13674,13560,9561,0.83,0.97
5815,-1403,11312,13351,13687,13766,9556,0.83,0.97
5816,-1385,11375,13159,13699,13551,9554,0.83,0.97
5817,-1397,11375,13299,13757,13708,9553,0.83,0.97
5818,-1415,11333,13221,13666,13627,9552,0.83,0.97
5819,-1408,11295,13175,13634,13565,9550,0.83,0.97
5820,-1421,11345,13110,13702,13485,9549,0.83,0.97
5821,-1431,11309,13339,13726,13740,9549,0.82,0.97
5822,-1425,11290,13311,13702,13697,9549,0.82,0.97
5823,-1434,11215,13353,13642,13744,9550,0.82,0.97
5824,-1440,11300,13132,13685,13500,9550,0.83,0.97
5825,-1450,11306,13334,13743,13713,9550,0.82,0.97
5826,-1454,11163,13380,13660,13768,9550,0.82,0.97
5827,-1505,11279,13176,13690,13540,9551,0.82,0.97
5828,-1485,11189,12849,13656,13204,9554,0.82,0.97
5829,-1488,11111,13325,13540,13701,9556,0.82,0.97
5830,-1501,11268,13212,13699,13567,9557,0.82,0.97
5831,-1525,11175,13327,13641,13696,9557,0.82,0.97
5832,-1510,11256,13370,13716,13731,9556,0.82,0.97
5833,-1522,11207,13177,13654,13519,9556,0.82,0.97
5834,-1552,11227,13327,13703,13685,9556,0.82,0.97
5835,-1531,11220,13348,13707,13698,9556,0.82,0.97
5836,-1550,11119,13430,13671,13782,9559,0.81,0.97
5837,-1547,11257,13449,13774,13806,9566,0.82,0.97
5838,-1567,11114,12989,13738,13313,9572,0.81,0.98
5839,-1564,11004,13434,13569,13787,9575,0.81,0.97
5840,-1608,11022,13450,13633,13794,9575,0.81,0.98
5841,-1590,11119,13372,13678,13711,9573,0.81,0.98
5842,-1604,11198,13269,13726,13598,9570,0.82,0.98
5843,-1612,11135,13174,13668,13489,9568,0.81,0.98
5844,-1631,11184,13300,13768,13617,9568,0.81,0.98
5845,-1620,11145,13315,13720,13637,9568,0.81,0.98
5846,-1628,11052,13465,13687,13802,9568,0.81,0.98
5847,-1653,11041,13448,13692,13773,9568,0.81,0.98
5848,-1656,10973,12963,13631,13262,9567,0.81,0.98
5849,-1660,11107,13313,13709,13626,9567,0.81,0.98
5850,-1653,11108,13321,13708,13631,9568,0.81,0.98
5851,-1661,10952,13157,13528,13452,9570,0.81,0.98
5852,-1680,10993,13445,13686,13762,9571,0.8,0.98
5853,-1690,10965,13472,13681,13791,9572,0.8,0.98
5854,-1688,11024,13403,13683,13723,9572,0.81,0.98
5855,-1680,11038,13415,13688,13721,9572,0.81,0.98
5856,-1691,11041,13435,13753,13747,9572,0.8,0.98
5857,-1703,11036,13164,13686,13456,9572,0.81,0.98
5858,-1705,10956,13340,13594,13652,9573,0.81,0.98
5859,-1723,10955,13479,13747,13795,9573,0.8,0.98
5860,-1738,11038,13305,13715,13597,9574,0.8,0.98
5861,-1713,10875,13491,13578,13801,9574,0.8,0.98
5862,-1737,10906,13504,13694,13810,9574,0.8,0.98
5863,-1777,10928,13495,13712,13805,9574,0.8,0.98
5864,-1753,10939,13395,13663,13698,9573,0.8,0.98
5865,-1766,10919,13498,13681,13807,9573,0.8,0.98
5866,-1757,10962,13454,13748,13758,9573,0.8,0.98
5867,-1758,10994,13459,13753,13755,9572,0.8,0.98
5868,-1779,10810,13133,13653,13435,9572,0.79,0.98
5869,-1758,10734,13467,13440,13774,9572,0.8,0.98
5870,-1784,10964,13241,13717,13520,9572,0.8,0.98
5871,-1768,10942,13422,13712,13715,9571,0.8,0.98
5872,-1786,10917,13454,13732,13752,9572,0.8,0.98
5873,-1794,10869,13499,13716,13803,9574,0.79,0.98
5875,-1809,10827,13483,13673,13790,9577,0.79,0.98
5875,-1799,10906,13474,13727,13774,9580,0.79,0.98
5876,-1792,10961,13483,13777,13788,9580,0.8,0.98
5877,-1801,10905,13522,13798,13825,9579,0.79,0.98
5878,-1825,10764,13013,13675,13284,9577,0.79,0.98
5879,-1823,10543,13450,13357,13757,9575,0.79,0.98
5880,-1819,10930,13220,13757,13498,9574,0.79,0.98
5881,-1820,10704,13435,13523,13743,9574,0.79,0.98
5882,-1839,10808,13462,13708,13768,9576,0.79,0.98
5883,-1832,10819,13263,13635,13551,9578,0.79,0.98
5885,-1839,10819,13468,13659,13782,9581,0.79,0.98
5885,-1842,10794,13460,13671,13777,9580,0.79,0.98
5886,-1845,10735,13502,13688,13819,9578,0.78,0.98
5887,-1859,10793,13456,13715,13771,9573,0.79,0.98
5888,-1865,10694,13168,13663,13464,9568,0.78,0.98
5889,-1846,10781,13426,13682,13749,9565,0.79,0.98
5890,-1866,10872,13305,13746,13605,9564,0.79,0.98
5891,-1855,10809,13453,13730,13775,9569,0.79,0.98
5893,-1877,10798,13422,13733,13747,9575,0.79,0.98
5894,-1853,10844,13411,13770,13734,9582,0.79,0.98
5895,-1871,10732,13416,13673,13735,9584,0.78,0.98
5896,-1864,10814,13456,13737,13780,9585,0.79,0.98
5896,-1862,10843,13170,13756,13485,9588,0.79,0.98
5898,-1864,10787,13336,13708,13673,9590,0.79,0.98
5898,-1888,10619,13006,13642,13319,9592,0.78,0.98
5900,-1868,10732,13345,13662,13694,9592,0.79,0.97
5901,-1880,10766,13207,13680,13535,9594,0.79,0.98
5901,-1880,10636,13493,13642,13850,9596,0.78,0.97
5902,-1891,10818,13341,13779,13696,9598,0.79,0.97
5904,-1878,10742,13392,13719,13757,9599,0.78,0.97
5905,-1892,10707,13419,13728,13790,9596,0.78,0.97
5906,-1883,10681,13430,13664,13804,9582,0.78,0.97
5907,-1887,10659,13333,13672,13708,9567,0.78,0.97
5908,-1872,10710,13448,13713,13828,9556,0.78,0.97
5908,-1894,10582,13007,13650,13366,9556,0.78,0.97
5910,-1859,10705,13380,13655,13773,9563,0.78,0.97
5911,-1881,10740,13206,13716,13587,9575,0.78,0.97
5912,-1869,10729,13371,13720,13768,9586,0.78,0.97
5913,-1895,10727,13368,13739,13763,9591,0.78,0.97
5914,-1863,10769,13292,13725,13699,9592,0.78,0.97
5915,-1856,10689,13412,13696,13837,9588,0.78,0.97
5916,-1848,10726,13376,13735,13804,9583,0.78,0.97
5917,-1835,10739,13257,13697,13681,9579,0.78,0.97
5918,-1856,10687,13321,13771,13751,9579,0.78,0.97
5919,-1877,10604,13018,13676,13430,9575,0.78,0.97
5920,-1828,10647,13353,13672,13805,9569,0.78,0.97
5921,-1849,10713,13245,13746,13698,9563,0.78,0.97
5922,-1830,10652,13329,13711,13801,9560,0.78,0.97
5922,-1799,10632,13224,13592,13694,9560,0.78,0.97
5924,-1805,10753,13300,13710,13781,9568,0.78,0.97
5925,-1804,10658,13340,13674,13837,9577,0.78,0.96
5926,-1783,10747,13237,13728,13719,9585,0.78,0.96
5927,-1795,10670,13322,13711,13830,9585,0.78,0.96
5928,-1784,10744,13297,13766,13808,9584,0.78,0.96
5929,-1776,10776,13092,13732,13594,9583,0.78,0.96
5930,-1781,10646,13291,13636,13810,9581,0.78,0.96
5931,-1784,10793,13002,13759,13508,9581,0.78,0.96
5932,-1751,10622,13321,13683,13867,9581,0.78,0.96
5933,-1782,10757,13253,13740,13796,9585,0.78,0.96
5934,-1771,10746,12988,13684,13513,9589,0.79,0.96
5935,-1752,10817,13035,13768,13577,9594,0.79,0.96
5936,-1728,10770,13226,13779,13793,9595,0.78,0.96
5937,-1710,10742,13163,13710,13738,9594,0.78,0.96
5938,-1717,10674,13256,13731,13851,9593,0.78,0.96
5939,-1685,10808,12966,13745,13541,9592,0.79,0.96
5940,-1698,10773,12952,13693,13529,9591,0.79,0.96
5941,-1695,10673,13078,13581,13674,9591,0.79,0.96
5942,-1656,10814,13085,13730,13700,9593,0.79,0.96
5943,-1675,10815,13142,13803,13765,9595,0.78,0.95
5944,-1651,10756,13135,13687,13773,9598,0.79,0.95
5945,-1650,10816,13037,13742,13671,9598,0.79,0.95
5946,-1640,10796,13102,13731,13749,9598,0.79,0.95
5947,-1623,10829,13131,13749,13801,9595,0.79,0.95
5948,-1618,10816,12851,13691,13492,9593,0.79,0.95
5949,-1606,10833,13051,13732,13730,9591,0.79,0.95
5950,-1595,10887,12857,13761,13519,9592,0.79,0.95
5951,-1572,10839,13072,13731,13767,9593,0.79,0.95
5952,-1565,10727,13089,13638,13795,9593,0.79,0.95
5953,-1567,10854,13058,13715,13771,9594,0.79,0.95
5954,-1560,10852,13072,13734,13799,9595,0.79,0.95
5955,-1519,10858,13065,13740,13802,9595,0.79,0.95
5956,-1529,10855,12855,13665,13566,9584,0.79,0.95
5957,-1520,10851,13025,13700,13778,9573,0.79,0.95
5958,-1499,10888,13025,13755,13783,9562,0.79,0.95
5959,-1469,10937,12806,13751,13561,9562,0.8,0.94
5960,-1472,10949,12854,13748,13623,9568,0.8,0.94
5961,-1472,10976,12722,13779,13479,9578,0.8,0.94
5962,-1442,10965,12947,13745,13745,9589,0.8,0.94
5963,-1436,10989,12948,13807,13759,9593,0.8,0.94
5964,-1419,10993,12904,13757,13705,9593,0.8,0.94
5965,-1423,10973,12846,13727,13643,9592,0.8,0.94
5966,-1410,10959,12956,13757,13784,9592,0.8,0.94
5967,-1398,10890,12835,13668,13658,9591,0.8,0.94
5968,-1366,10967,12798,13678,13628,9592,0.8,0.94
5969,-1356,10972,12734,13684,13576,9594,0.8,0.94
5970,-1343,10947,12964,13701,13835,9598,0.8,0.94
5971,-1325,11092,12766,13796,13624,9602,0.8,0.94
5972,-1335,10975,12904,13701,13790,9605,0.8,0.94
5973,-1312,11146,12740,13832,13608,9605,0.81,0.94
5974,-1291,10982,12904,13707,13814,9602,0.8,0.93
5976,-1268,10999,12893,13690,13813,9598,0.8,0.93
5976,-1265,11013,12873,13707,13781,9595,0.8,0.93
5977,-1247,10992,12878,13709,13807,9594,0.8,0.93
5978,-1262,11094,12916,13811,13861,9594,0.8,0.93
5979,-1239,10994,12296,13689,13182,9598,0.8,0.93
5980,-1221,11007,12636,13581,13562,9601,0.81,0.93
5981,-1199,11143,12653,13729,13593,9603,0.81,0.93
5982,-1156,11087,12801,13689,13775,9603,0.81,0.93
5983,-1156,11182,12793,13746,13773,9603,0.81,0.93
5984,-1154,10986,12578,13625,13536,9604,0.81,0.93
5985,-1145,11188,12806,13782,13820,9604,0.81,0.93
5986,-1103,11210,12606,13734,13583,9605,0.82,0.93
5987,-1091,11171,12703,13688,13707,9604,0.82,0.93
5988,-1075,11145,12832,13710,13866,9602,0.81,0.93
5989,-1075,11230,12553,13717,13565,9599,0.82,0.93
5990,-1053,11135,12740,13653,13787,9597,0.82,0.92
5991,-1031,11302,12693,13793,13740,9597,0.82,0.92
5992,-1009,11229,12740,13692,13795,9597,0.82,0.92
5993,-1027,11196,12715,13727,13782,9597,0.82,0.92
5994,-979,11310,12739,13765,13813,9597,0.82,0.92
5996,-978,11311,12497,13721,13546,9597,0.82,0.92
5997,-956,11297,12702,13764,13794,9597,0.82,0.92
5997,-946,11354,12618,13762,13705,9596,0.83,0.92
5998,-937,11373,12527,13764,13598,9595,0.83,0.92
5999,-925,11357,12610,13729,13700,9593,0.83,0.92
6000,-912,11277,12725,13669,13842,9593,0.83,0.92
6001,-928,11202,12396,13643,13474,9594,0.82,0.92
6002,-888,11238,12673,13645,13799,9595,0.82,0.92
6004,-881,11296,12664,13635,13795,9596,0.83,0.92
6004,-854,11387,12591,13715,13724,9597,0.83,0.92
6005,-850,11415,12644,13767,13794,9597,0.83,0.92
6006,-832,11320,12640,13679,13793,9600,0.83,0.92
6008,-834,11407,12570,13690,13717,9603,0.83,0.92
6008,-823,11473,12466,13735,13598,9605,0.84,0.92
6009,-795,11451,12284,13694,13408,9605,0.84,0.92
6010,-782,11544,12392,13792,13534,9606,0.84,0.92
6011,-777,11552,12460,13783,13607,9609,0.84,0.92
6012,-748,11467,12644,13723,13835,9611,0.84,0.91
6014,-746,11490,12618,13744,13808,9613,0.84,0.91
6015,-718,11538,12582,13763,13771,9612,0.84,0.91
6016,-725,11578,12406,13756,13574,9611,0.84,0.91
6017,-726,11404,12316,13675,13478,9609,0.83,0.91
6017,-704,11459,12647,13707,13862,9607,0.84,0.91
6018,-686,11593,12582,13790,13787,9606,0.84,0.91
6020,-655,11644,12502,13789,13710,9602,0.84,0.91
6021,-651,11402,12591,13527,13817,9582,0.84,0.91
6022,-655,11643,12497,13780,13706,9562,0.84,0.91
6022,-647,11588,12553,13735,13774,9547,0.84,0.91
6023,-640,11598,12569,13731,13790,9547,0.84,0.91
6025,-637,11708,12327,13804,13519,9564,0.85,0.91
6026,-629,11665,12379,13731,13581,9585,0.85,0.91
6027,-615,11633,12579,13751,13816,9606,0.85,0.91
6028,-586,11641,12579,13741,13825,9610,0.85,0.91
6028,-612,11591,12584,13719,13825,9610,0.84,0.91
6029,-607,11609,12190,13764,13378,9609,0.84,0.91
6031,-581,11562,12631,13672,13880,9608,0.85,0.91
6032,-580,11737,12413,13748,13619,9607,0.85,0.91
6033,-556,11638,12583,13693,13829,9607,0.85,0.91
6034,-561,11763,12556,13780,13793,9606,0.85,0.91
6035,-528,11736,12565,13733,13806,9606,0.85,0.91
6035,-557,11716,12502,13717,13730,9605,0.85,0.91
6037,-537,11772,12373,13743,13573,9604,0.86,0.91
6038,-527,11665,12582,13655,13810,9604,0.85,0.91
6039,-529,11698,12601,13737,13841,9608,0.85,0.91
6040,-527,11859,12499,13803,13729,9611,0.86,0.91
6040,-504,11651,12641,13635,13884,9615,0.85,0.91
6042,-520,11826,12355,13756,13546,9615,0.86,0.91
6043,-534,11804,12556,13767,13767,9618,0.86,0.91
6044,-493,11737,12355,13632,13548,9624,0.86,0.91
6045,-512,11787,12628,13757,13845,9630,0.86,0.91
6046,-495,11802,12660,13757,13876,9634,0.86,0.91
6046,-503,11841,12507,13735,13687,9634,0.86,0.91
6047,-504,11717,12523,13651,13719,9624,0.86,0.91
6049,-512,11796,12675,13751,13880,9615,0.86,0.91
6050,-498,11888,12304,13757,13446,9605,0.86,0.92
6051,-494,11770,12572,13651,13757,9605,0.86,0.91
6052,-491,11831,12588,13733,13757,9604,0.86,0.92
6053,-487,11810,12683,13705,13865,9603,0.86,0.91
6054,-503,11812,12606,13720,13764,9602,0.86,0.92
6055,-488,11969,12524,13811,13673,9602,0.87,0.92
6056,-475,11966,12443,13809,13569,9601,0.87,0.92
6057,-487,11857,12615,13712,13757,9604,0.86,0.92
6058,-497,11994,12423,13825,13524,9608,0.87,0.92
6059,-491,11953,12495,13773,13592,9612,0.87,0.92
6060,-516,11772,12348,13703,13427,9613,0.86,0.92
6061,-501,11879,12645,13705,13756,9613,0.87,0.92
6062,-528,11657,12341,13454,13408,9610,0.87,0.92
6063,-499,11945,12668,13766,13763,9608,0.87,0.92
6064,-546,11862,12695,13724,13776,9606,0.86,0.92
6065,-523,11908,12706,13743,13778,9606,0.87,0.92
6066,-539,11871,12746,13737,13822,9605,0.86,0.92
6067,-534,11938,12722,13784,13780,9604,0.87,0.92
6068,-527,11982,12476,13781,13486,9603,0.87,0.93
6069,-562,11942,12754,13758,13789,9602,0.87,0.92
6070,-548,11919,12529,13704,13538,9603,0.87,0.93
6071,-542,11870,12659,13644,13674,9605,0.87,0.93
6072,-578,11946,12564,13738,13537,9608,0.87,0.93
6073,-577,11910,12829,13767,13824,9610,0.87,0.93
6074,-605,11894,12826,13709,13806,9609,0.87,0.93
6075,-602,11844,12842,13684,13813,9609,0.87,0.93
6076,-606,11960,12665,13782,13591,9610,0.87,0.93
6077,-629,11911,12798,13744,13724,9610,0.87,0.93
6078,-644,11950,12651,13770,13546,9611,0.87,0.93
6079,-646,11982,12891,13857,13809,9611,0.86,0.93
6080,-650,11921,12774,13742,13666,9614,0.87,0.93
6081,-665,11857,12701,13674,13564,9616,0.87,0.94
6082,-703,11843,12981,13754,13860,9618,0.86,0.94
6083,-697,11873,12952,13766,13808,9618,0.86,0.94
6084,-729,11797,12967,13740,13817,9618,0.86,0.94
6085,-736,11853,13026,13762,13871,9618,0.86,0.94
6086,-754,11820,12998,13753,13823,9618,0.86,0.94
6087,-752,11779,13051,13718,13870,9618,0.86,0.94
6088,-779,11854,13012,13764,13822,9618,0.86,0.94
6089,-795,11819,13096,13770,13897,9617,0.86,0.94
6090,-793,11795,12762,13649,13525,9616,0.86,0.94
6091,-803,11869,12951,13750,13704,9615,0.86,0.95
6092,-854,11799,12961,13708,13702,9615,0.86,0.95
6093,-837,11857,12936,13758,13654,9616,0.86,0.95
6094,-874,11852,12986,13779,13691,9619,0.86,0.95
6095,-875,11737,13149,13735,13864,9622,0.85,0.95
6096,-924,11673,12867,13700,13545,9624,0.85,0.95
6097,-896,11741,13134,13743,13822,9624,0.85,0.95
6098,-935,11424,13147,13463,13809,9625,0.85,0.95
6099,-922,11895,13142,13864,13793,9626,0.86,0.95
6100,-939,11789,12978,13754,13605,9626,0.86,0.95
6101,-967,11804,12966,13780,13568,9627,0.86,0.96
6102,-1003,11735,13072,13718,13655,9626,0.86,0.96
6102,-1012,11652,13221,13735,13814,9624,0.85,0.96
6104,-1059,11771,13004,13786,13557,9622,0.85,0.96
6105,-1049,11754,13243,13799,13801,9620,0.85,0.96
6106,-1076,11711,13336,13798,13882,9620,0.85,0.96
6107,-1087,11687,13240,13762,13762,9621,0.85,0.96
6108,-1101,11641,13218,13705,13727,9623,0.85,0.96
6109,-1140,11701,13103,13778,13580,9625,0.85,0.96
6110,-1140,11658,13083,13747,13546,9625,0.85,0.97
6111,-1167,11572,13299,13677,13765,9625,0.85,0.97
6112,-1208,11580,13268,13710,13699,9625,0.84,0.97
6113,-1216,11503,13408,13686,13833,9626,0.84,0.97
6114,-1239,11599,13402,13778,13830,9626,0.84,0.97
6115,-1257,11543,13407,13752,13814,9626,0.84,0.97
6116,-1258,11585,13393,13785,13797,9626,0.84,0.97
6117,-1310,11485,13447,13744,13832,9624,0.84,0.97
6118,-1299,11580,13426,13790,13790,9622,0.84,0.97
6119,-1351,11624,13269,13865,13594,9621,0.84,0.98
6120,-1355,11547,13300,13783,13625,9621,0.84,0.98
6121,-1386,11527,13281,13785,13588,9616,0.84,0.98
6122,-1412,11527,13358,13795,13656,9611,0.84,0.98
6123,-1422,11407,13557,13736,13853,9605,0.83,0.98
6124,-1455,11369,13550,13704,13834,9605,0.83,0.98
6125,-1483,11478,13385,13795,13636,9607,0.83,0.98
6126,-1482,11442,13532,13781,13791,9612,0.83,0.98
6127,-1527,11323,13647,13735,13886,9617,0.82,0.98
6128,-1549,11321,13567,13700,13787,9620,0.83,0.98
6129,-1570,11409,13388,13792,13580,9620,0.83,0.99
6130,-1602,11177,13200,13671,13381,9620,0.82,0.99
6131,-1601,11305,13685,13762,13873,9621,0.82,0.99
6132,-1624,11356,13387,13795,13544,9621,0.82,0.99
6133,-1650,11238,13659,13739,13830,9622,0.82,0.99
6134,-1653,11309,13690,13819,13843,9622,0.82,0.99
6135,-1693,11285,13461,13761,13580,9623,0.82,0.99
6136,-1737,10989,13365,13444,13475,9624,0.82,0.99
6137,-1724,11120,13679,13672,13778,9624,0.81,0.99
6138,-1753,11171,13702,13728,13802,9624,0.81,0.99
6139,-1781,11175,13741,13783,13823,9629,0.81,0.99
6140,-1802,11177,13579,13738,13649,9635,0.81,0.99
6141,-1826,10984,13765,13634,13825,9641,0.81,1
6142,-1846,11118,13596,13710,13616,9642,0.81,1
6143,-1857,11117,13775,13749,13805,9642,0.81,1
6144,-1914,11103,13625,13753,13633,9643,0.81,1
6145,-1922,11043,13831,13775,13832,9645,0.8,1
6146,-1938,10970,13736,13621,13724,9646,0.81,1
6147,-1960,11103,13565,13812,13532,9646,0.8,1
6148,-1980,11047,13665,13759,13618,9641,0.8,1
6149,-2007,10918,13864,13708,13819,9633,0.8,1
6150,-2029,10866,13621,13729,13569,9624,0.79,1
6151,-2030,10937,13853,13700,13787,9621,0.8,1
6152,-2079,10956,13923,13796,13845,9622,0.79,1.01
6153,-2086,10961,13937,13800,13848,9628,0.79,1.01
6154,-2128,10909,13910,13747,13808,9634,0.79,1.01
6155,-2137,10875,13989,13748,13879,9639,0.79,1.01
6156,-2157,10835,14037,13779,13913,9639,0.79,1.01
6157,-2154,10888,13900,13752,13765,9642,0.79,1.01
6158,-2184,10812,13983,13727,13845,9646,0.79,1.01
6159,-2199,10817,13971,13764,13827,9651,0.79,1.01
6160,-2243,10715,13542,13739,13379,9652,0.78,1.01
6161,-2239,10716,14047,13712,13885,9652,0.78,1.01
6162,-2265,10808,13769,13760,13584,9646,0.79,1.01
6163,-2275,10739,14042,13729,13867,9641,0.78,1.01
6164,-2311,10717,14089,13748,13900,9636,0.78,1.01
6165,-2300,10700,13974,13733,13776,9636,0.78,1.01
6167,-2329,10782,13906,13812,13701,9636,0.78,1.01
6168,-2351,10716,13917,13781,13704,9637,0.78,1.02
6168,-2340,10665,14100,13772,13886,9638,0.77,1.02
6169,-2364,10704,14040,13822,13821,9639,0.77,1.02
6170,-2387,10161,13656,13259,13436,9640,0.77,1.02
6171,-2397,10495,14097,13629,13873,9638,0.77,1.02
6172,-2428,10653,13805,13751,13570,9637,0.77,1.02
6173,-2436,10658,14005,13795,13776,9635,0.77,1.02
6174,-2450,10572,14052,13744,13814,9635,0.77,1.02
6175,-2445,10496,13995,13632,13753,9639,0.77,1.02
6177,-2484,10533,14096,13766,13861,9651,0.77,1.02
6177,-2474,10511,14160,13781,13910,9663,0.76,1.02
6178,-2482,10451,14099,13687,13859,9670,0.76,1.02
6179,-2503,10554,14078,13791,13832,9670,0.77,1.02
6181,-2472,10513,13917,13707,13681,9661,0.77,1.02
6181,-2492,10560,14041,13793,13799,9651,0.77,1.02
6183,-2530,10569,13889,13811,13631,9640,0.77,1.02
6184,-2533,10563,13948,13813,13707,9638,0.76,1.02
6185,-2540,10487,14044,13805,13800,9638,0.76,1.02
6185,-2531,10485,13800,13741,13554,9640,0.76,1.02
6186,-2557,10441,14103,13790,13863,9643,0.76,1.02
6187,-2546,10419,14079,13772,13838,9644,0.76,1.02
6188,-2566,10407,14094,13735,13856,9645,0.76,1.02
6189,-2572,10436,14032,13799,13794,9642,0.76,1.02
6190,-2562,10449,13923,13767,13699,9638,0.76,1.02
6191,-2570,10307,14082,13649,13862,9634,0.76,1.02
6193,-2577,10386,14027,13761,13807,9633,0.75,1.02
6193,-2582,10326,14126,13781,13913,9632,0.75,1.02
6195,-2603,10402,14083,13835,13869,9635,0.75,1.02
6196,-2572,10359,14069,13762,13865,9639,0.75,1.01
6196,-2591,10279,14077,13727,13889,9642,0.75,1.01
6198,-2568,10430,14042,13846,13854,9641,0.75,1.01
6198,-2574,10300,14031,13734,13849,9640,0.75,1.01
6200,-2606,10342,13993,13814,13812,9638,0.75,1.01
6200,-2591,10245,13400,13751,13236,9636,0.75,1.01
6201,-2579,10199,13951,13556,13797,9636,0.75,1.01
6203,-2595,10304,13885,13745,13731,9636,0.75,1.01
6204,-2581,10368,13822,13792,13681,9638,0.75,1.01
6205,-2585,10254,14043,13782,13911,9641,0.74,1.01
6205,-2568,10327,13880,13784,13760,9645,0.75,1.01
6206,-2589,10263,13928,13734,13823,9645,0.75,1.01
6208,-2573,10329,13685,13776,13583,9645,0.75,1.01
6209,-2540,10238,13943,13735,13871,9644,0.75,1.01
6210,-2547,10324,13917,13847,13854,9643,0.75,1
6211,-2523,10314,13601,13770,13558,9643,0.75,1
6212,-2551,10108,13538,13647,13489,9643,0.74,1
6213,-2537,10268,13805,13768,13783,9643,0.75,1
6214,-2515,10258,13596,13697,13580,9642,0.75,1
6214,-2501,10305,13788,13799,13792,9642,0.75,1
6215,-2491,10228,13823,13735,13857,9642,0.74,1
6217,-2482,10290,13813,13781,13860,9642,0.75,1
6218,-2460,10315,13734,13798,13797,9644,0.75,1
6219,-2445,10272,13764,13733,13853,9647,0.75,0.99
6220,-2455,10308,13748,13837,13851,9649,0.74,0.99
6221,-2437,10199,13369,13768,13472,9649,0.74,0.99
6222,-2398,10205,13726,13669,13865,9647,0.75,0.99
6223,-2408,10222,13737,13762,13885,9646,0.74,0.99
6224,-2367,10293,13456,13709,13616,9645,0.75,0.99
6225,-2352,10305,13620,13765,13819,9645,0.75,0.99
6226,-2325,10363,13564,13771,13785,9646,0.75,0.98
6227,-2295,10275,13666,13780,13908,9649,0.75,0.98
6228,-2300,10374,13496,13785,13735,9653,0.75,0.98
6229,-2291,10194,13272,13703,13525,9655,0.74,0.98
6230,-2280,10341,13595,13836,13881,9655,0.75,0.98
6231,-2250,10284,13266,13786,13557,9654,0.75,0.98
6232,-2206,10411,13490,13794,13830,9652,0.75,0.98
6233,-2205,10276,13189,13750,13527,9650,0.75,0.98
6234,-2158,10411,13482,13802,13868,9650,0.75,0.97
6235,-2128,10416,13418,13789,13818,9649,0.76,0.97
6236,-2102,10459,13181,13768,13595,9653,0.76,0.97
6237,-2069,10340,13395,13695,13855,9656,0.76,0.97
6238,-2049,10438,13354,13778,13838,9659,0.76,0.97
6239,-2013,10532,13180,13804,13665,9659,0.76,0.96
6240,-1996,10443,13039,13811,13547,9660,0.76,0.96
6241,-1940,10496,13309,13810,13871,9662,0.76,0.96
6242,-1917,10503,13304,13754,13888,9664,0.76,0.96
6243,-1898,10521,13114,13753,13705,9666,0.76,0.96
6244,-1875,10572,13128,13750,13744,9666,0.77,0.96
6245,-1850,10491,13212,13708,13853,9669,0.77,0.95
6246,-1802,10618,13185,13818,13862,9673,0.77,0.95
6247,-1757,10628,13172,13775,13865,9676,0.77,0.95
6248,-1734,10613,13157,13763,13870,9676,0.77,0.95
6249,-1735,10676,13093,13778,13826,9672,0.77,0.95
6250,-1690,10686,13045,13804,13794,9663,0.77,0.95
6251,-1679,10588,13136,13730,13917,9653,0.77,0.94
6252,-1640,10697,13092,13810,13885,9647,0.77,0.94
6253,-1620,10773,12736,13802,13525,9647,0.78,0.94
6254,-1583,10665,13044,13757,13884,9654,0.78,0.94
6255,-1580,10721,12993,13719,13857,9662,0.78,0.94
6256,-1529,10718,12986,13738,13879,9671,0.78,0.94
6257,-1508,10814,12923,13809,13823,9672,0.78,0.93
6258,-1470,10751,12949,13718,13877,9671,0.78,0.93
6259,-1435,10923,12750,13843,13671,9665,0.79,0.93
6259,-1408,10902,12927,13817,13891,9660,0.79,0.93
6261,-1366,10869,12732,13765,13707,9655,0.79,0.93
6262,-1323,10941,12718,13772,13716,9655,0.79,0.93
6263,-1315,10896,12843,13790,13886,9658,0.79,0.92
6264,-1268,11005,12604,13792,13634,9661,0.8,0.92
6265,-1213,11013,12580,13765,13627,9665,0.8,0.92
6266,-1193,11027,12747,13820,13853,9666,0.8,0.92
6267,-1152,11097,12706,13819,13823,9665,0.8,0.92
6268,-1141,11049,12692,13774,13838,9661,0.8,0.92
6269,-1090,11056,12727,13810,13910,9658,0.8,0.91
6270,-1073,11100,12714,13802,13917,9655,0.8,0.91
6271,-1046,11092,12515,13734,13704,9654,0.81,0.91
6272,-981,11024,12433,13550,13634,9659,0.81,0.91
6273,-975,11041,12299,13694,13509,9668,0.81,0.91
6274,-931,11286,12532,13817,13798,9676,0.82,0.91
6275,-872,11261,12573,13794,13870,9680,0.82,0.91
6276,-847,11271,12588,13787,13917,9680,0.82,0.9
6277,-813,11310,12532,13767,13876,9672,0.82,0.9
6278,-797,11279,12493,13788,13847,9665,0.82,0.9
6279,-749,11335,12483,13766,13861,9658,0.82,0.9
6280,-734,11490,12416,13899,13800,9658,0.83,0.9
6281,-697,11276,12394,13736,13797,9657,0.82,0.9
6282,-651,11389,12420,13756,13854,9655,0.83,0.9
6283,-617,11464,12431,13769,13890,9652,0.83,0.89
6284,-609,11520,12266,13782,13719,9650,0.84,0.89
6285,-566,11460,12304,13773,13784,9650,0.83,0.89
6286,-510,11563,12354,13793,13872,9660,0.84,0.89
6287,-492,11565,12291,13770,13812,9669,0.84,0.89
6288,-454,11601,12312,13797,13863,9678,0.84,0.89
6289,-435,11550,12333,13761,13905,9678,0.84,0.89
6290,-416,11604,12338,13796,13930,9678,0.84,0.89
6291,-365,11640,12252,13776,13853,9679,0.84,0.88
6292,-340,11668,12111,13732,13696,9680,0.85,0.88
6293,-326,11632,12251,13756,13874,9680,0.85,0.88
6294,-312,11711,12251,13809,13885,9680,0.85,0.88
6295,-248,11794,12160,13829,13806,9677,0.85,0.88
6296,-234,11741,12196,13764,13875,9673,0.85,0.88
6297,-196,11810,12162,13791,13844,9669,0.86,0.88
6298,-176,11787,12201,13757,13910,9669,0.86,0.88
6299,-141,11837,12166,13827,13887,9668,0.86,0.88
6300,-141,11897,11910,13778,13580,9663,0.86,0.88
6301,-120,11750,12151,13734,13882,9657,0.86,0.88
6302,-91,11766,11821,13706,13516,9653,0.86,0.87
6303,-65,11851,11862,13771,13582,9653,0.86,0.87
6304,-10,11993,12050,13772,13818,9656,0.87,0.87
6305,-12,12031,11905,13793,13655,9661,0.87,0.87
6306,17,11989,12049,13789,13850,9666,0.87,0.87
6307,62,12126,11877,13858,13660,9668,0.88,0.87
6308,55,12009,12078,13787,13917,9668,0.87,0.87
6309,100,12024,11996,13775,13831,9668,0.87,0.87
6310,110,12157,12066,13907,13927,9667,0.87,0.87
6311,127,11971,12054,13721,13912,9667,0.87,0.87
6312,162,12096,11957,13744,13807,9667,0.88,0.87
6313,175,12146,11928,13765,13779,9669,0.88,0.87
6314,192,12091,11938,13729,13798,9673,0.88,0.87
6315,205,12225,11947,13830,13828,9677,0.88,0.86
6316,228,12240,11806,13807,13653,9679,0.89,0.86
6317,233,12261,11860,13836,13722,9679,0.89,0.86
6318,256,12121,11977,13729,13882,9675,0.88,0.86
6319,271,12231,11974,13807,13892,9671,0.89,0.86
6320,299,12412,11962,13918,13882,9666,0.89,0.86
6321,295,12222,11937,13758,13868,9666,0.89,0.86
6322,328,12371,11885,13826,13803,9666,0.89,0.86
6323,360,12332,11906,13788,13838,9665,0.89,0.86
6324,371,12287,11670,13682,13555,9664,0.9,0.86
6325,364,12421,11702,13812,13597,9663,0.9,0.86
6326,389,12336,11956,13780,13911,9663,0.9,0.86
6327,421,12360,11918,13772,13870,9663,0.9,0.86
6328,438,12322,11822,13638,13746,9662,0.9,0.86
6329,424,12446,11918,13819,13862,9662,0.9,0.86
6330,445,12537,11794,13871,13706,9662,0.9,0.86
6332,437,12312,11778,13715,13690,9662,0.9,0.86
6332,448,12480,11816,13786,13740,9662,0.91,0.86
6333,453,12526,11827,13816,13744,9661,0.91,0.86
6334,463,12576,11775,13862,13688,9661,0.91,0.86
6335,468,12546,11934,13837,13877,9661,0.91,0.86
6336,487,12393,12016,13758,13970,9663,0.9,0.86
6337,502,12481,12005,13815,13944,9664,0.9,0.86
6338,504,12492,11982,13776,13904,9666,0.91,0.86
6339,505,12578,11825,13780,13700,9666,0.91,0.86
6341,498,12585,12012,13842,13909,9667,0.91,0.86
6341,495,12432,11908,13700,13788,9669,0.91,0.86
6342,513,12573,11943,13750,13827,9671,0.91,0.86
6343,494,12627,11766,13794,13594,9673,0.92,0.87
6344,502,12543,12032,13812,13901,9673,0.91,0.87
6345,515,12671,12029,13872,13896,9673,0.91,0.87
6346,520,12613,11939,13766,13769,9674,0.92,0.87
6347,503,12555,12028,13746,13855,9675,0.91,0.87
6349,492,12710,11905,13835,13690,9675,0.92,0.87
6349,494,12685,11835,13817,13589,9675,0.92,0.87
6351,473,12733,11882,13859,13628,9672,0.92,0.87
6352,482,12676,12089,13846,13865,9670,0.92,0.87
6352,470,12668,11920,13780,13638,9669,0.92,0.87
6353,459,12706,12056,13815,13787,9669,0.92,0.87
6354,435,12615,12132,13745,13854,9668,0.92,0.88
6355,421,12635,12188,13804,13899,9666,0.92,0.88
6356,406,12507,12266,13710,13958,9664,0.91,0.88
6357,402,12674,12222,13820,13871,9664,0.92,0.88
6358,372,12589,12211,13748,13809,9664,0.92,0.88
6359,356,12697,12218,13836,13792,9669,0.92,0.89
6361,304,12693,12252,13835,13790,9674,0.92,0.89
6361,291,12456,12328,13691,13862,9679,0.91,0.89
6363,298,12559,12204,13668,13705,9678,0.92,0.89
6364,254,12640,12330,13784,13802,9677,0.92,0.89
6364,224,12580,12411,13810,13878,9673,0.91,0.89
6365,210,12673,12375,13820,13794,9670,0.92,0.9
6366,183,12544,12517,13741,13914,9668,0.91,0.9
6367,158,12681,12327,13842,13663,9668,0.92,0.9
6368,117,12498,12592,13759,13919,9668,0.91,0.9
6369,65,12641,12383,13824,13632,9668,0.91,0.91
6370,35,12616,12689,13910,13937,9668,0.91,0.91
6372,6,12480,12535,13766,13724,9669,0.91,0.91
6372,6,12476,12642,13691,13821,9670,0.91,0.91
6374,-59,12588,12586,13818,13712,9672,0.91,0.92
6374,-98,12551,12693,13801,13799,9675,0.91,0.92
6375,-97,12522,12796,13784,13880,9677,0.91,0.92
6376,-132,12547,12751,13825,13781,9677,0.91,0.93
6377,-206,12425,12870,13779,13880,9677,0.9,0.93
6379,-245,12485,12761,13802,13696,9678,0.9,0.93
6379,-299,12392,12957,13801,13862,9678,0.9,0.93
6380,-333,12448,12949,13833,13817,9678,0.9,0.94
6382,-388,12313,13034,13834,13872,9679,0.89,0.94
6383,-414,12238,13053,13633,13859,9682,0.9,0.94
6383,-468,12293,13122,13785,13904,9685,0.89,0.94
6384,-491,12308,13160,13794,13893,9688,0.89,0.95
6385,-557,11838,13185,13363,13884,9688,0.89,0.95
6386,-590,12265,13231,13804,13899,9686,0.89,0.95
6387,-632,12287,13182,13834,13791,9683,0.89,0.96
6388,-701,12274,13017,13844,13565,9680,0.89,0.96
6390,-743,12164,13107,13766,13609,9679,0.88,0.96
6390,-828,12090,13068,13836,13531,9680,0.87,0.97
6392,-869,11979,13434,13770,13884,9672,0.87,0.97
6392,-907,11939,13489,13659,13904,9665,0.87,0.97
6393,-964,12083,13390,13825,13744,9659,0.87,0.97
6394,-1047,11914,13255,13792,13567,9659,0.86,0.98
6395,-1074,11970,13586,13817,13872,9661,0.87,0.98
6396,-1120,11980,13626,13835,13884,9665,0.87,0.98
6397,-1176,11956,13694,13864,13890,9669,0.86,0.99
6398,-1250,11853,13659,13797,13811,9671,0.86,0.99
6399,-1311,11802,13775,13806,13879,9671,0.85,0.99
6401,-1404,11792,13588,13818,13624,9672,0.85,1
6401,-1451,11620,13891,13762,13908,9674,0.84,1
6402,-1515,11727,13696,13838,13659,9675,0.85,1
6404,-1584,11692,13708,13840,13628,9675,0.84,1.01
6405,-1628,11575,14000,13791,13888,9675,0.84,1.01
6406,-1687,11494,14083,13781,13941,9672,0.83,1.01
6407,-1725,11369,14118,13707,13946,9670,0.83,1.01
6408,-1799,11414,14079,13777,13854,9669,0.83,1.02
6408,-1875,11415,14091,13773,13827,9669,0.83,1.02
6409,-1921,11400,14034,13791,13719,9677,0.83,1.02
6410,-1986,11372,14245,13856,13883,9688,0.82,1.03
6411,-2057,11276,14067,13768,13668,9698,0.82,1.03
6412,-2132,11266,14118,13829,13680,9700,0.81,1.03
6414,-2219,11200,14402,13835,13916,9699,0.81,1.03
6415,-2266,11144,14389,13861,13864,9692,0.8,1.04
6415,-2317,11035,14454,13792,13894,9686,0.8,1.04
6416,-2375,11009,14542,13827,13938,9681,0.8,1.04
6417,-2456,10875,14606,13784,13952,9681,0.79,1.05
6419,-2561,10981,14372,13858,13677,9678,0.79,1.05
6420,-2609,10796,14638,13763,13885,9674,0.78,1.05
6421,-2707,10830,14689,13857,13903,9671,0.78,1.06
6422,-2768,10674,14525,13739,13704,9670,0.78,1.06
6423,-2811,10581,14766,13681,13891,9672,0.77,1.06
6423,-2885,10728,14513,13863,13613,9680,0.77,1.07
6424,-2955,10581,14916,13827,13963,9688,0.77,1.07
6425,-3015,10546,14910,13786,13920,9695,0.76,1.07
6426,-3088,10503,14837,13781,13831,9695,0.76,1.07
6427,-3113,10399,14967,13741,13899,9690,0.76,1.08
6429,-3202,10415,14906,13851,13797,9681,0.75,1.08
6430,-3287,10290,15098,13817,13943,9672,0.74,1.08
6431,-3366,10355,15178,13954,13972,9669,0.74,1.09
6432,-3441,10049,15141,13725,13902,9669,0.73,1.09
6432,-3499,10178,14954,13790,13686,9681,0.74,1.09
6434,-3593,10009,15266,13762,13946,9692,0.73,1.09
6435,-3653,10075,15200,13825,13859,9704,0.73,1.1
6436,-3673,9995,15269,13801,13893,9704,0.72,1.1
6437,-3723,10019,15022,13820,13638,9700,0.72,1.1
6438,-3798,9878,15399,13821,13942,9695,0.71,1.1
6439,-3855,9851,15336,13829,13855,9688,0.71,1.11
6439,-3945,9767,15503,13832,13966,9686,0.71,1.11
6441,-4024,9836,15356,13905,13803,9686,0.71,1.11
6442,-4068,9622,15574,13827,13962,9685,0.7,1.12
6442,-4137,9576,15504,13761,13866,9683,0.7,1.12
6444,-4248,9468,15230,13762,13595,9682,0.69,1.12
6444,-4280,9501,15574,13814,13870,9682,0.69,1.12
6446,-4346,9422,15332,13842,13621,9684,0.68,1.13
6447,-4376,9372,15714,13754,13942,9687,0.68,1.13
6448,-4417,9389,15756,13818,13946,9690,0.68,1.13
6449,-4480,9331,15684,13802,13861,9692,0.68,1.13
6450,-4544,9307,15446,13805,13617,9692,0.67,1.13
6451,-4627,9296,15585,13880,13698,9691,0.67,1.14
6451,-4711,9113,15532,13750,13618,9689,0.66,1.14
6452,-4787,8976,15622,13621,13661,9687,0.66,1.14
6454,-4892,8936,15992,13769,13958,9686,0.65,1.15
6455,-4951,8912,15957,13841,13899,9686,0.64,1.15
6455,-4968,8965,15753,13795,13703,9686,0.65,1.15
6457,-5037,8919,15956,13860,13859,9686,0.64,1.15
6458,-5070,8817,15898,13784,13779,9686,0.64,1.15
6459,-5162,8766,15850,13740,13710,9686,0.64,1.16
6460,-5196,8728,15961,13823,13779,9685,0.63,1.16
6461,-5265,8661,16161,13806,13919,9683,0.63,1.16
6462,-5336,8531,16284,13844,14003,9682,0.62,1.16
6463,-5386,8605,16017,13841,13746,9682,0.62,1.17
6464,-5462,8583,15991,13863,13709,9683,0.62,1.17
6465,-5495,8439,16208,13793,13868,9686,0.61,1.17
6465,-5580,8369,16250,13780,13876,9688,0.61,1.17
6467,-5590,8390,16356,13820,13961,9690,0.61,1.17
6467,-5645,8281,16379,13802,13945,9690,0.6,1.17
6469,-5731,8254,16329,13805,13882,9691,0.6,1.18
6470,-5759,8266,16372,13849,13894,9692,0.6,1.18
6471,-5834,8273,16194,13945,13722,9694,0.59,1.18
6472,-5874,7641,16537,12952,13987,9694,0.59,1.18
6472,-5930,7962,16294,13621,13758,9694,0.58,1.18
6474,-6020,8067,16191,13861,13658,9691,0.58,1.19
6475,-6058,7956,16467,13801,13863,9689,0.58,1.19
6476,-6104,7827,16620,13764,13980,9686,0.57,1.19
6477,-6125,7914,16418,13832,13793,9686,0.57,1.19
6478,-6164,7853,16642,13846,13956,9689,0.57,1.19
6478,-6242,7716,16693,13831,13988,9693,0.56,1.19
6479,-6311,7784,16316,13854,13656,9698,0.56,1.19
6480,-6353,7683,16667,13908,13916,9700,0.55,1.2
6482,-6398,7513,16636,13747,13874,9700,0.55,1.2
6483,-6474,7553,16500,13756,13747,9695,0.55,1.2
6484,-6497,7608,16343,13867,13612,9690,0.55,1.2
6485,-6543,7564,16486,13855,13715,9685,0.55,1.2
6486,-6564,7449,16700,13814,13877,9685,0.54,1.2
6487,-6617,7420,16751,13825,13909,9686,0.54,1.2
6487,-6654,7386,16804,13850,13944,9688,0.53,1.21
6489,-6679,7272,16866,13787,13984,9690,0.53,1.21
6490,-6737,7336,16466,13813,13645,9692,0.53,1.21
6491,-6759,7351,16722,13900,13850,9691,0.53,1.21
6492,-6809,7135,16858,13826,13949,9691,0.52,1.21
6492,-6829,7039,16881,13627,13950,9691,0.52,1.21
6494,-6872,7185,16736,13835,13833,9691,0.52,1.21
6495,-6915,7173,16698,13849,13793,9691,0.52,1.21
6496,-6935,7116,16767,13851,13845,9691,0.51,1.21
6496,-6958,7030,16840,13818,13898,9689,0.51,1.21
6497,-6986,7024,16775,13772,13837,9686,0.51,1.21
6498,-7036,7014,16721,13843,13797,9685,0.51,1.21
6500,-7079,6900,16818,13812,13871,9685,0.5,1.21
6501,-7105,6975,16737,13922,13799,9684,0.5,1.21
6502,-7102,6836,16499,13731,13616,9682,0.5,1.21
6503,-7130,6774,16877,13718,13911,9680,0.49,1.21
6504,-7171,6855,16603,13859,13700,9680,0.49,1.21
6505,-7176,6840,16717,13870,13797,9682,0.49,1.21
6505,-7183,6791,16830,13890,13887,9693,0.49,1.21
6506,-7201,6656,16862,13740,13920,9704,0.48,1.21
6508,-7214,6740,16842,13848,13915,9712,0.49,1.21
6509,-7239,6707,16686,13839,13797,9712,0.48,1.21
6510,-7245,6709,16575,13886,13711,9707,0.48,1.21
6511,-7249,6650,16844,13860,13932,9700,0.48,1.21
6512,-7296,6526,16823,13858,13932,9692,0.47,1.21
6513,-7267,6615,16517,13857,13682,9689,0.48,1.21
6514,-7287,6604,16651,13877,13817,9689,0.48,1.21
6515,-7290,6527,16696,13801,13864,9688,0.47,1.2
6516,-7293,6526,16406,13826,13640,9686,0.47,1.2
6517,-7288,6503,16572,13846,13796,9684,0.47,1.2
6518,-7308,6389,16674,13846,13887,9685,0.46,1.2
6519,-7309,6384,16770,13810,13983,9686,0.46,1.2
6520,-7319,6396,16567,13816,13836,9690,0.46,1.2
6521,-7301,6258,16374,13601,13704,9693,0.46,1.19
6522,-7300,6247,16657,13826,13958,9695,0.45,1.19
6523,-7279,6286,16439,13740,13798,9695,0.46,1.19
6523,-7304,6266,16603,13849,13961,9691,0.45,1.19
6525,-7300,6251,16497,13759,13897,9686,0.45,1.19
6526,-7263,6266,16493,13821,13919,9682,0.45,1.18
6527,-7251,6265,16491,13772,13935,9681,0.45,1.18
6528,-7243,6253,16325,13815,13815,9682,0.45,1.18
6529,-7231,6300,16344,13838,13855,9682,0.46,1.18
6530,-7249,6251,16307,13870,13844,9683,0.45,1.18
6531,-7227,6286,16336,13895,13900,9684,0.45,1.18
6532,-7189,6276,16082,13854,13714,9684,0.45,1.17
6533,-7186,6211,16248,13796,13878,9690,0.45,1.17
6534,-7161,6275,16249,13878,13909,9698,0.45,1.17
6535,-7131,6253,15971,13861,13702,9706,0.45,1.17
6536,-7104,6161,16182,13814,13915,9708,0.45,1.16
6537,-7075,6223,16155,13822,13918,9708,0.45,1.16
6538,-7060,6210,16086,13882,13884,9707,0.45,1.16
6539,-7041,6182,16118,13832,13943,9706,0.45,1.16
6540,-7003,6214,16121,13859,13959,9705,0.45,1.15
6541,-6995,6218,16026,13850,13914,9705,0.45,1.15
6542,-6961,6202,15872,13843,13813,9705,0.45,1.15
6543,-6944,6246,15819,13810,13800,9704,0.45,1.15
6544,-6912,6285,15721,13901,13762,9703,0.45,1.14
6545,-6874,6257,15691,13817,13769,9702,0.45,1.14
6546,-6852,6179,15875,13642,13965,9703,0.45,1.14
6547,-6819,6216,15788,13811,13930,9709,0.45,1.13
6548,-6783,6232,15823,13857,13980,9715,0.45,1.13
6549,-6751,6296,15461,13846,13704,9719,0.45,1.13
6550,-6710,6200,15728,13828,13981,9720,0.45,1.12
6551,-6674,6320,15312,13852,13644,9714,0.46,1.12
6552,-6610,6320,15318,13871,13693,9704,0.46,1.12
6553,-6593,6330,15260,13831,13675,9694,0.46,1.12
6554,-6545,6360,15194,13862,13660,9690,0.46,1.11
6554,-6513,6271,15449,13778,13938,9690,0.46,1.11
6556,-6463,6399,15346,13857,13892,9695,0.46,1.1
6557,-6393,6351,15385,13839,13971,9699,0.46,1.1
6558,-6349,6348,15330,13846,13950,9703,0.46,1.1
6559,-6322,6440,15078,13832,13751,9703,0.47,1.1
6560,-6275,6384,15204,13844,13903,9701,0.46,1.09
6561,-6252,6452,15134,13838,13878,9696,0.47,1.09
6562,-6185,6459,14990,13842,13784,9692,0.47,1.09
6563,-6140,6422,14812,13613,13653,9689,0.47,1.08
6564,-6067,6531,14945,13787,13824,9689,0.47,1.08
6565,-6025,6536,15079,13822,13992,9692,0.47,1.08
6566,-5976,6575,14958,13787,13910,9695,0.48,1.08
6567,-5932,6646,14802,13832,13817,9699,0.48,1.07
6568,-5871,6615,14893,13818,13926,9699,0.48,1.07
6569,-5844,6652,14846,13820,13924,9699,0.48,1.07
6570,-5804,6725,14795,13856,13918,9700,0.49,1.06
6571,-5723,6797,14579,13883,13761,9700,0.49,1.06
6572,-5658,6654,14706,13782,13933,9701,0.48,1.06
6573,-5552,6824,14455,13738,13749,9701,0.5,1.05
6574,-5516,6934,14250,13875,13592,9703,0.5,1.05
6575,-5446,6889,14604,13838,13985,9705,0.5,1.04
6576,-5385,6966,14327,13758,13768,9708,0.51,1.04
6577,-5317,7021,14276,13852,13761,9708,0.51,1.04
6578,-5235,7037,14379,13861,13900,9708,0.51,1.03
6579,-5177,7106,14073,13790,13650,9709,0.52,1.03
6580,-5109,7115,14283,13817,13916,9710,0.51,1.03
6581,-5024,7182,14177,13792,13863,9710,0.52,1.02
6582,-4953,7078,14273,13733,14018,9710,0.52,1.02
6583,-4854,7277,14068,13783,13872,9708,0.53,1.01
6584,-4808,7301,14000,13763,13854,9704,0.53,1.01
6585,-4726,7316,14010,13750,13920,9700,0.53,1.01
6586,-4647,7351,14000,13777,13974,9699,0.53,1
6587,-4561,7535,13823,13876,13845,9700,0.54,1
6588,-4484,7593,13649,13817,13709,9704,0.55,1
6589,-4385,7647,13719,13815,13856,9708,0.55,0.99
6590,-4344,7725,13681,13867,13861,9711,0.56,0.99
6591,-4250,7704,13782,13820,14014,9711,0.56,0.98
6592,-4178,7661,13617,13762,13910,9711,0.56,0.98
6593,-4136,7671,13241,13707,13552,9712,0.56,0.98
6595,-4040,7871,13481,13834,13879,9713,0.57,0.97
6595,-3954,7946,13447,13859,13886,9713,0.57,0.97
6596,-3879,8029,13413,13901,13898,9713,0.58,0.97
6597,-3790,8091,13163,13845,13682,9707,0.58,0.96
6598,-3716,8089,13143,13750,13705,9701,0.59,0.96
6599,-3652,8085,13343,13800,13981,9694,0.59,0.95
6600,-3571,8256,13190,13828,13873,9694,0.6,0.95
6601,-3505,8291,13220,13864,13948,9694,0.6,0.95
6602,-3432,8256,13142,13810,13928,9694,0.6,0.94
6603,-3370,8268,12756,13806,13543,9694,0.6,0.94
6604,-3305,8434,12985,13822,13849,9694,0.61,0.94
6605,-3215,8515,12981,13870,13885,9694,0.61,0.93
6606,-3169,8566,12725,13863,13638,9701,0.62,0.93
6608,-3096,8583,12847,13822,13819,9710,0.62,0.93
6608,-3037,8656,12802,13857,13822,9719,0.62,0.93
6610,-2963,8667,12800,13811,13863,9721,0.63,0.92
6611,-2877,8746,12718,13829,13821,9720,0.63,0.92
6611,-2831,8811,12720,13863,13882,9715,0.64,0.92
6612,-2763,8778,12714,13823,13921,9711,0.64,0.91
6613,-2696,8707,12300,13688,13498,9708,0.64,0.91
6615,-2601,8995,12412,13846,13679,9708,0.65,0.91
6615,-2526,8975,12620,13867,13963,9715,0.65,0.9
6616,-2471,9044,12543,13838,13935,9725,0.65,0.9
6617,-2384,9173,12299,13866,13687,9734,0.66,0.9
6619,-2333,9226,12236,13883,13659,9736,0.66,0.9
6620,-2282,9241,12232,13811,13701,9734,0.67,0.89
6621,-2209,9315,12317,13858,13822,9726,0.67,0.89
6622,-2141,9369,12379,13918,13950,9718,0.67,0.89
6623,-2084,9221,12365,13756,13972,9712,0.67,0.88
6624,-2014,9417,12262,13832,13890,9712,0.68,0.88
6625,-1976,9415,12274,13829,13945,9710,0.68,0.88
6626,-1911,9496,12197,13826,13888,9706,0.69,0.88
6627,-1852,9600,12146,13872,13873,9702,0.69,0.88
6627,-1799,9563,12152,13823,13909,9700,0.69,0.87
6629,-1723,9653,12130,13849,13926,9701,0.7,0.87
6629,-1669,9733,12018,13840,13820,9706,0.7,0.87
6631,-1622,9750,12033,13826,13877,9711,0.71,0.87
6632,-1543,9870,12118,13938,14031,9716,0.71,0.86
6633,-1485,9883,11806,13838,13691,9716,0.71,0.86
6634,-1422,9863,11916,13722,13860,9717,0.72,0.86
6635,-1358,10000,11755,13822,13708,9718,0.72,0.86
6636,-1305,10030,11950,13838,13985,9720,0.72,0.85
6637,-1239,10036,11770,13735,13798,9720,0.73,0.85
6638,-1184,10137,11872,13858,13962,9720,0.73,0.85
6639,-1123,10112,11851,13804,13956,9717,0.73,0.85
6640,-1118,10198,11798,13860,13926,9715,0.74,0.85
6641,-1057,10155,11819,13814,13968,9712,0.74,0.85
6642,-1018,10332,11659,13873,13798,9712,0.74,0.84
6643,-951,10338,11582,13798,13744,9713,0.75,0.84
6644,-886,10173,11695,13634,13922,9713,0.75,0.84
6645,-852,10487,11502,13833,13703,9713,0.76,0.84
6646,-773,10532,11648,13854,13920,9714,0.76,0.84
6647,-737,10459,11439,13827,13675,9714,0.76,0.84
6648,-680,10604,11535,13848,13824,9715,0.77,0.83
6649,-655,10647,11393,13840,13659,9717,0.77,0.83
6650,-623,10719,11565,13899,13903,9719,0.77,0.83
6651,-567,10672,11607,13872,13973,9719,0.77,0.83
6652,-520,10811,11471,13871,13826,9718,0.78,0.83
6653,-482,10708,11580,13792,13998,9717,0.78,0.83
6654,-442,10845,11482,13812,13893,9716,0.79,0.83
6655,-381,10952,11366,13865,13773,9715,0.79,0.83
6656,-319,11009,11414,13907,13872,9715,0.79,0.82
6657,-282,10932,11462,13817,13944,9712,0.79,0.82
6658,-254,10978,11475,13818,13997,9708,0.79,0.82
6659,-188,11059,11448,13849,13981,9705,0.8,0.82
6660,-181,11105,11274,13841,13772,9704,0.8,0.82
6661,-141,11113,11362,13842,13913,9705,0.8,0.82
6662,-97,11182,11252,13841,13784,9706,0.81,0.82
6663,-51,11236,11146,13858,13678,9707,0.81,0.81
6664,2,11231,11208,13773,13777,9708,0.82,0.81
6665,52,11170,11296,13709,13911,9708,0.81,0.81
6666,90,11355,11288,13862,13926,9709,0.82,0.81
6667,115,11399,11288,13877,13946,9711,0.82,0.81
6668,134,11403,11271,13857,13931,9713,0.82,0.81
6669,183,11477,11057,13871,13672,9713,0.83,0.81
6670,210,11445,11126,13852,13786,9713,0.83,0.81
6671,259,11506,11260,13843,13983,9714,0.83,0.81
6672,275,11503,11253,13854,13973,9714,0.83,0.81
6673,302,11510,11249,13848,13995,9715,0.83,0.8
6674,381,11581,11087,13754,13805,9715,0.84,0.8
6675,394,11642,11201,13853,13973,9715,0.84,0.8
6676,440,11675,11188,13839,13969,9716,0.84,0.8
6677,478,11718,11169,13859,13944,9717,0.85,0.8
6678,469,11679,11206,13848,14001,9717,0.84,0.8
6679,496,11857,10919,13921,13637,9718,0.85,0.8
6680,532,11803,11184,13865,13991,9719,0.85,0.8
6681,551,11819,11079,13872,13853,9720,0.85,0.8
6682,563,11928,11154,13928,13965,9722,0.86,0.8
6683,589,11744,11247,13820,14090,9722,0.85,0.8
6684,622,11879,11173,13826,13992,9721,0.86,0.8
6685,654,11981,10959,13864,13723,9718,0.86,0.8
6686,670,11955,11017,13813,13801,9715,0.87,0.8
6687,694,11982,11143,13869,13974,9713,0.86,0.8
6688,702,12007,11115,13861,13940,9713,0.87,0.8
6689,734,12035,11145,13835,13981,9718,0.87,0.8
6690,748,12063,11181,13857,14027,9724,0.87,0.8
6691,760,12120,11034,13899,13836,9730,0.87,0.8
6692,790,12147,11118,13909,13946,9731,0.87,0.8
6693,793,11999,11089,13768,13913,9730,0.87,0.8
6694,798,12032,11148,13778,13978,9726,0.87,0.8
6695,820,12188,11082,13849,13900,9723,0.88,0.8
6696,835,12234,11118,13882,13939,9720,0.88,0.8
6698,846,12199,11121,13832,13949,9720,0.88,0.8
6699,878,12179,11147,13820,13981,9722,0.88,0.8
6700,890,12148,11206,13798,14044,9724,0.88,0.8
6701,884,12210,10957,13732,13721,9726,0.89,0.8
6702,924,12355,11043,13899,13835,9726,0.89,0.8
6703,917,12310,11179,13876,14010,9727,0.89,0.8
6704,931,12232,11146,13824,13968,9730,0.88,0.8
6704,932,12195,11158,13785,13972,9732,0.88,0.8
6705,959,12350,11068,13836,13855,9734,0.89,0.8
6707,971,12391,11094,13839,13887,9734,0.9,0.8
6708,941,12286,11158,13814,13960,9733,0.89,0.8
6709,977,12426,11156,13893,13963,9731,0.89,0.8
6710,980,12170,10837,13587,13531,9729,0.9,0.8
6711,997,12454,10964,13851,13681,9728,0.9,0.8
6712,999,12381,11171,13819,13952,9728,0.9,0.8
6712,991,12421,11233,13845,14028,9724,0.9,0.8
6714,1001,12428,11208,13836,13982,9719,0.9,0.8
6715,1016,12309,11094,13660,13828,9715,0.9,0.8
6716,1003,12478,11133,13833,13863,9715,0.9,0.8
6717,998,12459,11203,13865,13958,9717,0.9,0.8
6718,1017,12505,11179,13843,13919,9719,0.9,0.8
6719,997,12446,11227,13812,13978,9722,0.9,0.8
6720,1012,12539,10990,13837,13654,9724,0.91,0.8
6721,1018,12551,11253,13854,13989,9724,0.91,0.8
6722,1045,12554,11170,13845,13878,9726,0.91,0.8
6723,1035,12568,11267,13867,13994,9727,0.91,0.81
6724,1034,12423,11301,13772,14033,9729,0.9,0.81
6725,1049,12582,11083,13827,13737,9729,0.91,0.81
6726,1036,12635,11065,13865,13700,9728,0.91,0.81
6727,1044,12612,11259,13848,13945,9725,0.91,0.81
6728,1031,12604,11296,13857,13963,9722,0.91,0.81
6729,1013,12675,11105,13892,13709,9720,0.91,0.81
6730,1034,12651,11321,13904,13975,9720,0.91,0.81
6731,1040,12687,11224,13887,13838,9722,0.91,0.81
6732,1028,12620,11252,13863,13857,9724,0.91,0.81
6733,1003,12683,11392,13945,14028,9727,0.91,0.81
6734,1001,12573,11296,13852,13893,9728,0.91,0.81
6735,1020,12654,11335,13844,13933,9726,0.91,0.81
6736,1009,12685,11346,13882,13939,9717,0.91,0.81
6737,1001,12675,11300,13858,13867,9708,0.91,0.81
6738,991,12675,11322,13848,13884,9701,0.92,0.82
6739,1006,12629,11379,13816,13946,9701,0.91,0.82
6740,1014,12646,11318,13818,13853,9706,0.92,0.82
6741,1003,12718,11363,13888,13898,9711,0.92,0.82
6742,996,12768,11186,13914,13664,9717,0.92,0.82
6743,978,12726,11443,13903,13972,9718,0.92,0.82
6744,997,12620,11429,13820,13948,9719,0.91,0.82
6745,976,12762,11457,13908,13967,9724,0.92,0.82
6746,968,12720,11435,13840,13924,9729,0.92,0.82
6747,965,12638,11516,13846,14005,9733,0.91,0.82
6748,964,12761,11396,13876,13836,9733,0.92,0.82
6749,952,12706,11512,13835,13976,9730,0.92,0.82
6750,959,12760,11396,13890,13809,9724,0.92,0.83
6751,950,12728,11456,13862,13873,9719,0.92,0.83
6752,948,12712,11477,13853,13880,9717,0.92,0.83
6753,931,12814,11295,13932,13645,9717,0.92,0.83
6754,915,12669,11493,13866,13866,9722,0.91,0.83
6755,913,12734,11504,13837,13870,9727,0.92,0.83
6756,904,12775,11369,13880,13675,9732,0.92,0.83
6757,887,12795,11351,13912,13644,9732,0.92,0.83
6758,885,12730,11550,13855,13884,9730,0.92,0.83
6759,892,12717,11589,13858,13910,9725,0.92,0.83
6760,881,12812,11573,13917,13873,9721,0.92,0.83
6761,845,12696,11415,13906,13665,9718,0.91,0.84
6763,871,12754,11668,13876,13968,9718,0.92,0.84
6764,854,12771,11715,13930,14014,9721,0.92,0.84
6764,838,12621,11713,13841,13999,9725,0.91,0.84
6765,845,12717,11609,13827,13869,9728,0.92,0.84
6766,821,12816,11628,13932,13859,9728,0.92,0.84
6767,818,12736,11635,13858,13845,9727,0.92,0.84
6769,810,12735,11754,13847,13981,9726,0.92,0.84
6770,799,12832,11697,13931,13893,9725,0.92,0.84
6771,797,12718,11701,13848,13874,9725,0.92,0.84
6771,772,12743,11760,13863,13944,9725,0.92,0.84
6773,778,12785,11749,13918,13915,9724,0.92,0.84
6773,769,12863,11644,13951,13766,9721,0.92,0.85
6775,774,12803,11813,13919,13975,9719,0.92,0.85
6776,770,12625,11554,13697,13641,9719,0.92,0.85
6777,744,12790,11628,13873,13703,9719,0.92,0.85
6778,746,12760,11868,13887,13994,9718,0.92,0.85
6779,714,12705,11880,13841,13987,9717,0.92,0.85
6780,720,12757,11840,13847,13917,9716,0.92,0.85
6781,721,12707,11935,13829,14022,9716,0.92,0.85
6782,705,12756,11913,13867,13986,9718,0.92,0.85
6783,706,12816,11732,13899,13743,9721,0.92,0.85
6784,686,12804,11920,13898,13967,9725,0.92,0.85
6785,670,12634,11971,13836,14009,9725,0.91,0.85
6786,669,12562,11908,13637,13911,9725,0.92,0.86
6786,659,12765,11859,13856,13832,9721,0.92,0.86
6788,638,12699,11999,13850,14000,9717,0.92,0.86
6789,618,12705,12033,13839,14016,9715,0.92,0.86
6790,608,12709,12013,13872,13986,9715,0.92,0.86
6791,618,12747,11949,13867,13885,9717,0.92,0.86
6792,595,12718,12071,13866,14024,9720,0.92,0.86
6793,597,12737,12012,13897,13947,9723,0.92,0.86
6794,577,12876,11995,14008,13903,9724,0.92,0.86
6795,572,12763,11800,13873,13660,9724,0.92,0.86
6796,558,12594,12061,13763,13958,9729,0.92,0.86
6797,539,12762,11891,13877,13731,9734,0.92,0.87
6798,526,12826,12039,13941,13891,9740,0.92,0.87
6799,527,12622,12163,13830,14028,9739,0.91,0.87
6800,538,12716,12192,13901,14069,9737,0.91,0.87
6801,514,12729,12123,13924,13959,9731,0.91,0.87
6802,496,12735,12054,13877,13866,9726,0.92,0.87
6803,505,12790,12093,13928,13900,9722,0.92,0.87
6804,501,12757,12185,13940,14003,9722,0.92,0.87
6805,494,12748,12041,13906,13813,9723,0.92,0.87
6806,470,12574,12118,13684,13903,9724,0.92,0.87
6807,447,12751,12180,13925,13963,9725,0.92,0.87
6809,466,12683,12107,13815,13870,9725,0.92,0.87
6810,424,12670,12220,13845,13987,9728,0.92,0.87
6810,450,12656,12196,13836,13959,9733,0.91,0.87
6812,453,12721,12162,13864,13890,9739,0.92,0.88
6813,439,12753,12098,13895,13806,9742,0.92,0.88
6813,423,12733,12210,13876,13938,9742,0.92,0.88
6814,422,12723,12259,13896,13980,9739,0.92,0.88
6815,403,12523,12286,13793,14010,9736,0.91,0.88
6817,383,12591,11942,13850,13586,9732,0.91,0.88
6818,386,12735,12265,13896,13955,9731,0.92,0.88
6819,363,12671,12334,13878,14027,9732,0.91,0.88
6820,372,12711,12258,13882,13934,9733,0.92,0.88
6821,359,12749,12211,13919,13870,9735,0.92,0.88
6822,368,12679,12353,13885,14026,9736,0.91,0.88
6823,345,12670,12301,13872,13951,9736,0.91,0.88
6824,353,12769,12246,13938,13879,9733,0.92,0.88
6824,342,12729,12271,13900,13886,9730,0.92,0.88
6826,318,12551,12498,13830,14154,9726,0.91,0.88
6827,315,12515,12335,13658,13948,9725,0.92,0.88
6828,310,12714,12148,13884,13717,9726,0.92,0.89
6829,313,12640,12350,13842,13952,9727,0.91,0.89
6829,293,12691,12344,13872,13937,9728,0.91,0.89
6831,306,12677,12435,13882,14031,9729,0.91,0.89
6831,281,12668,12383,13887,13962,9729,0.91,0.89
6833,285,12607,12513,13865,14099,9730,0.91,0.89
6834,277,12649,12222,13825,13736,9732,0.91,0.89
6835,264,12809,12222,14000,13730,9733,0.91,0.89
6836,258,12574,12452,13819,13996,9734,0.91,0.89
6837,244,12683,12387,13861,13907,9734,0.92,0.89
6838,226,12706,12376,13902,13884,9731,0.91,0.89
6839,222,12731,12297,13940,13776,9728,0.91,0.89
6840,205,12630,12462,13870,13961,9726,0.91,0.89
6841,185,12580,12506,13857,14018,9726,0.91,0.89
6842,177,12627,12463,13865,13952,9724,0.91,0.89
6843,197,12621,12553,13875,14045,9720,0.91,0.89
6844,197,12665,12394,13878,13848,9717,0.91,0.9
6845,195,12690,12456,13908,13914,9715,0.91,0.9
6846,181,12661,12292,13869,13716,9715,0.91,0.9
6847,175,12567,12534,13815,13983,9722,0.91,0.9
6848,149,12724,12343,13952,13746,9730,0.91,0.9
6849,139,12627,12535,13901,13973,9738,0.91,0.9
6849,143,12644,12615,13915,14050,9739,0.91,0.9
6850,141,12573,12568,13842,13995,9738,0.91,0.9
6852,129,12688,12536,13947,13941,9733,0.91,0.9
6853,126,12585,12560,13845,13958,9729,0.91,0.9
6854,115,12580,12561,13878,13952,9726,0.91,0.9
6855,80,12606,12637,13925,14033,9726,0.91,0.9
6856,77,12567,12450,13849,13809,9731,0.91,0.9
6857,106,12605,12543,13861,13910,9736,0.91,0.9
6858,53,12656,12376,13930,13707,9742,0.91,0.9
6859,46,12487,11999,13821,13269,9743,0.9,0.9
6860,42,12538,12546,13838,13889,9742,0.91,0.9
6861,50,12598,12423,13876,13721,9735,0.91,0.91
6862,45,12618,12464,13897,13762,9728,0.91,0.91
6863,20,12518,12662,13871,13997,9722,0.9,0.9
6864,18,12491,12714,13882,14035,9723,0.9,0.91
6865,12,12652,12640,13962,13955,9722,0.91,0.91
6866,9,12418,12697,13822,14002,9722,0.9,0.91
6867,-3,12546,12688,13894,13979,9722,0.9,0.91
6868,-9,12628,12677,13928,13964,9721,0.91,0.91
6869,-4,12605,12684,13946,13968,9723,0.9,0.91
6870,-21,12473,12746,13855,14023,9731,0.9,0.91
6871,-53,12474,12760,13860,14035,9738,0.9,0.91
6872,-36,12583,12583,13903,13808,9744,0.91,0.91
6873,-76,12463,12744,13829,13998,9744,0.9,0.91
6874,-59,12461,12720,13826,13967,9743,0.9,0.91
6875,-95,12584,12569,13913,13778,9741,0.9,0.91
6876,-79,12404,12764,13858,13992,9739,0.9,0.91
6877,-90,12458,12554,13787,13737,9738,0.9,0.91
6878,-102,12547,12614,13899,13790,9738,0.9,0.91
6879,-115,12467,12848,13893,14052,9735,0.9,0.91
6880,-122,12386,12843,13815,14042,9732,0.9,0.91
6881,-154,12399,12892,13840,14090,9730,0.9,0.91
6882,-131,12553,12714,13921,13863,9730,0.9,0.92
6883,-186,12418,12865,13873,14032,9731,0.9,0.92
6884,-166,12498,12816,13906,13959,9732,0.9,0.92
6885,-187,12494,12750,13889,13870,9734,0.9,0.92
6886,-196,12252,12894,13762,14044,9734,0.89,0.92
6887,-190,12263,12897,13682,14028,9734,0.9,0.92
6888,-207,12438,12844,13862,13973,9738,0.9,0.92
6889,-211,12596,12780,14040,13879,9743,0.9,0.92
6890,-232,12127,12666,13501,13744,9748,0.9,0.92
6891,-211,12478,12867,13919,13958,9749,0.9,0.92
6892,-237,12358,12867,13868,13963,9748,0.89,0.92
6893,-241,12309,12974,13817,14067,9744,0.89,0.92
6894,-268,12439,12897,13902,13971,9740,0.89,0.92
6895,-257,12497,12754,13945,13790,9738,0.9,0.92
6896,-270,12358,12916,13850,13984,9738,0.89,0.92
6897,-278,12231,12770,13660,13793,9736,0.9,0.93
6898,-285,12417,12826,13872,13844,9733,0.9,0.93
6899,-325,12233,12493,13799,13475,9730,0.89,0.93
6900,-297,12361,12679,13827,13668,9730,0.89,0.93
6901,-321,12368,12975,13906,13999,9730,0.89,0.93
6902,-340,12306,12981,13860,13990,9730,0.89,0.93
6903,-350,12298,13075,13866,14093,9729,0.89,0.93
6904,-359,12424,12893,13928,13865,9729,0.89,0.93
6905,-358,12373,12985,13899,13967,9729,0.89,0.93
6906,-385,12350,12809,13877,13755,9730,0.89,0.93
6907,-384,12210,13038,13748,14020,9733,0.89,0.93
6909,-412,12048,13057,13629,14020,9736,0.88,0.93
6909,-409,12296,13033,13869,13995,9737,0.89,0.93
6910,-423,12343,13023,13937,13970,9736,0.89,0.93
6911,-434,12293,12823,13839,13735,9742,0.89,0.93
6912,-446,12337,13034,13919,13964,9748,0.89,0.93
6913,-478,12267,13015,13885,13932,9754,0.88,0.93
6914,-476,12224,13096,13894,13994,9754,0.88,0.94
6915,-499,12269,13151,13878,14052,9752,0.88,0.94
6917,-513,12179,13169,13875,14057,9749,0.88,0.94
6918,-531,12093,12600,13745,13421,9746,0.88,0.94
6919,-560,12083,12829,13813,13652,9746,0.87,0.94
6919,-569,12150,13167,13871,14014,9746,0.88,0.94
6921,-590,12183,13159,13877,13998,9745,0.88,0.94
6921,-584,12217,13064,13883,13879,9745,0.88,0.94
6922,-602,12261,13170,13956,13978,9744,0.88,0.94
6924,-656,12195,13208,13920,14013,9744,0.88,0.94
6925,-659,12075,13286,13842,14080,9742,0.87,0.94
6926,-673,12125,13317,13916,14101,9737,0.87,0.94
6927,-676,11983,13284,13825,14057,9732,0.87,0.95
6928,-677,12184,13156,13927,13897,9729,0.87,0.95
6929,-692,12161,13177,13908,13916,9728,0.87,0.95
6930,-725,12143,13222,13908,13953,9732,0.87,0.95
6931,-743,12095,13297,13888,14035,9736,0.87,0.95
6932,-753,12117,13255,13925,13974,9740,0.87,0.95
6933,-758,12101,13256,13907,13967,9741,0.87,0.95
6934,-788,12120,13166,13927,13855,9741,0.87,0.95
6934,-799,12021,13318,13882,14015,9742,0.87,0.95
6936,-814,12094,13278,13960,13958,9742,0.87,0.95
6937,-844,11843,13433,13779,14109,9743,0.86,0.95
6937,-838,12017,13274,13849,13922,9743,0.87,0.95
6939,-862,11986,13406,13870,14048,9745,0.86,0.95
6940,-908,11864,13373,13819,14001,9746,0.86,0.96
6941,-918,11997,13363,13900,13975,9747,0.86,0.96
6942,-929,11982,13389,13894,13993,9747,0.86,0.96
6943,-935,12094,13137,14011,13699,9748,0.86,0.96
6944,-941,11948,13329,13901,13900,9752,0.86,0.96
6945,-968,11903,13503,13903,14076,9757,0.86,0.96
6946,-999,11962,13502,13948,14063,9760,0.86,0.96
6947,-997,11923,13217,13862,13741,9760,0.86,0.96
6948,-1020,11868,13473,13883,14010,9756,0.85,0.96
6949,-1044,11749,13193,13819,13689,9750,0.85,0.96
6950,-1063,11873,13512,13940,14021,9743,0.85,0.96
6951,-1070,11770,13413,13793,13909,9741,0.85,0.96
6952,-1084,11807,13557,13881,14052,9740,0.85,0.96
6953,-1098,11875,13512,13920,13986,9742,0.85,0.97
6954,-1112,11715,13594,13841,14074,9744,0.85,0.97
6955,-1151,11770,13561,13915,14024,9746,0.85,0.97
6956,-1154,11885,13343,13958,13774,9746,0.85,0.97
6957,-1177,11720,13564,13903,14007,9748,0.84,0.97
6958,-1190,11609,13540,13714,13968,9751,0.85,0.97
6959,-1217,11705,13579,13865,14000,9754,0.84,0.97
6960,-1238,11717,13569,13873,13976,9755,0.84,0.97
6961,-1243,11707,13596,13862,13989,9755,0.84,0.97
6962,-1256,11695,13581,13862,13969,9754,0.84,0.97
6963,-1272,11719,13615,13927,13992,9753,0.84,0.97
6964,-1287,11684,13661,13887,14028,9752,0.84,0.97
6965,-1321,11704,13630,13930,13989,9752,0.84,0.97
6966,-1308,11676,13698,13906,14055,9752,0.84,0.97
6967,-1338,11592,13659,13879,14009,9751,0.84,0.98
6968,-1343,11553,13658,13780,13989,9751,0.84,0.98
6969,-1360,11561,13681,13818,14006,9751,0.84,0.98
6970,-1405,11549,13664,13832,13980,9751,0.83,0.98
6971,-1411,11583,13732,13918,14044,9748,0.83,0.98
6972,-1398,11644,13566,13934,13859,9745,0.84,0.98
6973,-1425,11463,13701,13857,13996,9741,0.83,0.98
6974,-1433,11504,13755,13873,14042,9741,0.83,0.98
6975,-1449,11539,13778,13905,14061,9742,0.83,0.98
6976,-1486,11601,13739,13992,14017,9746,0.83,0.98
6977,-1473,11572,13531,13926,13783,9749,0.83,0.98
6978,-1519,11308,13358,13748,13600,9752,0.82,0.98
6979,-1517,11493,13587,13865,13824,9752,0.83,0.98
6980,-1534,11501,13765,13909,14006,9752,0.83,0.98
6981,-1540,11444,13816,13878,14056,9751,0.82,0.98
6982,-1570,11525,13780,13994,14012,9750,0.82,0.98
6983,-1554,11482,13778,13930,14002,9750,0.82,0.98
6984,-1584,11413,13787,13907,14005,9749,0.82,0.98
6985,-1605,11487,13557,13943,13751,9748,0.82,0.99
6986,-1598,11464,13781,13943,13977,9747,0.82,0.99
6987,-1625,11290,13706,13863,13898,9746,0.81,0.99
6988,-1650,11281,13882,13819,14077,9746,0.82,0.99
6989,-1653,11443,13558,13949,13724,9745,0.82,0.99
6990,-1664,11376,13648,13895,13818,9744,0.82,0.99
6991,-1686,11316,13747,13829,13926,9743,0.82,0.99
6992,-1698,11326,13824,13908,14004,9743,0.81,0.99
6993,-1705,11324,13764,13860,13935,9743,0.82,0.99
6994,-1704,11305,13846,13889,14007,9752,0.81,0.99
6995,-1722,11249,13891,13899,14054,9760,0.81,0.99
6996,-1749,11415,13636,14020,13777,9768,0.81,0.99
6997,-1742,11150,13883,13844,14044,9768,0.81,0.99
6999,-1751,11102,13831,13685,13981,9764,0.81,0.99
6999,-1767,11177,13891,13832,14048,9756,0.81,0.99
7000,-1782,11321,13703,13956,13847,9748,0.81,0.99
7002,-1780,11223,13883,13878,14022,9744,0.81,0.99
7002,-1786,11264,13862,13906,14009,9744,0.81,0.99
7003,-1784,11188,13861,13861,13996,9742,0.81,0.99
7004,-1800,11212,13845,13932,13984,9740,0.8,0.99
7005,-1813,11212,13855,13906,13990,9738,0.81,0.99
7007,-1824,11225,13683,13905,13804,9738,0.81,0.99
7007,-1835,11215,13621,13912,13739,9741,0.81,0.99
7008,-1838,11139,13918,13860,14044,9749,0.8,0.99
7009,-1841,10974,13915,13689,14041,9756,0.8,0.99
7010,-1871,11100,13926,13899,14051,9761,0.8,0.99
7011,-1891,11139,13705,13870,13820,9761,0.8,0.99
7012,-1878,11081,13871,13884,13998,9759,0.8,0.99
7014,-1886,11165,13738,13922,13843,9756,0.8,0.99
7015,-1907,11075,13865,13898,13985,9753,0.8,0.99
7015,-1894,11180,13792,13971,13906,9753,0.8,0.99
7017,-1910,11069,14019,13922,14143,9753,0.8,0.99
7017,-1915,10955,13946,13837,14068,9757,0.79,0.99
7018,-1934,10812,13465,13675,13588,9760,0.79,0.99
7019,-1932,11145,13688,13969,13803,9762,0.8,0.99
7021,-1940,11086,13593,13911,13702,9762,0.8,0.99
7022,-1937,11084,13701,13906,13817,9763,0.8,0.99
7022,-1936,10985,13855,13885,13984,9763,0.79,0.99
7024,-1931,10960,13913,13851,14040,9764,0.79,0.99
7024,-1951,10965,13935,13889,14067,9764,0.79,0.99
7025,-1959,10991,13919,13902,14055,9763,0.79,0.99
7027,-1959,11112,13742,13981,13871,9759,0.79,0.99
7027,-1964,10815,13957,13794,14107,9754,0.78,0.99
7029,-1950,11022,13860,13925,14005,9751,0.79,0.99
7030,-1972,10941,13826,13850,13982,9751,0.79,0.99
7031,-1953,11022,13837,13905,13990,9752,0.79,0.99
7032,-1973,10973,13892,13911,14055,9753,0.79,0.99
7032,-1948,10981,13888,13934,14054,9755,0.79,0.99
7034,-1936,11012,13808,13925,13972,9755,0.79,0.99
7035,-1980,10975,13802,13936,13975,9755,0.79,0.99
7036,-1946,10937,13859,13882,14038,9750,0.79,0.99
7037,-1969,11040,13932,14001,14115,9746,0.79,0.99
7037,-1967,10798,13923,13837,14109,9742,0.78,0.99
7039,-1959,10937,13573,13848,13739,9741,0.79,0.99
7039,-1966,10966,13606,13888,13785,9744,0.79,0.99
7040,-1957,10953,13851,13938,14054,9752,0.79,0.99
7042,-1995,10834,13841,13833,14045,9760,0.78,0.99
7042,-1959,10893,13895,13926,14113,9764,0.78,0.98
7044,-1984,10864,13805,13876,14017,9764,0.78,0.98
7045,-1958,10832,13731,13764,13941,9757,0.79,0.98
7046,-1959,10885,13864,13921,14087,9750,0.78,0.98
7047,-1965,10995,13861,14004,14094,9743,0.79,0.98
7048,-1970,10761,13804,13847,14051,9743,0.78,0.98
7049,-1953,10902,13724,13895,13957,9747,0.78,0.98
7050,-1957,10933,13711,13906,13960,9755,0.79,0.98
7051,-1941,10960,13709,13944,13966,9763,0.79,0.98
7052,-1967,10783,13413,13864,13656,9768,0.78,0.98
7053,-1968,10861,13784,13883,14056,9768,0.78,0.98
7054,-1927,10965,13497,13946,13750,9764,0.79,0.98
7055,-1931,10870,13691,13876,13970,9758,0.78,0.98
7056,-1930,10919,13765,13923,14058,9753,0.78,0.98
7057,-1917,11026,13658,14033,13944,9752,0.79,0.98
7058,-1908,10766,13672,13844,13983,9751,0.78,0.98
7059,-1905,10680,13707,13633,14017,9749,0.78,0.98
7060,-1895,10895,13666,13908,13984,9747,0.78,0.98
7061,-1911,10792,13764,13832,14097,9746,0.78,0.98
7062,-1897,10869,13656,13889,14000,9746,0.78,0.98
7063,-1880,10965,13684,13967,14038,9745,0.79,0.97
7064,-1878,10917,13671,13909,14028,9743,0.78,0.97
7065,-1898,10766,13704,13819,14071,9741,0.78,0.97
7066,-1878,10836,13669,13893,14038,9741,0.78,0.97
7067,-1868,10933,13605,13924,13975,9743,0.79,0.97
7068,-1852,10883,13645,13894,14030,9750,0.78,0.97
7069,-1853,10837,13646,13880,14036,9757,0.78,0.97
7070,-1858,10910,13484,13863,13876,9763,0.79,0.97
7071,-1837,10951,13526,13953,13919,9763,0.78,0.97
7072,-1843,10901,13666,13958,14093,9760,0.78,0.97
7073,-1820,10921,13607,13926,14041,9756,0.78,0.97
7074,-1791,10940,13625,13941,14067,9751,0.78,0.97
7075,-1814,10923,13646,13921,14094,9749,0.78,0.97
7076,-1783,11006,13362,13966,13789,9749,0.79,0.97
7077,-1790,10913,13607,13951,14075,9749,0.78,0.97
7078,-1806,10617,13624,13637,14099,9749,0.78,0.97
7079,-1809,10770,13086,13808,13559,9749,0.78,0.97
7080,-1768,10955,13286,13891,13753,9748,0.79,0.97
7081,-1752,10976,13455,13921,13954,9749,0.79,0.96
7082,-1740,10890,13527,13893,14037,9752,0.78,0.96
7083,-1734,10907,13585,13924,14108,9754,0.78,0.96
7084,-1719,10949,13430,13887,13950,9756,0.79,0.96
7085,-1704,10912,13558,13874,14104,9757,0.79,0.96
7086,-1700,11048,13284,13965,13810,9756,0.79,0.96
7087,-1687,11012,13376,13920,13920,9754,0.79,0.96
7088,-1681,10865,13481,13747,14044,9753,0.79,0.96
7089,-1669,10757,13352,13649,13907,9752,0.79,0.96
7090,-1644,11030,13409,13930,13991,9751,0.79,0.96
7091,-1650,10975,13437,13899,14034,9746,0.79,0.96
7092,-1650,11022,13389,13921,13998,9742,0.79,0.96
7093,-1640,11106,13393,14007,13999,9739,0.79,0.96
7094,-1613,11084,13273,13967,13871,9739,0.79,0.96
7095,-1621,11001,13458,13924,14084,9743,0.79,0.96
7096,-1614,11051,13361,13954,13984,9748,0.79,0.96
7097,-1622,11190,13223,14079,13836,9753,0.79,0.96
7098,-1610,11003,13390,13960,14032,9754,0.79,0.95
7099,-1605,11002,13110,13834,13729,9754,0.8,0.95
7100,-1573,10999,13424,13926,14092,9754,0.79,0.95
7101,-1589,11030,13353,13951,14020,9755,0.79,0.95
7102,-1553,11092,13408,13926,14091,9756,0.8,0.95
7103,-1555,11094,13378,13975,14067,9756,0.79,0.95
7104,-1524,11108,13251,13932,13926,9755,0.8,0.95
7105,-1519,11056,13387,13923,14094,9752,0.79,0.95
7106,-1515,11048,13354,13946,14069,9748,0.79,0.95
7107,-1523,11139,13357,13990,14078,9747,0.8,0.95
7108,-1490,11019,13270,13895,13980,9749,0.79,0.95
7109,-1507,10903,13073,13766,13767,9757,0.79,0.95
7110,-1482,11161,13261,13954,13989,9766,0.8,0.95
7111,-1461,11069,13292,13906,14044,9773,0.8,0.95
7112,-1459,11153,13149,13910,13880,9773,0.8,0.95
7113,-1451,11154,13266,13946,14019,9769,0.8,0.95
7114,-1418,11133,13261,13895,14023,9762,0.8,0.95
7115,-1415,11161,13254,13944,14028,9756,0.8,0.94
7116,-1399,11087,13323,13894,14100,9754,0.8,0.94
7117,-1401,11152,13316,13921,14101,9753,0.8,0.94
7118,-1401,11079,13176,13871,13953,9754,0.8,0.94
7119,-1391,11003,12946,13807,13712,9755,0.8,0.94
7120,-1379,11277,13136,13984,13919,9756,0.81,0.94
7121,-1370,11180,13161,13916,13967,9757,0.8,0.94
7122,-1360,11202,13254,13935,14061,9756,0.8,0.94
7123,-1351,11227,13228,13977,14051,9753,0.8,0.94
7124,-1326,11202,13160,13909,13973,9749,0.81,0.94
7125,-1340,11228,13180,13937,14007,9747,0.81,0.94
7126,-1318,11277,13209,13962,14034,9747,0.81,0.94
7127,-1331,11204,13233,13939,14066,9755,0.8,0.94
7128,-1314,11140,13107,13828,13936,9764,0.81,0.94
7129,-1283,11111,13200,13794,14051,9774,0.81,0.94
7130,-1287,11323,13219,13984,14077,9775,0.81,0.94
7131,-1280,11248,13213,13931,14070,9774,0.81,0.94
7132,-1273,11242,13214,13907,14076,9769,0.81,0.94
7133,-1249,11277,13108,13922,13977,9765,0.81,0.94
7134,-1259,11281,13208,13951,14081,9762,0.81,0.94
7135,-1235,11357,13156,13983,14031,9762,0.81,0.94
7136,-1252,11339,12985,13939,13833,9755,0.81,0.94
7137,-1238,11367,13157,14014,14033,9747,0.81,0.94
7138,-1215,11270,13163,13955,14046,9740,0.81,0.94
7139,-1230,11324,12956,13898,13811,9738,0.81,0.94
7140,-1229,11366,13073,13946,13945,9740,0.82,0.94
7141,-1206,11347,13114,13942,14002,9749,0.81,0.94
7142,-1217,11263,13162,13889,14051,9757,0.81,0.94
7143,-1231,11211,12874,13865,13733,9763,0.81,0.94
7144,-1180,11324,13181,13908,14078,9763,0.81,0.94
7145,-1180,11371,13194,13981,14103,9762,0.81,0.94
7146,-1184,11323,13135,13906,14034,9761,0.81,0.94
7147,-1179,11364,13184,13991,14093,9760,0.81,0.94
7148,-1186,11193,13099,13806,13999,9760,0.81,0.94
7149,-1194,11227,12862,13857,13729,9760,0.81,0.94
7150,-1161,11347,13096,13885,13998,9758,0.82,0.94
7151,-1148,11429,13104,13957,14003,9757,0.82,0.94
7152,-1157,11300,13154,13860,14061,9756,0.82,0.94
7153,-1139,11432,13174,13976,14091,9756,0.82,0.93
7154,-1160,11354,13118,13901,14027,9760,0.82,0.94
7155,-1151,11415,13127,13952,14037,9767,0.82,0.94
7156,-1119,11408,13089,13906,13992,9774,0.82,0.94
7157,-1152,11407,12896,14010,13770,9777,0.81,0.94
7158,-1137,11333,13116,13888,14029,9777,0.82,0.93
7159,-1126,11357,13204,13919,14118,9777,0.82,0.94
7160,-1148,11348,12828,13941,13698,9776,0.81,0.94
7161,-1131,11451,13133,13921,14041,9776,0.82,0.94
7162,-1116,11465,13159,13947,14064,9776,0.82,0.94
7163,-1142,11425,13113,13942,14013,9775,0.82,0.94
7164,-1114,11472,13039,13951,13932,9772,0.82,0.94
7165,-1120,11468,13119,13944,14012,9769,0.82,0.94
7166,-1117,11420,13108,13908,14007,9767,0.82,0.94
7167,-1128,11558,12999,14016,13877,9767,0.82,0.94
7168,-1101,11482,12809,13924,13672,9764,0.82,0.94
7169,-1108,11432,13049,13869,13926,9761,0.82,0.94
7170,-1107,11433,13177,13936,14076,9757,0.82,0.94
7171,-1106,11405,13127,13897,14016,9756,0.82,0.94
7172,-1106,11459,13147,13917,14030,9758,0.82,0.94
7174,-1110,11495,12918,13912,13768,9763,0.83,0.94
7175,-1098,11534,12899,13965,13743,9768,0.83,0.94
7176,-1115,11501,12979,13924,13833,9772,0.83,0.94
7177,-1101,11467,13047,13905,13903,9772,0.82,0.94
7177,-1118,11543,13137,13995,13998,9763,0.82,0.94
7178,-1124,11454,13116,13947,13974,9751,0.82,0.94
7179,-1107,11481,13022,13885,13871,9739,0.83,0.94
7180,-1115,11518,13071,13931,13911,9737,0.83,0.94
7181,-1119,11511,13189,13929,14045,9739,0.83,0.94
7182,-1118,11428,13254,13865,14123,9748,0.82,0.94
7183,-1122,11479,13207,13936,14061,9758,0.82,0.94
7184,-1113,11511,13179,13958,14023,9765,0.82,0.94
7185,-1137,11453,13296,13941,14147,9765,0.82,0.94
7186,-1150,11499,12952,13908,13752,9766,0.83,0.94
7187,-1133,11487,13297,13959,14135,9769,0.82,0.94
7188,-1139,11309,13317,13831,14157,9771,0.82,0.94
7189,-1138,11432,13191,13860,14004,9772,0.82,0.94
7190,-1144,11510,13115,13935,13915,9772,0.83,0.94
7192,-1141,11527,13170,13929,13977,9767,0.83,0.94
7192,-1154,11486,13270,13959,14082,9763,0.82,0.94
7194,-1142,11409,13273,13836,14091,9759,0.82,0.94
7194,-1150,11448,13282,13908,14090,9759,0.82,0.94
7196,-1150,11568,13150,13982,13925,9762,0.83,0.94
7197,-1153,11417,13347,13900,14143,9767,0.82,0.94
7197,-1186,11608,13102,14034,13862,9772,0.83,0.95
7198,-1172,11560,13060,13986,13808,9774,0.83,0.95
7199,-1167,11388,13091,13752,13840,9773,0.83,0.95
7200,-1203,11494,13196,13911,13950,9765,0.83,0.95
7201,-1195,11512,13071,13923,13808,9756,0.83,0.95
7202,-1200,11509,13254,13939,14003,9747,0.83,0.95
7204,-1206,11484,13318,13931,14066,9747,0.82,0.95
7205,-1188,11485,13326,13916,14073,9748,0.83,0.95
7206,-1206,11498,13319,13956,14057,9749,0.82,0.95
7207,-1196,11473,13242,13911,13968,9751,0.82,0.95
7208,-1227,11438,13359,13903,14091,9751,0.82,0.95
7208,-1209,11464,13135,13871,13834,9751,0.83,0.95
7210,-1230,11374,13326,13805,14037,9752,0.82,0.95
7210,-1226,11401,13366,13907,14076,9753,0.82,0.95
7212,-1263,11500,13142,13934,13824,9754,0.83,0.95
7213,-1257,11501,13120,13933,13799,9754,0.83,0.95
7214,-1255,11429,13370,13959,14070,9756,0.82,0.95
7215,-1242,11460,13284,13910,13964,9761,0.82,0.95
7215,-1254,11448,13380,13922,14073,9767,0.82,0.95
7216,-1236,11486,13344,13941,14021,9771,0.82,0.95
7218,-1280,11506,13359,13963,14038,9771,0.82,0.95
7218,-1274,11429,13361,13935,14027,9764,0.82,0.95
7220,-1282,11438,13069,13871,13700,9755,0.82,0.95
7221,-1287,11448,13461,13955,14123,9747,0.82,0.95
7222,-1305,11439,13411,13956,14062,9745,0.82,0.95
7222,-1306,11463,13448,13940,14096,9746,0.82,0.95
7223,-1304,11512,13271,13981,13897,9752,0.82,0.95
7224,-1313,11443,13204,13904,13808,9759,0.82,0.96
7225,-1331,11439,13362,13929,13986,9764,0.82,0.96
7226,-1326,11433,13440,13967,14064,9764,0.82,0.96
7228,-1332,11443,13449,13951,14057,9765,0.82,0.96
7229,-1349,11237,13554,13829,14167,9765,0.81,0.96
7230,-1344,11319,13483,13854,14086,9766,0.82,0.96
7231,-1354,11438,13458,13965,14059,9767,0.82,0.96
7231,-1362,11412,13467,13959,14054,9767,0.82,0.96
7233,-1379,11498,13338,14013,13913,9768,0.82,0.96
7234,-1357,11435,13472,13954,14067,9768,0.82,0.96
7235,-1389,11389,13474,13939,14059,9769,0.82,0.96
7236,-1380,11381,13272,13892,13824,9769,0.82,0.96
7237,-1395,11395,13431,13975,13993,9769,0.82,0.96
7238,-1408,11520,13304,14067,13839,9770,0.82,0.96
7239,-1397,11365,13667,13889,14234,9770,0.82,0.96
7240,-1431,11199,13012,13810,13527,9771,0.81,0.96
7240,-1465,11178,13275,13807,13801,9770,0.81,0.96
7242,-1431,11327,13502,13918,14048,9768,0.81,0.96
7242,-1438,11315,13485,13879,14027,9766,0.82,0.96
7244,-1447,11386,13349,13937,13870,9765,0.82,0.96
7244,-1441,11360,13563,13930,14090,9765,0.82,0.96
7246,-1459,11336,13566,13930,14084,9765,0.81,0.96
7247,-1463,11361,13540,13941,14049,9767,0.81,0.96
7248,-1491,11165,13291,13830,13778,9768,0.81,0.96
7249,-1488,11215,13657,13923,14175,9770,0.81,0.96
7250,-1474,11253,13528,13807,14032,9770,0.82,0.96
7251,-1519,11203,13329,13897,13803,9773,0.81,0.97
7252,-1496,11318,13632,13964,14126,9776,0.81,0.97
7253,-1479,11301,13596,13933,14084,9778,0.81,0.97
7254,-1512,11384,13492,14001,13966,9779,0.81,0.97
7255,-1517,11334,13509,13966,13980,9778,0.81,0.97
7256,-1515,11348,13607,13986,14084,9778,0.81,0.97
7257,-1514,11287,13580,13940,14055,9777,0.81,0.97
7257,-1545,11467,13382,14116,13827,9776,0.81,0.97
7259,-1550,11160,13659,13871,14134,9776,0.8,0.97
7260,-1569,11209,13593,13855,14051,9775,0.81,0.97
7261,-1565,11265,13305,13890,13738,9775,0.81,0.97
7262,-1560,11219,13558,13895,14009,9775,0.81,0.97
7263,-1567,11218,13597,13906,14049,9775,0.81,0.97
7264,-1586,11239,13498,13933,13935,9773,0.81,0.97
7265,-1597,11180,13367,13954,13783,9767,0.8,0.97
7266,-1620,11280,13385,13957,13810,9761,0.81,0.97
7267,-1621,11171,13311,13962,13723,9757,0.8,0.97
7268,-1588,11276,13432,13943,13847,9757,0.81,0.97
7269,-1603,11213,13603,13941,14035,9764,0.8,0.97
7270,-1618,11269,13536,13954,13950,9776,0.81,0.97
7271,-1631,11255,13353,13945,13755,9787,0.81,0.97
7272,-1630,11148,13735,13909,14162,9792,0.8,0.97
7273,-1629,11205,13672,13922,14097,9792,0.8,0.97
7274,-1650,11111,13390,13918,13789,9783,0.8,0.97
7275,-1630,11122,13534,13787,13949,9774,0.81,0.97
7276,-1640,11251,13614,13973,14036,9766,0.81,0.97
7277,-1639,11126,13728,13888,14135,9765,0.8,0.97
7278,-1673,11252,13697,14025,14107,9766,0.8,0.97
7279,-1653,11222,13397,13934,13779,9768,0.81,0.97
7280,-1657,11211,13445,13941,13837,9771,0.8,0.97
7281,-1680,11152,13684,13912,14092,9772,0.8,0.97
7282,-1662,11154,13637,13891,14034,9772,0.8,0.97
7283,-1683,11232,13358,13981,13732,9771,0.8,0.97
7284,-1684,11171,13674,13952,14075,9770,0.8,0.97
7285,-1672,11129,13675,13898,14071,9770,0.8,0.97
7286,-1691,11124,13721,13908,14126,9770,0.8,0.97
7287,-1698,11134,13654,13928,14041,9770,0.8,0.97
7288,-1699,11105,13795,13965,14188,9767,0.8,0.97
7289,-1728,11046,13630,13912,14007,9765,0.79,0.97
7290,-1702,11117,13686,13910,14070,9764,0.8,0.97
7291,-1710,11090,13437,13845,13802,9764,0.8,0.97
7292,-1719,11117,13724,13941,14107,9766,0.8,0.97
7293,-1722,11146,13745,13986,14123,9769,0.8,0.97
7294,-1733,11218,13696,14023,14074,9773,0.8,0.97
7295,-1733,11062,13747,13929,14123,9773,0.79,0.97
7296,-1724,11172,13505,13976,13862,9772,0.8,0.97
7297,-1731,11084,13645,13919,14021,9770,0.8,0.97
7298,-1736,11184,13712,14008,14088,9767,0.8,0.97
7299,-1736,10984,13709,13913,14086,9765,0.79,0.97
7300,-1736,10970,13672,13767,14044,9765,0.8,0.97
7301,-1772,11079,13699,13978,14075,9770,0.79,0.97
7302,-1765,11042,13646,13941,14022,9778,0.79,0.97
7303,-1743,11121,13519,13948,13874,9787,0.8,0.97
7304,-1769,11087,13716,13977,14087,9791,0.79,0.97
7305,-1763,11038,13698,13929,14059,9791,0.79,0.97
7306,-1762,11033,13763,13913,14133,9789,0.79,0.97
7307,-1770,11164,13541,14019,13892,9788,0.8,0.97
7308,-1773,11140,13498,13994,13848,9786,0.8,0.97
7309,-1776,10999,13719,13905,14100,9786,0.79,0.97
7310,-1769,10895,13602,13719,13959,9785,0.79,0.97
7311,-1796,10974,13719,13885,14096,9783,0.79,0.97
7312,-1792,11109,13494,13982,13848,9780,0.79,0.97
7313,-1794,11014,13733,13960,14104,9779,0.79,0.97
7314,-1774,11047,13677,13922,14053,9778,0.79,0.97
7315,-1806,10979,13751,13937,14117,9775,0.79,0.97
7316,-1783,11035,13674,13934,14053,9771,0.79,0.97
7317,-1791,10990,13741,13923,14129,9767,0.79,0.97
7318,-1796,11068,13567,13955,13928,9767,0.79,0.97
7319,-1799,11008,13727,13975,14103,9767,0.79,0.97
7320,-1807,10865,13416,13840,13781,9768,0.79,0.97
7321,-1777,11052,13649,13935,14021,9769,0.79,0.97
7322,-1803,11062,13504,13947,13876,9770,0.79,0.97
7323,-1793,10995,13747,13962,14128,9770,0.79,0.97
7324,-1802,10975,13730,13968,14112,9769,0.79,0.97
7325,-1823,10923,13708,13894,14080,9768,0.79,0.97
7326,-1791,11079,13619,13978,14001,9766,0.79,0.97
7327,-1792,11017,13735,13955,14119,9766,0.79,0.97
7328,-1809,11057,13458,13966,13828,9769,0.79,0.97
7329,-1804,10923,13719,13948,14103,9776,0.78,0.97
7330,-1802,10839,13474,13830,13858,9782,0.78,0.97
7331,-1808,10791,13724,13730,14110,9786,0.79,0.97
7333,-1806,11020,13711,13965,14100,9786,0.79,0.97
7333,-1799,11023,13573,13932,13950,9782,0.79,0.97
7334,-1805,10996,13727,13955,14120,9778,0.79,0.97
7335,-1816,11007,13528,13916,13904,9773,0.79,0.97
7336,-1825,10873,13411,13899,13782,9772,0.78,0.97
7337,-1814,10939,13728,13909,14124,9772,0.79,0.97
7338,-1803,10988,13714,13974,14116,9773,0.79,0.97
7339,-1854,10600,13566,13581,13943,9774,0.78,0.97
7340,-1809,10887,13451,13913,13844,9775,0.78,0.97
7341,-1806,11060,13466,13998,13846,9775,0.79,0.97
7342,-1808,10969,13647,13921,14046,9777,0.79,0.97
7343,-1795,11016,13585,13961,13997,9780,0.79,0.97
7344,-1802,11012,13549,13956,13932,9783,0.79,0.97
7345,-1814,11004,13630,13948,14024,9784,0.79,0.97
7346,-1806,11014,13692,13958,14099,9784,0.79,0.97
7347,-1811,11089,13482,14027,13868,9783,0.79,0.97
7348,-1829,10997,13703,13978,14116,9782,0.79,0.97
7349,-1814,10967,13763,13890,14177,9781,0.79,0.97
7350,-1797,11003,13680,13959,14102,9781,0.79,0.97
7351,-1815,11067,13470,14019,13864,9780,0.79,0.97
7353,-1802,10971,13670,13968,14083,9779,0.79,0.97
7353,-1798,10988,13695,13969,14117,9778,0.79,0.97
7354,-1802,10968,13680,13947,14099,9778,0.79,0.97
7355,-1813,11058,13508,14006,13915,9777,0.79,0.97
7356,-1803,10926,13625,13904,14035,9777,0.79,0.97
7357,-1789,11004,13532,13940,13940,9777,0.79,0.97
7358,-1814,10953,13655,13943,14085,9778,0.79,0.97
7360,-1831,10877,13730,13920,14161,9778,0.78,0.97
7361,-1812,11039,13431,13996,13836,9777,0.79,0.97
7361,-1799,11019,13424,13963,13841,9774,0.79,0.97
7363,-1799,10901,13648,13945,14081,9771,0.78,0.97
7364,-1796,11014,13310,13956,13719,9768,0.79,0.97
7364,-1794,11020,13467,13971,13891,9769,0.79,0.97
7365,-1793,10940,13697,13946,14138,9769,0.78,0.97
7366,-1784,10984,13667,13992,14111,9770,0.79,0.97
7367,-1795,11016,13648,13984,14089,9771,0.79,0.97
7368,-1796,10996,13699,13979,14145,9771,0.79,0.97
7370,-1790,10977,13682,13985,14122,9772,0.78,0.97
7371,-1782,11026,13597,13990,14050,9774,0.79,0.97
7372,-1795,11045,13483,13999,13917,9776,0.79,0.97
7372,-1779,10961,13647,13964,14105,9778,0.78,0.97
7374,-1786,10911,13618,13890,14078,9778,0.79,0.97
7374,-1789,10914,13622,13923,14074,9776,0.78,0.97
7376,-1782,10974,13541,13945,13996,9774,0.79,0.97
7376,-1783,10916,13552,13934,13998,9773,0.78,0.97
7377,-1787,11029,13547,13998,14001,9773,0.79,0.97
7379,-1796,10897,13663,13943,14135,9774,0.78,0.97
7380,-1784,10963,13631,13972,14099,9776,0.78,0.97
7381,-1768,11058,13569,14032,14032,9778,0.79,0.97
7382,-1758,11032,13640,13985,14110,9779,0.79,0.97
7383,-1789,11055,13586,14006,14054,9779,0.79,0.97
7384,-1767,11062,13425,14007,13876,9781,0.79,0.97
7385,-1798,10925,13590,13897,14055,9783,0.79,0.97
7385,-1764,11032,13462,13973,13922,9785,0.79,0.97
7386,-1777,11012,13555,13963,14029,9786,0.79,0.97
7387,-1769,10987,13463,13937,13917,9786,0.79,0.97
7389,-1788,10998,13394,13936,13853,9781,0.79,0.97
7390,-1771,10854,13721,13907,14206,9775,0.78,0.97
7391,-1760,10974,13587,13963,14066,9770,0.79,0.97
7392,-1760,11026,13529,14000,14000,9770,0.79,0.97
7393,-1755,10979,13607,13949,14085,9772,0.79,0.97
7393,-1751,10912,13605,13921,14103,9777,0.78,0.96
7394,-1765,11064,13528,14035,14014,9781,0.79,0.97
7396,-1753,10947,13610,13950,14101,9784,0.78,0.97
7397,-1750,10972,13572,13956,14063,9784,0.79,0.97
7398,-1756,10950,13340,13865,13803,9783,0.79,0.97
7399,-1774,10944,13446,13921,13922,9781,0.79,0.97
7400,-1744,10901,13665,13932,14164,9779,0.78,0.96
7400,-1752,11039,13331,13973,13808,9779,0.79,0.97
7401,-1753,11017,13383,13954,13860,9780,0.79,0.97
7402,-1750,11015,13548,13956,14045,9782,0.79,0.96
7404,-1742,10930,13632,13955,14142,9783,0.78,0.96
7404,-1745,10934,13592,13912,14095,9784,0.79,0.96
7406,-1733,10989,13551,13936,14062,9784,0.79,0.96
7407,-1743,10878,13593,13905,14101,9783,0.78,0.96
7408,-1739,10929,13583,13893,14105,9782,0.79,0.96
7409,-1739,11045,13586,14018,14100,9781,0.79,0.96
7410,-1712,10950,13509,13910,14015,9780,0.79,0.96
7411,-1722,10963,13537,13883,14055,9780,0.79,0.96
7411,-1724,10915,13591,13890,14112,9780,0.79,0.96
7412,-1724,11048,13326,13979,13826,9780,0.79,0.96
7413,-1743,10967,13630,13961,14163,9781,0.79,0.96
7415,-1710,11007,13541,13976,14058,9781,0.79,0.96
7416,-1709,10954,13511,13896,14042,9780,0.79,0.96
7417,-1727,11078,13424,14012,13944,9777,0.79,0.96
7418,-1716,10987,13448,13944,13971,9775,0.79,0.96
7419,-1732,10935,13596,13913,14131,9774,0.79,0.96
7420,-1733,10921,13532,13902,14054,9775,0.79,0.96
7420,-1713,10925,13324,13962,13859,9779,0.78,0.96
7422,-1702,10994,13531,13891,14071,9783,0.79,0.96
7422,-1700,11021,13307,13924,13826,9786,0.79,0.96
7423,-1717,11060,13347,13970,13870,9786,0.79,0.96
7425,-1690,11014,13581,13976,14128,9785,0.79,0.96
7425,-1703,10939,13624,13945,14179,9783,0.78,0.96
7427,-1676,11104,13529,14049,14077,9781,0.79,0.96
7427,-1677,11065,13493,13983,14045,9781,0.79,0.96
7429,-1689,10945,13565,13952,14126,9780,0.78,0.96
7429,-1708,10870,13595,13902,14150,9782,0.78,0.96
7431,-1684,10963,13173,13967,13723,9784,0.78,0.96
7432,-1668,10862,13508,13770,14066,9786,0.79,0.96
7433,-1670,11112,13439,14013,13993,9786,0.79,0.96
7434,-1669,11031,13508,13946,14070,9790,0.79,0.96
7435,-1662,11124,13321,14037,13867,9795,0.79,0.96
7436,-1663,11102,13267,13992,13809,9801,0.79,0.96
7437,-1666,11079,13501,13997,14075,9803,0.79,0.96
7438,-1641,11001,13492,13907,14065,9803,0.79,0.96
7438,-1649,11051,13437,13947,14004,9798,0.79,0.96
7439,-1636,11038,13632,13922,14215,9794,0.79,0.96
7441,-1645,11084,13267,13962,13840,9789,0.79,0.96
7442,-1646,10975,13525,13916,14110,9789,0.79,0.96
7443,-1662,11011,13442,13939,14023,9790,0.79,0.96
7444,-1632,11000,13408,13909,13986,9794,0.79,0.96
7445,-1617,11080,13477,13947,14071,9797,0.79,0.96
7446,-1637,11025,13527,13939,14122,9799,0.79,0.96
7447,-1625,11085,13221,13954,13790,9799,0.79,0.96
7448,-1614,11057,13549,13975,14153,9796,0.79,0.96
7449,-1639,11084,13486,14002,14092,9792,0.79,0.96
7450,-1631,10906,13506,13895,14097,9789,0.78,0.96
7451,-1613,11166,13458,14072,14061,9789,0.79,0.96
7451,-1619,11000,13492,13925,14098,9789,0.79,0.96
7453,-1615,11029,13487,13934,14094,9788,0.79,0.96
7454,-1606,11027,13212,13871,13796,9786,0.79,0.96
7455,-1608,11020,13534,13935,14147,9784,0.79,0.96
7456,-1601,11117,13322,13973,13925,9784,0.8,0.96
7456,-1592,11071,13434,13948,14046,9786,0.79,0.96
7458,-1601,10950,13497,13841,14117,9787,0.79,0.96
7459,-1607,11120,13367,14031,13972,9789,0.79,0.96
7460,-1601,11087,13544,13944,14175,9789,0.8,0.96
7461,-1595,11077,13367,13902,13992,9789,0.8,0.96
7462,-1588,11108,13377,13967,13996,9790,0.8,0.96
7463,-1604,11091,13471,13975,14103,9791,0.79,0.96
7463,-1596,11043,13473,13928,14109,9791,0.79,0.95
7465,-1566,11104,13370,13929,14004,9791,0.8,0.95
7466,-1580,11113,13484,13998,14133,9788,0.79,0.95
7466,-1594,11072,13476,13966,14116,9782,0.79,0.95
7468,-1591,11053,13532,13977,14178,9777,0.79,0.95
7469,-1582,10987,13113,13919,13739,9776,0.79,0.95
7470,-1542,11035,13543,13956,14199,9776,0.79,0.95
7471,-1568,11084,13423,13957,14075,9782,0.79,0.95
7472,-1537,10923,13459,13706,14113,9787,0.8,0.95
7473,-1568,11010,13504,13927,14163,9792,0.79,0.95
7474,-1558,11189,13397,14013,14059,9792,0.8,0.95
7475,-1535,11170,13399,13988,14065,9791,0.8,0.95
7476,-1531,11147,13435,13975,14114,9790,0.8,0.95
7476,-1545,11205,13409,14034,14079,9788,0.8,0.95
7478,-1528,11078,13456,13935,14133,9787,0.79,0.95
7479,-1541,11061,13474,13933,14167,9787,0.79,0.95
7479,-1530,11009,13560,13928,14247,9785,0.79,0.95
7481,-1515,11193,13199,14002,13871,9784,0.8,0.95
7482,-1520,11136,13367,13970,14049,9783,0.8,0.95
7483,-1509,11037,13470,13938,14170,9783,0.79,0.95
7483,-1508,11130,13419,13959,14112,9783,0.8,0.95
7485,-1515,11086,13475,13938,14171,9784,0.8,0.95
7486,-1497,11193,13197,13979,13875,9785,0.8,0.95
7486,-1503,11044,13457,13918,14162,9786,0.79,0.95
7487,-1492,11102,13423,13941,14139,9787,0.8,0.95
7489,-1473,11168,13431,13978,14145,9787,0.8,0.95
7490,-1503,10696,13162,13527,13848,9787,0.79,0.95
7491,-1449,11226,13160,14003,13867,9787,0.8,0.95
7492,-1462,11178,13212,13941,13903,9787,0.8,0.95
7493,-1465,11246,13350,14023,14078,9787,0.8,0.95
7494,-1458,11213,13351,14015,14066,9785,0.8,0.95
7495,-1459,11179,13164,13949,13866,9783,0.8,0.95
7496,-1456,11123,13458,13909,14197,9782,0.8,0.95
7496,-1463,11144,13397,13982,14136,9781,0.8,0.95
7498,-1440,11211,13269,13961,13993,9785,0.8,0.95
7499,-1445,11168,13291,13926,14012,9791,0.8,0.95
7500,-1455,11199,13207,13927,13927,9796,0.8,0.95
7500,-1442,11222,13187,13974,13912,9799,0.8,0.95
7502,-1422,10995,13351,13704,14098,9799,0.8,0.95
7503,-1437,11217,13189,13952,13917,9799,0.8,0.95
7504,-1412,11206,13344,13975,14098,9799,0.8,0.95
7505,-1437,11227,13413,14003,14177,9799,0.8,0.95
7505,-1410,11246,13178,13981,13909,9800,0.8,0.95
7507,-1413,11183,13400,13977,14161,9793,0.8,0.95
7508,-1396,11249,13331,14007,14092,9782,0.8,0.95
7508,-1394,11293,13212,14033,13958,9771,0.8,0.95
7510,-1403,11181,13255,13890,14003,9766,0.8,0.95
7511,-1395,11247,13326,13985,14099,9766,0.8,0.95
7512,-1391,11209,13331,13971,14099,9781,0.8,0.95
7513,-1399,11237,13314,14016,14087,9796,0.8,0.95
7514,-1378,11302,13328,14056,14104,9810,0.8,0.94
7515,-1363,11225,13359,13958,14145,9810,0.8,0.94
7516,-1369,11274,13225,13967,13990,9808,0.81,0.95
7516,-1381,11217,13349,14001,14136,9805,0.8,0.94
7518,-1389,11230,13325,13963,14119,9801,0.8,0.94
7518,-1373,11296,13057,13995,13808,9799,0.81,0.95
7520,-1365,11123,13328,13887,14128,9799,0.8,0.94
7521,-1385,11152,13034,13954,13812,9795,0.8,0.94
7522,-1352,11221,13297,13950,14089,9791,0.8,0.94
7523,-1351,11214,13234,13912,14024,9786,0.81,0.94
7524,-1341,11264,13314,13961,14105,9787,0.81,0.94
7525,-1351,11196,13327,13937,14134,9788,0.8,0.94
7526,-1327,11319,13308,13987,14114,9790,0.81,0.94
7527,-1352,11223,13336,13970,14147,9792,0.8,0.94
7528,-1332,11301,13119,13967,13901,9793,0.81,0.94
7529,-1324,11255,13320,13973,14137,9793,0.81,0.94
7530,-1313,11016,13392,13606,14216,9795,0.81,0.94
7531,-1307,11187,13043,13962,13857,9797,0.8,0.94
7532,-1305,11321,13243,13963,14060,9799,0.81,0.94
7533,-1335,11157,13039,13914,13839,9800,0.8,0.94
7534,-1310,11254,13315,13964,14149,9799,0.81,0.94
7535,-1312,11295,13338,13973,14163,9794,0.81,0.94
7536,-1305,11283,13334,13986,14165,9790,0.81,0.94
7537,-1298,11281,13304,13945,14132,9786,0.81,0.94
7538,-1316,11261,13311,13968,14150,9786,0.81,0.94
7539,-1296,11302,13099,13925,13902,9785,0.81,0.94
7540,-1293,11020,13260,13710,14090,9784,0.8,0.94
7541,-1266,11348,13134,13969,13958,9784,0.81,0.94
7542,-1264,11201,13271,13795,14105,9784,0.81,0.94
7543,-1292,11363,13212,13988,14038,9785,0.81,0.94
7544,-1278,11276,13321,13963,14166,9786,0.81,0.94
7545,-1271,11268,13282,13963,14120,9787,0.81,0.94
7546,-1279,11277,13292,13940,14144,9787,0.81,0.94
7547,-1289,11280,13342,13949,14191,9787,0.81,0.94
7548,-1260,11394,13211,14008,14046,9786,0.81,0.94
7549,-1278,11339,13318,13986,14168,9784,0.81,0.94
7550,-1263,11294,13337,13968,14189,9783,0.81,0.94
7551,-1273,11287,12674,13952,13463,9782,0.81,0.94
7552,-1254,11200,13271,13811,14123,9782,0.81,0.94
7553,-1269,11355,13261,13982,14120,9790,0.81,0.94
7554,-1246,11268,13384,13955,14239,9798,0.81,0.94
7555,-1251,11384,13087,13965,13910,9807,0.82,0.94
7556,-1249,11423,13193,14028,14036,9806,0.81,0.94
7557,-1245,11371,13261,13989,14103,9804,0.81,0.94
7558,-1230,11361,13274,13990,14124,9799,0.81,0.94
7559,-1246,11434,13127,14015,13953,9795,0.82,0.94
7560,-1259,10945,13074,13566,13899,9792,0.81,0.94
7561,-1223,11410,13239,13997,14085,9792,0.82,0.94
7562,-1224,11216,13226,13774,14078,9790,0.81,0.94
7563,-1238,11337,13180,13949,14021,9788,0.81,0.94
7564,-1227,11342,13267,13956,14126,9785,0.81,0.94
7565,-1222,11439,13251,14010,14099,9785,0.82,0.94
7566,-1230,11337,13273,13948,14135,9787,0.81,0.94
7567,-1234,11422,13141,13988,13967,9793,0.82,0.94
7568,-1213,11321,13336,13939,14195,9799,0.81,0.94
7569,-1217,11450,13129,14011,13956,9802,0.82,0.94
7570,-1236,11309,13330,13917,14190,9802,0.81,0.94
7571,-1209,11476,13214,14033,14061,9800,0.82,0.94
7572,-1221,11461,13229,14011,14070,9797,0.82,0.94
7573,-1217,11379,13302,13988,14153,9794,0.81,0.94
7574,-1209,11327,13296,13921,14141,9793,0.81,0.94
7575,-1236,11411,13201,13980,14040,9794,0.82,0.94
7576,-1202,11454,13318,14022,14170,9794,0.82,0.94
7577,-1212,11451,13290,14034,14137,9795,0.82,0.94
7578,-1212,11466,13179,14006,14014,9797,0.82,0.94
7579,-1212,11349,13349,13997,14195,9797,0.81,0.94
7580,-1218,11294,13257,13900,14106,9797,0.81,0.94
7581,-1219,11311,12802,13928,13603,9796,0.81,0.94
7582,-1243,11284,13024,13918,13831,9795,0.81,0.94
7583,-1212,11375,13215,13948,14044,9795,0.82,0.94
7584,-1218,11463,13083,13999,13891,9795,0.82,0.94
7585,-1230,11479,13193,14007,14015,9793,0.82,0.94
7586,-1202,11407,13282,13964,14114,9792,0.82,0.94
7587,-1222,11482,13108,14018,13913,9790,0.82,0.94
7588,-1207,11393,13360,13968,14194,9790,0.82,0.94
7589,-1222,11352,13404,13958,14247,9794,0.81,0.94
7590,-1229,10827,13187,13371,13996,9801,0.81,0.94
7590,-1212,11386,13268,13949,14100,9809,0.82,0.94
7592,-1228,11322,13366,13941,14195,9812,0.81,0.94
7593,-1230,11479,13200,14002,14008,9812,0.82,0.94
7594,-1210,11352,13308,13901,14122,9806,0.82,0.94
7595,-1229,11392,13316,13961,14133,9800,0.82,0.94
7596,-1196,11417,13312,13992,14138,9794,0.82,0.94
7597,-1223,11370,13340,13959,14163,9794,0.81,0.94
7598,-1227,11412,13277,13944,14094,9794,0.82,0.94
7599,-1228,11341,13352,13950,14165,9791,0.81,0.94
7600,-1233,11206,13202,13787,13997,9789,0.81,0.94
7601,-1209,11461,13182,13971,13975,9787,0.82,0.94
7602,-1217,11450,13287,13969,14092,9787,0.82,0.94
7603,-1223,11474,13199,13997,13992,9792,0.82,0.94
7604,-1218,11510,13265,14045,14063,9798,0.82,0.94
7605,-1246,11406,13304,13958,14105,9804,0.82,0.94
7606,-1232,11430,13277,13980,14077,9805,0.82,0.94
7607,-1230,11473,13347,14022,14145,9803,0.82,0.94
7608,-1227,11511,13202,14032,13977,9800,0.82,0.94
7609,-1230,11438,13283,13964,14067,9796,0.82,0.94
7610,-1228,11435,13289,13991,14077,9794,0.82,0.94
7611,-1221,11509,13111,14025,13883,9794,0.82,0.94
7612,-1223,11390,13317,13919,14099,9792,0.82,0.94
7613,-1253,11397,13335,13959,14118,9791,0.82,0.94
7614,-1247,11455,13129,13967,13882,9789,0.82,0.95
7615,-1225,11441,13349,13968,14134,9789,0.82,0.94
7616,-1247,11454,13097,13965,13846,9791,0.82,0.95
7617,-1241,11492,13224,14011,13978,9798,0.82,0.95
7618,-1244,11482,13214,14010,13958,9805,0.82,0.95
7619,-1252,11452,13286,13973,14034,9811,0.82,0.95
7620,-1249,11394,13295,13946,14048,9811,0.82,0.95
7621,-1257,11406,12762,13955,13478,9806,0.82,0.95
7622,-1243,11350,13312,13828,14062,9798,0.82,0.95
7623,-1269,11387,13377,13958,14136,9790,0.82,0.95
7624,-1263,11439,13358,14002,14119,9787,0.82,0.95
7625,-1271,11384,13380,13967,14132,9786,0.82,0.95
7626,-1284,11338,13091,13963,13810,9790,0.81,0.95
7627,-1246,11482,13349,14012,14098,9793,0.82,0.95
7628,-1270,11374,13385,13956,14128,9797,0.81,0.95
7629,-1280,11418,13420,13993,14174,9796,0.82,0.95
7630,-1274,11177,13387,13632,14137,9798,0.82,0.95
7631,-1250,11423,13317,13945,14050,9800,0.82,0.95
7632,-1278,11351,13128,13838,13836,9803,0.82,0.95
7633,-1283,11398,13451,13960,14190,9805,0.82,0.95
7634,-1264,11440,13405,13943,14141,9805,0.82,0.95
7635,-1290,11335,13431,13957,14164,9807,0.81,0.95
7636,-1276,11461,13387,14019,14113,9809,0.82,0.95
7637,-1289,11448,13274,13961,13972,9811,0.82,0.95
7638,-1300,11425,13493,13999,14226,9811,0.82,0.95
7639,-1303,11396,13478,13993,14205,9809,0.81,0.95
7640,-1304,11034,12907,13618,13594,9806,0.81,0.95
7641,-1327,11333,13110,13978,13792,9802,0.81,0.95
7642,-1286,11482,13244,14002,13937,9800,0.82,0.95
7643,-1300,11494,13397,14036,14101,9800,0.82,0.95
7644,-1294,11462,13178,13985,13859,9800,0.82,0.95
7645,-1321,11415,13437,14017,14148,9801,0.81,0.95
7646,-1302,11403,13428,13993,14129,9802,0.81,0.95
7647,-1320,11386,13485,13990,14197,9802,0.81,0.95
7648,-1313,11417,13184,13943,13859,9801,0.82,0.95
7649,-1318,11457,13401,13997,14094,9799,0.82,0.95
7650,-1359,11055,13091,13641,13757,9796,0.81,0.95
7651,-1320,11233,13105,13870,13781,9794,0.81,0.95
7652,-1317,11309,13345,13806,14040,9795,0.82,0.95
7653,-1322,11379,13502,13994,14199,9794,0.81,0.95
7654,-1329,11472,13283,14015,13948,9793,0.82,0.95
7655,-1340,11487,13237,14041,13895,9793,0.82,0.95
7656,-1325,11446,13466,14022,14152,9792,0.82,0.95
7658,-1335,11393,13262,13916,13920,9794,0.82,0.95
7658,-1347,11456,13194,14011,13842,9802,0.82,0.95
7659,-1368,11429,13375,13991,14047,9809,0.82,0.95
7660,-1326,11233,13440,13743,14120,9815,0.82,0.95
7661,-1353,11249,13238,13889,13880,9815,0.81,0.95
7662,-1342,11449,13356,13986,14016,9810,0.82,0.95
7663,-1342,11455,13462,14045,14124,9801,0.82,0.95
7664,-1352,11345,13505,13974,14173,9792,0.81,0.95
7665,-1359,11423,13475,14037,14150,9789,0.81,0.95
7666,-1364,11243,13132,13903,13767,9789,0.81,0.95
7667,-1359,11475,13427,14051,14086,9789,0.82,0.95
7668,-1368,11357,13551,13969,14220,9789,0.81,0.95
7669,-1362,11372,13437,13962,14096,9789,0.81,0.95
7670,-1364,11298,13409,13844,14059,9790,0.82,0.95
7671,-1373,11285,13072,13948,13687,9791,0.81,0.96
7672,-1343,11281,13489,13852,14156,9795,0.81,0.95
7673,-1368,11398,13504,13993,14162,9798,0.81,0.95
7674,-1377,11389,13369,13966,14017,9800,0.82,0.95
7675,-1377,11403,13478,14021,14136,9800,0.81,0.95
7676,-1349,11301,13489,13930,14147,9798,0.81,0.95
7677,-1364,11414,13425,13994,14068,9795,0.82,0.95
7678,-1376,11353,13451,14010,14102,9792,0.81,0.95
7679,-1382,11379,13471,13966,14119,9792,0.81,0.95
7680,-1369,11253,13453,13850,14107,9791,0.81,0.95
7681,-1392,11251,12922,13891,13527,9790,0.81,0.96
7682,-1388,11283,13381,13821,14009,9789,0.82,0.96
7683,-1383,11402,13462,14020,14098,9789,0.81,0.95
7684,-1389,11313,13564,13993,14218,9788,0.81,0.95
7685,-1397,11403,13459,13997,14095,9793,0.81,0.95
7686,-1380,11454,13375,14056,14000,9798,0.81,0.96
7687,-1399,11328,13487,13980,14121,9804,0.81,0.96
7688,-1409,11340,13534,14010,14178,9805,0.81,0.95
7689,-1391,11257,13536,13902,14188,9806,0.81,0.95
7690,-1404,11108,13464,13684,14109,9810,0.81,0.95
7691,-1385,11375,13459,13980,14099,9813,0.81,0.95
7692,-1402,11274,13538,13916,14178,9816,0.81,0.95
7693,-1402,11415,13468,14039,14110,9816,0.81,0.95
7694,-1382,11390,13459,13983,14106,9815,0.81,0.95
7695,-1409,11392,13470,13987,14114,9813,0.81,0.95
7696,-1419,11405,13391,13995,14015,9811,0.81,0.96
7697,-1422,11326,13551,13958,14192,9810,0.81,0.95
7698,-1410,11396,13308,14004,13922,9809,0.81,0.96
7699,-1425,11333,13463,13944,14097,9806,0.81,0.96
7700,-1404,11267,13486,13880,14123,9802,0.81,0.95
7701,-1405,11382,13463,13998,14093,9799,0.81,0.96
7702,-1430,11387,13308,13988,13914,9799,0.81,0.96
7703,-1430,11421,13382,14035,14009,9795,0.81,0.96
7704,-1411,11342,13517,14031,14158,9789,0.81,0.95
7705,-1427,11301,13582,13988,14219,9784,0.81,0.96
7706,-1410,11399,13389,14024,14005,9782,0.81,0.96
7707,-1423,11357,13295,13970,13908,9782,0.81,0.96
7708,-1440,11196,13329,13909,13941,9788,0.8,0.96
7709,-1429,11228,13524,13894,14155,9794,0.81,0.96
7710,-1430,11265,13292,13855,13905,9800,0.81,0.96
7711,-1409,11339,13410,13987,14038,9800,0.81,0.96
7712,-1409,11245,13498,13824,14128,9801,0.81,0.96
7713,-1414,11288,13547,13966,14184,9803,0.81,0.96
7714,-1425,11394,13460,14023,14094,9804,0.81,0.96
7715,-1444,11332,13429,13980,14051,9805,0.81,0.96
7716,-1417,11384,13510,14017,14148,9805,0.81,0.95
7717,-1447,11191,13232,13923,13842,9805,0.8,0.96
7718,-1432,11333,13540,13991,14182,9806,0.81,0.95
7719,-1425,11300,13567,13963,14209,9807,0.81,0.95
7720,-1427,10884,13538,13517,14188,9806,0.81,0.95
7721,-1459,11187,13161,13934,13784,9807,0.8,0.95
7722,-1413,11175,13330,13757,13957,9808,0.81,0.96
7723,-1427,11355,13476,14052,14107,9809,0.81,0.96
7724,-1423,11300,13501,13979,14150,9810,0.81,0.95
7725,-1454,11272,13538,13986,14188,9810,0.81,0.95
7727,-1445,11232,13537,13950,14184,9805,0.81,0.95
7727,-1437,11272,13496,13964,14142,9798,0.81,0.95
7729,-1424,11369,13272,14018,13890,9791,0.81,0.96
7729,-1432,11308,13560,14000,14214,9790,0.81,0.95
7730,-1426,11017,13502,13596,14159,9792,0.81,0.95
7731,-1432,11167,12967,13930,13565,9801,0.8,0.96
7732,-1421,11153,13514,13815,14166,9810,0.81,0.95
7733,-1438,11290,13458,13964,14100,9818,0.81,0.95
7734,-1435,11321,13479,14008,14118,9818,0.81,0.95
7735,-1425,11290,13502,13960,14158,9817,0.81,0.95
7736,-1430,11336,13237,13979,13853,9816,0.81,0.96
7737,-1429,11335,13349,13974,13993,9815,0.81,0.95
7738,-1436,11239,13544,13981,14196,9814,0.8,0.95
7739,-1452,11276,13487,14005,14141,9814,0.81,0.95
7740,-1443,11002,13334,13567,13962,9811,0.81,0.96
7741,-1444,11177,13164,13944,13785,9809,0.8,0.95
7742,-1425,11258,13239,13890,13864,9807,0.81,0.95
7743,-1428,11324,13460,13990,14111,9808,0.81,0.95
7745,-1433,11357,13414,14011,14047,9807,0.81,0.95
7745,-1437,11206,13526,13937,14190,9806,0.8,0.95
7746,-1457,11273,13454,13999,14102,9805,0.81,0.95
7747,-1433,11259,13474,13953,14133,9805,0.81,0.95
7748,-1436,11318,13439,14032,14095,9805,0.81,0.95
7749,-1419,11363,13511,14039,14167,9804,0.81,0.95
7750,-1422,11214,13508,13869,14174,9803,0.81,0.95
7751,-1432,11246,13066,14008,13710,9802,0.8,0.95
7752,-1448,11100,13474,13736,14135,9802,0.81,0.95
7754,-1426,11326,13420,13990,14077,9801,0.81,0.95
7754,-1438,11300,13416,13996,14065,9800,0.81,0.95
7755,-1435,11372,13439,14046,14102,9799,0.81,0.95
7757,-1430,11281,13351,13956,13994,9799,0.81,0.95
7757,-1432,11306,13402,13977,14060,9799,0.81,0.95
7758,-1459,11348,13496,14077,14161,9805,0.81,0.95
7759,-1433,11333,13436,14027,14097,9813,0.81,0.95
7760,-1433,10994,13367,13593,14017,9821,0.81,0.95
7761,-1432,11242,13485,13975,14149,9823,0.8,0.95
7762,-1444,11310,13408,13980,14059,9822,0.81,0.95
7763,-1442,11320,13275,13995,13916,9819,0.81,0.95
7764,-1434,11295,13526,14004,14194,9815,0.81,0.95
7765,-1457,11252,13502,13999,14167,9813,0.8,0.95
7766,-1442,11251,13509,13997,14173,9813,0.8,0.95
7767,-1459,11312,13423,14019,14083,9811,0.81,0.95
7768,-1434,11286,13481,13993,14135,9808,0.81,0.95
7769,-1442,11298,13498,14027,14167,9806,0.81,0.95
7770,-1453,11100,13289,13722,13935,9805,0.81,0.95
7771,-1446,11254,13481,13990,14150,9805,0.8,0.95
7772,-1442,11270,13502,13981,14171,9805,0.81,0.95
7773,-1452,11249,13527,14035,14194,9806,0.8,0.95
7774,-1457,11336,13316,14025,13963,9806,0.81,0.95
7774,-1463,11234,13426,13969,14087,9806,0.8,0.95
7775,-1428,11331,13400,14012,14056,9807,0.81,0.95
7776,-1422,11295,13498,13977,14170,9808,0.81,0.95
7777,-1452,11274,13310,13957,13946,9809,0.81,0.95
7778,-1435,11309,13424,14022,14085,9810,0.81,0.95
7778,-1436,11054,13441,13695,14104,9810,0.81,0.95
7779,-1436,11138,13215,13789,13864,9810,0.81,0.95
7780,-1445,11254,13414,13946,14069,9809,0.81,0.95
7781,-1444,11318,13474,14055,14134,9808,0.81,0.95
7782,-1443,11186,13495,13950,14159,9808,0.8,0.95
7782,-1450,11234,13561,13976,14234,9809,0.8,0.95
7783,-1434,11185,13550,13957,14220,9809,0.8,0.95
7784,-1450,11332,13406,14035,14061,9810,0.81,0.95
7784,-1459,11244,13516,13988,14188,9810,0.8,0.95
7785,-1456,11227,13571,14015,14247,9810,0.8,0.95
7786,-1468,11004,13529,13701,14200,9810,0.8,0.95
7786,-1429,11315,13307,14013,13968,9810,0.81,0.95
7787,-1449,11144,13210,13799,13848,9809,0.81,0.95
7788,-1483,11251,13478,14056,14139,9809,0.8,0.95
7788,-1441,11370,13332,14077,13977,9811,0.81,0.95
7789,-1466,11261,13530,14001,14201,9814,0.8,0.95
7790,-1462,11152,13532,13947,14196,9818,0.8,0.95
7791,-1463,11339,13284,14046,13927,9821,0.81,0.95
7791,-1450,11236,13539,13977,14200,9821,0.8,0.95
7792,-1466,11210,13497,14002,14161,9823,0.8,0.95
7792,-1468,11170,13508,13871,14182,9826,0.81,0.95
7793,-1451,11254,13473,14010,14137,9828,0.8,0.95
7794,-1450,11268,13383,13991,14047,9829,0.81,0.95
7794,-1465,11307,13413,14003,14067,9827,0.81,0.95
7795,-1457,11313,13545,14073,14218,9822,0.8,0.95
7795,-1457,11292,13458,13996,14112,9818,0.81,0.95
7795,-1480,11239,13424,13982,14068,9815,0.8,0.95
7796,-1461,11246,13486,13987,14161,9815,0.8,0.95
7797,-1474,11291,13446,14047,14098,9818,0.8,0.95
7797,-1465,11279,13407,14006,14054,9822,0.81,0.95
7798,-1474,11234,13387,13918,14034,9827,0.81,0.95
7798,-1453,11308,13400,14032,14059,9827,0.81,0.95
7799,-1460,11142,13552,13850,14221,9826,0.8,0.95
7799,-1469,11252,13479,13994,14138,9818,0.8,0.95
7799,-1461,11249,13519,14023,14185,9811,0.8,0.95
7800,-1485,11256,13514,14022,14180,9805,0.8,0.95
7801,-1460,11315,13400,14035,14052,9805,0.81,0.95
7801,-1471,11258,13529,14013,14193,9804,0.8,0.95
7801,-1459,11245,13539,14029,14202,9803,0.8,0.95
7801,-1498,11131,13610,13934,14272,9801,0.8,0.95
7802,-1467,11122,13544,13866,14214,9800,0.8,0.95
7803,-1469,11311,12692,14014,13289,9800,0.81,0.96
7803,-1454,11050,13524,13769,14192,9804,0.8,0.95
7803,-1470,11196,13566,13947,14228,9807,0.8,0.95
7804,-1470,11095,12942,13879,13563,9810,0.8,0.95
7804,-1480,11280,13477,14021,14129,9810,0.8,0.95
7804,-1463,11308,13442,14025,14085,9813,0.81,0.95
7804,-1473,11324,13224,14045,13850,9819,0.81,0.95
7805,-1459,11244,13462,13965,14113,9825,0.81,0.95
7805,-1465,11263,13498,13982,14153,9827,0.81,0.95
7806,-1490,10927,13210,13687,13835,9827,0.8,0.95
7806,-1465,11164,13142,13994,13779,9827,0.8,0.95
7806,-1470,11249,13321,13934,13956,9828,0.81,0.95
7806,-1496,11168,13506,13974,14155,9828,0.8,0.95
7806,-1487,11266,13585,14050,14251,9828,0.8,0.95
7806,-1474,11186,13502,13934,14165,9827,0.8,0.95
7806,-1476,11302,13351,14012,13978,9823,0.81,0.96
7807,-1467,11208,13549,13984,14204,9818,0.8,0.95
7807,-1496,11211,13542,14021,14195,9816,0.8,0.95
7807,-1486,11334,13346,14045,13988,9816,0.81,0.95
7807,-1485,10926,13546,13643,14203,9818,0.8,0.95
7808,-1456,11339,13418,14059,14068,9820,0.81,0.95
7808,-1463,11107,13297,13763,13928,9822,0.81,0.95
7808,-1465,11224,13540,13942,14189,9823,0.81,0.95
7808,-1475,11307,13345,14013,13976,9822,0.81,0.95
7808,-1466,11209,13513,13930,14173,9822,0.8,0.95
7808,-1473,11243,13520,14017,14167,9822,0.8,0.95
7809,-1485,11186,13536,13998,14189,9822,0.8,0.95
7809,-1480,11170,13508,13928,14159,9822,0.8,0.95
7809,-1472,11262,13328,13968,13966,9819,0.81,0.95
7809,-1486,11056,13232,13848,13858,9815,0.8,0.95
7809,-1475,11270,12697,13980,13289,9811,0.81,0.96
7809,-1473,11204,13515,13981,14165,9810,0.8,0.95
7809,-1469,11243,13487,13987,14140,9811,0.8,0.95
7809,-1466,11268,13462,13970,14119,9815,0.81,0.95
7809,-1474,11245,13483,13991,14124,9818,0.8,0.95
7809,-1466,11378,13323,14103,13944,9821,0.81,0.96
7809,-1498,11122,13180,13925,13804,9821,0.8,0.95
7809,-1485,11179,13589,13988,14241,9822,0.8,0.95
7809,-1448,11205,13518,13928,14173,9825,0.8,0.95
7809,-1490,10845,13240,13580,13865,9827,0.8,0.95
7809,-1461,11330,13448,14045,14096,9828,0.81,0.95
7809,-1463,11090,13499,13790,14152,9828,0.8,0.95
7809,-1458,11277,13474,14003,14130,9821,0.81,0.95
7809,-1468,11240,13540,13960,14193,9813,0.81,0.95
7808,-1475,11224,13559,13965,14216,9806,0.8,0.95
7809,-1469,11260,13284,13956,13918,9806,0.81,0.95
7809,-1473,11267,13431,13993,14073,9809,0.81,0.95
7809,-1457,11302,13422,14019,14069,9813,0.81,0.95
7808,-1489,11175,13562,13961,14218,9818,0.8,0.95
7809,-1487,11155,13525,13864,14183,9821,0.8,0.95
7809,-1465,11288,13385,13992,14020,9821,0.81,0.95
7809,-1476,11310,13471,14013,14123,9826,0.81,0.95
7808,-1490,11248,13448,14002,14082,9831,0.8,0.95
7809,-1477,11163,13573,13950,14229,9836,0.8,0.95
7809,-1490,11253,13514,13989,14177,9836,0.8,0.95
7808,-1460,11318,13463,14029,14112,9833,0.81,0.95
7809,-1478,11301,13548,14078,14208,9824,0.8,0.95
7808,-1477,11262,13470,14013,14110,9815,0.8,0.95
7809,-1467,11298,13297,14011,13927,9810,0.81,0.95
7808,-1489,11162,13499,13884,14146,9810,0.8,0.95
7808,-1491,11174,13130,14015,13763,9809,0.8,0.95
7808,-1465,11269,13442,13953,14081,9809,0.81,0.95
7809,-1470,11283,13507,14047,14162,9809,0.8,0.95
7809,-1455,11196,13544,13977,14198,9809,0.8,0.95
7808,-1476,11237,13546,13999,14212,9808,0.8,0.95
7808,-1472,11175,13536,13979,14184,9804,0.8,0.95
7808,-1494,11245,13436,13995,14088,9800,0.8,0.95
7808,-1490,11215,13468,13979,14106,9797,0.8,0.95
7808,-1473,11230,13574,14007,14229,9797,0.8,0.95
7808,-1476,11031,13386,13669,14028,9802,0.81,0.95
7808,-1457,11211,13502,13985,14149,9807,0.8,0.95
7809,-1467,11210,13569,13953,14230,9812,0.8,0.95
7809,-1474,11295,13572,14067,14231,9813,0.8,0.95
7808,-1463,11292,13334,13984,13965,9812,0.81,0.95
7808,-1476,11269,13518,13986,14182,9806,0.81,0.95
7808,-1480,11277,13347,13977,13970,9800,0.81,0.96
7808,-1487,11002,13504,13694,14158,9794,0.8,0.95
7808,-1465,11329,13382,14056,14011,9794,0.81,0.96
7808,-1469,11305,13344,14009,13971,9799,0.81,0.96
7808,-1478,11100,13478,13766,14138,9806,0.81,0.95
7808,-1475,11128,13140,13939,13751,9814,0.8,0.96
7808,-1470,11222,13538,13964,14187,9817,0.8,0.95
7808,-1459,11277,13430,13978,14075,9817,0.81,0.95
7808,-1474,11306,13292,14003,13923,9813,0.81,0.95
7808,-1478,11204,13264,13891,13895,9809,0.81,0.95
7808,-1455,11285,13517,14039,14170,9805,0.8,0.95
7808,-1478,11211,13578,13987,14236,9805,0.8,0.95
7808,-1496,11324,13318,14035,13944,9807,0.81,0.96
7808,-1482,11259,13526,13988,14184,9810,0.8,0.95
7808,-1476,11199,13257,13878,13884,9814,0.81,0.95
7807,-1489,11142,13163,13957,13791,9816,0.8,0.95
7808,-1459,11129,13517,13794,14173,9816,0.81,0.95
7808,-1448,11336,13455,14046,14105,9815,0.81,0.95
7808,-1468,11236,13480,13961,14134,9814,0.8,0.95
7808,-1479,11206,13502,13934,14161,9813,0.8,0.95
7808,-1460,11267,13334,13957,13956,9813,0.81,0.96
7808,-1484,11264,13449,14003,14099,9811,0.8,0.95
7807,-1493,11195,13540,14007,14196,9808,0.8,0.95
7808,-1461,11275,13229,13970,13851,9806,0.81,0.96
7808,-1458,11197,13444,13886,14095,9804,0.81,0.95
7808,-1484,11221,12892,13958,13491,9804,0.8,0.96
7808,-1472,11268,13366,13950,14004,9805,0.81,0.95
7808,-1471,11241,13537,14000,14186,9807,0.8,0.95
7807,-1470,11255,13497,13997,14154,9809,0.8,0.95
7807,-1478,11255,13491,13996,14145,9810,0.8,0.95
7807,-1478,11203,13406,13918,14043,9811,0.8,0.95
7808,-1461,11295,13238,14009,13864,9816,0.81,0.95
7807,-1467,11271,13548,14011,14205,9820,0.8,0.95
7808,-1497,11168,13583,13961,14242,9823,0.8,0.95
7807,-1480,10947,13553,13614,14214,9823,0.8,0.95
7808,-1466,11285,13214,13987,13830,9816,0.81,0.96
7807,-1477,11195,13575,13972,14240,9807,0.8,0.95
7807,-1507,11263,13370,13997,14004,9797,0.8,0.95
7807,-1463,11194,13534,13926,14187,9794,0.8,0.95
7807,-1473,11293,13456,14022,14103,9796,0.81,0.95
7807,-1459,11335,13347,14046,13980,9803,0.81,0.95
7808,-1487,11259,13508,13983,14155,9811,0.81,0.95
7808,-1472,11302,13455,14036,14112,9817,0.81,0.95
7807,-1480,11285,13515,14008,14167,9817,0.81,0.95
7807,-1487,10911,13563,13642,14217,9814,0.8,0.95
7807,-1469,11257,13548,14013,14207,9809,0.8,0.95
7807,-1481,11004,13538,13778,14183,9804,0.8,0.95
7807,-1483,11216,13492,13969,14146,9802,0.8,0.95
7807,-1486,11318,13339,14025,13973,9803,0.81,0.95
7807,-1472,11244,13499,13974,14163,9808,0.8,0.95
7807,-1467,11296,13300,14002,13929,9813,0.81,0.95
7807,-1472,11231,13524,14001,14182,9818,0.8,0.95
7807,-1471,11208,13572,13991,14227,9818,0.8,0.95
7807,-1469,11284,13510,14026,14162,9817,0.8,0.95
7806,-1484,11121,13262,13782,13890,9812,0.81,0.95
7807,-1465,11220,13040,14016,13669,9808,0.8,0.95
7807,-1472,11312,13431,14018,14068,9805,0.81,0.95
7807,-1489,11263,13449,13962,14097,9805,0.81,0.95
7807,-1496,11223,13503,14008,14157,9807,0.8,0.95
7806,-1498,11269,13492,14018,14145,9809,0.8,0.95
7806,-1482,11328,13454,14054,14097,9812,0.81,0.95
7807,-1480,11205,13530,13990,14180,9812,0.8,0.95
7807,-1491,11183,13588,13996,14249,9812,0.8,0.95
7806,-1471,11300,13260,14004,13883,9813,0.81,0.96
7807,-1463,11033,13521,13736,14175,9814,0.8,0.95
7807,-1458,11327,13361,14043,14007,9816,0.81,0.95
7806,-1467,11280,13469,13978,14119,9816,0.81,0.95
7806,-1468,11297,13464,14030,14113,9817,0.81,0.95
7806,-1464,11300,13498,14025,14153,9817,0.81,0.95
7806,-1473,11297,13529,14058,14188,9818,0.8,0.95
7807,-1456,11240,13527,14015,14186,9818,0.8,0.95
7807,-1466,11254,13489,14013,14143,9817,0.8,0.95
7807,-1453,11353,13516,14071,14174,9811,0.81,0.95
7806,-1468,11246,13513,13976,14171,9805,0.8,0.95
7806,-1475,11262,13383,13957,14026,9800,0.81,0.95
7806,-1459,11262,13321,13960,13969,9800,0.81,0.95
7806,-1464,11146,13505,13903,14167,9802,0.8,0.95
7807,-1484,11279,13511,14011,14164,9805,0.81,0.95
7806,-1471,11290,13533,14040,14187,9808,0.8,0.95
7807,-1467,11327,13272,14042,13904,9809,0.81,0.95
7806,-1456,11317,13390,14019,14019,9809,0.81,0.96
7806,-1491,11197,13583,13997,14246,9809,0.8,0.95
7806,-1480,11252,13476,14001,14125,9810,0.8,0.95
7806,-1467,11290,13554,14042,14215,9810,0.8,0.95
7806,-1473,11167,13463,13904,14109,9811,0.8,0.95
7806,-1487,11131,12885,13942,13492,9813,0.8,0.96
7806,-1468,10986,13487,13661,14140,9816,0.8,0.95
7806,-1454,11288,13401,14009,14046,9819,0.81,0.95
7806,-1476,11283,13518,14026,14175,9821,0.8,0.95
7807,-1470,11289,13533,14019,14193,9821,0.81,0.95
7806,-1478,11241,13515,13998,14174,9819,0.8,0.95
7806,-1480,11327,13313,14039,13941,9817,0.81,0.95
7806,-1473,11251,13518,13985,14170,9815,0.8,0.95
7806,-1487,11251,13541,14003,14190,9815,0.8,0.95
7806,-1462,11071,13428,13724,14074,9815,0.81,0.95
7806,-1481,11321,13421,14040,14069,9816,0.81,0.95
7806,-1482,11249,13549,13992,14203,9816,0.8,0.95
7806,-1481,11202,13463,13978,14121,9817,0.8,0.95
7806,-1478,11181,13463,13942,14115,9817,0.8,0.95
7806,-1500,11219,13565,14001,14217,9810,0.8,0.95
7806,-1472,11163,13537,13915,14194,9803,0.8,0.95
7805,-1456,11264,13548,13999,14207,9795,0.8,0.95
7806,-1465,11300,13526,14021,14185,9795,0.81,0.95
7806,-1493,11267,13495,13990,14145,9795,0.81,0.95
7806,-1477,11199,13530,13922,14198,9795,0.8,0.95
7806,-1472,11289,13430,13990,14077,9795,0.81,0.95
7806,-1460,11243,13494,13991,14158,9795,0.8,0.95
7805,-1460,11327,13442,14035,14091,9795,0.81,0.95
7806,-1471,11165,13559,13962,14223,9802,0.8,0.95
7805,-1496,11195,13467,13938,14120,9810,0.8,0.95
7806,-1476,11293,13240,13997,13860,9819,0.81,0.96
7806,-1474,11245,13539,14017,14187,9820,0.8,0.95
7805,-1473,11278,13535,14022,14189,9820,0.8,0.95
7806,-1461,11226,13492,13970,14137,9817,0.8,0.95
7806,-1467,11068,13548,13792,14207,9814,0.8,0.95
7805,-1459,11204,13484,13950,14134,9812,0.8,0.95
7806,-1453,11102,13491,13750,14146,9812,0.81,0.95
7806,-1471,11188,13525,13947,14181,9810,0.8,0.95
7806,-1466,11209,13595,14003,14253,9806,0.8,0.95
7806,-1495,11196,13509,13955,14165,9803,0.8,0.95
7805,-1450,11256,13446,13965,14088,9803,0.81,0.95
7806,-1472,11249,13455,13977,14104,9803,0.8,0.95
7805,-1456,11314,13462,14036,14104,9807,0.81,0.95
7805,-1481,11212,13535,13996,14197,9811,0.8,0.95
7806,-1462,11086,13514,13749,14167,9813,0.81,0.95
7805,-1482,11197,13056,13987,13696,9813,0.8,0.95
7805,-1470,11281,13384,13984,14023,9813,0.81,0.95
7805,-1455,11274,13547,14016,14196,9813,0.8,0.95
7806,-1485,11158,13210,13967,13833,9813,0.8,0.95
7806,-1475,11262,13250,13955,13877,9812,0.81,0.95
7805,-1472,11293,13357,13991,13991,9812,0.81,0.95
7805,-1478,11206,13542,13952,14200,9815,0.8,0.95
7805,-1462,11302,13410,14017,14053,9819,0.81,0.95
7805,-1477,11234,13464,13987,14101,9822,0.8,0.95
7805,-1466,10967,13436,13579,14079,9822,0.81,0.95
7805,-1458,11244,12780,13965,13380,9823,0.81,0.96
7805,-1472,11253,13484,13970,14143,9827,0.81,0.95
7805,-1487,11243,13547,14006,14202,9831,0.8,0.95
7805,-1466,11188,13573,13977,14233,9834,0.8,0.95
7805,-1513,11108,13525,13912,14181,9834,0.8,0.95
7805,-1455,11297,13240,13999,13867,9829,0.81,0.95
7805,-1480,11267,13505,14011,14167,9823,0.8,0.95
7805,-1460,11329,13498,14061,14157,9817,0.81,0.95
7805,-1474,11300,13241,13999,13865,9816,0.81,0.95
7805,-1481,10979,13561,13662,14222,9816,0.8,0.95
7805,-1459,11260,13495,13979,14148,9816,0.81,0.95
7805,-1457,11251,13327,13930,13954,9815,0.81,0.96
7805,-1481,11214,13499,13972,14154,9815,0.8,0.95
7805,-1472,11207,13526,13990,14186,9815,0.8,0.95
7805,-1479,11341,13477,14054,14125,9815,0.81,0.95
7805,-1467,11185,13446,13948,14089,9814,0.8,0.95
7805,-1471,11324,13456,14036,14112,9814,0.81,0.95
7805,-1465,11279,13520,14014,14178,9814,0.8,0.95
7805,-1461,11317,13355,14021,13994,9814,0.81,0.95
7805,-1487,11147,13561,13917,14222,9816,0.8,0.95
7805,-1483,11204,13060,13995,13691,9817,0.8,0.95
7805,-1466,11242,13477,13949,14122,9818,0.81,0.95
7805,-1483,11294,13488,14030,14144,9818,0.8,0.95
7805,-1453,11360,13504,14073,14161,9820,0.81,0.95
7804,-1483,11142,13536,13948,14192,9824,0.8,0.95
7805,-1474,11289,13277,13995,13900,9827,0.81,0.96
7805,-1496,11218,13553,14028,14214,9829,0.8,0.95
7805,-1509,11167,13531,13951,14184,9828,0.8,0.95
7805,-1460,11314,13347,14016,13974,9825,0.81,0.96
7804,-1464,11046,13337,13691,13978,9821,0.81,0.95
7804,-1456,11279,13457,13994,14103,9818,0.81,0.95
7805,-1462,11278,13418,13976,14060,9817,0.81,0.95
7804,-1485,11333,13339,14053,13977,9813,0.81,0.95
7805,-1464,11334,13254,14039,13878,9807,0.81,0.96
7805,-1502,11178,13598,13990,14257,9801,0.8,0.95
7805,-1460,11072,13503,13767,14155,9799,0.8,0.95
7805,-1465,11278,13484,14020,14142,9799,0.8,0.95
7804,-1480,11270,13509,14017,14170,9807,0.8,0.95
7805,-1481,11236,13454,14007,14099,9815,0.8,0.95
7804,-1469,11065,13477,13725,14139,9823,0.81,0.95
7805,-1440,11306,13451,14031,14100,9823,0.81,0.95
7805,-1458,11136,13405,13787,14041,9821,0.81,0.95
7804,-1468,11208,13547,13990,14202,9815,0.8,0.95
7805,-1473,11294,13374,14016,14010,9809,0.81,0.95
7805,-1464,11238,13549,14023,14205,9805,0.8,0.95
7804,-1488,11216,13582,14027,14245,9805,0.8,0.95
7804,-1497,11167,13499,13943,14158,9809,0.8,0.95
7804,-1467,11212,13507,13965,14165,9813,0.8,0.95
7805,-1478,11226,13513,13965,14168,9817,0.8,0.95
7805,-1473,11085,13294,13730,13926,9817,0.81,0.95
7804,-1441,11277,13372,13973,14022,9817,0.81,0.95
7804,-1468,11230,13568,13989,14225,9815,0.8,0.95
7804,-1458,11240,13524,14019,14180,9813,0.8,0.95
7804,-1473,11197,13509,13969,14169,9812,0.8,0.95
7804,-1483,11283,13447,13980,14105,9812,0.81,0.95
7805,-1475,11221,13492,13988,14132,9813,0.8,0.95
7805,-1481,11259,13378,13961,14015,9814,0.81,0.95
7804,-1480,11299,13475,14028,14128,9815,0.81,0.95
7804,-1459,11305,13435,14021,14076,9816,0.81,0.95
7804,-1461,10972,13484,13645,14142,9816,0.8,0.95
7805,-1452,11310,13309,14018,13949,9816,0.81,0.95
7804,-1460,11148,13546,13854,14203,9816,0.8,0.95
7804,-1474,11233,13564,14011,14214,9816,0.8,0.95
7804,-1472,11250,13503,14007,14161,9816,0.8,0.95
7804,-1484,11261,13512,14007,14162,9814,0.8,0.95
7804,-1473,11253,13500,14012,14157,9811,0.8,0.95
7804,-1460,11226,13565,13977,14229,9808,0.8,0.95
7804,-1455,11112,13466,13770,14114,9807,0.81,0.95
7804,-1459,11247,13499,13971,14158,9807,0.81,0.95
7804,-1473,11214,13456,13906,14104,9805,0.81,0.95
7804,-1479,11275,13229,13972,13852,9803,0.81,0.96
7804,-1455,11108,13247,13770,13882,9801,0.81,0.95
7804,-1483,11221,13460,13975,14106,9801,0.8,0.95
7804,-1467,11230,13484,13942,14134,9804,0.81,0.95
7804,-1469,11280,13278,13982,13906,9809,0.81,0.95
7804,-1479,11310,13241,14021,13866,9813,0.81,0.95
7804,-1464,11285,13497,14005,14163,9816,0.81,0.95
7804,-1465,11301,13278,14013,13910,9816,0.81,0.95
7804,-1497,11150,13474,13918,14136,9811,0.8,0.95
7804,-1469,11212,13449,13892,14089,9807,0.81,0.95
7804,-1466,11287,13457,13988,14105,9803,0.81,0.95
7804,-1455,11174,13473,13864,14134,9803,0.81,0.95
7804,-1511,11145,13232,13957,13858,9805,0.8,0.95
7804,-1463,11199,13573,13978,14231,9810,0.8,0.95
7804,-1481,11331,13467,14065,14117,9814,0.81,0.95
7804,-1459,11331,13413,14043,14054,9817,0.81,0.95
7804,-1474,11214,13511,13999,14176,9817,0.8,0.95
7804,-1480,11304,13299,14017,13926,9815,0.81,0.95
7804,-1491,11279,13566,14025,14228,9812,0.8,0.95
7804,-1461,11192,13494,13905,14148,9810,0.8,0.95
7804,-1473,11343,12654,14067,13248,9809,0.81,0.96
7804,-1463,11085,13523,13811,14178,9809,0.8,0.95
7804,-1481,11265,13385,13971,14018,9810,0.81,0.95
7804,-1460,11289,13408,13988,14053,9810,0.81,0.95
7804,-1490,11181,13534,14002,14195,9810,0.8,0.95
7804,-1461,11344,13360,14065,14004,9811,0.81,0.95
7804,-1481,11303,13455,14037,14100,9810,0.81,0.95
7804,-1469,11261,13480,13996,14133,9809,0.8,0.95
7804,-1457,11309,13501,14016,14161,9808,0.81,0.95
7804,-1482,10869,13261,13611,13892,9808,0.8,0.95
7804,-1480,11134,13188,13949,13834,9807,0.8,0.95
7803,-1461,11317,13334,14028,13971,9806,0.81,0.95
7804,-1486,11326,13361,14038,13997,9805,0.81,0.95
7804,-1460,11326,13489,14069,14147,9804,0.81,0.95
7804,-1475,11311,13481,14052,14134,9804,0.8,0.95
7804,-1462,11258,13493,13970,14142,9802,0.81,0.95
7803,-1481,11338,13338,14046,13970,9800,0.81,0.95
7804,-1466,11307,13286,14023,13915,9797,0.81,0.95
7804,-1478,11174,13564,13950,14219,9796,0.8,0.95
7803,-1460,11043,13516,13693,14169,9796,0.81,0.95
7804,-1460,11330,13415,14038,14070,9800,0.81,0.95
7804,-1464,11067,13514,13800,14170,9804,0.8,0.95
7804,-1465,11287,13523,14031,14182,9808,0.8,0.95
7803,-1464,11247,13540,13983,14200,9808,0.8,0.95
7804,-1495,11267,13467,14021,14123,9811,0.8,0.95
7804,-1447,11199,13512,13921,14166,9816,0.8,0.95
7804,-1472,11273,13441,13988,14090,9821,0.81,0.95
7803,-1471,11273,13457,14034,14104,9823,0.8,0.95
7804,-1438,11262,13506,13985,14165,9823,0.81,0.95
7803,-1484,11073,13514,13813,14177,9818,0.8,0.95
7804,-1474,11315,12579,14026,13169,9813,0.81,0.96
7803,-1453,11265,13428,13956,14085,9807,0.81,0.95
7804,-1483,11329,13359,14052,13994,9807,0.81,0.95
7803,-1466,11203,13605,14007,14270,9807,0.8,0.95
7804,-1489,11291,13271,13995,13899,9809,0.81,0.95
7803,-1462,11275,13516,13977,14178,9811,0.81,0.95
7804,-1483,11305,13421,13993,14070,9812,0.81,0.95
7803,-1486,11348,13266,14066,13893,9812,0.81,0.95
7803,-1481,11191,13536,13963,14189,9809,0.8,0.95
7804,-1469,10956,13512,13646,14170,9806,0.8,0.95
7803,-1480,11142,13277,13950,13898,9803,0.8,0.96
7804,-1456,11079,13534,13761,14195,9803,0.81,0.95
7803,-1480,11177,13520,13953,14169,9802,0.8,0.95
7804,-1466,11270,13449,13987,14092,9801,0.81,0.95
7803,-1467,11256,13431,13946,14079,9799,0.81,0.95
7803,-1469,11234,13521,13964,14174,9798,0.8,0.95
7804,-1475,11313,13491,14049,14153,9798,0.81,0.95
7804,-1471,11261,13467,13985,14113,9802,0.81,0.95
7803,-1486,11261,13528,14012,14186,9807,0.8,0.95
7803,-1472,11197,13511,13902,14167,9812,0.81,0.95
7804,-1462,11315,13247,14027,13868,9813,0.81,0.96
7803,-1452,11100,13423,13748,14070,9813,0.81,0.95
7804,-1481,11306,13442,14041,14092,9814,0.81,0.95
7803,-1478,11289,13535,14033,14195,9816,0.8,0.95
7804,-1498,11227,13503,14026,14165,9817,0.8,0.95
7803,-1467,11215,13553,13952,14209,9817,0.8,0.95
7803,-1483,11260,13425,13985,14067,9814,0.81,0.95
7803,-1468,11270,13537,14014,14189,9809,0.8,0.95
7804,-1477,11306,13494,14065,14152,9805,0.8,0.95
7803,-1464,11101,13487,13864,14141,9803,0.8,0.95
7803,-1464,11329,13351,14041,14003,9803,0.81,0.95
7803,-1455,11159,13477,13826,14138,9808,0.81,0.95
7803,-1446,11287,13441,14011,14098,9813,0.81,0.95
7803,-1456,11174,13573,13935,14237,9818,0.8,0.95
7804,-1483,11250,13527,14015,14178,9818,0.8,0.95
7803,-1471,11183,13491,13937,14139,9818,0.8,0.95
7804,-1469,11252,13515,13996,14177,9817,0.8,0.95
7803,-1461,11232,13529,13999,14191,9816,0.8,0.95
7803,-1468,11285,13488,14023,14141,9815,0.8,0.95
7803,-1454,11097,13524,13769,14188,9815,0.81,0.95
7803,-1452,11278,13412,14002,14062,9815,0.81,0.95
7803,-1473,11225,13522,13958,14168,9816,0.8,0.95
7803,-1462,11287,13442,13999,14101,9817,0.81,0.95
7803,-1458,11231,13568,13974,14226,9817,0.8,0.95
7803,-1477,11301,13511,14050,14166,9819,0.8,0.95
7803,-1461,11209,13523,13991,14178,9823,0.8,0.95
7803,-1477,11166,13580,13963,14241,9828,0.8,0.95
7803,-1491,11215,13510,13977,14161,9831,0.8,0.95
7803,-1464,11235,13505,13955,14162,9831,0.81,0.95
7803,-1505,11239,13469,13962,14128,9827,0.8,0.95
7803,-1451,11264,13398,13953,14054,9820,0.81,0.95
7803,-1459,11253,13520,13961,14179,9814,0.81,0.95
7803,-1466,11280,13526,14028,14177,9813,0.8,0.95
7803,-1465,11339,13425,14041,14067,9814,0.81,0.95
7803,-1474,11243,13530,13986,14185,9817,0.8,0.95
7803,-1455,11284,13336,13984,13965,9820,0.81,0.95
7803,-1489,11248,13504,13996,14165,9823,0.8,0.95
7803,-1464,11265,13568,14002,14225,9822,0.8,0.95
7803,-1498,10848,13155,13515,13780,9823,0.8,0.95
7803,-1459,11168,13478,13879,14132,9825,0.8,0.95
7803,-1457,11278,13344,13981,13991,9827,0.81,0.95
7803,-1454,11286,13493,13977,14153,9828,0.81,0.95
7803,-1490,11167,13572,13947,14232,9826,0.8,0.95
7803,-1463,11245,13480,13986,14139,9819,0.8,0.95
7802,-1474,11298,13469,14022,14124,9813,0.81,0.95
7803,-1460,11329,13387,14032,14021,9808,0.81,0.95
7803,-1463,11296,13443,13992,14101,9808,0.81,0.95
7803,-1446,11367,13509,14094,14165,9814,0.81,0.95
7803,-1477,11275,13225,13969,13853,9825,0.81,0.95
7803,-1472,11219,13497,13971,14151,9835,0.8,0.95
7803,-1487,11134,13120,13955,13754,9839,0.8,0.95
7803,-1458,11190,13435,13881,14086,9839,0.81,0.95
7803,-1489,11221,13508,14019,14170,9832,0.8,0.95
7803,-1471,11318,13364,14022,14005,9825,0.81,0.95
7802,-1472,11339,13294,14052,13926,9818,0.81,0.95
7802,-1465,11324,13246,14027,13872,9817,0.81,0.95
7802,-1483,11256,13578,14037,14242,9816,0.8,0.95
7803,-1491,11313,13312,14028,13947,9815,0.81,0.95
7803,-1484,11260,13271,13963,13900,9813,0.81,0.95
7803,-1467,11020,13418,13669,14065,9812,0.81,0.95
7803,-1455,11329,13314,14044,13948,9812,0.81,0.95
7803,-1450,11282,13488,13987,14143,9810,0.81,0.95
7803,-1456,11265,13481,13980,14133,9809,0.81,0.95
7802,-1472,11199,13566,13995,14228,9808,0.8,0.95
7802,-1468,11304,13356,14016,13999,9808,0.81,0.95
7803,-1458,11306,13249,14012,13876,9806,0.81,0.95
7803,-1455,11251,13507,13991,14163,9802,0.8,0.95
7803,-1465,11287,13472,14013,14122,9798,0.81,0.95
7802,-1484,11314,13302,14018,13934,9795,0.81,0.95
7803,-1495,10912,13537,13644,14194,9795,0.8,0.95
7802,-1492,11163,13244,13977,13870,9801,0.8,0.95
7803,-1456,11258,13334,13950,13970,9809,0.81,0.95
7802,-1461,11324,13431,14062,14080,9816,0.81,0.95
7802,-1462,11145,13548,13898,14211,9817,0.8,0.95
7802,-1489,11164,13484,13890,14150,9817,0.8,0.95
7803,-1462,11312,13252,14019,13876,9815,0.81,0.96
7803,-1471,11353,13258,14069,13890,9813,0.81,0.95
7803,-1457,11325,13493,14041,14150,9812,0.81,0.95
7802,-1479,11287,13503,14034,14155,9812,0.8,0.95
7803,-1471,11129,13359,13781,13994,9812,0.81,0.95
7802,-1458,11173,13077,13984,13719,9812,0.8,0.95
7802,-1467,11215,13457,13955,14108,9813,0.8,0.95
7803,-1456,11262,13456,13973,14103,9813,0.81,0.95
7802,-1467,11203,13507,13988,14168,9813,0.8,0.95
7802,-1490,11192,13570,13979,14236,9813,0.8,0.95
7802,-1456,11298,13330,14003,13964,9813,0.81,0.95
7803,-1474,11244,13523,14030,14186,9813,0.8,0.95
7802,-1465,11251,13530,14006,14186,9813,0.8,0.95
7802,-1466,11243,13494,13992,14145,9816,0.8,0.95
7803,-1456,11012,13545,13686,14216,9821,0.8,0.95
7802,-1457,11340,13340,14057,13985,9826,0.81,0.95
7802,-1457,11259,13534,13970,14196,9828,0.81,0.95
7802,-1480,11266,13457,14017,14113,9828,0.8,0.95
7802,-1457,11320,13435,14015,14079,9820,0.81,0.95
7803,-1465,11265,13484,13975,14135,9813,0.81,0.95
7803,-1460,11259,13532,14003,14187,9806,0.8,0.95
7802,-1459,11273,13537,14040,14198,9806,0.8,0.95
7802,-1460,11307,13274,14021,13900,9805,0.81,0.95
7803,-1468,11310,13296,14013,13927,9801,0.81,0.95
7803,-1439,11149,13589,13855,14248,9797,0.8,0.95
7802,-1465,11305,13207,14005,13839,9795,0.81,0.95
7802,-1462,11056,13614,13820,14285,9795,0.8,0.95
7802,-1465,11347,13355,14059,13994,9799,0.81,0.95
7803,-1457,11224,13516,13958,14175,9804,0.8,0.95
7802,-1480,11165,13529,13960,14182,9809,0.8,0.95
7802,-1470,11290,13290,13985,13920,9810,0.81,0.95
7802,-1457,11261,13528,14011,14193,9813,0.8,0.95
7802,-1471,11285,13293,13994,13928,9818,0.81,0.95
7803,-1459,11209,13509,13957,14168,9824,0.8,0.95
7802,-1464,11142,13504,13867,14156,9828,0.8,0.95
7803,-1477,11135,13124,13941,13752,9827,0.8,0.95
7802,-1495,11060,13181,13857,13812,9820,0.8,0.95
7802,-1467,11205,13577,14006,14233,9812,0.8,0.95
7802,-1473,11300,13462,14014,14114,9803,0.81,0.95
7803,-1464,11300,13511,14023,14169,9801,0.81,0.95
7802,-1470,11173,13537,13964,14196,9801,0.8,0.95
7803,-1481,11294,13450,14007,14117,9798,0.81,0.95
7802,-1465,11286,13356,13982,13996,9795,0.81,0.95
7802,-1477,11188,13520,13953,14175,9792,0.8,0.95
7802,-1481,11155,13351,13819,13992,9793,0.81,0.95
7802,-1453,11140,13200,13952,13850,9797,0.8,0.95
7802,-1477,11087,13440,13747,14096,9805,0.81,0.95
7802,-1477,11321,13468,14059,14125,9813,0.81,0.95
7802,-1460,11330,13391,14035,14033,9816,0.81,0.95
7802,-1466,11296,13507,14016,14169,9815,0.81,0.95
7802,-1461,11231,13483,13960,14141,9812,0.8,0.95
7802,-1492,11145,13537,13951,14198,9808,0.8,0.95
7802,-1456,11252,13531,13972,14192,9804,0.81,0.95
7802,-1475,11296,13242,14001,13876,9804,0.81,0.95
7802,-1463,10912,13517,13593,14168,9804,0.8,0.95
7802,-1449,11312,13238,14017,13864,9804,0.81,0.95
7802,-1462,11236,13517,13983,14185,9804,0.8,0.95
7802,-1465,11188,13569,13987,14231,9804,0.8,0.95
7802,-1473,11263,13411,13975,14055,9804,0.81,0.95
7802,-1471,11263,13504,14033,14168,9808,0.8,0.95
7802,-1451,11300,13426,14029,14075,9812,0.81,0.95
7802,-1470,11291,13335,13997,13967,9815,0.81,0.95
7802,-1468,11235,13539,13989,14197,9816,0.8,0.95
7802,-1470,11341,13343,14049,13980,9813,0.81,0.95
7802,-1483,11113,13493,13834,14147,9805,0.8,0.95
7802,-1465,11326,13225,14037,13854,9797,0.81,0.95
7802,-1471,11046,13528,13775,14189,9792,0.8,0.95
7802,-1460,11294,13571,14047,14235,9792,0.8,0.95
7802,-1457,11293,13364,13991,14002,9798,0.81,0.95
7802,-1462,11215,13527,13970,14186,9806,0.8,0.95
7802,-1443,11323,13458,14058,14115,9813,0.81,0.95
7802,-1460,11246,13515,13987,14176,9815,0.8,0.95
7802,-1454,11318,13525,14022,14186,9814,0.81,0.95
7802,-1470,11202,13527,13976,14186,9814,0.8,0.95
7801,-1476,11008,13479,13663,14139,9814,0.81,0.95
7802,-1463,11147,13178,13965,13814,9814,0.8,0.95
7802,-1453,11057,13349,13696,14000,9814,0.81,0.95
7802,-1446,11257,13505,14025,14169,9813,0.8,0.95
7801,-1461,11326,13346,14031,13983,9812,0.81,0.95
7802,-1473,11179,13559,13976,14228,9811,0.8,0.95
7801,-1472,11240,13500,13990,14157,9810,0.8,0.95
7802,-1471,11268,13526,13994,14193,9812,0.81,0.95
7802,-1487,11139,13532,13938,14194,9820,0.8,0.95
7801,-1459,11266,13354,13947,13990,9827,0.81,0.95
7802,-1471,10825,13561,13482,14226,9834,0.8,0.95
7802,-1459,11221,13106,14014,13748,9834,0.8,0.95
7802,-1470,11246,13529,13965,14194,9830,0.81,0.95
7802,-1458,11293,13523,14022,14182,9824,0.81,0.95
7802,-1466,11217,13492,13968,14159,9817,0.8,0.95
7802,-1485,11336,13416,14049,14068,9815,0.81,0.95
7802,-1461,11179,13517,13935,14174,9815,0.8,0.95
7802,-1465,11178,13541,13949,14203,9816,0.8,0.95
7802,-1461,11207,13557,13998,14223,9818,0.8,0.95
7802,-1471,11268,13410,13964,14069,9819,0.81,0.95
7802,-1475,11210,13456,13927,14110,9819,0.8,0.95
7802,-1464,11265,13444,14003,14096,9815,0.8,0.95
7802,-1451,11257,13465,13942,14123,9808,0.81,0.95
7802,-1459,11307,13457,14020,14116,9800,0.81,0.95
7801,-1459,11249,13522,13992,14186,9797,0.8,0.95
7802,-1461,11291,13440,13998,14098,9798,0.81,0.95
7802,-1457,11226,13498,13995,14161,9804,0.8,0.95
7802,-1457,11316,13504,14036,14172,9811,0.81,0.95
7801,-1469,11221,13551,14014,14212,9818,0.8,0.95
7801,-1471,11232,13435,13956,14083,9818,0.8,0.95
7802,-1473,11184,13523,13883,14187,9816,0.81,0.95
7801,-1476,11171,13074,13991,13707,9812,0.8,0.95
7802,-1456,11256,13447,13964,14106,9807,0.81,0.95
7801,-1494,11150,12950,13987,13566,9804,0.8,0.95
7802,-1448,11245,13516,14001,14182,9804,0.8,0.95
7801,-1476,11268,13538,14046,14202,9806,0.8,0.95
7802,-1458,11231,13511,14007,14172,9809,0.8,0.95
7802,-1471,11197,13520,13980,14185,9811,0.8,0.95
7802,-1476,11320,13430,14035,14091,9811,0.81,0.95
7802,-1472,11254,13493,14001,14152,9811,0.8,0.95
7801,-1472,11190,13311,13865,13949,9811,0.81,0.95
7801,-1469,11257,13515,14001,14177,9811,0.8,0.95
7802,-1468,11220,13479,13915,14146,9810,0.81,0.95
7802,-1491,11228,13417,14004,14064,9810,0.8,0.95
7802,-1465,11205,13570,13995,14236,9808,0.8,0.95
7802,-1476,11319,13520,14027,14179,9804,0.81,0.95
7802,-1472,11309,13287,14016,13915,9801,0.81,0.95
7801,-1460,11289,13465,14015,14120,9800,0.81,0.95
7801,-1468,11308,13313,14011,13944,9800,0.81,0.95
7802,-1463,11236,13449,13978,14099,9803,0.8,0.95
7802,-1461,11012,13546,13703,14210,9805,0.8,0.95
7801,-1456,11164,13094,13968,13737,9807,0.8,0.95
7801,-1467,11174,13327,13844,13965,9807,0.81,0.95
7802,-1444,11214,13471,13920,14126,9807,0.81,0.95
7801,-1464,11283,13538,14008,14198,9806,0.81,0.95
7802,-1464,11274,13369,13976,14016,9806,0.81,0.95
7801,-1445,11290,13407,14004,14066,9806,0.81,0.95
7802,-1475,11266,13506,14021,14168,9806,0.8,0.95
7801,-1469,11198,13560,13980,14221,9809,0.8,0.95
7801,-1473,11195,13569,14005,14230,9813,0.8,0.95
7801,-1474,11066,13298,13712,13935,9816,0.81,0.95
7802,-1456,11311,13316,14020,13954,9816,0.81,0.95
7802,-1462,11080,13397,13759,14042,9814,0.81,0.95
7802,-1466,11347,13424,14058,14074,9810,0.81,0.95
7801,-1459,11192,13503,13942,14163,9807,0.8,0.95
7801,-1473,11310,13502,14021,14160,9805,0.81,0.95
7802,-1467,11066,13487,13821,14141,9805,0.8,0.95
7802,-1495,11169,13175,13991,13808,9811,0.8,0.95
7801,-1461,11267,13548,14014,14210,9817,0.8,0.95
7801,-1471,11307,13479,14040,14135,9822,0.81,0.95
7801,-1463,11007,13311,13642,13953,9822,0.81,0.95
7802,-1480,11194,13081,14018,13697,9822,0.8,0.96
7802,-1458,11162,13480,13902,14145,9822,0.8,0.95
7802,-1469,11290,13439,14017,14091,9822,0.81,0.95
7802,-1456,11269,13516,14002,14177,9822,0.8,0.95
7801,-1473,11302,13511,14043,14166,9822,0.8,0.95
7801,-1477,11095,13043,13894,13683,9820,0.8,0.95
7801,-1467,11307,13502,14038,14164,9817,0.81,0.95
7802,-1463,11266,13510,14013,14170,9814,0.8,0.95
7802,-1474,11305,13495,14033,14157,9813,0.81,0.95
7802,-1458,11222,13274,13911,13907,9813,0.81,0.95
7801,-1487,11207,13194,14032,13819,9812,0.8,0.95
7801,-1464,11234,13398,13920,14040,9811,0.81,0.95
7801,-1505,11191,13195,14020,13824,9810,0.8,0.95
7801,-1461,11308,13359,14023,13995,9810,0.81,0.95
7801,-1481,11232,13582,14008,14244,9813,0.8,0.95
7802,-1459,11292,13484,14020,14129,9816,0.81,0.95
7802,-1485,11156,13240,13969,13873,9819,0.8,0.95
7801,-1484,11338,13226,14057,13857,9820,0.81,0.95
7802,-1472,11217,13446,13951,14097,9820,0.8,0.95
7801,-1471,11135,13568,13860,14233,9821,0.8,0.95
7802,-1463,11230,13473,13952,14128,9821,0.8,0.95
7801,-1458,11097,13518,13767,14180,9822,0.81,0.95
7802,-1453,11231,13499,13990,14152,9822,0.8,0.95
7801,-1466,11236,13572,14028,14237,9818,0.8,0.95
7801,-1506,11159,13240,13972,13869,9810,0.8,0.95
7801,-1467,11320,13310,14026,13933,9803,0.81,0.96
7802,-1466,11249,13445,13966,14095,9800,0.81,0.95
7801,-1458,11288,13528,14041,14187,9800,0.8,0.95
7802,-1465,11173,13570,13921,14228,9808,0.8,0.95
7802,-1473,11210,13546,13924,14211,9816,0.81,0.95
7801,-1468,11147,13033,13942,13674,9823,0.8,0.95
7801,-1487,11209,13547,13962,14210,9823,0.8,0.95
7801,-1470,11286,13462,13999,14118,9822,0.81,0.95
7802,-1462,11227,13485,13985,14147,9819,0.8,0.95
7802,-1462,11306,13472,14045,14135,9816,0.8,0.95
7802,-1439,11298,13478,14021,14129,9814,0.81,0.95
7801,-1477,11303,13344,14014,13982,9814,0.81,0.95
7801,-1462,11249,13519,13994,14168,9819,0.8,0.95
7801,-1458,11300,13459,14007,14115,9823,0.81,0.95
7801,-1482,10826,13577,13536,14246,9827,0.8,0.95
7802,-1482,11067,13168,13864,13791,9827,0.8,0.95
7801,-1452,11245,13461,13926,14111,9826,0.81,0.95
7801,-1470,11246,13464,13983,14114,9822,0.8,0.95
7801,-1462,11367,13355,14082,13985,9818,0.81,0.95
7802,-1480,11256,13495,14018,14150,9816,0.8,0.95
7802,-1467,11186,13533,13956,14187,9816,0.8,0.95
7801,-1455,11292,13343,13987,13982,9814,0.81,0.95
7801,-1461,11255,13542,13999,14208,9811,0.8,0.95
7801,-1462,11296,13511,14031,14171,9809,0.81,0.95
7802,-1471,10995,13477,13663,14131,9808,0.8,0.95
7801,-1456,11208,13039,13990,13672,9808,0.8,0.95
7801,-1485,11268,13470,14016,14124,9812,0.8,0.95
7801,-1476,11208,13497,13979,14158,9815,0.8,0.95
7802,-1478,11224,13501,13939,14161,9817,0.81,0.95
7801,-1478,11264,13511,14007,14164,9817,0.8,0.95
7802,-1456,11293,13455,14041,14108,9816,0.8,0.95
7801,-1477,11276,13410,14001,14056,9814,0.81,0.95
7801,-1460,11238,13586,14009,14246,9812,0.8,0.95
7801,-1470,11317,13467,14044,14132,9811,0.81,0.95
7801,-1472,11041,13444,13690,14106,9812,0.81,0.95
7801,-1443,11170,13385,13837,14039,9811,0.81,0.95
7801,-1456,11220,13360,13895,14001,9811,0.81,0.95
7802,-1458,11320,13446,14039,14102,9810,0.81,0.95
7801,-1471,11280,13242,13979,13877,9811,0.81,0.95
7801,-1481,11164,13253,13973,13882,9811,0.8,0.95
7801,-1455,11315,13442,14025,14091,9811,0.81,0.95
7801,-1486,11136,13593,13958,14255,9811,0.8,0.95
7801,-1465,11198,13521,13983,14176,9811,0.8,0.95
7801,-1487,11202,13554,13952,14215,9810,0.8,0.95
7801,-1459,11195,13486,13907,14149,9812,0.8,0.95
7801,-1463,11265,13521,14007,14178,9813,0.8,0.95
7801,-1462,11150,13464,13887,14116,9815,0.8,0.95
7801,-1479,11250,13467,13974,14123,9814,0.81,0.95
7801,-1474,11329,13497,14065,14154,9813,0.81,0.95
7802,-1464,11196,13540,13973,14199,9808,0.8,0.95
7801,-1478,11353,13417,14072,14066,9804,0.81,0.95
7801,-1474,11321,13424,14024,14062,9801,0.81,0.95
7801,-1482,11307,13467,14052,14123,9801,0.8,0.95
7801,-1465,11170,13579,13968,14252,9799,0.8,0.95
7801,-1484,11105,13507,13855,14157,9797,0.8,0.95
7801,-1450,11177,13094,13966,13740,9795,0.8,0.95
7801,-1476,11073,13540,13818,14203,9795,0.8,0.95
7802,-1460,11241,13479,13982,14131,9798,0.8,0.95
7801,-1451,11286,13330,13982,13968,9805,0.81,0.95
7801,-1468,11316,13429,14048,14077,9812,0.81,0.95
7801,-1456,11133,13493,13884,14151,9816,0.8,0.95
7801,-1463,11306,13498,14038,14158,9815,0.81,0.95
7801,-1456,11323,13231,14025,13862,9813,0.81,0.95
7801,-1483,11220,13429,13929,14077,9810,0.81,0.95
7801,-1454,10892,13540,13566,14200,9807,0.8,0.95
7801,-1449,11300,13329,14005,13983,9807,0.81,0.95
7801,-1459,11260,13460,14004,14120,9808,0.8,0.95
7801,-1488,11199,13452,13954,14107,9815,0.8,0.95
7801,-1464,11237,13538,14017,14196,9822,0.8,0.95
7802,-1472,11295,13505,14018,14167,9827,0.81,0.95
7801,-1456,11325,13524,14079,14180,9827,0.8,0.95
7801,-1469,11255,13565,14007,14230,9825,0.8,0.95
7801,-1463,11315,13347,14027,13980,9822,0.81,0.95
7801,-1476,11358,13294,14066,13922,9819,0.81,0.95
7801,-1477,11020,13539,13739,14202,9818,0.8,0.95
7801,-1463,11261,13412,13959,14061,9818,0.81,0.95
7801,-1460,11302,13324,14010,13960,9817,0.81,0.95
7801,-1473,11322,13376,14031,14025,9816,0.81,0.95
7801,-1451,11301,13504,14017,14164,9816,0.81,0.95
7801,-1474,11347,13502,14073,14160,9815,0.81,0.95
7801,-1494,11168,13468,13936,14118,9814,0.8,0.95
7801,-1481,11142,13184,13944,13817,9811,0.8,0.95
7801,-1461,11253,13403,13970,14042,9808,0.81,0.95
7801,-1477,11034,13531,13747,14199,9807,0.8,0.95
7801,-1473,11068,13277,13712,13904,9807,0.81,0.95
7801,-1445,11283,13311,13985,13950,9810,0.81,0.95
7801,-1460,11154,13512,13839,14174,9813,0.81,0.95
7801,-1452,11340,13417,14057,14073,9816,0.81,0.95
7801,-1476,11273,13490,14015,14160,9817,0.8,0.95
7801,-1471,11232,13494,13970,14149,9816,0.8,0.95
7801,-1460,11186,13598,13997,14269,9815,0.8,0.95
7801,-1490,11218,13577,13991,14237,9814,0.8,0.95
7801,-1467,11337,13366,14045,14005,9813,0.81,0.95
7801,-1471,11270,13489,14007,14155,9813,0.8,0.95
7801,-1455,11179,13373,13849,14016,9809,0.81,0.95
7801,-1484,11181,13161,14001,13786,9805,0.8,0.95
7801,-1453,11155,13380,13813,14033,9801,0.81,0.95
7801,-1471,11292,13499,14004,14155,9800,0.81,0.95
7801,-1457,11282,13536,14047,14200,9802,0.8,0.95
7801,-1471,11344,13273,14061,13905,9807,0.81,0.95
7801,-1457,11257,13523,14008,14184,9812,0.8,0.95
7801,-1502,11182,13481,13970,14139,9815,0.8,0.95
7801,-1486,11243,13463,13986,14112,9815,0.8,0.95
7801,-1459,11252,13539,14014,14205,9809,0.8,0.95
7801,-1452,11213,13500,13902,14166,9802,0.81,0.95
7801,-1473,11163,12953,13952,13574,9795,0.8,0.95
7801,-1473,11064,13515,13752,14176,9794,0.8,0.95
7801,-1481,11281,13433,13996,14085,9795,0.81,0.95
7801,-1461,11261,13562,14004,14231,9802,0.8,0.95
7801,-1456,11267,13498,14015,14160,9808,0.8,0.95
7801,-1467,11221,13596,14046,14264,9813,0.8,0.95
7801,-1472,11253,13512,14019,14172,9813,0.8,0.95
7801,-1458,11221,13278,13906,13916,9813,0.81,0.95
7801,-1468,11257,13530,13965,14189,9812,0.81,0.95
7801,-1461,11000,13355,13627,14000,9811,0.81,0.95
7801,-1456,11262,13419,14016,14074,9810,0.8,0.95
7801,-1443,11141,13512,13829,14180,9809,0.81,0.95
7801,-1495,11264,13462,14018,14124,9806,0.8,0.95
7801,-1459,11276,13489,14027,14150,9802,0.8,0.95
7801,-1475,11200,13539,14005,14210,9799,0.8,0.95
7801,-1460,11327,13291,14044,13924,9799,0.81,0.95
7801,-1466,11237,13527,14002,14202,9800,0.8,0.95
7801,-1464,11230,13497,14022,14158,9802,0.8,0.95
7801,-1491,11210,13528,13952,14189,9803,0.8,0.95
7801,-1472,11003,13546,13685,14208,9804,0.8,0.95
7801,-1460,11257,12988,14007,13613,9804,0.8,0.95
7801,-1463,11193,13470,13903,14128,9809,0.81,0.95
7801,-1458,11314,13445,14010,14096,9814,0.81,0.95
7801,-1475,11198,13574,14003,14230,9818,0.8,0.95
7801,-1490,11301,13517,14057,14182,9818,0.8,0.95
7801,-1457,11333,13379,14045,14021,9819,0.81,0.95
7801,-1459,11310,13404,14033,14050,9822,0.81,0.95
7801,-1464,11318,13523,14035,14191,9824,0.81,0.95
7801,-1478,11268,13458,14025,14118,9826,0.8,0.95
7801,-1471,10992,13499,13692,14155,9826,0.8,0.95
7801,-1455,11330,13493,14057,14150,9821,0.81,0.95
7801,-1453,11162,13532,13850,14193,9814,0.81,0.95
7801,-1482,11206,13497,13988,14159,9808,0.8,0.95
7801,-1471,11299,13517,14017,14178,9807,0.81,0.95
7801,-1480,11257,13455,13972,14117,9807,0.81,0.95
7801,-1469,11276,13315,13976,13944,9806,0.81,0.95
7801,-1458,11287,13494,14016,14160,9806,0.81,0.95
7801,-1487,11228,13537,14007,14202,9806,0.8,0.95
7801,-1457,11275,13544,14006,14204,9806,0.81,0.95
7801,-1496,10914,13203,13665,13830,9810,0.8,0.95
7801,-1456,11099,13066,13906,13702,9814,0.8,0.95
7801,-1455,11253,13395,13933,14038,9818,0.81,0.95
7801,-1475,11261,13519,14017,14179,9818,0.8,0.95
7801,-1462,11277,13529,14008,14193,9817,0.81,0.95
7801,-1472,11212,13578,13973,14241,9811,0.8,0.95
7801,-1455,11287,13503,14021,14162,9805,0.81,0.95
7801,-1443,11333,13404,14036,14055,9800,0.81,0.95
7801,-1488,11301,13308,13997,13942,9800,0.81,0.95
7800,-1441,11286,13464,13978,14116,9802,0.81,0.95
7801,-1472,11068,13538,13829,14195,9806,0.8,0.95
7801,-1489,11184,13075,14011,13717,9810,0.8,0.95
7801,-1463,11139,13523,13808,14184,9812,0.81,0.95
7801,-1440,11153,13497,13889,14155,9812,0.8,0.95
7801,-1447,11304,13411,14015,14040,9809,0.81,0.96
7801,-1465,11299,13439,14004,14092,9806,0.81,0.95
7801,-1449,11101,13587,13834,14251,9804,0.8,0.95
7801,-1480,11228,13558,14005,14223,9804,0.8,0.95
7801,-1467,11248,13491,14005,14145,9807,0.8,0.95
7801,-1467,11252,13549,14010,14209,9812,0.8,0.95
7800,-1475,11005,13518,13696,14181,9816,0.8,0.95
7800,-1467,11174,13180,13988,13818,9818,0.8,0.95
7800,-1450,11158,13353,13820,13995,9818,0.81,0.95
7801,-1477,11309,13473,14048,14128,9814,0.81,0.95
7801,-1461,11241,13536,14012,14201,9810,0.8,0.95
7801,-1474,11283,13509,14032,14164,9805,0.8,0.95
7801,-1458,11243,13470,13970,14130,9805,0.8,0.95
7801,-1467,11315,13380,14020,14020,9806,0.81,0.95
7801,-1462,11272,13441,14009,14098,9808,0.8,0.95
7801,-1473,11276,13506,14002,14167,9811,0.81,0.95
7801,-1484,11041,13496,13698,14148,9812,0.81,0.95
7801,-1454,11130,13054,13939,13675,9812,0.8,0.95
7800,-1454,11241,13366,13945,14001,9814,0.81,0.95
7801,-1486,11229,13432,13980,14074,9816,0.8,0.95
7801,-1460,11204,13538,13985,14203,9819,0.8,0.95
7801,-1482,11336,13319,14048,13949,9820,0.81,0.95
7801,-1469,11228,13430,14003,14071,9819,0.8,0.95
7801,-1483,11199,13572,13947,14238,9818,0.8,0.95
7800,-1459,11342,13472,14061,14125,9816,0.81,0.95
7801,-1465,11210,13486,13949,14149,9816,0.8,0.95
7801,-1468,11081,13266,13729,13900,9816,0.81,0.95
7801,-1458,11324,13432,14028,14089,9818,0.81,0.95
7801,-1461,11284,13286,13979,13919,9820,0.81,0.95
7801,-1471,11303,13413,14004,14057,9823,0.81,0.95
7801,-1446,11289,13495,13998,14158,9823,0.81,0.95
7801,-1468,11263,13371,13985,14017,9822,0.81,0.95
7801,-1487,11157,13232,13966,13856,9818,0.8,0.95
7800,-1467,11365,13368,14086,14010,9813,0.81,0.95
7801,-1453,11300,13456,14032,14111,9809,0.81,0.95
7800,-1462,11313,13373,14015,14011,9809,0.81,0.95
7801,-1474,11124,13460,13777,14119,9807,0.81,0.95
7801,-1456,11220,13488,13961,14143,9803,0.8,0.95
7801,-1447,11183,13442,13850,14101,9800,0.81,0.95
7801,-1468,11177,13551,13948,14212,9799,0.8,0.95
7801,-1470,11235,13490,13960,14152,9799,0.8,0.95
7800,-1470,11285,13512,13999,14175,9800,0.81,0.95
7801,-1458,11200,13461,13969,14108,9800,0.8,0.95
7801,-1464,11171,13597,13978,14262,9800,0.8,0.95
7801,-1456,11258,13363,13950,14000,9800,0.81,0.95
7801,-1472,11280,13495,14024,14153,9803,0.8,0.95
7800,-1459,11294,13374,13991,14017,9809,0.81,0.95
7801,-1471,11181,13141,14006,13781,9814,0.8,0.95
7800,-1456,10996,13495,13703,14152,9816,0.8,0.95
7801,-1446,11296,13473,14041,14131,9815,0.8,0.95
7801,-1460,11251,13483,13991,14140,9813,0.8,0.95
7801,-1469,11270,13548,14050,14213,9810,0.8,0.95
7800,-1480,11232,13539,13973,14199,9807,0.8,0.95
7801,-1473,11298,13319,14007,13957,9807,0.81,0.95
7800,-1477,11270,13487,13995,14150,9805,0.81,0.95
7801,-1493,11222,13536,13983,14204,9803,0.8,0.95
7801,-1459,10961,13533,13633,14195,9800,0.8,0.95
7801,-1458,11155,13189,13973,13829,9799,0.8,0.95
7801,-1463,11073,13495,13773,14161,9799,0.8,0.95
7800,-1486,11270,13465,14002,14114,9803,0.8,0.95
7800,-1481,11278,13450,14003,14104,9809,0.81,0.95
7801,-1480,11217,13483,13985,14151,9815,0.8,0.95
7800,-1466,11257,13436,13973,14085,9816,0.81,0.95
7801,-1488,11202,13557,13963,14222,9815,0.8,0.95
7801,-1463,11245,13583,13997,14250,9814,0.8,0.95
7801,-1473,11195,13550,13996,14210,9812,0.8,0.95
7801,-1474,11140,13518,13846,14180,9810,0.8,0.95
7801,-1458,11319,13345,14019,13988,9810,0.81,0.95
7800,-1450,11138,13461,13808,14117,9810,0.81,0.95
7801,-1465,11331,13393,14055,14040,9810,0.81,0.95
7801,-1461,11192,13554,13974,14220,9809,0.8,0.95
7801,-1494,11258,13431,13979,14081,9809,0.81,0.95
7800,-1452,11339,13382,14041,14030,9809,0.81,0.95
7800,-1457,11298,13439,14009,14094,9807,0.81,0.95
7801,-1467,11194,13623,14013,14288,9805,0.8,0.95
7800,-1448,11241,13533,13961,14185,9804,0.81,0.95
7801,-1475,11165,13368,13836,14005,9804,0.81,0.95
7801,-1455,11267,13390,13951,14035,9803,0.81,0.95
7801,-1465,11289,13225,13984,13855,9799,0.81,0.95
7800,-1475,11187,13523,13980,14183,9796,0.8,0.95
7800,-1476,11252,13494,14012,14148,9795,0.8,0.95
7800,-1477,11304,13467,14011,14117,9795,0.81,0.95
7801,-1477,11228,13488,13970,14149,9803,0.8,0.95
7801,-1466,11277,13369,13980,14016,9811,0.81,0.95
7801,-1467,11283,13253,13975,13878,9818,0.81,0.95
7801,-1467,11330,13375,14031,14013,9818,0.81,0.95
7800,-1461,11139,13527,13862,14185,9816,0.8,0.95
7801,-1466,11271,13232,13963,13861,9812,0.81,0.95
7801,-1458,11097,13526,13803,14188,9809,0.8,0.95
7800,-1479,11227,13278,13910,13906,9807,0.81,0.95
7801,-1474,11279,13503,13999,14160,9807,0.81,0.95
7800,-1484,11215,13576,14012,14233,9806,0.8,0.95
7800,-1466,11309,13374,14031,14010,9805,0.81,0.95
7801,-1473,11240,13573,14017,14244,9804,0.8,0.95
7800,-1458,11311,13309,14016,13941,9804,0.81,0.95
7801,-1469,11250,13557,14012,14221,9807,0.8,0.95
7801,-1475,11133,13372,13786,14011,9816,0.81,0.95
7801,-1449,11323,12723,14033,13324,9824,0.81,0.95
7801,-1457,11271,13497,13965,14151,9829,0.81,0.95
7800,-1489,11220,13500,13961,14153,9829,0.8,0.95
7801,-1461,11301,13436,14024,14086,9829,0.81,0.95
7800,-1485,11269,13432,14002,14085,9829,0.8,0.95
7801,-1449,11240,13498,13977,14152,9829,0.8,0.95
7800,-1471,11246,13527,13993,14198,9829,0.8,0.95
7801,-1463,11248,13535,14008,14199,9827,0.8,0.95
7800,-1463,11302,13480,14053,14141,9819,0.8,0.95
7801,-1461,11000,13470,13665,14127,9811,0.8,0.95
7800,-1463,11200,13009,13989,13644,9804,0.8,0.95
7801,-1468,11107,13434,13776,14091,9804,0.81,0.95
7800,-1446,11240,13520,13967,14172,9807,0.8,0.95
7800,-1474,11248,13523,14032,14180,9810,0.8,0.95
7801,-1483,11344,13425,14054,14079,9813,0.81,0.95
7801,-1467,11318,13302,14027,13942,9814,0.81,0.95
7800,-1466,11332,13423,14036,14073,9815,0.81,0.95
7800,-1465,11266,13532,14013,14190,9816,0.8,0.95
7801,-1471,11240,13500,14009,14158,9817,0.8,0.95
7800,-1471,10945,13346,13551,13982,9818,0.81,0.95
7801,-1465,11179,12967,13987,13583,9818,0.8,0.95
7801,-1453,11159,13492,13866,14147,9818,0.8,0.95
7801,-1465,11212,13479,13996,14133,9817,0.8,0.95
7801,-1442,11256,13484,13956,14142,9816,0.81,0.95
7800,-1472,11225,13564,14003,14232,9815,0.8,0.95
7800,-1467,11206,13534,13988,14197,9815,0.8,0.95
7800,-1483,11338,13236,14046,13867,9790,0.81,0.95
7800,-1472,11280,13542,14033,14194,9765,0.8,0.95
7801,-1484,11293,13494,14040,14145,9740,0.8,0.95
7801,-1453,10953,13305,13561,13942,9740,0.81,0.95
7801,-1455,11243,13532,13984,14194,9751,0.8,0.95
7801,-1459,11234,13491,13950,14148,9776,0.81,0.95
7800,-1454,11283,13488,14003,14144,9801,0.81,0.95
7801,-1457,11247,13449,13989,14094,9817,0.8,0.95
7800,-1463,11314,13442,14018,14096,9817,0.81,0.95
7800,-1472,11198,13560,13982,14221,9817,0.8,0.95
7800,-1491,11349,13424,14058,14081,9816,0.81,0.95
7800,-1466,11312,13502,14022,14165,9816,0.81,0.95
7801,-1478,11187,13548,13941,14209,9816,0.8,0.95
7801,-1464,11074,13551,13777,14219,9815,0.8,0.95
7800,-1441,11289,13491,14015,14151,9815,0.81,0.95
7801,-1448,11114,13494,13769,14157,9814,0.81,0.95
7800,-1472,11349,13318,14067,13957,9813,0.81,0.95
7800,-1459,11253,13477,13969,14134,9813,0.81,0.95
7800,-1463,11295,13498,14071,14157,9811,0.8,0.95
7800,-1462,11291,13462,14021,14120,9808,0.81,0.95
7800,-1451,11259,13573,14022,14231,9805,0.8,0.95
7800,-1455,11312,13432,14029,14088,9804,0.81,0.95
7801,-1469,11258,13430,13986,14093,9804,0.8,0.95
7801,-1480,11130,13510,13831,14167,9805,0.8,0.95
7800,-1452,11223,13132,13959,13777,9806,0.8,0.95
7800,-1464,11182,13572,13921,14234,9806,0.8,0.95
7801,-1462,11237,13492,13971,14144,9807,0.8,0.95
7800,-1464,11245,13485,13953,14149,9807,0.81,0.95
7801,-1469,11275,13487,13988,14152,9808,0.81,0.95
7800,-1457,11336,13410,14053,14063,9808,0.81,0.95
7800,-1467,11300,13468,14006,14121,9808,0.81,0.95
7800,-1477,11306,13337,14008,13974,9808,0.81,0.95
7801,-1468,11287,13447,13998,14099,9809,0.81,0.95
7801,-1467,11020,13241,13654,13873,9810,0.81,0.95
7800,-1452,11287,13213,13989,13859,9810,0.81,0.95
7800,-1464,11346,13438,14046,14099,9810,0.81,0.95
7800,-1458,11323,13468,14032,14125,9812,0.81,0.95
7801,-1477,11276,13448,14009,14100,9814,0.8,0.95
7801,-1458,11340,13500,14072,14167,9816,0.81,0.95
7800,-1452,11275,13470,13980,14112,9817,0.81,0.95
7800,-1491,11125,13205,13934,13839,9817,0.8,0.95
7800,-1475,11203,13600,13999,14256,9819,0.8,0.95
7801,-1479,11229,13497,13985,14159,9822,0.8,0.95
7800,-1461,10950,13532,13630,14188,9825,0.8,0.95
7800,-1466,11152,13086,13954,13706,9825,0.8,0.95
7801,-1471,11121,13542,13867,14203,9823,0.8,0.95
7800,-1450,11317,13461,14022,14121,9820,0.81,0.95
7800,-1449,11270,13540,14016,14197,9816,0.8,0.95
7800,-1475,11258,13548,14040,14207,9813,0.8,0.95
7801,-1459,11249,13520,14017,14178,9813,0.8,0.95
7801,-1463,11196,13556,13920,14223,9810,0.8,0.95
7801,-1460,11322,13249,14030,13877,9806,0.81,0.95
7801,-1459,11300,13516,14049,14179,9803,0.8,0.95
7800,-1464,11147,13528,13859,14192,9802,0.8,0.95
7800,-1483,11170,13129,13990,13752,9803,0.8,0.95
7800,-1466,11219,13311,13898,13953,9803,0.81,0.95
7801,-1467,11204,13573,13990,14223,9804,0.8,0.95
7801,-1471,11218,13551,13996,14199,9804,0.8,0.95
7800,-1485,11298,13389,13998,14043,9804,0.81,0.95
7800,-1459,11284,13426,14001,14075,9803,0.81,0.95
7800,-1466,11278,13437,13972,14087,9801,0.81,0.95
7800,-1473,11236,13470,13976,14113,9799,0.8,0.95
7800,-1450,11259,13521,14010,14180,9799,0.8,0.95
7801,-1469,11212,13338,13885,13987,9801,0.81,0.95
7800,-1478,11282,13305,13978,13947,9809,0.81,0.95
7801,-1462,11293,13368,13995,14009,9817,0.81,0.95
7801,-1485,11238,13501,13993,14155,9824,0.8,0.95
7800,-1452,11221,13463,13926,14122,9824,0.81,0.95
7800,-1450,11265,13508,13978,14169,9823,0.81,0.95
7801,-1469,11240,13552,14015,14218,9822,0.8,0.95
7800,-1458,11337,13348,14044,13988,9821,0.81,0.95
7800,-1474,11246,13558,14024,14219,9820,0.8,0.95
7800,-1465,11295,13426,14002,14076,9820,0.81,0.95
7800,-1462,11190,13547,13889,14205,9818,0.81,0.95
7801,-1468,11177,12940,13963,13562,9816,0.8,0.95
7800,-1490,11042,13531,13815,14189,9815,0.8,0.95
7801,-1495,11260,13504,13990,14165,9814,0.8,0.95
7800,-1450,11299,13444,13995,14095,9815,0.81,0.95
7800,-1492,11234,13493,13991,14154,9815,0.8,0.95
7800,-1447,11287,13551,13998,14208,9816,0.81,0.95
7801,-1460,11287,13450,13981,14097,9817,0.81,0.95
7801,-1464,11246,13519,13988,14174,9817,0.8,0.95
7801,-1481,11219,13562,14031,14217,9820,0.8,0.95
7800,-1488,10840,13220,13564,13855,9822,0.8,0.95
7800,-1442,11240,13412,13956,14067,9823,0.81,0.95
7800,-1452,11246,13319,13931,13961,9823,0.81,0.95
7800,-1467,11208,13481,13951,14140,9821,0.8,0.95
7801,-1456,11151,13511,13891,14165,9816,0.8,0.95
7800,-1475,11249,13487,13965,14140,9811,0.81,0.95
7800,-1466,11235,13493,13971,14153,9808,0.8,0.95
7800,-1459,11300,13470,14025,14119,9807,0.81,0.95
7800,-1458,11256,13516,14019,14170,9810,0.8,0.95
7801,-1463,11225,13506,13962,14162,9813,0.8,0.95
7801,-1472,11047,13511,13763,14165,9817,0.8,0.95
7800,-1460,11273,13473,13982,14132,9817,0.81,0.95
7800,-1454,11327,13404,14044,14049,9815,0.81,0.95
7800,-1455,11257,13493,13997,14151,9811,0.8,0.95
7800,-1459,11229,13462,13946,14113,9806,0.81,0.95
7801,-1463,11328,13449,14036,14107,9804,0.81,0.95
7800,-1455,11253,13422,13988,14063,9804,0.8,0.95
7800,-1456,11287,13509,14055,14172,9807,0.8,0.95
7800,-1463,11320,13383,14031,14027,9811,0.81,0.95
7801,-1475,11257,13541,14034,14200,9815,0.8,0.95
7801,-1480,11010,13204,13645,13834,9816,0.81,0.95
7800,-1447,11310,13337,14016,13993,9816,0.81,0.95
7800,-1467,11179,13228,14001,13863,9817,0.8,0.95
7800,-1469,11174,13575,13981,14234,9818,0.8,0.95
7800,-1478,11222,13554,13975,14219,9818,0.8,0.95
7800,-1471,11247,13534,13996,14190,9818,0.8,0.95
7801,-1490,11227,13527,14008,14189,9816,0.8,0.95
7800,-1471,11270,13481,13999,14142,9812,0.81,0.95
7800,-1472,11264,13488,13998,14140,9808,0.8,0.95
7801,-1442,11256,13533,14017,14192,9807,0.8,0.95
7800,-1485,11108,13532,13840,14185,9807,0.8,0.95
7800,-1446,11268,13306,13968,13952,9808,0.81,0.95
7800,-1463,11072,13566,13790,14233,9810,0.8,0.95
7801,-1477,11232,13508,13974,14170,9811,0.8,0.95
7800,-1458,11361,13327,14077,13958,9812,0.81,0.95
7800,-1473,11345,13345,14076,13985,9812,0.81,0.95
7800,-1453,11236,13524,14012,14177,9813,0.8,0.95
7801,-1476,11209,13558,14000,14218,9813,0.8,0.95
7800,-1461,11266,13509,13959,14169,9813,0.81,0.95
7800,-1467,11272,13460,13985,14124,9813,0.81,0.95
7801,-1460,11205,13464,13900,14109,9813,0.81,0.95
7801,-1472,11200,12852,13928,13459,9813,0.8,0.95
7800,-1448,11078,13551,13793,14215,9813,0.8,0.95
7801,-1473,11245,13468,13931,14123,9813,0.81,0.95
7800,-1459,11260,13459,14022,14111,9811,0.8,0.95
7800,-1468,11205,13539,13937,14196,9809,0.8,0.95
7800,-1464,11277,13406,14005,14047,9806,0.81,0.95
7801,-1446,11277,13514,14023,14178,9804,0.8,0.95
7800,-1457,11329,13386,14034,14026,9804,0.81,0.95
7800,-1485,11207,13582,14011,14241,9809,0.8,0.95
7800,-1475,11007,13385,13669,14032,9815,0.81,0.95
7800,-1446,11198,13471,13917,14129,9821,0.8,0.95
7800,-1455,11230,13484,13910,14143,9822,0.81,0.95
7800,-1465,11299,13554,14021,14209,9821,0.81,0.95
7801,-1460,11281,13492,13999,14154,9817,0.81,0.95
7801,-1484,11193,13557,13970,14220,9813,0.8,0.95
7800,-1481,11328,13275,14039,13911,9811,0.81,0.95
7800,-1490,11109,13204,13912,13831,9811,0.8,0.95
7800,-1471,11232,13356,13951,13992,9809,0.81,0.95
7800,-1476,11235,13566,13995,14230,9807,0.8,0.95
7800,-1470,11086,13352,13744,13990,9805,0.81,0.95
7801,-1458,11240,13506,13969,14169,9805,0.8,0.95
7800,-1460,11146,13498,13834,14166,9805,0.81,0.95
7801,-1459,11245,13495,13978,14157,9805,0.8,0.95
7800,-1444,11213,13485,13910,14145,9804,0.81,0.95
7801,-1478,11228,13366,13951,14006,9804,0.8,0.95
7800,-1470,11291,13220,13996,13846,9804,0.81,0.95
7800,-1490,11193,13539,13987,14201,9805,0.8,0.95
7800,-1473,11196,13591,14011,14261,9807,0.8,0.95
7800,-1474,11255,13459,13976,14107,9808,0.81,0.95
7800,-1457,11099,13512,13799,14165,9809,0.8,0.95
7800,-1471,11204,13125,13990,13762,9810,0.8,0.95
7800,-1475,11229,13336,13897,13977,9812,0.81,0.95
7801,-1456,11280,13506,14014,14168,9814,0.8,0.95
7800,-1460,11292,13521,13991,14181,9816,0.81,0.95
7800,-1461,11327,13518,14036,14180,9816,0.81,0.95
7800,-1458,11316,13432,14013,14081,9815,0.81,0.95
7800,-1472,11276,13452,14025,14102,9814,0.8,0.95
7800,-1478,11271,13510,14042,14158,9813,0.8,0.95
7800,-1475,11276,13531,14020,14194,9813,0.8,0.95
7801,-1459,10845,13523,13500,14185,9813,0.8,0.95
7800,-1454,11313,13386,14011,14036,9812,0.81,0.95
7800,-1491,11231,13495,13949,14159,9811,0.81,0.95
7800,-1478,11259,13216,13954,13841,9810,0.81,0.95
7801,-1464,11313,13332,14018,13971,9809,0.81,0.95
7800,-1482,11251,13461,13998,14118,9809,0.8,0.95
7800,-1474,11144,13233,13950,13859,9808,0.8,0.95
7800,-1456,11344,13472,14051,14122,9807,0.81,0.95
7800,-1454,11290,13483,14028,14131,9806,0.8,0.95
7800,-1456,11286,13503,14027,14168,9807,0.8,0.95
7801,-1476,11227,13501,13952,14153,9807,0.8,0.95
7800,-1461,11322,13354,14029,14004,9808,0.81,0.95
7800,-1460,11248,13273,13932,13903,9808,0.81,0.95
7800,-1459,11285,13522,14015,14185,9808,0.81,0.95
7800,-1489,11242,13489,14013,14148,9809,0.8,0.95
7800,-1468,11223,13571,13983,14234,9812,0.8,0.95
7800,-1449,11323,13254,14031,13883,9816,0.81,0.95
7800,-1482,11222,13504,13962,14164,9818,0.8,0.95
7800,-1465,11199,13573,13977,14237,9818,0.8,0.95
7800,-1467,11216,13588,13986,14257,9816,0.8,0.95
7800,-1464,11189,13536,13895,14200,9814,0.81,0.95
7800,-1474,11088,13002,13889,13640,9813,0.8,0.95
7801,-1459,11098,13460,13777,14111,9812,0.81,0.95
7801,-1485,11282,13435,14031,14081,9811,0.8,0.95
7800,-1463,11286,13530,14048,14191,9807,0.8,0.95
7800,-1455,11286,13414,13991,14061,9802,0.81,0.95
7800,-1461,11288,13415,14029,14059,9799,0.8,0.95
7800,-1465,11266,13495,13985,14155,9799,0.81,0.95
7800,-1466,11290,13406,13992,14046,9803,0.81,0.95
7800,-1482,11290,13410,13989,14051,9810,0.81,0.95
7800,-1467,11131,13435,13807,14080,9816,0.81,0.95
7800,-1463,11168,13082,13978,13727,9818,0.8,0.95
7800,-1471,11333,13277,14052,13905,9818,0.81,0.95
7800,-1460,11202,13511,13929,14158,9814,0.8,0.95
7800,-1454,11322,13443,14029,14089,9810,0.81,0.95
7801,-1492,11288,13488,14003,14136,9805,0.81,0.95
7800,-1463,11207,13507,13966,14164,9805,0.8,0.95
7800,-1497,11316,13270,14028,13905,9807,0.81,0.95
7800,-1466,11300,13393,14002,14037,9810,0.81,0.95
7800,-1481,11175,13535,13934,14200,9813,0.8,0.95
7800,-1469,10869,13517,13531,14175,9814,0.8,0.95
7800,-1452,11266,13468,14026,14119,9814,0.8,0.95
7800,-1481,11143,13200,13957,13835,9812,0.8,0.95
7800,-1489,11215,13554,13961,14218,9809,0.8,0.95
7800,-1455,11338,13391,14047,14042,9806,0.81,0.95
7801,-1475,11216,13546,14009,14208,9807,0.8,0.95
7800,-1478,11316,13360,14020,14002,9809,0.81,0.95
7800,-1472,11214,13529,13995,14193,9812,0.8,0.95
7800,-1461,11314,13308,14024,13938,9816,0.81,0.95
7800,-1476,11213,13600,13978,14267,9818,0.8,0.95
7800,-1471,11092,13467,13788,14130,9818,0.8,0.95
7800,-1464,11245,13487,13992,14141,9819,0.8,0.95
7800,-1479,11013,13244,13785,13879,9820,0.8,0.95
7800,-1456,11218,13515,13968,14173,9821,0.8,0.95
7801,-1465,11241,13368,13952,14014,9821,0.81,0.95
7800,-1471,11258,13354,13983,13985,9820,0.81,0.95
7801,-1450,11293,13340,13994,13980,9820,0.81,0.95
7800,-1462,11262,13306,13957,13940,9820,0.81,0.95
7800,-1472,11305,13437,14048,14081,9820,0.8,0.95
7800,-1456,11234,13449,13978,14102,9820,0.8,0.95
7800,-1451,11012,13473,13635,14125,9817,0.81,0.95
7800,-1453,11161,13127,13949,13767,9815,0.8,0.95
7800,-1470,11123,13399,13783,14049,9812,0.81,0.95
7800,-1481,11178,13556,13939,14217,9812,0.8,0.95
7800,-1471,11284,13288,13984,13917,9813,0.81,0.95
7800,-1464,11265,13500,13977,14160,9815,0.81,0.95
7800,-1455,11275,13367,13965,14010,9817,0.81,0.95
7800,-1473,11204,13436,13975,14085,9818,0.8,0.95
7800,-1465,11273,13490,14012,14145,9818,0.8,0.95
7800,-1480,11203,13576,13981,14243,9821,0.8,0.95
7800,-1474,10833,13532,13466,14195,9824,0.8,0.95
7800,-1453,11122,13183,13922,13830,9827,0.8,0.95
7800,-1469,11085,13541,13839,14206,9828,0.8,0.95
7800,-1486,11209,13524,13982,14186,9828,0.8,0.95
7800,-1462,11201,13571,13943,14235,9826,0.8,0.95
7800,-1466,11292,13411,14029,14056,9824,0.8,0.95
7800,-1480,11216,13475,13961,14135,9822,0.8,0.95
7800,-1455,11277,13496,14019,14153,9822,0.8,0.95
7800,-1451,11232,13581,13980,14246,9821,0.8,0.95
7800,-1460,11273,13448,13982,14092,9818,0.81,0.95
7800,-1499,11129,13475,13848,14139,9815,0.8,0.95
7800,-1455,11331,13526,14060,14183,9814,0.81,0.95
7800,-1451,11100,13380,13766,14028,9815,0.81,0.95
7800,-1483,11275,13485,14002,14135,9819,0.81,0.95
7800,-1458,11266,13461,14016,14111,9822,0.8,0.95
7800,-1447,11249,13490,13978,14150,9826,0.8,0.95
7800,-1452,11300,13365,14007,14005,9826,0.81,0.95
7800,-1485,11321,13285,14022,13917,9823,0.81,0.95
7801,-1459,11217,13519,13983,14176,9815,0.8,0.95
7800,-1484,11289,13527,14029,14187,9807,0.8,0.95
7800,-1469,11226,13472,13935,14124,9802,0.81,0.95
7800,-1462,11189,13433,13870,14094,9802,0.81,0.95
7800,-1456,11280,13509,14015,14172,9806,0.8,0.95
7800,-1459,11271,13510,14030,14170,9811,0.8,0.95
7800,-1457,11283,13513,14047,14174,9816,0.8,0.95
7800,-1471,11277,13497,14024,14166,9817,0.8,0.95
7800,-1469,11318,13264,14033,13891,9816,0.81,0.95
7800,-1471,11316,13360,14023,14005,9813,0.81,0.95
7800,-1477,11243,13515,13972,14169,9809,0.8,0.95
7800,-1467,11320,13353,14025,13994,9806,0.81,0.95
7800,-1455,11060,13312,13692,13943,9807,0.81,0.95
7800,-1444,11264,13399,13957,14054,9802,0.81,0.95
7800,-1467,11276,13302,13969,13936,9796,0.81,0.95
7800,-1459,11332,13553,14077,14212,9789,0.81,0.95
7800,-1455,11311,13494,14050,14151,9787,0.81,0.95
7800,-1486,11209,13449,13913,14106,9790,0.81,0.95
7800,-1447,11305,13365,14009,14008,9802,0.81,0.95
7800,-1464,11279,13262,13980,13892,9814,0.81,0.95
7801,-1469,11270,13541,14009,14200,9823,0.8,0.95
7800,-1466,11275,13573,14029,14247,9823,0.8,0.95
7800,-1462,11129,13411,13793,14060,9820,0.81,0.95
7800,-1447,11322,13433,14028,14087,9814,0.81,0.95
7800,-1460,11242,13453,13980,14111,9809,0.8,0.95
7800,-1464,11273,13479,13999,14130,9807,0.81,0.95
7800,-1476,11157,13583,13927,14241,9806,0.8,0.95
7800,-1473,11284,13467,14009,14127,9807,0.81,0.95
7801,-1476,11190,13434,13920,14079,9808,0.8,0.95
7800,-1474,11294,13257,14003,13890,9809,0.81,0.95
7801,-1472,11327,13313,14043,13949,9810,0.81,0.95
7800,-1464,11255,13539,13986,14197,9810,0.8,0.95
7800,-1455,10947,13397,13585,14035,9810,0.81,0.95
7800,-1448,11223,13004,13955,13639,9810,0.8,0.95
7800,-1466,11203,13485,13948,14154,9811,0.8,0.95
7800,-1465,11247,13519,13997,14179,9811,0.8,0.95
7801,-1479,11371,13347,14080,13985,9811,0.81,0.95
7801,-1465,11270,13511,13999,14163,9810,0.81,0.95
7800,-1456,11283,13238,13984,13863,9810,0.81,0.95
7800,-1467,11264,13488,14010,14143,9810,0.8,0.95
7800,-1454,11268,13501,14000,14163,9810,0.8,0.95
7800,-1459,11231,13520,13975,14184,9807,0.8,0.95
7800,-1453,11071,13465,13760,14116,9805,0.8,0.95
7800,-1451,11295,13287,14002,13942,9804,0.81,0.95
7800,-1453,11124,13352,13774,13996,9804,0.81,0.95
7801,-1496,11301,13390,14025,14027,9804,0.81,0.95
7801,-1460,11274,13541,14025,14198,9804,0.8,0.95
7800,-1488,11206,13513,13950,14175,9804,0.8,0.95
7800,-1461,11189,13518,13953,14175,9804,0.8,0.95
7800,-1462,11246,13508,13999,14180,9805,0.8,0.95
7800,-1461,11193,13477,13938,14139,9805,0.8,0.95
7800,-1468,11265,13480,14033,14137,9805,0.8,0.95
7800,-1461,11133,13501,13850,14162,9805,0.8,0.95
7801,-1458,11283,13509,14028,14173,9805,0.8,0.95
7801,-1446,11072,13496,13775,14162,9807,0.8,0.95
7800,-1471,11332,13416,14053,14072,9810,0.81,0.95
7800,-1450,11284,13326,13974,13968,9812,0.81,0.95
7800,-1463,11300,13518,14040,14180,9813,0.8,0.95
7800,-1460,11200,13479,13942,14140,9812,0.8,0.95
7800,-1477,11260,13419,13955,14076,9809,0.81,0.95
7800,-1474,11323,13522,14059,14189,9806,0.81,0.95
7800,-1477,11239,13542,13985,14201,9804,0.8,0.95
7800,-1469,11122,13471,13860,14126,9804,0.8,0.95
7801,-1464,11168,13130,13961,13770,9809,0.8,0.95
7801,-1479,11209,13496,13946,14157,9818,0.8,0.95
7800,-1476,11299,13486,14006,14143,9827,0.81,0.95
7800,-1457,11201,13477,13962,14135,9830,0.8,0.95
7800,-1464,11282,13439,14027,14085,9831,0.8,0.95
7800,-1464,11285,13352,13993,13990,9820,0.81,0.95
7800,-1463,11316,13493,14032,14146,9809,0.81,0.95
7800,-1478,11188,13557,13963,14220,9798,0.8,0.95
7801,-1474,11321,13342,14034,13978,9798,0.81,0.95
7800,-1452,11050,13410,13682,14055,9800,0.81,0.95
7801,-1444,11307,12740,14002,13345,9805,0.81,0.95
7800,-1461,11192,13535,13961,14203,9810,0.8,0.95
7801,-1462,11218,13501,13940,14161,9813,0.8,0.95
7800,-1456,11236,13498,13949,14164,9813,0.81,0.95
7800,-1464,11296,13483,14014,14140,9812,0.81,0.95
7800,-1456,11308,13255,14008,13887,9812,0.81,0.95
7800,-1471,11297,13421,14011,14069,9812,0.81,0.95
7800,-1468,11239,13435,13984,14077,9812,0.8,0.95
7801,-1468,11300,13341,14007,13982,9811,0.81,0.95
7801,-1467,10971,13473,13597,14137,9810,0.81,0.95
7800,-1470,11179,13080,13984,13700,9810,0.8,0.95
7800,-1484,11245,13541,14007,14204,9809,0.8,0.95
7800,-1465,11285,13337,13989,13980,9810,0.81,0.95
7800,-1456,11337,13284,14058,13925,9811,0.81,0.95
7800,-1464,11175,13524,13947,14183,9812,0.8,0.95
7800,-1445,11296,13299,14002,13932,9813,0.81,0.95
7800,-1462,11252,13477,13988,14140,9813,0.8,0.95
7800,-1452,11281,13496,14018,14166,9813,0.8,0.95
7800,-1468,11297,13270,13995,13903,9811,0.81,0.95
7800,-1469,10987,13533,13649,14201,9809,0.8,0.95
7801,-1466,11163,13068,13974,13688,9808,0.8,0.95
7800,-1490,11176,13495,13911,14161,9807,0.8,0.95
7801,-1460,11302,13504,14046,14169,9810,0.8,0.95
7800,-1467,11256,13510,14005,14166,9815,0.8,0.95
7800,-1457,11283,13453,14036,14111,9820,0.8,0.95
7800,-1450,11277,13478,14004,14135,9822,0.81,0.95
7801,-1469,11256,13544,14013,14208,9821,0.8,0.95
7800,-1456,11254,13505,14002,14171,9817,0.8,0.95
7800,-1447,11291,13481,14030,14136,9813,0.8,0.95
7800,-1465,11184,13486,13898,14143,9809,0.8,0.95
7800,-1461,11277,13341,13980,13998,9810,0.81,0.95
7800,-1454,11137,13536,13859,14201,9815,0.8,0.95
7801,-1463,11284,13526,14064,14183,9823,0.8,0.95
7801,-1459,11290,13480,14007,14137,9831,0.81,0.95
7800,-1466,11251,13465,13967,14121,9834,0.81,0.95
7800,-1451,11254,13507,13979,14171,9834,0.81,0.95
7800,-1463,11160,13536,13940,14197,9827,0.8,0.95
7800,-1459,11276,13503,14028,14159,9820,0.8,0.95
7800,-1462,11263,13488,14007,14147,9813,0.8,0.95
7800,-1455,11167,13451,13848,14117,9813,0.81,0.95
7800,-1471,11156,13523,13931,14188,9812,0.8,0.95
7800,-1480,11229,13472,13960,14124,9812,0.8,0.95
7801,-1450,11316,13481,14041,14143,9812,0.81,0.95
7800,-1466,11257,13529,14031,14178,9812,0.8,0.95
7800,-1484,11321,13480,14040,14132,9812,0.81,0.95
7800,-1483,11232,13495,13966,14156,9813,0.8,0.95
7801,-1482,11273,13506,14025,14168,9815,0.8,0.95
7800,-1465,11138,13535,13931,14192,9816,0.8,0.95
7801,-1464,11216,13582,13986,14247,9817,0.8,0.95
7800,-1453,11242,13418,13940,14071,9817,0.81,0.95
7801,-1457,11198,13512,13957,14174,9816,0.8,0.95
7800,-1456,11335,13250,14043,13884,9814,0.81,0.95
7800,-1481,11237,13476,14011,14133,9813,0.8,0.95
7800,-1478,11271,13473,14000,14138,9813,0.81,0.95
7801,-1476,11327,13391,14041,14040,9811,0.81,0.95
7800,-1457,11156,13480,13921,14131,9808,0.8,0.95
7800,-1464,11302,13268,14007,13902,9806,0.81,0.95
7800,-1464,11285,13451,14025,14098,9805,0.8,0.95
7800,-1472,11237,13524,13966,14188,9805,0.8,0.95
7800,-1445,11152,13428,13813,14086,9807,0.81,0.95
7800,-1452,11274,13149,13976,13782,9808,0.81,0.95
7800,-1455,11280,13493,14027,14161,9809,0.8,0.95
7801,-1458,11219,13523,13961,14183,9809,0.8,0.95
7800,-1459,11205,13526,13995,14185,9810,0.8,0.95
7801,-1486,11256,13593,14008,14258,9812,0.8,0.95
7800,-1449,11339,13232,14056,13867,9814,0.81,0.95
7800,-1470,11249,13389,13959,14037,9815,0.81,0.95
7800,-1464,11290,13302,13998,13939,9815,0.81,0.95
7800,-1490,11192,13485,13934,14145,9816,0.8,0.95
7800,-1456,11028,13510,13698,14170,9816,0.81,0.95
7800,-1452,11286,13386,13985,14045,9816,0.81,0.95
7800,-1456,11304,13386,14012,14031,9816,0.81,0.95
7801,-1475,11298,13296,13999,13923,9817,0.81,0.95
7800,-1453,11295,13546,14028,14205,9820,0.81,0.95
7800,-1470,11232,13559,13997,14226,9822,0.8,0.95
7800,-1469,11209,13467,13969,14112,9823,0.8,0.95
7800,-1464,11279,13401,13968,14047,9823,0.81,0.95
7800,-1459,11329,13339,14040,13974,9825,0.81,0.95
7800,-1471,11223,13564,13961,14227,9826,0.8,0.95
7800,-1479,10963,13477,13638,14130,9828,0.8,0.95
7800,-1451,11281,13391,13998,14050,9828,0.81,0.95
7800,-1478,10960,13291,13719,13926,9827,0.8,0.95
7800,-1479,11285,13479,13986,14137,9826,0.81,0.95
7801,-1474,11320,13206,14017,13834,9825,0.81,0.95
7800,-1474,11178,13546,13984,14213,9825,0.8,0.95
7800,-1471,11312,13229,14017,13850,9825,0.81,0.96
7800,-1487,11203,13448,13927,14102,9820,0.8,0.95
7800,-1469,11328,13285,14038,13918,9814,0.81,0.95
7800,-1445,11223,13478,13940,14125,9807,0.81,0.95
7800,-1466,11186,13327,13862,13962,9805,0.81,0.95
7800,-1476,11171,13098,13978,13739,9806,0.8,0.95
7800,-1454,11157,13470,13875,14131,9809,0.8,0.95
7800,-1476,11174,13481,13943,14144,9812,0.8,0.95
7800,-1461,11276,13510,14021,14164,9813,0.8,0.95
7800,-1472,11186,13543,13968,14203,9813,0.8,0.95
7800,-1457,11268,13467,14011,14128,9810,0.8,0.95
7800,-1469,11328,13335,14024,13977,9807,0.81,0.95
7800,-1487,11177,13548,13955,14205,9805,0.8,0.95
7800,-1467,11289,13466,14002,14113,9804,0.81,0.95
7801,-1450,10908,13470,13533,14134,9805,0.81,0.95
7800,-1468,11185,12977,13965,13592,9813,0.8,0.95
7800,-1474,11101,13508,13765,14162,9821,0.81,0.95
7800,-1442,11265,13468,13971,14116,9828,0.81,0.95
7800,-1462,11234,13564,13979,14228,9828,0.8,0.95
7800,-1474,11203,13551,13980,14215,9825,0.8,0.95
7800,-1477,11273,13494,14013,14148,9819,0.8,0.95
7800,-1476,11209,13504,13956,14176,9813,0.8,0.95
7800,-1455,11295,13304,13998,13933,9810,0.81,0.95
7800,-1466,11264,13607,14018,14273,9810,0.8,0.95
7801,-1480,11087,13275,13744,13898,9813,0.81,0.96
7800,-1462,11228,13451,13950,14116,9816,0.8,0.95
7800,-1484,11276,13511,13998,14165,9818,0.81,0.95
7800,-1455,11267,13481,13982,14137,9818,0.81,0.95
7801,-1456,11261,13515,13982,14179,9816,0.81,0.95
7800,-1462,11234,13516,13994,14176,9813,0.8,0.95
7801,-1459,11315,13411,14014,14058,9811,0.81,0.95
7800,-1472,11286,13430,14016,14083,9810,0.81,0.95
7800,-1471,11289,13347,14014,13988,9810,0.81,0.95
7800,-1461,11311,13404,14056,14051,9807,0.8,0.95
7800,-1483,10930,13515,13604,14175,9804,0.8,0.95
7800,-1446,11330,13340,14041,13979,9801,0.81,0.95
7800,-1463,11216,13596,13978,14265,9802,0.8,0.95
7800,-1459,11331,13501,14038,14164,9804,0.81,0.95
7801,-1460,11247,13532,14025,14190,9808,0.8,0.95
7800,-1493,11193,13520,13976,14177,9811,0.8,0.95
7800,-1480,11243,13522,13999,14189,9813,0.8,0.95
7800,-1471,11200,13522,13946,14191,9813,0.8,0.95
7800,-1465,11240,13556,14004,14219,9814,0.8,0.95
7800,-1469,11334,13479,14041,14128,9815,0.81,0.95
7800,-1480,11121,13369,13780,14006,9815,0.81,0.95
7801,-1455,11301,13422,14004,14078,9815,0.81,0.95
7801,-1484,11254,13357,13945,14002,9815,0.81,0.95
7800,-1467,11260,13557,13989,14218,9814,0.8,0.95
7800,-1462,11332,13474,14042,14124,9813,0.81,0.95
7800,-1479,11309,13313,14019,13944,9812,0.81,0.95
7800,-1462,11276,13461,14000,14110,9812,0.81,0.95
7800,-1474,11280,13277,13984,13912,9812,0.81,0.95
7800,-1479,11230,13537,13985,14192,9812,0.8,0.95
7800,-1468,11179,13495,13943,14157,9812,0.8,0.95
7800,-1487,10879,13559,13589,14223,9812,0.8,0.95
7800,-1479,11138,13020,13916,13645,9811,0.8,0.95
7801,-1471,11281,13483,13997,14148,9804,0.81,0.95
7800,-1471,11318,13491,14049,14151,9796,0.81,0.95
7800,-1474,11196,13517,13986,14180,9790,0.8,0.95
7800,-1471,11271,13513,14032,14170,9790,0.8,0.95
7800,-1460,11274,13462,14011,14114,9792,0.8,0.95
7800,-1454,11223,13468,13965,14131,9795,0.8,0.95
7801,-1468,11224,13555,14002,14211,9799,0.8,0.95
7800,-1461,11297,13342,13998,13982,9800,0.81,0.95
7800,-1465,11101,13356,13755,13991,9800,0.81,0.95
7800,-1456,11358,13263,14076,13906,9804,0.81,0.95
7801,-1463,11120,13553,13899,14220,9808,0.8,0.95
7801,-1479,11280,13549,14028,14208,9812,0.8,0.95
7800,-1478,11301,13250,14002,13882,9812,0.81,0.95
7800,-1480,11190,13473,13953,14127,9814,0.8,0.95
7800,-1475,11192,13550,13957,14209,9818,0.8,0.95
7800,-1482,11175,13516,13930,14177,9822,0.8,0.95
7800,-1464,11237,13350,13919,13983,9825,0.81,0.95
7800,-1481,11165,13517,13957,14178,9826,0.8,0.95
7800,-1456,11160,13526,13873,14195,9816,0.8,0.95
7800,-1474,11101,13075,13897,13716,9805,0.8,0.95
7801,-1463,11016,13506,13726,14170,9795,0.8,0.95
7800,-1448,11260,13527,14019,14186,9795,0.8,0.95
7800,-1466,11272,13547,14018,14214,9798,0.8,0.95
7800,-1461,11220,13495,13926,14151,9806,0.81,0.95
7800,-1460,11252,13544,14007,14202,9814,0.8,0.95
7800,-1483,11165,13198,13991,13828,9818,0.8,0.95
7800,-1449,11281,13485,14036,14140,9818,0.8,0.95
7800,-1464,11256,13470,13990,14130,9819,0.8,0.95
7800,-1479,11145,13360,13831,14010,9821,0.81,0.95
7801,-1457,11285,13431,14004,14085,9822,0.81,0.95
7800,-1449,11247,13374,13935,14026,9822,0.81,0.95
7800,-1473,11275,13504,13989,14169,9822,0.81,0.95
7800,-1452,11284,13495,13999,14158,9824,0.81,0.95
7800,-1480,11268,13484,14017,14133,9826,0.8,0.95
7800,-1467,11274,13554,14053,14217,9828,0.8,0.95
7800,-1462,11266,13486,13990,14149,9828,0.81,0.95
7800,-1482,11319,13300,14034,13935,9824,0.81,0.95
7800,-1478,11241,13552,14016,14218,9819,0.8,0.95
7800,-1464,11163,13400,13830,14041,9814,0.81,0.95
7801,-1452,11307,13243,14013,13866,9813,0.81,0.96
7800,-1461,11309,13532,14059,14199,9814,0.8,0.95
7800,-1454,11318,13466,14021,14123,9820,0.81,0.95
7800,-1451,11149,13569,13924,14228,9826,0.8,0.95
7800,-1494,11169,13523,13986,14186,9831,0.8,0.95
7801,-1463,11314,13287,14019,13920,9831,0.81,0.95
7800,-1483,11298,13296,13998,13932,9820,0.81,0.95
7801,-1456,11273,13519,14017,14181,9803,0.8,0.95
7800,-1463,11319,13534,14026,14190,9786,0.81,0.95
7800,-1440,11128,13422,13797,14087,9779,0.81,0.95
7800,-1457,11311,13404,14035,14057,9779,0.81,0.95
7800,-1445,11054,13419,13680,14077,9792,0.81,0.95
7800,-1481,11260,13503,14009,14162,9806,0.8,0.95
7800,-1457,11177,13551,13942,14219,9820,0.8,0.95
7801,-1479,11309,13439,14025,14093,9820,0.81,0.95
7800,-1448,11296,13371,13997,14012,9820,0.81,0.95
7800,-1459,11293,13542,14020,14206,9817,0.81,0.95
7800,-1492,11201,13542,13986,14204,9815,0.8,0.95
7800,-1489,11259,13505,14043,14158,9813,0.8,0.95
7800,-1465,10969,13569,13671,14230,9813,0.8,0.95
7800,-1447,11270,13479,14003,14133,9818,0.8,0.95
7800,-1458,11296,13464,14002,14119,9822,0.81,0.95
7800,-1465,11292,13517,14041,14172,9826,0.8,0.95
7800,-1457,11260,13541,13979,14199,9826,0.81,0.95
7800,-1475,11300,13449,14016,14101,9823,0.81,0.95
7801,-1464,11212,13545,13999,14209,9818,0.8,0.95
7800,-1477,11187,13536,13961,14194,9813,0.8,0.95
7800,-1463,11267,13488,14001,14145,9809,0.8,0.95
7800,-1470,11344,13496,14047,14151,9809,0.81,0.95
7800,-1469,11149,13534,13916,14199,9812,0.8,0.95
7800,-1477,11199,13002,13992,13638,9817,0.8,0.95
7800,-1476,11300,13290,13992,13919,9822,0.81,0.95
7801,-1464,11245,13524,14003,14189,9823,0.8,0.95
7800,-1446,11242,13506,13992,14171,9823,0.8,0.95
7800,-1467,11324,13252,14037,13880,9825,0.81,0.95
7800,-1476,11259,13486,14023,14144,9826,0.8,0.95
7800,-1468,11210,13515,13936,14182,9826,0.8,0.95
7800,-1467,11283,13285,13982,13918,9826,0.81,0.95
7800,-1486,11168,13197,13980,13821,9826,0.8,0.95
7800,-1457,10976,13463,13616,14115,9825,0.81,0.95
7800,-1461,11285,13411,13979,14065,9824,0.81,0.95
7800,-1451,11176,13334,13840,13971,9823,0.81,0.95
7800,-1484,11233,13446,13970,14099,9822,0.8,0.95
7800,-1453,11181,13542,13965,14208,9815,0.8,0.95
7800,-1488,11330,13387,14044,14024,9809,0.81,0.95
7800,-1463,11325,13265,14034,13899,9804,0.81,0.95
7800,-1465,11270,13511,13996,14174,9804,0.81,0.95
7800,-1451,11252,13537,14002,14200,9806,0.8,0.95
7800,-1502,11131,13271,13928,13901,9809,0.8,0.95
7800,-1485,11055,13566,13802,14230,9813,0.8,0.95
7800,-1455,11222,13357,13908,14003,9815,0.81,0.95
7800,-1465,11139,13257,13798,13881,9815,0.81,0.96
7800,-1485,11117,13211,13910,13838,9815,0.8,0.95
7800,-1464,11247,13544,13995,14203,9814,0.8,0.95
7800,-1461,11253,13510,13988,14173,9814,0.8,0.95
7800,-1467,11220,13510,13986,14173,9813,0.8,0.95
7800,-1471,11216,13484,13952,14136,9815,0.8,0.95
7800,-1470,11317,13300,14031,13929,9821,0.81,0.95
7800,-1452,11208,13546,13993,14210,9826,0.8,0.95
7800,-1468,11136,13464,13858,14120,9828,0.8,0.95
7800,-1472,11221,13004,13988,13630,9828,0.8,0.95
7800,-1456,11251,13421,13935,14065,9821,0.81,0.95
7800,-1475,11300,13446,14020,14106,9814,0.81,0.95
7800,-1458,11334,13487,14053,14132,9807,0.81,0.95
7800,-1469,11311,13496,14038,14157,9807,0.81,0.95
7800,-1471,11296,13314,13994,13949,9806,0.81,0.95
7800,-1472,11193,13539,13981,14207,9805,0.8,0.95
7800,-1459,11239,13559,14036,14227,9805,0.8,0.95
7800,-1488,11225,13520,13961,14181,9804,0.8,0.95
7800,-1466,11092,13170,13748,13796,9805,0.81,0.95
7800,-1460,11327,13317,14042,13967,9805,0.81,0.95
7800,-1466,11206,13354,13884,13996,9804,0.81,0.95
7800,-1463,11242,13517,13990,14183,9803,0.8,0.95
7800,-1456,11284,13472,13991,14136,9803,0.81,0.95
7800,-1484,11212,13505,13942,14165,9804,0.8,0.95
7800,-1458,11248,13505,13990,14166,9811,0.8,0.95
7800,-1442,11243,13451,13928,14104,9818,0.81,0.95
7800,-1473,11332,13550,14092,14219,9823,0.8,0.95
7800,-1451,11330,13505,14056,14168,9823,0.81,0.95
7800,-1478,10974,13572,13670,14236,9819,0.8,0.95
7800,-1444,11322,13324,14033,13983,9811,0.81,0.95
7800,-1463,11287,13446,14012,14100,9804,0.81,0.95
7800,-1455,11328,13469,14047,14124,9801,0.81,0.95
7800,-1468,11204,13468,13967,14122,9802,0.8,0.95
7800,-1463,11303,13274,14010,13901,9805,0.81,0.95
7801,-1462,11222,13512,13991,14171,9809,0.8,0.95
7800,-1466,11230,13476,13965,14142,9812,0.8,0.95
7800,-1452,11255,13495,13977,14160,9813,0.81,0.95
7800,-1444,11270,13519,14017,14179,9810,0.8,0.95
7800,-1463,11065,13363,13723,14006,9806,0.81,0.95
7800,-1471,11172,13105,13989,13727,9802,0.8,0.95
7800,-1458,11036,13499,13743,14165,9800,0.8,0.95
7800,-1438,11344,13457,14049,14117,9800,0.81,0.95
7800,-1473,11194,13515,13958,14173,9803,0.8,0.95
7801,-1478,11224,13506,14010,14171,9806,0.8,0.95
7800,-1475,11293,13369,13991,14014,9808,0.81,0.95
7800,-1479,11307,13266,14005,13906,9808,0.81,0.95
7800,-1477,11245,13519,13991,14183,9809,0.8,0.95
7800,-1471,11190,13539,13964,14210,9811,0.8,0.95
7800,-1472,11214,13512,13914,14180,9813,0.81,0.95
7800,-1458,11292,13437,14017,14098,9815,0.81,0.95
7800,-1458,11134,13510,13830,14169,9814,0.81,0.95
7800,-1478,11228,13528,14025,14192,9814,0.8,0.95
7800,-1463,11294,13306,13997,13945,9813,0.81,0.95
7800,-1477,11204,13426,13949,14079,9812,0.8,0.95
7800,-1459,11277,13433,13982,14088,9813,0.81,0.95
7800,-1479,11273,13402,13996,14051,9812,0.81,0.95
7800,-1467,11294,13261,14001,13891,9810,0.81,0.95
7800,-1481,11229,13509,13987,14179,9807,0.8,0.95
7800,-1475,11240,13474,13929,14136,9805,0.81,0.95
7800,-1451,11287,13470,13990,14133,9805,0.81,0.95
7800,-1471,11230,13503,13956,14170,9806,0.8,0.95
7800,-1462,11314,13474,14026,14137,9807,0.81,0.95
7800,-1460,11300,13421,14015,14080,9808,0.81,0.95
7800,-1460,11230,13521,13969,14190,9807,0.8,0.95
7800,-1458,11303,13441,14032,14094,9808,0.81,0.95
7800,-1480,11320,13332,14025,13984,9811,0.81,0.95
7800,-1460,11310,13532,14038,14194,9814,0.81,0.95
7800,-1475,11166,13530,13920,14192,9817,0.8,0.95
7800,-1462,11286,13331,13990,13970,9817,0.81,0.95
7801,-1455,11315,13363,14023,14012,9817,0.81,0.95
7800,-1451,11227,13428,13911,14079,9817,0.81,0.95
7800,-1463,11231,13416,13936,14071,9817,0.81,0.95
7800,-1461,11255,13416,13967,14057,9817,0.81,0.95
7800,-1477,11256,13345,13952,13984,9817,0.81,0.95
7800,-1490,11263,13490,14023,14141,9814,0.8,0.95
7800,-1485,11165,13597,13969,14262,9811,0.8,0.95
7800,-1467,11194,13543,13969,14210,9808,0.8,0.95
7800,-1469,11274,13524,14013,14182,9808,0.8,0.95
7800,-1462,11080,13468,13754,14124,9803,0.81,0.95
7800,-1460,11114,13094,13926,13733,9795,0.8,0.95
7800,-1446,11265,13367,13953,14017,9788,0.81,0.95
7800,-1460,11289,13475,13981,14131,9784,0.81,0.95
7800,-1454,11263,13438,13953,14090,9784,0.81,0.95
7800,-1466,11270,13506,13990,14169,9792,0.81,0.95
7800,-1457,11259,13509,14020,14170,9799,0.8,0.95
7800,-1469,11304,13343,14010,13984,9807,0.81,0.95
7800,-1464,11322,13307,14027,13940,9806,0.81,0.95
7800,-1465,11203,13508,13920,14156,9807,0.8,0.95
7800,-1485,11083,13474,13771,14130,9810,0.8,0.95
7801,-1479,11232,12763,13946,13369,9813,0.81,0.95
7800,-1472,11240,13477,14019,14129,9815,0.8,0.95
7800,-1456,11235,13484,13963,14137,9815,0.8,0.95
7800,-1468,11303,13409,14012,14050,9816,0.81,0.95
7800,-1467,11279,13510,14000,14173,9817,0.81,0.95
7800,-1459,11330,13330,14035,13968,9818,0.81,0.95
7800,-1469,11326,13404,14036,14056,9818,0.81,0.95
7800,-1457,11236,13368,13913,14005,9817,0.81,0.95
7800,-1488,11290,13360,13992,13998,9815,0.81,0.95
7801,-1475,10967,13435,13595,14079,9812,0.81,0.95
7800,-1470,11168,13072,13980,13693,9810,0.8,0.95
7800,-1491,11077,13157,13868,13790,9810,0.8,0.95
7800,-1456,11237,13467,13985,14119,9812,0.8,0.95
7800,-1464,11255,13505,13993,14166,9814,0.8,0.95
7800,-1477,11225,13492,13985,14151,9817,0.8,0.95
7800,-1453,11212,13569,13951,14232,9817,0.8,0.95
7800,-1463,11197,13531,13967,14204,9815,0.8,0.95
7800,-1459,11340,13289,14051,13931,9806,0.81,0.95
7800,-1474,11286,13486,14038,14158,9798,0.8,0.95
7800,-1468,11201,13478,13895,14142,9791,0.81,0.95
7800,-1461,11260,13473,13977,14134,9792,0.81,0.95
7800,-1457,11145,13355,13809,13998,9801,0.81,0.95
7800,-1481,10929,13139,13689,13771,9814,0.8,0.95
7800,-1462,11306,13338,14007,13978,9828,0.81,0.95
7800,-1463,11305,13415,14012,14066,9834,0.81,0.95
7800,-1465,11311,13247,14021,13883,9834,0.81,0.95
7800,-1477,11320,13261,14031,13899,9827,0.81,0.95
7801,-1468,11296,13233,13997,13868,9820,0.81,0.95
7800,-1462,11251,13481,13959,14147,9813,0.81,0.95
7800,-1453,11151,13459,13845,14120,9813,0.81,0.95
7800,-1475,11248,13361,13923,14005,9813,0.81,0.95
7800,-1467,11139,13195,13954,13827,9813,0.8,0.95
7800,-1470,11245,13273,13937,13909,9814,0.81,0.95
7800,-1464,11290,13450,14050,14111,9814,0.8,0.95
7800,-1475,11195,13519,13967,14179,9814,0.8,0.95
7800,-1461,11177,13454,13947,14106,9808,0.8,0.95
7801,-1457,11224,13535,13966,14200,9803,0.8,0.95
7800,-1481,11189,13542,13955,14207,9797,0.8,0.95
7800,-1467,11206,13528,13947,14195,9797,0.8,0.95
7800,-1460,11140,13495,13829,14167,9798,0.81,0.95
7800,-1439,11271,13383,13970,14035,9800,0.81,0.95
7800,-1453,11229,13332,13909,13969,9802,0.81,0.95
7800,-1459,11240,13488,13992,14143,9803,0.8,0.95
7800,-1457,11246,13450,13954,14099,9803,0.81,0.95
7800,-1458,11280,13504,13975,14166,9805,0.81,0.95
7800,-1485,11191,13596,13975,14260,9807,0.8,0.95
7800,-1453,11313,13540,14052,14211,9810,0.81,0.95
7801,-1463,11202,13536,13953,14199,9810,0.8,0.95
7801,-1458,11297,13479,14010,14130,9810,0.81,0.95
7800,-1455,11182,13335,13860,13976,9812,0.81,0.95
7800,-1447,11303,13490,14014,14147,9813,0.81,0.95
7800,-1454,11234,13340,13921,13983,9815,0.81,0.95
7800,-1484,11250,13502,13994,14161,9814,0.8,0.95
7800,-1451,11256,13502,13986,14155,9814,0.8,0.95
7800,-1477,11249,13516,14001,14177,9813,0.8,0.95
7800,-1462,11340,13281,14048,13911,9812,0.81,0.95
7800,-1462,11284,13495,14022,14158,9813,0.8,0.95
7800,-1454,11285,13280,13987,13913,9813,0.81,0.95
7800,-1469,11151,13593,13949,14265,9810,0.8,0.95
7800,-1484,11110,13478,13762,14133,9808,0.81,0.95
7800,-1439,11229,13329,13909,13989,9805,0.81,0.95
7800,-1455,11234,13558,13989,14221,9805,0.8,0.95
7800,-1470,11285,13555,14024,14214,9807,0.8,0.95
7800,-1456,11268,13494,13984,14161,9808,0.81,0.95
7800,-1483,11203,13438,13942,14096,9810,0.8,0.95
7800,-1442,11315,13413,14032,14069,9810,0.81,0.95
7800,-1473,11314,13293,14021,13931,9810,0.81,0.95
7800,-1453,11280,13499,14010,14161,9805,0.81,0.95
7800,-1468,11235,13549,13981,14210,9799,0.8,0.95
7800,-1473,11072,13250,13860,13882,9794,0.8,0.95
7800,-1454,11232,13348,13918,14006,9794,0.81,0.95
7800,-1452,11113,13526,13810,14196,9796,0.8,0.95
7800,-1477,11249,13479,14007,14138,9801,0.8,0.95
7800,-1451,11188,13531,13914,14202,9805,0.8,0.95
7800,-1472,11252,13475,14006,14129,9807,0.8,0.95
7801,-1453,11305,13410,14020,14074,9808,0.81,0.95
7800,-1463,11209,13513,13989,14183,9811,0.8,0.95
7800,-1463,11274,13525,14028,14187,9813,0.8,0.95
7800,-1460,11370,13347,14081,13985,9816,0.81,0.95
7800,-1457,11246,13445,13936,14103,9816,0.81,0.95
7800,-1455,11242,12980,13997,13613,9817,0.8,0.95
7800,-1450,11265,13497,13982,14168,9821,0.81,0.95
7800,-1466,11323,13372,14028,14014,9824,0.81,0.95
7800,-1468,11247,13509,13956,14174,9826,0.81,0.95
7800,-1475,11304,13454,14048,14110,9825,0.8,0.95
7800,-1465,11287,13449,14066,14103,9823,0.8,0.95
7800,-1475,11202,13527,13976,14186,9820,0.8,0.95
7801,-1486,11185,13594,13974,14251,9817,0.8,0.95
7800,-1470,11349,13337,14059,13973,9817,0.81,0.95
7800,-1457,10972,13442,13599,14096,9816,0.81,0.95
7800,-1452,11136,13100,13938,13741,9815,0.8,0.95
7800,-1456,11148,13564,13883,14232,9813,0.8,0.95
7800,-1483,11313,13357,14041,13992,9812,0.81,0.95
7800,-1463,11264,13482,13989,14146,9813,0.81,0.95
7800,-1460,11351,13378,14062,14029,9815,0.81,0.95
7800,-1456,11278,13436,13971,14077,9818,0.81,0.95
7800,-1462,11311,13459,14015,14124,9820,0.81,0.95
7800,-1465,11291,13505,13988,14166,9821,0.81,0.95
7800,-1458,11303,13416,14004,14065,9822,0.81,0.95
7800,-1467,11068,13462,13713,14123,9825,0.81,0.95
7800,-1491,11144,13152,13965,13798,9828,0.8,0.95
7800,-1459,11316,13304,14022,13941,9831,0.81,0.95
7801,-1455,11299,13464,14025,14116,9831,0.81,0.95
7800,-1478,11308,13352,14007,13998,9825,0.81,0.95
7800,-1464,11295,13537,14037,14197,9816,0.8,0.95
7800,-1450,11313,13370,14012,14011,9807,0.81,0.95
7800,-1462,11227,13501,13976,14165,9804,0.8,0.95
7800,-1455,11325,13207,14036,13836,9804,0.81,0.95
7800,-1475,11237,13502,13982,14162,9801,0.8,0.95
7800,-1465,11094,13456,13754,14114,9799,0.81,0.95
7800,-1451,11279,13412,13980,14076,9797,0.81,0.95
7800,-1463,11241,13273,13933,13910,9797,0.81,0.95
7800,-1452,11311,13522,14039,14183,9801,0.81,0.95
7800,-1459,11331,13303,14038,13931,9810,0.81,0.95
7800,-1500,11208,13493,14013,14158,9819,0.8,0.95
7800,-1445,11306,13394,13995,14038,9823,0.81,0.95
7800,-1472,11349,13204,14064,13842,9823,0.81,0.95
7800,-1460,11290,13352,14001,13988,9821,0.81,0.95
7800,-1456,11305,13248,14007,13885,9818,0.81,0.95
7800,-1472,10947,13532,13622,14198,9816,0.8,0.95
7800,-1440,11291,13350,13989,14008,9815,0.81,0.95
7800,-1461,11283,13230,13980,13861,9815,0.81,0.95
7800,-1502,11246,13411,13997,14065,9813,0.8,0.95
7800,-1452,11301,13586,14033,14249,9812,0.81,0.95
7800,-1462,11266,13497,14003,14156,9812,0.8,0.95
7800,-1453,11246,13433,13995,14083,9812,0.8,0.95
7800,-1464,11280,13458,14025,14119,9812,0.8,0.95
7800,-1482,11183,13594,13966,14257,9812,0.8,0.95
7800,-1476,11184,13595,13989,14259,9812,0.8,0.95
7800,-1466,11011,13497,13662,14149,9813,0.81,0.95
7800,-1460,11172,13259,13990,13907,9811,0.8,0.95
7800,-1473,11200,13499,13949,14160,9802,0.8,0.95
7800,-1465,11252,13498,14001,14155,9792,0.8,0.95
7800,-1469,11193,13527,13969,14194,9785,0.8,0.95
7800,-1482,11334,13290,14049,13924,9785,0.81,0.95
7800,-1453,11336,13250,14044,13881,9788,0.81,0.95
7800,-1453,11321,13187,14032,13815,9793,0.81,0.95
7800,-1480,11302,13345,14002,13978,9798,0.81,0.95
7800,-1472,11129,13555,13915,14223,9800,0.8,0.95
7800,-1486,11202,13507,13921,14163,9800,0.8,0.95
7800,-1452,11267,13264,13967,13911,9803,0.81,0.95
7800,-1476,11102,13485,13841,14148,9805,0.8,0.95
7800,-1465,11228,13502,13934,14153,9807,0.81,0.95
7801,-1460,11155,13551,13910,14213,9807,0.8,0.95
7800,-1484,11325,13514,14044,14177,9808,0.81,0.95
7800,-1476,11193,13589,13974,14265,9811,0.8,0.95
7800,-1481,11241,13467,13949,14122,9814,0.81,0.95
7800,-1464,11227,13522,14020,14189,9815,0.8,0.95
7800,-1476,11229,13452,13957,14105,9816,0.8,0.95
7800,-1471,11069,13504,13749,14168,9812,0.81,0.95
7800,-1441,11291,13493,14012,14156,9807,0.81,0.95
7800,-1458,11298,13287,14005,13920,9803,0.81,0.95
7800,-1481,11268,13484,13989,14141,9803,0.81,0.95
7800,-1464,11263,13464,13994,14121,9805,0.8,0.95
7800,-1477,11263,13507,14007,14167,9809,0.8,0.95
7800,-1446,11331,13450,14052,14101,9813,0.81,0.95
7800,-1487,11247,13442,14000,14096,9815,0.8,0.95
7800,-1463,11249,13504,13999,14162,9815,0.8,0.95
7800,-1467,11242,13535,13980,14196,9811,0.8,0.95
7800,-1467,11189,13271,13861,13901,9808,0.81,0.95
7800,-1464,11231,13553,14011,14214,9804,0.8,0.95
7800,-1464,11240,13562,14014,14234,9804,0.8,0.95
7800,-1460,11150,13541,13954,14192,9805,0.8,0.95
7800,-1460,11205,13527,13948,14189,9808,0.8,0.95
7800,-1483,11173,13555,13971,14212,9811,0.8,0.95
7800,-1483,11220,13538,14006,14206,9812,0.8,0.95
7800,-1494,11175,13519,13920,14188,9813,0.8,0.95
7800,-1467,11142,13558,13946,14221,9819,0.8,0.95
7800,-1459,11228,13442,13969,14096,9826,0.8,0.95
7800,-1484,11087,13497,13780,14158,9832,0.8,0.95
7800,-1465,11238,13499,13989,14152,9834,0.8,0.95
7800,-1473,11108,13248,13900,13892,9833,0.8,0.95
7800,-1475,11279,13498,14011,14157,9827,0.81,0.95
7800,-1462,11207,13501,13969,14160,9822,0.8,0.95
7800,-1475,11298,13470,14032,14134,9818,0.81,0.95
7800,-1465,11254,13556,14009,14225,9818,0.8,0.95
7800,-1465,11245,13460,14002,14112,9815,0.8,0.95
7800,-1465,11197,13574,13981,14232,9812,0.8,0.95
7800,-1484,11276,13467,13990,14125,9808,0.81,0.95
7800,-1460,11065,13497,13732,14143,9806,0.81,0.95
7800,-1455,11259,12885,13985,13496,9807,0.81,0.95
7800,-1441,11276,13447,13992,14109,9808,0.81,0.95
7800,-1476,11138,13181,13943,13803,9809,0.8,0.95
7800,-1464,11231,13584,13995,14254,9810,0.8,0.95
7800,-1473,11085,12969,13842,13582,9810,0.8,0.95
7800,-1462,11286,13480,14023,14140,9814,0.8,0.95
7800,-1489,11310,13400,14005,14038,9820,0.81,0.95
7800,-1464,11264,13498,14000,14158,9826,0.8,0.95
7800,-1462,11273,13470,14005,14129,9829,0.8,0.95
7800,-1455,11182,13299,13857,13939,9829,0.81,0.95
7800,-1470,11114,12979,13903,13612,9825,0.8,0.95
7800,-1464,11196,13411,13870,14063,9821,0.81,0.95
7800,-1454,11264,13487,14012,14141,9818,0.8,0.95
7800,-1462,11243,13527,13989,14189,9818,0.8,0.95
7800,-1455,11292,13384,13994,14020,9816,0.81,0.95
7800,-1454,11312,13317,14010,13951,9811,0.81,0.95
7800,-1462,11241,13506,13942,14175,9807,0.81,0.95
7800,-1463,11202,13523,13965,14174,9804,0.8,0.95
7800,-1471,11236,13528,14014,14182,9804,0.8,0.95
7800,-1469,10860,13497,13572,14146,9809,0.8,0.95
7800,-1479,11239,12842,13989,13447,9816,0.8,0.96
7800,-1458,11107,13272,13763,13908,9822,0.81,0.95
7800,-1485,11205,13430,13939,14080,9823,0.8,0.95
7800,-1446,11275,13547,14001,14207,9821,0.81,0.95
7800,-1463,11331,13338,14041,13972,9814,0.81,0.95
7800,-1448,11319,13317,14023,13956,9807,0.81,0.95
7800,-1471,11279,13380,13988,14019,9803,0.81,0.95
7800,-1459,11296,13355,13987,13988,9803,0.81,0.95
7800,-1481,11151,13436,13923,14084,9808,0.8,0.95
7800,-1456,11010,13353,13631,13994,9813,0.81,0.95
7800,-1432,11251,13414,13939,14071,9819,0.81,0.95
7800,-1457,11211,13528,13921,14193,9820,0.81,0.95
7800,-1482,11344,13244,14060,13876,9819,0.81,0.95
7800,-1450,11322,13452,14024,14108,9815,0.81,0.95
7800,-1464,11305,13523,14038,14180,9810,0.81,0.95
7800,-1457,11259,13477,13958,14130,9806,0.81,0.95
7800,-1484,11169,13230,13980,13866,9806,0.8,0.95
7800,-1457,11177,13517,13924,14177,9811,0.8,0.95
7800,-1484,11160,13579,13939,14244,9819,0.8,0.95
7800,-1458,11190,13163,13867,13792,9827,0.81,0.95
7800,-1467,11319,13293,14027,13936,9831,0.81,0.95
7800,-1466,11010,13542,13751,14210,9831,0.8,0.95
7800,-1492,11186,13214,14007,13842,9826,0.8,0.95
7800,-1453,11226,13412,13938,14053,9822,0.81,0.95
7800,-1479,11252,13523,14036,14179,9818,0.8,0.95
7800,-1453,11260,13513,13986,14176,9818,0.81,0.95
7800,-1469,11216,13539,13979,14201,9816,0.8,0.95
7800,-1475,11228,13494,13972,14154,9811,0.8,0.95
7800,-1482,11161,13271,13959,13907,9806,0.8,0.95
7800,-1453,11056,13520,13742,14182,9804,0.8,0.95
7800,-1452,11096,13167,13896,13816,9804,0.8,0.95
7800,-1453,11144,13426,13799,14089,9811,0.81,0.95
7800,-1439,11245,13493,14001,14156,9818,0.8,0.95
7800,-1466,11327,13317,14025,13947,9825,0.81,0.95
7800,-1480,11215,13514,13961,14176,9825,0.8,0.95
7800,-1464,11158,13539,13955,14200,9823,0.8,0.95
7800,-1465,11303,13578,14037,14247,9821,0.81,0.95
7800,-1482,11291,13326,13993,13964,9819,0.81,0.95
7800,-1473,11167,13527,13942,14186,9818,0.8,0.95
7800,-1476,10891,13423,13493,14076,9818,0.81,0.95
7800,-1445,11303,13430,14011,14085,9814,0.81,0.95
7800,-1483,11236,13471,13971,14134,9809,0.8,0.95
7800,-1457,11246,13537,13993,14195,9804,0.8,0.95
7800,-1459,11335,13412,14037,14066,9803,0.81,0.95
7800,-1459,11267,13502,13967,14160,9804,0.81,0.95
7800,-1461,11247,13462,13978,14125,9809,0.8,0.95
7800,-1463,11264,13504,14008,14171,9813,0.8,0.95
7800,-1457,11290,13496,14007,14159,9815,0.81,0.95
7800,-1469,11327,13475,14064,14138,9815,0.81,0.95
7800,-1463,11150,13430,13808,14083,9809,0.81,0.95
7800,-1473,11278,13357,13970,14010,9802,0.81,0.95
7800,-1455,11304,13407,14001,14060,9795,0.81,0.95
7800,-1459,11188,13547,13961,14210,9794,0.8,0.95
7800,-1462,11248,13484,14012,14142,9794,0.8,0.95
7800,-1470,11322,13346,14027,13989,9794,0.81,0.95
7800,-1449,11207,13500,13939,14161,9794,0.8,0.95
7800,-1472,11259,13258,13958,13893,9794,0.81,0.95
7800,-1458,11357,13259,14078,13892,9795,0.81,0.95
7800,-1457,11288,13485,14012,14138,9796,0.81,0.95
7800,-1459,11107,13501,13800,14158,9798,0.8,0.95
7800,-1437,11326,13418,14030,14071,9800,0.81,0.95
7800,-1465,11050,13477,13788,14140,9800,0.8,0.95
7800,-1472,11272,13461,13995,14116,9800,0.81,0.95
7800,-1470,11174,13555,13973,14221,9802,0.8,0.95
7800,-1488,11305,13517,14044,14180,9804,0.8,0.95
7800,-1468,11186,13536,13949,14197,9805,0.8,0.95
7800,-1484,11215,13566,14004,14239,9805,0.8,0.95
7800,-1485,11164,13504,13975,14150,9807,0.8,0.95
7800,-1502,11157,13488,13954,14143,9811,0.8,0.95
7800,-1480,11087,13550,13829,14203,9815,0.8,0.95
7800,-1452,11274,13463,13972,14127,9817,0.81,0.95
7800,-1477,11213,13500,13925,14166,9816,0.81,0.95
7800,-1485,11258,13506,14012,14167,9816,0.8,0.95
7800,-1461,11200,13020,13957,13654,9815,0.8,0.95
7800,-1459,11278,13454,14007,14104,9815,0.81,0.95
7800,-1464,11329,13367,14037,14009,9815,0.81,0.95
7800,-1471,11283,13522,14013,14184,9815,0.81,0.95
7800,-1444,11321,13301,14029,13938,9815,0.81,0.95
7800,-1490,11161,13511,13947,14167,9814,0.8,0.95
7800,-1482,11237,13412,13943,14054,9813,0.81,0.95
7800,-1463,11210,13523,13997,14187,9813,0.8,0.95
7800,-1459,11320,13372,14025,14020,9816,0.81,0.95
7800,-1473,11313,13441,14037,14094,9819,0.81,0.95
7800,-1463,11281,13496,14016,14158,9822,0.8,0.95
7800,-1488,11295,13475,14060,14134,9823,0.8,0.95
7800,-1455,11140,13552,13914,14217,9822,0.8,0.95
7800,-1494,11240,13493,13992,14150,9821,0.8,0.95
7800,-1472,11168,13544,13970,14200,9820,0.8,0.95
7800,-1466,11244,13450,13971,14110,9819,0.8,0.95
7800,-1464,11113,13501,13827,14163,9819,0.8,0.95
7800,-1476,11112,13058,13930,13679,9816,0.8,0.95
7800,-1451,11192,13515,13907,14179,9813,0.8,0.95
7800,-1475,11197,13512,13971,14162,9810,0.8,0.95
7800,-1477,11362,13346,14080,13985,9810,0.81,0.95
7800,-1478,11279,13536,14009,14190,9811,0.81,0.95
7800,-1473,11230,13562,14013,14219,9813,0.8,0.95
7800,-1482,11354,13419,14072,14061,9814,0.81,0.95
7800,-1461,11308,13429,14016,14069,9816,0.81,0.95
7800,-1468,11304,13441,14018,14092,9816,0.81,0.95
7800,-1454,11037,13458,13672,14109,9814,0.81,0.95
7800,-1461,11270,12906,14031,13516,9810,0.8,0.95
7800,-1475,11143,13193,13952,13830,9806,0.8,0.95
7800,-1470,11285,13435,14024,14083,9804,0.8,0.95
7800,-1439,11329,13459,14035,14124,9804,0.81,0.95
7800,-1482,11271,13510,14002,14167,9807,0.8,0.95
7800,-1478,11180,13268,13988,13894,9809,0.8,0.95
7800,-1474,11244,13540,13989,14203,9812,0.8,0.95
7800,-1455,11275,13428,13972,14075,9812,0.81,0.95
7800,-1478,11233,13473,14016,14124,9812,0.8,0.95
7800,-1460,10940,13495,13581,14150,9812,0.81,0.95
7800,-1446,11265,13274,13952,13914,9812,0.81,0.95
7800,-1469,11083,13505,13802,14163,9813,0.8,0.95
7800,-1480,11249,13443,13987,14100,9813,0.8,0.95
7800,-1449,11282,13434,13977,14085,9813,0.81,0.95
7800,-1463,11313,13473,14020,14130,9813,0.81,0.95
7800,-1447,11250,13465,13974,14125,9813,0.81,0.95
7800,-1477,11270,13503,14011,14171,9813,0.8,0.95
7800,-1471,11331,13267,14040,13904,9812,0.81,0.95
7800,-1474,11274,13279,13968,13908,9809,0.81,0.95
7801,-1462,11131,13539,13857,14204,9806,0.8,0.95
7800,-1467,11286,13493,14039,14159,9805,0.8,0.95
7800,-1453,11225,13510,13926,14161,9804,0.81,0.95
7800,-1445,11294,13434,14013,14088,9804,0.81,0.95
7800,-1463,11239,13591,13987,14257,9804,0.8,0.95
7800,-1470,11193,13554,13966,14211,9804,0.8,0.95
7800,-1477,11233,13540,13986,14203,9804,0.8,0.95
7800,-1465,11267,13565,14032,14237,9805,0.8,0.95
7800,-1469,11259,13503,14000,14161,9810,0.8,0.95
7800,-1463,11218,13507,13954,14168,9816,0.8,0.95
7800,-1465,11165,13412,13909,14058,9820,0.8,0.95
7800,-1492,11201,13078,13999,13723,9820,0.8,0.95
7800,-1480,11026,13567,13750,14229,9816,0.8,0.95
7800,-1453,11314,13473,14029,14129,9810,0.81,0.95
7800,-1453,11278,13336,13970,13980,9804,0.81,0.95
7800,-1479,11281,13452,13990,14112,9803,0.81,0.95
7800,-1485,11345,13209,14057,13837,9802,0.81,0.95
7800,-1474,11354,13452,14080,14115,9801,0.81,0.95
7800,-1469,11267,13435,13962,14085,9799,0.81,0.95
7800,-1490,11264,13519,14034,14184,9797,0.8,0.95
7800,-1473,11064,13397,13721,14043,9797,0.81,0.95
7800,-1444,11284,13378,13982,14032,9800,0.81,0.95
7800,-1471,11312,13352,14021,13990,9805,0.81,0.95
7800,-1450,11274,13451,13973,14100,9810,0.81,0.95
7800,-1466,11326,13307,14035,13944,9812,0.81,0.95
7800,-1468,11226,13428,13976,14080,9812,0.8,0.95
7800,-1464,11205,13494,13963,14153,9812,0.8,0.95
7800,-1467,11157,13543,13936,14201,9814,0.8,0.95
7800,-1466,11277,13549,14040,14205,9815,0.8,0.95
7800,-1474,11330,13441,14054,14089,9815,0.81,0.95
7800,-1461,11116,13519,13812,14187,9816,0.8,0.95
7800,-1470,11291,13231,13992,13860,9816,0.81,0.95
7800,-1462,11183,13536,13918,14201,9816,0.8,0.95
7800,-1456,11330,13471,14045,14134,9816,0.81,0.95
7800,-1483,11307,13377,14017,14020,9816,0.81,0.95
7800,-1488,11270,13413,14038,14064,9811,0.8,0.95
7800,-1445,11268,13526,14002,14185,9805,0.8,0.95
7800,-1497,11243,13490,14038,14143,9800,0.8,0.95
7800,-1456,11221,13541,13995,14206,9800,0.8,0.95
7800,-1467,11291,13363,13996,14009,9800,0.81,0.95
7800,-1474,10917,13508,13618,14170,9802,0.8,0.95
7800,-1442,11290,13336,13985,13989,9803,0.81,0.95
7800,-1454,11288,13473,14010,14138,9804,0.81,0.95
7800,-1462,11173,13574,13964,14242,9804,0.8,0.95
7800,-1460,11332,13355,14038,13993,9805,0.81,0.95
7800,-1476,11353,13296,14070,13931,9806,0.81,0.95
7800,-1441,11273,13516,13985,14186,9807,0.81,0.95
7800,-1468,11244,13454,13997,14118,9808,0.8,0.95
7800,-1471,11291,13333,13993,13965,9809,0.81,0.95
7800,-1489,11204,13546,13991,14196,9812,0.8,0.95
7800,-1478,11166,13329,13833,13960,9816,0.81,0.95
7800,-1454,11137,13565,13857,14231,9818,0.8,0.95
7800,-1467,11257,13369,13974,14015,9818,0.81,0.95
7800,-1462,11273,13421,14019,14081,9813,0.8,0.95
7800,-1460,11176,13594,13976,14264,9807,0.8,0.95
7800,-1482,11309,13460,14051,14116,9801,0.8,0.95
7800,-1468,11190,13485,13965,14145,9800,0.8,0.95
7800,-1466,11310,13445,14016,14097,9800,0.81,0.95
7800,-1462,11269,13481,14045,14134,9801,0.8,0.95
7800,-1468,11270,13283,13964,13915,9803,0.81,0.95
7800,-1463,11194,13349,13878,13986,9804,0.81,0.95
7800,-1462,11195,13049,13977,13685,9804,0.8,0.95
7800,-1449,11275,13510,14023,14168,9802,0.8,0.95
7800,-1463,11163,13551,13969,14212,9799,0.8,0.95
7800,-1461,11228,13551,13999,14213,9796,0.8,0.95
7800,-1469,11281,13526,14054,14182,9795,0.8,0.95
7800,-1456,11280,13517,14030,14175,9795,0.8,0.95
7800,-1467,11276,13323,13972,13961,9801,0.81,0.95
7800,-1489,11282,13512,13994,14162,9807,0.81,0.95
7800,-1476,11301,13573,14052,14240,9813,0.8,0.95
7800,-1473,10933,13547,13655,14203,9813,0.8,0.95
7800,-1485,11164,13169,13975,13816,9815,0.8,0.95
7800,-1452,11320,13278,14024,13910,9819,0.81,0.95
7800,-1471,11274,13440,13985,14093,9823,0.81,0.95
7800,-1461,11209,13501,13950,14151,9825,0.8,0.95
7800,-1469,11276,13491,14025,14146,9825,0.8,0.95
7800,-1475,11231,13548,14014,14209,9822,0.8,0.95
7800,-1456,11099,13543,13807,14210,9820,0.8,0.95
7800,-1466,11103,13179,13906,13797,9817,0.8,0.96
7800,-1474,11325,13235,14033,13864,9817,0.81,0.95
7800,-1474,11106,13510,13782,14175,9816,0.81,0.95
7800,-1464,11329,12769,14031,13372,9816,0.81,0.95
7800,-1455,11180,13567,13917,14232,9815,0.8,0.95
7800,-1457,11249,13559,13995,14222,9815,0.8,0.95
7800,-1471,11153,13243,13959,13865,9816,0.8,0.96
7800,-1468,11317,13507,14042,14164,9817,0.81,0.95
7800,-1450,11266,13509,14008,14175,9819,0.8,0.95
7800,-1461,11317,13328,14019,13973,9820,0.81,0.95
7800,-1471,11235,13502,14016,14160,9821,0.8,0.95
7800,-1483,11214,13512,13925,14172,9819,0.81,0.95
7800,-1473,11088,13480,13755,14139,9813,0.81,0.95
7800,-1464,11301,13250,14005,13881,9807,0.81,0.95
7800,-1456,11332,13392,14039,14040,9802,0.81,0.95
7800,-1459,11275,13499,14035,14152,9802,0.8,0.95
7800,-1455,11284,13443,14010,14095,9803,0.81,0.95
7800,-1471,11243,13497,13985,14148,9806,0.8,0.95
7800,-1445,11229,13529,13992,14195,9808,0.8,0.95
7800,-1459,11258,13498,13984,14153,9809,0.81,0.95
7800,-1473,11328,13376,14041,14011,9810,0.81,0.95
7800,-1475,11091,13504,13846,14155,9811,0.8,0.95
7800,-1471,10969,13558,13676,14224,9813,0.8,0.95
7800,-1444,11246,13385,13933,14031,9815,0.81,0.95
7800,-1454,11270,13295,13966,13938,9815,0.81,0.95
7800,-1459,11274,13507,14021,14163,9815,0.8,0.95
7800,-1486,11174,13496,13902,14155,9814,0.8,0.95
7800,-1461,11341,13457,14050,14104,9814,0.81,0.95
7800,-1456,11309,13354,14008,13987,9813,0.81,0.95
7800,-1478,11258,13462,14005,14126,9813,0.8,0.95
7800,-1461,11300,13490,13999,14148,9821,0.81,0.95
7800,-1483,11250,13477,13978,14140,9828,0.8,0.95
7800,-1463,11162,13562,13894,14226,9836,0.8,0.95
7800,-1453,11292,13407,13993,14064,9835,0.81,0.95
7800,-1459,11122,13515,13814,14174,9833,0.81,0.95
7800,-1457,11188,13514,13934,14167,9828,0.8,0.95
7800,-1467,11194,13568,13950,14235,9823,0.8,0.95
7800,-1466,11147,13582,13900,14233,9820,0.8,0.95
7800,-1475,11317,13255,14022,13881,9820,0.81,0.95
7800,-1452,11287,13222,13987,13854,9820,0.81,0.95
7800,-1493,11196,13562,13971,14225,9820,0.8,0.95
7800,-1481,11275,13447,14014,14104,9820,0.8,0.95
7800,-1456,11225,13362,13904,13995,9821,0.81,0.95
7800,-1499,11139,13162,13955,13795,9819,0.8,0.95
7800,-1444,11061,13456,13734,14115,9815,0.81,0.95
7800,-1469,11221,13499,13994,14159,9811,0.8,0.95
7800,-1462,11225,13485,13973,14140,9808,0.8,0.95
7800,-1475,11243,13517,13947,14175,9808,0.81,0.95
7800,-1456,11268,13534,14007,14191,9811,0.8,0.95
7800,-1447,11267,13521,14010,14185,9814,0.8,0.95
7800,-1464,11205,13546,13990,14204,9817,0.8,0.95
7800,-1471,11348,13417,14068,14058,9818,0.81,0.95
7800,-1457,11071,13439,13747,14080,9818,0.81,0.95
7800,-1448,11313,13494,14025,14147,9819,0.81,0.95
7800,-1455,11309,13469,14013,14125,9821,0.81,0.95
7800,-1462,11323,13457,14028,14113,9822,0.81,0.95
7800,-1461,11282,13510,14050,14170,9822,0.8,0.95
7800,-1480,11169,13232,13983,13859,9821,0.8,0.95
7800,-1448,11261,13494,14006,14150,9820,0.8,0.95
7800,-1462,11244,13503,13984,14163,9818,0.8,0.95
7800,-1459,11314,13558,14054,14215,9818,0.81,0.95
7801,-1476,11228,13450,13966,14103,9817,0.8,0.95
7800,-1465,11174,13496,13894,14152,9813,0.8,0.95
7800,-1457,11311,13518,14041,14185,9809,0.81,0.95
7800,-1452,11327,13437,14044,14097,9805,0.81,0.95
7800,-1458,11246,13484,13961,14135,9805,0.81,0.95
7800,-1464,11294,13465,14010,14114,9810,0.81,0.95
7800,-1476,11298,13532,14029,14190,9819,0.81,0.95
7800,-1466,11245,13498,13970,14152,9827,0.8,0.95
7800,-1458,11249,13502,13986,14169,9831,0.8,0.95
7800,-1468,11185,13585,13982,14251,9830,0.8,0.95
7800,-1465,11255,13484,14005,14138,9826,0.8,0.95
7800,-1461,11169,13265,13838,13892,9821,0.81,0.95
7800,-1443,11322,13328,14034,13967,9817,0.81,0.95
7800,-1442,11140,13470,13830,14125,9817,0.81,0.95
7800,-1478,11270,13431,13981,14084,9813,0.81,0.95
7800,-1441,11213,13535,13973,14198,9805,0.8,0.95
7800,-1465,11209,13456,13950,14109,9797,0.8,0.95
7800,-1477,11136,13228,13947,13860,9792,0.8,0.95
7800,-1488,11220,13473,13964,14136,9792,0.8,0.95
7800,-1465,11223,13454,13933,14113,9797,0.81,0.95
7800,-1452,11317,13394,14039,14042,9803,0.81,0.95
7800,-1459,11243,13469,13977,14129,9809,0.8,0.95
7800,-1471,11145,13197,13963,13852,9811,0.8,0.95
7800,-1502,11176,13110,13993,13729,9812,0.8,0.95
7800,-1481,11229,13462,13967,14118,9815,0.8,0.95
7800,-1460,11188,13527,13955,14194,9818,0.8,0.95
7800,-1460,11322,13458,14038,14118,9820,0.81,0.95
7800,-1458,11262,13504,14018,14164,9820,0.8,0.95
7800,-1452,11288,13432,13987,14081,9819,0.81,0.95
7800,-1445,11288,13535,14004,14201,9818,0.81,0.95
7800,-1456,11299,13264,14005,13897,9817,0.81,0.95
7800,-1461,11367,13349,14088,13987,9817,0.81,0.95
7800,-1450,11273,13227,13971,13866,9817,0.81,0.95
7800,-1462,11300,13456,14045,14111,9818,0.8,0.95
7800,-1463,11301,13365,14007,14002,9819,0.81,0.95
7800,-1458,11290,13489,14026,14146,9820,0.8,0.95
7799,-1479,11192,13481,13951,14136,9820,0.8,0.95
7800,-1461,11329,13387,14038,14037,9819,0.81,0.95
7800,-1463,11250,13424,13993,14068,9817,0.8,0.95
7800,-1460,11235,13583,14023,14250,9814,0.8,0.95
7800,-1473,11288,13369,13992,14017,9813,0.81,0.95
7800,-1466,11350,13347,14064,13985,9813,0.81,0.95
7800,-1443,11268,13166,13973,13813,9817,0.81,0.95
7800,-1453,11081,13516,13786,14181,9821,0.8,0.95
7800,-1472,11290,13366,13984,14009,9825,0.81,0.95
7800,-1462,11215,13507,13965,14168,9825,0.8,0.95
7800,-1473,11196,13581,13990,14251,9823,0.8,0.95
7800,-1497,11146,13151,13959,13787,9821,0.8,0.95
7800,-1488,11177,13518,13967,14183,9818,0.8,0.95
7800,-1470,11231,13492,13969,14157,9817,0.8,0.95
7800,-1473,11266,13525,14032,14179,9817,0.8,0.95
7800,-1477,11306,13555,14059,14212,9820,0.8,0.95
7800,-1440,11324,13405,14035,14066,9822,0.81,0.95
7800,-1453,11297,13504,14004,14167,9826,0.81,0.95
7801,-1472,11279,13248,13977,13879,9826,0.81,0.95
7800,-1460,11205,13498,13953,14163,9824,0.8,0.95
7800,-1454,11291,13391,13987,14039,9819,0.81,0.95
7800,-1458,11227,13514,13962,14175,9814,0.8,0.95
7800,-1469,11306,13384,14013,14022,9811,0.81,0.95
7800,-1477,11203,13581,13996,14246,9811,0.8,0.95
7800,-1465,11302,13492,14031,14151,9810,0.81,0.95
7800,-1475,11322,13202,14035,13823,9810,0.81,0.96
7800,-1450,11274,13473,13968,14136,9810,0.81,0.95
7800,-1468,11174,13443,13872,14094,9810,0.81,0.95
7800,-1468,11338,13353,14045,13994,9810,0.81,0.95
7800,-1462,11215,13433,13996,14080,9812,0.8,0.95
7800,-1467,11238,13514,13958,14174,9815,0.81,0.95
7800,-1457,11295,13356,13991,14000,9817,0.81,0.95
7800,-1453,11286,13516,14037,14170,9817,0.8,0.95
7800,-1478,11281,13276,13978,13904,9814,0.81,0.95
7800,-1460,11250,13455,13993,14105,9811,0.8,0.95
7800,-1450,11318,13421,14022,14060,9808,0.81,0.95
7800,-1457,11308,13438,14014,14093,9808,0.81,0.95
7800,-1452,11132,13543,13847,14200,9809,0.8,0.95
7800,-1474,11311,13328,14017,13962,9813,0.81,0.95
7800,-1461,11286,13489,14008,14139,9818,0.81,0.95
7800,-1473,11282,13444,14018,14093,9821,0.8,0.95
7800,-1480,11179,13612,13985,14278,9821,0.8,0.95
7800,-1458,11212,13579,13965,14230,9818,0.8,0.95
7800,-1489,11177,13222,13992,13846,9812,0.8,0.95
7800,-1468,11310,13462,14051,14105,9807,0.8,0.95
7800,-1455,11251,13504,13991,14163,9805,0.8,0.95
7800,-1476,11163,13068,13980,13689,9804,0.8,0.95
7800,-1455,11100,13499,13787,14159,9809,0.81,0.95
7800,-1469,11272,13511,13988,14169,9813,0.81,0.95
7800,-1484,11331,13357,14052,13988,9817,0.81,0.95
7800,-1455,11262,13493,14014,14151,9817,0.8,0.95
7800,-1466,11283,13491,14010,14144,9817,0.81,0.95
7800,-1476,11257,13503,13993,14158,9817,0.8,0.95
7800,-1460,11291,13454,13988,14091,9817,0.81,0.95
7800,-1457,11230,13566,14012,14228,9818,0.8,0.95
7800,-1473,11313,13418,14031,14057,9818,0.81,0.95
7800,-1437,11280,13327,13974,13982,9812,0.81,0.95
7800,-1476,11111,13445,13790,14092,9806,0.81,0.95
7800,-1461,11138,13439,13787,14087,9800,0.81,0.95
7800,-1473,11271,13525,14034,14183,9800,0.8,0.95
7800,-1476,11241,13457,13973,14099,9800,0.8,0.95
7800,-1471,11268,13543,14011,14204,9801,0.8,0.95
7800,-1457,11300,13408,14013,14042,9802,0.81,0.95
7800,-1466,11317,13247,14021,13878,9802,0.81,0.95
7800,-1485,10544,13119,13209,13755,9802,0.8,0.95
7800,-1459,11210,13550,13955,14204,9806,0.8,0.95
7800,-1480,11155,13183,13963,13805,9811,0.8,0.95
7800,-1463,11286,13312,13981,13942,9816,0.81,0.95
7800,-1471,11262,13448,13970,14090,9817,0.81,0.95
7800,-1480,11214,13485,13964,14136,9817,0.8,0.95
7800,-1479,11239,13506,13985,14165,9815,0.8,0.95
7800,-1459,11255,13512,14036,14167,9814,0.8,0.95
7800,-1479,11156,13260,13965,13888,9813,0.8,0.95
7800,-1478,11276,13538,14068,14200,9813,0.8,0.95
7800,-1470,11243,13535,13987,14190,9812,0.8,0.95
7800,-1461,11264,13460,13982,14097,9812,0.81,0.95
7800,-1458,11325,13389,14031,14042,9811,0.81,0.95
7800,-1466,11285,13298,13991,13926,9811,0.81,0.95
7800,-1485,11328,13376,14040,14011,9810,0.81,0.95
7800,-1451,11298,13481,14028,14133,9810,0.81,0.95
7800,-1461,11251,13530,13985,14192,9810,0.8,0.95
7800,-1461,11354,13337,14062,13972,9810,0.81,0.95
7800,-1493,11183,13214,13998,13835,9810,0.8,0.96
7800,-1469,11210,13512,13982,14179,9810,0.8,0.95
7800,-1461,11240,13563,14030,14220,9810,0.8,0.95
7800,-1487,11191,13544,13964,14200,9809,0.8,0.95
7800,-1448,11294,13408,13987,14069,9809,0.81,0.95
7800,-1464,11159,13274,13827,13900,9809,0.81,0.95
7800,-1492,11149,13213,13963,13839,9811,0.8,0.95
7800,-1471,11215,13563,13991,14222,9813,0.8,0.95
7800,-1488,11249,13434,14001,14080,9815,0.8,0.95
7800,-1456,11285,13402,13986,14049,9816,0.81,0.95
7800,-1449,11293,13316,14001,13944,9814,0.81,0.95
7800,-1467,11223,13505,13949,14164,9809,0.8,0.95
7800,-1460,11258,13486,14018,14147,9803,0.8,0.95
7800,-1478,11336,13347,14050,13977,9800,0.81,0.95
7800,-1462,11111,13250,13927,13899,9800,0.8,0.95
7800,-1462,11266,13444,13989,14102,9803,0.81,0.95
7800,-1465,11322,13504,14068,14165,9805,0.8,0.95
7800,-1470,11264,13465,14015,14114,9807,0.8,0.95
7800,-1482,11219,13496,13983,14147,9807,0.8,0.95
7800,-1469,11214,13515,13937,14176,9805,0.8,0.95
7800,-1477,11210,13594,14020,14255,9802,0.8,0.95
7800,-1464,11237,13553,14017,14208,9798,0.8,0.95
7800,-1461,11260,13544,14021,14207,9796,0.8,0.95
7800,-1459,11311,13286,14020,13920,9796,0.81,0.95
7800,-1458,11240,13300,13964,13957,9800,0.8,0.95
7800,-1461,11289,13455,14005,14108,9804,0.81,0.95
7800,-1485,11143,13245,13951,13871,9809,0.8,0.95
7800,-1472,11280,13536,14030,14195,9810,0.8,0.95
7800,-1449,11287,13531,14030,14187,9811,0.8,0.95
7800,-1461,11311,13246,14023,13877,9811,0.81,0.95
7800,-1473,11320,13327,14036,13958,9811,0.81,0.95
7800,-1460,11241,13278,13930,13907,9811,0.81,0.95
7800,-1463,11276,13519,14031,14180,9811,0.8,0.95
7800,-1465,11289,13579,14027,14240,9809,0.8,0.95
7800,-1453,11180,13308,14006,13964,9806,0.8,0.95
7800,-1461,11078,13511,13815,14169,9803,0.8,0.95
7800,-1471,11304,13280,14009,13912,9802,0.81,0.95
7800,-1452,11328,13455,14047,14108,9802,0.81,0.95
7800,-1466,11278,13304,13971,13936,9806,0.81,0.95
7800,-1465,11324,13195,14036,13828,9809,0.81,0.95
7800,-1477,11269,13341,13969,13983,9812,0.81,0.95
7800,-1449,11301,13480,14004,14129,9811,0.81,0.95
7800,-1463,11207,13544,13952,14201,9811,0.8,0.95
7800,-1471,11206,13567,13996,14234,9809,0.8,0.95
7800,-1454,11289,13504,14003,14161,9808,0.81,0.95
7800,-1462,11101,13540,13837,14199,9808,0.8,0.95
7800,-1490,11156,13478,13938,14132,9808,0.8,0.95
7800,-1481,11238,13509,13993,14163,9813,0.8,0.95
7800,-1466,11230,13519,13977,14177,9818,0.8,0.95
7800,-1456,11241,13469,13962,14128,9823,0.81,0.95
7800,-1473,11307,13435,14027,14077,9823,0.81,0.95
7800,-1486,11241,13515,13960,14169,9820,0.81,0.95
7800,-1466,11216,13493,13945,14154,9813,0.8,0.95
7800,-1467,11309,13282,14014,13914,9807,0.81,0.95
7800,-1476,11325,13434,14027,14095,9802,0.81,0.95
7800,-1465,11295,13247,14003,13877,9802,0.81,0.95
7800,-1471,11232,13539,13985,14201,9805,0.8,0.95
7800,-1455,11265,13505,13989,14168,9808,0.81,0.95
7800,-1467,11360,13293,14078,13920,9812,0.81,0.95
7800,-1461,11211,13568,13961,14237,9812,0.8,0.95
7800,-1443,11238,13474,13939,14133,9813,0.81,0.95
7800,-1466,11277,13531,14019,14184,9815,0.8,0.95
7800,-1447,11301,13267,14010,13900,9818,0.81,0.95
7800,-1485,11185,13180,14008,13805,9820,0.8,0.95
7800,-1457,11221,13135,13907,13768,9821,0.81,0.95
7800,-1456,11244,13447,13947,14091,9815,0.81,0.95
7800,-1462,11258,13526,14006,14186,9808,0.8,0.95
7800,-1464,11308,13339,14013,13966,9802,0.81,0.96
7800,-1485,11224,13470,13988,14132,9800,0.8,0.95
7800,-1462,11308,13563,14010,14227,9801,0.81,0.95
7800,-1453,11330,13414,14034,14056,9802,0.81,0.95
7800,-1456,11303,13537,14011,14197,9804,0.81,0.95
7800,-1462,11237,13517,13984,14181,9805,0.8,0.95
7800,-1460,11284,13558,14051,14226,9804,0.8,0.95
7800,-1466,11145,13165,13968,13797,9808,0.8,0.95
7800,-1460,11300,13271,14004,13906,9814,0.81,0.95
7800,-1461,11188,13473,13909,14135,9820,0.8,0.95
7800,-1457,11300,13397,14008,14039,9822,0.81,0.95
7800,-1473,11263,13204,13956,13830,9821,0.81,0.95
7800,-1475,11201,13549,13963,14206,9817,0.8,0.95
7800,-1455,11332,13417,14079,14062,9813,0.8,0.95
7800,-1460,11255,13495,13968,14148,9810,0.81,0.95
7800,-1458,11238,13474,13972,14132,9810,0.8,0.95
7800,-1465,11281,13485,14012,14142,9807,0.81,0.95
7800,-1468,11174,13067,13959,13690,9802,0.8,0.95
7800,-1465,11213,13427,13933,14071,9797,0.8,0.95
7800,-1465,11310,13396,14012,14042,9795,0.81,0.95
7800,-1468,11241,13569,14018,14227,9795,0.8,0.95
7800,-1455,11249,13539,13994,14202,9805,0.8,0.95
7800,-1476,11200,13554,13986,14218,9815,0.8,0.95
7800,-1483,11215,13500,13962,14153,9825,0.8,0.95
7800,-1461,11249,13557,13995,14217,9825,0.8,0.95
7800,-1460,11230,13535,13971,14199,9824,0.8,0.95
7800,-1452,11257,13536,13992,14199,9822,0.8,0.95
7800,-1472,11172,13044,13960,13663,9821,0.8,0.95
7800,-1460,11157,13535,13889,14194,9820,0.8,0.95
7800,-1463,11278,13382,13967,14027,9820,0.81,0.95
7800,-1480,11215,13536,13965,14192,9816,0.8,0.95
7800,-1464,11285,13455,14019,14110,9812,0.8,0.95
7800,-1456,11232,13430,13969,14088,9808,0.8,0.95
7800,-1479,11338,13340,14053,13968,9808,0.81,0.96
7800,-1461,11277,13461,13972,14122,9808,0.81,0.95
7800,-1468,11258,13433,13979,14081,9809,0.81,0.95
7800,-1472,11281,13590,14054,14251,9810,0.8,0.95
7800,-1474,11092,13148,13893,13774,9811,0.8,0.95
7800,-1489,11221,13463,13991,14123,9811,0.8,0.95
7800,-1481,11272,13529,14021,14188,9810,0.8,0.95
7800,-1448,11248,13561,14026,14225,9810,0.8,0.95
7800,-1469,11188,13511,13965,14164,9810,0.8,0.95
7800,-1458,11253,13472,14004,14124,9810,0.8,0.95
7800,-1464,11213,13557,14007,14213,9810,0.8,0.95
7800,-1478,11205,13498,13993,14155,9813,0.8,0.95
7800,-1456,11291,13286,13997,13911,9817,0.81,0.96
7800,-1459,11316,13429,14032,14079,9819,0.81,0.95
7800,-1454,11251,13211,13945,13860,9819,0.81,0.95
7800,-1472,11313,13273,14020,13901,9817,0.81,0.95
7800,-1471,11265,13499,14028,14158,9814,0.8,0.95
7800,-1455,11236,13475,13981,14129,9812,0.8,0.95
7800,-1470,11223,13563,14017,14225,9810,0.8,0.95
7800,-1474,11280,13291,13981,13929,9812,0.81,0.95
7800,-1477,11297,13418,14013,14063,9821,0.81,0.95
7800,-1484,11314,13335,14021,13972,9830,0.81,0.95
7800,-1447,11236,13529,13996,14187,9836,0.8,0.95
7800,-1461,11347,13556,14119,14217,9836,0.8,0.95
7800,-1472,11154,13132,13974,13777,9828,0.8,0.95
7800,-1470,11256,13465,13984,14120,9814,0.8,0.95
7800,-1462,11244,13451,13949,14113,9800,0.81,0.95
7800,-1456,11253,13514,13964,14171,9794,0.81,0.95
7800,-1473,11190,13539,13932,14194,9794,0.8,0.95
7800,-1454,11267,13537,14013,14207,9796,0.8,0.95
7800,-1463,11303,13412,14029,14054,9799,0.81,0.95
7800,-1458,11256,13482,13984,14136,9801,0.8,0.95
7800,-1457,11268,13364,13968,14008,9801,0.81,0.95
7800,-1458,11345,13539,14109,14197,9803,0.8,0.95
7800,-1472,11309,13186,14018,13815,9806,0.81,0.95
7800,-1459,11178,13540,13934,14203,9810,0.8,0.95
7800,-1461,11303,13514,14018,14168,9813,0.81,0.95
7800,-1455,11336,13250,14047,13887,9813,0.81,0.95
7800,-1473,11252,13468,13967,14118,9807,0.81,0.95
7800,-1468,11278,13542,14013,14203,9799,0.8,0.95
7800,-1463,11249,13533,13979,14188,9792,0.8,0.95
7800,-1460,11251,13529,13999,14181,9790,0.8,0.95
7800,-1449,11298,13406,14051,14046,9792,0.8,0.95
7800,-1455,11275,13513,14005,14171,9796,0.81,0.95
7800,-1451,11297,13301,14012,13956,9801,0.81,0.95
7800,-1468,11357,13269,14084,13893,9804,0.81,0.96
7800,-1489,11172,13085,13975,13703,9804,0.8,0.95
7800,-1462,11238,13452,13993,14101,9803,0.8,0.95
7800,-1470,11212,13550,13969,14215,9802,0.8,0.95
7800,-1463,11253,13526,14001,14186,9801,0.8,0.95
7800,-1468,11335,13330,14049,13968,9801,0.81,0.95
7800,-1457,11320,13269,14027,13897,9802,0.81,0.95
7800,-1456,11309,13249,14017,13878,9806,0.81,0.95
7800,-1470,11173,13586,13980,14249,9810,0.8,0.95
7800,-1493,11191,12952,13970,13566,9813,0.8,0.95
7800,-1467,11292,13494,14025,14153,9813,0.81,0.95
7800,-1466,11295,13246,14001,13874,9813,0.81,0.95
7800,-1458,11244,13510,14005,14171,9813,0.8,0.95
7800,-1472,11235,13514,14035,14169,9813,0.8,0.95
7800,-1494,11173,13254,13993,13884,9813,0.8,0.95
7800,-1451,11258,13493,13968,14144,9813,0.81,0.95
7800,-1472,11243,13527,13983,14193,9817,0.8,0.95
7800,-1455,11252,13298,13944,13932,9821,0.81,0.95
7800,-1452,11240,13484,13976,14149,9825,0.8,0.95
7800,-1454,11243,13341,13940,13989,9825,0.81,0.95
7800,-1468,11248,13574,14012,14231,9821,0.8,0.95
7800,-1462,11319,13285,14024,13914,9815,0.81,0.95
7800,-1456,11292,13486,14009,14148,9809,0.81,0.95
7800,-1481,11166,13476,13941,14125,9806,0.8,0.95
7800,-1467,11142,13606,13815,14272,9806,0.81,0.95
7800,-1494,11227,13473,14002,14123,9808,0.8,0.95
7800,-1458,11256,13525,13982,14183,9811,0.81,0.95
7800,-1458,11271,13498,13989,14156,9813,0.81,0.95
7800,-1450,11309,13505,14055,14163,9813,0.8,0.95
7800,-1470,11170,13130,13961,13751,9812,0.8,0.95
7800,-1462,11291,13340,13986,13972,9809,0.81,0.95
7800,-1476,11314,13297,14018,13925,9807,0.81,0.95
7800,-1453,11066,13221,13724,13871,9805,0.81,0.95
7800,-1445,11249,13417,13974,14072,9805,0.8,0.95
7800,-1472,11074,13302,13792,13953,9807,0.8,0.95
7800,-1484,11265,13516,14015,14172,9810,0.8,0.95
7800,-1467,11295,13533,14034,14197,9812,0.8,0.95
7800,-1452,11298,13359,14014,13999,9812,0.81,0.95
7800,-1456,11272,13551,14028,14211,9813,0.8,0.95
7800,-1453,11348,13447,14060,14110,9816,0.81,0.95
7800,-1462,11172,13551,13901,14209,9820,0.8,0.95
7800,-1459,11333,13268,14042,13895,9822,0.81,0.95
7800,-1468,11267,13378,13993,14016,9822,0.81,0.95
7800,-1486,11200,13524,13947,14180,9818,0.8,0.95
7800,-1482,11164,13512,13935,14177,9813,0.8,0.95
7800,-1487,11208,13403,13911,14054,9809,0.81,0.95
7800,-1478,11152,13308,13954,13938,9808,0.8,0.95
7800,-1472,11235,13488,14006,14145,9807,0.8,0.95
7800,-1486,11174,13531,13972,14181,9804,0.8,0.95
7800,-1503,11160,13162,13974,13786,9800,0.8,0.95
7800,-1447,11125,13475,13780,14132,9798,0.81,0.95
7800,-1483,11293,13514,14027,14172,9797,0.81,0.95
7800,-1469,11233,13479,14020,14136,9799,0.8,0.95
7800,-1466,11259,13534,14019,14199,9801,0.8,0.95
7800,-1463,11321,13253,14028,13885,9804,0.81,0.95
7800,-1468,11176,13457,13894,14117,9804,0.8,0.95
7800,-1450,11298,13432,14027,14086,9804,0.81,0.95
7800,-1462,11338,13317,14054,13950,9808,0.81,0.95
7800,-1463,11276,13481,13994,14122,9813,0.81,0.95
7800,-1458,11259,13420,13951,14070,9817,0.81,0.95
7800,-1461,11046,13155,13820,13789,9817,0.8,0.95
7800,-1489,11200,13464,13980,14121,9816,0.8,0.95
7800,-1489,11168,13529,13967,14191,9816,0.8,0.95
7800,-1492,11386,13486,14103,14146,9816,0.81,0.95
7800,-1461,11256,13535,14012,14195,9816,0.8,0.95
7800,-1475,11286,13226,13989,13850,9816,0.81,0.95
7800,-1462,11167,13531,13949,14197,9815,0.8,0.95
7800,-1469,11243,13528,14001,14185,9814,0.8,0.95
7800,-1468,11247,13519,14006,14172,9813,0.8,0.95
7800,-1458,11261,13274,13962,13918,9813,0.81,0.95
7800,-1463,11318,13406,14026,14054,9813,0.81,0.95
7800,-1464,11320,13460,14047,14109,9815,0.81,0.95
7800,-1468,11212,13530,13986,14188,9817,0.8,0.95
7800,-1461,11267,13461,13978,14117,9817,0.81,0.95
7800,-1455,11355,13418,14063,14067,9817,0.81,0.95
7800,-1458,11183,13551,13962,14220,9818,0.8,0.95
7800,-1463,11164,13538,13931,14199,9818,0.8,0.95
7800,-1454,11214,13535,13992,14196,9819,0.8,0.95
7800,-1461,11339,13473,14059,14126,9819,0.81,0.95
7800,-1467,11264,13257,13967,13902,9819,0.81,0.95
7800,-1452,11115,13480,13809,14141,9819,0.8,0.95
7800,-1473,11299,13419,13998,14072,9818,0.81,0.95
7800,-1454,11241,13518,13992,14174,9818,0.8,0.95
7800,-1488,11275,13433,13984,14092,9818,0.81,0.95
7800,-1484,11204,13560,14004,14228,9815,0.8,0.95
7800,-1485,11226,13575,14013,14241,9810,0.8,0.95
7800,-1468,11263,13541,13983,14210,9806,0.81,0.95
7800,-1458,11246,13577,14025,14243,9805,0.8,0.95
7800,-1473,11311,13487,14070,14142,9805,0.8,0.95
7800,-1447,11307,13292,14007,13929,9806,0.81,0.95
7800,-1461,11176,13541,13945,14198,9806,0.8,0.95
7800,-1491,11322,13358,14029,13997,9807,0.81,0.95
7800,-1450,11344,13434,14059,14097,9807,0.81,0.95
7800,-1469,11267,13220,13966,13849,9809,0.81,0.95
7800,-1460,11272,13491,14008,14151,9813,0.8,0.95
7800,-1468,11311,13272,14025,13904,9817,0.81,0.95
7800,-1460,11241,13533,14021,14198,9819,0.8,0.95
7800,-1449,11221,13433,13957,14088,9819,0.8,0.95
7800,-1482,11208,13548,14015,14216,9817,0.8,0.95
7800,-1491,11170,12876,13952,13484,9815,0.8,0.95
7800,-1474,11092,13481,13779,14141,9813,0.8,0.95
7800,-1476,11241,13430,13960,14083,9813,0.81,0.95
7800,-1458,11252,13506,13995,14167,9816,0.8,0.95
7800,-1466,11326,13481,14048,14132,9821,0.81,0.95
7800,-1498,11138,13497,13911,14166,9826,0.8,0.95
7800,-1476,11195,13502,13946,14163,9829,0.8,0.95
7800,-1467,11286,13357,13988,14002,9828,0.81,0.95
7800,-1440,11300,13457,14045,14113,9827,0.8,0.95
7800,-1471,11361,13276,14089,13915,9826,0.81,0.95
7800,-1445,11257,13400,13954,14053,9825,0.81,0.95
7800,-1452,11261,13506,13969,14164,9825,0.81,0.95
7800,-1467,11309,13416,14042,14063,9823,0.81,0.95
7800,-1484,11242,13469,13989,14126,9819,0.8,0.95
7800,-1470,11223,13582,13972,14243,9814,0.8,0.95
7800,-1449,11298,13359,13998,14010,9812,0.81,0.95
7800,-1472,11140,13590,13935,14255,9812,0.8,0.95
7800,-1484,11232,13542,13992,14204,9817,0.8,0.95
7800,-1460,11293,13356,13999,13996,9823,0.81,0.95
7800,-1475,11237,13514,13965,14171,9830,0.8,0.95
7800,-1455,11295,13274,13996,13915,9831,0.81,0.95
7800,-1461,11107,13497,13820,14150,9830,0.8,0.95
7800,-1463,11348,13414,14065,14063,9823,0.81,0.95
7800,-1466,11216,13551,13989,14216,9816,0.8,0.95
7800,-1467,11242,13535,13997,14197,9811,0.8,0.95
7800,-1471,11240,13491,13994,14151,9810,0.8,0.95
7800,-1470,11260,13513,14003,14171,9810,0.8,0.95
7800,-1466,11288,13500,14016,14149,9810,0.81,0.95
7800,-1464,11266,13495,14035,14156,9810,0.8,0.95
7800,-1450,11301,13476,14030,14137,9810,0.81,0.95
7800,-1453,11337,13274,14050,13927,9808,0.81,0.95
7800,-1482,11235,13355,13917,13993,9802,0.81,0.95
7800,-1473,11283,13316,13977,13944,9796,0.81,0.95
7800,-1461,11246,13474,14005,14125,9791,0.8,0.95
7800,-1438,11239,13459,13954,14123,9791,0.81,0.95
7800,-1474,11235,13551,14003,14217,9795,0.8,0.95
7800,-1470,11312,13411,14013,14055,9801,0.81,0.95
7800,-1470,11287,13367,13978,14012,9808,0.81,0.95
7800,-1452,11276,13291,13974,13921,9811,0.81,0.95
7800,-1451,11290,13348,13997,13981,9811,0.81,0.95
7800,-1441,11098,13435,13767,14093,9808,0.81,0.95
7800,-1456,11250,13312,13935,13951,9805,0.81,0.95
7800,-1474,11283,13333,13984,13971,9802,0.81,0.95
7800,-1473,11245,13513,13975,14172,9802,0.8,0.95
7800,-1484,11209,13560,13950,14224,9803,0.8,0.95
7800,-1457,11277,13286,13979,13917,9803,0.81,0.95
7800,-1465,11295,13498,14032,14153,9804,0.8,0.95
7800,-1466,11305,13441,14013,14083,9804,0.81,0.95
7800,-1456,11236,13559,14048,14223,9804,0.8,0.95
7800,-1481,11306,13204,14014,13836,9808,0.81,0.95
7800,-1458,11298,13430,14011,14087,9812,0.81,0.95
7800,-1471,11137,13541,13884,14202,9817,0.8,0.95
7800,-1459,11258,13487,13973,14142,9817,0.81,0.95
7800,-1447,11311,13482,14021,14143,9815,0.81,0.95
7800,-1467,11263,13531,14048,14187,9811,0.8,0.95
7800,-1459,11288,13507,13993,14168,9807,0.81,0.95
7800,-1467,11271,13502,14030,14156,9805,0.8,0.95
7800,-1458,11276,13489,14006,14145,9805,0.81,0.95
7800,-1474,11228,13464,14000,14113,9811,0.8,0.95
7800,-1468,11277,13268,13974,13898,9818,0.81,0.95
7800,-1480,11300,13359,14007,14016,9825,0.81,0.95
7800,-1456,11219,13459,13961,14120,9826,0.8,0.95
7800,-1487,11169,13216,13995,13844,9826,0.8,0.95
7800,-1475,11248,13481,13992,14139,9824,0.8,0.95
7800,-1468,11200,13502,13929,14164,9823,0.8,0.95
7800,-1466,11269,13399,14006,14038,9822,0.8,0.95
7800,-1480,11249,13473,14010,14119,9822,0.8,0.95
7800,-1463,11253,13548,14040,14210,9821,0.8,0.95
7800,-1485,11199,13492,13989,14139,9819,0.8,0.95
7800,-1477,11191,13431,13938,14081,9817,0.8,0.95
7800,-1475,11319,13301,14030,13949,9817,0.81,0.95
7800,-1456,11209,13521,13925,14184,9817,0.8,0.95
7800,-1488,11276,13318,13974,13954,9817,0.81,0.95
7800,-1482,11132,13225,13950,13853,9818,0.8,0.95
7800,-1483,11319,13312,14030,13941,9818,0.81,0.95
7800,-1472,11324,13401,14058,14042,9818,0.81,0.95
7800,-1477,11274,13405,13999,14047,9815,0.81,0.95
7800,-1461,11218,13483,13964,14134,9809,0.8,0.95
7800,-1454,11328,13340,14042,13978,9803,0.81,0.95
7800,-1464,11327,13516,14067,14168,9800,0.81,0.95
7800,-1464,11304,13382,14011,14034,9800,0.81,0.95
7800,-1463,11276,13551,14041,14211,9806,0.8,0.95
7800,-1455,11312,13459,14014,14110,9812,0.81,0.95
7800,-1461,11249,13556,14000,14218,9817,0.8,0.95
7800,-1465,11327,13479,14054,14130,9817,0.81,0.95
7800,-1459,11225,13467,13965,14123,9818,0.8,0.95
7800,-1470,11264,13477,13983,14142,9821,0.81,0.95
7800,-1477,11244,13550,14039,14206,9823,0.8,0.95
7800,-1457,11164,13521,13910,14181,9825,0.8,0.95
7800,-1484,11158,13598,13974,14268,9825,0.8,0.95
7800,-1480,11226,12937,13999,13552,9821,0.8,0.95
7800,-1480,11188,13099,13986,13721,9817,0.8,0.95
7800,-1488,11293,13307,13999,13942,9813,0.81,0.95
7800,-1448,11252,13486,13943,14139,9813,0.81,0.95
7800,-1477,11210,13520,13987,14176,9815,0.8,0.95
7800,-1459,11298,13484,14015,14144,9818,0.81,0.95
7800,-1485,11293,13514,14029,14175,9821,0.8,0.95
7800,-1459,11261,13484,13998,14134,9823,0.8,0.95
7800,-1455,11315,13209,14028,13841,9823,0.81,0.95
7800,-1464,11230,13581,14001,14246,9819,0.8,0.95
7800,-1456,11284,13360,13998,14017,9813,0.81,0.95
7800,-1456,11061,13519,13757,14181,9808,0.8,0.95
7800,-1454,11309,13341,14012,13976,9807,0.81,0.95
7800,-1458,11267,13419,13973,14066,9806,0.81,0.95
7800,-1475,11249,13489,13994,14132,9804,0.8,0.95
7800,-1463,11319,13465,14041,14122,9803,0.81,0.95
7800,-1465,11327,13312,14038,13943,9801,0.81,0.95
7800,-1491,11257,13503,13992,14170,9801,0.8,0.95
7800,-1484,11148,13217,13961,13843,9803,0.8,0.95
7800,-1457,11247,13520,13957,14175,9806,0.81,0.95
7800,-1441,11274,13364,13979,14021,9809,0.81,0.95
7800,-1463,11096,13104,13919,13751,9811,0.8,0.95
7800,-1483,11175,13145,13854,13785,9811,0.81,0.95
7800,-1461,11305,13490,14049,14148,9812,0.8,0.95
7800,-1477,11153,13533,13931,14190,9812,0.8,0.95
7800,-1467,11312,13507,14029,14166,9813,0.81,0.95
7800,-1453,11256,13440,14000,14097,9813,0.8,0.95
7800,-1456,11320,13314,14027,13942,9812,0.81,0.95
7800,-1453,11185,13520,13943,14182,9810,0.8,0.95
7800,-1472,11294,13508,14055,14162,9808,0.8,0.95
7800,-1460,11283,13303,13985,13955,9807,0.81,0.95
7800,-1450,11234,13360,13918,13995,9806,0.81,0.95
7800,-1477,11296,13304,13996,13941,9805,0.81,0.95
7800,-1458,11267,13533,14031,14195,9804,0.8,0.95
7800,-1455,11276,13458,14009,14116,9803,0.8,0.95
7800,-1473,11206,13552,13954,14210,9804,0.8,0.95
7800,-1472,11244,13417,13964,14068,9806,0.81,0.95
7800,-1452,11316,13454,14018,14102,9812,0.81,0.95
7800,-1457,11132,13519,13922,14181,9817,0.8,0.95
7800,-1470,11300,13285,14000,13916,9820,0.81,0.95
7800,-1467,11133,13184,13942,13834,9821,0.8,0.95
7800,-1472,11253,13537,14002,14191,9819,0.8,0.95
7800,-1485,11268,13412,13983,14048,9816,0.81,0.95
7800,-1466,11207,13553,13975,14214,9814,0.8,0.95
7800,-1451,11315,13248,14020,13874,9813,0.81,0.95
7800,-1456,11215,13614,13974,14286,9813,0.8,0.95
7800,-1464,11251,13538,13977,14204,9813,0.8,0.95
7800,-1483,11202,13549,14005,14213,9812,0.8,0.95
7800,-1469,11253,13495,13970,14155,9812,0.81,0.95
7800,-1477,11375,13404,14091,14041,9812,0.81,0.95
7800,-1439,11326,13409,14033,14067,9806,0.81,0.95
7800,-1470,11158,13530,13942,14181,9799,0.8,0.95
7800,-1465,11162,13556,13902,14210,9792,0.8,0.95
7800,-1456,11187,13545,13961,14198,9791,0.8,0.95
7800,-1463,11219,13592,13960,14252,9791,0.8,0.95
7800,-1456,11270,13492,14023,14147,9793,0.8,0.95
7800,-1458,11311,13331,14021,13976,9794,0.81,0.95
7800,-1457,11172,13597,13958,14260,9795,0.8,0.95
7800,-1490,11130,13237,13940,13864,9795,0.8,0.95
7800,-1468,11273,13264,13977,13895,9801,0.81,0.95
7800,-1460,11340,13234,14051,13878,9810,0.81,0.95
7800,-1464,10951,13250,13708,13878,9820,0.8,0.95
7800,-1477,11264,13342,13969,13972,9823,0.81,0.95
7800,-1464,11309,13351,14017,13985,9823,0.81,0.95
7800,-1462,11212,13529,13953,14189,9822,0.8,0.95
7800,-1465,11254,13572,13968,14233,9821,0.81,0.95
7800,-1483,11328,13464,14037,14101,9820,0.81,0.95
7800,-1468,11286,13358,13991,13991,9820,0.81,0.95
7800,-1464,11261,13522,14007,14171,9819,0.8,0.95
7800,-1466,11237,13585,13968,14245,9818,0.8,0.95
7800,-1487,11116,13124,13930,13747,9817,0.8,0.95
7800,-1457,11260,13491,13982,14145,9817,0.81,0.95
7800,-1469,11240,13479,13940,14138,9817,0.81,0.95
7800,-1476,11186,13489,13949,14143,9808,0.8,0.95
7800,-1459,11279,13535,14031,14196,9799,0.8,0.95
7800,-1462,11212,13489,13922,14139,9790,0.81,0.95
7800,-1464,11269,13446,13988,14094,9790,0.81,0.95
7800,-1468,11294,13412,14003,14054,9794,0.81,0.95
7800,-1474,11209,13561,13982,14226,9805,0.8,0.95
7800,-1474,11321,13386,14026,14021,9815,0.81,0.95
7800,-1451,11258,13195,13956,13833,9821,0.81,0.95
7800,-1468,11288,13236,13999,13863,9821,0.81,0.95
7800,-1494,11159,13248,13975,13874,9816,0.8,0.95
7800,-1482,11201,13201,14040,13818,9809,0.8,0.96
7800,-1468,11097,13514,13803,14165,9803,0.8,0.95
7800,-1461,11172,13574,13952,14245,9802,0.8,0.95
7800,-1467,11315,13464,14029,14113,9805,0.81,0.95
7799,-1459,11361,13492,14106,14144,9815,0.81,0.95
7800,-1478,11291,13312,13997,13939,9824,0.81,0.96
7800,-1462,11373,13240,14097,13862,9830,0.81,0.96
7800,-1446,11249,13441,13940,14093,9830,0.81,0.95
7800,-1472,11180,13543,13947,14209,9823,0.8,0.95
7800,-1459,11272,13480,14017,14136,9814,0.8,0.95
7800,-1459,11230,13574,14010,14230,9804,0.8,0.95
7800,-1485,11205,13538,13954,14196,9803,0.8,0.95
7800,-1480,11310,13299,14024,13927,9803,0.81,0.95
7800,-1459,11334,13246,14050,13876,9803,0.81,0.95
7800,-1456,11254,13531,14006,14195,9803,0.8,0.95
7800,-1494,11201,13455,13956,14101,9803,0.8,0.95
7800,-1477,11254,13543,14013,14204,9803,0.8,0.95
7800,-1478,11157,13234,13973,13870,9803,0.8,0.95
7800,-1462,11340,13444,14055,14093,9805,0.81,0.95
7800,-1467,11229,13532,13977,14197,9806,0.8,0.95
7800,-1467,11337,13355,14059,13996,9807,0.81,0.95
7800,-1463,11316,13311,14029,13948,9806,0.81,0.95
7800,-1467,11263,13475,14005,14121,9806,0.8,0.95
7800,-1471,11234,13532,14028,14189,9805,0.8,0.95
7800,-1458,11296,13482,14021,14137,9804,0.81,0.95
7800,-1446,11301,13444,14015,14088,9804,0.81,0.95
7800,-1467,11277,13402,14012,14044,9807,0.8,0.95
7800,-1455,11237,13259,13943,13906,9812,0.81,0.95
7800,-1454,11261,13432,13987,14083,9816,0.81,0.95
7800,-1488,11124,13202,13927,13826,9818,0.8,0.95
7800,-1458,11235,13537,13992,14194,9818,0.8,0.95
7800,-1464,11259,13479,13977,14138,9815,0.81,0.95
7800,-1463,11308,13299,14014,13939,9813,0.81,0.95
7800,-1494,11256,13490,14006,14149,9810,0.8,0.95
7800,-1467,11256,13548,14021,14214,9810,0.8,0.95
7800,-1480,11337,13493,14087,14155,9810,0.8,0.95
7800,-1456,11350,13433,14101,14074,9811,0.8,0.95
7800,-1464,11247,13037,14013,13656,9812,0.8,0.95
7800,-1456,11149,13298,13808,13928,9812,0.81,0.95
7800,-1473,11269,13496,14009,14153,9812,0.8,0.95
7800,-1461,11316,13418,14021,14064,9815,0.81,0.95
7800,-1494,11155,13233,13962,13859,9818,0.8,0.95
7800,-1488,11176,13501,13968,14159,9821,0.8,0.95
7800,-1473,11175,13502,13947,14160,9822,0.8,0.95
7800,-1457,11289,13373,13991,14016,9820,0.81,0.95
7800,-1455,11269,13395,13992,14037,9813,0.81,0.95
7800,-1446,11201,13495,13903,14152,9806,0.81,0.95
7800,-1464,11116,13270,13925,13919,9800,0.8,0.95
7800,-1457,11158,13526,13930,14190,9800,0.8,0.95
7800,-1505,11139,13237,13949,13863,9805,0.8,0.95
7800,-1486,11277,13272,13977,13900,9811,0.81,0.95
7800,-1470,11248,13518,13994,14175,9817,0.8,0.95
7800,-1458,11291,13482,14023,14143,9818,0.81,0.95
7800,-1463,11319,13281,14029,13914,9817,0.81,0.95
7800,-1448,11265,13547,13992,14211,9812,0.81,0.95
7800,-1467,11170,13578,13965,14235,9808,0.8,0.95
7800,-1500,11259,13529,14018,14187,9804,0.8,0.95
7800,-1453,11271,13257,13968,13905,9804,0.81,0.95
7800,-1457,11259,13409,13950,14056,9808,0.81,0.95
7800,-1472,11281,13215,13977,13841,9813,0.81,0.95
7800,-1460,11237,13478,13976,14135,9819,0.8,0.95
7800,-1442,11249,13479,13986,14136,9822,0.8,0.95
7800,-1485,11325,13202,14041,13828,9822,0.81,0.95
7800,-1477,11310,13344,14010,13979,9825,0.81,0.95
7800,-1478,11249,13517,14006,14169,9828,0.8,0.95
7800,-1460,11291,13315,13991,13950,9831,0.81,0.95
7800,-1466,11260,13533,14066,14195,9831,0.8,0.95
7800,-1485,11321,13331,14025,13975,9828,0.81,0.95
7800,-1474,11256,13480,13994,14125,9821,0.8,0.95
7800,-1490,11104,13211,13907,13836,9814,0.8,0.95
7800,-1467,11243,13544,13992,14206,9811,0.8,0.95
7800,-1467,11231,13525,13992,14180,9810,0.8,0.95
7800,-1457,11321,13433,14032,14081,9811,0.81,0.95
7800,-1451,11258,13552,14013,14210,9812,0.8,0.95
7800,-1461,11309,13397,14008,14034,9812,0.81,0.95
7800,-1456,11324,13432,14046,14073,9812,0.81,0.95
7800,-1470,11260,13556,14003,14220,9814,0.8,0.95
7800,-1456,11253,13231,13947,13866,9818,0.81,0.95
7800,-1468,11244,13450,13954,14096,9822,0.81,0.95
7800,-1474,11323,13328,14028,13954,9824,0.81,0.96
7800,-1466,11150,13604,13944,14263,9825,0.8,0.95
7800,-1480,11237,13445,14017,14096,9819,0.8,0.95
7800,-1469,11286,13529,14040,14187,9812,0.8,0.95
7800,-1461,11330,13408,14063,14048,9804,0.81,0.95
7800,-1477,11287,13347,13981,13991,9803,0.81,0.95
7800,-1459,11273,13446,14003,14101,9803,0.81,0.95
7800,-1484,11170,13562,13958,14218,9807,0.8,0.95
7800,-1479,11144,13240,13952,13881,9810,0.8,0.95
7800,-1453,11308,13478,14003,14134,9813,0.81,0.95
7800,-1453,11299,13191,13997,13817,9813,0.81,0.95
7800,-1462,11265,13512,13997,14165,9808,0.8,0.95
7800,-1448,11229,13404,13934,14045,9803,0.81,0.95
7800,-1443,11226,13547,13964,14209,9797,0.8,0.95
7800,-1476,11313,13478,14055,14132,9796,0.8,0.95
7800,-1470,11262,13191,13951,13819,9798,0.81,0.95
7800,-1463,11217,13510,13946,14167,9807,0.8,0.95
7800,-1462,11310,13330,14008,13961,9817,0.81,0.95
7800,-1484,11066,13049,13863,13665,9824,0.8,0.95
7800,-1458,11073,13481,13738,14134,9824,0.81,0.95
7800,-1477,11186,13264,13999,13894,9823,0.8,0.95
7800,-1455,11308,13426,14019,14083,9821,0.81,0.95
7800,-1462,11245,13540,14003,14209,9819,0.8,0.95
7800,-1453,11208,13514,13938,14176,9818,0.8,0.95
7800,-1450,11265,13527,13992,14179,9818,0.81,0.95
7800,-1464,11263,13336,13951,13970,9816,0.81,0.95
7800,-1471,11165,13609,13960,14266,9813,0.8,0.95
7800,-1460,11306,13533,14047,14191,9810,0.8,0.95
7800,-1448,11323,13368,14036,14017,9810,0.81,0.95
7800,-1462,11159,13446,13846,14093,9812,0.81,0.95
7800,-1456,11246,13523,13980,14184,9816,0.8,0.95
7800,-1457,11270,13531,14028,14191,9820,0.8,0.95
7800,-1467,11307,13503,14040,14159,9822,0.81,0.95
7800,-1460,11328,13279,14034,13913,9822,0.81,0.95
7800,-1482,11292,13268,13992,13894,9819,0.81,0.95
7800,-1463,11306,13444,13998,14092,9817,0.81,0.95
7800,-1451,11236,13538,13976,14193,9814,0.8,0.95
7800,-1478,11303,13272,14008,13898,9814,0.81,0.95
7800,-1482,11156,13140,13974,13766,9812,0.8,0.95
7800,-1448,11320,13448,14022,14100,9808,0.81,0.95
7800,-1492,11252,13504,14017,14159,9803,0.8,0.95
7800,-1476,11285,13520,14009,14173,9800,0.81,0.95
7800,-1473,11213,13492,13975,14145,9800,0.8,0.95
7800,-1459,11304,13287,14011,13921,9801,0.81,0.95
7800,-1471,11253,13517,13981,14178,9802,0.8,0.95
7800,-1457,11240,13480,13963,14131,9802,0.8,0.95
7800,-1476,10944,13446,13717,14092,9802,0.8,0.95
7800,-1472,11095,13516,13763,14179,9803,0.81,0.95
7800,-1447,11231,13413,13994,14074,9808,0.8,0.95
7800,-1461,11241,13529,13996,14189,9813,0.8,0.95
7800,-1476,11342,13323,14047,13957,9817,0.81,0.95
7800,-1469,11273,13460,14024,14105,9817,0.8,0.95
7800,-1464,11196,13535,13983,14188,9815,0.8,0.95
7800,-1462,11246,13434,13974,14084,9812,0.8,0.95
7800,-1466,11311,13465,14043,14111,9810,0.81,0.95
7800,-1474,11284,13489,14047,14140,9809,0.8,0.95
7800,-1460,11088,12940,13854,13556,9809,0.8,0.95
7800,-1459,11315,13534,14045,14187,9808,0.81,0.95
7800,-1458,11279,13349,13983,13994,9807,0.81,0.95
7800,-1468,11059,13509,13775,14164,9805,0.8,0.95
7800,-1460,11350,13221,14063,13852,9805,0.81,0.95
7800,-1463,11219,13518,13954,14177,9811,0.8,0.95
7800,-1468,11179,13569,13955,14222,9819,0.8,0.95
7800,-1482,11270,13463,14022,14118,9828,0.8,0.95
7800,-1435,11298,13514,14033,14172,9831,0.81,0.95
7800,-1490,11128,13209,13936,13835,9831,0.8,0.95
7800,-1464,11182,13447,13901,14101,9824,0.8,0.95
7800,-1482,11312,13377,14021,14020,9817,0.81,0.95
7800,-1458,11095,13383,13881,14037,9810,0.8,0.95
7800,-1462,11137,13555,13900,14220,9809,0.8,0.95
7800,-1465,11315,13245,14020,13874,9810,0.81,0.95
7800,-1464,11221,13476,13964,14132,9810,0.8,0.95
7800,-1463,11301,13460,14044,14112,9811,0.8,0.95
7800,-1468,11239,13449,13958,14104,9812,0.81,0.95
7800,-1476,11187,13487,13909,14142,9812,0.8,0.95
7800,-1485,11260,13524,14006,14185,9816,0.8,0.95
7800,-1456,11301,13416,14024,14063,9819,0.81,0.95
7800,-1457,11323,13555,14076,14223,9823,0.8,0.95
7800,-1455,11125,13229,13927,13877,9823,0.8,0.95
7800,-1467,11190,13570,13932,14234,9821,0.8,0.95
7800,-1483,11243,13347,13934,13982,9816,0.81,0.95
7800,-1456,11280,13501,14022,14153,9811,0.8,0.95
7800,-1483,11259,13427,14008,14073,9808,0.8,0.95
7800,-1474,11208,13569,13971,14233,9807,0.8,0.95
7800,-1472,11390,13364,14114,14004,9811,0.81,0.95
7800,-1454,11312,13365,14015,14005,9815,0.81,0.95
7800,-1460,11227,13538,13966,14193,9819,0.8,0.95
7800,-1487,11135,13238,13933,13871,9820,0.8,0.95
7800,-1459,11332,13371,14042,14024,9819,0.81,0.95
7800,-1456,11234,13378,13907,14016,9814,0.81,0.95
7800,-1461,11261,13539,13993,14196,9810,0.8,0.95
7800,-1490,11141,13249,13948,13879,9806,0.8,0.95
7800,-1480,11207,13582,13998,14249,9806,0.8,0.95
7800,-1472,11352,13382,14059,14028,9805,0.81,0.95
7800,-1449,11293,13343,13993,13973,9802,0.81,0.95
7800,-1470,11273,13399,14001,14049,9799,0.81,0.95
7800,-1458,11314,13316,14019,13948,9798,0.81,0.95
7800,-1468,11206,13582,13977,14237,9799,0.8,0.95
7800,-1459,11304,13472,14030,14132,9803,0.81,0.95
7800,-1450,11263,13503,13966,14163,9807,0.81,0.95
7800,-1467,11316,13418,14018,14061,9810,0.81,0.95
7800,-1456,11307,13504,14039,14166,9810,0.81,0.95
7800,-1462,11299,13520,14041,14174,9809,0.8,0.95
7800,-1455,11239,13531,13977,14189,9807,0.8,0.95
7800,-1480,11260,13517,13998,14170,9805,0.8,0.95
7800,-1486,11167,13521,13931,14168,9804,0.8,0.95
7800,-1457,11329,13401,14041,14040,9804,0.81,0.95
7800,-1487,11295,13221,13995,13852,9808,0.81,0.95
7800,-1455,11349,13417,14057,14066,9811,0.81,0.95
7800,-1459,11273,13453,13990,14103,9814,0.81,0.95
7800,-1479,11236,13262,13929,13895,9814,0.81,0.95
7800,-1462,11240,13527,13993,14188,9813,0.8,0.95
7800,-1441,11301,13435,13994,14078,9809,0.81,0.95
7800,-1462,11207,13630,14006,14293,9805,0.8,0.95
7800,-1465,11247,13582,13977,14238,9803,0.8,0.95
7800,-1458,11227,13539,13993,14201,9803,0.8,0.95
7800,-1469,11225,13597,13954,14260,9805,0.8,0.95
7800,-1460,11233,13511,13953,14167,9807,0.81,0.95
7800,-1472,11087,13145,13899,13772,9810,0.8,0.95
7800,-1459,11212,13343,13895,13976,9810,0.81,0.95
7800,-1468,11326,13295,14035,13926,9811,0.81,0.95
7800,-1479,11282,13465,14020,14122,9811,0.8,0.95
7800,-1476,11245,13540,13969,14193,9812,0.8,0.95
7800,-1474,11268,13421,13980,14078,9812,0.81,0.95
7800,-1462,11279,13495,14013,14155,9812,0.8,0.95
7800,-1451,11259,13471,14016,14132,9809,0.8,0.95
7800,-1461,11309,13321,14019,13954,9805,0.81,0.95
7800,-1459,11323,13277,14029,13909,9802,0.81,0.95
7800,-1445,11255,13285,13949,13933,9801,0.81,0.95
7800,-1465,11095,13533,13883,14191,9802,0.8,0.95
7800,-1473,11235,13471,13948,14126,9803,0.81,0.95
7800,-1467,11232,13468,13992,14119,9805,0.8,0.95
7800,-1460,11297,13543,14013,14200,9805,0.81,0.95
7800,-1471,11286,13521,14008,14186,9805,0.81,0.95
7800,-1469,11378,13468,14137,14113,9808,0.8,0.95
7800,-1473,11229,13484,13976,14138,9812,0.8,0.95
7800,-1461,11298,13409,13997,14051,9816,0.81,0.95
7800,-1473,11321,13544,14082,14205,9818,0.8,0.95
7801,-1455,11318,13251,14033,13891,9818,0.81,0.95
7800,-1479,11158,13192,13972,13820,9818,0.8,0.95
7800,-1463,11202,13568,13931,14230,9818,0.8,0.95
7800,-1455,11229,13540,13979,14197,9817,0.8,0.95
7800,-1472,11244,13550,14016,14208,9817,0.8,0.95
7800,-1456,11302,13413,14028,14060,9814,0.81,0.95
7800,-1459,11342,13339,14060,13979,9809,0.81,0.95
7800,-1445,11222,13515,13919,14178,9803,0.81,0.95
7800,-1456,11267,13468,14033,14121,9802,0.8,0.95
7800,-1474,11226,13540,13995,14203,9802,0.8,0.95
7800,-1469,11110,13143,13930,13791,9808,0.8,0.95
7800,-1480,11002,13199,13772,13819,9814,0.8,0.96
7800,-1469,11284,13361,13981,13998,9821,0.81,0.95
7800,-1471,11290,13457,14029,14109,9821,0.8,0.95
7800,-1472,11301,13252,14008,13883,9819,0.81,0.95
7800,-1455,11211,13552,13955,14220,9813,0.8,0.95
7800,-1473,11237,13504,13994,14155,9808,0.8,0.95
7800,-1475,11304,13247,14009,13875,9805,0.81,0.95
7800,-1463,11197,13558,13967,14218,9805,0.8,0.95
7800,-1469,11322,13510,14093,14166,9812,0.8,0.95
7800,-1447,11303,13443,14024,14107,9820,0.81,0.95
7800,-1460,11064,13577,13795,14231,9829,0.8,0.95
7800,-1470,11326,13353,14036,13986,9830,0.81,0.95
7800,-1462,11293,13384,14019,14020,9829,0.81,0.95
7800,-1465,11240,13516,13973,14175,9825,0.8,0.95
7800,-1467,11312,13237,14028,13871,9821,0.81,0.95
7800,-1467,11185,13594,13990,14255,9820,0.8,0.95
7800,-1504,11118,13280,13914,13908,9820,0.8,0.95
7800,-1451,11240,13585,13999,14252,9820,0.8,0.95
7800,-1477,11281,13416,13988,14076,9819,0.81,0.95
7800,-1451,11340,13271,14062,13913,9818,0.81,0.95
7800,-1466,11155,13564,13920,14215,9818,0.8,0.95
7800,-1476,11288,13271,13988,13901,9818,0.81,0.95
7800,-1472,11193,13535,14010,14200,9815,0.8,0.95
7800,-1481,11257,13448,13943,14105,9812,0.81,0.95
7800,-1477,11229,13456,14031,14111,9810,0.8,0.95
7800,-1495,11328,13494,14069,14145,9810,0.81,0.95
7800,-1454,11305,13357,14010,13996,9810,0.81,0.95
7800,-1462,11270,13562,14028,14222,9810,0.8,0.95
7800,-1480,11238,13459,13988,14107,9809,0.8,0.95
7800,-1461,11299,13341,14001,13981,9809,0.81,0.95
7800,-1454,11188,13430,13856,14072,9809,0.81,0.95
7800,-1494,11312,13197,14021,13825,9805,0.81,0.95
7800,-1467,11253,13451,14004,14108,9800,0.8,0.95
7800,-1467,11238,13479,13970,14125,9796,0.8,0.95
7800,-1470,11266,13478,13991,14136,9796,0.81,0.95
7800,-1472,11332,13241,14048,13868,9801,0.81,0.95
7800,-1463,11285,13515,14028,14173,9808,0.8,0.95
7800,-1459,11278,13364,13980,14003,9815,0.81,0.95
7800,-1464,11327,13462,14037,14116,9818,0.81,0.95
7800,-1453,11307,13315,14010,13965,9818,0.81,0.95
7800,-1470,11318,13270,14022,13896,9815,0.81,0.95
7800,-1459,11313,13461,14008,14118,9811,0.81,0.95
7800,-1469,11262,13509,14002,14163,9808,0.8,0.95
7800,-1455,11304,13414,14025,14071,9808,0.81,0.95
7800,-1457,11291,13542,14046,14202,9807,0.8,0.95
7800,-1476,11311,13289,14025,13914,9806,0.81,0.96
7801,-1461,11252,13450,13967,14098,9805,0.81,0.95
7800,-1459,11292,13461,14010,14113,9804,0.81,0.95
7800,-1467,11342,13332,14052,13967,9804,0.81,0.95
7800,-1478,11196,13180,14019,13818,9804,0.8,0.95
7800,-1460,11258,13492,14001,14147,9804,0.8,0.95
7800,-1475,11200,13485,13950,14142,9804,0.8,0.95
7800,-1453,11256,13482,14003,14136,9804,0.8,0.95
7800,-1469,11132,13547,13942,14210,9805,0.8,0.95
7800,-1482,11241,13502,14021,14163,9808,0.8,0.95
7800,-1462,11256,13470,14004,14133,9811,0.8,0.95
7800,-1459,11262,13472,13987,14130,9813,0.81,0.95
7800,-1462,11286,13288,13991,13921,9813,0.81,0.95
7800,-1459,11302,13332,14000,13959,9813,0.81,0.96
7800,-1458,11372,13403,14092,14053,9813,0.81,0.95
7800,-1458,11307,13475,14009,14133,9813,0.81,0.95
7800,-1459,11263,13409,13957,14058,9813,0.81,0.95
7800,-1462,11280,13562,14032,14223,9813,0.8,0.95
7800,-1455,11320,13351,14031,13988,9813,0.81,0.95
7800,-1465,11336,13307,14053,13942,9812,0.81,0.95
7800,-1472,11328,13419,14045,14060,9812,0.81,0.95
7800,-1450,11246,13363,13926,14001,9812,0.81,0.95
7800,-1482,11177,13558,13981,14214,9813,0.8,0.95
7800,-1480,11199,13583,13962,14247,9814,0.8,0.95
7800,-1465,11295,13220,14006,13869,9816,0.81,0.95
7800,-1456,11300,13444,14010,14097,9817,0.81,0.95
7800,-1469,11241,13498,13988,14151,9817,0.8,0.95
7800,-1452,11257,13501,14014,14150,9820,0.8,0.95
7800,-1468,11208,13534,13985,14200,9823,0.8,0.95
7800,-1463,11238,13612,14026,14281,9826,0.8,0.95
7800,-1486,11304,13331,14006,13962,9826,0.81,0.95
7800,-1451,11266,13421,14010,14076,9822,0.8,0.95
7800,-1436,11280,13449,14001,14106,9816,0.81,0.95
7800,-1465,11321,13512,14085,14167,9810,0.8,0.95
7800,-1461,11277,13283,13986,13935,9808,0.81,0.95
7800,-1467,11085,13563,13830,14223,9808,0.8,0.95
7800,-1474,11329,13311,14040,13944,9807,0.81,0.95
7800,-1469,11133,13209,13935,13833,9807,0.8,0.95
7800,-1476,11271,13328,13968,13959,9807,0.81,0.95
7800,-1461,11282,13391,13974,14034,9807,0.81,0.95
7800,-1426,11305,13476,14016,14132,9809,0.81,0.95
7800,-1455,11271,13481,14018,14127,9815,0.8,0.95
7800,-1473,11224,13525,13968,14190,9821,0.8,0.95
7800,-1481,11399,13353,14124,13982,9825,0.81,0.96
7800,-1460,11122,13126,13937,13753,9825,0.8,0.95
7800,-1464,11304,13480,14030,14128,9820,0.81,0.95
7800,-1467,11187,13545,13986,14205,9813,0.8,0.95
7800,-1475,11284,13387,14004,14031,9807,0.81,0.95
7800,-1480,11253,13518,13982,14186,9805,0.8,0.95
7800,-1440,11304,13374,14004,14015,9805,0.81,0.95
7800,-1465,11234,13490,13972,14141,9806,0.8,0.95
7800,-1464,11271,13474,13978,14133,9807,0.81,0.95
7800,-1450,11293,13409,14027,14056,9808,0.81,0.95
7800,-1476,11268,13430,13992,14073,9808,0.81,0.95
7800,-1469,11091,13027,13899,13662,9809,0.8,0.95
7800,-1461,11288,13347,13985,13982,9812,0.81,0.95
7800,-1483,11187,13190,14009,13816,9814,0.8,0.95
7800,-1455,11296,13413,14000,14075,9815,0.81,0.95
7800,-1486,11180,13563,13967,14224,9815,0.8,0.95
7800,-1496,11293,13338,14000,13976,9815,0.81,0.95
7800,-1479,11245,13470,13987,14131,9816,0.8,0.95
7800,-1467,11287,13391,13990,14039,9817,0.81,0.95
7800,-1454,11325,13300,14048,13932,9817,0.81,0.95
7800,-1458,11271,13524,14033,14175,9818,0.8,0.95
7800,-1443,11307,13270,14016,13914,9819,0.81,0.95
7800,-1467,11016,13531,13737,14186,9820,0.8,0.95
7800,-1482,11349,13426,14057,14067,9821,0.81,0.95
7800,-1475,11289,13528,14003,14185,9821,0.81,0.95
7800,-1464,11269,13439,14000,14088,9816,0.8,0.95
7800,-1479,11333,13454,14046,14120,9812,0.81,0.95
7800,-1439,11304,13460,14009,14124,9808,0.81,0.95
7800,-1456,11273,13497,13970,14158,9807,0.81,0.95
7800,-1454,11188,13530,13971,14190,9807,0.8,0.95
7800,-1464,11250,13492,14003,14143,9806,0.8,0.95
7800,-1475,11095,13207,13907,13853,9805,0.8,0.95
7800,-1465,11307,13387,13994,14030,9804,0.81,0.95
7800,-1488,11229,13499,13993,14160,9804,0.8,0.95
7800,-1461,11298,13517,14030,14171,9806,0.81,0.95
7800,-1463,11241,13481,14011,14130,9809,0.8,0.95
7800,-1467,11245,13545,13984,14207,9812,0.8,0.95
7800,-1435,11297,13486,14011,14137,9812,0.81,0.95
7800,-1466,11260,13486,13964,14146,9810,0.81,0.95
7800,-1450,11333,13377,14047,14011,9806,0.81,0.95
7800,-1460,11164,13519,13902,14179,9801,0.8,0.95
7800,-1453,11322,13404,14033,14059,9798,0.81,0.95
7800,-1452,11149,13441,13828,14090,9798,0.81,0.95
7800,-1478,11285,13301,13988,13939,9807,0.81,0.95
7800,-1457,11300,13469,14026,14128,9818,0.81,0.95
7800,-1451,11323,13436,14030,14094,9829,0.81,0.95
7800,-1471,11341,13475,14089,14137,9831,0.8,0.95
7800,-1464,11327,13511,14076,14174,9830,0.8,0.95
7800,-1469,11313,13530,14076,14192,9824,0.8,0.95
7800,-1457,11204,13589,13973,14247,9819,0.8,0.95
7801,-1471,11232,13525,13981,14187,9815,0.8,0.95
7800,-1483,11150,12981,13965,13601,9815,0.8,0.95
7800,-1467,11239,13289,13923,13912,9810,0.81,0.96
7800,-1470,11292,13229,13998,13857,9805,0.81,0.95
7800,-1463,11239,13512,13970,14175,9800,0.8,0.95
7800,-1484,11316,13281,14024,13914,9799,0.81,0.95
7801,-1458,11167,13554,13912,14219,9801,0.8,0.95
7800,-1474,11240,13454,13978,14106,9810,0.8,0.95
7800,-1458,11277,13498,13998,14159,9819,0.81,0.95
7800,-1449,11221,13527,13963,14183,9826,0.8,0.95
7800,-1473,11368,13240,14082,13872,9826,0.81,0.95
7800,-1445,11327,13370,14028,14013,9820,0.81,0.95
7800,-1456,11212,13508,13913,14162,9808,0.81,0.95
7800,-1483,11310,13245,14014,13874,9797,0.81,0.95
7800,-1447,11264,13521,14003,14178,9792,0.8,0.95
7800,-1482,11167,13537,13932,14189,9792,0.8,0.95
7800,-1492,11225,13559,14001,14217,9795,0.8,0.95
7800,-1471,11278,13258,13974,13889,9798,0.81,0.95
7800,-1457,11254,13465,13953,14122,9802,0.81,0.95
7800,-1459,11298,13560,14047,14226,9802,0.8,0.95
7800,-1459,11264,13509,13974,14167,9804,0.81,0.95
7800,-1436,11285,13364,13980,14019,9812,0.81,0.95
7800,-1450,11315,13373,14017,14019,9820,0.81,0.95
7800,-1471,11282,13401,13983,14051,9825,0.81,0.95
7800,-1466,11240,13528,14021,14187,9825,0.8,0.95
7800,-1480,11218,13518,13984,14170,9825,0.8,0.95
7800,-1458,11297,13446,14028,14097,9824,0.81,0.95
7800,-1474,11253,13482,13982,14141,9823,0.8,0.95
7800,-1452,11318,13504,14031,14159,9823,0.81,0.95
7800,-1445,11260,13505,14000,14165,9825,0.8,0.95
7801,-1452,11287,13418,13995,14068,9827,0.81,0.95
7800,-1453,11294,13240,14002,13891,9830,0.81,0.95
7800,-1462,11308,13252,14015,13877,9831,0.81,0.95
7800,-1458,11282,13501,14003,14166,9831,0.81,0.95
7800,-1482,11308,13440,14047,14086,9828,0.81,0.95
7800,-1456,11292,13543,14035,14204,9824,0.8,0.95
7800,-1458,11312,13293,14020,13926,9821,0.81,0.95
7800,-1457,11317,13499,14031,14152,9820,0.81,0.95
7800,-1461,11331,13454,14040,14114,9819,0.81,0.95
7800,-1454,11327,13480,14049,14142,9815,0.81,0.95
7800,-1445,11242,13541,13978,14206,9812,0.8,0.95
7800,-1454,11175,12894,13920,13508,9809,0.8,0.95
7800,-1446,11163,13458,13822,14108,9810,0.81,0.95
7800,-1472,11250,13493,13980,14151,9812,0.8,0.95
7800,-1459,11205,13524,13967,14185,9816,0.8,0.95
7800,-1485,11217,13521,13985,14185,9820,0.8,0.95
7800,-1465,11178,13563,13967,14230,9821,0.8,0.95
7800,-1488,11302,13314,14005,13941,9821,0.81,0.96
7801,-1448,11200,13518,13977,14184,9818,0.8,0.95
7800,-1452,11212,13571,13984,14231,9815,0.8,0.95
7800,-1493,11294,13510,14086,14172,9813,0.8,0.95
7800,-1439,11288,13347,13987,14005,9813,0.81,0.95
7800,-1465,11244,13451,13989,14099,9811,0.8,0.95
7800,-1469,11311,13389,14014,14042,9808,0.81,0.95
7800,-1453,11216,13516,13983,14182,9805,0.8,0.95
7800,-1468,11266,13525,14021,14183,9804,0.8,0.95
7800,-1453,11260,13530,14004,14192,9804,0.8,0.95
7800,-1491,11331,13254,14046,13882,9804,0.81,0.95
7800,-1454,11288,13492,14044,14155,9804,0.8,0.95
7800,-1438,11243,13467,13974,14123,9804,0.8,0.95
7800,-1469,11238,13372,13917,14025,9804,0.81,0.95
7800,-1494,11092,13182,13905,13828,9807,0.8,0.95
7801,-1457,11294,13436,14018,14086,9812,0.81,0.95
7800,-1471,11268,13385,13982,14028,9818,0.81,0.95
7800,-1459,11315,13497,14039,14153,9821,0.81,0.95
7800,-1477,11279,13508,13989,14162,9821,0.81,0.95
7800,-1453,11315,13485,14048,14153,9814,0.81,0.95
7800,-1488,11291,13525,14028,14191,9807,0.8,0.95
7800,-1454,11280,13536,13998,14202,9801,0.81,0.95
7800,-1451,11316,13403,14024,14048,9800,0.81,0.95
7800,-1475,11225,13515,14008,14178,9800,0.8,0.95
7800,-1459,11321,13361,14036,14018,9801,0.81,0.95
7800,-1458,11281,13442,13982,14091,9802,0.81,0.95
7800,-1471,11236,13513,13986,14169,9802,0.8,0.95
7800,-1447,11140,13545,13922,14210,9802,0.8,0.95
7800,-1461,11243,13486,13965,14152,9805,0.81,0.95
7800,-1467,11321,13308,14026,13951,9809,0.81,0.95
7800,-1445,11316,13464,14030,14125,9814,0.81,0.95
7800,-1487,11301,13504,14030,14166,9815,0.81,0.95
7800,-1463,11203,13547,13990,14208,9815,0.8,0.95
7800,-1464,11212,13558,13973,14232,9818,0.8,0.95
7800,-1446,11274,13350,13974,14013,9820,0.81,0.95
7800,-1461,11297,13480,14041,14140,9821,0.8,0.95
7800,-1472,11258,13374,13988,14020,9821,0.8,0.95
7800,-1466,11241,13501,13993,14160,9818,0.8,0.95
7800,-1472,11167,13623,13981,14283,9814,0.8,0.95
7800,-1471,11219,13547,13955,14209,9810,0.8,0.95
7800,-1470,11183,13517,13980,14173,9808,0.8,0.95
7800,-1455,11255,13506,13977,14164,9807,0.81,0.95
7800,-1455,11265,13490,14016,14144,9807,0.8,0.95
7800,-1461,11349,13374,14066,14008,9807,0.81,0.95
7800,-1450,11286,13272,13994,13918,9807,0.81,0.95
7800,-1459,11286,13520,14032,14179,9807,0.8,0.95
7800,-1464,11280,13476,14053,14137,9810,0.8,0.95
7800,-1460,11206,13477,13948,14131,9815,0.8,0.95
7800,-1457,11195,13524,13964,14187,9820,0.8,0.95
7800,-1474,11249,13533,14010,14202,9822,0.8,0.95
7800,-1468,11284,13429,14008,14075,9823,0.81,0.95
7800,-1471,11210,13430,13927,14075,9818,0.8,0.95
7800,-1460,11264,13440,13987,14082,9813,0.81,0.95
7800,-1476,11288,13395,14019,14032,9808,0.81,0.95
7800,-1477,11131,13046,13935,13678,9808,0.8,0.95
7800,-1474,11154,13618,13966,14274,9810,0.8,0.95
7800,-1472,11303,13288,14005,13921,9815,0.81,0.95
7800,-1452,11265,13472,14018,14129,9820,0.8,0.95
7800,-1458,11240,13494,13970,14157,9823,0.8,0.95
7800,-1458,11277,13327,13976,13961,9823,0.81,0.95
7800,-1472,11272,13338,13975,13977,9819,0.81,0.95
7800,-1455,11245,13449,13985,14096,9813,0.8,0.95
7800,-1478,11324,13335,14042,13975,9808,0.81,0.95
7800,-1463,11259,13593,14051,14255,9807,0.8,0.95
7800,-1455,11296,13438,14008,14104,9807,0.81,0.95
7800,-1465,11254,13453,13979,14107,9806,0.81,0.95
7800,-1481,11259,13390,14006,14036,9806,0.8,0.95
7800,-1474,11322,13288,14032,13923,9807,0.81,0.95
7800,-1471,11210,13483,13940,14131,9807,0.8,0.95
7800,-1466,11233,13462,13991,14120,9811,0.8,0.95
7800,-1486,11279,13491,14045,14140,9816,0.8,0.95
7800,-1462,11192,13525,13932,14183,9820,0.8,0.95
7800,-1450,11242,13532,13984,14191,9821,0.8,0.95
7800,-1479,11210,13458,13967,14112,9822,0.8,0.95
7800,-1461,11254,13210,13953,13853,9827,0.81,0.95
7800,-1454,11151,13511,13884,14169,9832,0.8,0.95
7800,-1486,11185,13487,13930,14147,9836,0.8,0.95
7800,-1466,11211,13556,14009,14216,9836,0.8,0.95
7800,-1466,11177,13517,13941,14177,9833,0.8,0.95
7800,-1459,11250,13523,13981,14188,9829,0.8,0.95
7800,-1467,11313,13404,14020,14051,9824,0.81,0.95
7800,-1461,11229,13564,13967,14230,9822,0.8,0.95
7800,-1436,11290,13513,13996,14171,9822,0.81,0.95
7800,-1454,11324,13478,14026,14134,9817,0.81,0.95
7800,-1479,11119,13195,13948,13837,9812,0.8,0.95
7800,-1456,11238,13412,13948,14052,9807,0.81,0.95
7800,-1479,11193,13493,13973,14151,9807,0.8,0.95
7800,-1463,11239,13486,13997,14143,9804,0.8,0.95
7800,-1477,11146,13492,13939,14152,9800,0.8,0.95
7800,-1472,11280,13451,14036,14109,9795,0.8,0.95
7800,-1467,11145,13461,13863,14116,9793,0.8,0.95
7800,-1464,11251,13562,14036,14224,9793,0.8,0.95
7800,-1469,11292,13258,14009,13889,9798,0.81,0.95
7800,-1459,11301,13538,14075,14200,9803,0.8,0.95
7800,-1449,11216,13093,13908,13719,9808,0.81,0.95
7800,-1452,11288,13461,14005,14115,9807,0.81,0.95
7800,-1479,11282,13471,14040,14121,9809,0.8,0.95
7800,-1460,11235,13432,13952,14075,9814,0.81,0.95
7800,-1483,11157,13554,13941,14222,9819,0.8,0.95
7800,-1457,11301,13475,14039,14144,9822,0.8,0.95
7800,-1482,11285,13230,13983,13858,9822,0.81,0.95
7800,-1462,11271,13490,14013,14146,9820,0.8,0.95
7800,-1461,11276,13434,14013,14089,9817,0.8,0.95
7800,-1495,11345,13506,14109,14172,9815,0.8,0.95
7800,-1453,11125,13144,13954,13783,9815,0.8,0.95
7800,-1448,11290,13495,14019,14153,9815,0.81,0.95
7800,-1473,11308,13324,14012,13971,9813,0.81,0.95
7800,-1461,11252,13510,14019,14179,9812,0.8,0.95
7800,-1468,11243,13512,13988,14167,9811,0.8,0.95
7800,-1475,11222,13448,13984,14101,9811,0.8,0.95
7800,-1462,11316,13361,14023,13991,9806,0.81,0.95
7800,-1460,11216,13537,13979,14201,9800,0.8,0.95
7800,-1451,11332,13471,14042,14126,9794,0.81,0.95
7800,-1466,11292,13499,14046,14164,9792,0.8,0.95
7800,-1458,11068,13230,13865,13884,9792,0.8,0.95
7800,-1460,11121,13400,13794,14043,9795,0.81,0.95
7800,-1464,11268,13206,13969,13830,9797,0.81,0.95
7800,-1458,11199,13536,13955,14201,9799,0.8,0.95
7800,-1473,11189,13486,13930,14138,9799,0.8,0.95
7800,-1460,11325,13403,14034,14049,9801,0.81,0.95
7800,-1455,11280,13487,13965,14132,9804,0.81,0.95
7800,-1475,11249,13493,13987,14155,9808,0.8,0.95
7800,-1474,11176,13581,13944,14241,9810,0.8,0.95
7800,-1474,11281,13477,14057,14134,9810,0.8,0.95
7800,-1449,11314,13448,14022,14106,9810,0.81,0.95
7800,-1460,11148,13417,13817,14050,9811,0.81,0.95
7800,-1484,11193,13255,14014,13879,9811,0.8,0.96
7800,-1456,11214,13530,13976,14185,9811,0.8,0.95
7800,-1479,11212,13488,13961,14147,9813,0.8,0.95
7800,-1460,11301,13304,14001,13935,9816,0.81,0.95
7800,-1457,11274,13533,14040,14189,9820,0.8,0.95
7800,-1464,11268,13460,13962,14109,9821,0.81,0.95
7800,-1459,11254,13554,14035,14216,9820,0.8,0.95
7800,-1467,11296,13491,14016,14153,9818,0.81,0.95
7800,-1468,11304,13261,14009,13915,9815,0.81,0.95
7800,-1461,11194,13492,13915,14148,9812,0.8,0.95
7800,-1468,11298,13464,14020,14123,9812,0.81,0.95
7800,-1455,11331,13391,14054,14029,9812,0.81,0.95
7800,-1481,11152,13547,13934,14213,9813,0.8,0.95
7800,-1488,11246,13537,13993,14196,9814,0.8,0.95
7800,-1445,11293,13330,13988,13968,9815,0.81,0.95
7800,-1474,11331,13284,14041,13912,9815,0.81,0.95
7800,-1455,11276,13357,13975,13995,9816,0.81,0.95
7800,-1462,11261,13420,13982,14067,9818,0.81,0.95
7800,-1441,11251,13401,13945,14061,9819,0.81,0.95
7800,-1454,11225,13560,13930,14221,9819,0.81,0.95
7800,-1466,11117,13490,13819,14150,9819,0.8,0.95
7800,-1457,11324,13437,14036,14095,9819,0.81,0.95
7800,-1461,11162,13547,13938,14204,9818,0.8,0.95
7800,-1475,11244,13535,14010,14198,9818,0.8,0.95
7800,-1492,11289,13462,14043,14119,9818,0.8,0.95
7800,-1474,11115,13524,13889,14184,9818,0.8,0.95
7800,-1482,11246,13428,13973,14069,9817,0.8,0.95
7800,-1455,11253,13531,14023,14194,9817,0.8,0.95
7800,-1441,11287,13303,13989,13956,9817,0.81,0.95
7800,-1466,11239,13531,14002,14192,9816,0.8,0.95
7800,-1476,11247,13415,13993,14053,9813,0.8,0.95
7800,-1445,11323,13443,14030,14092,9809,0.81,0.95
7800,-1460,11213,13444,13957,14107,9807,0.8,0.95
7800,-1480,11196,13521,13927,14186,9807,0.8,0.95
7800,-1447,11302,13476,14019,14127,9806,0.81,0.95
7800,-1456,11227,13345,13909,13983,9803,0.81,0.95
7800,-1456,11318,13294,14028,13926,9799,0.81,0.95
7800,-1455,11303,13488,14020,14137,9798,0.81,0.95
7800,-1467,11070,13293,13855,13942,9798,0.8,0.95
7800,-1453,11076,13528,13782,14193,9805,0.8,0.95
7800,-1473,11324,13465,14036,14117,9811,0.81,0.95
7800,-1454,11200,13504,13977,14164,9818,0.8,0.95
7800,-1458,11244,13516,13987,14171,9818,0.8,0.95
7800,-1471,11318,13442,14031,14086,9819,0.81,0.95
7800,-1454,11236,13499,13972,14155,9820,0.8,0.95
7800,-1457,11297,13424,14022,14068,9822,0.81,0.95
7800,-1460,11239,13503,14004,14161,9822,0.8,0.95
7800,-1470,11202,13520,13997,14177,9822,0.8,0.95
7800,-1477,11312,13325,14016,13977,9820,0.81,0.95
7800,-1465,11251,13531,14002,14183,9819,0.8,0.95
7800,-1479,11322,13219,14027,13847,9817,0.81,0.95
7800,-1453,11226,13509,13979,14163,9817,0.8,0.95
7800,-1477,11179,13582,13932,14247,9814,0.8,0.95
7800,-1468,11295,13286,13993,13917,9806,0.81,0.95
7800,-1478,11259,13510,13979,14173,9798,0.81,0.95
7800,-1456,11229,13473,13955,14119,9792,0.8,0.95
7800,-1448,11283,13517,14044,14179,9793,0.8,0.95
7800,-1473,11258,13339,13945,13976,9804,0.81,0.95
7800,-1470,11136,13072,13953,13707,9819,0.8,0.95
7800,-1463,11174,13562,13926,14222,9833,0.8,0.95
7800,-1464,11284,13221,13980,13851,9836,0.81,0.95
7800,-1458,11196,13542,13987,14206,9834,0.8,0.95
7800,-1485,11247,13503,14010,14164,9821,0.8,0.95
7800,-1465,11303,13283,14007,13913,9809,0.81,0.95
7800,-1470,11179,13536,13944,14193,9799,0.8,0.95
7800,-1464,11277,13446,14009,14087,9799,0.8,0.95
7800,-1468,11136,13586,13917,14242,9801,0.8,0.95
7800,-1476,11366,13465,14107,14106,9803,0.81,0.95
7800,-1451,11077,13073,13889,13710,9806,0.8,0.95
7800,-1450,11243,13535,13973,14197,9807,0.8,0.95
7800,-1470,11330,13357,14035,13990,9807,0.81,0.95
7800,-1479,11322,13301,14036,13935,9809,0.81,0.95
7800,-1471,11282,13582,14026,14237,9810,0.8,0.95
7800,-1459,11279,13257,13978,13889,9811,0.81,0.95
7800,-1461,11203,13591,13962,14252,9811,0.8,0.95
7800,-1488,11161,13579,13966,14240,9809,0.8,0.95
7800,-1452,11219,13515,13974,14159,9807,0.8,0.95
7800,-1469,11377,13423,14120,14071,9804,0.81,0.95
7800,-1437,11283,13242,13984,13900,9803,0.81,0.95
7800,-1455,11170,13466,13851,14111,9803,0.81,0.95
7800,-1465,11328,13226,14040,13854,9805,0.81,0.95
7800,-1459,11254,13479,13984,14136,9807,0.8,0.95
7800,-1485,11179,13557,13979,14220,9809,0.8,0.95
7800,-1453,11290,13464,14002,14112,9809,0.81,0.95
7800,-1477,11191,13427,13924,14065,9810,0.8,0.95
7800,-1464,11267,13550,14017,14208,9813,0.8,0.95
7800,-1461,11188,13578,13982,14239,9815,0.8,0.95
7800,-1482,11217,13322,14041,13950,9817,0.8,0.95
7800,-1464,11275,13182,13979,13834,9818,0.81,0.95
7800,-1466,11260,13320,13950,13949,9815,0.81,0.95
7800,-1474,11291,13380,14020,14014,9812,0.81,0.95
7800,-1467,11342,13339,14055,13968,9808,0.81,0.95
7800,-1451,11304,13338,14015,13974,9808,0.81,0.95
7800,-1463,11238,13513,14002,14168,9809,0.8,0.95
7800,-1492,11159,13555,13943,14209,9809,0.8,0.95
7800,-1481,11259,13571,13997,14239,9810,0.8,0.95
7800,-1461,11207,13507,13984,14164,9810,0.8,0.95
7800,-1469,11279,13554,14050,14217,9810,0.8,0.95
7800,-1472,11234,13022,14029,13646,9811,0.8,0.95
7800,-1461,11131,13488,13864,14144,9811,0.8,0.95
7800,-1471,11285,13331,13988,13963,9812,0.81,0.95
7800,-1465,11259,13530,14011,14195,9812,0.8,0.95
7800,-1456,11238,13545,13957,14209,9813,0.81,0.95
7800,-1469,11295,13319,14000,13952,9817,0.81,0.95
7800,-1470,11218,13560,13957,14221,9821,0.8,0.95
7800,-1461,11266,13485,13998,14147,9825,0.8,0.95
7800,-1448,11205,13573,13966,14238,9826,0.8,0.95
7800,-1469,11306,13262,14013,13896,9822,0.81,0.95
7800,-1452,11298,13292,14004,13942,9817,0.81,0.95
7800,-1449,11117,13370,13775,14006,9812,0.81,0.95
7800,-1461,11322,13243,14030,13873,9811,0.81,0.95
7800,-1469,11290,13433,14039,14080,9811,0.8,0.95
7800,-1464,11256,13544,13991,14203,9811,0.8,0.95
7800,-1478,11220,13525,13999,14182,9810,0.8,0.95
7800,-1447,11200,13464,13924,14115,9810,0.8,0.95
7800,-1472,11275,13394,13981,14034,9810,0.81,0.95
7800,-1455,11313,13342,14022,13976,9809,0.81,0.95
7800,-1460,11238,13504,14000,14156,9807,0.8,0.95
7800,-1454,11280,13296,13982,13944,9805,0.81,0.95
7800,-1461,11306,13384,14027,14027,9804,0.81,0.95
7800,-1473,11273,13408,14025,14054,9804,0.8,0.95
7800,-1458,11222,13534,13980,14195,9805,0.8,0.95
7800,-1440,11282,13496,14003,14154,9806,0.81,0.95
7800,-1469,11241,13505,13975,14171,9807,0.8,0.95
7800,-1496,11261,13475,14013,14132,9807,0.8,0.95
7800,-1476,11364,13314,14080,13948,9808,0.81,0.95
7800,-1448,11278,13458,14009,14116,9810,0.81,0.95
7800,-1480,11231,13489,13995,14141,9812,0.8,0.95
7800,-1480,11185,13235,14004,13866,9813,0.8,0.95
7800,-1457,11172,13520,13886,14180,9813,0.8,0.95
7800,-1468,11275,13282,13970,13917,9807,0.81,0.95
7800,-1480,11290,13354,13986,13991,9801,0.81,0.95
7800,-1460,11341,13342,14047,13977,9795,0.81,0.95
7800,-1465,11309,13269,14023,13900,9795,0.81,0.95
7800,-1464,11293,13410,14015,14045,9797,0.81,0.95
7800,-1460,11353,13475,14075,14135,9804,0.81,0.95
7800,-1463,11285,13480,14032,14137,9811,0.8,0.95
7800,-1452,11291,13534,14014,14187,9815,0.81,0.95
7800,-1465,11331,13418,14052,14084,9814,0.81,0.95
7800,-1469,11221,13529,13989,14194,9817,0.8,0.95
7800,-1477,11247,13403,13961,14054,9821,0.81,0.95
7800,-1463,11275,13477,14025,14133,9824,0.8,0.95
7800,-1452,11281,13504,14028,14174,9825,0.8,0.95
7800,-1477,11142,13565,13953,14238,9825,0.8,0.95
7800,-1470,11195,13312,13874,13941,9819,0.81,0.95
7800,-1471,11172,13573,13971,14240,9813,0.8,0.95
7800,-1488,10902,12973,13665,13618,9808,0.8,0.95
7800,-1452,11360,13313,14071,13948,9808,0.81,0.95
7800,-1439,11302,13360,14011,14020,9809,0.81,0.95
7800,-1459,11263,13457,13990,14113,9811,0.81,0.95
7800,-1483,11284,13400,13983,14047,9812,0.81,0.95
7800,-1469,11199,13568,13981,14235,9813,0.8,0.95
7800,-1459,11224,13515,13979,14179,9811,0.8,0.95
7800,-1458,11314,13373,14017,14021,9804,0.81,0.95
7800,-1478,11230,13424,13971,14069,9797,0.8,0.95
7800,-1462,11204,13526,13975,14185,9791,0.8,0.95
7800,-1464,11290,13337,13989,13973,9791,0.81,0.95
7800,-1461,11242,13548,13977,14206,9796,0.8,0.95
7800,-1462,11286,13325,13990,13981,9805,0.81,0.95
7800,-1471,11251,13214,13943,13840,9813,0.81,0.95
7800,-1469,11323,13244,14036,13870,9817,0.81,0.95
7800,-1451,11266,13457,14009,14112,9818,0.8,0.95
7800,-1465,11185,13543,13926,14205,9815,0.8,0.95
