ECS,NSC,FA,FB,NA,NB,OM,FA/NA,FB/NB,FBprime,Fbprime/NB,NSCprime
4065,-1039,10475,12043,13005,13143,2955,0.81,0.92,10285.9,0.782614319,273.8568059
4065,-1023,10591,12303,13098,13436,2954,0.81,0.92,10633.8,0.791440905,185.5909497
4065,-1018,10813,12174,13303,13282,2954,0.81,0.92,10458.6,0.787426592,225.7340762
4065,-1044,10725,12030,13339,13128,2954,0.8,0.92,10268.4,0.782175503,178.2449726
4065,-1034,10848,12174,13345,13290,2954,0.81,0.92,10461,0.787133183,228.6681716
4065,-1041,10842,12154,13375,13262,2954,0.81,0.92,10432.6,0.786653597,233.4640326
4065,-1017,10818,12299,13348,13433,2954,0.81,0.92,10628.9,0.791252885,187.4711531
4065,-1028,10731,12343,13321,13483,2954,0.81,0.92,10687.9,0.792694504,173.0549581
4065,-1041,10800,12321,13369,13467,2954,0.81,0.91,10661.1,0.791646246,183.5375362
4065,-1025,10868,12099,13383,13206,2950,0.81,0.92,10360.8,0.784552476,254.4752385
4065,-1004,10831,12135,13333,13242,2946,0.81,0.92,10407.6,0.785953783,240.4621658
4065,-1018,10806,12137,13305,13251,2942,0.81,0.92,10412.3,0.785774659,242.2534148
4065,-1038,10857,12171,13361,13288,2941,0.81,0.92,10457.4,0.786980734,230.192655
4065,-1026,10799,12313,13325,13448,2941,0.81,0.92,10647.4,0.791745985,182.5401547
4065,-1021,10783,12257,13305,13389,2939,0.81,0.92,10573.7,0.789730376,202.6962432
4065,-1029,10736,12297,13292,13442,2937,0.81,0.91,10629.6,0.790775182,192.2481774
4065,-1043,10785,12287,13331,13417,2934,0.81,0.92,10612.1,0.790944324,190.5567564
4065,-1017,10812,12279,13361,13414,2934,0.81,0.92,10603.2,0.790457731,195.4226927
4065,-1014,10771,12334,13309,13468,2936,0.81,0.92,10674.4,0.792574993,174.2500743
4065,-1028,10693,12340,13274,13480,2944,0.81,0.92,10684,0.792581602,174.1839763
4065,-1038,10803,12216,13341,13335,2952,0.81,0.92,10516.5,0.78863892,213.6107987
4065,-1023,10811,12174,13327,13287,2958,0.81,0.92,10460.1,0.78724317,227.5682998
4065,-1027,10881,12154,13395,13263,2958,0.81,0.92,10432.9,0.786616904,233.8309583
4064,-1016,10835,12240,13368,13365,2953,0.81,0.92,10549.5,0.789337823,206.6217733
4065,-1021,10849,12228,13386,13349,2942,0.81,0.92,10532.7,0.789025395,209.7460484
4065,-1043,10827,12316,13395,13442,2931,0.81,0.92,10648.6,0.792188662,178.113376
4065,-1005,10853,12295,13396,13429,2924,0.81,0.92,10623.7,0.791101348,188.9865217
4065,-1021,10650,12331,13177,13472,2924,0.81,0.92,10672.6,0.792206057,177.9394299
4065,-1036,10721,12097,13316,13206,2926,0.81,0.92,10358.8,0.78440103,255.9897017
4065,-1030,10605,12341,13070,13481,2930,0.81,0.92,10685.3,0.792619242,173.807581
4065,-1015,10621,12252,13204,13380,2934,0.8,0.92,10566,0.789686099,103.1390135
4065,-1054,10730,11913,13354,13004,2936,0.8,0.92,10114.2,0.777776069,222.239311
4065,-1040,10847,12240,13368,13367,2936,0.81,0.92,10550.1,0.789264607,207.3539313
4065,-1014,10776,12286,13315,13416,2937,0.81,0.92,10610.8,0.79090638,190.9361956
4065,-1025,10892,12116,13406,13223,2939,0.81,0.92,10382.9,0.785215155,247.8484459
4066,-1012,10838,12099,13345,13197,2941,0.81,0.92,10358.1,0.784882928,251.1707206
4065,-1038,10868,12152,13372,13265,2942,0.81,0.92,10431.5,0.786392763,236.0723709
4065,-1045,10832,12256,13382,13389,2941,0.81,0.92,10572.7,0.789655688,203.443125
4065,-1015,10841,12290,13392,13429,2943,0.81,0.92,10618.7,0.790729019,192.7098071
4065,-1043,10819,12272,13371,13401,2945,0.81,0.92,10592.3,0.790411163,195.8883665
4065,-1026,10854,12103,13363,13207,2947,0.81,0.92,10365.1,0.784818657,251.8134323
4065,-1050,10762,12259,13345,13397,2947,0.81,0.92,10578.1,0.789587221,204.1277898
4065,-1036,10812,12307,13366,13437,2947,0.81,0.92,10638.1,0.791702017,182.9798318
4065,-1049,10770,12252,13307,13381,2948,0.81,0.92,10566.3,0.789649503,203.5049697
4065,-1026,10859,12269,13366,13399,2949,0.81,0.92,10588.7,0.790260467,197.395328
4065,-1026,10709,12374,13301,13516,2950,0.81,0.92,10728.8,0.793785144,162.1485647
4065,-1041,10743,12273,13319,13412,2949,0.81,0.92,10596.6,0.790083507,199.1649269
4065,-1060,10725,12305,13284,13442,2949,0.81,0.92,10637.6,0.791370332,186.296682
4065,-1030,10877,12129,13387,13242,2947,0.81,0.92,10401.6,0.78550068,244.9932034
4065,-1042,10777,12223,13311,13349,2944,0.81,0.92,10527.7,0.788650835,213.4916473
4065,-1033,10725,12312,13331,13448,2941,0.8,0.92,10646.4,0.791671624,83.28375967
4065,-1035,10781,12310,13319,13442,2941,0.81,0.92,10642.6,0.7917423,182.5769975
4065,-1016,10868,12225,13392,13348,2941,0.81,0.92,10529.4,0.788837279,211.6272101
4065,-1028,10783,12339,13316,13476,2942,0.81,0.92,10681.8,0.792653606,173.4639359
4065,-1024,10819,12175,13339,13289,2943,0.81,0.92,10461.7,0.78724509,227.5491008
4065,-1045,10875,12181,13396,13304,2943,0.81,0.92,10472.2,0.787146723,228.5327721
4065,-1015,10902,12166,13410,13284,2943,0.81,0.92,10451.2,0.786750979,232.4902138
4065,-1022,10883,12141,13401,13250,2943,0.81,0.92,10416,0.786113208,238.8679245
4065,-1029,10511,12290,12995,13424,2944,0.81,0.92,10617.2,0.7909118,190.8820024
4065,-1027,10679,12297,13313,13437,2944,0.8,0.92,10628.1,0.790957803,90.42196919
4065,-1033,10709,12366,13300,13505,2944,0.81,0.92,10717.5,0.793594965,164.0503517
4065,-1070,10864,12229,13428,13351,2944,0.81,0.92,10534.3,0.789027039,209.7296083
4065,-1041,10636,11955,13247,13048,2946,0.8,0.92,10169.4,0.779383814,206.1618639
4065,-1020,10864,12039,13370,13146,2949,0.81,0.92,10282.8,0.782199909,278.0009128
4065,-1020,10822,12287,13358,13422,2953,0.81,0.92,10613.6,0.790761436,192.3856355
4065,-1014,10689,12300,13152,13435,2955,0.81,0.92,10630.5,0.791254187,187.4581317
4065,-1030,10888,12062,13407,13161,2955,0.81,0.92,10310.3,0.783397918,266.0208191
4065,-1023,10845,12138,13351,13243,2952,0.81,0.92,10410.9,0.786143623,238.5637695
4065,-1074,10692,12035,13302,13137,2949,0.8,0.92,10276.1,0.782225775,177.7422547
4065,-1043,10757,12353,13368,13492,2946,0.8,0.92,10700.6,0.793107026,68.92973614
4065,-1037,10779,12296,13314,13429,2945,0.81,0.92,10624.7,0.791175814,188.2418646
4065,-1016,10825,12250,13329,13375,2945,0.81,0.92,10562.5,0.789719626,202.8037383
4065,-1017,10869,12197,13382,13315,2949,0.81,0.92,10491.5,0.787945926,220.5407435
4065,-1006,10769,12279,13366,13423,2954,0.81,0.91,10605.9,0.790128883,198.7111674
4065,-1047,10797,12323,13352,13458,2960,0.81,0.92,10660.4,0.792123644,178.7635607
4065,-1041,10769,12302,13327,13444,2961,0.81,0.92,10635.2,0.791074085,189.2591491
4065,-1028,10824,12204,13326,13333,2961,0.81,0.92,10503.9,0.787812195,221.878047
4065,-1026,10828,12261,13385,13391,2958,0.81,0.92,10578.3,0.789955941,200.4405944
4065,-1013,10859,12130,13365,13241,2955,0.81,0.92,10402.3,0.785612869,243.8713088
4065,-1021,10861,12225,13367,13353,2952,0.81,0.92,10530.9,0.788654235,213.45765
4065,-1012,10877,12039,13394,13135,2952,0.81,0.92,10279.5,0.78260373,273.9626951
4065,-1014,10854,12200,13359,13330,2952,0.81,0.92,10499,0.787621905,223.7809452
4065,-1021,10749,12264,13278,13397,2951,0.81,0.92,10583.1,0.789960439,200.395611
4065,-1023,10719,12364,13340,13503,2950,0.8,0.92,10714.9,0.793519959,64.80041472
4065,-1011,10862,12089,13372,13191,2949,0.81,0.92,10346.3,0.784345387,256.5461299
4065,-1026,10820,12275,13365,13414,2950,0.81,0.92,10599.2,0.790159535,198.4046519
4065,-1020,10786,12306,13346,13448,2950,0.81,0.92,10640.4,0.791225461,187.7453896
4065,-1014,10767,12311,13297,13447,2950,0.81,0.92,10645.1,0.791633822,183.6617833
4065,-1033,10804,12285,13365,13419,2951,0.81,0.92,10610.7,0.79072211,192.7788956
4065,-1013,10828,12299,13351,13426,2951,0.81,0.92,10626.8,0.791509012,184.9098764
4065,-1021,10660,12354,13187,13496,2951,0.81,0.92,10702.8,0.793034973,169.6502667
4065,-1043,10776,12301,13268,13437,2952,0.81,0.92,10632.1,0.791255489,187.4451142
4065,-1020,10817,12390,13323,13533,2954,0.81,0.92,10749.9,0.794347151,156.5284859
4066,-1039,10738,12138,13332,13253,2957,0.81,0.92,10413.9,0.785776805,242.2319475
4065,-1025,10818,12069,13322,13182,2958,0.81,0.92,10323.6,0.783158853,268.4114702
4065,-1027,10851,12083,13365,13191,2958,0.81,0.92,10340.3,0.783890531,261.0946858
4065,-1019,10745,12299,13309,13448,2958,0.81,0.91,10633.4,0.790704938,192.9506246
4065,-1014,10782,12227,13270,13360,2958,0.81,0.92,10535,0.788547904,214.5209581
4065,-1018,10740,12281,13288,13416,2958,0.81,0.92,10605.8,0.790533691,194.6630888
4065,-1028,10816,12036,13319,13132,2958,0.81,0.92,10275.6,0.782485532,275.1446847
4065,-1038,10868,12119,13380,13226,2958,0.81,0.92,10386.8,0.785331922,246.6807803
4065,-1014,10814,12303,13384,13436,2956,0.81,0.92,10633.8,0.791440905,185.5909497
4065,-1049,10806,12068,13305,13175,2954,0.81,0.92,10320.5,0.783339658,266.6034156
4065,-1024,10874,12063,13386,13170,2951,0.81,0.92,10314,0.783143508,268.5649203
4065,-1028,10736,12339,13359,13480,2950,0.8,0.92,10683,0.792507418,74.92581602
4064,-1023,10799,12273,13302,13408,2950,0.81,0.92,10595.4,0.790229714,197.702864
4065,-1025,10844,12265,13351,13395,2947,0.81,0.92,10583.5,0.790108249,198.9175065
4065,-1019,10831,12313,13370,13451,2944,0.81,0.92,10648.3,0.79163631,183.6369043
4065,-1018,10801,12307,13340,13446,2941,0.81,0.92,10640.8,0.791372899,186.27101
4065,-1019,10843,12246,13374,13373,2940,0.81,0.92,10557.9,0.789493756,205.0624392
4065,-1042,10831,12050,13342,13151,2940,0.81,0.92,10295.3,0.782853015,271.4698502
4065,-1016,10840,12196,13353,13317,2945,0.81,0.92,10491.1,0.787797552,222.02448
4065,-1006,10843,12207,13383,13326,2951,0.81,0.92,10504.8,0.788293561,217.0643854
4065,-1032,10861,12114,13369,13224,2957,0.81,0.92,10381.2,0.785027223,249.7277677
4065,-1055,10762,12295,13326,13432,2958,0.81,0.92,10624.6,0.790991662,190.083383
4065,-1019,10790,12239,13343,13361,2958,0.81,0.92,10547.3,0.789409475,205.9052466
4065,-1020,10731,12358,13318,13503,2954,0.81,0.92,10708.9,0.793075613,169.2438717
4065,-1036,10815,12250,13332,13381,2949,0.81,0.92,10564.3,0.789500037,204.9996263
4065,-1074,10731,12288,13325,13426,2945,0.81,0.92,10615.8,0.790689707,193.1029346
4065,-1017,10804,12289,13369,13421,2945,0.81,0.92,10615.3,0.790947023,190.5297668
4065,-1019,10783,12202,13277,13323,2945,0.81,0.92,10498.9,0.788028222,219.7177813
4065,-1062,10801,12277,13351,13413,2947,0.81,0.92,10600.9,0.790345188,196.548125
4065,-1027,10840,12142,13344,13260,2949,0.81,0.92,10420,0.785822021,241.7797888
4065,-1033,10744,12320,13353,13461,2950,0.8,0.92,10658.3,0.7917911,82.08899785
4065,-1031,10811,12322,13338,13451,2950,0.81,0.92,10657.3,0.792305405,176.945952
4065,-1023,10717,12268,13230,13402,2950,0.81,0.92,10588.6,0.790076108,199.2389196
4065,-1015,10535,12315,12970,13459,2949,0.81,0.92,10652.7,0.791492681,185.0731852
4065,-1028,10767,12312,13310,13453,2948,0.81,0.92,10647.9,0.791488887,185.1111276
4065,-1035,10667,12316,13282,13459,2947,0.8,0.92,10653.7,0.791566981,84.33018798
4065,-1036,10852,12167,13359,13288,2947,0.81,0.92,10453.4,0.786679711,233.2028898
4065,-1024,10858,12137,13367,13255,2947,0.81,0.92,10413.5,0.785628065,243.7193512
4065,-1014,10830,12138,13331,13261,2947,0.81,0.92,10416.3,0.785483749,245.1625066
4065,-1018,10625,12206,13081,13334,2947,0.81,0.92,10506.2,0.787925604,220.7439628
4065,-1033,10854,12052,13359,13148,2948,0.81,0.92,10296.4,0.783115303,268.8469729
4065,-1021,10852,12018,13361,13115,2948,0.81,0.92,10252.5,0.781738467,282.615326
4065,-1041,10730,12296,13287,13433,2947,0.81,0.92,10625.9,0.791029554,189.7044592
4065,-1016,10817,12273,13358,13403,2945,0.81,0.92,10593.9,0.790412594,195.874058
4065,-1025,10806,12287,13360,13422,2944,0.81,0.92,10613.6,0.790761436,192.3856355
4065,-1061,10720,12296,13312,13427,2944,0.81,0.92,10624.1,0.791248976,187.5102406
4065,-1037,10851,12051,13365,13153,2944,0.81,0.92,10296.9,0.782855622,271.4437771
4065,-1010,10788,12176,13281,13288,2948,0.81,0.92,10462.4,0.787357014,226.4298615
4065,-1048,10730,12032,13350,13133,2954,0.8,0.92,10271.9,0.782144217,178.5578314
4065,-1023,10824,12256,13338,13390,2960,0.81,0.92,10573,0.789619119,203.8088125
4065,-1019,10837,12243,13350,13374,2961,0.81,0.92,10555.2,0.78923284,207.6716016
4065,-1033,10740,12334,13321,13474,2961,0.81,0.92,10676.2,0.792355648,176.4435209
4065,-1039,10755,12365,13332,13508,2958,0.81,0.92,10717.4,0.793411312,165.8868818
4065,-1027,10819,12114,13312,13222,2954,0.81,0.92,10380.6,0.78510059,248.9941007
4065,-1023,10708,12333,13280,13469,2950,0.81,0.92,10673.7,0.792464177,175.35823
4065,-1022,10784,12320,13366,13463,2949,0.81,0.92,10658.9,0.791718042,182.8195796
4065,-1022,10662,12309,13280,13444,2949,0.8,0.92,10642.2,0.791594763,84.05236537
4081,-1041,10833,12080,13337,13181,2953,0.81,0.92,10334.3,0.784030043,259.6995676
4122,-1053,10760,12366,13318,13473,2958,0.81,0.92,10707.9,0.794767312,152.326876
4192,-1027,10748,12000,13152,12987,2962,0.82,0.92,10196.1,0.785100485,348.995149
4277,-1089,10847,12386,13251,13314,2962,0.82,0.93,10680.2,0.802178158,178.2184167
4358,-1127,10814,12595,13371,13560,2990,0.81,0.93,10963,0.808480826,15.19174041
4437,-1092,10927,12528,13449,13500,3131,0.81,0.93,10878,0.805777778,42.22222222
4507,-1083,10976,12658,13460,13599,3273,0.82,0.93,11037.7,0.811655269,83.4473123
4569,-1123,11000,12457,13408,13336,3386,0.82,0.93,10757.8,0.806673665,133.2633473
4623,-1135,11002,12546,13487,13428,3386,0.82,0.93,10874.4,0.809830206,101.6979446
4668,-1138,10960,12403,13481,13259,3695,0.81,0.94,10680.7,0.805543404,44.5659552
4710,-1107,11052,12513,13437,13382,5236,0.82,0.94,10827.6,0.809116724,108.8327604
4743,-1117,11107,12560,13489,13414,6777,0.82,0.94,10884.2,0.811405994,85.94006262
4773,-1152,11108,12710,13534,13562,8009,0.82,0.94,11078.6,0.816885415,31.14584869
4798,-1151,11161,12567,13563,13378,8010,0.82,0.94,10880.4,0.813305427,66.9457318
4821,-1174,11158,12705,13579,13521,8115,0.82,0.94,11061.3,0.818082982,19.17017972
4842,-1175,11062,12847,13552,13672,8379,0.82,0.94,11248.6,0.822747221,-27.47220597
4859,-1176,11120,12773,13572,13578,8642,0.82,0.94,11146.4,0.820916188,-9.161879511
4875,-1184,11150,12840,13626,13647,8801,0.82,0.94,11234.1,0.82319191,-31.9191031
4889,-1192,11081,12790,13549,13603,8800,0.82,0.94,11170.9,0.821208557,-12.08556936
4901,-1192,11059,12918,13571,13746,8845,0.81,0.94,11341.8,0.82509821,-150.9821039
4912,-1191,11165,12815,13624,13628,8919,0.82,0.94,11203.4,0.82208688,-20.86879953
4921,-1144,11157,12787,13573,13604,8993,0.82,0.94,11168.2,0.820949721,-9.497206704
4929,-1163,11165,12794,13597,13624,9023,0.82,0.94,11181.2,0.820698767,-6.98766882
4935,-1140,11113,12827,13533,13656,9022,0.82,0.94,11223.8,0.821895138,-18.95137668
4943,-1124,11219,12855,13649,13698,9036,0.82,0.94,11264.4,0.822339028,-23.39027595
4948,-1128,11259,12592,13626,13388,9058,0.83,0.94,10908.4,0.814789364,152.1063639
4954,-1126,11169,12866,13630,13705,9081,0.82,0.94,11277.5,0.822874863,-28.74863189
4957,-1146,11153,12831,13579,13658,9089,0.82,0.94,11228.4,0.822111583,-21.11582955
4962,-1120,11180,12835,13557,13668,9090,0.82,0.94,11235.4,0.822022242,-20.22241733
4965,-1103,11101,12920,13530,13765,9097,0.82,0.94,11349.5,0.824518707,-45.18706865
4967,-1120,11182,12850,13565,13687,9108,0.82,0.94,11256.1,0.822393512,-23.93512092
4970,-1123,11307,12658,13660,13480,9117,0.83,0.94,11002,0.816172107,138.2789318
4972,-1097,11203,12770,13553,13602,9119,0.83,0.94,11150.6,0.819776503,102.2349654
4974,-1107,11225,12883,13638,13723,9119,0.82,0.94,11299.9,0.823427822,-34.27821905
4976,-1099,11270,12746,13613,13572,9125,0.83,0.94,11117.6,0.819157088,108.4291188
4978,-1110,11196,12895,13622,13743,9131,0.82,0.94,11317.9,0.823539256,-35.39256349
4979,-1095,11205,12851,13608,13686,9138,0.82,0.94,11256.8,0.822504749,-25.04749379
4981,-1106,11262,12765,13626,13593,9139,0.83,0.94,11142.9,0.819752814,102.4718605
4982,-1088,11152,12874,13565,13712,9139,0.82,0.94,11287.6,0.823191365,-31.91365228
4982,-1093,11252,12831,13566,13668,9147,0.83,0.94,11231.4,0.821729587,82.70412643
4982,-1109,11303,12680,13636,13491,9154,0.83,0.94,11027.3,0.817381958,126.1804166
4984,-1096,11207,12853,13631,13687,9162,0.82,0.94,11259.1,0.822612698,-26.12698181
4984,-1107,11244,12836,13624,13672,9161,0.83,0.94,11237.6,0.821942657,80.57343476
4986,-1084,10977,12828,13280,13658,9161,0.83,0.94,11225.4,0.821891931,81.08068531
4986,-1083,11269,12575,13588,13379,9161,0.83,0.94,10888.7,0.813865012,161.3498767
4986,-1099,11151,12868,13542,13709,9161,0.82,0.94,11280.7,0.822868189,-28.68188781
4987,-1096,11277,12610,13603,13419,9162,0.83,0.94,10935.7,0.814941501,150.5849914
4986,-1097,11275,12593,13594,13402,9162,0.83,0.94,10913.6,0.81432622,156.7378003
4987,-1085,11235,12664,13561,13491,9162,0.83,0.94,11011.3,0.816195983,138.0401749
4988,-1107,11156,12491,13596,13306,9159,0.82,0.94,10782.8,0.810371261,96.28738915
4988,-1095,11203,12750,13546,13574,9156,0.83,0.94,11122.2,0.819375276,106.2472374
4988,-1091,11273,12693,13600,13501,9154,0.83,0.94,11043.3,0.817961632,120.3836753
4988,-1111,11270,12762,13607,13584,9154,0.83,0.94,11137.2,0.819876325,101.2367491
4988,-1115,11208,12814,13623,13641,9154,0.82,0.94,11206.3,0.821516018,-15.16017887
4989,-1112,11263,12615,13586,13422,9158,0.83,0.94,10941.6,0.815198927,148.0107287
4989,-1101,11284,12579,13614,13382,9162,0.83,0.94,10893.6,0.814048722,159.5127784
4989,-1090,11272,12897,13656,13739,9165,0.83,0.94,11318.7,0.823837252,61.62748381
4989,-1091,11199,12856,13564,13685,9165,0.83,0.94,11261.5,0.822908294,70.91706248
4989,-1090,11293,12654,13621,13461,9165,0.83,0.94,10992.3,0.816603521,133.9647872
4989,-1106,11224,12029,13528,12784,9163,0.83,0.94,10164.2,0.795071965,349.2803504
4989,-1105,11196,12818,13580,13649,9161,0.82,0.94,11212.7,0.821503407,-15.03406843
4990,-1092,11196,12891,13563,13726,9159,0.83,0.94,11308.8,0.823896255,61.03744718
4990,-1085,11175,12843,13553,13680,9159,0.82,0.94,11247,0.822149123,-21.49122807
4990,-1092,11247,12839,13574,13677,9160,0.83,0.94,11242.1,0.821971193,80.28807487
4990,-1087,11224,12803,13552,13632,9162,0.83,0.94,11192.6,0.821053404,89.46596244
4990,-1093,11224,12807,13580,13636,9165,0.83,0.94,11197.8,0.821193899,88.06101496
4990,-1084,11254,12848,13648,13679,9166,0.82,0.94,11251.7,0.822552818,-25.52818188
4990,-1096,11314,12633,13646,13435,9166,0.83,0.94,10963.5,0.816040194,139.5980648
4991,-1104,11249,12599,13572,13403,9166,0.83,0.94,10919.9,0.814735507,152.6449302
4990,-1086,11341,12815,13684,13634,9164,0.83,0.94,11205.2,0.821857122,81.42878099
4990,-1078,11225,12814,13568,13647,9162,0.83,0.94,11208.1,0.82128673,87.13270316
4990,-1099,11192,12847,13604,13679,9161,0.82,0.94,11250.7,0.822479713,-24.79713429
4990,-1094,11315,12680,13650,13491,9160,0.83,0.94,11027.3,0.817381958,126.1804166
4991,-1080,11286,12836,13628,13663,9163,0.83,0.94,11234.9,0.822286467,77.13532899
4990,-1099,11255,12691,13564,13502,9166,0.83,0.94,11041.6,0.817775144,122.2485558
4991,-1093,11151,12849,13545,13683,9170,0.82,0.94,11253.9,0.822473142,-24.73141855
4990,-1103,11216,12720,13555,13535,9170,0.83,0.94,11080.5,0.818655338,113.4466199
4991,-1107,11295,12712,13624,13520,9170,0.83,0.94,11068,0.818639053,113.6094675
4990,-1102,11226,12841,13603,13684,9167,0.83,0.94,11246.2,0.821850336,81.49663841
4991,-1096,11213,12840,13569,13668,9164,0.83,0.94,11240.4,0.82238806,76.11940299
4990,-1095,11219,12879,13617,13717,9160,0.82,0.94,11294.1,0.823365167,-33.65167311
4991,-1096,11335,12635,13676,13440,9159,0.83,0.94,10967,0.815997024,140.0297619
4991,-1097,11326,12678,13660,13483,9159,0.83,0.94,11022.9,0.817540607,124.5939331
4991,-1084,10986,12675,13244,13484,9162,0.83,0.94,11020.2,0.817279739,127.2026105
4992,-1093,11074,12867,13514,13708,9166,0.82,0.94,11279.4,0.822833382,-28.33381967
4991,-1077,11203,12946,13520,13787,9169,0.83,0.94,11382.1,0.825567564,44.32436353
4992,-1116,11062,12904,13506,13738,9169,0.82,0.94,11325.4,0.824384918,-43.84917746
4991,-1086,11315,12576,13648,13388,9169,0.83,0.94,10892.4,0.813594264,164.0573648
4991,-1096,11181,12768,13578,13595,9167,0.82,0.94,11146.5,0.819897021,1.029790364
4991,-1079,11318,12783,13650,13615,9165,0.83,0.94,11167.5,0.820235035,97.64965112
4991,-1114,11152,12824,13598,13651,9163,0.82,0.94,11219.3,0.82186653,-18.66529925
4991,-1099,11103,12890,13517,13731,9163,0.82,0.94,11309.3,0.823632656,-36.32656034
4991,-1078,11330,12699,13661,13518,9162,0.83,0.94,11054.4,0.817754106,122.4589436
4992,-1119,11114,12531,13553,13330,9164,0.82,0.94,10830,0.812453113,75.46886722
4991,-1084,11263,12787,13577,13620,9165,0.83,0.94,11173,0.820337739,96.6226138
4991,-1111,11294,12739,13619,13556,9166,0.83,0.94,11105.8,0.819253467,107.465329
4991,-1100,11258,12721,13619,13541,9165,0.83,0.94,11083.3,0.818499372,115.0062772
4992,-1094,11238,12774,13602,13600,9165,0.83,0.94,11154,0.820147059,98.52941176
4991,-1098,11225,12813,13595,13642,9163,0.83,0.94,11205.6,0.821404486,85.95513854
4991,-1104,11231,12857,13628,13692,9161,0.82,0.94,11264.6,0.822713994,-27.13993573
4992,-1108,11224,12912,13639,13748,9159,0.82,0.94,11336.4,0.824585394,-45.85394239
4992,-1109,11230,12870,13591,13702,9159,0.83,0.94,11280.6,0.823281273,67.18727193
4991,-1101,11205,12809,13594,13645,9159,0.82,0.94,11202.5,0.820996702,-9.967020887
4992,-1107,11288,12639,13618,13449,9161,0.83,0.94,10973.7,0.815949141,140.508588
4992,-1092,11268,12782,13636,13605,9163,0.83,0.94,11163.5,0.820543918,94.56082323
4992,-1086,11241,12824,13593,13661,9165,0.83,0.94,11222.3,0.821484518,85.15482029
4992,-1096,11198,12886,13620,13727,9165,0.82,0.94,11304.1,0.823493844,-34.93844249
4991,-1107,11132,12812,13512,13641,9165,0.82,0.94,11204.3,0.821369401,-13.6940107
4992,-1105,11163,12571,13597,13381,9165,0.82,0.94,10885.3,0.813489276,65.10724161
4991,-1089,11232,12841,13587,13676,9165,0.83,0.94,11243.8,0.822155601,78.44398947
4992,-1089,11290,12842,13615,13670,9166,0.83,0.94,11243,0.822457937,75.42062911
4992,-1095,11277,12832,13641,13664,9165,0.83,0.94,11231.2,0.821955504,80.44496487
4992,-1090,11303,12725,13631,13547,9167,0.83,0.94,11089.1,0.818564996,114.3500406
4993,-1095,11336,12673,13673,13482,9170,0.83,0.94,11017.6,0.817208129,127.9187064
4992,-1071,11246,12669,13562,13480,9173,0.83,0.94,11013,0.816988131,130.1186944
4992,-1085,11195,12738,13525,13564,9175,0.83,0.94,11107.2,0.818873489,111.2651135
4992,-1096,11289,12800,13629,13627,9174,0.83,0.94,11188.1,0.821024437,89.7556322
4992,-1100,11320,12788,13655,13621,9169,0.83,0.94,11174.3,0.820372954,96.27046472
4992,-1118,11232,12864,13643,13701,9164,0.82,0.94,11274.3,0.822881541,-28.81541493
4992,-1084,11285,12820,13630,13650,9159,0.83,0.94,11215,0.821611722,83.88278388
4992,-1096,11195,12895,13563,13733,9158,0.83,0.94,11314.9,0.823920484,60.79516493
4992,-1087,11289,12824,13636,13657,9157,0.83,0.94,11221.1,0.821637256,83.6274438
4992,-1088,11247,12764,13574,13591,9155,0.83,0.94,11141.3,0.819755721,102.442793
4992,-1099,11245,12895,13645,13730,9152,0.82,0.94,11314,0.82403496,-40.34959942
4992,-1100,11257,12688,13597,13500,9152,0.83,0.94,11038,0.81762963,123.7037037
4992,-1081,11120,12902,13514,13737,9152,0.82,0.94,11323.1,0.824277499,-42.77498726
4992,-1109,11263,12753,13595,13580,9161,0.83,0.94,11127,0.819366716,106.3328424
4993,-1097,11169,12901,13600,13736,9170,0.82,0.94,11321.8,0.824242865,-42.42865463
4993,-1090,11289,12745,13605,13563,9178,0.83,0.94,11113.9,0.819427855,105.7214481
4993,-1088,11240,12719,13554,13534,9178,0.83,0.94,11079.2,0.818619772,113.8022757
4993,-1091,11288,12866,13650,13693,9177,0.83,0.94,11273.9,0.82333309,66.669101
4993,-1110,11122,12553,13550,13359,9176,0.82,0.94,10860.7,0.812987499,70.12500936
4993,-1076,11251,12793,13595,13614,9174,0.83,0.94,11177.2,0.821007786,89.92213897
4993,-1085,11319,12695,13649,13508,9173,0.83,0.94,11047.4,0.817841279,121.5872076
4994,-1103,11116,12782,13528,13611,9173,0.82,0.94,11165.3,0.820314452,-3.144515465
4994,-1097,11192,12817,13530,13647,9172,0.83,0.94,11211.1,0.821506558,84.93441782
4994,-1109,11288,12811,13629,13644,9172,0.83,0.94,11204.2,0.821181472,88.18528291
4994,-1102,11185,12863,13613,13700,9172,0.82,0.94,11273,0.822846715,-28.46715328
4995,-1103,11166,12903,13594,13737,9172,0.82,0.94,11324.1,0.824350295,-43.50294824
4995,-1085,11187,12919,13612,13756,9170,0.82,0.94,11345.8,0.824789183,-47.89182902
4995,-1090,11215,12833,13591,13662,9167,0.83,0.94,11231.6,0.822105109,78.94890938
4995,-1110,11163,12862,13581,13698,9164,0.82,0.94,11271.4,0.822850051,-28.50051102
4996,-1110,11252,12841,13605,13668,9162,0.83,0.94,11241.4,0.822461223,75.38776705
4996,-1110,11213,12868,13604,13706,9162,0.82,0.94,11279.8,0.822982635,-29.82635342
4996,-1100,11159,12897,13605,13735,9170,0.82,0.94,11317.5,0.823989807,-39.89807062
4997,-1079,11162,12837,13491,13662,9180,0.83,0.94,11235.6,0.822397892,76.02108037
4997,-1108,11141,12581,13569,13381,9189,0.82,0.94,10895.3,0.814236604,57.6339586
4997,-1098,11182,12902,13594,13730,9191,0.82,0.94,11321,0.824544792,-45.44792425
4998,-1113,11318,12626,13645,13428,9190,0.83,0.94,10954.4,0.815787906,142.1209413
4998,-1080,11280,12760,13614,13582,9184,0.83,0.94,11134.6,0.819805625,101.9437491
4998,-1081,11264,12879,13616,13707,9178,0.83,0.94,11291.1,0.823746991,62.53009411
4999,-1101,11215,12928,13593,13767,9173,0.83,0.94,11358.1,0.825023607,49.76392823
4999,-1084,11270,12631,13592,13434,9173,0.83,0.94,10961.2,0.815929731,140.7026947
5000,-1088,11320,12661,13635,13463,9174,0.83,0.94,10999.9,0.817046721,129.5327936
5000,-1094,11135,12881,13555,13714,9176,0.82,0.94,11295.2,0.823625492,-36.25492198
5000,-1099,11102,12799,13397,13622,9178,0.83,0.94,11185.6,0.82114227,88.57730142
5001,-1113,11137,12570,13568,13369,9179,0.82,0.94,10880.7,0.813875383,61.2461665
5001,-1090,11227,12821,13593,13642,9179,0.83,0.94,11213.6,0.82199091,80.09089576
5002,-1085,11330,12773,13654,13592,9175,0.83,0.94,11150.6,0.820379635,96.20364921
5002,-1104,11188,12876,13568,13698,9171,0.82,0.94,11285.4,0.823872098,-38.72098117
5003,-1108,11164,12567,13588,13359,9167,0.82,0.94,10874.7,0.814035482,59.64518302
5003,-1091,11224,12866,13589,13694,9168,0.83,0.94,11274.2,0.823294874,67.05126333
5004,-1088,11228,12865,13590,13686,9171,0.83,0.94,11270.8,0.823527693,64.72307467
5004,-1113,11195,12916,13574,13746,9177,0.82,0.94,11339.8,0.824952714,-49.52713517
5005,-1101,11155,12885,13593,13708,9183,0.82,0.94,11297.4,0.824146484,-41.46483805
5006,-1093,11159,12837,13484,13657,9185,0.83,0.94,11234.1,0.822589148,74.10851578
5006,-1098,11296,12784,13600,13597,9185,0.83,0.94,11163.1,0.820997279,90.02721188
5007,-1082,11222,12838,13546,13659,9195,0.83,0.94,11235.7,0.822585841,74.14159162
5007,-1100,11279,12813,13639,13630,9205,0.83,0.94,11202,0.821863536,81.36463683
5008,-1087,11269,12813,13622,13634,9215,0.83,0.94,11203.2,0.82171043,82.89570192
5008,-1086,11207,12894,13581,13721,9215,0.83,0.94,11310.3,0.824305809,56.94191385
5009,-1092,11210,12866,13620,13684,9209,0.82,0.94,11271.2,0.823677287,-36.77287343
5009,-1109,11224,12897,13598,13725,9194,0.83,0.94,11314.5,0.824371585,56.28415301
5010,-1109,11187,12843,13587,13657,9179,0.82,0.94,11240.1,0.823028484,-30.28483562
5011,-1088,11290,12725,13632,13525,9170,0.83,0.94,11082.5,0.819408503,105.9149723
5011,-1089,11228,12648,13540,13439,9170,0.83,0.94,10979.7,0.817002753,129.9724682
5012,-1109,11296,12631,13613,13426,9172,0.83,0.94,10958.8,0.816237152,137.628482
5013,-1081,11318,12854,13639,13675,9175,0.83,0.94,11256.5,0.823144424,68.55575868
5013,-1087,11143,12889,13499,13708,9179,0.83,0.94,11301.4,0.824438284,55.61715786
5014,-1098,11302,12639,13620,13424,9179,0.83,0.94,10966.2,0.816910012,130.8998808
5014,-1104,11237,12824,13599,13639,9179,0.83,0.94,11215.7,0.822325684,76.74316299
5015,-1090,11336,12612,13664,13401,9175,0.83,0.94,10932.3,0.815782404,142.175957
5016,-1123,10889,12392,13309,13168,9171,0.82,0.94,10642.4,0.808201701,117.9829891
5017,-1131,11193,12759,13592,13551,9168,0.82,0.94,11124.3,0.820920965,-9.209652424
5018,-1106,11231,12655,13570,13444,9168,0.83,0.94,10988.2,0.817331151,126.6884856
5018,-1093,11068,12796,13353,13606,9174,0.83,0.94,11177.8,0.821534617,84.65382919
5019,-1098,11299,12786,13631,13595,9181,0.83,0.94,11164.5,0.821221037,87.78962854
5020,-1128,11204,12850,13625,13662,9187,0.82,0.94,11248.6,0.823349436,-33.49436393
5020,-1115,11248,12902,13624,13714,9189,0.83,0.94,11316.2,0.825156774,48.43225901
5021,-1091,11243,12804,13601,13611,9190,0.83,0.94,11187.3,0.821930791,80.69208728
5022,-1094,11294,12620,13614,13398,9199,0.83,0.94,10939.4,0.816494999,135.0500075
5023,-1091,11307,12809,13629,13600,9208,0.83,0.94,11189,0.822720588,72.79411765
5024,-1099,11294,12880,13667,13682,9215,0.83,0.94,11284.6,0.824777079,52.22920626
5024,-1110,11236,12868,13623,13678,9215,0.82,0.94,11271.4,0.824053224,-40.53224156
5025,-1104,11118,12983,13559,13795,9206,0.82,0.94,11421.5,0.827944908,-79.44907575
5026,-1118,11133,12494,13560,13262,9191,0.82,0.94,10772.6,0.812290756,77.09244458
5027,-1128,11314,12703,13630,13486,9176,0.83,0.94,11048.8,0.819279253,107.2074744
5028,-1138,11127,12901,13545,13707,9170,0.82,0.94,11313.1,0.82535201,-53.52009922
5028,-1124,11241,12889,13621,13691,9170,0.83,0.94,11296.3,0.825089475,49.10525163
5030,-1130,11241,12774,13599,13567,9180,0.83,0.94,11144.1,0.82141225,85.87749687
5030,-1094,11264,12762,13599,13542,9190,0.83,0.94,11124.6,0.821488702,85.11298183
5031,-1115,11287,12821,13633,13612,9199,0.83,0.94,11204.6,0.823141346,68.58654129
5033,-1109,11251,12732,13592,13507,9199,0.83,0.94,11084.1,0.820618938,93.81061672
5033,-1114,11251,12902,13623,13702,9201,0.83,0.94,11312.6,0.825616698,43.83301708
5034,-1125,11054,12898,13495,13698,9205,0.82,0.94,11307.4,0.825478172,-54.78171996
5035,-1105,11210,12772,13524,13556,9209,0.83,0.94,11138.8,0.821687814,83.12186486
5035,-1119,11224,12883,13595,13681,9211,0.83,0.94,11287.3,0.82503472,49.65280316
5037,-1122,11253,12815,13626,13605,9211,0.83,0.94,11196.5,0.822969497,70.30503491
5038,-1132,11204,12907,13592,13705,9208,0.82,0.94,11318.5,0.825866472,-58.6647209
5039,-1117,11221,12924,13597,13719,9204,0.83,0.94,11339.7,0.826568992,34.31008091
5040,-1106,11314,12651,13649,13412,9200,0.83,0.94,10974.6,0.818267223,117.3277662
5041,-1147,11242,12846,13633,13636,9200,0.82,0.94,11236.8,0.824053975,-40.53974773
5042,-1115,11188,12871,13577,13656,9202,0.82,0.94,11267.8,0.825117165,-51.17164616
5043,-1130,11303,12908,13665,13694,9206,0.83,0.94,11316.2,0.82636191,36.38089674
5043,-1135,11227,12829,13606,13602,9211,0.83,0.94,11209.6,0.824114101,58.85899132
5044,-1127,11233,12777,13565,13548,9214,0.83,0.94,11141.4,0.822364925,76.35075288
5046,-1126,11317,12670,13655,13430,9214,0.83,0.94,10999,0.818987342,110.1265823
5047,-1111,11286,12797,13648,13581,9215,0.83,0.94,11171.3,0.822568294,74.3170606
5048,-1136,11248,12871,13615,13659,9215,0.83,0.94,11268.7,0.82500183,49.98169705
5049,-1149,11189,12992,13596,13783,9216,0.82,0.94,11426.9,0.829057535,-90.57534644
5050,-1159,11218,12998,13671,13781,9217,0.82,0.94,11432.3,0.829569697,-95.69697409
5051,-1132,11210,12930,13619,13722,9215,0.82,0.94,11346.6,0.826891124,-68.91123743
5051,-1140,11241,12680,13572,13426,9209,0.83,0.94,11007.8,0.819886787,101.1321317
5053,-1143,11259,12929,13682,13709,9203,0.82,0.94,11341.7,0.82731782,-73.1782041
5053,-1148,11149,12967,13622,13749,9198,0.82,0.94,11391.7,0.828547531,-85.4753073
5055,-1138,11232,12799,13584,13558,9198,0.83,0.94,11166.4,0.823602301,63.97698776
5056,-1150,11316,12688,13668,13431,9201,0.83,0.94,11017.3,0.820288884,97.11116075
5057,-1169,11251,12890,13634,13659,9205,0.83,0.94,11287.7,0.826392855,36.07145472
5058,-1141,11176,12922,13591,13694,9209,0.82,0.94,11330.2,0.827384256,-73.84255878
5059,-1145,11222,12869,13591,13638,9210,0.83,0.94,11260.4,0.825663587,43.36412964
5060,-1158,11156,12931,13576,13696,9210,0.82,0.94,11339.8,0.827964369,-79.64369159
5060,-1165,11188,12944,13585,13715,9209,0.82,0.94,11358.5,0.828180824,-81.80823915
5061,-1146,11223,12930,13601,13694,9209,0.83,0.94,11338.2,0.827968453,20.31546663
5062,-1177,11269,12721,13746,13462,9208,0.82,0.94,11059.6,0.821542119,-15.42118556
5064,-1173,11110,12892,13537,13648,9208,0.82,0.94,11286.4,0.826963658,-69.63657679
5065,-1154,10982,12891,13282,13650,9210,0.83,0.94,11286,0.826813187,31.86813187
5066,-1172,11235,12884,13628,13645,9212,0.82,0.94,11277.5,0.826493221,-64.9322096
5067,-1182,11208,12950,13673,13718,9214,0.82,0.94,11365.4,0.828502697,-85.02697186
5067,-1184,11245,12777,13594,13515,9214,0.83,0.95,11131.5,0.8236404,63.59600444
5068,-1155,11279,12852,13656,13612,9214,0.83,0.94,11235.6,0.825418748,45.81251837
5069,-1172,11194,12950,13594,13706,9215,0.82,0.94,11361.8,0.828965417,-89.65416606
5070,-1205,11246,12865,13640,13609,9216,0.82,0.95,11247.7,0.826489823,-64.89822911
5071,-1204,11180,12958,13588,13714,9217,0.82,0.94,11372.2,0.829240193,-92.40192504
5072,-1169,11245,12938,13647,13697,9217,0.82,0.94,11347.1,0.828436884,-84.36883989
5074,-1187,11081,13034,13577,13798,9218,0.82,0.94,11473.4,0.831526308,-115.2630816
5075,-1192,11257,12922,13650,13675,9221,0.82,0.94,11324.5,0.828117002,-81.17001828
5075,-1193,11209,12872,13629,13614,9224,0.82,0.95,11256.2,0.826810636,-68.1063611
5077,-1180,11270,12807,13653,13539,9226,0.83,0.95,11168.7,0.824927986,50.72014181
5077,-1201,11184,12959,13641,13713,9226,0.82,0.95,11372.9,0.82935171,-93.51710056
5078,-1173,11241,12861,13654,13601,9227,0.82,0.95,11241.3,0.826505404,-65.05404014
5079,-1180,11107,12943,13556,13692,9228,0.82,0.95,11350.6,0.828995034,-89.95033596
5080,-1200,11200,12856,13595,13600,9229,0.82,0.95,11236,0.826176471,-61.76470588
5081,-1185,11272,12837,13646,13567,9229,0.83,0.95,11207.1,0.826055871,39.44129137
5082,-1204,11304,12984,13728,13730,9228,0.82,0.95,11403,0.830517116,-105.171158
5083,-1213,11069,12906,13569,13644,9225,0.82,0.95,11299.2,0.828144239,-81.44239226
5084,-1176,11207,12888,13571,13629,9222,0.83,0.95,11276.7,0.827404799,25.95201409
5085,-1209,11047,12602,13528,13312,9220,0.82,0.95,10895.6,0.818479567,15.20432692
5086,-1209,11112,12988,13559,13730,9220,0.82,0.95,11407,0.830808449,-108.0844865
5087,-1205,11157,12933,13545,13675,9221,0.82,0.95,11335.5,0.828921389,-89.21389397
5088,-1233,11127,12921,13548,13662,9223,0.82,0.95,11319.6,0.828546333,-85.46332894
5089,-1181,11227,12961,13652,13702,9225,0.82,0.95,11371.6,0.829922639,-99.22639031
5090,-1225,11123,12706,13632,13420,9225,0.82,0.95,11032,0.822056632,-20.56631893
5091,-1217,11107,12685,13616,13397,9226,0.82,0.95,11004.1,0.821385385,-13.85384788
5092,-1225,11229,12823,13630,13543,9233,0.82,0.95,11185.9,0.825954368,-59.5436757
5093,-1227,11052,13063,13575,13809,9241,0.81,0.95,11505.7,0.833202984,-232.0298356
5094,-1216,11232,12827,13630,13541,9247,0.82,0.95,11189.3,0.82632745,-63.27449967
5095,-1216,11160,12847,13542,13569,9247,0.82,0.95,11217.7,0.826715307,-67.1530695
5096,-1208,11188,12959,13627,13694,9246,0.82,0.95,11367.2,0.830086169,-100.8616913
5097,-1212,11183,12952,13637,13691,9245,0.82,0.95,11359.3,0.829691038,-96.91037908
5098,-1210,11248,12948,13649,13679,9244,0.82,0.95,11351.7,0.829863294,-98.632941
5099,-1211,11204,12936,13643,13676,9244,0.82,0.95,11338.8,0.829102077,-91.02076631
5100,-1240,11140,12977,13589,13717,9246,0.82,0.95,11392.1,0.830509587,-105.0958664
5101,-1214,11207,12920,13659,13648,9253,0.82,0.95,11314.4,0.82901524,-90.15240328
5102,-1222,11166,13037,13623,13775,9260,0.82,0.95,11469.5,0.832631579,-126.3157895
5103,-1224,11217,12745,13625,13456,9266,0.82,0.95,11081.8,0.823558264,-35.58263971
5104,-1220,11094,12754,13481,13456,9266,0.82,0.95,11090.8,0.824227111,-42.27110583
5105,-1235,11201,12794,13607,13505,9261,0.82,0.95,11145.5,0.825286931,-52.86930766
5106,-1249,11138,12902,13582,13635,9255,0.82,0.95,11292.5,0.828199487,-81.99486615
5107,-1225,11195,12915,13599,13634,9248,0.82,0.95,11305.2,0.829191727,-91.91726566
5108,-1241,11209,12945,13667,13669,9245,0.82,0.95,11345.7,0.830031458,-100.3145804
5109,-1247,11171,12910,13623,13636,9245,0.82,0.95,11300.8,0.828747433,-87.47433265
5110,-1250,11079,12964,13533,13690,9248,0.82,0.95,11371,0.830606282,-106.0628196
5111,-1230,11165,12956,13607,13684,9252,0.82,0.95,11361.2,0.830254312,-102.543116
5112,-1270,11084,12739,13620,13446,9255,0.81,0.95,11072.8,0.823501413,-135.0141306
5113,-1240,11068,12966,13587,13701,9255,0.81,0.95,11376.3,0.830326254,-203.2625356
5114,-1245,11115,12946,13521,13672,9253,0.82,0.95,11347.6,0.829988297,-99.8829725
5115,-1243,11123,12994,13616,13722,9250,0.82,0.95,11410.6,0.831555167,-115.5516689
5116,-1230,11259,12884,13693,13603,9246,0.82,0.95,11264.9,0.828118797,-81.18797324
5117,-1243,11165,12921,13630,13645,9244,0.82,0.95,11314.5,0.829204837,-92.04836937
5118,-1249,11194,12809,13635,13513,9245,0.82,0.95,11162.9,0.826085991,-60.85991268
5119,-1240,11178,12993,13643,13719,9245,0.82,0.95,11408.7,0.831598513,-115.9851301
5120,-1246,11091,13021,13597,13751,9246,0.82,0.95,11446.3,0.832397644,-123.9764381
5121,-1237,11171,12804,13594,13502,9246,0.82,0.95,11154.6,0.826144275,-61.44274922
5121,-1267,11270,12832,13729,13538,9246,0.82,0.95,11193.4,0.826813414,-68.13414094
5123,-1239,11208,12772,13651,13471,9246,0.82,0.95,11113.3,0.824979586,-49.79585777
5124,-1255,11242,12853,13684,13561,9247,0.82,0.95,11221.3,0.827468476,-74.68475776
5124,-1253,11166,13027,13650,13757,9248,0.82,0.95,11454.1,0.832601585,-126.0158465
5126,-1245,11162,13008,13649,13735,9248,0.82,0.95,11428.5,0.832071351,-120.7135056
5127,-1256,11160,12992,13641,13716,9248,0.82,0.95,11406.8,0.831641878,-116.418781
5128,-1261,11092,12982,13572,13710,9252,0.82,0.95,11395,0.83114515,-111.4514953
5129,-1241,11158,12998,13651,13725,9257,0.82,0.95,11415.5,0.831730419,-117.3041894
5130,-1267,11153,12964,13631,13692,9261,0.82,0.95,11371.6,0.830528776,-105.2877593
5131,-1260,11180,12821,13623,13523,9262,0.82,0.95,11177.9,0.826584338,-65.84337795
5132,-1252,11243,12822,13698,13529,9262,0.82,0.95,11180.7,0.826424717,-64.24717274
5133,-1242,11160,13050,13610,13782,9261,0.82,0.95,11484.6,0.83330431,-133.0430997
5134,-1251,11113,12927,13565,13649,9260,0.82,0.95,11321.7,0.82948934,-94.89339878
5135,-1257,11210,12761,13658,13469,9260,0.82,0.95,11101.7,0.824240849,-42.40849358
5136,-1258,11168,12815,13616,13513,9260,0.82,0.95,11168.9,0.826530008,-65.3000814
5137,-1266,11250,12897,13708,13628,9260,0.82,0.95,11285.4,0.828103904,-81.03903728
5137,-1252,11197,12958,13668,13680,9259,0.82,0.95,11362,0.830555556,-105.5555556
5139,-1241,11158,12894,13644,13612,9258,0.82,0.95,11277.6,0.828504261,-85.04260946
5139,-1254,11240,12797,13705,13506,9258,0.82,0.95,11148.8,0.825470161,-54.7016141
5140,-1258,11145,12996,13655,13729,9259,0.82,0.95,11414.7,0.83142982,-114.2982009
5141,-1260,11111,13056,13659,13791,9261,0.81,0.95,11493.3,0.833391342,-233.9134218
5142,-1261,11183,12760,13639,13465,9264,0.82,0.95,11099.5,0.824322317,-43.22317118
5144,-1257,11024,12817,13488,13518,9266,0.82,0.95,11172.4,0.826483208,-64.83207575
5145,-1289,11058,12715,13627,13415,9266,0.81,0.95,11039.5,0.822922102,-129.2210212
5146,-1264,11187,12864,13643,13577,9268,0.82,0.95,11237.1,0.827657067,-76.57067099
5147,-1250,11113,13006,13588,13741,9272,0.82,0.95,11428.3,0.831693472,-116.9347209
5147,-1273,11182,12985,13659,13716,9276,0.82,0.95,11399.8,0.831131525,-111.3152523
5148,-1266,11180,12942,13669,13673,9278,0.82,0.95,11343.9,0.829656988,-96.56988225
5149,-1257,11204,12833,13671,13551,9278,0.82,0.95,11198.3,0.826381817,-63.8181684
5150,-1253,11204,12791,13666,13502,9278,0.82,0.95,11141.6,0.825181455,-51.81454599
5151,-1253,11211,12839,13667,13562,9279,0.82,0.95,11207.6,0.826397287,-63.97286536
5152,-1262,11056,13042,13624,13787,9280,0.81,0.95,11478.1,0.832530645,-225.3064481
5154,-1245,11007,12934,13453,13676,9280,0.82,0.95,11336.8,0.828955835,-89.55835039
5154,-1251,11149,13017,13645,13759,9280,0.82,0.95,11444.7,0.831797369,-117.9736899
5155,-1270,11083,12981,13639,13723,9277,0.81,0.95,11397.9,0.830569118,-205.6911754
5156,-1243,11121,12916,13578,13643,9275,0.82,0.95,11308.9,0.828915928,-89.15927582
5157,-1254,11190,12940,13645,13672,9274,0.82,0.95,11341.6,0.829549444,-95.49444119
5158,-1246,11168,12970,13662,13708,9274,0.82,0.95,11382.4,0.830347242,-103.4724249
5159,-1269,11195,12722,13654,13439,9280,0.82,0.95,11053.7,0.822509115,-25.09115262
5160,-1248,11160,12969,13653,13709,9288,0.82,0.95,11381.7,0.830235612,-102.3561164
5161,-1237,11257,12922,13720,13655,9295,0.82,0.95,11318.5,0.828890516,-88.90516294
5162,-1246,11033,12987,13612,13742,9296,0.81,0.95,11409.6,0.830272158,-202.7215835
5163,-1244,11117,12897,13593,13638,9294,0.82,0.95,11288.4,0.827716674,-77.16673999
5164,-1261,11174,12933,13678,13684,9290,0.82,0.95,11338.2,0.828573517,-85.73516516
5165,-1274,11084,12953,13644,13699,9286,0.81,0.95,11362.7,0.829454705,-194.5470472
5166,-1257,11205,12900,13670,13637,9283,0.82,0.95,11291.1,0.827975361,-79.7536115
5167,-1242,11131,12918,13629,13672,9283,0.82,0.94,11319.6,0.827940316,-79.40315974
5168,-1227,11167,12980,13645,13733,9289,0.82,0.95,11399.9,0.830109954,-101.0995413
5169,-1253,11116,12959,13588,13709,9298,0.82,0.95,11371.7,0.829506164,-95.06163834
5170,-1234,11133,12935,13624,13676,9307,0.82,0.95,11337.8,0.829028956,-90.28955835
5171,-1232,11168,13004,13679,13767,9309,0.82,0.94,11434.1,0.830544055,-105.4405462
5172,-1251,11022,13051,13602,13813,9308,0.81,0.94,11494.9,0.832179831,-221.7983059
5173,-1244,11232,12760,13696,13489,9303,0.82,0.95,11106.7,0.823389428,-33.89428423
5174,-1254,11185,12852,13672,13600,9299,0.82,0.94,11232,0.825882353,-58.82352941
5175,-1232,11179,12973,13668,13733,9295,0.82,0.94,11392.9,0.829600233,-96.00233015
5176,-1245,11161,12988,13650,13755,9295,0.82,0.94,11414.5,0.829843693,-98.43693202
5177,-1235,11122,12887,13628,13648,9296,0.82,0.94,11281.4,0.826597304,-65.97303634
5178,-1222,11213,12761,13666,13499,9297,0.82,0.95,11110.7,0.823075783,-30.75783391
5179,-1229,11193,12866,13661,13618,9299,0.82,0.94,11251.4,0.826215303,-62.15303275
5180,-1220,11197,12710,13646,13449,9299,0.82,0.95,11044.7,0.821228344,-12.28344115
5181,-1232,11293,12843,13766,13597,9299,0.82,0.94,11222.1,0.825336471,-53.3647128
5182,-1239,11034,12974,13574,13740,9295,0.81,0.94,11396,0.829403202,-194.0320233
5183,-1239,11090,12681,13654,13418,9291,0.81,0.95,11006.4,0.820271277,-102.7127739
5184,-1229,11153,12962,13625,13737,9287,0.82,0.94,11383.1,0.828645265,-86.45264614
5185,-1225,11122,13005,13642,13780,9287,0.82,0.94,11439,0.83011611,-101.161103
5186,-1247,11203,12673,13642,13425,9289,0.82,0.94,11000.5,0.819404097,5.959031657
5187,-1238,11132,12804,13587,13560,9294,0.82,0.94,11172,0.823893805,-38.9380531
5188,-1225,11162,12915,13664,13682,9299,0.82,0.94,11319.6,0.827335185,-73.35184914
5189,-1211,11224,12764,13665,13523,9302,0.82,0.94,11120.9,0.822369297,-23.69296754
5190,-1220,11159,12981,13646,13756,9302,0.82,0.94,11407.8,0.829296307,-92.96307066
5191,-1203,11205,12814,13642,13575,9302,0.82,0.94,11186.5,0.824051565,-40.51565378
5192,-1206,11207,12721,13642,13477,9301,0.82,0.94,11064.1,0.820961638,-9.616383468
5193,-1199,11192,12909,13654,13685,9301,0.82,0.94,11314.5,0.826781147,-67.81147242
5194,-1210,11150,12957,13649,13746,9301,0.82,0.94,11380.8,0.827935399,-79.35399389
5195,-1209,11118,12990,13631,13782,9301,0.82,0.94,11424.6,0.828950805,-89.50805398
5196,-1230,10745,12648,13176,13409,9301,0.82,0.94,10970.7,0.818159445,18.40554851
5197,-1191,11203,12962,13664,13759,9302,0.82,0.94,11389.7,0.827799985,-77.99985464
5198,-1199,11081,13015,13620,13806,9302,0.81,0.94,11456.8,0.829842098,-198.4209764
5199,-1185,11130,12928,13592,13724,9302,0.82,0.94,11345.2,0.82666861,-66.68609735
5200,-1179,11162,12895,13630,13676,9299,0.82,0.94,11297.8,0.826104124,-61.04124013
5201,-1189,11187,12961,13642,13761,9297,0.82,0.94,11389.3,0.827650607,-76.50606787
5202,-1201,11069,12906,13594,13699,9294,0.81,0.94,11315.7,0.826023797,-160.2379736
5203,-1219,11093,12938,13626,13725,9294,0.81,0.94,11355.5,0.827358834,-173.5883424
5204,-1202,11176,12880,13647,13670,9296,0.82,0.94,11281,0.825237747,-52.37746891
5205,-1202,11169,12896,13636,13696,9302,0.82,0.94,11304.8,0.825408879,-54.08878505
5206,-1207,11132,12931,13583,13733,9307,0.82,0.94,11350.9,0.826541906,-65.41906357
5207,-1178,11179,12841,13627,13629,9311,0.82,0.94,11229.7,0.82395627,-39.56269719
5208,-1161,11227,12930,13653,13736,9312,0.82,0.94,11350.8,0.826354106,-63.54105999
5209,-1169,11174,12921,13639,13726,9315,0.82,0.94,11338.8,0.826081888,-60.81888387
5210,-1165,11258,12722,13673,13504,9319,0.82,0.94,11073.2,0.819994076,0.059241706
5211,-1153,11294,12868,13703,13667,9323,0.82,0.94,11268.1,0.824475013,-44.75012805
5212,-1174,11027,12958,13548,13763,9324,0.81,0.94,11386.9,0.827355954,-173.5595437
5213,-1138,11242,12692,13643,13465,9323,0.82,0.94,11031.5,0.819272187,7.278128481
5214,-1161,11209,12966,13683,13779,9321,0.82,0.94,11399.7,0.827324189,-73.24188983
5215,-1165,11234,12865,13653,13674,9319,0.82,0.94,11267.2,0.823987129,-39.87128858
5216,-1155,11259,12922,13690,13733,9317,0.82,0.94,11341.9,0.825886551,-58.86550644
5217,-1149,11295,12798,13706,13593,9317,0.82,0.94,11175.9,0.822180534,-21.80534098
5218,-1150,11332,12765,13756,13559,9320,0.82,0.94,11132.7,0.821056125,-10.56125083
5219,-1164,11257,12814,13687,13614,9325,0.82,0.94,11198.2,0.822550316,-25.50315851
5219,-1155,11190,12880,13632,13701,9331,0.82,0.94,11290.3,0.824049339,-40.49339464
5221,-1144,11376,12849,13783,13651,9333,0.83,0.94,11244.3,0.823697898,63.0210241
5222,-1130,11173,12927,13633,13750,9333,0.82,0.94,11352,0.8256,-56
5223,-1164,11292,12678,13673,13470,9331,0.83,0.94,11019,0.818040089,119.5991091
5224,-1142,11205,12955,13672,13776,9329,0.82,0.94,11387.8,0.826640534,-66.40534262
5225,-1151,11268,12900,13671,13719,9327,0.82,0.94,11315.7,0.824819593,-48.19593265
5226,-1126,11248,12915,13651,13741,9328,0.82,0.94,11337.3,0.825070956,-50.70955535
5226,-1132,11290,12806,13684,13608,9327,0.83,0.94,11188.4,0.822192828,78.07172252
5228,-1133,11265,12943,13701,13764,9326,0.82,0.94,11372.2,0.826227841,-62.27840744
5228,-1128,11244,12894,13656,13717,9324,0.82,0.94,11309.1,0.824458701,-44.58700882
5230,-1127,11270,12848,13660,13667,9324,0.83,0.94,11248.1,0.823011634,69.88366137
5231,-1140,11329,12714,13702,13510,9323,0.83,0.94,11067,0.819170984,108.2901554
5232,-1135,11091,12919,13572,13750,9324,0.82,0.94,11344,0.825018182,-50.18181818
5233,-1108,11285,12760,13637,13567,9325,0.83,0.94,11130.1,0.820380335,96.19665364
5234,-1114,11303,12878,13669,13702,9326,0.83,0.94,11288.6,0.823865129,61.34870822
5235,-1119,11215,12981,13648,13808,9325,0.82,0.94,11423.4,0.827303013,-73.03012746
5236,-1104,11319,12883,13707,13703,9326,0.83,0.94,11293.9,0.824191783,58.08217179
5236,-1116,11282,12906,13670,13733,9326,0.83,0.94,11325.9,0.824721474,52.78526178
5237,-1109,11313,12912,13693,13732,9327,0.83,0.94,11331.6,0.825196621,48.03378969
5238,-1119,11231,12841,13649,13650,9327,0.82,0.94,11236,0.823150183,-31.5018315
5240,-1107,11285,12969,13702,13798,9327,0.82,0.94,11408.4,0.826815481,-68.15480504
5241,-1119,11346,12878,13746,13694,9327,0.83,0.94,11286.2,0.82417117,58.28830145
5242,-1118,11149,12900,13595,13723,9327,0.82,0.94,11316.9,0.824666618,-46.66618086
5243,-1113,11230,12906,13537,13730,9327,0.83,0.94,11325,0.824836125,51.63874727
5244,-1114,11319,12631,13660,13429,9328,0.83,0.94,10959.7,0.816121826,138.781741
5244,-1100,11219,12939,13645,13770,9329,0.82,0.94,11370,0.825708061,-57.08061002
5245,-1104,11339,12884,13667,13716,9332,0.83,0.94,11298.8,0.823767862,62.32137649
5246,-1098,11289,12894,13658,13726,9334,0.83,0.94,11311.8,0.824114819,58.85181408
5247,-1097,11235,12887,13638,13708,9337,0.82,0.94,11299.4,0.824292384,-42.92384009
5248,-1109,11303,12783,13651,13592,9337,0.83,0.94,11160.6,0.821115362,88.84638022
5250,-1087,11339,12934,13705,13764,9336,0.83,0.94,11363.2,0.825573961,44.26038942
5251,-1094,11329,12956,13703,13782,9335,0.83,0.94,11390.6,0.826483819,35.16180525
5252,-1099,11140,12855,13560,13674,9335,0.82,0.94,11257.2,0.823255814,-32.55813953
5252,-1105,11241,12678,13543,13470,9334,0.83,0.94,11019,0.818040089,119.5991091
5253,-1111,11233,12907,13659,13740,9334,0.82,0.94,11329,0.824526929,-45.26928675
5254,-1119,11310,12873,13667,13706,9334,0.83,0.94,11284.8,0.823347439,66.52560922
5255,-1100,11255,12919,13676,13749,9334,0.82,0.94,11343.7,0.825056368,-50.56367736
5256,-1093,11382,12754,13700,13561,9333,0.83,0.94,11122.3,0.820168129,98.31870806
5258,-1089,11246,12934,13612,13758,9333,0.83,0.94,11361.4,0.825803169,41.96830935
5258,-1069,11373,12926,13690,13764,9334,0.83,0.94,11355.2,0.824992735,50.0726533
5260,-1090,11277,12961,13660,13799,9336,0.83,0.94,11400.7,0.826197551,38.02449453
5261,-1090,11299,12862,13620,13681,9338,0.83,0.94,11266.3,0.823499744,65.00255829
5261,-1089,11310,12784,13669,13588,9338,0.83,0.94,11160.4,0.821342361,86.57639093
5262,-1059,11163,12855,13439,13681,9339,0.83,0.94,11259.3,0.822988086,70.11914334
5263,-1081,11372,12840,13686,13662,9343,0.83,0.94,11238.6,0.822617479,73.82520861
5264,-1097,11330,12929,13689,13761,9347,0.83,0.94,11357.3,0.825325194,46.7480561
5266,-1075,11290,12937,13649,13766,9350,0.83,0.94,11366.8,0.825715531,42.84468982
5266,-1074,11402,12897,13729,13722,9350,0.83,0.94,11313.6,0.824486226,55.13773502
5267,-1062,11343,12879,13660,13702,9347,0.83,0.94,11289.6,0.823938111,60.61888775
5268,-1082,11390,12889,13706,13722,9340,0.83,0.94,11305.6,0.823903221,60.96778895
5269,-1064,11313,12775,13623,13570,9332,0.83,0.94,11146,0.821370671,86.29329403
5270,-1069,11434,12947,13789,13776,9329,0.83,0.94,11379.8,0.826059814,39.4018583
5271,-1061,11237,12919,13645,13741,9329,0.82,0.94,11341.3,0.825362055,-53.62055163
5272,-1064,11301,12871,13600,13683,9336,0.83,0.94,11275.9,0.824080976,59.19023606
5274,-1079,11417,12732,13715,13527,9344,0.83,0.94,11090.1,0.819849191,101.5080949
5274,-1079,11259,12954,13623,13777,9351,0.83,0.94,11387.1,0.826529723,34.70276548
5275,-1060,11347,12870,13665,13689,9351,0.83,0.94,11276.7,0.823778216,62.21783914
5276,-1094,11327,12812,13638,13619,9350,0.83,0.94,11197.7,0.822211616,77.88383875
5278,-1067,11175,12988,13553,13807,9346,0.82,0.94,11430.1,0.827848193,-78.48192946
5278,-1080,11324,12780,13627,13574,9343,0.83,0.94,11152.2,0.821585384,84.14616178
5279,-1068,11390,12887,13720,13691,9341,0.83,0.94,11294.3,0.824943393,50.5660653
5280,-1087,11391,12976,13742,13787,9342,0.83,0.94,11412.1,0.827743527,22.5647349
5281,-1062,11406,12682,13678,13462,9346,0.83,0.94,11020.6,0.818645075,113.5492497
5282,-1074,11124,12991,13461,13809,9351,0.83,0.94,11433.7,0.827988993,20.11007314
5283,-1096,11433,12753,13719,13537,9357,0.83,0.94,11114.1,0.821016473,89.83526631
5285,-1090,11416,12809,13700,13600,9358,0.83,0.94,11189,0.822720588,72.79411765
5286,-1060,11364,12923,13639,13731,9358,0.83,0.94,11342.3,0.826035977,39.64023014
5287,-1081,11360,12900,13665,13707,9362,0.83,0.94,11312.1,0.825279054,47.20945502
5287,-1077,11384,12966,13699,13779,9365,0.83,0.94,11399.7,0.827324189,26.75811017
5288,-1065,11395,12887,13673,13685,9367,0.83,0.94,11292.5,0.825173548,48.2645232
5289,-1070,11327,12914,13605,13714,9367,0.83,0.94,11328.2,0.826031792,39.68207671
5290,-1082,11455,12769,13735,13550,9371,0.83,0.94,11134,0.821697417,83.02583026
5291,-1077,11395,12770,13676,13552,9376,0.83,0.94,11135.6,0.821694215,83.05785124
5292,-1076,11325,12988,13650,13791,9381,0.83,0.94,11425.3,0.82846059,15.3940976
5293,-1094,11418,12761,13696,13539,9382,0.83,0.94,11122.7,0.821530394,84.69606322
5295,-1063,11383,12948,13711,13735,9381,0.83,0.94,11368.5,0.827702949,22.97051329
5295,-1078,11361,12978,13659,13766,9379,0.83,0.94,11407.8,0.828693883,13.06116519
5296,-1082,11437,12920,13715,13704,9376,0.83,0.94,11331.2,0.826853473,31.46526562
5297,-1074,11351,12949,13635,13736,9375,0.83,0.94,11369.8,0.827737333,22.62667443
5298,-1102,11415,12830,13684,13600,9375,0.83,0.94,11210,0.824264706,57.35294118
5299,-1079,11360,13007,13684,13795,9375,0.83,0.94,11445.5,0.829684668,3.153316419
5300,-1102,11399,12739,13667,13495,9376,0.83,0.94,11087.5,0.821600593,83.99407188
5301,-1092,11335,12993,13679,13769,9376,0.83,0.94,11423.7,0.829668095,3.31905004
5302,-1071,11272,12896,13514,13670,9376,0.83,0.94,11297,0.826408193,35.91806876
5303,-1088,11408,12975,13692,13757,9376,0.83,0.94,11402.1,0.828821691,11.78309224
5304,-1094,11457,12724,13741,13470,9373,0.83,0.94,11065,0.821455085,85.44914625
5305,-1103,11381,12974,13711,13752,9371,0.83,0.94,11399.6,0.828941245,10.5875509
5306,-1102,11432,12980,13748,13758,9368,0.83,0.94,11407.4,0.829146678,8.533217037
5307,-1070,11326,13012,13652,13788,9368,0.83,0.94,11448.4,0.830316217,-3.162170003
5308,-1095,11308,13027,13650,13798,9368,0.83,0.94,11466.4,0.831018988,-10.18988259
5309,-1087,11413,12934,13702,13701,9367,0.83,0.94,11344.3,0.827990658,20.09342384
5310,-1091,11477,12930,13777,13689,9365,0.83,0.94,11336.7,0.828161297,18.38702608
5311,-1100,11272,12898,13630,13646,9365,0.83,0.95,11291.8,0.82748058,25.1941961
5312,-1113,11335,12797,13588,13533,9365,0.83,0.95,11156.9,0.824421784,55.78216212
5313,-1129,11253,12673,13631,13397,9374,0.83,0.95,10992.1,0.820489662,95.10338135
5314,-1097,11409,12890,13690,13638,9383,0.83,0.95,11281.4,0.827203402,27.96597742
5315,-1104,11386,12979,13691,13734,9392,0.83,0.95,11399.2,0.829998544,0.0145624
5316,-1094,11344,13012,13661,13773,9393,0.83,0.94,11443.9,0.830893778,-8.93777681
5317,-1109,11295,13081,13661,13840,9391,0.83,0.95,11533,0.833309249,-33.09248555
5318,-1115,11315,13029,13684,13780,9384,0.83,0.95,11463,0.831857765,-18.57764877
5319,-1110,11398,12847,13673,13566,9378,0.83,0.95,11216.8,0.826831785,31.68214654
5320,-1111,11448,13038,13783,13782,9374,0.83,0.95,11472.6,0.832433609,-24.33609055
5321,-1120,11030,13001,13384,13743,9374,0.82,0.95,11423.9,0.831252274,-112.5227388
5322,-1127,11293,12781,13545,13496,9381,0.83,0.95,11129.8,0.824673977,53.26022525
5323,-1113,11424,12932,13698,13662,9389,0.83,0.95,11330.6,0.829351486,6.485141268
5324,-1134,11443,12806,13728,13519,9397,0.83,0.95,11161.7,0.825630594,43.69406021
5325,-1140,11368,13009,13693,13740,9399,0.83,0.95,11431,0.831950509,-19.50509461
5326,-1131,11287,13038,13639,13768,9398,0.83,0.95,11468.4,0.832975015,-29.75014526
5327,-1136,11347,13024,13677,13735,9395,0.83,0.95,11444.5,0.833236258,-32.36257736
5328,-1134,11350,13064,13681,13792,9392,0.83,0.95,11501.6,0.833932715,-39.32714617
5329,-1133,11424,12852,13716,13541,9390,0.83,0.95,11214.3,0.828173695,18.26305295
5330,-1161,11482,13060,13806,13785,9390,0.83,0.95,11495.5,0.833913674,-39.13674284
5331,-1151,11172,13084,13579,13804,9390,0.82,0.95,11525.2,0.834917415,-149.1741524
5332,-1135,11394,13010,13725,13722,9390,0.83,0.95,11426.6,0.832721178,-27.21177671
5333,-1155,11276,13116,13662,13835,9391,0.83,0.95,11566.5,0.836031803,-60.31803397
5334,-1168,11361,13082,13755,13796,9391,0.83,0.95,11520.8,0.835082633,-50.82632647
5335,-1175,11382,12886,13662,13573,9390,0.83,0.95,11257.9,0.829433434,5.665659766
5336,-1146,11454,12845,13759,13528,9383,0.83,0.95,11203.4,0.828163808,18.36191603
5337,-1149,11454,12910,13762,13590,9377,0.83,0.95,11287,0.83053716,-5.371596762
5338,-1156,11322,13110,13719,13817,9371,0.83,0.95,11555.1,0.836295867,-62.9586741
5339,-1164,11398,12924,13700,13604,9371,0.83,0.95,11305.2,0.831020288,-10.20288151
5340,-1164,11384,13094,13781,13794,9375,0.83,0.95,11532.2,0.836030158,-60.3015804
5341,-1179,11396,12757,13699,13426,9381,0.83,0.95,11084.8,0.825621928,43.78072397
5342,-1171,11245,13022,13615,13713,9387,0.83,0.95,11435.9,0.833945891,-39.45890761
5343,-1177,11393,12838,13695,13506,9389,0.83,0.95,11189.8,0.828505849,14.94150748
5344,-1167,11278,13058,13641,13746,9389,0.83,0.95,11481.8,0.835282991,-52.82991416
5345,-1189,11269,13119,13683,13808,9393,0.82,0.95,11561.4,0.837297219,-172.97219
5346,-1180,11426,12891,13747,13551,9397,0.83,0.95,11256.3,0.830661944,-6.61943768
5347,-1175,11312,13110,13672,13794,9401,0.83,0.95,11548.2,0.837190083,-71.90082645
5348,-1191,11286,13058,13646,13739,9401,0.83,0.95,11479.7,0.835555717,-55.55717301
5349,-1176,11310,13112,13673,13796,9400,0.83,0.95,11550.8,0.837257176,-72.57175993
5350,-1186,11334,13087,13690,13768,9400,0.83,0.95,11517.4,0.836533992,-65.33991865
5351,-1191,11289,13123,13692,13799,9399,0.82,0.95,11562.7,0.837937532,-179.3753171
5352,-1178,11317,13054,13649,13718,9399,0.83,0.95,11469.4,0.836083977,-60.83977256
5353,-1192,11364,12922,13669,13575,9399,0.83,0.95,11294.5,0.832007366,-20.07366483
5354,-1210,11346,13052,13727,13704,9395,0.83,0.95,11463.2,0.836485698,-64.85697607
5355,-1208,11332,13117,13704,13787,9391,0.83,0.95,11553.1,0.837970552,-79.70551969
5356,-1215,11319,13083,13676,13752,9387,0.83,0.95,11508.6,0.836867365,-68.67364747
5357,-1196,11417,12853,13750,13485,9387,0.83,0.95,11198.5,0.830441231,-4.412309974
5358,-1224,11344,13101,13725,13755,9387,0.83,0.95,11527.5,0.838058888,-80.58887677
5359,-1201,11348,13120,13721,13777,9389,0.83,0.95,11553.1,0.838578791,-85.78790738
5360,-1231,11360,13103,13727,13756,9391,0.83,0.95,11529.8,0.838165164,-81.65164292
5361,-1220,11247,13136,13697,13797,9392,0.82,0.95,11575.1,0.838957744,-189.5774444
5362,-1241,11338,12793,13670,13411,9391,0.83,0.95,11116.3,0.828894191,11.05808665
5363,-1223,11359,13113,13745,13771,9387,0.83,0.95,11544.3,0.838305134,-83.05133977
5364,-1225,11315,13086,13702,13736,9382,0.83,0.95,11506.8,0.837711124,-77.11124054
5365,-1239,11285,13079,13651,13728,9377,0.83,0.95,11497.4,0.837514569,-75.14568765
5366,-1251,11288,13159,13687,13803,9375,0.82,0.95,11599.9,0.84038977,-203.8977034
5367,-1231,11297,13083,13690,13721,9376,0.83,0.95,11499.3,0.838080315,-80.80314846
5368,-1250,11345,13013,13695,13639,9381,0.83,0.95,11404.7,0.836183005,-61.83004619
5369,-1252,11291,13119,13705,13754,9387,0.82,0.95,11545.2,0.839406718,-194.0671805
5370,-1260,11408,13170,13799,13810,9391,0.83,0.95,11613,0.840912382,-109.1238233
5371,-1259,11322,12914,13682,13525,9391,0.83,0.95,11271.5,0.833382625,-33.82624769
5372,-1259,11225,13155,13673,13787,9396,0.82,0.95,11591.1,0.840726772,-207.267716
5373,-1277,11205,12812,13685,13412,9403,0.82,0.96,11135.6,0.830271399,-102.7139875
5374,-1260,11322,13062,13726,13679,9409,0.82,0.95,11465.7,0.838197237,-181.9723664
5375,-1263,11281,13145,13682,13767,9412,0.82,0.95,11575.1,0.840785937,-207.8593739
5376,-1267,11250,13102,13633,13729,9411,0.83,0.95,11520.7,0.839150703,-91.50702892
5377,-1250,11297,13144,13723,13760,9408,0.82,0.96,11572,0.840988372,-209.8837209
5378,-1268,11327,13140,13752,13766,9405,0.82,0.95,11569.8,0.840462008,-204.6200785
5379,-1265,11336,13027,13704,13637,9402,0.83,0.96,11418.1,0.83728826,-72.88259881
5380,-1288,11325,13203,13753,13824,9402,0.82,0.96,11650.2,0.842751736,-227.5173611
5381,-1277,11214,13108,13706,13724,9400,0.82,0.96,11525.2,0.839784319,-197.8431944
5382,-1265,11157,13111,13511,13725,9396,0.83,0.96,11528.5,0.83996357,-99.63570128
5383,-1310,11341,12876,13730,13471,9393,0.83,0.96,11217.3,0.832699874,-26.99873803
5383,-1278,11294,13103,13677,13712,9392,0.83,0.96,11516.6,0.839892065,-98.92065344
5385,-1308,11179,12819,13668,13398,9391,0.82,0.96,11138.4,0.831347962,-113.4796238
5385,-1299,11290,13064,13704,13666,9398,0.82,0.96,11463.8,0.838855554,-188.5555393
5387,-1282,11275,13138,13667,13746,9405,0.82,0.96,11561.8,0.841102866,-211.0286629
5388,-1298,11116,13153,13580,13762,9412,0.82,0.96,11581.6,0.841563726,-215.637262
5389,-1300,11324,13039,13716,13634,9412,0.83,0.96,11429.2,0.838286636,-82.8663635
5390,-1311,11261,13151,13704,13757,9412,0.82,0.96,11578.1,0.841615178,-216.1517773
5391,-1293,11256,13066,13667,13666,9411,0.82,0.96,11465.8,0.839001903,-190.0190253
5392,-1303,11279,13182,13710,13797,9409,0.82,0.96,11621.1,0.842291803,-222.9180257
5393,-1287,11206,13182,13644,13790,9408,0.82,0.96,11619,0.842567078,-225.6707759
5394,-1292,11345,13119,13767,13720,9408,0.82,0.96,11535,0.84074344,-207.4344023
5395,-1322,11323,13127,13771,13724,9407,0.82,0.96,11544.2,0.841168755,-211.6875546
5396,-1310,11287,13114,13740,13712,9405,0.82,0.96,11527.6,0.840694282,-206.9428238
5397,-1303,11316,13013,13718,13596,9402,0.82,0.96,11391.8,0.837878788,-178.7878788
5398,-1329,11208,13177,13687,13776,9402,0.82,0.96,11609.8,0.842755517,-227.5551684
5399,-1301,11213,13203,13675,13808,9401,0.82,0.96,11645.4,0.843380649,-233.806489
5400,-1329,11321,13019,13731,13602,9398,0.82,0.96,11399.6,0.838082635,-180.8263491
5401,-1319,11207,13248,13743,13861,9396,0.82,0.96,11706.3,0.844549455,-245.4945531
5402,-1305,11310,13012,13724,13605,9394,0.82,0.96,11393.5,0.837449467,-174.4946711
5403,-1312,11147,13190,13623,13800,9394,0.82,0.96,11630,0.842753623,-227.5362319
5404,-1332,11314,12809,13746,13377,9395,0.82,0.96,11122.1,0.831434552,-114.3455184
5405,-1329,11252,13157,13729,13761,9395,0.82,0.96,11585.3,0.841893758,-218.9375772
5406,-1315,11240,13187,13737,13795,9396,0.82,0.96,11625.5,0.842732874,-227.3287423
5407,-1306,11332,13014,13761,13601,9397,0.82,0.96,11394.3,0.837754577,-177.5457687
5408,-1321,11227,13179,13674,13776,9398,0.82,0.96,11611.8,0.842900697,-229.0069686
5409,-1329,11298,13122,13749,13708,9403,0.82,0.96,11534.4,0.841435658,-214.3565801
5410,-1325,11309,12942,13742,13518,9407,0.82,0.96,11297.4,0.835730138,-157.3013759
5411,-1330,11031,13325,13560,13936,9411,0.81,0.96,11805.8,0.847144087,-371.4408726
5411,-1316,11260,12906,13688,13485,9411,0.82,0.96,11251.5,0.834371524,-143.7152392
5412,-1313,11282,13022,13716,13610,9412,0.82,0.96,11405,0.837986774,-179.8677443
5413,-1333,11253,13100,13730,13699,9415,0.82,0.96,11509.7,0.840185415,-201.8541499
5415,-1340,11177,13233,13694,13838,9418,0.82,0.96,11684.4,0.844370574,-243.7057378
5416,-1339,11270,13187,13756,13787,9419,0.82,0.96,11623.1,0.843047799,-230.4779865
5417,-1331,11246,13137,13705,13726,9419,0.82,0.96,11554.8,0.841818447,-218.1844674
5418,-1318,11323,13104,13766,13702,9420,0.82,0.96,11514.6,0.840359072,-203.5907167
5419,-1333,11239,13163,13732,13761,9421,0.82,0.96,11591.3,0.842329773,-223.2977255
5420,-1351,11343,13131,13815,13721,9422,0.82,0.96,11547.3,0.841578602,-215.7860214
5421,-1339,11188,13094,13690,13697,9422,0.82,0.96,11503.1,0.839826239,-198.2623932
5422,-1349,10927,13128,13453,13724,9420,0.81,0.96,11545.2,0.841241621,-312.4162052
5423,-1325,11215,13160,13701,13766,9418,0.82,0.96,11589.8,0.841914863,-219.1486271
5424,-1369,11142,12889,13711,13468,9416,0.81,0.96,11229.4,0.833783784,-237.8378378
5425,-1359,11191,13189,13711,13804,9415,0.82,0.96,11630.2,0.842523906,-225.2390611
5426,-1357,11186,13215,13722,13831,9416,0.82,0.96,11664.3,0.843344661,-233.4466055
5427,-1337,11189,13153,13697,13752,9419,0.82,0.96,11578.6,0.841957533,-219.5753345
5428,-1336,11218,13072,13694,13666,9423,0.82,0.96,11471.8,0.839440948,-194.4094834
5429,-1338,11242,13114,13714,13720,9426,0.82,0.96,11530,0.840379009,-203.7900875
5430,-1347,11296,13055,13766,13654,9426,0.82,0.96,11451.2,0.838669987,-186.6998682
5431,-1366,11067,13075,13637,13676,9425,0.81,0.96,11477.8,0.839265867,-292.6586721
5432,-1359,11108,12746,13681,13324,9424,0.81,0.96,11043.2,0.828820174,-188.2017412
5433,-1336,11140,13111,13631,13722,9422,0.82,0.96,11527.6,0.840081621,-200.8162075
5434,-1331,11243,13156,13731,13775,9421,0.82,0.96,11588.5,0.841270417,-212.7041742
5435,-1342,11171,13177,13677,13796,9421,0.82,0.96,11615.8,0.841968687,-219.6868658
5436,-1323,11261,13131,13757,13753,9424,0.82,0.95,11556.9,0.840318476,-203.1847597
5437,-1327,11205,13133,13725,13753,9428,0.82,0.95,11558.9,0.840463899,-204.6389879
5438,-1332,11135,13202,13678,13835,9432,0.81,0.95,11652.5,0.842247922,-322.4792194
5439,-1315,11301,12929,13771,13527,9433,0.82,0.96,11287.1,0.834412656,-144.1265617
5440,-1349,11279,13202,13845,13829,9433,0.81,0.95,11650.7,0.842483188,-324.831875
5441,-1369,11057,13137,13644,13749,9433,0.81,0.96,11561.7,0.840912066,-309.1206633
5442,-1321,11064,13150,13526,13780,9433,0.82,0.95,11584,0.840638607,-206.3860668
5443,-1327,11269,13028,13730,13649,9433,0.82,0.95,11422.7,0.836889149,-168.8914939
5444,-1324,11202,13142,13702,13775,9434,0.82,0.95,11574.5,0.840254083,-202.5408348
5445,-1331,11207,13133,13707,13761,9432,0.82,0.95,11561.3,0.840149698,-201.4969842
5446,-1322,11199,13151,13739,13793,9429,0.82,0.95,11588.9,0.840201552,-202.0155151
5447,-1324,11244,13037,13732,13664,9425,0.82,0.95,11436.2,0.836958431,-169.5843091
5448,-1343,11175,13123,13706,13765,9424,0.82,0.95,11552.5,0.839266255,-192.6625499
5449,-1322,11313,12994,13782,13621,9425,0.82,0.95,11380.3,0.83549666,-154.9665957
5450,-1329,11285,13028,13747,13655,9429,0.82,0.95,11424.5,0.836653241,-166.5324057
5451,-1301,11116,13138,13619,13792,9433,0.82,0.95,11575.6,0.839298144,-192.9814385
5452,-1300,11175,13161,13650,13813,9436,0.82,0.95,11604.9,0.840143343,-201.4334323
5453,-1329,11278,13071,13767,13710,9436,0.82,0.95,11484,0.837636761,-176.3676149
5454,-1313,11234,13085,13741,13728,9436,0.82,0.95,11503.4,0.837951632,-179.516317
5455,-1312,11229,13046,13708,13694,9436,0.82,0.95,11454.2,0.836439316,-164.3931649
5456,-1299,11302,13060,13764,13720,9436,0.82,0.95,11476,0.836443149,-164.4314869
5457,-1289,11297,13018,13761,13660,9436,0.82,0.95,11416,0.835724744,-157.2474378
5458,-1316,11291,12928,13754,13564,9435,0.82,0.95,11297.2,0.832881156,-128.81156
5459,-1302,11309,12888,13775,13521,9434,0.82,0.95,11244.3,0.831617484,-116.1748391
5460,-1314,11278,13119,13782,13781,9432,0.82,0.95,11553.3,0.838349902,-183.4990204
5461,-1304,11194,12920,13687,13571,9431,0.82,0.95,11291.3,0.832016801,-120.1680053
5462,-1294,11224,13075,13689,13740,9431,0.82,0.95,11497,0.836754003,-167.5400291
5463,-1306,11202,13136,13714,13814,9435,0.82,0.95,11580.2,0.838294484,-182.9448386
5464,-1296,11269,12887,13722,13532,9440,0.82,0.95,11246.6,0.83111144,-111.1143955
5465,-1298,11216,13145,13733,13838,9446,0.82,0.95,11596.4,0.838011273,-180.1127331
5466,-1273,11260,12914,13711,13572,9448,0.82,0.95,11285.6,0.831535514,-115.3551429
5467,-1278,11230,13159,13738,13842,9448,0.82,0.95,11611.6,0.838867216,-188.6721572
5467,-1288,11289,13001,13735,13667,9443,0.82,0.95,11401.1,0.834206483,-142.0648277
5469,-1268,11177,13148,13723,13839,9439,0.81,0.95,11599.7,0.838189176,-281.8917552
5470,-1292,11277,12976,13730,13650,9435,0.82,0.95,11371,0.833040293,-130.4029304
5471,-1287,11150,13118,13722,13805,9435,0.81,0.95,11559.5,0.837341543,-273.4154292
5472,-1263,11295,13025,13738,13706,9432,0.82,0.95,11436.8,0.834437473,-144.3747264
5473,-1272,11282,12896,13719,13568,9424,0.82,0.95,11266.4,0.830365566,-103.6556604
5474,-1277,11283,12974,13748,13656,9417,0.82,0.95,11370.8,0.832659637,-126.5963679
5475,-1288,11288,12817,13729,13495,9413,0.82,0.95,11165.5,0.827380511,-73.805113
5476,-1260,11314,12868,13760,13542,9413,0.82,0.95,11230.6,0.829316201,-93.16201447
5477,-1273,11228,13096,13728,13794,9417,0.82,0.95,11534.2,0.836175149,-161.7514862
5478,-1258,11293,13017,13740,13716,9423,0.82,0.95,11431.8,0.833464567,-134.6456693
5479,-1256,11292,12943,13724,13621,9430,0.82,0.95,11329.3,0.831752441,-117.5244108
5480,-1258,11269,13055,13746,13766,9431,0.82,0.95,11484.8,0.834287375,-142.8737469
5481,-1256,11180,13135,13680,13848,9433,0.82,0.95,11589.4,0.836900635,-169.0063547
5482,-1234,11180,13049,13623,13756,9437,0.82,0.95,11475.8,0.834239605,-142.3960454
5483,-1254,11139,13078,13672,13799,9440,0.81,0.95,11517.7,0.834676426,-246.7642583
5484,-1253,11247,13073,13714,13785,9443,0.82,0.95,11508.5,0.834856728,-148.5672833
5485,-1228,11315,12853,13738,13551,9443,0.82,0.95,11218.3,0.827857723,-78.57722677
5486,-1244,11254,13115,13730,13834,9445,0.82,0.95,11565.2,0.835998265,-159.9826514
5487,-1227,11188,13080,13699,13812,9447,0.82,0.95,11523.6,0.834317984,-143.1798436
5488,-1239,11259,13034,13722,13759,9449,0.82,0.95,11461.7,0.833032924,-130.329239
5489,-1226,11195,13111,13674,13839,9450,0.82,0.95,11562.7,0.835515572,-155.1557193
5490,-1218,11327,13070,13789,13805,9449,0.82,0.95,11511.5,0.833864542,-138.6454183
5491,-1216,11285,12969,13761,13695,9447,0.82,0.95,11377.5,0.830777656,-107.7765608
5492,-1216,11281,13049,13723,13786,9446,0.82,0.95,11484.8,0.833077035,-130.7703467
5492,-1223,11386,12901,13805,13625,9444,0.82,0.95,11288.5,0.828513761,-85.13761468
5494,-1198,11369,13050,13797,13789,9444,0.82,0.95,11486.7,0.833033577,-130.3357749
5495,-1224,11355,12964,13773,13696,9443,0.82,0.95,11372.8,0.830373832,-103.7383178
5496,-1235,11188,13027,13692,13772,9442,0.82,0.95,11458.6,0.832021493,-120.2149288
5497,-1198,11252,12945,13701,13672,9441,0.82,0.95,11346.6,0.829915155,-99.15155061
5498,-1190,11382,12825,13796,13550,9441,0.83,0.95,11190,0.825830258,41.69741697
5499,-1196,11329,12911,13747,13650,9442,0.82,0.95,11306,0.828278388,-82.78388278
5500,-1184,11284,12980,13695,13731,9444,0.82,0.95,11399.3,0.830187168,-101.8716772
5501,-1195,11186,13079,13687,13846,9446,0.82,0.94,11532.8,0.832933699,-129.3369926
5501,-1201,11315,12741,13703,13476,9448,0.83,0.95,11083.8,0.822484417,75.15583259
5503,-1187,11324,12906,13732,13659,9448,0.82,0.94,11303.7,0.827564243,-75.64243356
5504,-1197,11255,12963,13678,13734,9449,0.82,0.94,11383.2,0.828833552,-88.33551769
5505,-1165,11286,12955,13708,13722,9450,0.82,0.94,11371.6,0.828713016,-87.13015595
5506,-1166,11337,12998,13750,13780,9450,0.82,0.94,11432,0.829608128,-96.08127721
5507,-1161,11381,12896,13764,13661,9450,0.83,0.94,11294.3,0.826754996,32.45004026
5508,-1161,11268,13054,13743,13835,9450,0.82,0.94,11504.5,0.831550416,-115.5041561
5509,-1168,11362,12991,13743,13771,9453,0.83,0.94,11422.3,0.829445937,5.540628858
5510,-1159,11317,12978,13720,13756,9455,0.82,0.94,11404.8,0.82907822,-90.78220413
5511,-1174,11181,12954,13682,13731,9457,0.82,0.94,11373.3,0.828293642,-82.93642124
5512,-1154,11308,13043,13732,13833,9457,0.82,0.94,11492.9,0.830832068,-108.3206824
5513,-1158,11371,12913,13742,13703,9458,0.83,0.94,11323.9,0.826381084,36.18915566
5514,-1164,11337,12945,13734,13737,9459,0.83,0.94,11366.1,0.827407731,25.92269054
5515,-1158,11367,12761,13734,13522,9461,0.83,0.94,11117.6,0.822186067,78.1393285
5516,-1141,11364,12792,13726,13559,9463,0.83,0.94,11159.7,0.823047422,69.52577624
5517,-1153,11301,13031,13744,13825,9463,0.82,0.94,11478.5,0.830271248,-102.7124774
5518,-1156,11249,13008,13679,13806,9464,0.82,0.94,11449.8,0.829335072,-93.35071708
5519,-1123,11406,12821,13774,13596,9464,0.83,0.94,11199.8,0.823756987,62.43012651
5520,-1124,11493,12808,13875,13583,9464,0.83,0.94,11182.9,0.823301185,66.98814695
5521,-1135,11316,12975,13733,13771,9464,0.82,0.94,11406.3,0.828284075,-82.84075231
5522,-1116,11231,12775,13546,13551,9463,0.83,0.94,11140.3,0.82210169,78.98310088
5523,-1129,11302,12993,13709,13791,9463,0.82,0.94,11430.3,0.828823146,-88.2314553
5524,-1124,11337,13012,13746,13816,9462,0.82,0.94,11456.8,0.829241459,-92.41459178
5525,-1147,11326,12978,13715,13783,9461,0.83,0.94,11412.9,0.828041791,19.58209388
5526,-1097,11417,12957,13774,13768,9461,0.83,0.94,11387.4,0.827091807,29.08192911
5527,-1108,11303,13053,13715,13873,9457,0.82,0.94,11514.9,0.830022346,-100.2234556
5528,-1123,11345,12905,13717,13700,9453,0.83,0.94,11315,0.825912409,40.87591241
5529,-1100,11315,13021,13745,13846,9448,0.82,0.94,11474.8,0.828744764,-87.44763831
5530,-1141,11341,13032,13724,13857,9447,0.83,0.94,11489.1,0.829118857,8.811431046
5531,-1132,11152,12994,13595,13805,9449,0.82,0.94,11435.5,0.82835929,-83.59290112
5532,-1092,11356,12770,13682,13561,9458,0.83,0.94,11138.3,0.821347983,86.52016813
5533,-1110,11302,12976,13728,13786,9468,0.82,0.94,11411.8,0.827781808,-77.81807631
5534,-1115,11385,12952,13747,13764,9476,0.83,0.94,11381.2,0.82688172,31.1827957
5535,-1106,11357,12944,13694,13759,9477,0.83,0.94,11371.7,0.826491751,35.08249146
5536,-1116,11304,13059,13708,13894,9472,0.82,0.94,11527.2,0.829653088,-96.53087664
5537,-1096,11448,12945,13785,13765,9464,0.83,0.94,11374.5,0.826334907,36.65092626
5538,-1086,11360,12818,13685,13626,9455,0.83,0.94,11205.8,0.822383678,76.16321738
5539,-1078,11412,12716,13732,13516,9452,0.83,0.94,11070.8,0.819088488,109.1151228
5540,-1088,11487,12957,13872,13788,9452,0.83,0.94,11393.4,0.826327241,36.72758921
5541,-1095,11291,12869,13692,13679,9458,0.82,0.94,11272.7,0.824088018,-40.8801813
5542,-1102,11273,12995,13610,13819,9465,0.83,0.94,11440.7,0.827896375,21.03625443
5543,-1080,11405,12882,13726,13701,9471,0.83,0.94,11292.3,0.824195314,58.04685789
5544,-1079,11347,12976,13716,13815,9471,0.83,0.94,11420.5,0.826673905,33.26094824
5545,-1089,11362,13017,13759,13853,9469,0.83,0.94,11472.9,0.82818884,18.11160038
5546,-1090,11459,12916,13797,13741,9465,0.83,0.94,11338.3,0.82514373,48.56269558
5547,-1064,11432,12863,13736,13683,9462,0.83,0.94,11267.9,0.823496309,65.03690711
5548,-1087,11359,12952,13708,13783,9460,0.83,0.94,11386.9,0.826155409,38.44591163
5549,-1088,11291,12661,13702,13460,9460,0.82,0.94,10999,0.817161961,28.38038633
5550,-1079,11456,12971,13817,13810,9467,0.83,0.94,11414,0.826502534,34.97465605
5551,-1086,11290,13005,13702,13843,9474,0.82,0.94,11457.9,0.827703532,-77.03532471
5552,-1060,11275,13023,13660,13862,9481,0.83,0.94,11481.6,0.828278748,17.21252345
5553,-1068,11476,12756,13784,13563,9481,0.83,0.94,11124.9,0.820238885,97.61114798
5554,-1071,11437,13011,13787,13854,9482,0.83,0.94,11467.2,0.827717627,22.82373322
5555,-1050,11364,12938,13697,13778,9482,0.83,0.94,11371.4,0.825330237,46.69763391
5556,-1059,11424,12999,13764,13842,9482,0.83,0.94,11451.6,0.827308192,26.91807542
5557,-1052,11386,12720,13673,13527,9482,0.83,0.94,11078.1,0.818962076,110.3792415
5558,-1049,11369,12842,13697,13667,9482,0.83,0.94,11242.1,0.82257262,74.2737982
5559,-1037,11394,12997,13729,13845,9484,0.83,0.94,11450.5,0.827049476,29.50523655
5560,-1071,11378,12954,13710,13790,9485,0.83,0.94,11391,0.826033358,39.66642495
5561,-1050,11391,12787,13691,13600,9487,0.83,0.94,11167,0.821102941,88.97058824
5562,-1055,11435,12716,13717,13526,9487,0.83,0.94,11073.8,0.818704717,112.9528316
5563,-1047,11489,12870,13798,13696,9486,0.83,0.94,11278.8,0.823510514,64.89485981
5564,-1049,11473,12955,13786,13791,9481,0.83,0.94,11392.3,0.826067725,39.32274672
5565,-1043,11482,12930,13761,13763,9477,0.83,0.94,11358.9,0.825321514,46.78485795
5566,-1046,11488,12856,13769,13684,9473,0.83,0.94,11261.2,0.822946507,70.53493131
5567,-1037,11511,12714,13798,13521,9473,0.83,0.94,11070.3,0.818748613,112.5138673
5568,-1052,11428,12844,13708,13663,9476,0.83,0.94,11242.9,0.82287199,71.28009954
5570,-1036,11374,12984,13719,13826,9480,0.83,0.94,11431.8,0.826833502,31.66497903
5570,-1061,11483,12985,13806,13829,9485,0.83,0.94,11433.7,0.826791525,32.08474944
5571,-1042,11481,12681,13765,13483,9486,0.83,0.94,11025.9,0.817763109,122.368909
5572,-1037,11363,12923,13636,13748,9486,0.83,0.94,11347.4,0.825385511,46.1448938
5573,-1054,11334,12653,13717,13457,9480,0.83,0.94,10990.1,0.816682767,133.1723267
5574,-1036,11495,12863,13773,13686,9474,0.83,0.94,11268.8,0.823381558,66.18442204
5575,-1045,11441,12967,13727,13808,9470,0.83,0.94,11409.4,0.826289108,37.10892236
5576,-1030,11471,12975,13748,13812,9469,0.83,0.94,11418.6,0.826715899,32.84100782
5577,-1027,11535,12810,13812,13624,9472,0.84,0.94,11197.2,0.821873165,181.26835
5578,-1045,11455,12969,13738,13808,9476,0.83,0.94,11411.4,0.826433951,35.66048667
5580,-1028,11516,12793,13780,13600,9481,0.84,0.94,11173,0.821544118,184.5588235
5580,-1035,11539,12873,13822,13696,9482,0.83,0.94,11281.8,0.823729556,62.70443925
5581,-1031,11414,12969,13732,13808,9482,0.83,0.94,11411.4,0.826433951,35.66048667
5582,-1030,11424,12874,13659,13691,9482,0.84,0.94,11281.3,0.823993865,160.0613542
5583,-1040,11451,12995,13740,13828,9483,0.83,0.94,11443.4,0.827552791,24.47208562
5584,-1039,11493,12864,13751,13677,9484,0.84,0.94,11267.1,0.823799079,162.0092125
5585,-1039,11480,13003,13755,13835,9484,0.83,0.94,11453.5,0.827864113,21.35887243
5586,-1042,11465,13044,13765,13876,9484,0.83,0.94,11506.8,0.829259152,7.408475065
5587,-1033,11454,12996,13775,13824,9486,0.83,0.94,11443.2,0.827777778,22.22222222
5589,-1023,11459,12964,13733,13785,9488,0.83,0.94,11399.5,0.826949583,30.5041712
5590,-1036,11500,12903,13753,13718,9489,0.84,0.94,11318.4,0.825076542,149.2345823
5590,-1025,11402,13043,13733,13877,9490,0.83,0.94,11506.1,0.829148952,8.510484975
5591,-1043,11458,12858,13734,13659,9491,0.83,0.94,11255.7,0.824050077,59.49923128
5592,-1031,11504,12860,13756,13660,9492,0.84,0.94,11258,0.824158126,158.4187408
5593,-1065,11417,12961,13734,13786,9493,0.83,0.94,11396.8,0.826693747,33.0625272
5594,-1033,11495,12953,13765,13762,9493,0.84,0.94,11381.6,0.827030955,129.690452
5596,-1030,11410,13022,13734,13832,9490,0.83,0.94,11471.6,0.829352227,6.477732794
5596,-1059,11542,12761,13789,13554,9483,0.84,0.94,11127.2,0.820953224,190.4677586
5598,-1033,11385,13002,13702,13818,9476,0.83,0.94,11447.4,0.828441164,15.588363
5598,-1037,11543,12761,13799,13553,9472,0.84,0.94,11126.9,0.820991662,190.0833764
5599,-1038,11111,12910,13455,13714,9472,0.83,0.94,11324.2,0.82574012,42.59880414
5600,-1031,11572,13007,13830,13823,9469,0.84,0.94,11453.9,0.828611734,113.8826593
5601,-1024,11414,12988,13710,13797,9467,0.83,0.94,11427.1,0.828230775,17.69225194
5602,-1018,11500,12914,13744,13722,9464,0.84,0.94,11330.6,0.825725113,142.7488704
5603,-1044,11493,12979,13785,13779,9463,0.83,0.94,11412.7,0.828267654,17.32346324
5604,-1036,11474,13046,13763,13860,9465,0.83,0.94,11504,0.83001443,-0.144300144
5605,-1019,11469,12978,13727,13785,9473,0.84,0.94,11413.5,0.82796518,120.3482046
5606,-1058,11324,13038,13608,13851,9481,0.83,0.94,11493.3,0.829781243,2.187567685
5607,-1048,11491,13049,13786,13852,9487,0.83,0.94,11504.6,0.830537107,-5.37106555
5608,-1023,11437,13030,13730,13838,9488,0.83,0.94,11481.4,0.829700824,2.991761815
5609,-1058,11457,12920,13744,13702,9493,0.83,0.94,11330.6,0.826930375,30.69624872
5611,-1057,11530,12879,13755,13657,9501,0.84,0.94,11276.1,0.825664494,143.355056
5612,-1048,11283,13062,13640,13866,9508,0.83,0.94,11521.8,0.830938987,-9.389874513
5613,-1039,11418,13062,13729,13861,9511,0.83,0.94,11520.3,0.83113051,-11.30510064
5614,-1048,11511,13000,13760,13785,9511,0.84,0.94,11435.5,0.829561117,104.3888284
5614,-1053,11501,12981,13765,13775,9509,0.84,0.94,11413.5,0.828566243,114.3375681
5616,-1062,11445,13017,13713,13813,9507,0.83,0.94,11460.9,0.829718381,2.816187649
5616,-1041,11388,13056,13712,13845,9506,0.83,0.94,11509.5,0.831310943,-13.10942579
5618,-1050,11456,13016,13728,13809,9506,0.83,0.94,11458.7,0.829799406,2.005938156
5618,-1040,11544,12934,13777,13713,9502,0.84,0.94,11347.9,0.827528622,124.7137752
5620,-1038,11559,12900,13790,13667,9497,0.84,0.94,11300.1,0.826816419,131.8358089
5621,-1042,11566,12994,13802,13770,9492,0.84,0.94,11425,0.829702251,102.9774873
5622,-1057,11326,13069,13648,13854,9489,0.83,0.94,11525.2,0.831904143,-19.04143208
5623,-1063,11339,12824,13521,13577,9489,0.84,0.94,11197.1,0.824710908,152.8909185
5623,-1048,11444,13074,13724,13850,9493,0.83,0.94,11529,0.832418773,-24.18772563
5625,-1045,11413,13025,13693,13802,9496,0.83,0.94,11465.6,0.830720185,-7.201854804
5626,-1040,11463,13071,13723,13849,9500,0.84,0.94,11525.7,0.832240595,77.59405011
5626,-1049,11545,12815,13781,13566,9500,0.84,0.94,11184.8,0.824472947,155.2705293
5628,-1048,11413,13093,13712,13871,9501,0.83,0.94,11554.3,0.832982481,-29.82481436
5628,-1052,11444,13069,13737,13841,9501,0.83,0.94,11521.3,0.832403728,-24.03728054
5629,-1057,11525,12851,13756,13588,9502,0.84,0.95,11227.4,0.826273182,137.2681778
5631,-1047,11556,12958,13783,13707,9502,0.84,0.95,11370.1,0.829510469,104.895309
5632,-1062,11465,13075,13789,13850,9502,0.83,0.94,11530,0.832490975,-24.90974729
5633,-1077,11210,12805,13506,13549,9502,0.83,0.95,11169.7,0.824392944,56.07055871
5634,-1067,11542,12994,13782,13749,9501,0.84,0.95,11418.7,0.83051131,94.88690087
5635,-1068,11376,13072,13693,13835,9501,0.83,0.94,11522.5,0.832851464,-28.51463679
5635,-1097,11416,13061,13727,13825,9501,0.83,0.94,11508.5,0.83244123,-24.41229656
5636,-1083,11418,13104,13708,13872,9501,0.83,0.94,11565.6,0.833737024,-37.37024221
5638,-1059,11498,13060,13761,13815,9500,0.84,0.95,11504.5,0.832754253,72.45747376
5639,-1071,11421,13049,13738,13813,9500,0.83,0.94,11492.9,0.832035039,-20.35039456
5640,-1067,11508,13035,13755,13786,9500,0.84,0.95,11470.8,0.832061512,79.38488321
5641,-1050,11539,13065,13785,13827,9500,0.84,0.94,11513.1,0.832653504,73.46495986
5642,-1058,11512,13193,13739,13960,9498,0.84,0.95,11681,0.836747851,32.52148997
5643,-1053,11506,13017,13734,13765,9495,0.84,0.95,11446.5,0.831565565,84.34435162
5644,-1091,11451,12769,13792,13482,9493,0.83,0.95,11113.6,0.824328735,56.71265391
5645,-1070,11548,13088,13765,13830,9493,0.84,0.95,11537,0.834201012,57.98987708
5645,-1055,11569,12837,13787,13557,9495,0.84,0.95,11204.1,0.826443904,135.5609648
5646,-1069,11492,13100,13780,13847,9501,0.83,0.95,11554.1,0.834411786,-44.11785946
5648,-1063,11481,13097,13739,13837,9507,0.84,0.95,11548.1,0.834581195,54.18804654
5649,-1074,11491,13071,13743,13819,9512,0.84,0.95,11516.7,0.833396049,66.03951082
5650,-1067,11519,13120,13789,13859,9512,0.84,0.95,11577.7,0.835392164,46.07836063
5651,-1069,11532,13119,13816,13853,9513,0.83,0.95,11574.9,0.835551866,-55.51866022
5652,-1061,11537,13222,13759,13975,9514,0.84,0.95,11714.5,0.838246869,17.5313059
5653,-1059,11492,13065,13775,13800,9516,0.83,0.95,11505,0.833695652,-36.95652174
5654,-1064,11566,12860,13776,13576,9516,0.84,0.95,11232.8,0.827401296,125.9870359
5655,-1072,11556,12932,13767,13641,9514,0.84,0.95,11324.3,0.83016641,98.33589913
5656,-1081,11522,13016,13743,13739,9506,0.84,0.95,11437.7,0.832498726,75.01273746
5657,-1082,11519,13111,13769,13852,9499,0.84,0.95,11566.6,0.835012995,49.87005487
5658,-1057,11553,12997,13754,13704,9492,0.84,0.95,11408.2,0.832472271,75.2772913
5659,-1100,11424,13135,13724,13866,9492,0.83,0.95,11594.8,0.836203664,-62.03663638
5660,-1083,11536,13132,13808,13864,9493,0.84,0.95,11591.2,0.836064628,39.35372187
5661,-1078,11441,13144,13727,13869,9495,0.83,0.95,11604.7,0.836736607,-67.36606821
5662,-1074,11514,12852,13713,13551,9497,0.84,0.95,11217.3,0.827783927,122.1607261
5663,-1064,11578,13021,13787,13739,9499,0.84,0.95,11442.7,0.832862654,71.37346241
5664,-1089,11445,13089,13712,13809,9499,0.83,0.95,11531.7,0.835085814,-50.858136
5665,-1072,11535,13117,13797,13833,9510,0.84,0.95,11566.9,0.836181595,38.18405263
5666,-1078,11544,12970,13755,13675,9520,0.84,0.95,11372.5,0.831627057,83.72943327
5667,-1082,11564,13096,13787,13818,9530,0.84,0.95,11541.4,0.835243885,47.56115212
5668,-1061,11609,13034,13823,13742,9530,0.84,0.95,11456.6,0.83369233,63.07669917
5669,-1070,11503,13124,13753,13848,9528,0.84,0.95,11578.4,0.836106297,38.93703062
5670,-1049,11591,13035,13806,13749,9522,0.84,0.95,11459.7,0.833493345,65.06655029
5671,-1072,11634,12897,13837,13587,9515,0.84,0.95,11273.1,0.829697505,103.0249503
5672,-1070,11465,13088,13775,13798,9512,0.83,0.95,11527.4,0.835439919,-54.39918829
5673,-1058,11523,12949,13703,13648,9511,0.84,0.95,11343.4,0.831140094,88.59906213
5674,-1088,11395,12770,13694,13441,9517,0.83,0.95,11102.3,0.82600253,39.97470426
5675,-1081,11584,12899,13789,13585,9523,0.84,0.95,11274.5,0.829922709,100.7729113
5676,-1063,11510,13031,13719,13727,9530,0.84,0.95,11449.1,0.834056968,59.43031981
5677,-1083,11599,12907,13789,13592,9531,0.84,0.95,11284.6,0.830238376,97.61624485
5678,-1059,11569,12918,13754,13604,9529,0.84,0.95,11299.2,0.830579241,94.207586
5679,-1065,11646,13124,13845,13832,9525,0.84,0.95,11573.6,0.836726431,32.73568537
5680,-1066,11504,13164,13724,13875,9521,0.84,0.95,11626.5,0.837945946,20.54054054
5681,-1082,11571,13146,13799,13859,9519,0.84,0.95,11603.7,0.837268201,27.31798831
5682,-1085,11381,13245,13681,13951,9520,0.83,0.95,11730.3,0.840821446,-108.2144649
5683,-1059,11393,13151,13564,13850,9521,0.84,0.95,11606,0.837978339,20.2166065
5684,-1076,11563,12899,13738,13576,9522,0.84,0.95,11271.8,0.830274013,97.25987036
5685,-1058,11532,13120,13755,13820,9523,0.84,0.95,11566,0.836903039,30.96960926
5686,-1072,11600,13123,13793,13824,9523,0.84,0.95,11570.2,0.836964699,30.35300926
5687,-1063,11604,12927,13782,13613,9521,0.84,0.95,11310.9,0.830889591,91.10409168
5688,-1077,11518,13127,13744,13821,9514,0.84,0.95,11573.3,0.837370668,26.29332176
5689,-1056,11571,13126,13773,13827,9507,0.84,0.95,11574.1,0.837065162,29.34837637
5690,-1090,11624,13158,13858,13858,9502,0.84,0.95,11615.4,0.838172897,18.27103478
5691,-1080,11562,13175,13783,13873,9501,0.84,0.95,11636.9,0.838816406,11.83594032
5692,-1068,11438,13170,13716,13865,9504,0.83,0.95,11629.5,0.838766679,-87.66678687
5693,-1085,11501,13157,13721,13850,9509,0.84,0.95,11612,0.838411552,15.88447653
5694,-1047,11544,13117,13745,13810,9514,0.84,0.95,11560,0.837074584,29.25416365
5695,-1072,11613,12897,13792,13564,9516,0.84,0.95,11266.2,0.830595694,94.04305515
5696,-1057,11602,13117,13776,13803,9516,0.84,0.95,11557.9,0.837346954,26.53046439
5697,-1063,11583,13170,13771,13857,9515,0.84,0.95,11627.1,0.839077722,9.222775493
5698,-1069,11338,13180,13459,13874,9515,0.84,0.95,11642.2,0.839137956,8.620441113
5699,-1083,11637,12925,13802,13592,9514,0.84,0.95,11302.6,0.831562684,84.37316068
5700,-1055,11551,13045,13693,13709,9515,0.84,0.95,11457.7,0.835779415,42.20585017
5701,-1074,11595,13150,13806,13841,9515,0.84,0.95,11602.3,0.838255906,17.44093635
5702,-1067,11511,13107,13725,13789,9514,0.84,0.95,11543.7,0.837167307,28.32692726
5703,-1057,11598,13017,13749,13683,9513,0.84,0.95,11421.9,0.834751151,52.48848937
5705,-1072,11609,12932,13758,13593,9513,0.84,0.95,11309.9,0.832038549,79.61450747
5706,-1055,11611,13104,13769,13787,9513,0.84,0.95,11540.1,0.837027635,29.72365272
5707,-1051,11631,13068,13777,13744,9517,0.84,0.95,11491.2,0.836088475,39.11525029
5707,-1054,11574,13220,13781,13908,9521,0.84,0.95,11692.4,0.840696002,-6.960023008
5708,-1040,11590,13063,13745,13735,9525,0.84,0.95,11483.5,0.836075719,39.24281034
5709,-1059,11635,13167,13850,13857,9525,0.84,0.95,11624.1,0.838861225,11.38774627
5710,-1033,11567,13210,13729,13894,9524,0.84,0.95,11678.2,0.840521088,-5.210882395
5711,-1054,11650,13201,13828,13892,9522,0.84,0.95,11668.6,0.839951051,0.489490354
5712,-1060,11599,12898,13740,13551,9520,0.84,0.95,11263.3,0.831178511,88.21489189
5714,-1044,11472,12921,13580,13576,9519,0.84,0.95,11293.8,0.83189452,81.05480259
5715,-1063,11628,12884,13769,13536,9519,0.84,0.95,11244.8,0.830732861,92.6713948
5715,-1066,11618,13076,13790,13742,9526,0.84,0.95,11498.6,0.836748654,32.51346238
5716,-1074,11614,13166,13801,13841,9535,0.84,0.95,11618.3,0.839411892,5.881077957
5717,-1068,11645,13147,13796,13823,9544,0.84,0.95,11593.9,0.838739782,12.60218476
5718,-1048,11538,13203,13725,13876,9546,0.84,0.95,11665.8,0.840717786,-7.177861055
5719,-1049,11632,13197,13789,13877,9543,0.84,0.95,11660.1,0.840246451,-2.46450962
5720,-1050,11628,13086,13770,13754,9534,0.84,0.95,11512.2,0.837007416,29.92583976
5722,-1064,11668,12938,13809,13587,9526,0.84,0.95,11314.1,0.832715095,72.84904688
5723,-1055,11530,13175,13749,13849,9520,0.84,0.95,11629.7,0.839750162,2.498375334
5723,-1081,11624,13075,13791,13736,9520,0.84,0.95,11495.8,0.836910309,30.89691322
5724,-1059,11590,13177,13774,13841,9517,0.84,0.95,11629.3,0.840206632,-2.066324688
5725,-1048,11593,13149,13749,13822,9512,0.84,0.95,11595.6,0.838923455,10.76544639
5726,-1050,11648,12968,13783,13621,9508,0.85,0.95,11354.3,0.833587842,164.121577
5727,-1070,11460,12962,13688,13607,9507,0.84,0.95,11344.1,0.833695892,63.0410818
5728,-1050,11471,13261,13701,13940,9508,0.84,0.95,11743,0.842395983,-23.95982783
5729,-1060,11689,13069,13828,13719,9516,0.85,0.95,11484.7,0.837138275,128.6172462
5731,-1065,11674,13009,13815,13652,9523,0.85,0.95,11404.6,0.835379432,146.2056841
5731,-1049,11691,13198,13846,13867,9529,0.84,0.95,11658.1,0.840708156,-7.081560539
5733,-1052,11610,12935,13736,13578,9529,0.85,0.95,11308.4,0.832847253,171.5274709
5734,-1045,11602,12970,13728,13611,9530,0.85,0.95,11353.3,0.834126809,158.731908
5734,-1065,11599,13162,13777,13828,9532,0.84,0.95,11610.4,0.839629737,3.70263234
5735,-1076,11572,13058,13712,13701,9534,0.84,0.95,11468.3,0.837041092,29.58908109
5736,-1077,11561,13261,13791,13928,9535,0.84,0.95,11739.4,0.842863297,-28.63296956
5738,-1069,11623,13177,13787,13839,9536,0.84,0.95,11628.7,0.840284703,-2.847026519
5739,-1068,11560,12970,13800,13600,9535,0.84,0.95,11350,0.834558824,54.41176471
5740,-1058,11604,13113,13756,13760,9534,0.84,0.95,11541,0.838735465,12.64534884
5741,-1066,11562,13158,13738,13811,9533,0.84,0.95,11601.3,0.840004344,-0.043443632
5742,-1065,11640,13232,13834,13893,9533,0.84,0.95,11699.9,0.842143526,-21.43525516
5742,-1071,11419,13304,13669,13962,9532,0.84,0.95,11792.6,0.844621114,-46.21114454
5744,-1056,11552,13021,13655,13650,9529,0.85,0.95,11416,0.836336996,136.6300366
5745,-1062,11672,13100,13798,13743,9527,0.85,0.95,11522.9,0.838455941,115.4405879
5746,-1070,11622,13180,13791,13834,9525,0.84,0.95,11630.2,0.840696834,-6.968338875
5747,-1089,11616,13139,13788,13778,9525,0.84,0.95,11572.4,0.839918711,0.812890115
5748,-1084,11579,13255,13767,13913,9528,0.84,0.95,11728.9,0.843017322,-30.17321929
5749,-1057,11542,13266,13713,13919,9530,0.84,0.95,11741.7,0.843573533,-35.73532581
5750,-1069,11596,13240,13775,13884,9532,0.84,0.95,11705.2,0.843071161,-30.71161049
5751,-1059,11642,13127,13767,13767,9532,0.85,0.95,11557.1,0.839478463,105.2153701
5752,-1068,11723,13164,13860,13794,9531,0.85,0.95,11602.2,0.841104828,88.95171814
5753,-1061,11539,13270,13745,13916,9530,0.84,0.95,11744.8,0.843978155,-39.78154642
5754,-1070,11514,13075,13617,13709,9528,0.85,0.95,11487.7,0.837967758,120.3224159
5755,-1085,11655,12940,13791,13553,9528,0.85,0.95,11305.9,0.83419907,158.0092968
5756,-1084,11645,13173,13777,13811,9528,0.85,0.95,11616.3,0.841090435,89.0956484
5757,-1095,11575,13185,13736,13823,9532,0.84,0.95,11631.9,0.841488823,-14.88822976
5758,-1078,11585,13210,13763,13841,9536,0.84,0.95,11662.3,0.842590853,-25.90853262
5759,-1064,11620,13208,13784,13840,9541,0.84,0.95,11660,0.842485549,-24.85549133
5760,-1079,11592,13178,13756,13801,9541,0.84,0.95,11618.3,0.841844794,-18.44793856
5761,-1086,11655,13018,13796,13620,9541,0.84,0.96,11404,0.837298091,27.01908957
5762,-1109,11682,13022,13823,13623,9541,0.85,0.96,11408.9,0.837473391,125.2660941
5763,-1114,11390,13259,13636,13877,9541,0.84,0.96,11722.1,0.844714275,-47.1427542
5764,-1089,11564,13245,13764,13866,9541,0.84,0.96,11704.8,0.844136737,-41.36737343
5765,-1089,11542,13260,13718,13881,9540,0.84,0.96,11724.3,0.844629349,-46.2934947
5766,-1129,11567,13225,13790,13844,9541,0.84,0.96,11678.2,0.843556775,-35.56775498
5767,-1123,11596,13179,13750,13798,9542,0.84,0.96,11618.4,0.842035078,-20.35077547
5768,-1107,11570,13207,13745,13812,9543,0.84,0.96,11650.6,0.843512887,-35.12887344
5769,-1099,11586,13321,13794,13933,9543,0.84,0.96,11800.9,0.846974808,-69.7480801
5770,-1126,11627,13215,13778,13818,9543,0.84,0.96,11660.4,0.84385584,-38.55840208
5771,-1101,11606,13195,13806,13794,9547,0.84,0.96,11633.2,0.843352182,-33.52182108
5772,-1127,11701,13079,13863,13656,9551,0.84,0.96,11475.8,0.840348565,-3.485647335
5773,-1138,11481,13157,13760,13742,9553,0.83,0.96,11579.6,0.842642992,-126.4299229
5774,-1125,11581,13050,13731,13622,9554,0.84,0.96,11436.6,0.839568345,4.316546763
5775,-1143,11584,12986,13741,13548,9550,0.84,0.96,11350.4,0.837791556,22.08444051
5776,-1144,11684,13154,13862,13720,9542,0.84,0.96,11570,0.843294461,-32.94460641
5777,-1121,11564,13311,13791,13908,9534,0.84,0.96,11783.4,0.847238999,-72.38999137
5778,-1138,11610,13017,13786,13580,9531,0.84,0.96,11391,0.838807069,11.92930781
5779,-1150,11582,13248,13807,13827,9531,0.84,0.96,11696.1,0.845888479,-58.88479063
5780,-1147,11559,13327,13776,13906,9543,0.84,0.96,11798.8,0.848468287,-84.6828707
5781,-1171,11590,13093,13771,13645,9555,0.84,0.96,11486.5,0.841810187,-18.10186882
5782,-1171,11633,13103,13816,13651,9567,0.84,0.96,11498.3,0.842304593,-23.0459307
5783,-1187,11595,13401,13789,13973,9566,0.84,0.96,11892.9,0.85113433,-111.3433049
5784,-1163,11517,13258,13693,13814,9559,0.84,0.96,11702.2,0.847126104,-71.26103953
5785,-1207,11572,13065,13760,13604,9545,0.84,0.96,11446.2,0.841384887,-13.84886798
5786,-1181,11534,13328,13838,13894,9530,0.83,0.96,11796.2,0.849013963,-190.1396286
5787,-1195,11571,13331,13820,13888,9523,0.84,0.96,11797.4,0.849467166,-94.67165899
5788,-1213,11444,13086,13765,13632,9523,0.83,0.96,11475.6,0.84181338,-118.1338028
5789,-1219,11543,13034,13744,13576,9536,0.84,0.96,11406.8,0.840218032,-2.180318209
5790,-1200,11583,13283,13823,13829,9550,0.84,0.96,11731.7,0.848340444,-83.40443995
5791,-1200,11508,13333,13781,13880,9564,0.84,0.96,11797,0.849927954,-99.2795389
5792,-1206,11593,13266,13814,13800,9564,0.84,0.96,11706,0.84826087,-82.60869565
5793,-1209,11379,13324,13678,13868,9562,0.83,0.96,11784.4,0.849754831,-197.5483127
5794,-1224,11373,13381,13624,13916,9556,0.83,0.96,11855.8,0.851954585,-219.5458465
5795,-1222,11540,13327,13836,13866,9549,0.83,0.96,11786.8,0.850050483,-200.504832
5796,-1249,11516,13307,13847,13834,9545,0.83,0.96,11757.2,0.849877114,-198.7711436
5797,-1241,11474,13366,13751,13882,9544,0.83,0.96,11830.6,0.852225904,-222.2590405
5798,-1256,11468,13372,13776,13893,9546,0.83,0.96,11839.9,0.852220543,-222.2054272
5799,-1238,11411,13372,13695,13888,9547,0.83,0.96,11838.4,0.852419355,-224.1935484
5800,-1270,11449,13375,13786,13883,9549,0.83,0.96,11839.9,0.852834402,-228.3440179
5801,-1272,11545,13230,13820,13729,9549,0.84,0.96,11648.7,0.848474033,-84.74033069
5802,-1267,11471,13395,13790,13909,9549,0.83,0.96,11867.7,0.85323891,-232.3891006
5803,-1292,11391,13250,13778,13739,9552,0.83,0.96,11671.7,0.849530534,-195.3053352
5804,-1278,11363,13296,13624,13785,9554,0.83,0.96,11731.5,0.851033732,-210.3373232
5805,-1293,11535,13133,13839,13612,9556,0.83,0.96,11516.6,0.846062298,-160.6229797
5806,-1294,11434,13376,13808,13870,9556,0.83,0.96,11837,0.853424658,-234.2465753
5807,-1307,11483,13420,13826,13911,9552,0.83,0.96,11893.3,0.854956509,-249.5650924
5808,-1306,11454,13313,13814,13796,9548,0.83,0.96,11751.8,0.851826616,-218.2661641
5809,-1314,11492,13227,13823,13699,9544,0.83,0.97,11636.7,0.849456165,-194.5616468
5810,-1306,11427,13382,13761,13872,9544,0.83,0.96,11843.6,0.853777393,-237.7739331
5811,-1328,11462,13400,13849,13883,9545,0.83,0.97,11864.9,0.854635165,-246.3516531
5812,-1338,11395,13457,13810,13938,9548,0.83,0.97,11938.4,0.856536088,-265.3608839
5813,-1350,11316,13312,13768,13778,9550,0.82,0.97,11745.4,0.85247496,-324.7496008
5814,-1340,11333,13430,13720,13903,9552,0.83,0.97,11900.9,0.855995109,-259.9510897
5815,-1355,11461,13300,13829,13755,9552,0.83,0.97,11726.5,0.852526354,-225.2635405
5816,-1381,11444,13370,13851,13830,9555,0.83,0.97,11819,0.854591468,-245.9146782
5817,-1372,11375,13411,13759,13873,9560,0.83,0.97,11872.9,0.855827867,-258.2786708
5818,-1386,11413,13402,13799,13863,9565,0.83,0.97,11860.9,0.8555796,-255.7960038
5819,-1390,11385,13355,13801,13807,9567,0.82,0.97,11797.1,0.854428913,-344.2891287
5820,-1402,11375,13388,13808,13850,9567,0.82,0.97,11843,0.855090253,-350.9025271
5821,-1389,11279,13428,13703,13880,9564,0.82,0.97,11892,0.856772334,-367.7233429
5822,-1404,11416,13303,13814,13744,9562,0.83,0.97,11726.2,0.853186845,-231.8684517
5823,-1423,11251,13419,13748,13866,9559,0.82,0.97,11878.8,0.856685418,-366.8541757
5824,-1432,11212,13506,13651,13949,9559,0.82,0.97,11990.7,0.859610008,-396.1000789
5825,-1429,11300,13244,13707,13661,9558,0.82,0.97,11642.3,0.852228973,-322.2897299
5826,-1436,11384,13382,13822,13814,9556,0.82,0.97,11826.2,0.856102505,-361.0250471
5827,-1441,11312,13469,13815,13903,9555,0.82,0.97,11939.9,0.858800259,-388.0025894
5829,-1446,11320,13435,13815,13860,9554,0.82,0.97,11893,0.858080808,-380.8080808
5829,-1457,11321,13421,13801,13841,9555,0.82,0.97,11873.3,0.857835417,-378.3541652
5831,-1466,11322,13543,13851,13973,9564,0.82,0.97,12034.9,0.861296787,-412.9678666
5831,-1466,11268,13457,13781,13879,9572,0.82,0.97,11920.7,0.858901938,-389.0193818
5832,-1499,11293,13390,13797,13804,9581,0.82,0.97,11831.2,0.857084903,-370.8490293
5833,-1496,11214,13446,13757,13859,9581,0.82,0.97,11903.7,0.858914785,-389.1478462
5834,-1493,11167,13107,13764,13511,9579,0.81,0.97,11460.3,0.848219969,-382.1996891
5835,-1510,11292,13206,13796,13601,9573,0.82,0.97,11586.3,0.851871186,-318.7118594
5836,-1523,11326,13419,13851,13829,9568,0.82,0.97,11867.7,0.85817485,-381.7484995
5838,-1544,11310,13235,13833,13627,9565,0.82,0.97,11623.1,0.852946356,-329.463565
5839,-1527,11262,13480,13851,13876,9565,0.81,0.97,11942.8,0.860680311,-506.8031133
5839,-1538,11217,13360,13786,13749,9564,0.81,0.97,11784.7,0.857131428,-471.3142774
5840,-1565,11230,13438,13829,13833,9564,0.81,0.97,11887.9,0.859386973,-493.8697318
5841,-1548,11245,13455,13833,13846,9564,0.81,0.97,11908.8,0.860089557,-500.8955655
5842,-1575,11131,13527,13788,13923,9564,0.81,0.97,12003.9,0.862163327,-521.6332687
5843,-1583,11023,13521,13708,13907,9564,0.8,0.97,11993.1,0.862378658,-623.7865823
5845,-1560,11095,13468,13643,13856,9566,0.81,0.97,11924.8,0.860623557,-506.2355658
5846,-1588,11249,13425,13831,13809,9568,0.81,0.97,11867.7,0.859417771,-494.1777102
5847,-1595,11166,13455,13798,13838,9570,0.81,0.97,11906.4,0.860413355,-504.1335453
5847,-1606,11094,13549,13773,13936,9570,0.81,0.97,12029.8,0.863217566,-532.1756602
5849,-1615,11103,13502,13812,13893,9575,0.8,0.97,11969.9,0.861577773,-615.7777298
5849,-1628,11127,13523,13821,13906,9582,0.81,0.97,11994.8,0.862562922,-525.6292248
5850,-1617,11166,13356,13772,13723,9589,0.81,0.97,11772.9,0.857895504,-478.955039
5851,-1609,11150,13439,13781,13808,9591,0.81,0.97,11881.4,0.86047219,-504.7219003
5852,-1623,11265,13481,13941,13857,9590,0.81,0.97,11938.1,0.861521253,-515.212528
5853,-1636,11119,13435,13808,13800,9583,0.81,0.97,11875,0.860507246,-505.0724638
5854,-1648,10957,13203,13709,13557,9576,0.8,0.97,11570.1,0.853441027,-534.4102678
5855,-1653,11120,13305,13779,13662,9570,0.81,0.97,11703.6,0.856653491,-466.5349144
5856,-1655,11159,13465,13850,13830,9570,0.81,0.97,11914,0.861460593,-514.6059291
5857,-1663,10980,13561,13717,13934,9572,0.8,0.97,12041.2,0.86415961,-641.5960959
5858,-1682,11094,13373,13786,13728,9575,0.8,0.97,11791.4,0.858930653,-589.3065268
5859,-1677,10963,13562,13749,13933,9578,0.8,0.97,12041.9,0.864271873,-642.7187253
5860,-1676,11050,13490,13787,13857,9579,0.8,0.97,11947.1,0.862170744,-621.7074403
5862,-1691,10997,13543,13787,13913,9579,0.8,0.97,12016.9,0.863717387,-637.1738662
5863,-1721,11080,13498,13861,13863,9579,0.8,0.97,11956.9,0.862504508,-625.045084
5864,-1735,10882,13579,13738,13948,9578,0.79,0.97,12063.4,0.864883854,-748.8385432
5865,-1704,11045,13464,13809,13821,9578,0.8,0.97,11910.3,0.861753853,-617.5385283
5866,-1722,11018,13449,13801,13814,9578,0.8,0.97,11893.2,0.860952657,-609.5265673
5867,-1716,10941,13587,13761,13958,9575,0.8,0.97,12074.4,0.8650523,-650.5229976
5868,-1735,11061,13455,13841,13815,9568,0.8,0.97,11899.5,0.861346363,-613.4636265
5869,-1727,10992,13509,13821,13871,9560,0.8,0.97,11970.3,0.862973109,-629.7310936
5870,-1712,11008,13495,13807,13860,9555,0.8,0.97,11953,0.862409812,-624.0981241
5870,-1728,11009,13596,13847,13970,9555,0.8,0.97,12087,0.865211167,-652.1116679
5872,-1726,11014,13399,13806,13753,9553,0.8,0.97,11824.9,0.859805133,-598.0513343
5873,-1747,11116,13425,13921,13777,9550,0.8,0.97,11858.1,0.860717137,-607.1713726
5874,-1754,10951,13553,13840,13920,9547,0.79,0.97,12029,0.864152299,-741.5229885
5875,-1755,10996,13369,13792,13723,9547,0.8,0.97,11785.9,0.858842819,-588.4281863
5875,-1768,11012,13291,13811,13642,9551,0.8,0.97,11683.6,0.856443337,-564.4333675
5876,-1762,10897,13573,13773,13940,9563,0.79,0.97,12055,0.864777618,-747.7761836
5877,-1768,10888,13564,13761,13931,9575,0.79,0.97,12043.3,0.864496447,-744.9644677
5878,-1785,10914,13522,13765,13888,9582,0.79,0.97,11988.4,0.863220046,-732.2004608
5880,-1773,10973,13459,13830,13821,9582,0.79,0.97,11905.3,0.861392085,-713.9208451
5881,-1783,10887,13514,13776,13888,9576,0.79,0.97,11980.4,0.862644009,-726.4400922
5882,-1776,10960,13364,13832,13722,9569,0.79,0.97,11780.6,0.858519166,-685.191663
5883,-1784,11002,13491,13879,13858,9561,0.79,0.97,11948.4,0.862202338,-722.02338
5884,-1803,10831,13508,13796,13881,9560,0.79,0.97,11972.3,0.862495497,-724.9549744
5885,-1791,10881,13292,13723,13646,9563,0.79,0.97,11685.8,0.85635351,-663.5351019
5886,-1806,10840,13441,13742,13817,9574,0.79,0.97,11886.1,0.860251864,-702.5186365
5886,-1793,10968,13560,13900,13934,9585,0.79,0.97,12040.2,0.864087843,-740.8784269
5888,-1805,10911,13434,13817,13802,9594,0.79,0.97,11874.6,0.860353572,-703.5357195
5889,-1799,10898,13424,13786,13801,9594,0.79,0.97,11864.3,0.859669589,-696.6958916
5890,-1796,10829,13545,13774,13925,9591,0.79,0.97,12022.5,0.863375224,-733.7522442
5891,-1812,10922,13471,13828,13851,9586,0.79,0.97,11926.3,0.861042524,-710.4252401
5892,-1810,10846,13510,13778,13895,9580,0.79,0.97,11978.5,0.862072688,-720.7268802
5893,-1838,10773,13525,13747,13913,9578,0.78,0.97,11998.9,0.862423633,-824.2363257
5894,-1829,10919,13453,13853,13848,9578,0.79,0.97,11907.4,0.85986424,-698.6424032
5895,-1821,10725,13302,13590,13669,9581,0.79,0.97,11702.7,0.85614895,-661.4895018
5896,-1812,10909,13285,13838,13663,9583,0.79,0.97,11683.9,0.855148942,-651.489424
5897,-1810,10908,13473,13828,13867,9585,0.79,0.97,11933.1,0.86053941,-705.3941011
5898,-1833,10852,13406,13824,13797,9585,0.79,0.97,11845.1,0.858527216,-685.2721606
5899,-1850,10805,13483,13792,13883,9585,0.78,0.97,11947.9,0.8606137,-806.1370021
5900,-1811,10798,13456,13805,13855,9585,0.78,0.97,11912.5,0.859797907,-797.9790689
5901,-1834,10870,13494,13868,13902,9585,0.78,0.97,11964.6,0.860638757,-806.3875701
5902,-1828,10878,13237,13824,13621,9586,0.79,0.97,11623.3,0.853336759,-633.3675942
5903,-1846,10840,13504,13840,13916,9586,0.78,0.97,11978.8,0.860793331,-807.9333142
5904,-1830,10802,13365,13813,13769,9586,0.78,0.97,11795.7,0.856685308,-766.8530757
5905,-1847,10782,13514,13790,13929,9585,0.78,0.97,11992.7,0.860987867,-809.8786704
5906,-1837,10733,13559,13757,13982,9584,0.78,0.97,12053.6,0.862079817,-820.7981691
5907,-1837,10898,13279,13869,13689,9584,0.79,0.97,11685.7,0.85365622,-636.5622032
5908,-1804,10895,13405,13861,13830,9583,0.79,0.97,11854,0.857122198,-671.2219812
5909,-1828,10832,13429,13835,13863,9580,0.78,0.97,11887.9,0.857527231,-775.2723076
5910,-1812,10858,13406,13828,13846,9577,0.79,0.97,11859.8,0.856550628,-665.5062834
5911,-1836,10773,13527,13832,13981,9576,0.78,0.97,12021.3,0.859831199,-798.3119949
5912,-1837,10782,13491,13854,13952,9575,0.78,0.97,11976.6,0.858414564,-784.1456422
5913,-1830,10858,13456,13866,13913,9579,0.78,0.97,11929.9,0.857464242,-774.6424208
5914,-1813,10667,13394,13758,13858,9583,0.78,0.97,11851.4,0.855202771,-752.0277096
5915,-1803,10799,13403,13797,13873,9587,0.78,0.97,11864.9,0.855251207,-752.5120738
5916,-1811,10823,13482,13870,13957,9588,0.78,0.97,11969.1,0.857569678,-775.696783
5917,-1795,10847,13364,13856,13846,9588,0.78,0.97,11817.8,0.853517261,-735.172613
5918,-1823,10805,13387,13848,13865,9588,0.78,0.97,11846.5,0.854417598,-744.1759827
5920,-1820,10721,13453,13798,13951,9588,0.78,0.96,11938.3,0.855730772,-757.3077199
5920,-1792,10742,13345,13821,13838,9588,0.78,0.96,11796.4,0.852464229,-724.6422893
5921,-1793,10858,13370,13855,13880,9589,0.78,0.96,11834,0.85259366,-725.9365994
5922,-1792,10809,13418,13849,13925,9592,0.78,0.96,11895.5,0.854254937,-742.5493716
5923,-1783,10807,13372,13859,13895,9597,0.78,0.96,11840.5,0.852141058,-721.4105793
5924,-1772,10634,13415,13721,13940,9601,0.78,0.96,11897,0.853443329,-734.4332855
5925,-1765,10589,13384,13589,13918,9602,0.78,0.96,11859.4,0.852090818,-720.9081765
5926,-1777,10791,13351,13847,13892,9600,0.78,0.96,11818.6,0.850748632,-707.4863231
5927,-1774,10840,13097,13834,13619,9592,0.78,0.96,11482.7,0.843138263,-631.3826272
5928,-1750,10775,13356,13793,13913,9585,0.78,0.96,11829.9,0.85027672,-702.7671961
5929,-1749,10851,13044,13837,13577,9578,0.78,0.96,11417.1,0.840914782,-609.1478235
5930,-1735,10728,13336,13799,13911,9578,0.78,0.96,11809.3,0.848918122,-689.1812235
5931,-1735,10856,13211,13830,13774,9580,0.78,0.96,11643.2,0.845302744,-653.027443
5932,-1730,10878,13158,13859,13721,9583,0.78,0.96,11574.3,0.843546389,-635.4638875
5933,-1717,10827,13305,13819,13896,9587,0.78,0.96,11773.8,0.847279793,-672.7979275
5934,-1727,10690,13347,13772,13948,9588,0.78,0.96,11831.4,0.848250645,-682.5064525
5935,-1692,10835,13050,13796,13633,9589,0.79,0.96,11439.9,0.839132986,-491.3298614
5936,-1698,10807,13296,13813,13911,9595,0.78,0.96,11769.3,0.8460427,-660.4270002
5937,-1711,10837,13073,13813,13675,9601,0.78,0.96,11475.5,0.839159049,-591.5904936
5938,-1708,10731,13319,13757,13960,9607,0.78,0.95,11807,0.845773639,-657.7363897
5939,-1682,10795,13245,13828,13879,9607,0.78,0.95,11708.7,0.843627062,-636.2706247
5940,-1661,10866,13110,13832,13738,9603,0.79,0.95,11531.4,0.839379822,-493.7982239
5941,-1661,10884,13247,13895,13907,9595,0.78,0.95,11719.1,0.84267635,-626.7635004
5942,-1634,10895,13039,13838,13682,9587,0.79,0.95,11443.6,0.836398187,-463.981874
5943,-1629,10904,13068,13840,13725,9584,0.79,0.95,11485.5,0.836830601,-468.3060109
5944,-1639,10680,13269,13719,13954,9584,0.78,0.95,11755.2,0.842425111,-624.2511108
5945,-1620,10692,12891,13707,13554,9587,0.78,0.95,11257.2,0.830544489,-505.4448871
5946,-1598,10796,13204,13768,13907,9591,0.78,0.95,11676.1,0.839584382,-595.8438197
5947,-1601,10779,13268,13787,13983,9594,0.78,0.95,11762.9,0.841228635,-612.2863477
5948,-1594,10827,13196,13791,13915,9593,0.79,0.95,11670.5,0.838699245,-486.9924542
5949,-1583,10846,13221,13837,13950,9593,0.78,0.95,11706,0.839139785,-591.3978495
5950,-1598,10797,12901,13804,13609,9593,0.78,0.95,11283.7,0.829135131,-491.3513116
5951,-1559,10990,13113,13905,13851,9593,0.79,0.95,11568.3,0.835196015,-451.9601473
5953,-1533,10949,12912,13829,13643,9593,0.79,0.95,11304.9,0.828622737,-386.2273693
5953,-1520,10970,13154,13880,13922,9593,0.79,0.94,11630.6,0.835411579,-454.115788
5954,-1518,10743,13177,13736,13947,9595,0.78,0.94,11661.1,0.836100954,-561.0095361
5955,-1518,10848,12653,13797,13384,9598,0.79,0.95,10968.2,0.819500897,-295.0089659
5956,-1516,10968,13088,13839,13869,9601,0.79,0.94,11548.7,0.832698825,-426.9882472
5957,-1489,10976,12931,13842,13704,9602,0.79,0.94,11342.2,0.827656159,-376.5615879
5958,-1481,10934,13058,13778,13866,9603,0.79,0.94,11517.8,0.830650512,-406.5051204
5959,-1459,10977,12870,13799,13659,9605,0.8,0.94,11267.7,0.824928618,-249.2861849
5961,-1436,10986,13055,13870,13878,9607,0.79,0.94,11518.4,0.829975501,-399.7550079
5961,-1429,10947,13050,13798,13878,9608,0.79,0.94,11513.4,0.829615218,-396.1521833
5962,-1421,11022,12951,13850,13792,9608,0.8,0.94,11388.6,0.825739559,-257.3955916
5963,-1411,10999,13128,13898,13988,9601,0.79,0.94,11624.4,0.831026594,-410.2659422
5964,-1413,10799,13134,13694,14001,9592,0.79,0.94,11634.3,0.830962074,-409.6207414
5965,-1386,10872,13016,13661,13892,9583,0.8,0.94,11483.6,0.826634034,-266.3403398
5966,-1383,10915,12740,13789,13590,9581,0.79,0.94,11117,0.818027962,-280.2796174
5967,-1351,11093,12910,13878,13790,9582,0.8,0.94,11347,0.82284264,-228.4263959
5968,-1334,11039,12978,13828,13885,9591,0.8,0.93,11443.5,0.824162766,-241.6276557
5969,-1336,11119,12843,13862,13736,9599,0.8,0.93,11263.8,0.820020384,-200.2038439
5970,-1300,11042,13044,13830,13979,9606,0.8,0.93,11537.7,0.825359468,-253.5946777
5972,-1288,11021,12977,13787,13911,9606,0.8,0.93,11450.3,0.823111207,-231.1120696
5973,-1281,10991,12740,13797,13659,9609,0.8,0.93,11137.7,0.815411084,-154.1108427
5973,-1256,11157,12969,13901,13928,9614,0.8,0.93,11447.4,0.821898334,-218.9833429
5974,-1264,10972,12984,13780,13942,9620,0.8,0.93,11466.6,0.822450151,-224.5015062
5975,-1236,11058,12699,13704,13646,9623,0.81,0.93,11092.8,0.812897552,-28.97552396
5976,-1208,11156,12737,13813,13688,9623,0.81,0.93,11143.4,0.814099942,-40.99941555
5977,-1223,11102,12981,13820,13977,9616,0.8,0.93,11474.1,0.820927238,-209.272376
5978,-1213,11028,12917,13758,13908,9609,0.8,0.93,11389.4,0.81890998,-189.0997987
5980,-1190,11191,12796,13817,13793,9602,0.81,0.93,11233.9,0.814463858,-44.63858479
5980,-1154,11166,12830,13798,13839,9602,0.81,0.93,11281.7,0.815210637,-52.10636607
5981,-1144,11188,12816,13847,13834,9599,0.81,0.93,11266.2,0.814384849,-43.84848923
5982,-1111,11145,12892,13780,13929,9594,0.81,0.93,11370.7,0.816332831,-63.32830785
5983,-1104,11296,12733,13872,13752,9588,0.81,0.93,11158.6,0.811416521,-14.16521233
5984,-1109,11084,12811,13735,13853,9586,0.81,0.92,11266.9,0.813318415,-33.18414784
5985,-1110,11176,12620,13709,13647,9586,0.82,0.92,11014.1,0.807071151,129.2884883
5986,-1076,11279,12851,13851,13922,9587,0.81,0.92,11327.6,0.813647464,-36.47464445
5988,-1047,11265,12754,13837,13828,9589,0.81,0.92,11202.4,0.810124385,-1.243853052
5989,-1054,11325,12614,13844,13669,9590,0.82,0.92,11014.7,0.80581608,141.8391982
5990,-1024,11345,12639,13849,13704,9590,0.82,0.92,11050.2,0.806348511,136.5148862
5990,-995,11350,12679,13838,13763,9591,0.82,0.92,11107.9,0.807084211,129.1578871
5991,-1000,11400,12699,13890,13789,9593,0.82,0.92,11135.7,0.807578505,124.2149539
5992,-974,11306,12737,13789,13852,9595,0.82,0.92,11192.6,0.808013283,119.8671672
5993,-971,11329,12790,13866,13911,9597,0.82,0.92,11263.3,0.809668608,103.3139242
5994,-962,11184,12854,13741,14008,9597,0.81,0.92,11356.4,0.810708167,-7.081667619
5996,-931,11312,12751,13801,13895,9602,0.82,0.92,11219.5,0.807448723,125.5127744
5997,-923,11351,12693,13811,13835,9609,0.82,0.92,11143.5,0.805457174,145.4282617
5998,-902,11435,12727,13845,13888,9616,0.83,0.92,11193.4,0.805976382,240.2361751
5999,-892,11365,12723,13791,13887,9618,0.82,0.92,11189.1,0.805724779,142.7522143
6000,-869,11453,12609,13830,13762,9616,0.83,0.92,11037.6,0.802034588,279.65412
6000,-866,11363,12810,13803,13994,9609,0.82,0.92,11308.2,0.808074889,119.2511076
6001,-860,11418,12739,13830,13929,9602,0.83,0.91,11217.7,0.805348553,246.5144662
6002,-833,11447,12607,13780,13763,9597,0.83,0.92,11035.9,0.801852794,281.4720628
6004,-818,11500,12719,13886,13913,9597,0.83,0.91,11192.9,0.804492202,255.0779846
6004,-801,11550,12481,13878,13649,9601,0.83,0.91,10875.7,0.796812953,331.8704667
6006,-786,11327,12673,13643,13873,9605,0.83,0.91,11134.9,0.80263101,273.6899012
6007,-796,11547,12609,13843,13814,9610,0.83,0.91,11053.2,0.800144781,298.5521934
6008,-772,11517,12655,13835,13865,9611,0.83,0.91,11114.5,0.801622791,283.772088
6009,-789,11474,12644,13773,13865,9611,0.83,0.91,11103.5,0.800829427,291.7057339
6009,-776,11494,12686,13785,13918,9609,0.83,0.91,11161.4,0.801939934,280.600661
6010,-744,11588,12615,13822,13839,9608,0.84,0.91,11066.7,0.799674832,403.25168
6012,-720,11576,12703,13838,13952,9607,0.84,0.91,11188.6,0.801935206,380.6479358
6013,-703,11561,12663,13825,13906,9608,0.84,0.91,11134.8,0.800719114,392.8088595
6014,-702,11607,12595,13819,13838,9608,0.84,0.91,11046.4,0.798265645,417.3435468
6015,-685,11587,12598,13809,13836,9609,0.84,0.91,11048.8,0.798554496,414.4550448
6016,-669,11456,12585,13603,13830,9610,0.84,0.91,11034,0.797830803,421.691974
6017,-665,11491,12338,13774,13552,9610,0.83,0.91,10703.6,0.789817001,401.8299882
6018,-662,11618,12664,13835,13927,9610,0.84,0.91,11142.1,0.800035901,399.6409851
6019,-648,11688,12620,13878,13878,9612,0.84,0.91,11083.4,0.798630927,413.6907335
6020,-662,11520,12635,13734,13910,9615,0.84,0.91,11108,0.798562185,414.3781452
6021,-615,11708,12483,13840,13738,9617,0.85,0.91,10904.4,0.793739991,562.6000873
6022,-608,11702,12566,13861,13838,9617,0.84,0.91,11017.4,0.796169967,438.3003324
6023,-597,11731,12364,13839,13603,9615,0.85,0.91,10744.9,0.789891936,601.080644
6024,-618,11689,12386,13900,13636,9611,0.84,0.91,10776.8,0.790319742,496.8025814
6025,-580,11614,12599,13765,13883,9608,0.84,0.91,11063.9,0.796938702,430.6129799
6026,-562,11688,12611,13795,13896,9606,0.85,0.91,11079.8,0.797337363,526.6263673
6027,-565,11701,12653,13808,13957,9606,0.85,0.91,11140.1,0.79817296,518.2704019
6028,-561,11765,12494,13836,13757,9608,0.85,0.91,10921.1,0.793857672,561.4232754
6029,-561,11755,12588,13824,13867,9610,0.85,0.91,11048.1,0.796718829,532.8117113
6030,-537,11828,12530,13887,13807,9612,0.85,0.91,10972.1,0.794676613,553.2338669
6031,-539,11692,12667,13807,13973,9613,0.85,0.91,11158.9,0.798604451,513.9554856
6032,-534,11776,12681,13879,13987,9614,0.85,0.91,11177.1,0.799106313,508.93687
6033,-500,11815,12663,13849,13967,9615,0.85,0.91,11153.1,0.798532255,514.677454
6034,-517,11830,12645,13868,13952,9617,0.85,0.91,11130.6,0.797778096,522.2190367
6035,-502,11861,12444,13858,13700,9618,0.86,0.91,10854,0.792262774,677.3722628
6036,-505,11824,12637,13845,13941,9618,0.85,0.91,11119.3,0.797597016,524.02984
6037,-469,11744,12573,13677,13860,9623,0.86,0.91,11031,0.795887446,641.1255411
6038,-490,11933,12466,13893,13731,9629,0.86,0.91,10885.3,0.792753623,672.4637681
6039,-477,11835,12601,13808,13896,9635,0.86,0.91,11069.8,0.796617732,633.8226828
6040,-470,11831,12650,13839,13941,9636,0.85,0.91,11132.3,0.798529517,514.7048275
6041,-464,11784,12682,13802,13974,9634,0.85,0.91,11174.2,0.799642193,503.5780736
6042,-490,11848,12647,13829,13930,9627,0.86,0.91,11126,0.798707825,612.9217516
6043,-467,11883,12642,13846,13922,9620,0.86,0.91,11118.6,0.798635254,613.6474644
6044,-470,11940,12600,13866,13865,9614,0.86,0.91,11059.5,0.797655968,623.4403173
6045,-472,11794,12679,13793,13950,9614,0.86,0.91,11164,0.800286738,597.1326165
6046,-487,11811,12213,13779,13435,9615,0.86,0.91,10543.5,0.784778563,752.2143655
6047,-465,11777,12493,13641,13719,9616,0.86,0.91,10908.7,0.795152708,648.4729208
6048,-464,11996,12614,13891,13873,9617,0.86,0.91,11075.9,0.798378145,616.218554
6049,-454,11879,12673,13820,13930,9618,0.86,0.91,11152,0.8005743,594.2569993
6050,-452,12000,12578,13867,13811,9618,0.87,0.91,11021.3,0.798008834,719.9116646
6051,-455,11988,12476,13857,13681,9619,0.87,0.91,10880.3,0.795285432,747.1456765
6052,-470,11974,12640,13850,13862,9620,0.86,0.91,11098.6,0.800649257,593.5074304
6053,-451,11944,12689,13832,13920,9621,0.86,0.91,11165,0.802083333,579.1666667
6054,-452,11988,12701,13862,13927,9621,0.86,0.91,11179.1,0.802692611,573.0738853
6055,-479,11834,12680,13814,13882,9621,0.86,0.91,11144.6,0.802809393,571.9060654
6056,-469,11922,12401,13875,13567,9621,0.86,0.91,10771.1,0.793919068,660.8093167
6057,-470,12011,12624,13873,13811,9621,0.87,0.91,11067.3,0.801339512,686.6048802
6058,-468,12016,12520,13845,13678,9620,0.87,0.92,10923.4,0.798610908,713.8909197
6060,-478,12006,12751,13861,13932,9620,0.87,0.92,11230.6,0.806101062,638.989377
6060,-478,12011,12559,13836,13695,9619,0.87,0.92,10967.5,0.800839723,691.6027747
6061,-477,11987,12765,13879,13937,9618,0.86,0.92,11246.1,0.806924015,530.7598479
6062,-474,11937,12853,13825,14015,9617,0.86,0.92,11357.5,0.810381734,496.1826614
6063,-482,11947,12759,13800,13901,9617,0.87,0.92,11229.3,0.807805194,621.9480613
6064,-497,11996,12829,13910,13963,9615,0.86,0.92,11317.9,0.810563632,494.3636754
6065,-523,11653,12695,13563,13796,9610,0.86,0.92,11133.8,0.807031023,529.6897651
6066,-496,12038,12785,13873,13894,9605,0.87,0.92,11253.2,0.809932345,600.676551
6067,-522,11967,12818,13825,13922,9603,0.87,0.92,11294.6,0.811277115,587.2288464
6068,-520,12040,12747,13890,13820,9603,0.87,0.92,11193,0.809913169,600.8683068
6069,-530,12003,12902,13878,13994,9607,0.86,0.92,11400.2,0.814649135,453.5086466
6070,-533,12049,12755,13862,13806,9610,0.87,0.92,11196.8,0.811009706,589.9029408
6071,-537,11958,12858,13815,13915,9613,0.87,0.92,11332.5,0.814408911,555.9108875
6072,-545,11951,12912,13841,13974,9613,0.86,0.92,11404.2,0.816101331,438.9866896
6073,-555,11973,12917,13846,13967,9616,0.86,0.92,11407.1,0.816717978,432.8202191
6074,-586,12022,12933,13885,13975,9623,0.87,0.93,11425.5,0.817567084,524.3291592
6075,-588,11998,12764,13828,13760,9630,0.87,0.93,11192,0.813372093,566.2790698
6076,-589,12025,12620,13851,13592,9634,0.87,0.93,10997.6,0.809123014,608.7698646
6077,-579,12051,12874,13880,13864,9634,0.87,0.93,11333.2,0.81745528,525.4472014
6078,-605,12074,12818,13906,13798,9630,0.87,0.93,11257.4,0.815871865,541.2813451
6080,-603,12048,12926,13873,13896,9625,0.87,0.93,11394.8,0.820005757,499.9424295
6080,-616,11993,12772,13820,13709,9621,0.87,0.93,11184.7,0.81586549,541.3451018
6081,-635,12002,12893,13833,13837,9619,0.87,0.93,11344.1,0.819838115,501.618848
6082,-644,11976,12971,13831,13912,9620,0.87,0.93,11444.6,0.822642323,473.5767683
6083,-646,11946,13041,13859,13971,9622,0.86,0.93,11532.3,0.825445566,345.5443419
6084,-682,11976,12880,13861,13770,9624,0.86,0.94,11311,0.821423384,385.7661583
6085,-679,11901,13038,13821,13936,9626,0.86,0.94,11518.8,0.826549943,334.5005741
6086,-714,11862,12696,13839,13544,9627,0.86,0.94,11059.2,0.816538689,434.6131128
6087,-704,12035,12797,13917,13640,9626,0.86,0.94,11189,0.820307918,396.9208211
6088,-720,11989,12986,13873,13839,9625,0.86,0.94,11437.7,0.826483127,335.1687261
6089,-735,11894,13084,13850,13940,9624,0.86,0.94,11566,0.829698709,303.0129125
6090,-752,11960,12892,13847,13696,9624,0.86,0.94,11300.8,0.825116822,348.8317757
6091,-781,11870,13132,13837,13948,9623,0.86,0.94,11616.4,0.832836249,271.6375108
6092,-793,11870,13141,13836,13941,9621,0.86,0.94,11623.3,0.833749372,262.5062765
6093,-802,11889,13078,13841,13856,9618,0.86,0.94,11534.8,0.832476905,275.2309469
6094,-822,11857,13159,13841,13940,9616,0.86,0.94,11641,0.83507891,249.2109039
6095,-823,11920,13245,13864,14005,9615,0.86,0.95,11746.5,0.838736166,212.6383434
6096,-854,11912,13158,13891,13895,9619,0.86,0.95,11626.5,0.836739834,232.6016553
6097,-884,11975,13043,13948,13754,9625,0.86,0.95,11469.2,0.833881053,261.1894722
6098,-888,11804,13249,13823,13973,9630,0.85,0.95,11740.9,0.840256208,97.43791598
6099,-909,11875,13057,13852,13744,9632,0.86,0.95,11480.2,0.835288126,247.1187427
6101,-939,11848,13244,13864,13926,9632,0.85,0.95,11721.8,0.841720523,82.79477237
6101,-954,11688,12936,13794,13579,9630,0.85,0.95,11309.7,0.832881655,171.183445
6102,-968,11873,12993,13886,13622,9628,0.86,0.95,11379.6,0.835383938,246.1606225
6103,-979,11825,13062,13847,13680,9626,0.85,0.95,11466,0.838157895,118.4210526
6105,-1007,11755,13359,13837,13994,9626,0.85,0.95,11857.2,0.847305988,26.94011719
6105,-1041,11641,13440,13790,14063,9630,0.84,0.96,11958.9,0.850380431,-103.8043092
6106,-1038,11776,13283,13848,13886,9638,0.85,0.96,11748.8,0.846089587,39.10413366
6107,-1077,11809,13195,13887,13748,9647,0.85,0.96,11619.4,0.845170207,48.29793424
6108,-1072,11787,13305,13867,13873,9652,0.85,0.96,11766.9,0.848187126,18.12873928
6109,-1127,11694,13436,13862,13988,9652,0.84,0.96,11932.4,0.853045468,-130.4546754
6111,-1142,11613,13459,13803,13997,9645,0.84,0.96,11958.1,0.854333071,-143.3307137
6111,-1165,11661,13489,13866,14016,9637,0.84,0.96,11993.8,0.855722032,-157.2203196
6112,-1181,11673,13358,13840,13854,9629,0.84,0.96,11814.2,0.852764545,-127.6454454
6114,-1208,11576,13542,13830,14034,9628,0.84,0.96,12052.2,0.858785806,-187.858059
6115,-1214,11636,13460,13861,13936,9628,0.84,0.97,11940.8,0.856831228,-168.3122847
6115,-1236,11477,13530,13759,13990,9628,0.83,0.97,12027,0.85968549,-296.8548964
6117,-1273,11661,13381,13866,13823,9628,0.84,0.97,11827.9,0.855668089,-156.6808942
6117,-1294,11621,13480,13869,13908,9628,0.84,0.97,11952.4,0.859390279,-193.9027898
6118,-1303,11565,13429,13826,13839,9628,0.84,0.97,11880.7,0.858494111,-184.9411085
6119,-1309,11639,13347,13893,13737,9629,0.84,0.97,11768.1,0.856671762,-166.7176239
6121,-1352,11619,13520,13910,13902,9631,0.84,0.97,11990.6,0.862508992,-225.0899151
6121,-1361,11545,13376,13828,13731,9633,0.83,0.97,11795.3,0.859027019,-290.2701915
6122,-1387,11446,13568,13810,13926,9634,0.83,0.97,12045.8,0.864986356,-349.8635646
6124,-1422,11390,13296,13813,13615,9635,0.82,0.98,11680.5,0.857914065,-379.1406537
6124,-1425,11498,13618,13838,13946,9638,0.83,0.98,12101.8,0.867761365,-377.6136527
6125,-1468,11461,13494,13850,13794,9640,0.83,0.98,11932.2,0.865028273,-350.2827316
6126,-1482,11455,13612,13844,13917,9643,0.83,0.98,12087.1,0.868513329,-385.1332902
6128,-1491,11476,13653,13871,13932,9642,0.83,0.98,12132.6,0.8708441,-408.4409991
6128,-1523,11460,13374,13856,13629,9642,0.83,0.98,11762.7,0.863064055,-330.6405459
6130,-1547,11380,13684,13862,13941,9640,0.82,0.98,12166.3,0.872699232,-526.9923248
6131,-1572,11357,13673,13843,13921,9639,0.82,0.98,12149.3,0.872731844,-527.3184398
6132,-1579,11390,13698,13871,13942,9638,0.82,0.98,12180.6,0.873662315,-536.6231531
6133,-1588,11416,13527,13871,13750,9637,0.82,0.98,11952,0.869236364,-492.3636364
6133,-1611,11377,13619,13868,13825,9628,0.82,0.99,12066.5,0.872802893,-528.0289331
6134,-1654,11312,13752,13862,13951,9619,0.82,0.99,12237.3,0.877162927,-571.6292739
6136,-1662,11272,13688,13808,13867,9612,0.82,0.99,12148.1,0.876043845,-560.438451
6136,-1676,11319,13767,13866,13939,9612,0.82,0.99,12248.7,0.878735921,-587.359208
6138,-1710,11186,13817,13815,13974,9616,0.81,0.99,12309.2,0.880864463,-708.6446257
6139,-1728,11289,13705,13875,13848,9622,0.81,0.99,12159.4,0.878061814,-680.6181398
6139,-1762,11138,13562,13832,13678,9629,0.81,0.99,11965.4,0.874791636,-647.916362
6141,-1776,11192,13863,13840,13979,9631,0.81,0.99,12356.7,0.88394735,-739.473496
6141,-1815,11247,13676,13861,13770,9632,0.81,0.99,12107,0.879230211,-692.302106
6142,-1842,11213,13899,13895,13992,9631,0.81,0.99,12396.6,0.885977702,-759.7770154
6143,-1828,11259,13765,13919,13837,9630,0.81,0.99,12216.1,0.882857556,-728.5755583
6145,-1870,11150,13920,13833,13993,9629,0.81,0.99,12417.9,0.887436575,-774.3657543
6146,-1875,11157,13722,13843,13759,9629,0.81,1,12149.7,0.883036558,-730.3655789
6146,-1920,11134,13607,13838,13657,9630,0.8,1,12004.1,0.878970491,-789.7049132
6148,-1943,11146,13865,13894,13890,9633,0.8,1,12332,0.887832973,-878.3297336
6149,-1968,11032,13994,13810,14012,9635,0.8,1,12497.6,0.89192121,-919.2121039
6150,-1971,11018,13866,13835,13876,9636,0.8,1,12328.8,0.888498126,-884.9812626
6151,-1993,11115,13699,13897,13682,9636,0.8,1,12103.6,0.884636749,-846.3674901
6152,-2013,11033,13819,13813,13798,9636,0.8,1,12258.4,0.888418611,-884.1861139
6152,-2034,10910,14030,13819,14000,9636,0.79,1,12530,0.895,-1050
6154,-2053,11024,13829,13846,13786,9636,0.8,1,12264.8,0.889656173,-896.5617293
6155,-2084,10952,13957,13844,13910,9635,0.79,1,12430,0.893601725,-1036.017254
6156,-2088,10817,14059,13724,14002,9633,0.79,1,12559.6,0.896986145,-1069.861448
6157,-2121,10878,13566,13885,13497,9627,0.78,1.01,11915.1,0.882796177,-1027.961769
6158,-2140,10984,13827,13877,13740,9622,0.79,1.01,12249,0.891484716,-1014.847162
6159,-2148,10918,14026,13845,13945,9619,0.79,1.01,12509.5,0.897059878,-1070.598781
6160,-2181,10842,14056,13810,13965,9619,0.79,1.01,12545.5,0.898353025,-1083.530254
6161,-2188,10901,14052,13873,13953,9626,0.79,1.01,12537.9,0.89858095,-1085.809503
6162,-2198,10867,14093,13923,13990,9633,0.78,1.01,12590,0.89992852,-1199.285204
6163,-2199,10897,14005,13867,13880,9641,0.79,1.01,12469,0.898342939,-1083.429395
6164,-2227,10946,13910,13933,13776,9642,0.79,1.01,12342.8,0.895963995,-1059.639954
6165,-2245,10798,14072,13867,13949,9642,0.78,1.01,12556.7,0.900186393,-1201.863933
6166,-2257,10783,14188,13780,14045,9642,0.78,1.01,12701.5,0.904343183,-1243.431826
6167,-2271,10809,13951,13821,13822,9642,0.78,1.01,12397.6,0.896946896,-1169.468963
6168,-2295,10822,13873,13862,13710,9642,0.78,1.01,12286,0.896134209,-1161.342086
6169,-2302,10761,14084,13828,13929,9641,0.78,1.01,12562.7,0.901909685,-1219.096848
6170,-2305,10811,13958,13877,13796,9640,0.78,1.01,12396.8,0.898579298,-1185.792983
6171,-2317,10811,14048,13901,13882,9638,0.78,1.01,12512.6,0.901354272,-1213.542717
6172,-2344,10697,14160,13872,13992,9636,0.77,1.01,12657.6,0.904631218,-1346.312178
6173,-2363,10766,13939,13867,13755,9636,0.78,1.01,12365.5,0.898982188,-1189.821883
6174,-2369,10557,14198,13618,14013,9636,0.78,1.01,12701.9,0.90643688,-1264.3688
6175,-2384,10680,14144,13866,13967,9638,0.77,1.01,12634.1,0.90456791,-1345.679101
6176,-2395,10694,13909,13834,13714,9640,0.77,1.01,12323.2,0.898585387,-1285.853872
6177,-2404,10711,13836,13873,13642,9642,0.77,1.01,12228.6,0.896393491,-1263.934907
6178,-2441,10663,14058,13886,13863,9643,0.77,1.01,12516.9,0.902899805,-1328.998052
6179,-2426,10631,14117,13866,13921,9641,0.77,1.01,12593.3,0.904626104,-1346.261044
6180,-2452,10643,14169,13876,13976,9637,0.77,1.01,12661.8,0.905967373,-1359.673726
6181,-2443,10632,13961,13847,13747,9634,0.77,1.02,12385.1,0.900931112,-1309.311122
6182,-2462,10560,14227,13875,14039,9632,0.76,1.01,12738.7,0.907379443,-1473.79443
6183,-2480,10559,14099,13847,13897,9632,0.76,1.01,12568.1,0.904375045,-1443.75045
6184,-2479,10587,14124,13856,13919,9639,0.76,1.01,12599.7,0.905215892,-1452.158919
6185,-2505,10532,14129,13855,13925,9645,0.76,1.01,12606.5,0.905314183,-1453.141831
6186,-2484,10552,14197,13907,13991,9652,0.76,1.01,12694.3,0.907318991,-1473.189908
6187,-2499,10526,14148,13872,13959,9652,0.76,1.01,12635.7,0.905200946,-1452.009456
6188,-2522,10562,14093,13872,13902,9648,0.76,1.01,12563.6,0.903726083,-1437.260826
6189,-2536,10508,14146,13868,13951,9639,0.76,1.01,12631.3,0.90540463,-1454.046305
6190,-2521,10471,14244,13889,14051,9631,0.75,1.01,12759.3,0.9080706,-1580.706
6191,-2557,10510,14097,13908,13910,9625,0.76,1.01,12570,0.903666427,-1436.66427
6192,-2566,10373,13858,13832,13657,9625,0.75,1.01,12255.1,0.897349345,-1473.493447
6193,-2550,10528,14141,13942,13954,9632,0.76,1.01,12627.2,0.904916153,-1449.161531
6194,-2549,10430,14207,13894,14035,9641,0.75,1.01,12717.5,0.906127538,-1561.275383
6195,-2566,10395,14138,13802,13969,9650,0.75,1.01,12628.7,0.904051829,-1540.518291
6196,-2556,10383,14032,13786,13859,9653,0.75,1.01,12489.7,0.901197778,-1511.977776
6197,-2575,10311,13770,13816,13601,9651,0.75,1.01,12150.3,0.893338725,-1433.387251
6198,-2571,10481,13853,13899,13692,9647,0.75,1.01,12260.6,0.895457201,-1454.572013
6199,-2566,10413,14025,13845,13890,9642,0.75,1.01,12492,0.899352052,-1493.520518
6200,-2552,10395,14041,13880,13912,9640,0.75,1.01,12514.6,0.899554342,-1495.543416
6201,-2555,10380,14007,13860,13886,9640,0.75,1.01,12472.8,0.898228432,-1482.284315
6202,-2561,10368,14085,13899,13975,9642,0.75,1.01,12577.5,0.9,-1500
6203,-2572,10350,14109,13901,14004,9645,0.74,1.01,12610.2,0.900471294,-1604.712939
6204,-2561,10424,13955,13902,13859,9648,0.75,1.01,12412.7,0.895641821,-1456.418212
6205,-2574,10362,14086,13873,14009,9649,0.75,1.01,12588.7,0.898615176,-1486.15176
6206,-2528,10259,14136,13828,14073,9648,0.74,1,12657.9,0.899445747,-1594.457472
6207,-2550,10410,13724,13877,13672,9646,0.75,1,12125.6,0.88689292,-1368.929198
6208,-2531,10373,13744,13830,13701,9643,0.75,1,12154.3,0.88711043,-1371.104299
6209,-2509,10363,14004,13886,13985,9641,0.75,1,12499.5,0.893779049,-1437.79049
6210,-2503,10233,13941,13763,13933,9641,0.74,1,12420.9,0.89147348,-1514.734802
6211,-2555,10237,13643,13817,13633,9643,0.74,1,12032.9,0.882630382,-1426.303822
6212,-2477,10268,14001,13800,14022,9645,0.74,1,12507.6,0.891998288,-1519.982884
6213,-2489,10347,13925,13880,13960,9648,0.75,1,12413,0.889183381,-1391.833811
6214,-2467,10364,13806,13841,13855,9650,0.75,1,12262.5,0.885059545,-1350.595453
6215,-2460,10349,13892,13904,13966,9650,0.74,0.99,12381.8,0.886567378,-1465.673779
6216,-2458,10240,13839,13790,13911,9649,0.74,0.99,12312.3,0.885076558,-1450.765581
6217,-2440,10361,13854,13856,13967,9648,0.75,0.99,12344.1,0.883804682,-1338.046825
6218,-2429,10390,13567,13870,13677,9648,0.75,0.99,11970.1,0.87519924,-1251.992396
6219,-2426,10368,13697,13852,13839,9648,0.75,0.99,12148.7,0.877859672,-1278.596719
6220,-2386,10288,13827,13854,13996,9647,0.74,0.99,12325.8,0.880665905,-1406.659045
6221,-2387,10397,13581,13866,13745,9647,0.75,0.99,12004.5,0.873372135,-1233.721353
6222,-2365,10273,13678,13775,13870,9647,0.75,0.99,12139,0.87519827,-1251.982696
6223,-2334,10324,13811,13849,14030,9646,0.75,0.98,12320,0.878118318,-1281.183179
6224,-2329,10373,13547,13812,13771,9646,0.75,0.98,11978.3,0.869820638,-1198.206376
6225,-2323,10402,13688,13896,13950,9650,0.75,0.98,12173,0.872616487,-1226.164875
6226,-2285,10300,13649,13831,13915,9653,0.74,0.98,12123.5,0.871254042,-1312.540424
6227,-2270,10473,13635,13919,13936,9656,0.75,0.98,12115.8,0.869388634,-1193.886338
6228,-2254,10286,13660,13752,13983,9656,0.75,0.98,12154.9,0.869262676,-1192.626761
6229,-2248,10425,13532,13891,13864,9654,0.75,0.98,11991.2,0.86491633,-1149.163301
6230,-2200,10496,13355,13909,13705,9650,0.75,0.97,11766.5,0.858555272,-1085.552718
6231,-2160,10406,13587,13834,13979,9645,0.75,0.97,12080.7,0.864203448,-1142.03448
6232,-2135,10387,13509,13845,13926,9642,0.75,0.97,11986.8,0.860749677,-1107.496769
6233,-2117,10438,13500,13829,13931,9643,0.75,0.97,11979.3,0.859902376,-1099.02376
6234,-2106,10388,13558,13829,14019,9649,0.75,0.97,12063.7,0.860525002,-1105.250018
6235,-2062,10469,13552,13870,14046,9658,0.75,0.96,12065.8,0.859020362,-1090.203617
6236,-2031,10472,13413,13828,13915,9666,0.76,0.96,11887.5,0.854293927,-942.9392742
6237,-2028,10514,13401,13890,13926,9668,0.76,0.96,11878.8,0.852994399,-929.9439897
6238,-1991,10272,12838,13635,13380,9667,0.75,0.96,11152,0.83348281,-834.8281016
6239,-1972,10591,13256,13873,13817,9660,0.76,0.96,11701.1,0.846862561,-868.6256061
6240,-1949,10457,13062,13833,13639,9653,0.76,0.96,11453.7,0.839775643,-797.7564338
6241,-1902,10585,13273,13898,13902,9647,0.76,0.95,11743.6,0.844741764,-847.4176377
6242,-1878,10501,13327,13846,13979,9647,0.76,0.95,11820.7,0.84560412,-856.0412047
6243,-1849,10685,13147,13935,13797,9648,0.77,0.95,11586.1,0.839755019,-697.5501921
6244,-1811,10654,13108,13849,13782,9650,0.77,0.95,11542.6,0.837512698,-675.1269772
6245,-1797,10653,13282,13898,14012,9651,0.77,0.95,11785.6,0.841107622,-711.0762204
6246,-1761,10702,13119,13875,13842,9652,0.77,0.95,11571.6,0.83597746,-659.774599
6247,-1724,10737,12872,13891,13634,9651,0.77,0.94,11262.2,0.826037847,-560.3784656
6248,-1700,10672,12969,13778,13737,9649,0.77,0.94,11390.1,0.829154837,-591.548373
6249,-1666,10689,13167,13844,13987,9647,0.77,0.94,11663.1,0.833852863,-638.5286337
6250,-1640,10730,13039,13801,13871,9645,0.78,0.94,11500.3,0.829089467,-490.8946723
6251,-1611,10737,13090,13852,13943,9645,0.78,0.94,11572.9,0.830015061,-500.1506132
6252,-1580,10756,13093,13851,13977,9647,0.78,0.94,11586.1,0.828940402,-489.4040209
6253,-1543,10730,13056,13854,13956,9650,0.77,0.94,11542.8,0.827085125,-570.8512468
6254,-1514,10885,12834,13890,13738,9652,0.78,0.93,11255.4,0.819289562,-392.895618
6255,-1487,10875,13011,13893,13957,9653,0.78,0.93,11498.1,0.823823171,-438.2317117
6256,-1436,10591,13016,13471,13987,9653,0.79,0.93,11512.1,0.823057124,-330.5712447
6257,-1427,10773,12656,13829,13625,9657,0.78,0.93,11043.5,0.81053211,-305.3211009
6258,-1400,10900,12864,13857,13857,9661,0.79,0.93,11321.1,0.816995021,-269.9502057
6259,-1344,10970,12939,13900,13979,9665,0.79,0.93,11432.7,0.817848201,-278.4820087
6260,-1307,10921,12932,13880,13997,9665,0.79,0.92,11431.1,0.816682146,-266.8214617
6261,-1285,10901,12909,13841,14006,9664,0.79,0.92,11410.8,0.814707982,-247.0798229
6262,-1251,10965,12883,13875,14001,9662,0.79,0.92,11383.3,0.813034783,-230.3478323
6263,-1233,10986,12842,13870,13975,9660,0.79,0.92,11334.5,0.811055456,-210.5545617
6264,-1197,11041,12869,13882,14027,9659,0.8,0.92,11377.1,0.811085763,-110.8576317
6266,-1141,11118,12801,13881,13982,9659,0.8,0.92,11295.6,0.807867258,-78.67257903
6266,-1140,10877,12853,13695,14057,9667,0.79,0.91,11370.1,0.808856797,-188.5679733
6267,-1095,11225,12651,13933,13858,9675,0.81,0.91,11108.4,0.801587531,84.12469332
6268,-1065,11239,12572,13926,13773,9684,0.81,0.91,11003.9,0.798947216,110.5278443
6269,-1021,11221,12711,13896,13962,9684,0.81,0.91,11199.6,0.802148689,78.513107
6270,-1004,11268,12679,13959,13939,9681,0.81,0.91,11160.7,0.800681541,93.18459
6271,-984,11191,12677,13842,13964,9672,0.81,0.91,11166.2,0.799641936,103.5806359
6272,-939,11292,12438,13860,13717,9663,0.81,0.91,10853.1,0.79121528,187.8471969
6273,-887,11281,12636,13850,13976,9658,0.81,0.9,11128.8,0.796279336,137.20664
6275,-863,11394,12477,13916,13809,9658,0.82,0.9,10919.7,0.790766891,292.3310884
6275,-846,11391,12349,13888,13678,9660,0.82,0.9,10752.4,0.78610908,338.9091973
6276,-814,11247,12598,13837,13998,9662,0.81,0.9,11097.4,0.792784684,172.1531647
6277,-767,11402,12461,13851,13850,9665,0.82,0.9,10916,0.788158845,318.4115523
6279,-746,11459,12306,13891,13691,9665,0.82,0.9,10713.3,0.782506756,374.9324374
6280,-714,11478,12436,13922,13870,9664,0.82,0.9,10897,0.785652487,343.4751262
6280,-667,11446,12552,13896,14030,9663,0.82,0.89,11061,0.788382038,316.1796151
6281,-640,11449,12524,13888,14017,9661,0.82,0.89,11029.1,0.786837412,331.6258829
6282,-601,11608,12312,13945,13784,9659,0.83,0.89,10747.2,0.779686593,503.1340685
6283,-576,11596,12445,13943,13962,9659,0.83,0.89,10933.6,0.783096978,469.0302249
6284,-563,11441,12477,13805,14018,9660,0.83,0.89,10982.4,0.78344985,465.5014981
6285,-540,11604,12427,13903,13979,9661,0.83,0.89,10920.7,0.781221833,487.7816725
6287,-511,11593,12454,13926,14027,9663,0.83,0.89,10962.1,0.781499964,485.0003565
6287,-503,11462,12244,13742,13794,9663,0.83,0.89,10682.2,0.774409163,555.908366
6288,-442,11720,12190,13900,13756,9664,0.84,0.89,10616.8,0.771794126,682.058738
6289,-397,11678,12385,13860,14014,9669,0.84,0.88,10889.2,0.777022977,629.7702298
6290,-397,11698,12310,13882,13945,9673,0.84,0.88,10793.5,0.77400502,659.9498028
6292,-333,11765,12329,13905,13993,9677,0.85,0.88,10826.9,0.773736868,762.6313157
6292,-299,11779,12130,13856,13761,9677,0.85,0.88,10558.3,0.767262554,827.3744641
6294,-294,11843,12258,13947,13924,9673,0.85,0.88,10735.2,0.770985349,790.1465096
6295,-268,11786,12228,13872,13913,9666,0.85,0.88,10701.9,0.769201466,807.9853375
6296,-257,11839,12301,13918,14018,9660,0.85,0.88,10806.4,0.770894564,791.0543587
6296,-222,11720,12312,13838,14050,9657,0.85,0.88,10827,0.770604982,793.9501779
6297,-204,11824,12248,13871,13987,9657,0.85,0.88,10744.1,0.768148995,818.510045
6298,-170,11826,12172,13797,13920,9656,0.86,0.87,10648,0.764942529,950.5747126
6299,-132,11896,12132,13841,13891,9655,0.86,0.87,10599.3,0.763033619,969.6638111
6300,-119,11828,12294,13857,14088,9654,0.85,0.87,10820.4,0.768057922,819.4207836
6301,-81,11878,12185,13832,13986,9654,0.86,0.87,10680.8,0.763677964,963.2203632
6303,-39,12009,12154,13877,13974,9657,0.87,0.87,10646.2,0.761857736,1081.422642
6303,-26,12051,11945,13884,13729,9663,0.87,0.87,10363.7,0.754876539,1151.234613
6304,9,12023,12149,13891,13996,9669,0.87,0.87,10647.8,0.760774507,1092.25493
6305,43,12123,12093,13906,13947,9674,0.87,0.87,10577.1,0.758378146,1116.218542
6307,68,12071,12088,13875,13965,9674,0.87,0.87,10577.5,0.757429288,1125.707125
6307,90,12106,11812,13832,13650,9672,0.88,0.87,10207,0.747765568,1322.344322
6309,112,12102,11984,13801,13878,9670,0.88,0.86,10447.4,0.752802998,1271.970024
6310,166,12240,12038,13933,13960,9669,0.88,0.86,10526,0.754011461,1259.885387
6311,191,12223,12006,13899,13941,9669,0.88,0.86,10488.3,0.75233484,1276.651603
6312,182,12159,12060,13841,14005,9670,0.88,0.86,10561.5,0.754123527,1258.764727
6312,221,12204,11990,13835,13937,9673,0.88,0.86,10471.1,0.751316639,1286.833608
6314,249,12257,12004,13955,13967,9676,0.88,0.86,10494.1,0.75134961,1286.503902
6314,278,12274,12054,13894,14045,9678,0.88,0.86,10567.5,0.75240299,1275.970096
6316,289,12320,11945,13936,13925,9678,0.88,0.86,10422.5,0.748473968,1315.260323
6316,328,12356,11743,13883,13689,9677,0.89,0.86,10149.7,0.741449339,1485.506611
6318,348,12355,11966,13895,13973,9676,0.89,0.86,10457.9,0.74843627,1415.637301
6318,358,12450,11718,13937,13672,9675,0.89,0.86,10119.6,0.74016969,1498.303101
6320,387,12392,11957,13893,13976,9675,0.89,0.86,10449.8,0.74769605,1423.039496
6321,400,12436,11797,13883,13780,9675,0.9,0.86,10231,0.74245283,1575.471698
6322,419,12403,11965,13854,13995,9674,0.9,0.85,10463.5,0.747659879,1523.401215
6323,422,12395,11994,13886,14031,9674,0.89,0.85,10503.3,0.748578148,1414.218516
6324,449,12525,11820,13938,13819,9674,0.9,0.86,10265.7,0.742868514,1571.314856
6325,435,12437,11910,13884,13923,9674,0.9,0.86,10386.9,0.746024564,1539.754363
6326,444,12452,11924,13906,13948,9675,0.9,0.85,10408.4,0.74622885,1537.7115
6327,468,12583,11771,13947,13753,9676,0.9,0.86,10196.9,0.741430961,1585.690395
6328,466,12464,11892,13867,13907,9676,0.9,0.86,10364.1,0.745243403,1547.565974
6329,467,12436,11968,13854,14004,9677,0.9,0.85,10469.2,0.747586404,1524.135961
6330,477,12486,11928,13880,13945,9676,0.9,0.86,10411.5,0.746611689,1533.883112
6331,505,12581,11924,13899,13949,9675,0.91,0.85,10408.7,0.74619686,1638.0314
6331,510,12607,11821,13907,13803,9674,0.91,0.86,10261.9,0.743454322,1665.456785
6332,521,12602,11864,13878,13858,9673,0.91,0.86,10321.4,0.744797229,1652.02771
6334,529,12618,11954,13922,13956,9673,0.91,0.86,10440.8,0.748122671,1618.773287
6334,517,12637,11930,13891,13928,9673,0.91,0.86,10408.4,0.747300402,1626.995979
6336,531,12634,11977,13890,13977,9673,0.91,0.86,10470.1,0.749094942,1609.050583
6337,532,12576,11998,13886,13979,9673,0.91,0.86,10491.7,0.750532942,1594.670577
6338,516,12543,12012,13848,13993,9673,0.91,0.86,10509.9,0.751082684,1589.173158
6339,509,12719,11760,13932,13682,9673,0.91,0.86,10164.6,0.742917702,1670.822979
6340,517,12692,11973,13901,13920,9675,0.91,0.86,10449,0.750646552,1593.534483
6341,537,12693,11992,13893,13935,9677,0.91,0.86,10472.5,0.751524937,1584.750628
6342,526,12686,12031,13913,13966,9679,0.91,0.86,10520.8,0.753315194,1566.84806
6342,545,12747,12033,13941,13954,9679,0.91,0.86,10519.2,0.753848359,1561.516411
6344,532,12700,12064,13921,13973,9679,0.91,0.86,10555.9,0.755449796,1545.50204
6345,522,12722,12119,13902,14011,9679,0.92,0.86,10622.3,0.758140033,1618.599672
6346,503,12767,11914,13923,13751,9679,0.92,0.87,10339.3,0.751894408,1681.055923
6347,498,12726,11976,13899,13796,9679,0.92,0.87,10414.8,0.754914468,1650.85532
6348,502,12768,11964,13909,13786,9679,0.92,0.87,10399.8,0.754374003,1656.259974
6349,469,12756,12064,13919,13856,9680,0.92,0.87,10520.8,0.759295612,1607.04388
6350,485,12703,12214,13902,14026,9680,0.91,0.87,10721.8,0.764423214,1455.76786
6351,467,12747,12177,13907,13957,9681,0.92,0.87,10664.1,0.76406821,1559.317905
6352,444,12774,12135,13922,13865,9681,0.92,0.88,10594.5,0.764118283,1558.817166
6353,442,12753,12274,13912,14012,9680,0.92,0.88,10777.6,0.769169283,1508.307165
6354,421,12740,12188,13900,13885,9679,0.92,0.88,10653.5,0.767266835,1527.331653
6355,415,12764,12260,13916,13953,9678,0.92,0.88,10745.9,0.770149789,1498.502114
6356,392,12712,12280,13874,13959,9678,0.92,0.88,10767.7,0.771380471,1486.195286
6357,380,12706,12381,13917,14035,9678,0.91,0.88,10891.5,0.776024225,1339.757748
6358,375,12724,11999,13858,13587,9679,0.92,0.88,10375.1,0.763604916,1563.950835
6359,324,12772,12330,13947,13935,9681,0.92,0.88,10810.5,0.775780409,1442.19591
6360,326,12721,12429,13906,14011,9683,0.91,0.89,10932.3,0.780265506,1297.344943
6361,296,12699,12491,13902,14037,9684,0.91,0.89,11002.1,0.783792833,1262.071668
6362,238,12346,11838,13620,13270,9682,0.91,0.89,10119,0.762547099,1474.529013
6363,237,12750,12372,13917,13824,9671,0.92,0.89,10819.2,0.782638889,1373.611111
6364,201,12701,12590,13922,14047,9660,0.91,0.9,11104.1,0.790496191,1195.038086
6365,184,12679,12673,13935,14109,9651,0.91,0.9,11205.7,0.794223545,1157.764547
6366,154,12683,12490,13927,13870,9651,0.91,0.9,10951,0.789545782,1204.542177
6367,133,12299,12823,13489,14212,9655,0.91,0.9,11386.6,0.801196172,1088.038278
6368,123,12729,12581,13937,13921,9663,0.91,0.9,11057.3,0.794289203,1157.107966
6369,57,12600,12708,13923,14023,9670,0.9,0.91,11214.9,0.79975041,1002.4959
6370,35,12710,12689,13957,13966,9673,0.91,0.91,11178.8,0.800429615,1095.703852
6371,5,12655,12765,13935,13997,9672,0.91,0.91,11264.1,0.804751018,1052.489819
6372,-30,12477,12881,13832,14085,9670,0.9,0.91,11406.5,0.809833156,901.6684416
6373,-73,12668,12608,13948,13729,9667,0.91,0.92,11026.7,0.803168475,1068.315245
6374,-126,12591,12757,13924,13860,9665,0.9,0.92,11215,0.809163059,908.3694084
6375,-132,12608,12790,13908,13869,9665,0.91,0.92,11250.7,0.811212056,987.8794434
6376,-201,12509,12859,13874,13908,9665,0.9,0.92,11331.4,0.814739718,852.6028185
6377,-216,12439,12875,13832,13891,9666,0.9,0.93,11342.3,0.816521489,834.7851127
6378,-248,12560,12849,13922,13829,9666,0.9,0.93,11297.7,0.816957119,830.428809
6379,-308,12406,12766,13902,13686,9666,0.89,0.93,11171.8,0.816294023,737.0597691
6380,-348,12345,12784,13850,13671,9666,0.89,0.94,11185.3,0.818177163,718.2283666
6381,-378,12450,13102,13952,13978,9671,0.89,0.94,11595.4,0.82954643,604.535699
6382,-433,12239,12871,13791,13682,9675,0.89,0.94,11275.6,0.824119281,658.8071919
6383,-475,12455,13028,13939,13800,9679,0.89,0.94,11468,0.831014493,589.8550725
6384,-518,12309,13259,13879,14020,9679,0.89,0.95,11765,0.839158345,508.4165478
6385,-566,12315,13366,13910,14091,9681,0.89,0.95,11893.3,0.8440352,459.6480023
6386,-635,12241,13412,13911,14089,9687,0.88,0.95,11938.7,0.847377387,326.2261339
6387,-702,12325,13133,13940,13730,9693,0.88,0.96,11552,0.841369264,386.3073562
6388,-741,12274,13162,13918,13724,9696,0.88,0.96,11579.2,0.843719032,362.8096765
6389,-793,12124,13298,13766,13827,9696,0.88,0.96,11746.1,0.849504592,304.9540754
6390,-828,12202,13510,13934,14004,9688,0.88,0.96,12011.2,0.857697801,223.0219937
6391,-873,12172,13523,13905,13981,9677,0.88,0.97,12017.3,0.859545097,204.5490308
6392,-951,12077,13536,13863,13948,9667,0.87,0.97,12020.4,0.861800975,81.9902495
6393,-999,12063,13583,13896,13957,9665,0.87,0.97,12070.1,0.86480619,51.93809558
6394,-1057,12100,13489,13958,13804,9665,0.87,0.98,11930.2,0.864256737,57.43262822
6395,-1102,12034,13584,13915,13866,9667,0.86,0.98,12043.8,0.868585028,-85.85028126
6396,-1170,12011,13654,13926,13908,9668,0.86,0.98,12126.4,0.871901064,-119.0106414
6397,-1230,11864,13817,13905,14028,9669,0.85,0.98,12325.4,0.878628457,-286.2845737
6398,-1302,11797,13423,13904,13584,9669,0.85,0.99,11798.2,0.868536514,-185.3651355
6399,-1350,11869,13686,13900,13801,9677,0.85,0.99,12126.3,0.878653721,-286.5372074
6400,-1406,11780,13988,13908,14067,9688,0.85,0.99,12508.1,0.889180351,-391.8035118
6401,-1470,11703,14009,13912,14050,9698,0.84,1,12524,0.8913879,-513.8790036
6402,-1528,11718,14007,13921,13995,9700,0.84,1,12505.5,0.893569132,-535.6913183
6403,-1605,11683,14130,13938,14080,9699,0.84,1,12654,0.898721591,-587.2159091
6404,-1653,11672,14126,13976,14035,9697,0.84,1.01,12636.5,0.900356252,-603.5625223
6405,-1711,11518,14142,13861,14010,9694,0.83,1.01,12645,0.902569593,-725.6959315
6406,-1794,11534,14006,13881,13815,9691,0.83,1.01,12450.5,0.901230547,-712.3054651
6407,-1859,11205,14212,13703,13990,9691,0.82,1.02,12709,0.908434596,-884.3459614
6408,-1869,11494,14146,13905,13906,9687,0.83,1.02,12617.8,0.907363728,-773.6372789
6409,-1949,11456,14046,13919,13758,9680,0.82,1.02,12473.4,0.90662887,-866.2887048
6410,-1984,11318,14338,13811,14027,9673,0.82,1.02,12846.1,0.915812362,-958.1236187
6411,-2026,11329,14377,13928,14027,9670,0.81,1.02,12885.1,0.918592714,-1085.927141
6412,-2123,11198,14449,13882,14048,9672,0.81,1.03,12963.4,0.92279328,-1127.932802
6413,-2207,11110,14505,13797,14051,9680,0.81,1.03,13020.3,0.92664579,-1166.457903
6414,-2262,11164,14510,13943,14008,9688,0.8,1.04,13012.4,0.928926328,-1289.263278
6415,-2336,11078,14677,13915,14132,9695,0.8,1.04,13216.6,0.935225021,-1352.250212
6416,-2379,11167,14557,13983,13990,9695,0.8,1.04,13054,0.933095068,-1330.950679
6417,-2437,10940,14689,13877,14083,9695,0.79,1.04,13213.9,0.938287297,-1482.872967
6418,-2539,10875,14309,13879,13670,9695,0.78,1.05,12710,0.929773226,-1497.73226
6419,-2585,11019,14497,13969,13810,9695,0.79,1.05,12940,0.937002172,-1470.021723
6420,-2649,10890,14530,13881,13793,9695,0.78,1.05,12967.9,0.940179801,-1601.798013
6421,-2690,10837,14729,13902,13961,9695,0.78,1.06,13217.3,0.946730177,-1667.301769
6422,-2788,10757,14751,13856,13938,9691,0.78,1.06,13232.4,0.949375807,-1693.758071
6423,-2848,10758,14605,13912,13758,9688,0.77,1.06,13032.4,0.947259776,-1772.597761
6424,-2928,10737,14767,13965,13863,9684,0.77,1.07,13225.9,0.954043136,-1840.431364
6425,-3003,10488,15030,13853,14072,9684,0.76,1.07,13551.6,0.963018761,-2030.187607
6426,-3076,10590,14736,13933,13747,9684,0.76,1.07,13160.1,0.957307049,-1973.070488
6427,-3151,10360,15133,13855,14085,9683,0.75,1.07,13658.5,0.96971956,-2197.195598
6428,-3224,10501,14891,13958,13828,9683,0.75,1.08,13339.4,0.964665895,-2146.658953
6429,-3263,10366,15097,13890,13994,9683,0.75,1.08,13595.2,0.971502072,-2215.020723
6430,-3298,10432,15115,13961,13971,9683,0.75,1.08,13606.3,0.973895927,-2238.959273
6431,-3367,10196,15229,13834,14042,9683,0.74,1.08,13741.6,0.978607036,-2386.07036
6432,-3481,10179,15323,13915,14081,9683,0.73,1.09,13847.3,0.983403167,-2534.031674
6433,-3533,10275,15097,14004,13832,9682,0.73,1.09,13546.6,0.979366686,-2493.666859
6434,-3614,10004,15382,13854,14048,9682,0.72,1.09,13896.4,0.989208428,-2692.084282
6435,-3687,10042,15377,13913,14028,9683,0.72,1.1,13885.4,0.989834616,-2698.346165
6436,-3753,9994,15322,13899,13946,9685,0.72,1.1,13805.8,0.989946938,-2699.469382
6437,-3765,9923,15522,13904,14103,9686,0.71,1.1,14052.9,0.996447564,-2864.475643
6438,-3840,9938,15463,13952,14023,9687,0.71,1.1,13969.9,0.996213364,-2862.133638
6439,-3898,9803,15160,13908,13710,9687,0.7,1.11,13573,0.990007294,-2900.072939
6440,-3970,9861,15337,13930,13843,9688,0.71,1.11,13789.9,0.996164126,-2861.641263
6441,-4021,9748,15491,13897,13948,9688,0.7,1.11,13975.4,1.001964439,-3019.644393
6442,-4078,9729,15409,13889,13837,9689,0.7,1.11,13860.1,1.001669437,-3016.69437
6443,-4149,9625,15659,13870,14025,9689,0.69,1.12,14166.5,1.010089127,-3200.891266
6444,-4220,9602,15715,13975,14050,9689,0.69,1.12,14230,1.012811388,-3228.113879
6445,-4290,9526,15680,13912,13992,9693,0.68,1.12,14177.6,1.013264723,-3332.647227
6446,-4354,9539,15570,13950,13859,9696,0.68,1.12,14027.7,1.012172595,-3321.725954
6447,-4388,9498,15747,13982,13989,9699,0.68,1.13,14243.7,1.018207163,-3382.071628
6448,-4451,9460,15698,13945,13920,9699,0.68,1.13,14174,1.018247126,-3382.471264
6449,-4518,9418,15776,13943,13969,9692,0.68,1.13,14266.7,1.021311475,-3413.114754
6450,-4558,9360,15684,13936,13868,9680,0.67,1.13,14144.4,1.019930776,-3499.307759
6451,-4611,9295,15875,13957,14004,9668,0.67,1.13,14376.2,1.026578121,-3565.781205
6452,-4685,9182,15871,13911,13962,9664,0.66,1.14,14359.6,1.028477296,-3684.772955
6453,-4760,9185,15689,13938,13784,9664,0.66,1.14,14124.2,1.024680789,-3646.807893
6454,-4839,9082,16016,13908,14033,9671,0.65,1.14,14525.9,1.03512435,-3851.243497
6455,-4872,8967,15980,13851,13987,9678,0.65,1.14,14476.1,1.034968185,-3849.681847
6456,-4946,9037,15825,13982,13822,9685,0.65,1.14,14271.6,1.032527854,-3825.278541
6457,-4995,8877,15969,13878,13921,9685,0.64,1.15,14445.3,1.037662524,-3976.625242
6458,-5074,8732,15606,13847,13590,9686,0.63,1.15,13983,1.028918322,-3989.183223
6459,-5128,8736,16074,13860,13964,9690,0.63,1.15,14563.2,1.042910341,-4129.103409
6460,-5169,8741,16139,13916,13993,9693,0.63,1.15,14636.9,1.046015865,-4160.158651
6461,-5234,8752,15950,13942,13798,9694,0.63,1.16,14389.4,1.042861284,-4128.612842
6462,-5303,8685,16197,13907,13981,9694,0.62,1.16,14691.3,1.050804663,-4308.046635
6463,-5349,8675,15965,13982,13772,9689,0.62,1.16,14396.6,1.04535289,-4253.528899
6464,-5410,8630,15958,13977,13747,9683,0.62,1.16,14382.1,1.046199171,-4261.991707
6465,-5459,8540,15908,13913,13680,9678,0.61,1.16,14312,1.04619883,-4361.988304
6466,-5510,8510,16141,13927,13854,9678,0.61,1.17,14597.2,1.053645157,-4436.451566
6467,-5574,8152,16406,13619,14054,9682,0.6,1.17,14922.2,1.061776007,-4617.760068
6468,-5601,8400,16221,13917,13877,9693,0.6,1.17,14684.1,1.058160986,-4581.609858
6469,-5662,8334,16458,13900,14054,9704,0.6,1.17,14974.2,1.065476021,-4654.760211
6470,-5735,8238,16480,13937,14052,9711,0.59,1.17,14995.6,1.067150584,-4771.505835
6471,-5782,8233,16404,13972,13958,9711,0.59,1.18,14891.4,1.066872045,-4768.720447
6472,-5865,8151,16488,13898,14006,9705,0.59,1.18,14989.8,1.070241325,-4802.413251
6473,-5902,8032,16576,13868,14056,9697,0.58,1.18,15092.8,1.073762094,-4937.620945
6474,-5983,8046,16547,13948,14009,9689,0.58,1.18,15049.7,1.074287958,-4942.879577
6475,-6037,7895,16611,13900,14046,9688,0.57,1.18,15124.8,1.076804784,-5068.047843
6476,-6083,7821,16652,13850,14051,9688,0.56,1.19,15167.3,1.079446303,-5194.463028
6477,-6141,7944,16201,13960,13662,9687,0.57,1.19,14599.6,1.068628312,-4986.283121
6478,-6179,7882,16421,13914,13831,9687,0.57,1.19,14870.3,1.075142795,-5051.427952
6479,-6219,7847,16317,13918,13732,9686,0.56,1.19,14736.6,1.073157588,-5131.575881
6480,-6286,7801,16459,13930,13830,9686,0.56,1.19,14908,1.077946493,-5179.464931
6481,-6323,7670,16791,13877,14083,9691,0.55,1.19,15315.9,1.087545267,-5375.452673
6482,-6384,7645,16772,13926,14050,9697,0.55,1.19,15287,1.088042705,-5380.427046
6483,-6407,7608,16742,13892,14008,9703,0.55,1.2,15244.4,1.088263849,-5382.638492
6484,-6469,7593,16610,13954,13889,9704,0.54,1.2,15076.7,1.085513716,-5455.137159
6485,-6527,7480,16887,13970,14088,9703,0.54,1.2,15413.4,1.094080068,-5540.800681
6486,-6546,7513,16551,13899,13808,9697,0.54,1.2,14993.4,1.085848783,-5458.487833
6487,-6586,7409,16835,13816,14025,9692,0.54,1.2,15342.5,1.093939394,-5539.393939
6488,-6615,7467,16668,13936,13884,9687,0.54,1.2,15133.2,1.089974071,-5499.740709
6489,-6637,7396,16831,13866,14012,9687,0.53,1.2,15334.6,1.094390522,-5643.905224
6490,-6693,7357,16730,13905,13918,9686,0.53,1.2,15205.4,1.092498922,-5624.989223
6491,-6727,7246,16987,13903,14120,9683,0.52,1.2,15523,1.099362606,-5793.626062
6492,-6749,7271,16879,13946,14018,9681,0.52,1.2,15384.4,1.097474675,-5774.746754
6493,-6784,7179,16969,13879,14086,9680,0.52,1.2,15494.8,1.100014198,-5800.141985
6494,-6811,7170,16952,13873,14070,9680,0.52,1.2,15473,1.099715707,-5797.157072
6495,-6867,7185,16707,13949,13865,9682,0.52,1.2,15166.5,1.093869455,-5738.694555
6496,-6861,7148,16772,13893,13908,9684,0.51,1.21,15244.4,1.096088582,-5860.885821
6497,-6921,6993,16936,13745,14037,9686,0.51,1.21,15447.1,1.100455938,-5904.559379
6498,-6977,7000,16362,13938,13573,9686,0.5,1.21,14733.9,1.085530097,-5855.300965
6499,-6980,6896,16943,13718,14042,9687,0.5,1.21,15455.6,1.10066942,-6006.694203
6500,-6995,7040,16873,13961,13989,9687,0.5,1.21,15369.7,1.098698978,-5986.989778
6501,-6996,6924,16942,13890,14046,9688,0.5,1.21,15455.8,1.100370212,-6003.702122
6502,-7028,6927,16979,13973,14072,9689,0.5,1.21,15500.6,1.10152075,-6015.207504
6503,-7055,6881,16852,13914,13968,9689,0.49,1.21,15342.4,1.098396334,-6083.963345
6504,-7089,6878,16787,13972,13930,9691,0.49,1.21,15266,1.095908112,-6059.08112
6505,-7087,6881,16602,13939,13780,9693,0.49,1.2,15036,1.091146589,-6011.465893
6507,-7127,6824,16873,13923,14002,9695,0.49,1.21,15373.6,1.097957435,-6079.574347
6507,-7127,6615,16808,13564,13959,9695,0.49,1.2,15295.7,1.095759009,-6057.590085
6508,-7116,6818,16690,13946,13866,9696,0.49,1.2,15149.8,1.092586182,-6025.86182
6509,-7161,6675,16867,13896,14019,9700,0.48,1.2,15372.7,1.096561809,-6165.61809
6510,-7184,6628,16879,13886,14028,9704,0.48,1.2,15387.4,1.096906188,-6169.061876
6511,-7190,6572,16905,13899,14067,9706,0.47,1.2,15425.1,1.096545106,-6265.451056
6512,-7208,6636,16819,13916,14001,9705,0.48,1.2,15319.3,1.09415756,-6141.575602
6513,-7190,6679,16622,13979,13856,9702,0.48,1.2,15078.8,1.088250577,-6082.505774
6514,-7212,6555,16894,13886,14095,9697,0.47,1.2,15422.5,1.094182334,-6241.823342
6515,-7224,6561,16837,13952,14056,9693,0.47,1.2,15353.8,1.092330677,-6223.306773
6516,-7219,6574,16486,13901,13786,9692,0.47,1.2,14921.8,1.08238793,-6123.879298
6517,-7235,6373,16728,13628,13997,9692,0.47,1.2,15227.1,1.087883118,-6178.831178
6518,-7201,6540,16606,13947,13917,9692,0.47,1.19,15081.1,1.083645901,-6136.459007
6519,-7230,6426,16770,13886,14068,9693,0.46,1.19,15290.4,1.086892238,-6268.922377
6520,-7219,6465,16724,13952,14056,9694,0.46,1.19,15240.8,1.084291406,-6242.914058
6521,-7212,6493,16620,13971,13982,9694,0.46,1.19,15114.6,1.081004148,-6210.041482
6522,-7239,6422,16628,13957,14010,9694,0.46,1.19,15131,1.080014276,-6200.142755
6523,-7184,6460,16365,13942,13810,9694,0.46,1.19,14808,1.072266474,-6122.664736
6524,-7200,6443,16341,13941,13816,9695,0.46,1.18,14785.8,1.070193978,-6101.93978
6525,-7219,6356,16546,13931,14011,9695,0.46,1.18,15049.3,1.07410606,-6141.060595
6526,-7190,6368,16559,13965,14049,9696,0.46,1.18,15073.7,1.072937576,-6129.375756
6527,-7168,6305,16338,13718,13892,9702,0.46,1.18,14805.6,1.065764469,-6057.644688
6528,-7128,6362,16329,13933,13911,9709,0.46,1.17,14802.3,1.064071598,-6040.71598
6529,-7146,6299,16413,13921,14014,9713,0.45,1.17,14917.2,1.064449836,-6144.498359
6530,-7120,6302,16387,13921,14010,9713,0.45,1.17,14890,1.062812277,-6128.122769
6531,-7145,6295,16408,13933,14051,9710,0.45,1.17,14923.3,1.062080991,-6120.809907
6532,-7120,6335,16219,13969,13925,9703,0.45,1.16,14696.5,1.05540395,-6054.039497
6533,-7076,6293,16279,13934,13998,9697,0.45,1.16,14778.4,1.055750822,-6057.508215
6534,-7061,6308,16120,13887,13898,9694,0.45,1.16,14589.4,1.049748165,-5997.481652
6535,-7059,6202,16373,13895,14129,9694,0.45,1.16,14911.7,1.055396702,-6053.967018
6536,-7029,6282,16179,13939,13993,9698,0.45,1.16,14676.9,1.048874437,-5988.744372
6537,-7010,6198,16221,13803,14060,9702,0.45,1.15,14739,1.04829303,-5982.930299
6538,-7004,6167,15682,13932,13627,9707,0.44,1.15,14070.1,1.032516328,-5925.163279
6539,-6948,6214,16063,13782,14007,9707,0.45,1.15,14565.1,1.039844364,-5898.443635
6540,-6924,6194,16144,13766,14110,9706,0.45,1.14,14677,1.040184266,-5901.842665
6542,-6881,6301,16003,13993,14018,9705,0.45,1.14,14508.4,1.034983593,-5849.835925
6542,-6885,6246,15960,13931,14014,9703,0.45,1.14,14464.2,1.032125018,-5821.250178
6543,-6827,6307,15717,13947,13827,9703,0.45,1.14,14165.1,1.024452159,-5744.521588
6544,-6817,6270,15784,13936,13939,9703,0.45,1.13,14265.7,1.023437836,-5734.378363
6545,-6758,6245,15866,13927,14052,9705,0.45,1.13,14381.6,1.023455736,-5734.557358
6546,-6711,6331,15772,13950,14001,9708,0.45,1.13,14272.3,1.019377187,-5693.771873
6547,-6691,6229,15773,13801,14043,9710,0.45,1.12,14285.9,1.017296874,-5672.968739
6548,-6628,6317,15693,13962,14024,9711,0.45,1.12,14200.2,1.012564176,-5625.641757
6550,-6590,6109,15191,13658,13634,9710,0.45,1.11,13581.2,0.996127329,-5461.273287
6550,-6570,6408,15415,13965,13853,9710,0.46,1.11,13870.9,1.001292139,-5412.921389
6551,-6512,6412,15302,13942,13792,9710,0.46,1.11,13739.6,0.996200696,-5362.006961
6553,-6477,6407,15452,13931,13970,9710,0.46,1.11,13943,0.998067287,-5380.67287
6553,-6418,6404,15410,13944,13963,9710,0.46,1.1,13898.9,0.995409296,-5354.09296
6554,-6400,6475,15105,13963,13722,9710,0.46,1.1,13521.6,0.985395715,-5253.957149
6555,-6330,6541,15169,14052,13821,9711,0.47,1.1,13615.3,0.985116851,-5151.168512
6556,-6268,6471,15322,13899,14007,9711,0.47,1.09,13824.1,0.986942243,-5169.422432
6558,-6223,6491,15260,13833,13988,9712,0.47,1.09,13756.4,0.983442951,-5134.429511
6559,-6193,6403,14558,13854,13379,9711,0.46,1.09,12871.7,0.962082368,-5020.823679
6560,-6158,6564,14898,13924,13725,9706,0.47,1.09,13315.5,0.970163934,-5001.639344
6560,-6114,6543,15128,13972,13980,9701,0.47,1.08,13622,0.974391989,-5043.919886
6561,-6046,6647,14952,13972,13849,9698,0.48,1.08,13406.7,0.968062676,-4880.62676
6562,-6000,6639,15093,13961,14029,9698,0.48,1.08,13601.7,0.969541664,-4895.416637
6563,-5939,6604,15061,13941,14051,9699,0.47,1.07,13576.3,0.966215928,-4962.159277
6564,-5901,6709,14831,13878,13874,9701,0.48,1.07,13293.2,0.958137523,-4781.375234
6565,-5839,6753,14651,13907,13751,9702,0.49,1.07,13076.3,0.950934477,-4609.344775
6566,-5777,6780,14794,13924,13931,9703,0.49,1.06,13273.3,0.952788745,-4627.887445
6568,-5699,6717,14784,13660,13979,9703,0.49,1.06,13277.7,0.949831891,-4598.318907
6569,-5615,6897,14574,13980,13825,9705,0.49,1.05,13021.5,0.941880651,-4518.80651
6570,-5574,6843,14616,13800,13897,9708,0.5,1.05,13085.1,0.941577319,-4415.773188
6571,-5549,6891,14698,13963,14020,9710,0.49,1.05,13204,0.941797432,-4517.974322
6572,-5458,6902,14614,13914,13983,9710,0.5,1.05,13108.9,0.937488379,-4374.883787
6573,-5424,6997,14590,13952,14004,9707,0.5,1.04,13091.2,0.934818623,-4348.186233
6573,-5355,6999,14529,13907,13978,9702,0.5,1.04,13022.4,0.931635427,-4316.354271
6574,-5302,7066,14473,13948,13973,9698,0.51,1.04,12964.9,0.927853718,-4178.537179
6575,-5235,7098,14457,13934,14000,9696,0.51,1.03,12957,0.9255,-4155
6577,-5162,7184,14149,13979,13736,9696,0.51,1.03,12569.8,0.91509901,-4050.990099
6578,-5094,7063,14381,13664,14030,9699,0.52,1.03,12890,0.918745545,-3987.455453
6579,-5033,7207,14292,13910,13981,9702,0.52,1.02,12786.3,0.914548316,-3945.483156
6580,-4974,7221,14255,13915,13997,9706,0.52,1.02,12754.1,0.911202401,-3912.024005
6581,-4917,7277,14276,13952,14053,9706,0.52,1.02,12791.9,0.910261154,-3902.611542
6581,-4871,7293,14246,13963,14078,9706,0.52,1.01,12769.4,0.907046455,-3870.464555
6583,-4786,7310,14150,13853,14043,9708,0.53,1.01,12662.9,0.901723279,-3717.232785
6583,-4705,7388,14145,13888,14074,9710,0.53,1.01,12667.2,0.900042632,-3700.426318
6585,-4643,7478,13804,13867,13783,9711,0.54,1,12238.9,0.887970689,-3479.706885
6585,-4564,7526,14004,13955,14051,9711,0.54,1,12519.3,0.890989965,-3509.899651
6587,-4505,7553,13992,13952,14092,9711,0.54,0.99,12519.6,0.888418961,-3484.189611
6588,-4408,7479,13808,13553,13970,9711,0.55,0.99,12299,0.880386543,-3303.865426
6589,-4320,7742,13672,13966,13876,9712,0.55,0.99,12134.8,0.874517152,-3245.171519
6590,-4269,7683,13796,13847,14060,9712,0.55,0.98,12314,0.875817923,-3258.179232
6591,-4193,7791,13714,13922,14026,9711,0.56,0.98,12221.8,0.87136746,-3113.674604
6592,-4101,7886,13703,13956,14075,9709,0.57,0.97,12225.5,0.868596803,-2985.968028
6593,-4036,7893,13615,13946,14034,9708,0.57,0.97,12125.2,0.863987459,-2939.87459
6594,-3970,7926,13520,13912,13972,9707,0.57,0.97,12011.6,0.85969081,-2896.908102
6595,-3911,7984,13541,13900,14045,9707,0.57,0.96,12054.5,0.858276967,-2882.769669
6596,-3851,8074,13198,13937,13711,9706,0.58,0.96,11611.3,0.846860185,-2668.601853
6597,-3798,8036,13454,13864,14037,9704,0.58,0.96,11965.1,0.852397236,-2723.972359
6598,-3734,8047,13359,13794,13992,9703,0.58,0.95,11856.6,0.84738422,-2673.842196
6598,-3669,8100,13023,13944,13670,9703,0.58,0.95,11424,0.83569861,-2556.986101
6600,-3582,8180,13275,13859,13997,9705,0.59,0.95,11774.1,0.841187397,-2511.873973
6601,-3497,8342,13247,13970,14019,9711,0.6,0.94,11752.7,0.838340823,-2383.408232
6602,-3431,8342,13232,13983,14048,9718,0.6,0.94,11746.4,0.836161731,-2361.617312
6603,-3378,8459,13109,13982,13964,9724,0.6,0.94,11598.2,0.830578631,-2305.786308
6604,-3300,8461,12999,13920,13875,9724,0.61,0.94,11461.5,0.826054054,-2160.540541
6605,-3248,8542,12827,13993,13728,9717,0.61,0.93,11245.4,0.819157925,-2091.579254
6606,-3197,8488,13098,13903,14077,9707,0.61,0.93,11621.1,0.825538112,-2155.381118
6607,-3132,8575,12872,13925,13868,9696,0.62,0.93,11332.4,0.817161811,-1971.618114
6608,-3050,8638,12843,13884,13890,9692,0.62,0.92,11310,0.81425486,-1942.548596
6609,-2969,8738,12760,13953,13847,9692,0.63,0.92,11214.1,0.809857731,-1798.577309
6610,-2903,8749,12602,13882,13721,9702,0.63,0.92,11018.3,0.803024561,-1730.245609
6611,-2807,8877,12811,13974,14015,9712,0.64,0.91,11315.5,0.807384945,-1673.849447
6612,-2754,8826,12852,13962,14107,9722,0.63,0.91,11384.1,0.806982349,-1769.823492
6613,-2713,8870,12799,13939,14092,9722,0.64,0.91,11326.6,0.803760999,-1637.609991
6614,-2647,8914,12694,13893,13998,9720,0.64,0.91,11193.4,0.799642806,-1596.428061
6615,-2597,9067,12483,13978,13798,9717,0.65,0.9,10922.4,0.791592984,-1415.929845
6616,-2518,9108,12456,13953,13806,9714,0.65,0.9,10897.8,0.789352455,-1393.524555
6617,-2449,9093,12578,13878,14007,9713,0.66,0.9,11080.1,0.791040194,-1310.401942
6618,-2378,9158,12405,13862,13839,9713,0.66,0.9,10856.7,0.784500325,-1245.003252
6619,-2319,9135,12144,13915,13595,9710,0.66,0.89,10522.5,0.773997793,-1139.977933
6620,-2230,9294,12486,13932,14040,9707,0.67,0.89,10998,0.783333333,-1133.333333
6621,-2158,9368,12372,13924,13952,9703,0.67,0.89,10857.6,0.778211009,-1082.110092
6622,-2097,9412,12397,13939,14032,9703,0.68,0.88,10906.6,0.777266249,-972.6624857
6623,-2046,9462,12351,13938,14012,9705,0.68,0.88,10854.6,0.774664573,-946.6457322
6624,-1961,9513,12353,13977,14061,9709,0.68,0.88,10871.3,0.773152692,-931.5269184
6625,-1920,9509,12346,13939,14086,9713,0.68,0.88,10871.8,0.771815988,-918.1598751
6626,-1863,9649,12254,13965,14028,9715,0.69,0.87,10762.4,0.76720844,-772.0844026
6627,-1797,9676,12220,13945,14026,9715,0.69,0.87,10727.8,0.764850991,-748.5099102
6628,-1710,9639,12168,13804,14026,9707,0.7,0.87,10675.8,0.76114359,-611.4359047
6629,-1651,9789,12082,13920,13952,9698,0.7,0.87,10567.6,0.757425459,-574.2545872
6630,-1582,9866,12047,13978,13950,9688,0.71,0.86,10532,0.754982079,-449.8207885
6631,-1523,9896,12083,13955,14027,9686,0.71,0.86,10591.1,0.755050973,-450.5097312
6632,-1485,9921,12057,13946,14026,9688,0.71,0.86,10564.8,0.753229716,-432.2971624
6633,-1432,9955,12023,13901,14022,9697,0.72,0.86,10529.6,0.750934246,-309.3424618
6634,-1375,9969,12024,13913,14059,9706,0.72,0.86,10541.7,0.749818622,-298.1862152
6635,-1318,10119,11756,13963,13771,9713,0.72,0.85,10187.3,0.739764723,-197.6472297
6636,-1270,10001,11637,13893,13654,9714,0.72,0.85,10033.2,0.734817636,-148.1763586
6637,-1201,10192,11836,13936,13924,9712,0.73,0.85,10313.2,0.740677966,-106.779661
6638,-1169,10109,11827,13725,13963,9711,0.74,0.85,10315.9,0.73880255,11.97450405
6639,-1052,10278,11870,13916,14058,9709,0.74,0.84,10387.4,0.738896002,11.03997724
6640,-1013,10382,11656,13959,13826,9709,0.74,0.84,10103.8,0.730782584,92.17416462
6641,-966,10468,11642,14005,13838,9708,0.75,0.84,10093.4,0.729397312,206.0268825
6642,-897,10463,11721,13944,13970,9704,0.75,0.84,10212,0.730994989,190.0501074
6643,-865,10486,11755,13965,14034,9700,0.75,0.84,10265.2,0.731452188,185.4781246
6644,-801,10542,11597,13934,13870,9697,0.76,0.84,10058,0.725162221,348.3777938
6645,-778,10623,11503,13990,13783,9697,0.76,0.83,9937.9,0.721025901,389.7409853
6646,-712,10629,11667,13964,14024,9700,0.76,0.83,10174.2,0.725484883,345.1511694
6647,-664,10720,11649,13980,14036,9705,0.77,0.83,10159.8,0.7238387,461.6129952
6649,-602,10486,11636,13625,14044,9710,0.77,0.83,10149.2,0.722671604,473.2839647
6649,-547,10780,11531,13943,13938,9712,0.77,0.83,10012.4,0.718352705,516.4729516
6650,-533,10679,11342,13921,13732,9712,0.77,0.83,9761.6,0.710865133,591.3486746
6651,-467,10912,11554,14013,14015,9719,0.78,0.82,10058.5,0.717695326,623.0467356
6652,-433,10902,11398,13945,13844,9725,0.78,0.82,9851.2,0.711586247,684.1375325
6653,-393,10823,11555,13921,14068,9731,0.78,0.82,10075.4,0.716192778,638.0722206
6654,-333,10967,11405,13950,13901,9731,0.79,0.82,9875.3,0.710402129,795.9787066
6655,-315,11064,11476,14001,14015,9730,0.79,0.82,9980.5,0.712129861,778.7013914
6657,-260,11040,11504,13945,14078,9727,0.79,0.82,10027.4,0.712274471,777.2552919
6657,-216,11064,11396,13922,13956,9725,0.79,0.82,9882.8,0.708139868,818.6013184
6659,-178,11060,11359,13837,13927,9724,0.8,0.82,9837.1,0.706333022,936.6697781
6660,-144,11147,11155,13899,13704,9724,0.8,0.81,9566.2,0.698058961,1019.410391
6661,-81,11052,11289,13727,13883,9723,0.81,0.81,9753.9,0.702578693,1074.213066
6662,-64,11243,11319,13967,13938,9722,0.8,0.81,9800.4,0.703142488,968.5751184
6662,-15,11211,11397,13874,14068,9720,0.81,0.81,9917.4,0.704961615,1050.38385
6664,13,11378,11217,13997,13849,9720,0.81,0.81,9671.7,0.698368113,1116.318868
6664,54,11231,11399,13858,14103,9717,0.81,0.81,9929.9,0.704098419,1059.015812
6666,72,11374,11341,13958,14047,9710,0.81,0.81,9855.1,0.701580409,1084.195914
6667,91,11396,11203,13927,13886,9703,0.82,0.81,9668.8,0.69629843,1237.015699
6668,151,11477,11171,13954,13861,9699,0.82,0.81,9629.3,0.694704567,1252.954332
6669,179,11181,11304,13616,14044,9699,0.82,0.8,9817.2,0.699031615,1209.683851
6670,217,11461,11272,13897,14024,9703,0.82,0.8,9779.2,0.697318882,1226.811181
6670,260,11307,11267,13673,14034,9708,0.83,0.8,9777.2,0.696679493,1333.205073
6671,269,11560,11250,13947,14028,9712,0.83,0.8,9758.4,0.695637297,1343.627032
6672,345,11680,11134,13971,13897,9713,0.84,0.8,9603.1,0.691019645,1489.803555
6674,351,11720,11187,13996,13992,9713,0.84,0.8,9684.6,0.692152659,1478.473413
6675,418,11693,11209,13940,14034,9711,0.84,0.8,9719.2,0.692546672,1474.533276
6676,455,11768,11233,13988,14089,9710,0.84,0.8,9759.7,0.692717723,1472.82277
6677,478,11771,11217,13972,14079,9708,0.84,0.8,9740.7,0.691860217,1481.397827
6678,509,11826,11202,13974,14073,9708,0.85,0.8,9723.9,0.690961415,1590.385845
6679,543,11582,11166,13673,14034,9707,0.85,0.8,9676.2,0.689482685,1605.173151
6680,596,11900,11115,13947,13990,9705,0.85,0.79,9612,0.687062187,1629.378127
6681,605,11862,11164,13950,14055,9703,0.85,0.79,9680.5,0.688758449,1612.41551
6682,630,12012,11071,14014,13950,9702,0.86,0.79,9556,0.685017921,1749.820789
6683,666,12017,11075,13973,13955,9702,0.86,0.79,9561.5,0.685166607,1748.33393
6684,675,11956,11210,13957,14146,9704,0.86,0.79,9753.8,0.689509402,1704.90598
6685,693,12054,11147,13995,14064,9706,0.86,0.79,9666.2,0.68730091,1726.990899
6686,728,12099,11007,13965,13879,9707,0.87,0.79,9470.7,0.682376252,1876.237481
6687,747,12074,11091,13923,13995,9707,0.87,0.79,9589.5,0.685209003,1847.909968
6688,728,12078,11154,13944,14084,9709,0.87,0.79,9679.2,0.687247941,1827.520591
6689,774,12075,10929,13856,13790,9712,0.87,0.79,9366,0.679187817,1908.121827
6690,814,12194,11025,13965,13919,9715,0.87,0.79,9500.7,0.682570587,1874.29413
6691,797,12022,11204,13844,14166,9716,0.87,0.79,9753.8,0.688535931,1814.640689
6692,834,12197,11112,13957,14040,9716,0.87,0.79,9624,0.685470085,1845.299145
6693,878,12252,11093,13953,14023,9719,0.88,0.79,9599.9,0.684582472,1954.175283
6694,875,12186,11089,13932,14011,9721,0.87,0.79,9592.3,0.684626365,1853.73635
6695,908,12225,11130,13908,14079,9724,0.88,0.79,9653.7,0.685680801,1943.191988
6696,914,12241,11144,13897,14096,9724,0.88,0.79,9672.8,0.686208854,1937.911464
6697,922,12300,11137,13951,14087,9724,0.88,0.79,9663.1,0.685958685,1940.413147
6698,936,12365,10899,13952,13769,9724,0.89,0.79,9329.7,0.677587334,2124.126661
6699,971,12215,11041,13751,13946,9725,0.89,0.79,9524.8,0.682977198,2070.228022
6700,982,12335,11041,13893,13954,9726,0.89,0.79,9527.2,0.682757632,2072.423678
6701,963,12335,10916,13975,13781,9725,0.88,0.79,9350.3,0.678492127,2015.078732
6702,995,12416,11158,13955,14084,9726,0.89,0.79,9683.2,0.687531951,2024.680488
6703,1002,12382,11203,13924,14151,9727,0.89,0.79,9748.3,0.688877111,2011.228888
6704,997,12502,10896,14000,13732,9727,0.89,0.79,9315.6,0.678386251,2116.137489
6705,1023,12382,11147,13900,14061,9728,0.89,0.79,9665.3,0.687383543,2026.164569
6706,1004,12527,10958,13995,13801,9726,0.9,0.79,9398.3,0.680986885,2190.13115
6707,1022,12465,11125,13952,14007,9723,0.89,0.79,9627.1,0.687306347,2026.936532
6708,1001,12424,11195,13923,14103,9720,0.89,0.79,9725.9,0.689633411,2003.665887
6709,1028,12271,11048,13684,13898,9719,0.9,0.79,9517.4,0.684803569,2151.964311
6710,1031,12515,10988,13946,13818,9719,0.9,0.8,9433.4,0.682689246,2173.107541
6711,1024,12518,11129,13966,13990,9716,0.9,0.8,9626,0.688062902,2119.370979
6712,1005,12498,11209,13965,14078,9714,0.89,0.8,9732.4,0.69131979,1986.802103
6713,1035,12576,11121,13963,13951,9711,0.9,0.8,9606.3,0.688574296,2114.257043
6714,1029,12445,11261,13926,14137,9711,0.89,0.8,9802.1,0.693364929,1966.350711
6715,1043,12544,11238,13972,14091,9711,0.9,0.8,9765.3,0.693016819,2069.831808
6716,1030,12619,11184,14023,14007,9711,0.9,0.8,9686.1,0.691518526,2084.814735
6717,1035,12558,11205,13957,14022,9712,0.9,0.8,9711.6,0.692597347,2074.02653
6718,1030,12496,11278,13884,14115,9713,0.9,0.8,9812.5,0.69518243,2048.1757
6719,1042,12402,11199,13741,13991,9712,0.9,0.8,9696.3,0.693038382,2069.616182
6720,1054,12653,11103,13993,13867,9716,0.9,0.8,9563.1,0.689630057,2103.69943
6721,1039,12463,11130,13768,13895,9720,0.91,0.8,9598.5,0.690788053,2192.119467
6722,1038,12670,11268,14016,14068,9724,0.9,0.8,9788.4,0.695791868,2042.081319
6723,1038,12634,11075,13940,13808,9725,0.91,0.8,9517.4,0.689267092,2207.329085
6725,1059,12670,11257,13963,14034,9725,0.91,0.8,9767.2,0.695966937,2140.330626
6726,1055,12679,11246,13966,14009,9726,0.91,0.8,9748.7,0.695888357,2141.116425
6726,1040,12693,11301,14009,14079,9726,0.91,0.8,9824.7,0.69782655,2121.734498
6727,1063,12655,11309,13953,14070,9727,0.91,0.8,9830,0.698649609,2113.503909
6728,1059,12601,11346,13893,14117,9727,0.91,0.8,9881.1,0.699943331,2100.566693
6730,1067,12798,11153,14039,13855,9730,0.91,0.8,9609.5,0.693576326,2164.236738
6731,1057,12713,11263,13963,13996,9735,0.91,0.8,9761.8,0.697470706,2125.292941
6731,1073,12460,11362,13727,14113,9740,0.91,0.81,9895.9,0.701190392,2088.096082
6732,1086,12737,11305,13976,14028,9742,0.91,0.81,9813.4,0.699558027,2104.419732
6733,1067,12710,11352,13969,14076,9742,0.91,0.81,9874.8,0.701534527,2084.654731
6734,1057,12688,11402,13957,14137,9735,0.91,0.81,9943.1,0.703338756,2066.612435
6735,1091,12820,11319,14016,14007,9729,0.91,0.81,9821.1,0.701156565,2088.434354
6737,1088,12810,11401,13987,14111,9723,0.92,0.81,9934.3,0.704011055,2159.889448
6738,1090,12741,11395,13932,14092,9723,0.91,0.81,9922.6,0.704130003,2058.699972
6739,1071,12334,11155,13578,13769,9723,0.91,0.81,9585.7,0.696179824,2138.201758
6740,1078,12581,11394,13756,14065,9722,0.91,0.81,9913.5,0.704834696,2051.653039
6741,1092,12823,11277,13942,13899,9722,0.92,0.81,9746.7,0.701251889,2187.481114
6741,1087,12846,11329,13973,13959,9722,0.92,0.81,9816.7,0.703252382,2167.47618
6743,1082,12868,11247,13979,13836,9722,0.92,0.81,9697.8,0.700910668,2190.893322
6744,1065,12802,11399,13954,14022,9723,0.92,0.81,9905.6,0.706432749,2135.672515
6745,1076,12850,11482,13996,14107,9723,0.92,0.81,10014.1,0.709867442,2101.325583
6746,1075,12873,11395,13987,13975,9724,0.92,0.82,9887.5,0.707513417,2124.865832
6747,1069,12872,11470,13986,14064,9724,0.92,0.82,9989.2,0.710267349,2097.326507
6748,1047,12778,11510,13934,14098,9725,0.92,0.82,10039.4,0.712115194,2078.848064
6749,1042,12882,11340,13954,13865,9726,0.92,0.82,9799.5,0.706779661,2132.20339
6750,1055,12734,11501,13817,14063,9728,0.92,0.82,10019.9,0.712500889,2074.991111
6751,1061,12876,11512,13958,14064,9729,0.92,0.82,10031.2,0.713253697,2067.463026
6751,1045,12918,11397,13974,13880,9729,0.92,0.82,9861,0.710446686,2095.533141
6753,1035,12792,11588,13917,14099,9730,0.92,0.82,10117.7,0.717618271,2023.817292
6754,1036,12848,11587,13934,14076,9731,0.92,0.82,10109.8,0.718229611,2017.703893
6755,1003,12918,11607,14004,14087,9733,0.92,0.82,10133.1,0.71932278,2006.772201
6756,1000,12863,11610,13949,14072,9733,0.92,0.83,10131.6,0.719982945,2000.170551
6757,995,12840,11655,13949,14113,9732,0.92,0.83,10188.9,0.721951392,1980.486077
6758,963,12845,11637,13959,14077,9727,0.92,0.83,10160.1,0.721751794,1982.482063
6759,968,12936,11549,13994,13942,9723,0.92,0.83,10031.6,0.719523741,2004.762588
6760,963,12688,11698,13780,14122,9720,0.92,0.83,10234.6,0.724727376,1952.726243
6761,945,12790,11296,13968,13607,9720,0.92,0.83,9678.1,0.711258911,2087.410891
6762,924,12834,11682,13942,14069,9722,0.92,0.83,10202.7,0.725190134,1948.098657
6763,927,12854,11697,13938,14064,9725,0.92,0.83,10216.2,0.72640785,1935.921502
6764,922,12801,11754,13936,14127,9728,0.92,0.83,10292.1,0.728541092,1914.589085
6765,888,12903,11713,13994,14054,9729,0.92,0.83,10229.2,0.727849722,1921.502775
6766,898,12806,11755,13945,14084,9728,0.92,0.83,10280.2,0.729920477,1900.795229
6767,864,12827,11824,13972,14156,9726,0.92,0.84,10370.8,0.732608081,1873.919186
6768,866,12805,11776,13936,14086,9723,0.92,0.84,10301.8,0.731350277,1886.497231
6769,876,12893,11752,13975,14040,9721,0.92,0.84,10264,0.731054131,1889.458689
6770,865,12639,11645,13682,13884,9721,0.92,0.84,10110.2,0.728190723,1918.092769
6771,868,12813,11463,13979,13674,9722,0.92,0.84,9865.2,0.721456779,1985.432207
6772,851,12905,11753,13984,13998,9723,0.92,0.84,10252.4,0.732418917,1875.81083
6773,814,12920,11756,14015,13972,9725,0.92,0.84,10247.6,0.733438305,1865.616948
6774,827,12903,11638,13973,13815,9725,0.92,0.84,10082.5,0.729822657,1901.773435
6775,814,12873,11882,13975,14101,9725,0.92,0.84,10412.3,0.738408624,1815.913765
6776,804,12923,11785,13984,13963,9729,0.92,0.84,10273.9,0.7357946,1842.054
6778,792,12900,11757,13971,13907,9732,0.92,0.85,10229.1,0.735536061,1844.63939
6778,786,12915,11846,14002,14008,9735,0.92,0.85,10348.4,0.738749286,1812.507139
6779,785,12893,11800,13957,13939,9735,0.92,0.85,10281.7,0.737621063,1823.789368
6780,760,12396,11970,13503,14142,9736,0.92,0.85,10512.6,0.743360204,1766.397964
6781,778,12953,11753,14021,13859,9736,0.92,0.85,10210.7,0.736755899,1832.441013
6782,756,12712,11894,13788,14006,9736,0.92,0.85,10395.8,0.74223904,1777.609596
6783,739,12861,11985,13992,14093,9736,0.92,0.85,10512.9,0.745966082,1740.339175
6784,738,12883,11950,13975,14042,9736,0.92,0.85,10462.6,0.745093292,1749.067084
6785,710,12866,11986,14010,14079,9736,0.92,0.85,10509.7,0.746480574,1735.194261
6786,719,12899,11914,13986,13969,9735,0.92,0.85,10404.7,0.74484215,1751.578495
6787,697,12872,11848,13955,13868,9734,0.92,0.85,10308.4,0.743322757,1766.772426
6788,680,12925,11999,14030,14038,9734,0.92,0.85,10510.4,0.748710643,1712.893575
6789,688,12875,12073,13968,14116,9730,0.92,0.86,10607.8,0.751473505,1685.264948
6791,648,12735,11945,13814,13941,9720,0.92,0.86,10427.3,0.747959257,1720.407431
6792,672,12967,12026,14053,14032,9711,0.92,0.86,10535.6,0.750826682,1691.733181
6793,656,12663,11991,13717,13974,9705,0.92,0.86,10483.2,0.750193216,1698.06784
6794,636,12868,12080,13996,14069,9705,0.92,0.86,10600.7,0.753479281,1665.207193
6794,645,12946,12059,14042,14029,9712,0.92,0.86,10567.7,0.753275358,1667.246418
6795,633,12898,11920,13982,13840,9721,0.92,0.86,10372,0.749421965,1705.780347
6797,618,12824,12077,13947,14016,9731,0.92,0.86,10581.8,0.754980023,1650.199772
6797,590,12858,12143,13963,14084,9733,0.92,0.86,10668.2,0.757469469,1625.305311
6799,584,12822,12209,14002,14154,9732,0.92,0.86,10755.2,0.759870001,1601.299986
6799,580,12850,12178,13981,14100,9727,0.92,0.86,10708,0.759432624,1605.673759
6801,584,12696,12155,13822,14069,9722,0.92,0.86,10675.7,0.75881015,1611.8985
6802,578,12882,12147,13980,14044,9718,0.92,0.86,10660.2,0.759057249,1609.427514
6802,565,12836,12094,13964,13965,9718,0.92,0.87,10583.5,0.757858933,1621.41067
6804,557,12900,12201,14016,14076,9721,0.92,0.87,10723.8,0.761849957,1581.500426
6805,543,12788,12260,13943,14130,9724,0.92,0.87,10799,0.764260439,1557.395612
6806,514,12889,12079,14008,13895,9728,0.92,0.87,10547.5,0.759086002,1609.139978
6807,514,12848,12288,14039,14140,9729,0.92,0.87,10830,0.765912306,1540.876945
6808,502,12863,12050,13981,13840,9729,0.92,0.87,10502,0.758815029,1611.849711
6809,488,12858,12174,14004,13978,9728,0.92,0.87,10667.4,0.763156389,1568.436114
6810,475,12742,12003,13959,13768,9726,0.91,0.87,10433.4,0.757800697,1521.993027
6811,493,12741,12295,13880,14096,9726,0.92,0.87,10823.8,0.767863224,1521.367764
6812,487,12834,12253,13965,14036,9725,0.92,0.87,10763.8,0.766870903,1531.290966
6813,465,12795,12129,13905,13869,9729,0.92,0.87,10589.7,0.763551806,1564.481938
6814,463,12871,12248,14019,14002,9736,0.92,0.87,10748.6,0.767647479,1523.525211
6815,450,12887,12148,14020,13864,9743,0.92,0.88,10607.2,0.76508944,1549.105597
6816,418,12839,12312,14032,14053,9746,0.91,0.88,10827.9,0.770504519,1394.954814
6817,433,12828,12348,14023,14082,9746,0.91,0.88,10872.6,0.772092032,1379.079676
6818,426,12798,12408,13978,14145,9738,0.92,0.88,10951.5,0.774231177,1457.688229
6819,402,12802,12442,14029,14172,9731,0.91,0.88,10993.6,0.775726785,1342.732148
6820,400,12841,12245,13997,13920,9723,0.92,0.88,10721,0.770186782,1498.132184
6821,383,12419,12390,13594,14090,9724,0.91,0.88,10917,0.774804826,1351.951739
6822,375,12606,11703,13745,13272,9726,0.92,0.88,9984.6,0.752305606,1676.943942
6823,355,12763,12347,13950,14009,9731,0.91,0.88,10849.7,0.774480691,1355.19309
6824,332,12819,12408,13990,14067,9736,0.92,0.88,10928.1,0.776860738,1431.392621
6824,342,12832,12442,14041,14100,9739,0.91,0.88,10972,0.778156028,1318.439716
6825,311,12741,12467,13978,14116,9739,0.91,0.88,11001.8,0.779385095,1306.149051
6827,320,12760,12481,14010,14113,9736,0.91,0.88,11014.9,0.780478991,1295.21009
6828,311,12758,12478,13979,14105,9732,0.91,0.88,11009.5,0.780538816,1294.61184
6829,299,12796,12398,14001,13994,9729,0.91,0.89,10896.2,0.7786337,1313.662998
6830,290,12826,12370,14023,13948,9728,0.91,0.89,10854.4,0.778204761,1317.952395
6831,293,12396,12437,13548,14015,9728,0.91,0.89,10941.5,0.780699251,1293.007492
6832,304,12819,12367,14010,13940,9727,0.91,0.89,10849,0.778263989,1317.360115
6833,278,12814,12322,14007,13874,9727,0.91,0.89,10784.2,0.777295661,1327.043391
6834,275,12729,12577,13969,14172,9727,0.91,0.89,11128.6,0.785252611,1247.473892
6835,272,12765,12469,13956,14035,9728,0.91,0.89,10979.5,0.782294264,1277.057357
6836,252,12769,12574,14010,14150,9730,0.91,0.89,11119,0.785795053,1242.04947
6837,271,12794,12540,14008,14103,9733,0.91,0.89,11070.9,0.785003191,1249.968092
6838,247,12658,12579,13931,14152,9736,0.91,0.89,11124.6,0.786079706,1239.20294
6839,238,12809,12472,14013,14016,9737,0.91,0.89,10976.8,0.7831621,1268.378995
6840,238,12746,12528,13969,14077,9738,0.91,0.89,11051.1,0.78504653,1249.534702
6841,210,12558,12533,13841,14079,9743,0.91,0.89,11056.7,0.785332765,1246.672349
6842,225,12741,12356,13936,13869,9748,0.91,0.89,10816.7,0.779919244,1300.807556
6843,225,12695,12563,13958,14094,9752,0.91,0.89,11091.2,0.786944799,1230.552008
6844,222,12798,12572,14032,14084,9752,0.91,0.89,11097.2,0.787929565,1220.704345
6845,192,12683,12648,13975,14158,9749,0.91,0.89,11195.4,0.790747281,1192.527193
6846,195,12745,12662,13996,14171,9746,0.91,0.89,11213.3,0.791285019,1187.149813
6847,191,12737,12684,14041,14183,9742,0.91,0.89,11238.9,0.792420503,1175.794966
6848,179,12709,12651,13985,14143,9741,0.91,0.89,11193.9,0.791479884,1185.20116
6849,155,12581,12338,13923,13764,9740,0.9,0.9,10767.2,0.782272595,1177.274048
6850,125,12656,12662,13981,14141,9733,0.91,0.9,11204.3,0.792327275,1176.727247
6851,134,12529,12621,13801,14079,9725,0.91,0.9,11144.7,0.791583209,1184.16791
6852,158,12750,12523,14008,13970,9719,0.91,0.9,11014,0.788403722,1215.962777
6853,153,12655,12653,13933,14110,9720,0.91,0.9,11186,0.792771084,1172.289157
6854,119,12634,12688,13974,14131,9726,0.9,0.9,11227.3,0.794515604,1054.84396
6855,100,12635,12745,13975,14193,9736,0.9,0.9,11302.9,0.796371451,1036.285493
6856,105,12456,12699,13788,14137,9746,0.9,0.9,11240.1,0.795083823,1049.161774
6857,100,12679,12469,13958,13854,9750,0.91,0.9,10925.2,0.788595352,1214.046485
6858,80,12724,12457,14016,13835,9750,0.91,0.9,10907.5,0.788398988,1216.010119
6859,71,12720,12416,14023,13781,9742,0.91,0.9,10850.3,0.787337639,1226.623612
6860,56,12644,12542,13985,13931,9734,0.9,0.9,11021.3,0.791134879,1088.65121
6861,60,12468,12719,13795,14129,9726,0.9,0.9,11257.7,0.796779673,1032.20327
6862,56,12529,12277,13949,13626,9726,0.9,0.9,10664.8,0.78268017,1173.198297
6863,69,12612,12485,13908,13842,9728,0.91,0.9,10937.6,0.79017483,1198.251698
6864,46,12658,12414,13966,13747,9732,0.91,0.9,10838.1,0.788397469,1216.025315
6865,53,12557,12724,13895,14106,9736,0.9,0.9,11255.8,0.797944137,1020.558628
6866,44,12707,12636,14028,13991,9738,0.91,0.9,11133.3,0.795747266,1142.527339
6868,41,12690,12600,14014,13938,9738,0.91,0.9,11081.4,0.795049505,1149.50495
6868,31,12634,12790,14009,14164,9738,0.9,0.9,11339.2,0.800564812,994.351878
6869,25,12604,12727,13963,14076,9738,0.9,0.9,11249.8,0.799218528,1007.81472
6870,-2,12603,12480,13927,13777,9738,0.9,0.91,10913.1,0.792124555,1078.754446
6871,0,12398,12471,13699,13770,9738,0.91,0.91,10902,0.791721133,1182.788671
6872,14,12670,12256,14033,13540,9738,0.9,0.91,10618,0.784194978,1158.050222
6873,-14,12597,12763,13988,14082,9737,0.9,0.91,11287.6,0.801562278,984.3772191
6875,-11,12573,12804,13951,14112,9737,0.9,0.91,11337.6,0.803401361,965.9863946
6876,-25,12615,12793,13966,14100,9736,0.9,0.91,11323,0.803049645,969.5035461
6876,-40,12597,12806,13986,14106,9736,0.9,0.91,11337.8,0.803757266,962.4273359
6877,-36,12647,12705,14019,13974,9740,0.9,0.91,11197.2,0.801288106,987.1189352
6878,-52,12550,12824,13959,14115,9744,0.9,0.91,11358.5,0.8047113,952.8869996
6879,-55,12585,12651,13935,13893,9749,0.9,0.91,11118.9,0.800323904,996.7609588
6880,-78,12560,12867,13962,14140,9749,0.9,0.91,11409,0.806859972,931.4002829
6881,-98,12373,12851,13805,14116,9748,0.9,0.91,11385.8,0.806588269,934.1173137
6882,-87,12608,12741,13990,13973,9743,0.9,0.91,11232.9,0.803900379,960.996207
6883,-98,12595,12859,13993,14107,9737,0.9,0.91,11391.1,0.807478557,925.2144326
6885,-118,12560,12872,14002,14109,9733,0.9,0.91,11404.7,0.808328018,916.7198242
6886,-135,12601,12790,14038,13984,9733,0.9,0.91,11285.2,0.807008009,929.9199085
6887,-152,12540,12872,13992,14076,9734,0.9,0.91,11394.8,0.80951975,904.8025007
6887,-152,12577,12796,14007,13976,9737,0.9,0.92,11288.8,0.807727533,922.7246709
6889,-163,12551,12939,14002,14141,9740,0.9,0.91,11481.3,0.811915706,880.842939
6890,-178,12484,12941,13966,14133,9741,0.89,0.92,11480.9,0.812346989,776.5301068
6891,-179,12530,12818,13968,13980,9741,0.9,0.92,11312,0.809155937,908.4406295
6892,-209,12180,12852,13610,14003,9740,0.89,0.92,11352.9,0.810747697,792.5230308
6893,-209,12517,12859,14000,14009,9740,0.89,0.92,11361.7,0.811028624,789.7137554
6894,-222,12567,12852,14029,13990,9739,0.9,0.92,11349,0.811222302,887.7769836
6894,-221,12493,12981,14005,14128,9739,0.89,0.92,11519.4,0.81535957,746.4043035
6896,-248,12391,12955,13952,14093,9741,0.89,0.92,11482.9,0.814794579,752.0542113
6897,-272,12508,13018,14044,14145,9745,0.89,0.92,11561.5,0.817355956,726.4404383
6898,-253,12515,12985,14036,14101,9748,0.89,0.92,11515.3,0.816630026,733.6997376
6899,-294,12510,12867,14004,13956,9750,0.89,0.92,11353.8,0.813542562,764.5743766
6899,-298,12484,12788,13993,13844,9749,0.89,0.92,11241.2,0.811990754,780.0924588
6901,-306,12472,13012,14007,14086,9747,0.89,0.92,11537.8,0.819096976,709.0302428
6902,-317,12394,13083,13949,14166,9745,0.89,0.92,11632.8,0.821177467,688.2253283
6903,-326,12451,12900,13973,13954,9743,0.89,0.92,11386.2,0.815981081,740.1891931
6904,-335,12468,13046,14003,14102,9743,0.89,0.93,11576.6,0.820919019,690.8098142
6905,-366,12448,12960,14014,13983,9743,0.89,0.93,11454.9,0.819201888,707.9811199
6906,-355,12400,13070,13975,14101,9742,0.89,0.93,11600.3,0.822657968,673.4203248
6907,-375,12378,13029,13976,14044,9741,0.89,0.93,11542.2,0.821859869,681.4013102
6908,-391,12485,12862,14066,13842,9740,0.89,0.93,11314.6,0.817410779,725.8922121
6909,-400,12449,12871,14040,13843,9741,0.89,0.93,11323.9,0.81802355,719.7645019
6910,-424,12498,12943,14099,13911,9742,0.89,0.93,11416.3,0.820667098,693.3290202
6911,-437,12281,13152,13960,14142,9743,0.88,0.93,11694.6,0.826941027,530.5897327
6912,-464,12243,13159,13895,14140,9744,0.88,0.93,11701,0.827510608,524.893918
6913,-448,12411,13042,14045,13997,9744,0.88,0.93,11541.1,0.824540973,554.5902693
6914,-455,12348,13169,13995,14125,9744,0.88,0.93,11706.5,0.828778761,512.2123894
6915,-486,12288,13111,13958,14057,9742,0.88,0.93,11628.1,0.827210642,527.8935762
6916,-485,12411,12994,14045,13904,9739,0.88,0.93,11465.2,0.824597238,554.027618
6917,-501,12286,13191,13969,14120,9737,0.88,0.93,11727,0.830524079,494.7592068
6918,-527,12242,13142,13910,14063,9737,0.88,0.93,11660.9,0.829190073,508.0992676
6919,-539,12303,13001,13959,13882,9737,0.88,0.94,11465.6,0.825932863,540.671373
6920,-541,12290,13267,13988,14168,9738,0.88,0.94,11817.4,0.834090909,459.0909091
6921,-556,12275,13296,14019,14195,9738,0.88,0.94,11854.5,0.835117999,448.820007
6922,-564,12260,13221,13975,14095,9738,0.88,0.94,11749.5,0.833593473,464.0652714
6923,-573,12321,13139,14010,14009,9736,0.88,0.94,11641.7,0.831015776,489.8422443
6924,-590,12249,13276,14018,14140,9728,0.87,0.94,11818,0.835785007,342.1499293
6925,-609,12313,13026,14025,13852,9719,0.88,0.94,11481.6,0.828876697,511.2330349
6926,-613,12327,12964,14060,13775,9712,0.88,0.94,11396.5,0.827332123,526.6787659
6927,-626,12177,13267,13940,14099,9713,0.87,0.94,11796.7,0.836704731,332.9526917
6928,-653,12132,13374,13965,14200,9717,0.87,0.94,11934,0.840422535,295.7746479
6929,-688,12237,13218,14045,14025,9724,0.87,0.94,11725.5,0.836042781,339.5721925
6930,-688,12147,13261,13946,14049,9731,0.87,0.94,11775.7,0.838187771,318.1222863
6931,-702,12173,13386,14038,14178,9734,0.87,0.94,11939.4,0.84210749,278.9250952
6932,-728,12246,13295,14045,14063,9734,0.87,0.95,11813.9,0.840069686,299.3031359
6933,-726,12196,13307,14010,14059,9731,0.87,0.95,11824.7,0.84107689,289.2310975
6934,-756,12180,13122,13996,13842,9727,0.87,0.95,11574.6,0.836194192,338.0580841
6935,-795,12196,13193,14023,13908,9724,0.87,0.95,11665.4,0.838754674,312.4532643
6936,-774,12144,13377,14003,14096,9723,0.87,0.95,11905.8,0.844622588,253.7741203
6937,-827,12109,13360,14005,14072,9725,0.86,0.95,11881.6,0.844343377,156.5662308
6938,-826,12159,13145,14032,13821,9730,0.87,0.95,11591.3,0.838673034,313.2696621
6939,-836,12046,13426,13980,14122,9735,0.86,0.95,11962.6,0.847089647,129.1035264
6940,-845,12118,13435,14036,14119,9738,0.86,0.95,11970.7,0.847843332,121.5666832
6941,-847,12108,13469,14044,14147,9738,0.86,0.95,12013.1,0.849162367,108.3763342
6942,-882,12048,13500,13997,14168,9739,0.86,0.95,12050.4,0.85053642,94.63579898
6943,-913,11970,13057,13997,13676,9739,0.86,0.95,11459.8,0.837949693,220.5030711
6944,-913,11948,13533,13941,14177,9740,0.86,0.95,12086.1,0.852514636,74.85363617
6946,-930,12083,13383,14034,14003,9740,0.86,0.96,11883.9,0.848668143,113.3185746
6947,-940,12118,13395,14066,14002,9741,0.86,0.96,11895.6,0.849564348,104.3565205
6948,-962,12006,13244,13956,13829,9742,0.86,0.96,11692.7,0.845520283,144.7971654
6948,-967,12067,13252,14047,13838,9744,0.86,0.96,11703.4,0.845743605,142.5639543
6949,-980,12001,13464,13970,14045,9745,0.86,0.96,11977.5,0.852794589,72.05411178
6950,-999,12014,13507,14047,14079,9745,0.86,0.96,12030.7,0.854513815,54.86185098
6951,-1018,11853,13562,13963,14126,9742,0.85,0.96,12099.8,0.856562367,-65.62367266
6952,-1060,11958,13517,14040,14063,9738,0.85,0.96,12035.9,0.855855792,-58.55791794
6953,-1068,11814,13161,13947,13675,9735,0.85,0.96,11563.5,0.84559415,44.05850091
6954,-1072,11935,13505,13994,14021,9734,0.85,0.96,12011.3,0.856665002,-66.65002496
6955,-1106,11858,13308,13917,13804,9735,0.85,0.96,11749.2,0.851144596,-11.44595769
6957,-1114,11850,13662,13982,14185,9741,0.85,0.96,12217.5,0.861297145,-112.9714487
6957,-1136,11850,13620,14007,14118,9746,0.85,0.96,12155.4,0.860985975,-109.8597535
6958,-1153,11935,13510,14064,13995,9751,0.85,0.97,12008.5,0.858056449,-80.56448732
6959,-1184,11818,13632,13980,14102,9751,0.85,0.97,12162.6,0.862473408,-124.7340803
6960,-1182,11873,13537,14014,13986,9749,0.85,0.97,12032.8,0.86034606,-103.4606035
6961,-1210,11817,13698,14056,14164,9747,0.84,0.97,12247.2,0.864670997,-246.7099689
6962,-1232,11790,13624,14012,14062,9746,0.84,0.97,12142.6,0.86350448,-235.0448016
6963,-1251,11749,13332,13928,13749,9745,0.84,0.97,11756.7,0.855094916,-150.9491599
6965,-1273,11622,13390,13930,13807,9745,0.83,0.97,11832.1,0.856963859,-269.6385891
6966,-1267,11815,13467,14032,13865,9742,0.84,0.97,11926.5,0.860187523,-201.8752254
6967,-1278,11764,13584,14014,13991,9739,0.84,0.97,12081.3,0.86350511,-235.0511043
6967,-1284,11818,13613,14045,14014,9737,0.84,0.97,12117.2,0.864649636,-246.4963608
6968,-1323,11746,13561,13988,13946,9737,0.84,0.97,12044.8,0.863674172,-236.7417181
6969,-1335,11790,13534,14059,13900,9737,0.84,0.97,12004,0.863597122,-235.971223
6970,-1337,11754,13657,14030,14027,9737,0.84,0.97,12165.1,0.867263135,-272.6313538
6971,-1358,11730,13523,14024,13875,9736,0.84,0.97,11985.5,0.86381982,-238.1981982
6973,-1379,11761,13597,14082,13939,9736,0.84,0.98,12078.7,0.866539924,-265.3992395
6974,-1385,11695,13345,14013,13674,9736,0.83,0.98,11747.2,0.859090244,-290.9024426
6975,-1401,11611,13782,13974,14127,9739,0.83,0.98,12320.1,0.872095986,-420.9598641
6975,-1427,11603,13573,13962,13897,9743,0.83,0.98,12042.1,0.866525149,-365.2514931
6977,-1436,11563,13843,13984,14189,9746,0.83,0.98,12399.7,0.873895271,-438.9527098
6978,-1446,11669,13718,14037,14034,9746,0.83,0.98,12228.2,0.871326778,-413.2677783
6979,-1483,11530,13798,13974,14117,9747,0.83,0.98,12333.1,0.873634625,-436.3462492
6979,-1478,11583,13705,13976,14009,9749,0.83,0.98,12207.7,0.871418374,-414.183739
6981,-1498,11647,13774,14080,14078,9752,0.83,0.98,12297.4,0.873518966,-435.1896576
6981,-1514,11489,13877,14013,14182,9753,0.82,0.98,12431.6,0.876575941,-565.7594133
6982,-1552,11618,13794,14113,14087,9753,0.82,0.98,12320.1,0.874572301,-545.723007
6984,-1545,11556,13663,14005,13949,9754,0.83,0.98,12147.7,0.870865295,-408.65295
6984,-1540,11424,13844,13919,14127,9754,0.82,0.98,12382.1,0.876484746,-564.8474552
6986,-1571,11440,13824,13961,14097,9755,0.82,0.98,12353.1,0.876292828,-562.9282826
6986,-1560,11521,13666,13999,13914,9755,0.82,0.98,12140.2,0.872516889,-525.1688946
6987,-1606,11390,13907,13972,14174,9753,0.82,0.98,12459.2,0.87901792,-590.1792014
6989,-1608,11509,13894,14055,14163,9750,0.82,0.98,12442.9,0.878549742,-585.4974229
6989,-1635,11477,13588,14006,13820,9747,0.82,0.98,12034,0.870767004,-507.6700434
6991,-1637,11498,13871,14062,14120,9744,0.82,0.98,12407,0.87868272,-586.8271955
6992,-1611,11482,13887,14059,14132,9744,0.82,0.98,12426.6,0.879323521,-593.2352109
6992,-1637,11455,13705,14005,13931,9743,0.82,0.98,12184.3,0.874617759,-546.1775895
6994,-1648,11464,13803,14029,14041,9740,0.82,0.98,12315.3,0.877095648,-570.9564846
6995,-1662,11435,13846,14019,14079,9739,0.82,0.98,12369.7,0.87859223,-585.9222956
6996,-1696,11433,13717,14049,13927,9738,0.81,0.98,12195.1,0.875644432,-656.4443168
6997,-1686,11327,13929,13971,14158,9739,0.81,0.98,12476.4,0.881226162,-712.2616189
6997,-1707,11270,13965,13917,14186,9744,0.81,0.98,12520.8,0.882616664,-726.1666432
6999,-1704,11352,13959,13986,14181,9749,0.81,0.98,12513.3,0.882398985,-723.9898456
7000,-1725,11330,13931,13979,14143,9753,0.81,0.99,12473.9,0.88198402,-719.8402036
7001,-1732,11358,13895,13993,14097,9754,0.81,0.99,12424.1,0.881329361,-713.2936086
7002,-1740,11245,13992,13976,14194,9752,0.8,0.99,12550.2,0.884190503,-841.9050303
7003,-1761,11287,14008,14014,14211,9749,0.81,0.99,12571.3,0.88461755,-746.1754979
7004,-1779,11214,13545,14003,13723,9746,0.8,0.99,11961.9,0.871668003,-716.6800262
7005,-1771,11314,13931,14029,14133,9745,0.81,0.99,12470.9,0.882395811,-723.9581122
7006,-1801,11154,13626,13957,13794,9745,0.8,0.99,12064.2,0.874597651,-745.9765115
7007,-1786,11296,13904,14053,14081,9748,0.8,0.99,12428.3,0.882629075,-826.2907464
7008,-1805,11240,13955,14005,14140,9750,0.8,0.99,12497,0.883804809,-838.0480905
7009,-1802,11296,13840,14016,14017,9752,0.81,0.99,12345.1,0.880723407,-707.2340729
7010,-1818,11255,13945,14009,14125,9752,0.8,0.99,12482.5,0.883716814,-837.1681416
7011,-1823,11169,14020,14027,14206,9751,0.8,0.99,12581.8,0.885668028,-856.6802759
7012,-1840,11217,13889,13985,14073,9749,0.8,0.99,12410.9,0.881894408,-818.9440773
7013,-1842,11276,13963,14111,14142,9747,0.8,0.99,12505.6,0.884287937,-842.8793664
7014,-1836,11041,13639,13918,13816,9746,0.79,0.99,12083.8,0.874623625,-846.2362478
7015,-1851,11267,13741,14064,13897,9746,0.8,0.99,12210.1,0.878614089,-786.1408937
7016,-1876,11074,13652,13975,13811,9747,0.79,0.99,12095.3,0.875772935,-857.7293462
7017,-1864,11138,14034,14013,14215,9747,0.79,0.99,12598.5,0.886282096,-962.8209638
7018,-1879,11139,13921,13986,14101,9748,0.8,0.99,12451.3,0.883008297,-830.0829728
7019,-1883,11147,13951,14012,14134,9748,0.8,0.99,12491.2,0.883769634,-837.6963351
7020,-1877,11190,13774,14032,13938,9750,0.8,0.99,12255.4,0.879279667,-792.796671
7021,-1888,11141,14017,14008,14208,9752,0.8,0.99,12579.4,0.885374437,-853.7443694
7022,-1895,11132,13952,14028,14143,9754,0.79,0.99,12494.9,0.883468854,-934.6885385
7023,-1897,11127,13774,13969,13951,9755,0.8,0.99,12259.3,0.878739875,-787.3987528
7024,-1909,11040,13398,14001,13582,9755,0.79,0.99,11772.6,0.866779561,-767.7956118
7025,-1913,10923,13816,13749,13997,9754,0.79,0.99,12315.1,0.879838537,-898.3853683
7026,-1896,11081,13950,14020,14150,9753,0.79,0.99,12495,0.883038869,-930.3886926
7027,-1896,11140,13973,14036,14170,9752,0.79,0.99,12524,0.883839097,-938.3909668
7028,-1934,11005,13947,13971,14145,9752,0.79,0.99,12490.5,0.883032874,-930.3287381
7029,-1934,11125,13776,14025,13962,9752,0.79,0.99,12264.6,0.878427159,-884.2715943
7030,-1909,11060,13942,14045,14158,9753,0.79,0.98,12489.4,0.882144371,-921.4437067
7031,-1912,11102,13849,14016,14059,9753,0.79,0.99,12366.7,0.879628708,-896.2870759
7032,-1941,10985,13932,13993,14149,9754,0.79,0.98,12476.7,0.881807902,-918.0790162
7033,-1933,11113,13957,14082,14183,9754,0.79,0.98,12511.9,0.882175844,-921.7584432
7034,-1923,11011,13763,13912,13988,9755,0.79,0.98,12259.4,0.876422648,-864.2264798
7035,-1919,10899,13917,13848,14140,9758,0.79,0.98,12459,0.881117397,-911.1739745
7036,-1924,11083,13672,14017,13895,9761,0.79,0.98,12140.5,0.873731558,-837.3155811
7037,-1909,10993,13945,14013,14187,9761,0.78,0.98,12501.1,0.881165856,-1011.658561
7038,-1919,10958,13915,13952,14165,9761,0.79,0.98,12464.5,0.879950582,-899.5058242
7039,-1934,11088,13774,14063,14020,9757,0.79,0.98,12280,0.875891583,-858.9158345
7040,-1931,10976,13855,13971,14107,9753,0.79,0.98,12387.1,0.878081803,-880.8180336
7041,-1911,11031,13894,14024,14170,9749,0.79,0.98,12445,0.878263938,-882.639379
7042,-1904,11049,13624,14012,13883,9749,0.79,0.98,12088.9,0.870770006,-807.7000648
7043,-1918,10974,13871,14008,14145,9752,0.78,0.98,12414.5,0.877659951,-976.5995051
7044,-1915,11017,13633,13974,13910,9756,0.79,0.98,12106,0.87030913,-803.0913012
7045,-1910,10943,13847,13955,14136,9761,0.78,0.98,12387.8,0.876329938,-963.2993775
7046,-1918,11056,13752,14043,14044,9763,0.79,0.98,12265.2,0.873340929,-833.4092851
7047,-1886,11088,13637,14082,13933,9762,0.79,0.98,12116.9,0.869654776,-796.5477643
7048,-1914,10949,13865,14042,14177,9759,0.78,0.98,12418.1,0.875932849,-959.3284898
7049,-1912,11054,13529,14051,13835,9756,0.79,0.98,11979.5,0.865883628,-758.8362848
7050,-1918,11044,13630,14046,13937,9754,0.79,0.98,12111.1,0.868989022,-789.8902203
7051,-1879,10960,13835,13969,14171,9754,0.78,0.98,12386.3,0.874059699,-940.5969939
7052,-1883,11001,13811,14038,14157,9757,0.78,0.98,12358.1,0.872932118,-929.3211839
7053,-1882,10984,13774,14033,14127,9762,0.78,0.98,12312.1,0.871529695,-915.2969491
7054,-1877,10967,13618,13952,13980,9767,0.79,0.97,12112,0.866380544,-763.8054363
7055,-1875,11006,13704,13997,14070,9769,0.79,0.97,12225,0.868869936,-788.6993603
7056,-1888,11028,13739,14076,14112,9769,0.78,0.97,12272.6,0.869657029,-896.5702948
7057,-1859,10941,13783,13968,14165,9767,0.78,0.97,12332.5,0.870631839,-906.3183904
7058,-1877,10817,13793,13879,14179,9765,0.78,0.97,12346.7,0.870773679,-907.7367939
7059,-1874,11038,13587,14047,13961,9762,0.79,0.97,12075.3,0.864930879,-749.3087888
7060,-1860,10990,13765,14044,14169,9763,0.78,0.97,12315.7,0.869200367,-892.00367
7061,-1846,11002,13500,13996,13882,9760,0.79,0.97,11964.6,0.861878692,-718.7869183
7062,-1844,11060,13495,14074,13886,9754,0.79,0.97,11960.8,0.861356762,-713.5676221
7063,-1830,11006,13545,14003,13946,9748,0.79,0.97,12028.8,0.862526889,-725.2688943
7064,-1850,10828,13146,13944,13543,9745,0.78,0.97,11508.9,0.849804327,-698.0432696
7065,-1842,10903,13541,14023,13976,9744,0.78,0.97,12033.8,0.8610332,-810.3319977
7066,-1827,10985,13413,13970,13830,9747,0.79,0.97,11862,0.857700651,-677.0065076
7067,-1821,11108,13450,14128,13876,9750,0.79,0.97,11912.8,0.858518305,-685.1830499
7068,-1816,10982,13652,14035,14108,9753,0.78,0.97,12184.4,0.863651829,-836.5182875
7069,-1800,11033,13459,14032,13900,9754,0.79,0.97,11929,0.858201439,-682.0143885
7071,-1795,11047,13562,14041,14017,9752,0.79,0.97,12067.1,0.860890347,-708.9034744
7071,-1786,11013,13644,14017,14127,9747,0.79,0.97,12182.1,0.862327458,-723.2745806
7072,-1777,11038,13421,14024,13886,9743,0.79,0.97,11886.8,0.856027654,-660.2765375
7073,-1783,11083,13456,14077,13938,9741,0.79,0.97,11937.4,0.856464342,-664.6434209
7074,-1750,11035,13310,14017,13799,9741,0.79,0.96,11749.7,0.851489238,-614.8923835
7075,-1754,11005,13617,14052,14129,9744,0.78,0.96,12155.7,0.860336896,-803.3689575
7076,-1758,11043,13425,14011,13926,9748,0.79,0.96,11902.8,0.854717794,-647.1779405
7077,-1747,10930,13671,13974,14201,9752,0.78,0.96,12231.3,0.8612985,-812.9850011
7078,-1740,11033,13363,13990,13872,9752,0.79,0.96,11824.6,0.852407728,-624.077278
7079,-1711,11059,13568,14042,14115,9753,0.79,0.96,12102.5,0.857421183,-674.2118314
7080,-1711,11021,13273,13965,13800,9753,0.79,0.96,11713,0.848768116,-587.6811594
7082,-1705,11054,13603,14043,14169,9754,0.79,0.96,12153.7,0.857766956,-677.6695603
7082,-1680,11011,13628,14002,14209,9754,0.79,0.96,12190.7,0.857956225,-679.5622493
7083,-1693,11047,13592,14035,14169,9754,0.79,0.96,12142.7,0.856990613,-669.9061331
7084,-1664,11073,13291,14011,13879,9757,0.79,0.96,11754.7,0.846941422,-569.4142229
7085,-1658,10856,13591,13825,14197,9761,0.79,0.96,12150.1,0.855821652,-658.2165246
7086,-1668,11123,13369,14044,13954,9765,0.79,0.96,11855.2,0.849591515,-595.9151498
7087,-1625,11064,13514,13986,14135,9767,0.79,0.96,12054.5,0.852812168,-628.1216838
7089,-1645,11048,13529,14023,14159,9766,0.79,0.96,12076.7,0.852934529,-629.3452927
7090,-1617,11008,13589,13997,14239,9759,0.79,0.95,12160.7,0.854041716,-640.4171641
7090,-1617,11012,13527,14017,14174,9751,0.79,0.95,12079.2,0.852208269,-622.0826866
7091,-1612,11102,13481,14031,14135,9743,0.79,0.95,12021.5,0.850477538,-604.7753803
7092,-1577,11105,13522,14042,14201,9744,0.79,0.95,12082.3,0.850806281,-608.0628125
7093,-1584,11189,13272,14088,13916,9749,0.79,0.95,11746.8,0.844121874,-541.218741
7094,-1566,11151,13375,14015,14051,9757,0.8,0.95,11890.3,0.846224468,-462.2446801
7095,-1557,11023,13303,13857,13979,9765,0.8,0.95,11796.7,0.843887259,-438.8725946
7096,-1558,11114,13429,14033,14125,9768,0.79,0.95,11966.5,0.847185841,-571.8584071
7097,-1536,11155,13457,14057,14168,9768,0.79,0.95,12007.4,0.847501412,-575.0141163
7098,-1542,11204,13414,14114,14131,9761,0.79,0.95,11953.3,0.84589201,-558.9201047
7099,-1537,11146,13400,14017,14123,9754,0.8,0.95,11936.9,0.845209941,-452.0994123
7101,-1519,11229,13242,14093,13950,9747,0.8,0.95,11727,0.840645161,-406.4516129
7102,-1528,11087,13460,14011,14199,9747,0.79,0.95,12019.7,0.84651736,-565.1736038
7102,-1504,11166,13375,13992,14126,9747,0.8,0.95,11912.8,0.843324366,-433.2436642
7103,-1480,11154,13336,14016,14083,9748,0.8,0.95,11860.9,0.842214017,-422.140169
7104,-1487,11062,13124,13986,13864,9748,0.79,0.95,11583.2,0.835487594,-454.8759377
7105,-1466,11229,13117,14047,13853,9748,0.8,0.95,11572.9,0.835407493,-354.0749296
7107,-1461,11194,13165,13988,13919,9748,0.8,0.95,11640.7,0.836317264,-363.1726417
7107,-1433,11181,13371,14023,14161,9753,0.8,0.94,11919.3,0.841699033,-416.9903255
7108,-1426,11202,13385,14003,14175,9759,0.8,0.94,11937.5,0.842151675,-421.5167549
7109,-1425,11261,13130,14043,13903,9765,0.8,0.94,11600.9,0.834417032,-344.170323
7111,-1417,11213,13386,14041,14201,9767,0.8,0.94,11946.3,0.841229491,-412.2949088
7111,-1413,11236,13358,14065,14165,9767,0.8,0.94,11907.5,0.840628309,-406.2830921
7112,-1398,11164,13267,13965,14078,9766,0.8,0.94,11790.4,0.837505327,-375.0532746
7113,-1400,11275,13186,14031,13992,9766,0.8,0.94,11683.6,0.835020011,-350.2001144
7115,-1373,11159,12984,14034,13797,9765,0.8,0.94,11423.1,0.827940857,-279.4085671
7116,-1350,11301,13294,14069,14136,9765,0.8,0.94,11834.8,0.83720996,-372.0996038
7117,-1352,11325,13316,14087,14167,9763,0.8,0.94,11866.1,0.837587351,-375.8735089
7118,-1329,11353,13260,14097,14108,9761,0.81,0.94,11792.4,0.835866175,-258.6617522
7119,-1345,11290,13245,14040,14095,9758,0.8,0.94,11773.5,0.835296204,-352.9620433
7120,-1339,11298,13327,14056,14199,9757,0.8,0.94,11886.7,0.837150504,-371.5050356
7120,-1301,11179,13330,13947,14205,9757,0.8,0.94,11891.5,0.837134812,-371.3481169
7121,-1312,11246,13296,14009,14172,9759,0.8,0.94,11847.6,0.835986452,-359.8645216
7122,-1311,11271,13232,14016,14096,9760,0.8,0.94,11760.8,0.834335982,-343.3598184
7124,-1314,11377,13060,14081,13911,9762,0.81,0.94,11533.3,0.829077708,-190.7770829
7125,-1294,11178,12893,13968,13740,9762,0.8,0.94,11315,0.823508006,-235.0800582
7126,-1280,11131,13254,13815,14146,9762,0.81,0.94,11797.8,0.834002545,-240.0254489
7127,-1286,11303,13243,13998,14148,9764,0.81,0.94,11787.4,0.833149562,-231.4956178
7128,-1269,11346,13147,14054,14028,9766,0.81,0.94,11655.4,0.830866838,-208.6683775
7129,-1267,11177,13038,13945,13916,9766,0.8,0.94,11512.8,0.827306697,-273.0669733
7129,-1261,11302,13230,14013,14144,9767,0.81,0.94,11773.2,0.832381222,-223.8122172
7131,-1244,11389,13158,14054,14058,9765,0.81,0.94,11675.4,0.830516432,-205.1643192
7131,-1235,11319,13266,14052,14194,9763,0.81,0.93,11824.2,0.83304213,-230.4213048
7133,-1250,11315,13275,14032,14204,9760,0.81,0.93,11836.2,0.833300479,-233.0047874
7134,-1227,11422,13052,14061,13948,9760,0.81,0.94,11536.4,0.82710066,-171.0065959
7135,-1216,11224,12959,13958,13866,9759,0.8,0.93,11418.8,0.823510746,-235.1074571
7136,-1214,11376,13224,14030,14159,9757,0.81,0.93,11771.7,0.83139346,-213.9345999
7137,-1206,11397,12982,14010,13880,9756,0.81,0.94,11446,0.824639769,-146.3976945
7138,-1180,11392,13191,14025,14133,9755,0.81,0.93,11730.9,0.830036086,-200.3608576
7139,-1185,11406,13169,13996,14101,9755,0.81,0.93,11699.3,0.829678746,-196.7874619
7140,-1185,11372,13192,14008,14144,9754,0.81,0.93,11735.2,0.82969457,-196.9457014
7141,-1185,11439,13206,14045,14148,9754,0.81,0.93,11750.4,0.830534351,-205.3435115
7142,-1174,11462,13000,14046,13918,9754,0.82,0.93,11475.4,0.824500647,-45.00646645
7142,-1155,11382,13250,14004,14210,9754,0.81,0.93,11813,0.831315975,-213.1597467
7144,-1163,11457,12941,14024,13863,9754,0.82,0.93,11399.9,0.822325615,-23.25614946
7145,-1139,11460,13039,14023,13992,9756,0.82,0.93,11536.6,0.824514008,-45.14008005
7146,-1134,11325,13162,13874,14122,9758,0.82,0.93,11698.6,0.828395411,-83.95411415
7147,-1155,11446,13161,14005,14118,9759,0.82,0.93,11696.4,0.828474288,-84.74288143
7148,-1129,11413,13227,14013,14192,9759,0.81,0.93,11784.6,0.830369222,-203.692221
7149,-1122,11464,13146,14037,14101,9766,0.82,0.93,11676.3,0.828047656,-80.47656195
7150,-1136,11497,13009,14026,13947,9775,0.82,0.93,11493.1,0.824055352,-40.55352406
7151,-1133,11423,13207,13983,14165,9784,0.82,0.93,11756.5,0.829968232,-99.68231557
7152,-1139,11384,13243,13976,14219,9786,0.81,0.93,11808.7,0.830487376,-204.8737605
7153,-1110,11467,13184,14051,14153,9784,0.82,0.93,11729.9,0.828792482,-87.92482159
7154,-1110,11396,13269,13981,14250,9775,0.82,0.93,11844,0.831157895,-111.5789474
7155,-1129,11390,12857,14017,13788,9765,0.81,0.93,11293.4,0.819074558,-90.74557586
7156,-1105,11353,12877,13973,13806,9757,0.81,0.93,11318.8,0.819846444,-98.46443575
7157,-1110,11560,13147,14084,14109,9757,0.82,0.93,11679.7,0.827819123,-78.19122546
7157,-1090,11445,13172,14000,14138,9756,0.82,0.93,11713.4,0.828504739,-85.04739001
7159,-1096,11492,13171,14031,14130,9755,0.82,0.93,11710,0.828733192,-87.33191791
7160,-1084,11479,13163,14023,14138,9754,0.82,0.93,11704.4,0.827868157,-78.68156741
7161,-1088,11470,13125,14000,14081,9754,0.82,0.93,11649.3,0.827306299,-73.06299269
7162,-1109,11506,13173,14018,14135,9755,0.82,0.93,11713.5,0.828687655,-86.87654758
7163,-1077,11447,13242,13975,14210,9763,0.82,0.93,11805,0.830752991,-107.5299085
7164,-1090,11423,13261,13977,14230,9771,0.82,0.93,11830,0.831342235,-113.4223472
7165,-1076,11563,12912,14038,13848,9777,0.82,0.93,11366.4,0.820797227,-7.972270364
7166,-1062,11525,13062,13980,13993,9777,0.82,0.93,11559.9,0.826120203,-61.20202959
7167,-1076,11564,13133,14027,14078,9775,0.82,0.93,11656.4,0.82798693,-79.86929962
7168,-1068,11501,13238,13995,14195,9771,0.82,0.93,11796.5,0.831032054,-110.3205354
7169,-1085,11516,13214,14010,14168,9767,0.82,0.93,11764.4,0.830350085,-103.500847
7170,-1065,11575,13098,14045,14034,9765,0.82,0.93,11608.2,0.827148354,-71.48353997
7171,-1082,11571,13210,14073,14162,9765,0.82,0.93,11758.6,0.830292332,-102.9233159
7172,-1065,11486,13267,13998,14222,9760,0.82,0.93,11833.6,0.832063001,-120.6300098
7173,-1081,11485,13157,13962,14096,9755,0.82,0.93,11685.8,0.829015323,-90.15323496
7174,-1065,11563,13164,14055,14111,9750,0.82,0.93,11697.3,0.828949047,-89.49046843
7175,-1061,11598,12799,14043,13703,9750,0.83,0.93,11209.9,0.818061738,119.3826169
7176,-1074,11541,13251,14039,14198,9753,0.82,0.93,11810.4,0.83183547,-118.3546978
7177,-1079,11570,13092,13999,14005,9759,0.83,0.93,11593.5,0.827811496,21.88504106
7178,-1077,11529,13253,14060,14192,9765,0.82,0.93,11810.6,0.83220124,-122.0124014
7179,-1082,11528,13233,13997,14167,9767,0.82,0.93,11783.1,0.831728665,-117.2866521
7180,-1087,11469,13233,13989,14154,9767,0.82,0.93,11779.2,0.832217041,-122.1704112
7181,-1106,11455,12933,14000,13821,9762,0.82,0.94,11379.3,0.823334057,-33.3405687
7182,-1074,11584,13177,14004,14086,9758,0.83,0.94,11702.8,0.830810734,-8.107340622
7183,-1085,11532,13303,14042,14224,9754,0.82,0.94,11870.2,0.834519123,-145.1912261
7184,-1094,11632,13288,14146,14198,9754,0.82,0.94,11847.4,0.834441471,-144.4147063
7185,-1094,11594,13179,14026,14084,9755,0.83,0.94,11704.2,0.831028117,-10.28117012
7186,-1087,11544,13018,13952,13884,9758,0.83,0.94,11483.2,0.827081533,29.184673
7187,-1097,11604,13083,14020,13953,9761,0.83,0.94,11568.9,0.82913352,8.664803268
7188,-1084,11638,13273,14087,14163,9763,0.83,0.94,11821.9,0.8347031,-47.03099626
7189,-1087,11606,13228,14019,14114,9763,0.83,0.94,11762.2,0.833371121,-33.71120873
7190,-1096,11546,13297,14003,14188,9763,0.82,0.94,11853.4,0.835452495,-154.5249507
7191,-1129,11656,13154,14092,14011,9763,0.83,0.94,11657.3,0.832010563,-20.10563129
7192,-1107,11546,13314,14033,14185,9763,0.82,0.94,11869.5,0.836764188,-167.6418752
7193,-1099,11586,13328,14044,14208,9763,0.82,0.94,11890.4,0.836880631,-168.8063063
7194,-1107,11622,13203,14054,14056,9763,0.83,0.94,11719.8,0.833793398,-37.93397837
7195,-1108,11637,13030,14069,13862,9763,0.83,0.94,11488.6,0.828783725,12.16274708
7196,-1108,11615,13278,14036,14134,9764,0.83,0.94,11818.2,0.836153955,-61.53955002
7197,-1133,11632,13107,14059,13926,9764,0.83,0.94,11584.8,0.831882809,-18.82809134
7198,-1112,11515,13273,13972,14112,9764,0.82,0.94,11806.6,0.836635488,-166.3548753
7199,-1134,11608,13316,14087,14160,9763,0.82,0.94,11864,0.837853107,-178.5310734
7200,-1135,11621,13178,14047,14000,9761,0.83,0.94,11678,0.834142857,-41.42857143
7201,-1145,11587,13253,14049,14079,9759,0.82,0.94,11776.7,0.836472761,-164.7276085
7202,-1144,11635,13187,14062,13986,9759,0.83,0.94,11682.8,0.835321035,-53.21035321
7203,-1123,11574,13298,14024,14119,9760,0.83,0.94,11833.7,0.838140095,-81.40094908
7204,-1154,11522,13359,14027,14163,9764,0.82,0.94,11907.9,0.840775259,-207.7525948
7205,-1172,11481,13069,14025,13860,9768,0.82,0.94,11527,0.831673882,-116.7388167
7206,-1155,11638,13246,14073,14036,9771,0.83,0.94,11756.8,0.837617555,-76.17554859
7207,-1166,11603,13253,14028,14039,9771,0.83,0.94,11764.7,0.838001282,-80.01282143
7208,-1164,11617,13316,14052,14108,9770,0.83,0.94,11848.4,0.839835554,-98.35554295
7209,-1174,11521,13404,14023,14204,9768,0.82,0.94,11965.2,0.842382427,-223.8242749
7210,-1169,11352,13434,13743,14228,9766,0.83,0.94,12002.4,0.843576047,-135.7604723
7211,-1185,11592,13226,14033,13977,9765,0.83,0.95,11719.1,0.838456035,-84.56034915
7212,-1183,11541,13391,14016,14161,9765,0.82,0.95,11939.3,0.843111362,-231.1136219
7213,-1216,11489,13403,14002,14174,9764,0.82,0.95,11955.2,0.843459856,-234.5985607
7214,-1193,11552,13424,14065,14191,9763,0.82,0.95,11981.3,0.844288634,-242.8863364
7215,-1191,11480,13478,13918,14232,9762,0.82,0.95,12047.6,0.846514896,-265.1489601
7216,-1204,11612,13322,14066,14074,9762,0.83,0.95,11844.2,0.841566008,-115.6600824
7217,-1232,11540,13406,14043,14155,9762,0.82,0.95,11952.5,0.844401272,-244.0127164
7218,-1245,11559,13415,14067,14153,9762,0.82,0.95,11960.9,0.84511411,-251.1411008
7219,-1233,11603,13222,14076,13919,9762,0.82,0.95,11697.7,0.840412386,-204.1238595
7220,-1241,11516,13351,13966,14071,9762,0.82,0.95,11872.3,0.843742449,-237.4244901
7222,-1243,11521,13447,14053,14177,9762,0.82,0.95,12000.1,0.846448473,-264.4847288
7222,-1266,11504,13374,13985,14077,9766,0.82,0.95,11897.1,0.845144562,-251.4456205
7224,-1258,11434,13553,14027,14269,9770,0.82,0.95,12133.7,0.850353914,-303.5391408
7224,-1276,11533,13405,14029,14097,9775,0.82,0.95,11934.1,0.846570192,-265.7019224
7225,-1279,11428,13434,14012,14122,9776,0.82,0.95,11970.6,0.847656139,-276.5613936
7226,-1281,11522,13469,14016,14170,9774,0.82,0.95,12020,0.848270995,-282.7099506
7227,-1301,11597,13327,14107,13988,9770,0.82,0.95,11823.4,0.845253074,-252.5307406
7228,-1300,11588,13222,14098,13877,9765,0.82,0.95,11685.1,0.842047993,-220.4799308
7229,-1314,11468,13543,14032,14221,9763,0.82,0.95,12109.3,0.851508333,-315.0833275
7230,-1317,11407,13215,14030,13856,9762,0.81,0.95,11671.8,0.842364319,-323.6431871
7232,-1316,11412,13511,14029,14176,9759,0.81,0.95,12063.8,0.851001693,-410.01693
7232,-1316,11475,13547,14012,14215,9754,0.82,0.95,12111.5,0.852022511,-320.2251143
7233,-1324,11458,13525,14028,14178,9750,0.82,0.95,12078.4,0.851911412,-319.1141205
7234,-1358,11439,13534,14016,14186,9749,0.82,0.95,12089.8,0.852234597,-322.3459749
7235,-1345,11414,13589,14053,14233,9750,0.81,0.95,12158.9,0.854275276,-442.7527577
7236,-1331,11540,13483,14086,14123,9755,0.82,0.95,12019.9,0.85108688,-310.8687956
7237,-1372,11370,13520,13915,14147,9760,0.82,0.96,12064.1,0.852767371,-327.6737117
7238,-1375,11453,13531,14053,14158,9765,0.81,0.96,12078.4,0.853114847,-431.1484673
7240,-1356,11528,13332,14086,13930,9765,0.82,0.96,11811,0.847882268,-278.8226849
7240,-1366,11538,13550,14114,14173,9766,0.82,0.96,12101.9,0.853870035,-338.7003457
7241,-1400,11317,13219,13978,13801,9768,0.81,0.96,11659.3,0.844815593,-348.1559307
7242,-1384,11423,13580,14077,14193,9770,0.81,0.96,12137.9,0.855203269,-452.0326922
7243,-1413,11447,13516,14066,14106,9771,0.81,0.96,12047.8,0.854090458,-440.9045796
7244,-1412,11415,13560,14034,14158,9771,0.81,0.96,12107.4,0.855163159,-451.6315864
7245,-1405,11475,13423,14061,13983,9771,0.82,0.96,11917.9,0.852313524,-323.1352356
7246,-1428,11342,13201,14036,13770,9771,0.81,0.96,11632,0.844734931,-347.3493101
7247,-1427,11298,13624,13909,14203,9771,0.81,0.96,12184.9,0.857910301,-479.1030064
7249,-1430,11434,13606,14089,14186,9771,0.81,0.96,12161.8,0.857310024,-473.1002397
7250,-1426,11431,13324,14021,13875,9770,0.82,0.96,11786.5,0.849477477,-294.7747748
7250,-1452,11376,13628,14060,14192,9769,0.81,0.96,12185.6,0.858624577,-486.2457723
7251,-1458,11410,13598,14055,14169,9767,0.81,0.96,12148.7,0.857414073,-474.1407298
7252,-1453,11484,13347,14104,13880,9767,0.81,0.96,11811,0.850936599,-409.3659942
7253,-1484,11383,13503,14012,14046,9767,0.81,0.96,12016.8,0.855531824,-455.3182401
7254,-1485,11308,13654,14006,14202,9772,0.81,0.96,12214.6,0.860061963,-500.619631
7255,-1488,11003,13481,13648,14001,9777,0.81,0.96,11981.3,0.855746018,-457.4601814
7256,-1501,11229,13376,13961,13907,9782,0.8,0.96,11848.1,0.851952254,-519.5225426
7257,-1497,11451,13422,14090,13940,9783,0.81,0.96,11904,0.853945481,-439.4548063
7259,-1488,11327,13620,13982,14161,9781,0.81,0.96,12168.3,0.859282537,-492.8253654
7260,-1500,11381,13583,14073,14116,9774,0.81,0.96,12117.8,0.858444319,-484.443185
7260,-1516,11310,13668,13989,14199,9767,0.81,0.96,12227.7,0.861166279,-511.6627932
7261,-1500,11403,13588,14068,14103,9763,0.81,0.96,12118.9,0.859313621,-493.1362122
7262,-1519,11353,13672,14090,14198,9763,0.81,0.96,12231.4,0.861487533,-514.8753346
7263,-1511,11401,13612,14068,14122,9768,0.81,0.96,12148.6,0.860260586,-502.6058632
7264,-1537,11350,13627,14051,14139,9774,0.81,0.96,12168.7,0.860647853,-506.4785345
7265,-1513,11202,13764,13837,14286,9780,0.81,0.96,12349.8,0.864468711,-544.6871063
7267,-1518,11369,13586,14056,14091,9781,0.81,0.96,12113.3,0.859648002,-496.4800227
7267,-1557,11381,13457,14068,13939,9779,0.81,0.97,11938.7,0.856496162,-464.9616185
7268,-1540,11374,13600,14064,14097,9774,0.81,0.96,12129.1,0.860402923,-504.0292261
7270,-1560,11328,13659,14052,14161,9770,0.81,0.96,12207.3,0.862036579,-520.3657934
7270,-1553,11347,13652,14040,14146,9767,0.81,0.97,12195.8,0.862137707,-521.3770677
7271,-1573,11201,13738,14001,14233,9767,0.8,0.97,12307.9,0.864743905,-647.4390501
7272,-1575,11298,13639,14063,14118,9769,0.8,0.97,12174.4,0.862331775,-623.3177504
7273,-1585,11322,13617,14087,14088,9773,0.8,0.97,12143.4,0.861967632,-619.6763203
7275,-1609,11341,13456,14070,13908,9776,0.81,0.97,11928.4,0.857664653,-476.6465344
7276,-1618,11224,13760,14015,14242,9777,0.8,0.97,12332.6,0.865931751,-659.3175116
7277,-1603,11304,13699,14080,14172,9777,0.8,0.97,12250.6,0.864422806,-644.2280553
7277,-1620,11324,13692,14100,14171,9771,0.8,0.97,12243.3,0.863968668,-639.6866841
7278,-1623,11132,13752,13949,14226,9766,0.8,0.97,12319.8,0.866005905,-660.0590468
7279,-1610,11199,13755,14014,14222,9761,0.8,0.97,12321.6,0.866376037,-663.7603713
7280,-1619,11275,13651,14074,14111,9761,0.8,0.97,12184.3,0.86346113,-634.6112962
7281,-1625,11260,13726,14073,14197,9766,0.8,0.97,12285.1,0.865330704,-653.3070367
7283,-1627,11242,13645,14048,14100,9775,0.8,0.97,12175,0.863475177,-634.751773
7283,-1628,11281,13721,14082,14194,9783,0.8,0.97,12279.2,0.865097929,-650.979287
7285,-1655,11210,13802,14061,14259,9786,0.8,0.97,12379.7,0.868202539,-682.0253875
7286,-1654,11225,13726,14017,14180,9786,0.8,0.97,12280,0.866008463,-660.0846262
7287,-1654,11262,13495,14038,13927,9783,0.8,0.97,11973.1,0.859704172,-597.0417175
7287,-1684,11214,13706,14040,14152,9780,0.8,0.97,12251.6,0.865715093,-657.1509327
7288,-1656,11305,13598,14090,14038,9777,0.8,0.97,12109.4,0.862615757,-626.1575723
7289,-1662,11242,13707,14051,14161,9777,0.8,0.97,12255.3,0.86542617,-654.2617047
7290,-1678,11116,13781,14028,14231,9775,0.79,0.97,12350.3,0.867844846,-778.4484576
7291,-1667,11301,13642,14115,14079,9770,0.8,0.97,12165.7,0.864102564,-641.025641
7292,-1685,11247,13638,14097,14069,9766,0.8,0.97,12158.7,0.864219205,-642.1920535
7294,-1704,10899,13218,13789,13629,9765,0.79,0.97,11606.7,0.851617874,-616.1787365
7295,-1682,11145,13754,13973,14190,9765,0.8,0.97,12311,0.867582805,-675.8280479
7295,-1682,11113,13772,14006,14218,9771,0.79,0.97,12337.4,0.867731045,-777.3104515
7296,-1702,11074,13383,14004,13806,9778,0.79,0.97,11824.8,0.856497175,-664.9717514
7297,-1707,11245,13697,14080,14134,9784,0.8,0.97,12237.2,0.865798783,-657.9878308
7298,-1700,11221,13608,14043,14032,9784,0.8,0.97,12117.6,0.863568985,-635.6898518
7299,-1697,11291,13510,14141,13925,9783,0.8,0.97,11987.5,0.860861759,-608.6175943
7300,-1704,11214,13524,14047,13939,9782,0.8,0.97,12005.7,0.861302819,-613.0281943
7301,-1687,11149,13704,13993,14139,9780,0.8,0.97,12245.7,0.866093783,-660.9378315
7302,-1695,11234,13776,14094,14219,9779,0.8,0.97,12341.7,0.867972431,-679.7243125
7304,-1685,11181,13706,14005,14143,9779,0.8,0.97,12248.9,0.86607509,-660.7509015
7305,-1729,11158,13813,14067,14263,9778,0.79,0.97,12391.9,0.868814415,-788.1441492
7305,-1704,11206,13584,14061,14008,9778,0.8,0.97,12086.4,0.862821245,-628.21245
7307,-1711,11216,13563,14074,13985,9777,0.8,0.97,12058.5,0.862245263,-622.4526278
7307,-1733,11222,13491,14087,13909,9777,0.8,0.97,11963.7,0.860140916,-601.4091595
7308,-1724,11084,13789,14030,14224,9778,0.79,0.97,12356.2,0.868686727,-786.8672666
7309,-1710,11124,13778,14031,14216,9780,0.79,0.97,12342.8,0.868232977,-782.3297693
7311,-1729,11121,13776,14041,14220,9783,0.79,0.97,12342,0.867932489,-779.3248945
7312,-1716,11077,13827,14008,14275,9785,0.79,0.97,12409.5,0.869316988,-793.1698774
7313,-1740,11163,13619,14053,14042,9786,0.79,0.97,12131.6,0.863951004,-739.5100413
7314,-1729,11099,13691,14041,14119,9780,0.79,0.97,12226.7,0.865974927,-759.749274
7315,-1735,11153,13733,14075,14170,9773,0.79,0.97,12284,0.866901905,-769.0190543
7316,-1734,11095,13767,14057,14201,9765,0.79,0.97,12327.3,0.868058587,-780.5858742
7317,-1734,11139,13769,14060,14214,9763,0.79,0.97,12333.2,0.867679752,-776.7975236
7317,-1741,11155,13595,14058,14020,9764,0.79,0.97,12101,0.863124108,-731.2410842
7318,-1738,11106,13746,13998,14181,9766,0.79,0.97,12300.3,0.867378887,-773.7888724
7320,-1729,11120,13807,14069,14259,9767,0.79,0.97,12384.7,0.868553194,-785.5319447
7321,-1747,11219,13757,14145,14201,9768,0.79,0.97,12317.3,0.867354412,-773.5441166
7322,-1739,11083,13572,13963,13992,9768,0.79,0.97,12069.6,0.862607204,-726.0720412
7322,-1751,11108,13765,14082,14201,9766,0.79,0.97,12325.3,0.867917752,-779.1775227
7323,-1749,11053,13706,13967,14148,9763,0.79,0.97,12250.4,0.865875035,-758.7503534
7324,-1755,11118,13735,14084,14181,9761,0.79,0.97,12289.3,0.866603201,-766.0320147
7325,-1739,11095,13650,14041,14079,9759,0.79,0.97,12173.7,0.864670786,-746.7078628
7326,-1746,11075,13440,13967,13866,9759,0.79,0.97,11899.8,0.858199913,-681.9991346
7327,-1749,11106,13649,14042,14095,9765,0.79,0.97,12177.5,0.863958851,-739.5885066
7328,-1760,11150,13666,14070,14107,9771,0.79,0.97,12198.1,0.864684199,-746.8419933
7330,-1752,11071,13736,14061,14194,9778,0.79,0.97,12294.2,0.866154713,-761.5471326
7331,-1760,11115,13781,14071,14241,9778,0.79,0.97,12353.3,0.867446106,-774.4610631
7332,-1747,11050,13797,14070,14256,9777,0.79,0.97,12373.8,0.86797138,-779.7138047
7333,-1747,11071,13698,14029,14156,9774,0.79,0.97,12244.8,0.86499011,-749.901102
7333,-1745,11108,13685,14048,14147,9770,0.79,0.97,12229.1,0.864430621,-744.3062133
7334,-1762,11102,13586,14063,14033,9769,0.79,0.97,12095.9,0.861961092,-719.6109171
7336,-1755,11075,13675,14044,14115,9769,0.79,0.97,12209.5,0.865001771,-750.0177117
7336,-1745,11102,13707,14032,14176,9774,0.79,0.97,12259.8,0.864827878,-748.278781
7338,-1755,11077,13425,13992,13860,9779,0.79,0.97,11883,0.857359307,-673.5930736
7339,-1753,11165,13549,14112,14000,9784,0.79,0.97,12049,0.860642857,-706.4285714
7340,-1741,11035,13762,14026,14236,9784,0.79,0.97,12332.8,0.866310761,-763.1076145
7341,-1747,11118,13455,14052,13900,9783,0.79,0.97,11925,0.857913669,-679.1366906
7342,-1760,11019,13767,14042,14243,9783,0.78,0.97,12339.9,0.866383487,-863.8348663
7343,-1779,11003,13699,14008,14169,9783,0.79,0.97,12249.7,0.864542311,-745.4231068
7344,-1743,11075,13623,14019,14089,9783,0.79,0.97,12149.7,0.862353609,-723.536092
7345,-1755,11052,13638,14024,14102,9783,0.79,0.97,12168.6,0.86289888,-728.9887959
7346,-1744,11120,13592,14060,14052,9777,0.79,0.97,12107.6,0.861628238,-716.2823797
7347,-1758,10987,13455,14052,13930,9770,0.78,0.97,11934,0.856712132,-767.1213209
7348,-1749,11031,13709,14003,14181,9764,0.79,0.97,12263.3,0.864769762,-747.6976236
7349,-1756,11103,13578,14067,14050,9762,0.79,0.97,12093,0.860711744,-707.1174377
7350,-1746,11023,13745,14013,14233,9765,0.79,0.97,12314.9,0.86523572,-752.3571981
7351,-1744,11137,13722,14094,14207,9774,0.79,0.97,12284.1,0.864651228,-746.5122827
7352,-1755,11072,13573,14050,14056,9782,0.79,0.97,12089.8,0.860116676,-701.1667615
7352,-1742,11065,13747,14039,14238,9789,0.79,0.97,12318.4,0.865177693,-751.776935
7353,-1743,11042,13668,14022,14157,9789,0.79,0.97,12215.1,0.862831108,-728.3110829
7355,-1766,11086,13702,14101,14188,9787,0.79,0.97,12258.4,0.863997745,-739.9774457
7356,-1761,11064,13796,14018,14298,9783,0.79,0.96,12385.4,0.86623304,-762.3303959
7357,-1754,10924,13241,13954,13710,9780,0.78,0.97,11654,0.85003647,-700.3646973
7358,-1776,10975,13695,13939,14182,9779,0.79,0.97,12249.6,0.863742773,-737.4277253
7359,-1750,11050,13715,14041,14211,9779,0.79,0.97,12278.3,0.863999719,-739.9971853
7360,-1746,10993,13609,14031,14091,9779,0.78,0.97,12136.3,0.86128025,-812.802498
7361,-1758,10938,13728,13898,14226,9780,0.79,0.96,12295.8,0.864318853,-743.188528
7362,-1774,10974,13745,14011,14258,9780,0.78,0.96,12322.4,0.864244635,-842.4463459
7363,-1773,11059,13644,14059,14136,9780,0.79,0.97,12184.8,0.86196944,-719.6943973
7364,-1741,11107,13582,14065,14065,9783,0.79,0.97,12101.5,0.860398151,-703.9815144
7365,-1742,11104,13601,14064,14096,9787,0.79,0.96,12129.8,0.860513621,-705.1362089
7366,-1754,10880,13607,13957,14094,9791,0.78,0.97,12135.2,0.861018873,-810.1887328
7367,-1762,10983,13322,14062,13822,9793,0.78,0.96,11768.6,0.851439734,-714.3973376
7368,-1744,11103,13481,14064,13971,9794,0.79,0.96,11972.3,0.856939374,-669.3937442
7369,-1747,11028,13739,14029,14249,9793,0.79,0.96,12313.7,0.864179942,-741.7994245
7369,-1732,11078,13546,14031,14043,9791,0.79,0.96,12058.9,0.858712526,-687.1252581
7371,-1734,11054,13713,14072,14232,9790,0.79,0.96,12282.6,0.863026981,-730.2698145
7372,-1737,11133,13577,14100,14081,9790,0.79,0.96,12101.3,0.859406292,-694.0629217
7373,-1736,11074,13576,14023,14074,9789,0.79,0.96,12098.2,0.859613472,-696.1347165
7374,-1738,11039,13741,14055,14265,9789,0.79,0.96,12320.5,0.863687347,-736.8734665
7375,-1750,11115,13637,14137,14155,9789,0.79,0.96,12183.5,0.860720593,-707.2059343
7376,-1741,10964,13792,13900,14326,9789,0.79,0.96,12389.8,0.864847131,-748.4713109
7377,-1747,11094,13628,14075,14156,9789,0.79,0.96,12174.8,0.860045211,-700.4521051
7378,-1748,11090,13492,14079,13997,9788,0.79,0.96,11991.1,0.856690719,-666.9071944
7379,-1743,11026,13660,14030,14173,9788,0.79,0.96,12211.9,0.861631271,-716.3127073
7379,-1719,11135,13562,14118,14065,9788,0.79,0.96,12081.5,0.858976182,-689.7618201
7381,-1754,10915,13669,13908,14200,9788,0.78,0.96,12229,0.861197183,-811.971831
7382,-1744,11056,13644,14034,14176,9787,0.79,0.96,12196.8,0.860383747,-703.8374718
7383,-1736,11091,13618,14123,14142,9786,0.79,0.96,12160.6,0.859892519,-698.9251874
7384,-1734,10916,13373,13985,13878,9786,0.78,0.96,11836.4,0.852889465,-728.8946534
7385,-1741,11054,13674,14047,14210,9786,0.79,0.96,12237,0.861154117,-711.5411682
7386,-1713,10910,13772,13974,14318,9786,0.78,0.96,12367.4,0.863765889,-837.6588909
7386,-1742,10835,13661,13890,14205,9786,0.78,0.96,12222.5,0.860436466,-804.3646603
7388,-1737,11097,13436,14070,13948,9787,0.79,0.96,11920.4,0.854631488,-646.3148839
7389,-1718,11124,13634,14087,14176,9787,0.79,0.96,12186.8,0.85967833,-696.7832957
7390,-1709,11083,13645,14092,14191,9787,0.79,0.96,12202.3,0.859861884,-698.6188429
7391,-1716,11035,13655,14042,14200,9787,0.79,0.96,12215,0.860211268,-702.1126761
7392,-1707,11054,13713,14050,14268,9786,0.79,0.96,12293.4,0.861606392,-716.0639193
7393,-1713,11050,13726,14077,14280,9785,0.78,0.96,12310,0.862044818,-820.4481793
7394,-1718,10952,13727,13998,14286,9784,0.78,0.96,12312.8,0.861878762,-818.7876242
7395,-1719,11131,13392,14102,13913,9784,0.79,0.96,11865.9,0.852864228,-628.642277
7396,-1712,11060,13642,14077,14198,9786,0.79,0.96,12201.4,0.85937456,-693.745598
7397,-1705,11101,13589,14056,14148,9789,0.79,0.96,12133.4,0.857605315,-676.0531524
7398,-1716,10993,13725,14061,14283,9793,0.78,0.96,12309.9,0.861856753,-818.5675278
7399,-1705,11071,13710,14060,14277,9793,0.79,0.96,12293.1,0.861042236,-710.4223576
7400,-1697,11100,13417,14051,13951,9792,0.79,0.96,11902.3,0.853150312,-631.5031181
7401,-1686,11066,13668,14064,14236,9788,0.79,0.96,12238.8,0.859707783,-697.0778309
7402,-1682,11074,13570,14048,14124,9784,0.79,0.96,12107.2,0.85720759,-672.0758992
7403,-1694,11092,13438,14043,13984,9781,0.79,0.96,11933.2,0.853346682,-633.4668192
7404,-1707,11110,13379,14057,13922,9781,0.79,0.96,11855.6,0.85157305,-615.7304985
7404,-1697,11080,13748,14086,14333,9784,0.79,0.96,12347.9,0.86150143,-715.0143027
7406,-1690,11096,13503,14063,14068,9790,0.79,0.96,12023.4,0.854663065,-646.6306511
7407,-1674,11113,13574,14071,14164,9795,0.79,0.96,12123.2,0.855916408,-659.1640779
7408,-1679,11098,13564,14040,14138,9797,0.79,0.96,12105.4,0.856231433,-662.3143302
7409,-1699,10976,13638,14012,14217,9797,0.78,0.96,12203.1,0.858345643,-783.4564254
7410,-1701,11028,13693,14031,14285,9788,0.79,0.96,12278.5,0.859537977,-695.379769
7411,-1700,11124,13589,14088,14176,9778,0.79,0.96,12141.8,0.85650395,-665.0395034
7412,-1688,11069,13610,14059,14188,9769,0.79,0.96,12166.4,0.857513392,-675.133916
7413,-1662,11151,13576,14104,14163,9768,0.79,0.96,12124.9,0.856096872,-660.9687213
7414,-1660,11025,13673,14035,14276,9768,0.79,0.96,12255.8,0.858489773,-684.8977305
7415,-1679,11040,13641,14082,14232,9767,0.78,0.96,12210.6,0.85796796,-779.6795953
7416,-1678,11030,13696,14074,14292,9766,0.78,0.96,12283.6,0.859473832,-794.7383151
7417,-1663,11173,13314,14126,13880,9765,0.79,0.96,11778,0.848559078,-585.5907781
7418,-1691,10969,13330,14002,13895,9765,0.78,0.96,11798.5,0.849118388,-691.1838791
7419,-1656,11094,13588,14036,14182,9769,0.79,0.96,12142.6,0.856197997,-661.9799746
7420,-1654,11152,13627,14115,14231,9773,0.79,0.96,12196.3,0.8570234,-670.2339962
7421,-1676,11000,13665,13977,14267,9778,0.79,0.96,12245.1,0.858281349,-682.8134857
7422,-1653,11134,13461,14067,14045,9778,0.79,0.96,11974.5,0.85258099,-625.8098968
7423,-1659,11063,13563,14059,14155,9781,0.79,0.96,12109.5,0.855492759,-654.9275874
7424,-1647,11065,13659,14040,14271,9787,0.79,0.96,12240.3,0.857704436,-677.0443557
7425,-1656,11059,13650,14058,14267,9792,0.79,0.96,12230.1,0.857229971,-672.2997126
7426,-1627,11105,13563,14044,14166,9795,0.79,0.96,12112.8,0.855061415,-650.6141465
7427,-1642,11122,13601,14078,14224,9795,0.79,0.96,12168.2,0.855469629,-654.696288
7428,-1659,11014,13325,14058,13912,9795,0.78,0.96,11798.6,0.848087982,-680.879816
7429,-1644,11132,13409,14043,14008,9795,0.79,0.96,11911.4,0.850328384,-603.2838378
7430,-1632,11144,13561,14089,14178,9795,0.79,0.96,12114.4,0.854450557,-644.505572
7431,-1646,11137,13556,14082,14169,9794,0.79,0.96,12106.7,0.854449855,-644.4985532
7432,-1655,11110,13437,14015,14039,9794,0.79,0.96,11948.7,0.851107629,-611.0762875
7433,-1661,11104,13621,14105,14244,9793,0.79,0.96,12194.2,0.856093794,-660.9379388
7434,-1630,11134,13507,14062,14119,9792,0.79,0.96,12042.7,0.852942843,-629.4284298
7435,-1628,11171,13469,14089,14088,9791,0.79,0.96,11995.4,0.851462237,-614.6223737
7436,-1631,10991,13659,14026,14295,9791,0.78,0.96,12247.5,0.856768101,-767.6810073
7437,-1619,11171,13601,14091,14242,9790,0.79,0.95,12173.6,0.854767589,-647.6758882
7438,-1623,11158,13567,14120,14199,9788,0.79,0.96,12126.7,0.854053102,-640.5310233
7439,-1623,11211,13402,14127,14020,9786,0.79,0.96,11908,0.84935806,-593.5805991
7440,-1599,11132,13495,14081,14131,9786,0.79,0.95,12034.3,0.851624089,-616.2408888
7441,-1606,11143,13335,14038,13951,9788,0.79,0.96,11820.3,0.847272597,-572.7259695
7442,-1602,11150,13570,14080,14221,9794,0.79,0.95,12136.3,0.853406933,-634.0693341
7443,-1600,11076,13543,14008,14184,9800,0.79,0.95,12098.2,0.852946983,-629.4698252
7444,-1589,11171,13507,14067,14156,9805,0.79,0.95,12053.8,0.851497598,-614.9759819
7445,-1620,11059,13589,14033,14242,9805,0.79,0.95,12161.6,0.853925011,-639.2501053
7446,-1608,10995,13639,13997,14294,9801,0.79,0.95,12227.2,0.855407863,-654.0786344
7447,-1608,11022,13156,14035,13795,9794,0.79,0.95,11594.5,0.840485683,-504.8568322
7448,-1602,10955,13515,13807,14172,9787,0.79,0.95,12066.6,0.851439458,-614.3945809
7449,-1579,11158,13506,14066,14160,9784,0.79,0.95,12054,0.851271186,-612.7118644
7450,-1585,11104,13494,14025,14144,9784,0.79,0.95,12037.2,0.85104638,-610.4638009
7451,-1578,11239,13359,14134,14005,9784,0.8,0.95,11860.5,0.846876116,-468.7611567
7452,-1579,11211,13284,14102,13924,9783,0.79,0.95,11761.2,0.844671072,-546.7107153
7453,-1583,11210,13334,14098,13981,9783,0.8,0.95,11828.3,0.846026751,-460.2675059
7454,-1571,11188,13395,14062,14048,9783,0.8,0.95,11909.4,0.847764806,-477.6480638
7455,-1578,11064,13605,14015,14282,9785,0.79,0.95,12189.6,0.853493908,-634.9390842
7456,-1577,10984,13548,13984,14219,9791,0.79,0.95,12113.7,0.851937548,-619.3754835
7457,-1569,11040,13265,14021,13940,9798,0.79,0.95,11747,0.842682927,-526.8292683
7458,-1564,11004,13538,13852,14221,9801,0.79,0.95,12104.3,0.85115674,-611.5674003
7459,-1565,11192,13583,14107,14270,9802,0.79,0.95,12164,0.852417659,-624.1765943
7460,-1545,11201,13462,14102,14149,9799,0.79,0.95,12006.7,0.848590006,-585.9000636
7461,-1541,11208,13357,14067,14023,9795,0.8,0.95,11863.9,0.84603152,-460.3151965
7462,-1533,11163,13574,14080,14271,9790,0.79,0.95,12155.3,0.851748301,-617.4830075
7463,-1548,11138,13591,14074,14290,9790,0.79,0.95,12178,0.852204339,-622.043387
7464,-1537,11103,13594,14040,14309,9791,0.79,0.95,12186.7,0.85168076,-616.8076036
7465,-1537,11109,13537,14044,14239,9796,0.79,0.95,12108.7,0.850389775,-603.8977456
7466,-1535,11064,13645,13887,14357,9800,0.8,0.95,12252.1,0.853388591,-533.8859093
7467,-1519,11207,13362,14058,14067,9802,0.8,0.95,11882.1,0.844679036,-446.7903604
7468,-1514,11241,13497,14101,14207,9802,0.8,0.95,12059.1,0.848813965,-488.1396495
7469,-1521,11156,13510,14043,14221,9802,0.79,0.95,12076.3,0.849187821,-591.8782083
7470,-1522,11158,13426,14039,14133,9802,0.79,0.95,11965.9,0.846663836,-566.6383641
7471,-1516,11175,13480,14091,14186,9802,0.79,0.95,12035.8,0.848428028,-584.2802763
7472,-1510,11174,13467,14036,14180,9801,0.8,0.95,12021,0.8477433,-477.4330042
7473,-1500,11220,13467,14080,14186,9800,0.8,0.95,12022.8,0.847511631,-475.1163119
7474,-1503,11211,13431,14067,14143,9791,0.8,0.95,11973.9,0.846630842,-466.3084211
7475,-1512,11262,13410,14122,14130,9782,0.8,0.95,11949,0.845647558,-456.4755839
7476,-1506,10971,13396,13888,14105,9776,0.79,0.95,11927.5,0.84562212,-556.2211982
7477,-1507,11206,13444,14084,14175,9776,0.8,0.95,11996.5,0.846313933,-463.1393298
7478,-1484,11282,13294,14119,14011,9779,0.8,0.95,11797.3,0.842002712,-420.0271215
7479,-1466,11195,13511,14062,14260,9782,0.8,0.95,12089,0.847755961,-477.5596073
7480,-1465,11238,13414,14075,14149,9786,0.8,0.95,11958.7,0.84519754,-451.9754046
7481,-1471,11171,13385,13987,14116,9787,0.8,0.95,11919.8,0.844417682,-444.1768206
7482,-1481,11265,13290,14093,14016,9787,0.8,0.95,11794.8,0.841523973,-415.239726
7483,-1454,11185,13551,14068,14312,9788,0.8,0.95,12144.6,0.848560648,-485.6064841
7484,-1451,11311,13275,14132,14013,9789,0.8,0.95,11778.9,0.840569471,-405.6947121
7485,-1471,11243,13373,14061,14125,9789,0.8,0.95,11910.5,0.843221239,-432.2123894
7486,-1459,11218,13406,14083,14157,9789,0.8,0.95,11953.1,0.844324363,-443.2436251
7487,-1439,11273,13389,14065,14155,9786,0.8,0.95,11935.5,0.843200283,-432.0028259
7488,-1452,11117,13462,13996,14244,9782,0.79,0.95,12035.2,0.844931199,-549.311991
7489,-1443,11190,13459,14014,14246,9777,0.8,0.94,12032.8,0.844644111,-446.4411063
7490,-1403,11261,13376,14056,14154,9776,0.8,0.95,11922.2,0.842320192,-423.2019217
7491,-1446,11020,13542,13905,14324,9775,0.79,0.95,12139.2,0.847472773,-574.7277297
7492,-1417,11334,13466,14140,14254,9780,0.8,0.94,12042.2,0.844829522,-448.2952154
7493,-1417,11290,13248,14068,14006,9784,0.8,0.95,11749.8,0.838911895,-389.118949
7494,-1411,11277,13421,14085,14217,9788,0.8,0.94,11986.1,0.843082226,-430.822255
7495,-1415,11301,13370,14105,14164,9789,0.8,0.94,11919.2,0.841513697,-415.136967
7496,-1395,11224,13396,14038,14185,9790,0.8,0.94,11951.5,0.842544942,-425.4494184
7497,-1411,11313,13311,14092,14095,9792,0.8,0.94,11839.5,0.839978716,-399.7871586
7498,-1411,11245,13455,14081,14261,9794,0.8,0.94,12033.3,0.843790758,-437.9075801
7499,-1395,11275,13440,14103,14243,9795,0.8,0.94,12012.9,0.84342484,-434.2484027
7500,-1395,11242,13384,14097,14193,9795,0.8,0.94,11941.9,0.841393645,-413.9364475
7501,-1395,11233,13297,13965,14090,9792,0.8,0.94,11824,0.839176721,-391.7672108
7502,-1380,11279,13447,14114,14273,9789,0.8,0.94,12028.9,0.842773068,-427.7306803
7503,-1392,11291,13415,14084,14237,9785,0.8,0.94,11986.1,0.841897872,-418.9787174
7504,-1360,11261,13334,13984,14147,9784,0.81,0.94,11878.1,0.839619707,-296.1970736
7505,-1375,11346,13301,14097,14115,9785,0.8,0.94,11835.5,0.838505136,-385.0513638
7506,-1374,11167,13463,14014,14297,9785,0.8,0.94,12052.1,0.842981045,-429.8104497
7507,-1367,11298,13243,14033,14055,9786,0.81,0.94,11759.5,0.836677339,-266.7733903
7508,-1369,11373,13165,14125,13958,9786,0.81,0.94,11652.4,0.834818742,-248.1874194
7509,-1381,11329,13367,14113,14193,9786,0.8,0.94,11924.9,0.840195871,-401.958712
7510,-1350,11226,13464,14051,14307,9789,0.8,0.94,12056.1,0.84267142,-426.7141958
7511,-1360,11269,13358,14073,14187,9793,0.8,0.94,11914.1,0.839789949,-397.8994854
7512,-1353,11251,13432,14035,14287,9798,0.8,0.94,12018.1,0.841191293,-411.9129278
7513,-1359,11352,13315,14119,14138,9799,0.8,0.94,11856.4,0.838619324,-386.1932381
7514,-1341,11327,13472,14094,14323,9799,0.8,0.94,12068.9,0.842623752,-426.2375201
7515,-1340,11304,13405,14085,14252,9795,0.8,0.94,11980.6,0.840625877,-406.2587707
7516,-1333,11304,13165,14034,13987,9791,0.81,0.94,11661.1,0.833709873,-237.0987345
7517,-1322,11378,13229,14102,14070,9787,0.81,0.94,11750,0.835110163,-251.1016347
7518,-1314,11156,13385,13912,14235,9787,0.8,0.94,11955.5,0.839866526,-398.6652617
7519,-1317,11355,13395,14090,14265,9789,0.81,0.94,11974.5,0.839432177,-294.3217666
7520,-1303,11225,13430,13993,14294,9791,0.8,0.94,12018.2,0.840786344,-407.8634392
7521,-1339,11338,13366,14081,14229,9794,0.81,0.94,11934.7,0.838758873,-287.5887272
7523,-1322,11258,13432,14053,14295,9795,0.8,0.94,12020.5,0.840888423,-408.8842253
7523,-1314,11321,13394,14061,14263,9794,0.81,0.94,11972.9,0.839437706,-294.3770595
7524,-1286,11313,13404,14058,14275,9795,0.8,0.94,11986.5,0.839684764,-396.8476357
7525,-1294,11321,13266,14023,14119,9796,0.81,0.94,11801.7,0.835873645,-258.7364544
7526,-1310,11334,13314,14059,14186,9796,0.81,0.94,11869.8,0.83672635,-267.2634992
7527,-1295,11234,13127,14023,13988,9796,0.8,0.94,11623.4,0.830955104,-309.5510438
7528,-1276,11373,13331,14059,14204,9796,0.81,0.94,11892.2,0.83724303,-272.4303013
7529,-1281,11459,13194,14144,14049,9795,0.81,0.94,11708.7,0.833418749,-234.1874867
7530,-1275,11424,13252,14108,14117,9794,0.81,0.94,11787.1,0.834957852,-249.5785223
7531,-1290,11340,13396,14053,14275,9794,0.81,0.94,11978.5,0.839124343,-291.2434326
7532,-1265,11417,13240,14085,14103,9794,0.81,0.94,11770.9,0.83463802,-246.3802028
7533,-1268,11362,13414,14095,14306,9793,0.81,0.94,12005.8,0.839214316,-292.1431567
7534,-1253,11435,13123,14090,13979,9792,0.81,0.94,11616.7,0.831010802,-210.1080192
7535,-1276,11369,13355,14050,14252,9790,0.81,0.94,11930.6,0.837117598,-271.1759753
7536,-1273,11191,13334,13943,14208,9790,0.8,0.94,11896.4,0.837302928,-373.0292793
7537,-1251,11343,13365,14069,14267,9790,0.81,0.94,11945.1,0.837253802,-272.5380248
7538,-1239,11386,13324,14108,14225,9789,0.81,0.94,11891.5,0.835957821,-259.5782074
7539,-1283,11251,13049,13991,13910,9788,0.8,0.94,11522,0.828324946,-283.2494608
7540,-1253,11421,13350,14111,14253,9787,0.81,0.94,11925.9,0.83672911,-267.2910966
7541,-1240,11467,13107,14105,13978,9786,0.81,0.94,11600.4,0.829904135,-199.0413507
7542,-1241,11451,13150,14093,14033,9790,0.81,0.94,11659.9,0.83089147,-208.9147011
7544,-1226,11349,13342,14070,14249,9794,0.81,0.94,11916.7,0.836318338,-263.1833813
7544,-1240,11418,13313,14063,14207,9798,0.81,0.94,11875.1,0.835862603,-258.6260294
7545,-1238,11474,13274,14114,14180,9799,0.81,0.94,11828,0.834132581,-241.325811
7546,-1242,11406,13378,14098,14284,9799,0.81,0.94,11963.2,0.837524503,-275.2450294
7547,-1226,11168,13091,13866,13986,9801,0.81,0.94,11586.8,0.828457028,-184.5702846
7548,-1215,11237,13335,13849,14244,9803,0.81,0.94,11908.2,0.836015164,-260.1516428
7549,-1218,11446,13325,14078,14243,9804,0.81,0.94,11897.9,0.835350699,-253.5069859
7550,-1202,11391,13246,14012,14143,9804,0.81,0.94,11788.9,0.833550166,-235.5016616
7551,-1211,11467,13180,14075,14065,9808,0.81,0.94,11699.5,0.831816566,-218.1656594
7553,-1204,11357,13401,14056,14324,9813,0.81,0.94,11998.2,0.837629154,-276.2915387
7553,-1237,11374,13337,14062,14247,9818,0.81,0.94,11911.1,0.836042676,-260.4267565
7554,-1234,11401,13254,14053,14164,9818,0.81,0.94,11803.2,0.83332392,-233.239198
7555,-1216,11428,13326,14065,14243,9816,0.81,0.94,11898.9,0.835420909,-254.2090852
7556,-1193,11393,13197,13984,14088,9804,0.81,0.94,11723.4,0.832155026,-221.5502555
7557,-1229,11296,12980,13988,13874,9792,0.81,0.94,11442.2,0.824722503,-147.2250252
7558,-1201,11449,13304,14107,14209,9782,0.81,0.94,11866.7,0.835153776,-251.5377578
7559,-1195,11399,13346,14027,14265,9781,0.81,0.94,11925.5,0.835997196,-259.9719593
7560,-1193,11384,13385,14026,14302,9785,0.81,0.94,11975.6,0.837337435,-273.3743532
7561,-1194,11498,13193,14089,14091,9789,0.82,0.94,11720.3,0.83175786,-117.5785963
7563,-1193,11418,13231,14023,14133,9794,0.81,0.94,11770.9,0.832866341,-228.6634119
7563,-1195,11468,13331,14091,14249,9796,0.81,0.94,11905.7,0.835546354,-255.4635413
7564,-1172,11488,13287,14078,14209,9796,0.82,0.94,11849.7,0.833957351,-139.5735097
7565,-1205,11311,13043,13980,13922,9794,0.81,0.94,11519.6,0.827438586,-174.3858641
7566,-1168,11256,13468,13781,14397,9793,0.82,0.94,12087.1,0.839556852,-195.5685212
7567,-1172,11489,13230,14087,14139,9791,0.82,0.94,11771.7,0.832569489,-125.6948865
7568,-1198,11511,13204,14082,14097,9792,0.82,0.94,11733.1,0.832311839,-123.118394
7570,-1184,11452,13332,14054,14257,9793,0.81,0.94,11909.1,0.835315985,-253.1598513
7570,-1181,11509,13112,14082,13998,9794,0.82,0.94,11611.4,0.829504215,-95.04214888
7571,-1182,11432,13324,14083,14238,9795,0.81,0.94,11895.4,0.835468465,-254.6846467
7572,-1170,11516,13313,14088,14229,9795,0.82,0.94,11881.7,0.835034085,-150.3408532
7573,-1176,11538,13236,14118,14128,9795,0.82,0.94,11774.4,0.833408834,-134.0883352
7574,-1171,11497,13313,14080,14225,9796,0.82,0.94,11880.5,0.835184534,-151.8453427
7575,-1184,11525,13146,14086,14034,9797,0.82,0.94,11656.2,0.830568619,-105.6861907
7576,-1182,11383,13383,14051,14300,9797,0.81,0.94,11973,0.837272727,-272.7272727
7578,-1164,11585,13275,14153,14190,9797,0.82,0.94,11832,0.833826638,-138.2663848
7579,-1173,11504,13207,14050,14103,9798,0.82,0.94,11737.9,0.832298093,-122.980926
7580,-1178,11335,13408,13979,14319,9799,0.81,0.94,12003.7,0.838305748,-283.0574761
7581,-1194,11574,13109,14134,13986,9801,0.82,0.94,11604.8,0.82974403,-97.44029744
7581,-1160,11495,13355,14068,14269,9801,0.82,0.94,11935.7,0.836477679,-164.7767888
7582,-1163,11573,13136,14122,14015,9801,0.82,0.94,11640.5,0.830574385,-105.7438459
7583,-1182,11506,13167,14070,14045,9797,0.82,0.94,11680.5,0.831648273,-116.4827341
7584,-1180,11458,13363,14079,14279,9792,0.81,0.94,11946.7,0.836662231,-266.6223125
7585,-1186,11493,13300,14080,14196,9787,0.82,0.94,11858.8,0.835362074,-153.6207382
7586,-1180,11420,13436,14059,14341,9786,0.81,0.94,12038.3,0.839432397,-294.3239663
7588,-1163,11472,13336,14026,14243,9787,0.82,0.94,11908.9,0.836123008,-161.2300779
7588,-1182,11511,13317,14064,14218,9786,0.82,0.94,11882.4,0.835729357,-157.2935715
7590,-1163,11541,13318,14074,14210,9785,0.82,0.94,11881,0.836101337,-161.0133709
7590,-1171,11571,13232,14104,14109,9785,0.82,0.94,11764.7,0.833843646,-138.436459
7591,-1177,11499,13354,14093,14247,9785,0.82,0.94,11928.1,0.837235909,-172.3590931
7592,-1173,11418,13400,14036,14297,9785,0.81,0.94,11989.1,0.838574526,-285.7452612
7593,-1180,11532,13281,14069,14162,9785,0.82,0.94,11829.6,0.835305748,-153.0574778
7594,-1175,11436,13466,14046,14363,9784,0.81,0.94,12074.9,0.840694841,-306.9484091
7595,-1163,11503,13106,14030,13977,9784,0.82,0.94,11599.1,0.829870502,-98.70501538
7596,-1182,11414,13427,14053,14316,9785,0.81,0.94,12021.8,0.839745739,-297.4573903
7597,-1182,11568,13286,14100,14149,9787,0.82,0.94,11830.7,0.836150965,-161.5096473
7599,-1202,11485,13354,14075,14232,9789,0.82,0.94,11923.6,0.837802136,-178.0213603
7599,-1194,11568,13372,14146,14255,9791,0.82,0.94,11948.5,0.838197124,-181.9712382
7600,-1178,11468,13422,14079,14308,9791,0.81,0.94,12014.4,0.839698071,-296.9807101
7601,-1204,11561,13176,14096,14020,9791,0.82,0.94,11682,0.833238231,-132.382311
7602,-1169,11505,13386,14062,14261,9791,0.82,0.94,11964.3,0.838952388,-189.5238763
7603,-1194,11527,13165,14055,13998,9791,0.82,0.94,11664.4,0.83329047,-132.9047007
7604,-1180,11577,13324,14119,14189,9792,0.82,0.94,11880.7,0.83731764,-173.1764043
7606,-1203,11571,13193,14104,14028,9792,0.82,0.94,11701.4,0.834145994,-141.4599373
7607,-1181,11484,13396,14066,14260,9795,0.82,0.94,11974,0.839691445,-196.914446
7607,-1188,11549,13184,14079,14020,9798,0.82,0.94,11690,0.833808845,-138.0884451
7608,-1206,11478,13353,14088,14207,9800,0.81,0.94,11915.1,0.838678116,-286.7811642
7609,-1208,11545,13152,14074,13985,9800,0.82,0.94,11647.5,0.832856632,-128.5663211
7610,-1181,11565,13320,14093,14163,9804,0.82,0.94,11868.9,0.838021606,-180.2160559
7612,-1202,11521,13434,14086,14290,9810,0.82,0.94,12021,0.841217635,-212.1763471
7612,-1194,11552,13122,14079,13941,9815,0.82,0.94,11604.3,0.832386486,-123.864859
7614,-1183,11494,13402,14046,14256,9818,0.82,0.94,11978.8,0.840263749,-202.637486
7614,-1196,11573,13248,14099,14071,9818,0.82,0.94,11769.3,0.836422429,-164.2242911
7616,-1207,11546,13356,14096,14189,9813,0.82,0.94,11912.7,0.839572909,-195.7290859
7616,-1208,11433,13284,14015,14101,9809,0.82,0.94,11814.3,0.837834196,-178.3419616
7618,-1203,11600,13278,14148,14102,9804,0.82,0.94,11808.6,0.837370586,-173.7058573
7618,-1220,11318,13461,13841,14302,9804,0.82,0.94,12051.6,0.842651377,-226.5137743
7619,-1184,11461,13437,14031,14269,9804,0.82,0.94,12017.7,0.842224403,-222.2440255
7620,-1218,11531,13331,14119,14143,9805,0.82,0.94,11873.9,0.839560206,-195.6020646
7621,-1214,11521,13438,14080,14270,9806,0.82,0.94,12019,0.842256482,-222.5648213
7622,-1199,11576,13463,14134,14295,9807,0.82,0.94,12051.5,0.843057013,-230.5701294
7624,-1202,11573,13338,14126,14140,9807,0.82,0.94,11880,0.840169731,-201.6973126
7624,-1227,11566,13372,14130,14190,9807,0.82,0.94,11929,0.840662438,-206.6243834
7626,-1217,11513,13427,14077,14244,9806,0.82,0.94,12000.2,0.842474024,-224.7402415
7626,-1225,11388,13443,14024,14242,9806,0.81,0.94,12015.6,0.843673641,-336.7364134
7627,-1236,11466,13235,14111,14033,9805,0.81,0.94,11744.9,0.836948621,-269.4862111
7628,-1224,11508,13416,14072,14222,9805,0.82,0.94,11982.6,0.842539727,-225.3972718
7629,-1233,11538,13307,14086,14099,9800,0.82,0.94,11836.7,0.839541811,-195.4181148
7631,-1217,11455,13496,14021,14301,9796,0.82,0.94,12086.3,0.845136704,-251.3670373
7632,-1239,11487,13432,14049,14235,9792,0.82,0.94,12002.5,0.843168247,-231.6824728
7633,-1216,11543,13494,14144,14300,9792,0.82,0.94,12084,0.845034965,-250.3496503
7634,-1233,11517,13455,14112,14247,9794,0.82,0.94,12029.1,0.844325121,-243.2512108
7635,-1242,11615,13282,14154,14057,9796,0.82,0.94,11799.1,0.8393754,-193.7540016
7635,-1246,11461,13476,14043,14271,9799,0.82,0.94,12057.3,0.844881228,-248.8122766
7636,-1248,11265,13595,13899,14394,9799,0.81,0.94,12213.2,0.848492427,-384.924274
7637,-1241,11571,13180,14116,13931,9799,0.82,0.95,11659.3,0.836932022,-169.3202211
7639,-1265,11550,13308,14085,14066,9797,0.82,0.95,11827.8,0.840878715,-208.7871463
7640,-1250,11545,13233,14077,13990,9795,0.82,0.95,11730,0.83845604,-184.5604003
7641,-1251,11427,13506,14043,14292,9794,0.81,0.95,12093.6,0.846179681,-361.7968094
7642,-1274,11467,13525,14074,14303,9794,0.81,0.95,12115.9,0.847088023,-370.8802349
7643,-1266,11502,13455,14093,14236,9795,0.82,0.95,12025.8,0.844745715,-247.4571509
7643,-1261,11503,13441,14090,14205,9795,0.82,0.95,12002.5,0.844948962,-249.4896163
7644,-1251,11477,13434,14080,14205,9795,0.82,0.95,11995.5,0.844456177,-244.561774
7645,-1264,11499,13464,14085,14229,9795,0.82,0.95,12032.7,0.845646215,-256.4621548
7647,-1259,11519,13315,14086,14055,9795,0.82,0.95,11831.5,0.841800071,-218.0007115
7648,-1260,11584,13262,14146,14021,9797,0.82,0.95,11768.3,0.839333856,-193.3385636
7649,-1285,11359,13556,13976,14325,9798,0.81,0.95,12153.5,0.848411867,-384.1186736
7650,-1286,11510,13504,14093,14263,9800,0.82,0.95,12082.9,0.847149968,-271.4996845
7651,-1278,11524,13473,14120,14226,9800,0.82,0.95,12040.8,0.846393927,-263.9392661
7652,-1273,11518,13419,14089,14160,9800,0.82,0.95,11967,0.845127119,-251.2711864
7653,-1284,11492,13508,14092,14263,9802,0.82,0.95,12086.9,0.847430414,-274.3041436
7654,-1295,11493,13419,14077,14151,9803,0.82,0.95,11964.3,0.845473818,-254.738181
7654,-1280,11473,13533,14100,14286,9804,0.81,0.95,12118.8,0.848299034,-382.9903402
7656,-1293,11485,13571,14145,14315,9804,0.81,0.95,12165.5,0.849842822,-398.4282221
7656,-1275,11490,13564,14047,14313,9808,0.82,0.95,12157.9,0.849430588,-294.3058758
7658,-1297,11399,13261,14074,13995,9813,0.81,0.95,11759.5,0.84026438,-302.6438014
7659,-1306,11559,13261,14132,13970,9817,0.82,0.95,11752,0.84123121,-212.3120974
7660,-1306,11450,13524,14116,14261,9818,0.81,0.95,12102.3,0.848629128,-386.2912839
7661,-1310,11525,13510,14124,14246,9815,0.82,0.95,12083.8,0.848224063,-282.2406289
7661,-1310,11404,13571,14060,14307,9807,0.81,0.95,12163.1,0.850150276,-401.5027609
7662,-1321,11462,13524,14106,14264,9800,0.81,0.95,12103.2,0.848513741,-385.1374089
7664,-1316,11495,13480,14089,14208,9795,0.82,0.95,12042.4,0.847578829,-275.7882883
7665,-1308,11387,13511,14022,14240,9795,0.81,0.95,12083,0.848525281,-385.252809
7666,-1332,11367,13291,14046,13989,9796,0.81,0.95,11787.7,0.842640646,-326.4064622
7667,-1325,11282,13528,13979,14247,9798,0.81,0.95,12102.1,0.849449007,-394.4900681
7668,-1318,11064,13574,13683,14311,9800,0.81,0.95,12167.3,0.850206135,-402.0613514
7669,-1320,11522,13337,14103,14038,9800,0.82,0.95,11848.4,0.844023365,-240.2336515
7669,-1335,11419,13566,14064,14290,9801,0.81,0.95,12153,0.850454864,-404.5486354
7671,-1326,11445,13534,14066,14257,9806,0.81,0.95,12111.1,0.849484464,-394.8446377
7672,-1332,11514,13464,14102,14167,9811,0.82,0.95,12014.1,0.848034164,-280.341639
7672,-1327,11448,13586,14104,14316,9815,0.81,0.95,12180.8,0.850852193,-408.5219335
7674,-1342,11498,13524,14120,14231,9814,0.81,0.95,12093.3,0.849785679,-397.8567915
7675,-1326,11462,13566,14118,14291,9814,0.81,0.95,12153.3,0.850416346,-404.1634595
7676,-1333,11504,13235,14100,13915,9814,0.82,0.95,11709.5,0.841501976,-215.0197628
7677,-1338,11362,13656,13940,14365,9815,0.82,0.95,12265.5,0.853846154,-338.4615385
7678,-1337,11499,13472,14116,14174,9815,0.81,0.95,12024.2,0.848327924,-383.2792437
7678,-1343,11028,13333,13684,14029,9815,0.81,0.95,11841.7,0.844087248,-340.8724784
7679,-1320,11522,13391,14120,14083,9814,0.82,0.95,11915.9,0.846119435,-261.1943478
7680,-1330,11483,13481,14119,14189,9812,0.81,0.95,12037.7,0.84838255,-383.8254986
7681,-1362,11428,13630,14105,14344,9811,0.81,0.95,12233.2,0.852844395,-428.4439487
7682,-1349,11444,13610,14099,14327,9811,0.81,0.95,12208.1,0.852104418,-421.0441823
7683,-1336,11463,13467,14040,14148,9809,0.82,0.95,12011.4,0.848982188,-289.821883
7685,-1368,11437,13579,14083,14281,9805,0.81,0.95,12163.3,0.851712065,-417.1206498
7686,-1365,11395,13604,14066,14311,9802,0.81,0.95,12197.3,0.852302425,-423.0242471
7687,-1363,11309,13652,14026,14361,9800,0.81,0.95,12260.3,0.853721886,-437.2188566
7688,-1371,11403,12966,14078,13618,9800,0.81,0.95,11351.4,0.833558525,-235.5852548
7688,-1377,11431,13539,14083,14248,9801,0.81,0.95,12113.4,0.850182482,-401.8248175
7690,-1356,11481,13600,14135,14305,9803,0.81,0.95,12191.5,0.852254456,-422.5445648
7691,-1348,11422,13547,14043,14252,9804,0.81,0.95,12122.6,0.850589391,-405.8939096
7692,-1344,11439,13598,14059,14305,9804,0.81,0.95,12189.5,0.852114645,-421.1464523
7693,-1372,11304,13348,14013,14022,9806,0.81,0.95,11854.6,0.845428612,-354.2861218
7694,-1359,11344,13629,13966,14337,9810,0.81,0.95,12230.1,0.85304457,-430.4456999
7695,-1364,11415,13444,14030,14123,9814,0.81,0.95,11980.9,0.848325427,-383.2542661
7696,-1362,11417,13569,14085,14268,9817,0.81,0.95,12149.4,0.851513877,-415.1387721
7697,-1377,11354,13507,14058,14188,9818,0.81,0.95,12063.4,0.850253736,-402.5373555
7697,-1377,11494,13412,14120,14102,9811,0.81,0.95,11942.6,0.846872784,-368.72784
7698,-1378,11431,13515,14083,14208,9805,0.81,0.95,12077.4,0.85004223,-400.4222973
7699,-1365,11409,13603,14058,14312,9798,0.81,0.95,12196.6,0.852193963,-421.9396311
7700,-1371,11488,13398,14110,14074,9798,0.81,0.95,11920.2,0.846966037,-369.6603666
7702,-1370,11454,13469,14112,14160,9798,0.81,0.95,12017,0.848658192,-386.5819209
7702,-1367,11332,13621,14026,14333,9797,0.81,0.95,12220.9,0.852640759,-426.4075909
7704,-1369,11369,13605,14077,14309,9797,0.81,0.95,12197.7,0.852449507,-424.495073
7705,-1397,11437,13485,14072,14189,9797,0.81,0.95,12041.7,0.848664458,-386.6445838
7705,-1379,11352,13638,14076,14339,9797,0.81,0.95,12239.7,0.85359509,-435.9509031
7706,-1385,11415,13612,14113,14304,9795,0.81,0.95,12203.2,0.853131991,-431.3199105
7707,-1363,11457,13533,14105,14238,9794,0.81,0.95,12104.4,0.850147493,-401.4749263
7709,-1364,11395,13537,14056,14235,9792,0.81,0.95,12107.5,0.850544433,-405.4443274
7710,-1367,11427,13511,14065,14205,9791,0.81,0.95,12072.5,0.849876804,-398.7680394
7711,-1383,11424,13460,14119,14140,9792,0.81,0.95,12002,0.848797737,-387.9773692
7712,-1381,11418,13379,14045,14056,9795,0.81,0.95,11895.8,0.846314741,-363.1474104
7713,-1391,11371,13560,14072,14267,9799,0.81,0.95,12140.1,0.850921707,-409.2170744
7714,-1395,11349,13609,14075,14314,9802,0.81,0.95,12203.2,0.852535979,-425.3597876
7714,-1389,11413,13537,14095,14232,9803,0.81,0.95,12106.6,0.850660483,-406.6048342
7716,-1387,11451,13495,14101,14191,9807,0.81,0.95,12052.3,0.849291805,-392.9180466
7716,-1385,11334,13596,14057,14312,9813,0.81,0.95,12189.6,0.851704863,-417.0486305
7717,-1381,11463,13562,14144,14271,9819,0.81,0.95,12143.3,0.850907435,-409.0743466
7719,-1390,11444,13395,14087,14079,9821,0.81,0.95,11918.7,0.846558704,-365.5870445
7720,-1388,11404,13553,14084,14260,9820,0.81,0.95,12131,0.850701262,-407.0126227
7721,-1384,11357,13600,14118,14303,9813,0.8,0.95,12190.9,0.852331679,-523.3167867
7722,-1390,11409,13554,14087,14257,9806,0.81,0.95,12131.1,0.850887283,-408.8728344
7722,-1377,11343,13653,14076,14369,9800,0.81,0.95,12263.7,0.853483193,-434.8319298
7724,-1376,11396,13479,14065,14167,9800,0.81,0.95,12029.1,0.849092963,-390.9296252
7725,-1362,11440,13525,14090,14235,9798,0.81,0.95,12095.5,0.84970144,-397.0144011
7725,-1406,11325,13604,14053,14311,9794,0.81,0.95,12197.3,0.852302425,-423.0242471
7727,-1375,11362,13597,14106,14312,9790,0.81,0.95,12190.6,0.851774734,-417.7473449
7728,-1393,11408,13560,14116,14266,9789,0.81,0.95,12139.8,0.850960325,-409.6032525
7729,-1386,11400,13514,14072,14216,9789,0.81,0.95,12078.8,0.849662352,-396.6235228
7730,-1385,11461,13445,14116,14138,9793,0.81,0.95,11986.4,0.847814401,-378.1440091
7730,-1374,11471,13530,14158,14243,9797,0.81,0.95,12102.9,0.849743734,-397.4373376
7732,-1396,11446,13333,14125,14014,9802,0.81,0.95,11837.2,0.844669616,-346.696161
7732,-1388,11339,13574,14042,14290,9802,0.81,0.95,12161,0.851014696,-410.1469559
7734,-1400,11401,13495,14084,14199,9802,0.81,0.95,12054.7,0.848982323,-389.823227
7734,-1374,11403,13559,14103,14276,9802,0.81,0.95,12141.8,0.850504343,-405.0434295
7735,-1396,11441,13246,14109,13925,9801,0.81,0.95,11723.5,0.841903052,-319.0305206
7736,-1388,11429,13356,14103,14042,9800,0.81,0.95,11868.6,0.845221478,-352.2147842
7738,-1394,11334,13591,14067,14314,9800,0.81,0.95,12185.2,0.851278469,-412.7846863
7739,-1414,11431,13353,14097,14044,9804,0.81,0.95,11866.2,0.844930219,-349.3021931
7740,-1390,11368,13532,14075,14246,9809,0.81,0.95,12105.8,0.849768356,-397.6835603
7740,-1380,11384,13560,14102,14278,9815,0.81,0.95,12143.4,0.850497269,-404.9726853
7741,-1383,11356,13486,14008,14188,9815,0.81,0.95,12042.4,0.848773612,-387.736115
7742,-1384,11454,13393,14133,14093,9814,0.81,0.95,11920.9,0.845873838,-358.7383808
7744,-1387,11386,13575,14114,14295,9811,0.81,0.95,12163.5,0.85089192,-408.9192025
7745,-1390,11390,13539,14105,14253,9808,0.81,0.95,12114.9,0.849989476,-399.894759
7745,-1404,11422,13257,14101,13943,9807,0.81,0.95,11739.9,0.841992398,-319.9239762
7747,-1411,11243,13623,14036,14339,9806,0.8,0.95,12224.7,0.852548992,-525.4899226
7748,-1390,11457,13407,14143,14107,9803,0.81,0.95,11939.1,0.84632452,-363.2451974
7749,-1393,11335,13585,14092,14305,9799,0.8,0.95,12176.5,0.851205872,-512.0587207
7750,-1395,11427,13459,14104,14175,9795,0.81,0.95,12011.5,0.847372134,-373.7213404
7751,-1419,11283,13240,14079,13926,9794,0.8,0.95,11717.8,0.84143329,-414.3329025
7751,-1383,11273,13603,14022,14330,9795,0.8,0.95,12202,0.851500349,-515.0034892
7753,-1397,11331,13471,14076,14181,9796,0.8,0.95,12025.3,0.847986743,-479.8674282
7754,-1403,11407,13407,14076,14104,9797,0.81,0.95,11938.2,0.846440726,-364.4072604
7755,-1397,11336,13554,14079,14279,9798,0.81,0.95,12137.7,0.850038518,-400.385181
7755,-1407,11332,13520,14050,14243,9798,0.81,0.95,12092.9,0.849041634,-390.4163449
7757,-1408,11392,13395,14074,14093,9798,0.81,0.95,11922.9,0.846015753,-360.157525
7758,-1391,11367,13268,14055,13988,9799,0.81,0.95,11764.4,0.841035173,-310.3517301
7759,-1404,11146,13547,13861,14274,9799,0.8,0.95,12129.2,0.849740787,-497.4078745
7759,-1401,11419,13517,14110,14251,9800,0.81,0.95,12092.3,0.848522911,-385.2291067
7760,-1395,11413,13401,14115,14116,9800,0.81,0.95,11935.8,0.845551148,-355.5114763
7762,-1392,11410,13416,14099,14125,9799,0.81,0.95,11953.5,0.846265487,-362.6548673
7763,-1392,11379,13478,14104,14197,9799,0.81,0.95,12037.1,0.847862224,-378.6222441
7764,-1410,11331,13554,14121,14285,9799,0.8,0.95,12139.5,0.84980749,-498.0749037
7765,-1419,11353,13247,14038,13944,9799,0.81,0.95,11730.2,0.841236374,-312.3637407
7766,-1400,11443,13418,14149,14141,9802,0.81,0.95,11960.3,0.845788841,-357.8884096
7767,-1384,11233,13664,13890,14400,9807,0.81,0.95,12284,0.853055556,-430.5555556
7768,-1409,11273,13150,14078,13861,9813,0.8,0.95,11608.3,0.837479258,-374.7925835
7768,-1412,11397,13420,14116,14131,9815,0.81,0.95,11959.3,0.846316609,-363.1660887
7769,-1410,11356,13431,14083,14153,9815,0.81,0.95,11976.9,0.846244612,-362.4461245
7770,-1401,11379,13300,14081,14000,9812,0.81,0.95,11800,0.842857143,-328.5714286
7771,-1400,11427,13492,14143,14220,9809,0.81,0.95,12058,0.847960619,-379.6061885
7772,-1381,11385,13520,14095,14253,9805,0.81,0.95,12095.9,0.848656423,-386.5642321
7773,-1427,11395,13429,14095,14139,9805,0.81,0.95,11970.7,0.846644034,-366.4403423
7774,-1398,11297,13512,14072,14231,9806,0.8,0.95,12081.3,0.84894245,-489.4244958
7774,-1409,11370,13275,14076,13969,9808,0.81,0.95,11765.7,0.842272174,-322.721741
7775,-1408,11072,13514,13877,14238,9809,0.8,0.95,12085.4,0.848813036,-488.1303554
7776,-1399,11404,13405,14111,14119,9810,0.81,0.95,11940.7,0.845718535,-357.1853531
7777,-1422,11079,13512,13793,14239,9810,0.8,0.95,12083.7,0.848634033,-486.3403329
7778,-1402,11315,13547,14043,14285,9810,0.81,0.95,12132.5,0.849317466,-393.1746587
7779,-1383,11379,13493,14076,14224,9811,0.81,0.95,12060.2,0.847876828,-378.768279
7779,-1407,11259,13554,14030,14287,9811,0.8,0.95,12140.1,0.849730524,-497.3052425
7780,-1423,11396,13362,14103,14071,9811,0.81,0.95,11883.3,0.844524199,-345.2419871
7782,-1411,11340,13519,14103,14249,9812,0.8,0.95,12093.7,0.848740262,-487.4026247
7782,-1412,11416,13335,14126,14034,9814,0.81,0.95,11845.2,0.844035913,-340.3591278
7783,-1423,11356,13520,14083,14252,9816,0.81,0.95,12095.6,0.84869492,-386.9492001
7783,-1399,11339,13513,14109,14232,9817,0.8,0.95,12082.6,0.848974143,-489.7414278
7784,-1436,11275,13119,14106,13812,9818,0.8,0.95,11562.6,0.837141616,-371.4161599
7784,-1412,11420,13327,14136,14029,9817,0.81,0.95,11835.7,0.843659562,-336.5956234
7785,-1399,11377,13504,14085,14234,9815,0.81,0.95,12074.2,0.848264718,-382.6471828
7786,-1410,11428,13352,14151,14053,9814,0.81,0.95,11867.9,0.844510069,-345.1006902
7787,-1407,11407,13305,14126,14006,9813,0.81,0.95,11806.8,0.842981579,-329.8157932
7788,-1423,11241,13595,14029,14326,9814,0.8,0.95,12192.8,0.85109591,-510.9590954
7788,-1445,11272,13545,14077,14274,9818,0.8,0.95,12127.2,0.849600673,-496.0067255
7789,-1432,11340,13510,14073,14244,9823,0.81,0.95,12083.2,0.848301039,-383.0103903
7789,-1434,11337,13481,14094,14199,9826,0.8,0.95,12040.7,0.847996338,-479.9633777
7790,-1398,11347,13640,14056,14375,9826,0.81,0.95,12252.5,0.852347826,-423.4782609
7791,-1413,11360,13535,14091,14267,9819,0.81,0.95,12115.1,0.849169412,-391.6941193
7791,-1422,11350,13470,14098,14183,9809,0.81,0.95,12024.9,0.847838962,-378.3896214
7792,-1406,11277,13518,14059,14248,9798,0.8,0.95,12092.4,0.848708591,-487.0859068
7793,-1424,11212,13609,14027,14344,9794,0.8,0.95,12212.2,0.851380368,-513.803681
7793,-1399,11366,13478,14067,14202,9794,0.81,0.95,12038.6,0.847669342,-376.6934235
7794,-1440,11262,13281,14097,13980,9800,0.8,0.95,11775,0.842274678,-422.7467811
7794,-1413,11318,13533,14063,14252,9807,0.8,0.95,12108.6,0.849607073,-496.0707269
7795,-1427,11331,13601,14142,14334,9815,0.8,0.95,12201.2,0.851206921,-512.0692061
7795,-1415,11354,13324,14065,14014,9815,0.81,0.95,11828.2,0.844027401,-340.2740117
7796,-1408,11341,13286,14050,13984,9816,0.81,0.95,11781.2,0.842477117,-324.771167
7796,-1413,11352,13214,14072,13907,9818,0.81,0.95,11686.1,0.840303444,-303.0344431
7797,-1424,11365,13559,14140,14272,9820,0.8,0.95,12140.6,0.850658632,-506.5863229
7797,-1407,11397,13589,14131,14317,9821,0.81,0.95,12184.1,0.851023259,-410.2325906
7798,-1427,11304,13474,14114,14179,9821,0.8,0.95,12027.7,0.848275619,-482.7561887
7798,-1456,11359,13344,14068,14042,9820,0.81,0.95,11856.6,0.844366899,-343.668993
7798,-1407,11330,13573,14100,14306,9819,0.8,0.95,12164.8,0.850328533,-503.2853348
7799,-1412,11391,13538,14146,14258,9818,0.81,0.95,12115.4,0.849726469,-397.2646935
7799,-1431,11427,13384,14156,14088,9818,0.81,0.95,11910.4,0.845428734,-354.2873367
7800,-1438,11308,13636,14115,14368,9817,0.8,0.95,12246.4,0.85233853,-523.3853007
7800,-1437,11260,13576,14037,14298,9815,0.8,0.95,12165.4,0.850846272,-508.4627221
7801,-1414,11435,13533,14165,14255,9813,0.81,0.95,12109.5,0.849491407,-394.9140652
7801,-1432,11338,13508,14081,14228,9812,0.81,0.95,12076.4,0.848777059,-387.7705932
7802,-1421,11320,13564,14092,14283,9812,0.8,0.95,12148.9,0.850584611,-505.8461108
7802,-1418,11350,13505,14104,14216,9814,0.8,0.95,12069.8,0.849029263,-490.292628
7802,-1432,11405,13558,14173,14277,9818,0.8,0.95,12141.1,0.850395741,-503.957414
7803,-1412,11331,13571,14089,14286,9822,0.8,0.95,12156.8,0.850958981,-509.5898082
7803,-1442,11285,13617,14101,14332,9823,0.8,0.95,12216.6,0.852400223,-524.0022328
7803,-1443,11260,13584,14076,14310,9823,0.8,0.95,12177,0.850943396,-509.4339623
7804,-1430,11388,13329,14117,14014,9824,0.81,0.95,11833.2,0.844384187,-343.8418724
7805,-1437,11215,13609,14051,14331,9824,0.8,0.95,12208.3,0.851880539,-518.8053869
7805,-1413,11264,13570,14035,14291,9824,0.8,0.95,12157.3,0.850696242,-506.9624239
7805,-1446,11327,13490,14096,14192,9824,0.8,0.95,12047.6,0.848900789,-489.0078918
7805,-1434,11354,13490,14083,14198,9822,0.81,0.95,12049.4,0.848668827,-386.688266
7805,-1448,11444,13344,14181,14035,9820,0.81,0.95,11854.5,0.844638404,-346.3840399
7805,-1431,11353,13562,14087,14280,9819,0.81,0.95,12146,0.850560224,-405.6022409
7806,-1421,11360,13536,14103,14262,9818,0.81,0.95,12114.6,0.849432057,-394.3205721
7806,-1449,11349,13505,14116,14207,9817,0.8,0.95,12067.1,0.849377068,-493.7706764
7806,-1428,11375,13261,14092,13940,9815,0.81,0.95,11743,0.842395983,-323.9598278
7807,-1456,11339,13503,14108,14208,9813,0.8,0.95,12065.4,0.849197635,-491.9763514
7807,-1422,11425,13302,14148,13987,9812,0.81,0.95,11798.1,0.843504683,-335.0468292
7807,-1426,11296,13523,14061,14235,9812,0.8,0.95,12093.5,0.849560941,-495.6094134
7807,-1437,11411,13367,14139,14054,9811,0.81,0.95,11883.2,0.845538637,-355.3863669
7807,-1431,11377,13230,14104,13906,9812,0.81,0.95,11701.8,0.841492881,-314.9288077
7807,-1421,11323,13489,14033,14199,9812,0.81,0.95,12048.7,0.848559758,-385.5975773
7807,-1445,11295,13503,14069,14204,9812,0.8,0.95,12064.2,0.849352295,-493.5229513
7808,-1436,11381,13461,14121,14161,9813,0.81,0.95,12009.3,0.848054516,-380.5451592
7808,-1425,11351,13529,14095,14235,9810,0.81,0.95,12099.5,0.849982438,-399.8243765
7808,-1424,11305,13583,14066,14291,9808,0.8,0.95,12170.3,0.851605906,-516.0590581
7809,-1455,11295,13555,14072,14264,9805,0.8,0.95,12134.2,0.850687044,-506.8704431
7808,-1423,11257,13620,14083,14337,9805,0.8,0.95,12221.1,0.852416824,-524.168236
7809,-1428,11409,13439,14134,14143,9806,0.81,0.95,11981.9,0.847196493,-371.9649296
7809,-1435,11372,13560,14119,14267,9808,0.81,0.95,12140.1,0.850921707,-409.2170744
7808,-1428,11424,13483,14167,14194,9810,0.81,0.95,12041.2,0.84833028,-383.302804
7808,-1408,11338,13532,14076,14243,9810,0.81,0.95,12104.9,0.849884154,-398.8415362
7808,-1446,11314,13576,14079,14283,9810,0.8,0.95,12160.9,0.851424771,-514.2477071
7809,-1434,11394,13435,14115,14133,9810,0.81,0.95,11974.9,0.847300644,-373.0064388
7809,-1428,11367,13465,14094,14163,9810,0.81,0.95,12013.9,0.84825955,-382.5954953
7809,-1430,11315,13606,14115,14322,9810,0.8,0.95,12202.6,0.852017875,-520.178746
7809,-1407,10978,13540,13771,14248,9809,0.8,0.95,12114.4,0.850252667,-502.5266704
7809,-1439,11227,13623,14062,14341,9811,0.8,0.95,12225.3,0.852471934,-524.7193362
7809,-1452,11197,13337,14021,14042,9815,0.8,0.95,11849.6,0.843868395,-438.6839482
7809,-1425,11190,13564,13902,14272,9820,0.8,0.95,12145.6,0.851008969,-510.0896861
7809,-1431,11307,13582,14103,14297,9823,0.8,0.95,12171.1,0.851304469,-513.0446947
7809,-1431,11358,13519,14112,14230,9823,0.8,0.95,12088,0.849472944,-494.7294448
7809,-1428,11298,13598,14075,14314,9819,0.8,0.95,12192.2,0.8517675,-517.6750035
7809,-1410,11323,13597,14104,14317,9814,0.8,0.95,12192.1,0.851582035,-515.8203534
7809,-1438,11255,13611,14083,14325,9809,0.8,0.95,12208.5,0.852251309,-522.513089
7808,-1415,11063,13067,13716,13741,9808,0.81,0.95,11489.3,0.836132741,-261.3274143
7809,-1416,11351,13563,14096,14269,9808,0.81,0.95,12143.7,0.851054734,-410.5473404
7809,-1435,11178,13653,13934,14366,9810,0.8,0.95,12262.8,0.853598775,-535.9877489
7809,-1451,11220,13129,14068,13813,9812,0.8,0.95,11572.9,0.837826685,-378.2668501
7809,-1435,11424,13346,14166,14029,9813,0.81,0.95,11854.7,0.8450139,-350.1389978
7809,-1428,11315,13606,14088,14313,9813,0.8,0.95,12199.9,0.852364983,-523.6498288
7809,-1433,11328,13599,14119,14315,9812,0.8,0.95,12193.5,0.851798812,-517.9881243
7809,-1435,11248,13561,14063,14274,9812,0.8,0.95,12143.2,0.850721592,-507.2159171
7809,-1454,11355,13563,14122,14283,9812,0.8,0.95,12147.9,0.850514598,-505.1459777
7808,-1442,11391,13508,14124,14224,9812,0.81,0.95,12075.2,0.848931384,-389.3138358
7808,-1419,11381,13540,14132,14255,9810,0.81,0.95,12116.5,0.849982462,-399.8246229
7808,-1436,11387,13366,14115,14057,9805,0.81,0.95,11883.1,0.845351071,-353.5107064
7808,-1468,11229,13390,14064,14074,9800,0.8,0.95,11912.2,0.846397613,-463.9761262
7809,-1449,11349,13398,14066,14098,9797,0.81,0.95,11927.4,0.846034899,-360.3489857
7809,-1450,11321,13284,14036,13960,9797,0.81,0.95,11772,0.843266476,-332.6647564
7809,-1427,11336,13597,14075,14316,9798,0.81,0.95,12191.8,0.851620564,-416.205644
7808,-1424,11310,13580,14085,14291,9799,0.8,0.95,12167.3,0.851395983,-513.9598349
7809,-1447,11276,13614,14071,14333,9800,0.8,0.95,12213.9,0.852152376,-521.5237564
7808,-1412,11326,13567,14081,14289,9800,0.8,0.95,12153.7,0.85056337,-505.6337042
7808,-1442,11390,13334,14110,14017,9800,0.81,0.95,11839.1,0.844624385,-346.2438468
7808,-1426,11348,13534,14094,14238,9807,0.81,0.95,12105.4,0.850217727,-402.1772721
7808,-1463,11326,13488,14090,14190,9814,0.8,0.95,12045,0.848837209,-488.372093
7809,-1429,11233,13636,14056,14355,9821,0.8,0.95,12242.5,0.852838732,-528.3873215
7809,-1425,11403,13400,14131,14096,9820,0.81,0.95,11928.8,0.846254257,-362.5425653
7808,-1447,11377,13480,14106,14187,9819,0.81,0.95,12036.1,0.848389371,-383.8937055
7808,-1455,11241,13575,14041,14293,9815,0.8,0.95,12162.9,0.850969006,-509.6900581
7809,-1427,11265,13605,14090,14318,9812,0.8,0.95,12200.4,0.852102249,-521.0224892
7808,-1442,11392,13406,14118,14106,9809,0.81,0.95,11937.8,0.846292358,-362.9235786
7808,-1426,11324,13578,14107,14297,9809,0.8,0.95,12167.1,0.85102469,-510.2469049
7808,-1424,11359,13499,14087,14208,9806,0.81,0.95,12061.4,0.848916104,-389.161036
7808,-1423,11414,13289,14147,13967,9802,0.81,0.95,11779.1,0.843352187,-333.521873
7808,-1441,11274,13598,14078,14318,9799,0.8,0.95,12193.4,0.851613354,-516.1335382
7809,-1454,11267,13649,14099,14363,9800,0.8,0.95,12257.9,0.853435912,-534.3591172
7808,-1435,11294,13579,14074,14295,9802,0.8,0.95,12167.5,0.851171738,-511.7173837
7808,-1445,11356,13565,14099,14279,9807,0.81,0.95,12148.7,0.85080888,-408.0888017
7808,-1441,11367,13541,14092,14255,9813,0.81,0.95,12117.5,0.850052613,-400.5261312
7808,-1420,11402,13521,14151,14230,9816,0.81,0.95,12090,0.849613493,-396.1349262
7808,-1424,11289,13606,14046,14322,9816,0.8,0.95,12202.6,0.852017875,-520.178746
7808,-1428,11338,13490,14081,14198,9820,0.81,0.95,12049.4,0.848668827,-386.688266
7808,-1433,11314,13564,14070,14265,9825,0.8,0.95,12143.5,0.851279355,-512.7935506
7808,-1423,11380,13393,14099,14081,9830,0.81,0.95,11917.3,0.846339038,-363.3903842
7808,-1433,11300,13518,14052,14229,9831,0.8,0.95,12086.7,0.849441282,-494.4128189
7808,-1424,11243,13571,14070,14289,9830,0.8,0.95,12157.7,0.850843306,-508.4330604
7808,-1472,11181,13250,14008,13932,9827,0.8,0.95,11729.6,0.841917887,-419.1788688
7808,-1431,11311,13527,14071,14230,9824,0.8,0.95,12096,0.850035137,-500.3513703
7808,-1436,11286,13594,14089,14313,9822,0.8,0.95,12187.9,0.851526584,-515.2658422
7808,-1416,11365,13418,14108,14115,9822,0.81,0.95,11952.5,0.846794191,-367.9419058
7807,-1438,11389,13495,14104,14190,9818,0.81,0.95,12052,0.849330514,-393.3051445
7808,-1423,11395,13294,14119,13982,9813,0.81,0.95,11788.6,0.843126877,-331.2687741
7808,-1428,11335,13549,14117,14254,9808,0.8,0.95,12125.2,0.850652448,-506.5244844
7808,-1418,11415,13497,14138,14211,9807,0.81,0.95,12060.3,0.848659489,-386.5948913
7808,-1430,11366,13413,14105,14112,9808,0.81,0.95,11946.6,0.846556122,-365.5612245
7808,-1429,11216,13611,14033,14326,9810,0.8,0.95,12208.8,0.85221276,-522.1276002
7808,-1445,11415,13440,14156,14142,9812,0.81,0.95,11982.6,0.847305897,-373.0589733
7808,-1428,11244,13463,13916,14173,9813,0.81,0.95,12014.9,0.847731602,-377.3160234
7807,-1435,11277,13571,14070,14282,9813,0.8,0.95,12155.6,0.851113289,-511.1328946
7807,-1433,11293,13607,14079,14316,9815,0.8,0.95,12201.8,0.852319084,-523.1908354
7807,-1434,11404,13424,14128,14119,9817,0.81,0.95,11959.7,0.84706424,-370.6423968
7808,-1408,11345,13540,14103,14260,9820,0.8,0.95,12118,0.849789621,-497.8962132
7808,-1434,11387,13522,14111,14229,9820,0.81,0.95,12090.7,0.849722398,-397.2239792
7808,-1441,11360,13568,14111,14286,9820,0.81,0.95,12153.8,0.850748985,-407.4898502
7808,-1440,11276,13569,14064,14288,9822,0.8,0.95,12155.4,0.850741881,-507.418813
7807,-1428,11264,13337,14038,14025,9823,0.8,0.95,11844.5,0.844527629,-445.2762923
7807,-1451,11241,13103,14077,13779,9824,0.8,0.95,11536.7,0.837266855,-372.6685536
7807,-1423,11376,13436,14089,14129,9824,0.81,0.95,11974.7,0.847526364,-375.2636422
7807,-1429,11296,13628,14074,14346,9825,0.8,0.95,12231.8,0.85262791,-526.2791022
7808,-1422,11306,13598,14080,14309,9828,0.8,0.95,12190.7,0.851960305,-519.603047
7808,-1441,11325,13637,14109,14347,9831,0.8,0.95,12241.1,0.8532167,-532.1670036
7808,-1415,11357,13562,14098,14278,9833,0.81,0.95,12145.4,0.850637344,-406.3734417
7808,-1422,11368,13343,14080,14022,9834,0.81,0.95,11849.6,0.84507203,-350.7202967
7807,-1431,11287,13532,14054,14239,9832,0.8,0.95,12103.7,0.850038626,-500.3862631
7807,-1421,11385,13545,14108,14254,9831,0.81,0.95,12121.2,0.850371825,-403.7182545
7807,-1435,11203,13574,14011,14287,9829,0.8,0.95,12160.1,0.851130398,-511.3039826
7807,-1440,11353,13486,14087,14201,9829,0.81,0.95,12046.3,0.848271249,-382.712485
7807,-1444,11432,13415,14159,14103,9826,0.81,0.95,11945.9,0.847046728,-370.4672765
7807,-1440,11371,13510,14136,14222,9818,0.8,0.95,12076.6,0.849149205,-491.4920546
7808,-1408,11324,13564,14108,14280,9810,0.8,0.95,12148,0.85070028,-507.0028011
7807,-1421,11339,13488,14057,14203,9805,0.81,0.95,12048.9,0.848334859,-383.3485883
7808,-1430,11367,13483,14127,14189,9805,0.8,0.95,12039.7,0.848523504,-485.2350412
7807,-1441,11260,13618,14081,14327,9807,0.8,0.95,12216.1,0.852662804,-526.628045
7807,-1420,11352,13565,14118,14285,9811,0.8,0.95,12150.5,0.850577529,-505.7752888
7807,-1439,11237,13624,14051,14341,9814,0.8,0.95,12226.3,0.852541664,-525.4166376
7807,-1437,11298,13473,14054,14180,9814,0.8,0.95,12027,0.848166432,-481.6643159
7807,-1434,11376,13350,14099,14042,9814,0.81,0.95,11862.6,0.844794189,-347.9418886
7807,-1416,11213,13516,13929,14226,9812,0.81,0.95,12083.8,0.849416561,-394.1656123
7807,-1460,11374,13398,14095,14092,9811,0.81,0.95,11925.6,0.846267386,-362.6738575
7807,-1419,11325,13573,14108,14286,9810,0.8,0.95,12158.8,0.851098978,-510.9897802
7807,-1435,11335,13571,14147,14286,9810,0.8,0.95,12156.8,0.850958981,-509.5898082
7807,-1425,11282,13658,14097,14381,9811,0.8,0.95,12272.3,0.853369029,-533.6902858
7807,-1427,11298,13561,14088,14278,9812,0.8,0.95,12144.4,0.850567306,-505.6730635
7807,-1428,11318,13501,14090,14204,9813,0.8,0.95,12062.2,0.84921149,-492.1148972
7807,-1435,11441,13372,14185,14067,9813,0.81,0.95,11892.1,0.84538992,-353.8991967
7806,-1414,11252,13680,14047,14400,9814,0.8,0.95,12300,0.854166667,-541.6666667
7807,-1447,11234,13139,14046,13840,9817,0.8,0.95,11591,0.8375,-375
7807,-1419,11287,13523,13986,14237,9820,0.81,0.95,12094.1,0.84948374,-394.8373955
7807,-1423,11345,13597,14076,14320,9823,0.81,0.95,12193,0.85146648,-414.6648045
7807,-1449,11213,13330,14041,14012,9823,0.8,0.95,11833.6,0.844533257,-445.3325721
7806,-1431,11311,13499,14106,14212,9820,0.8,0.95,12062.6,0.84876161,-487.6160991
7807,-1441,11323,13563,14101,14287,9815,0.8,0.95,12149.1,0.850360468,-503.6046756
7806,-1421,11364,13575,14124,14289,9811,0.8,0.95,12161.7,0.851123242,-511.2324165
7806,-1409,11340,13535,14082,14244,9809,0.81,0.95,12108.2,0.850056164,-400.56164
7807,-1434,11387,13563,14152,14272,9809,0.8,0.95,12144.6,0.850938901,-509.3890135
7806,-1436,11088,13672,13916,14386,9813,0.8,0.95,12287.8,0.854149868,-541.4986793
7807,-1437,11234,13229,14069,13928,9818,0.8,0.95,11707.4,0.840565767,-405.657668
7807,-1444,11204,13214,14040,13893,9823,0.8,0.95,11681.9,0.840847909,-408.4790902
7807,-1428,11236,13625,14025,14349,9823,0.8,0.95,12229.7,0.852303296,-523.032964
7806,-1438,11294,13583,14123,14306,9822,0.8,0.95,12174.8,0.851027541,-510.2754089
7807,-1440,11370,13390,14088,14089,9817,0.81,0.95,11916.7,0.845815885,-358.1588473
7806,-1428,11366,13381,14107,14073,9813,0.81,0.95,11902.9,0.845796916,-357.9691608
7806,-1439,11393,13283,14125,13964,9811,0.81,0.95,11772.2,0.843039244,-330.3924377
7806,-1426,11333,13550,14103,14272,9811,0.8,0.95,12131.6,0.850028027,-500.2802691
7806,-1426,11425,13366,14161,14055,9809,0.81,0.95,11882.5,0.845428673,-354.2867307
7807,-1436,11245,13594,13992,14302,9807,0.8,0.95,12184.6,0.851950776,-519.5077612
7807,-1436,11287,13540,14052,14259,9805,0.8,0.95,12117.7,0.849828179,-498.2817869
7807,-1428,11409,13458,14148,14156,9804,0.81,0.95,12004.8,0.848036168,-380.3616841
7806,-1421,11350,13520,14081,14233,9804,0.81,0.95,12089.9,0.849427387,-394.2738706
7806,-1417,11284,13554,14075,14275,9803,0.8,0.95,12136.5,0.850192644,-501.9264448
7806,-1439,11318,13507,14064,14209,9802,0.8,0.95,12069.7,0.849440495,-494.4049546
7806,-1423,11342,13336,14057,14025,9801,0.81,0.95,11843.5,0.844456328,-344.5632799
7806,-1428,11285,13582,14108,14303,9801,0.8,0.95,12172.9,0.851073201,-510.7320143
7806,-1446,11348,13581,14120,14302,9802,0.8,0.95,12171.6,0.851041812,-510.4181233
7807,-1469,11251,13269,14099,13955,9803,0.8,0.95,11755.5,0.842386241,-423.8624149
7807,-1426,11241,13599,14066,14310,9804,0.8,0.95,12192,0.851991614,-519.9161426
7806,-1444,11384,13486,14139,14205,9805,0.81,0.95,12047.5,0.84811686,-381.1686026
7806,-1434,11328,13534,14108,14250,9806,0.8,0.95,12109,0.849754386,-497.5438596
7806,-1429,11360,13565,14103,14291,9810,0.81,0.95,12152.3,0.850346372,-403.4637184
7806,-1415,11373,13276,14104,13959,9815,0.81,0.95,11763.7,0.842732287,-327.3228741
7806,-1433,11301,13510,14039,14218,9818,0.8,0.95,12075.4,0.8493037,-493.0369954
7806,-1435,11294,13526,14071,14239,9818,0.8,0.95,12097.7,0.849617248,-496.172484
7807,-1425,11361,13307,14080,13985,9815,0.81,0.95,11802.5,0.843939936,-339.3993565
7806,-1422,11274,13526,14060,14244,9808,0.8,0.95,12099.2,0.849424319,-494.2431901
7806,-1447,11311,13474,14085,14181,9802,0.8,0.95,12028.3,0.848198293,-481.9829349
7806,-1427,11355,13401,14072,14096,9799,0.81,0.95,11929.8,0.846325199,-363.2519864
7806,-1425,11381,13380,14108,14080,9801,0.81,0.95,11904,0.845454545,-354.5454545
7806,-1442,11420,13526,14179,14236,9810,0.81,0.95,12096.8,0.849733071,-397.3307109
7806,-1433,11342,13549,14112,14264,9820,0.8,0.95,12128.2,0.850266405,-502.6640494
7806,-1417,11271,13526,14051,14240,9827,0.8,0.95,12098,0.849578652,-495.7865169
7806,-1431,11382,13397,14111,14096,9827,0.81,0.95,11925.8,0.84604143,-360.4143019
7806,-1427,11378,13267,14104,13950,9824,0.81,0.95,11752,0.842437276,-324.3727599
7806,-1422,11361,13445,14073,14143,9819,0.81,0.95,11987.9,0.847620731,-376.207311
7806,-1434,11422,13566,14181,14278,9814,0.81,0.95,12149.4,0.850917495,-409.1749545
7806,-1439,11274,13566,14094,14279,9813,0.8,0.95,12149.7,0.850878913,-508.7891309
7806,-1441,11382,13439,14106,14123,9813,0.81,0.95,11975.9,0.847971394,-379.7139418
7806,-1428,11352,13372,14067,14081,9815,0.81,0.95,11896.3,0.844847667,-348.4766707
7805,-1441,11327,13521,14075,14234,9817,0.8,0.95,12091.2,0.849459042,-494.5904173
7806,-1427,11383,13364,14111,14052,9818,0.81,0.95,11879.6,0.84540279,-354.0278964
7805,-1420,11304,13369,14002,14066,9818,0.81,0.95,11888.8,0.845215413,-352.1541305
7806,-1427,11378,13298,14106,13980,9818,0.81,0.95,11792,0.843490701,-334.90701
7806,-1427,11310,13476,14080,14179,9817,0.8,0.95,12029.7,0.848416673,-484.1667254
7806,-1427,11361,13494,14110,14196,9816,0.81,0.95,12052.8,0.849027895,-390.2789518
7806,-1419,11373,13462,14117,14155,9815,0.81,0.95,12008.5,0.848357471,-383.5747086
7805,-1445,11291,13593,14123,14307,9815,0.8,0.95,12185.1,0.851687985,-516.879849
7806,-1440,11387,13571,14140,14292,9815,0.81,0.95,12158.6,0.85072768,-407.2767982
7805,-1416,11364,13445,14091,14162,9816,0.81,0.95,11993.6,0.846886033,-368.8603305
7805,-1435,11345,13520,14093,14240,9817,0.81,0.95,12092,0.849157303,-391.5730337
7806,-1420,11282,13557,14041,14273,9817,0.8,0.95,12138.9,0.850479927,-504.7992714
7806,-1448,11371,13539,14131,14251,9815,0.8,0.95,12114.3,0.850066662,-500.6666199
7806,-1434,11301,13558,14086,14277,9811,0.8,0.95,12141.1,0.850395741,-503.957414
7806,-1412,11354,13443,14080,14141,9807,0.81,0.95,11985.3,0.84755675,-375.5674988
7805,-1424,11328,13546,14087,14260,9805,0.8,0.95,12124,0.850210379,-502.1037868
7805,-1435,11287,13544,14059,14270,9805,0.8,0.95,12125,0.849684653,-496.8465312
7805,-1436,11341,13449,14077,14147,9806,0.81,0.95,11993.1,0.847748639,-377.4863929
7805,-1409,11423,13430,14169,14119,9807,0.81,0.95,11965.7,0.847489199,-374.8919895
7806,-1417,11373,13334,14101,14045,9808,0.81,0.95,11847.5,0.843538626,-335.3862585
7805,-1430,11339,13470,14084,14165,9808,0.81,0.95,12019.5,0.848535122,-385.3512178
7805,-1429,11332,13577,14152,14295,9808,0.8,0.95,12165.5,0.851031829,-510.3182931
7805,-1437,11290,13615,14111,14335,9809,0.8,0.95,12215.5,0.852145099,-521.4509941
7806,-1445,11330,13573,14122,14292,9810,0.8,0.95,12160.6,0.850867618,-508.6761825
7805,-1423,11385,13429,14125,14133,9810,0.81,0.95,11968.9,0.846876106,-368.7610557
7806,-1420,11356,13508,14082,14210,9810,0.81,0.95,12071,0.849472203,-394.7220267
7805,-1421,11424,13347,14153,14037,9811,0.81,0.95,11858.1,0.844774524,-347.7452447
7805,-1454,11246,13265,14079,13948,9812,0.8,0.95,11749.4,0.842371666,-423.7166619
7805,-1401,11276,13670,14003,14397,9814,0.81,0.95,12289.1,0.853587553,-435.8755296
7805,-1421,11343,13464,14075,14177,9814,0.81,0.95,12017.1,0.847647598,-376.4759822
7806,-1426,11363,13568,14114,14274,9814,0.81,0.95,12150.2,0.851211994,-412.1199383
7806,-1432,11322,13504,14074,14216,9815,0.8,0.95,12068.8,0.84895892,-489.5891953
7806,-1436,11372,13443,14096,14152,9816,0.81,0.95,11988.6,0.847131148,-371.3114754
7805,-1424,11357,13432,14106,14138,9818,0.81,0.95,11973.4,0.846894893,-368.948932
7805,-1413,11328,13573,14083,14291,9818,0.8,0.95,12160.3,0.850906165,-509.0616472
7805,-1424,11387,13363,14115,14049,9815,0.81,0.95,11877.7,0.845448075,-354.480746
7805,-1434,11381,13281,14105,13959,9809,0.81,0.95,11768.7,0.843090479,-330.9047926
7805,-1431,11343,13368,14053,14056,9803,0.81,0.95,11884.8,0.845532157,-355.3215709
7805,-1432,11151,13585,13964,14294,9800,0.8,0.95,12173.2,0.851630055,-516.3005457
7805,-1422,11372,13503,14111,14223,9800,0.81,0.95,12069.9,0.848618435,-386.1843493
7805,-1420,11247,13545,14026,14252,9803,0.8,0.95,12120.6,0.85044906,-504.4905978
7805,-1426,11315,13574,14081,14292,9805,0.8,0.95,12161.6,0.850937587,-509.3758746
7805,-1423,11332,13608,14124,14331,9807,0.8,0.95,12207.3,0.85181076,-518.1075989
7805,-1426,10873,13253,13532,13941,9807,0.8,0.95,11735.3,0.841783229,-417.8322932
7805,-1430,11395,13286,14124,13976,9809,0.81,0.95,11778.8,0.842787636,-327.8763595
7805,-1435,11356,13572,14129,14294,9813,0.8,0.95,12160.2,0.850720582,-507.2058206
7805,-1423,11383,13314,14105,13999,9817,0.81,0.95,11813.7,0.843895993,-338.9599257
7805,-1456,11236,13599,14044,14328,9820,0.8,0.95,12197.4,0.851298157,-512.9815745
7805,-1444,11332,13322,14046,14015,9820,0.81,0.95,11826.5,0.843845879,-338.4587941
7805,-1437,11320,12922,14061,13586,9817,0.81,0.95,11297.8,0.831576623,-215.7662299
7805,-1450,11177,13279,13986,13963,9815,0.8,0.95,11767.9,0.842791664,-427.9166368
7805,-1443,11395,13497,14125,14208,9813,0.81,0.95,12059.4,0.848775338,-387.7533784
7805,-1426,11382,13562,14136,14277,9813,0.81,0.95,12145.1,0.850675912,-406.7591231
7804,-1430,11206,13587,14015,14306,9815,0.8,0.95,12178.8,0.851307144,-513.0714386
7805,-1433,11387,13314,14109,14002,9821,0.81,0.95,11814.6,0.84377946,-337.7946008
7805,-1433,11377,13286,14098,13967,9828,0.81,0.95,11776.1,0.843137395,-331.3739529
7805,-1424,11381,13465,14119,14180,9831,0.81,0.95,12019,0.847602257,-376.022567
7805,-1432,11259,13571,14066,14290,9831,0.8,0.95,12158,0.850804759,-508.0475857
7805,-1445,11157,13696,13848,14418,9826,0.81,0.95,12321.4,0.854584547,-445.8454709
7805,-1411,11379,13379,14109,14094,9820,0.81,0.95,11907.2,0.844841777,-348.4177664
7805,-1457,11280,13551,14067,14267,9814,0.8,0.95,12131.1,0.850290881,-502.9088105
7804,-1421,11331,13307,14046,13999,9813,0.81,0.95,11806.7,0.843395957,-333.9595685
7805,-1429,11345,13536,14112,14252,9813,0.8,0.95,12111.6,0.849817569,-498.1756946
7804,-1454,11295,13537,14089,14248,9816,0.8,0.95,12111.4,0.850042111,-500.4211117
7805,-1430,11344,13626,14113,14352,9819,0.8,0.95,12231.6,0.852257525,-522.5752508
7805,-1432,11321,13510,14110,14221,9822,0.8,0.95,12076.3,0.849187821,-491.8782083
7805,-1420,11363,13567,14101,14298,9822,0.81,0.95,12156.4,0.850216814,-402.1681354
7805,-1433,11295,13547,14063,14256,9820,0.8,0.95,12123.8,0.850434905,-504.349046
7804,-1414,11272,13668,13998,14394,9817,0.81,0.95,12286.2,0.853563985,-435.6398499
7805,-1428,11395,13386,14124,14081,9813,0.81,0.95,11910.3,0.845841915,-358.4191464
7804,-1415,11266,13504,14007,14217,9813,0.8,0.95,12069.1,0.848920307,-489.2030668
7805,-1416,11299,13530,14031,14248,9813,0.81,0.95,12104.4,0.849550814,-395.5081415
7804,-1411,11302,13512,14057,14218,9815,0.8,0.95,12077.4,0.849444366,-494.443663
7805,-1422,11236,13586,14069,14305,9817,0.8,0.95,12177.5,0.851275778,-512.757777
7804,-1423,11353,13543,14139,14268,9818,0.8,0.95,12123.4,0.849691618,-496.9161761
7805,-1424,11335,13516,14119,14220,9818,0.8,0.95,12082,0.849648383,-496.4838256
7804,-1424,11290,13583,14063,14305,9813,0.8,0.95,12174.5,0.851066061,-510.6606082
7805,-1436,11364,13493,14106,14205,9804,0.81,0.95,12054.5,0.848609644,-386.0964449
7804,-1411,11338,13654,14136,14375,9796,0.8,0.95,12266.5,0.853321739,-533.2173913
7804,-1447,11203,13289,14028,13991,9792,0.8,0.95,11786.3,0.842420127,-424.2012722
7804,-1427,11398,13439,14145,14138,9792,0.81,0.95,11980.4,0.847390013,-373.9001273
7804,-1424,11352,13561,14136,14272,9794,0.8,0.95,12142.6,0.850798767,-507.9876682
7805,-1418,11363,13326,14079,14014,9796,0.81,0.95,11830.2,0.844170116,-341.701156
7804,-1445,11261,13631,14084,14358,9799,0.8,0.95,12238.4,0.852374983,-523.7498259
7804,-1425,11309,13574,14112,14292,9799,0.8,0.95,12161.6,0.850937587,-509.3758746
7804,-1437,11353,13554,14125,14269,9803,0.8,0.95,12134.7,0.850423996,-504.2399608
7805,-1424,11374,13524,14085,14235,9816,0.81,0.95,12094.5,0.849631191,-396.3119073
7804,-1467,11245,13611,14064,14334,9828,0.8,0.95,12211.2,0.851904563,-519.0456258
7804,-1423,11364,13691,14096,14418,9836,0.81,0.95,12316.4,0.854237758,-442.3775836
7804,-1459,11205,13202,14033,13889,9836,0.8,0.95,11668.7,0.840139679,-401.3967888
7804,-1442,11383,13228,14115,13909,9832,0.81,0.95,11700.7,0.841232296,-312.3229564
7805,-1435,11315,13513,14093,14229,9827,0.8,0.95,12081.7,0.849089887,-490.8988685
7804,-1450,11396,13357,14125,14048,9822,0.81,0.95,11871.4,0.845059795,-350.5979499
7805,-1436,11316,13576,14088,14296,9821,0.8,0.95,12164.8,0.850923335,-509.233352
7804,-1432,11313,13455,14078,14156,9820,0.8,0.95,12001.8,0.847824244,-478.2424414
7804,-1428,11348,13525,14087,14241,9815,0.81,0.95,12097.3,0.849469841,-394.698406
7804,-1427,11304,13557,14045,14281,9809,0.8,0.95,12141.3,0.850171557,-501.7155661
7805,-1435,11397,13292,14126,13980,9805,0.81,0.95,11786,0.843061516,-330.6151645
7804,-1430,11227,13669,14048,14389,9804,0.8,0.95,12285.7,0.853825839,-538.2583918
7804,-1430,11353,13493,14110,14215,9808,0.8,0.95,12057.5,0.848223707,-482.2370735
7804,-1428,11381,13371,14105,14065,9812,0.81,0.95,11890.5,0.845396374,-353.9637398
7804,-1429,11364,13580,14152,14304,9816,0.8,0.95,12171.2,0.850894855,-508.9485459
7804,-1423,11297,13466,14023,14169,9817,0.81,0.95,12016.7,0.84809796,-380.9796034
7805,-1420,11330,13484,14057,14200,9816,0.81,0.95,12044,0.848169014,-381.6901408
7804,-1417,11348,13539,14103,14265,9813,0.8,0.95,12118.5,0.849526814,-495.2681388
7804,-1424,11334,13546,14094,14273,9811,0.8,0.95,12127.9,0.849709241,-497.0924122
7804,-1422,11389,13565,14135,14290,9810,0.81,0.95,12152,0.850384885,-403.8488453
7804,-1430,11378,13552,14130,14258,9810,0.81,0.95,12129.4,0.850708374,-407.0837425
7804,-1432,11303,13336,14068,14027,9812,0.8,0.95,11844.1,0.844378698,-443.7869822
7804,-1445,11358,13513,14136,14236,9816,0.8,0.95,12083.8,0.848819893,-488.1989323
7804,-1429,11310,13490,14042,14199,9819,0.81,0.95,12049.7,0.848630185,-386.3018522
7804,-1412,11266,13604,14070,14324,9821,0.8,0.95,12201.2,0.851801173,-518.0117286
7804,-1413,11406,13523,14161,14241,9821,0.81,0.95,12095.3,0.849329401,-393.2940103
7804,-1427,11309,13609,14085,14320,9817,0.8,0.95,12205,0.852304469,-523.0446927
7804,-1440,11204,13228,14025,13909,9814,0.8,0.95,11700.7,0.841232296,-412.3229564
7804,-1432,11388,13518,14117,14234,9810,0.81,0.95,12088.2,0.849248279,-392.4827877
7804,-1424,11372,13419,14088,14110,9810,0.81,0.95,11952,0.847058824,-370.5882353
7804,-1434,11410,13364,14146,14052,9811,0.81,0.95,11879.6,0.84540279,-354.0278964
7804,-1431,11263,13571,14067,14287,9814,0.8,0.95,12157.1,0.850920417,-509.2041716
7804,-1454,11215,13151,14039,13837,9818,0.8,0.95,11602.1,0.838483775,-384.8377538
7804,-1419,11281,13524,14050,14242,9819,0.8,0.95,12096.6,0.849361045,-493.610448
7804,-1429,11375,13468,14120,14183,9819,0.81,0.95,12022.9,0.847697948,-376.9794825
7804,-1452,11401,13390,14160,14080,9814,0.81,0.95,11914,0.846164773,-361.6477273
7804,-1456,11302,13555,14091,14275,9809,0.8,0.95,12137.5,0.850262697,-502.6269702
7804,-1432,11286,13494,14057,14203,9804,0.8,0.95,12054.9,0.848757305,-487.5730479
7804,-1423,11255,13592,14066,14318,9805,0.8,0.95,12187.4,0.851194301,-511.9430088
7804,-1417,11389,13572,14104,14295,9806,0.81,0.95,12160.5,0.850682057,-406.8205666
7804,-1437,11378,13363,14101,14059,9808,0.81,0.95,11880.7,0.845060104,-350.6010385
7804,-1446,11252,13524,14094,14230,9810,0.8,0.95,12093,0.849824315,-498.2431483
7804,-1440,11364,13548,14136,14264,9811,0.8,0.95,12127.2,0.850196298,-501.9629837
7804,-1431,11410,13420,14135,14123,9811,0.81,0.95,11956.9,0.846626071,-366.2607095
7803,-1454,11214,13009,14015,13685,9813,0.8,0.95,11414.5,0.834088418,-340.8841798
7803,-1428,11390,13539,14141,14262,9816,0.81,0.95,12117.6,0.849642406,-396.4240639
7803,-1419,11325,13562,14075,14277,9820,0.8,0.95,12145.1,0.850675912,-506.7591231
7804,-1424,11329,13559,14080,14278,9820,0.8,0.95,12142.4,0.850427231,-504.272307
7804,-1420,11438,13380,14167,14071,9820,0.81,0.95,11901.3,0.845803425,-358.0342549
7804,-1423,11389,13408,14129,14108,9821,0.81,0.95,11940.4,0.846356677,-363.5667706
7804,-1442,11285,13611,14074,14336,9821,0.8,0.95,12211.8,0.851827567,-518.2756696
7804,-1431,11236,13652,14026,14377,9822,0.8,0.95,12265.1,0.853105655,-531.0565487
7803,-1428,11344,13285,14059,13972,9822,0.81,0.95,11776.6,0.842871457,-328.714572
7804,-1420,11302,13575,14057,14290,9817,0.8,0.95,12162,0.851084675,-510.846746
7803,-1413,11333,13584,14067,14309,9811,0.81,0.95,12176.7,0.8509819,-409.818995
7804,-1419,11353,13486,14113,14183,9805,0.8,0.95,12040.9,0.848967073,-489.6707326
7803,-1425,11380,13540,14116,14255,9805,0.81,0.95,12116.5,0.849982462,-399.8246229
7803,-1424,11415,13402,14149,14104,9806,0.81,0.95,11933.2,0.846086217,-360.8621668
7804,-1415,11334,13388,14045,14082,9813,0.81,0.95,11912.6,0.845945178,-359.4517824
7803,-1435,11217,13180,14045,13876,9820,0.8,0.95,11642.8,0.839060248,-390.6024791
7804,-1440,11302,13578,14091,14296,9826,0.8,0.95,12166.8,0.851063234,-510.6323447
7804,-1410,11280,13436,14043,14133,9826,0.8,0.95,11975.9,0.8473714,-473.7140027
7804,-1428,11243,13333,14074,14048,9824,0.8,0.95,11847.4,0.843351367,-433.5136674
7803,-1436,11309,13547,14066,14262,9822,0.8,0.95,12125.6,0.850203338,-502.0333754
7803,-1425,11331,13516,14089,14237,9819,0.8,0.95,12087.1,0.848992063,-489.9206293
7803,-1427,11352,13603,14112,14326,9817,0.8,0.95,12200.8,0.851654335,-516.5433478
7804,-1441,11173,13218,13986,13900,9817,0.8,0.95,11688,0.840863309,-408.6330935
7804,-1421,11381,13322,14104,14016,9815,0.81,0.95,11826.8,0.843807078,-338.0707763
7803,-1424,11397,13402,14123,14091,9814,0.81,0.95,11929.3,0.846590022,-365.90022
7803,-1415,11298,13538,14080,14257,9812,0.8,0.95,12115.1,0.849765028,-497.6502771
7803,-1421,11323,13578,14078,14297,9812,0.8,0.95,12167.1,0.85102469,-510.2469049
7803,-1420,11233,13726,13919,14451,9812,0.81,0.95,12361.3,0.85539409,-453.9409037
7803,-1413,11292,13157,14000,13848,9813,0.81,0.95,11611.4,0.838489313,-284.8931254
7803,-1433,11378,13357,14102,14045,9814,0.81,0.95,11870.5,0.845176219,-351.762193
7803,-1432,11295,13574,14092,14282,9815,0.8,0.95,12158.6,0.851323344,-513.2334407
7803,-1426,11319,13607,14144,14327,9815,0.8,0.95,12205.1,0.851895023,-518.9502338
7804,-1429,11245,13545,14038,14264,9818,0.8,0.95,12124.2,0.849985979,-499.8597869
7804,-1414,11352,13482,14093,14193,9821,0.81,0.95,12039.9,0.848298457,-382.9845699
7803,-1444,11357,13489,14100,14197,9823,0.81,0.95,12048.1,0.848637036,-386.3703599
7803,-1440,11415,13343,14147,14032,9823,0.81,0.95,11852.6,0.84468358,-346.8358039
7803,-1424,11349,13551,14137,14270,9823,0.8,0.95,12132,0.850175193,-501.7519271
7803,-1438,11351,13333,14068,14023,9823,0.81,0.95,11839.9,0.844320046,-343.2004564
7803,-1429,11365,13405,14086,14107,9823,0.81,0.95,11937.1,0.846182746,-361.8274615
7803,-1439,11325,13534,14081,14247,9823,0.8,0.95,12108.1,0.849870148,-498.701481
7803,-1428,11364,13494,14109,14212,9823,0.81,0.95,12057.6,0.848409795,-384.0979454
7803,-1416,11438,13399,14179,14093,9821,0.81,0.95,11926.9,0.846299581,-362.9958135
7804,-1437,11352,13539,14101,14261,9820,0.81,0.95,12117.3,0.849680948,-396.8094804
7803,-1431,11439,13308,14182,13995,9820,0.81,0.95,11806.5,0.843622722,-336.227224
7803,-1438,11396,13513,14142,14225,9819,0.81,0.95,12080.5,0.849244288,-392.4428822
7803,-1419,11389,13401,14112,14101,9819,0.81,0.95,11931.3,0.84613148,-361.3148004
7803,-1440,11348,13507,14091,14217,9816,0.81,0.95,12072.1,0.849131322,-391.3132166
7803,-1421,11301,13598,14098,14317,9814,0.8,0.95,12193.1,0.851651882,-516.5188238
7803,-1421,11357,13585,14098,14311,9812,0.81,0.95,12178.3,0.850974775,-409.7477465
7803,-1442,11358,13309,14076,13989,9813,0.81,0.95,11805.7,0.843927372,-339.2737151
7803,-1421,11318,13499,14072,14213,9811,0.8,0.95,12062.9,0.848723,-487.2300007
7803,-1431,11401,13396,14130,14088,9808,0.81,0.95,11922.4,0.846280522,-362.8052243
7803,-1411,11346,13564,14084,14281,9804,0.81,0.95,12148.3,0.850661718,-406.6171837
7803,-1443,11290,13603,14094,14323,9803,0.8,0.95,12199.9,0.851769881,-517.6988061
7803,-1421,11289,13615,14099,14334,9803,0.8,0.95,12215.2,0.852183619,-521.8361937
7803,-1427,11268,13549,14073,14265,9808,0.8,0.95,12128.5,0.85022783,-502.2783035
7803,-1422,11274,13548,14014,14266,9812,0.8,0.95,12127.8,0.850119164,-501.1916445
7803,-1427,11236,13641,14030,14360,9815,0.8,0.95,12249,0.852994429,-529.9442897
7803,-1447,11393,13356,14118,14049,9815,0.81,0.95,11870.7,0.844949818,-349.4981849
7803,-1437,11366,13467,14112,14178,9793,0.81,0.95,12020.4,0.847820567,-378.2056708
7804,-1444,11304,13571,14117,14289,9757,0.8,0.95,12157.7,0.850843306,-508.4330604
7803,-1441,11364,13451,14087,14147,9720,0.81,0.95,11995.1,0.847890012,-378.9001202
7803,-1439,11350,13592,14128,14313,9705,0.8,0.95,12185.9,0.851386851,-513.8685111
7803,-1420,11347,13455,14095,14169,9705,0.81,0.95,12005.7,0.847321618,-373.2161762
7803,-1444,11348,13578,14125,14298,9743,0.8,0.95,12167.4,0.850986152,-509.8615191
7803,-1431,11231,13609,14037,14334,9782,0.8,0.95,12209.2,0.851765034,-517.6503418
7803,-1433,11299,13644,14124,14366,9820,0.8,0.95,12253.8,0.852972296,-529.722957
7803,-1431,11249,13596,14091,14316,9821,0.8,0.95,12190.8,0.851550712,-515.5071249
7803,-1411,11343,13538,14099,14267,9822,0.8,0.95,12118.1,0.849379687,-493.7968739
7803,-1437,11350,13422,14091,14119,9827,0.81,0.95,11957.7,0.846922587,-369.2258659
7803,-1447,11388,13413,14106,14103,9831,0.81,0.95,11943.9,0.846904914,-369.0491385
7803,-1425,11305,13570,14076,14286,9834,0.8,0.95,12155.8,0.850888982,-508.8898222
7803,-1438,11376,13525,14119,14242,9834,0.81,0.95,12097.6,0.84943126,-394.3125965
7803,-1438,11299,13607,14121,14335,9826,0.8,0.95,12207.5,0.851587025,-515.8702476
7803,-1449,11407,13547,14146,14266,9817,0.81,0.95,12126.8,0.850049068,-400.4906771
7803,-1427,11353,13489,14113,14188,9808,0.8,0.95,12045.4,0.848985058,-489.850578
7803,-1426,11388,13504,14160,14211,9807,0.8,0.95,12067.3,0.849152065,-491.520653
7803,-1407,11283,13720,13991,14450,9808,0.81,0.95,12355,0.855017301,-450.1730104
7803,-1421,11395,13422,14120,14124,9810,0.81,0.95,11959.2,0.846728972,-367.2897196
7803,-1410,11315,13613,14075,14325,9813,0.8,0.95,12210.5,0.852390925,-523.9092496
7803,-1424,11338,13576,14123,14298,9814,0.8,0.95,12165.4,0.850846272,-508.4627221
7803,-1422,11361,13505,14118,14218,9814,0.8,0.95,12070.4,0.848952033,-489.5203263
7803,-1435,11330,13527,14072,14235,9813,0.81,0.95,12097.5,0.849841939,-398.4193888
7803,-1428,11387,13427,14109,14127,9813,0.81,0.95,11965.1,0.846966801,-369.6680116
7803,-1422,11369,13525,14081,14230,9813,0.81,0.95,12094,0.849894589,-398.945889
7802,-1428,11311,13567,14074,14287,9813,0.8,0.95,12153.1,0.850640442,-506.4044236
7802,-1429,11318,13614,14095,14332,9813,0.8,0.95,12213.6,0.852190901,-521.9090148
7803,-1435,11152,13577,13987,14288,9810,0.8,0.95,12163.4,0.851301792,-513.0179171
7803,-1432,11316,12785,14063,13446,9807,0.8,0.95,11118.8,0.826922505,-269.2250483
7803,-1426,11415,13320,14156,14006,9805,0.81,0.95,11821.8,0.844052549,-340.5254891
7803,-1429,11296,13598,14100,14322,9805,0.8,0.95,12194.6,0.851459293,-514.5929339
7802,-1429,11349,13560,14137,14285,9811,0.8,0.95,12145.5,0.850227511,-502.2751138
7803,-1448,11282,13600,14076,14325,9820,0.8,0.95,12197.5,0.851483421,-514.8342059
7803,-1424,11318,13501,14098,14205,9830,0.8,0.95,12062.5,0.849172826,-491.7282647
7803,-1442,11407,13324,14139,14006,9833,0.81,0.95,11825.8,0.844338141,-343.381408
7803,-1428,11340,13513,14126,14219,9832,0.8,0.95,12078.7,0.849476053,-494.7605317
7802,-1438,11352,13558,14133,14287,9830,0.8,0.95,12144.1,0.850010499,-500.1049906
7803,-1412,11080,13712,13736,14440,9829,0.81,0.95,12344,0.854847645,-448.4764543
7802,-1416,11411,13444,14134,14159,9827,0.81,0.95,11991.7,0.84693128,-369.3128046
7802,-1430,11376,13271,14100,13953,9827,0.81,0.95,11756.9,0.842607325,-326.0732459
7803,-1434,11425,13512,14163,14224,9828,0.81,0.95,12079.2,0.849212598,-392.1259843
7803,-1406,11360,13546,14122,14267,9828,0.8,0.95,12126.1,0.849940422,-499.4042195
7803,-1420,11234,13596,14030,14316,9830,0.8,0.95,12190.8,0.851550712,-515.5071249
7802,-1430,11311,13544,14069,14270,9831,0.8,0.95,12125,0.849684653,-496.8465312
7803,-1441,11255,13568,14071,14286,9831,0.8,0.95,12153.8,0.850748985,-507.4898502
7802,-1422,11391,13424,14110,14115,9823,0.81,0.95,11958.5,0.84721927,-372.1927028
7802,-1439,11288,13597,14092,14308,9816,0.8,0.95,12189.4,0.851928991,-519.2899077
7803,-1423,11361,13337,14075,14028,9808,0.81,0.95,11845.4,0.844411178,-344.1117764
7803,-1423,11371,13573,14141,14298,9808,0.8,0.95,12162.4,0.850636453,-506.3645265
7803,-1423,11232,13512,13903,14219,9809,0.81,0.95,12077.7,0.849405725,-394.0572473
7802,-1424,11386,13528,14149,14251,9812,0.8,0.95,12103.3,0.849294786,-492.9478633
7802,-1436,11331,13469,14100,14174,9816,0.8,0.95,12021.2,0.848116269,-481.1626923
7802,-1423,11298,13628,14081,14354,9817,0.8,0.95,12234.2,0.852319911,-523.1991083
7803,-1422,11299,13575,14045,14300,9817,0.8,0.95,12165,0.850699301,-506.993007
7802,-1424,11351,13440,14078,14140,9819,0.81,0.95,11982,0.84738331,-373.8330976
7803,-1412,11369,13556,14138,14273,9821,0.8,0.95,12137.9,0.850409865,-504.0986478
7802,-1442,11276,13485,14033,14188,9824,0.8,0.95,12041.4,0.848703129,-487.0312941
7802,-1416,11288,13609,14083,14334,9824,0.8,0.95,12209.2,0.851765034,-517.6503418
7802,-1439,11248,13221,14098,13923,9822,0.8,0.95,11697.9,0.840185305,-401.8530489
7803,-1425,11387,13353,14111,14045,9815,0.81,0.95,11866.5,0.84489142,-348.9142043
7803,-1441,11403,13377,14120,14074,9808,0.81,0.95,11899.2,0.845473924,-354.7392355
7803,-1416,11389,13583,14178,14293,9804,0.8,0.95,12170.9,0.85152872,-515.2872035
7802,-1415,11310,13593,14113,14315,9805,0.8,0.95,12187.5,0.851379672,-513.7967167
7802,-1445,11352,13269,14070,13960,9804,0.81,0.95,11757,0.842191977,-321.9197708
7802,-1434,11296,13548,14074,14269,9803,0.8,0.95,12128.7,0.850003504,-500.035041
7803,-1422,11320,13575,14108,14304,9803,0.8,0.95,12166.2,0.850545302,-505.4530201
7802,-1440,11313,13571,14098,14292,9803,0.8,0.95,12158.6,0.85072768,-507.2767982
7802,-1406,11334,13596,14058,14313,9803,0.81,0.95,12189.9,0.851666317,-416.6631733
7802,-1410,11336,13534,14104,14256,9805,0.8,0.95,12110.8,0.849523008,-495.2300786
7802,-1433,11309,13549,14058,14264,9808,0.8,0.95,12128.2,0.850266405,-502.6640494
7803,-1415,11299,13567,14075,14291,9809,0.8,0.95,12154.3,0.85048632,-504.8632006
7802,-1418,11387,13319,14116,14013,9809,0.81,0.95,11822.9,0.843709413,-337.0941269
7802,-1443,11341,13591,14140,14311,9809,0.8,0.95,12184.3,0.851394033,-513.9403256
7802,-1440,11374,13572,14151,14293,9808,0.8,0.95,12159.9,0.850759113,-507.5911285
7802,-1440,11355,13585,14141,14308,9807,0.8,0.95,12177.4,0.851090299,-510.9029913
7802,-1425,11355,13555,14093,14276,9806,0.81,0.95,12137.8,0.850224152,-402.2415242
7802,-1437,11311,13556,14093,14280,9807,0.8,0.95,12140,0.850140056,-501.4005602
7802,-1452,11120,13662,13940,14388,9810,0.8,0.95,12278.4,0.853377815,-533.7781485
7802,-1419,11374,13437,14095,14146,9814,0.81,0.95,11980.8,0.846939064,-369.3906405
7803,-1430,11328,13586,14106,14297,9818,0.8,0.95,12175.1,0.851584248,-515.8424844
7802,-1422,11325,13581,14094,14306,9818,0.8,0.95,12172.8,0.850887739,-508.8773941
7802,-1416,11345,13561,14161,14285,9821,0.8,0.95,12146.5,0.850297515,-502.9751488
7802,-1422,11402,13305,14137,13992,9826,0.81,0.95,11802.6,0.843524871,-335.2487136
7802,-1419,11344,13537,14091,14264,9832,0.81,0.95,12116.2,0.849425126,-394.2512619
7802,-1434,11364,13527,14116,14237,9834,0.81,0.95,12098.1,0.849764698,-397.6469762
7802,-1430,11366,13538,14110,14254,9834,0.81,0.95,12114.2,0.849880735,-398.8073523
7802,-1434,11343,13646,14132,14372,9827,0.8,0.95,12257.6,0.852880601,-528.8060117
7803,-1425,11216,13532,14035,14241,9819,0.8,0.95,12104.3,0.849961379,-499.6137912
7803,-1441,11304,13515,14056,14235,9812,0.8,0.95,12085.5,0.848998946,-489.9894626
7802,-1452,11264,13236,14093,13914,9812,0.8,0.95,11710.2,0.841612764,-416.1276412
7802,-1417,11373,13579,14110,14306,9812,0.81,0.95,12170.8,0.850747938,-407.4793793
7802,-1419,11351,13576,14099,14300,9812,0.81,0.95,12166,0.850769231,-407.6923077
7802,-1421,11347,13526,14088,14235,9812,0.81,0.95,12096.5,0.849771689,-397.716895
7802,-1411,11339,13445,14105,14153,9812,0.8,0.95,11990.9,0.847233802,-472.3380202
7802,-1419,11407,13361,14129,14047,9811,0.81,0.95,11875.1,0.845383356,-353.8335588
7802,-1432,11169,13614,13964,14337,9809,0.8,0.95,12215.1,0.851998326,-519.9832601
7802,-1427,11388,13542,14133,14253,9807,0.81,0.95,12117.9,0.850199958,-401.999579
7802,-1422,11370,13365,14099,14054,9805,0.81,0.95,11881.2,0.845396328,-353.9632845
7803,-1424,11411,13260,14143,13943,9805,0.81,0.95,11742.9,0.842207559,-322.0755935
7802,-1439,11383,13299,14113,13980,9805,0.81,0.95,11793,0.843562232,-335.6223176
7802,-1418,11364,13543,14126,14269,9806,0.8,0.95,12123.7,0.849653094,-496.5309412
7802,-1406,11373,13509,14132,14212,9807,0.8,0.95,12072.6,0.849465241,-494.6524064
7802,-1434,11337,13584,14100,14307,9808,0.8,0.95,12176.1,0.851058922,-510.5892221
7802,-1446,11350,13257,14068,13946,9808,0.81,0.95,11740.8,0.841875807,-318.7580668
7802,-1422,11330,13535,14098,14248,9814,0.8,0.95,12109.4,0.849901741,-499.017406
7802,-1423,11256,13593,14059,14319,9822,0.8,0.95,12188.7,0.851225644,-512.2564425
7802,-1419,11386,13558,14116,14276,9829,0.81,0.95,12140.8,0.850434295,-404.3429532
7802,-1432,11370,13264,14092,13953,9831,0.81,0.95,11749.9,0.84210564,-321.0564036
7802,-1424,11311,13488,14065,14201,9829,0.8,0.95,12048.3,0.848412084,-484.1208366
7802,-1437,11243,13554,14040,14271,9824,0.8,0.95,12135.3,0.850346857,-503.4685726
7802,-1429,11387,13485,14108,14193,9819,0.81,0.95,12042.9,0.848509829,-385.0982879
7802,-1417,11321,13489,14094,14195,9814,0.8,0.95,12047.5,0.848714336,-487.1433603
7802,-1449,11366,13508,14109,14212,9814,0.81,0.95,12071.6,0.849394878,-393.9487757
7802,-1418,11381,13564,14135,14282,9811,0.81,0.95,12148.6,0.850623162,-406.2316202
7802,-1441,11357,13452,14107,14149,9805,0.81,0.95,11996.7,0.847883243,-378.8324263
7802,-1417,11385,13302,14110,13991,9799,0.81,0.95,11799.3,0.843349296,-333.4929598
7802,-1431,11320,13438,14025,14141,9797,0.81,0.95,11980.3,0.847203168,-372.0316809
7802,-1426,11264,13596,14091,14318,9798,0.8,0.95,12191.4,0.85147367,-514.7366951
7802,-1435,11389,13400,14113,14100,9807,0.81,0.95,11930,0.846099291,-360.9929078
7802,-1410,11140,13560,13859,14277,9817,0.8,0.95,12143.1,0.850535827,-505.3582685
7802,-1434,11393,13430,14123,14136,9826,0.81,0.95,11970.8,0.846830787,-368.3078664
7802,-1422,11329,13618,14111,14336,9826,0.8,0.95,12218.8,0.852315848,-523.1584821
7802,-1421,11393,13448,14107,14154,9823,0.81,0.95,11994.2,0.847407093,-374.070934
7802,-1420,11373,13449,14146,14149,9817,0.8,0.95,11993.7,0.847671214,-476.7121351
7802,-1433,11434,13361,14163,14048,9812,0.81,0.95,11875.4,0.845344533,-353.4453303
7802,-1411,11378,13527,14111,14247,9810,0.81,0.95,12101.1,0.849378817,-393.7881659
7802,-1433,11377,13548,14153,14270,9810,0.8,0.95,12129,0.849964961,-499.6496146
7802,-1415,11259,13620,14064,14345,9810,0.8,0.95,12223.5,0.852108749,-521.0874869
7802,-1448,11283,13223,14119,13924,9811,0.8,0.95,11700.2,0.840290147,-402.9014651
7802,-1425,11282,13358,13970,14059,9812,0.81,0.95,11875.7,0.84470446,-347.0445978
7802,-1423,11382,13566,14137,14291,9811,0.81,0.95,12153.3,0.850416346,-404.1634595
7802,-1422,11275,13540,14041,14256,9814,0.8,0.95,12116.8,0.849943883,-499.4388328
7802,-1410,11358,13520,14106,14233,9822,0.81,0.95,12089.9,0.849427387,-394.2738706
7802,-1426,11401,13426,14130,14129,9829,0.81,0.95,11964.7,0.8468186,-368.1860004
7802,-1419,11299,13569,14105,14290,9833,0.8,0.95,12156,0.850664801,-506.6480056
7802,-1416,11294,13590,14032,14315,9834,0.8,0.95,12184.5,0.851170101,-511.7010129
7802,-1440,11327,13567,14103,14283,9828,0.8,0.95,12151.9,0.850794651,-507.9465098
7802,-1424,11114,13586,13933,14315,9820,0.8,0.95,12180.5,0.850890674,-508.9067412
7801,-1428,11289,13288,14140,14005,9812,0.8,0.95,11789.5,0.841806498,-418.0649768
7801,-1441,11224,13256,14057,13943,9811,0.8,0.95,11738.9,0.841920677,-419.2067704
7802,-1443,11371,13482,14103,14192,9810,0.81,0.95,12039.6,0.848337091,-383.3709132
7802,-1428,11317,13593,14088,14316,9809,0.8,0.95,12187.8,0.851341157,-513.4115675
7802,-1414,11374,13551,14109,14271,9808,0.81,0.95,12132.3,0.850136641,-401.3664074
7802,-1406,11405,13483,14142,14193,9807,0.81,0.95,12040.9,0.848368914,-383.6891425
7802,-1430,11295,13587,14105,14309,9807,0.8,0.95,12179.7,0.851191558,-511.9155776
7802,-1447,11276,13593,14079,14310,9807,0.8,0.95,12186,0.851572327,-515.7232704
7802,-1423,11347,13590,14121,14317,9808,0.8,0.95,12185.1,0.851093106,-510.931061
7801,-1427,11080,13507,13893,14206,9809,0.8,0.95,12068.8,0.849556525,-495.5652541
7802,-1446,11260,13169,14099,13854,9809,0.8,0.95,11625.2,0.839122275,-391.2227516
7802,-1413,11146,13582,13900,14305,9809,0.8,0.95,12173.5,0.850996155,-509.9615519
7802,-1441,11306,13569,14076,14290,9807,0.8,0.95,12156,0.850664801,-506.6480056
7802,-1429,11286,13465,14043,14169,9806,0.8,0.95,12015.7,0.848027384,-480.2738373
7802,-1429,11339,13596,14129,14322,9805,0.8,0.95,12192.6,0.851319648,-513.1964809
7802,-1417,11434,13418,14166,14120,9805,0.81,0.95,11954,0.846600567,-366.0056657
7801,-1434,11324,13494,14067,14209,9805,0.81,0.95,12056.7,0.848525582,-385.2558238
7802,-1442,11408,13286,14132,13976,9804,0.81,0.95,11778.8,0.842787636,-327.8763595
7802,-1434,11212,13533,13956,14254,9803,0.8,0.95,12109.2,0.849529957,-495.299565
7802,-1427,11214,13661,14030,14384,9803,0.8,0.95,12276.2,0.85346218,-534.621802
7802,-1451,11230,13195,14062,13902,9803,0.8,0.95,11665.6,0.83913106,-391.3106028
7802,-1439,11294,13447,14046,14154,9809,0.8,0.95,11993.2,0.847336442,-473.36442
7802,-1426,11323,13592,14107,14328,9816,0.8,0.95,12190.4,0.850809604,-508.0960357
7802,-1422,11360,13607,14123,14325,9822,0.8,0.95,12204.5,0.851972077,-519.7207679
7801,-1421,11326,13332,14033,14028,9822,0.81,0.95,11840.4,0.844054748,-340.5474765
7802,-1421,11323,13498,14076,14213,9816,0.8,0.95,12061.9,0.848652642,-486.5264195
7801,-1417,11348,13533,14089,14258,9806,0.81,0.95,12110.4,0.849375789,-393.7578903
7802,-1417,11389,13540,14100,14262,9795,0.81,0.95,12118.6,0.849712523,-397.1252279
7802,-1436,11342,13579,14148,14302,9791,0.8,0.95,12169.6,0.850901972,-509.0197175
7802,-1428,11118,13563,13901,14267,9791,0.8,0.95,12143.1,0.851131983,-511.319829
7801,-1412,11336,13516,14081,14233,9802,0.81,0.95,12085.9,0.84914635,-391.4635003
7802,-1426,11393,13420,14113,14133,9814,0.81,0.95,11959.9,0.846239298,-362.392981
7802,-1425,11333,13489,14077,14205,9825,0.81,0.95,12050.5,0.848328054,-383.280535
7801,-1425,11397,13444,14145,14146,9826,0.81,0.95,11987.8,0.847433904,-374.3390358
7801,-1445,11363,13555,14153,14282,9825,0.8,0.95,12139.6,0.849992998,-499.9299818
7801,-1411,11343,13495,14087,14217,9821,0.81,0.95,12060.1,0.848287262,-382.8726173
7802,-1418,11386,13287,14115,13979,9818,0.81,0.95,11780.7,0.842742685,-327.4268546
7802,-1423,11364,13403,14061,14100,9816,0.81,0.95,11933,0.846312057,-363.1205674
7802,-1437,11433,13347,14173,14046,9816,0.81,0.95,11860.8,0.844425459,-344.2545921
7802,-1435,11209,13631,14047,14351,9812,0.8,0.95,12236.3,0.852644415,-526.4441502
7802,-1421,11423,13513,14172,14238,9808,0.81,0.95,12084.4,0.848742801,-387.4280096
7802,-1421,11359,13446,14077,14159,9803,0.81,0.95,11993.7,0.847072533,-370.7253337
7802,-1431,11351,13321,14067,14011,9802,0.81,0.95,11824.3,0.843929769,-339.2976947
7801,-1409,11390,13501,14114,14214,9803,0.81,0.95,12065.2,0.848825102,-388.2510201
7801,-1424,11273,13586,14103,14307,9807,0.8,0.95,12178.1,0.851198714,-511.9871392
7801,-1412,11304,13503,14058,14224,9811,0.8,0.95,12070.2,0.848579865,-485.7986502
7802,-1425,11303,13625,14061,14346,9814,0.8,0.95,12228.8,0.852418793,-524.1879269
7801,-1420,11362,13461,14075,14171,9814,0.81,0.95,12012.3,0.847667772,-376.6777221
7802,-1441,11330,13576,14081,14295,9813,0.8,0.95,12164.5,0.850961875,-509.6187478
7801,-1421,11256,13568,14058,14280,9812,0.8,0.95,12152,0.850980392,-509.8039216
7802,-1435,11262,13558,14094,14284,9810,0.8,0.95,12143.2,0.850126015,-501.2601512
7801,-1440,11421,13439,14145,14133,9810,0.81,0.95,11978.9,0.847583669,-375.8366943
7801,-1426,11342,13509,14096,14231,9811,0.8,0.95,12078.3,0.848731642,-487.3164219
7801,-1408,11337,13626,14099,14353,9813,0.8,0.95,12231.9,0.852219048,-522.1904828
7802,-1427,11286,13561,14058,14282,9814,0.8,0.95,12145.6,0.850413107,-504.1310741
7802,-1406,11366,13503,14130,14222,9815,0.8,0.95,12069.6,0.84865701,-486.5701027
7802,-1440,11266,13564,14068,14284,9815,0.8,0.95,12149.2,0.850546066,-505.4606553
7801,-1427,11365,13353,14077,14046,9811,0.81,0.95,11866.8,0.844852627,-348.5262708
7802,-1429,11363,13552,14107,14269,9804,0.81,0.95,12132.7,0.850283832,-402.8383208
7802,-1420,11265,13600,14054,14326,9797,0.8,0.95,12197.8,0.851444925,-514.4492531
7801,-1409,11386,13549,14115,14273,9794,0.81,0.95,12130.9,0.849919428,-399.1942829
7802,-1432,11393,13320,14116,14005,9794,0.81,0.95,11821.5,0.844091396,-340.9139593
7801,-1430,11323,13622,14117,14344,9796,0.8,0.95,12225.2,0.85228667,-522.8667038
7802,-1412,11256,13622,14066,14353,9799,0.8,0.95,12227.9,0.851940361,-519.403609
7802,-1446,11337,13597,14121,14321,9801,0.8,0.95,12193.3,0.851427973,-514.2797291
7802,-1413,11406,13534,14114,14262,9801,0.81,0.95,12112.6,0.849291824,-392.9182443
7801,-1405,11267,13551,14040,14274,9802,0.8,0.95,12133.2,0.850021017,-500.2101723
7801,-1407,11331,13503,14087,14219,9804,0.8,0.95,12068.7,0.848772769,-487.7276883
7801,-1444,11404,13483,14128,14182,9806,0.81,0.95,12037.6,0.848794246,-387.9424623
7802,-1433,11339,13421,14095,14118,9807,0.8,0.95,11956.4,0.846890494,-468.904944
7801,-1437,11397,13327,14124,14029,9808,0.81,0.95,11835.7,0.843659562,-336.5956234
7801,-1437,11397,13437,14122,14138,9806,0.81,0.95,11978.4,0.84724855,-372.4855001
7801,-1431,11355,13527,14110,14237,9805,0.8,0.95,12098.1,0.849764698,-497.6469762
7801,-1415,11385,13498,14111,14205,9803,0.81,0.95,12059.5,0.848961633,-389.6163323
7802,-1423,11379,13493,14105,14198,9803,0.81,0.95,12052.4,0.848880124,-388.8012396
7801,-1432,11397,13495,14133,14208,9804,0.81,0.95,12057.4,0.848634572,-386.3457207
7801,-1454,11256,13511,14035,14217,9807,0.8,0.95,12076.1,0.849412675,-494.1267497
7801,-1422,11404,13379,14129,14069,9811,0.81,0.95,11899.7,0.845809937,-358.0993674
7802,-1431,11308,13569,14069,14290,9812,0.8,0.95,12156,0.850664801,-506.6480056
7801,-1429,11258,13594,14076,14321,9812,0.8,0.95,12190.3,0.85121849,-512.1849033
7801,-1424,11317,13452,14014,14166,9814,0.81,0.95,12001.8,0.847225752,-372.257518
7801,-1434,11351,13429,14057,14123,9817,0.81,0.95,11965.9,0.847263329,-372.6332932
7802,-1459,11361,13549,14110,14274,9819,0.81,0.95,12131.2,0.849880902,-398.8090234
7802,-1430,11416,13340,14146,14023,9820,0.81,0.95,11846.9,0.844819226,-348.1922556
7802,-1432,11251,13625,14058,14347,9818,0.8,0.95,12229.1,0.852380289,-523.8028856
7802,-1430,11290,13587,14082,14308,9813,0.8,0.95,12179.4,0.851230081,-512.3008107
7801,-1415,11300,13606,14081,14327,9808,0.8,0.95,12204.1,0.851825225,-518.252251
7801,-1428,11272,13560,14058,14281,9805,0.8,0.95,12144.3,0.850381626,-503.8162594
7801,-1421,11373,13467,14120,14171,9805,0.81,0.95,12018.3,0.848091172,-380.9117211
7801,-1425,11230,13634,14040,14359,9806,0.8,0.95,12241.7,0.852545442,-525.4544188
7801,-1451,11259,13265,14096,13973,9807,0.8,0.95,11756.9,0.841401274,-414.0127389
7801,-1427,11276,13461,13994,14160,9807,0.81,0.95,12009,0.84809322,-380.9322034
7801,-1415,11311,13586,14071,14307,9808,0.8,0.95,12178.1,0.851198714,-511.9871392
7802,-1401,11397,13537,14124,14264,9809,0.81,0.95,12116.2,0.849425126,-394.2512619
7801,-1421,11304,13562,14096,14281,9817,0.8,0.95,12146.3,0.850521672,-505.2167215
7801,-1432,11033,13526,13836,14251,9824,0.8,0.95,12101.3,0.849154445,-491.544453
7801,-1442,11285,13090,14111,13763,9830,0.8,0.95,11518.9,0.836946887,-369.4688658
7801,-1432,11316,13552,14089,14276,9830,0.8,0.95,12134.8,0.85001401,-500.1400953
7801,-1430,11358,13417,14096,14118,9827,0.81,0.95,11952.4,0.846607168,-366.0716815
7801,-1416,11376,13673,14101,14399,9823,0.81,0.95,12292.7,0.853719008,-437.1900826
7801,-1442,11253,13249,14090,13944,9819,0.8,0.95,11732.2,0.841379805,-413.7980493
7801,-1419,11413,13623,14191,14349,9817,0.8,0.95,12227.7,0.852163914,-521.6391386
7802,-1429,11367,13453,14079,14166,9817,0.81,0.95,12002.8,0.847296343,-372.9634336
7802,-1426,11392,13257,14115,13942,9811,0.81,0.95,11739.6,0.842031272,-320.3127241
7801,-1416,11403,13506,14116,14218,9805,0.81,0.95,12071.4,0.849022366,-390.2236601
7801,-1405,11391,13380,14117,14076,9800,0.81,0.95,11902.8,0.845609548,-356.0954817
7801,-1418,11320,13535,14082,14244,9800,0.8,0.95,12108.2,0.850056164,-500.56164
7801,-1424,11305,13532,14074,14243,9802,0.8,0.95,12104.9,0.849884154,-498.8415362
7801,-1430,11391,13515,14150,14229,9806,0.81,0.95,12083.7,0.849230445,-392.3044487
7802,-1410,11388,13335,14112,14021,9811,0.81,0.95,11841.3,0.844540332,-345.4033236
7802,-1424,11340,13573,14100,14295,9813,0.8,0.95,12161.5,0.850752011,-507.5201119
7801,-1423,11307,13302,14006,13990,9813,0.81,0.95,11799,0.843388134,-333.8813438
7801,-1424,11384,13556,14139,14282,9812,0.81,0.95,12140.6,0.850063016,-400.6301638
7801,-1417,11328,13606,14142,14327,9811,0.8,0.95,12204.1,0.851825225,-518.252251
7801,-1433,11246,13622,14054,14352,9810,0.8,0.95,12227.6,0.851978818,-519.7881828
7801,-1437,11351,13472,14104,14177,9810,0.8,0.95,12025.1,0.848211893,-482.118925
7802,-1418,11342,13574,14117,14294,9809,0.8,0.95,12162.2,0.850860501,-508.6050091
7802,-1409,11385,13546,14139,14267,9806,0.81,0.95,12126.1,0.849940422,-399.4042195
7802,-1436,11410,13462,14148,14162,9803,0.81,0.95,12010.6,0.848086428,-380.8642847
7801,-1435,11245,13701,14084,14425,9801,0.8,0.95,12328.5,0.854662045,-546.6204506
7801,-1429,11234,13227,14055,13929,9801,0.8,0.95,11705.7,0.840383373,-403.8337282
7801,-1443,11314,13605,14138,14335,9801,0.8,0.95,12205.5,0.851447506,-514.475061
7801,-1416,11267,13532,14033,14253,9800,0.8,0.95,12107.9,0.849498351,-494.9835122
7801,-1403,11397,13470,14120,14182,9800,0.81,0.95,12024.6,0.847877591,-378.7759131
7801,-1438,11138,13192,13945,13879,9800,0.8,0.95,11655.7,0.839808344,-398.0834354
7801,-1444,11340,13544,14122,14270,9802,0.8,0.95,12125,0.849684653,-496.8465312
7801,-1425,11275,13623,14069,14343,9808,0.8,0.95,12225.9,0.852394896,-523.9489647
7802,-1408,11393,13356,14116,14054,9815,0.81,0.95,11872.2,0.844755941,-347.5594137
7801,-1449,11284,13589,14103,14316,9821,0.8,0.95,12183.8,0.851061749,-510.6174909
7802,-1419,11222,13665,13919,14386,9821,0.81,0.95,12280.8,0.853663284,-436.6328375
7802,-1422,11302,13541,14115,14272,9820,0.8,0.95,12122.6,0.849397422,-493.9742152
7801,-1443,11347,13474,14101,14179,9819,0.8,0.95,12027.7,0.848275619,-482.7561887
7801,-1440,11294,13506,14053,14220,9818,0.8,0.95,12072,0.848945148,-489.4514768
7801,-1421,11383,13524,14122,14242,9817,0.81,0.95,12096.6,0.849361045,-393.610448
7801,-1433,11272,13648,14077,14376,9817,0.8,0.95,12260.8,0.852865888,-528.6588759
7801,-1435,11247,13309,14080,14001,9817,0.8,0.95,11809.3,0.843461181,-434.6118134
7801,-1419,11400,13341,14125,14036,9817,0.81,0.95,11851.8,0.844385865,-343.8586492
7801,-1432,11422,13445,14160,14148,9817,0.81,0.95,11989.4,0.847427198,-374.2719819
7801,-1435,11368,13525,14151,14248,9817,0.8,0.95,12099.4,0.849199888,-491.998877
7801,-1424,11256,13653,14100,14381,9816,0.8,0.95,12267.3,0.853021348,-530.2134761
7801,-1422,11388,13279,14110,13965,9814,0.81,0.95,11768.5,0.842713928,-327.1392768
7801,-1428,11329,12917,14087,13578,9813,0.8,0.95,11290.4,0.831521579,-315.2157902
7801,-1409,11378,13526,14131,14250,9813,0.81,0.95,12101,0.849192982,-391.9298246
7801,-1420,11395,13369,14123,14061,9813,0.81,0.95,11887.3,0.845409288,-354.092881
7801,-1413,11331,13505,14074,14213,9811,0.81,0.95,12068.9,0.849145149,-391.4514881
7802,-1404,11410,13404,14140,14111,9808,0.81,0.95,11937.3,0.845957055,-359.5705478
7801,-1445,11304,13629,14111,14352,9805,0.8,0.95,12234.6,0.852466555,-524.6655518
7801,-1403,11357,13422,14090,14125,9805,0.81,0.95,11959.5,0.846690265,-366.9026549
7802,-1431,11293,13539,14082,14260,9811,0.8,0.95,12117,0.849719495,-497.1949509
7801,-1407,11356,13331,14074,14027,9824,0.81,0.95,11839.1,0.844022243,-340.2224282
7801,-1422,11198,13316,14020,14034,9838,0.8,0.95,11826.2,0.842682058,-426.8205786
7801,-1434,11380,13450,14111,14165,9846,0.81,0.95,11999.5,0.847123191,-371.2319096
7801,-1439,11327,13511,14080,14235,9845,0.8,0.95,12081.5,0.848717949,-487.1794872
7801,-1425,11262,13568,14049,14289,9829,0.8,0.95,12154.7,0.850633354,-506.3335433
7801,-1422,11350,13546,14100,14273,9811,0.8,0.95,12127.9,0.849709241,-497.0924122
7801,-1421,11344,13547,14098,14271,9793,0.8,0.95,12128.3,0.849856352,-498.5635204
7801,-1416,11309,13591,14085,14311,9791,0.8,0.95,12184.3,0.851394033,-513.9403256
7801,-1424,11294,13600,14112,14324,9793,0.8,0.95,12197.2,0.851521921,-515.2192125
7801,-1427,11412,13529,14140,14243,9798,0.81,0.95,12101.9,0.849673524,-396.7352384
7801,-1434,11175,13414,13957,14117,9804,0.8,0.95,11949.1,0.846433378,-464.333782
7801,-1431,11440,13292,14180,13989,9807,0.81,0.95,11788.7,0.842712131,-327.1213096
7801,-1430,11315,13546,14095,14260,9808,0.8,0.95,12124,0.850210379,-502.1037868
7801,-1437,11382,13315,14105,14006,9806,0.81,0.95,11816.8,0.843695559,-336.9555905
7801,-1407,11367,13519,14114,14230,9805,0.81,0.95,12088,0.849472944,-394.7294448
7801,-1438,11235,13258,14052,13945,9803,0.8,0.95,11741.5,0.841986375,-419.8637504
7801,-1441,11221,13314,14034,14006,9803,0.8,0.95,11815.8,0.843624161,-436.2416107
7801,-1421,11438,13398,14173,14095,9803,0.81,0.95,11926.5,0.846151117,-361.5111742
7801,-1417,11332,13485,14082,14194,9808,0.8,0.95,12043.2,0.848471185,-484.7118501
7801,-1443,11450,13527,14207,14246,9813,0.81,0.95,12100.8,0.84941738,-394.1738032
7801,-1424,11246,13570,14058,14295,9817,0.8,0.95,12158.5,0.850542148,-505.421476
7801,-1439,11369,13509,14112,14233,9817,0.81,0.95,12078.9,0.848654535,-386.5453524
7801,-1436,11321,13544,14122,14264,9816,0.8,0.95,12123.2,0.849915872,-499.1587213
7801,-1430,11397,13364,14118,14058,9814,0.81,0.95,11881.4,0.84517001,-351.7000996
7801,-1401,11381,13504,14121,14230,9812,0.81,0.95,12073,0.848418833,-384.1883345
7801,-1412,11336,13500,14081,14224,9812,0.81,0.95,12067.2,0.848368954,-383.6895388
7801,-1411,11349,13560,14128,14284,9811,0.8,0.95,12145.2,0.850266032,-502.6603192
7801,-1437,11296,13574,14068,14303,9811,0.8,0.95,12164.9,0.850513878,-505.1387821
7801,-1425,11333,13441,14100,14147,9810,0.8,0.95,11985.1,0.847183148,-471.8314837
7801,-1436,11370,13572,14127,14296,9810,0.8,0.95,12160.8,0.850643537,-506.4353665
7801,-1424,11227,13634,14054,14359,9811,0.8,0.95,12241.7,0.852545442,-525.4544188
7801,-1424,11357,13403,14083,14107,9808,0.81,0.95,11935.1,0.846040973,-360.4097257
7801,-1434,11161,13514,13879,14233,9804,0.8,0.95,12083.9,0.849005832,-490.0583152
7801,-1412,11369,13587,14149,14317,9799,0.8,0.95,12182.1,0.850883565,-508.8356499
7801,-1432,11223,13301,14059,13992,9797,0.8,0.95,11798.6,0.843238994,-432.3899371
7801,-1431,11324,13605,14114,14329,9797,0.8,0.95,12203.7,0.851678414,-516.784144
7801,-1412,11412,13403,14129,14106,9800,0.81,0.95,11934.8,0.846079682,-360.796824
7801,-1418,11372,13376,14095,14069,9802,0.81,0.95,11896.7,0.845596702,-355.9670197
7801,-1404,11380,13568,14124,14293,9805,0.81,0.95,12155.9,0.850479256,-404.7925558
7801,-1423,11442,13410,14182,14107,9804,0.81,0.95,11942.1,0.84653718,-365.3718012
7801,-1422,11170,13627,13998,14356,9805,0.8,0.95,12233.8,0.852173307,-521.7330733
7801,-1433,11131,13226,13949,13943,9806,0.8,0.95,11708.9,0.83976906,-397.6905974
7801,-1424,11341,13359,14054,14055,9808,0.81,0.95,11875.5,0.84493063,-349.3062967
7801,-1425,11318,13538,14065,14260,9809,0.8,0.95,12116,0.849649369,-496.4936886
7801,-1412,11368,13540,14090,14260,9809,0.81,0.95,12118,0.849789621,-397.8962132
7801,-1415,11351,13520,14075,14241,9808,0.81,0.95,12092.3,0.849118742,-391.1874166
7801,-1405,11392,13605,14160,14329,9806,0.8,0.95,12203.7,0.851678414,-516.784144
7801,-1447,11398,13350,14122,14045,9805,0.81,0.95,11863.5,0.844677821,-346.7782129
7801,-1425,11266,13543,14069,14262,9805,0.8,0.95,12121.6,0.849922872,-499.2287197
7801,-1415,11397,13513,14135,14231,9808,0.81,0.95,12082.3,0.849012719,-390.1271871
7801,-1425,11136,13544,13965,14251,9814,0.8,0.95,12119.3,0.850417515,-504.1751456
7801,-1414,11331,13465,14063,14187,9820,0.81,0.95,12021.1,0.847332065,-373.3206457
7801,-1416,10966,13399,13741,14092,9823,0.8,0.95,11926.6,0.846338348,-463.38348
7801,-1423,11370,13555,14123,14277,9823,0.81,0.95,12138.1,0.850185613,-401.8561322
7801,-1414,11343,13505,14102,14214,9822,0.8,0.95,12069.2,0.849106515,-491.065147
7801,-1423,11382,13552,14133,14271,9820,0.81,0.95,12133.3,0.850206713,-402.0671291
7801,-1406,11319,13550,14098,14274,9818,0.8,0.95,12132.2,0.84995096,-499.5095979
7801,-1413,11338,13540,14113,14261,9817,0.8,0.95,12118.3,0.849751069,-497.5106935
7801,-1422,11292,13584,14085,14313,9817,0.8,0.95,12177.9,0.850827919,-508.2791868
7801,-1421,11331,13557,14091,14281,9818,0.8,0.95,12141.3,0.850171557,-501.7155661
7801,-1413,11199,13652,13996,14376,9819,0.8,0.95,12264.8,0.853144129,-531.441291
7801,-1438,11365,13298,14079,14011,9820,0.81,0.95,11801.3,0.842288202,-322.8820213
7801,-1423,11346,13513,14116,14220,9820,0.8,0.95,12079,0.849437412,-494.374121
7801,-1420,11370,13572,14141,14288,9818,0.8,0.95,12158.4,0.850951848,-509.518477
7801,-1409,11348,13529,14127,14248,9816,0.8,0.95,12103.4,0.849480629,-494.8062886
7801,-1426,11420,13556,14162,14275,9813,0.81,0.95,12138.5,0.85033275,-403.3274956
7801,-1413,11370,13514,14115,14225,9813,0.81,0.95,12081.5,0.849314587,-393.1458699
7801,-1421,11309,13576,14100,14294,9813,0.8,0.95,12164.2,0.85100042,-510.0041976
7801,-1405,11412,13567,14167,14297,9813,0.81,0.95,12156.1,0.850255298,-402.5529831
7801,-1435,11388,13562,14133,14276,9813,0.81,0.95,12144.8,0.850714486,-407.1448585
7801,-1419,11334,13682,14047,14408,9813,0.81,0.95,12304.4,0.853997779,-439.9777901
7801,-1412,11328,13501,14097,14218,9813,0.8,0.95,12066.4,0.848670699,-486.7069911
7801,-1423,11409,13258,14138,13948,9814,0.81,0.95,11742.4,0.841869802,-318.6980212
7801,-1429,11338,13522,14072,14240,9817,0.81,0.95,12094,0.849297753,-392.9775281
7801,-1423,11298,13528,14059,14251,9819,0.8,0.95,12103.3,0.849294786,-492.9478633
7801,-1411,11421,13562,14157,14283,9820,0.81,0.95,12146.9,0.850444584,-404.4458447
7801,-1423,11432,13475,14159,14187,9820,0.81,0.95,12031.1,0.848036935,-380.3693522
7801,-1418,11397,13496,14171,14210,9824,0.8,0.95,12059,0.848627727,-486.2772695
7801,-1408,11323,13541,14111,14269,9828,0.8,0.95,12121.7,0.84951293,-495.1293013
7801,-1433,11291,13603,14082,14320,9833,0.8,0.95,12199,0.851885475,-518.8547486
7801,-1437,11290,13631,14142,14364,9832,0.8,0.95,12240.2,0.85214425,-521.4424951
7801,-1420,11337,13421,14054,14125,9831,0.81,0.95,11958.5,0.846619469,-366.1946903
7801,-1424,11382,13240,14102,13926,9826,0.81,0.95,11717.8,0.84143329,-314.3329025
7801,-1396,11244,13498,13913,14223,9821,0.81,0.95,12064.9,0.848266892,-382.6689165
7801,-1426,11259,13595,14074,14322,9818,0.8,0.95,12191.6,0.851249825,-512.4982544
7801,-1429,11311,13526,14065,14248,9818,0.8,0.95,12100.4,0.849270073,-492.7007299
7801,-1421,11340,13551,14120,14277,9817,0.8,0.95,12134.1,0.849905442,-499.0544232
7801,-1441,11245,13308,14067,13994,9815,0.8,0.95,11806.2,0.843661569,-436.6156924
7801,-1428,11424,13319,14153,14016,9813,0.81,0.95,11823.8,0.843593037,-335.9303653
7801,-1443,11311,13575,14083,14299,9813,0.8,0.95,12164.7,0.850737814,-507.3781383
7800,-1432,11212,13672,14048,14401,9813,0.8,0.95,12292.3,0.853572669,-535.7266856
7801,-1432,11308,13531,14109,14256,9815,0.8,0.95,12107.8,0.84931257,-493.1257015
7801,-1406,11216,13469,13910,14185,9816,0.81,0.95,12024.5,0.847691223,-376.9122312
7801,-1419,11346,13528,14088,14253,9817,0.81,0.95,12103.9,0.849217709,-392.1770855
7801,-1416,11348,13591,14135,14316,9817,0.8,0.95,12185.8,0.851201453,-512.0145292
7801,-1425,11293,13531,14044,14259,9820,0.8,0.95,12108.7,0.849196998,-491.9699839
7801,-1412,11331,13532,14145,14255,9823,0.8,0.95,12108.5,0.849421256,-494.212557
7801,-1420,11300,13559,14092,14276,9826,0.8,0.95,12141.8,0.850504343,-505.0434295
7800,-1430,11339,13503,14118,14230,9827,0.8,0.95,12072,0.848348559,-483.4855938
7801,-1424,11359,13558,14117,14287,9826,0.8,0.95,12144.1,0.850010499,-500.1049906
7801,-1421,11215,13499,13922,14198,9821,0.81,0.95,12058.4,0.849302719,-393.0271869
7801,-1441,11368,12913,14121,13579,9817,0.81,0.95,11286.7,0.831187864,-211.8786361
7801,-1423,11421,13315,14152,14012,9813,0.81,0.95,11818.6,0.843462746,-334.6274622
7800,-1420,11264,13565,13996,14286,9813,0.8,0.95,12150.8,0.850538989,-505.3898922
7801,-1409,11394,13422,14130,14133,9814,0.81,0.95,11961.9,0.846380811,-363.8081087
7801,-1439,11220,13255,14041,13944,9814,0.8,0.95,11738.2,0.841810098,-418.1009753
7801,-1431,11289,13598,14111,14324,9815,0.8,0.95,12195.2,0.851382295,-513.8229545
7801,-1446,11392,13355,14119,14053,9816,0.81,0.95,11870.9,0.844723547,-347.2354657
7800,-1415,11391,13339,14117,14038,9816,0.81,0.95,11850.4,0.844165836,-341.6583559
7801,-1426,11402,13562,14174,14284,9822,0.8,0.95,12147.2,0.850406049,-504.0604873
7801,-1427,11191,13672,14031,14406,9827,0.8,0.95,12293.8,0.853380536,-533.8053589
7801,-1423,11386,13394,14110,14098,9833,0.81,0.95,11923.4,0.84575117,-357.5117038
7801,-1416,11237,13572,14015,14298,9833,0.8,0.95,12161.4,0.850566513,-505.665128
7801,-1413,11326,13520,14083,14254,9827,0.8,0.95,12096.2,0.848617932,-486.1793181
7800,-1447,11372,13375,14095,14066,9817,0.81,0.95,11894.8,0.845641974,-356.4197355
7801,-1407,11340,13547,14089,14277,9808,0.8,0.95,12130.1,0.849625271,-496.2527142
7801,-1426,11319,13536,14087,14259,9804,0.8,0.95,12113.7,0.849547654,-495.4765411
7801,-1414,11341,13553,14110,14276,9804,0.8,0.95,12135.8,0.850084057,-500.8405716
7800,-1416,11342,13574,14116,14290,9807,0.8,0.95,12161,0.851014696,-510.1469559
7801,-1432,11326,13552,14104,14277,9811,0.8,0.95,12135.1,0.849975485,-499.7548505
7800,-1408,11346,13505,14133,14215,9815,0.8,0.95,12069.5,0.849067886,-490.6788604
7801,-1415,11353,13367,14094,14070,9816,0.81,0.95,11888,0.844918266,-349.1826581
7801,-1423,11338,13523,14066,14244,9815,0.81,0.95,12096.2,0.849213704,-392.1370402
7801,-1426,11327,13562,14113,14288,9812,0.8,0.95,12148.4,0.85025196,-502.5195969
7800,-1424,11357,13516,14128,14238,9810,0.8,0.95,12087.4,0.848953505,-489.5350471
7800,-1446,11305,13569,14088,14296,9808,0.8,0.95,12157.8,0.850433688,-504.3368774
7801,-1412,11386,13569,14125,14291,9808,0.81,0.95,12156.3,0.850626268,-406.2626828
7801,-1419,11388,13526,14151,14245,9812,0.8,0.95,12099.5,0.849385749,-493.8574939
7801,-1424,11358,13564,14114,14289,9817,0.8,0.95,12150.7,0.850353419,-503.5341871
7801,-1438,11407,13284,14140,13975,9822,0.81,0.95,11776.5,0.842683363,-326.8336315
7801,-1446,11307,13568,14068,14284,9822,0.8,0.95,12153.2,0.850826099,-508.2609913
7801,-1423,11443,13442,14182,14157,9821,0.81,0.95,11989.1,0.846867274,-368.6727414
7801,-1411,11410,13350,14142,14037,9813,0.81,0.95,11861.1,0.844988245,-349.8824535
7800,-1430,11047,13543,13848,14264,9805,0.8,0.95,12122.2,0.849845766,-498.4576556
7800,-1405,11403,13537,14144,14263,9799,0.81,0.95,12115.9,0.849463647,-394.636472
7800,-1418,11378,13370,14096,14071,9799,0.81,0.95,11891.3,0.845092744,-350.9274394
7801,-1428,11364,13332,14080,14024,9803,0.81,0.95,11839.2,0.844209926,-342.0992584
7801,-1455,11278,13482,14029,14193,9807,0.8,0.95,12039.9,0.848298457,-482.9845699
7801,-1420,11285,13638,14094,14361,9812,0.8,0.95,12246.3,0.852747023,-527.4702319
7801,-1421,11299,13579,14045,14304,9813,0.8,0.95,12170.2,0.850824944,-508.2494407
7801,-1415,11295,13603,14061,14325,9813,0.8,0.95,12200.5,0.851692845,-516.9284468
7800,-1444,11277,13255,14120,13946,9810,0.8,0.95,11738.8,0.841732396,-417.3239639
7800,-1437,11213,13480,13924,14191,9807,0.81,0.95,12037.3,0.848234797,-382.347967
7801,-1444,11292,13429,13989,14133,9805,0.81,0.95,11968.9,0.846876106,-368.7610557
7801,-1423,11306,13565,14136,14288,9805,0.8,0.95,12151.4,0.850461926,-504.6192609
7801,-1415,11375,13555,14128,14278,9806,0.81,0.95,12138.4,0.850147079,-401.4707942
7801,-1419,11387,13505,14153,14214,9809,0.8,0.95,12069.2,0.849106515,-491.065147
7801,-1424,11366,13540,14108,14258,9811,0.81,0.95,12117.4,0.849866741,-398.6674148
7800,-1421,11322,13643,14154,14373,9812,0.8,0.95,12254.9,0.85263341,-526.3340987
7800,-1426,11410,13331,14146,14021,9812,0.81,0.95,11837.3,0.844255046,-342.55046
7800,-1439,11224,13584,14061,14301,9812,0.8,0.95,12174.3,0.85129012,-512.9011957
7800,-1425,11241,13359,14080,14070,9811,0.8,0.95,11880,0.84434968,-443.4968017
7801,-1433,11404,13313,14130,14006,9811,0.81,0.95,11814.8,0.843552763,-335.527631
7800,-1440,11367,13462,14099,14175,9812,0.81,0.95,12014.5,0.847583774,-375.8377425
7801,-1415,11300,13533,14043,14249,9812,0.8,0.95,12107.7,0.849722788,-497.2278756
7801,-1434,11425,13428,14155,14136,9814,0.81,0.95,11968.8,0.846689304,-366.893039
7801,-1417,11298,13613,14099,14339,9817,0.8,0.95,12214.7,0.851851594,-518.5159356
7801,-1415,11396,13588,14143,14305,9818,0.81,0.95,12179.5,0.851415589,-414.1558895
7800,-1416,11299,13579,14070,14311,9818,0.8,0.95,12172.3,0.850555517,-505.5551674
7800,-1432,11249,13601,14060,14329,9818,0.8,0.95,12199.7,0.85139926,-513.9926024
7801,-1435,11231,13707,13923,14430,9818,0.81,0.95,12336,0.854885655,-448.8565489
7801,-1427,11242,13275,14067,13986,9818,0.8,0.95,11770.8,0.841613042,-416.1304161
7801,-1428,11418,13416,14147,14119,9818,0.81,0.95,11951.7,0.846497627,-364.9762731
7801,-1431,11261,13644,14100,14370,9819,0.8,0.95,12255,0.852818372,-528.1837161
7801,-1411,11418,13451,14149,14160,9820,0.81,0.95,11999,0.847387006,-373.8700565
7800,-1431,11417,13300,14144,13992,9822,0.81,0.95,11797.6,0.843167524,-331.675243
7800,-1428,11364,13587,14090,14319,9822,0.81,0.95,12182.7,0.850806621,-408.0662057
7800,-1430,11334,13530,14098,14248,9822,0.8,0.95,12104.4,0.849550814,-495.5081415
7800,-1424,11314,13588,14113,14313,9820,0.8,0.95,12181.9,0.851107385,-511.0738489
7800,-1427,11348,13555,14106,14282,9817,0.8,0.95,12139.6,0.849992998,-499.9299818
7801,-1413,11337,13692,14062,14419,9815,0.81,0.95,12317.7,0.854268673,-442.6867328
7801,-1414,11396,13454,14118,14166,9814,0.81,0.95,12003.8,0.847366935,-373.6693491
7801,-1420,11388,13431,14120,14138,9814,0.81,0.95,11972.4,0.846824162,-368.2416183
7800,-1427,11381,13445,14132,14154,9812,0.81,0.95,11991.2,0.847195139,-371.9513918
7801,-1412,11393,13514,14130,14235,9809,0.81,0.95,12084.5,0.848928697,-389.2869687
7801,-1441,11395,13376,14125,14067,9808,0.81,0.95,11896.1,0.845674273,-356.7427312
7800,-1416,11203,13583,13989,14313,9808,0.8,0.95,12176.9,0.850758052,-507.5805212
7800,-1422,11401,13481,14124,14199,9808,0.81,0.95,12040.7,0.847996338,-379.9633777
7800,-1414,11412,13478,14133,14195,9808,0.81,0.95,12036.5,0.847939415,-379.3941529
7800,-1448,11273,13629,14076,14351,9808,0.8,0.95,12234.3,0.852505052,-525.0505191
7801,-1432,11270,13544,14087,14255,9808,0.8,0.95,12120.5,0.850263066,-502.6306559
7801,-1431,11386,13347,14110,14051,9809,0.81,0.95,11862.3,0.844231727,-342.3172728
7800,-1431,11113,13558,13830,14280,9814,0.8,0.95,12142,0.850280112,-502.8011204
7801,-1400,11337,13545,14116,14269,9819,0.8,0.95,12125.7,0.849793258,-497.9325811
7800,-1428,11350,13373,14069,14071,9823,0.81,0.95,11894.3,0.845305948,-353.059484
7800,-1419,11357,13471,14066,14188,9822,0.81,0.95,12027.4,0.84771638,-377.1638004
7800,-1421,11411,13423,14137,14127,9818,0.81,0.95,11961.1,0.846683655,-366.8365541
7800,-1415,11337,13603,14106,14333,9810,0.8,0.95,12202.9,0.851384916,-513.8491593
7801,-1406,11375,13570,14112,14301,9802,0.81,0.95,12160.3,0.850311167,-403.1116705
7801,-1448,11311,13599,14102,14323,9799,0.8,0.95,12195.9,0.85149061,-514.9060951
7801,-1412,11269,13581,14075,14308,9799,0.8,0.95,12173.4,0.850810735,-508.1073525
7800,-1436,11236,13230,14069,13936,9799,0.8,0.95,11710.8,0.84032721,-403.272101
7800,-1426,11382,13248,14102,13931,9800,0.81,0.95,11727.3,0.841813222,-318.1322231
7801,-1418,11367,13522,14104,14239,9800,0.81,0.95,12093.7,0.84933633,-393.363298
7800,-1418,11361,13473,14111,14190,9800,0.81,0.95,12030,0.847780127,-377.8012685
7800,-1417,11411,13468,14134,14177,9804,0.81,0.95,12021.1,0.847929745,-379.2974536
7800,-1420,11336,13561,14090,14286,9815,0.8,0.95,12146.8,0.850258995,-502.5899482
7800,-1439,11339,13541,14111,14258,9825,0.8,0.95,12118.4,0.849936878,-499.3687754
7801,-1408,11281,13582,14054,14303,9831,0.8,0.95,12172.9,0.851073201,-510.7320143
7801,-1429,11294,13571,14090,14297,9831,0.8,0.95,12160.1,0.850535077,-505.3507729
7801,-1421,11324,13662,14043,14383,9824,0.81,0.95,12276.9,0.853570187,-435.7018703
7800,-1423,11347,13508,14079,14233,9817,0.81,0.95,12077.9,0.848584276,-385.8427598
7800,-1422,11367,13394,14078,14092,9810,0.81,0.95,11921.6,0.845983537,-359.8353676
7800,-1420,11326,13587,14071,14311,9809,0.8,0.95,12180.3,0.851114527,-511.1452729
7800,-1411,11340,13492,14090,14199,9809,0.8,0.95,12051.7,0.84877104,-487.7104021
7800,-1427,11297,13566,14057,14292,9809,0.8,0.95,12153.6,0.850377834,-503.7783375
7801,-1404,11370,13354,14093,14054,9809,0.81,0.95,11870.2,0.844613633,-346.1363313
7801,-1440,11366,13475,14097,14183,9809,0.81,0.95,12029.9,0.848191497,-381.9149686
7801,-1447,11368,13519,14140,14239,9809,0.8,0.95,12090.7,0.849125641,-491.2564085
7801,-1422,11393,13543,14130,14260,9811,0.81,0.95,12121,0.85,-400
7800,-1411,11269,13542,14077,14260,9814,0.8,0.95,12120,0.849929874,-499.2987377
7800,-1444,11372,13342,14097,14036,9817,0.81,0.95,11852.8,0.84445711,-344.5711029
7800,-1420,11363,13563,14119,14281,9818,0.8,0.95,12147.3,0.850591695,-505.9169526
7800,-1425,11285,13554,14108,14270,9818,0.8,0.95,12135,0.850385424,-503.8542397
7801,-1459,11261,13225,14099,13913,9818,0.8,0.95,11698.9,0.840861065,-408.6106519
7801,-1434,11300,13557,14078,14273,9818,0.8,0.95,12138.9,0.850479927,-504.7992714
7801,-1423,11377,13306,14101,13997,9818,0.81,0.95,11805.1,0.843402158,-334.0215761
7801,-1446,11382,13504,14119,14210,9818,0.81,0.95,12067,0.849190711,-391.9071077
7800,-1434,11372,13520,14137,14246,9817,0.8,0.95,12093.8,0.848926014,-489.2601432
7801,-1441,11269,13655,14067,14382,9815,0.8,0.95,12269.6,0.853121958,-531.21958
7800,-1438,11418,13352,14147,14052,9813,0.81,0.95,11867.6,0.844548819,-345.4881867
7800,-1421,11386,13452,14130,14162,9812,0.81,0.95,12000.6,0.847380314,-373.8031352
7800,-1423,11407,13302,14137,13996,9813,0.81,0.95,11800.8,0.843155187,-331.551872
7800,-1432,11321,13534,14086,14254,9816,0.8,0.95,12110.2,0.849600112,-496.0011225
7801,-1412,11329,13482,14087,14198,9819,0.8,0.95,12041.4,0.848105367,-481.0536695
7801,-1436,11333,13571,14119,14294,9822,0.8,0.95,12159.2,0.850650623,-506.5062264
7801,-1415,11331,13554,14118,14277,9822,0.8,0.95,12137.1,0.85011557,-501.155705
7801,-1414,11307,13532,14076,14247,9820,0.8,0.95,12106.1,0.849729768,-497.2976767
7800,-1410,11363,13432,14099,14137,9817,0.81,0.95,11973.1,0.846933579,-369.3357855
7800,-1433,11311,13560,14076,14280,9814,0.8,0.95,12144,0.850420168,-504.2016807
7800,-1433,11151,13631,13977,14364,9813,0.8,0.95,12240.2,0.85214425,-521.4424951
7800,-1426,11390,13313,14115,14010,9813,0.81,0.95,11816,0.843397573,-333.9757316
7801,-1433,11323,13435,14067,14139,9811,0.8,0.95,11976.7,0.847068392,-470.6839239
7800,-1429,11421,13329,14148,14022,9810,0.81,0.95,11835.6,0.844073599,-340.7359863
7801,-1416,11360,13529,14125,14249,9808,0.8,0.95,12103.7,0.849442066,-494.4206611
7800,-1435,11407,13523,14132,14247,9808,0.81,0.95,12097.1,0.849098056,-390.9805573
7801,-1423,11343,13469,14086,14183,9808,0.81,0.95,12023.9,0.847768455,-377.6845519
7800,-1419,11340,13507,14115,14218,9809,0.8,0.95,12072.4,0.849092699,-490.926994
7801,-1413,11370,13568,14133,14288,9809,0.8,0.95,12154.4,0.850671892,-506.718925
7800,-1436,11309,13617,14097,14338,9810,0.8,0.95,12218.4,0.852169061,-521.6906124
7800,-1430,11294,13601,14124,14326,9810,0.8,0.95,12198.8,0.851514728,-515.1472847
7800,-1430,11202,13319,14021,14011,9814,0.8,0.95,11822.3,0.843787024,-437.8702448
7801,-1431,11157,13483,13873,14205,9819,0.8,0.95,12044.5,0.847905667,-479.0566702
7801,-1439,11347,13475,14099,14192,9824,0.8,0.95,12032.6,0.847843856,-478.4385569
7801,-1410,11358,13553,14087,14278,9825,0.81,0.95,12136.4,0.850007004,-400.0700378
7800,-1411,11373,13567,14114,14288,9824,0.81,0.95,12153.4,0.850601904,-406.019037
7801,-1408,11295,13551,14080,14282,9824,0.8,0.95,12135.6,0.849712925,-497.1292536
7800,-1414,11366,13443,14090,14145,9823,0.81,0.95,11986.5,0.847401909,-374.019088
7800,-1427,11329,13631,14124,14363,9823,0.8,0.95,12239.9,0.852182692,-521.8269164
7800,-1428,11349,13533,14079,14255,9823,0.81,0.95,12109.5,0.849491407,-394.9140652
7800,-1432,11247,13626,14049,14355,9818,0.8,0.95,12232.5,0.852142111,-521.4211076
7800,-1421,11316,13339,14023,14051,9811,0.81,0.95,11854.3,0.843662373,-336.6237278
7800,-1427,11315,13437,14007,14137,9804,0.81,0.95,11978.1,0.84728726,-372.8726038
7801,-1447,11389,13366,14124,14065,9803,0.81,0.95,11885.5,0.845040882,-350.4088162
7801,-1454,11224,13302,14056,13992,9804,0.8,0.95,11799.6,0.843310463,-433.1046312
7800,-1431,11374,13333,14098,14026,9812,0.81,0.95,11840.8,0.844203622,-342.0362185
7801,-1422,11328,13472,14096,14187,9819,0.8,0.95,12028.1,0.847825474,-478.2547403
7800,-1408,11360,13567,14137,14291,9825,0.8,0.95,12154.3,0.85048632,-504.8632006
7800,-1407,11321,13566,14083,14289,9825,0.8,0.95,12152.7,0.850493387,-504.9338652
7800,-1437,11315,13593,14086,14314,9820,0.8,0.95,12187.2,0.851418192,-514.1819198
7800,-1438,11164,13562,14011,14265,9812,0.8,0.95,12141.5,0.851139152,-511.3915177
7801,-1441,11227,13123,14041,13817,9804,0.8,0.95,11568.1,0.837236737,-372.3673735
7801,-1425,11321,13507,14092,14218,9801,0.8,0.95,12072.4,0.849092699,-490.926994
7800,-1418,11325,13549,14089,14273,9803,0.8,0.95,12130.9,0.849919428,-499.1942829
7801,-1404,11368,13535,14100,14255,9809,0.81,0.95,12111.5,0.849631708,-396.3170817
7800,-1423,11387,13534,14124,14254,9815,0.81,0.95,12110.2,0.849600112,-396.0011225
7800,-1419,11357,13560,14101,14285,9820,0.81,0.95,12145.5,0.850227511,-402.2751138
7800,-1409,11352,13538,14104,14264,9821,0.8,0.95,12117.2,0.849495233,-494.9523275
7800,-1425,11300,13587,14066,14311,9817,0.8,0.95,12180.3,0.851114527,-511.1452729
7801,-1432,11283,13580,14081,14307,9810,0.8,0.95,12172.1,0.850779339,-507.7933879
7800,-1453,11114,13363,13904,14060,9803,0.8,0.95,11881,0.845021337,-450.2133713
7801,-1419,11355,13432,14068,14139,9800,0.81,0.95,11973.7,0.846856213,-368.5621331
7801,-1415,11383,13487,14129,14198,9800,0.81,0.95,12046.4,0.848457529,-384.5752923
7800,-1430,11347,13481,14078,14188,9811,0.81,0.95,12037.4,0.848421201,-384.2120101
7800,-1420,11327,13494,14054,14201,9822,0.81,0.95,12054.3,0.848834589,-388.3458911
7800,-1426,11331,13277,14045,13966,9833,0.81,0.95,11766.8,0.842531863,-325.318631
7800,-1408,11415,13435,14157,14134,9833,0.81,0.95,11975.2,0.847261922,-372.6192161
7801,-1413,11379,13484,14108,14191,9827,0.81,0.95,12041.3,0.848516665,-385.1666549
7800,-1425,11270,13599,14074,14335,9812,0.8,0.95,12199.5,0.85102895,-510.2895012
7801,-1427,11401,13365,14126,14061,9797,0.81,0.95,11883.3,0.845124813,-351.2481331
7801,-1419,11247,13632,14066,14357,9788,0.8,0.95,12239.1,0.852483109,-524.8310928
7800,-1452,11306,13571,14101,14288,9788,0.8,0.95,12157.4,0.850881859,-508.818589
7800,-1432,11114,13587,13853,14302,9795,0.8,0.95,12177.6,0.851461334,-514.6133408
7800,-1432,11238,13580,14041,14307,9805,0.8,0.95,12172.1,0.850779339,-507.7933879
7800,-1423,11340,13606,14102,14330,9814,0.8,0.95,12205,0.8517097,-517.0969993
7800,-1417,11343,13551,14111,14275,9816,0.8,0.95,12133.5,0.849982487,-499.8248687
7800,-1416,11268,13536,14053,14266,9815,0.8,0.95,12115.8,0.849278004,-492.7800365
7801,-1409,11352,13570,14114,14292,9813,0.8,0.95,12157.6,0.850657711,-506.5771061
7800,-1410,11333,13568,14103,14290,9811,0.8,0.95,12155,0.850594822,-505.9482155
7801,-1431,11418,13340,14150,14030,9810,0.81,0.95,11849,0.844547398,-345.4739843
7801,-1423,11268,13617,14110,14341,9810,0.8,0.95,12219.3,0.852053553,-520.5355275
7800,-1439,11261,13183,14087,13881,9809,0.8,0.95,11647.3,0.839082199,-390.8219869
7800,-1430,11347,13494,14079,14209,9807,0.81,0.95,12056.7,0.848525582,-385.2558238
7800,-1433,11316,13557,14089,14279,9805,0.8,0.95,12140.7,0.850248617,-502.4861685
7800,-1426,11331,13583,14114,14303,9804,0.8,0.95,12173.9,0.851143117,-511.4311683
7800,-1420,11357,13600,14124,14325,9804,0.8,0.95,12197.5,0.851483421,-514.8342059
7800,-1418,11358,13459,14089,14161,9803,0.81,0.95,12007.3,0.847913283,-379.1328296
7801,-1423,11341,13573,14120,14286,9802,0.8,0.95,12158.8,0.851098978,-510.9897802
7801,-1419,11293,13584,14065,14306,9801,0.8,0.95,12175.8,0.851097442,-510.9744163
7800,-1428,11330,13642,14105,14368,9801,0.8,0.95,12252.4,0.852756125,-527.5612472
7800,-1423,11197,13417,14024,14114,9804,0.8,0.95,11951.2,0.84676208,-467.620802
7800,-1437,11402,13364,14125,14068,9809,0.81,0.95,11884.4,0.844782485,-347.8248507
7800,-1441,11305,13564,14100,14283,9814,0.8,0.95,12148.9,0.850584611,-505.8461108
7800,-1428,11238,13590,14038,14306,9816,0.8,0.95,12181.8,0.851516846,-515.1684608
7800,-1443,11317,13574,14126,14295,9816,0.8,0.95,12162.5,0.850821966,-508.2196572
7800,-1445,11235,13607,14061,14334,9815,0.8,0.95,12207.2,0.851625506,-516.2550579
7801,-1421,11325,13634,14129,14357,9814,0.8,0.95,12241.1,0.852622414,-526.2241415
7801,-1419,11319,13491,14063,14193,9813,0.8,0.95,12048.9,0.848932572,-489.3257239
7801,-1420,11410,13408,14140,14113,9813,0.81,0.95,11941.9,0.846163112,-361.6311202
7800,-1446,11366,13367,14090,14058,9810,0.81,0.95,11884.4,0.845383412,-353.8341158
7800,-1420,11238,13599,14049,14324,9806,0.8,0.95,12196.2,0.851452108,-514.5210835
7800,-1433,11311,13590,14115,14312,9801,0.8,0.95,12183.6,0.851285634,-512.8563443
7800,-1450,11389,13309,14106,13992,9799,0.81,0.95,11806.6,0.843810749,-338.10749
7800,-1432,11389,13378,14120,14081,9799,0.81,0.95,11902.3,0.845273773,-352.7377317
7801,-1415,11382,13317,14107,14009,9806,0.81,0.95,11819.7,0.843721893,-337.2189307
7801,-1424,11360,13578,14070,14295,9813,0.81,0.95,12166.5,0.851101784,-411.0178384
7800,-1424,11341,13450,14108,14153,9819,0.8,0.95,11995.9,0.847587084,-475.8708401
7801,-1439,11302,13509,14071,14220,9820,0.8,0.95,12075,0.849156118,-491.5611814
7801,-1426,11344,13459,14077,14168,9821,0.81,0.95,12009.4,0.847642575,-376.4257482
7800,-1431,11347,13523,14065,14244,9823,0.81,0.95,12096.2,0.849213704,-392.1370402
7800,-1416,11248,13612,14061,14342,9825,0.8,0.95,12214.6,0.851666434,-516.6643425
7800,-1457,11237,13082,14074,13766,9826,0.8,0.95,11511.8,0.836248729,-362.4872875
7800,-1428,11403,13426,14136,14132,9826,0.81,0.95,11965.6,0.846702519,-367.0251911
7800,-1444,11328,13521,14070,14245,9823,0.81,0.95,12094.5,0.849034749,-390.3474903
7801,-1430,11378,13380,14100,14073,9819,0.81,0.95,11901.9,0.845725858,-357.2585803
7801,-1435,11300,13620,14100,14344,9814,0.8,0.95,12223.2,0.852147239,-521.4723926
7800,-1436,11418,13361,14150,14055,9813,0.81,0.95,11877.5,0.845072928,-350.7292778
7800,-1432,11313,13534,14071,14247,9812,0.8,0.95,12108.1,0.849870148,-498.701481
7800,-1424,11340,13592,14129,14313,9809,0.8,0.95,12185.9,0.851386851,-513.8685111
7800,-1424,11376,13577,14164,14300,9807,0.8,0.95,12167,0.850839161,-508.3916084
7800,-1421,11100,13339,13878,14056,9804,0.8,0.95,11855.8,0.843468981,-434.6898122
7800,-1439,11385,13372,14116,14078,9804,0.81,0.95,11895.4,0.844963773,-349.6377326
7800,-1436,11317,13481,14058,14187,9807,0.81,0.95,12037.1,0.848459858,-384.5985762
7801,-1423,11273,13591,14046,14322,9810,0.8,0.95,12187.6,0.850970535,-509.7053484
7801,-1427,11430,13263,14171,13953,9813,0.81,0.95,11748.9,0.842033971,-320.3397119
7800,-1421,11272,13626,14099,14350,9814,0.8,0.95,12231,0.852334495,-523.3449477
7800,-1441,11389,13477,14124,14190,9813,0.81,0.95,12034,0.848062016,-380.620155
7800,-1416,11393,13547,14155,14267,9807,0.8,0.95,12127.1,0.850010514,-500.1051377
7800,-1429,11405,13317,14137,14006,9802,0.81,0.95,11818.8,0.843838355,-338.3835499
7800,-1433,11356,13586,14137,14307,9797,0.8,0.95,12178.1,0.851198714,-511.9871392
7800,-1408,11237,13668,13928,14404,9797,0.81,0.95,12289.2,0.853179672,-431.7967231
7801,-1402,11370,13293,14090,13983,9804,0.81,0.95,11787.9,0.84301652,-330.1652006
7800,-1429,11408,13342,14133,14030,9816,0.81,0.95,11851,0.84468995,-346.8995011
7801,-1435,11389,13370,14114,14068,9827,0.81,0.95,11890.4,0.845208985,-352.0898493
7800,-1423,11388,13348,14112,14036,9831,0.81,0.95,11858.8,0.844884583,-348.845825
7800,-1417,11343,13513,14095,14224,9831,0.8,0.95,12080.2,0.849282902,-492.8290214
7800,-1431,11272,13602,14077,14326,9828,0.8,0.95,12199.8,0.851584532,-515.8453162
7800,-1453,11224,13301,14050,13983,9825,0.8,0.95,11795.9,0.843588643,-435.8864335
7800,-1437,11246,13633,14051,14361,9823,0.8,0.95,12241.3,0.852398858,-523.9885802
7801,-1430,11351,13522,14089,14228,9822,0.81,0.95,12090.4,0.849761035,-397.6103458
7801,-1422,11258,13600,14073,14321,9820,0.8,0.95,12196.3,0.851637455,-516.3745548
7800,-1444,11253,13268,14094,13961,9817,0.8,0.95,11756.3,0.842081513,-420.8151279
7801,-1406,11188,13491,13913,14201,9813,0.8,0.95,12051.3,0.848623336,-486.2333638
7800,-1418,11347,13405,14063,14109,9812,0.81,0.95,11937.7,0.846105323,-361.0532284
7800,-1411,11369,13348,14085,14036,9812,0.81,0.95,11858.8,0.844884583,-348.845825
7800,-1432,11282,13585,14056,14313,9813,0.8,0.95,12178.9,0.850897785,-508.9778523
7800,-1420,11324,13574,14131,14291,9814,0.8,0.95,12161.3,0.850976139,-509.7613883
7800,-1411,11375,13447,14094,14147,9815,0.81,0.95,11991.1,0.847607267,-376.0726656
7800,-1420,11347,13586,14111,14311,9816,0.8,0.95,12179.3,0.851044651,-510.4465097
7800,-1419,11413,13498,14144,14212,9815,0.81,0.95,12061.6,0.848691247,-386.9124683
7801,-1422,11321,13559,14099,14277,9812,0.8,0.95,12142.1,0.850465784,-504.6578413
7801,-1420,11367,13306,14087,14020,9810,0.81,0.95,11812,0.842510699,-325.10699
7800,-1441,11300,13514,14073,14231,9808,0.8,0.95,12083.3,0.849082988,-490.8298784
7800,-1415,11409,13508,14140,14224,9808,0.81,0.95,12075.2,0.848931384,-389.3138358
7800,-1417,11364,13501,14120,14213,9808,0.8,0.95,12064.9,0.848863716,-488.6371632
7800,-1412,11361,13404,14069,14099,9807,0.81,0.95,11933.7,0.846421732,-364.2173204
7800,-1424,11369,13477,14114,14199,9807,0.81,0.95,12036.7,0.847714628,-377.1462779
7800,-1433,11427,13318,14163,14003,9807,0.81,0.95,11818.9,0.84402628,-340.2628008
7800,-1420,11348,13612,14117,14332,9806,0.8,0.95,12211.6,0.852051354,-520.5135361
7801,-1433,11352,13513,14117,14231,9801,0.8,0.95,12082.3,0.849012719,-490.1271871
7801,-1428,11312,13408,14094,14106,9797,0.8,0.95,11939.8,0.846434142,-464.341415
7800,-1425,11357,13560,14130,14277,9794,0.8,0.95,12143.1,0.850535827,-505.3582685
7801,-1425,11368,13364,14085,14053,9794,0.81,0.95,11879.9,0.845363979,-353.6397922
7800,-1431,11421,13402,14153,14099,9801,0.81,0.95,11931.7,0.846279878,-362.7987801
7801,-1410,11356,13390,14087,14095,9810,0.81,0.95,11918.5,0.84558354,-355.8354026
7800,-1421,11330,13489,14074,14201,9819,0.81,0.95,12049.3,0.848482501,-384.8250123
7800,-1408,11328,13474,14074,14191,9821,0.8,0.95,12031.3,0.847811994,-478.1199352
7800,-1437,11314,13479,14094,14188,9821,0.8,0.95,12035.4,0.848280237,-482.8023682
7800,-1417,11286,13618,14079,14351,9820,0.8,0.95,12223.3,0.851738555,-517.385548
7800,-1424,11309,13626,14098,14349,9819,0.8,0.95,12230.7,0.852372988,-523.7298766
7801,-1428,11243,13611,14012,14331,9818,0.8,0.95,12210.3,0.852020096,-520.2009629
7800,-1448,11393,13285,14112,13975,9818,0.81,0.95,11777.5,0.842754919,-327.549195
7800,-1415,11287,13484,13999,14193,9820,0.81,0.95,12041.9,0.848439372,-384.3937152
7800,-1438,11356,13556,14132,14288,9822,0.8,0.95,12142.4,0.849832027,-498.3202688
7800,-1430,11310,13559,14058,14281,9824,0.8,0.95,12143.3,0.850311603,-503.1160283
7801,-1419,11316,13571,14040,14294,9825,0.81,0.95,12159.2,0.850650623,-406.5062264
7800,-1417,11334,13602,14089,14322,9825,0.8,0.95,12198.6,0.851738584,-517.38584
7800,-1432,11279,13282,14101,13973,9818,0.8,0.95,11773.9,0.842617906,-426.1790596
7800,-1423,11306,13610,14097,14337,9811,0.8,0.95,12211.1,0.851719328,-517.1932761
7801,-1427,11370,13427,14111,14129,9804,0.81,0.95,11965.7,0.846889376,-368.8937646
7801,-1416,11195,13608,14033,14331,9804,0.8,0.95,12207.3,0.85181076,-518.1075989
7801,-1435,11175,13173,13992,13880,9803,0.8,0.95,11637,0.838400576,-384.0057637
7800,-1424,11416,13419,14155,14124,9802,0.81,0.95,11956.2,0.846516568,-365.1656754
7800,-1416,11402,13477,14126,14195,9800,0.81,0.95,12035.5,0.847868968,-378.6896795
7800,-1401,11406,13520,14135,14238,9800,0.81,0.95,12091.4,0.849234443,-392.3444304
7800,-1424,11356,13588,14132,14316,9800,0.8,0.95,12182.8,0.850991897,-509.9189718
7800,-1417,11331,13380,14033,14077,9804,0.81,0.95,11903.1,0.845570789,-355.7078923
7800,-1419,11304,13579,14065,14297,9809,0.8,0.95,12168.1,0.851094635,-510.9463524
7801,-1401,11320,13451,14028,14156,9813,0.81,0.95,11997.8,0.847541678,-375.4167844
7800,-1438,11241,13558,14014,14283,9813,0.8,0.95,12142.9,0.850164531,-501.6453126
7800,-1439,11089,13316,13919,14014,9813,0.8,0.95,11820.2,0.843456543,-434.5654346
7800,-1423,11304,13504,14077,14225,9811,0.8,0.95,12071.5,0.848611599,-486.115993
7800,-1421,11380,13432,14096,14137,9810,0.81,0.95,11973.1,0.846933579,-369.3357855
7800,-1429,11369,13339,14087,14037,9809,0.81,0.95,11850.1,0.844204602,-342.0460212
7800,-1414,11276,13566,14067,14292,9809,0.8,0.95,12153.6,0.850377834,-503.7783375
7801,-1432,11347,13551,14112,14278,9810,0.8,0.95,12134.4,0.849866928,-498.6692814
7800,-1418,11364,13326,14086,14019,9811,0.81,0.95,11831.7,0.843976033,-339.7603253
7801,-1425,11400,13377,14120,14074,9812,0.81,0.95,11899.2,0.845473924,-354.7392355
7800,-1426,11331,13540,14082,14261,9812,0.8,0.95,12118.3,0.849751069,-497.5106935
7800,-1431,11399,13527,14142,14250,9812,0.81,0.95,12102,0.849263158,-392.6315789
7800,-1416,11343,13506,14114,14219,9814,0.8,0.95,12071.7,0.848983754,-489.8375413
7800,-1424,11370,13542,14126,14259,9817,0.8,0.95,12119.7,0.849968441,-499.6844098
7800,-1434,11233,13408,13915,14119,9818,0.81,0.95,11943.7,0.845931015,-359.3101494
7800,-1410,11344,13564,14103,14286,9818,0.8,0.95,12149.8,0.850468991,-504.6899062
7800,-1428,11248,13286,14086,13974,9818,0.8,0.95,11778.2,0.842865321,-428.6532131
7800,-1411,11391,13478,14108,14200,9817,0.81,0.95,12038,0.847746479,-377.4647887
7800,-1413,11405,13505,14152,14213,9816,0.81,0.95,12068.9,0.849145149,-391.4514881
7800,-1425,11349,13470,14118,14171,9816,0.8,0.95,12021.3,0.848302872,-483.0287206
7800,-1417,11369,13511,14115,14233,9815,0.81,0.95,12080.9,0.848795054,-387.9505375
7800,-1445,11294,13662,14131,14389,9814,0.8,0.95,12278.7,0.853339356,-533.3935645
7800,-1427,11324,13521,14095,14228,9813,0.8,0.95,12089.4,0.849690751,-496.9075063
7800,-1431,11184,13284,14004,13981,9812,0.8,0.95,11778.3,0.842450468,-424.5046849
7801,-1426,11321,13539,14056,14259,9812,0.81,0.95,12116.7,0.849758048,-397.5804755
7800,-1421,11358,13576,14115,14304,9812,0.8,0.95,12167.2,0.850615213,-506.1521253
7800,-1415,11344,13537,14125,14251,9812,0.8,0.95,12112.3,0.849926321,-499.2632096
7800,-1426,11311,13481,14050,14192,9812,0.81,0.95,12038.6,0.848266629,-382.6662909
7800,-1431,11245,13266,14075,13958,9812,0.8,0.95,11753.4,0.842054736,-420.5473564
7800,-1408,11361,13358,14070,14056,9812,0.81,0.95,11874.8,0.844820717,-348.2071713
7800,-1432,11229,13243,14055,13933,9813,0.8,0.95,11722.9,0.841376588,-413.7658796
7800,-1420,11311,13619,14071,14343,9814,0.8,0.95,12221.9,0.852116015,-521.1601478
7800,-1437,11229,13676,14070,14397,9815,0.8,0.95,12295.1,0.854004306,-540.0430645
7801,-1442,11219,13277,14034,13962,9815,0.8,0.95,11765.6,0.842687294,-426.8729408
7800,-1443,11229,13296,14054,13992,9815,0.8,0.95,11793.6,0.842881647,-428.8164666
7800,-1430,11365,13381,14082,14079,9814,0.81,0.95,11904.7,0.845564316,-355.6431565
7800,-1422,11325,13521,14095,14241,9814,0.8,0.95,12093.3,0.849188961,-491.8896145
7800,-1432,11379,13544,14134,14260,9813,0.81,0.95,12122,0.850070126,-400.7012623
7800,-1419,11375,13443,14098,14147,9813,0.81,0.95,11987.1,0.847324521,-373.245211
7800,-1433,11387,13314,14109,14008,9807,0.81,0.95,11816.4,0.843546545,-335.4654483
7800,-1422,11311,13287,14012,13977,9802,0.81,0.95,11780.1,0.842820348,-328.2034771
7800,-1426,11294,13533,14077,14252,9797,0.8,0.95,12108.6,0.849607073,-496.0707269
7801,-1424,11352,13207,14062,13898,9797,0.81,0.95,11676.4,0.840149662,-301.4966182
7801,-1423,11363,13452,14077,14167,9799,0.81,0.95,12002.1,0.847187125,-371.8712501
7800,-1435,11394,13339,14116,14028,9805,0.81,0.95,11847.4,0.84455375,-345.5374964
7800,-1439,11380,13484,14124,14193,9810,0.81,0.95,12041.9,0.848439372,-384.3937152
7800,-1424,11385,13555,14142,14283,9814,0.81,0.95,12139.9,0.849954491,-399.5449135
7800,-1444,11217,13648,14020,14372,9814,0.8,0.95,12259.6,0.853019761,-530.1976065
7800,-1442,11354,13504,14128,14217,9813,0.8,0.95,12069.1,0.848920307,-489.2030668
7800,-1410,11293,13529,14050,14248,9812,0.8,0.95,12103.4,0.849480629,-494.8062886
7800,-1413,11349,13425,14056,14136,9811,0.81,0.95,11965.8,0.84647708,-364.770798
7801,-1422,11375,13528,14103,14251,9810,0.81,0.95,12103.3,0.849294786,-392.9478633
7801,-1423,11250,13557,14022,14269,9811,0.8,0.95,12137.7,0.850634242,-506.3424206
7800,-1446,11203,13245,14027,13935,9815,0.8,0.95,11725.5,0.841442411,-414.4241119
7800,-1427,11220,13509,13918,14226,9818,0.81,0.95,12076.8,0.848924504,-389.2450443
7800,-1422,11298,13578,14097,14302,9821,0.8,0.95,12168.6,0.850832051,-508.3205146
7800,-1425,11306,13630,14101,14358,9821,0.8,0.95,12237.4,0.852305335,-523.05335
7800,-1413,11369,13389,14086,14094,9820,0.81,0.95,11917.2,0.845551298,-355.5129842
7800,-1404,11385,13573,14129,14297,9819,0.81,0.95,12162.1,0.850674967,-406.7496678
7801,-1432,11299,13494,14064,14190,9818,0.8,0.95,12051,0.849260042,-492.6004228
7801,-1428,11267,13636,14034,14361,9817,0.8,0.95,12244.3,0.852607757,-526.0775712
7800,-1429,11241,13594,13991,14315,9816,0.8,0.95,12188.5,0.851449528,-514.4952847
7800,-1428,11198,13564,14007,14269,9813,0.8,0.95,12144.7,0.851124816,-511.2481603
7800,-1456,11220,13157,14041,13855,9809,0.8,0.95,11613.5,0.83821725,-382.1725009
7800,-1436,11295,13554,14083,14276,9806,0.8,0.95,12136.8,0.850154105,-501.5410479
7801,-1418,11337,13504,14066,14221,9806,0.81,0.95,12070.3,0.84876591,-387.6590957
7800,-1394,11324,13546,14056,14272,9806,0.81,0.95,12127.6,0.849747758,-397.4775785
7801,-1423,11340,13507,14093,14226,9806,0.8,0.95,12074.8,0.848783917,-487.8391677
7800,-1413,11281,13572,14079,14291,9805,0.8,0.95,12159.3,0.850836191,-508.3619061
7800,-1416,11380,13509,14110,14218,9805,0.81,0.95,12074.4,0.849233366,-392.3336616
7800,-1406,11373,13463,14085,14173,9805,0.81,0.95,12014.9,0.847731602,-377.3160234
7800,-1422,11411,13350,14147,14045,9808,0.81,0.95,11863.5,0.844677821,-346.7782129
7800,-1425,11156,13658,13998,14385,9811,0.8,0.95,12273.5,0.853215155,-532.1515468
7800,-1448,11170,13273,13980,13965,9813,0.8,0.95,11762.5,0.842284282,-422.8428213
7800,-1404,11341,13475,14067,14186,9813,0.81,0.95,12030.8,0.848075567,-380.7556746
7801,-1437,11372,13348,14094,14042,9813,0.81,0.95,11860.6,0.844651759,-346.5175901
7801,-1406,11310,13565,14036,14291,9814,0.81,0.95,12152.3,0.850346372,-403.4637184
7800,-1427,11327,13556,14104,14272,9815,0.8,0.95,12137.6,0.85044843,-504.4843049
7800,-1437,11382,13350,14108,14041,9815,0.81,0.95,11862.3,0.844832989,-348.329891
7800,-1435,11339,13352,14098,14046,9815,0.8,0.95,11865.8,0.844781432,-447.8143244
7800,-1440,11396,13518,14129,14244,9818,0.81,0.95,12091.2,0.848862679,-388.6267902
7800,-1422,11374,13538,14165,14256,9821,0.8,0.95,12114.8,0.849803591,-498.0359147
7800,-1404,11238,13556,14022,14271,9825,0.8,0.95,12137.3,0.850487002,-504.8700161
7800,-1424,11385,13422,14097,14132,9825,0.81,0.95,11961.6,0.846419474,-364.1947354
7801,-1424,11185,13484,13863,14194,9825,0.81,0.95,12042.2,0.848400733,-384.007327
7800,-1405,11312,13578,14083,14298,9825,0.8,0.95,12167.4,0.850986152,-509.8615191
7800,-1438,11228,13245,14057,13931,9826,0.8,0.95,11724.3,0.841597875,-415.9787524
7800,-1421,11354,13461,14065,14171,9826,0.81,0.95,12012.3,0.847667772,-376.6777221
7801,-1403,11340,13495,14083,14211,9826,0.81,0.95,12058.3,0.848518753,-385.1875308
7800,-1424,11342,13534,14106,14255,9820,0.8,0.95,12110.5,0.849561557,-495.6155735
7800,-1420,11296,13538,14031,14268,9813,0.81,0.95,12118.4,0.849341183,-393.4118307
7800,-1463,11256,13231,14095,13917,9807,0.8,0.95,11706.1,0.841136739,-411.3673924
7800,-1408,11188,13665,14009,14392,9805,0.8,0.95,12282.6,0.853432462,-534.3246248
7800,-1430,11241,13268,14081,13979,9806,0.8,0.95,11761.7,0.841383504,-413.8350383
7800,-1416,11390,13488,14111,14197,9813,0.81,0.95,12047.1,0.848566599,-385.6659858
7800,-1430,11242,13587,14059,14309,9820,0.8,0.95,12179.7,0.851191558,-511.9155776
7801,-1417,11290,13525,14038,14249,9825,0.8,0.95,12099.7,0.849161345,-491.6134466
7801,-1414,11392,13418,14111,14124,9825,0.81,0.95,11955.2,0.846445766,-364.4576607
7800,-1435,11231,13612,14049,14339,9821,0.8,0.95,12213.7,0.851781854,-517.8185369
7800,-1414,11294,13571,14057,14284,9814,0.8,0.95,12156.2,0.851036124,-510.3612433
7800,-1415,11246,13554,13982,14266,9807,0.8,0.95,12133.8,0.850539745,-505.3974485
7801,-1449,11359,13562,14153,14289,9804,0.8,0.95,12148.7,0.850213451,-502.1345091
7800,-1438,11186,13496,14017,14205,9805,0.8,0.95,12057.5,0.848820838,-488.2083773
7800,-1447,11347,13550,14084,14269,9811,0.81,0.95,12130.7,0.850143668,-401.4366809
7800,-1427,11380,13214,14104,13903,9816,0.81,0.95,11684.9,0.840458894,-304.5889376
7801,-1462,11305,13575,14120,14306,9821,0.8,0.95,12166.8,0.850468335,-504.6833496
7800,-1420,11386,13327,14115,14017,9821,0.81,0.95,11832.1,0.844124991,-341.2499108
7800,-1422,11279,13574,14089,14297,9821,0.8,0.95,12163.1,0.850744912,-507.4491152
7800,-1424,11366,13578,14138,14295,9821,0.8,0.95,12166.5,0.851101784,-511.0178384
7800,-1420,11356,13513,14077,14228,9821,0.81,0.95,12081.4,0.849128479,-391.2847906
7800,-1447,11366,13507,14124,14230,9821,0.8,0.95,12076,0.848629656,-486.2965566
7800,-1417,11328,13516,14073,14232,9820,0.8,0.95,12085.6,0.849184935,-491.8493536
7801,-1428,11265,13637,14084,14370,9820,0.8,0.95,12248,0.852331246,-523.3124565
7800,-1437,11385,13523,14117,14244,9820,0.81,0.95,12096.2,0.849213704,-392.1370402
7801,-1424,11337,13556,14123,14276,9820,0.8,0.95,12138.8,0.8502942,-502.9420006
7800,-1434,11329,13446,14068,14168,9820,0.81,0.95,11996.4,0.846725014,-367.2501412
7800,-1423,11269,13627,14063,14352,9819,0.8,0.95,12232.6,0.852327202,-523.2720178
7800,-1447,11282,13610,14097,14338,9816,0.8,0.95,12211.4,0.851680848,-516.808481
7800,-1438,11369,13260,14083,13944,9813,0.81,0.95,11743.2,0.842168675,-321.686747
7800,-1460,11365,13275,14083,13962,9812,0.81,0.95,11763.6,0.842544048,-325.4404813
7800,-1403,11389,13452,14141,14162,9812,0.81,0.95,12000.6,0.847380314,-373.8031352
7800,-1438,11301,13569,14058,14288,9818,0.8,0.95,12155.4,0.850741881,-507.418813
7801,-1430,11251,13520,14046,14232,9825,0.8,0.95,12089.6,0.849465992,-494.6599213
7801,-1424,11363,13387,14078,14094,9832,0.81,0.95,11915.2,0.845409394,-354.0939407
7800,-1432,11377,13361,14089,14061,9834,0.81,0.95,11879.3,0.844840339,-348.4033852
7800,-1433,11395,13460,14136,14183,9830,0.81,0.95,12014.9,0.847133893,-371.3389269
7800,-1428,11339,13467,14120,14176,9822,0.8,0.95,12019.8,0.847897856,-478.9785553
7800,-1431,11304,13594,14095,14317,9813,0.8,0.95,12189.1,0.851372494,-513.7249424
7800,-1420,11410,13484,14157,14196,9808,0.81,0.95,12042.8,0.848323471,-383.234714
7800,-1418,11361,13526,14100,14250,9808,0.81,0.95,12101,0.849192982,-391.9298246
7801,-1427,11276,13638,14122,14369,9809,0.8,0.95,12248.7,0.852439279,-524.39279
7800,-1423,11282,13551,14025,14271,9810,0.8,0.95,12132.3,0.850136641,-501.3664074
7801,-1418,11349,13352,14064,14050,9812,0.81,0.95,11867,0.844626335,-346.2633452
7800,-1413,11400,13442,14124,14165,9812,0.81,0.95,11991.5,0.846558419,-365.5841864
7800,-1431,11377,13506,14134,14223,9812,0.8,0.95,12072.9,0.848829361,-488.2936089
7800,-1408,11324,13472,14073,14190,9813,0.8,0.95,12029,0.847709655,-477.0965469
7800,-1416,11297,13545,14077,14264,9814,0.8,0.95,12124.2,0.849985979,-499.8597869
7800,-1425,11423,13517,14149,14241,9814,0.81,0.95,12089.3,0.848908082,-389.080823
7801,-1418,11276,13561,14085,14284,9814,0.8,0.95,12146.2,0.85033604,-503.3604032
7801,-1418,11319,13447,14048,14147,9815,0.81,0.95,11991.1,0.847607267,-376.0726656
7800,-1424,11374,13290,14097,13980,9815,0.81,0.95,11784,0.842918455,-329.1845494
7800,-1431,11309,13562,14075,14283,9816,0.8,0.95,12146.9,0.850444584,-504.4458447
7800,-1430,11278,13565,14087,14287,9816,0.8,0.95,12151.1,0.850500455,-505.0045496
7800,-1422,11303,13621,14104,14345,9816,0.8,0.95,12224.5,0.852178459,-521.7845939
7800,-1473,11252,13275,14076,13967,9818,0.8,0.95,11765.1,0.842349825,-423.4982459
7800,-1424,11361,13465,14098,14176,9819,0.81,0.95,12017.8,0.847756772,-377.5677201
7800,-1413,11324,13519,14071,14243,9821,0.8,0.95,12091.9,0.848971425,-489.7142456
7800,-1435,11320,13606,14119,14323,9821,0.8,0.95,12202.9,0.851979334,-519.7933394
7801,-1420,11429,13390,14162,14088,9820,0.81,0.95,11916.4,0.845854628,-358.5462805
7801,-1429,11245,13589,14047,14308,9819,0.8,0.95,12181.4,0.851369863,-513.6986301
7800,-1435,11259,13584,14062,14320,9818,0.8,0.95,12180,0.850558659,-505.5865922
7800,-1422,11372,13390,14086,14089,9817,0.81,0.95,11916.7,0.845815885,-358.1588473
7800,-1426,11313,13375,14027,14075,9817,0.81,0.95,11897.5,0.845293073,-352.9307282
7800,-1408,11368,13496,14109,14218,9817,0.81,0.95,12061.4,0.848319032,-383.1903221
7800,-1444,11135,13539,13898,14252,9817,0.8,0.95,12114.6,0.850028066,-500.2806624
7800,-1409,11372,13481,14077,14194,9817,0.81,0.95,12039.2,0.848189376,-381.8937579
7800,-1422,11305,13532,14083,14254,9817,0.8,0.95,12108.2,0.849459801,-494.5980076
7800,-1414,11385,13531,14131,14246,9816,0.81,0.95,12104.8,0.849698161,-396.9816089
7801,-1428,11400,13353,14119,14053,9813,0.81,0.95,11868.9,0.844581228,-345.8122821
7800,-1410,11292,13547,14041,14268,9810,0.8,0.95,12127.4,0.849971965,-499.7196524
7800,-1403,11361,13493,14120,14212,9808,0.8,0.95,12056.6,0.848339431,-483.3943147
7800,-1433,11327,13543,14074,14267,9808,0.8,0.95,12123.1,0.849730146,-497.3014649
7800,-1414,11368,13415,14117,14117,9805,0.81,0.95,11950.1,0.846504215,-365.0421478
7800,-1429,11276,13270,14108,13986,9800,0.8,0.95,11765.8,0.841255541,-412.5554126
7800,-1427,11380,13507,14098,14218,9796,0.81,0.95,12072.4,0.849092699,-390.926994
7800,-1433,11383,13387,14105,14087,9795,0.81,0.95,11913.1,0.845680415,-356.8041457
7801,-1395,11338,13607,14075,14332,9797,0.81,0.95,12206.6,0.851702484,-417.0248395
7800,-1416,11337,13495,14092,14212,9802,0.8,0.95,12058.6,0.848480158,-484.8015761
7800,-1425,11358,13414,14087,14119,9807,0.81,0.95,11949.7,0.846355974,-363.5597422
7800,-1413,11364,13503,14103,14219,9810,0.81,0.95,12068.7,0.848772769,-387.7276883
7800,-1413,11376,13574,14152,14301,9809,0.8,0.95,12164.3,0.850590868,-505.9086777
7800,-1439,11338,13635,14122,14362,9812,0.8,0.95,12243.6,0.852499652,-524.9965186
7800,-1405,11288,13709,13996,14438,9815,0.81,0.95,12340.4,0.85471672,-447.1671977
7800,-1434,11240,13240,14082,13945,9819,0.8,0.95,11723.5,0.84069559,-406.9558982
7800,-1400,11234,13506,13962,14213,9820,0.8,0.95,12069.9,0.849215507,-492.1550693
7801,-1414,11439,13538,14200,14266,9820,0.81,0.95,12117.8,0.849418197,-394.1819711
7801,-1424,11396,13524,14152,14228,9819,0.81,0.95,12092.4,0.849901602,-399.0160247
7800,-1417,11382,13543,14125,14265,9819,0.81,0.95,12122.5,0.84980722,-398.0722047
7800,-1422,11307,13605,14089,14322,9818,0.8,0.95,12201.6,0.851948052,-519.4805195
7800,-1418,11395,13309,14125,14001,9818,0.81,0.95,11809.3,0.843461181,-334.6118134
7800,-1422,11360,13561,14111,14281,9816,0.81,0.95,12145.3,0.850451649,-404.5164904
7800,-1423,11318,13514,14041,14232,9812,0.81,0.95,12083.6,0.849044407,-390.4440697
7800,-1422,11217,13620,14032,14352,9807,0.8,0.95,12225.6,0.851839465,-518.3946488
7800,-1441,11255,13017,14092,13694,9805,0.8,0.95,11425.2,0.834321601,-343.216007
7800,-1450,11358,13391,14096,14090,9805,0.81,0.95,11918,0.845848119,-358.4811923
7801,-1425,11334,13620,14111,14344,9807,0.8,0.95,12223.2,0.852147239,-521.4723926
7800,-1427,11324,13508,14087,14219,9808,0.8,0.95,12073.7,0.849124411,-491.24411
7800,-1420,11363,13404,14097,14106,9810,0.81,0.95,11935.8,0.846150574,-361.5057422
7800,-1411,11422,13324,14154,14021,9810,0.81,0.95,11830.3,0.843755795,-337.5579488
7800,-1411,11354,13478,14124,14199,9813,0.8,0.95,12037.7,0.847785055,-477.8505529
7800,-1430,11359,13587,14143,14307,9817,0.8,0.95,12179.1,0.85126861,-512.6860977
7800,-1435,11391,13359,14124,14057,9822,0.81,0.95,11876.1,0.844853098,-348.530981
7800,-1422,11213,13574,14047,14284,9824,0.8,0.95,12159.2,0.85124615,-512.4614954
7801,-1437,11352,13248,14079,13947,9825,0.81,0.95,11732.1,0.841191654,-311.9165412
7800,-1431,11391,13515,14140,14240,9818,0.81,0.95,12087,0.84880618,-388.0617978
7800,-1418,11344,13548,14098,14269,9812,0.8,0.95,12128.7,0.850003504,-500.035041
7800,-1427,11426,13300,14163,13989,9805,0.81,0.95,11796.7,0.843284009,-332.8400886
7800,-1425,11327,13551,14100,14275,9805,0.8,0.95,12133.5,0.849982487,-499.8248687
7800,-1402,11366,13554,14138,14279,9805,0.8,0.95,12137.7,0.850038518,-500.385181
7800,-1423,11318,13523,14081,14237,9805,0.8,0.95,12094.1,0.84948374,-494.8373955
7800,-1427,11342,13600,14123,14320,9805,0.8,0.95,12196,0.851675978,-516.7597765
7801,-1428,11362,13482,14118,14191,9805,0.8,0.95,12039.3,0.848375731,-483.757311
7800,-1424,11291,13595,14078,14327,9805,0.8,0.95,12193.1,0.851057444,-510.5744399
7800,-1428,11269,13456,14063,14172,9808,0.8,0.95,12007.6,0.84727632,-472.763195
7800,-1449,11333,13557,14099,14276,9812,0.8,0.95,12139.8,0.850364248,-503.6424769
7800,-1443,11306,13560,14116,14287,9816,0.8,0.95,12146.1,0.850150486,-501.5048646
7800,-1437,11399,13364,14135,14054,9817,0.81,0.95,11880.2,0.845325174,-353.2517433
7800,-1427,11362,13487,14111,14203,9816,0.81,0.95,12047.9,0.848264451,-382.6445117
7800,-1430,11403,13329,14139,14017,9815,0.81,0.95,11834.1,0.844267675,-342.6767497
7800,-1439,11343,13499,14121,14220,9813,0.8,0.95,12065,0.848452883,-484.5288326
7801,-1417,11322,13594,14086,14323,9812,0.8,0.95,12190.9,0.851141521,-511.4152063
7801,-1439,11321,13541,14094,14256,9812,0.8,0.95,12117.8,0.850014029,-500.1402918
7800,-1426,11326,13481,14097,14187,9811,0.8,0.95,12037.1,0.848459858,-484.5985762
7800,-1421,11395,13446,14136,14156,9810,0.81,0.95,11992.8,0.847188471,-371.8847132
7800,-1431,11353,13532,14082,14251,9808,0.81,0.95,12107.3,0.849575468,-395.7546839
7799,-1436,11305,13551,14077,14271,9808,0.8,0.95,12132.3,0.850136641,-501.3664074
7800,-1417,11300,13545,14018,14265,9808,0.81,0.95,12124.5,0.849947424,-399.4742376
7800,-1420,11340,13554,14117,14273,9809,0.8,0.95,12135.9,0.85026974,-502.6974007
7800,-1424,11284,13540,14079,14259,9810,0.8,0.95,12117.7,0.849828179,-498.2817869
7800,-1430,11380,13432,14101,14135,9810,0.81,0.95,11972.5,0.847010966,-370.1096569
7800,-1422,11386,13330,14115,14027,9810,0.81,0.95,11838.1,0.843950952,-339.5095174
7800,-1440,11333,13541,14114,14247,9808,0.8,0.95,12115.1,0.85036148,-503.6147961
7800,-1432,11283,13561,14098,14284,9804,0.8,0.95,12146.2,0.85033604,-503.3604032
7800,-1445,11405,13435,14133,14155,9801,0.81,0.95,11981.5,0.846450018,-364.5001766
7800,-1433,11325,13489,14093,14207,9799,0.8,0.95,12051.1,0.848250862,-482.5086225
7800,-1424,11360,13276,14077,13969,9799,0.81,0.95,11766.7,0.842343761,-323.4376119
7800,-1411,11386,13309,14102,13997,9810,0.81,0.95,11808.1,0.843616489,-336.1648925
7801,-1436,11337,13469,14084,14179,9821,0.8,0.95,12022.7,0.847922985,-479.229847
7801,-1407,11387,13552,14126,14265,9832,0.81,0.95,12131.5,0.850438135,-404.381353
7800,-1438,11344,13532,14107,14256,9832,0.8,0.95,12108.8,0.849382716,-493.8271605
7800,-1417,11329,13538,14071,14259,9831,0.81,0.95,12115.7,0.849687916,-396.879164
7799,-1411,11361,13543,14111,14265,9827,0.81,0.95,12122.5,0.84980722,-398.0722047
7800,-1418,11228,13541,14044,14258,9823,0.8,0.95,12118.4,0.849936878,-499.3687754
7800,-1436,11428,13405,14157,14107,9821,0.81,0.95,11937.1,0.846182746,-361.8274615
7800,-1425,11404,13547,14158,14262,9821,0.81,0.95,12125.6,0.850203338,-402.0333754
7800,-1443,11325,13492,14076,14204,9819,0.8,0.95,12053.2,0.848577865,-485.7786539
7800,-1411,11354,13524,14124,14253,9816,0.8,0.95,12099.9,0.848937066,-489.3706588
7800,-1434,11387,13440,14114,14142,9813,0.81,0.95,11982.6,0.847305897,-373.0589733
7800,-1403,11376,13535,14130,14253,9813,0.81,0.95,12110.9,0.849708833,-397.0883323
7800,-1425,11346,13588,14112,14311,9813,0.8,0.95,12181.3,0.851184404,-511.8440361
7800,-1422,11349,13355,14056,14054,9813,0.81,0.95,11871.2,0.844684787,-346.8478725
7800,-1434,11280,13564,14068,14289,9812,0.8,0.95,12150.7,0.850353419,-503.5341871
7800,-1419,11230,13641,14058,14369,9812,0.8,0.95,12251.7,0.852648062,-526.480618
7800,-1429,11237,13225,14065,13934,9812,0.8,0.95,11705.2,0.840045931,-400.4593082
7800,-1423,11421,13339,14151,14033,9816,0.81,0.95,11848.9,0.844359724,-343.5972351
7801,-1422,11383,13399,14103,14109,9821,0.81,0.95,11931.7,0.845680062,-356.8006237
7800,-1439,11223,13306,14048,13997,9826,0.8,0.95,11805.1,0.843402158,-434.0215761
7800,-1429,11369,13540,14124,14262,9827,0.8,0.95,12118.6,0.849712523,-497.1252279
7800,-1405,11422,13573,14162,14306,9827,0.81,0.95,12164.8,0.850328533,-403.2853348
7800,-1412,11390,13454,14116,14153,9821,0.81,0.95,11999.9,0.84786971,-378.697096
7800,-1424,11297,13613,14072,14340,9815,0.8,0.95,12215,0.85181311,-518.1311018
7800,-1422,11378,13552,14150,14276,9810,0.8,0.95,12134.8,0.85001401,-500.1400953
7800,-1414,11349,13686,14071,14414,9811,0.81,0.95,12310.2,0.854044679,-440.4467878
7800,-1422,11409,13473,14142,14181,9813,0.81,0.95,12027.3,0.848127777,-381.277766
7800,-1427,11267,13358,13955,14052,9817,0.81,0.95,11873.6,0.844975804,-349.7580416
7800,-1437,11432,13477,14157,14191,9820,0.81,0.95,12034.3,0.848023395,-380.2339511
7800,-1398,11377,13438,14094,14144,9821,0.81,0.95,11981.2,0.847087104,-370.8710407
7800,-1450,11359,13317,14077,14011,9820,0.81,0.95,11820.3,0.843644279,-336.4427949
7800,-1417,11360,13542,14110,14257,9817,0.81,0.95,12119.1,0.850045592,-400.4559164
7800,-1441,11299,13579,14108,14299,9814,0.8,0.95,12168.7,0.851017554,-510.1755368
7800,-1415,11289,13576,14078,14300,9812,0.8,0.95,12166,0.850769231,-507.6923077
7800,-1419,11403,13534,14122,14247,9812,0.81,0.95,12108.1,0.849870148,-398.701481
7800,-1420,11230,13626,14039,14349,9813,0.8,0.95,12230.7,0.852372988,-523.7298766
7800,-1457,11255,13167,14062,13846,9815,0.8,0.95,11620.8,0.839289325,-392.8932544
7801,-1456,11358,13570,14134,14286,9816,0.8,0.95,12155.8,0.850888982,-508.8898222
7800,-1429,11377,13496,14132,14214,9817,0.81,0.95,12060.2,0.848473336,-384.7333615
7800,-1423,11381,13514,14128,14229,9817,0.81,0.95,12082.7,0.849160166,-391.6016586
7800,-1427,11299,13596,14071,14315,9821,0.8,0.95,12190.5,0.851589242,-515.8924205
7800,-1407,11415,13497,14141,14218,9825,0.81,0.95,12062.4,0.848389366,-383.8936559
7800,-1419,11361,13386,14100,14081,9829,0.81,0.95,11910.3,0.845841915,-358.4191464
7800,-1412,11325,13601,14086,14332,9829,0.8,0.95,12200.6,0.85128384,-512.8384036
7800,-1430,11407,13567,14163,14290,9827,0.81,0.95,12154,0.850524843,-405.2484255
7800,-1438,11239,13428,14086,14128,9821,0.8,0.95,11966.4,0.846998867,-469.988675
7801,-1442,11345,13452,14095,14160,9816,0.8,0.95,12000,0.847457627,-474.5762712
7800,-1441,11119,13488,13848,14211,9813,0.8,0.95,12051.3,0.848026177,-480.2617691
7800,-1429,11381,13277,14105,13966,9813,0.81,0.95,11766.8,0.842531863,-325.318631
7800,-1415,11417,13435,14150,14153,9812,0.81,0.95,11980.9,0.846527238,-365.2723804
7800,-1423,11315,13437,14064,14148,9811,0.8,0.95,11981.4,0.846861747,-468.6174724
7800,-1420,11350,13520,14112,14243,9810,0.8,0.95,12092.9,0.849041634,-490.4163449
7800,-1429,11372,13524,14128,14241,9810,0.8,0.95,12096.3,0.849399621,-493.9962081
7800,-1420,11420,13353,14145,14058,9808,0.81,0.95,11870.4,0.844387537,-343.8753735
7801,-1428,11367,13517,14114,14238,9803,0.81,0.95,12088.4,0.849023739,-390.2373929
7801,-1414,11314,13512,14117,14208,9799,0.8,0.95,12074.4,0.849831081,-498.3108108
7800,-1433,11283,12988,14087,13657,9796,0.8,0.95,11385.1,0.833645749,-336.4574943
7800,-1441,11243,13277,14075,13965,9796,0.8,0.95,11766.5,0.842570712,-425.707125
7800,-1424,11369,13412,14096,14114,9802,0.81,0.95,11946.2,0.846407822,-364.0782202
7800,-1413,11404,13384,14136,14080,9808,0.81,0.95,11908,0.845738636,-357.3863636
7800,-1420,11363,13295,14077,13983,9814,0.81,0.95,11789.9,0.843159551,-331.5955088
7800,-1429,11284,13601,14094,14324,9816,0.8,0.95,12198.2,0.851591734,-515.9173415
7800,-1435,11275,13588,14064,14311,9816,0.8,0.95,12181.3,0.851184404,-511.8440361
7800,-1422,11310,13596,14108,14318,9820,0.8,0.95,12191.4,0.85147367,-514.7366951
7800,-1430,11405,13405,14136,14100,9823,0.81,0.95,11935,0.846453901,-364.5390071
7800,-1405,11292,13630,13999,14362,9826,0.81,0.95,12238.6,0.852151511,-421.5151093
7800,-1421,11332,13524,14086,14246,9826,0.8,0.95,12097.8,0.849206795,-492.0679489
7800,-1439,11393,13447,14118,14144,9821,0.81,0.95,11990.2,0.847723416,-377.2341629
7800,-1431,11257,13570,14049,14288,9815,0.8,0.95,12156.4,0.85081187,-508.118701
7800,-1434,11383,13316,14109,14004,9809,0.81,0.95,11817.2,0.843844616,-338.4461582
7801,-1433,11286,13573,14065,14293,9807,0.8,0.95,12160.9,0.850829077,-508.2907717
7800,-1413,11318,13585,14090,14315,9807,0.8,0.95,12179.5,0.850820817,-508.2081732
7800,-1407,11309,13547,14049,14267,9810,0.8,0.95,12127.1,0.850010514,-500.1051377
7800,-1417,11401,13542,14139,14269,9812,0.81,0.95,12122.7,0.849583012,-395.8301212
7800,-1443,11380,13398,14132,14106,9814,0.81,0.95,11929.8,0.845725223,-357.2522331
7800,-1422,11181,13579,13969,14287,9815,0.8,0.95,12165.1,0.851480367,-514.8036677
7800,-1438,11318,13544,14094,14263,9813,0.8,0.95,12122.9,0.849954428,-499.5442754
7800,-1423,11266,13609,14034,14333,9811,0.8,0.95,12208.9,0.85180353,-518.0353031
7800,-1427,11276,13478,13997,14186,9809,0.81,0.95,12033.8,0.848287044,-382.8704356
7800,-1423,11369,13340,14089,14033,9808,0.81,0.95,11849.9,0.844430984,-344.3098411
7801,-1454,11250,13599,14066,14326,9808,0.8,0.95,12196.8,0.851375122,-513.7512216
7801,-1409,11396,13342,14125,14037,9808,0.81,0.95,11853.1,0.844418323,-344.18323
7800,-1420,11286,13613,14073,14333,9808,0.8,0.95,12212.9,0.852082607,-520.8260657
7800,-1400,11350,13485,14062,14200,9808,0.81,0.95,12045,0.848239437,-382.3943662
7800,-1433,11413,13573,14154,14290,9807,0.81,0.95,12160,0.850944717,-409.4471659
7800,-1430,11241,13673,14038,14404,9808,0.8,0.95,12294.2,0.853526798,-535.2679811
7800,-1434,11315,13492,14047,14214,9808,0.81,0.95,12056.2,0.848191923,-381.9192346
7800,-1410,11357,13330,14076,14024,9809,0.81,0.95,11837.2,0.844067313,-340.6731318
7800,-1433,11388,13432,14106,14150,9810,0.81,0.95,11977,0.846431095,-364.3109541
7800,-1412,11390,13343,14113,14040,9810,0.81,0.95,11855,0.844373219,-343.7321937
7800,-1438,11221,13557,14020,14275,9812,0.8,0.95,12139.5,0.850402802,-504.028021
7800,-1415,11420,13374,14153,14064,9814,0.81,0.95,11893.2,0.845648464,-356.4846416
7800,-1445,11292,13597,14105,14324,9817,0.8,0.95,12194.2,0.851312483,-513.1248255
7800,-1416,11367,13541,14104,14252,9817,0.81,0.95,12116.6,0.850168397,-401.6839742
7800,-1434,11305,13615,14122,14341,9815,0.8,0.95,12217.3,0.851914092,-519.1409246
7800,-1435,11341,13531,14079,14248,9810,0.81,0.95,12105.4,0.849620999,-396.2099944
7800,-1443,11220,13262,14049,13948,9804,0.8,0.95,11746.4,0.842156582,-421.5658159
7800,-1422,11343,13539,14094,14257,9801,0.8,0.95,12116.1,0.849835169,-498.3516869
7801,-1424,11375,13381,14106,14077,9800,0.81,0.95,11904.1,0.845641827,-356.4182709
7800,-1424,11407,13298,14138,13984,9800,0.81,0.95,11793.2,0.84333524,-333.3524027
7800,-1428,11359,13447,14109,14151,9800,0.81,0.95,11992.3,0.847452477,-374.5247686
7800,-1417,11255,13567,13991,14288,9800,0.8,0.95,12153.4,0.850601904,-506.019037
7800,-1408,11363,13519,14080,14236,9800,0.81,0.95,12089.8,0.84924136,-392.4135993
7800,-1427,11263,13669,14097,14401,9801,0.8,0.95,12289.3,0.85336435,-533.643497
7800,-1444,11292,13607,14117,14326,9804,0.8,0.95,12204.8,0.851933547,-519.335474
7800,-1445,11339,13607,14137,14336,9807,0.8,0.95,12207.8,0.851548549,-515.4854911
7800,-1445,11254,13232,14087,13932,9809,0.8,0.95,11711.6,0.840625897,-406.2589722
7800,-1415,11286,13597,14003,14318,9809,0.81,0.95,12192.4,0.851543512,-415.4351166
7801,-1424,11322,13555,14089,14277,9808,0.8,0.95,12138.1,0.850185613,-501.8561322
7800,-1414,11394,13458,14144,14169,9807,0.81,0.95,12008.7,0.847533347,-375.3334745
7800,-1437,11326,13591,14071,14315,9807,0.8,0.95,12185.5,0.851239958,-512.3995809
7800,-1420,11400,13445,14150,14155,9806,0.81,0.95,11991.5,0.847156482,-371.5648181
7800,-1413,11247,13536,13971,14253,9807,0.81,0.95,12111.9,0.849778994,-397.789939
7800,-1444,11228,13307,14056,13998,9806,0.8,0.95,11806.4,0.843434776,-434.347764
7801,-1437,11341,13544,14119,14263,9806,0.8,0.95,12122.9,0.849954428,-499.5442754
7800,-1431,11153,13658,13991,14388,9805,0.8,0.95,12274.4,0.853099805,-530.9980539
7800,-1435,11188,13327,14008,14035,9806,0.8,0.95,11837.5,0.843427146,-434.2714642
7800,-1424,11377,13287,14098,13975,9805,0.81,0.95,11779.5,0.842898032,-328.980322
7800,-1430,11369,13380,14090,14080,9804,0.81,0.95,11904,0.845454545,-354.5454545
7800,-1406,11338,13555,14094,14278,9803,0.8,0.95,12138.4,0.850147079,-501.4707942
7800,-1418,11324,13578,14118,14298,9803,0.8,0.95,12167.4,0.850986152,-509.8615191
7800,-1432,11230,13248,14068,13941,9803,0.8,0.95,11730.3,0.841424575,-414.2457499
7800,-1411,11343,13505,14066,14214,9802,0.81,0.95,12069.2,0.849106515,-391.065147
7800,-1418,11271,13637,14033,14365,9801,0.8,0.95,12246.5,0.852523495,-525.234946
7801,-1425,11390,13494,14138,14208,9800,0.81,0.95,12056.4,0.848564189,-385.6418919
7801,-1434,11354,13677,14065,14408,9799,0.81,0.95,12299.4,0.85365075,-436.5074958
7800,-1423,11445,13475,14178,14196,9798,0.81,0.95,12033.8,0.84768949,-376.8949
7800,-1427,11209,13506,13893,14225,9796,0.81,0.95,12073.5,0.848752197,-387.5219684
7800,-1428,11330,13592,14094,14313,9794,0.8,0.95,12185.9,0.851386851,-513.8685111
7800,-1407,11377,13568,14120,14292,9794,0.81,0.95,12155.6,0.850517772,-405.1777218
7800,-1408,11382,13482,14115,14199,9794,0.81,0.95,12041.7,0.848066765,-380.6676527
7800,-1411,11361,13587,14115,14313,9803,0.8,0.95,12180.9,0.851037518,-510.3751834
7800,-1423,11351,13600,14112,14323,9812,0.8,0.95,12196.9,0.851560427,-515.6042728
7800,-1413,11405,13439,14133,14144,9821,0.81,0.95,11982.2,0.847157805,-371.5780543
7800,-1439,11389,13394,14110,14090,9821,0.81,0.95,11921,0.846061036,-360.610362
7800,-1408,11194,13596,13962,14311,9822,0.8,0.95,12189.3,0.851743414,-517.4341416
7801,-1434,11229,13221,14064,13921,9823,0.8,0.95,11697.3,0.840262912,-402.6291215
7800,-1429,11252,13570,14041,14296,9825,0.8,0.95,12158.8,0.850503637,-505.0363738
7800,-1417,11308,13577,14087,14300,9826,0.8,0.95,12167,0.850839161,-508.3916084
7800,-1429,11386,13444,14135,14143,9826,0.81,0.95,11986.9,0.847550025,-375.5002475
7800,-1416,11305,13537,14077,14264,9821,0.8,0.95,12116.2,0.849425126,-494.2512619
7800,-1408,11312,13486,14071,14196,9814,0.8,0.95,12044.8,0.848464356,-484.6435616
7800,-1416,11353,13558,14131,14279,9808,0.8,0.95,12141.7,0.85031865,-503.1864977
7800,-1413,11299,13643,14101,14376,9807,0.8,0.95,12255.8,0.852518086,-525.180857
7800,-1428,11357,13462,14075,14168,9808,0.81,0.95,12012.4,0.84785432,-378.5431959
7800,-1434,11189,13628,14019,14349,9813,0.8,0.95,12232.7,0.85251237,-525.123702
7800,-1421,11325,13375,14036,14079,9818,0.81,0.95,11898.7,0.845138149,-351.3814902
7800,-1434,11388,13501,14127,14211,9822,0.81,0.95,12064.3,0.848940961,-389.4096123
7800,-1427,11343,13425,14087,14126,9823,0.81,0.95,11962.8,0.846863939,-368.6393884
7800,-1405,11345,13583,14107,14310,9821,0.8,0.95,12176,0.850873515,-508.7351502
7800,-1419,11344,13559,14119,14285,9819,0.8,0.95,12144.5,0.850157508,-501.5750788
7800,-1423,11252,13596,14074,14324,9817,0.8,0.95,12193.2,0.85124267,-512.4266965
7800,-1417,11367,13380,14078,14075,9816,0.81,0.95,11902.5,0.845648313,-356.4831261
7800,-1423,11336,13624,14106,14357,9815,0.8,0.95,12231.1,0.85192589,-519.2588981
7800,-1421,11308,13567,14082,14296,9809,0.8,0.95,12155.8,0.850293788,-502.9378847
7800,-1427,11247,13641,14081,14360,9803,0.8,0.95,12249,0.852994429,-529.9442897
7800,-1443,11242,13216,14069,13900,9798,0.8,0.95,11686,0.840719424,-407.1942446
7800,-1437,11334,13554,14096,14275,9797,0.8,0.95,12136.5,0.850192644,-501.9264448
7800,-1431,11361,13453,14126,14161,9801,0.8,0.95,12001.3,0.847489584,-474.8958407
7800,-1414,11295,13580,14114,14306,9808,0.8,0.95,12171.8,0.850817839,-508.1783867
7800,-1425,11346,13395,14057,14084,9815,0.81,0.95,11920.2,0.846364669,-363.6466913
7800,-1401,11328,13498,14093,14210,9817,0.8,0.95,12061,0.848768473,-487.6847291
7800,-1416,11342,13494,14090,14203,9817,0.8,0.95,12054.9,0.848757305,-487.5730479
7800,-1401,11313,13187,14016,13867,9819,0.81,0.95,11647.1,0.839914906,-299.1490589
7800,-1428,11415,13467,14139,14180,9820,0.81,0.95,12021,0.8477433,-377.4330042
7800,-1417,11165,13677,13994,14410,9822,0.8,0.95,12300,0.853573907,-535.7390701
7800,-1431,11303,13524,14040,14243,9822,0.81,0.95,12096.9,0.849322474,-393.224742
7800,-1428,11299,13540,14075,14254,9820,0.8,0.95,12116.2,0.850021047,-500.2104672
7800,-1434,11232,13589,14030,14318,9812,0.8,0.95,12184.4,0.850984774,-509.8477441
7800,-1422,11355,13470,14071,14186,9805,0.81,0.95,12025.8,0.847723107,-377.2310729
7801,-1431,11398,13516,14150,14240,9800,0.81,0.95,12088,0.848876404,-388.7640449
7800,-1413,11335,13598,14116,14321,9800,0.8,0.95,12194.3,0.8514978,-514.9780043
7800,-1412,11356,13582,14140,14304,9804,0.8,0.95,12173.2,0.851034676,-510.3467562
7800,-1404,11381,13581,14155,14312,9810,0.8,0.95,12174.6,0.850656792,-506.567915
7800,-1435,11284,13506,14050,14229,9815,0.8,0.95,12074.7,0.848597934,-485.979338
7800,-1397,11335,13464,14083,14179,9816,0.8,0.95,12017.7,0.847570351,-475.7035052
7800,-1421,11288,13634,14059,14355,9816,0.8,0.95,12240.5,0.852699408,-526.9940787
7800,-1423,11417,13427,14148,14131,9819,0.81,0.95,11966.3,0.846811974,-368.1197367
7800,-1417,11366,13544,14118,14267,9821,0.81,0.95,12124.1,0.849800238,-398.0023831
7800,-1406,11321,13622,14055,14340,9822,0.81,0.95,12224,0.852440725,-424.4072524
7800,-1420,11346,13561,14078,14284,9822,0.81,0.95,12146.2,0.85033604,-403.3604032
7800,-1427,11335,13270,14047,13956,9819,0.81,0.95,11756.8,0.842419031,-324.1903124
7800,-1412,11422,13447,14159,14154,9816,0.81,0.95,11993.2,0.847336442,-373.36442
7800,-1424,11299,13561,14053,14287,9812,0.8,0.95,12147.1,0.85022048,-502.2048016
7800,-1427,11346,13399,14056,14100,9812,0.81,0.95,11929,0.846028369,-360.2836879
7800,-1417,11286,13568,14062,14281,9811,0.8,0.95,12152.3,0.850941811,-509.418108
7800,-1437,11198,13255,14022,13940,9804,0.8,0.95,11737,0.841965567,-419.6556671
7800,-1440,11246,13236,14081,13928,9798,0.8,0.95,11714.4,0.841068352,-410.6835152
7800,-1419,11324,13570,14109,14296,9792,0.8,0.95,12158.8,0.850503637,-505.0363738
7800,-1407,11394,13501,14106,14215,9793,0.81,0.95,12065.5,0.848786493,-387.8649314
7800,-1446,11195,13508,13992,14229,9793,0.8,0.95,12076.7,0.848738492,-487.3849181
7800,-1425,11318,13568,14085,14294,9794,0.8,0.95,12156.2,0.850440744,-504.4074437
7800,-1429,11321,13516,14083,14231,9795,0.8,0.95,12085.3,0.849223526,-492.235261
7800,-1407,11379,13487,14105,14215,9795,0.81,0.95,12051.5,0.847801618,-378.0161801
7800,-1435,11311,13510,14080,14229,9795,0.8,0.95,12078.7,0.84887905,-488.7904983
7800,-1429,11261,13607,14083,14331,9796,0.8,0.95,12206.3,0.851740981,-517.4098109
7800,-1424,11421,13389,14154,14100,9798,0.81,0.95,11919,0.845319149,-353.1914894
7800,-1403,11238,13547,13942,14267,9799,0.81,0.95,12127.1,0.850010514,-400.1051377
7800,-1432,11357,13483,14141,14200,9799,0.8,0.95,12043,0.848098592,-480.9859155
7800,-1420,11342,13436,14063,14140,9801,0.81,0.95,11978,0.847100424,-371.0042433
7800,-1427,11297,13577,14066,14297,9803,0.8,0.95,12166.1,0.850954746,-509.5474575
7800,-1422,11420,13421,14145,14126,9805,0.81,0.95,11958.8,0.846580773,-365.8077304
7800,-1411,11374,13565,14126,14287,9807,0.81,0.95,12151.1,0.850500455,-405.0045496
7800,-1422,11401,13321,14127,14014,9807,0.81,0.95,11825.2,0.84381333,-338.1332953
7800,-1442,11293,13536,14096,14250,9807,0.8,0.95,12111,0.849894737,-498.9473684
7800,-1447,11229,13620,14057,14343,9808,0.8,0.95,12222.9,0.852185735,-521.857352
7800,-1444,11280,13003,14113,13674,9808,0.8,0.95,11405.2,0.834079275,-340.7927454
7800,-1421,11238,13557,14024,14269,9808,0.8,0.95,12137.7,0.850634242,-506.3424206
7800,-1417,11346,13613,14124,14343,9806,0.8,0.95,12215.9,0.851697692,-516.9769225
7800,-1427,11322,13499,14087,14201,9801,0.8,0.95,12059.3,0.849186677,-491.8667699
7800,-1434,11259,13512,13986,14226,9796,0.81,0.95,12079.8,0.849135386,-391.3538591
7800,-1423,11326,13569,14096,14294,9792,0.8,0.95,12157.2,0.850510704,-505.1070379
7800,-1418,11325,13553,14083,14274,9792,0.8,0.95,12135.2,0.850161132,-501.6113213
7800,-1433,11204,13637,14014,14366,9802,0.8,0.95,12246.8,0.852485034,-524.8503411
7800,-1421,11361,13568,14138,14293,9813,0.8,0.95,12155.9,0.850479256,-504.7925558
7800,-1450,11176,13461,14016,14159,9825,0.8,0.95,12008.7,0.84813193,-481.3193022
7800,-1439,11240,13175,14066,13871,9827,0.8,0.95,11636.3,0.838894096,-388.940956
7800,-1420,11344,13344,14056,14032,9826,0.81,0.95,11853.6,0.844754846,-347.5484607
7800,-1446,11254,13321,14082,14006,9821,0.8,0.95,11822.8,0.844123947,-441.2394688
7800,-1415,11350,13578,14095,14293,9817,0.81,0.95,12165.9,0.851178899,-411.7889876
7800,-1425,11316,13564,14114,14279,9814,0.8,0.95,12147.7,0.850738847,-507.3884726
7800,-1408,11365,13538,14149,14259,9815,0.8,0.95,12115.7,0.849687916,-496.879164
7800,-1415,11350,13555,14122,14275,9813,0.8,0.95,12137.5,0.850262697,-502.6269702
7800,-1414,11326,13485,14085,14189,9811,0.8,0.95,12041.7,0.848664458,-486.6445838
7800,-1438,11317,13547,14065,14266,9809,0.8,0.95,12126.8,0.850049068,-500.4906771
7800,-1426,11186,13432,14005,14133,9808,0.8,0.95,11971.9,0.847088375,-470.8837473
7800,-1437,11364,13293,14087,13986,9808,0.81,0.95,11788.8,0.842900043,-329.000429
7800,-1406,11233,13489,13934,14200,9804,0.81,0.95,12049,0.848521127,-385.2112676
7800,-1430,11289,13585,14103,14314,9801,0.8,0.95,12179.2,0.850859299,-508.5929859
7800,-1413,11295,13596,14063,14325,9798,0.8,0.95,12193.5,0.851204188,-512.0418848
7800,-1419,11401,13338,14124,14034,9797,0.81,0.95,11848.2,0.844249679,-342.4967935
7800,-1425,11308,13616,14083,14347,9800,0.8,0.95,12220.1,0.85175298,-517.5297972
7800,-1412,11295,13553,14098,14281,9804,0.8,0.95,12137.3,0.849891464,-498.9146418
7800,-1426,11385,13518,14131,14236,9808,0.81,0.95,12088.8,0.849171115,-391.7111548
7800,-1439,11359,13573,14127,14297,9810,0.8,0.95,12162.1,0.850674967,-506.7496678
7800,-1421,11361,13599,14109,14328,9810,0.81,0.95,12197.4,0.851298157,-412.9815745
7800,-1410,11393,13389,14120,14105,9807,0.81,0.95,11920.5,0.845125842,-351.258419
7800,-1453,11320,13582,14122,14309,9805,0.8,0.95,12174.7,0.850842127,-508.4212733
7800,-1422,11364,13532,14095,14256,9804,0.81,0.95,12108.8,0.849382716,-393.8271605
7800,-1425,11394,13462,14162,14157,9804,0.8,0.95,12009.1,0.848280003,-482.8000283
7800,-1407,11359,13576,14124,14301,9807,0.8,0.95,12166.3,0.850730718,-507.3071813
7800,-1418,11319,13598,14089,14327,9810,0.8,0.95,12196.1,0.851266839,-512.6683884
7800,-1417,11423,13548,14170,14270,9814,0.81,0.95,12129,0.849964961,-399.6496146
7800,-1419,11349,13318,14068,14011,9816,0.81,0.95,11821.3,0.843715652,-337.1565199
7800,-1442,11337,13517,14103,14232,9816,0.8,0.95,12086.6,0.8492552,-492.5519955
7800,-1435,11162,13490,13979,14188,9815,0.8,0.95,12046.4,0.84905554,-490.5553989
7800,-1412,11446,13555,14179,14276,9814,0.81,0.95,12137.8,0.850224152,-402.2415242
7800,-1427,11330,13546,14118,14255,9813,0.8,0.95,12122.5,0.850403367,-504.0336724
7800,-1425,11288,13590,14069,14315,9813,0.8,0.95,12184.5,0.851170101,-511.7010129
7800,-1418,11420,13526,14187,14248,9812,0.8,0.95,12100.4,0.849270073,-492.7007299
7800,-1418,11421,13433,14148,14145,9810,0.81,0.95,11976.5,0.846694945,-366.9494521
7800,-1405,11293,13503,14065,14220,9808,0.8,0.95,12069,0.848734177,-487.3417722
7800,-1452,11224,13257,14049,13938,9807,0.8,0.95,11738.4,0.842186827,-421.8682738
7800,-1406,11403,13517,14139,14227,9807,0.81,0.95,12085.1,0.849448232,-394.4823223
7800,-1457,11292,13606,14100,14322,9805,0.8,0.95,12202.6,0.852017875,-520.178746
7800,-1452,11221,13598,14058,14317,9803,0.8,0.95,12193.1,0.851651882,-516.5188238
7800,-1421,11281,13507,14013,14224,9802,0.81,0.95,12074.2,0.84886108,-388.6107987
7800,-1448,11198,13211,14019,13893,9802,0.8,0.95,11678.9,0.840631973,-406.3197294
7800,-1431,11297,13535,14067,14256,9802,0.8,0.95,12111.8,0.849593154,-495.9315376
7800,-1415,11262,13453,13981,14148,9800,0.81,0.95,11997.4,0.847992649,-379.9264914
7800,-1415,11358,13483,14089,14189,9799,0.81,0.95,12039.7,0.848523504,-385.2350412
7800,-1404,11345,13533,14108,14256,9798,0.8,0.95,12109.8,0.849452862,-494.5286195
7801,-1443,11322,13536,14118,14247,9798,0.8,0.95,12110.1,0.850010529,-500.1052853
7800,-1418,11339,13328,14045,14018,9803,0.81,0.95,11833.4,0.844157512,-341.5751177
7800,-1434,11252,13534,14018,14256,9810,0.8,0.95,12110.8,0.849523008,-495.2300786
7800,-1425,11157,13667,13983,14382,9817,0.8,0.95,12281.6,0.853956334,-539.5633431
7800,-1420,11397,13475,14121,14199,9818,0.81,0.95,12034.7,0.847573773,-375.737728
7800,-1427,11367,13377,14078,14079,9817,0.81,0.95,11900.7,0.845280205,-352.8020456
7800,-1421,11343,13539,14078,14262,9814,0.81,0.95,12117.6,0.849642406,-396.4240639
7800,-1432,11356,13507,14112,14220,9810,0.8,0.95,12073,0.849015471,-490.1547117
7800,-1428,11237,13211,14062,13898,9807,0.8,0.95,11680.4,0.840437473,-404.3747302
7800,-1408,11369,13337,14081,14040,9807,0.81,0.95,11849,0.843945869,-339.4586895
7800,-1425,11258,13555,14069,14270,9808,0.8,0.95,12136,0.850455501,-504.5550105
7800,-1439,11139,13573,13843,14293,9809,0.8,0.95,12160.9,0.850829077,-508.2907717
7800,-1414,11359,13617,14140,14338,9811,0.8,0.95,12218.4,0.852169061,-521.6906124
7800,-1450,11273,13501,14062,14207,9812,0.8,0.95,12063.1,0.849095516,-490.9551629
7800,-1428,11311,13398,14062,14103,9813,0.8,0.95,11928.9,0.84584131,-458.4131036
7800,-1413,11381,13552,14167,14280,9815,0.8,0.95,12136,0.849859944,-498.5994398
7800,-1424,11317,13518,14104,14245,9817,0.8,0.95,12091.5,0.848824149,-488.2414882
7800,-1424,11315,13549,14115,14265,9818,0.8,0.95,12128.5,0.85022783,-502.2783035
7800,-1421,11358,13350,14064,14046,9818,0.81,0.95,11863.8,0.844639043,-346.3904314
7800,-1421,11334,13592,14137,14317,9817,0.8,0.95,12187.1,0.8512328,-512.3280017
7800,-1420,11309,13537,14094,14256,9816,0.8,0.95,12113.8,0.849733446,-497.3344557
7800,-1426,11368,13271,14090,13963,9814,0.81,0.95,11759.9,0.842218721,-322.1872091
7800,-1433,11360,13478,14072,14187,9813,0.81,0.95,12034.1,0.848248396,-382.4839642
7801,-1429,11311,13625,14130,14351,9813,0.8,0.95,12230.3,0.852226326,-522.2632569
7800,-1452,11356,13557,14115,14280,9808,0.8,0.95,12141,0.850210084,-502.1008403
7800,-1443,11296,13530,14092,14253,9804,0.8,0.95,12105.9,0.84935803,-493.5802989
7800,-1444,11307,13588,14119,14311,9799,0.8,0.95,12181.3,0.851184404,-511.8440361
7800,-1436,11399,13565,14190,14290,9799,0.8,0.95,12152,0.850384885,-503.8488453
7800,-1438,11338,13615,14115,14339,9801,0.8,0.95,12216.7,0.851991073,-519.910733
7800,-1411,11364,13372,14083,14069,9805,0.81,0.95,11892.7,0.845312389,-353.1238894
7800,-1441,11332,13594,14137,14306,9809,0.8,0.95,12185.8,0.851796449,-517.9644904
7800,-1417,11218,13628,14029,14353,9812,0.8,0.95,12233.9,0.852358392,-523.5839197
7800,-1430,11285,13521,14080,14235,9812,0.8,0.95,12091.5,0.849420443,-494.2044257
7800,-1406,11323,13576,14057,14305,9812,0.81,0.95,12167.5,0.850576721,-405.7672143
7800,-1425,11335,13531,14117,14257,9812,0.8,0.95,12108.1,0.849274041,-492.7404082
7800,-1436,11400,13263,14124,13951,9811,0.81,0.95,11748.3,0.842111677,-321.1167658
7800,-1441,11223,13281,14050,13974,9811,0.8,0.95,11773.2,0.842507514,-425.0751395
7800,-1416,11368,13587,14150,14315,9811,0.8,0.95,12181.5,0.850960531,-509.6053091
7800,-1428,11291,13548,14038,14257,9809,0.8,0.95,12125.1,0.850466438,-504.6643754
7800,-1426,11315,13544,14071,14260,9807,0.8,0.95,12122,0.850070126,-500.7012623
7800,-1434,11281,13541,14039,14259,9805,0.8,0.95,12118.7,0.84989831,-498.9830984
7800,-1428,11292,13478,14039,14187,9805,0.8,0.95,12034.1,0.848248396,-482.4839642
7800,-1424,11313,13615,14117,14343,9807,0.8,0.95,12217.9,0.851837133,-518.371331
7800,-1432,11193,13642,14029,14360,9809,0.8,0.95,12250,0.853064067,-530.6406685
7800,-1424,11318,13560,14090,14275,9812,0.8,0.95,12142.5,0.85061296,-506.1295972
7800,-1417,11216,13562,13915,14282,9812,0.81,0.95,12146.6,0.850483126,-404.8312561
7800,-1417,11278,13557,14045,14270,9812,0.8,0.95,12138,0.850595655,-505.9565522
7800,-1416,11348,13576,14080,14305,9814,0.81,0.95,12167.5,0.850576721,-405.7672143
7800,-1413,11412,13545,14178,14271,9815,0.8,0.95,12126.3,0.849716208,-497.1620769
7800,-1428,11229,13263,14060,13949,9817,0.8,0.95,11747.7,0.842189404,-421.8940426
7800,-1430,11267,13567,14065,14283,9817,0.8,0.95,12151.9,0.850794651,-507.9465098
7800,-1438,11324,13563,14126,14283,9818,0.8,0.95,12147.9,0.850514598,-505.1459777
7800,-1428,11333,13588,14133,14309,9818,0.8,0.95,12180.7,0.851261444,-512.6144385
7800,-1421,11301,13442,14070,14143,9818,0.8,0.95,11984.9,0.847408612,-474.0861203
7800,-1428,11279,13104,14068,13789,9818,0.8,0.95,11540.7,0.836949743,-369.4974255
7800,-1420,11382,13382,14097,14077,9818,0.81,0.95,11905.1,0.845712865,-357.1286496
7800,-1432,11307,13402,14034,14105,9806,0.81,0.95,11933.5,0.846047501,-360.4750089
7800,-1413,11394,13501,14116,14201,9794,0.81,0.95,12061.3,0.849327512,-393.2751215
7800,-1425,11305,13595,14064,14312,9782,0.8,0.95,12188.6,0.851634992,-516.3499162
7801,-1418,11386,13356,14108,14048,9782,0.81,0.95,11870.4,0.84498861,-349.8861048
7800,-1410,11339,13589,14125,14314,9785,0.8,0.95,12183.2,0.851138745,-511.3874528
7800,-1439,11274,13296,14111,13983,9796,0.8,0.95,11790.9,0.843231066,-432.3106629
7800,-1454,11362,13547,14150,14258,9806,0.8,0.95,12124.4,0.850357694,-503.5769393
7800,-1418,11224,13624,14075,14354,9812,0.8,0.95,12230.2,0.852041243,-520.4124286
7800,-1420,11371,13517,14124,14236,9812,0.81,0.95,12087.8,0.849100871,-391.0087103
7800,-1430,11321,13291,14028,13973,9812,0.81,0.95,11782.9,0.843262005,-332.620053
7800,-1412,11386,13559,14102,14281,9812,0.81,0.95,12143.3,0.850311603,-403.1160283
7800,-1406,11357,13578,14127,14289,9812,0.8,0.95,12164.7,0.851333193,-513.3319337
7800,-1419,11386,13322,14108,14013,9812,0.81,0.95,11825.9,0.8439235,-339.2349961
7800,-1418,11335,13615,14147,14338,9811,0.8,0.95,12216.4,0.852029572,-520.2957177
7800,-1412,11349,13550,14093,14272,9808,0.81,0.95,12131.6,0.850028027,-400.2802691
7800,-1422,11376,13488,14130,14196,9805,0.81,0.95,12046.8,0.848605241,-386.0524091
7800,-1419,11337,13599,14078,14324,9803,0.81,0.95,12196.2,0.851452108,-414.5210835
7800,-1423,11287,13566,14067,14284,9803,0.8,0.95,12151.2,0.850686082,-506.8608233
7800,-1440,11265,13018,14086,13692,9803,0.8,0.95,11425.6,0.834472685,-344.7268478
7800,-1433,11330,13527,14061,14235,9804,0.81,0.95,12097.5,0.849841939,-398.4193888
7800,-1435,11331,13515,14085,14238,9805,0.8,0.95,12086.4,0.84888327,-488.8327012
7800,-1417,11352,13559,14108,14279,9805,0.8,0.95,12142.7,0.850388683,-503.8868268
7800,-1419,11416,13435,14141,14145,9805,0.81,0.95,11978.5,0.846836338,-368.3633793
7800,-1410,11317,13419,14016,14124,9809,0.81,0.95,11956.2,0.846516568,-365.1656754
7800,-1425,11425,13301,14155,13994,9812,0.81,0.95,11799.2,0.843161355,-331.6135487
7800,-1416,11370,13400,14083,14108,9815,0.81,0.95,11932.4,0.845789623,-357.8962291
7800,-1448,11295,13545,14061,14261,9814,0.8,0.95,12123.3,0.850101676,-501.016759
7800,-1410,11337,13703,14051,14431,9814,0.81,0.95,12332.3,0.854570023,-445.7002287
7800,-1435,11380,13415,14104,14136,9814,0.81,0.95,11955.8,0.845769666,-357.696661
7800,-1428,11392,13386,14113,14074,9814,0.81,0.95,11908.2,0.846113401,-361.134006
7800,-1414,11360,13563,14104,14285,9815,0.81,0.95,12148.5,0.850437522,-404.3752188
7800,-1407,11379,13491,14092,14202,9815,0.81,0.95,12051.6,0.848584706,-385.8470638
7800,-1434,11362,13351,14088,14044,9818,0.81,0.95,11864.2,0.84478781,-347.8780974
7800,-1424,11379,13483,14143,14188,9820,0.8,0.95,12039.4,0.848562165,-485.6216521
7800,-1417,11350,13534,14096,14243,9821,0.81,0.95,12106.9,0.850024573,-400.2457347
7800,-1412,11302,13502,14057,14220,9821,0.8,0.95,12068,0.848663854,-486.6385373
7800,-1427,11326,13564,14065,14283,9820,0.81,0.95,12148.9,0.850584611,-405.8461108
7800,-1443,11286,13396,14028,14082,9818,0.8,0.95,11920.6,0.846513279,-465.1327936
7800,-1440,11261,13262,14089,13965,9816,0.8,0.95,11751.5,0.841496599,-414.9659864
7800,-1423,11387,13350,14104,14042,9816,0.81,0.95,11862.6,0.844794189,-347.9418886
7800,-1423,11372,13497,14107,14205,9815,0.81,0.95,12058.5,0.848891235,-388.9123548
7800,-1428,11248,13646,14083,14367,9811,0.8,0.95,12256.1,0.853073015,-530.7301455
7800,-1428,11390,13520,14117,14243,9806,0.81,0.95,12092.9,0.849041634,-390.4163449
7800,-1420,11393,13356,14114,14045,9802,0.81,0.95,11869.5,0.84510502,-351.0501958
7800,-1434,11333,13504,14079,14202,9801,0.8,0.95,12064.6,0.84950007,-495.0007041
7800,-1418,11414,13539,14147,14257,9802,0.81,0.95,12116.1,0.849835169,-398.3516869
7800,-1432,11338,13588,14107,14314,9805,0.8,0.95,12182.2,0.851068884,-510.6888361
7800,-1436,11088,13469,13912,14170,9808,0.8,0.95,12020,0.848270995,-482.7099506
7800,-1418,11381,13459,14099,14170,9810,0.81,0.95,12010,0.847565279,-375.6527876
7800,-1422,11400,13372,14122,14062,9810,0.81,0.95,11890.6,0.845583843,-355.8384298
7800,-1420,11315,13526,14070,14241,9811,0.8,0.95,12098.3,0.84954006,-495.4006039
7800,-1412,11325,13527,14090,14247,9812,0.8,0.95,12101.1,0.849378817,-493.7881659
7800,-1433,11326,13586,14100,14308,9813,0.8,0.95,12178.4,0.85116019,-511.601901
7800,-1412,11331,13535,14082,14250,9813,0.8,0.95,12110,0.849824561,-498.245614
7800,-1422,11246,13579,14036,14301,9815,0.8,0.95,12169.3,0.850940494,-509.4049367
7800,-1425,11320,13575,14099,14300,9818,0.8,0.95,12165,0.850699301,-506.993007
7801,-1440,11298,13565,14071,14274,9821,0.8,0.95,12147.2,0.851001821,-510.0182149
7800,-1439,11204,13647,14045,14364,9823,0.8,0.95,12256.2,0.853258145,-532.5814536
7800,-1433,11339,13573,14091,14288,9823,0.8,0.95,12159.4,0.851021837,-510.2183651
7800,-1423,11285,13518,14023,14235,9821,0.8,0.95,12088.5,0.849209694,-492.0969442
7800,-1417,11376,13461,14098,14167,9818,0.81,0.95,12011.1,0.847822404,-378.2240418
7800,-1427,11371,13321,14089,14007,9815,0.81,0.95,11823.1,0.8440851,-340.8510031
7800,-1429,11340,13540,14077,14254,9815,0.81,0.95,12116.2,0.850021047,-400.2104672
7800,-1424,11361,13553,14096,14271,9814,0.81,0.95,12134.3,0.850276785,-402.7678509
7800,-1420,11299,13622,14084,14347,9811,0.8,0.95,12226.1,0.852171186,-521.7118561
7800,-1407,11340,13532,14086,14254,9809,0.81,0.95,12108.2,0.849459801,-394.5980076
7800,-1436,11347,13604,14120,14330,9807,0.8,0.95,12203,0.851570133,-515.7013259
7800,-1419,11367,13430,14099,14138,9807,0.81,0.95,11971.4,0.84675343,-367.5343047
7800,-1417,11181,13522,13857,14240,9810,0.81,0.95,12094,0.849297753,-392.9775281
7800,-1403,11321,13482,14074,14184,9813,0.8,0.95,12037.2,0.848646362,-486.463621
7800,-1427,11287,13559,14063,14283,9817,0.8,0.95,12143.9,0.850234545,-502.3454456
7800,-1411,11354,13545,14120,14263,9819,0.8,0.95,12123.9,0.850024539,-500.2453902
7800,-1414,11331,13533,14078,14253,9818,0.8,0.95,12108.9,0.849568512,-495.6851189
7800,-1414,11340,13545,14109,14260,9817,0.8,0.95,12123,0.850140252,-501.4025245
7800,-1418,11307,13612,14095,14342,9816,0.8,0.95,12214.6,0.851666434,-516.6643425
7800,-1421,11354,13513,14108,14223,9816,0.8,0.95,12079.9,0.849321521,-493.2152148
7800,-1431,11310,13535,14085,14248,9816,0.8,0.95,12109.4,0.849901741,-499.017406
7800,-1428,11273,13617,14053,14340,9818,0.8,0.95,12219,0.85209205,-520.9205021
7800,-1427,11329,13547,14093,14267,9822,0.8,0.95,12127.1,0.850010514,-500.1051377
7800,-1443,11168,13276,13983,13963,9826,0.8,0.95,11764.9,0.84257681,-425.7681014
7800,-1412,11388,13528,14112,14252,9828,0.81,0.95,12103.6,0.849256245,-392.5624474
7800,-1432,11367,13584,14140,14308,9827,0.8,0.95,12176.4,0.851020408,-510.2040816
7800,-1430,11226,13544,14029,14257,9822,0.8,0.95,12121.1,0.850185874,-501.8587361
7800,-1440,11370,13458,14124,14158,9817,0.81,0.95,12005.4,0.847958751,-379.5875124
7800,-1431,11264,13608,14073,14331,9812,0.8,0.95,12207.3,0.85181076,-518.1075989
7800,-1411,11361,13443,14083,14145,9812,0.81,0.95,11986.5,0.847401909,-374.019088
7800,-1434,11394,13328,14121,14015,9811,0.81,0.95,11832.5,0.844273992,-342.7399215
7800,-1416,11297,13553,14082,14263,9809,0.8,0.95,12131.9,0.850585431,-505.8543084
7800,-1425,11333,13542,14077,14260,9807,0.81,0.95,12120,0.849929874,-399.2987377
7800,-1424,11400,13354,14123,14047,9805,0.81,0.95,11868.1,0.844885029,-348.8502883
7800,-1426,11326,13597,14081,14319,9805,0.8,0.95,12192.7,0.851504993,-515.0499337
7801,-1427,11297,13575,14071,14302,9807,0.8,0.95,12165.6,0.850622291,-506.2229059
7800,-1432,11374,13408,14091,14113,9810,0.81,0.95,11941.9,0.846163112,-361.6311202
7800,-1416,11355,13601,14132,14326,9813,0.8,0.95,12198.8,0.851514728,-515.1472847
7800,-1414,11378,13507,14114,14208,9813,0.81,0.95,12069.4,0.849479167,-394.7916667
7800,-1451,11247,13568,14056,14298,9813,0.8,0.95,12157.4,0.850286753,-502.8675339
7800,-1442,11413,13464,14159,14177,9812,0.81,0.95,12017.1,0.847647598,-376.4759822
7800,-1438,11250,13664,14069,14389,9812,0.8,0.95,12280.7,0.853478352,-534.7835152
7800,-1421,11338,13540,14074,14257,9812,0.81,0.95,12117.1,0.84990531,-399.0530967
7800,-1427,11365,13440,14107,14133,9812,0.81,0.95,11979.9,0.847654426,-376.5442581
7800,-1439,11377,13416,14093,14119,9812,0.81,0.95,11951.7,0.846497627,-364.9762731
7800,-1413,11387,13579,14139,14296,9812,0.81,0.95,12167.8,0.851133184,-411.3318411
7800,-1438,11259,13651,14067,14370,9812,0.8,0.95,12262,0.853305498,-533.0549756
7800,-1438,11293,13559,14076,14279,9812,0.8,0.95,12142.7,0.850388683,-503.8868268
7800,-1413,11398,13474,14122,14181,9812,0.81,0.95,12028.3,0.848198293,-381.9829349
7800,-1426,11262,13638,14047,14371,9809,0.8,0.95,12249.3,0.852362396,-523.6239649
7800,-1426,11315,13520,14073,14232,9805,0.8,0.95,12089.6,0.849465992,-494.6599213
7800,-1416,11294,13568,14095,14287,9803,0.8,0.95,12154.1,0.850710436,-507.1043606
7800,-1442,11447,13233,14185,13914,9803,0.81,0.95,11707.2,0.841397154,-313.9715395
7800,-1415,11266,13618,14045,14337,9805,0.8,0.95,12219.1,0.852277324,-522.7732441
7800,-1419,11367,13550,14101,14267,9808,0.81,0.95,12130.1,0.850220789,-402.2078923
7800,-1416,11366,13454,14088,14153,9812,0.81,0.95,11999.9,0.84786971,-378.697096
7800,-1431,11348,13405,14069,14102,9813,0.81,0.95,11935.6,0.846376401,-363.7640051
7800,-1420,11259,13594,14044,14308,9812,0.8,0.95,12186.4,0.851719318,-517.1931786
7800,-1424,11335,13571,14100,14290,9810,0.8,0.95,12158,0.850804759,-508.0475857
7800,-1429,11355,13557,14147,14272,9808,0.8,0.95,12138.6,0.850518498,-505.1849776
7800,-1426,11294,13594,14085,14316,9807,0.8,0.95,12188.8,0.851411009,-514.1100866
7800,-1416,11344,13466,14073,14167,9807,0.81,0.95,12016.1,0.848175337,-381.7533705
7800,-1429,11222,13249,14043,13958,9808,0.8,0.95,11736.4,0.840836796,-408.367961
7801,-1416,11245,13449,13925,14146,9811,0.81,0.95,11992.8,0.84778736,-377.8736038
7800,-1431,11404,13360,14125,14055,9813,0.81,0.95,11876.5,0.845001779,-350.0177873
7800,-1410,11347,13541,14088,14253,9815,0.81,0.95,12116.9,0.850129797,-401.2979724
7800,-1428,11394,13257,14113,13941,9815,0.81,0.95,11739.3,0.842070153,-320.7015279
7800,-1419,11409,13454,14140,14151,9817,0.81,0.95,11999.3,0.847947142,-379.4714154
7800,-1429,11425,13507,14153,14219,9819,0.81,0.95,12072.7,0.849054083,-390.5408257
7800,-1430,11147,13271,13949,13974,9821,0.8,0.95,11763.2,0.841791899,-417.9189924
7800,-1425,11412,13454,14147,14157,9821,0.81,0.95,12001.1,0.847714911,-377.1491135
7800,-1435,11197,13490,14041,14192,9820,0.8,0.95,12047.6,0.848900789,-489.0078918
7800,-1432,11337,12859,14084,13520,9818,0.8,0.95,11215,0.829511834,-295.1183432
7800,-1413,11342,13561,14055,14276,9817,0.81,0.95,12143.8,0.850644438,-406.4443822
7800,-1426,11309,13439,14051,14139,9815,0.8,0.95,11980.7,0.847351298,-473.5129783
7800,-1432,11260,13504,14056,14215,9815,0.8,0.95,12068.5,0.848997538,-489.9753781
7800,-1456,11342,13556,14092,14278,9812,0.8,0.95,12139.4,0.850217117,-502.1711724
7800,-1418,11401,13416,14125,14115,9809,0.81,0.95,11950.5,0.846652497,-366.5249734
7800,-1422,11405,13487,14124,14205,9805,0.81,0.95,12048.5,0.848187258,-381.8725801
7800,-1403,11339,13598,14086,14327,9804,0.8,0.95,12196.1,0.851266839,-512.6683884
7800,-1428,11356,13382,14069,14074,9805,0.81,0.95,11904.2,0.845829189,-358.2918857
7800,-1410,11157,13637,13899,14360,9809,0.8,0.95,12245,0.852715877,-527.1587744
7800,-1411,11427,13524,14154,14239,9812,0.81,0.95,12095.7,0.849476789,-394.767891
7800,-1424,11305,13605,14092,14319,9815,0.8,0.95,12200.7,0.852063692,-520.636916
7800,-1421,11318,13381,14016,14082,9815,0.81,0.95,11905.6,0.84544809,-354.4808976
7800,-1421,11272,13453,14069,14155,9814,0.8,0.95,11999.5,0.847721653,-477.2165313
7800,-1414,11319,13588,14082,14320,9813,0.8,0.95,12184,0.850837989,-508.3798883
7800,-1417,11381,13281,14096,13970,9811,0.81,0.95,11772,0.842662849,-326.6284896
7800,-1422,11346,13555,14094,14271,9811,0.81,0.95,12136.3,0.850416929,-404.1692944
7800,-1406,11360,13544,14090,14267,9810,0.81,0.95,12124.1,0.849800238,-398.0023831
7800,-1445,11289,13632,14088,14347,9809,0.8,0.95,12236.1,0.852868195,-528.6819544
7800,-1430,11197,13662,14029,14399,9807,0.8,0.95,12281.7,0.852955066,-529.5506632
7800,-1414,11384,13506,14124,14214,9805,0.81,0.95,12070.2,0.849176868,-391.7686788
7800,-1428,11358,13456,14097,14162,9805,0.81,0.95,12004.6,0.847662759,-376.627595
7800,-1446,11381,13336,14104,14027,9807,0.81,0.95,11844.1,0.844378698,-343.7869822
7800,-1411,11402,13329,14133,14017,9810,0.81,0.95,11834.1,0.844267675,-342.6767497
7800,-1424,11321,13559,14098,14276,9813,0.8,0.95,12141.8,0.850504343,-505.0434295
7800,-1414,11365,13526,14129,14245,9814,0.8,0.95,12099.5,0.849385749,-493.8574939
7800,-1421,11327,13600,14125,14322,9814,0.8,0.95,12196.6,0.851598939,-515.989387
7800,-1413,11306,13550,14068,14275,9811,0.8,0.95,12132.5,0.849912434,-499.1243433
7800,-1458,11313,13578,14091,14299,9809,0.8,0.95,12167.7,0.850947619,-509.4761871
7800,-1417,11232,13574,14041,14293,9806,0.8,0.95,12161.9,0.850899041,-508.9904149
7800,-1426,11321,13553,14098,14273,9807,0.8,0.95,12134.9,0.850199678,-501.9967771
7800,-1443,11242,13267,14075,13952,9808,0.8,0.95,11752.6,0.842359518,-423.5951835
7800,-1418,11382,13479,14122,14205,9809,0.81,0.95,12040.5,0.847624076,-376.2407603
7800,-1412,11364,13524,14113,14238,9810,0.81,0.95,12095.4,0.849515381,-395.1538137
7800,-1424,11352,13369,14062,14061,9810,0.81,0.95,11887.3,0.845409288,-354.092881
7800,-1431,11314,13597,14105,14320,9810,0.8,0.95,12193,0.85146648,-514.6648045
7800,-1410,11376,13590,14125,14322,9820,0.81,0.95,12186.6,0.850900712,-409.0071219
7800,-1418,11352,13512,14064,14224,9829,0.81,0.95,12079.2,0.849212598,-392.1259843
7800,-1427,11286,13554,14060,14273,9839,0.8,0.95,12135.9,0.85026974,-502.6974007
7800,-1408,11341,13351,14082,14046,9839,0.81,0.95,11864.8,0.844710238,-347.1023779
7800,-1422,11404,13387,14130,14084,9838,0.81,0.95,11912.2,0.845796649,-357.9664868
7800,-1424,11354,13543,14119,14260,9836,0.8,0.95,12121,0.85,-500
7800,-1411,11348,13548,14077,14269,9834,0.81,0.95,12128.7,0.850003504,-400.035041
7800,-1412,11406,13412,14133,14115,9833,0.81,0.95,11946.5,0.846369111,-363.6911087
7800,-1418,11386,13441,14102,14145,9832,0.81,0.95,11984.5,0.847260516,-372.6051608
7800,-1408,11305,13519,14066,14238,9826,0.8,0.95,12090.4,0.849164208,-491.6420846
7800,-1417,11357,13536,14128,14253,9818,0.8,0.95,12111.9,0.849778994,-497.789939
7800,-1411,11272,13509,14031,14221,9811,0.8,0.95,12075.3,0.849117502,-491.1750229
7800,-1422,11292,13515,14041,14224,9810,0.8,0.95,12082.2,0.84942351,-494.2350956
7800,-1438,11245,13466,14019,14169,9810,0.8,0.95,12016.7,0.84809796,-480.9796034
7800,-1409,11362,13525,14080,14241,9808,0.81,0.95,12097.3,0.849469841,-394.698406
7800,-1434,11355,13558,14128,14268,9807,0.8,0.95,12138.4,0.850742921,-507.4292122
7800,-1427,11342,13553,14077,14280,9805,0.81,0.95,12137,0.849929972,-399.2997199
7800,-1414,11352,13531,14077,14243,9805,0.81,0.95,12103.9,0.849813944,-398.1394369
7800,-1426,11395,13348,14108,14044,9803,0.81,0.95,11861.2,0.844574195,-345.7419539
7800,-1410,11351,13535,14115,14251,9801,0.8,0.95,12110.3,0.84978598,-497.8597993
7800,-1435,11291,13589,14077,14305,9798,0.8,0.95,12180.5,0.851485495,-514.8549458
7800,-1443,11354,13326,14076,14018,9797,0.81,0.95,11831.4,0.844014838,-340.1483807
7800,-1418,11324,13628,14076,14346,9798,0.8,0.95,12231.8,0.85262791,-526.2791022
7800,-1426,11236,13632,14056,14361,9803,0.8,0.95,12240.3,0.852329225,-523.2922498
7800,-1431,11236,13131,14060,13809,9808,0.8,0.95,11573.7,0.838127308,-381.2730828
7800,-1414,11151,13615,13921,14338,9812,0.8,0.95,12216.4,0.852029572,-520.2957177
7800,-1456,11216,13264,14041,13947,9812,0.8,0.95,11748.1,0.842338854,-423.3885423
7800,-1423,11296,13623,14084,14342,9811,0.8,0.95,12225.6,0.852433412,-524.3341236
7800,-1414,11376,13473,14094,14185,9809,0.81,0.95,12028.5,0.847973211,-379.7321114
7800,-1408,11359,13421,14081,14125,9807,0.81,0.95,11958.5,0.846619469,-366.1946903
7800,-1442,11255,13632,14083,14355,9807,0.8,0.95,12238.5,0.852560084,-525.6008359
7800,-1418,11367,13350,14083,14046,9807,0.81,0.95,11863.8,0.844639043,-346.3904314
7800,-1422,11334,13490,14096,14197,9803,0.8,0.95,12049.1,0.848707473,-487.0747341
7800,-1431,11278,13577,14094,14297,9799,0.8,0.95,12166.1,0.850954746,-509.5474575
7800,-1456,11251,13065,14068,13744,9795,0.8,0.95,11488.2,0.835870198,-358.701979
7800,-1446,11322,13551,14078,14269,9795,0.8,0.95,12131.7,0.85021375,-502.1375009
7800,-1430,11425,13480,14143,14188,9797,0.81,0.95,12036.4,0.848350719,-383.5071892
7800,-1420,11348,13579,14110,14295,9799,0.8,0.95,12167.5,0.851171738,-511.7173837
7800,-1409,11337,13598,14123,14320,9802,0.8,0.95,12194,0.851536313,-515.3631285
7800,-1424,11401,13449,14118,14161,9802,0.81,0.95,11997.3,0.847207118,-372.0711814
7800,-1417,11290,13556,14048,14276,9802,0.8,0.95,12138.8,0.8502942,-502.9420006
7800,-1401,11323,13572,14083,14292,9798,0.8,0.95,12159.6,0.850797649,-507.9764903
7800,-1426,11393,13356,14113,14047,9793,0.81,0.95,11870.1,0.845027408,-350.2740799
7800,-1423,11357,13662,14082,14384,9789,0.81,0.95,12277.2,0.853531702,-435.3170189
7800,-1423,11368,13557,14117,14277,9789,0.81,0.95,12140.1,0.850325699,-403.2569868
7800,-1408,11197,13570,13927,14293,9791,0.8,0.95,12157.9,0.850619184,-506.1918422
7800,-1417,11414,13541,14154,14260,9798,0.81,0.95,12119,0.849859748,-398.5974755
7800,-1412,11263,13651,14039,14375,9805,0.8,0.95,12263.5,0.853113043,-531.1304348
7800,-1422,11316,13554,14080,14269,9809,0.8,0.95,12134.7,0.850423996,-504.2399608
7800,-1417,11335,13408,14043,14105,9810,0.81,0.95,11939.5,0.846472882,-364.7288196
7800,-1422,11313,13557,14103,14273,9810,0.8,0.95,12138.9,0.850479927,-504.7992714
7800,-1431,11343,13486,14113,14195,9810,0.8,0.95,12044.5,0.848502994,-485.0299401
7800,-1441,11321,13614,14131,14333,9810,0.8,0.95,12213.9,0.852152376,-521.5237564
7800,-1439,11251,13623,14052,14347,9810,0.8,0.95,12227.1,0.852240887,-522.408866
7800,-1452,11240,13094,14071,13771,9810,0.8,0.95,11525.3,0.836925423,-369.2542299
7800,-1424,11160,13594,13840,14317,9807,0.81,0.95,12189.1,0.851372494,-413.7249424
7800,-1422,11322,13512,14070,14235,9805,0.8,0.95,12082.5,0.848788198,-487.881981
7800,-1405,11357,13498,14067,14211,9802,0.81,0.95,12061.3,0.848729857,-387.2985715
7800,-1407,11398,13433,14121,14132,9802,0.81,0.95,11972.6,0.847197849,-371.9784885
7800,-1417,11367,13397,14087,14094,9808,0.81,0.95,11925.2,0.846118916,-361.1891585
7800,-1418,11395,13483,14147,14194,9814,0.81,0.95,12041.2,0.84833028,-383.302804
7800,-1423,11338,13607,14110,14329,9821,0.8,0.95,12205.7,0.851817991,-518.1799149
7800,-1460,11278,13565,14085,14283,9822,0.8,0.95,12149.9,0.850654624,-506.5462438
7800,-1420,11323,13713,14043,14437,9822,0.81,0.95,12344.1,0.855032209,-450.3220891
7800,-1437,11282,13001,14095,13680,9819,0.8,0.95,11405,0.83369883,-336.9883041
7800,-1440,11340,13481,14110,14196,9816,0.8,0.95,12039.8,0.848112144,-481.1214427
7800,-1423,11348,13561,14114,14282,9814,0.8,0.95,12145.6,0.850413107,-504.1310741
7800,-1424,11300,13562,14084,14282,9815,0.8,0.95,12146.6,0.850483126,-504.8312561
7800,-1438,11306,13472,14070,14177,9814,0.8,0.95,12025.1,0.848211893,-482.118925
7800,-1415,11410,13398,14138,14090,9813,0.81,0.95,11925,0.846344925,-363.4492548
7800,-1413,11399,13340,14124,14032,9811,0.81,0.95,11849.6,0.844469783,-344.6978335
7800,-1410,11402,13384,14123,14082,9810,0.81,0.95,11908.6,0.845661128,-356.6112768
7800,-1428,11336,13543,14061,14257,9810,0.81,0.95,12120.1,0.850115733,-401.1573262
7800,-1400,11345,13639,14064,14365,9816,0.81,0.95,12248.5,0.852662722,-426.6272189
7800,-1424,11430,13425,14161,14131,9822,0.81,0.95,11964.3,0.846670441,-366.7044087
7800,-1427,11378,13365,14099,14063,9828,0.81,0.95,11883.9,0.845047287,-350.4728721
7800,-1414,11350,13558,14123,14280,9828,0.8,0.95,12142,0.850280112,-502.8011204
7800,-1430,11350,13527,14139,14235,9826,0.8,0.95,12097.5,0.849841939,-498.4193888
7800,-1420,11338,13503,14094,14220,9823,0.8,0.95,12069,0.848734177,-487.3417722
7800,-1442,11256,13519,14066,14238,9819,0.8,0.95,12090.4,0.849164208,-491.6420846
7800,-1434,11377,13594,14137,14314,9817,0.8,0.95,12188.2,0.851488054,-514.8805365
7800,-1422,11326,13609,14142,14339,9817,0.8,0.95,12210.7,0.851572634,-515.7263407
7800,-1419,11365,13619,14094,14339,9814,0.81,0.95,12220.7,0.852270033,-422.7003278
7800,-1441,11259,13670,14097,14396,9812,0.8,0.95,12288.8,0.853626007,-536.2600722
7800,-1418,11366,13424,14088,14131,9809,0.81,0.95,11963.3,0.846599674,-365.9967447
7800,-1441,11308,13554,14106,14275,9810,0.8,0.95,12136.5,0.850192644,-501.9264448
7800,-1442,11282,13538,14078,14263,9810,0.8,0.95,12116.9,0.849533759,-495.3375868
7800,-1446,11340,13570,14113,14285,9809,0.8,0.95,12155.5,0.850927546,-509.2754638
7800,-1414,11284,13633,14042,14365,9809,0.8,0.95,12242.5,0.85224504,-522.4504003
7800,-1426,11410,13355,14135,14042,9808,0.81,0.95,11867.6,0.845150263,-351.502635
7800,-1418,11316,13454,14051,14159,9808,0.81,0.95,12001.7,0.847637545,-376.3754502
7800,-1425,11211,13623,14000,14355,9810,0.8,0.95,12229.5,0.851933124,-519.3312435
7800,-1424,11356,13476,14124,14175,9812,0.8,0.95,12028.5,0.848571429,-485.7142857
7800,-1415,11267,13604,14068,14324,9815,0.8,0.95,12201.2,0.851801173,-518.0117286
7800,-1420,11320,13548,14083,14263,9815,0.8,0.95,12126.9,0.850234873,-502.3487345
7800,-1427,11434,13420,14168,14125,9814,0.81,0.95,11957.5,0.846548673,-365.4867257
7800,-1432,11316,13527,14095,14252,9811,0.8,0.95,12102.6,0.849186079,-491.8607915
7800,-1424,11327,13556,14101,14277,9809,0.8,0.95,12139.1,0.850255656,-502.5565595
7800,-1434,11309,13514,14050,14229,9807,0.8,0.95,12082.7,0.849160166,-491.6016586
7800,-1404,11404,13491,14154,14206,9806,0.81,0.95,12052.8,0.848430241,-384.3024074
7800,-1418,11297,13569,14107,14282,9809,0.8,0.95,12153.6,0.850973253,-509.7325305
7800,-1399,11326,13490,14035,14203,9812,0.81,0.95,12050.9,0.848475674,-384.7567415
7800,-1424,11310,13607,14100,14327,9816,0.8,0.95,12205.1,0.851895023,-518.9502338
7800,-1432,11411,13476,14165,14172,9817,0.81,0.95,12027.6,0.848687553,-386.8755292
7800,-1438,11401,13379,14131,14073,9818,0.81,0.95,11900.9,0.8456548,-356.5479997
7800,-1436,11328,13470,14102,14186,9821,0.8,0.95,12025.8,0.847723107,-477.2310729
7800,-1422,11337,13578,14144,14300,9824,0.8,0.95,12168,0.850909091,-509.0909091
7800,-1402,11406,13492,14152,14203,9826,0.81,0.95,12052.9,0.848616489,-386.1648947
7800,-1419,11263,13577,14057,14304,9826,0.8,0.95,12168.2,0.850685123,-506.8512304
7800,-1415,11311,13585,14082,14303,9824,0.8,0.95,12175.9,0.851282948,-512.8294763
7800,-1417,11336,13596,14131,14326,9820,0.8,0.95,12193.8,0.851165713,-511.6571269
7800,-1418,11265,13568,14069,14291,9817,0.8,0.95,12155.3,0.850556294,-505.5629417
7800,-1420,11369,13506,14111,14228,9815,0.81,0.95,12074.4,0.848636491,-386.3649143
7800,-1412,11261,13617,14050,14337,9815,0.8,0.95,12218.1,0.852207575,-522.0757481
7800,-1411,11381,13534,14140,14258,9810,0.8,0.95,12111.4,0.849445925,-494.4592509
7800,-1431,11409,13314,14134,14000,9805,0.81,0.95,11814,0.843857143,-338.5714286
7800,-1434,11392,13313,14115,14007,9799,0.81,0.95,11815.1,0.843513957,-335.1395731
7800,-1421,11351,13401,14098,14093,9799,0.81,0.95,11928.9,0.846441496,-364.4149578
7800,-1423,11398,13460,14119,14167,9800,0.81,0.95,12010.1,0.847751818,-377.518176
7800,-1426,11327,13580,14080,14301,9803,0.8,0.95,12170.3,0.851010419,-510.1041885
7800,-1439,11275,13557,14095,14277,9807,0.8,0.95,12140.1,0.850325699,-503.2569868
7800,-1443,11395,13310,14116,13998,9809,0.81,0.95,11809.4,0.843649093,-336.4909273
7800,-1426,11355,13508,14086,14216,9810,0.81,0.95,12072.8,0.849240293,-392.4029263
7800,-1415,11380,13375,14097,14067,9814,0.81,0.95,11895.1,0.845603185,-356.0318476
7800,-1414,11400,13443,14162,14150,9817,0.8,0.95,11988,0.847208481,-472.0848057
7800,-1406,11236,13547,13927,14258,9821,0.81,0.95,12124.4,0.850357694,-403.5769393
7800,-1419,11303,13604,14086,14335,9821,0.8,0.95,12204.5,0.851377747,-513.7774677
7800,-1419,11324,13542,14122,14261,9818,0.8,0.95,12120.3,0.849891312,-498.9131197
7800,-1422,11347,13587,14124,14318,9810,0.8,0.95,12182.4,0.85084509,-508.450901
7800,-1413,11395,13545,14130,14258,9802,0.81,0.95,12122.4,0.850217422,-402.174218
7800,-1409,11295,13465,14030,14167,9797,0.81,0.95,12015.1,0.84810475,-381.0475048
7800,-1428,11320,13552,14068,14276,9797,0.8,0.95,12134.8,0.85001401,-500.1400953
7800,-1440,11425,13302,14154,13986,9801,0.81,0.95,11797.8,0.843543544,-335.4354354
7800,-1419,11234,13480,14022,14193,9807,0.8,0.95,12037.9,0.848157542,-481.5754245
7800,-1433,11251,13003,14078,13685,9813,0.8,0.95,11408.5,0.833649982,-336.4998173
7800,-1425,11285,13577,14050,14298,9814,0.8,0.95,12166.4,0.850916212,-509.1621206
7800,-1432,11386,13463,14136,14165,9813,0.81,0.95,12012.5,0.848040946,-380.4094599
7800,-1416,11306,13537,14074,14257,9808,0.8,0.95,12114.1,0.849694887,-496.9488672
7800,-1450,11291,13601,14086,14324,9803,0.8,0.95,12198.2,0.851591734,-515.9173415
7800,-1419,11322,13518,14076,14232,9799,0.8,0.95,12087.6,0.849325464,-493.2546374
7800,-1428,11320,13475,14077,14177,9799,0.8,0.95,12028.1,0.848423503,-484.2350286
7800,-1417,11332,13580,14100,14306,9799,0.8,0.95,12171.8,0.850817839,-508.1783867
7800,-1427,11311,13629,14101,14357,9799,0.8,0.95,12236.1,0.852274152,-522.7415198
7800,-1421,11178,13707,14019,14440,9798,0.8,0.95,12339,0.854501385,-545.0138504
7800,-1418,11363,13505,14140,14224,9798,0.8,0.95,12072.2,0.848720472,-487.2047244
7800,-1441,11272,13465,13990,14182,9800,0.81,0.95,12019.6,0.847525032,-375.2503173
7800,-1430,11285,13631,14078,14352,9811,0.8,0.95,12236.6,0.852605909,-526.0590858
7800,-1405,11349,13552,14102,14270,9822,0.8,0.95,12133,0.85024527,-502.452698
7800,-1412,11405,13487,14140,14201,9831,0.81,0.95,12047.3,0.848341666,-383.4166608
7800,-1433,11312,13467,14053,14174,9831,0.8,0.95,12019.2,0.847975166,-479.751658
7800,-1432,11326,13531,14085,14250,9827,0.8,0.95,12106,0.84954386,-495.4385965
7800,-1410,11347,13534,14084,14250,9822,0.81,0.95,12109,0.849754386,-397.5438596
7800,-1437,11316,13528,14090,14245,9817,0.8,0.95,12101.5,0.84952615,-495.2614953
7800,-1415,11294,13611,14042,14331,9815,0.8,0.95,12210.3,0.852020096,-520.2009629
7800,-1428,11189,13106,14013,13789,9814,0.8,0.95,11542.7,0.837094786,-370.947857
7800,-1422,11235,13600,13975,14320,9813,0.8,0.95,12196,0.851675978,-516.7597765
7800,-1419,11406,13540,14167,14257,9811,0.81,0.95,12117.1,0.84990531,-399.0530967
7800,-1427,11057,13586,13862,14301,9810,0.8,0.95,12176.3,0.85142997,-514.2996993
7800,-1423,11389,13470,14104,14178,9810,0.81,0.95,12023.4,0.848032163,-380.3216251
7800,-1416,11341,13481,14038,14191,9812,0.81,0.95,12038.3,0.848305264,-383.052639
7800,-1425,11287,13579,14071,14299,9816,0.8,0.95,12168.7,0.851017554,-510.1755368
7800,-1459,11407,13305,14131,13998,9821,0.81,0.95,11804.4,0.843291899,-332.9189884
7800,-1444,11332,13567,14091,14287,9823,0.8,0.95,12153.1,0.850640442,-506.4044236
7800,-1408,11338,13775,14049,14506,9823,0.81,0.95,12426.8,0.856666207,-466.6620709
7800,-1429,11237,13173,14073,13883,9824,0.8,0.95,11637.9,0.838284233,-382.8423251
7800,-1424,11381,13332,14104,14022,9825,0.81,0.95,11838.6,0.844287548,-342.8754814
7800,-1415,11351,13544,14134,14262,9826,0.8,0.95,12122.6,0.849992988,-499.9298836
7800,-1400,11346,13648,14120,14373,9825,0.8,0.95,12259.9,0.852981284,-529.8128435
7800,-1419,11347,13538,14106,14254,9822,0.8,0.95,12114.2,0.849880735,-498.8073523
7800,-1429,11403,13383,14143,14078,9814,0.81,0.95,11906.4,0.845745134,-357.4513425
7800,-1414,11229,13568,14034,14285,9806,0.8,0.95,12153.5,0.850787539,-507.8753938
7800,-1438,11286,13610,14072,14330,9801,0.8,0.95,12209,0.851988835,-519.8883461
7800,-1422,11404,13489,14128,14202,9801,0.81,0.95,12049.6,0.848443881,-384.4388114
7800,-1437,11184,13300,14026,13990,9801,0.8,0.95,11797,0.843245175,-432.4517513
7800,-1413,11393,13539,14122,14259,9800,0.81,0.95,12116.7,0.849758048,-397.5804755
7800,-1426,11157,13603,13881,14329,9799,0.8,0.95,12201.7,0.851538837,-515.3883732
7800,-1425,11391,13526,14148,14246,9799,0.81,0.95,12099.8,0.849347185,-393.4718517
7800,-1416,11381,13292,14106,13980,9801,0.81,0.95,11786,0.843061516,-330.6151645
7800,-1429,11309,13585,14070,14314,9806,0.8,0.95,12179.2,0.850859299,-508.5929859
7800,-1420,11333,13549,14123,14272,9812,0.8,0.95,12130.6,0.84995796,-499.5795964
7800,-1410,11414,13452,14133,14152,9816,0.81,0.95,11997.6,0.8477671,-377.6710006
7800,-1417,11383,13302,14107,13998,9816,0.81,0.95,11801.4,0.843077583,-330.7758251
7800,-1456,11319,13574,14083,14293,9814,0.8,0.95,12161.9,0.850899041,-508.9904149
7800,-1423,11335,13350,14063,14045,9812,0.81,0.95,11863.5,0.844677821,-346.7782129
7800,-1437,11356,13302,14071,14012,9809,0.81,0.95,11805.6,0.84253497,-325.3497003
7800,-1421,11339,13305,14046,13997,9807,0.81,0.95,11804.1,0.843330714,-333.3071372
7800,-1416,11394,13457,14134,14163,9808,0.81,0.95,12005.9,0.847694697,-376.9469745
7800,-1403,11334,13522,14111,14247,9813,0.8,0.95,12096.1,0.849027866,-490.2786552
7800,-1441,11325,13547,14102,14262,9818,0.8,0.95,12125.6,0.850203338,-502.0333754
7800,-1417,11389,13536,14135,14257,9822,0.81,0.95,12113.1,0.849624746,-396.2474574
7800,-1419,11439,13337,14172,14032,9822,0.81,0.95,11846.6,0.844255986,-342.5598632
7800,-1421,11349,13541,14110,14263,9823,0.8,0.95,12119.9,0.849744093,-497.4409311
7800,-1438,11320,13545,14052,14258,9826,0.81,0.95,12122.4,0.850217422,-402.174218
7800,-1416,11281,13734,13994,14466,9829,0.81,0.95,12373.8,0.855371215,-453.7121526
7800,-1413,11344,13489,14078,14209,9830,0.81,0.95,12051.7,0.848173693,-381.7369273
7800,-1430,11253,13575,14047,14299,9831,0.8,0.95,12164.7,0.850737814,-507.3781383
7800,-1445,11314,13534,14080,14258,9827,0.8,0.95,12111.4,0.849445925,-494.4592509
7800,-1431,11354,13554,14126,14278,9823,0.8,0.95,12137.4,0.850077042,-500.770416
7800,-1422,11381,13407,14104,14102,9819,0.81,0.95,11937.6,0.846518224,-365.1822437
7800,-1424,11341,13525,14121,14249,9818,0.8,0.95,12099.7,0.849161345,-491.6134466
7800,-1407,11390,13524,14121,14242,9818,0.81,0.95,12096.6,0.849361045,-393.610448
7800,-1423,11320,13532,14103,14259,9816,0.8,0.95,12109.7,0.84926713,-492.6712953
7800,-1421,11353,13587,14111,14313,9814,0.8,0.95,12180.9,0.851037518,-510.3751834
7800,-1407,11331,13359,14040,14056,9813,0.81,0.95,11875.8,0.844891861,-348.9186113
7800,-1426,11306,13532,14077,14252,9813,0.8,0.95,12107.6,0.849536907,-495.369071
7800,-1411,11351,13501,14086,14215,9816,0.81,0.95,12065.5,0.848786493,-387.8649314
7800,-1409,11349,13558,14139,14287,9820,0.8,0.95,12144.1,0.850010499,-500.1049906
7800,-1426,11364,13504,14137,14229,9824,0.8,0.95,12072.7,0.848457376,-484.5737578
7800,-1432,11271,13253,14102,13937,9825,0.8,0.95,11734.1,0.841938724,-419.3872426
7800,-1436,11295,13480,14071,14189,9824,0.8,0.95,12036.7,0.848312073,-483.1207273
7800,-1416,11313,13531,14101,14243,9823,0.8,0.95,12103.9,0.849813944,-498.1394369
7800,-1423,11290,13587,14104,14315,9822,0.8,0.95,12181.5,0.850960531,-509.6053091
7800,-1425,11331,13595,14112,14310,9822,0.8,0.95,12188,0.851712089,-517.1208945
7800,-1425,11248,13618,14062,14351,9823,0.8,0.95,12223.3,0.851738555,-517.385548
7800,-1427,11353,13502,14071,14226,9822,0.81,0.95,12069.8,0.848432448,-384.3244763
7800,-1398,11306,13539,14031,14252,9822,0.81,0.95,12114.6,0.850028066,-400.2806624
7800,-1418,11409,13518,14152,14234,9821,0.81,0.95,12088.2,0.849248279,-392.4827877
7800,-1431,11343,13597,14152,14320,9821,0.8,0.95,12193,0.85146648,-514.6648045
7800,-1413,11326,13539,14090,14258,9820,0.8,0.95,12116.4,0.849796605,-497.9660541
7800,-1406,11354,13547,14101,14272,9816,0.81,0.95,12128.6,0.849817825,-398.1782511
7800,-1435,11243,13279,14073,13963,9811,0.8,0.95,11767.9,0.842791664,-427.9166368
7800,-1417,11460,13362,14198,14059,9808,0.81,0.95,11879.7,0.844988975,-349.8897503
7800,-1432,11257,13560,14065,14283,9807,0.8,0.95,12144.9,0.850304558,-503.0455787
7800,-1461,11314,13605,14098,14329,9810,0.8,0.95,12203.7,0.851678414,-516.784144
7800,-1423,11387,13509,14144,14230,9814,0.81,0.95,12078,0.848770204,-387.7020379
7800,-1424,11385,13270,14101,13960,9818,0.81,0.95,11758,0.84226361,-322.6361032
7800,-1439,11321,13616,14089,14338,9819,0.8,0.95,12217.4,0.852099317,-520.993165
7800,-1421,11335,13536,14066,14253,9819,0.81,0.95,12111.9,0.849778994,-397.789939
7800,-1426,11341,13597,14136,14323,9817,0.8,0.95,12193.9,0.851350974,-513.5097396
7800,-1412,11285,13521,14077,14236,9816,0.8,0.95,12091.8,0.849381849,-493.8184883
7800,-1430,11240,13293,14065,13981,9814,0.8,0.95,11787.3,0.843094199,-430.9419927
7800,-1422,11401,13387,14119,14087,9815,0.81,0.95,11913.1,0.845680415,-356.8041457
7800,-1429,11386,13579,14158,14300,9814,0.8,0.95,12169,0.850979021,-509.7902098
7800,-1413,11407,13417,14152,14111,9813,0.81,0.95,11950.3,0.846878322,-368.7832188
7800,-1426,11284,13589,14078,14311,9811,0.8,0.95,12182.3,0.85125428,-512.5427992
7800,-1446,11383,13383,14097,14079,9810,0.81,0.95,11906.7,0.845706371,-357.0637119
7800,-1426,11310,13515,14058,14236,9810,0.8,0.95,12085.8,0.848960382,-489.6038213
7800,-1422,11292,13596,14062,14320,9808,0.8,0.95,12192,0.851396648,-513.9664804
7800,-1427,11344,13646,14107,14372,9805,0.8,0.95,12257.6,0.852880601,-528.8060117
7800,-1421,11400,13434,14144,14137,9802,0.81,0.95,11975.1,0.847075051,-370.7505128
7800,-1417,11309,13551,14076,14274,9802,0.8,0.95,12133.2,0.850021017,-500.2101723
7800,-1409,11321,13584,14096,14310,9803,0.8,0.95,12177,0.850943396,-509.4339623
7800,-1432,11297,13579,14109,14303,9804,0.8,0.95,12169.9,0.850863455,-508.6345522
7800,-1442,11334,13553,14106,14280,9806,0.8,0.95,12137,0.849929972,-499.2997199
7800,-1423,11287,13571,14065,14294,9807,0.8,0.95,12159.2,0.850650623,-506.5062264
7800,-1406,11205,13494,13882,14199,9806,0.81,0.95,12053.7,0.848911895,-389.118952
7800,-1438,11130,13540,13857,14261,9810,0.8,0.95,12118.3,0.849751069,-497.5106935
7800,-1393,11378,13540,14118,14265,9816,0.81,0.95,12119.5,0.849596916,-395.9691553
7800,-1437,11361,13530,14096,14255,9821,0.81,0.95,12106.5,0.849280954,-392.8095405
7800,-1423,11305,13495,14078,14198,9823,0.8,0.95,12054.4,0.849020989,-490.2098887
7800,-1411,11366,13395,14076,14093,9822,0.81,0.95,11922.9,0.846015753,-360.157525
7800,-1426,11325,13546,14110,14267,9820,0.8,0.95,12126.1,0.849940422,-499.4042195
7800,-1450,11413,13328,14136,14012,9817,0.81,0.95,11831.6,0.844390522,-343.9052241
7800,-1428,11238,13440,14013,14139,9816,0.8,0.95,11981.7,0.847422024,-474.2202419
7800,-1428,11264,13108,14097,13790,9816,0.8,0.95,11545,0.83720087,-372.008702
7800,-1403,11293,13512,14009,14228,9816,0.81,0.95,12080.4,0.849058195,-390.5819511
7800,-1422,11272,13515,14013,14228,9817,0.8,0.95,12083.4,0.849269047,-492.6904695
7800,-1413,11321,13508,14081,14220,9818,0.8,0.95,12074,0.849085795,-490.8579466
7800,-1418,11289,13535,14065,14253,9818,0.8,0.95,12110.9,0.849708833,-497.0883323
7800,-1422,11288,13596,14042,14315,9817,0.8,0.95,12190.5,0.851589242,-515.8924205
7800,-1426,11393,13535,14107,14249,9812,0.81,0.95,12109.7,0.849863148,-398.6314829
7800,-1427,11321,13620,14089,14347,9807,0.8,0.95,12224.1,0.852031784,-520.3178365
7800,-1424,11381,13361,14103,14055,9804,0.81,0.95,11877.5,0.845072928,-350.7292778
7800,-1432,11170,13579,14012,14288,9804,0.8,0.95,12165.4,0.851441769,-514.4176932
7800,-1419,11254,13143,14062,13836,9807,0.8,0.95,11593.8,0.837944493,-379.4449263
7800,-1452,11375,13482,14113,14198,9812,0.81,0.95,12041.4,0.848105367,-381.0536695
7800,-1449,11223,13307,14047,13996,9818,0.8,0.95,11805.8,0.843512432,-435.1243212
7800,-1421,11359,13526,14123,14247,9820,0.8,0.95,12100.1,0.849308626,-493.0862638
7800,-1437,11407,13465,14146,14170,9821,0.81,0.95,12016,0.847988709,-379.8870854
7800,-1406,11349,13470,14087,14181,9814,0.81,0.95,12024.3,0.847916226,-379.1622594
7800,-1428,11363,13357,14071,14050,9807,0.81,0.95,11872,0.844982206,-349.8220641
7800,-1424,11335,13529,14097,14250,9800,0.8,0.95,12104,0.849403509,-494.0350877
7800,-1434,11401,13415,14124,14115,9800,0.81,0.95,11949.5,0.846581651,-365.8165073
7800,-1448,11049,13404,13875,14107,9803,0.8,0.95,11936.1,0.846111859,-461.1185936
7800,-1412,11360,13403,14082,14106,9807,0.81,0.95,11934.8,0.846079682,-360.796824
7800,-1417,11215,13546,13914,14261,9811,0.81,0.95,12124.3,0.850171797,-401.7179721
7800,-1414,11328,13531,14054,14250,9813,0.81,0.95,12106,0.84954386,-395.4385965
7800,-1421,11321,13485,14053,14199,9812,0.81,0.95,12044.7,0.848278048,-382.7804775
7800,-1419,11313,13508,14056,14221,9812,0.8,0.95,12074.3,0.849047184,-490.4718374
7800,-1414,11334,13596,14093,14323,9812,0.8,0.95,12192.9,0.851281156,-512.8115618
7800,-1438,11359,13468,14068,14171,9812,0.81,0.95,12019.3,0.848161739,-381.6173876
7800,-1417,11292,13543,14099,14264,9812,0.8,0.95,12122.2,0.849845766,-498.4576556
7800,-1424,11370,13327,14094,14016,9812,0.81,0.95,11831.8,0.844163813,-341.6381279
7800,-1418,11285,13446,14086,14144,9814,0.8,0.95,11989.2,0.847652715,-476.5271493
7800,-1418,11405,13360,14141,14069,9816,0.81,0.95,11880.7,0.84445945,-344.5944985
7800,-1434,11422,13320,14156,14012,9817,0.81,0.95,11823.6,0.843819583,-338.1958321
7800,-1440,11336,13436,14093,14139,9818,0.8,0.95,11977.7,0.847139119,-471.3911875
7800,-1411,11368,13457,14110,14166,9813,0.81,0.95,12006.8,0.84757871,-375.7870959
7800,-1427,11257,13559,14041,14286,9806,0.8,0.95,12144.8,0.850118998,-501.1899762
7800,-1424,11294,13590,14078,14308,9799,0.8,0.95,12182.4,0.851439754,-514.3975398
7800,-1419,11276,13592,14076,14318,9798,0.8,0.95,12187.4,0.851194301,-511.9430088
7800,-1455,11310,13532,14064,14256,9799,0.8,0.95,12108.8,0.849382716,-493.8271605
7800,-1426,11371,13335,14093,14026,9807,0.81,0.95,11842.8,0.844346214,-343.4621417
7800,-1442,11397,13730,14131,14455,9814,0.81,0.95,12366.5,0.855517122,-455.171221
7800,-1448,11253,13242,14086,13923,9820,0.8,0.95,11718.9,0.841693601,-416.9360052
7800,-1430,11299,13539,14071,14260,9820,0.8,0.95,12117,0.849719495,-497.1949509
7800,-1424,11376,13538,14139,14256,9819,0.8,0.95,12114.8,0.849803591,-498.0359147
7800,-1408,11316,13513,14085,14230,9817,0.8,0.95,12082,0.8490513,-490.5130007
7800,-1442,11357,13555,14092,14277,9815,0.81,0.95,12138.1,0.850185613,-401.8561322
7800,-1428,11255,13622,14029,14337,9814,0.8,0.95,12223.1,0.852556323,-525.563228
7801,-1416,11384,13481,14131,14187,9815,0.81,0.95,12037.1,0.848459858,-384.5985762
7800,-1416,11396,13603,14138,14331,9817,0.81,0.95,12202.3,0.851461866,-414.6186589
7800,-1424,11383,13519,14124,14235,9820,0.81,0.95,12089.5,0.849279944,-392.799438
7800,-1439,11177,13650,13992,14381,9822,0.8,0.95,12264.3,0.852812739,-528.1273903
7800,-1414,11337,13556,14090,14272,9823,0.8,0.95,12137.6,0.85044843,-504.4843049
7800,-1426,11348,13276,14061,13961,9821,0.81,0.95,11764.3,0.842654538,-326.5453764
7800,-1426,11350,13550,14108,14272,9817,0.8,0.95,12131.6,0.850028027,-500.2802691
7800,-1417,11354,13502,14113,14214,9812,0.8,0.95,12066.2,0.848895455,-488.9545519
7800,-1422,11328,13516,14070,14224,9810,0.81,0.95,12083.2,0.849493813,-394.9381327
7800,-1415,11241,13636,14056,14365,9810,0.8,0.95,12245.5,0.852453881,-524.5388096
7800,-1417,11350,13515,14124,14224,9810,0.8,0.95,12082.2,0.84942351,-494.2350956
7800,-1414,11360,13509,14112,14230,9810,0.8,0.95,12078,0.848770204,-487.7020379
7800,-1429,11379,13604,14149,14329,9810,0.8,0.95,12202.7,0.851608626,-516.0862586
7800,-1428,11257,13647,14094,14369,9810,0.8,0.95,12257.7,0.853065627,-530.6562739
7800,-1414,11381,13471,14109,14184,9812,0.81,0.95,12026.2,0.84787084,-378.7084038
7800,-1419,11368,13401,14077,14098,9817,0.81,0.95,11930.4,0.846247695,-362.4769471
7800,-1411,11395,13527,14137,14255,9822,0.81,0.95,12103.5,0.849070502,-390.7050158
7800,-1415,11356,13524,14094,14243,9825,0.81,0.95,12096.9,0.849322474,-393.224742
7800,-1433,11344,13567,14110,14291,9825,0.8,0.95,12154.3,0.85048632,-504.8632006
7800,-1415,11287,13579,14095,14303,9821,0.8,0.95,12169.9,0.850863455,-508.6345522
7800,-1455,11373,13590,14142,14305,9818,0.8,0.95,12181.5,0.8515554,-515.5540021
7800,-1438,11265,13292,14095,13983,9814,0.8,0.95,11786.9,0.842945005,-429.4500465
7800,-1423,11330,13569,14104,14293,9815,0.8,0.95,12156.9,0.85054922,-505.492199
7800,-1435,11261,13424,14050,14123,9815,0.8,0.95,11960.9,0.846909297,-469.0929689
7800,-1412,11387,13431,14110,14127,9813,0.81,0.95,11969.1,0.847249947,-372.4994691
7800,-1425,11434,13402,14159,14109,9812,0.81,0.95,11934.7,0.845892693,-358.9269261
7800,-1421,11289,13630,14089,14356,9811,0.8,0.95,12236.8,0.852382279,-523.8227919
7800,-1416,11344,13566,14122,14287,9810,0.8,0.95,12152.1,0.850570449,-505.7044866
7800,-1426,11394,13559,14143,14277,9808,0.81,0.95,12142.1,0.850465784,-404.6578413
7800,-1410,11378,13433,14124,14135,9806,0.81,0.95,11973.5,0.847081712,-370.8171206
7800,-1444,11389,13318,14111,14012,9803,0.81,0.95,11821.6,0.843676848,-336.7684842
7800,-1417,11329,13434,14041,14137,9802,0.81,0.95,11975.1,0.847075051,-370.7505128
7800,-1426,11337,13600,14126,14322,9803,0.8,0.95,12196.6,0.851598939,-515.989387
7800,-1430,11215,13537,14023,14255,9808,0.8,0.95,12113.5,0.84977201,-497.7200982
7800,-1434,11341,13510,14090,14226,9813,0.8,0.95,12077.8,0.848994798,-489.9479826
7800,-1442,11236,13380,13915,14075,9817,0.81,0.95,11902.5,0.845648313,-356.4831261
7800,-1425,11335,13383,14058,14086,9817,0.81,0.95,11908.8,0.845435184,-354.3518387
7800,-1411,11379,13532,14121,14250,9812,0.81,0.95,12107,0.849614035,-396.1403509
7800,-1438,11385,13504,14146,14219,9806,0.8,0.95,12069.7,0.848843097,-488.4309726
7800,-1422,11278,13605,14103,14326,9800,0.8,0.95,12202.8,0.851793941,-517.9394109
7800,-1427,11252,13585,14033,14307,9799,0.8,0.95,12177.1,0.851128818,-511.2881806
7800,-1424,11417,13325,14151,14014,9800,0.81,0.95,11829.2,0.844098758,-340.9875838
7800,-1428,11398,13520,14138,14231,9798,0.81,0.95,12089.3,0.849504603,-395.0460263
7800,-1419,11284,13682,14097,14408,9796,0.8,0.95,12304.4,0.853997779,-539.9777901
7800,-1400,11403,13331,14133,14041,9795,0.81,0.95,11843.3,0.843479809,-334.7980913
7800,-1410,11360,13526,14085,14239,9795,0.81,0.95,12097.7,0.849617248,-396.172484
7800,-1426,11395,13257,14124,13968,9795,0.81,0.95,11747.4,0.841022337,-310.2233677
7800,-1406,11422,13507,14165,14226,9796,0.81,0.95,12074.8,0.848783917,-387.8391677
7800,-1412,11278,13550,14049,14271,9797,0.8,0.95,12131.3,0.850066569,-500.6656857
7800,-1428,11237,13549,14019,14274,9797,0.8,0.95,12131.2,0.849880902,-498.8090234
7800,-1426,11330,13474,14085,14178,9797,0.8,0.95,12027.4,0.84831429,-483.1428974
7800,-1415,11321,13568,14105,14291,9797,0.8,0.95,12155.3,0.850556294,-505.5629417
7800,-1448,11316,13559,14117,14278,9798,0.8,0.95,12142.4,0.850427231,-504.272307
7800,-1420,11185,13663,14015,14389,9799,0.8,0.95,12279.7,0.853408854,-534.0885399
7800,-1432,11232,13211,14067,13901,9798,0.8,0.95,11681.3,0.84032084,-403.2084023
7800,-1403,11123,13608,13823,14334,9801,0.8,0.95,12208.2,0.85169527,-516.9526999
7800,-1434,11285,13504,14053,14209,9807,0.8,0.95,12066.7,0.849229362,-492.2936167
7800,-1417,11361,13583,14150,14293,9813,0.8,0.95,12170.9,0.85152872,-515.2872035
7800,-1404,11390,13538,14111,14259,9817,0.81,0.95,12115.7,0.849687916,-396.879164
7800,-1427,11346,13544,14124,14260,9818,0.8,0.95,12122,0.850070126,-500.7012623
7800,-1427,11382,13571,14165,14288,9815,0.8,0.95,12157.4,0.850881859,-508.818589
7800,-1423,11315,13585,14084,14308,9812,0.8,0.95,12177.4,0.851090299,-510.9029913
7800,-1423,11389,13296,14118,13983,9808,0.81,0.95,11790.9,0.843231066,-332.3106629
7800,-1415,11320,13696,14032,14419,9808,0.81,0.95,12321.7,0.854546085,-445.4608503
7800,-1444,11225,12992,14039,13660,9810,0.8,0.95,11390,0.833821376,-338.2137628
7800,-1427,11308,13512,14062,14231,9814,0.8,0.95,12081.3,0.84894245,-489.4244958
7800,-1425,11296,13548,14120,14270,9818,0.8,0.95,12129,0.849964961,-499.6496146
7800,-1427,11263,13584,14050,14306,9820,0.8,0.95,12175.8,0.851097442,-510.9744163
7800,-1416,11347,13523,14086,14250,9820,0.81,0.95,12098,0.848982456,-389.8245614
7800,-1432,11271,13593,14073,14319,9819,0.8,0.95,12188.7,0.851225644,-512.2564425
7800,-1415,11299,13537,14036,14259,9818,0.81,0.95,12114.7,0.849617785,-396.1778526
7800,-1421,11349,13599,14131,14322,9817,0.8,0.95,12195.6,0.851529116,-515.2911605
7800,-1432,11354,13541,14106,14257,9817,0.8,0.95,12118.1,0.849975451,-499.7545066
7800,-1411,11138,13626,13814,14350,9816,0.81,0.95,12231,0.852334495,-423.3449477
7800,-1406,11374,13517,14144,14236,9814,0.8,0.95,12087.8,0.849100871,-491.0087103
7800,-1431,11260,13562,14056,14275,9811,0.8,0.95,12144.5,0.850753065,-507.530648
7800,-1443,11314,13576,14130,14305,9810,0.8,0.95,12167.5,0.850576721,-505.7672143
7800,-1408,11401,13537,14140,14262,9810,0.81,0.95,12115.6,0.849502174,-395.0217361
7800,-1423,11283,13614,14090,14340,9808,0.8,0.95,12216,0.851882845,-518.8284519
7800,-1410,11349,13550,14120,14273,9806,0.8,0.95,12131.9,0.849989491,-499.8949065
7800,-1408,11342,13551,14067,14279,9804,0.81,0.95,12134.7,0.849828419,-398.2841936
7800,-1402,11353,13572,14107,14302,9803,0.8,0.95,12162.6,0.85041253,-504.1252972
7800,-1435,11428,13426,14158,14126,9803,0.81,0.95,11963.8,0.84693473,-369.3473028
7800,-1447,11295,13609,14070,14326,9807,0.8,0.95,12206.8,0.852073154,-520.7315371
7800,-1416,11418,13435,14155,14145,9810,0.81,0.95,11978.5,0.846836338,-368.3633793
7800,-1434,11309,13465,14072,14186,9813,0.8,0.95,12020.8,0.847370647,-473.7064712
7800,-1417,11371,13551,14140,14276,9813,0.8,0.95,12133.8,0.849943962,-499.4396189
7800,-1442,11347,13589,14133,14314,9815,0.8,0.95,12183.2,0.851138745,-511.3874528
7800,-1414,11371,13425,14111,14127,9819,0.81,0.95,11963.1,0.846825228,-368.2522829
7800,-1422,11398,13498,14137,14211,9823,0.81,0.95,12061.3,0.848729857,-387.2985715
7800,-1422,11439,13349,14179,14042,9825,0.81,0.95,11861.6,0.844722974,-347.2297394
7800,-1420,11390,13526,14129,14245,9825,0.81,0.95,12099.5,0.849385749,-393.8574939
7800,-1453,11305,13621,14082,14344,9822,0.8,0.95,12224.2,0.852216955,-522.1695482
7800,-1422,11038,13604,13834,14330,9819,0.8,0.95,12203,0.851570133,-515.7013259
7800,-1417,11260,13582,14026,14308,9817,0.8,0.95,12174.4,0.850880626,-508.8062622
7800,-1440,11394,13521,14144,14240,9818,0.81,0.95,12093,0.849227528,-392.2752809
7800,-1432,11347,13577,14114,14309,9816,0.8,0.95,12169.7,0.850492697,-504.926969
7800,-1420,11374,13438,14097,14143,9811,0.81,0.95,11980.9,0.847125787,-371.2578661
7800,-1418,11361,13560,14120,14287,9806,0.8,0.95,12146.1,0.850150486,-501.5048646
7800,-1414,11243,13589,14047,14314,9803,0.8,0.95,12183.2,0.851138745,-511.3874528
7800,-1447,11298,13579,14080,14302,9803,0.8,0.95,12169.6,0.850901972,-509.0197175
7800,-1429,11398,13293,14126,13984,9810,0.81,0.95,11788.2,0.842977689,-329.7768879
7800,-1428,11359,13516,14121,14237,9818,0.8,0.95,12087.1,0.848992063,-489.9206293
7800,-1427,11250,13563,14075,14286,9826,0.8,0.95,12148.8,0.850398992,-503.9899202
7800,-1438,11352,13506,14117,14219,9825,0.8,0.95,12071.7,0.848983754,-489.8375413
7800,-1439,11337,13483,14097,14202,9823,0.8,0.95,12043.6,0.848021405,-480.2140544
7800,-1417,11338,13601,14103,14321,9816,0.8,0.95,12197.3,0.851707283,-517.0728301
7800,-1417,11306,13553,14065,14275,9810,0.8,0.95,12135.5,0.850122592,-501.2259194
7800,-1447,11259,13304,14095,13995,9806,0.8,0.95,11802.5,0.843336906,-433.3690604
7800,-1412,11328,13576,14096,14295,9806,0.8,0.95,12164.5,0.850961875,-509.6187478
7800,-1428,11341,13568,14109,14287,9809,0.8,0.95,12154.1,0.850710436,-507.1043606
7800,-1424,11347,13490,14087,14204,9813,0.81,0.95,12051.2,0.84843706,-384.3705998
7800,-1439,11331,13485,14136,14189,9816,0.8,0.95,12041.7,0.848664458,-486.6445838
7800,-1424,11176,13680,14002,14410,9817,0.8,0.95,12303,0.853782096,-537.8209577
7800,-1439,11301,13266,14146,13955,9817,0.8,0.95,11752.5,0.842171265,-421.7126478
7800,-1432,11406,13325,14132,14018,9814,0.81,0.95,11830.4,0.843943501,-339.4350121
7800,-1409,11327,13576,14123,14306,9811,0.8,0.95,12167.8,0.850538236,-505.3823571
7800,-1428,11423,13378,14148,14073,9808,0.81,0.95,11899.9,0.845583742,-355.8374192
7800,-1433,11328,13664,14102,14384,9808,0.8,0.95,12279.2,0.853670745,-536.7074527
7800,-1419,11327,13431,14077,14129,9809,0.8,0.95,11969.7,0.847172482,-471.7248213
7800,-1443,11226,13224,14052,13908,9811,0.8,0.95,11696.4,0.840983607,-409.8360656
7800,-1405,11315,13581,14070,14307,9812,0.8,0.95,12173.1,0.850849235,-508.4923464
7800,-1434,11310,13599,14077,14321,9812,0.8,0.95,12195.3,0.851567628,-515.6762796
7800,-1413,11248,13646,14070,14372,9813,0.8,0.95,12257.6,0.852880601,-528.8060117
7800,-1437,11412,13496,14144,14214,9815,0.81,0.95,12060.2,0.848473336,-384.7333615
7800,-1437,11289,13597,14112,14317,9818,0.8,0.95,12192.1,0.851582035,-515.8203534
7800,-1436,11403,13319,14133,14016,9820,0.81,0.95,11823.8,0.843593037,-335.9303653
7800,-1417,11413,13392,14136,14089,9820,0.81,0.95,11918.7,0.845957839,-359.5783945
7800,-1431,11351,13495,14109,14203,9819,0.8,0.95,12055.9,0.848827712,-488.2771246
7800,-1408,11393,13513,14120,14226,9818,0.81,0.95,12080.8,0.84920568,-392.0567974
7800,-1427,11304,13553,14066,14267,9817,0.8,0.95,12133.1,0.850431065,-504.3106469
7800,-1424,11383,13483,14128,14199,9818,0.81,0.95,12042.7,0.848137193,-381.3719276
7800,-1436,11290,13532,14089,14244,9818,0.8,0.95,12105.2,0.849845549,-498.45549
7800,-1411,11106,13624,13916,14346,9817,0.8,0.95,12227.8,0.852349087,-523.4908685
7800,-1431,11237,13192,14073,13878,9816,0.8,0.95,11655.4,0.83984724,-398.4724024
7800,-1424,11275,13546,14028,14264,9815,0.8,0.95,12125.2,0.850056085,-500.5608525
7800,-1415,11412,13386,14141,14080,9815,0.81,0.95,11910,0.845880682,-358.8068182
7800,-1429,11268,13580,14075,14301,9814,0.8,0.95,12170.3,0.851010419,-510.1041885
7800,-1439,11324,13565,14072,14287,9810,0.8,0.95,12151.1,0.850500455,-505.0045496
7800,-1413,11356,13356,14074,14043,9807,0.81,0.95,11868.9,0.845182653,-351.8265328
7800,-1431,11273,13557,14031,14278,9804,0.8,0.95,12140.4,0.850287155,-502.8715506
7800,-1406,11323,13422,14028,14128,9804,0.81,0.95,11960.4,0.846574179,-365.7417894
7800,-1429,11351,13569,14125,14298,9807,0.8,0.95,12158.4,0.850356693,-503.5669324
7800,-1423,11237,13624,14032,14351,9810,0.8,0.95,12229.3,0.852156644,-521.5664414
7800,-1449,11276,13110,14096,13808,9814,0.8,0.95,11552.4,0.836645423,-366.4542294
7800,-1444,11284,13546,14032,14270,9814,0.8,0.95,12127,0.849824807,-498.2480729
7800,-1408,11421,13506,14155,14235,9816,0.81,0.95,12076.5,0.848366702,-383.6670179
7800,-1405,11237,13630,14066,14358,9820,0.8,0.95,12237.4,0.852305335,-523.05335
7800,-1424,11350,13480,14115,14190,9825,0.8,0.95,12037,0.848273432,-482.7343199
7800,-1425,11284,13596,14073,14327,9828,0.8,0.95,12194.1,0.851127242,-511.2724227
7800,-1416,11370,13602,14122,14325,9828,0.81,0.95,12199.5,0.851623037,-416.2303665
7800,-1424,11284,13591,14095,14317,9828,0.8,0.95,12186.1,0.851162953,-511.6295313
7800,-1428,11268,13592,14031,14315,9827,0.8,0.95,12186.5,0.851309815,-513.0981488
7800,-1437,11219,13539,14044,14250,9826,0.8,0.95,12114,0.850105263,-501.0526316
7800,-1449,11233,13263,14071,13967,9826,0.8,0.95,11753.1,0.841490657,-414.9065655
7800,-1429,11190,13551,13903,14269,9826,0.8,0.95,12131.7,0.85021375,-502.1375009
7800,-1417,11317,13472,14062,14191,9827,0.8,0.95,12029.3,0.847671059,-476.7105912
7800,-1415,11368,13494,14092,14208,9828,0.81,0.95,12056.4,0.848564189,-385.6418919
7800,-1417,11354,13562,14107,14287,9828,0.8,0.95,12148.1,0.850290474,-502.9047386
7800,-1415,11316,13621,14046,14346,9828,0.81,0.95,12224.8,0.852139969,-421.3996933
7800,-1416,11290,13518,14046,14242,9825,0.8,0.95,12090.6,0.848939756,-489.3975565
7800,-1403,11373,13540,14112,14263,9819,0.81,0.95,12118.9,0.849673982,-396.7398163
7800,-1441,11315,13510,14053,14224,9814,0.81,0.95,12077.2,0.849071991,-390.71991
7800,-1414,11193,13612,14029,14340,9812,0.8,0.95,12214,0.851743375,-517.4337517
7800,-1428,11200,13216,14027,13922,9811,0.8,0.95,11692.6,0.839864962,-398.6496193
7800,-1424,11278,13437,13992,14128,9810,0.81,0.95,11975.4,0.8476359,-376.3590034
7800,-1417,11342,13533,14089,14256,9808,0.81,0.95,12109.8,0.849452862,-394.5286195
7800,-1408,11279,13625,14055,14352,9807,0.8,0.95,12230.6,0.852187848,-521.8784838
7800,-1441,11327,13302,14028,13993,9807,0.81,0.95,11799.9,0.843271636,-332.7163582
7800,-1425,11286,13533,14059,14251,9804,0.8,0.95,12108.3,0.849645639,-496.456389
7800,-1422,11217,13594,14032,14315,9797,0.8,0.95,12188.5,0.851449528,-514.4952847
7800,-1404,11307,13586,14040,14313,9790,0.81,0.95,12179.9,0.850967652,-409.6765179
7800,-1447,11315,13585,14117,14306,9787,0.8,0.95,12176.8,0.851167342,-511.6734237
7800,-1426,11240,13714,13967,14447,9787,0.8,0.95,12348.1,0.854717242,-547.1724233
7800,-1412,11415,13501,14141,14223,9795,0.81,0.95,12067.9,0.848477818,-384.7781762
7800,-1420,11323,13624,14084,14362,9802,0.8,0.95,12232.6,0.851733742,-517.3374182
7800,-1417,11374,13554,14132,14279,9810,0.8,0.95,12137.7,0.850038518,-500.385181
7800,-1404,11378,13556,14110,14276,9810,0.81,0.95,12138.8,0.8502942,-402.9420006
7800,-1437,11300,13586,14061,14307,9809,0.8,0.95,12178.1,0.851198714,-511.9871392
7800,-1416,11399,13555,14132,14277,9808,0.81,0.95,12138.1,0.850185613,-401.8561322
7800,-1426,11241,13622,14026,14342,9807,0.8,0.95,12224.6,0.852363687,-523.6368707
7800,-1421,11286,13635,14109,14359,9806,0.8,0.95,12242.7,0.852615085,-526.1508462
7800,-1425,11401,13437,14127,14139,9806,0.81,0.95,11978.7,0.847209845,-372.0984511
7800,-1422,11214,13666,14051,14396,9807,0.8,0.95,12284.8,0.853348152,-533.4815226
7800,-1420,11358,13488,14083,14202,9808,0.81,0.95,12048.6,0.848373469,-383.7346853
7800,-1433,11339,13254,14050,13946,9809,0.81,0.95,11737.8,0.841660691,-316.6069124
7800,-1415,11321,13521,14083,14253,9810,0.8,0.95,12096.9,0.848726584,-487.2658388
7800,-1409,11327,13480,14078,14188,9810,0.8,0.95,12036.4,0.848350719,-483.5071892
7800,-1429,11419,13598,14159,14322,9808,0.81,0.95,12194.6,0.851459293,-414.5929339
7800,-1413,11360,13618,14083,14338,9806,0.81,0.95,12219.4,0.852238806,-422.3880597
7800,-1414,11393,13448,14116,14153,9805,0.81,0.95,11993.9,0.847445771,-374.4577121
7800,-1411,11417,13524,14159,14251,9805,0.81,0.95,12099.3,0.849014104,-390.1410427
7800,-1434,11447,13515,14179,14236,9803,0.81,0.95,12085.8,0.848960382,-389.6038213
7800,-1441,11208,13592,14046,14316,9799,0.8,0.95,12186.8,0.851271305,-512.7130483
7800,-1424,11408,13416,14138,14122,9795,0.81,0.95,11952.6,0.846381532,-363.8153236
7800,-1429,11368,13339,14087,14032,9794,0.81,0.95,11848.6,0.844398518,-343.9851767
7800,-1417,11300,13635,14087,14362,9794,0.8,0.95,12243.6,0.852499652,-524.9965186
7800,-1412,11368,13528,14093,14241,9797,0.81,0.95,12100.3,0.8496805,-396.8049996
7800,-1415,11242,13566,14032,14291,9799,0.8,0.95,12153.3,0.850416346,-504.1634595
7800,-1435,11347,13615,14132,14338,9801,0.8,0.95,12216.4,0.852029572,-520.2957177
7800,-1405,11413,13497,14130,14216,9801,0.81,0.95,12061.8,0.848466517,-384.665166
7800,-1411,11376,13468,14107,14180,9802,0.81,0.95,12022,0.847813822,-378.1382228
7800,-1435,11347,13541,14078,14260,9804,0.81,0.95,12119,0.849859748,-398.5974755
7800,-1425,11372,13375,14088,14069,9806,0.81,0.95,11895.7,0.845525624,-355.2562371
7800,-1422,11355,13481,14096,14196,9808,0.81,0.95,12039.8,0.848112144,-381.1214427
7800,-1411,11302,13570,14049,14293,9808,0.8,0.95,12157.9,0.850619184,-506.1918422
7800,-1413,11342,13572,14103,14296,9812,0.8,0.95,12160.8,0.850643537,-506.4353665
7800,-1432,11379,13522,14159,14234,9817,0.8,0.95,12092.2,0.849529296,-495.2929605
7800,-1434,11348,13527,14116,14237,9821,0.8,0.95,12098.1,0.849764698,-497.6469762
7800,-1421,11342,13275,14057,13963,9821,0.81,0.95,11763.9,0.842505192,-325.0519229
7800,-1415,11356,13574,14090,14300,9815,0.81,0.95,12164,0.850629371,-406.2937063
7800,-1429,11344,13413,14112,14114,9805,0.8,0.95,11947.2,0.846478674,-464.7867366
7800,-1430,11333,13612,14111,14332,9796,0.8,0.95,12211.6,0.852051354,-520.5135361
7800,-1420,11356,13395,14069,14091,9792,0.81,0.95,11922.3,0.846093251,-360.9325101
7800,-1427,11366,13309,14094,14003,9791,0.81,0.95,11809.9,0.843383561,-333.8356067
7800,-1417,11323,13477,14037,14192,9796,0.81,0.95,12034.6,0.84798478,-379.8478016
7800,-1419,11340,13573,14065,14302,9802,0.81,0.95,12163.6,0.85048245,-404.8245001
7800,-1410,11382,13322,14107,14011,9807,0.81,0.95,11825.3,0.844001142,-340.0114196
7800,-1431,11423,13407,14147,14105,9806,0.81,0.95,11938.5,0.846401985,-364.0198511
7800,-1429,11421,13482,14173,14187,9807,0.81,0.95,12038.1,0.848530345,-385.3034468
7800,-1423,11302,13544,14095,14262,9809,0.8,0.95,12122.6,0.849992988,-499.9298836
7800,-1433,11244,13306,14068,13992,9811,0.8,0.95,11803.6,0.843596341,-435.9634077
7800,-1435,11201,13082,13998,13775,9812,0.8,0.95,11514.5,0.835898367,-358.9836661
7800,-1436,11386,13382,14110,14068,9813,0.81,0.95,11902.4,0.846061985,-360.6198465
7800,-1412,11373,13554,14127,14276,9812,0.81,0.95,12136.8,0.850154105,-401.5410479
7800,-1423,11363,13596,14133,14313,9812,0.8,0.95,12189.9,0.851666317,-516.6631733
7800,-1417,11276,13580,14041,14293,9811,0.8,0.95,12167.9,0.851318827,-513.188274
7800,-1409,11360,13509,14120,14219,9810,0.8,0.95,12074.7,0.849194739,-491.9473943
7800,-1413,11417,13498,14131,14211,9811,0.81,0.95,12061.3,0.848729857,-387.2985715
7800,-1401,11393,13452,14123,14158,9811,0.81,0.95,11999.4,0.847534963,-375.3496257
7800,-1413,11407,13480,14135,14188,9812,0.81,0.95,12036.4,0.848350719,-383.5071892
7800,-1407,11293,13634,14057,14363,9813,0.8,0.95,12242.9,0.852391562,-523.9156165
7800,-1437,11357,13578,14108,14300,9812,0.81,0.95,12168,0.850909091,-409.0909091
7800,-1409,11389,13548,14145,14263,9808,0.81,0.95,12126.9,0.850234873,-402.3487345
7800,-1439,11277,13266,14120,13955,9803,0.8,0.95,11752.5,0.842171265,-421.7126478
7800,-1421,11263,13563,14052,14284,9797,0.8,0.95,12148.2,0.850476057,-504.7605713
7800,-1432,11430,13295,14166,13985,9796,0.81,0.95,11790.5,0.843081873,-330.8187344
7800,-1412,11356,13492,14103,14211,9797,0.81,0.95,12055.3,0.848307649,-383.07649
7800,-1413,11349,13436,14077,14138,9801,0.81,0.95,11977.4,0.847177819,-371.7781864
7800,-1428,11237,13626,14054,14355,9806,0.8,0.95,12232.5,0.852142111,-521.4211076
7800,-1410,11362,13411,14069,14111,9810,0.81,0.95,11944.3,0.846453122,-364.5312168
7800,-1418,11288,13596,14098,14317,9810,0.8,0.95,12191.1,0.851512188,-515.1218831
7800,-1421,11361,13472,14083,14172,9813,0.81,0.95,12023.6,0.848405306,-384.0530624
7800,-1415,11182,13663,13988,14394,9819,0.8,0.95,12281.2,0.853216618,-532.1661804
7800,-1457,11334,13528,14095,14247,9824,0.8,0.95,12102.1,0.849449007,-494.4900681
7800,-1421,11215,13419,13878,14113,9826,0.81,0.95,11952.9,0.846942535,-369.4253525
7800,-1390,11326,13537,14075,14258,9826,0.8,0.95,12114.4,0.849656333,-496.5633329
7800,-1410,11385,13474,14133,14181,9822,0.81,0.95,12028.3,0.848198293,-381.9829349
7800,-1438,11347,13441,14062,14141,9817,0.81,0.95,11983.3,0.847415317,-374.1531716
7800,-1412,11375,13382,14096,14082,9813,0.81,0.95,11906.6,0.845519102,-355.191024
7800,-1453,11380,13303,14104,13994,9812,0.81,0.95,11801.2,0.843304273,-333.0427326
7800,-1415,11414,13547,14139,14273,9814,0.81,0.95,12128.9,0.849779304,-397.7930358
7800,-1423,11376,13547,14110,14264,9816,0.81,0.95,12126.2,0.850126192,-401.2619181
7800,-1435,11156,13585,13977,14303,9819,0.8,0.95,12175.9,0.851282948,-512.8294763
7800,-1437,11223,13331,14047,14034,9820,0.8,0.95,11841.2,0.843750891,-437.5089069
7800,-1410,11332,13570,14067,14285,9819,0.81,0.95,12155.5,0.850927546,-409.2754638
7800,-1426,11269,13527,14056,14245,9818,0.8,0.95,12100.5,0.849455949,-494.5594946
7800,-1419,11345,13569,14101,14282,9818,0.8,0.95,12153.6,0.850973253,-509.7325305
7800,-1412,11341,13501,14080,14223,9817,0.81,0.95,12067.9,0.848477818,-384.7781762
7800,-1403,11346,13530,14098,14247,9818,0.8,0.95,12104.1,0.849589387,-495.8938724
7800,-1413,11352,13456,14064,14170,9818,0.81,0.95,12007,0.847353564,-373.5356387
7800,-1426,11357,13329,14067,14024,9817,0.81,0.95,11836.2,0.843996007,-339.9600685
7800,-1435,11258,13568,14067,14288,9816,0.8,0.95,12154.4,0.850671892,-506.718925
7800,-1427,11354,13681,14068,14402,9816,0.81,0.95,12301.6,0.854159145,-441.5914456
7800,-1435,11219,13171,14071,13871,9816,0.8,0.95,11632.3,0.838605724,-386.0572417
7800,-1416,11369,13551,14102,14270,9818,0.81,0.95,12132,0.850175193,-401.7519271
7800,-1419,11335,13497,14086,14214,9820,0.8,0.95,12061.2,0.848543689,-485.4368932
7800,-1433,11399,13275,14124,13955,9822,0.81,0.95,11761.5,0.842816195,-328.1619491
7800,-1425,11413,13546,14142,14259,9822,0.81,0.95,12123.7,0.850248966,-402.4896557
7800,-1426,11413,13433,14146,14130,9821,0.81,0.95,11972,0.847275301,-372.7530078
7800,-1434,11339,13575,14109,14294,9818,0.8,0.95,12163.2,0.85093046,-509.3046033
7800,-1433,11270,13557,14015,14286,9814,0.8,0.95,12142.8,0.849979,-499.7900042
7800,-1423,11374,13487,14128,14195,9812,0.81,0.95,12045.5,0.848573441,-385.7344135
7800,-1397,11169,13717,13837,14447,9812,0.81,0.95,12351.1,0.854924898,-449.248979
7800,-1411,11380,13371,14107,14064,9814,0.81,0.95,11890.2,0.845435154,-354.3515358
7800,-1441,11353,13468,14089,14176,9816,0.81,0.95,12020.8,0.847968397,-379.6839729
7800,-1421,11376,13534,14143,14259,9819,0.8,0.95,12111.7,0.849407392,-494.0739182
7800,-1430,11265,13586,14065,14301,9820,0.8,0.95,12176.3,0.85142997,-514.2996993
7800,-1419,11341,13533,14091,14241,9820,0.8,0.95,12105.3,0.850031599,-500.315989
7800,-1406,11355,13585,14105,14303,9816,0.81,0.95,12175.9,0.851282948,-412.8294763
7800,-1418,11304,13551,14076,14268,9812,0.8,0.95,12131.4,0.850252313,-502.5231287
7800,-1412,11280,13531,14025,14255,9808,0.8,0.95,12107.5,0.849351105,-493.5110488
7800,-1441,11333,13532,14110,14233,9808,0.8,0.95,12101.9,0.850270498,-502.7049814
7800,-1411,11206,13650,14033,14376,9808,0.8,0.95,12262.8,0.853005008,-530.0500835
7800,-1418,11285,13535,14037,14251,9808,0.8,0.95,12110.3,0.84978598,-497.8597993
7800,-1436,11344,13471,14095,14179,9807,0.8,0.95,12024.7,0.848064038,-480.6403837
7800,-1430,11413,13366,14147,14060,9807,0.81,0.95,11884,0.845234708,-352.3470839
7800,-1430,11375,13466,14134,14168,9807,0.8,0.95,12016.4,0.848136646,-481.3664596
7800,-1413,11314,13578,14088,14302,9809,0.8,0.95,12168.6,0.850832051,-508.3205146
7800,-1450,11342,13607,14178,14332,9812,0.8,0.95,12206.6,0.851702484,-517.0248395
7800,-1437,11351,13585,14110,14299,9814,0.8,0.95,12174.7,0.851437163,-514.3716344
7800,-1406,11294,13592,14050,14319,9814,0.8,0.95,12187.7,0.851155807,-511.5580697
7800,-1420,11335,13610,14107,14325,9816,0.8,0.95,12207.5,0.852181501,-521.8150087
7800,-1407,11353,13457,14092,14156,9819,0.81,0.95,12003.8,0.847965527,-379.6552699
7800,-1418,11398,13537,14123,14260,9823,0.81,0.95,12115,0.849579243,-395.7924264
7800,-1404,11208,13531,13892,14241,9825,0.81,0.95,12103.3,0.849891159,-398.9115933
7800,-1417,11378,13561,14121,14280,9826,0.81,0.95,12145,0.850490196,-404.9019608
7800,-1419,11361,13261,14082,13948,9811,0.81,0.95,11745.4,0.842084887,-320.8488672
7800,-1417,11358,13538,14115,14264,9795,0.8,0.95,12117.2,0.849495233,-494.9523275
7800,-1412,11403,13502,14143,14214,9780,0.81,0.95,12066.2,0.848895455,-388.9545519
7800,-1444,11320,13572,14109,14291,9780,0.8,0.95,12159.3,0.850836191,-508.3619061
7800,-1401,11338,13575,14089,14298,9784,0.8,0.95,12164.4,0.850776332,-507.7633235
7800,-1423,11405,13413,14130,14115,9795,0.81,0.95,11947.5,0.846439957,-364.3995749
7800,-1430,11356,13420,14085,14115,9806,0.81,0.95,11954.5,0.846935884,-369.3588381
7800,-1426,11381,13377,14106,14087,9813,0.81,0.95,11903.1,0.84497054,-349.7054021
7800,-1432,11355,13480,14107,14189,9812,0.8,0.95,12036.7,0.848312073,-483.1207273
7800,-1445,11311,13515,14094,14240,9812,0.8,0.95,12087,0.84880618,-488.0617978
7800,-1415,11356,13531,14107,14254,9812,0.8,0.95,12107.2,0.849389645,-493.8964501
7800,-1442,11359,13491,14067,14198,9812,0.81,0.95,12050.4,0.848739259,-387.3925905
7800,-1433,11320,13580,14083,14306,9812,0.8,0.95,12171.8,0.850817839,-508.1783867
7800,-1417,11366,13296,14085,13988,9811,0.81,0.95,11792.4,0.843036889,-330.3688876
7800,-1421,11383,13510,14136,14226,9811,0.81,0.95,12077.8,0.848994798,-389.9479826
7800,-1425,11374,13517,14113,14231,9810,0.81,0.95,12086.3,0.849293795,-392.9379524
7800,-1412,11181,13734,13854,14462,9810,0.81,0.95,12372.6,0.855524824,-455.2482368
7800,-1401,11368,13503,14078,14222,9810,0.81,0.95,12069.6,0.84865701,-386.5701027
7800,-1421,11378,13434,14101,14141,9808,0.81,0.95,11976.3,0.846920303,-369.2030267
7800,-1417,11423,13522,14180,14233,9806,0.81,0.95,12091.9,0.849567906,-395.6790557
7800,-1410,11396,13565,14183,14287,9803,0.8,0.95,12151.1,0.850500455,-505.0045496
7800,-1415,11301,13525,14057,14235,9803,0.8,0.95,12095.5,0.84970144,-497.0144011
7800,-1433,11338,13548,14148,14267,9803,0.8,0.95,12128.1,0.850080606,-500.8060559
7800,-1414,11375,13358,14092,14051,9802,0.81,0.95,11873.3,0.84501459,-350.1458971
7800,-1416,11398,13419,14121,14118,9801,0.81,0.95,11954.4,0.846748831,-367.4883128
7800,-1424,11330,13575,14105,14297,9800,0.8,0.95,12164.1,0.850814856,-508.1485626
7800,-1436,11248,13633,14087,14363,9800,0.8,0.95,12241.9,0.852321938,-523.2193831
7800,-1420,11405,13334,14135,14028,9803,0.81,0.95,11842.4,0.84419732,-341.9731965
7800,-1436,11312,13529,14075,14252,9809,0.8,0.95,12104.6,0.84932641,-493.2641033
7800,-1418,11357,13580,14099,14296,9814,0.81,0.95,12168.8,0.851203134,-412.0313374
7800,-1429,11367,13508,14131,14224,9816,0.8,0.95,12075.2,0.848931384,-489.3138358
7800,-1425,11411,13533,14134,14255,9816,0.81,0.95,12109.5,0.849491407,-394.9140652
7800,-1414,11344,13489,14075,14207,9818,0.81,0.95,12051.1,0.848250862,-382.5086225
7800,-1443,11309,13571,14095,14286,9820,0.8,0.95,12156.8,0.850958981,-509.5898082
7800,-1441,11289,13290,14125,13985,9823,0.8,0.95,11785.5,0.842724348,-427.2434752
7800,-1437,11229,13609,14027,14327,9823,0.8,0.95,12207.1,0.85203462,-520.3461995
7800,-1431,11251,13704,14082,14433,9823,0.8,0.95,12333.9,0.854562461,-545.6246103
7800,-1420,11299,13575,14092,14301,9823,0.8,0.95,12165.3,0.850660793,-506.6079295
7800,-1440,11267,13499,14031,14217,9823,0.8,0.95,12064.1,0.848568615,-485.6861504
7800,-1446,11382,13426,14106,14134,9823,0.81,0.95,11966.2,0.846625159,-366.2515919
7801,-1434,11309,13535,14113,14254,9823,0.8,0.95,12111.2,0.849670268,-496.7026799
7800,-1438,11342,13505,14104,14212,9817,0.8,0.95,12068.6,0.849183788,-491.8378835
7800,-1405,11325,13534,14062,14262,9811,0.81,0.95,12112.6,0.849291824,-392.9182443
7800,-1422,11364,13322,14070,14014,9805,0.81,0.95,11826.2,0.843884687,-338.8468674
7800,-1425,11395,13419,14131,14123,9805,0.81,0.95,11955.9,0.846555264,-365.5526446
7800,-1452,11335,13580,14106,14299,9803,0.8,0.95,12169.7,0.851087489,-510.8748864
7800,-1429,11289,13627,14075,14348,9801,0.8,0.95,12231.4,0.852481182,-524.8118205
7800,-1439,11314,13097,14118,13806,9798,0.8,0.95,11538.8,0.835781544,-357.8154426
7800,-1451,11135,13592,13890,14312,9796,0.8,0.95,12185.6,0.851425377,-514.2537731
7800,-1422,11363,13552,14144,14278,9796,0.8,0.95,12135.4,0.849936966,-499.3696596
7800,-1400,11382,13522,14107,14235,9799,0.81,0.95,12092.5,0.849490692,-394.9069196
7800,-1411,11276,13611,14029,14325,9802,0.8,0.95,12208.5,0.852251309,-522.513089
7800,-1417,11377,13379,14102,14078,9806,0.81,0.95,11902.4,0.845461003,-354.6100298
7800,-1460,11306,13529,14108,14252,9807,0.8,0.95,12104.6,0.84932641,-493.2641033
7800,-1419,11396,13490,14143,14203,9807,0.81,0.95,12050.9,0.848475674,-384.7567415
7800,-1430,11275,13454,14026,14154,9803,0.8,0.95,12000.2,0.847831002,-478.3100184
7800,-1448,11297,13602,14112,14314,9798,0.8,0.95,12196.2,0.852046947,-520.4694704
7800,-1454,11221,13218,14054,13905,9795,0.8,0.95,11689.5,0.840668824,-406.6882416
7800,-1426,11237,13528,14030,14241,9795,0.8,0.95,12100.3,0.8496805,-496.8049996
7800,-1425,11366,13588,14138,14314,9798,0.8,0.95,12182.2,0.851068884,-510.6888361
7800,-1413,11324,13559,14099,14271,9803,0.8,0.95,12140.3,0.850697218,-506.9721813
7800,-1446,11293,13545,14113,14267,9808,0.8,0.95,12125.1,0.84987033,-498.7033013
7800,-1422,11353,13537,14109,14264,9810,0.8,0.95,12116.2,0.849425126,-494.2512619
7800,-1424,11279,13551,14068,14266,9810,0.8,0.95,12130.8,0.850329455,-503.2945465
7800,-1426,11303,13550,14078,14271,9811,0.8,0.95,12131.3,0.850066569,-500.6656857
7800,-1422,11346,13436,14077,14133,9811,0.81,0.95,11975.9,0.8473714,-373.7140027
7800,-1410,11340,13588,14065,14300,9812,0.81,0.95,12178,0.851608392,-416.0839161
7800,-1425,11373,12903,14137,13588,9812,0.8,0.95,11279.4,0.830100088,-301.0008831
7800,-1430,11361,13540,14120,14260,9809,0.8,0.95,12118,0.849789621,-497.8962132
7800,-1403,11378,13586,14110,14311,9805,0.81,0.95,12179.3,0.851044651,-410.4465097
7800,-1416,11326,13539,14133,14262,9801,0.8,0.95,12117.6,0.849642406,-496.4240639
7800,-1428,11309,13592,14079,14307,9800,0.8,0.95,12184.1,0.851618089,-516.1808905
7800,-1417,11367,13514,14131,14237,9800,0.8,0.95,12085.1,0.848851584,-488.515839
7800,-1432,11204,13312,14019,13990,9805,0.8,0.95,11809,0.844102931,-441.0293066
7800,-1431,11369,13505,14124,14225,9811,0.8,0.95,12072.5,0.848681898,-486.8189807
7800,-1420,11390,13348,14117,14041,9816,0.81,0.95,11860.3,0.844690549,-346.9054911
7800,-1416,11053,13763,13706,14490,9816,0.81,0.95,12410,0.856452726,-464.5272602
7800,-1402,11339,13479,14041,14194,9814,0.81,0.95,12037.2,0.848048471,-380.4847119
7800,-1445,11249,13245,14090,13930,9810,0.8,0.95,11724,0.841636755,-416.367552
7800,-1414,11323,13503,14088,14220,9807,0.8,0.95,12069,0.848734177,-487.3417722
7800,-1410,11329,13607,14122,14335,9804,0.8,0.95,12207.5,0.851587025,-515.8702476
7800,-1415,11250,13621,14047,14347,9804,0.8,0.95,12225.1,0.852101485,-521.0148463
7800,-1427,11372,13444,14109,14142,9806,0.81,0.95,11986.6,0.847588743,-375.8874275
7800,-1423,11269,13540,14070,14262,9807,0.8,0.95,12118.6,0.849712523,-497.1252279
7800,-1433,11335,13505,14047,14220,9809,0.81,0.95,12071,0.848874824,-388.7482419
7800,-1433,11364,13572,14118,14288,9809,0.8,0.95,12158.4,0.850951848,-509.518477
7800,-1435,11277,13660,14078,14394,9811,0.8,0.95,12278.2,0.853008198,-530.0819786
7800,-1409,11363,13548,14103,14272,9815,0.81,0.95,12129.6,0.849887892,-398.8789238
7800,-1418,11333,13549,14075,14269,9820,0.81,0.95,12129.7,0.850073586,-400.735861
7800,-1422,11383,13370,14109,14071,9823,0.81,0.95,11891.3,0.845092744,-350.9274394
7800,-1420,11364,13469,14110,14170,9823,0.81,0.95,12020,0.848270995,-382.7099506
7800,-1421,11343,13269,14056,13954,9818,0.81,0.95,11755.2,0.842425111,-324.2511108
7800,-1415,11379,13611,14132,14335,9811,0.81,0.95,12211.5,0.851866062,-418.6606209
7800,-1438,11383,13283,14110,13976,9804,0.81,0.95,11775.8,0.842572982,-325.7298226
7800,-1399,11405,13533,14131,14258,9803,0.81,0.95,12110.4,0.849375789,-393.7578903
7800,-1399,11336,13521,14054,14240,9804,0.81,0.95,12093,0.849227528,-392.2752809
7800,-1414,11391,13542,14133,14264,9809,0.81,0.95,12121.2,0.849775659,-397.75659
7800,-1407,11374,13556,14101,14277,9814,0.81,0.95,12139.1,0.850255656,-402.5565595
7800,-1438,11163,13515,13908,14235,9818,0.8,0.95,12085.5,0.848998946,-489.9894626
7800,-1435,11349,13554,14103,14282,9817,0.8,0.95,12138.6,0.84992298,-499.2297997
7800,-1421,11372,13484,14119,14190,9814,0.81,0.95,12041,0.848555321,-385.5532065
7800,-1443,11250,13639,14059,14367,9810,0.8,0.95,12249.1,0.852585787,-525.8578687
7800,-1435,11369,13574,14138,14300,9805,0.8,0.95,12164,0.850629371,-506.2937063
7800,-1440,11305,13597,14093,14316,9804,0.8,0.95,12191.8,0.851620564,-516.205644
7800,-1410,11318,13591,14120,14320,9805,0.8,0.95,12187,0.851047486,-510.4748603
7800,-1414,11388,13399,14125,14094,9813,0.81,0.95,11927.2,0.84626082,-362.6082021
7800,-1430,11231,13602,14037,14330,9821,0.8,0.95,12201,0.851430565,-514.3056525
7800,-1457,11261,13179,14106,13878,9828,0.8,0.95,11642.4,0.838910506,-389.1050584
7800,-1431,11328,13565,14094,14287,9828,0.8,0.95,12151.1,0.850500455,-505.0045496
7800,-1416,11326,13548,14084,14263,9826,0.8,0.95,12126.9,0.850234873,-502.3487345
7800,-1415,11339,13547,14139,14264,9822,0.8,0.95,12126.2,0.850126192,-501.2619181
7800,-1435,11386,13337,14114,14032,9817,0.81,0.95,11846.6,0.844255986,-342.5598632
7800,-1421,11225,13641,14046,14373,9815,0.8,0.95,12252.9,0.85249426,-524.9426007
7800,-1429,11292,13588,14112,14309,9815,0.8,0.95,12180.7,0.851261444,-512.6144385
7800,-1431,11372,13587,14134,14311,9814,0.8,0.95,12180.3,0.851114527,-511.1452729
7800,-1453,11282,13595,14090,14324,9813,0.8,0.95,12192.2,0.851172857,-511.7285674
7800,-1427,11369,13395,14109,14091,9812,0.81,0.95,11922.3,0.846093251,-360.9325101
7800,-1427,11377,13266,14108,13958,9812,0.81,0.95,11753.4,0.842054736,-320.5473564
7800,-1429,11296,13524,14044,14248,9810,0.8,0.95,12098.4,0.849129702,-491.2970241
7800,-1417,11334,13577,14076,14299,9806,0.81,0.95,12166.7,0.850877684,-408.7768375
7800,-1435,11269,13521,14023,14246,9801,0.8,0.95,12094.8,0.848996209,-489.9620946
7800,-1428,11397,13625,14227,14355,9798,0.8,0.95,12231.5,0.852072449,-520.7244862
7800,-1440,11328,13605,14100,14333,9798,0.8,0.95,12204.9,0.851524454,-515.2445406
7800,-1414,11373,13460,14120,14167,9805,0.81,0.95,12010.1,0.847751818,-377.518176
7800,-1418,11336,13571,14075,14290,9813,0.81,0.95,12158,0.850804759,-408.0475857
7800,-1434,11354,13527,14105,14243,9821,0.8,0.95,12099.9,0.849533104,-495.3310398
7800,-1404,11287,13582,14034,14305,9823,0.8,0.95,12173.5,0.850996155,-509.9615519
7800,-1425,11336,13575,14117,14305,9822,0.8,0.95,12166.5,0.850506816,-505.068158
7800,-1440,11292,13546,14086,14268,9820,0.8,0.95,12126.4,0.849901878,-499.0187833
7800,-1440,11366,13303,14080,13995,9817,0.81,0.95,11801.5,0.843265452,-332.6545195
7801,-1415,11382,13339,14108,14023,9816,0.81,0.95,11845.9,0.844747914,-347.4791414
7800,-1425,11315,13554,14090,14271,9816,0.8,0.95,12135.3,0.850346857,-503.4685726
7800,-1403,11341,13486,14079,14201,9816,0.81,0.95,12046.3,0.848271249,-382.712485
7800,-1415,11310,13529,14085,14253,9817,0.8,0.95,12104.9,0.849287869,-492.8786922
7800,-1417,11309,13590,14120,14321,9818,0.8,0.95,12186.3,0.85093918,-509.3918022
7800,-1424,11299,13487,14063,14193,9818,0.8,0.95,12044.9,0.848650743,-486.5074332
7800,-1436,11182,13602,14021,14325,9815,0.8,0.95,12199.5,0.851623037,-516.2303665
7800,-1418,11298,13495,14028,14217,9806,0.81,0.95,12060.1,0.848287262,-382.8726173
7800,-1426,11273,13522,13958,14241,9796,0.81,0.95,12094.3,0.849259181,-392.5918124
7800,-1423,11403,13434,14130,14139,9788,0.81,0.95,11975.7,0.846997666,-369.9766603
7800,-1418,11271,13569,14027,14288,9788,0.8,0.95,12155.4,0.850741881,-507.418813
7800,-1416,11398,13366,14121,14050,9792,0.81,0.95,11881,0.845622776,-356.227758
7800,-1418,11340,13582,14119,14302,9798,0.8,0.95,12172.6,0.851111733,-511.1173262
7800,-1416,11380,13358,14096,14047,9804,0.81,0.95,11872.1,0.845169787,-351.6978714
7800,-1421,11396,13419,14125,14117,9807,0.81,0.95,11954.1,0.846787561,-367.875611
7800,-1425,11378,13298,14103,13989,9808,0.81,0.95,11794.7,0.843141039,-331.4103939
7800,-1410,11268,13559,14029,14268,9811,0.8,0.95,12139.4,0.850813008,-508.1300813
7800,-1449,11271,13081,14114,13757,9813,0.8,0.95,11508.1,0.836526859,-365.2685905
7800,-1403,11171,13563,13897,14276,9816,0.8,0.95,12145.8,0.850784533,-507.8453348
7800,-1417,11296,13579,14060,14295,9816,0.8,0.95,12167.5,0.851171738,-511.7173837
7800,-1404,11378,13418,14091,14121,9815,0.81,0.95,11954.3,0.846561858,-365.6185823
7800,-1418,11409,13401,14139,14094,9815,0.81,0.95,11929.2,0.846402725,-364.0272456
7800,-1419,11370,13404,14091,14107,9815,0.81,0.95,11936.1,0.846111859,-361.1185936
7800,-1413,11299,13591,14047,14305,9815,0.8,0.95,12182.5,0.851625306,-516.2530584
7800,-1401,11281,13501,13962,14218,9815,0.81,0.95,12066.4,0.848670699,-386.7069911
7800,-1418,11365,13482,14112,14206,9813,0.81,0.95,12043.8,0.847796706,-377.9670562
7800,-1421,11177,13649,13993,14376,9811,0.8,0.95,12261.8,0.852935448,-529.3544797
7800,-1429,11210,13325,14036,14035,9809,0.8,0.95,11835.5,0.843284646,-432.8464553
7800,-1434,11073,13518,13801,14236,9809,0.8,0.95,12088.8,0.849171115,-491.7111548
7800,-1400,11318,13568,14071,14292,9809,0.8,0.95,12155.6,0.850517772,-505.1777218
7800,-1415,11377,13491,14103,14203,9809,0.81,0.95,12051.9,0.848546082,-385.4608181
7800,-1428,11285,13575,14070,14301,9810,0.8,0.95,12165.3,0.850660793,-506.6079295
7801,-1410,11399,13407,14124,14105,9810,0.81,0.95,11938.5,0.846401985,-364.0198511
7800,-1418,11268,13599,14028,14319,9810,0.8,0.95,12194.7,0.851644668,-516.4466792
7800,-1405,11380,13499,14135,14217,9814,0.81,0.95,12064.1,0.848568615,-385.6861504
7800,-1434,11349,13540,14102,14261,9818,0.8,0.95,12118.3,0.849751069,-497.5106935
7800,-1405,11299,13724,14009,14447,9823,0.81,0.95,12358.1,0.855409428,-454.0942756
7800,-1425,11372,12824,14126,13485,9823,0.81,0.95,11169.5,0.828290693,-182.9069336
7800,-1431,11292,13556,14050,14282,9823,0.8,0.95,12140.6,0.850063016,-500.6301638
7800,-1412,11259,13581,14039,14302,9823,0.8,0.95,12171.6,0.851041812,-510.4181233
7800,-1435,11342,13571,14130,14286,9823,0.8,0.95,12156.8,0.850958981,-509.5898082
7801,-1423,11405,13487,14129,14196,9823,0.81,0.95,12045.8,0.848534799,-385.3479853
7800,-1401,11422,13481,14153,14189,9823,0.81,0.95,12037.7,0.84838255,-383.8254986
7801,-1423,11231,13602,14062,14326,9822,0.8,0.95,12199.8,0.851584532,-515.8453162
7800,-1422,11259,13558,14023,14276,9822,0.8,0.95,12140.8,0.850434295,-504.3429532
7800,-1445,11319,13562,14097,14281,9822,0.8,0.95,12146.3,0.850521672,-505.2167215
7800,-1423,11032,13656,13679,14384,9822,0.81,0.95,12271.2,0.853114572,-431.1457175
7800,-1398,11353,13495,14087,14210,9821,0.81,0.95,12058,0.848557354,-385.5735398
7800,-1429,11442,13371,14180,14067,9818,0.81,0.95,11891.1,0.845318831,-353.1883131
7800,-1420,11275,13554,14024,14279,9815,0.8,0.95,12137.7,0.850038518,-500.385181
7800,-1406,11306,13549,14073,14270,9812,0.8,0.95,12130,0.850035039,-500.3503854
7800,-1437,11365,13384,14083,14078,9813,0.81,0.95,11907.4,0.845816167,-358.1616707
7800,-1416,11287,13622,14093,14346,9811,0.8,0.95,12225.8,0.852209675,-522.0967517
7800,-1433,11349,13608,14128,14327,9809,0.8,0.95,12206.1,0.851964822,-519.6482167
7800,-1424,11314,13608,14137,14330,9806,0.8,0.95,12207,0.851849267,-518.4926727
7800,-1453,11310,13597,14080,14313,9805,0.8,0.95,12190.9,0.851736184,-517.3618389
7800,-1425,11325,13509,14118,14225,9805,0.8,0.95,12076.5,0.848963093,-489.6309315
7800,-1436,11220,13303,14045,13995,9802,0.8,0.95,11801.5,0.843265452,-432.6545195
7800,-1419,11391,13424,14110,14120,9798,0.81,0.95,11960,0.847025496,-370.2549575
7800,-1422,11396,13460,14144,14167,9794,0.81,0.95,12010.1,0.847751818,-377.518176
7800,-1420,11408,13317,14137,14004,9794,0.81,0.95,11818.2,0.843916024,-339.1602399
7800,-1433,11335,13585,14127,14311,9801,0.8,0.95,12178.3,0.850974775,-509.7477465
7801,-1421,11405,13346,14133,14034,9812,0.81,0.95,11856.2,0.844819724,-348.1972353
7800,-1446,11256,13612,14072,14336,9823,0.8,0.95,12212.8,0.851897321,-518.9732143
7800,-1436,11384,13325,14105,14020,9827,0.81,0.95,11831,0.843865906,-338.6590585
7800,-1439,11435,13478,14191,14184,9827,0.81,0.95,12033.2,0.848364354,-383.643542
7800,-1426,11223,13724,14042,14447,9824,0.8,0.95,12358.1,0.855409428,-554.0942756
7800,-1437,11127,13459,13920,14163,9822,0.8,0.95,12007.9,0.84783591,-478.3591047
7800,-1448,11341,13462,14095,14160,9820,0.8,0.95,12010,0.848163842,-481.6384181
7800,-1434,11339,13500,14058,14227,9820,0.81,0.95,12068.1,0.848253321,-382.5332115
7800,-1440,11390,13449,14111,14146,9819,0.81,0.95,11992.8,0.84778736,-377.8736038
7800,-1423,11384,13379,14108,14086,9816,0.81,0.95,11904.8,0.845151214,-351.5121397
7800,-1412,11332,13606,14107,14332,9813,0.8,0.95,12205.6,0.85163271,-516.3271002
7800,-1437,11296,13555,14066,14276,9811,0.8,0.95,12137.8,0.850224152,-502.2415242
7800,-1396,11413,13475,14137,14188,9811,0.81,0.95,12031.4,0.847998308,-379.9830843
7800,-1423,11419,13404,14138,14097,9808,0.81,0.95,11933.1,0.846499255,-364.9925516
7800,-1418,11246,13578,14037,14304,9804,0.8,0.95,12169.2,0.850755034,-507.5503356
7800,-1443,11311,13592,14086,14317,9800,0.8,0.95,12187.1,0.8512328,-512.3280017
7800,-1453,11298,13491,14043,14213,9799,0.8,0.95,12054.9,0.848160135,-481.6013509
7800,-1423,11344,13566,14111,14293,9801,0.8,0.95,12153.9,0.850339327,-503.3932694
7800,-1431,11235,13606,14045,14328,9806,0.8,0.95,12204.4,0.851786711,-517.8671133
7800,-1438,11297,13513,14030,14226,9812,0.81,0.95,12080.8,0.84920568,-392.0567974
7800,-1413,11410,13395,14141,14102,9817,0.81,0.95,11925.6,0.845667281,-356.6728124
7800,-1423,11260,13633,14064,14364,9817,0.8,0.95,12242.2,0.852283486,-522.8348649
7800,-1413,11268,13656,14073,14384,9812,0.8,0.95,12271.2,0.853114572,-531.1457175
7800,-1423,11323,13534,14111,14251,9808,0.8,0.95,12109.3,0.849715809,-497.1580942
7801,-1410,11374,13523,14107,14233,9803,0.81,0.95,12092.9,0.849638165,-396.3816483
7800,-1413,11401,13483,14122,14197,9802,0.81,0.95,12042.1,0.848214411,-382.144115
7800,-1412,11155,13564,13845,14292,9803,0.81,0.95,12151.6,0.850237895,-402.3789533
7800,-1419,11343,13517,14085,14233,9805,0.81,0.95,12086.9,0.849216609,-392.1660929
7800,-1401,11354,13521,14083,14245,9807,0.81,0.95,12094.5,0.849034749,-390.3474903
7800,-1431,11378,13408,14095,14105,9808,0.81,0.95,11939.5,0.846472882,-364.7288196
7800,-1413,11365,13562,14133,14281,9808,0.8,0.95,12146.3,0.850521672,-505.2167215
7800,-1423,11382,13342,14092,14032,9808,0.81,0.95,11851.6,0.844612315,-346.1231471
7800,-1416,11301,13516,14074,14226,9808,0.8,0.95,12083.8,0.849416561,-494.1656123
7800,-1458,11265,13578,14049,14300,9807,0.8,0.95,12168,0.850909091,-509.0909091
7800,-1443,11291,13577,14051,14300,9807,0.8,0.95,12167,0.850839161,-508.3916084
7800,-1420,11429,13316,14171,14008,9807,0.81,0.95,11818.4,0.84368932,-336.8932039
7800,-1424,11265,13512,14021,14215,9805,0.8,0.95,12076.5,0.849560324,-495.603236
7800,-1425,11362,13401,14087,14104,9803,0.81,0.95,11932.2,0.846015315,-360.153148
7800,-1417,11306,13548,14078,14266,9801,0.8,0.95,12127.8,0.850119164,-501.1916445
7800,-1416,11373,13578,14104,14297,9801,0.81,0.95,12167.1,0.85102469,-410.2469049
7800,-1417,11340,13459,14071,14161,9801,0.81,0.95,12007.3,0.847913283,-379.1328296
7800,-1418,11399,13540,14141,14261,9801,0.81,0.95,12118.3,0.849751069,-397.5106935
7800,-1426,11312,13552,14075,14270,9802,0.8,0.95,12133,0.85024527,-502.452698
7800,-1442,11235,13617,14028,14340,9802,0.8,0.95,12219,0.85209205,-520.9205021
7800,-1423,11324,13300,14022,13993,9803,0.81,0.95,11797.9,0.843128707,-331.2870721
7800,-1419,11363,13532,14088,14253,9808,0.81,0.95,12107.9,0.849498351,-394.9835122
7800,-1438,11374,13510,14103,14233,9813,0.81,0.95,12079.9,0.848724794,-387.2479449
7800,-1420,11379,13353,14097,14040,9818,0.81,0.95,11865,0.84508547,-350.8547009
7800,-1418,11339,13521,14110,14236,9818,0.8,0.95,12091.8,0.849381849,-493.8184883
7800,-1431,11271,13566,14056,14285,9816,0.8,0.95,12151.5,0.850647532,-506.4753238
7800,-1420,11358,13469,14108,14175,9810,0.81,0.95,12021.5,0.848077601,-380.7760141
7800,-1417,11283,13590,14061,14320,9803,0.8,0.95,12186,0.850977654,-509.7765363
7800,-1436,11215,13259,14036,13946,9799,0.8,0.95,11742.8,0.842019217,-420.1921698
7800,-1426,11410,13482,14136,14194,9799,0.81,0.95,12040.2,0.848259828,-382.598281
7800,-1421,11204,13677,14039,14403,9801,0.8,0.95,12297.9,0.853842949,-538.4294939
7800,-1429,11341,13031,14110,13711,9803,0.8,0.95,11444.3,0.834680184,-346.8018379
7800,-1429,11155,13574,13878,14293,9806,0.8,0.95,12161.9,0.850899041,-508.9904149
7800,-1440,11381,13276,14101,13967,9806,0.81,0.95,11766.1,0.842421422,-324.2142192
7800,-1415,11319,13509,14051,14231,9807,0.81,0.95,12078.3,0.848731642,-387.3164219
7800,-1411,11298,13616,14084,14341,9812,0.8,0.95,12218.3,0.851983823,-519.8382261
7800,-1423,11393,13370,14114,14068,9816,0.81,0.95,11890.4,0.845208985,-352.0898493
7800,-1421,11339,13628,14113,14353,9820,0.8,0.95,12233.9,0.852358392,-523.5839197
7800,-1416,11378,13487,14099,14204,9820,0.81,0.95,12048.2,0.848225852,-382.2585187
7800,-1417,11339,13590,14090,14314,9822,0.8,0.95,12184.2,0.851208607,-512.0860696
7800,-1408,11213,13635,13890,14364,9824,0.81,0.95,12244.2,0.852422723,-424.2272348
7800,-1439,11286,13271,14133,13969,9826,0.8,0.95,11761.7,0.841985826,-419.8582576
7800,-1407,11372,13577,14124,14299,9826,0.81,0.95,12166.7,0.850877684,-408.7768375
7800,-1413,11287,13569,14021,14299,9826,0.81,0.95,12158.7,0.850318204,-403.1820407
7800,-1426,11371,13281,14093,13968,9829,0.81,0.95,11771.4,0.84274055,-327.4054983
7800,-1415,11376,13521,14105,14246,9831,0.81,0.95,12094.8,0.848996209,-389.9620946
7800,-1419,11330,13566,14098,14280,9833,0.8,0.95,12150,0.850840336,-508.4033613
7800,-1417,11335,13606,14095,14331,9833,0.8,0.95,12205.3,0.851671202,-516.7120229
7800,-1418,11384,13437,14099,14148,9833,0.81,0.95,11981.4,0.846861747,-368.6174724
7800,-1432,11252,13613,14043,14339,9833,0.8,0.95,12214.7,0.851851594,-518.5159356
7800,-1419,11293,13603,14007,14332,9833,0.81,0.95,12202.6,0.851423388,-414.2338822
7800,-1429,11267,13268,14109,13974,9833,0.8,0.95,11760.2,0.841577215,-415.7721483
7800,-1423,11200,13540,13905,14260,9832,0.81,0.95,12118,0.849789621,-397.8962132
7800,-1422,11356,13540,14100,14258,9829,0.81,0.95,12117.4,0.849866741,-398.6674148
7800,-1414,11395,13494,14126,14207,9826,0.81,0.95,12056.1,0.848602801,-386.0280144
7800,-1425,11375,13302,14096,13994,9823,0.81,0.95,11800.2,0.843232814,-332.3281406
7800,-1418,11384,13479,14137,14188,9823,0.81,0.95,12035.4,0.848280237,-382.8023682
7800,-1433,11247,13546,14053,14261,9823,0.8,0.95,12124.3,0.850171797,-501.7179721
7800,-1427,11365,13313,14111,14008,9823,0.81,0.95,11815.4,0.843475157,-334.7515705
7800,-1438,11344,13514,14096,14229,9823,0.8,0.95,12082.7,0.849160166,-491.6016586
7800,-1409,11344,13734,14068,14464,9823,0.81,0.95,12373.2,0.855448009,-454.4800885
7800,-1419,11404,13313,14131,14024,9823,0.81,0.95,11820.2,0.842855106,-328.5510553
7800,-1411,11385,13551,14135,14276,9816,0.81,0.95,12133.8,0.849943962,-399.4396189
7800,-1416,11281,13572,14086,14300,9809,0.8,0.95,12162,0.85048951,-504.8951049
7800,-1423,11387,13484,14125,14201,9802,0.81,0.95,12044.3,0.848130413,-381.3041335
7801,-1422,11361,13574,14127,14302,9802,0.8,0.95,12164.6,0.85055237,-505.523703
7800,-1425,11243,13545,14046,14266,9801,0.8,0.95,12124.8,0.849908874,-499.0887425
7800,-1425,11418,13371,14144,14071,9800,0.81,0.95,11892.3,0.845163812,-351.638121
7800,-1414,11327,13648,14085,14376,9799,0.8,0.95,12260.8,0.852865888,-528.6588759
7800,-1430,11287,13504,14057,14226,9799,0.8,0.95,12071.8,0.848573035,-485.7303529
7800,-1405,11284,13618,13982,14340,9799,0.81,0.95,12220,0.852161785,-421.6178522
7800,-1417,11382,13325,14107,14019,9802,0.81,0.95,11830.7,0.843904701,-339.0470076
7800,-1416,11375,13391,14088,14102,9807,0.81,0.95,11921.6,0.845383634,-353.8363353
7800,-1415,11361,13508,14090,14221,9812,0.81,0.95,12074.3,0.849047184,-390.4718374
7800,-1408,11398,13497,14125,14212,9813,0.81,0.95,12060.6,0.848620884,-386.2088376
7800,-1432,11249,13271,14089,13960,9813,0.8,0.95,11759,0.842335244,-423.3524355
7800,-1405,11341,13521,14087,14243,9814,0.81,0.95,12093.9,0.849111844,-391.1184441
7800,-1438,11356,13529,14096,14248,9815,0.81,0.95,12103.4,0.849480629,-394.8062886
7800,-1409,11364,13359,14088,14056,9816,0.81,0.95,11875.8,0.844891861,-348.9186113
7800,-1435,11278,13608,14101,14340,9816,0.8,0.95,12210,0.851464435,-514.6443515
7800,-1419,11287,13558,14099,14281,9814,0.8,0.95,12142.3,0.85024158,-502.4157972
7800,-1463,11076,13004,13881,13678,9811,0.8,0.95,11407.4,0.833996198,-339.9619827
7801,-1433,11360,13377,14076,14079,9808,0.81,0.95,11900.7,0.845280205,-352.8020456
7800,-1409,11320,13493,14047,14220,9807,0.81,0.95,12059,0.848030942,-380.3094233
7800,-1416,11373,13561,14109,14284,9807,0.81,0.95,12146.2,0.85033604,-403.3604032
7800,-1417,11350,13561,14118,14294,9810,0.8,0.95,12149.2,0.849951028,-499.510284
7800,-1426,11327,13615,14119,14337,9812,0.8,0.95,12216.1,0.852068076,-520.6807561
7800,-1411,11295,13604,14065,14331,9814,0.8,0.95,12203.3,0.851531645,-515.3164469
7800,-1407,11274,13569,14064,14299,9814,0.8,0.95,12158.7,0.850318204,-503.1820407
7800,-1428,11314,13577,14121,14303,9813,0.8,0.95,12167.9,0.850723624,-507.2362441
7800,-1404,11366,13692,14097,14422,9812,0.81,0.95,12318.6,0.854153377,-441.5337679
7800,-1459,11345,13522,14108,14235,9811,0.8,0.95,12092.5,0.849490692,-494.9069196
7800,-1434,11376,13355,14098,14048,9810,0.81,0.95,11869.4,0.844917426,-349.1742597
7800,-1440,11323,13567,14131,14299,9811,0.8,0.95,12156.7,0.850178334,-501.7833415
7799,-1412,11309,13630,14102,14357,9811,0.8,0.95,12237.1,0.852343804,-523.4380442
7800,-1425,11401,13288,14127,13981,9811,0.81,0.95,11782.3,0.842736571,-327.3657106
7800,-1423,11388,13460,14141,14155,9810,0.81,0.95,12006.5,0.848216178,-382.1617803
7800,-1432,11339,13554,14121,14270,9810,0.8,0.95,12135,0.850385424,-503.8542397
7800,-1425,11354,13480,14113,14187,9811,0.8,0.95,12036.1,0.848389371,-483.8937055
7800,-1422,11425,13560,14195,14280,9812,0.8,0.95,12144,0.850420168,-504.2016807
7800,-1434,11178,13685,14014,14418,9812,0.8,0.95,12310.4,0.853821612,-538.2161187
7800,-1423,11361,13504,14104,14219,9812,0.81,0.95,12069.7,0.848843097,-388.4309726
7800,-1424,11391,13529,14131,14236,9812,0.81,0.95,12099.8,0.849943804,-399.4380444
7801,-1423,11344,13585,14133,14310,9809,0.8,0.95,12178,0.851013277,-510.1327743
7800,-1429,11368,13381,14084,14073,9807,0.81,0.95,11902.9,0.845796916,-357.9691608
7800,-1432,11234,13524,14031,14245,9804,0.8,0.95,12097.5,0.849245349,-492.4534925
7800,-1420,11373,13464,14118,14170,9804,0.81,0.95,12015,0.847918137,-379.1813691
7800,-1407,11398,13427,14132,14129,9802,0.81,0.95,11965.7,0.846889376,-368.8937646
7801,-1406,11351,13340,14074,14038,9798,0.81,0.95,11851.4,0.844237071,-342.3707081
7800,-1429,11391,13545,14137,14262,9794,0.81,0.95,12123.6,0.850063105,-400.6310475
7800,-1425,11238,13650,14063,14380,9792,0.8,0.95,12264,0.852851182,-528.511822
7800,-1416,11327,13421,14057,14138,9793,0.81,0.95,11962.4,0.846116848,-361.1684821
7800,-1437,11396,13311,14124,14002,9797,0.81,0.95,11811.6,0.843565205,-335.6520497
7800,-1418,11359,13520,14108,14248,9802,0.81,0.95,12094.4,0.848848961,-388.4896126
7800,-1406,11374,13455,14088,14164,9807,0.81,0.95,12004.2,0.847514826,-375.1482632
7800,-1423,11327,13307,14029,13998,9808,0.81,0.95,11806.4,0.843434776,-334.347764
7800,-1419,11342,13574,14115,14302,9810,0.8,0.95,12164.6,0.85055237,-505.523703
7800,-1417,11358,13565,14128,14287,9819,0.8,0.95,12151.1,0.850500455,-505.0045496
7800,-1424,11286,13628,14082,14357,9828,0.8,0.95,12235.1,0.8522045,-522.0449955
7800,-1424,11374,13275,14091,13964,9836,0.81,0.95,11764.2,0.842466342,-324.6634202
7800,-1433,11287,13446,14056,14148,9836,0.8,0.95,11990.4,0.84749788,-474.9787956
7800,-1422,11332,13471,14096,14177,9833,0.8,0.95,12024.1,0.848141356,-481.4135572
7800,-1416,11349,13541,14119,14262,9828,0.8,0.95,12119.6,0.849782639,-497.8263918
7800,-1424,11382,13422,14099,14122,9824,0.81,0.95,11958.6,0.846806401,-368.0640136
7800,-1423,11274,13606,14107,14324,9822,0.8,0.95,12203.2,0.851940799,-519.4079866
7800,-1449,11369,13516,14137,14236,9821,0.8,0.95,12086.8,0.849030627,-490.3062658
7800,-1423,11322,13548,14109,14275,9815,0.8,0.95,12130.5,0.849772329,-497.7232925
7800,-1421,11295,13529,14068,14243,9809,0.8,0.95,12101.9,0.849673524,-496.7352384
7800,-1412,11318,13477,14064,14190,9805,0.8,0.95,12034,0.848062016,-480.620155
7800,-1437,11329,13527,14082,14242,9805,0.8,0.95,12099.6,0.849571689,-495.7168937
7800,-1414,11282,13614,14091,14336,9804,0.8,0.95,12214.8,0.85203683,-520.3683036
7800,-1438,11313,13592,14074,14317,9803,0.8,0.95,12187.1,0.8512328,-512.3280017
7800,-1424,11302,13431,14000,14147,9801,0.81,0.95,11975.1,0.846476285,-364.7628472
7800,-1429,11357,13433,14072,14138,9800,0.81,0.95,11974.4,0.846965625,-369.6562456
7800,-1414,11381,13368,14105,14064,9800,0.81,0.95,11887.2,0.845221843,-352.21843
7800,-1441,11329,13534,14069,14254,9806,0.81,0.95,12110.2,0.849600112,-396.0011225
7800,-1416,11338,13473,14074,14173,9812,0.81,0.95,12024.9,0.848437169,-384.3716927
7800,-1421,11331,13576,14120,14300,9818,0.8,0.95,12166,0.850769231,-507.6923077
7800,-1417,11414,13465,14163,14178,9817,0.81,0.95,12018.4,0.847679503,-376.7950346
7800,-1438,11392,13312,14107,14004,9816,0.81,0.95,11813.2,0.843558983,-335.5898315
7800,-1413,11256,13566,14051,14283,9812,0.8,0.95,12150.9,0.850724638,-507.2463768
7800,-1456,11195,13281,14026,13980,9809,0.8,0.95,11775,0.842274678,-422.7467811
7800,-1429,11364,13476,14122,14183,9806,0.8,0.95,12030.9,0.848262004,-482.6200381
7800,-1426,11399,13381,14122,14073,9806,0.81,0.95,11902.9,0.845796916,-357.9691608
7800,-1408,11350,13560,14111,14284,9809,0.8,0.95,12145.2,0.850266032,-502.6603192
7800,-1439,11268,13601,14091,14317,9813,0.8,0.95,12196.1,0.851861423,-518.6142348
7800,-1422,11361,13524,14118,14235,9817,0.8,0.95,12094.5,0.849631191,-496.3119073
7800,-1422,11326,13589,14109,14322,9818,0.8,0.95,12185.6,0.85083089,-508.3088954
7800,-1412,11296,13536,14082,14262,9820,0.8,0.95,12114.6,0.849432057,-494.3205721
7800,-1428,11407,13307,14139,14000,9823,0.81,0.95,11807,0.843357143,-333.5714286
7800,-1401,11222,13633,13914,14358,9827,0.81,0.95,12240.4,0.852514278,-425.1427775
7800,-1431,11232,13284,14068,13995,9829,0.8,0.95,11782.5,0.841907824,-419.0782422
7800,-1439,11200,13407,13929,14113,9829,0.8,0.95,11940.9,0.846092255,-460.9225537
7800,-1420,11392,13434,14114,14145,9824,0.81,0.95,11977.5,0.846765642,-367.6564157
7800,-1419,11373,13485,14109,14192,9819,0.81,0.95,12042.6,0.848548478,-385.4847802
7800,-1418,11448,13517,14181,14233,9813,0.81,0.95,12086.9,0.849216609,-392.1660929
7800,-1426,11358,13529,14139,14251,9812,0.8,0.95,12104.3,0.849364957,-493.6495685
7800,-1408,11341,13485,14088,14195,9813,0.81,0.95,12043.5,0.848432547,-384.3254667
7800,-1422,11409,13443,14125,14149,9818,0.81,0.95,11987.7,0.847247155,-372.4715528
7800,-1416,11376,13391,14095,14083,9823,0.81,0.95,11915.9,0.846119435,-361.1943478
7800,-1405,11243,13644,13939,14355,9827,0.81,0.95,12250.5,0.853396029,-433.9602926
7800,-1404,11324,13128,14116,13828,9827,0.8,0.95,11576.4,0.837170957,-371.7095748
7800,-1446,11354,13336,14067,14028,9822,0.81,0.95,11844.4,0.844339892,-343.3989165
7800,-1408,11256,13353,13940,14052,9814,0.81,0.95,11868.6,0.844619983,-346.1998292
7800,-1420,11302,13608,14060,14334,9805,0.8,0.95,12208.2,0.85169527,-516.9526999
7800,-1410,11363,13541,14108,14259,9802,0.81,0.95,12118.7,0.84989831,-398.9830984
7800,-1419,11299,13582,14044,14306,9803,0.8,0.95,12173.8,0.85095764,-509.5764015
7800,-1435,11414,13221,14133,13909,9803,0.81,0.95,11693.7,0.840729024,-307.2902437
7800,-1414,11315,13597,14082,14321,9803,0.8,0.95,12193.3,0.851427973,-514.2797291
7800,-1426,11374,13572,14126,14293,9803,0.81,0.95,12159.9,0.850759113,-407.5911285
7800,-1423,11267,13432,14053,14130,9803,0.8,0.95,11971,0.847204529,-472.0452937
7800,-1418,11391,13402,14116,14105,9804,0.81,0.95,11933.5,0.846047501,-360.4750089
7800,-1410,11097,13568,13826,14287,9807,0.8,0.95,12154.1,0.850710436,-507.1043606
7800,-1401,11399,13440,14133,14155,9809,0.81,0.95,11986.5,0.84680325,-368.0324974
7800,-1411,11386,13510,14139,14218,9810,0.81,0.95,12075.4,0.8493037,-393.0369954
7800,-1409,11384,13539,14121,14264,9810,0.81,0.95,12118.2,0.849565339,-395.6533932
7800,-1436,11379,13403,14104,14106,9810,0.81,0.95,11934.8,0.846079682,-360.796824
7800,-1412,11323,13534,14100,14261,9811,0.8,0.95,12112.3,0.849330341,-493.3034149
7800,-1419,11351,13473,14089,14180,9812,0.81,0.95,12027,0.848166432,-381.6643159
7800,-1432,11309,13533,14094,14257,9811,0.8,0.95,12110.1,0.849414323,-494.1432279
7800,-1426,11320,13625,14124,14352,9811,0.8,0.95,12230.6,0.852187848,-521.8784838
7800,-1433,11187,13215,14010,13907,9808,0.8,0.95,11687.1,0.840375351,-403.7535054
7800,-1432,11352,13464,14078,14179,9806,0.81,0.95,12017.7,0.847570351,-375.7035052
7800,-1419,11362,13586,14140,14314,9805,0.8,0.95,12180.2,0.85092916,-509.2916026
7800,-1432,11232,13556,14043,14277,9805,0.8,0.95,12139.1,0.850255656,-502.5565595
7800,-1420,11408,13434,14155,14135,9810,0.81,0.95,11974.5,0.847152458,-371.5245844
7800,-1419,11297,13580,14070,14301,9816,0.8,0.95,12170.3,0.851010419,-510.1041885
7800,-1413,11379,13488,14090,14204,9822,0.81,0.95,12049.2,0.848296255,-382.9625458
7800,-1419,11323,13545,14049,14270,9823,0.81,0.95,12126,0.84975473,-397.547302
7800,-1452,11228,13234,14059,13913,9822,0.8,0.95,11707.9,0.841507942,-415.0794221
7800,-1431,11263,13529,14062,14237,9818,0.8,0.95,12100.1,0.849905177,-499.0517665
7800,-1425,11428,13317,14168,14005,9815,0.81,0.95,11818.5,0.843877187,-338.7718672
7800,-1422,11279,13535,14037,14263,9812,0.8,0.95,12113.9,0.849323424,-493.2342424
7800,-1451,11251,13311,14084,14002,9812,0.8,0.95,11811.6,0.843565205,-435.6520497
7800,-1419,11263,13622,14038,14346,9814,0.8,0.95,12225.8,0.852209675,-522.0967517
7800,-1439,11280,13569,14089,14297,9816,0.8,0.95,12158.1,0.850395188,-503.951878
7800,-1414,11412,13293,14144,13987,9819,0.81,0.95,11789.1,0.842861228,-328.6122828
7800,-1447,11364,13300,14078,13987,9820,0.81,0.95,11796.1,0.843361693,-333.61693
7800,-1415,11311,13560,14067,14286,9818,0.8,0.95,12145.8,0.850188996,-501.8899622
7800,-1433,11284,13601,14078,14319,9813,0.8,0.95,12196.7,0.851784342,-517.8434248
7800,-1438,11313,13625,14125,14353,9809,0.8,0.95,12230.9,0.852149376,-521.4937644
7800,-1434,11349,13491,14098,14198,9805,0.81,0.95,12050.4,0.848739259,-387.3925905
7800,-1424,11321,13510,14071,14230,9805,0.8,0.95,12079,0.848840478,-488.4047786
7800,-1422,11348,13536,14135,14258,9806,0.8,0.95,12113.4,0.849586197,-495.8619722
7800,-1408,11359,13558,14112,14275,9807,0.8,0.95,12140.5,0.850472855,-504.7285464
7800,-1419,11363,13474,14069,14189,9808,0.81,0.95,12030.7,0.84788921,-378.8920995
7800,-1421,11290,13615,14105,14338,9808,0.8,0.95,12216.4,0.852029572,-520.2957177
7800,-1419,11359,13325,14081,14020,9808,0.81,0.95,11831,0.843865906,-338.6590585
7800,-1425,11309,13555,14047,14275,9809,0.81,0.95,12137.5,0.850262697,-402.6269702
7800,-1442,11254,13594,14085,14317,9809,0.8,0.95,12189.1,0.851372494,-513.7249424
7800,-1405,11187,13678,14004,14409,9810,0.8,0.95,12300.7,0.853681727,-536.817267
7800,-1413,11360,13549,14095,14269,9810,0.81,0.95,12129.7,0.850073586,-400.735861
7800,-1443,11345,13244,14058,13933,9811,0.81,0.95,11723.9,0.84144836,-314.4836001
7800,-1419,11362,13514,14088,14233,9812,0.81,0.95,12083.9,0.849005832,-390.0583152
7800,-1417,11385,13585,14123,14308,9814,0.81,0.95,12177.4,0.851090299,-410.9029913
7800,-1417,11373,13495,14120,14207,9814,0.81,0.95,12057.1,0.848673189,-386.7318927
7800,-1406,11399,13476,14125,14185,9814,0.81,0.95,12031.5,0.848184702,-381.8470215
7800,-1424,11434,13414,14163,14116,9813,0.81,0.95,11948.8,0.846472088,-364.7208841
7800,-1404,11344,13559,14132,14284,9811,0.8,0.95,12144.2,0.850196024,-501.9602352
7800,-1412,11343,13507,14110,14219,9810,0.8,0.95,12072.7,0.849054083,-490.5408257
7800,-1443,11196,13671,14035,14403,9811,0.8,0.95,12291.9,0.85342637,-534.2636951
7800,-1442,11177,13145,14008,13829,9811,0.8,0.95,11593.7,0.838361414,-383.6141442
7800,-1422,11370,13282,14094,13981,9811,0.81,0.95,11776.3,0.842307417,-323.0741721
7800,-1436,11341,13531,14112,14248,9811,0.8,0.95,12105.4,0.849620999,-496.2099944
7800,-1414,11377,13545,14125,14269,9810,0.81,0.95,12125.7,0.849793258,-397.9325811
7800,-1424,11386,13492,14125,14211,9810,0.81,0.95,12055.3,0.848307649,-383.07649
7800,-1405,11296,13538,14070,14264,9805,0.8,0.95,12117.2,0.849495233,-494.9523275
7800,-1425,11305,13509,14048,14222,9799,0.8,0.95,12075.6,0.849078892,-490.7889186
7800,-1414,11372,13564,14099,14285,9793,0.81,0.95,12149.5,0.850507525,-405.0752538
7800,-1427,11357,13591,14134,14316,9792,0.8,0.95,12185.8,0.851201453,-512.0145292
7800,-1415,11292,13578,14086,14306,9793,0.8,0.95,12169.8,0.850678037,-506.7803719
7800,-1422,11379,13418,14104,14118,9801,0.81,0.95,11953.4,0.846678,-366.7799972
7800,-1441,11124,13210,13921,13889,9809,0.8,0.95,11676.7,0.840715674,-407.1567427
7800,-1421,11390,13278,14121,13970,9814,0.81,0.95,11769,0.842448103,-324.4810308
7800,-1413,11313,13558,14083,14276,9814,0.8,0.95,12140.8,0.850434295,-504.3429532
7800,-1442,11363,13340,14087,14033,9817,0.81,0.95,11849.9,0.844430984,-344.3098411
7800,-1418,11358,13475,14115,14178,9821,0.8,0.95,12028.4,0.848384822,-483.8482155
7800,-1408,11371,13580,14126,14306,9825,0.8,0.95,12171.8,0.850817839,-508.1783867
7800,-1418,11338,13612,14112,14340,9826,0.8,0.95,12214,0.851743375,-517.4337517
7800,-1421,11298,13563,14045,14287,9825,0.8,0.95,12149.1,0.850360468,-503.6046756
7800,-1414,11398,13378,14128,14076,9818,0.81,0.95,11900.8,0.845467462,-354.6746235
7800,-1433,11277,13247,14132,13960,9811,0.8,0.95,11735,0.840616046,-406.1604585
7800,-1416,11121,13541,13847,14260,9805,0.8,0.95,12119,0.849859748,-498.5974755
7800,-1426,11336,13400,14098,14101,9805,0.8,0.95,11930.3,0.846060563,-460.6056308
7800,-1421,11339,13554,14108,14272,9806,0.8,0.95,12135.6,0.850308296,-503.0829596
7800,-1418,11399,13462,14123,14189,9806,0.81,0.95,12018.7,0.847043484,-370.4348439
7800,-1419,11357,13589,14116,14314,9807,0.8,0.95,12183.2,0.851138745,-511.3874528
7800,-1415,11338,13549,14081,14275,9807,0.81,0.95,12131.5,0.849842382,-398.4238179
7800,-1410,11379,13375,14104,14073,9807,0.81,0.95,11896.9,0.845370568,-353.7056775
7800,-1434,11373,13409,14110,14106,9804,0.81,0.95,11940.8,0.846505033,-365.0503332
7800,-1442,11204,13655,14053,14383,9801,0.8,0.95,12269.9,0.853083501,-530.8350136
7800,-1426,11259,13307,14098,14021,9799,0.8,0.95,11813.3,0.842543328,-425.4332787
7800,-1455,11391,13337,14114,14035,9799,0.81,0.95,11847.5,0.844139651,-341.3965087
7800,-1429,11399,13363,14124,14075,9801,0.81,0.95,11885.5,0.844440497,-344.4049734
7800,-1428,11396,13293,14120,13984,9805,0.81,0.95,11788.2,0.842977689,-329.7768879
7800,-1422,11322,13600,14091,14328,9808,0.8,0.95,12198.4,0.851367951,-513.6795087
7800,-1418,11389,13508,14130,14236,9810,0.81,0.95,12078.8,0.848468671,-384.6867097
7800,-1414,11310,13554,14080,14274,9810,0.8,0.95,12136.2,0.85023119,-502.3118958
7800,-1413,11278,13613,14086,14341,9815,0.8,0.95,12215.3,0.851774632,-517.7463217
7800,-1414,11327,13574,14077,14301,9819,0.8,0.95,12164.3,0.850590868,-505.9086777
7800,-1399,11319,13721,14031,14450,9824,0.81,0.95,12356,0.855086505,-450.8650519
7800,-1428,11240,13235,14075,13948,9823,0.8,0.95,11719.4,0.84022082,-402.2082019
7800,-1425,11189,13438,13862,14154,9822,0.81,0.95,11984.2,0.846700579,-367.0057934
7800,-1430,11334,13451,14085,14160,9818,0.8,0.95,11999,0.847387006,-473.8700565
7800,-1425,11266,13592,14058,14315,9815,0.8,0.95,12186.5,0.851309815,-513.0981488
7800,-1417,11351,13516,14103,14228,9812,0.8,0.95,12084.4,0.849339331,-493.393309
7800,-1421,11363,13567,14103,14292,9812,0.81,0.95,12154.6,0.850447803,-404.4780297
7800,-1424,11369,13521,14113,14236,9815,0.81,0.95,12091.8,0.849381849,-393.8184883
7800,-1439,11192,12973,14073,13640,9820,0.8,0.95,11365,0.833211144,-332.111437
7800,-1429,11363,13525,14101,14245,9824,0.81,0.95,12098.5,0.849315549,-393.1554932
7800,-1431,11236,13646,13952,14372,9825,0.81,0.95,12257.6,0.852880601,-428.8060117
7800,-1419,11357,13497,14091,14214,9823,0.81,0.95,12061.2,0.848543689,-385.4368932
7800,-1416,11318,13577,14020,14298,9816,0.81,0.95,12166.4,0.850916212,-409.1621206
7800,-1421,11294,13579,14096,14308,9808,0.8,0.95,12171.4,0.850670953,-506.7095331
7800,-1441,11297,13561,14101,14277,9803,0.8,0.95,12144.1,0.85060587,-506.0586958
7800,-1460,11422,13532,14157,14261,9803,0.81,0.95,12110.3,0.849190099,-391.9009887
7800,-1412,11333,13552,14131,14273,9808,0.8,0.95,12133.9,0.850129615,-501.2961536
7800,-1421,11309,13510,14068,14227,9815,0.8,0.95,12078.1,0.84895621,-489.5621002
7800,-1414,11387,13320,14114,14007,9822,0.81,0.95,11822.1,0.844013707,-340.1370743
7800,-1438,11277,13609,14078,14331,9823,0.8,0.95,12208.3,0.851880539,-518.8053869
7800,-1440,11256,13442,14028,14143,9823,0.8,0.95,11984.9,0.847408612,-474.0861203
7800,-1420,11381,13374,14100,14079,9819,0.81,0.95,11897.7,0.845067121,-350.6712124
7800,-1420,11344,13436,14073,14141,9816,0.81,0.95,11978.3,0.847061735,-370.6173538
7800,-1430,11266,13592,14067,14324,9813,0.8,0.95,12189.2,0.850963418,-509.6341804
7800,-1417,11394,13346,14123,14035,9812,0.81,0.95,11856.5,0.844780905,-347.8090488
7800,-1416,11417,13423,14142,14127,9809,0.81,0.95,11961.1,0.846683655,-366.8365541
7800,-1421,11358,13583,14142,14303,9804,0.8,0.95,12173.9,0.851143117,-511.4311683
7800,-1413,11313,13588,14088,14315,9798,0.8,0.95,12182.5,0.851030388,-510.3038771
7800,-1409,11258,13551,14006,14278,9796,0.8,0.95,12134.4,0.849866928,-498.6692814
7800,-1437,11371,13339,14095,14026,9796,0.81,0.95,11846.8,0.844631399,-346.3139883
7800,-1419,11314,13530,14105,14242,9806,0.8,0.95,12102.6,0.849782334,-497.8233394
7800,-1439,11259,13247,14103,13932,9816,0.8,0.95,11726.6,0.841702555,-417.0255527
7800,-1442,11269,13544,14052,14269,9826,0.8,0.95,12124.7,0.849723176,-497.2317612
7800,-1418,11316,13550,14099,14273,9826,0.8,0.95,12131.9,0.849989491,-499.8949065
7800,-1415,11382,13464,14112,14170,9836,0.81,0.95,12015,0.847918137,-379.1813691
7800,-1421,11372,13554,14151,14278,9860,0.8,0.95,12137.4,0.850077042,-500.770416
7800,-1423,11324,13489,14064,14208,9884,0.81,0.95,12051.4,0.848212275,-382.1227477
7800,-1441,11348,13590,14132,14313,9898,0.8,0.95,12183.9,0.851247118,-512.47118
7800,-1429,11354,13536,14131,14254,9898,0.8,0.95,12112.2,0.849740424,-497.4042374
7800,-1424,11405,13315,14138,14007,9864,0.81,0.95,11817.1,0.843656743,-336.5674306
7800,-1417,11293,13578,14102,14301,9829,0.8,0.95,12168.3,0.850870568,-508.7056849
7800,-1427,11362,13556,14086,14283,9794,0.81,0.95,12140.9,0.850024505,-400.2450466
7800,-1405,11314,13580,14079,14298,9794,0.8,0.95,12169.4,0.851126032,-511.2603161
7800,-1410,11379,13530,14094,14263,9797,0.81,0.95,12108.9,0.848972867,-389.7286686
7800,-1419,11366,13507,14130,14218,9805,0.8,0.95,12072.4,0.849092699,-490.926994
7800,-1438,11303,13587,14103,14311,9812,0.8,0.95,12180.3,0.851114527,-511.1452729
7800,-1412,11343,13555,14138,14275,9817,0.8,0.95,12137.5,0.850262697,-502.6269702
7800,-1423,11398,13572,14158,14293,9817,0.81,0.95,12159.9,0.850759113,-407.5911285
7800,-1401,11343,13577,14093,14292,9815,0.8,0.95,12164.6,0.851147495,-511.474951
7800,-1427,11387,13416,14131,14112,9813,0.81,0.95,11949.6,0.846768707,-367.6870748
7800,-1424,11327,13570,14128,14295,9811,0.8,0.95,12158.5,0.850542148,-505.421476
7800,-1418,11379,13563,14115,14281,9811,0.81,0.95,12147.3,0.850591695,-405.9169526
7800,-1434,11389,13284,14105,13972,9811,0.81,0.95,11775.6,0.842799885,-327.9988549
7801,-1410,11274,13564,14076,14285,9810,0.8,0.95,12149.5,0.850507525,-505.0752538
7800,-1414,11338,13568,14096,14286,9809,0.8,0.95,12153.8,0.850748985,-507.4898502
7800,-1419,11360,13552,14116,14272,9808,0.8,0.95,12133.6,0.850168161,-501.6816143
7800,-1412,11386,13559,14129,14278,9808,0.81,0.95,12142.4,0.850427231,-404.272307
7800,-1418,11359,13504,14112,14213,9807,0.8,0.95,12067.9,0.849074791,-490.7479068
7800,-1423,11257,13583,14048,14304,9806,0.8,0.95,12174.2,0.851104586,-511.0458613
7800,-1428,11293,13496,14048,14212,9805,0.8,0.95,12059.6,0.848550521,-485.5052069
7800,-1403,11348,13536,14108,14249,9804,0.8,0.95,12110.7,0.849933329,-499.3332865
7800,-1422,11316,13475,14056,14185,9805,0.81,0.95,12030.5,0.848114205,-381.1420515
7800,-1438,11404,13331,14133,14018,9809,0.81,0.95,11836.4,0.844371522,-343.7152233
7800,-1433,11385,13434,14108,14152,9813,0.81,0.95,11979.6,0.846495195,-364.9519503
7800,-1413,11309,13547,14069,14258,9817,0.8,0.95,12124.4,0.850357694,-503.5769393
7800,-1453,11255,13610,14046,14332,9817,0.8,0.95,12209.6,0.851911806,-519.1180575
7800,-1439,11387,13374,14099,14063,9815,0.81,0.95,11892.9,0.845687264,-356.8726445
7800,-1442,11385,13323,14105,14007,9812,0.81,0.95,11825.1,0.844227886,-342.2788606
7801,-1428,11323,13616,14104,14343,9809,0.8,0.95,12218.9,0.851906854,-519.0685352
7800,-1433,11398,13587,14186,14314,9808,0.8,0.95,12181.2,0.850999022,-509.9902194
7800,-1422,11217,13495,14035,14205,9808,0.8,0.95,12056.5,0.84875044,-487.5043999
7800,-1444,11270,13561,14057,14276,9813,0.8,0.95,12143.8,0.850644438,-506.4443822
7800,-1401,11168,13528,13876,14241,9818,0.8,0.95,12100.3,0.8496805,-496.8049996
7800,-1422,11331,13536,14087,14251,9823,0.8,0.95,12111.3,0.84985615,-498.5615045
7800,-1446,11257,13614,14067,14343,9823,0.8,0.95,12216.9,0.851767413,-517.6741268
7800,-1437,11424,13309,14150,13999,9823,0.81,0.95,11808.7,0.843538824,-335.388242
7800,-1418,11365,13562,14143,14283,9822,0.8,0.95,12146.9,0.850444584,-504.4458447
7800,-1421,11332,13342,14041,14034,9821,0.81,0.95,11852.2,0.844534701,-345.3470144
7800,-1419,11363,13412,14077,14108,9820,0.81,0.95,11944.4,0.846640204,-366.4020414
7800,-1444,11305,13652,14135,14380,9820,0.8,0.95,12266,0.852990264,-529.9026426
7800,-1413,11267,13467,14112,14172,9820,0.8,0.95,12018.6,0.848052498,-480.5249788
7800,-1431,11244,12922,14041,13589,9820,0.8,0.95,11298.7,0.831459269,-314.5926853
7800,-1441,11415,13480,14148,14203,9819,0.81,0.95,12040.9,0.847771598,-377.7159755
7800,-1426,11304,13304,13995,13996,9819,0.81,0.95,11802.8,0.843298085,-332.9808517
7800,-1434,11311,13593,14102,14316,9817,0.8,0.95,12187.8,0.851341157,-513.4115675
7801,-1412,11325,13523,14064,14247,9813,0.81,0.95,12097.1,0.849098056,-390.9805573
7800,-1407,11422,13457,14156,14170,9808,0.81,0.95,12008,0.847424135,-374.241355
7800,-1422,11344,13580,14143,14307,9805,0.8,0.95,12172.1,0.850779339,-507.7933879
7800,-1418,11296,13569,14080,14293,9806,0.8,0.95,12156.9,0.85054922,-505.492199
7800,-1445,11212,13597,14018,14322,9806,0.8,0.95,12193.6,0.851389471,-513.8947074
7800,-1448,11186,13639,14031,14360,9807,0.8,0.95,12247,0.852855153,-528.551532
7800,-1409,11374,13388,14088,14103,9808,0.81,0.95,11918.9,0.845132241,-351.3224137
7800,-1422,11388,13506,14123,14224,9808,0.81,0.95,12073.2,0.848790776,-387.9077615
7800,-1414,11379,13411,14085,14120,9808,0.81,0.95,11947,0.846104816,-361.0481586
7800,-1425,11344,13508,14090,14224,9811,0.81,0.95,12075.2,0.848931384,-389.3138358
7800,-1419,11233,13606,14044,14331,9813,0.8,0.95,12205.3,0.851671202,-516.7120229
7800,-1444,11340,13481,14102,14189,9815,0.8,0.95,12037.7,0.84838255,-483.8254986
7800,-1419,11426,13348,14160,14036,9815,0.81,0.95,11858.8,0.844884583,-348.845825
7800,-1422,11284,13608,14064,14334,9815,0.8,0.95,12208.2,0.85169527,-516.9526999
7800,-1432,11367,13631,14131,14360,9815,0.8,0.95,12239,0.85229805,-522.9805014
7800,-1411,11408,13316,14145,14004,9814,0.81,0.95,11817.2,0.843844616,-338.4461582
7800,-1429,11171,13247,13980,13933,9814,0.8,0.95,11726.9,0.841663676,-416.6367616
7800,-1424,11409,13323,14132,14011,9814,0.81,0.95,11826.3,0.844072514,-340.7251445
7800,-1412,11310,13559,14038,14280,9814,0.81,0.95,12143,0.85035014,-403.5014006
7800,-1429,11322,13612,14113,14341,9813,0.8,0.95,12214.3,0.851704902,-517.0490203
7801,-1418,11294,13551,14090,14276,9813,0.8,0.95,12133.8,0.849943962,-499.4396189
7800,-1406,11296,13557,14061,14281,9813,0.8,0.95,12141.3,0.850171557,-501.7155661
7800,-1412,11397,13507,14160,14226,9815,0.8,0.95,12074.8,0.848783917,-487.8391677
7800,-1428,11314,13475,14058,14199,9819,0.8,0.95,12034.7,0.847573773,-475.737728
7800,-1422,11452,13295,14187,13989,9822,0.81,0.95,11791.7,0.842926585,-329.2658517
7800,-1449,11165,13575,13984,14287,9823,0.8,0.95,12161.1,0.851200392,-512.0039196
7800,-1419,11310,13493,14033,14212,9823,0.81,0.95,12056.6,0.848339431,-383.3943147
7800,-1429,11376,13347,14098,14036,9823,0.81,0.95,11857.8,0.844813337,-348.1333713
7801,-1413,11378,13583,14142,14310,9823,0.8,0.95,12176,0.850873515,-508.7351502
7800,-1427,11381,13504,14156,14226,9823,0.8,0.95,12071.8,0.848573035,-485.7303529
7800,-1411,11382,13501,14133,14224,9823,0.81,0.95,12068.2,0.848439258,-384.3925759
7800,-1437,11214,13288,14036,13983,9820,0.8,0.95,11782.9,0.842658943,-426.58943
7800,-1436,11352,13534,14120,14258,9813,0.8,0.95,12111.4,0.849445925,-494.4592509
7800,-1420,11362,13470,14120,14184,9806,0.8,0.95,12025.2,0.847800338,-478.0033841
7800,-1440,11261,13289,14094,13985,9802,0.8,0.95,11784.5,0.842652842,-426.5284233
7800,-1422,11308,13543,14064,14257,9802,0.8,0.95,12120.1,0.850115733,-501.1573262
7800,-1423,11317,13499,14022,14216,9804,0.81,0.95,12063.8,0.848607203,-386.0720315
7800,-1430,11373,13329,14101,14024,9807,0.81,0.95,11836.2,0.843996007,-339.9600685
7801,-1446,11229,13282,14061,13972,9810,0.8,0.95,11773.6,0.842656742,-426.5674206
7801,-1419,11427,13556,14153,14280,9811,0.81,0.95,12140,0.850140056,-401.4005602
7800,-1419,11312,13544,14108,14261,9812,0.8,0.95,12122.3,0.850031555,-500.3155459
7800,-1413,11379,13511,14154,14234,9814,0.8,0.95,12081.2,0.848756499,-487.5649852
7800,-1443,11284,13290,14125,13979,9817,0.8,0.95,11783.7,0.842957293,-429.5729308
7800,-1413,11280,13430,14015,14138,9819,0.8,0.95,11971.4,0.84675343,-467.5343047
7800,-1430,11366,13609,14146,14338,9819,0.8,0.95,12210.4,0.851611103,-516.1110336
7800,-1413,11381,13321,14115,14009,9815,0.81,0.95,11823.7,0.844007424,-340.074238
7800,-1425,11261,13524,14028,14249,9812,0.8,0.95,12098.7,0.849091164,-490.9116429
7800,-1429,11401,13261,14130,13949,9808,0.81,0.95,11745.7,0.842046025,-320.460248
7800,-1428,11255,13594,14068,14321,9807,0.8,0.95,12190.3,0.85121849,-512.1849033
7800,-1439,11377,13530,14133,14256,9805,0.8,0.95,12106.8,0.849242424,-492.4242424
7800,-1433,11386,13542,14118,14258,9797,0.81,0.95,12119.4,0.850007014,-400.0701361
7800,-1429,11389,13393,14105,14091,9790,0.81,0.95,11920.3,0.845951316,-359.5131644
7800,-1440,11343,13421,14059,14125,9783,0.81,0.95,11958.5,0.846619469,-366.1946903
7800,-1422,11332,13575,14116,14297,9783,0.8,0.95,12164.1,0.850814856,-508.1485626
7801,-1419,11404,13529,14147,14244,9796,0.81,0.95,12102.2,0.849634934,-396.3493401
7800,-1438,11185,13573,13999,14287,9817,0.8,0.95,12159.1,0.851060405,-510.6040456
7800,-1417,11301,13440,14018,14142,9838,0.81,0.95,11982.6,0.847305897,-373.0589733
7800,-1436,11406,13419,14142,14110,9847,0.81,0.95,11952,0.847058824,-370.5882353
7800,-1419,11245,13494,13946,14210,9843,0.81,0.95,12057,0.848486981,-384.86981
7800,-1430,11286,13589,14107,14314,9823,0.8,0.95,12183.2,0.851138745,-511.3874528
7800,-1433,11412,13364,14134,14056,9803,0.81,0.95,11880.8,0.845247581,-352.475811
7800,-1414,11384,13325,14114,14014,9787,0.81,0.95,11829.2,0.844098758,-340.9875838
7800,-1457,11169,13264,13991,13944,9787,0.8,0.95,11747.2,0.842455536,-424.5553643
7800,-1451,11304,13564,14067,14279,9792,0.8,0.95,12147.7,0.850738847,-507.3884726
7800,-1426,11277,13586,14055,14312,9799,0.8,0.95,12179.6,0.851006149,-510.0614869
7800,-1431,11168,13543,13950,14264,9807,0.8,0.95,12122.2,0.849845766,-498.4576556
7800,-1432,11286,13480,14032,14192,9810,0.8,0.95,12037.6,0.848196167,-481.9616685
7800,-1430,11378,13277,14106,13969,9810,0.81,0.95,11767.7,0.842415348,-324.1534827
7800,-1416,11353,13524,14111,14242,9811,0.8,0.95,12096.6,0.849361045,-493.610448
7800,-1424,11341,13570,14117,14293,9813,0.8,0.95,12157.9,0.850619184,-506.1918422
7800,-1431,11332,13583,14087,14303,9814,0.8,0.95,12173.9,0.851143117,-511.4311683
7800,-1415,11368,13375,14077,14068,9814,0.81,0.95,11895.4,0.845564401,-355.6440148
7800,-1435,11299,13539,14102,14254,9813,0.8,0.95,12115.2,0.849950891,-499.5089098
7800,-1416,11309,13371,14001,14063,9809,0.81,0.95,11889.9,0.845473939,-354.739387
7800,-1432,11376,13349,14091,14040,9805,0.81,0.95,11861,0.84480057,-348.005698
7800,-1431,11261,13522,14093,14240,9803,0.8,0.95,12094,0.849297753,-492.9775281
7800,-1420,11286,13445,13992,14163,9803,0.81,0.95,11993.9,0.846847419,-368.4741933
7800,-1433,11409,13421,14133,14129,9806,0.81,0.95,11959.7,0.846464718,-364.6471796
7800,-1436,11368,13466,14089,14175,9809,0.81,0.95,12018.5,0.847865961,-378.659612
7800,-1444,11249,13590,14050,14316,9813,0.8,0.95,12184.8,0.851131601,-511.3160101
7800,-1437,11216,13595,14021,14312,9813,0.8,0.95,12188.6,0.851634992,-516.3499162
7800,-1429,11428,13400,14157,14094,9813,0.81,0.95,11928.2,0.846331772,-363.3177239
7800,-1418,11338,13585,14109,14310,9813,0.8,0.95,12178,0.851013277,-510.1327743
7800,-1417,11341,13305,14044,13996,9813,0.81,0.95,11803.8,0.843369534,-333.6953415
7800,-1422,11399,13602,14151,14328,9812,0.81,0.95,12200.4,0.851507538,-415.0753769
7800,-1430,11313,13581,14113,14302,9812,0.8,0.95,12171.6,0.851041812,-510.4181233
7800,-1415,11185,13594,13924,14314,9813,0.8,0.95,12188.2,0.851488054,-514.8805365
7800,-1425,11204,13312,13876,14001,9813,0.81,0.95,11812.3,0.843675452,-336.7545175
7800,-1418,11357,13411,14068,14110,9814,0.81,0.95,11944,0.84649185,-364.9184975
7800,-1420,11300,13473,14045,14191,9814,0.8,0.95,12030.3,0.847741526,-477.4152632
7800,-1419,11293,13549,14059,14264,9813,0.8,0.95,12128.2,0.850266405,-502.6640494
7800,-1420,11396,13523,14118,14229,9809,0.81,0.95,12091.7,0.849792677,-397.9267693
7800,-1417,11386,13252,14106,13935,9806,0.81,0.95,11732.5,0.841944743,-319.4474345
7800,-1422,11346,13489,14098,14195,9803,0.8,0.95,12047.5,0.848714336,-487.1433603
7800,-1423,11333,13561,14095,14273,9803,0.8,0.95,12142.9,0.850760177,-507.6017656
7800,-1434,11267,13568,14083,14282,9805,0.8,0.95,12152.6,0.850903235,-509.0323484
7800,-1431,11287,12960,14073,13630,9808,0.8,0.95,11349,0.832648569,-326.4856933
7800,-1441,11306,13572,14113,14292,9812,0.8,0.95,12159.6,0.850797649,-507.9764903
7800,-1442,11351,13476,14116,14177,9813,0.8,0.95,12029.1,0.84849404,-484.9403964
7800,-1439,11317,13537,14103,14248,9814,0.8,0.95,12111.4,0.850042111,-500.4211117
7800,-1408,11354,13471,14094,14185,9817,0.81,0.95,12026.5,0.847832217,-378.3221713
7800,-1408,11376,13493,14108,14211,9820,0.81,0.95,12056.3,0.848378017,-383.7801703
7800,-1421,11233,13612,14020,14328,9823,0.8,0.95,12210.4,0.852205472,-522.054718
7800,-1410,11373,13528,14113,14247,9822,0.81,0.95,12102.1,0.849449007,-394.4900681
7800,-1418,11423,13501,14156,14212,9820,0.81,0.95,12064.6,0.848902336,-389.0233605
7800,-1414,11312,13729,14022,14454,9817,0.81,0.95,12365.2,0.855486371,-454.8637055
7800,-1441,11253,13254,14082,13940,9813,0.8,0.95,11736,0.841893831,-418.938307
7800,-1430,11394,13373,14119,14065,9812,0.81,0.95,11892.5,0.845538571,-355.3857092
7800,-1434,11347,13539,14084,14257,9812,0.81,0.95,12116.1,0.849835169,-398.3516869
7800,-1427,11383,13576,14117,14296,9812,0.81,0.95,12164.8,0.850923335,-409.233352
7800,-1421,11092,13350,13771,14052,9813,0.81,0.95,11865.6,0.84440649,-344.0649018
7800,-1438,11074,13227,13854,13908,9813,0.8,0.95,11699.4,0.84119931,-411.9930975
7800,-1420,11421,13346,14153,14036,9813,0.81,0.95,11856.8,0.844742092,-347.4209176
7800,-1417,11286,13539,14071,14255,9814,0.8,0.95,12115.5,0.849912311,-499.1231147
7800,-1444,11444,13320,14178,14009,9817,0.81,0.95,11822.7,0.843936041,-339.3604112
7800,-1415,11191,13591,14016,14311,9820,0.8,0.95,12184.3,0.851394033,-513.9403256
7800,-1433,11234,13581,14048,14303,9821,0.8,0.95,12171.9,0.851003286,-510.0328602
7800,-1444,11390,13329,14117,14020,9821,0.81,0.95,11835,0.844151213,-341.5121255
7800,-1423,11155,13607,13909,14332,9817,0.8,0.95,12206.6,0.851702484,-517.0248395
7800,-1429,11312,13579,14084,14305,9813,0.8,0.95,12170.5,0.850786438,-507.8643831
7800,-1424,11418,13532,14148,14258,9808,0.81,0.95,12109.4,0.849305653,-393.0565297
7800,-1417,11449,13384,14183,14079,9807,0.81,0.95,11907.7,0.845777399,-357.7739896
7800,-1421,11307,13546,14076,14261,9806,0.8,0.95,12124.3,0.850171797,-501.7179721
7800,-1422,11335,13589,14104,14310,9804,0.8,0.95,12182,0.851292802,-512.9280224
7800,-1434,11398,13544,14173,14264,9802,0.8,0.95,12123.2,0.849915872,-499.1587213
7800,-1425,11262,13563,14083,14284,9801,0.8,0.95,12148.2,0.850476057,-504.7605713
7800,-1415,11392,13474,14105,14193,9801,0.81,0.95,12031.9,0.847734799,-377.3479884
7800,-1447,11430,13407,14163,14116,9803,0.81,0.95,11941.8,0.845976197,-359.7619722
7800,-1421,11303,13561,14076,14283,9805,0.8,0.95,12145.9,0.850374571,-503.7457117
7800,-1428,11321,13533,14041,14250,9807,0.81,0.95,12108,0.849684211,-396.8421053
7800,-1410,11331,13560,14074,14284,9808,0.81,0.95,12145.2,0.850266032,-402.6603192
7800,-1412,11373,13290,14096,13981,9809,0.81,0.95,11784.3,0.842879622,-328.7962234
7800,-1411,11399,13417,14125,14118,9814,0.81,0.95,11952.4,0.846607168,-366.0716815
7800,-1418,11278,13546,14054,14268,9819,0.8,0.95,12126.4,0.849901878,-499.0187833
7800,-1437,11461,13396,14202,14094,9823,0.81,0.95,11924.2,0.846047964,-360.4796367
7800,-1412,11252,13578,14062,14306,9823,0.8,0.95,12169.8,0.850678037,-506.7803719
7800,-1438,11179,13573,13897,14292,9822,0.8,0.95,12160.6,0.850867618,-508.6761825
7800,-1437,11384,13255,14115,13936,9819,0.81,0.95,11735.8,0.842121125,-321.2112514
7800,-1421,11285,13551,14045,14265,9816,0.8,0.95,12130.5,0.850368034,-503.6803365
7800,-1441,11321,13550,14106,14278,9815,0.8,0.95,12133.4,0.84979689,-497.9689032
7800,-1425,11342,13517,14064,14240,9814,0.81,0.95,12089,0.848946629,-389.4662921
7800,-1426,11330,13520,14132,14228,9810,0.8,0.95,12088.4,0.849620467,-496.2046669
7800,-1422,11401,13432,14130,14140,9805,0.81,0.95,11974,0.846817539,-368.175389
7800,-1429,11336,13545,14074,14271,9801,0.81,0.95,12126.3,0.849716208,-397.1620769
7800,-1418,11458,13584,14243,14313,9801,0.8,0.95,12177.9,0.850827919,-508.2791868
7800,-1422,11300,13599,14109,14325,9803,0.8,0.95,12196.5,0.851413613,-514.1361257
7800,-1419,11131,13546,13828,14269,9805,0.8,0.95,12126.7,0.84986334,-498.6334011
7800,-1432,11374,13508,14115,14220,9807,0.81,0.95,12074,0.849085795,-390.8579466
7800,-1447,11290,13508,14081,14226,9808,0.8,0.95,12075.8,0.848854211,-488.542106
7800,-1455,11260,13577,14042,14306,9808,0.8,0.95,12168.8,0.850608136,-506.0813645
7800,-1430,11310,13555,14093,14274,9816,0.8,0.95,12137.2,0.850301247,-503.0124702
7800,-1410,11335,13456,14050,14166,9824,0.81,0.95,12005.8,0.847508118,-375.0811803
7800,-1431,11347,13530,14087,14251,9831,0.81,0.95,12105.3,0.849435127,-394.3512736
7800,-1422,11372,13498,14111,14212,9831,0.81,0.95,12061.6,0.848691247,-386.9124683
7800,-1435,11362,13574,14153,14298,9830,0.8,0.95,12163.4,0.850706393,-507.063925
7800,-1411,11346,13517,14109,14236,9827,0.8,0.95,12087.8,0.849100871,-491.0087103
7800,-1407,11368,13429,14084,14141,9825,0.81,0.95,11971.3,0.846566721,-365.6672088
7800,-1428,11429,13363,14166,14056,9823,0.81,0.95,11879.8,0.845176437,-351.7643711
7800,-1436,11377,13492,14124,14216,9822,0.81,0.95,12056.8,0.8481148,-381.1480023
7800,-1427,11284,13547,14017,14268,9818,0.81,0.95,12127.4,0.849971965,-399.7196524
7800,-1426,11373,13461,14098,14184,9813,0.81,0.95,12016.2,0.847165821,-371.6582064
7800,-1414,11376,13472,14120,14178,9807,0.81,0.95,12025.4,0.848173226,-381.7322612
7800,-1445,11344,13488,14147,14199,9806,0.8,0.95,12047.7,0.84848933,-484.8933023
7800,-1413,11242,13573,14051,14296,9808,0.8,0.95,12161.8,0.850713486,-507.1348629
7800,-1441,11352,13623,14151,14345,9813,0.8,0.95,12226.5,0.852317881,-523.1788079
7800,-1422,11184,13665,14018,14389,9818,0.8,0.95,12281.7,0.853547849,-535.4784905
7800,-1430,11339,13429,14068,14136,9821,0.81,0.95,11969.8,0.846760045,-367.6004527
7800,-1445,11332,13513,14114,14230,9821,0.8,0.95,12082,0.8490513,-490.5130007
7800,-1431,11283,13584,14075,14307,9820,0.8,0.95,12176.1,0.851058922,-510.5892221
7800,-1432,11399,13404,14125,14110,9818,0.81,0.95,11937,0.845995748,-359.957477
7800,-1425,11319,13508,14051,14215,9816,0.81,0.95,12072.5,0.849278931,-392.7893071
7800,-1416,11331,13544,14096,14262,9815,0.8,0.95,12122.6,0.849992988,-499.9298836
7800,-1413,11368,13424,14080,14129,9816,0.81,0.95,11962.7,0.846677047,-366.7704721
7800,-1430,11285,13596,14089,14319,9817,0.8,0.95,12191.7,0.851435156,-514.3515609
7800,-1446,11463,13359,14196,14051,9819,0.81,0.95,11874.3,0.845085759,-350.8575902
7800,-1423,11211,13571,14030,14287,9820,0.8,0.95,12157.1,0.850920417,-509.2041716
7800,-1409,11412,13399,14139,14112,9820,0.81,0.95,11932.6,0.845564059,-355.6405896
7800,-1421,11354,13513,14100,14235,9818,0.81,0.95,12083.5,0.848858447,-388.5844749
7800,-1430,11333,13511,14093,14229,9815,0.8,0.95,12079.7,0.848949329,-489.4932884
7800,-1436,11410,13336,14136,14028,9813,0.81,0.95,11844.4,0.844339892,-343.3989165
7800,-1431,11257,13258,14089,13950,9812,0.8,0.95,11743,0.841792115,-417.921147
7800,-1410,11330,13577,14088,14309,9812,0.8,0.95,12169.7,0.850492697,-504.926969
7800,-1417,11392,13478,14116,14188,9809,0.81,0.95,12034.4,0.848209755,-382.0975472
7800,-1416,11315,13549,14068,14271,9807,0.8,0.95,12130.3,0.849996496,-499.9649639
7800,-1439,11357,13598,14140,14330,9805,0.8,0.95,12197,0.851151431,-511.5143057
7800,-1422,11189,13603,14028,14321,9805,0.8,0.95,12199.3,0.851846938,-518.4693806
7800,-1416,11296,13550,14043,14275,9805,0.8,0.95,12132.5,0.849912434,-499.1243433
7800,-1446,11353,13532,14131,14250,9804,0.8,0.95,12107,0.849614035,-496.1403509
7800,-1434,11418,13380,14140,14087,9803,0.81,0.95,11906.1,0.845183503,-351.8350252
7800,-1415,11413,13484,14146,14197,9803,0.81,0.95,12043.1,0.848284849,-382.8484891
7800,-1415,11375,13549,14118,14272,9803,0.81,0.95,12130.6,0.84995796,-399.5795964
7800,-1418,11335,13559,14131,14287,9801,0.8,0.95,12145.1,0.850080493,-500.8049276
7800,-1416,11387,13256,14106,13947,9799,0.81,0.95,11740.1,0.841765254,-317.6525418
7800,-1408,11337,13403,14035,14100,9797,0.81,0.95,11933,0.846312057,-363.1205674
7800,-1414,11391,13443,14116,14142,9797,0.81,0.95,11985.6,0.847518031,-375.180314
7800,-1410,11373,13341,14087,14028,9797,0.81,0.95,11849.4,0.844696322,-346.9632164
7800,-1413,11269,13382,13951,14084,9800,0.81,0.95,11907.2,0.845441636,-354.416359
7800,-1432,11377,13376,14093,14077,9803,0.81,0.95,11899.1,0.845286638,-352.8663778
7800,-1422,11389,13309,14110,13998,9804,0.81,0.95,11808.4,0.843577654,-335.7765395
7800,-1417,11341,13517,14070,14238,9804,0.81,0.95,12088.4,0.849023739,-390.2373929
7800,-1424,11318,13532,14113,14252,9802,0.8,0.95,12107.6,0.849536907,-495.369071
7800,-1439,11325,13596,14112,14328,9800,0.8,0.95,12194.4,0.851088777,-510.8877722
7800,-1430,11392,13295,14122,13988,9798,0.81,0.95,11791.4,0.842965399,-329.6539891
7800,-1413,11349,13568,14116,14293,9797,0.8,0.95,12155.9,0.850479256,-504.7925558
7800,-1420,11337,13642,14112,14374,9799,0.8,0.95,12254.2,0.852525393,-525.2539307
7800,-1422,11136,13639,13959,14371,9806,0.8,0.95,12250.3,0.852431981,-524.3198107
7800,-1430,11375,13422,14094,14143,9813,0.81,0.95,11964.9,0.845994485,-359.944849
7800,-1425,11295,13530,14056,14250,9818,0.8,0.95,12105,0.849473684,-494.7368421
7800,-1416,11398,13309,14119,14003,9818,0.81,0.95,11809.9,0.843383561,-333.8356067
7800,-1434,11326,13551,14139,14276,9819,0.8,0.95,12133.8,0.849943962,-499.4396189
7800,-1426,11375,13324,14094,14020,9819,0.81,0.95,11830,0.843794579,-337.9457917
7800,-1402,11373,13440,14090,14154,9820,0.81,0.95,11986.2,0.846841882,-368.4188215
7800,-1430,11326,13574,14121,14296,9820,0.8,0.95,12162.8,0.850783436,-507.8343593
7800,-1397,11413,13439,14137,14138,9820,0.81,0.95,11980.4,0.847390013,-373.9001273
7800,-1432,11352,13552,14130,14279,9817,0.8,0.95,12135.7,0.849898452,-498.9845227
7800,-1422,11214,13595,14055,14323,9814,0.8,0.95,12191.9,0.851211338,-512.1133841
7800,-1421,11415,13327,14150,14024,9812,0.81,0.95,11834.2,0.843853394,-338.5339418
7800,-1447,11282,13246,14127,13928,9812,0.8,0.95,11724.4,0.84178633,-417.863297
7800,-1422,11265,13560,14028,14280,9811,0.8,0.95,12144,0.850420168,-504.2016807
7800,-1440,11301,13519,14066,14240,9810,0.8,0.95,12091,0.849087079,-490.8707865
7800,-1421,11368,13602,14110,14328,9808,0.81,0.95,12200.4,0.851507538,-415.0753769
7800,-1426,11378,13533,14119,14249,9808,0.81,0.95,12107.7,0.849722788,-397.2278756
7800,-1424,11321,13558,14098,14290,9808,0.8,0.95,12145,0.849895031,-498.9503149
7800,-1430,11305,13546,14095,14272,9807,0.8,0.95,12127.6,0.849747758,-497.4775785
7801,-1442,11390,13579,14178,14312,9806,0.8,0.95,12172.6,0.850517049,-505.1704863
7800,-1422,11234,13536,14067,14258,9805,0.8,0.95,12113.4,0.849586197,-495.8619722
7800,-1430,11261,13550,13996,14277,9805,0.8,0.95,12133.1,0.8498354,-498.3539959
7800,-1420,11395,13462,14132,14167,9805,0.81,0.95,12012.1,0.847892991,-378.9299075
7800,-1407,11415,13440,14161,14157,9805,0.81,0.95,11987.1,0.846726001,-367.2600127
7800,-1439,11306,13538,14081,14259,9805,0.8,0.95,12115.7,0.849687916,-496.879164
7800,-1412,11322,13564,14121,14287,9805,0.8,0.95,12150.1,0.850430461,-504.3046126
7800,-1414,11280,13541,14046,14262,9804,0.8,0.95,12119.6,0.849782639,-497.8263918
7800,-1420,11228,13603,14059,14326,9807,0.8,0.95,12200.8,0.851654335,-516.5433478
7800,-1416,11392,13353,14112,14052,9809,0.81,0.95,11868.6,0.844619983,-346.1998292
7800,-1427,11390,13557,14154,14289,9812,0.8,0.95,12143.7,0.849863531,-498.6353139
7800,-1448,11250,13561,14073,14285,9812,0.8,0.95,12146.5,0.850297515,-502.9751488
7800,-1431,11157,13522,13840,14245,9810,0.81,0.95,12095.5,0.849104949,-391.049491
7800,-1417,11293,13541,14054,14254,9806,0.8,0.95,12117.2,0.850091202,-500.9120247
7800,-1427,11369,13443,14104,14158,9803,0.81,0.95,11990.4,0.84689928,-368.9927956
7800,-1436,11311,13578,14083,14306,9800,0.8,0.95,12169.8,0.850678037,-506.7803719
7800,-1423,11373,13444,14129,14152,9800,0.8,0.95,11989.6,0.847201809,-472.0180893
7800,-1412,11379,13473,14095,14188,9805,0.81,0.95,12029.4,0.847857344,-378.5734423
7800,-1439,11415,13472,14135,14176,9811,0.81,0.95,12024.8,0.848250564,-382.5056433
7800,-1413,11369,13262,14090,13953,9817,0.81,0.95,11747.9,0.841962302,-319.6230201
7800,-1438,11307,13587,14093,14305,9818,0.8,0.95,12178.5,0.851345683,-513.4568333
7800,-1419,11238,13544,14050,14269,9817,0.8,0.95,12124.7,0.849723176,-497.2317612
7800,-1431,11350,13342,14061,14043,9814,0.81,0.95,11854.9,0.844185715,-341.857153
7800,-1430,11408,13526,14135,14240,9810,0.81,0.95,12098,0.849578652,-395.7865169
7800,-1414,11334,13522,14073,14250,9807,0.81,0.95,12097,0.848912281,-389.122807
7800,-1403,11194,13584,13960,14314,9807,0.8,0.95,12178.2,0.850789437,-507.8943691
7800,-1446,11358,13456,14105,14158,9812,0.81,0.95,12003.4,0.847817488,-378.1748835
7800,-1406,11273,13545,14063,14268,9817,0.8,0.95,12125.4,0.849831791,-498.3179142
7800,-1452,11411,13319,14143,14013,9824,0.81,0.95,11822.9,0.843709413,-337.0941269
7800,-1413,11364,13492,14096,14203,9825,0.81,0.95,12052.9,0.848616489,-386.1648947
7800,-1423,11358,13335,14076,14032,9825,0.81,0.95,11844.6,0.844113455,-341.1345496
7800,-1438,11428,13426,14188,14134,9824,0.81,0.95,11966.2,0.846625159,-366.2515919
7800,-1416,11394,13473,14114,14196,9824,0.81,0.95,12031.8,0.847548605,-375.4860524
7800,-1449,11199,13225,14029,13915,9823,0.8,0.95,11699.5,0.840783327,-407.8332734
7800,-1426,11422,13461,14157,14177,9824,0.81,0.95,12014.1,0.847435988,-374.3598787
7800,-1428,11347,13435,14073,14148,9823,0.81,0.95,11979.4,0.846720385,-367.2038451
7800,-1430,11361,13579,14114,14304,9821,0.8,0.95,12170.2,0.850824944,-508.2494407
7800,-1402,11388,13373,14102,14073,9819,0.81,0.95,11894.9,0.845228452,-352.2845164
7800,-1414,11326,13588,14091,14316,9818,0.8,0.95,12182.8,0.850991897,-509.9189718
7800,-1389,11393,13518,14111,14244,9818,0.81,0.95,12091.2,0.848862679,-388.6267902
7800,-1421,11326,13556,14105,14274,9817,0.8,0.95,12138.2,0.850371304,-503.7130447
7800,-1428,11242,13534,14079,14251,9816,0.8,0.95,12109.3,0.849715809,-497.1580942
7800,-1426,11167,13630,13978,14362,9815,0.8,0.95,12238.6,0.852151511,-521.5151093
7800,-1436,11427,13302,14160,13991,9815,0.81,0.95,11799.3,0.843349296,-333.4929598
7800,-1413,11363,13529,14090,14249,9814,0.81,0.95,12103.7,0.849442066,-394.4206611
7800,-1409,11333,13533,14088,14253,9814,0.8,0.95,12108.9,0.849568512,-495.6851189
7800,-1433,11344,13489,14122,14206,9814,0.8,0.95,12050.8,0.848289455,-482.8945516
7800,-1416,11333,13521,14069,14241,9814,0.81,0.95,12093.3,0.849188961,-391.8896145
7800,-1425,11310,13571,14103,14297,9814,0.8,0.95,12160.1,0.850535077,-505.3507729
7800,-1416,11380,13364,14097,14055,9816,0.81,0.95,11880.5,0.845286375,-352.8637496
7800,-1424,11486,13579,14244,14311,9817,0.81,0.95,12172.3,0.850555517,-405.5551674
7800,-1422,11417,13293,14147,13982,9818,0.81,0.95,11787.6,0.843055357,-330.5535689
7800,-1412,11332,13307,14050,14015,9818,0.81,0.95,11811.5,0.842775598,-327.7559757
7800,-1425,11444,13284,14180,13974,9818,0.81,0.95,11776.2,0.842722198,-327.2219837
7800,-1431,11355,13450,14070,14154,9816,0.81,0.95,11996.2,0.847548396,-375.4839621
7800,-1396,11365,13535,14103,14257,9814,0.81,0.95,12112.1,0.849554605,-395.5460476
7800,-1408,11313,13501,14035,14220,9813,0.81,0.95,12067,0.84859353,-385.9353024
7800,-1407,11350,13470,14081,14178,9813,0.81,0.95,12023.4,0.848032163,-380.3216251
7800,-1411,11358,13470,14116,14183,9809,0.8,0.95,12024.9,0.847838962,-478.3896214
7800,-1413,11325,13547,14080,14277,9805,0.8,0.95,12130.1,0.849625271,-496.2527142
7800,-1444,11362,13630,14194,14363,9800,0.8,0.95,12238.9,0.852113068,-521.130683
7800,-1421,11251,13613,14105,14342,9799,0.8,0.95,12215.6,0.85173616,-517.3615953
7800,-1408,11365,13541,14084,14264,9800,0.81,0.95,12120.2,0.849705552,-397.0555244
7800,-1437,11381,13304,14106,13995,9803,0.81,0.95,11802.5,0.843336906,-333.3690604
7800,-1419,11394,13475,14117,14189,9806,0.81,0.95,12031.7,0.847959687,-379.5968708
7800,-1428,11390,13342,14114,14039,9809,0.81,0.95,11853.7,0.844340765,-343.4076501
