ECS,NSC,FA,FB,NA,NB,OM,FA/NA,FB/NB,FBprime,Fbprime/NB,NSCprime
4065,-19,13852,14162,17465,17629,2950,0.79,0.8,13750.7,0.780004538,99.95462023
4065,-16,14399,13983,17945,17367,2950,0.8,0.81,13493.1,0.776939022,230.6097772
4065,3,14403,14401,18027,17930,2950,0.8,0.8,14080,0.785276074,147.2392638
4065,8,14442,14212,18002,17660,2946,0.8,0.8,13810,0.781993205,180.0679502
4065,8,14279,14305,17845,17806,2940,0.8,0.8,13946.8,0.783264068,167.3593171
4065,0,14393,14338,17941,17842,2935,0.8,0.8,13990.6,0.784138549,158.6145051
4064,-4,14371,14321,17944,17822,2933,0.8,0.8,13967.6,0.783727977,162.7202334
4065,-7,14391,14314,17958,17826,2933,0.8,0.8,13961.8,0.783226747,167.7325255
4065,-6,14410,14173,17973,17611,2935,0.8,0.8,13756.3,0.781119755,188.802453
4065,-3,14394,14215,17954,17673,2938,0.8,0.8,13816.9,0.781808408,181.9159169
4065,5,14488,14333,18064,17852,2939,0.8,0.8,13988.6,0.783587273,164.1272687
4065,-1,14221,14330,17738,17843,2939,0.8,0.8,13982.9,0.783663061,163.3693886
4066,1,14354,14365,17959,17882,2940,0.8,0.8,14029.6,0.784565485,154.3451515
4065,-2,14115,14452,17765,18006,2949,0.79,0.8,14153.8,0.786060202,39.39797845
4065,-6,14280,13953,17961,17371,2958,0.8,0.8,13464.3,0.775102182,248.978182
4065,-2,14386,14181,17924,17627,2966,0.8,0.8,13769.1,0.781136892,188.6310773
4065,5,14261,14386,17855,17919,2966,0.8,0.8,14061.7,0.784736871,152.6312852
4065,4,14419,14414,18013,17951,2965,0.8,0.8,14099.3,0.785432566,145.6743357
4065,2,14403,14132,17950,17548,2958,0.8,0.81,13696.4,0.780510599,194.894005
4065,-13,14447,14133,18011,17560,2952,0.8,0.8,13701,0.78023918,197.6082005
4065,-8,14239,14359,17884,17872,2947,0.8,0.8,14020.6,0.784500895,154.9910474
4065,-7,14370,14285,17974,17769,2948,0.8,0.8,13915.7,0.783144803,168.5519725
4065,-1,14386,14228,17953,17689,2949,0.8,0.8,13834.7,0.782107524,178.9247555
4065,11,14436,14218,17993,17697,2953,0.8,0.8,13827.1,0.781324518,186.7548172
4065,0,14387,14337,17945,17849,2956,0.8,0.8,13991.7,0.783892655,161.0734495
4065,-6,14356,14429,17985,17960,2958,0.8,0.8,14117,0.786024499,139.7550111
4065,-17,14377,14200,17919,17654,2958,0.8,0.8,13796.2,0.781477286,185.227144
4065,-19,14280,14406,17896,17940,2953,0.8,0.8,14088,0.785284281,147.1571906
4065,8,14413,14252,17958,17738,2945,0.8,0.8,13873.4,0.782128763,178.7123689
4065,0,14369,14319,18007,17824,2936,0.8,0.8,13966.2,0.78356149,164.3850987
4065,6,14395,14291,17991,17781,2933,0.8,0.8,13925.3,0.783156178,168.4382206
4065,-7,14431,14263,17998,17755,2933,0.8,0.8,13889.5,0.78228668,177.1332019
4065,3,14383,14395,17992,17935,2936,0.8,0.8,14075.5,0.784806245,151.9375523
4065,-5,14359,14353,17971,17880,2941,0.8,0.8,14017,0.783948546,160.5145414
4065,3,14294,14406,17928,17941,2947,0.8,0.8,14088.3,0.785257232,147.4276796
4065,-3,14418,14098,17972,17506,2949,0.8,0.81,13649.8,0.779721238,202.7876157
4065,1,14323,14346,17930,17867,2949,0.8,0.8,14006.1,0.783908882,160.911177
4065,-19,14305,13745,17935,17066,2952,0.8,0.81,13164.8,0.771405133,285.9486699
4066,-11,14365,14368,17952,17887,2955,0.8,0.8,14034.1,0.784597753,154.0224744
4065,8,14465,14344,18094,17849,2959,0.8,0.8,13998.7,0.784284834,157.1516612
4065,6,14047,14353,17585,17863,2960,0.8,0.8,14011.9,0.784409114,155.9088619
4065,12,14272,14323,17946,17827,2960,0.8,0.8,13971.1,0.783704493,162.9550682
4065,4,14405,14318,17991,17828,2959,0.8,0.8,13966.4,0.783396904,166.0309625
4065,-8,14230,14183,17868,17640,2957,0.8,0.8,13775,0.780895692,191.0430839
4065,-12,14344,13964,18026,17358,2955,0.8,0.8,13471.4,0.776091716,239.0828436
4065,-16,14312,14333,17949,17850,2955,0.8,0.8,13988,0.783641457,163.5854342
4065,-5,14353,14099,17885,17511,2955,0.8,0.81,13652.3,0.779641368,203.5863172
4065,2,14389,14316,17962,17820,2953,0.8,0.8,13962,0.783501684,164.983165
4065,-16,14394,14301,17968,17799,2952,0.8,0.8,13940.7,0.783229395,167.7060509
4065,13,14274,14330,17825,17837,2952,0.8,0.8,13981.1,0.783825755,161.7424455
4065,2,14423,14339,18000,17853,2952,0.8,0.8,13994.9,0.783896264,161.0373607
4065,-2,14295,14404,17966,17938,2951,0.8,0.8,14085.4,0.785226893,147.7310737
4065,-14,14303,14341,17955,17866,2948,0.8,0.8,14000.8,0.783656107,163.4389343
4065,-12,14336,14492,17998,18048,2945,0.8,0.8,14206.4,0.78714539,128.5460993
4065,-5,14421,14287,17987,17801,2943,0.8,0.8,13927.3,0.78238863,176.1137015
4065,8,14353,14310,17940,17811,2943,0.8,0.8,13953.3,0.783409129,165.9087081
4065,-19,14328,14338,17903,17860,2944,0.8,0.8,13996,0.783650616,163.493841
4065,-12,14321,14356,17903,17879,2945,0.8,0.8,14019.7,0.784143408,158.5659153
4065,4,14431,14142,17987,17578,2947,0.8,0.8,13715.4,0.780259415,197.4058482
4065,10,14455,14210,18022,17678,2947,0.8,0.8,13813.4,0.781389297,186.1070257
4065,-2,14423,14161,17973,17589,2948,0.8,0.81,13737.7,0.781039286,189.6071408
4065,-3,14303,14346,17887,17856,2948,0.8,0.8,14002.8,0.784206989,157.9301075
4065,-12,14405,14347,18014,17856,2948,0.8,0.8,14003.8,0.784262993,157.3700717
4065,11,14397,14374,17991,17898,2948,0.8,0.8,14043.4,0.784635155,153.6484523
4065,-2,14357,14356,17930,17879,2948,0.8,0.8,14019.7,0.784143408,158.5659153
4065,7,14421,14373,17998,17897,2948,0.8,0.8,14042.1,0.784606359,153.9364139
4065,-7,14322,14396,17961,17935,2950,0.8,0.8,14076.5,0.784862002,151.3799833
4065,-7,14353,14389,17953,17920,2953,0.8,0.8,14065,0.784877232,151.2276786
4065,-2,14323,14426,17955,17956,2956,0.8,0.8,14112.8,0.785965694,140.3430608
4065,-8,14397,14168,17940,17617,2957,0.8,0.8,13753.1,0.780672078,193.2792189
4065,1,14378,14104,17906,17521,2956,0.8,0.8,13660.3,0.779652988,203.4701216
4065,1,14386,14286,17964,17787,2953,0.8,0.8,13922.1,0.782712093,172.879069
4066,-6,14399,14157,17956,17580,2950,0.8,0.81,13731,0.78105802,189.4197952
4065,10,14128,14284,17638,17776,2945,0.8,0.8,13916.8,0.78289829,171.0171017
4065,7,13946,14313,17406,17813,2945,0.8,0.8,13956.9,0.78352327,164.7673048
4065,11,14316,14327,17938,17833,2945,0.8,0.8,13976.9,0.783766052,162.339483
4065,-12,14254,14416,17950,17943,2951,0.79,0.8,14098.9,0.785760464,42.39536309
4065,4,14324,14204,17853,17683,2958,0.8,0.8,13808.9,0.780913872,190.8612792
4065,8,14357,14042,17896,17492,2965,0.8,0.8,13589.6,0.776903727,230.9627258
4065,-1,14043,14403,17587,17930,2965,0.8,0.8,14082,0.785387619,146.1238148
4065,-11,14376,14293,17929,17796,2965,0.8,0.8,13931.8,0.782861317,171.3868285
4065,-2,14452,14043,18017,17436,2961,0.8,0.81,13573.8,0.778492774,215.0722643
4065,-11,14480,14123,18055,17547,2958,0.8,0.8,13687.1,0.780025076,199.7492449
4065,-8,14423,14409,18004,17938,2953,0.8,0.8,14090.4,0.785505631,144.9436949
4065,-8,14481,14157,18044,17595,2953,0.8,0.8,13735.5,0.780647911,193.5208866
4065,3,14253,14371,17887,17896,2952,0.8,0.8,14039.8,0.784521681,154.7831918
4065,-20,14415,14292,17954,17796,2947,0.8,0.8,13930.8,0.782805125,171.9487525
4065,-19,14362,14380,18025,17902,2942,0.8,0.8,14050.6,0.784862027,151.3797341
4065,-27,14255,14327,17830,17830,2938,0.8,0.8,13976,0.783847448,161.5255188
4065,4,14350,14244,17894,17721,2938,0.8,0.8,13860.3,0.782139834,178.601659
4065,0,14381,14340,18012,17847,2940,0.8,0.8,13994.1,0.784114977,158.8502269
4065,1,14422,14206,17986,17649,2944,0.8,0.8,13800.7,0.781953652,180.4634824
4065,2,14391,14260,17980,17733,2947,0.8,0.8,13879.9,0.782715841,172.8415948
4065,-25,14399,14054,17954,17449,2950,0.8,0.81,13588.7,0.778766692,212.333085
4065,-13,14332,14380,17910,17902,2950,0.8,0.8,14050.6,0.784862027,151.3797341
4065,-3,14348,14324,17931,17835,2948,0.8,0.8,13974.5,0.783543594,164.5640594
4065,-12,14422,14210,18016,17651,2946,0.8,0.81,13805.3,0.782125659,178.743414
4065,16,14375,14297,17923,17792,2943,0.8,0.8,13934.6,0.783194694,168.0530576
4065,-1,14297,14387,17936,17916,2942,0.8,0.8,14061.8,0.784873856,151.2614423
4065,-8,14403,14340,18000,17859,2942,0.8,0.8,13997.7,0.783789686,162.1031413
4065,0,14391,14357,18034,17885,2946,0.8,0.8,14022.5,0.784036902,159.6309757
4066,-10,14378,14407,18003,17936,2951,0.8,0.8,14087.8,0.78544826,145.5173952
4065,-8,14412,14273,17954,17756,2956,0.8,0.8,13899.8,0.782822708,171.7729218
4065,0,14316,14364,17954,17875,2958,0.8,0.8,14026.5,0.784699301,153.006993
4065,0,14411,14228,17969,17700,2959,0.8,0.8,13838,0.78180791,181.920904
4065,9,14426,14381,18055,17906,2959,0.8,0.8,14052.8,0.784809561,151.9043896
4065,9,14401,14309,18001,17798,2960,0.8,0.8,13948.4,0.783706034,162.9396561
4065,-8,14025,14087,17470,17500,2961,0.8,0.8,13637,0.779257143,207.4285714
4065,13,14096,14291,17740,17791,2961,0.79,0.8,13928.3,0.782884605,71.15395425
4065,-6,14278,14448,17920,17990,2961,0.8,0.8,14145,0.78627015,137.2984992
4065,-15,14306,14334,17943,17849,2953,0.8,0.8,13988.7,0.783724578,162.7542159
4065,-5,14374,14295,17983,17788,2943,0.8,0.8,13931.4,0.783190915,168.0908478
4064,2,14396,14272,17973,17758,2933,0.8,0.8,13899.4,0.782712017,172.8798288
4065,0,14218,13954,17871,17384,2931,0.8,0.8,13469.2,0.774804418,251.9558214
4065,-23,14227,13997,17886,17382,2931,0.8,0.81,13511.6,0.777332873,226.6712691
4065,3,14325,14250,17871,17733,2931,0.8,0.8,13869.9,0.78215192,178.4807985
4065,-9,14446,14175,18002,17635,2931,0.8,0.8,13765.5,0.780578395,194.2160476
4065,-2,14355,14310,17947,17815,2932,0.8,0.8,13954.5,0.783300589,166.9941061
4065,7,14362,14307,17960,17808,2932,0.8,0.8,13949.4,0.783322102,166.7789757
4065,-21,14426,14104,17990,17530,2932,0.8,0.8,13663,0.779406731,205.9326868
4065,0,14400,14381,18023,17907,2940,0.8,0.8,14053.1,0.784782487,152.175127
4065,1,14271,14361,17889,17879,2949,0.8,0.8,14024.7,0.784423066,155.7693383
4065,4,14404,14358,17979,17879,2957,0.8,0.8,14021.7,0.784255272,157.4472845
4065,13,14346,14414,17994,17939,2957,0.8,0.8,14095.7,0.785757289,142.4271141
4065,0,14386,14387,17978,17922,2957,0.8,0.8,14063.6,0.784711528,152.8847227
4065,0,14354,14354,17942,17881,2959,0.8,0.8,14018.3,0.783977406,160.2259381
4065,0,14393,14359,17973,17870,2961,0.8,0.8,14020,0.78455512,154.4487969
4065,11,14275,14379,17911,17906,2963,0.8,0.8,14050.8,0.784697867,153.0213336
4065,-20,14270,14447,17922,17990,2962,0.8,0.8,14144,0.786214564,137.8543635
4065,-15,14425,14312,17996,17807,2961,0.8,0.8,13954.1,0.783630033,163.6996687
4065,4,14295,14383,17890,17927,2958,0.8,0.8,14061.1,0.78435321,156.4678976
4065,-7,14334,14340,17935,17851,2955,0.8,0.8,13995.3,0.784006498,159.9350176
4065,10,14320,14260,17887,17738,2953,0.8,0.8,13881.4,0.782579772,174.2022776
4065,15,14390,14376,17985,17891,2953,0.8,0.8,14043.3,0.78493656,150.6343972
4065,-3,14395,14073,17939,17483,2952,0.8,0.8,13617.9,0.778922382,210.7761826
4065,-9,14336,14432,17968,17982,2951,0.8,0.8,14126.6,0.785596708,144.0329218
4065,-13,14444,14206,18001,17652,2950,0.8,0.8,13801.6,0.781871743,181.2825742
4065,-4,14374,14160,17912,17600,2949,0.8,0.8,13740,0.780681818,193.1818182
4065,-2,14397,14314,17986,17817,2949,0.8,0.8,13959.1,0.783470842,165.2915755
4065,10,14475,14152,18031,17581,2948,0.8,0.8,13726.3,0.78074626,192.5373983
4065,-8,14302,14467,17939,18013,2946,0.8,0.8,14170.9,0.786704047,132.9595292
4065,9,14293,14299,17808,17803,2943,0.8,0.8,13939.9,0.783008482,169.9151828
4065,-10,14039,14034,17527,17431,2943,0.8,0.81,13563.3,0.778113705,218.8629453
4065,-16,14252,14471,17925,18023,2943,0.8,0.8,14177.9,0.78665594,133.4406037
4065,-6,14227,14449,17908,17998,2940,0.79,0.8,14148.4,0.786109568,38.9043227
4065,-13,13327,14303,16800,17809,2936,0.79,0.8,13945.7,0.783070358,69.29642316
4065,25,14456,14061,18016,17512,2932,0.8,0.8,13614.6,0.777444038,225.5596163
4065,6,14286,14350,17907,17866,2931,0.8,0.8,14009.8,0.784159857,158.4014329
4065,-1,14278,14052,17759,17456,2931,0.8,0.8,13588.8,0.778460128,215.3987168
4065,-13,13992,14092,17597,17552,2931,0.8,0.8,13657.6,0.778122151,218.7784868
4065,5,14264,14330,17908,17846,2931,0.8,0.8,13983.8,0.783581755,164.1824498
4081,-3,14359,14338,17913,17833,2931,0.8,0.8,13987.9,0.784382886,156.1711434
4124,-1,14351,14409,17880,17886,2931,0.8,0.81,14074.8,0.786917142,130.828581
4194,-17,14559,14483,18046,17799,2931,0.81,0.81,14122.7,0.793454688,165.4531153
4279,-61,14495,14764,18031,18030,2935,0.8,0.82,14473,0.802717693,-27.17692734
4361,-114,14553,14721,18081,17999,2938,0.8,0.82,14420.7,0.801194511,-11.94510806
4440,-59,14547,14785,18042,18090,2942,0.81,0.82,14512,0.802211166,77.8883361
4508,-78,14749,14835,18182,18078,2943,0.81,0.82,14558.4,0.805310322,46.89678062
4571,-115,14768,14749,18210,17891,3209,0.81,0.82,14416.3,0.805785032,42.1496842
4624,-145,14730,14970,18258,18159,4538,0.81,0.82,14717.7,0.810490666,-4.906657856
4670,-122,14854,14906,18287,18078,5867,0.81,0.82,14629.4,0.809237748,7.622524616
4711,-98,14883,14869,18316,18018,6930,0.81,0.83,14574.4,0.808880009,11.1999112
4743,-86,14871,14941,18280,18098,6930,0.81,0.83,14670.4,0.810608907,-6.089070616
4773,-113,14844,15022,18301,18150,7070,0.81,0.83,14767,0.813608815,-36.08815427
4799,-145,14696,15071,18180,18173,7635,0.81,0.83,14822.9,0.815655093,-56.5509272
4822,-165,14811,15100,18269,18173,8200,0.81,0.83,14851.9,0.817250867,-72.5086667
4842,-184,14915,14862,18368,17841,8626,0.81,0.83,14514.3,0.813536237,-35.36236758
4858,-181,14810,15121,18308,18172,8625,0.81,0.83,14872.6,0.818434955,-84.34954876
4875,-191,14841,15172,18364,18237,8670,0.81,0.83,14943.1,0.819383671,-93.8367056
4888,-172,14855,15113,18331,18169,8780,0.81,0.83,14863.7,0.818080247,-80.80246574
4902,-204,14803,14868,18340,17848,8890,0.81,0.83,14522.4,0.813671,-36.70999552
4912,-164,14852,15174,18285,18255,8957,0.81,0.83,14950.5,0.818981101,-89.81101068
4921,-165,14841,15133,18293,18209,8957,0.81,0.83,14895.7,0.818040529,-80.40529409
4929,-144,14846,15147,18326,18234,8974,0.81,0.83,14917.2,0.818098059,-80.98058572
4936,-140,14981,15090,18374,18155,9008,0.82,0.83,14836.5,0.817212889,27.87110989
4943,-135,14979,15095,18406,18171,9042,0.81,0.83,14846.3,0.817032634,-70.32634417
4947,-116,14966,15141,18384,18237,9058,0.81,0.83,14912.1,0.81768383,-76.83829577
4954,-113,14897,15176,18322,18267,9059,0.81,0.83,14956.1,0.818749658,-87.49657853
4957,-121,14678,15145,18074,18238,9068,0.81,0.83,14916.4,0.817874767,-78.7476697
4961,-128,14522,15067,17923,18124,9083,0.81,0.83,14804.2,0.816828515,-68.28514677
4965,-91,15033,15008,18365,18062,9099,0.82,0.83,14726.6,0.815336065,46.63935334
4967,-119,14809,15243,18270,18364,9105,0.81,0.83,15052.2,0.819658027,-96.58026574
4971,-112,14946,15122,18355,18215,9105,0.81,0.83,14886.5,0.81726599,-72.65989569
4972,-109,14989,14696,18309,17664,9111,0.82,0.83,14295.2,0.80928442,107.1557971
4975,-101,14964,15074,18351,18156,9121,0.82,0.83,14820.8,0.81630315,36.96849526
4977,-102,14735,15169,18095,18264,9132,0.81,0.83,14948.2,0.818451599,-84.51598774
4977,-118,14792,15153,18139,18252,9136,0.82,0.83,14928.6,0.817915845,20.84155161
4979,-97,15007,15090,18374,18179,9136,0.82,0.83,14843.7,0.816530062,34.6993784
4979,-97,15017,15154,18385,18255,9139,0.82,0.83,14930.5,0.817885511,21.14489181
4981,-89,14995,15117,18338,18207,9144,0.82,0.83,14879.1,0.817218652,27.81347833
4982,-97,14941,15180,18273,18274,9148,0.82,0.83,14962.2,0.818769837,12.30163073
4983,-109,14498,14882,17888,17920,9149,0.81,0.83,14558,0.812388393,-23.88392857
4983,-83,15039,15129,18420,18214,9149,0.82,0.83,14893.2,0.817678709,23.21291314
4984,-106,15028,15121,18385,18213,9151,0.82,0.83,14884.9,0.817267886,27.32114424
4985,-97,14906,15034,18273,18085,9153,0.82,0.83,14759.5,0.81611833,38.81669892
4986,-100,15010,15154,18364,18244,9156,0.82,0.83,14927.2,0.818197764,18.02236352
4986,-92,15037,15079,18376,18153,9157,0.82,0.83,14824.9,0.816663912,33.36087699
4986,-106,14962,15144,18291,18228,9158,0.82,0.83,14912.4,0.818104016,18.959842
4987,-111,14936,15013,18335,18060,9160,0.81,0.83,14731,0.815669989,-56.69988926
4987,-101,15004,15040,18331,18094,9161,0.82,0.83,14768.2,0.816193213,38.0678678
4988,-99,15101,14940,18420,17959,9163,0.82,0.83,14627.7,0.814505262,54.94738014
4987,-107,15042,15096,18385,18175,9162,0.82,0.83,14848.5,0.816973865,30.26134801
4988,-85,14935,15208,18279,18309,9162,0.82,0.83,15000.7,0.819307444,6.925555738
4988,-90,15037,14834,18335,17814,9161,0.82,0.83,14478.2,0.812742787,72.57213428
4988,-105,15050,14895,18356,17904,9161,0.82,0.83,14566.2,0.813572386,64.27613941
4989,-97,15077,14978,18378,18018,9160,0.82,0.83,14683.4,0.814929515,50.7048507
4989,-110,15090,15057,18419,18132,9159,0.82,0.83,14796.6,0.816048974,39.51025811
4989,-92,15114,15007,18427,18038,9160,0.82,0.83,14718.4,0.815966293,40.33706619
4988,-101,14945,15221,18327,18327,9163,0.82,0.83,15019.1,0.819506739,4.932613085
4989,-120,14835,15186,18216,18276,9166,0.81,0.83,14968.8,0.819041366,-90.41365726
4989,-93,14969,15238,18331,18352,9168,0.82,0.83,15043.6,0.819725371,2.746294682
4989,-100,14965,15154,18341,18241,9169,0.82,0.83,14926.3,0.818282989,17.17011129
4990,-89,15094,15059,18423,18131,9168,0.82,0.83,14798.3,0.816187745,38.12255253
4990,-101,15079,14829,18382,17814,9169,0.82,0.83,14473.2,0.812462108,75.37891546
4990,-101,15128,15022,18459,18081,9169,0.82,0.83,14746.3,0.815568829,44.31170842
4990,-114,14987,15065,18359,18121,9170,0.82,0.83,14801.3,0.816803708,31.96291595
4989,-106,15084,14936,18389,17945,9170,0.82,0.83,14619.5,0.814683756,53.16244079
4990,-106,14974,15111,18262,18196,9168,0.82,0.83,14869.8,0.817201583,27.98417235
4990,-103,14984,15088,18326,18169,9164,0.82,0.83,14838.7,0.816704277,32.95723485
4989,-106,15096,15139,18461,18229,9158,0.82,0.83,14907.7,0.817801306,21.98694388
4990,-83,15051,15084,18447,18154,9156,0.82,0.83,14830.2,0.816910874,30.89126363
4990,-78,15011,14951,18305,17980,9155,0.82,0.83,14645,0.814516129,54.83870968
4990,-111,14500,15067,17864,18121,9157,0.81,0.83,14803.3,0.816914078,-69.1407759
4991,-88,14990,15025,18340,18051,9160,0.82,0.83,14740.3,0.816591879,34.08121434
4990,-99,14956,15167,18389,18249,9163,0.81,0.83,14941.7,0.818768152,-87.6815168
4990,-114,15037,14903,18357,17915,9166,0.82,0.83,14577.5,0.8137036,62.96399665
4990,-98,15065,14823,18375,17807,9165,0.82,0.83,14465.1,0.812326613,76.7338687
4991,-99,15057,15107,18411,18182,9144,0.82,0.83,14861.6,0.817379826,26.20173798
4990,-86,14991,15021,18274,18085,9110,0.82,0.83,14746.5,0.815399502,46.0049765
4991,-102,14960,15163,18323,18248,9075,0.82,0.83,14937.4,0.818577378,14.22621657
4990,-96,15007,15200,18349,18302,9061,0.82,0.83,14990.6,0.819068954,9.310457873
4991,-104,15015,14823,18304,17808,9061,0.82,0.83,14465.4,0.812297844,77.02156334
4990,-104,15062,15103,18386,18175,9092,0.82,0.83,14855.5,0.81735901,26.40990371
4991,-112,15089,14777,18399,17751,9132,0.82,0.83,14402.3,0.811351473,86.48526844
4991,-113,15021,15157,18420,18247,9171,0.82,0.83,14931.1,0.818276977,17.23022963
4991,-100,14951,15190,18347,18292,9180,0.81,0.83,14977.6,0.818806035,-88.06035425
4991,-105,14976,15219,18411,18331,9180,0.81,0.83,15018.3,0.819284273,-92.84272544
4991,-86,14494,15198,17842,18301,9179,0.81,0.83,14988.3,0.818988033,-89.88033441
4992,-90,15021,15111,18377,18198,9176,0.82,0.83,14870.4,0.817144741,28.5525882
4991,-114,14919,15142,18339,18222,9173,0.81,0.83,14908.6,0.818164856,-81.64855669
4991,-100,15026,15168,18380,18252,9173,0.82,0.83,14943.6,0.818737673,12.62327416
4992,-89,15090,15126,18437,18214,9173,0.82,0.83,14890.2,0.817514,24.8599978
4991,-88,15115,14885,18424,17890,9173,0.82,0.83,14552,0.813415316,65.84684181
4992,-97,15000,15185,18365,18274,9173,0.82,0.83,14967.2,0.81904345,9.5655029
4991,-95,15138,14873,18464,17869,9173,0.82,0.83,14533.7,0.813347138,66.52862499
4992,-91,15060,14967,18364,17988,9173,0.82,0.83,14663.4,0.815176785,48.23215477
4991,-110,14992,15147,18369,18244,9173,0.82,0.83,14920.2,0.817814076,21.85924139
4991,-104,14967,15187,18303,18284,9173,0.82,0.83,14972.2,0.818868956,11.31043535
4991,-103,15020,15135,18369,18230,9174,0.82,0.83,14904,0.817553483,24.46516731
4991,-99,15084,15144,18414,18230,9174,0.82,0.83,14913,0.818047175,19.52825014
4992,-92,15059,14975,18377,18007,9174,0.82,0.83,14677.1,0.81507747,49.22530127
4992,-117,15002,15211,18406,18312,9174,0.82,0.83,15004.6,0.819386195,6.138051551
4992,-100,14994,15034,18336,18089,9172,0.82,0.83,14760.7,0.816004201,39.95798552
4991,-108,15042,15162,18388,18253,9171,0.82,0.83,14937.9,0.81838054,16.19459815
4992,-109,14895,15132,18218,18215,9170,0.82,0.83,14896.5,0.817814988,21.85012352
4992,-103,15012,15207,18421,18307,9170,0.81,0.83,14999.1,0.819309554,-93.09553723
4991,-94,15066,15093,18437,18164,9168,0.82,0.83,14842.2,0.817121779,28.78220656
4992,-93,15005,15197,18387,18284,9161,0.82,0.83,14982.2,0.819415883,5.84117261
4991,-105,14956,14913,18235,17916,9154,0.82,0.83,14587.8,0.814233088,57.66912257
4992,-91,14656,15167,17888,18245,9150,0.82,0.83,14940.5,0.818881885,11.18114552
4992,-123,14602,14906,17881,17899,9151,0.82,0.83,14575.7,0.81433041,56.6959048
4992,-89,15102,14891,18412,17895,9150,0.82,0.83,14559.5,0.813607153,63.92847164
4992,-94,15101,14879,18417,17896,9150,0.82,0.83,14547.8,0.812907912,70.92087617
4992,-110,14662,14745,18007,17707,9149,0.81,0.83,14357.1,0.810814932,-8.149319478
4992,-99,15104,14811,18414,17787,9148,0.82,0.83,14447.1,0.812228032,77.71968291
4992,-93,15049,15196,18419,18290,9148,0.82,0.83,14983,0.819190815,8.091853472
4992,-116,15051,15166,18403,18259,9152,0.82,0.83,14943.7,0.818429268,15.70732242
4992,-110,14959,15115,18322,18200,9158,0.82,0.83,14875,0.817307692,26.92307692
4992,-101,14974,15156,18334,18239,9164,0.82,0.83,14927.7,0.818449476,15.50523603
4992,-112,15098,14967,18404,17991,9165,0.82,0.83,14664.3,0.815090879,49.09121227
4993,-94,15066,14860,18371,17856,9165,0.82,0.83,14516.8,0.812992832,70.07168459
4993,-95,15073,14931,18384,17934,9168,0.82,0.83,14611.2,0.814720642,52.79357645
4993,-78,15072,15057,18371,18121,9170,0.82,0.83,14793.3,0.816362232,36.37768335
4993,-93,14783,14934,17998,17943,9172,0.82,0.83,14616.9,0.814629661,53.70339408
4993,-112,14913,14792,18337,17765,9172,0.81,0.83,14421.5,0.811792851,-17.92851112
4993,-95,15060,15127,18424,18205,9173,0.82,0.83,14888.5,0.817824773,21.75226586
4993,-90,15035,15035,18350,18089,9173,0.82,0.83,14761.7,0.816059484,39.40516336
4993,-116,14996,15160,18357,18250,9173,0.82,0.83,14935,0.818356164,16.43835616
4994,-89,15052,15042,18377,18085,9174,0.82,0.83,14767.5,0.816560686,34.39314349
4994,-99,14939,15192,18316,18284,9174,0.82,0.83,14977.2,0.81914242,8.575803982
4994,-85,15057,15132,18388,18215,9168,0.82,0.83,14896.5,0.817814988,21.85012352
4994,-99,15148,14991,18461,18021,9163,0.82,0.83,14697.3,0.815565174,44.34826036
4994,-88,14850,15180,18264,18273,9158,0.81,0.83,14961.9,0.818798227,-87.98226892
4994,-92,15049,14982,18316,18022,9157,0.82,0.83,14688.6,0.815037177,49.62823216
4995,-108,15124,14892,18431,17892,9161,0.82,0.83,14559.6,0.813749162,62.50838364
4995,-102,14945,14981,18246,18015,9168,0.82,0.83,14685.5,0.815181793,48.1820705
4995,-102,15013,15145,18348,18220,9174,0.82,0.83,14911,0.818386389,16.13611416
4995,-101,15012,15177,18398,18276,9177,0.82,0.83,14959.8,0.818548917,14.51083388
4995,-87,15029,15143,18361,18226,9177,0.82,0.83,14910.8,0.818106002,18.93997586
4996,-98,15029,15187,18374,18284,9175,0.82,0.83,14972.2,0.818868956,11.31043535
4996,-92,15032,15138,18400,18213,9174,0.82,0.83,14901.9,0.818201285,17.98715203
4997,-106,15056,15207,18393,18300,9172,0.82,0.83,14997,0.819508197,4.918032787
4997,-121,14882,15148,18313,18228,9173,0.81,0.83,14916.4,0.818323458,-83.23458416
4997,-104,15121,14792,18435,17768,9173,0.82,0.83,14422.4,0.811706439,82.93561459
4997,-91,15011,15174,18365,18259,9171,0.82,0.83,14951.7,0.818867408,11.32592146
4998,-95,15127,15068,18478,18129,9169,0.82,0.83,14806.7,0.816741133,32.58867009
4998,-106,14922,15220,18337,18318,9168,0.81,0.83,15015.4,0.819707392,-97.07391637
4998,-98,15075,15061,18393,18103,9168,0.82,0.83,14791.9,0.817096614,29.03386179
4999,-85,15027,14973,18342,18004,9167,0.82,0.83,14674.2,0.815052211,49.4778938
4999,-92,15040,15154,18388,18233,9166,0.82,0.83,14923.9,0.818510393,14.89606757
5000,-88,15150,15129,18491,18208,9166,0.82,0.83,14891.4,0.817849297,21.50702988
5000,-98,15075,15209,18453,18308,9165,0.82,0.83,15001.4,0.81939043,6.095695871
5000,-114,14973,14986,18289,18005,9167,0.82,0.83,14687.5,0.815745626,42.54373785
5000,-111,14877,14748,18282,17742,9176,0.81,0.83,14370.6,0.809976327,0.236726412
5001,-107,15018,15157,18382,18243,9185,0.82,0.83,14929.9,0.818390616,16.09384421
5001,-94,14992,15155,18337,18236,9192,0.82,0.83,14925.8,0.81847993,15.20070191
5002,-110,15034,14852,18319,17839,9192,0.82,0.83,14503.7,0.813033242,69.66758226
5002,-97,15102,15160,18434,18240,9185,0.82,0.83,14932,0.818640351,13.59649123
5003,-74,15041,15164,18356,18253,9177,0.82,0.83,14939.9,0.818490111,15.09888785
5003,-95,15045,15138,18402,18220,9169,0.82,0.83,14904,0.818002195,19.9780461
5004,-90,14993,15207,18358,18296,9168,0.82,0.83,14995.8,0.819621775,3.782247486
5004,-97,15153,15148,18506,18208,9169,0.82,0.83,14910.4,0.818892794,11.07205624
5005,-82,15043,15233,18346,18330,9172,0.82,0.83,15032,0.820076378,-0.763775232
5005,-99,14972,15085,18286,18158,9175,0.82,0.83,14832.4,0.816852076,31.4792378
5006,-111,15101,15088,18395,18152,9178,0.82,0.83,14833.6,0.817188189,28.11811371
5006,-116,14904,15119,18207,18186,9177,0.82,0.83,14874.8,0.817925877,20.74122952
5007,-109,15109,15010,18404,18036,9177,0.82,0.83,14720.8,0.816189843,38.10157463
5007,-107,14957,15206,18361,18296,9176,0.81,0.83,14994.8,0.819567118,-95.67118496
5008,-98,15116,14843,18424,17821,9175,0.82,0.83,14489.3,0.813046406,69.53594074
5008,-99,15172,15038,18482,18077,9175,0.82,0.83,14761.1,0.816568015,34.31985396
5009,-94,15040,15069,18369,18122,9174,0.82,0.83,14805.6,0.816995917,30.04083434
5009,-98,15135,15253,18493,18351,9175,0.82,0.83,15058.3,0.820571086,-5.710860444
5010,-102,15075,14842,18366,17812,9176,0.82,0.83,14485.6,0.813249495,67.50505277
5011,-88,14920,15077,18148,18118,9177,0.82,0.83,14812.4,0.817551606,24.48393862
5011,-96,14998,15136,18291,18202,9177,0.82,0.83,14896.6,0.818404571,15.95429074
5012,-97,15108,14999,18403,18009,9178,0.82,0.83,14701.7,0.816352935,36.47065356
5012,-114,14982,15206,18355,18286,9180,0.82,0.83,14991.8,0.819851252,1.487476758
5013,-115,15045,15158,18395,18233,9182,0.82,0.83,14927.9,0.818729776,12.70224319
5014,-96,14987,15154,18331,18225,9183,0.82,0.83,14921.5,0.818737997,12.62002743
5014,-94,15088,14924,18373,17927,9183,0.82,0.83,14602.1,0.814531154,54.68845875
5015,-95,14972,15230,18321,18303,9179,0.82,0.83,15020.9,0.82067967,-6.796699995
5016,-125,15030,15221,18425,18293,9175,0.82,0.83,15008.9,0.820472312,-4.723118133
5016,-116,15023,15152,18428,18226,9171,0.82,0.83,14919.8,0.818599802,14.0019752
5017,-120,14879,15223,18237,18298,9171,0.82,0.83,15012.4,0.820439392,-4.393922833
5018,-131,14986,15118,18340,18181,9175,0.82,0.83,14872.3,0.818013311,19.86689401
5019,-103,15105,15191,18450,18266,9185,0.82,0.83,14970.8,0.819599255,4.007445527
5019,-114,14926,15185,18261,18256,9195,0.82,0.83,14961.8,0.819555215,4.447852761
5020,-107,14952,15107,18311,18152,9201,0.82,0.83,14852.6,0.818234905,17.65094755
5021,-123,15046,14989,18309,17988,9201,0.82,0.83,14685.4,0.816399822,36.00177896
5021,-111,15083,15152,18444,18211,9198,0.82,0.83,14915.3,0.819026962,9.730382736
5022,-90,15034,15168,18404,18230,9196,0.82,0.83,14937,0.819363686,6.363137685
5023,-121,15173,15207,18545,18270,9193,0.82,0.83,14988,0.820361248,-3.612479475
5024,-99,14905,15129,18294,18167,9192,0.81,0.83,14879.1,0.819018,-90.1799967
5025,-108,14975,15019,18221,18041,9192,0.82,0.83,14731.3,0.816545646,34.54353972
5025,-120,15042,14899,18318,17861,9187,0.82,0.83,14557.3,0.815032753,49.67247075
5026,-113,15080,14888,18376,17846,9183,0.82,0.83,14541.8,0.814849266,51.50734058
5027,-126,14997,15243,18354,18305,9180,0.82,0.83,15034.5,0.821332969,-13.32969134
5028,-129,14987,15121,18340,18166,9181,0.82,0.83,14870.8,0.818606187,13.93812617
5029,-114,15096,15097,18414,18110,9186,0.82,0.83,14830,0.818884594,11.15405853
5029,-125,15105,14946,18410,17915,9193,0.82,0.83,14620.5,0.816103824,38.96176389
5030,-120,15028,15203,18398,18248,9200,0.82,0.83,14977.4,0.820769399,-7.693993862
5032,-129,15139,14995,18444,17972,9201,0.82,0.83,14686.6,0.817193412,28.06588026
5032,-137,14960,15016,18352,17987,9202,0.82,0.83,14712.1,0.817929616,20.70384166
5033,-140,14592,14855,17909,17791,9208,0.81,0.83,14492.3,0.814586027,-45.86026643
5034,-106,15153,15098,18461,18114,9214,0.82,0.83,14832.2,0.818825218,11.74781937
5034,-124,15043,15127,18366,18147,9219,0.82,0.83,14871.1,0.819479804,5.201961757
5036,-129,15081,15204,18392,18241,9218,0.82,0.83,14976.3,0.821024067,-10.24066663
5036,-131,14964,15247,18327,18294,9215,0.82,0.83,15035.2,0.821865092,-18.6509238
5038,-111,15084,14955,18393,17911,9209,0.82,0.83,14628.3,0.816721568,32.78432248
5039,-125,15056,15206,18408,18244,9203,0.82,0.83,14979.2,0.821048016,-10.48015786
5040,-143,14946,14858,18378,17783,9200,0.81,0.84,14492.9,0.814986223,-49.86222797
5041,-138,15212,14904,18541,17833,9200,0.82,0.84,14553.9,0.816121797,38.78203331
5042,-136,15043,14924,18359,17865,9202,0.82,0.84,14583.5,0.816316821,36.83179401
5042,-127,14959,14921,18225,17856,9204,0.82,0.84,14577.8,0.81640905,35.90949821
5043,-152,14966,14913,18398,17854,9205,0.81,0.84,14569.2,0.816018819,-60.18819312
5044,-129,15042,15186,18398,18206,9206,0.82,0.83,14947.8,0.821037021,-10.37020762
5045,-140,15075,15208,18424,18231,9206,0.82,0.83,14977.3,0.821529263,-15.29263343
5046,-145,14964,15211,18349,18228,9206,0.82,0.83,14979.4,0.82177968,-17.79679614
5047,-148,15044,15195,18383,18217,9206,0.82,0.83,14960.1,0.821216446,-12.16446177
5049,-153,15021,15252,18400,18278,9206,0.82,0.83,15035.4,0.82259547,-25.95469964
5050,-144,14915,15293,18347,18325,9206,0.81,0.83,15090.5,0.823492497,-134.9249659
5050,-162,15081,15184,18399,18175,9212,0.82,0.84,14936.5,0.821815681,-18.1568088
5051,-145,15015,15239,18430,18263,9218,0.81,0.83,15017.9,0.822312873,-123.1287302
5052,-137,14850,14974,18101,17901,9224,0.82,0.84,14644.3,0.818071616,19.28383889
5053,-163,15062,15145,18414,18129,9224,0.82,0.84,14883.7,0.820988472,-9.884715097
5054,-159,15150,15076,18479,18063,9223,0.82,0.83,14794.9,0.819072136,9.278635886
5055,-154,15006,15253,18396,18269,9221,0.82,0.83,15033.7,0.822907658,-29.07657781
5056,-163,15102,15124,18430,18091,9219,0.82,0.84,14851.3,0.820922005,-9.220054171
5058,-148,15049,15220,18433,18214,9218,0.82,0.84,14984.2,0.822674865,-26.74865488
5058,-151,15034,15289,18427,18308,9218,0.82,0.84,15081.4,0.823760105,-37.60104872
5059,-148,14934,15205,18312,18209,9216,0.82,0.84,14967.7,0.821994618,-19.94618046
5060,-164,15012,15264,18424,18263,9214,0.81,0.84,15042.9,0.823681761,-136.8176094
5061,-169,14912,15103,18310,18057,9212,0.81,0.84,14820.1,0.820739879,-107.3987927
5062,-158,15049,15224,18435,18212,9212,0.82,0.84,14987.6,0.8229519,-29.51899846
5063,-177,15077,15022,18426,17943,9213,0.82,0.84,14704.9,0.81953408,4.659198573
5064,-177,14936,15276,18357,18273,9215,0.81,0.84,15057.9,0.82405188,-140.5187982
5065,-173,14824,14955,18271,17897,9218,0.81,0.84,14624.1,0.817125775,-71.2577527
5066,-177,14966,15207,18375,18174,9220,0.81,0.84,14959.2,0.823109937,-131.0993727
5067,-169,14994,15124,18359,18076,9220,0.82,0.84,14846.8,0.821354282,-13.54281921
5068,-180,15093,14995,18450,17899,9218,0.82,0.84,14664.7,0.819302754,6.972456562
5069,-179,15103,14977,18470,17868,9215,0.82,0.84,14637.4,0.819196329,8.036713678
5070,-195,14987,15373,18429,18378,9213,0.81,0.84,15186.4,0.826335836,-163.3583633
5071,-177,14894,15310,18355,18307,9212,0.81,0.84,15102.1,0.824935817,-149.358169
5072,-175,14967,15177,18313,18145,9212,0.82,0.84,14920.5,0.822292643,-22.92642601
5073,-175,14967,15054,18310,17970,9213,0.82,0.84,14745,0.820534224,-5.342237062
5074,-187,14983,15277,18395,18252,9215,0.81,0.84,15052.6,0.824709621,-147.0962086
5075,-161,14737,14759,18174,17642,9216,0.81,0.84,14351.6,0.813490534,-34.90533953
5076,-191,15022,15259,18413,18235,9216,0.82,0.84,15029.5,0.824211681,-42.11680834
5077,-178,15007,15238,18429,18205,9213,0.81,0.84,14999.5,0.823921999,-139.2199945
5078,-186,15020,15050,18378,17942,9209,0.82,0.84,14732.6,0.821123621,-11.23620555
5079,-188,15038,15060,18419,17953,9205,0.82,0.84,14745.9,0.821361332,-13.61332368
5080,-190,15009,15329,18455,18306,9204,0.81,0.84,15120.8,0.826002404,-160.0240358
5081,-199,14763,15403,18254,18390,9205,0.81,0.84,15220,0.827623709,-176.2370854
5082,-196,14921,15249,18326,18203,9214,0.81,0.84,15009.9,0.82458386,-145.838598
5083,-209,15043,15283,18454,18261,9224,0.82,0.84,15061.3,0.824779585,-47.79584908
5084,-209,14894,15328,18306,18293,9233,0.81,0.84,15115.9,0.826321544,-163.2154376
5085,-210,14964,15363,18425,18343,9233,0.81,0.84,15165.9,0.826794963,-167.9496266
5086,-211,15013,15243,18424,18201,9232,0.81,0.84,15003.3,0.824311851,-143.11851
5086,-203,14859,15297,18295,18259,9230,0.81,0.84,15074.7,0.825603812,-156.0381182
5088,-214,14980,15142,18375,18055,9228,0.82,0.84,14858.5,0.822957629,-29.57629466
5089,-217,14916,15359,18399,18327,9226,0.81,0.84,15157.1,0.827036613,-170.3661265
5090,-218,14957,15388,18449,18364,9226,0.81,0.84,15197.2,0.82755391,-175.5390982
5091,-231,14797,15343,18311,18313,9231,0.81,0.84,15136.9,0.826565828,-165.6582755
5092,-247,14941,14768,18457,17585,9236,0.81,0.84,14343.5,0.815666761,-56.66761444
5093,-242,14935,15292,18392,18244,9242,0.81,0.84,15065.2,0.825761894,-157.6189432
5094,-231,15021,15023,18429,17889,9242,0.82,0.84,14689.7,0.821158254,-11.58253675
5094,-223,14881,15048,18245,17920,9242,0.82,0.84,14724,0.821651786,-16.51785714
5095,-225,14789,15347,18240,18307,9240,0.81,0.84,15139.1,0.826956902,-169.5690173
5096,-226,15007,15346,18455,18308,9238,0.81,0.84,15138.4,0.826873498,-168.7349792
5097,-231,15062,15147,18497,18031,9238,0.81,0.84,14856.3,0.823931008,-139.3100771
5099,-236,14915,15310,18363,18255,9238,0.81,0.84,15086.5,0.826431115,-164.3111476
5099,-244,14990,15222,18406,18146,9242,0.81,0.84,14965.8,0.824743745,-147.4374518
5101,-221,14974,15453,18399,18428,9247,0.81,0.84,15281.4,0.829248969,-192.4896896
5101,-230,14993,15244,18436,18178,9252,0.81,0.84,14997.4,0.825030256,-150.3025635
5103,-263,14883,15302,18407,18248,9253,0.81,0.84,15076.4,0.826194651,-161.9465147
5103,-216,14695,15238,18035,18170,9253,0.81,0.84,14989,0.824931205,-149.3120528
5104,-229,14905,15277,18367,18221,9255,0.81,0.84,15043.3,0.825602327,-156.0232699
5105,-247,14931,15393,18506,18351,9257,0.81,0.84,15198.3,0.828200098,-182.0009809
5106,-256,14872,15322,18398,18266,9258,0.81,0.84,15101.8,0.82677105,-167.7105004
5107,-257,14927,15423,18438,18383,9258,0.81,0.84,15237.9,0.828912582,-189.1258228
5108,-231,14775,15323,18255,18262,9255,0.81,0.84,15101.6,0.826941189,-169.4118935
5109,-264,14910,15339,18449,18284,9250,0.81,0.84,15124.2,0.827182236,-171.8223583
5110,-281,14774,15450,18344,18405,9245,0.81,0.84,15271.5,0.829747351,-197.4735126
5111,-257,14821,15319,18327,18262,9243,0.81,0.84,15097.6,0.826722155,-167.221553
5112,-254,14898,15115,18315,17980,9243,0.81,0.84,14809,0.823637375,-136.3737486
5113,-266,14969,15281,18462,18211,9244,0.81,0.84,15044.3,0.826110592,-161.105925
5114,-244,14936,15407,18440,18361,9244,0.81,0.84,15215.3,0.828674909,-186.7490877
5115,-259,14999,15098,18454,17971,9245,0.81,0.84,14789.3,0.822953648,-129.5364754
5116,-263,14849,15349,18357,18290,9246,0.81,0.84,15136,0.827556042,-175.5604155
5117,-253,14898,15386,18432,18343,9248,0.81,0.84,15188.9,0.828048847,-180.4884697
5118,-245,14916,15259,18392,18175,9251,0.81,0.84,15011.5,0.825942228,-159.4222834
5119,-267,14954,15063,18410,17915,9254,0.81,0.84,14737.5,0.822634664,-126.3466369
5120,-263,14944,15261,18431,18155,9256,0.81,0.84,15007.5,0.826631782,-166.3178188
5121,-279,14875,14697,18408,17486,9255,0.81,0.84,14242.8,0.814525906,-45.25906439
5122,-271,14976,15310,18463,18237,9255,0.81,0.84,15081.1,0.826950705,-169.5070461
5122,-244,15050,15248,18521,18161,9254,0.81,0.84,14996.3,0.825741975,-157.4197456
5124,-249,14886,15260,18369,18169,9253,0.81,0.84,15010.7,0.826170951,-161.7095052
5125,-270,14899,15378,18477,18330,9253,0.81,0.84,15177,0.827986907,-179.8690671
5126,-280,14994,15128,18463,18007,9253,0.81,0.84,14830.1,0.823574166,-135.741656
5127,-264,14971,15248,18487,18169,9252,0.81,0.84,14998.7,0.825510485,-155.1048489
5128,-254,14887,15361,18391,18305,9252,0.81,0.84,15152.5,0.827779295,-177.7929527
5129,-284,14972,15398,18508,18344,9252,0.81,0.84,15201.2,0.828674226,-186.742259
5130,-262,14657,15430,18221,18375,9251,0.8,0.84,15242.5,0.82952381,-295.2380952
5131,-285,14832,14676,18371,17448,9253,0.81,0.84,14210.4,0.814442916,-44.42916094
5132,-273,14910,15264,18406,18186,9255,0.81,0.84,15019.8,0.825899043,-158.9904322
5133,-270,14925,15328,18429,18271,9257,0.81,0.84,15109.3,0.826955284,-169.5528433
5134,-257,14877,15346,18413,18291,9258,0.81,0.84,15133.3,0.827363184,-173.6318408
5135,-274,14965,15095,18450,17944,9261,0.81,0.84,14778.2,0.823573339,-135.7333928
5136,-264,14883,15296,18423,18217,9267,0.81,0.84,15061.1,0.826760718,-167.6071801
5137,-275,14873,15325,18377,18257,9272,0.81,0.84,15102.1,0.827195048,-171.9504847
5138,-272,14971,15236,18453,18144,9276,0.81,0.84,14979.2,0.825573192,-155.7319224
5139,-267,14963,15318,18469,18256,9276,0.81,0.84,15094.8,0.826840491,-168.404908
5140,-282,14912,15473,18400,18442,9275,0.81,0.84,15305.6,0.829931678,-199.3167769
5140,-272,14911,15272,18425,18201,9274,0.81,0.84,15032.3,0.82590517,-159.0517005
5142,-273,14875,15353,18411,18290,9274,0.81,0.84,15140,0.82777474,-177.747403
5143,-266,14832,15355,18391,18299,9273,0.81,0.84,15144.7,0.82762446,-176.2446035
5144,-272,14882,15219,18373,18126,9273,0.81,0.84,14956.8,0.825157233,-151.572327
5145,-284,14956,15304,18503,18236,9270,0.81,0.84,15074.8,0.826650581,-166.5058127
5146,-263,14924,15103,18409,17976,9267,0.81,0.84,14795.8,0.823086337,-130.8633734
5147,-272,14918,15210,18407,18107,9265,0.81,0.84,14942.1,0.825211244,-152.1124427
5147,-289,14838,15007,18455,17847,9265,0.8,0.84,14661.1,0.821488205,-214.882053
5148,-284,14866,15350,18408,18295,9266,0.81,0.84,15138.5,0.827466521,-174.6652091
5149,-293,14929,15192,18464,18081,9269,0.81,0.84,14916.3,0.824970964,-149.70964
5150,-269,14894,15284,18394,18231,9272,0.81,0.84,15053.3,0.825697987,-156.9798695
5151,-272,14978,15206,18474,18119,9274,0.81,0.84,14941.7,0.82464264,-146.4264032
5153,-280,14920,15296,18504,18229,9274,0.81,0.84,15064.7,0.826413956,-164.1395578
5153,-261,14993,15218,18502,18145,9279,0.81,0.84,14961.5,0.824552218,-145.5221824
5155,-285,15028,15272,18546,18224,9285,0.81,0.84,15039.2,0.82524144,-152.4143986
5155,-280,14741,14962,18337,17818,9290,0.8,0.84,14607.4,0.819811427,-198.1142665
5156,-258,14899,15348,18437,18315,9290,0.81,0.84,15142.5,0.826781327,-167.8132678
5157,-282,14817,14987,18427,17842,9286,0.8,0.84,14639.6,0.820513395,-205.1339536
5158,-280,14801,15381,18327,18352,9281,0.81,0.84,15186.6,0.827517437,-175.1743679
5159,-272,14843,15292,18366,18238,9276,0.81,0.84,15063.4,0.825934861,-159.3486128
5160,-264,14938,15196,18428,18133,9273,0.81,0.84,14935.9,0.823686097,-136.8609717
5162,-276,14865,15240,18405,18190,9273,0.81,0.84,14997,0.824463991,-144.639912
5162,-280,14902,15360,18451,18334,9280,0.81,0.84,15160.2,0.826889931,-168.8993128
5163,-248,14993,15147,18489,18061,9286,0.81,0.84,14865.3,0.823060739,-130.6073861
5164,-275,14899,15367,18469,18346,9293,0.81,0.84,15170.8,0.826926851,-169.2685054
5165,-268,14869,15347,18458,18328,9293,0.81,0.84,15145.4,0.826353121,-163.5312091
5166,-259,14916,15345,18502,18326,9292,0.81,0.84,15142.8,0.82630143,-163.0142966
5167,-241,14960,15286,18447,18260,9290,0.81,0.84,15064,0.824972618,-149.7261774
5168,-262,14824,15395,18384,18396,9288,0.81,0.84,15213.8,0.827016743,-170.1674277
5169,-244,14900,15151,18391,18069,9287,0.81,0.84,14871.7,0.823050529,-130.5052853
5170,-276,14778,14919,18380,17780,9287,0.8,0.84,14553,0.818503937,-185.0393701
5171,-234,14903,15225,18413,18182,9290,0.81,0.84,14979.6,0.823869761,-138.697613
5172,-260,14989,15067,18484,17976,9294,0.81,0.84,14759.8,0.821083667,-110.8366711
5173,-263,14959,15330,18529,18332,9297,0.81,0.84,15129.6,0.825310932,-153.109317
5174,-248,14876,15303,18416,18294,9298,0.81,0.84,15091.2,0.824926205,-149.2620531
5175,-235,14964,15293,18459,18285,9294,0.81,0.84,15078.5,0.824637681,-146.3768116
5176,-248,14914,15355,18467,18351,9286,0.81,0.84,15160.3,0.826129366,-161.2936625
5177,-244,14907,15284,18433,18273,9277,0.81,0.84,15065.9,0.824489684,-144.8968423
5178,-263,14891,15261,18422,18242,9272,0.81,0.84,15033.6,0.824120162,-141.2016226
5179,-247,14803,15342,18398,18339,9272,0.8,0.84,15143.7,0.825764764,-257.6476362
5180,-252,15009,15146,18498,18106,9276,0.81,0.84,14877.8,0.821705512,-117.0551198
5181,-241,14660,15226,18074,18223,9281,0.81,0.84,14992.9,0.82274598,-127.4598035
5182,-231,14830,15364,18433,18378,9287,0.8,0.84,15177.4,0.82584612,-258.4612036
5183,-227,14845,15400,18417,18420,9288,0.81,0.84,15226,0.82660152,-166.0152009
5184,-263,14887,15315,18452,18321,9289,0.81,0.84,15111.3,0.824807598,-148.0759784
5185,-224,15011,15045,18499,17976,9292,0.81,0.84,14737.8,0.819859813,-98.59813084
5186,-252,14885,15365,18419,18391,9296,0.81,0.84,15182.3,0.825528791,-155.2879126
5187,-226,14906,15282,18426,18286,9300,0.81,0.84,15067.8,0.824007437,-140.0743738
5188,-250,14895,15310,18463,18314,9300,0.81,0.84,15104.2,0.824735175,-147.3517528
5189,-222,14821,15355,18416,18373,9302,0.8,0.84,15166.9,0.825499374,-254.9937408
5190,-235,14793,14875,18372,17803,9304,0.81,0.84,14515.9,0.815362579,-53.62579341
5191,-243,14912,15225,18446,18227,9307,0.81,0.84,14993.1,0.822576398,-125.7639765
5192,-231,14868,15332,18435,18356,9308,0.81,0.84,15138.8,0.824733057,-147.3305731
5193,-216,15071,15260,18558,18290,9308,0.81,0.83,15047,0.822689995,-126.8999453
5194,-218,14936,15289,18432,18303,9307,0.81,0.84,15079.9,0.823903185,-139.0318527
5195,-210,14991,15162,18451,18130,9305,0.81,0.84,14901,0.821897408,-118.9740761
5196,-214,14848,15317,18422,18346,9304,0.81,0.83,15120.8,0.824201461,-142.0146081
5197,-230,15000,15075,18465,18039,9304,0.81,0.84,14786.7,0.819707301,-97.07300848
5198,-221,14877,15378,18438,18432,9306,0.81,0.83,15207.6,0.825065104,-150.6510417
5198,-215,14889,15367,18333,18416,9309,0.81,0.83,15191.8,0.824923979,-149.2397915
5200,-211,14919,15300,18465,18344,9313,0.81,0.83,15103.2,0.82333188,-133.3187963
5200,-200,14924,15004,18323,17956,9314,0.81,0.84,14690.8,0.818155491,-81.55491201
5202,-218,14724,15175,18123,18176,9314,0.81,0.83,14927.8,0.821291813,-112.9181338
5203,-197,14953,15274,18462,18312,9313,0.81,0.83,15067.6,0.822826562,-128.2656182
5204,-218,15027,15073,18473,18047,9313,0.81,0.84,14787.1,0.8193661,-93.66099629
5205,-174,15022,15162,18496,18175,9312,0.81,0.83,14914.5,0.820605227,-106.0522696
5206,-195,14943,15299,18456,18347,9312,0.81,0.83,15103.1,0.823191802,-131.9180247
5206,-177,15036,15236,18511,18271,9311,0.81,0.83,15017.3,0.821919982,-119.1998249
5207,-196,15031,15000,18468,17956,9307,0.81,0.84,14686.8,0.817932724,-79.32724438
5208,-192,14872,15365,18432,18430,9303,0.81,0.83,15194,0.824416712,-144.1671188
5210,-187,15003,15254,18430,18310,9300,0.81,0.83,15047,0.821791371,-117.9137084
5211,-200,15004,15105,18423,18097,9300,0.81,0.83,14834.1,0.819699398,-96.9939769
5212,-189,14881,15288,18407,18337,9305,0.81,0.83,15089.1,0.822877243,-128.7724273
5213,-184,15029,15026,18453,18000,9312,0.81,0.83,14726,0.818111111,-81.11111111
5214,-169,14879,15263,18325,18313,9319,0.81,0.83,15056.9,0.822197346,-121.9734615
5215,-173,15077,14967,18494,17942,9320,0.82,0.83,14649.6,0.816497603,35.02396611
5215,-197,15019,15062,18428,18040,9321,0.82,0.83,14774,0.818957871,10.42128603
5216,-166,15026,15187,18461,18213,9323,0.81,0.83,14950.9,0.820891671,-108.9167078
5218,-172,14956,15355,18462,18443,9325,0.81,0.83,15187.9,0.823504853,-135.0485279
5218,-171,14941,15233,18455,18280,9327,0.81,0.83,15017,0.821498906,-114.9890591
5219,-191,14914,14480,18427,17351,9327,0.81,0.83,13985.3,0.806022708,39.77292375
5221,-167,14783,15259,18134,18324,9326,0.82,0.83,15056.2,0.821665575,-16.65575202
5221,-171,14943,15244,18389,18306,9325,0.81,0.83,15035.8,0.821359117,-113.5911723
5223,-154,14997,15250,18452,18314,9323,0.81,0.83,15044.2,0.821458993,-114.5899312
5224,-175,15081,15147,18503,18168,9323,0.82,0.83,14897.4,0.819980185,0.198150594
5225,-156,15019,15161,18473,18199,9324,0.81,0.83,14920.7,0.819863729,-98.63728776
5226,-171,14956,15270,18425,18345,9325,0.81,0.83,15073.5,0.821668029,-116.6802944
5226,-135,15071,15242,18484,18318,9326,0.82,0.83,15037.4,0.820908396,-9.083961131
5227,-147,15088,15186,18475,18248,9327,0.82,0.83,14960.4,0.81983779,1.622095572
5228,-170,14466,14986,17883,17966,9327,0.81,0.83,14675.8,0.81686519,-68.65189803
5229,-146,14876,14726,18367,17676,9327,0.81,0.83,14328.8,0.81063589,-6.35890473
5230,-128,14797,15302,18180,18389,9328,0.81,0.83,15118.7,0.822159987,-121.5998695
5232,-124,15068,15188,18451,18254,9328,0.82,0.83,14964.2,0.819776487,2.235126548
5233,-146,14991,15202,18396,18271,9328,0.81,0.83,14983.3,0.82005911,-100.5911007
5233,-130,15040,15220,18463,18292,9328,0.81,0.83,15007.6,0.820446097,-104.4609665
5235,-128,15110,15070,18515,18084,9323,0.82,0.83,14795.2,0.81813758,18.62419819
5236,-130,15054,15238,18487,18315,9317,0.81,0.83,15032.5,0.820775321,-107.7532078
5236,-116,15020,15261,18405,18355,9312,0.82,0.83,15067.5,0.82089349,-8.934895124
5237,-128,15074,14910,18416,17884,9312,0.82,0.83,14575.2,0.814985462,50.14538135
5238,-151,14335,15085,17706,18113,9316,0.81,0.83,14818.9,0.818136145,-81.3614531
5240,-113,15068,15142,18448,18193,9325,0.82,0.83,14899.9,0.818990821,10.09179355
5241,-148,15004,15237,18432,18320,9334,0.81,0.83,15033,0.820578603,-105.7860262
5241,-135,14970,15292,18392,18384,9339,0.81,0.83,15107.2,0.82175805,-117.5805048
5242,-118,15168,15046,18511,18054,9340,0.82,0.83,14762.2,0.817669215,23.30785422
5243,-125,15095,15255,18524,18349,9337,0.81,0.83,15059.7,0.820736825,-107.368249
5244,-114,15135,15057,18465,18087,9334,0.82,0.83,14783.1,0.817332891,26.67108973
5245,-121,15080,15074,18413,18095,9332,0.82,0.83,14802.5,0.818043658,19.56341531
5246,-95,15155,15112,18491,18177,9332,0.82,0.83,14865.1,0.817797216,22.02783738
5247,-93,15124,14945,18440,17935,9332,0.82,0.83,14625.5,0.81547254,45.27460273
5248,-127,14779,15344,18169,18446,9334,0.81,0.83,15177.8,0.822823376,-128.2337634
5249,-105,15144,14992,18463,18027,9335,0.82,0.83,14700.1,0.815449049,45.50951351
5250,-97,15092,15222,18421,18303,9336,0.82,0.83,15012.9,0.820242583,-2.425831831
5251,-100,15064,15281,18414,18384,9336,0.82,0.83,15096.2,0.821159704,-11.59704091
5252,-102,15173,15047,18487,18076,9334,0.82,0.83,14769.8,0.81709449,29.05510069
5253,-90,15100,15158,18419,18227,9332,0.82,0.83,14926.1,0.818900532,10.99467822
5254,-89,15110,15251,18470,18340,9331,0.82,0.83,15053,0.820774264,-7.74263904
5255,-97,15106,15176,18489,18254,9330,0.82,0.83,14952.2,0.819119097,8.809028158
5256,-108,15161,14999,18460,17998,9332,0.82,0.83,14698.4,0.816668519,33.31481276
5257,-95,15189,15125,18537,18169,9340,0.82,0.83,14875.7,0.818740712,12.59287798
5258,-89,14972,15315,18230,18416,9348,0.82,0.83,15139.8,0.822100348,-21.00347524
5259,-95,15211,15108,18516,18150,9354,0.82,0.83,14853,0.818347107,16.52892562
5260,-82,15179,15181,18489,18234,9354,0.82,0.83,14951.2,0.819962707,0.372929692
5261,-85,15157,15250,18497,18334,9348,0.82,0.83,15050.2,0.820890149,-8.901494491
5262,-83,15202,15223,18502,18292,9338,0.82,0.83,15010.6,0.820610103,-6.101027772
5263,-104,15205,15164,18529,18223,9328,0.82,0.83,14930.9,0.819343687,6.5631345
5264,-79,15105,15286,18472,18370,9324,0.82,0.83,15097,0.821829069,-18.29069134
5265,-102,15092,15262,18426,18341,9325,0.82,0.83,15064.3,0.821345619,-13.45619105
5266,-80,15131,15317,18486,18410,9331,0.82,0.83,15140,0.822379142,-23.79141771
5267,-92,15135,15274,18474,18349,9337,0.82,0.83,15078.7,0.821772304,-17.72303668
5268,-89,15059,15289,18429,18365,9342,0.82,0.83,15098.5,0.822134495,-21.34494963
5269,-77,15131,15166,18369,18229,9342,0.82,0.83,14934.7,0.819282462,7.175379889
5270,-82,14982,15296,18354,18388,9346,0.82,0.83,15112.4,0.821862084,-18.62083968
5271,-76,15214,15128,18470,18174,9352,0.82,0.83,14880.2,0.818763068,12.36931881
5272,-80,15193,15265,18529,18334,9359,0.82,0.83,15065.2,0.821708302,-17.08301516
5273,-100,15235,15084,18498,18089,9362,0.82,0.83,14810.7,0.818768312,12.31687766
5274,-87,15147,15208,18449,18274,9362,0.82,0.83,14990.2,0.820302069,-3.020685126
5275,-99,15126,15278,18488,18349,9354,0.82,0.83,15082.7,0.821990299,-19.90299199
5276,-105,15200,15237,18482,18306,9347,0.82,0.83,15028.8,0.820976729,-9.767289413
5277,-88,15155,15246,18492,18307,9340,0.82,0.83,15038.1,0.821439886,-14.39886382
5278,-95,15006,15252,18318,18312,9340,0.82,0.83,15045.6,0.821625164,-16.25163827
5279,-101,15013,14926,18375,17916,9342,0.82,0.83,14600.8,0.814958696,50.41303862
5280,-68,15046,15319,18319,18393,9344,0.82,0.83,15136.9,0.822970695,-29.70695373
5281,-72,15199,15302,18497,18373,9347,0.82,0.83,15113.9,0.822614706,-26.14706363
5282,-79,15233,15281,18554,18341,9348,0.82,0.83,15083.3,0.82238155,-23.81549534
5283,-82,15245,15287,18553,18349,9348,0.82,0.83,15091.7,0.822480789,-24.80789144
5284,-78,15194,15250,18488,18290,9348,0.82,0.83,15037,0.822143248,-21.43247676
5285,-88,15193,15246,18470,18272,9347,0.82,0.83,15027.6,0.822438704,-24.38704028
5286,-81,15182,15307,18522,18364,9347,0.82,0.83,15116.2,0.823143106,-31.43106077
5287,-83,15222,15314,18491,18366,9347,0.82,0.83,15123.8,0.823467276,-34.67276489
5288,-81,14951,14728,18141,17667,9349,0.82,0.83,14328.1,0.811009226,89.90773759
5289,-90,14796,14907,18073,17838,9355,0.82,0.84,14558.4,0.816145308,38.5469223
5290,-60,14879,15323,18129,18370,9360,0.82,0.83,15134,0.823843223,-38.43222646
5291,-82,15113,15377,18457,18434,9364,0.82,0.83,15207.2,0.82495389,-49.53889552
5292,-77,15267,15229,18514,18251,9364,0.82,0.83,15004.3,0.822108378,-21.08377623
5293,-64,15232,15284,18493,18320,9363,0.82,0.83,15080,0.823144105,-31.44104803
5294,-85,15172,15340,18437,18372,9363,0.82,0.83,15151.6,0.824711518,-47.11517527
5295,-91,15346,15089,18598,18042,9363,0.83,0.84,14801.6,0.820396852,96.0314821
5296,-78,15121,15356,18433,18396,9363,0.82,0.83,15174.8,0.824896717,-48.96716678
5297,-100,15281,15085,18515,18027,9365,0.83,0.84,14793.1,0.820607977,93.92023076
5298,-89,15157,15259,18399,18272,9371,0.82,0.84,15040.6,0.823150175,-31.50175131
5299,-86,15240,15104,18480,18079,9378,0.82,0.84,14827.7,0.820161513,-1.61513358
5300,-92,15216,15314,18484,18331,9383,0.82,0.84,15113.3,0.82446675,-44.66750314
5301,-115,15199,15349,18519,18362,9383,0.82,0.84,15157.6,0.82548742,-54.87419671
5302,-100,15266,15078,18500,17995,9379,0.83,0.84,14776.5,0.821144762,88.55237566
5303,-106,15294,15027,18540,17939,9372,0.82,0.84,14708.7,0.819928647,0.713529182
5304,-94,15234,15357,18540,18376,9365,0.82,0.84,15169.8,0.825522421,-55.22420549
5304,-125,15082,14996,18430,17894,9362,0.82,0.84,14664.2,0.819503744,4.962557282
5306,-103,15221,15283,18513,18268,9362,0.82,0.84,15063.4,0.824578498,-45.7849792
5307,-131,15065,15454,18407,18472,9367,0.82,0.84,15295.6,0.828042443,-80.42442616
5308,-110,15194,15302,18515,18296,9371,0.82,0.84,15090.8,0.824814167,-48.14167031
5309,-106,15258,15173,18495,18110,9375,0.82,0.84,14906,0.823081171,-30.81170624
5310,-108,15309,15129,18553,18041,9375,0.83,0.84,14841.3,0.822642869,73.57130979
5311,-135,15060,15363,18387,18357,9376,0.82,0.84,15170.1,0.826393202,-63.93201504
5312,-110,15313,15341,18572,18309,9378,0.82,0.84,15133.7,0.826571631,-65.71631438
5313,-127,15212,15331,18486,18303,9380,0.82,0.84,15121.9,0.826197891,-61.97891056
5314,-113,15276,15339,18562,18304,9381,0.82,0.84,15130.2,0.826606206,-66.06206294
5314,-125,15271,15345,18583,18302,9381,0.82,0.84,15135.6,0.826991586,-69.91585619
5316,-110,15156,15399,18409,18370,9377,0.82,0.84,15210,0.827980403,-79.80402831
5317,-126,15237,15165,18469,18070,9373,0.83,0.84,14886,0.823796348,62.03652463
5318,-131,15045,15391,18402,18355,9369,0.82,0.84,15197.5,0.827976028,-79.7602833
5319,-126,14761,14944,17927,17813,9369,0.82,0.84,14587.9,0.818946837,10.5316342
5320,-104,15058,15399,18371,18362,9368,0.82,0.84,15207.6,0.828210435,-82.10434593
5321,-125,15290,15225,18528,18131,9366,0.83,0.84,14964.3,0.825343335,46.5666538
5322,-136,15128,15461,18444,18438,9364,0.82,0.84,15292.4,0.829395813,-93.95812995
5323,-157,15178,15447,18496,18405,9363,0.82,0.84,15268.5,0.829584352,-95.84352078
5324,-141,15215,15306,18525,18226,9363,0.82,0.84,15073.8,0.82704927,-70.49270273
5325,-145,15174,15406,18471,18352,9368,0.82,0.84,15211.6,0.828879686,-88.79686138
5325,-139,15283,15203,18543,18073,9374,0.82,0.84,14924.9,0.825811985,-58.11984729
5327,-151,15271,15079,18536,17917,9381,0.82,0.84,14754.1,0.823469331,-34.69330803
5327,-166,14678,15144,17994,17997,9382,0.82,0.84,14843.1,0.824754126,-47.54125688
5329,-117,15295,15331,18564,18256,9384,0.82,0.84,15107.8,0.827552585,-75.52585451
5330,-153,15229,15426,18534,18351,9389,0.82,0.84,15231.3,0.829998365,-99.98365212
5331,-151,15153,15463,18505,18399,9393,0.82,0.84,15282.7,0.830626664,-106.2666449
5332,-159,15261,15313,18555,18193,9397,0.82,0.84,15070.9,0.82839004,-83.90040125
5333,-157,15215,15316,18488,18201,9397,0.82,0.84,15076.3,0.82832262,-83.22619636
5333,-166,15187,15459,18541,18385,9394,0.82,0.84,15274.5,0.830813163,-108.131629
5334,-184,15181,15164,18404,17984,9390,0.82,0.84,14859.2,0.826245552,-62.45551601
5336,-164,15084,15468,18393,18383,9387,0.82,0.84,15282.9,0.831360496,-113.6049611
5337,-182,15124,15425,18493,18323,9386,0.82,0.84,15221.9,0.830753698,-107.5369754
5338,-176,15095,15456,18350,18355,9386,0.82,0.84,15262.5,0.831517298,-115.1729774
5339,-170,15304,15157,18591,18005,9384,0.82,0.84,14858.5,0.825242988,-52.42988059
5340,-166,15016,15509,18270,18413,9383,0.82,0.84,15332.9,0.832721447,-127.214468
5341,-187,15164,15480,18507,18372,9381,0.82,0.84,15291.6,0.832331809,-123.3180927
5342,-191,15069,15542,18435,18432,9381,0.82,0.84,15371.6,0.833962674,-139.6267361
5342,-195,15190,15478,18538,18361,9382,0.82,0.84,15286.3,0.832541801,-125.4180056
5344,-187,15198,15183,18471,17984,9385,0.82,0.84,14878.2,0.827302046,-73.02046263
5345,-205,15192,15417,18519,18287,9388,0.82,0.84,15203.1,0.831361076,-113.6107617
5345,-193,15191,15548,18567,18449,9388,0.82,0.84,15382.7,0.83379587,-137.9586969
5347,-184,15256,15339,18557,18176,9388,0.82,0.84,15091.8,0.830314701,-103.147007
5347,-215,15138,15384,18506,18227,9387,0.82,0.84,15152.1,0.83129972,-112.997202
5349,-212,15167,15416,18451,18262,9385,0.82,0.84,15194.6,0.832033731,-120.3373125
5350,-203,14811,15494,18086,18354,9384,0.82,0.84,15300.2,0.83361665,-136.1665032
5350,-197,15214,15475,18549,18335,9384,0.82,0.84,15275.5,0.833133352,-131.3335151
5352,-213,15165,15516,18583,18384,9385,0.82,0.84,15331.2,0.833942559,-139.4255875
5353,-208,15137,15576,18473,18446,9387,0.82,0.84,15409.8,0.835400629,-154.0062886
5354,-209,15214,15493,18592,18352,9389,0.82,0.84,15298.6,0.833620314,-136.2031386
5355,-222,15081,15495,18441,18335,9390,0.82,0.85,15295.5,0.834224161,-142.2416144
5356,-234,15212,15227,18520,17989,9389,0.82,0.85,14923.7,0.829601423,-96.01423092
5356,-251,15042,15130,18462,17865,9391,0.81,0.85,14789.5,0.827847747,-178.4774699
5357,-242,14955,15231,18312,17983,9393,0.82,0.85,14925.9,0.830000556,-100.0055608
5359,-238,15150,15254,18445,18011,9394,0.82,0.85,14957.3,0.830453612,-104.5361168
5359,-234,15181,15567,18545,18398,9394,0.82,0.85,15386.4,0.836308294,-163.0829438
5361,-250,15227,15327,18549,18101,9394,0.82,0.85,15057.3,0.831849069,-118.4906911
5361,-238,15096,15552,18482,18388,9395,0.82,0.85,15368.4,0.835784207,-157.8420709
5362,-246,15227,15371,18574,18143,9396,0.82,0.85,15113.9,0.833043047,-130.4304691
5364,-249,15195,15238,18519,17976,9396,0.82,0.85,14930.8,0.830596351,-105.9635069
5365,-243,15134,15452,18460,18233,9396,0.82,0.85,15221.9,0.834854385,-148.5438491
5366,-257,15068,15645,18513,18478,9399,0.81,0.85,15488.4,0.838207598,-282.0759822
5367,-259,15047,15577,18462,18393,9403,0.82,0.85,15394.9,0.836997771,-169.9777089
5367,-277,15052,15625,18509,18440,9407,0.81,0.85,15457,0.838232104,-282.3210412
5368,-276,15254,15435,18608,18216,9408,0.82,0.85,15199.8,0.83442029,-144.2028986
5369,-271,14953,15567,18331,18363,9407,0.82,0.85,15375.9,0.837330502,-173.3050155
5370,-289,15164,15527,18541,18329,9405,0.82,0.85,15325.7,0.836144907,-161.4490698
5372,-264,15217,15551,18591,18349,9402,0.82,0.85,15355.7,0.836868494,-168.684942
5372,-273,15130,15300,18476,18024,9400,0.82,0.85,15007.2,0.832623169,-126.2316911
5374,-287,15170,15280,18530,17988,9400,0.82,0.85,14976.4,0.832577274,-125.7727374
5374,-294,15132,15500,18534,18268,9400,0.82,0.85,15280.4,0.836457193,-164.5719291
5376,-291,15127,15341,18475,18060,9400,0.82,0.85,15059,0.833831672,-138.316722
5376,-303,15049,15488,18497,18242,9400,0.81,0.85,15260.6,0.836563973,-265.6397325
5377,-306,14945,15600,18442,18378,9399,0.81,0.85,15413.4,0.838687561,-286.8756121
5378,-315,15028,14834,18538,17449,9399,0.81,0.85,14368.7,0.823468394,-134.683936
5380,-313,15086,15573,18494,18343,9396,0.82,0.85,15375.9,0.838243472,-182.4347162
5380,-315,15051,15538,18485,18318,9393,0.81,0.85,15333.4,0.837067365,-270.6736543
5381,-299,15042,15624,18535,18408,9391,0.81,0.85,15446.4,0.839113429,-291.1342894
5382,-309,15111,15572,18508,18345,9391,0.82,0.85,15375.5,0.838130281,-181.3028073
5384,-297,15055,15587,18502,18358,9394,0.81,0.85,15394.4,0.838566293,-285.6629262
5384,-317,15053,15452,18470,18172,9398,0.81,0.85,15203.6,0.836649791,-266.4979089
5385,-302,15071,15555,18499,18323,9403,0.81,0.85,15351.9,0.837848606,-278.4860558
5386,-315,15098,15463,18493,18187,9405,0.82,0.85,15219.1,0.836812009,-168.1200858
5387,-325,14767,15583,18096,18342,9405,0.82,0.85,15385.6,0.838818013,-188.180133
5388,-310,15127,15440,18532,18179,9405,0.82,0.85,15193.7,0.835783046,-157.8304637
5389,-325,15048,15588,18498,18348,9406,0.81,0.85,15392.4,0.838914323,-289.1432309
5391,-314,15137,15601,18583,18368,9406,0.81,0.85,15411.4,0.839035279,-290.3527875
5392,-330,15096,15581,18547,18329,9405,0.81,0.85,15379.7,0.839091058,-290.9105789
5393,-298,15092,15383,18487,18084,9403,0.82,0.85,15108.2,0.835445698,-154.4569785
5393,-339,15141,15268,18570,17925,9398,0.82,0.85,14945.5,0.833779637,-137.7963738
5394,-351,14987,15668,18520,18435,9394,0.81,0.85,15498.5,0.840710605,-307.1060483
5395,-340,15063,15681,18586,18458,9392,0.81,0.85,15518.4,0.840741142,-307.4114205
5396,-344,15049,15673,18564,18435,9392,0.81,0.85,15503.5,0.840981828,-309.8182804
5397,-335,14892,15641,18440,18406,9396,0.81,0.85,15462.8,0.840095621,-300.9562099
5399,-357,14950,15213,18504,17883,9400,0.81,0.85,14877.9,0.831957725,-219.5772521
5400,-334,15007,15564,18428,18309,9404,0.81,0.85,15356.7,0.838751434,-287.5143372
5400,-363,15171,15576,18629,18312,9404,0.81,0.85,15369.6,0.83931848,-293.1847969
5401,-343,15110,15416,18592,18107,9406,0.81,0.85,15148.1,0.83658806,-265.8805987
5402,-345,14966,15652,18490,18415,9408,0.81,0.85,15476.5,0.840428998,-304.289981
5403,-359,15076,15337,18523,18004,9411,0.81,0.85,15038.2,0.83526994,-252.6994001
5404,-356,15162,15445,18617,18141,9413,0.81,0.85,15187.3,0.837180971,-271.8097128
5405,-342,15062,15607,18530,18350,9413,0.81,0.85,15412,0.839891008,-298.9100817
5406,-354,15096,15425,18544,18109,9413,0.81,0.85,15157.7,0.837025788,-270.2578828
5407,-364,14930,15388,18478,18067,9412,0.81,0.85,15108.1,0.836226269,-262.2626889
5408,-356,15095,15453,18557,18165,9411,0.81,0.85,15202.5,0.836911643,-269.1164327
5409,-358,15023,15687,18550,18451,9411,0.81,0.85,15522.3,0.841271476,-312.714758
5410,-353,15077,15605,18551,18363,9411,0.81,0.85,15413.9,0.83939988,-293.9988019
5411,-362,14973,15700,18546,18465,9413,0.81,0.85,15539.5,0.841565123,-315.6512321
5412,-371,15059,15467,18507,18173,9414,0.81,0.85,15218.9,0.837445661,-274.4566115
5413,-361,15069,15687,18601,18447,9415,0.81,0.85,15521.1,0.841388844,-313.8884371
5414,-371,15104,15370,18582,18042,9415,0.81,0.85,15082.6,0.835971622,-259.7162177
5415,-372,15093,15542,18566,18266,9416,0.81,0.85,15321.8,0.838815285,-288.1528523
5416,-374,14897,15695,18441,18451,9418,0.81,0.85,15530.3,0.841705057,-317.0505664
5418,-356,15045,15512,18540,18248,9420,0.81,0.85,15286.4,0.837702762,-277.0276195
5419,-370,14784,14964,18353,17591,9420,0.81,0.85,14541.3,0.826632937,-166.329373
5419,-364,14791,15464,18176,18179,9420,0.81,0.85,15217.7,0.837103251,-271.03251
5420,-346,15005,15641,18556,18398,9417,0.81,0.85,15460.4,0.840330471,-303.304707
5421,-366,14950,15276,18548,17946,9415,0.81,0.85,14959.8,0.833600802,-236.0080241
5422,-357,15008,15670,18537,18447,9413,0.81,0.85,15504.1,0.840467285,-304.6728465
5423,-368,15039,15292,18521,17958,9414,0.81,0.85,14979.4,0.834135204,-241.3520437
5424,-371,15034,15467,18507,18176,9416,0.81,0.85,15219.8,0.837356954,-273.5695423
5425,-364,15110,15513,18604,18265,9419,0.81,0.85,15292.5,0.837257049,-272.57049
5426,-377,15028,15570,18539,18321,9423,0.81,0.85,15366.3,0.838726052,-287.2605207
5427,-363,14497,15575,17872,18334,9424,0.81,0.85,15375.2,0.838616778,-286.1677757
5428,-354,15001,15492,18489,18242,9424,0.81,0.85,15264.6,0.836783247,-267.8324745
5429,-369,14992,15630,18556,18411,9421,0.81,0.85,15453.3,0.839351475,-293.5147466
5430,-357,14987,15531,18481,18289,9418,0.81,0.85,15317.7,0.837536224,-275.3622396
5431,-365,15060,15367,18547,18069,9416,0.81,0.85,15087.7,0.835004704,-250.0470419
5432,-370,14995,15610,18571,18382,9415,0.81,0.85,15424.6,0.839114351,-291.14351
5433,-364,14931,15661,18508,18446,9417,0.81,0.85,15494.8,0.840008674,-300.0867397
5435,-384,15009,15469,18516,18209,9421,0.81,0.85,15231.7,0.836492943,-264.9294305
5435,-361,14983,15586,18499,18362,9424,0.81,0.85,15394.6,0.83839451,-283.945104
5436,-378,14865,15548,18440,18304,9426,0.81,0.85,15339.2,0.838024476,-280.2447552
5437,-401,14893,15499,18505,18249,9426,0.8,0.85,15273.7,0.836960929,-369.6092937
5438,-361,15014,15609,18580,18402,9427,0.81,0.85,15429.6,0.838474079,-284.740789
5439,-345,14938,15482,18403,18243,9428,0.81,0.85,15254.9,0.836205668,-262.0566793
5440,-358,14988,15593,18528,18380,9429,0.81,0.85,15407,0.838248096,-282.4809576
5441,-347,15070,15587,18583,18386,9429,0.81,0.85,15402.8,0.837746111,-277.4611117
5442,-352,15060,15457,18556,18207,9427,0.81,0.85,15219.1,0.835892788,-258.9278849
5443,-351,15060,15310,18563,18022,9423,0.81,0.85,15016.6,0.833237155,-232.3715459
5444,-350,14968,15700,18512,18527,9419,0.81,0.85,15558.1,0.839752793,-297.5279322
5445,-356,15079,15267,18594,17974,9416,0.81,0.85,14959.2,0.832268833,-222.6883276
5446,-357,14911,15578,18474,18390,9416,0.81,0.85,15395,0.83713975,-271.3974986
5447,-372,14620,15732,18170,18569,9419,0.8,0.85,15602.7,0.840255264,-402.5526415
5448,-337,15000,15321,18491,18085,9422,0.81,0.85,15046.5,0.831987835,-219.8783522
5449,-361,14868,15102,18477,17797,9426,0.8,0.85,14741.1,0.828291285,-282.9128505
5450,-350,15045,15457,18575,18249,9426,0.81,0.85,15231.7,0.834659433,-246.5943339
5451,-328,14988,15643,18521,18482,9425,0.81,0.85,15487.6,0.837982902,-279.8290228
5452,-341,15050,15534,18557,18352,9424,0.81,0.85,15339.6,0.835854403,-258.5440279
5453,-355,14943,15145,18564,17859,9422,0.8,0.85,14802.7,0.828864998,-288.6499804
5454,-339,15018,15574,18547,18413,9420,0.81,0.85,15397.9,0.836251561,-262.515614
5455,-352,14961,15623,18545,18471,9420,0.81,0.85,15464.3,0.837220508,-272.2050782
5456,-335,15029,15514,18556,18345,9427,0.81,0.85,15317.5,0.834968656,-249.6865631
5457,-336,14877,15544,18381,18375,9437,0.81,0.85,15356.5,0.835727891,-257.2789116
5458,-312,15102,15332,18601,18138,9447,0.81,0.85,15073.4,0.831039806,-210.3980593
5459,-318,14735,15513,18189,18363,9450,0.81,0.84,15321.9,0.834389806,-243.8980559
5460,-322,14970,15560,18490,18414,9448,0.81,0.85,15384.2,0.835462148,-254.6214837
5461,-321,15073,15595,18644,18458,9442,0.81,0.84,15432.4,0.836081916,-260.819157
5462,-321,15041,15577,18580,18431,9435,0.81,0.85,15406.3,0.835890619,-258.9061907
5463,-319,14940,15560,18473,18428,9430,0.81,0.84,15388.4,0.835055351,-250.5535055
5464,-303,15032,15502,18549,18355,9429,0.81,0.84,15308.5,0.834023427,-240.2342686
5465,-305,15027,15514,18551,18367,9429,0.81,0.84,15324.1,0.834327871,-243.2787064
5466,-307,14956,15616,18518,18507,9429,0.81,0.84,15468.1,0.835797266,-257.972659
5467,-322,14956,15615,18565,18495,9429,0.81,0.84,15463.5,0.836090835,-260.9083536
5468,-312,15131,15098,18621,17862,9429,0.81,0.85,14756.6,0.826144889,-161.4488859
5469,-291,14896,15388,18310,18228,9428,0.81,0.84,15156.4,0.831490015,-214.9001536
5470,-309,14898,15563,18488,18458,9431,0.81,0.84,15400.4,0.83434825,-243.4825008
5471,-288,15052,15497,18540,18387,9433,0.81,0.84,15313.1,0.832822103,-228.2210257
5472,-298,14973,15459,18450,18342,9436,0.81,0.84,15261.6,0.832057573,-220.5757278
5473,-287,15149,15493,18629,18393,9436,0.81,0.84,15310.9,0.832430816,-224.3081607
5474,-268,14733,15657,18133,18572,9436,0.81,0.84,15528.6,0.836129658,-261.2965755
5475,-296,15027,15182,18504,18023,9438,0.81,0.84,14888.9,0.826105532,-161.0553182
5476,-270,15141,15235,18620,18056,9441,0.81,0.84,14951.8,0.828079309,-180.7930882
5477,-273,15098,15263,18559,18090,9442,0.81,0.84,14990,0.828634605,-186.3460475
5478,-267,15132,15453,18596,18364,9442,0.81,0.84,15262.2,0.831093444,-210.9344369
5479,-279,15054,15212,18508,18035,9445,0.81,0.84,14922.5,0.827418908,-174.1890768
5481,-267,15111,15296,18561,18160,9449,0.81,0.84,15044,0.828414097,-184.1409692
5481,-250,15080,15499,18606,18423,9452,0.81,0.84,15325.9,0.831889486,-218.8948597
5482,-267,15040,15513,18577,18444,9453,0.81,0.84,15346.2,0.832042941,-220.4294079
5483,-254,15148,15357,18599,18262,9452,0.81,0.84,15135.6,0.828802979,-188.0297886
5484,-234,14991,15372,18436,18285,9451,0.81,0.84,15157.5,0.828958162,-189.5816243
5485,-256,15170,15226,18625,18079,9450,0.81,0.84,14949.7,0.826909674,-169.0967421
5486,-244,15049,15463,18509,18409,9450,0.81,0.84,15285.7,0.830338421,-203.3842142
5487,-252,15064,15464,18598,18396,9450,0.81,0.84,15282.8,0.830767558,-207.6755816
5488,-260,14944,15020,18496,17845,9446,0.81,0.84,14673.5,0.822275147,-122.751471
5489,-247,14906,15443,18336,18379,9442,0.81,0.84,15256.7,0.830115893,-201.1589314
5490,-235,15143,15397,18605,18336,9437,0.81,0.84,15197.8,0.828850349,-188.5034904
5491,-220,15131,15441,18575,18400,9436,0.81,0.84,15261,0.829402174,-194.0217391
5492,-237,15004,15524,18473,18506,9438,0.81,0.84,15375.8,0.830854858,-208.5485788
5493,-240,15025,15453,18501,18424,9447,0.81,0.84,15280.2,0.829363873,-193.6387321
5494,-238,15035,15455,18541,18427,9455,0.81,0.84,15283.1,0.829386227,-193.8622673
5496,-225,15198,15440,18657,18409,9463,0.81,0.84,15262.7,0.829089033,-190.8903254
5496,-211,15068,15439,18543,18425,9463,0.81,0.84,15266.5,0.828575305,-185.7530529
5497,-218,15166,15507,18629,18496,9458,0.81,0.84,15355.8,0.830222751,-202.2275087
5498,-197,15102,15184,18504,18098,9449,0.82,0.84,14913.4,0.824035805,-40.35805061
5499,-206,15165,15412,18592,18387,9441,0.82,0.84,15228.1,0.828199271,-81.99271224
5500,-234,15044,15021,18572,17892,9438,0.81,0.84,14688.6,0.820959088,-109.5908786
5501,-185,15185,15454,18615,18459,9439,0.82,0.84,15291.7,0.828414324,-84.14323636
5502,-200,15159,15213,18560,18132,9446,0.82,0.84,14952.6,0.824652548,-46.52547981
5503,-196,15194,15255,18589,18215,9454,0.82,0.84,15019.5,0.824567664,-45.67664013
5504,-192,15186,15238,18588,18176,9460,0.82,0.84,14990.8,0.824757923,-47.57922535
5505,-180,15215,15477,18669,18496,9460,0.81,0.84,15325.8,0.828600779,-186.0077855
5506,-181,15176,15144,18572,18066,9460,0.82,0.84,14863.8,0.822749917,-27.49916971
5507,-199,15026,15394,18508,18401,9460,0.81,0.84,15214.3,0.826819195,-168.1919461
5508,-168,15220,15272,18618,18266,9460,0.82,0.84,15051.8,0.824033724,-40.33723859
5509,-182,15058,14978,18552,17875,9460,0.81,0.84,14640.5,0.819048951,-90.48951049
5510,-171,15173,15118,18532,18037,9460,0.82,0.84,14829.1,0.822148916,-21.48916117
5511,-158,15120,15414,18562,18434,9461,0.81,0.84,15244.2,0.82696105,-169.6105023
5513,-161,15070,15449,18476,18483,9462,0.82,0.84,15293.9,0.827457664,-74.57663799
5513,-162,15095,15414,18523,18449,9463,0.81,0.84,15248.7,0.826532603,-165.3260339
5514,-170,15168,15392,18581,18425,9463,0.82,0.84,15219.5,0.826024423,-60.24423338
5515,-165,15172,15374,18574,18402,9464,0.82,0.84,15194.6,0.825703728,-57.03727856
5516,-152,15233,15277,18629,18278,9467,0.82,0.84,15060.4,0.823963234,-39.6323449
5517,-140,15227,15232,18602,18225,9470,0.82,0.84,14999.5,0.823017833,-30.17832647
5518,-149,15065,15219,18464,18229,9472,0.82,0.83,14987.7,0.822189917,-21.89917165
5519,-139,14973,15167,18233,18139,9472,0.82,0.84,14908.7,0.821914108,-19.14107724
5520,-161,15114,15035,18581,17990,9466,0.81,0.84,14732,0.818899389,-88.99388549
5521,-121,15202,15420,18591,18473,9459,0.82,0.83,15261.9,0.826173334,-61.73334055
5522,-139,15197,15399,18594,18458,9452,0.82,0.83,15236.4,0.825463214,-54.63213783
5524,-133,15219,15395,18575,18460,9450,0.82,0.83,15233,0.825189599,-51.89599133
5524,-116,15182,15331,18531,18382,9454,0.82,0.83,15145.6,0.82393646,-39.3645958
5525,-126,15131,15396,18571,18474,9462,0.81,0.83,15238.2,0.824845729,-148.4572913
5526,-140,15109,15442,18494,18525,9470,0.82,0.83,15299.5,0.825883941,-58.83940621
5527,-122,15381,15104,18741,18083,9475,0.82,0.84,14828.9,0.820046452,-0.464524692
5528,-140,15142,14995,18599,17994,9475,0.81,0.83,14693.2,0.816561076,-65.61075914
5529,-123,15302,15001,18637,17963,9468,0.82,0.84,14689.9,0.817786561,22.13438735
5530,-121,15205,15258,18553,18297,9459,0.82,0.83,15047.1,0.822380718,-23.80718151
5532,-113,15279,15180,18599,18197,9450,0.82,0.83,14939.1,0.820964994,-9.649942298
5532,-103,15213,15315,18556,18383,9448,0.82,0.83,15129.9,0.823037589,-30.37589077
5533,-101,15229,15193,18536,18219,9450,0.82,0.83,14958.7,0.821049454,-10.49453867
5534,-116,15226,15393,18643,18477,9456,0.82,0.83,15236.1,0.824598149,-45.9814905
5535,-94,15290,15375,18628,18459,9462,0.82,0.83,15212.7,0.824134569,-41.34568503
5536,-94,15261,15378,18676,18468,9467,0.82,0.83,15218.4,0.824041585,-40.41585445
5537,-108,15274,15381,18668,18487,9467,0.82,0.83,15227.1,0.823665278,-36.65278304
5538,-99,15099,15434,18526,18536,9468,0.82,0.83,15294.8,0.825140268,-51.40267587
5539,-79,15046,15244,18270,18314,9469,0.82,0.83,15038.2,0.821131375,-11.31374904
5540,-107,15116,14952,18518,17930,9470,0.82,0.83,14631,0.816006693,39.93307306
5541,-92,15288,15107,18575,18124,9471,0.82,0.83,14844.2,0.819035533,9.644670051
5542,-100,15275,15361,18638,18470,9471,0.82,0.83,15202,0.823064429,-30.64428803
5543,-80,15213,15401,18614,18508,9470,0.82,0.83,15253.4,0.824151718,-41.51718176
5544,-80,15205,15416,18597,18529,9469,0.82,0.83,15274.7,0.824367208,-43.6720816
5545,-102,15300,15069,18584,18081,9468,0.82,0.83,14793.3,0.818168243,18.31757093
5546,-75,15255,15371,18636,18476,9468,0.82,0.83,15213.8,0.823435809,-34.35808617
5547,-89,15391,15040,18686,18046,9468,0.82,0.83,14753.8,0.81756622,24.33780339
5548,-63,15131,15368,18510,18476,9470,0.82,0.83,15210.8,0.823273436,-32.73435809
5549,-77,15142,15300,18406,18378,9471,0.82,0.83,15113.4,0.822363696,-23.63695723
5550,-90,15174,14966,18568,17959,9472,0.82,0.83,14653.7,0.815953004,40.46995935
5551,-68,15267,15346,18583,18445,9472,0.82,0.83,15179.5,0.822960152,-29.60151803
5552,-81,15269,15369,18603,18487,9471,0.82,0.83,15215.1,0.823016174,-30.16173527
5553,-62,15241,15324,18550,18427,9470,0.82,0.83,15152.1,0.822277093,-22.77093396
5554,-62,15300,15331,18616,18437,9469,0.82,0.83,15162.1,0.822373488,-23.73488095
5555,-70,15321,15346,18625,18458,9469,0.82,0.83,15183.4,0.82259183,-25.91830101
5556,-60,15353,15235,18647,18306,9471,0.82,0.83,15026.8,0.820867475,-8.674751448
5558,-64,15323,15357,18636,18473,9475,0.82,0.83,15198.9,0.822762951,-27.62951334
5558,-69,15279,15312,18637,18412,9479,0.82,0.83,15135.6,0.822050836,-20.50836411
5560,-66,15152,15316,18367,18418,9482,0.82,0.83,15141.4,0.822097948,-20.9794766
5560,-61,15375,15042,18627,18055,9481,0.83,0.83,14758.5,0.817418998,125.8100249
5561,-52,15304,15280,18601,18375,9481,0.82,0.83,15092.5,0.821360544,-13.60544218
5562,-49,15384,15367,18645,18485,9481,0.83,0.83,15212.5,0.822964566,70.35434136
5563,-46,15306,15356,18578,18475,9481,0.82,0.83,15198.5,0.822652233,-26.52232747
5564,-56,15405,15243,18680,18329,9481,0.82,0.83,15041.7,0.820650336,-6.503355339
5566,-49,15352,15234,18618,18309,9482,0.82,0.83,15026.7,0.820727511,-7.275110601
5566,-37,15367,15100,18614,18117,9485,0.83,0.83,14835.1,0.818849699,111.5030082
5568,-48,15439,15219,18683,18296,9488,0.83,0.83,15007.8,0.820277656,97.22343682
5568,-55,15166,15271,18494,18362,9490,0.82,0.83,15079.6,0.821239516,-12.39516393
5569,-62,15146,15361,18434,18465,9490,0.82,0.83,15200.5,0.823206066,-32.06065529
5570,-70,15416,15150,18651,18191,9484,0.83,0.83,14907.3,0.819487659,105.1234127
5572,-48,15354,15351,18645,18465,9476,0.82,0.83,15190.5,0.8226645,-26.64500406
5572,-55,15249,15414,18567,18538,9468,0.82,0.83,15275.4,0.824004747,-40.04747006
5573,-56,15202,15375,18514,18479,9466,0.82,0.83,15218.7,0.823567293,-35.67292602
5574,-26,15402,15437,18646,18562,9468,0.83,0.83,15305.6,0.824566318,54.33681715
5576,-64,15331,15297,18618,18392,9476,0.82,0.83,15114.6,0.821802958,-18.02957808
5577,-42,15349,15271,18635,18339,9483,0.82,0.83,15072.7,0.821893233,-18.93233001
5577,-43,15334,15302,18604,18386,9489,0.82,0.83,15117.8,0.822245187,-22.45186555
5578,-42,15370,15126,18588,18146,9489,0.83,0.83,14869.8,0.819453323,105.4667695
5579,-37,15084,15332,18267,18434,9487,0.83,0.83,15162.2,0.822512748,74.87251817
5580,-30,15408,15083,18627,18096,9482,0.83,0.83,14811.8,0.818512378,114.8762157
5582,-41,15335,15332,18591,18427,9478,0.82,0.83,15160.1,0.822711239,-27.11238943
5582,-20,15384,15322,18652,18416,9476,0.82,0.83,15146.8,0.822480452,-24.80451781
5584,-33,15368,15228,18602,18278,9476,0.83,0.83,15011.4,0.821282416,87.17583981
5585,-38,15391,15290,18663,18360,9478,0.82,0.83,15098,0.822331155,-23.31154684
5585,-32,15463,15066,18677,18064,9480,0.83,0.83,14785.2,0.818489814,115.1018601
5587,-46,15329,15371,18639,18461,9482,0.82,0.83,15209.3,0.823861113,-38.61112616
5587,-58,15343,15397,18608,18486,9483,0.82,0.83,15242.8,0.824559126,-45.59125825
5588,-41,15324,15478,18612,18588,9483,0.82,0.83,15354.4,0.826038304,-60.38304282
5590,-40,15461,15153,18662,18183,9483,0.83,0.83,14907.9,0.819881208,101.1879228
5590,-47,15426,15062,18634,18045,9483,0.83,0.83,14775.5,0.818814076,111.8592408
5591,-48,15472,15090,18685,18083,9483,0.83,0.83,14814.9,0.819272245,107.2775535
5593,-45,15473,15346,18677,18428,9483,0.83,0.83,15174.4,0.823442587,65.57412633
5594,-53,15368,15308,18620,18376,9485,0.83,0.83,15120.8,0.822855899,71.44101001
5595,-40,15334,15381,18587,18464,9487,0.82,0.83,15220.2,0.824317591,-43.17590988
5595,-29,15370,15341,18618,18415,9490,0.83,0.83,15165.5,0.823540592,64.59408091
5597,-31,15302,15401,18548,18486,9489,0.82,0.83,15246.8,0.824775506,-47.75505788
5598,-52,15404,15185,18587,18184,9488,0.83,0.84,14940.2,0.821612407,83.87593489
5599,-44,15222,15474,18534,18567,9486,0.82,0.83,15344.1,0.826417838,-64.178381
5600,-41,15314,15403,18555,18480,9483,0.83,0.83,15247,0.825054113,49.45887446
5600,-39,15301,15373,18460,18431,9482,0.83,0.83,15202.3,0.82482231,51.77689762
5602,-46,15298,15377,18533,18428,9482,0.83,0.83,15205.4,0.82512481,48.75189928
5603,-56,15345,15359,18593,18410,9485,0.83,0.83,15182,0.824660511,53.39489408
5604,-57,15449,15258,18661,18282,9488,0.83,0.83,15042.6,0.822809321,71.90679357
5605,-44,15427,15349,18634,18401,9492,0.83,0.83,15169.3,0.824373675,56.26324656
5605,-66,15418,15241,18648,18251,9493,0.83,0.84,15016.3,0.822765876,72.34124158
5606,-38,15415,15276,18636,18282,9493,0.83,0.84,15060.6,0.823793896,62.06104365
5608,-42,15407,15302,18598,18319,9495,0.83,0.84,15097.7,0.824155249,58.44751351
5608,-47,15316,15402,18621,18454,9497,0.82,0.83,15238.2,0.825739677,-57.39677035
5610,-59,15283,14890,18562,17844,9498,0.82,0.83,14543.2,0.815019054,49.80945976
5611,-76,15494,15190,18690,18159,9498,0.83,0.84,14937.7,0.82260587,73.94129633
5612,-74,15312,15082,18613,18016,9495,0.82,0.84,14786.8,0.820759325,-7.593250444
5613,-68,15453,15457,18696,18507,9492,0.83,0.84,15309.1,0.827205922,27.94077916
5614,-67,15388,15314,18601,18317,9488,0.83,0.84,15109.1,0.824867609,51.32390675
5615,-64,15459,15263,18658,18239,9488,0.83,0.84,15034.7,0.824316026,56.83973902
5616,-70,15457,15438,18667,18481,9487,0.83,0.84,15282.3,0.826919539,30.80461014
5616,-52,15495,15366,18691,18385,9486,0.83,0.84,15181.5,0.825754691,42.45308676
5618,-78,15409,15470,18640,18519,9485,0.83,0.84,15325.7,0.827566283,24.33716723
5619,-57,15188,15190,18472,18137,9484,0.82,0.84,14931.1,0.823239786,-32.39786073
5620,-68,15375,15232,18534,18197,9484,0.83,0.84,14991.1,0.823822608,61.77391878
5621,-83,15464,15255,18653,18217,9485,0.83,0.84,15020.1,0.824510073,54.89926991
5622,-77,15496,15397,18708,18406,9487,0.83,0.84,15218.8,0.826839074,31.60925785
5623,-80,15355,15432,18602,18455,9490,0.83,0.84,15268.5,0.827336765,26.63234896
5624,-69,15457,15124,18638,18053,9491,0.83,0.84,14839.9,0.822018501,79.8149892
5624,-63,15495,15279,18685,18251,9491,0.83,0.84,15054.3,0.824847954,51.52046463
5626,-52,15401,15360,18586,18356,9488,0.83,0.84,15166.8,0.826258444,37.41555895
5627,-62,15387,15318,18600,18289,9486,0.83,0.84,15104.7,0.825889879,41.10120838
5628,-46,15591,15411,18778,18423,9483,0.83,0.84,15237.9,0.827112848,28.8715193
5629,-84,15310,15320,18610,18293,9483,0.82,0.84,15107.9,0.825884218,-58.84218007
5630,-45,15437,15281,18599,18252,9484,0.83,0.84,15056.6,0.824928775,50.71225071
5631,-70,15440,15279,18614,18221,9487,0.83,0.84,15045.3,0.82571209,42.87909555
5632,-70,15418,15152,18584,18067,9489,0.83,0.84,14872.1,0.823163779,68.36220734
5633,-75,15341,15489,18590,18505,9491,0.83,0.84,15340.5,0.828992164,10.0783572
5634,-77,15382,15465,18598,18461,9490,0.83,0.84,15303.3,0.828952928,10.47072206
5635,-74,15450,15438,18639,18430,9495,0.83,0.84,15267,0.828377645,16.22354856
5636,-86,15362,15110,18655,17999,9500,0.82,0.84,14809.7,0.822806823,-28.06822601
5637,-62,15415,15501,18651,18508,9505,0.83,0.84,15353.4,0.829554787,4.452128809
5638,-87,15411,15482,18636,18465,9505,0.83,0.84,15321.5,0.829759004,2.409964798
5639,-78,15292,15226,18539,18133,9504,0.82,0.84,14965.9,0.825340539,-53.40539348
5640,-65,15404,15491,18589,18485,9502,0.83,0.84,15336.5,0.829672708,3.272923992
5641,-84,15355,15522,18594,18515,9500,0.83,0.84,15376.5,0.830488793,-4.887928706
5642,-72,15465,15427,18628,18396,9499,0.83,0.84,15245.8,0.828756251,12.43748641
5643,-80,15435,15568,18631,18559,9499,0.83,0.84,15435.7,0.831709683,-17.09682634
5644,-79,15429,15532,18643,18519,9501,0.83,0.84,15387.7,0.830914196,-9.141962309
5645,-61,15487,15427,18662,18380,9504,0.83,0.84,15241,0.82921654,7.834602829
5646,-72,15463,15346,18639,18268,9506,0.83,0.84,15126.4,0.828027151,19.72848697
5647,-108,15326,15127,18596,17997,9507,0.82,0.84,14826.1,0.823809524,-38.0952381
5648,-93,15520,15463,18782,18416,9506,0.83,0.84,15287.8,0.830136838,-1.368375326
5649,-75,15407,15424,18601,18379,9501,0.83,0.84,15237.7,0.829082105,9.178954241
5650,-77,15460,15366,18631,18293,9496,0.83,0.84,15153.9,0.828398841,16.01158913
5651,-78,15367,15301,18492,18205,9492,0.83,0.84,15062.5,0.827382587,26.17412799
5652,-75,15465,15399,18602,18330,9492,0.83,0.84,15198,0.82913257,8.674304419
5653,-86,15442,15520,18609,18486,9496,0.83,0.84,15365.8,0.83121281,-12.12809694
5654,-79,15368,15493,18592,18453,9503,0.83,0.84,15328.9,0.830699615,-6.996152387
5655,-82,15567,15276,18723,18154,9510,0.83,0.84,15022.2,0.827487055,25.12944806
5656,-102,15370,15530,18589,18487,9513,0.83,0.84,15376.1,0.831724996,-17.24995943
5657,-75,15351,15541,18546,18507,9512,0.83,0.84,15393.1,0.831744745,-17.44745232
5658,-90,15481,15571,18696,18536,9506,0.83,0.84,15431.8,0.83253129,-25.31290462
5659,-76,15396,15568,18646,18523,9500,0.83,0.84,15424.9,0.832743076,-27.43076176
5660,-96,15416,15523,18602,18469,9496,0.83,0.84,15363.7,0.831864205,-18.64204884
5661,-83,15535,15447,18693,18376,9496,0.83,0.84,15259.8,0.830420113,-4.201131911
5662,-78,15601,15414,18753,18341,9498,0.83,0.84,15216.3,0.829633063,3.669374625
5663,-74,15529,15418,18668,18332,9502,0.83,0.84,15217.6,0.830111281,-1.112808204
5664,-100,15581,15271,18731,18131,9505,0.83,0.84,15010.3,0.827880426,21.1957421
5665,-86,15428,15600,18665,18547,9507,0.83,0.84,15464.1,0.833779048,-37.79047824
5666,-97,15435,15540,18623,18484,9507,0.83,0.84,15385.2,0.832352305,-23.52304696
5667,-71,15492,15539,18691,18478,9508,0.83,0.84,15382.4,0.832471047,-24.7104665
5668,-89,15571,15350,18715,18220,9510,0.83,0.84,15116,0.829637761,3.622392975
5669,-101,15470,15435,18652,18337,9511,0.83,0.84,15236.1,0.830893821,-8.938212358
5670,-72,15430,15499,18589,18417,9511,0.83,0.84,15324.1,0.832062768,-20.62768095
5671,-95,15078,15545,18288,18468,9512,0.82,0.84,15385.4,0.833084254,-130.8425384
5672,-73,15461,15555,18677,18490,9513,0.83,0.84,15402,0.832990806,-29.90805841
5673,-91,15543,15366,18661,18236,9515,0.83,0.84,15136.8,0.83005045,-0.5044966
5674,-90,15496,15580,18675,18515,9516,0.83,0.84,15434.5,0.833621388,-36.21388064
5676,-83,15491,15395,18627,18261,9516,0.83,0.84,15173.3,0.830912874,-9.128744318
5677,-88,15539,15589,18719,18516,9518,0.83,0.84,15443.8,0.834078635,-40.78634694
5677,-80,15550,15396,18690,18263,9520,0.83,0.84,15174.9,0.830909489,-9.09489131
5678,-82,15563,15452,18682,18347,9522,0.83,0.84,15256.1,0.83153104,-15.31040497
5679,-83,15323,15599,18555,18531,9523,0.83,0.84,15458.3,0.834185959,-41.85958664
5680,-89,15548,15299,18662,18136,9522,0.83,0.84,15039.8,0.829278783,7.21217468
5681,-88,15602,15246,18723,18070,9522,0.83,0.84,14967,0.828278915,17.21084671
5682,-89,15508,15635,18697,18556,9521,0.83,0.84,15501.8,0.835406338,-54.06337573
5683,-87,15480,15565,18608,18470,9520,0.83,0.84,15406,0.834109367,-41.0936654
5684,-84,15510,15572,18709,18476,9520,0.83,0.84,15414.8,0.834314787,-43.1478675
5685,-78,15441,15584,18569,18492,9521,0.83,0.84,15431.6,0.834501406,-45.01406013
5686,-78,15594,15320,18700,18150,9523,0.83,0.84,15065,0.830027548,-0.275482094
5687,-82,15539,15623,18656,18532,9524,0.83,0.84,15482.6,0.835452191,-54.52190805
5688,-72,15665,15300,18781,18121,9524,0.83,0.84,15036.3,0.829772088,2.279123669
5689,-76,15355,15545,18494,18435,9524,0.83,0.84,15375.5,0.834038514,-40.38513697
5690,-83,15422,15539,18520,18440,9522,0.83,0.84,15371,0.83356833,-35.68329718
5692,-79,15563,15467,18654,18328,9520,0.83,0.84,15265.4,0.83290048,-29.0048014
5692,-94,15546,15244,18647,18042,9518,0.83,0.84,14956.6,0.828987917,10.12082918
5694,-78,15600,15456,18723,18317,9518,0.83,0.84,15251.1,0.832619971,-26.19970519
5694,-98,15360,15634,18524,18540,9521,0.83,0.84,15496,0.835814455,-58.14455232
5695,-72,15413,15694,18562,18605,9526,0.83,0.84,15575.5,0.837167428,-71.67428111
5696,-69,15549,15618,18658,18517,9531,0.83,0.84,15473.1,0.835615921,-56.15920505
5697,-77,15548,15587,18661,18476,9533,0.83,0.84,15429.8,0.835126651,-51.2665079
5699,-78,15679,15694,18828,18608,9533,0.83,0.84,15576.4,0.837080825,-70.80825451
5699,-72,15428,15580,18586,18452,9532,0.83,0.84,15415.6,0.835443312,-54.43312378
5701,-71,15320,15523,18336,18390,9531,0.84,0.84,15340,0.834148994,58.51005982
5702,-74,15515,15604,18599,18489,9530,0.83,0.84,15450.7,0.835669858,-56.69857753
5703,-78,15648,15560,18727,18431,9530,0.84,0.84,15389.3,0.83496826,50.31740003
5703,-75,15537,15665,18652,18555,9531,0.83,0.84,15531.5,0.837052008,-70.52007545
5704,-69,15558,15431,18617,18270,9533,0.84,0.84,15212,0.832621784,73.78215654
5705,-57,15543,15590,18654,18475,9534,0.83,0.84,15432.5,0.835317997,-53.17997294
5706,-75,15545,15591,18671,18468,9535,0.83,0.84,15431.4,0.835575049,-55.75048733
5707,-57,15561,15522,18637,18380,9535,0.83,0.84,15336,0.834385201,-43.85201306
5709,-78,15627,15372,18683,18179,9534,0.84,0.85,15125.7,0.832042467,79.57533418
5710,-78,15499,15526,18647,18374,9532,0.83,0.84,15338.2,0.834777403,-47.77402852
5711,-84,15508,14650,18566,17315,9532,0.84,0.85,14144.5,0.816892867,231.0713254
5712,-79,15613,15365,18668,18175,9532,0.84,0.85,15117.5,0.831774415,82.25584594
5713,-71,15577,15518,18646,18371,9533,0.84,0.84,15329.3,0.834429264,55.70736487
5713,-73,15465,15665,18601,18556,9535,0.83,0.84,15531.8,0.837023065,-70.23065316
5714,-82,15570,15649,18723,18541,9537,0.83,0.84,15511.3,0.836594574,-65.94574187
5715,-76,15501,15638,18596,18522,9538,0.83,0.84,15494.6,0.836551128,-65.51128388
5717,-70,15577,15430,18625,18239,9539,0.84,0.85,15201.7,0.83347223,65.27770163
5718,-62,15528,15665,18643,18541,9536,0.83,0.84,15527.3,0.837457527,-74.57526563
5719,-89,15628,15515,18703,18361,9532,0.84,0.84,15323.3,0.834556941,54.43058657
5720,-76,15591,15769,18632,18664,9528,0.84,0.84,15668.2,0.839487784,5.122160309
5721,-61,15574,15609,18605,18479,9528,0.84,0.84,15452.7,0.836230315,37.69684507
5722,-78,15582,15396,18606,18212,9526,0.84,0.85,15159.6,0.832396222,76.03777729
5723,-76,15658,15365,18713,18152,9522,0.84,0.85,15110.6,0.832448215,75.51784927
5723,-72,15600,15626,18692,18491,9519,0.83,0.85,15473.3,0.836801687,-68.01687307
5724,-90,15605,15447,18671,18262,9516,0.84,0.85,15225.6,0.833731245,62.68754791
5726,-72,15542,15702,18690,18581,9516,0.83,0.85,15576.3,0.838291803,-82.91803455
5727,-74,15508,15693,18619,18565,9520,0.83,0.85,15562.5,0.83827094,-82.70939941
5728,-77,15471,15270,18622,18032,9526,0.83,0.85,14979.6,0.830723159,-7.231588287
5729,-55,15688,15718,18813,18591,9531,0.83,0.85,15595.3,0.838862891,-88.62890646
5730,-76,15476,15546,18621,18376,9532,0.83,0.85,15358.8,0.835807575,-58.07575098
5731,-76,15587,15566,18588,18421,9532,0.84,0.85,15392.3,0.835584387,44.15612616
5732,-77,15556,15393,18573,18173,9531,0.84,0.85,15144.9,0.833373686,66.26313762
5733,-78,15645,15597,18742,18436,9531,0.83,0.85,15427.8,0.836830115,-68.30114992
5734,-89,15565,15674,18673,18533,9531,0.83,0.85,15533.9,0.838175147,-81.75147035
5735,-66,15650,15509,18673,18317,9531,0.84,0.85,15304.1,0.835513457,44.86542556
5735,-73,15600,15660,18664,18519,9531,0.84,0.85,15515.7,0.837826017,21.73983476
5737,-75,15577,15656,18699,18504,9531,0.83,0.85,15507.2,0.838045828,-80.45827929
5738,-75,15679,15331,18720,18089,9531,0.84,0.85,15057.7,0.83242302,75.76980485
5739,-81,15607,15409,18622,18180,9531,0.84,0.85,15163,0.834048405,59.5159516
5740,-79,15620,15358,18643,18115,9531,0.84,0.85,15092.5,0.833149324,68.50676235
5741,-63,15495,15669,18556,18528,9533,0.84,0.85,15527.4,0.838050518,19.49481865
5742,-89,15715,15453,18748,18233,9535,0.84,0.85,15222.9,0.834909231,50.90769484
5743,-84,15510,15699,18615,18533,9538,0.83,0.85,15558.9,0.839524092,-95.2409216
5744,-89,15560,15732,18687,18585,9537,0.83,0.85,15607.5,0.839790153,-97.90153349
5745,-92,15595,15652,18641,18488,9540,0.84,0.85,15498.4,0.83829511,17.04889658
5746,-79,15591,15486,18586,18259,9545,0.84,0.85,15263.7,0.835954872,40.4512843
5747,-75,15584,15693,18638,18531,9550,0.84,0.85,15552.3,0.83925854,7.414602558
5748,-88,15563,15736,18664,18571,9552,0.83,0.85,15607.3,0.840412471,-104.1247106
5749,-112,15645,15675,18736,18489,9553,0.84,0.85,15521.7,0.839509979,4.900210936
5750,-98,15454,15160,18603,17857,9551,0.83,0.85,14817.1,0.829764238,2.357618861
5751,-98,15521,15572,18580,18355,9548,0.84,0.85,15378.5,0.837837102,21.62898393
5752,-110,15451,15305,18590,18015,9546,0.83,0.85,15009.5,0.833166805,-31.6680544
5753,-105,15531,15653,18638,18455,9546,0.83,0.85,15489.5,0.83931184,-93.1183961
5754,-111,15565,15727,18653,18548,9548,0.83,0.85,15591.4,0.840597369,-105.9736899
5755,-105,15601,15681,18690,18483,9551,0.83,0.85,15525.9,0.840009739,-100.0973868
5756,-110,15592,15548,18656,18315,9555,0.84,0.85,15342.5,0.837701338,22.98662299
5757,-116,15647,15393,18689,18108,9557,0.84,0.85,15125.4,0.83528827,47.11729622
5758,-98,15597,15675,18634,18480,9556,0.84,0.85,15519,0.839772727,2.272727273
5759,-107,15621,15651,18720,18423,9551,0.83,0.85,15477.9,0.840140042,-101.4004234
5760,-97,15640,15283,18690,17985,9545,0.84,0.85,14978.5,0.832832916,71.67083681
5761,-106,15317,15763,18332,18567,9539,0.84,0.85,15633.1,0.841983088,-19.83088275
5762,-114,15585,15577,18642,18336,9538,0.84,0.85,15377.8,0.838667103,13.32897033
5763,-110,15639,15662,18706,18442,9538,0.84,0.85,15494.6,0.840180024,-1.800238586
5764,-127,15551,15776,18677,18573,9539,0.83,0.85,15647.9,0.842507942,-125.0794164
5765,-128,15710,15482,18777,18197,9539,0.84,0.85,15241.1,0.837561136,24.38863549
5766,-109,15716,15652,18799,18425,9540,0.84,0.85,15479.5,0.840135685,-1.356852103
5767,-136,15569,15765,18699,18554,9540,0.83,0.85,15631.2,0.842470626,-124.7062628
5768,-130,15597,15725,18675,18491,9538,0.84,0.85,15572.3,0.842155643,-21.55643286
5769,-124,15587,15816,18715,18595,9535,0.83,0.85,15694.5,0.844017209,-140.1720893
5770,-151,15432,15249,18610,17897,9532,0.83,0.85,14918.1,0.833553109,-35.5310946
5771,-132,15271,15719,18308,18467,9531,0.83,0.85,15559.1,0.842535333,-125.353333
5772,-130,15591,15616,18652,18336,9531,0.84,0.85,15416.8,0.840794066,-7.940663176
5773,-146,15682,15578,18765,18298,9530,0.84,0.85,15367.4,0.83984042,1.59580282
5775,-138,15586,15749,18678,18490,9529,0.83,0.85,15596,0.843482964,-134.8296376
5775,-161,15574,15752,18683,18492,9528,0.83,0.85,15599.6,0.843586416,-135.8641575
5776,-167,15481,15757,18657,18493,9528,0.83,0.85,15604.9,0.843827394,-138.2739415
5777,-180,15514,15789,18675,18542,9534,0.83,0.85,15651.6,0.844116061,-141.1606083
5778,-147,15558,15817,18721,18559,9543,0.83,0.85,15684.7,0.845126354,-151.2635379
5779,-168,15464,15869,18664,18610,9552,0.83,0.85,15752,0.846426652,-164.2665234
5780,-167,15639,15640,18750,18341,9556,0.83,0.85,15442.3,0.841955182,-119.5518238
5781,-172,15603,15767,18735,18496,9555,0.83,0.85,15615.8,0.844279844,-142.7984429
5782,-190,15502,15478,18595,18116,9553,0.83,0.85,15212.8,0.839743873,-97.4387282
5783,-174,15567,15804,18696,18527,9550,0.83,0.85,15662.1,0.845366222,-153.6622227
5784,-204,15535,15835,18712,18550,9548,0.83,0.85,15700,0.846361186,-163.6118598
5785,-181,15501,15782,18653,18493,9548,0.83,0.85,15629.9,0.845179257,-151.7925702
5786,-231,15434,15488,18671,18113,9547,0.83,0.86,15221.9,0.840385359,-103.8535858
5787,-212,15470,15754,18622,18445,9546,0.83,0.85,15587.5,0.845079967,-150.7996747
5788,-228,15395,15468,18649,18075,9545,0.83,0.86,15190.5,0.840414938,-104.1493776
5789,-212,15510,15854,18714,18556,9544,0.83,0.85,15720.8,0.84720845,-172.084501
5790,-214,15544,15722,18692,18387,9544,0.83,0.86,15538.1,0.845059009,-150.5900908
5791,-229,15363,15536,18474,18139,9544,0.83,0.86,15277.7,0.842257015,-122.5701527
5792,-227,15516,15613,18674,18225,9544,0.83,0.86,15380.5,0.843923182,-139.2318244
5793,-232,15366,15889,18592,18575,9544,0.83,0.86,15761.5,0.848532974,-185.3297443
5794,-253,15422,15842,18615,18516,9544,0.83,0.86,15696.8,0.847742493,-177.4249298
5795,-246,15506,15668,18681,18278,9547,0.83,0.86,15451.4,0.845355072,-153.5507167
5796,-265,15451,15862,18651,18527,9553,0.83,0.86,15720.1,0.848496788,-184.9678847
5797,-267,15367,15879,18682,18545,9560,0.82,0.86,15742.5,0.8488811,-288.8110003
5798,-264,15438,15960,18684,18638,9564,0.83,0.86,15851.4,0.85048825,-204.8824981
5799,-277,15455,15786,18712,18410,9564,0.83,0.86,15609,0.847854427,-178.5442694
5800,-270,15494,15441,18708,17981,9559,0.83,0.86,15135.3,0.841738502,-117.3850175
5802,-290,15444,15866,18719,18494,9554,0.83,0.86,15714.2,0.849691792,-196.9179193
5802,-293,15398,15883,18660,18506,9549,0.83,0.86,15734.8,0.850253972,-202.5397168
5803,-292,15446,15911,18733,18547,9548,0.82,0.86,15775.1,0.850547258,-305.4725832
5804,-313,15321,15897,18628,18525,9550,0.82,0.86,15754.5,0.850445344,-304.4534413
5805,-305,15378,15931,18694,18547,9556,0.82,0.86,15795.1,0.8516256,-316.2559983
5806,-311,15249,15968,18624,18598,9561,0.82,0.86,15847.4,0.852102377,-321.023766
5807,-343,15347,15940,18712,18557,9565,0.82,0.86,15807.1,0.851813332,-318.133319
5808,-338,15284,15938,18668,18557,9565,0.82,0.86,15805.1,0.851705556,-317.0555585
5810,-356,15505,15705,18820,18238,9562,0.82,0.86,15476.4,0.848579888,-285.7988815
5810,-338,15399,15667,18706,18212,9557,0.82,0.86,15430.6,0.847276521,-272.7652098
5812,-348,15444,15824,18767,18403,9553,0.82,0.86,15644.9,0.850127697,-301.2769657
5812,-368,15384,15775,18709,18324,9552,0.82,0.86,15572.2,0.849825366,-298.2536564
5813,-368,15372,15956,18707,18541,9553,0.82,0.86,15818.3,0.853152473,-331.524729
5814,-402,15291,15990,18679,18574,9555,0.82,0.86,15862.2,0.854000215,-340.0021535
5815,-393,15238,15978,18651,18561,9557,0.82,0.86,15846.3,0.853741717,-337.417165
5816,-406,15369,15761,18741,18276,9559,0.82,0.86,15543.8,0.850503392,-305.0339243
5818,-397,15346,15927,18758,18482,9559,0.82,0.86,15771.6,0.853349205,-333.4920463
5819,-418,15126,15999,18583,18560,9557,0.81,0.86,15867,0.854903017,-449.0301724
5820,-433,15302,15758,18693,18242,9554,0.82,0.86,15530.6,0.851364982,-313.6498191
5820,-435,15232,15592,18625,18058,9552,0.82,0.86,15309.4,0.847790453,-277.9045298
5822,-440,15086,15952,18501,18499,9551,0.82,0.86,15801.7,0.854192118,-341.9211849
5822,-449,15323,15697,18753,18155,9551,0.82,0.86,15443.5,0.850647205,-306.4720463
5823,-438,15154,15924,18596,18452,9554,0.81,0.86,15759.6,0.854086278,-440.8627791
5824,-467,15305,16012,18769,18552,9557,0.82,0.86,15877.6,0.855843036,-358.4303579
5825,-466,15243,15843,18706,18341,9560,0.81,0.86,15645.3,0.853023281,-430.2328117
5826,-477,15168,16007,18683,18539,9560,0.81,0.86,15868.7,0.855963105,-459.6310481
5828,-499,15001,16064,18480,18601,9561,0.81,0.86,15944.3,0.857174345,-471.7434547
5829,-493,15151,15851,18634,18336,9564,0.81,0.86,15651.8,0.853610384,-436.1038394
5829,-498,15161,16068,18780,18590,9567,0.81,0.86,15945,0.857719204,-477.1920387
5830,-523,15210,15768,18721,18235,9568,0.81,0.86,15538.5,0.852125034,-421.2503427
5831,-515,14898,16102,18425,18618,9568,0.81,0.86,15987.4,0.858706628,-487.0662799
5832,-526,15083,16026,18678,18536,9565,0.81,0.86,15886.8,0.857078118,-470.7811826
5834,-533,15051,16048,18700,18556,9562,0.8,0.86,15914.8,0.85766329,-576.632895
5835,-540,15079,16013,18682,18512,9559,0.81,0.87,15866.6,0.857098099,-470.9809853
5836,-564,15117,15727,18677,18144,9559,0.81,0.87,15470.2,0.85263448,-426.3447972
5836,-565,15009,16055,18709,18550,9558,0.8,0.87,15920,0.858221024,-582.2102426
5838,-550,15108,16075,18745,18566,9555,0.81,0.87,15944.8,0.858817193,-488.1719272
5838,-568,15044,16051,18691,18538,9552,0.8,0.87,15912.4,0.858366598,-583.6659834
5839,-569,15114,15752,18730,18156,9551,0.81,0.87,15498.8,0.853646178,-436.4617757
5840,-568,15105,15953,18737,18418,9551,0.81,0.87,15778.4,0.856683679,-466.8367901
5841,-585,15000,16006,18675,18485,9557,0.8,0.87,15851.5,0.857533135,-575.3313497
5843,-608,14948,16023,18635,18487,9564,0.8,0.87,15869.1,0.858392384,-583.9238384
5844,-588,14994,16017,18671,18487,9571,0.8,0.87,15863.1,0.858067831,-580.6783145
5845,-625,14946,16079,18701,18548,9573,0.8,0.87,15943.4,0.859575156,-595.7515635
5846,-614,14971,16046,18696,18516,9573,0.8,0.87,15900.8,0.858759991,-587.5999136
5846,-639,14948,15980,18657,18429,9571,0.8,0.87,15808.7,0.857816485,-578.1648489
5847,-640,14905,16002,18603,18460,9569,0.8,0.87,15840,0.858071506,-580.7150596
5848,-637,15046,15711,18766,18087,9568,0.8,0.87,15437.1,0.853491458,-534.9145795
5850,-648,14977,16084,18694,18529,9568,0.8,0.87,15942.7,0.860418803,-604.1880296
5851,-676,14844,15486,18681,17825,9570,0.79,0.87,15133.5,0.849004208,-590.0420757
5852,-662,14846,16133,18636,18589,9573,0.8,0.87,16009.7,0.861245898,-612.4589811
5853,-676,14998,15793,18755,18160,9577,0.8,0.87,15541,0.855781938,-557.8193833
5854,-669,14885,15871,18623,18271,9577,0.8,0.87,15652.3,0.856674512,-566.7451152
5855,-677,14921,16052,18718,18486,9577,0.8,0.87,15897.8,0.859991345,-599.913448
5856,-713,14856,16069,18686,18504,9576,0.8,0.87,15920.2,0.860365326,-603.6532642
5856,-702,14889,16039,18726,18453,9575,0.8,0.87,15874.9,0.8602883,-602.8830001
5857,-714,14825,16103,18704,18527,9574,0.79,0.87,15961.1,0.861504831,-715.0483079
5858,-716,14838,16105,18703,18544,9574,0.79,0.87,15968.2,0.861097929,-710.9792925
5859,-736,14828,16136,18711,18561,9574,0.79,0.87,16004.3,0.862254189,-722.5418889
5861,-734,14704,15619,18657,17971,9574,0.79,0.87,15310.3,0.8519448,-619.4479996
5862,-736,14791,16122,18678,18552,9573,0.79,0.87,15987.6,0.861772316,-717.7231565
5863,-753,14792,16061,18696,18469,9573,0.79,0.87,15901.7,0.860994098,-709.9409822
5864,-753,14823,16128,18760,18558,9573,0.79,0.87,15995.4,0.861913999,-719.1399935
5865,-766,14780,16185,18747,18617,9575,0.79,0.87,16070.1,0.863194929,-731.9492937
5866,-760,14739,16081,18697,18500,9577,0.79,0.87,15931,0.861135135,-711.3513514
5867,-749,14784,15814,18684,18169,9579,0.79,0.87,15564.7,0.856662447,-666.6244703
5868,-782,14648,16164,18629,18592,9578,0.79,0.87,16041.6,0.862822719,-728.2271945
5868,-780,14728,16071,18729,18479,9577,0.79,0.87,15914.7,0.861231668,-712.3166838
5870,-785,14901,16015,18874,18401,9574,0.79,0.87,15835.3,0.86056736,-705.6736047
5871,-793,14616,15658,18688,17979,9571,0.78,0.87,15351.7,0.853868402,-738.6840202
5872,-789,14425,16142,18284,18548,9570,0.79,0.87,16006.4,0.862971749,-729.7174898
5873,-800,14733,16146,18711,18573,9569,0.79,0.87,16017.9,0.862429333,-724.293329
5874,-799,14768,16050,18754,18453,9572,0.79,0.87,15885.9,0.860884409,-708.8440904
5875,-819,14663,16163,18692,18582,9574,0.78,0.87,16037.6,0.86307179,-830.717899
5876,-821,14625,16118,18639,18533,9577,0.78,0.87,15977.9,0.862132412,-821.3241245
5877,-837,14704,15771,18714,18109,9577,0.79,0.87,15503.7,0.85613231,-661.323099
5878,-824,14711,16069,18728,18474,9577,0.79,0.87,15911.2,0.861275306,-712.7530584
5879,-831,14341,15503,18325,17808,9578,0.78,0.87,15145.4,0.850482929,-704.8292902
5880,-817,14442,15941,18369,18327,9578,0.79,0.87,15739.1,0.858793038,-687.9303759
5881,-845,14557,15633,18719,17970,9578,0.78,0.87,15324,0.852754591,-727.5459098
5882,-842,14534,16037,18556,18446,9578,0.78,0.87,15870.8,0.860392497,-803.9249702
5883,-842,14677,15961,18734,18357,9582,0.78,0.87,15768.1,0.858969331,-789.693305
5884,-855,14680,16002,18750,18392,9586,0.78,0.87,15819.6,0.860134841,-801.3484124
5884,-863,14654,16055,18743,18450,9590,0.78,0.87,15890,0.861246612,-812.4661247
5886,-871,14597,15952,18718,18343,9591,0.78,0.87,15754.9,0.858905304,-789.0530448
5887,-870,14511,16095,18647,18524,9590,0.78,0.87,15952.2,0.861163895,-811.6389549
5888,-861,14492,16104,18626,18537,9588,0.78,0.87,15965.1,0.861255867,-812.5586665
5889,-862,14648,15802,18770,18166,9587,0.78,0.87,15551.8,0.856093802,-760.9380161
5890,-873,14486,16202,18724,18661,9585,0.77,0.87,16100.3,0.862777986,-927.7798617
5891,-869,14565,16024,18694,18461,9585,0.78,0.87,15862.3,0.859232978,-792.3297763
5892,-862,14464,16076,18568,18521,9588,0.78,0.87,15932.3,0.860228929,-802.2892932
5893,-886,14561,15865,18690,18251,9591,0.78,0.87,15640.3,0.856955783,-769.5578324
5894,-866,14579,16136,18758,18596,9594,0.78,0.87,16014.8,0.861195956,-811.9595612
5895,-883,14467,15961,18589,18381,9595,0.78,0.87,15775.3,0.858239486,-782.3948643
5896,-894,14548,15808,18708,18198,9594,0.78,0.87,15567.4,0.855445653,-754.4565337
5897,-886,14533,15955,18753,18386,9588,0.77,0.87,15770.8,0.85776134,-877.6134015
5898,-896,14496,16067,18682,18527,9583,0.78,0.87,15925.1,0.859561721,-795.6172073
5899,-872,14542,15820,18722,18233,9578,0.78,0.87,15589.9,0.855037569,-750.3756924
5900,-888,14529,16031,18720,18504,9579,0.78,0.87,15882.2,0.858311716,-783.1171639
5901,-888,14507,15767,18691,18205,9579,0.78,0.87,15528.5,0.852979951,-729.7995056
5902,-881,14223,15880,18356,18333,9579,0.77,0.87,15679.9,0.855282823,-852.8282332
5903,-892,14501,15905,18693,18361,9579,0.78,0.87,15713.3,0.855797615,-757.9761451
5904,-889,14514,15671,18720,18092,9579,0.78,0.87,15398.6,0.85112757,-711.275702
5905,-890,14463,16004,18700,18498,9578,0.77,0.87,15853.4,0.857033193,-870.3319278
5906,-889,14512,15970,18782,18468,9581,0.77,0.86,15810.4,0.856097033,-860.9703271
5907,-893,14391,15960,18693,18475,9583,0.77,0.86,15802.5,0.855345061,-853.4506089
5908,-875,14459,15978,18697,18507,9585,0.77,0.86,15830.1,0.855357432,-853.5743232
5909,-874,14486,16020,18769,18569,9585,0.77,0.86,15890.7,0.855764985,-857.6498465
5910,-871,14513,15956,18799,18494,9584,0.77,0.86,15804.2,0.854558235,-845.582351
5911,-861,14487,15842,18703,18380,9581,0.77,0.86,15656,0.85179543,-817.9542982
5912,-860,14259,16080,18553,18667,9579,0.77,0.86,15980.1,0.856061499,-860.614989
5913,-882,14414,15873,18700,18425,9577,0.77,0.86,15700.5,0.852130258,-821.302578
5914,-854,14428,15964,18729,18547,9577,0.77,0.86,15828.1,0.853404863,-834.0486332
5915,-869,14501,15877,18743,18450,9586,0.77,0.86,15712,0.851598916,-815.9891599
5916,-846,14457,15975,18731,18584,9596,0.77,0.86,15850.2,0.852894963,-828.9496341
5917,-854,14396,16032,18697,18656,9605,0.77,0.86,15928.8,0.853816467,-838.1646655
5918,-846,14415,15984,18710,18612,9605,0.77,0.86,15867.6,0.852546744,-825.4674404
5919,-834,14389,15946,18712,18586,9602,0.77,0.86,15821.8,0.851275153,-812.7515334
5920,-842,14478,15946,18735,18589,9596,0.77,0.86,15822.7,0.851186185,-811.8618538
5921,-827,14421,15616,18657,18230,9590,0.77,0.86,15385,0.843938563,-739.3856281
5922,-820,14507,15938,18795,18599,9586,0.77,0.86,15817.7,0.850459702,-804.5970213
5923,-821,14525,15639,18764,18236,9586,0.77,0.86,15409.8,0.845020838,-750.208379
5924,-821,14410,15970,18714,18657,9586,0.77,0.86,15867.1,0.850463633,-804.6363295
5925,-826,14419,15847,18746,18536,9586,0.77,0.85,15707.8,0.847421234,-774.2123435
5926,-807,14492,15737,18759,18400,9586,0.77,0.86,15557,0.84548913,-754.8913043
5927,-807,14399,15890,18636,18608,9586,0.77,0.85,15772.4,0.847613929,-776.1392949
5928,-797,14528,15862,18797,18571,9583,0.77,0.85,15733.3,0.847197243,-771.9724301
5929,-793,14524,15858,18821,18597,9574,0.77,0.85,15737.1,0.846217132,-762.171318
5930,-775,14571,15787,18846,18513,9564,0.77,0.85,15640.9,0.844860368,-748.6036839
5931,-757,14492,15580,18737,18291,9557,0.77,0.85,15367.3,0.840156361,-701.5636105
5932,-765,14343,15747,18590,18480,9557,0.77,0.85,15591,0.843668831,-736.6883117
5933,-759,14461,15812,18732,18588,9567,0.77,0.85,15688.4,0.844006886,-740.0688616
5934,-740,14426,15824,18671,18622,9583,0.77,0.85,15710.6,0.843658039,-736.5803888
5935,-736,14508,15773,18743,18575,9599,0.77,0.85,15645.5,0.842288022,-722.8802153
5936,-740,14486,15576,18672,18323,9604,0.78,0.85,15372.9,0.838994706,-589.9470611
5937,-717,14570,15735,18802,18536,9604,0.77,0.85,15595.8,0.841378938,-713.7893828
5938,-710,14386,15778,18630,18614,9601,0.77,0.85,15662.2,0.841420436,-714.2043623
5939,-703,14543,15490,18738,18256,9599,0.78,0.85,15266.8,0.836262051,-562.6205083
5940,-709,14486,15434,18780,18200,9597,0.77,0.85,15194,0.834835165,-648.3516484
5942,-690,14471,15530,18707,18334,9596,0.77,0.85,15330.2,0.836162321,-661.6232137
5942,-661,14438,15560,18589,18410,9593,0.78,0.85,15383,0.83557849,-555.7848995
5943,-665,14583,15482,18748,18332,9588,0.78,0.84,15281.6,0.833602444,-536.0244381
5944,-647,14510,15642,18708,18554,9582,0.78,0.84,15508.2,0.835841328,-558.4132802
5945,-645,14567,15385,18698,18235,9580,0.78,0.84,15155.5,0.83112147,-511.214697
5946,-625,14514,15727,18764,18682,9580,0.77,0.84,15631.6,0.836719837,-667.1983728
5947,-600,14536,15608,18713,18563,9590,0.78,0.84,15476.9,0.833749933,-537.4993266
5948,-591,14620,15251,18731,18122,9601,0.78,0.84,14987.6,0.827038958,-470.3895817
5949,-585,14502,15589,18721,18559,9611,0.77,0.84,15456.7,0.832841209,-628.4120912
5951,-594,14695,15271,18796,18175,9611,0.78,0.84,15023.5,0.826602476,-466.0247593
5952,-563,14544,15556,18722,18568,9608,0.78,0.84,15426.4,0.830805687,-508.056872
5952,-568,14530,15059,18712,17956,9601,0.78,0.84,14745.8,0.821218534,-412.1853419
5953,-541,14703,15294,18779,18256,9594,0.78,0.84,15070.8,0.825525855,-455.2585451
5954,-520,14592,15595,18701,18654,9589,0.78,0.84,15491.2,0.830449233,-504.4923341
5955,-508,14677,15534,18772,18591,9589,0.78,0.84,15411.3,0.828965629,-489.6562853
5956,-512,14698,15436,18799,18488,9590,0.78,0.83,15282.4,0.826611856,-466.1185634
5957,-483,14683,15454,18718,18527,9590,0.78,0.83,15312.1,0.826474875,-464.7487451
5958,-484,14573,15539,18695,18649,9591,0.78,0.83,15433.7,0.827588611,-475.8861065
5960,-454,14639,15482,18705,18593,9591,0.78,0.83,15359.9,0.826111978,-461.1197763
5960,-444,14807,15478,18861,18602,9591,0.79,0.83,15358.6,0.825642404,-356.4240404
5962,-418,14651,15361,18683,18457,9591,0.78,0.83,15198.1,0.823432844,-434.3284391
5962,-420,14524,15121,18388,18166,9591,0.79,0.83,14870.8,0.818606187,-286.0618738
5963,-409,14744,15117,18698,18181,9591,0.79,0.83,14871.3,0.817958308,-279.5830812
5964,-399,14818,15399,18792,18558,9590,0.79,0.83,15266.4,0.822631749,-326.3174911
5965,-390,14822,15218,18755,18334,9590,0.79,0.83,15018.2,0.819144758,-291.4475837
5966,-375,14838,15257,18757,18401,9590,0.79,0.83,15077.3,0.819373947,-293.7394707
5968,-343,14830,15341,18744,18541,9590,0.79,0.83,15203.3,0.819982741,-299.8274095
5969,-350,14839,15305,18747,18519,9590,0.79,0.83,15160.7,0.818656515,-286.5651493
5969,-317,14874,15107,18740,18262,9590,0.79,0.83,14885.6,0.81511335,-251.1335013
5970,-304,14920,15233,18779,18444,9586,0.79,0.83,15066.2,0.816861852,-268.6185209
5971,-280,14838,15318,18790,18578,9582,0.79,0.82,15191.4,0.817709118,-277.0911831
5972,-306,14799,14973,18725,18145,9579,0.79,0.83,14716.5,0.811049876,-210.49876
5973,-260,14932,15084,18733,18300,9579,0.8,0.82,14874,0.812786885,-127.8688525
5974,-240,14849,15286,18681,18593,9581,0.79,0.82,15163.9,0.815570376,-255.7037595
5975,-236,15004,15046,18775,18296,9585,0.8,0.82,14834.8,0.810822038,-108.220376
5977,-228,14844,15293,18704,18636,9588,0.79,0.82,15183.8,0.814756385,-247.5638549
5978,-209,14957,15172,18724,18495,9589,0.8,0.82,15020.5,0.812138416,-121.3841579
5979,-175,14989,15203,18759,18565,9589,0.8,0.82,15072.5,0.811877188,-118.7718826
5980,-174,14923,15285,18727,18670,9591,0.8,0.82,15186,0.813390466,-133.9046599
5981,-165,15064,15173,18781,18550,9592,0.8,0.82,15038,0.810673854,-106.7385445
5981,-123,14924,15175,18695,18572,9594,0.8,0.82,15046.6,0.81017661,-101.7660995
5983,-133,14860,15245,18548,18665,9593,0.8,0.82,15144.5,0.811384945,-113.8494508
5983,-114,15017,14855,18773,18168,9594,0.8,0.82,14605.4,0.80390797,-39.07970057
5985,-85,15031,15143,18685,18563,9596,0.8,0.82,15011.9,0.808700102,-87.00102354
5986,-77,15092,15115,18735,18550,9597,0.81,0.81,14980,0.80754717,24.52830189
5987,-56,15099,15181,18757,18652,9598,0.8,0.81,15076.6,0.808310101,-83.10100793
5988,-25,15164,15046,18714,18491,9598,0.81,0.81,14893.3,0.805435077,45.64923476
5989,-15,15106,15104,18681,18587,9595,0.81,0.81,14980.1,0.805945015,40.54984667
5989,9,15225,15125,18807,18625,9591,0.81,0.81,15012.5,0.806040268,39.59731544
5990,-2,15182,14736,18822,18120,9587,0.81,0.81,14472,0.798675497,113.2450331
5992,33,15145,15060,18757,18571,9587,0.81,0.81,14931.3,0.804011631,59.88368962
5992,55,15124,15117,18631,18661,9588,0.81,0.81,15015.3,0.804635336,53.64664273
5994,58,15283,15026,18778,18545,9593,0.81,0.81,14889.5,0.802884875,71.15125371
5995,85,15346,14981,18814,18517,9597,0.82,0.81,14836.1,0.8012151,187.8490036
5996,89,15233,15098,18710,18677,9599,0.81,0.81,15001.1,0.803185736,68.14263533
5997,110,15263,15089,18782,18681,9599,0.81,0.81,14993.3,0.802596221,74.03779241
5998,108,15344,14997,18804,18565,9598,0.82,0.81,14866.5,0.80078104,192.1896041
5999,140,15389,14733,18778,18219,9596,0.82,0.81,14498.7,0.795801087,241.9891322
5999,142,15281,14952,18718,18531,9594,0.82,0.81,14811.3,0.799271491,207.2850898
6001,148,15417,14982,18783,18580,9593,0.82,0.81,14856,0.799569429,204.3057051
6002,175,15393,14723,18705,18235,9595,0.82,0.81,14493.5,0.794817658,251.8234165
6002,194,15375,14948,18678,18569,9598,0.82,0.8,14818.7,0.798034358,219.6564166
6004,189,15374,14932,18710,18567,9602,0.82,0.8,14802.1,0.797226262,227.7373835
6005,211,15474,14706,18752,18268,9604,0.83,0.81,14486.4,0.792993212,370.0678783
6006,227,15411,15000,18717,18663,9604,0.82,0.8,14898.9,0.798312168,216.8783154
6007,235,15489,14692,18734,18259,9604,0.83,0.8,14469.7,0.792469467,375.3053289
6008,260,15556,14866,18813,18508,9603,0.83,0.8,14718.4,0.795245299,347.5470067
6009,268,15486,14872,18705,18531,9603,0.83,0.8,14731.3,0.794954401,350.4559927
6009,284,15604,14868,18816,18529,9603,0.83,0.8,14726.7,0.794791948,352.0805224
6011,286,15530,14963,18764,18660,9602,0.83,0.8,14861,0.796409432,335.9056806
6012,306,15524,14717,18712,18318,9600,0.83,0.8,14512.4,0.792248062,377.5193798
6013,319,15403,14710,18498,18351,9597,0.83,0.8,14515.3,0.790981418,390.1858209
6014,314,15508,14923,18713,18635,9595,0.83,0.8,14813.5,0.794928897,350.7110276
6015,326,15638,14810,18786,18483,9594,0.83,0.8,14654.9,0.792885354,371.1464589
6016,319,15683,14722,18839,18363,9596,0.83,0.8,14530.9,0.791314055,386.8594456
6017,329,15700,14766,18813,18447,9600,0.83,0.8,14600.1,0.791462026,385.3797365
6018,346,15604,14798,18752,18477,9603,0.83,0.8,14641.1,0.792395952,376.0404828
6019,367,15632,14899,18745,18630,9604,0.83,0.8,14788,0.793773484,362.2651637
6020,369,15539,14883,18671,18623,9604,0.83,0.8,14769.9,0.79309993,369.0006981
6021,371,15626,14911,18744,18658,9600,0.83,0.8,14808.4,0.793675635,363.2436488
6022,390,15518,14874,18662,18603,9597,0.83,0.8,14754.9,0.793146267,368.5373327
6023,420,15645,14625,18624,18293,9593,0.84,0.8,14412.9,0.787891543,521.0845679
6024,411,15774,14559,18771,18189,9593,0.84,0.8,14315.7,0.787052614,529.4738578
6025,428,15787,14845,18818,18586,9595,0.84,0.8,14720.8,0.792037017,479.6298289
6026,443,15734,14847,18802,18599,9598,0.84,0.8,14726.7,0.791800634,481.9936556
6027,412,15791,14760,18759,18464,9601,0.84,0.8,14599.2,0.790684575,493.1542461
6028,461,15882,14856,18845,18610,9602,0.84,0.8,14739,0.791993552,480.0644815
6029,465,15862,14844,18821,18603,9602,0.84,0.8,14724.9,0.791533624,484.6637639
6030,482,15793,14881,18757,18652,9603,0.84,0.8,14776.6,0.792226035,477.7396526
6031,481,15985,14643,18878,18308,9604,0.85,0.8,14435.4,0.788474984,615.2501639
6032,503,15825,14965,18700,18749,9605,0.85,0.8,14889.7,0.794159689,558.4031148
6033,497,15720,14589,18523,18232,9605,0.85,0.8,14358.6,0.787549364,624.5063624
6034,507,15944,14797,18805,18541,9605,0.85,0.8,14659.3,0.79064236,593.5763983
6035,504,15943,14798,18816,18531,9607,0.85,0.8,14657.3,0.790961092,590.3890778
6036,488,15788,14534,18714,18165,9609,0.84,0.8,14283.5,0.786319846,536.8015414
6037,520,15964,14756,18775,18475,9610,0.85,0.8,14598.5,0.790175913,598.240866
6038,522,15942,14888,18786,18641,9609,0.85,0.8,14780.3,0.792892012,571.0798777
6039,527,15922,14855,18735,18588,9610,0.85,0.8,14731.4,0.792522057,574.7794276
6040,536,15869,14882,18723,18620,9611,0.85,0.8,14768,0.793125671,568.7432868
6041,527,16103,14590,18876,18223,9612,0.85,0.8,14356.9,0.787845031,621.54969
6042,540,16025,14722,18787,18380,9612,0.85,0.8,14536,0.79085963,591.4036997
6043,546,15891,14700,18646,18346,9613,0.85,0.8,14503.8,0.790570152,594.2984847
6044,521,15885,14854,18681,18577,9617,0.85,0.8,14727.1,0.792759864,572.4013565
6045,556,15831,14943,18577,18685,9621,0.85,0.8,14848.5,0.794674873,553.2512711
6046,544,16080,14721,18808,18360,9623,0.85,0.8,14529,0.791339869,586.6013072
6047,542,16085,14809,18808,18478,9623,0.86,0.8,14652.4,0.792964607,670.3539344
6048,560,16152,14605,18840,18186,9623,0.86,0.8,14360.8,0.789662378,703.3762235
6049,570,16039,14921,18769,18625,9622,0.85,0.8,14808.5,0.795087248,549.1275168
6050,589,15992,14917,18662,18597,9621,0.86,0.8,14796.1,0.795617573,643.8242727
6051,547,16099,14728,18748,18317,9620,0.86,0.8,14523.1,0.792875471,671.2452913
6052,560,16011,14957,18792,18640,9620,0.85,0.8,14849,0.796620172,533.7982833
6053,557,15735,14575,18431,18097,9618,0.85,0.81,14304.1,0.790412776,595.872244
6054,568,15986,14973,18679,18625,9616,0.86,0.8,14860.5,0.797879195,621.2080537
6055,550,16178,14805,18830,18370,9615,0.86,0.81,14616,0.795645073,643.5492651
6056,544,16033,14989,18744,18612,9615,0.86,0.81,14872.6,0.799086611,609.1338921
6057,560,15966,15035,18658,18667,9616,0.86,0.81,14935.1,0.800080356,599.1964429
6058,557,16023,15042,18723,18654,9618,0.86,0.81,14938.2,0.800804117,591.9588292
6059,538,16203,14866,18822,18399,9621,0.86,0.81,14685.7,0.798179249,618.2075113
6060,546,16036,14880,18613,18398,9622,0.86,0.81,14699.4,0.798967279,610.3272095
6061,536,16277,14919,18885,18434,9622,0.86,0.81,14749.2,0.800108495,598.9150483
6062,531,15974,14857,18664,18331,9621,0.86,0.81,14656.3,0.799536305,604.6369538
6063,519,15765,15048,18371,18575,9619,0.86,0.81,14920.5,0.803257066,567.4293405
6064,504,16185,14977,18769,18460,9618,0.86,0.81,14815,0.802546046,574.539545
6065,512,16096,15061,18739,18555,9618,0.86,0.81,14927.5,0.804500135,554.9986527
6066,496,16127,15092,18765,18599,9619,0.86,0.81,14971.7,0.804973386,550.2661433
6067,499,16165,14803,18738,18207,9621,0.86,0.81,14565.1,0.799972538,600.2746197
6068,514,15978,15140,18546,18610,9623,0.86,0.81,15023,0.807254164,527.4583557
6070,491,16230,15092,18816,18534,9623,0.86,0.81,14952.2,0.806744362,532.5563829
6070,474,16148,14866,18733,18196,9623,0.86,0.82,14624.8,0.803737085,562.6291493
6071,463,16146,15260,18805,18694,9624,0.86,0.82,15168.2,0.81139403,486.0596983
6072,462,16110,15103,18769,18481,9624,0.86,0.82,14947.3,0.808792814,512.0718576
6073,452,16115,15041,18696,18380,9625,0.86,0.82,14855,0.808215452,517.8454842
6074,431,16188,15047,18793,18357,9625,0.86,0.82,14854.1,0.80917906,508.2094024
6075,425,16051,15300,18737,18666,9624,0.86,0.82,15199.8,0.814304082,456.9591771
6076,413,16134,15109,18733,18389,9622,0.86,0.82,14925.7,0.811664582,483.3541791
6077,383,16242,15094,18873,18336,9620,0.86,0.82,14894.8,0.81232548,476.7452007
6079,390,16070,15343,18793,18648,9619,0.86,0.82,15237.4,0.817106392,428.9360789
6079,367,16157,15189,18821,18418,9620,0.86,0.82,15014.4,0.815202519,447.9748073
6080,377,16189,15235,18820,18472,9622,0.86,0.82,15076.6,0.816186661,438.1333911
6081,355,16169,15401,18824,18652,9625,0.86,0.83,15296.6,0.820105083,398.9491744
6082,331,15987,15171,18704,18309,9628,0.85,0.83,14963.7,0.81728658,327.1341963
6083,321,15862,15409,18527,18593,9629,0.86,0.83,15286.9,0.822185769,378.1423116
6084,294,16202,15361,18877,18521,9628,0.86,0.83,15217.3,0.821624102,383.7589763
6085,281,16029,15398,18725,18534,9626,0.86,0.83,15258.2,0.823254559,367.4544081
6086,260,15965,15488,18682,18629,9625,0.85,0.83,15376.7,0.82541736,245.8263997
6088,240,16039,15575,18797,18691,9623,0.85,0.83,15482.3,0.828329142,216.7085763
6088,236,16090,15338,18796,18375,9623,0.86,0.83,15150.5,0.824517007,354.829932
6089,221,15944,15563,18729,18645,9625,0.85,0.83,15456.5,0.828989005,210.109949
6090,209,15963,15596,18725,18650,9629,0.85,0.84,15491,0.830616622,193.8337802
6091,185,16078,15649,18833,18686,9632,0.85,0.84,15554.8,0.832430697,175.6930322
6093,179,15961,15554,18797,18540,9632,0.85,0.84,15416,0.831499461,185.0053937
6094,145,16026,15362,18791,18256,9631,0.85,0.84,15138.8,0.829250657,207.4934268
6095,122,16008,15590,18846,18538,9624,0.85,0.84,15451.4,0.833498759,165.0124069
6095,111,15920,15767,18817,18723,9617,0.85,0.84,15683.9,0.837680927,123.190728
6097,103,15958,15715,18807,18646,9612,0.85,0.84,15608.8,0.837112517,128.8748257
6097,72,15879,15763,18802,18681,9612,0.84,0.84,15667.3,0.83867566,13.24340239
6098,49,15850,15815,18755,18726,9618,0.85,0.84,15732.8,0.840158069,98.41931005
6099,45,15881,15644,18722,18495,9628,0.85,0.85,15492.5,0.837658827,123.4117329
6100,21,15927,15751,18825,18604,9638,0.85,0.85,15632.2,0.840260159,97.39840894
6101,-2,15787,15815,18731,18656,9642,0.84,0.85,15711.8,0.84218482,-21.84819897
6102,-14,15786,15816,18770,18622,9642,0.84,0.85,15702.6,0.843228439,-32.2843948
6103,-48,15752,15838,18681,18628,9637,0.84,0.85,15726.4,0.844234486,-42.3448572
6104,-59,15797,15866,18729,18635,9631,0.84,0.85,15756.5,0.8455326,-55.32599946
6105,-87,15855,15594,18813,18271,9626,0.84,0.85,15375.3,0.841513874,-15.13874446
6107,-107,15748,15883,18783,18605,9626,0.84,0.85,15764.5,0.847325988,-73.25987638
6107,-107,15833,15961,18822,18680,9627,0.84,0.85,15865,0.849304069,-93.04068522
6108,-135,15779,15738,18772,18378,9629,0.84,0.86,15551.4,0.846196539,-61.96539341
6109,-158,15726,15954,18806,18621,9632,0.84,0.86,15840.3,0.8506686,-106.6859997
6110,-186,15795,15647,18852,18213,9633,0.84,0.86,15410.9,0.846148356,-61.4835557
6112,-202,15721,15886,18830,18486,9633,0.83,0.86,15731.8,0.851011576,-210.1157633
6112,-218,15676,15894,18856,18470,9630,0.83,0.86,15735,0.851922036,-219.2203573
6113,-254,15514,15464,18740,17966,9627,0.83,0.86,15153.8,0.843471001,-134.7100078
6115,-273,15569,16104,18771,18683,9625,0.83,0.86,16008.9,0.856869882,-268.6988171
6116,-293,15477,16190,18716,18753,9625,0.83,0.86,16115.9,0.859377166,-293.7716632
6117,-328,15465,16204,18711,18749,9628,0.83,0.86,16128.7,0.860243213,-302.4321297
6118,-343,15647,16069,18880,18539,9634,0.83,0.87,15930.7,0.859307406,-293.0740601
6118,-367,15474,15799,18807,18196,9641,0.82,0.87,15557.8,0.855012091,-350.1209057
6119,-389,15474,16107,18734,18559,9644,0.83,0.87,15974.7,0.860752196,-307.521957
6121,-414,15520,16222,18825,18663,9644,0.82,0.87,16120.9,0.863789316,-437.8931576
6122,-427,15593,16169,18892,18567,9640,0.83,0.87,16039.1,0.863849841,-338.4984112
6123,-446,15442,16423,18747,18854,9634,0.82,0.87,16379.2,0.868738729,-487.3872918
6124,-450,15308,16116,18583,18484,9628,0.82,0.87,15961.2,0.863514391,-435.1439082
6125,-514,15402,16288,18813,18657,9626,0.82,0.87,16185.1,0.867508174,-475.0817388
6126,-513,15316,16326,18734,18683,9626,0.82,0.87,16230.9,0.868752342,-487.523417
6126,-535,15363,16317,18811,18658,9627,0.82,0.87,16214.4,0.869032051,-490.3205059
6127,-555,15343,16352,18830,18677,9627,0.81,0.88,16255.1,0.87032714,-603.2714033
6128,-589,15253,16299,18745,18589,9628,0.81,0.88,16175.7,0.87017591,-601.7591048
6130,-603,15272,16346,18809,18623,9628,0.81,0.88,16232.9,0.871658702,-616.5870161
6131,-632,15219,16339,18778,18578,9627,0.81,0.88,16212.4,0.872666595,-626.665949
6132,-651,15347,16389,18889,18631,9626,0.81,0.88,16278.3,0.873721217,-637.2121733
6133,-676,15095,16615,18780,18853,9625,0.8,0.88,16570.9,0.878952952,-789.5295178
6134,-693,15147,16168,18669,18301,9626,0.81,0.88,15958.3,0.871990602,-619.9060161
6135,-731,15271,16377,18869,18532,9625,0.81,0.88,16236.6,0.876138571,-661.3857112
6136,-739,15186,16321,18777,18444,9624,0.81,0.88,16154.2,0.875851225,-658.5122533
6137,-778,15073,16532,18764,18662,9623,0.8,0.89,16430.6,0.880430822,-804.3082199
6137,-795,15072,16535,18774,18651,9622,0.8,0.89,16430.3,0.880933998,-809.3399818
6139,-814,15066,16577,18752,18681,9621,0.8,0.89,16481.3,0.882249344,-822.4934425
6140,-844,15023,16644,18811,18729,9624,0.8,0.89,16562.7,0.884334455,-843.3445459
6141,-877,14981,16623,18831,18691,9628,0.8,0.89,16530.3,0.884398909,-843.9890857
6142,-899,15101,16591,18928,18624,9632,0.8,0.89,16478.2,0.884783076,-847.830756
6143,-897,14923,16605,18749,18625,9634,0.8,0.89,16492.5,0.885503356,-855.033557
6144,-918,14982,16628,18823,18642,9634,0.8,0.89,16520.6,0.886203197,-862.0319708
6145,-951,14980,16285,18815,18215,9634,0.8,0.89,16049.5,0.881114466,-811.144661
6146,-979,14791,16752,18741,18733,9635,0.79,0.89,16671.9,0.889974911,-999.7491059
6147,-1009,14876,16708,18790,18666,9636,0.79,0.9,16607.8,0.889735348,-997.3534769
6148,-1040,14869,16655,18804,18576,9635,0.79,0.9,16527.8,0.889739449,-997.3944875
6149,-1026,14912,16664,18864,18583,9636,0.79,0.9,16538.9,0.890001614,-1000.016144
6150,-1049,14863,16758,18885,18673,9639,0.79,0.9,16659.9,0.892191935,-1021.919349
6151,-1060,14788,16802,18829,18715,9641,0.79,0.9,16716.5,0.893213999,-1032.139995
6152,-1106,14847,16887,18973,18793,9643,0.78,0.9,16824.9,0.895274836,-1152.748364
6153,-1140,14553,16771,18695,18637,9643,0.78,0.9,16662.1,0.894033374,-1140.333745
6154,-1144,14669,16843,18783,18701,9645,0.78,0.9,16753.3,0.895850489,-1158.504893
6155,-1185,14679,16413,18743,18190,9648,0.78,0.9,16170,0.888949973,-1089.499725
6156,-1203,14621,16770,18786,18571,9649,0.78,0.9,16641.3,0.896090679,-1160.90679
6157,-1202,14666,16783,18799,18588,9650,0.78,0.9,16659.4,0.896244889,-1162.448892
6158,-1210,14671,16814,18822,18605,9647,0.78,0.9,16695.5,0.897366299,-1173.662994
6159,-1241,14634,16554,18792,18284,9640,0.78,0.91,16339.2,0.893633778,-1136.337782
6160,-1256,14542,16593,18696,18321,9633,0.78,0.91,16389.3,0.894563616,-1145.636155
6161,-1292,14679,16528,18907,18231,9629,0.78,0.91,16297.3,0.89393341,-1139.334101
6162,-1293,14575,17001,18846,18767,9629,0.77,0.91,16931.1,0.902174029,-1321.740289
6163,-1297,14493,16832,18815,18574,9629,0.77,0.91,16704.2,0.8993324,-1293.324001
6164,-1315,14487,16828,18733,18548,9628,0.77,0.91,16692.4,0.899956869,-1299.568687
6165,-1341,14482,16854,18777,18568,9628,0.77,0.91,16724.4,0.9007109,-1307.109005
6166,-1360,14567,16727,18905,18408,9628,0.77,0.91,16549.4,0.899033029,-1290.330291
6167,-1387,14492,16872,18865,18570,9629,0.77,0.91,16743,0.901615509,-1316.155089
6168,-1386,14405,16904,18819,18594,9634,0.77,0.91,16782.2,0.902559966,-1325.599656
6169,-1397,14425,16933,18786,18612,9639,0.77,0.91,16816.6,0.903535354,-1335.353535
6170,-1425,14331,17048,18814,18731,9643,0.76,0.91,16967.3,0.905840585,-1458.405851
6171,-1410,14429,16915,18860,18575,9644,0.77,0.91,16787.5,0.903768506,-1337.685061
6172,-1440,14380,17031,18846,18705,9645,0.76,0.91,16942.5,0.905773857,-1457.738573
6173,-1463,14165,17155,18747,18832,9648,0.76,0.91,17104.6,0.908273152,-1482.731521
6174,-1464,14266,16834,18738,18469,9651,0.76,0.91,16674.7,0.902848016,-1428.480156
6175,-1492,14382,16656,18895,18250,9653,0.76,0.91,16431,0.900328767,-1403.287671
6176,-1503,14222,17108,18810,18763,9652,0.76,0.91,17036.9,0.908005116,-1480.051165
6177,-1515,14219,17011,18756,18641,9647,0.76,0.91,16903.3,0.906780752,-1467.807521
6178,-1539,14160,17022,18827,18659,9643,0.75,0.91,16919.7,0.90678493,-1567.849295
6179,-1538,14145,17071,18806,18717,9639,0.75,0.91,16986.1,0.907522573,-1575.225731
6180,-1563,14218,16921,18845,18539,9639,0.75,0.91,16782.7,0.905264577,-1552.645774
6181,-1538,14249,16877,18860,18493,9639,0.76,0.91,16724.9,0.904390851,-1443.908506
6182,-1546,14258,16937,18918,18565,9640,0.75,0.91,16806.5,0.90527875,-1552.787503
6183,-1575,14036,17033,18831,18675,9641,0.75,0.91,16935.5,0.906854083,-1568.54083
6184,-1566,14100,16642,18698,18239,9641,0.75,0.91,16413.7,0.899923241,-1499.232414
6185,-1584,14180,16670,18858,18274,9641,0.75,0.91,16452.2,0.900306446,-1503.064463
6186,-1589,14105,16974,18832,18628,9643,0.75,0.91,16862.4,0.905217951,-1552.179515
6187,-1600,14081,17019,18850,18667,9646,0.75,0.91,16919.1,0.906364172,-1563.641721
6188,-1586,14020,17025,18801,18689,9648,0.75,0.91,16931.7,0.905971427,-1559.71427
6189,-1595,14083,16977,18863,18637,9649,0.75,0.91,16868.1,0.905086656,-1550.866556
6190,-1613,14078,16956,18826,18625,9649,0.75,0.91,16843.5,0.904348993,-1543.489933
6191,-1620,13970,16564,18701,18184,9651,0.75,0.91,16319.2,0.897448306,-1474.483062
6192,-1607,13987,16905,18795,18576,9652,0.74,0.91,16777.8,0.903197674,-1631.976744
6193,-1630,13891,16766,18697,18430,9653,0.74,0.91,16595,0.900434075,-1604.340749
6194,-1613,13955,16899,18779,18599,9652,0.74,0.91,16778.7,0.902129147,-1621.291467
6195,-1639,14017,16599,18841,18268,9652,0.74,0.91,16379.4,0.896617035,-1566.170353
6196,-1637,13962,16717,18772,18401,9652,0.74,0.91,16537.3,0.898717461,-1587.17461
6197,-1629,13925,16806,18751,18533,9652,0.74,0.91,16665.9,0.899255382,-1592.553823
6198,-1634,13864,16982,18824,18744,9652,0.74,0.91,16905.2,0.901899274,-1618.992744
6199,-1620,13912,16744,18764,18496,9652,0.74,0.91,16592.8,0.897102076,-1571.020761
6200,-1624,13851,16818,18801,18602,9652,0.74,0.9,16698.6,0.897677669,-1576.776691
6201,-1615,13888,16836,18818,18641,9652,0.74,0.9,16728.3,0.897392844,-1573.928437
6202,-1612,13878,16824,18824,18633,9651,0.74,0.9,16713.9,0.897005313,-1570.053132
6203,-1606,13814,16711,18789,18527,9651,0.74,0.9,16569.1,0.894321801,-1543.218006
6204,-1621,13761,16425,18754,18205,9654,0.73,0.9,16186.5,0.889123867,-1591.238671
6205,-1596,13854,16820,18829,18684,9657,0.74,0.9,16725.2,0.895161636,-1551.616356
6206,-1598,13936,16529,18858,18371,9661,0.74,0.9,16340.3,0.889461652,-1494.616515
6207,-1585,13836,16730,18794,18625,9662,0.74,0.9,16617.5,0.892214765,-1522.147651
6208,-1575,13946,16580,18879,18466,9661,0.74,0.9,16419.8,0.889190946,-1491.909455
6209,-1560,13846,16741,18788,18681,9657,0.74,0.9,16645.3,0.891028318,-1510.283175
6210,-1562,13942,16387,18878,18290,9653,0.74,0.9,16174,0.884308365,-1443.083652
6211,-1528,13888,16408,18813,18335,9650,0.74,0.89,16208.5,0.884019635,-1440.196346
6212,-1537,13897,16603,18849,18588,9650,0.74,0.89,16479.4,0.886561222,-1465.612223
6213,-1530,13783,16623,18819,18641,9653,0.73,0.89,16515.3,0.885966418,-1559.664181
6214,-1522,13922,16297,18854,18280,9657,0.74,0.89,16081,0.879704595,-1397.045952
6215,-1495,13436,16178,18283,18210,9661,0.73,0.89,15941,0.875398133,-1453.981329
6216,-1481,13832,16335,18696,18382,9663,0.74,0.89,16149.6,0.878555108,-1385.551083
6217,-1492,13892,16563,18857,18688,9662,0.74,0.89,16469.4,0.881282106,-1412.821062
6218,-1479,13778,16136,18810,18208,9658,0.73,0.89,15898.4,0.873154657,-1431.546573
6219,-1436,13923,16509,18837,18692,9655,0.74,0.88,16416.6,0.878268778,-1382.687781
6220,-1432,13932,16357,18925,18528,9652,0.74,0.88,16215.4,0.875183506,-1351.83506
6221,-1419,13878,16516,18905,18734,9651,0.73,0.88,16436.2,0.877346002,-1473.460019
6222,-1395,13966,16370,18886,18582,9655,0.74,0.88,16244.6,0.874211603,-1342.116026
6223,-1387,13748,16564,18761,18836,9662,0.73,0.88,16514.8,0.876767891,-1467.678913
6224,-1357,13887,16229,18731,18488,9669,0.74,0.88,16075.4,0.869504543,-1295.045435
6225,-1371,13839,16267,18790,18561,9672,0.74,0.88,16135.3,0.869311998,-1293.119983
6226,-1328,13876,16282,18775,18617,9673,0.74,0.87,16167.1,0.868405221,-1284.05221
6227,-1314,14018,16204,18875,18565,9669,0.74,0.87,16073.5,0.865795852,-1257.958524
6228,-1290,14009,16269,18902,18687,9665,0.74,0.87,16175.1,0.86558035,-1255.8035
6229,-1250,13906,16172,18740,18597,9661,0.74,0.87,16051.1,0.863101576,-1231.015755
6230,-1236,13967,16115,18829,18557,9661,0.74,0.87,15982.1,0.861243736,-1212.437355
6231,-1203,13855,16202,18703,18707,9659,0.74,0.87,16114.1,0.861394131,-1213.941305
6232,-1199,14157,15821,18970,18263,9653,0.75,0.87,15599.9,0.854180584,-1041.805837
6233,-1191,13798,16206,18673,18770,9648,0.74,0.86,16137,0.859722962,-1197.229622
6234,-1151,13774,15614,18558,18091,9645,0.74,0.86,15341.3,0.848007296,-1080.072964
6235,-1115,14161,15793,18919,18346,9645,0.75,0.86,15596.8,0.850147171,-1001.47171
6236,-1085,14049,15937,18805,18562,9646,0.75,0.86,15805.6,0.851503071,-1015.030708
6238,-1054,14094,15988,18814,18679,9649,0.75,0.86,15891.7,0.85077895,-1007.789496
6238,-1052,13979,16001,18745,18715,9651,0.75,0.85,15915.5,0.850414106,-1004.141063
6239,-1025,14209,15771,18888,18460,9652,0.75,0.85,15609,0.845557963,-955.5796316
6240,-982,14118,15954,18848,18739,9652,0.75,0.85,15875.7,0.847201025,-972.010246
6241,-967,14123,15925,18811,18727,9653,0.75,0.85,15843.1,0.846003097,-960.0309713
6242,-946,14268,15792,18919,18609,9654,0.75,0.85,15674.7,0.842318233,-923.1823311
6243,-914,14042,15842,18739,18715,9654,0.75,0.85,15756.5,0.841918247,-919.182474
6244,-859,14050,15791,18588,18706,9654,0.76,0.84,15702.8,0.839452582,-794.5258206
6245,-837,14285,15528,18797,18413,9656,0.76,0.84,15351.9,0.833753326,-737.5332645
6246,-796,14280,15700,18823,18678,9658,0.76,0.84,15603.4,0.835389228,-753.8922797
6248,-782,14332,15657,18865,18653,9660,0.76,0.84,15552.9,0.833801533,-738.0153327
6248,-750,14410,15403,18878,18352,9660,0.76,0.84,15208.6,0.828716216,-687.1621622
6249,-723,14273,15244,18819,18197,9660,0.76,0.84,15003.1,0.824482057,-644.8205748
6250,-680,14455,15509,18879,18594,9661,0.77,0.83,15387.2,0.827535764,-575.3576423
6251,-638,14490,15313,18868,18373,9661,0.77,0.83,15124.9,0.823213411,-532.1341098
6252,-612,14662,15211,19048,18282,9661,0.77,0.83,14995.6,0.820238486,-502.3848594
6253,-582,14404,15391,18799,18561,9661,0.77,0.83,15259.3,0.822116265,-521.1626529
6254,-543,14269,15295,18491,18477,9662,0.77,0.83,15138.1,0.819294258,-492.9425773
6255,-521,14075,14786,18315,17870,9664,0.77,0.83,14447,0.808449916,-384.4991606
6256,-477,14651,15323,18884,18588,9666,0.78,0.82,15199.4,0.817699591,-376.9959113
6257,-473,14543,15417,18799,18739,9667,0.77,0.82,15338.7,0.818544213,-485.442126
6258,-443,14562,15272,18782,18604,9667,0.78,0.82,15153.2,0.814513008,-345.1300796
6259,-396,14657,15217,18818,18568,9663,0.78,0.82,15087.4,0.81254847,-325.4847049
6260,-362,14710,15289,18883,18705,9658,0.78,0.82,15200.5,0.812643678,-326.4367816
6261,-296,14687,15208,18789,18648,9654,0.78,0.82,15102.4,0.80986701,-298.6700987
6262,-301,14849,15111,18910,18545,9655,0.79,0.81,14974.5,0.80746832,-174.683203
6263,-249,14665,15158,18783,18656,9655,0.78,0.81,15054.8,0.806968268,-269.6826758
6265,-218,14793,15072,18771,18583,9655,0.79,0.81,14946.9,0.804331916,-143.3191627
6265,-205,14755,14717,18818,18139,9656,0.78,0.81,14458.7,0.797105684,-171.0568389
6266,-174,14941,15078,18884,18661,9656,0.79,0.81,14976.3,0.802545416,-125.4541557
6267,-128,14965,15004,18879,18606,9656,0.79,0.81,14885.8,0.800053746,-100.537461
6268,-81,15001,14970,18834,18608,9659,0.8,0.8,14852.4,0.798172829,18.27171109
6269,-56,15013,14885,18822,18512,9662,0.8,0.8,14738.6,0.79616465,38.35350043
6270,-13,15011,14953,18807,18680,9666,0.8,0.8,14857,0.795342612,46.5738758
6271,44,15057,14960,18825,18725,9666,0.8,0.8,14877.5,0.794526035,54.73965287
6273,66,15160,14941,18892,18738,9665,0.8,0.8,14862.4,0.793168961,68.31038531
6273,70,15002,14994,18763,18843,9665,0.8,0.8,14946.9,0.793233562,67.66438465
6274,138,15204,14767,18805,18593,9664,0.81,0.79,14644.9,0.787656645,223.4335503
6275,161,15247,14780,18811,18632,9664,0.81,0.79,14669.6,0.78733362,226.6638042
6276,208,15326,14711,18910,18575,9664,0.81,0.79,14583.5,0.785114401,248.8559892
6277,229,15346,14535,18851,18372,9667,0.81,0.79,14346.6,0.78089484,291.0516003
6278,265,15276,14748,18796,18694,9671,0.81,0.79,14656.2,0.784005563,259.9443672
6279,274,15457,14469,18896,18334,9674,0.82,0.79,14269.2,0.778291698,417.0830152
6281,314,15268,14724,18743,18748,9675,0.81,0.79,14648.4,0.781331342,286.6865799
6281,365,15443,14562,18820,18551,9672,0.82,0.78,14427.3,0.777710096,422.8990351
6283,395,15504,14691,18946,18758,9663,0.82,0.78,14618.4,0.779315492,406.8450794
6283,408,15467,14425,18796,18414,9654,0.82,0.78,14249.2,0.773824264,461.7573585
6284,452,15258,14611,18545,18711,9648,0.82,0.78,14524.3,0.776243921,437.5607931
6285,474,15616,14341,18839,18361,9648,0.83,0.78,14149.3,0.770617069,593.8293121
6286,509,15642,14614,18917,18801,9651,0.83,0.78,14554.3,0.774123717,558.7628318
6287,540,15685,14475,18879,18634,9654,0.83,0.78,14365.2,0.770913384,590.8661586
6289,578,15718,14435,18877,18608,9658,0.83,0.78,14317.4,0.769421754,605.7824592
6289,595,15745,14476,18871,18714,9658,0.83,0.77,14390.2,0.768953724,610.4627552
6290,634,15729,14212,18755,18358,9658,0.84,0.77,14019.4,0.763667066,763.3293387
6292,687,15806,14413,18875,18693,9658,0.84,0.77,14320.9,0.766110309,738.8969133
6292,703,15852,14381,18914,18688,9657,0.84,0.77,14287.4,0.764522688,754.7731164
6293,750,15860,14337,18858,18635,9657,0.84,0.77,14227.5,0.763482694,765.1730614
6294,777,15842,14252,18759,18543,9657,0.84,0.77,14114.9,0.761198296,788.0170415
6295,774,15897,14013,18893,18240,9659,0.84,0.77,13785,0.755756579,842.4342105
6296,838,16004,14257,18860,18613,9662,0.85,0.77,14140.9,0.759732445,902.6755493
6297,854,16039,14202,18848,18587,9666,0.85,0.76,14078.1,0.757416474,925.8352612
6299,895,16081,14173,18852,18552,9667,0.85,0.76,14038.6,0.756716257,932.8374299
6299,937,16023,14240,18782,18714,9668,0.85,0.76,14154.2,0.756342845,936.5715507
6301,964,16141,14187,18857,18645,9663,0.86,0.76,14080.5,0.755189059,1048.109413
6302,1005,16167,14226,18845,18739,9658,0.86,0.76,14147.7,0.754986926,1050.130743
6302,1027,16295,14128,18913,18640,9653,0.86,0.76,14020,0.752145923,1078.540773
6303,1040,16266,13822,18869,18206,9653,0.86,0.76,13583.8,0.746116665,1138.833352
6305,1086,15955,14100,18494,18651,9659,0.86,0.76,13995.3,0.750377996,1096.220042
6305,1104,16211,14154,18756,18758,9670,0.86,0.75,14081.4,0.750687707,1093.122934
6306,1124,16237,14079,18751,18676,9680,0.87,0.75,13981.8,0.748650675,1213.493253
6308,1168,16376,14026,18824,18620,9684,0.87,0.75,13912,0.747153598,1228.464017
6309,1184,16490,13935,18922,18495,9684,0.87,0.75,13783.5,0.745255474,1247.445255
6310,1212,16381,13985,18794,18600,9678,0.87,0.75,13865,0.745430108,1245.698925
6311,1235,16491,14024,18870,18684,9671,0.87,0.75,13929.2,0.745514879,1244.85121
6312,1249,16386,13763,18831,18296,9665,0.87,0.75,13551.8,0.74069742,1293.025798
6313,1285,16558,14033,18908,18726,9665,0.88,0.75,13950.8,0.744996262,1350.037381
6313,1287,16566,13639,18837,18164,9663,0.88,0.75,13388.2,0.737073332,1429.266681
6315,1332,16586,13954,18806,18644,9659,0.88,0.75,13847.2,0.742716155,1372.838447
6316,1336,16641,13732,18849,18335,9655,0.88,0.75,13532.5,0.738069266,1419.307336
6317,1352,16619,13959,18862,18696,9652,0.88,0.75,13867.8,0.741752246,1382.477535
6318,1373,16649,13886,18839,18600,9653,0.88,0.75,13766,0.740107527,1398.924731
6319,1385,16602,14027,18831,18809,9669,0.88,0.75,13969.7,0.742713595,1372.864054
6320,1417,16720,13946,18927,18710,9690,0.88,0.75,13859,0.740726884,1392.73116
6321,1436,16702,13971,18846,18771,9711,0.89,0.74,13902.3,0.740626498,1493.735017
6321,1462,16876,13843,18956,18579,9715,0.89,0.75,13716.7,0.738290543,1517.094569
6323,1483,16817,13979,18862,18794,9711,0.89,0.74,13917.2,0.74051293,1494.870703
6323,1490,16753,13897,18840,18683,9698,0.89,0.74,13801.9,0.738741102,1512.588985
6325,1501,16595,13899,18655,18682,9684,0.89,0.74,13803.6,0.738871641,1511.283588
6326,1497,16524,13883,18495,18676,9674,0.89,0.74,13785.8,0.738155922,1518.44078
6327,1523,16865,13900,18876,18675,9673,0.89,0.74,13802.5,0.739089692,1509.103079
6327,1534,16925,13873,18907,18648,9674,0.9,0.74,13767.4,0.738277563,1617.224367
6328,1541,17007,13804,18912,18553,9674,0.9,0.74,13669.9,0.736802673,1631.973266
6329,1575,16973,13785,18875,18518,9675,0.9,0.74,13640.4,0.736602225,1633.977751
6331,1577,16950,13959,18931,18766,9675,0.9,0.74,13888.8,0.740104444,1598.955558
6332,1588,16936,13981,18853,18797,9675,0.9,0.74,13920.1,0.740549024,1594.509762
6333,1566,17080,13717,18897,18382,9675,0.9,0.75,13531.6,0.736133174,1638.668262
6334,1585,16905,13986,18825,18769,9675,0.9,0.75,13916.7,0.741472641,1585.273589
6335,1594,16891,13492,18801,18122,9675,0.9,0.74,13228.6,0.729974616,1700.253835
6336,1602,16990,13899,18825,18636,9675,0.9,0.75,13789.8,0.739954926,1600.450741
6337,1611,17139,13955,18924,18708,9676,0.91,0.75,13867.4,0.741255078,1687.44922
6338,1600,17090,13938,18883,18670,9676,0.91,0.75,13839,0.741242635,1687.573648
6339,1594,17016,14038,18834,18791,9676,0.9,0.75,13975.3,0.743723059,1562.769411
6340,1616,17150,14012,18882,18725,9677,0.91,0.75,13929.5,0.743898531,1661.014686
6341,1618,17107,13882,18817,18516,9676,0.91,0.75,13736.8,0.741888097,1681.119032
6342,1599,17010,14100,18804,18802,9673,0.9,0.75,14040.6,0.746760983,1532.390171
6342,1596,17268,13888,18945,18456,9670,0.91,0.75,13724.8,0.743649762,1663.502384
6344,1599,17087,13882,18841,18406,9666,0.91,0.75,13703.8,0.744528958,1654.710421
6345,1602,17101,13930,18742,18478,9666,0.91,0.75,13773.4,0.745394523,1646.054768
6346,1590,17079,14082,18788,18690,9664,0.91,0.75,13989,0.74847512,1615.248796
6347,1592,17280,14093,18971,18664,9660,0.91,0.76,13992.2,0.749689241,1603.107587
6347,1583,17156,14183,18846,18762,9657,0.91,0.76,14111.6,0.752137299,1578.627012
6348,1576,17263,14180,18923,18715,9655,0.91,0.76,14094.5,0.753112477,1568.875234
6350,1560,17217,14212,18871,18723,9654,0.91,0.76,14128.9,0.754627998,1553.720024
6351,1548,17130,14272,18833,18767,9659,0.91,0.76,14202.1,0.756759205,1532.40795
6352,1520,17352,14023,18952,18359,9664,0.92,0.76,13830.7,0.753347132,1666.528678
6353,1514,17360,14266,19007,18664,9670,0.91,0.76,14165.2,0.758958423,1510.415774
6354,1505,17123,14136,18780,18441,9670,0.91,0.77,13968.3,0.757458923,1525.410769
6355,1481,16862,14345,18481,18699,9671,0.91,0.77,14254.7,0.762324188,1476.758115
6356,1474,17357,14118,18950,18323,9672,0.92,0.77,13914.9,0.759422584,1605.774164
6356,1452,17143,14465,18825,18781,9673,0.91,0.77,14399.3,0.766695064,1433.049358
6358,1438,17262,14487,18898,18766,9674,0.91,0.77,14416.8,0.768240435,1417.595652
6359,1415,17163,14520,18827,18728,9674,0.91,0.78,14438.4,0.770952584,1390.474156
6360,1410,17187,14532,18830,18721,9672,0.91,0.78,14448.3,0.77176967,1382.303296
6361,1358,17135,14245,18857,18245,9671,0.91,0.78,14018.5,0.768347492,1416.525075
6362,1347,17081,14653,18806,18769,9669,0.91,0.78,14583.7,0.777009963,1329.900368
6363,1304,17335,14549,18962,18540,9668,0.91,0.78,14411,0.777292341,1327.076591
6364,1281,17127,14659,18863,18643,9669,0.91,0.79,14551.9,0.780555705,1294.442954
6365,1268,17102,14566,18746,18464,9672,0.91,0.79,14405.2,0.780177643,1298.22357
6366,1221,17183,14791,18871,18711,9675,0.91,0.79,14704.3,0.78586393,1241.360697
6366,1191,17175,14726,18871,18548,9678,0.91,0.79,14590.4,0.786629286,1233.707138
6368,1141,16966,14883,18704,18698,9678,0.91,0.8,14792.4,0.791122045,1188.779549
6369,1122,17179,14892,18976,18650,9679,0.91,0.8,14787,0.792868633,1171.313673
6370,1079,17142,14907,18903,18583,9681,0.91,0.8,14781.9,0.795452833,1145.471668
6371,1043,17052,14941,18858,18560,9682,0.9,0.81,14809,0.797898707,1021.012931
6372,1009,16983,15164,18887,18808,9683,0.9,0.81,15106.4,0.803190132,968.0986814
6373,956,17043,15145,18871,18731,9683,0.9,0.81,15064.3,0.804244301,957.5569911
6374,921,16800,15242,18765,18774,9679,0.9,0.81,15174.2,0.808256099,917.4390114
6374,911,17039,15140,18892,18625,9675,0.9,0.81,15027.5,0.806845638,931.5436242
6376,856,17011,15142,18935,18551,9672,0.9,0.82,15007.3,0.808975257,910.247426
6377,822,16986,15257,18909,18627,9672,0.9,0.82,15145.1,0.813072422,869.2757825
6378,784,16879,15229,18796,18532,9671,0.9,0.82,15088.6,0.814191668,858.0833153
6379,733,16841,15428,18874,18730,9670,0.89,0.82,15347,0.819380673,706.1932728
6380,703,16809,15442,18863,18669,9669,0.89,0.83,15342.7,0.821827629,681.7237131
6381,675,16855,15426,18875,18600,9669,0.89,0.83,15306,0.822903226,670.9677419
6382,608,16827,15594,18917,18717,9669,0.89,0.83,15509.1,0.828610354,613.8964578
6383,556,16947,15382,19058,18366,9666,0.89,0.84,15191.8,0.82716977,628.3022977
6384,490,16561,15797,18841,18802,9663,0.88,0.84,15737.6,0.837017339,429.8266142
6384,431,16706,15627,18906,18514,9660,0.88,0.84,15481.2,0.83618883,438.1116993
6386,349,16458,15437,18823,18192,9660,0.87,0.85,15194.6,0.835235268,347.6473175
6387,293,16434,15851,18760,18630,9663,0.88,0.85,15740,0.844873859,351.2614063
6388,250,16499,16011,18894,18764,9670,0.87,0.85,15940.2,0.849509699,204.9030058
6389,195,16417,16056,18902,18742,9678,0.87,0.86,15978.6,0.852555757,174.4424288
6390,146,16461,15936,18880,18521,9683,0.87,0.86,15792.3,0.852669942,173.3005777
6391,96,16351,16196,18907,18781,9683,0.86,0.86,16130.3,0.85886268,11.37319632
6392,43,16384,16159,18939,18657,9683,0.87,0.87,16056.1,0.860593879,94.06121027
6393,-4,16415,16238,18998,18682,9682,0.86,0.87,16142.6,0.864072369,-40.72369125
6394,-62,16188,16331,18865,18712,9682,0.86,0.87,16244.6,0.868138093,-81.38093202
6395,-141,15994,16438,18712,18747,9682,0.85,0.88,16362.1,0.872784979,-227.8497893
6396,-226,16151,16238,18900,18425,9679,0.85,0.88,16065.5,0.871940299,-219.4029851
6397,-282,16114,16560,18954,18741,9672,0.85,0.88,16482.3,0.87947815,-294.7814951
6398,-340,16012,16608,18909,18744,9666,0.85,0.89,16531.2,0.881946223,-319.4622279
6399,-400,15951,16591,18915,18685,9661,0.84,0.89,16496.5,0.882873963,-428.7396307
6400,-424,15879,16626,18886,18655,9661,0.84,0.89,16522.5,0.885687483,-456.8748325
6401,-498,15862,16671,18970,18640,9664,0.84,0.89,16563,0.888572961,-485.7296137
6402,-569,15800,16668,18917,18534,9668,0.84,0.9,16528.2,0.891777274,-517.772742
6403,-674,15732,16933,18902,18752,9672,0.83,0.9,16858.6,0.899029437,-690.2943686
6404,-761,15630,16577,18904,18250,9673,0.83,0.91,16352,0.896,-660
6405,-829,15285,17021,18572,18693,9673,0.82,0.91,16928.9,0.905627775,-856.277751
6406,-882,15553,16767,18939,18359,9675,0.82,0.91,16574.7,0.902810611,-828.106106
6407,-938,15533,16816,18980,18381,9676,0.82,0.91,16630.3,0.90475491,-847.5490996
6408,-998,15294,16880,18727,18381,9678,0.82,0.92,16694.3,0.908236766,-882.3676623
6409,-1048,15251,17154,18820,18651,9678,0.81,0.92,17049.3,0.914122567,-1041.225672
6410,-1116,15289,17026,18928,18418,9679,0.81,0.92,16851.4,0.914941905,-1049.419047
6411,-1175,15239,17382,18947,18773,9679,0.8,0.93,17313.9,0.922276674,-1222.766739
6412,-1245,15022,17496,18877,18806,9679,0.8,0.93,17437.8,0.927246623,-1272.466234
6413,-1322,15130,17376,18982,18611,9679,0.8,0.93,17259.3,0.92737091,-1273.709097
6414,-1376,14752,17588,18752,18769,9680,0.79,0.94,17518.7,0.933384837,-1433.848367
6415,-1457,14670,17664,18669,18787,9682,0.79,0.94,17600.1,0.936823335,-1468.233353
6416,-1530,14863,17579,18886,18640,9685,0.79,0.94,17471,0.937285408,-1472.854077
6417,-1584,14729,17705,18839,18721,9687,0.78,0.95,17621.3,0.94125848,-1612.584798
6418,-1627,14800,17660,18944,18641,9687,0.78,0.95,17552.3,0.941596481,-1615.964809
6419,-1673,14694,17531,18870,18448,9684,0.78,0.95,17365.4,0.941316132,-1613.161318
6420,-1729,14651,17811,18975,18684,9681,0.77,0.95,17716.2,0.94820167,-1782.016699
6421,-1828,14480,17983,18931,18802,9677,0.76,0.96,17923.6,0.953281566,-1932.815658
6422,-1912,14462,17778,18887,18492,9675,0.77,0.96,17625.6,0.953147307,-1831.473069
6423,-2012,14256,18221,18902,18886,9675,0.75,0.96,18186.8,0.962977867,-2129.778672
6424,-2072,14292,17813,18906,18401,9682,0.76,0.97,17633.3,0.958279441,-1982.794413
6425,-2128,14077,18235,18748,18777,9689,0.75,0.97,18168.1,0.96757203,-2175.720296
6426,-2205,13881,18144,18581,18639,9696,0.75,0.97,18035.7,0.967632384,-2176.323837
6427,-2263,13947,18379,18870,18836,9696,0.74,0.98,18329.8,0.973125929,-2331.259291
6428,-2320,14082,18335,18970,18728,9695,0.74,0.98,18253.4,0.974658266,-2346.582657
6429,-2388,13933,18328,18827,18673,9690,0.74,0.98,18229.9,0.976270551,-2362.705511
6430,-2438,13917,18271,18949,18548,9685,0.73,0.99,18135.4,0.977755014,-2477.55014
6431,-2523,13823,18413,18994,18643,9682,0.73,0.99,18305.9,0.981918146,-2519.181462
6432,-2597,13724,18451,18956,18614,9682,0.72,0.99,18335.2,0.985022026,-2650.220264
6433,-2654,13691,18526,18935,18646,9683,0.72,0.99,18419.8,0.987868712,-2678.687118
6434,-2721,13384,18742,18791,18802,9684,0.71,1,18682.6,0.993649612,-2836.496117
6435,-2802,13312,18082,18771,18105,9685,0.71,1,17813.5,0.983899475,-2738.994753
6436,-2868,13451,18460,18906,18411,9684,0.71,1,18283.3,0.993063929,-2830.639292
6437,-2939,13206,18929,18816,18824,9684,0.7,1.01,18876.2,1.002773056,-3027.730557
6438,-3005,13335,18826,18955,18682,9684,0.7,1.01,18730.6,1.002601435,-3026.014345
6439,-3062,13239,18608,18883,18412,9684,0.7,1.01,18431.6,1.001064523,-3010.645231
6440,-3118,13049,18566,18889,18335,9683,0.69,1.01,18366.5,1.001718026,-3117.180256
6441,-3168,12921,19092,18814,18804,9683,0.69,1.02,19033.2,1.012188896,-3221.88896
6442,-3240,12817,18838,18621,18499,9681,0.69,1.02,18687.7,1.010200551,-3202.005514
6443,-3299,12897,19045,18871,18652,9679,0.68,1.02,18940.6,1.015472872,-3354.728715
6444,-3390,12816,19285,18861,18825,9676,0.68,1.02,19232.5,1.021646746,-3416.467463
6445,-3466,12467,19373,18566,18860,9676,0.67,1.03,19331,1.024973489,-3549.734889
6446,-3541,12697,19085,18905,18531,9676,0.67,1.03,18944.3,1.022303168,-3523.031677
6447,-3619,12480,19372,18865,18767,9677,0.66,1.03,19302.1,1.028512815,-3685.12815
6448,-3664,12467,19480,18900,18830,9677,0.66,1.03,19429,1.03181094,-3718.1094
6449,-3729,12462,19254,18928,18562,9677,0.66,1.04,19122.6,1.030201487,-3702.014869
6450,-3797,12381,19178,18900,18455,9677,0.66,1.04,19014.5,1.030316987,-3703.169873
6451,-3854,12280,19539,18933,18747,9681,0.65,1.04,19463.1,1.038198112,-3881.981117
6452,-3915,12219,19441,18888,18600,9688,0.65,1.05,19321,1.038763441,-3887.634409
6453,-4020,12125,19768,19015,18871,9695,0.64,1.05,19729.3,1.045482486,-4054.824864
6454,-4087,11896,19676,18807,18732,9697,0.63,1.05,19595.6,1.046102925,-4161.029255
6455,-4155,11904,19787,18913,18784,9697,0.63,1.05,19722.2,1.049946763,-4199.467632
6456,-4216,11886,19310,18889,18294,9695,0.63,1.06,19098.2,1.043959768,-4139.597682
6457,-4281,11842,19849,18965,18753,9693,0.62,1.06,19774.9,1.054492615,-4344.926145
6458,-4347,11687,19796,18876,18671,9692,0.62,1.06,19697.3,1.054967597,-4349.675968
6459,-4417,11487,19804,18660,18621,9692,0.62,1.06,19690.3,1.057424413,-4374.244133
6460,-4485,11573,19616,18884,18417,9689,0.61,1.07,19441.1,1.055606233,-4456.062334
6461,-4565,11484,19934,18904,18677,9684,0.61,1.07,19837.1,1.06211383,-4521.138298
6462,-4603,11478,19548,18969,18276,9680,0.61,1.07,19330.8,1.057715036,-4477.150361
6463,-4663,11334,20084,18976,18739,9679,0.6,1.07,20005.7,1.06759699,-4675.969902
6464,-4717,11190,19780,18800,18419,9679,0.6,1.07,19605.7,1.064428036,-4644.280363
6465,-4789,11152,19726,18782,18328,9680,0.59,1.08,19524.4,1.065277172,-4752.771715
6466,-4852,10986,20376,18849,18894,9681,0.58,1.08,20344.2,1.076754525,-4967.545252
6467,-4897,11029,20313,18882,18802,9682,0.58,1.08,20253.6,1.077204553,-4972.045527
6468,-4949,10955,20227,18865,18698,9682,0.58,1.08,20136.4,1.076928014,-4969.280137
6469,-4995,10899,20314,18939,18743,9682,0.58,1.08,20236.9,1.079704423,-4997.04423
6470,-5031,10789,20374,18886,18764,9681,0.57,1.09,20303.2,1.082029418,-5120.29418
6471,-5105,10794,20431,18957,18789,9680,0.57,1.09,20367.7,1.084022566,-5140.225664
6472,-5167,10680,20473,18900,18790,9679,0.57,1.09,20410,1.086216072,-5162.160724
6473,-5247,10589,20419,18939,18709,9679,0.56,1.09,20331.7,1.086733658,-5267.336576
6474,-5291,10422,20522,18827,18767,9685,0.55,1.09,20452.1,1.08979059,-5397.905899
6475,-5319,10450,20354,18699,18596,9692,0.56,1.09,20232.8,1.088018929,-5280.189288
6476,-5367,10483,20547,18982,18751,9700,0.55,1.1,20472.3,1.091797771,-5417.977708
6477,-5424,10263,20677,18832,18829,9701,0.54,1.1,20625.7,1.095421955,-5554.219555
6478,-5480,10346,20541,18891,18691,9701,0.55,1.1,20448.3,1.094018512,-5440.185116
6479,-5520,10198,20672,18808,18780,9700,0.54,1.1,20606,1.097231097,-5572.310969
6480,-5557,10104,20662,18825,18740,9699,0.54,1.1,20584,1.098399146,-5583.991462
6481,-5623,10110,20820,18908,18861,9699,0.53,1.1,20778.3,1.101654207,-5716.542071
6482,-5656,10098,20370,18875,18432,9699,0.53,1.11,20199.6,1.095898438,-5658.984375
6483,-5716,10026,20768,18981,18758,9697,0.53,1.11,20695.4,1.103283932,-5732.839322
6484,-5758,9783,20710,18800,18688,9695,0.52,1.11,20616.4,1.103189212,-5831.892123
6485,-5794,9858,20776,18772,18725,9693,0.53,1.11,20693.5,1.105126836,-5751.268358
6486,-5844,9848,20828,18859,18760,9692,0.52,1.11,20756,1.106396588,-5863.965885
6487,-5886,9786,20756,18847,18670,9693,0.52,1.11,20657,1.106427424,-5864.274237
6488,-5919,9658,20904,18851,18786,9693,0.51,1.11,20839.8,1.109326094,-5993.260939
6489,-5957,9735,20351,18947,18284,9694,0.51,1.11,20136.2,1.101301685,-5913.016845
6490,-5992,9629,20786,18917,18654,9695,0.51,1.11,20682.2,1.108727351,-5987.273507
6491,-6031,9526,20932,18928,18764,9695,0.5,1.12,20861.2,1.111767214,-6117.672138
6492,-6098,9366,20401,18798,18276,9693,0.5,1.12,20183.8,1.104388269,-6043.882688
6493,-6106,9521,20613,18955,18457,9690,0.5,1.12,20450.1,1.10798613,-6079.861299
6494,-6150,9429,20435,18871,18291,9688,0.5,1.12,20222.3,1.105587447,-6055.874474
6495,-6195,9313,20989,18918,18765,9686,0.49,1.12,20918.5,1.114761524,-6247.615241
6496,-6224,9316,21006,18965,18774,9686,0.49,1.12,20938.2,1.115276446,-6252.764461
6497,-6283,9135,20467,18928,18289,9683,0.48,1.12,20253.7,1.107425228,-6274.252283
6498,-6314,9119,21113,18890,18851,9680,0.48,1.12,21068.3,1.117622407,-6376.224073
6499,-6304,9120,20822,18802,18591,9678,0.49,1.12,20699.3,1.113404335,-6234.043354
6500,-6348,9006,21084,18866,18825,9679,0.48,1.12,21031.5,1.117211155,-6372.111554
6501,-6385,9010,21080,18979,18816,9682,0.47,1.12,21024.8,1.117389456,-6473.894558
6502,-6393,8988,20996,18939,18736,9686,0.47,1.12,20916.8,1.116396243,-6463.962425
6503,-6430,8991,20920,18952,18678,9691,0.47,1.12,20823.4,1.114862405,-6448.62405
6504,-6463,8790,20948,18895,18696,9692,0.47,1.12,20856.8,1.115575524,-6455.755242
6505,-6466,8734,21002,18697,18750,9692,0.47,1.12,20927,1.116106667,-6461.066667
6506,-6470,8766,20993,18856,18753,9698,0.46,1.12,20918.9,1.115496187,-6554.961873
6507,-6534,8630,20871,18778,18651,9703,0.46,1.12,20766.3,1.11341483,-6534.148303
6508,-6540,8650,20951,18796,18736,9708,0.46,1.12,20871.8,1.113994449,-6539.944492
6509,-6557,8680,21008,18918,18795,9708,0.46,1.12,20946.5,1.114471934,-6544.71934
6510,-6564,8599,21048,18908,18847,9706,0.45,1.12,21002.1,1.114347111,-6643.471109
6511,-6559,8578,20742,18832,18589,9702,0.46,1.12,20618.7,1.10918823,-6491.882296
6512,-6576,8551,20961,18916,18799,9699,0.45,1.12,20900.7,1.1117985,-6617.984999
6513,-6585,8554,20746,18940,18641,9696,0.45,1.11,20638.3,1.107145539,-6571.455394
6514,-6618,8401,20771,18894,18675,9696,0.44,1.11,20673.5,1.107014726,-6670.147256
6515,-6602,8448,20544,18858,18498,9694,0.45,1.11,20393.4,1.102465131,-6524.651314
6516,-6627,8258,20216,18804,18236,9691,0.44,1.11,19986.8,1.096007896,-6560.078965
6517,-6627,8349,20782,18876,18753,9689,0.44,1.11,20707.9,1.104244654,-6642.446542
6518,-6620,8382,20536,18916,18561,9689,0.44,1.11,20404.3,1.099310382,-6593.10382
6519,-6622,8309,20539,18908,18596,9691,0.44,1.1,20417.8,1.097967305,-6579.673048
6520,-6612,8358,20357,18988,18459,9695,0.44,1.1,20194.7,1.094030012,-6540.300125
6521,-6613,8168,20725,18890,18830,9698,0.43,1.1,20674,1.097928837,-6679.28837
6522,-6618,8110,20121,18858,18316,9701,0.43,1.1,19915.8,1.087344398,-6573.443983
6523,-6617,8146,20576,18886,18759,9700,0.43,1.1,20503.7,1.093006024,-6630.060238
6524,-6595,8017,20455,18789,18687,9699,0.43,1.09,20361.1,1.089586343,-6595.863434
6525,-6576,7956,20518,18529,18780,9697,0.43,1.09,20452,1.089030884,-6590.308839
6526,-6538,8045,20325,18640,18648,9695,0.43,1.09,20219.4,1.084266409,-6542.664093
6527,-6545,8085,20463,18859,18814,9695,0.43,1.09,20407.2,1.08468162,-6546.816201
6528,-6547,8028,20425,18917,18831,9695,0.42,1.08,20374.3,1.081955286,-6619.552865
6529,-6520,8116,20038,18877,18525,9698,0.43,1.08,19895.5,1.073981107,-6439.811066
6530,-6477,8070,20204,18822,18713,9700,0.43,1.08,20117.9,1.07507615,-6450.761503
6531,-6474,8096,20131,18895,18702,9702,0.43,1.08,20041.6,1.071628703,-6416.287028
6532,-6459,8031,20120,18943,18737,9702,0.42,1.07,20041.1,1.069600256,-6496.002562
6533,-6441,8098,19953,19062,18639,9701,0.42,1.07,19844.7,1.064686947,-6446.869467
6534,-6417,7909,20122,18847,18847,9700,0.42,1.07,20076.1,1.065214623,-6452.14623
6535,-6383,7945,19141,18918,17999,9699,0.42,1.06,18840.7,1.046763709,-6267.637091
6536,-6359,8051,19690,18860,18556,9699,0.43,1.06,19556.8,1.053934038,-6239.340375
6537,-6324,7944,19935,18860,18832,9700,0.42,1.06,19884.6,1.055894223,-6358.942226
6538,-6296,8073,19542,18926,18518,9695,0.43,1.06,19397.4,1.04748893,-6174.889297
6539,-6271,7970,19724,18885,18751,9690,0.42,1.05,19649.3,1.047906778,-6279.067783
6540,-6206,8056,19218,18875,18342,9685,0.43,1.05,19020.6,1.036997056,-6069.970559
6542,-6184,8073,19442,18942,18602,9685,0.43,1.05,19322.6,1.03873777,-6087.377701
6542,-6152,8018,19569,18929,18777,9685,0.42,1.04,19502.1,1.038616392,-6186.163924
6543,-6127,8122,19282,18989,18554,9686,0.43,1.04,19148.2,1.032025439,-6020.254393
6544,-6072,8043,19542,18794,18854,9687,0.43,1.04,19498.2,1.034167816,-6041.678158
6545,-6027,8086,19031,18839,18423,9687,0.43,1.03,18857.9,1.023606362,-5936.063616
6546,-6011,8059,19288,18887,18721,9687,0.43,1.03,19204.3,1.025815929,-5958.159286
6547,-5953,8127,19209,18884,18716,9686,0.43,1.03,19123.8,1.021788844,-5917.888438
6548,-5921,8141,19147,18954,18703,9685,0.43,1.02,19057.9,1.018975565,-5889.755654
6549,-5894,8060,18671,18930,18294,9684,0.43,1.02,18459.2,1.009030283,-5790.302832
6550,-5824,8166,18746,18800,18425,9684,0.43,1.02,18573.5,1.008059701,-5780.597015
6551,-5785,8229,18962,18905,18702,9686,0.44,1.01,18872.6,1.009122019,-5691.22019
6552,-5736,8272,18802,18976,18592,9692,0.44,1.01,18679.6,1.004711704,-5647.11704
6553,-5705,8360,18717,19098,18584,9698,0.44,1.01,18592.2,1.00044124,-5604.412398
6554,-5658,8213,18839,18926,18769,9702,0.43,1,18769.7,1.000037296,-5700.372955
6555,-5585,8279,18520,18698,18527,9702,0.44,1,18378.1,0.991963081,-5519.630809
6556,-5533,8428,18384,18959,18436,9698,0.44,1,18214.8,0.988001736,-5480.017357
6558,-5490,8387,18643,18933,18759,9693,0.44,0.99,18570.7,0.989962152,-5499.621515
6558,-5438,8460,18624,18992,18805,9688,0.45,0.99,18565.5,0.987264026,-5372.640255
6559,-5404,8441,18602,18883,18841,9687,0.45,0.99,18554.3,0.984783186,-5347.831856
6560,-5333,8580,18148,18974,18454,9689,0.45,0.98,17984.2,0.974542105,-5245.421047
6561,-5273,8597,18000,18937,18361,9696,0.45,0.98,17808.3,0.969898154,-5198.981537
6562,-5225,8484,18375,18802,18818,9703,0.45,0.98,18320.4,0.973557232,-5235.572324
6563,-5164,8588,18285,18942,18807,9708,0.45,0.97,18227.1,0.969165736,-5191.657362
6564,-5111,8574,18227,18914,18800,9708,0.45,0.97,18167,0.966329787,-5163.297872
6565,-5037,8728,17970,18853,18600,9706,0.46,0.97,17850,0.959677419,-4996.774194
6566,-4998,8659,17613,18878,18299,9704,0.46,0.96,17402.7,0.951019181,-4910.191814
6567,-4913,8758,18043,18879,18831,9702,0.46,0.96,17992.3,0.955461739,-4954.617386
6568,-4852,8786,17958,18859,18817,9702,0.47,0.95,17903.1,0.951432216,-4814.322155
6569,-4778,8934,17638,18933,18557,9701,0.47,0.95,17505.1,0.943315191,-4733.15191
6570,-4700,9049,17495,18950,18479,9699,0.48,0.95,17338.7,0.938292115,-4582.921154
6571,-4641,8921,17757,18863,18831,9696,0.47,0.94,17706.3,0.940274016,-4702.740162
6572,-4583,9066,17625,18833,18755,9694,0.48,0.94,17551.5,0.935830445,-4558.304452
6573,-4534,9211,17549,19007,18733,9695,0.48,0.94,17468.9,0.932520152,-4525.201516
6574,-4467,9158,17473,18906,18719,9698,0.48,0.93,17388.7,0.92893317,-4489.331695
6575,-4410,9219,17410,18865,18716,9702,0.49,0.93,17324.8,0.925667878,-4356.678778
6577,-4349,9326,17239,18911,18606,9706,0.49,0.93,17120.8,0.920176287,-4301.762872
6578,-4273,9319,17365,18901,18833,9708,0.49,0.92,17314.9,0.919391494,-4293.914937
6578,-4219,9374,17282,18885,18801,9708,0.5,0.92,17222.3,0.916031062,-4160.310622
6579,-4154,9358,17247,18869,18836,9702,0.5,0.92,17197.8,0.913028244,-4130.282438
6580,-4088,9585,16787,18933,18398,9696,0.51,0.91,16606.4,0.90261985,-3926.1985
6581,-4007,9658,16802,18930,18504,9690,0.51,0.91,16653.2,0.899978383,-3899.783831
6583,-3930,9749,16634,18974,18383,9690,0.51,0.9,16448.9,0.894788663,-3847.886634
6583,-3851,9803,16879,18956,18764,9694,0.52,0.9,16808.2,0.895768493,-3757.684929
6585,-3769,9646,16866,18792,18817,9702,0.51,0.9,16811.1,0.893399585,-3833.995855
6586,-3701,9767,16727,18631,18747,9709,0.52,0.89,16651.1,0.888200779,-3682.007788
6587,-3636,9992,16565,18944,18636,9712,0.53,0.89,16455.8,0.883011376,-3530.113758
6588,-3575,9930,16677,18878,18840,9712,0.53,0.89,16629,0.882643312,-3526.433121
6589,-3482,10098,16231,18859,18402,9711,0.54,0.88,16051.6,0.872274753,-3322.747527
6590,-3422,10157,16338,18912,18602,9710,0.54,0.88,16218.6,0.871873992,-3318.73992
6591,-3306,10191,16333,18836,18695,9710,0.54,0.87,16241.5,0.868761701,-3287.61701
6591,-3257,10293,16295,18921,18717,9710,0.54,0.87,16210.1,0.866062937,-3260.629374
6593,-3190,10405,15933,18913,18354,9711,0.55,0.87,15739.2,0.857535142,-3075.351422
6594,-3116,10450,16188,18952,18758,9712,0.55,0.86,16115.4,0.859121442,-3091.214415
6595,-3027,10375,16185,18842,18821,9713,0.55,0.86,16131.3,0.857090484,-3070.90484
6596,-2986,10610,15810,18890,18440,9714,0.56,0.86,15642,0.848264642,-2882.646421
6597,-2894,10707,15714,18924,18410,9714,0.57,0.85,15537,0.843943509,-2739.43509
6598,-2804,10753,15901,18921,18742,9708,0.57,0.85,15823.6,0.844285562,-2742.855618
6599,-2743,10785,15830,18921,18760,9701,0.57,0.84,15758,0.839978678,-2699.78678
6600,-2653,10869,15781,18908,18776,9694,0.57,0.84,15713.8,0.83690882,-2669.088198
6601,-2556,10946,15647,18861,18682,9693,0.58,0.84,15551.6,0.832437641,-2524.376405
6602,-2499,11113,15341,18970,18371,9693,0.59,0.84,15152.3,0.824794513,-2347.945131
6603,-2419,11201,15313,18967,18417,9693,0.59,0.83,15138.1,0.821963403,-2319.634034
6604,-2362,11049,15555,18826,18827,9694,0.59,0.83,15503.1,0.823450364,-2334.503638
6605,-2308,11110,15487,18857,18785,9694,0.59,0.82,15422.5,0.821000799,-2310.007985
6606,-2244,11064,15067,18623,18311,9694,0.59,0.82,14860.3,0.811550434,-2215.504342
6607,-2171,11452,15044,18970,18351,9699,0.6,0.82,14849.3,0.809182061,-2091.820609
6608,-2114,11463,15283,18972,18730,9705,0.6,0.82,15202,0.811639082,-2116.390817
6608,-2042,11485,15275,18896,18795,9711,0.61,0.81,15213.5,0.809444001,-1994.440011
6610,-1974,11612,15063,18886,18614,9712,0.61,0.81,14947.2,0.803008488,-1930.084882
6611,-1880,11591,15167,18898,18830,9712,0.61,0.81,15116,0.802761551,-1927.615507
6612,-1838,11740,15061,18917,18782,9709,0.62,0.8,14995.6,0.798402726,-1784.02726
6612,-1748,11768,14917,18856,18640,9706,0.62,0.8,14809,0.794474249,-1744.742489
6614,-1678,11894,14956,18943,18792,9703,0.63,0.8,14893.6,0.792550021,-1625.500213
6615,-1597,11881,14862,18894,18738,9703,0.63,0.79,14783.4,0.78895293,-1589.529299
6616,-1572,12115,14603,18992,18489,9707,0.64,0.79,14449.7,0.781529558,-1415.295581
6617,-1488,12157,14503,18920,18402,9713,0.64,0.79,14323.6,0.778371916,-1383.719161
6618,-1407,12249,14584,18944,18583,9719,0.65,0.78,14458.9,0.778071356,-1280.713555
6619,-1319,12323,14645,18960,18779,9721,0.65,0.78,14578.7,0.776329943,-1263.29943
6620,-1229,12449,14515,18970,18684,9721,0.66,0.78,14420.2,0.771794048,-1117.940484
6621,-1164,12420,14575,18900,18836,9719,0.66,0.77,14525.8,0.771172223,-1111.722234
6622,-1095,12578,14217,18934,18389,9717,0.66,0.77,14033.7,0.763157322,-1031.573223
6623,-1046,12657,14185,18956,18399,9715,0.67,0.77,14004.7,0.761166368,-911.6636774
6624,-990,12708,14338,18973,18700,9715,0.67,0.77,14248,0.761925134,-919.2513369
6625,-911,12616,14414,18853,18883,9713,0.67,0.76,14378.9,0.761473283,-914.7328285
6626,-843,12769,14340,18879,18852,9710,0.68,0.76,14295.6,0.758306811,-783.0681095
6627,-775,12778,14312,18802,18876,9706,0.68,0.76,14274.8,0.756240729,-762.4072897
6628,-725,12951,14104,18822,18653,9705,0.69,0.76,13999.9,0.750544148,-605.4414839
6629,-619,13059,14143,18897,18803,9705,0.69,0.75,14083.9,0.749024092,-590.240919
6630,-532,13167,13934,18925,18542,9709,0.7,0.75,13796.6,0.744072916,-440.7291554
6631,-473,13167,14108,18928,18882,9712,0.7,0.75,14072.6,0.745291812,-452.9181231
6632,-428,13338,13854,18918,18554,9716,0.71,0.75,13720.2,0.739473968,-294.7396788
6633,-359,13382,13983,18934,18836,9716,0.71,0.74,13933.8,0.739743045,-297.4304523
6634,-297,13439,13950,18974,18852,9716,0.71,0.74,13905.6,0.737619351,-276.1935073
6635,-257,13363,13826,18838,18745,9717,0.71,0.74,13749.5,0.733502267,-235.0226727
6636,-190,13366,13319,18675,18055,9718,0.72,0.74,13035.5,0.721988369,-19.88368873
6637,-141,13677,13787,18940,18795,9718,0.72,0.73,13725.5,0.730274009,-102.7400904
6638,-81,13735,13672,18895,18659,9718,0.73,0.73,13569.7,0.727246905,27.53095021
6639,-6,13290,13377,18373,18325,9714,0.72,0.73,13174.5,0.71893588,10.64120055
6640,54,13830,13713,18924,18858,9710,0.73,0.73,13670.4,0.724912504,50.87496023
6642,113,14017,13404,18948,18441,9706,0.74,0.73,13236.3,0.717764763,222.352367
6642,172,13901,13664,18863,18902,9705,0.74,0.72,13634.6,0.721331076,186.6892392
6643,225,14083,13470,18910,18643,9705,0.74,0.72,13362.9,0.716778415,232.2158451
6644,254,14081,13266,18947,18390,9706,0.74,0.72,13083,0.71141925,285.8075041
6645,326,14132,13561,18794,18913,9708,0.75,0.72,13534.9,0.715640036,343.5996405
6646,385,14285,13290,18885,18524,9710,0.76,0.72,13147.2,0.709738717,502.6128266
6647,434,14320,13428,18930,18845,9710,0.76,0.71,13381.5,0.71008225,499.1775007
6649,502,14486,13381,19010,18819,9715,0.76,0.71,13326.7,0.708151336,518.4866358
6650,565,14486,13263,18890,18718,9723,0.77,0.71,13178.4,0.704049578,659.5042205
6650,619,14557,13278,18952,18779,9730,0.77,0.71,13211.7,0.703535865,664.6413547
6651,666,14623,13239,18909,18762,9732,0.77,0.71,13167.6,0.701822833,681.7716661
6652,697,14576,12909,18900,18284,9732,0.77,0.71,12694.2,0.694279151,757.2084883
6653,758,14736,13210,18924,18794,9731,0.78,0.7,13148.2,0.699595616,804.0438438
6654,807,14907,13184,19050,18806,9729,0.78,0.7,13125.8,0.697958098,820.4190152
6655,832,14790,12949,18884,18464,9729,0.78,0.7,12788.2,0.69260182,873.9818024
6656,884,14856,13112,18832,18763,9728,0.79,0.7,13040.9,0.695032777,949.6722273
6657,936,15014,13011,18954,18650,9724,0.79,0.7,12906,0.692010724,979.8927614
6659,989,14989,13066,18849,18773,9716,0.8,0.7,12997.9,0.692372024,1076.279763
6660,1009,15145,13004,19013,18670,9708,0.8,0.7,12905,0.691215854,1087.841457
6660,1046,15019,13057,18853,18823,9705,0.8,0.69,13003.9,0.690851618,1091.483823
6661,1093,15186,13036,18969,18804,9705,0.8,0.69,12977.2,0.69012976,1098.702404
6663,1124,15182,13037,18905,18841,9712,0.8,0.69,12989.3,0.689416698,1105.833024
6663,1168,15357,12867,18974,18602,9720,0.81,0.69,12747.6,0.685281153,1247.188474
6665,1223,15311,12950,18836,18751,9728,0.81,0.69,12875.3,0.686646046,1233.539545
6666,1226,15045,12713,18621,18424,9728,0.81,0.69,12540.2,0.680644811,1293.551889
6667,1273,15477,12859,18927,18701,9729,0.82,0.69,12769.3,0.682813753,1371.862467
6668,1304,15547,12869,18994,18711,9729,0.82,0.69,12782.3,0.683143605,1368.563946
6668,1348,15573,12760,18932,18564,9729,0.82,0.69,12629.2,0.680305969,1396.940315
6670,1364,15442,12996,18842,18973,9729,0.82,0.68,12987.9,0.684546461,1354.535392
6670,1421,15728,12789,19017,18658,9729,0.83,0.69,12686.4,0.67994426,1500.557402
6672,1461,15637,12863,18885,18805,9729,0.83,0.68,12804.5,0.680909333,1490.906674
6673,1463,15629,12885,18863,18866,9730,0.83,0.68,12844.8,0.680843846,1491.561539
6674,1511,15733,12796,18905,18729,9732,0.83,0.68,12714.7,0.678877676,1511.223237
6675,1528,15839,12830,18985,18822,9731,0.83,0.68,12776.6,0.678812028,1511.879715
6676,1572,15810,12623,18886,18471,9729,0.84,0.68,12464.3,0.674803746,1651.962536
6676,1600,15833,12696,18822,18608,9722,0.84,0.68,12578.4,0.675967326,1640.326741
6678,1628,16040,12573,18988,18437,9716,0.84,0.68,12404.1,0.672782991,1672.170093
6679,1666,15991,12762,18890,18783,9712,0.85,0.68,12696.9,0.675978278,1740.217218
6680,1695,15959,12758,18863,18791,9712,0.85,0.68,12695.3,0.675605343,1743.94657
6681,1719,16180,12642,18978,18582,9715,0.85,0.68,12516.6,0.673587343,1764.126574
6682,1756,16058,12778,18897,18827,9718,0.85,0.68,12726.1,0.675949434,1740.505657
6683,1737,16159,12703,18880,18739,9722,0.86,0.68,12624.7,0.673712578,1862.87422
6684,1808,16120,12752,18829,18833,9723,0.86,0.68,12701.9,0.674449105,1855.508947
6685,1818,16445,12615,19101,18609,9723,0.86,0.68,12497.7,0.67159439,1884.056102
6686,1858,16215,12741,18876,18809,9723,0.86,0.68,12683.7,0.67434207,1856.579297
6687,1861,16395,12465,18941,18372,9722,0.87,0.68,12276.6,0.668223383,2017.766166
6688,1884,16429,12734,19030,18842,9721,0.86,0.68,12686.6,0.673314935,1866.850653
6689,1922,16449,12641,18938,18675,9721,0.87,0.68,12543.5,0.67167336,1983.266399
6690,1932,16457,12665,18936,18714,9720,0.87,0.68,12579.2,0.672181255,1978.187453
6691,1961,16490,12651,18919,18707,9719,0.87,0.68,12563.1,0.671572139,1984.278612
6692,1967,16435,12773,18903,18906,9717,0.87,0.68,12744.8,0.674114038,1958.859621
6693,1979,16579,12610,18983,18651,9716,0.87,0.68,12505.3,0.670489518,1995.10482
6694,1997,16477,12730,18889,18828,9716,0.87,0.68,12678.4,0.673380072,1966.199278
6695,2000,16670,12725,19027,18818,9715,0.88,0.68,12670.4,0.673312786,2066.872144
6696,2031,16556,12710,18886,18794,9715,0.88,0.68,12648.2,0.67299138,2070.086198
6697,2036,16419,12724,18693,18804,9715,0.88,0.68,12665.2,0.673537545,2064.624548
6698,2045,16568,12773,18872,18884,9715,0.88,0.68,12738.2,0.674549883,2054.501165
6699,2056,16838,12494,19063,18419,9711,0.88,0.68,12319.7,0.668858244,2111.417558
6700,2063,16757,12459,18945,18368,9705,0.88,0.68,12269.4,0.667976916,2120.230836
6701,2089,16752,12719,18949,18802,9699,0.88,0.68,12659.6,0.67331135,2066.886501
6702,2084,16786,12551,18918,18487,9697,0.89,0.68,12397.1,0.670584735,2194.152648
6703,2121,16788,12725,18932,18806,9697,0.89,0.68,12666.8,0.673550994,2164.490056
6704,2137,16839,12705,18934,18758,9704,0.89,0.68,12632.4,0.673440665,2165.593347
6705,2126,16915,12728,18993,18797,9710,0.89,0.68,12667.1,0.67388945,2161.105496
6706,2141,16932,12456,18962,18317,9716,0.89,0.68,12251.1,0.668837692,2211.623082
6707,2154,16741,12725,18751,18769,9716,0.89,0.68,12655.7,0.674287389,2157.126112
6708,2163,16822,12826,18902,18923,9719,0.89,0.68,12802.9,0.676578767,2134.212334
6709,2155,16918,12808,18960,18870,9726,0.89,0.68,12769,0.676682565,2133.174351
6710,2161,16958,12800,18994,18837,9732,0.89,0.68,12751.1,0.676917768,2130.822318
6711,2165,17051,12724,19030,18672,9736,0.9,0.68,12625.6,0.676178235,2238.217652
6713,2197,17092,12766,19012,18765,9736,0.9,0.68,12695.5,0.676552092,2234.479083
6713,2168,17059,12577,18974,18410,9734,0.9,0.68,12400,0.673546985,2264.530147
6714,2190,17026,12818,18945,18803,9731,0.9,0.68,12758.9,0.678556613,2214.433867
6715,2191,17073,12859,18986,18843,9728,0.9,0.68,12811.9,0.679928886,2200.711139
6716,2195,16981,12867,18954,18851,9728,0.9,0.68,12822.3,0.680192032,2198.079677
6718,2192,16801,12847,18606,18808,9726,0.9,0.68,12789.4,0.679997873,2200.021268
6719,2194,17117,12628,18946,18415,9722,0.9,0.69,12452.5,0.676215042,2237.849579
6720,2188,17100,12695,18913,18506,9717,0.9,0.69,12546.8,0.677985518,2220.144818
6721,2206,17123,12870,18923,18793,9715,0.9,0.68,12807.9,0.681525036,2184.749641
6721,2215,17175,12712,18960,18515,9715,0.91,0.69,12566.5,0.678719957,2312.800432
6723,2223,17180,12837,18965,18697,9713,0.91,0.69,12746.1,0.681718992,2282.810076
6724,2221,17132,12900,18927,18814,9710,0.91,0.69,12844.2,0.682693739,2273.062613
6724,2226,17111,12916,18937,18824,9707,0.9,0.69,12863.2,0.683340416,2166.595835
6725,2220,17213,12964,18950,18870,9706,0.91,0.69,12925,0.684949656,2250.503445
6727,2218,17074,12949,18889,18820,9706,0.9,0.69,12895,0.685175345,2148.246546
6728,2216,16922,13013,18624,18911,9708,0.91,0.69,12986.3,0.68670615,2232.938501
6728,2217,16907,12949,18600,18789,9710,0.91,0.69,12885.7,0.685810847,2241.891532
6730,2233,17290,12928,18967,18731,9711,0.91,0.69,12847.3,0.685884363,2241.156372
6731,2205,17261,12955,18992,18758,9711,0.91,0.69,12882.4,0.686768312,2232.316878
6732,2209,17148,12996,18832,18786,9711,0.91,0.69,12931.8,0.688374321,2216.256787
6733,2225,17324,12831,18953,18481,9713,0.91,0.69,12675.3,0.685855744,2241.442563
6733,2221,17350,13005,19011,18756,9714,0.91,0.69,12931.8,0.689475368,2205.246321
6735,2214,17191,13106,18898,18907,9715,0.91,0.69,13078.1,0.691706775,2182.932247
6736,2201,17408,12890,19013,18528,9716,0.92,0.7,12748.4,0.688061313,2319.386874
6737,2204,17219,12961,18906,18631,9723,0.91,0.7,12850.3,0.689726799,2202.732006
6738,2195,17204,12726,18893,18286,9730,0.91,0.7,12511.8,0.684228371,2257.716286
6739,2200,16982,12687,18537,18201,9736,0.92,0.7,12447.3,0.683880007,2361.199934
6740,2211,17332,13107,18954,18789,9736,0.91,0.7,13043.7,0.694220022,2157.799776
6741,2193,17294,13094,18871,18765,9735,0.92,0.7,13023.5,0.694031442,2259.685585
6741,2178,17301,13187,18938,18870,9734,0.91,0.7,13148,0.696767356,2132.326444
6743,2176,17366,13219,19001,18889,9732,0.91,0.7,13185.7,0.698062364,2119.376357
6744,2157,17302,13225,18900,18856,9731,0.92,0.7,13181.8,0.699077217,2209.227832
6745,2164,17394,13215,18967,18815,9731,0.92,0.7,13159.5,0.69941536,2205.846399
6746,2157,17406,13181,19001,18744,9728,0.92,0.7,13104.2,0.699114383,2208.856167
6747,2123,17295,13287,18980,18865,9725,0.91,0.7,13246.5,0.702173337,2078.266631
6748,2140,17288,13094,18825,18561,9721,0.92,0.71,12962.3,0.698362157,2216.378428
6749,2119,17340,13253,18956,18786,9721,0.91,0.71,13188.8,0.702054722,2079.452784
6750,2113,17370,13247,18966,18745,9722,0.92,0.71,13170.5,0.70261403,2173.859696
6751,2105,17397,13357,18972,18887,9726,0.92,0.71,13323.1,0.705411129,2145.888707
6752,2102,17244,13403,18872,18914,9730,0.91,0.71,13377.2,0.70726446,2027.355398
6752,2084,17389,13403,18987,18886,9733,0.92,0.71,13368.8,0.707868262,2121.317378
6754,2086,17409,13393,19006,18849,9733,0.92,0.71,13347.7,0.708138363,2118.616372
6755,2085,17366,13332,18922,18718,9732,0.92,0.71,13247.4,0.707735869,2122.641308
6756,2078,17617,13369,19157,18742,9731,0.92,0.71,13291.6,0.70918792,2108.120798
6757,2055,17153,13469,18797,18865,9731,0.91,0.71,13428.5,0.711820832,1981.791678
6758,2056,17113,13536,18724,18956,9731,0.91,0.71,13522.8,0.71337835,1966.216501
6759,2039,17407,13462,18952,18834,9731,0.92,0.71,13412.2,0.712127004,2078.729956
6760,2050,17527,13448,19039,18759,9729,0.92,0.72,13375.7,0.713028413,2069.71587
6761,2033,17385,13480,18898,18773,9728,0.92,0.72,13411.9,0.714424972,2055.75028
6762,2039,17515,13496,19008,18764,9726,0.92,0.72,13425.2,0.715476444,2045.235557
6763,2016,17410,13613,18975,18924,9726,0.92,0.72,13590.2,0.718146269,2018.537307
6764,2014,17460,13583,18994,18858,9726,0.92,0.72,13540.4,0.718018878,2019.811221
6765,2022,17426,13561,18955,18799,9726,0.92,0.72,13500.7,0.71816054,2018.394595
6766,1993,17611,13489,19100,18652,9726,0.92,0.72,13384.6,0.717595968,2024.040317
6767,1984,17440,13592,18971,18771,9726,0.92,0.72,13523.3,0.720435779,1995.642214
6768,1989,17298,13534,18765,18667,9726,0.92,0.73,13434.1,0.719671077,2003.289227
6769,1967,17144,13663,18630,18848,9725,0.92,0.72,13617.4,0.722485144,1975.148557
6770,1966,17497,13550,18973,18624,9724,0.92,0.73,13437.2,0.721499141,1985.008591
6771,1947,17426,13638,18947,18714,9723,0.92,0.73,13552.2,0.724174415,1958.255851
6772,1950,17452,13753,18975,18890,9722,0.92,0.73,13720,0.726310217,1936.89783
6773,1931,17500,13520,18988,18484,9735,0.92,0.73,13365.2,0.7230686,1969.314001
6774,1914,17412,13803,18987,18897,9755,0.92,0.73,13772.1,0.728798222,1912.017781
6775,1895,17481,13612,18969,18568,9776,0.92,0.73,13482.4,0.726109436,1938.905644
6776,1897,17510,13773,19006,18802,9784,0.92,0.73,13713.6,0.729369216,1906.30784
6777,1886,17298,13667,18915,18595,9784,0.91,0.73,13545.5,0.728448508,1815.514923
6778,1869,17165,13507,18738,18339,9765,0.92,0.74,13308.7,0.725704782,1942.952178
6779,1877,17475,13815,18973,18774,9745,0.92,0.74,13747.2,0.732246724,1877.532758
6780,1844,17497,13807,19017,18745,9726,0.92,0.74,13730.5,0.732488664,1875.113364
6781,1850,17469,13938,18966,18887,9726,0.92,0.74,13904.1,0.736173029,1838.269709
6782,1836,17529,13634,19014,18404,9728,0.92,0.74,13455.2,0.731101934,1888.980656
6784,1826,17491,13872,18966,18742,9732,0.92,0.74,13794.6,0.736026038,1839.739622
6784,1813,17450,13855,18916,18694,9735,0.92,0.74,13763.2,0.736236226,1837.637745
6785,1821,17437,14009,19014,18900,9736,0.92,0.74,13979,0.73962963,1803.703704
6786,1797,17502,14012,19057,18869,9736,0.92,0.74,13972.7,0.740510891,1794.891091
6787,1787,17198,14040,18812,18893,9736,0.91,0.74,14007.9,0.741433335,1685.666649
6788,1785,17178,14013,18693,18832,9736,0.92,0.74,13962.6,0.741429482,1785.705183
6789,1766,17455,14030,18991,18826,9736,0.92,0.75,13977.8,0.742473175,1775.268246
6790,1752,17412,14111,18974,18911,9736,0.92,0.75,14084.3,0.744767596,1752.324044
6792,1725,17351,14100,18944,18867,9734,0.92,0.75,14060.1,0.745221816,1747.781841
6793,1704,17407,14118,18972,18871,9731,0.92,0.75,14079.3,0.746081289,1739.187113
6794,1725,17449,14062,19005,18790,9727,0.92,0.75,13999,0.745023949,1749.760511
6794,1699,17417,14060,18948,18753,9726,0.92,0.75,13985.9,0.745795339,1742.046606
6796,1693,17386,14096,18977,18771,9726,0.92,0.75,14027.3,0.747285707,1727.142933
6796,1670,17411,14127,18998,18808,9725,0.92,0.75,14069.4,0.74805402,1719.459804
6797,1660,17375,13935,18923,18473,9724,0.92,0.75,13776.9,0.745785741,1742.142586
6799,1634,16968,13896,18608,18391,9722,0.91,0.76,13713.3,0.745652765,1643.472351
6799,1637,17429,13952,19005,18459,9721,0.92,0.76,13789.7,0.747044802,1729.55198
6801,1631,17394,14210,19016,18823,9721,0.91,0.75,14156.9,0.752106465,1578.935345
6802,1615,17353,14250,18960,18873,9719,0.92,0.76,14211.9,0.753028135,1669.718646
6802,1599,17197,14304,18871,18917,9717,0.91,0.76,14279.1,0.75482899,1551.710102
6803,1599,17255,14251,18906,18838,9716,0.91,0.76,14202.4,0.753922922,1560.770782
6804,1600,17304,14250,18909,18804,9715,0.92,0.76,14191.2,0.754690491,1653.095086
6805,1582,17384,14310,19042,18873,9720,0.91,0.76,14271.9,0.75620728,1537.927198
6807,1555,17266,14354,18947,18898,9726,0.91,0.76,14323.4,0.757932056,1520.679437
6808,1537,17239,14285,18936,18788,9732,0.91,0.76,14221.4,0.7569406,1530.593996
6809,1545,17032,14143,18640,18540,9733,0.91,0.76,14005,0.755393743,1546.062567
6810,1527,17372,14247,19006,18692,9732,0.91,0.76,14154.6,0.75725444,1527.455596
6811,1531,17307,14348,18956,18807,9730,0.91,0.76,14290.1,0.759828787,1501.712128
6812,1524,17365,14217,18996,18591,9727,0.91,0.76,14094.3,0.758124899,1518.751009
6813,1501,17234,14393,18907,18850,9725,0.91,0.76,14348,0.761167109,1488.328912
6813,1499,17387,14185,19027,18498,9726,0.91,0.77,14034.4,0.758698238,1513.017624
6814,1481,17312,14491,19037,18932,9722,0.91,0.77,14470.6,0.764346081,1456.539193
6816,1476,17286,14098,18930,18338,9716,0.91,0.77,13899.4,0.757956157,1520.438434
6817,1452,17358,14210,19006,18468,9709,0.91,0.77,14050.4,0.760797054,1492.029456
6818,1447,17192,14436,18901,18773,9706,0.91,0.77,14367.9,0.765349172,1446.508283
6819,1421,17280,14424,19034,18761,9706,0.91,0.77,14352.3,0.765007196,1449.928042
6820,1424,17330,14474,19041,18816,9722,0.91,0.77,14418.8,0.766305272,1436.947279
6821,1419,17293,14400,18965,18678,9738,0.91,0.77,14303.4,0.765788628,1442.113717
6822,1415,17254,14608,18985,18962,9755,0.91,0.77,14596.6,0.769781669,1402.183314
6823,1412,17277,14489,18967,18776,9754,0.91,0.77,14421.8,0.768097571,1419.024286
6824,1413,17333,14497,19006,18794,9751,0.91,0.77,14435.2,0.768074918,1419.250825
6825,1393,17157,14617,18926,18926,9746,0.91,0.77,14594.8,0.771150798,1388.492022
6826,1383,17313,14362,19008,18531,9740,0.91,0.78,14221.3,0.76743295,1425.670498
6827,1361,17328,14541,19056,18800,9738,0.91,0.77,14481,0.770265957,1397.340426
6828,1376,16950,14694,18628,18962,9738,0.91,0.77,14682.6,0.774317055,1356.829448
6829,1380,17084,14550,18759,18758,9732,0.91,0.78,14477.4,0.771798699,1382.013008
6830,1342,17189,14673,18940,18921,9726,0.91,0.78,14649.3,0.774234977,1357.65023
6831,1339,17125,14686,18895,18918,9720,0.91,0.78,14661.4,0.774997357,1350.02643
6831,1344,17247,14671,19001,18883,9721,0.91,0.78,14635.9,0.775083408,1349.165916
6833,1320,17186,14722,18975,18935,9725,0.91,0.78,14702.5,0.776472142,1335.278585
6834,1316,17215,14671,18961,18853,9735,0.91,0.78,14626.9,0.775839389,1341.60611
6835,1320,17284,14543,18992,18656,9744,0.91,0.78,14439.8,0.774003002,1359.969983
6836,1298,17268,14688,19012,18853,9750,0.91,0.78,14643.9,0.776741102,1332.588978
6837,1309,17351,14559,19076,18640,9750,0.91,0.78,14451,0.77526824,1347.317597
6838,1306,17232,14583,19028,18682,9745,0.91,0.78,14487.6,0.775484424,1345.155765
6839,1309,17143,14574,18859,18676,9739,0.91,0.78,14476.8,0.77515528,1348.447205
6840,1286,17148,14773,18934,18909,9732,0.91,0.78,14745.7,0.779824422,1301.755778
6841,1274,17142,14819,18952,18955,9731,0.9,0.78,14805.5,0.781086784,1189.132155
6842,1267,17189,14761,18948,18871,9732,0.91,0.78,14722.3,0.780154735,1298.452652
6843,1261,17284,14725,19057,18817,9738,0.91,0.78,14670.1,0.779619493,1303.80507
6844,1253,17239,14757,18996,18830,9744,0.91,0.78,14706,0.780987785,1290.122146
6845,1242,17074,14884,18931,18988,9748,0.9,0.78,14880.4,0.783673899,1163.261007
6846,1238,17154,14816,18926,18890,9748,0.91,0.78,14783,0.782583377,1274.166226
6847,1231,17308,14585,19086,18542,9745,0.91,0.79,14447.6,0.779182397,1308.176033
6848,1210,16980,14868,18873,18904,9741,0.9,0.79,14839.2,0.784976725,1150.232755
6849,1216,16790,14561,18651,18532,9737,0.9,0.79,14420.6,0.77814591,1218.540902
6850,1186,17018,14894,18902,18941,9736,0.9,0.79,14876.3,0.785402038,1145.979621
6851,1172,17104,14858,18968,18870,9737,0.9,0.79,14819,0.785320615,1146.793853
6852,1184,17277,14790,19077,18758,9740,0.91,0.79,14717.4,0.78459324,1254.067598
6853,1173,17164,14840,19003,18802,9743,0.9,0.79,14780.6,0.786118498,1138.81502
6854,1169,17041,14907,18927,18896,9745,0.9,0.79,14875.8,0.787245978,1127.54022
6855,1161,17141,14713,18955,18607,9745,0.9,0.79,14595.1,0.784387596,1156.124039
6857,1153,17129,14927,19007,18897,9743,0.9,0.79,14896.1,0.788278563,1117.214373
6857,1132,17277,14824,19113,18752,9740,0.9,0.79,14749.6,0.786561433,1134.385666
6858,1144,16985,15030,18944,19011,9737,0.9,0.79,15033.3,0.790768502,1092.314976
6859,1119,16708,14614,18610,18439,9736,0.9,0.79,14445.7,0.783431856,1165.681436
6860,1112,17165,14718,19014,18568,9736,0.9,0.79,14588.4,0.785674278,1143.257217
6861,1113,17009,14980,18931,18905,9739,0.9,0.79,14951.5,0.79087543,1091.245702
6862,1103,17064,14987,18961,18913,9743,0.9,0.79,14960.9,0.79103791,1089.620896
6863,1078,17054,14952,18963,18841,9746,0.9,0.79,14904.3,0.791056738,1089.43262
6864,1078,17133,14706,18999,18495,9746,0.9,0.8,14554.5,0.786942417,1130.575831
6865,1065,17033,14851,18898,18671,9744,0.9,0.8,14752.3,0.790118365,1098.816346
6867,1077,17069,14976,18976,18853,9741,0.9,0.79,14931.9,0.792017186,1079.828144
6867,1071,17130,14861,19029,18665,9737,0.9,0.8,14760.5,0.79081168,1091.883204
6868,1048,16946,15028,18968,18883,9736,0.89,0.8,14992.9,0.793989303,960.1069745
6869,1038,16999,14976,18952,18808,9736,0.9,0.8,14918.4,0.793194385,1068.056146
6870,1022,17060,15090,19054,18941,9736,0.9,0.8,15072.3,0.79574996,1042.500396
6871,1017,17054,15063,19037,18886,9735,0.9,0.8,15028.8,0.795764058,1042.35942
6872,1006,16976,15063,18962,18876,9734,0.9,0.8,15025.8,0.796026701,1039.732994
6873,1008,17114,14899,19060,18615,9734,0.9,0.8,14783.5,0.794171367,1058.286328
6874,1007,17043,15027,18991,18806,9735,0.9,0.8,14968.8,0.795958737,1040.412634
6876,983,17029,15118,19033,18908,9738,0.89,0.8,15090.4,0.798096044,919.03956
6876,991,17102,15025,19062,18765,9740,0.9,0.8,14954.5,0.796935785,1030.642153
6877,960,16891,15144,18948,18913,9742,0.89,0.8,15117.9,0.799339079,906.6092106
6878,922,16853,15167,18927,18918,9741,0.89,0.8,15142.4,0.800422878,895.7712232
6879,928,16826,15112,18808,18818,9742,0.89,0.8,15057.4,0.800159422,898.4057817
6880,924,16994,15026,19017,18681,9744,0.89,0.8,14930.3,0.79922381,907.7618971
6882,929,16952,15152,18971,18839,9746,0.89,0.8,15103.7,0.801725145,882.7485535
6882,896,16877,15159,18929,18850,9746,0.89,0.8,15114,0.801803714,881.9628647
6884,891,16948,15117,18984,18778,9745,0.89,0.81,15050.4,0.801491107,885.0889339
6884,882,16890,15281,19000,18956,9741,0.89,0.81,15267.8,0.805433636,845.6636421
6886,869,17004,14899,19048,18437,9738,0.89,0.81,14730.1,0.798942344,910.576558
6887,869,16947,15206,19045,18825,9736,0.89,0.81,15153.5,0.804966799,850.3320053
6887,846,17015,15235,19068,18870,9736,0.89,0.81,15196,0.805299417,847.0058294
6889,856,16468,15288,18592,18919,9739,0.89,0.81,15263.7,0.806792114,832.0788625
6889,843,17031,15208,19107,18789,9743,0.89,0.81,15144.7,0.806040769,839.5923147
6891,813,16902,15018,18977,18515,9746,0.89,0.81,14872.5,0.803267621,867.3237915
6892,798,16818,15275,18961,18834,9747,0.89,0.81,15225.2,0.808389084,816.1091643
6892,791,16792,15201,18924,18735,9746,0.89,0.81,15121.5,0.807125701,828.7429944
6893,789,16916,15331,19069,18896,9741,0.89,0.81,15299.8,0.809684589,803.1541067
6894,780,16762,15347,18918,18887,9735,0.89,0.81,15313.1,0.810774607,792.2539313
6895,775,16858,15344,19012,18877,9731,0.89,0.81,15307.1,0.810886264,791.1373629
6897,740,16875,15167,19007,18609,9731,0.89,0.82,15049.7,0.808732334,812.6766618
6898,732,16858,15535,19075,19069,9735,0.88,0.81,15555.7,0.815758561,642.4143898
6899,713,16839,15204,19042,18601,9742,0.88,0.82,15084.3,0.810940272,690.5972797
6900,703,16863,15308,19049,18733,9748,0.89,0.82,15227.9,0.812891688,771.0831154
6900,692,16761,15462,18975,18918,9751,0.88,0.82,15437.4,0.816016492,639.8350777
6902,690,16749,15459,18984,18904,9751,0.88,0.82,15430.2,0.816239949,637.6005078
6903,660,16855,15246,19048,18587,9744,0.88,0.82,15122.1,0.813584764,664.1523646
6904,649,16726,15429,18948,18821,9737,0.88,0.82,15375.3,0.816922586,630.7741353
6905,632,16734,15381,18991,18743,9731,0.88,0.82,15303.9,0.816512831,634.8716854
6905,630,16720,15369,18945,18726,9731,0.88,0.82,15286.8,0.816340916,636.5908363
6907,609,16803,15311,19047,18604,9730,0.88,0.82,15192.2,0.816609331,633.9066867
6908,603,16696,15563,19012,18927,9728,0.88,0.82,15541.1,0.821107413,588.9258731
6909,581,16567,15562,18963,18913,9726,0.87,0.82,15535.9,0.821440279,485.5972083
6910,582,16519,15329,18758,18585,9724,0.88,0.82,15204.5,0.818105999,618.9400054
6911,546,16758,15306,19064,18543,9724,0.88,0.83,15168.9,0.818039152,619.6084776
6912,554,16630,15564,19013,18855,9733,0.87,0.83,15520.5,0.823150358,468.49642
6912,520,16652,15692,19049,18993,9741,0.87,0.83,15689.9,0.826088559,439.1144106
6914,500,16543,15624,18939,18888,9750,0.87,0.83,15590.4,0.825412961,445.8703939
6915,494,16655,15342,19011,18499,9749,0.88,0.83,15191.7,0.821217363,587.826369
6916,485,16653,15556,19021,18758,9749,0.88,0.83,15483.4,0.82542915,545.7084977
6917,474,16588,15544,18994,18729,9750,0.87,0.83,15462.7,0.825602008,443.9799242
6918,453,16577,15726,19055,18945,9751,0.87,0.83,15709.5,0.829216152,407.8384798
6919,433,16546,15399,18935,18503,9751,0.87,0.83,15249.9,0.824185267,458.1473275
6920,434,16522,15599,18924,18761,9751,0.87,0.83,15527.3,0.82763712,423.6288044
6921,404,16479,15625,18928,18755,9749,0.87,0.83,15551.5,0.829192215,408.0778459
6922,378,16487,15728,18994,18867,9748,0.87,0.83,15688.1,0.831510044,384.8995601
6923,363,16464,15761,18957,18887,9746,0.87,0.83,15727.1,0.832694446,373.0555408
6924,367,16495,15749,19007,18854,9746,0.87,0.84,15705.2,0.832990347,370.0965312
6925,331,16521,15504,19010,18511,9747,0.87,0.84,15357.3,0.82963103,403.689698
6926,300,16361,15771,18957,18838,9745,0.86,0.84,15722.4,0.834610893,253.8910712
6927,305,16570,15582,19104,18576,9743,0.87,0.84,15454.8,0.831976744,380.2325581
6928,281,16537,15625,19075,18611,9742,0.87,0.84,15508.3,0.833286766,367.1323411
6929,262,16212,15974,18878,19035,9742,0.86,0.84,15984.5,0.839742579,202.5742054
6930,259,16222,15916,18865,18942,9740,0.86,0.84,15898.6,0.839330588,206.6941189
6931,250,16365,15863,18963,18872,9736,0.86,0.84,15824.6,0.838522679,214.773209
6932,204,16246,15565,18959,18453,9732,0.86,0.84,15400.9,0.83460142,253.9858018
6933,202,16364,15895,18989,18859,9731,0.86,0.84,15852.7,0.840590699,194.093006
6934,187,16340,15941,19035,18894,9732,0.86,0.84,15909.2,0.842023923,179.7607706
6935,163,16280,15951,18953,18889,9738,0.86,0.84,15917.7,0.842696808,173.0319233
6936,166,16229,15987,18930,18917,9744,0.86,0.85,15962.1,0.843796585,162.0341492
6937,160,16295,15963,18996,18872,9748,0.86,0.85,15924.6,0.843821535,161.7846545
6938,134,16382,16093,19168,19000,9748,0.85,0.85,16093,0.847,30
6939,102,16246,15787,19017,18592,9747,0.85,0.85,15664.6,0.842545181,74.54819277
6940,115,16277,15879,18988,18716,9744,0.86,0.85,15793.8,0.843866211,161.3378927
6941,80,16199,16128,18993,18981,9742,0.85,0.85,16122.3,0.849391497,6.085032401
6942,53,16116,16067,18924,18889,9741,0.85,0.85,16033.7,0.848837948,11.62051988
6943,49,16132,16102,18946,18925,9742,0.85,0.85,16079.5,0.849643329,3.5667107
6944,37,16120,16153,18952,18962,9738,0.85,0.85,16141.6,0.851260416,-12.60415568
6945,9,16105,16179,18963,18983,9735,0.85,0.85,16173.9,0.852020229,-20.20228626
6946,5,16128,16184,18984,18970,9732,0.85,0.85,16175,0.852662098,-26.6209805
6947,-6,16117,16169,19008,18938,9732,0.85,0.85,16150.4,0.852803886,-28.03886366
6948,-33,16189,16141,19052,18884,9733,0.85,0.85,16106.2,0.852901928,-29.01927558
6949,-58,15933,16207,18917,18951,9735,0.84,0.86,16192.3,0.854429845,-144.2984539
6950,-75,15974,15562,18963,18143,9738,0.84,0.86,15304.9,0.843570523,-35.70523067
6951,-101,15984,15830,19001,18440,9739,0.84,0.86,15662,0.849349241,-93.49240781
6952,-102,16052,16196,19005,18872,9738,0.84,0.86,16157.6,0.856167868,-161.6786774
6953,-97,15995,16242,18983,18922,9744,0.84,0.86,16218.6,0.857129268,-171.2926752
6954,-117,16106,16154,19075,18801,9750,0.84,0.86,16094.3,0.856034253,-160.342535
6955,-143,15918,16317,18934,18972,9756,0.84,0.86,16308.6,0.859614168,-196.1416825
6956,-168,15984,16302,19020,18935,9756,0.84,0.86,16282.5,0.8599155,-199.155004
6957,-179,15794,16314,18841,18934,9755,0.84,0.86,16294.2,0.860578853,-205.7885286
6958,-205,16028,16275,19078,18883,9754,0.84,0.86,16239.9,0.860027538,-200.27538
6959,-223,15762,16393,18942,19000,9752,0.83,0.86,16393,0.862789474,-327.8947368
6960,-232,15628,16392,18757,18987,9751,0.83,0.86,16388.1,0.863122136,-331.221362
6961,-251,15943,15977,19028,18464,9752,0.84,0.87,15816.2,0.85659662,-165.9662045
6963,-264,15804,16384,18981,18944,9752,0.83,0.86,16367.2,0.863978041,-339.7804054
6963,-294,15833,16377,19000,18921,9752,0.83,0.87,16353.3,0.864293642,-342.9364199
6964,-302,15903,16157,19046,18632,9752,0.83,0.87,16046.6,0.861238729,-312.3872907
6965,-289,15868,16306,19027,18804,9752,0.83,0.87,16247.2,0.86402893,-340.2893001
6966,-331,15836,16276,19000,18762,9752,0.83,0.87,16204.6,0.86369257,-336.9257009
6967,-329,15847,16407,19034,18902,9753,0.83,0.87,16377.6,0.866447995,-364.4799492
6968,-366,15845,16429,19148,18922,9754,0.83,0.87,16405.6,0.867011944,-370.1194377
6969,-373,15608,16507,18962,18994,9755,0.82,0.87,16505.2,0.868969148,-489.6914815
6970,-384,15472,16444,18686,18903,9755,0.83,0.87,16414.9,0.86837539,-383.7539015
6971,-409,15779,16261,19068,18662,9750,0.83,0.87,16159.6,0.865909334,-359.0933448
6973,-423,15767,16340,19048,18751,9742,0.83,0.87,16265.3,0.867436403,-374.3640339
6974,-443,15657,16389,18971,18802,9734,0.83,0.87,16329.6,0.868503351,-385.0335071
6974,-458,15569,16542,18996,18967,9730,0.82,0.87,16532.1,0.8716244,-516.2440027
6975,-458,15649,16423,19000,18818,9731,0.82,0.87,16368.4,0.869826762,-498.2676161
6976,-471,15583,16494,18971,18895,9733,0.82,0.87,16462.5,0.871262239,-512.6223869
6978,-490,15617,16460,19018,18837,9736,0.82,0.87,16411.1,0.871216223,-512.1622339
6979,-511,15597,16432,19022,18787,9738,0.82,0.87,16368.1,0.871246074,-512.4607441
6979,-522,15433,16606,18930,18986,9739,0.82,0.87,16601.8,0.874423259,-544.2325924
6981,-536,15617,16255,19036,18548,9742,0.82,0.88,16119.4,0.86906405,-490.6405003
6981,-558,15589,16186,19036,18459,9746,0.82,0.88,16023.7,0.868069776,-480.6977626
6983,-566,15522,16574,19030,18923,9751,0.82,0.88,16550.9,0.874644612,-546.4461238
6983,-576,15492,16537,18979,18866,9752,0.82,0.88,16496.8,0.874419591,-544.195908
6984,-617,15381,16621,18969,18955,9752,0.81,0.88,16607.5,0.876154049,-661.5404906
6985,-616,15477,16482,19031,18780,9755,0.81,0.88,16416,0.874121406,-641.2140575
6986,-640,15464,16611,19068,18922,9757,0.81,0.88,16587.6,0.876630377,-666.3037734
6988,-647,15490,16398,19061,18650,9760,0.81,0.88,16293,0.873619303,-636.1930295
6989,-654,15435,16609,19046,18898,9760,0.81,0.88,16578.4,0.877256853,-672.5685258
6990,-679,15325,16498,19042,18761,9759,0.8,0.88,16426.3,0.875555674,-755.55674
6991,-677,15144,16664,18793,18951,9757,0.81,0.88,16649.3,0.878544668,-685.4466783
6992,-708,15396,16496,19031,18747,9755,0.81,0.88,16420.1,0.875878807,-658.7880728
6992,-697,15383,16609,19068,18869,9754,0.81,0.88,16569.7,0.878144046,-681.4404579
6993,-708,15373,16576,19066,18830,9754,0.81,0.88,16525,0.877588954,-675.889538
6995,-733,15318,16704,19071,18973,9750,0.8,0.88,16695.9,0.87998208,-799.820798
6996,-739,15270,16467,18981,18676,9746,0.8,0.88,16369.8,0.876515314,-765.1531377
6997,-750,15171,16777,18964,19037,9742,0.8,0.88,16788.1,0.881866891,-818.6689079
6998,-757,15260,16413,18990,18603,9742,0.8,0.88,16293.9,0.875874859,-758.7485889
6999,-760,15331,16660,19133,18892,9743,0.8,0.88,16627.6,0.880139742,-801.3974169
7000,-779,15148,16614,18972,18838,9744,0.8,0.88,16565.4,0.879360866,-793.6086633
7000,-782,14958,16674,18753,18904,9746,0.8,0.88,16645.2,0.880512061,-805.1206094
7001,-803,15190,16667,19057,18894,9747,0.8,0.88,16635.2,0.88044882,-804.4881973
7002,-816,15176,16645,19040,18861,9747,0.8,0.88,16603.3,0.880297969,-802.9796935
7004,-822,15152,16761,19030,18985,9749,0.8,0.88,16756.5,0.882617856,-826.178562
7005,-840,15153,16680,19038,18894,9751,0.8,0.88,16648.2,0.881136869,-811.3686885
7006,-837,15183,16569,19078,18754,9754,0.8,0.88,16495.2,0.879556361,-795.5636131
7007,-826,14845,16443,18608,18624,9754,0.8,0.88,16330.2,0.87683634,-768.3634021
7008,-859,15003,16802,19009,19024,9753,0.79,0.88,16809.2,0.883578638,-935.7863751
7009,-874,15183,16529,19084,18697,9752,0.8,0.88,16438.1,0.879183826,-791.8382628
7009,-878,15016,16687,19040,18894,9750,0.79,0.88,16655.2,0.881507357,-915.0735683
7010,-878,14972,16560,18861,18743,9748,0.79,0.88,16482.9,0.879416315,-894.1631542
7012,-895,15077,16443,19016,18600,9748,0.79,0.88,16323,0.877580645,-875.8064516
7013,-911,14963,16731,19013,18937,9749,0.79,0.88,16712.1,0.882510429,-925.1042932
7014,-905,14963,16737,18985,18945,9751,0.79,0.88,16720.5,0.882581156,-925.8115598
7015,-922,14876,16759,18922,18967,9753,0.79,0.88,16749.1,0.883065324,-930.6532398
7016,-927,14963,16497,18941,18653,9754,0.79,0.88,16392.9,0.878834504,-888.3450383
7017,-945,15026,16364,19033,18497,9755,0.79,0.88,16213.1,0.876525923,-865.2592312
7018,-919,14906,16661,18976,18845,9758,0.79,0.88,16614.5,0.881639692,-916.3969223
7019,-937,15004,16643,19070,18833,9761,0.79,0.88,16592.9,0.881054532,-910.5453194
7020,-942,14798,16771,18948,18983,9763,0.78,0.88,16765.9,0.883206026,-1032.060264
7021,-946,14657,16351,18605,18489,9763,0.79,0.88,16197.7,0.876072259,-860.7225918
7022,-950,14928,16623,19014,18819,9758,0.79,0.88,16568.7,0.88042404,-904.2403953
7023,-977,14860,16567,18944,18748,9750,0.78,0.88,16491.4,0.879635161,-996.3516108
7024,-985,14854,16786,19028,19016,9742,0.78,0.88,16790.8,0.882982751,-1029.827514
7025,-991,14932,16426,19042,18576,9739,0.78,0.88,16298.8,0.877411714,-974.1171404
7026,-980,14738,16674,18897,18886,9739,0.78,0.88,16639.8,0.881065339,-1010.653394
7027,-980,14847,16751,19036,18985,9741,0.78,0.88,16746.5,0.882091125,-1020.911246
7028,-986,14859,16591,18985,18801,9744,0.78,0.88,16531.3,0.879277698,-992.7769799
7029,-987,14894,16687,19097,18916,9746,0.78,0.88,16661.8,0.880831043,-1008.310425
7030,-997,14682,16736,18944,18982,9746,0.78,0.88,16730.6,0.881392899,-1013.928985
7031,-977,14763,16634,18893,18872,9745,0.78,0.88,16595.6,0.879376855,-993.768546
7032,-1003,14899,16530,19079,18760,9743,0.78,0.88,16458,0.877292111,-972.9211087
7033,-996,14888,16311,19072,18497,9742,0.78,0.88,16160.1,0.873660594,-936.6059361
7034,-1009,14766,16655,19041,18919,9741,0.78,0.88,16630.7,0.879047518,-990.4751837
7035,-1022,14735,16654,18996,18924,9742,0.78,0.88,16631.2,0.878841683,-988.4168252
7036,-980,14782,16647,19031,18918,9742,0.78,0.88,16622.4,0.878655249,-986.5524897
7037,-990,14611,16731,18887,19024,9742,0.77,0.88,16738.2,0.87984651,-1098.465097
7038,-996,14747,16619,19001,18905,9742,0.78,0.88,16590.5,0.877572071,-975.7207088
7039,-1011,14720,16296,19058,18512,9742,0.77,0.88,16149.6,0.87238548,-1023.854797
7040,-1000,14647,16656,18999,18957,9743,0.77,0.88,16643.1,0.877939547,-1079.395474
7041,-983,14758,16296,18970,18560,9746,0.78,0.88,16164,0.870905172,-909.0517241
7042,-984,14796,16590,19045,18896,9748,0.78,0.88,16558.8,0.876312447,-963.1244708
7043,-983,14810,16548,19060,18847,9749,0.78,0.88,16502.1,0.875582321,-955.8232079
7044,-1003,14749,16616,19023,18949,9749,0.78,0.88,16600.7,0.876072616,-960.7261597
7045,-994,14780,16533,19063,18854,9750,0.78,0.88,16489.2,0.874573035,-945.730349
7046,-980,14685,16608,18964,18956,9752,0.77,0.88,16594.8,0.875437856,-1054.378561
7047,-994,14782,16284,19042,18575,9753,0.78,0.88,16156.5,0.869798116,-897.9811575
7048,-981,14844,16355,19134,18668,9754,0.78,0.88,16255.4,0.870762803,-907.6280266
7050,-975,14741,16289,18986,18592,9753,0.78,0.88,16166.6,0.869546041,-895.4604131
7050,-976,14660,16311,18961,18623,9752,0.77,0.88,16197.9,0.869779305,-997.7930516
7051,-978,14562,16353,18915,18710,9752,0.77,0.87,16266,0.869374666,-993.7466595
7052,-976,14696,16622,19053,19031,9751,0.77,0.87,16631.3,0.873905733,-1039.057328
7053,-965,14749,16480,19040,18866,9752,0.77,0.87,16439.8,0.871398283,-1013.982826
7054,-969,14717,16421,19049,18815,9754,0.77,0.87,16365.5,0.869811321,-998.1132075
7055,-954,14722,16458,19023,18877,9756,0.77,0.87,16421.1,0.869899878,-998.9987816
7056,-974,14648,16164,18883,18527,9759,0.78,0.87,16022.1,0.864797323,-847.9732283
7057,-954,14615,16524,18939,18976,9760,0.77,0.87,16516.8,0.870404722,-1004.047218
7058,-937,14827,16301,19153,18712,9760,0.77,0.87,16214.6,0.866534844,-965.3484395
7059,-952,14703,16530,19058,19007,9758,0.77,0.87,16532.1,0.869790077,-997.9007734
7060,-931,14498,16625,18893,19118,9757,0.77,0.87,16660.4,0.871450989,-1014.509886
7062,-934,14687,16463,18985,18944,9755,0.77,0.87,16446.2,0.868148226,-981.4822635
7062,-937,14760,16460,19100,18961,9754,0.77,0.87,16448.3,0.867480618,-974.8061811
7063,-924,14657,16490,18994,19004,9755,0.77,0.87,16491.2,0.867775205,-977.7520522
7064,-914,14703,16365,19013,18885,9755,0.77,0.87,16330.5,0.864733916,-947.3391581
7065,-899,14713,16396,19032,18937,9756,0.77,0.87,16377.1,0.864820193,-948.2019327
7066,-895,14753,16102,19017,18583,9756,0.78,0.87,15976.9,0.859758919,-797.5891944
7067,-882,14716,16185,18961,18704,9756,0.78,0.87,16096.2,0.860575278,-805.7527802
7068,-862,14763,16401,19088,18977,9755,0.77,0.86,16394.1,0.863893134,-938.9313379
7070,-869,14548,16395,18867,18988,9755,0.77,0.86,16391.4,0.863250474,-932.5047398
7071,-882,14787,16111,19049,18649,9754,0.78,0.86,16005.7,0.858260497,-782.6049654
7072,-873,14622,15847,18989,18339,9754,0.77,0.86,15648.7,0.853301707,-833.0170675
7072,-861,14667,16315,18991,18935,9753,0.77,0.86,16295.5,0.86060206,-906.0205968
7073,-844,14685,16266,18984,18891,9750,0.77,0.86,16233.3,0.859313959,-893.1395903
7074,-809,14781,16174,19030,18801,9747,0.78,0.86,16114.3,0.857098027,-770.980267
7075,-824,14779,16295,19071,18955,9744,0.77,0.86,16281.5,0.858955421,-889.5542073
7076,-815,14726,16220,19022,18873,9745,0.77,0.86,16181.9,0.857410057,-874.1005669
7077,-803,14787,15897,19033,18493,9746,0.78,0.86,15744.9,0.851397826,-713.978262
7078,-808,14744,16236,19034,18915,9748,0.77,0.86,16210.5,0.857018239,-870.1823949
7080,-794,14856,16306,19164,19018,9749,0.78,0.86,16311.4,0.857682196,-776.8219581
7080,-795,14532,16198,18870,18886,9749,0.77,0.86,16163.8,0.855861485,-858.614847
7082,-771,14700,16232,18948,18949,9751,0.78,0.86,16216.7,0.855807694,-758.0769434
7082,-780,14825,15873,19043,18522,9756,0.78,0.86,15729.6,0.849238743,-692.3874312
7083,-762,14793,16127,19053,18861,9762,0.78,0.86,16085.3,0.85283389,-728.3389004
7084,-768,14743,16100,18968,18837,9767,0.78,0.85,16051.1,0.8521049,-721.0489993
7085,-735,14819,16161,19061,18936,9766,0.78,0.85,16141.8,0.852439797,-724.3979721
7086,-722,14841,16159,19080,18948,9762,0.78,0.85,16143.4,0.851984378,-719.843783
7088,-724,14735,16159,19006,18963,9757,0.78,0.85,16147.9,0.851547751,-715.4775088
7089,-702,14883,15961,19067,18721,9753,0.78,0.85,15877.3,0.848101063,-681.0106298
7090,-707,14868,16264,19132,19097,9752,0.78,0.85,16293.1,0.853175892,-731.758915
7090,-701,14649,16019,18925,18806,9752,0.77,0.85,15960.8,0.848707859,-787.0785919
7091,-683,14827,15766,18956,18498,9749,0.78,0.85,15615.4,0.844166937,-641.6693697
7092,-691,14760,16113,18989,18951,9747,0.78,0.85,16098.3,0.849469685,-694.6968498
7093,-665,14890,16122,19057,18980,9745,0.78,0.85,16116,0.84910432,-691.0432034
7094,-674,14713,16077,18937,18943,9745,0.78,0.85,16059.9,0.847801299,-678.0129863
7096,-661,14885,15922,19059,18761,9747,0.78,0.85,15850.3,0.844853686,-648.5368584
7097,-625,14843,16076,18986,18974,9751,0.78,0.85,16068.2,0.846853589,-668.5358912
7098,-637,14772,15968,18899,18859,9756,0.78,0.85,15925.7,0.84446153,-644.615303
7099,-604,14947,15823,19046,18681,9757,0.78,0.85,15727.3,0.841887479,-618.8747926
7100,-602,14985,16002,19142,18924,9757,0.78,0.85,15979.2,0.844388079,-643.8807863
7100,-599,14831,16063,19041,19007,9756,0.78,0.85,16065.1,0.845220182,-652.2018204
7102,-580,14878,15867,18919,18779,9755,0.79,0.84,15800.7,0.841402631,-514.026306
7102,-583,14869,15816,18932,18720,9754,0.79,0.84,15732,0.840384615,-503.8461538
7103,-570,14870,16030,19009,19011,9754,0.78,0.84,16033.3,0.843369628,-633.6962811
7105,-571,14939,15975,19029,18947,9756,0.79,0.84,15959.1,0.842302211,-523.0221143
7105,-570,14890,16021,18998,19031,9761,0.78,0.84,16030.3,0.842325679,-623.2567916
7107,-529,14816,15627,18939,18538,9765,0.78,0.84,15488.4,0.83549466,-554.9465962
7107,-520,15014,15672,19031,18618,9767,0.79,0.84,15557.4,0.835610699,-456.1069932
7109,-509,14920,15899,19043,18922,9768,0.78,0.84,15875.6,0.83900222,-590.0221964
7110,-498,14956,15991,19049,19042,9760,0.79,0.84,16003.6,0.840436929,-504.3692889
7110,-501,14971,15649,18950,18613,9753,0.79,0.84,15532.9,0.834518885,-445.1888465
7112,-465,14904,15833,18837,18870,9745,0.79,0.84,15794,0.836989931,-469.8993111
7113,-471,15153,15638,19128,18635,9745,0.79,0.84,15528.5,0.833297558,-432.9755836
7113,-448,15008,15911,19015,18993,9750,0.79,0.84,15908.9,0.837619123,-476.1912283
7115,-437,15044,15756,18994,18809,9762,0.79,0.84,15698.7,0.834637673,-446.3767345
7116,-444,14983,15790,18964,18856,9773,0.79,0.84,15746.8,0.835108188,-451.0818838
7117,-425,14992,15868,18947,18961,9780,0.79,0.84,15856.3,0.836258636,-462.5863615
7117,-415,14909,15863,18886,18982,9780,0.79,0.84,15857.6,0.83540196,-454.0195975
7119,-394,14982,15882,18904,19010,9777,0.79,0.84,15885,0.835612835,-456.1283535
7120,-389,15126,15885,19071,19032,9772,0.79,0.83,15894.6,0.835151324,-451.5132409
7121,-390,15155,15629,19088,18696,9768,0.79,0.84,15537.8,0.831076166,-410.7616602
7122,-374,15182,15628,19058,18717,9767,0.8,0.83,15543.1,0.830426885,-304.2688465
7123,-374,15224,15483,19106,18539,9766,0.8,0.84,15344.7,0.827698366,-276.9836561
7124,-372,15160,15735,19065,18876,9763,0.8,0.83,15697.8,0.831627463,-316.2746345
7125,-354,15003,15860,18919,19040,9759,0.79,0.83,15872,0.833613445,-436.1344538
7125,-336,15166,15737,19010,18897,9757,0.8,0.83,15706.1,0.831142509,-311.4250939
7127,-313,15120,15478,18904,18569,9757,0.8,0.83,15348.7,0.826576552,-265.7655232
7127,-314,15204,15518,19002,18638,9760,0.8,0.83,15409.4,0.826773259,-267.7325893
7128,-311,15203,15557,19000,18695,9763,0.8,0.83,15465.5,0.827253276,-272.5327628
7129,-300,15251,15779,19073,18985,9765,0.8,0.83,15774.5,0.83089281,-308.9281011
7131,-297,15035,15701,18938,18905,9765,0.79,0.83,15672.5,0.829013488,-390.134885
7132,-287,14928,15387,18596,18506,9766,0.8,0.83,15238.8,0.823451853,-234.5185345
7133,-276,15257,15443,19025,18574,9766,0.8,0.83,15315.2,0.824550447,-245.5044686
7134,-290,15187,15644,19032,18858,9767,0.8,0.83,15601.4,0.827309365,-273.0936473
7135,-278,15235,15740,19045,18980,9768,0.8,0.83,15734,0.828977871,-289.7787144
7136,-255,15290,15648,19080,18880,9767,0.8,0.83,15612,0.82690678,-269.0677966
7136,-243,15239,15428,18966,18587,9769,0.8,0.83,15304.1,0.823376554,-233.7655351
7138,-237,15145,15808,18934,19083,9771,0.8,0.83,15832.9,0.829686108,-296.8610805
7139,-242,15219,15650,18960,18889,9773,0.8,0.83,15616.7,0.826761607,-267.6160728
7140,-239,15224,15413,19041,18574,9774,0.8,0.83,15285.2,0.822935286,-229.3528588
7141,-217,15251,15565,18992,18782,9774,0.8,0.83,15499.6,0.825236929,-252.3692897
7142,-202,15224,15630,18931,18883,9772,0.8,0.83,15594.9,0.82586983,-258.6983001
7143,-200,15233,15665,18943,18922,9769,0.8,0.83,15641.6,0.826635662,-266.3566219
7144,-208,15256,15585,18978,18833,9767,0.8,0.83,15534.9,0.824876546,-248.7654649
7145,-200,15373,15380,19039,18544,9768,0.81,0.83,15243.2,0.822001726,-120.0172563
7146,-200,15335,15724,19044,19011,9766,0.81,0.83,15727.3,0.827273684,-172.7368366
7147,-176,15419,15622,19060,18896,9760,0.81,0.83,15590.8,0.825084674,-150.8467401
7148,-178,15401,15508,19061,18739,9754,0.81,0.83,15429.7,0.823400395,-134.003949
7149,-166,15437,15667,19101,18947,9750,0.81,0.83,15651.1,0.82604634,-160.4633979
7149,-165,15479,15601,19159,18871,9750,0.81,0.83,15562.3,0.824667479,-146.674792
7151,-166,15275,15434,18978,18628,9757,0.8,0.83,15322.4,0.822546704,-225.4670389
7152,-149,15404,15495,18997,18729,9764,0.81,0.83,15413.7,0.822985744,-129.8574403
7153,-164,15532,15456,19145,18656,9770,0.81,0.83,15352.8,0.822941681,-129.4168096
7154,-158,15421,15540,19045,18783,9770,0.81,0.83,15474.9,0.823877975,-138.7797476
7155,-151,15441,15515,19075,18765,9771,0.81,0.83,15444.5,0.823048228,-130.4822808
7156,-153,15403,15620,19093,18897,9773,0.81,0.83,15589.1,0.82495105,-149.5105043
7157,-121,15412,15716,19017,19020,9776,0.81,0.83,15722,0.826603575,-166.0357518
7158,-138,15418,15657,19063,18949,9777,0.81,0.83,15641.7,0.825463085,-154.6308512
7159,-131,15380,15670,18983,18962,9777,0.81,0.83,15658.6,0.825788419,-157.8841894
7160,-143,15534,15657,19162,18937,9772,0.81,0.83,15638.1,0.825796061,-157.9606062
7161,-126,15289,15552,18968,18792,9766,0.81,0.83,15489.6,0.824265645,-142.6564496
7162,-138,15400,15412,18915,18612,9761,0.81,0.83,15295.6,0.821813884,-118.1388352
7163,-138,15480,15653,19091,18934,9760,0.81,0.83,15633.2,0.82566811,-156.6811028
7164,-122,15420,15706,19050,18998,9760,0.81,0.83,15705.4,0.82668702,-166.8701969
7165,-129,15412,15741,19049,19038,9762,0.81,0.83,15752.4,0.827418847,-174.1884652
7166,-145,15515,15628,19060,18884,9764,0.81,0.83,15593.2,0.825736073,-157.3607287
7167,-131,15382,15350,19014,18531,9766,0.81,0.83,15209.3,0.820749015,-107.4901516
7168,-117,15457,15706,19018,18988,9766,0.81,0.83,15702.4,0.826964399,-169.6439857
7169,-116,15517,15484,19032,18692,9766,0.82,0.83,15391.6,0.823432484,-34.32484485
7170,-105,15568,15700,19119,18973,9767,0.81,0.83,15691.9,0.827064776,-170.6477626
7171,-123,15405,15782,19037,19067,9767,0.81,0.83,15802.1,0.82876698,-187.669796
7172,-98,15410,15598,18869,18854,9767,0.82,0.83,15554.2,0.824981436,-49.814363
7173,-122,15592,15376,19097,18527,9766,0.82,0.83,15234.1,0.822264803,-22.6480272
7174,-108,15521,15693,19069,18950,9757,0.81,0.83,15678,0.827335092,-173.3509235
7175,-115,15459,15700,19009,18944,9748,0.81,0.83,15683.2,0.827871622,-178.7162162
7176,-119,15434,15407,19040,18548,9741,0.81,0.83,15271.4,0.823344835,-133.4483502
7177,-116,15445,15773,19009,19026,9741,0.81,0.83,15780.8,0.829433407,-194.3340692
7178,-122,15575,15521,19054,18679,9744,0.82,0.83,15424.7,0.825777611,-57.77611221
7179,-96,15508,15718,19051,18953,9749,0.81,0.83,15703.9,0.828570675,-185.7067483
7180,-112,15554,15742,19034,18975,9755,0.82,0.83,15734.5,0.829222661,-92.22661397
7181,-120,15339,15816,18924,19060,9757,0.81,0.83,15834,0.830745016,-207.4501574
7182,-111,15409,15777,18893,19005,9757,0.82,0.83,15778.5,0.830228887,-102.2888713
7183,-117,15526,15770,19003,18989,9762,0.82,0.83,15766.7,0.83030702,-103.0701985
7184,-117,15578,15751,19098,18957,9766,0.82,0.83,15738.1,0.830199926,-101.9992615
7185,-142,15497,15727,19001,18919,9771,0.82,0.83,15702.7,0.8299963,-99.96300016
7186,-108,15568,15700,19030,18885,9771,0.82,0.83,15665.5,0.829520784,-95.20783691
7187,-126,15607,15407,19073,18482,9771,0.82,0.83,15251.6,0.825213721,-52.13721459
7188,-149,15530,15654,19015,18814,9772,0.82,0.83,15598.2,0.829074094,-90.7409376
7189,-131,15523,15634,18983,18760,9772,0.82,0.83,15562,0.829530917,-95.30916844
7190,-134,15664,15645,19131,18764,9773,0.82,0.83,15574.2,0.830004263,-100.0426348
7191,-154,15348,15620,18915,18706,9772,0.81,0.84,15531.8,0.83031113,-203.1113012
7192,-147,15400,15740,18828,18861,9768,0.82,0.83,15698.3,0.83231536,-123.1535974
7193,-152,15589,15571,19045,18636,9764,0.82,0.84,15461.8,0.82967375,-96.73749732
7194,-144,15372,15425,18790,18480,9759,0.82,0.83,15269,0.826244589,-62.44588745
7195,-157,15387,15860,18887,19003,9759,0.81,0.83,15860.9,0.834652423,-246.524233
7196,-159,15545,15787,19038,18889,9760,0.82,0.84,15753.7,0.834014506,-140.145058
7197,-161,15672,15542,19149,18566,9763,0.82,0.84,15411.8,0.830108801,-101.0880103
7198,-190,15678,15842,19177,18955,9766,0.82,0.84,15828.5,0.835056713,-150.5671327
7199,-173,15563,15864,19095,18968,9768,0.82,0.84,15854.4,0.835849852,-158.4985238
7200,-169,15673,15891,19159,18989,9768,0.82,0.84,15887.7,0.83667913,-166.7913002
7201,-175,15600,15571,19059,18562,9773,0.82,0.84,15439.6,0.831785368,-117.8536796
7202,-185,15533,15857,19068,18923,9779,0.81,0.84,15833.9,0.836754214,-267.5421445
7203,-184,15614,15812,19095,18864,9785,0.82,0.84,15771.2,0.836047498,-160.4749788
7204,-199,15491,15919,19016,18988,9786,0.81,0.84,15915.4,0.83818201,-281.8200969
7205,-217,15550,15838,19043,18889,9785,0.82,0.84,15804.7,0.83671449,-167.1448991
7206,-215,15565,15796,19049,18821,9779,0.82,0.84,15742.3,0.836422082,-164.2208172
7207,-212,15475,15929,19023,18972,9773,0.81,0.84,15920.6,0.839162977,-291.6297702
7208,-229,15521,16017,19126,19070,9767,0.81,0.84,16038,0.841006817,-310.0681699
7209,-235,15491,15928,19009,18944,9767,0.81,0.84,15911.2,0.839907095,-299.0709459
7210,-225,15543,15866,19052,18860,9768,0.82,0.84,15824,0.83902439,-190.2439024
7211,-237,15352,16107,18956,19150,9770,0.81,0.84,16152,0.843446475,-334.464752
7212,-235,15553,15820,19035,18800,9771,0.82,0.84,15760,0.838297872,-182.9787234
7213,-257,15408,15540,19021,18422,9772,0.81,0.84,15366.6,0.834143958,-241.4395831
7214,-260,15577,15747,19070,18662,9771,0.82,0.84,15645.6,0.838366735,-183.6673454
7215,-268,15433,16021,19013,19001,9770,0.81,0.84,16021.3,0.843181938,-331.8193779
7216,-264,15524,16058,19116,19035,9768,0.81,0.84,16068.5,0.844155503,-341.5550302
7217,-268,15506,15995,19063,18950,9768,0.81,0.84,15980,0.843271768,-332.7176781
7218,-284,15540,15662,19056,18519,9768,0.82,0.85,15517.7,0.837934014,-179.3401372
7219,-290,15497,16034,19079,18974,9769,0.81,0.85,16026.2,0.844640034,-346.4003373
7220,-291,15492,16099,19066,19052,9771,0.81,0.85,16114.6,0.845821961,-358.2196095
7221,-310,15356,15820,18980,18681,9773,0.81,0.85,15724.3,0.841726888,-317.2688828
7222,-304,15330,16019,18812,18934,9774,0.81,0.85,15999.2,0.844998416,-349.9841555
7223,-312,15459,15883,19024,18759,9774,0.81,0.85,15810.7,0.842832774,-328.327736
7224,-313,15500,16001,19088,18895,9773,0.81,0.85,15969.5,0.84517068,-351.7068007
7225,-314,15510,16008,19077,18890,9771,0.81,0.85,15975,0.845685548,-356.8554791
7226,-328,15489,15809,19055,18609,9770,0.81,0.85,15691.7,0.84323177,-332.3176957
7227,-353,15372,16177,19016,19063,9770,0.81,0.85,16195.9,0.849598699,-395.9869905
7228,-345,15457,16124,19089,18997,9769,0.81,0.85,16123.1,0.848718219,-387.1821867
7229,-347,15396,15901,19017,18694,9767,0.81,0.85,15809.2,0.845683107,-356.8310688
7230,-353,15542,15970,19121,18793,9765,0.81,0.85,15907.9,0.846480072,-364.8007237
7231,-370,15318,16164,18988,19010,9764,0.81,0.85,16167,0.850447133,-404.4713309
7232,-379,15026,15553,18639,18254,9764,0.81,0.85,15329.2,0.839772105,-297.7210474
7233,-360,15417,16085,19013,18904,9767,0.81,0.85,16056.2,0.849354634,-393.5463394
7234,-414,15411,16190,19115,19019,9771,0.81,0.85,16195.7,0.851553709,-415.5370945
7235,-433,15352,16141,19061,18952,9775,0.81,0.85,16126.6,0.850918109,-409.1810891
7236,-415,15382,16129,19026,18930,9776,0.81,0.85,16108,0.850924459,-409.2445853
7237,-413,15430,16048,19043,18817,9776,0.81,0.85,15993.1,0.849928256,-399.2825636
7238,-417,15338,16164,19024,18955,9775,0.81,0.85,16150.5,0.852044315,-420.4431548
7240,-435,15305,16050,18981,18796,9774,0.81,0.85,15988.8,0.850649074,-406.4907427
7240,-442,15338,16257,19081,19041,9773,0.8,0.85,16269.3,0.854435166,-544.3516622
7241,-442,15309,16323,18951,19108,9774,0.81,0.85,16355.4,0.855945154,-459.4515386
7242,-443,15309,16139,18921,18884,9771,0.81,0.85,16104.2,0.852796018,-427.9601779
7243,-464,15338,16200,19090,18938,9769,0.8,0.86,16181.4,0.854440807,-544.4080684
7244,-454,15326,16144,19042,18876,9766,0.8,0.86,16106.8,0.85329519,-532.9518966
7245,-499,15316,16182,19039,18898,9765,0.8,0.86,16151.4,0.854661869,-546.6186898
7246,-476,15280,16273,19013,19006,9765,0.8,0.86,16274.8,0.856298011,-562.9801115
7247,-499,15432,15910,19134,18540,9764,0.81,0.86,15772,0.850701187,-407.0118662
7248,-515,15331,16140,19064,18837,9763,0.8,0.86,16091.1,0.85422838,-542.2838032
7250,-502,15362,16024,19064,18670,9762,0.81,0.86,15925,0.852972683,-429.7268345
7250,-523,15381,16296,19199,19004,9762,0.8,0.86,16297.2,0.857566828,-575.6682804
7251,-536,15139,16358,18980,19083,9763,0.8,0.86,16382.9,0.858507572,-585.0757218
7252,-509,15180,16193,18879,18875,9765,0.8,0.86,16155.5,0.85592053,-559.205298
7253,-535,15286,16330,19103,19029,9766,0.8,0.86,16338.7,0.858621052,-586.2105208
7254,-541,15344,16293,19147,18978,9768,0.8,0.86,16286.4,0.858172621,-581.7262093
7255,-521,15303,16343,19086,19032,9768,0.8,0.86,16352.6,0.859216057,-592.1605717
7256,-552,15232,16299,19072,18978,9771,0.8,0.86,16292.4,0.858488776,-584.8877648
7257,-562,15302,16134,19054,18761,9774,0.8,0.86,16062.3,0.856153723,-561.5372315
7258,-563,15224,16352,19064,19023,9776,0.8,0.86,16358.9,0.85995374,-599.5374021
7259,-568,15195,16332,19014,18989,9776,0.8,0.86,16328.7,0.859903102,-599.031018
7260,-574,15321,16332,19141,18971,9771,0.8,0.86,16323.3,0.860434347,-604.3434716
7261,-581,15131,16322,19044,18965,9764,0.79,0.86,16311.5,0.860084366,-700.8436594
7262,-606,15185,16345,19011,18980,9756,0.8,0.86,16339,0.86085353,-608.5353003
7263,-599,15231,16348,19084,18985,9753,0.8,0.86,16343.5,0.86086384,-608.6383987
7264,-603,15196,16341,19077,18966,9752,0.8,0.86,16330.8,0.861056628,-610.5662765
7266,-614,15257,16300,19111,18908,9761,0.8,0.86,16272.4,0.860609266,-606.0926592
7266,-642,15189,16278,19096,18884,9769,0.8,0.86,16243.2,0.860156746,-601.5674645
7267,-626,15152,16506,19109,19139,9777,0.79,0.86,16547.7,0.864606301,-746.0630127
7268,-632,15242,16259,19134,18838,9777,0.8,0.86,16210.4,0.860515978,-605.1597834
7269,-636,15096,16428,19007,19032,9778,0.79,0.86,16437.6,0.863682219,-736.8221942
7270,-652,15037,16041,18985,18558,9780,0.79,0.86,15908.4,0.857225994,-672.2599418
7271,-679,15041,16191,18998,18727,9782,0.79,0.86,16109.1,0.860207187,-702.0718748
7272,-667,14917,16278,18711,18851,9783,0.8,0.86,16233.3,0.86113734,-611.3734019
7273,-657,15154,16334,19049,18903,9784,0.8,0.86,16304.9,0.862556208,-625.5620801
7274,-663,15175,16097,19048,18616,9784,0.8,0.86,15981.8,0.858498066,-584.9806618
7275,-676,15160,16386,19070,18961,9784,0.79,0.86,16374.3,0.86357787,-735.7787037
7276,-684,15089,16513,19075,19103,9784,0.79,0.86,16543.9,0.866036748,-760.3674815
7277,-665,15180,16325,19070,18869,9784,0.8,0.87,16285.7,0.863092904,-630.929037
7278,-698,15047,16455,19021,19036,9779,0.79,0.86,16465.8,0.864982139,-749.821391
7279,-686,15106,16434,19104,18994,9767,0.79,0.87,16432.2,0.865125829,-751.2582921
7280,-713,15077,16478,19099,19053,9754,0.79,0.86,16493.9,0.865685194,-756.8519393
7281,-706,15001,16416,19017,18977,9747,0.79,0.87,16409.1,0.864683564,-746.8356431
7282,-712,15073,16412,19046,18970,9747,0.79,0.87,16403,0.864681075,-746.8107538
7283,-739,15110,16088,19051,18558,9757,0.79,0.87,15955.4,0.859758595,-697.5859468
7284,-729,15101,16410,19091,18947,9770,0.79,0.87,16394.1,0.865260991,-752.6099119
7285,-735,15076,16384,19030,18935,9783,0.79,0.87,16364.5,0.864246105,-742.461051
7286,-740,15035,16425,19110,18956,9785,0.79,0.87,16411.8,0.865783921,-757.8392066
7287,-720,15168,16316,19167,18834,9784,0.79,0.87,16266.2,0.863661463,-736.6146331
7288,-736,15106,16236,19080,18728,9780,0.79,0.87,16154.4,0.862580094,-725.8009398
7289,-741,15131,16098,19130,18558,9776,0.79,0.87,15965.4,0.860297446,-702.9744585
7290,-752,15078,16138,19074,18606,9773,0.79,0.87,16019.8,0.861001827,-710.0182737
7291,-758,15080,16218,19109,18691,9773,0.79,0.87,16125.3,0.862730726,-727.3072602
7292,-758,14923,16542,19002,19094,9774,0.79,0.87,16570.2,0.867822353,-778.2235257
7294,-775,15104,16318,19127,18827,9776,0.79,0.87,16266.1,0.863977267,-739.7726669
7295,-773,15003,16225,19005,18695,9778,0.79,0.87,16133.5,0.862984755,-729.8475528
7295,-766,14965,16533,19050,19076,9779,0.79,0.87,16555.8,0.867886349,-778.8634934
7296,-793,15031,16444,19107,18974,9778,0.79,0.87,16436.2,0.866248551,-762.4855065
7297,-758,15029,16404,19080,18936,9775,0.79,0.87,16384.8,0.865272497,-752.7249683
7298,-779,14960,16407,19051,18922,9771,0.79,0.87,16383.6,0.865849276,-758.4927598
7300,-768,14939,16442,19001,18969,9768,0.79,0.87,16432.7,0.866292372,-762.9237176
7300,-788,14984,16480,19163,19009,9768,0.78,0.87,16482.7,0.867099795,-870.9979483
7301,-794,15023,16176,19122,18631,9767,0.79,0.87,16065.3,0.862288659,-722.8865869
7302,-785,14953,16208,18984,18675,9765,0.79,0.87,16110.5,0.862677376,-726.7737617
7303,-821,14975,16340,19084,18850,9763,0.78,0.87,16295,0.864456233,-844.5623342
7304,-790,15047,16413,19116,18932,9762,0.79,0.87,16392.6,0.865867315,-758.673146
7305,-795,15011,16235,19101,18710,9762,0.79,0.87,16148,0.863067878,-730.6787814
7306,-806,14839,16444,18997,18955,9765,0.78,0.87,16430.5,0.866816143,-868.161435
7307,-805,14991,16232,19100,18698,9767,0.78,0.87,16141.4,0.863268799,-832.687988
7308,-819,14962,16058,19071,18480,9770,0.78,0.87,15902,0.860497835,-804.978355
7309,-807,14959,16371,19090,18875,9771,0.78,0.87,16333.5,0.865350993,-853.5099338
7311,-834,14901,16454,19071,18970,9772,0.78,0.87,16445,0.866895098,-868.9509752
7311,-810,14985,16365,19122,18846,9776,0.78,0.87,16318.8,0.865902579,-859.025788
7313,-827,14828,15978,19062,18430,9780,0.78,0.87,15807,0.857677699,-776.776994
7313,-820,14929,16185,19048,18643,9782,0.78,0.87,16077.9,0.862409483,-824.0948345
7314,-838,14891,16383,19046,18895,9782,0.78,0.87,16351.5,0.865387669,-853.876687
7315,-834,14838,16363,18972,18868,9778,0.78,0.87,16323.4,0.865136739,-851.3673945
7316,-823,14924,16299,19064,18791,9774,0.78,0.87,16236.3,0.864046618,-840.4661806
7318,-842,14807,16038,19065,18478,9769,0.78,0.87,15881.4,0.859476134,-794.7613378
7319,-820,14906,16463,19073,18992,9768,0.78,0.87,16460.6,0.8667123,-867.1229992
7320,-842,14853,16502,19080,19026,9769,0.78,0.87,16509.8,0.867749396,-877.4939556
7321,-842,14875,16365,19071,18861,9778,0.78,0.87,16323.3,0.865452521,-854.5252108
7322,-838,14623,16419,18890,18925,9786,0.77,0.87,16396.5,0.866393659,-963.9365918
7322,-837,14923,16120,19089,18577,9793,0.78,0.87,15993.1,0.86090865,-809.0865048
7323,-834,14753,16425,18889,18949,9793,0.78,0.87,16409.7,0.865992928,-859.9292839
7325,-844,14887,16161,19049,18622,9792,0.78,0.87,16047.6,0.861754914,-817.5491354
7326,-837,14788,16519,18980,19071,9790,0.78,0.87,16540.3,0.867301138,-873.0113785
7327,-840,14742,16487,18983,19027,9789,0.78,0.87,16495.1,0.866931203,-869.3120303
7328,-855,14794,16117,19104,18586,9789,0.77,0.87,15992.8,0.860475627,-904.7562682
7329,-870,14876,16096,19052,18553,9789,0.78,0.87,15961.9,0.860340646,-803.4064572
7330,-850,14823,16460,19050,19008,9786,0.78,0.87,16462.4,0.866077441,-860.7744108
7331,-846,14865,16396,19052,18929,9784,0.78,0.87,16374.7,0.865058904,-850.5890433
7332,-842,14703,16570,19013,19147,9782,0.77,0.87,16614.1,0.867712958,-977.1295764
7332,-856,14759,16114,19069,18610,9781,0.77,0.87,15997,0.859591617,-895.9161741
7333,-851,14655,15963,18906,18417,9779,0.78,0.87,15788.1,0.857256882,-772.5688223
7335,-853,14826,16401,19091,18949,9774,0.78,0.87,16385.7,0.864726371,-847.2637078
7336,-837,14883,16502,19104,19065,9770,0.78,0.87,16521.5,0.866587988,-865.8798846
7337,-872,14893,16218,19096,18715,9768,0.78,0.87,16132.5,0.862009084,-820.0908362
7337,-828,14861,16456,19096,19023,9768,0.78,0.87,16462.9,0.865420806,-854.2080639
7339,-850,14827,16424,19044,18977,9774,0.78,0.87,16417.1,0.865105127,-851.0512726
7340,-850,14781,16502,19079,19077,9781,0.77,0.87,16525.1,0.866231588,-962.3158778
7340,-847,14734,16455,18962,19027,9788,0.78,0.86,16463.1,0.865249382,-852.4938246
7341,-838,14464,16513,18573,19101,9788,0.78,0.86,16543.3,0.866096016,-860.9601592
7343,-841,14664,15860,18955,18354,9788,0.77,0.86,15666.2,0.853557808,-835.5780756
7344,-834,14766,16353,18926,18926,9790,0.78,0.86,16330.8,0.862876466,-828.7646624
7345,-856,14776,16384,19005,18963,9793,0.78,0.86,16372.9,0.863412962,-834.1296208
7346,-833,14890,16352,19125,18914,9794,0.78,0.86,16326.2,0.863180713,-831.807127
7347,-840,14812,16420,19093,19011,9794,0.78,0.86,16423.3,0.863884067,-838.8406712
7348,-856,14865,16395,19109,18971,9793,0.78,0.86,16386.3,0.863755205,-837.5520531
7349,-849,14803,16389,19039,18971,9791,0.78,0.86,16380.3,0.863438933,-834.3893311
7350,-839,14821,16226,19024,18764,9790,0.78,0.86,16155.2,0.860967811,-809.678107
7351,-840,14860,16383,19084,18969,9789,0.78,0.86,16373.7,0.863182034,-831.8203384
7352,-869,14357,16344,18629,18919,9787,0.77,0.86,16319.7,0.862609017,-926.0901739
7353,-829,14856,16182,19091,18720,9782,0.78,0.86,16098,0.859935897,-799.3589744
7354,-849,14725,16359,18910,18952,9777,0.78,0.86,16344.6,0.862420853,-824.2085268
7355,-836,14808,16361,19074,18950,9773,0.78,0.86,16346,0.862585752,-825.8575198
7356,-834,14771,16262,18964,18830,9773,0.78,0.86,16211,0.860913436,-809.1343601
7357,-846,14714,16455,19056,19067,9774,0.77,0.86,16475.1,0.864063565,-940.6356532
7357,-849,14895,16076,19138,18600,9776,0.78,0.86,15956,0.857849462,-778.4946237
7359,-850,14839,16096,19058,18624,9777,0.78,0.86,15983.2,0.858204467,-782.0446735
7360,-824,14796,16378,19095,18977,9777,0.77,0.86,16371.1,0.86268114,-926.8114033
7361,-847,14873,16392,19170,19004,9778,0.78,0.86,16393.2,0.862618396,-826.1839613
7362,-838,14533,16250,18867,18828,9781,0.77,0.86,16198.4,0.86033567,-903.3567028
7363,-853,14651,15955,18984,18473,9784,0.77,0.86,15796.9,0.855134521,-851.3452065
7364,-838,14834,16340,19096,18951,9786,0.78,0.86,16325.3,0.861447945,-814.479447
7365,-828,14796,16359,19084,18969,9787,0.78,0.86,16349.7,0.861916812,-819.1681164
7366,-839,14720,16375,19003,19004,9786,0.77,0.86,16376.2,0.861723848,-917.2384761
7367,-823,14713,16442,19027,19077,9784,0.77,0.86,16465.1,0.863086439,-930.8643917
7368,-822,14815,16210,19042,18805,9782,0.78,0.86,16151.5,0.858893911,-788.9391119
7368,-841,14785,16418,19133,19051,9782,0.77,0.86,16433.3,0.862595139,-925.9513936
7370,-832,14694,16403,18992,19044,9781,0.77,0.86,16416.2,0.862014283,-920.1428271
7371,-829,14867,16225,19112,18827,9779,0.78,0.86,16173.1,0.859037552,-790.3755245
7372,-832,14809,16289,19113,18907,9776,0.77,0.86,16261.1,0.860057122,-900.571217
7373,-820,14847,16003,19092,18563,9774,0.78,0.86,15871.9,0.855028821,-750.2882077
7374,-829,14843,16348,19125,18983,9773,0.78,0.86,16342.9,0.860922931,-809.2293104
7375,-836,14789,16346,19045,18994,9772,0.78,0.86,16344.2,0.860492787,-804.927872
7376,-804,14826,16280,19048,18914,9769,0.78,0.86,16254.2,0.859374009,-793.7400867
7377,-832,14721,16396,19041,19058,9766,0.77,0.86,16413.4,0.861234127,-912.341274
7378,-815,14768,16368,19096,19030,9765,0.77,0.86,16377,0.860588544,-905.885444
7379,-840,14805,16358,19084,19017,9765,0.78,0.86,16363.1,0.860445917,-804.4591681
7380,-800,14823,16374,19129,19039,9773,0.77,0.86,16385.7,0.860638689,-906.3868901
7381,-817,14803,15958,19023,18533,9782,0.78,0.86,15817.9,0.853499164,-734.9916365
7382,-818,14613,16396,18927,19077,9791,0.77,0.86,16419.1,0.860675159,-906.7515857
7383,-805,14865,16035,19108,18661,9792,0.78,0.86,15933.3,0.853828841,-738.288409
7384,-794,14706,16494,19006,19183,9791,0.77,0.86,16548.9,0.862685711,-926.8571131
7385,-803,14821,16301,19129,18967,9787,0.77,0.86,16291.1,0.858918121,-889.1812095
7386,-789,14833,16329,19132,18995,9784,0.78,0.86,16327.5,0.859568307,-795.6830745
7387,-813,14747,16251,19004,18916,9782,0.78,0.86,16225.8,0.857781772,-777.8177204
7388,-792,14882,16309,19157,18988,9782,0.78,0.86,16305.4,0.858721298,-787.2129766
7389,-808,14838,16235,19074,18899,9787,0.78,0.86,16204.7,0.857436901,-774.3690142
7390,-794,14858,16307,19107,18987,9792,0.78,0.86,16303.1,0.858645389,-786.4538895
7391,-791,14844,16310,19129,18999,9797,0.78,0.86,16309.7,0.858450445,-784.5044476
7392,-790,14393,16095,18496,18726,9796,0.78,0.86,16012.8,0.855110541,-751.1054149
7393,-780,14855,16153,19076,18816,9793,0.78,0.86,16097.8,0.85553784,-755.3784014
7394,-808,14811,16296,19055,18986,9785,0.78,0.86,16291.8,0.858095439,-780.9543874
7395,-802,14814,16287,19078,18975,9777,0.78,0.86,16279.5,0.857944664,-779.4466403
7396,-784,14898,16311,19161,19014,9773,0.78,0.86,16315.2,0.85806248,-780.6248028
7397,-785,14813,16278,19094,18980,9773,0.78,0.86,16272,0.857323498,-773.2349842
7398,-778,14803,16409,19076,19136,9775,0.78,0.86,16449.8,0.859625836,-796.2583612
7399,-784,14767,16338,19068,19050,9777,0.77,0.86,16353,0.858425197,-884.2519685
7400,-784,14758,16322,19042,19025,9780,0.78,0.86,16329.5,0.858318003,-783.1800263
7401,-779,14898,16239,19128,18943,9781,0.78,0.86,16221.9,0.85635327,-763.5327034
7402,-785,14651,16242,18864,18947,9782,0.78,0.86,16226.1,0.856394152,-763.9415211
7403,-786,14683,16000,19007,18673,9787,0.77,0.86,15901.9,0.851598565,-815.9856477
7403,-764,14676,16422,18924,19169,9791,0.78,0.86,16472.7,0.859340602,-793.4060201
7405,-774,14700,16324,19001,19043,9795,0.77,0.86,16336.9,0.85789529,-878.9528961
7406,-766,14838,16261,19107,18978,9794,0.78,0.86,16254.4,0.856486458,-764.86458
7407,-776,14894,16069,19110,18735,9790,0.78,0.86,15989.5,0.853456098,-734.5609821
7408,-746,14916,16123,19126,18820,9783,0.78,0.86,16069,0.853825717,-738.2571732
7409,-778,14803,16297,19076,19038,9776,0.78,0.86,16308.4,0.856623595,-766.2359492
7410,-756,14859,16320,19121,19065,9773,0.78,0.86,16339.5,0.857041699,-770.4169945
7411,-753,14948,16057,19170,18752,9774,0.78,0.86,15982.6,0.85231442,-723.144198
7412,-752,14632,16202,18821,18916,9782,0.78,0.86,16176.8,0.855191372,-751.9137238
7413,-746,14839,15420,19072,17988,9789,0.78,0.86,15116.4,0.84036024,-603.6024016
7414,-742,14756,16057,18897,18756,9796,0.78,0.86,15983.8,0.85219663,-721.9663041
7415,-755,14806,16283,19039,19031,9796,0.78,0.86,16292.3,0.856092691,-760.9269087
7416,-751,14877,16201,19103,18947,9793,0.78,0.86,16185.1,0.854230221,-742.3022114
7417,-751,14887,16214,19119,18947,9788,0.78,0.86,16198.1,0.854916346,-749.163456
7418,-739,14894,16073,19116,18790,9783,0.78,0.86,16010,0.852048962,-720.4896221
7419,-748,14743,16292,19047,19058,9781,0.77,0.85,16309.4,0.855777101,-857.7710148
7420,-750,14792,16309,19055,19088,9782,0.78,0.85,16335.4,0.855794216,-757.9421626
7421,-729,14922,15946,19118,18634,9777,0.78,0.86,15836.2,0.849855104,-698.5510357
7422,-727,14961,16294,19217,19073,9772,0.78,0.85,16315.9,0.85544487,-754.4486971
7423,-708,14962,16164,19156,18922,9766,0.78,0.85,16140.6,0.853007082,-730.070817
7424,-721,14588,16216,18742,18983,9766,0.78,0.85,16210.9,0.853969341,-739.6934099
7425,-729,14932,16233,19128,19012,9770,0.78,0.85,16236.6,0.854018515,-740.1851462
7426,-720,14875,16354,19167,19159,9779,0.78,0.85,16401.7,0.856083303,-760.8330289
7427,-725,14900,16100,19062,18847,9788,0.78,0.85,16054.1,0.851811959,-718.1195946
7428,-707,14949,16127,19146,18884,9794,0.78,0.85,16092.2,0.852160559,-721.605592
7429,-716,14734,16273,19012,19076,9794,0.77,0.85,16295.8,0.854256658,-842.5665758
7430,-710,14994,16036,19175,18788,9791,0.78,0.85,15972.4,0.850138386,-701.383862
7431,-705,14869,16218,19134,19002,9787,0.78,0.85,16218.6,0.853520682,-735.2068203
7432,-706,14891,15899,19044,18612,9784,0.78,0.85,15782.6,0.847979798,-679.7979798
7433,-700,14922,15828,19082,18556,9783,0.78,0.85,15694.8,0.845807286,-658.0728605
7434,-689,14799,15984,18900,18737,9784,0.78,0.85,15905.1,0.848860543,-688.6054331
7435,-707,14972,15872,19139,18597,9786,0.78,0.85,15751.1,0.846969941,-669.6994139
7436,-687,14957,16243,19171,19065,9789,0.78,0.85,16262.5,0.853002885,-730.0288487
7437,-675,14897,16179,19049,18991,9792,0.78,0.85,16176.3,0.851787689,-717.8768891
7438,-698,14967,15997,19112,18753,9792,0.78,0.85,15922.9,0.84908548,-690.8547966
7439,-706,14783,15784,19035,18495,9787,0.78,0.85,15632.5,0.84522844,-652.2844012
7440,-676,14931,16180,19107,18997,9781,0.78,0.85,16179.1,0.851666053,-716.6605253
7441,-668,14867,16163,19063,18978,9775,0.78,0.85,16156.4,0.851322584,-713.2258404
7442,-660,15005,16188,19149,19017,9774,0.78,0.85,16193.1,0.851506547,-715.0654677
7443,-674,14855,15403,19079,18070,9774,0.78,0.85,15124,0.836967349,-569.673492
7444,-663,14641,16180,18752,19019,9775,0.78,0.85,16185.7,0.851027919,-710.2791945
7445,-669,14893,16243,19072,19095,9775,0.78,0.85,16271.5,0.852134067,-721.3406651
7446,-659,14959,16116,19082,18954,9776,0.78,0.85,16102.2,0.849540994,-695.4099399
7447,-658,14892,16168,19078,19020,9776,0.78,0.85,16174,0.850368034,-703.6803365
7448,-651,15009,15820,19143,18580,9778,0.78,0.85,15694,0.84467169,-646.7168999
7449,-645,14937,16178,19143,19030,9782,0.78,0.85,16187,0.850604309,-706.0430899
7450,-649,14990,16190,19126,19046,9786,0.78,0.85,16203.8,0.850771816,-707.718156
7451,-653,14951,16137,19127,19000,9788,0.78,0.85,16137,0.849315789,-693.1578947
7452,-650,15043,15976,19163,18791,9788,0.79,0.85,15913.3,0.846857538,-568.5753818
7453,-628,15012,15838,19129,18652,9787,0.78,0.85,15733.6,0.843534205,-635.3420545
7454,-629,15008,15928,19114,18731,9787,0.79,0.85,15847.3,0.846046661,-560.4666062
7455,-638,15053,15898,19167,18712,9786,0.79,0.85,15811.6,0.844997862,-549.9786233
7456,-629,15034,16031,19182,18878,9787,0.78,0.85,15994.4,0.847250768,-672.5076809
7457,-630,14917,16147,19065,19030,9789,0.78,0.85,16156,0.848975302,-689.7530215
7458,-624,14849,15835,19039,18639,9792,0.78,0.85,15726.7,0.843752347,-637.5234723
7459,-620,15021,16069,19126,18951,9796,0.79,0.85,16054.3,0.847147908,-571.4790776
7460,-615,14990,15957,19062,18792,9797,0.79,0.85,15894.6,0.845817369,-558.1736909
7461,-600,14865,16183,19029,19091,9797,0.78,0.85,16210.3,0.849106909,-691.0690901
7462,-611,15056,16033,19151,18902,9796,0.79,0.85,16003.6,0.846661729,-566.6172892
7463,-597,14998,15778,19071,18600,9795,0.79,0.85,15658,0.841827957,-518.2795699
7464,-582,14740,16080,18730,18978,9794,0.79,0.85,16073.4,0.846949099,-569.4909896
7465,-613,14975,15930,19104,18787,9794,0.78,0.85,15866.1,0.84452547,-645.2546974
7466,-590,15047,16094,19187,19013,9791,0.78,0.85,16097.9,0.846678588,-666.7858833
7467,-595,15015,15825,19086,18675,9785,0.79,0.85,15727.5,0.842168675,-521.686747
7468,-598,14933,16070,19023,18997,9779,0.78,0.85,16069.1,0.845875665,-658.7566458
7469,-592,14959,15972,19090,18863,9775,0.78,0.85,15930.9,0.84455813,-645.5812967
7470,-592,14933,15694,19112,18523,9775,0.78,0.85,15550.9,0.83954543,-595.4543001
7471,-570,14906,16098,19053,19026,9780,0.78,0.85,16105.8,0.846515295,-665.1529486
7472,-583,14931,16190,19048,19150,9785,0.78,0.85,16235,0.847780679,-677.8067885
7473,-561,15041,15871,19083,18768,9791,0.79,0.85,15801.4,0.841933078,-519.3307758
7474,-563,15055,15805,19090,18684,9792,0.79,0.85,15710.2,0.84083708,-508.3707985
7475,-560,15134,15790,19182,18656,9793,0.79,0.85,15686.8,0.840844768,-508.4476844
7476,-540,15087,16046,19141,19007,9796,0.79,0.84,16048.1,0.844325775,-543.2577471
7477,-560,14950,16036,19010,18986,9798,0.79,0.84,16031.8,0.844401138,-544.0113768
7478,-545,15053,15683,19064,18552,9800,0.79,0.85,15548.6,0.838109099,-481.0909875
7479,-542,14991,16030,19031,18997,9800,0.79,0.84,16029.1,0.843770069,-537.7006896
7480,-532,15026,16022,19045,18992,9796,0.79,0.84,16019.6,0.843491997,-534.9199663
7481,-524,15026,16086,19133,19070,9792,0.79,0.84,16107,0.844625066,-546.2506555
7482,-525,14983,16123,19090,19130,9787,0.78,0.84,16162,0.844851019,-648.5101934
7483,-517,15135,15749,19147,18696,9786,0.79,0.84,15657.8,0.837494651,-474.9465126
7484,-532,14945,15719,19053,18617,9786,0.78,0.84,15604.1,0.838164044,-581.6404362
7485,-519,15090,15815,19078,18747,9787,0.79,0.84,15739.1,0.839552995,-495.5299515
7486,-502,14970,16006,19052,18997,9788,0.79,0.84,16005.1,0.842506712,-525.0671159
7487,-507,15023,16010,19047,19015,9788,0.79,0.84,16014.5,0.842203524,-522.0352353
7488,-499,14987,16073,19068,19097,9788,0.79,0.84,16102.1,0.843174321,-531.7432057
7489,-491,15100,16051,19130,19073,9789,0.79,0.84,16072.9,0.842704346,-527.0434646
7490,-476,15117,15987,19102,19010,9791,0.79,0.84,15990,0.841136244,-511.3624408
7491,-467,15153,15729,19130,18669,9794,0.79,0.84,15629.7,0.837200707,-472.0070705
7492,-480,15064,16041,19123,19074,9795,0.79,0.84,16063.2,0.84215162,-521.5162001
7493,-451,15106,15918,19061,18950,9795,0.79,0.84,15903,0.839208443,-492.0844327
7494,-473,14888,15934,18823,18950,9797,0.79,0.84,15919,0.84005277,-500.5277045
7495,-485,15044,15966,19049,18987,9798,0.79,0.84,15962.1,0.840685732,-506.8573234
7496,-466,14989,16027,19005,19066,9800,0.79,0.84,16046.8,0.841644813,-516.4481276
7497,-469,15150,15919,19090,18957,9800,0.79,0.84,15906.1,0.839062088,-490.6208788
7498,-465,15092,15956,19064,19000,9800,0.79,0.84,15956,0.839789474,-497.8947368
7499,-466,15070,16029,19086,19085,9800,0.79,0.84,16054.5,0.841210375,-512.1037464
7500,-447,15066,15699,18992,18670,9800,0.79,0.84,15600,0.835565078,-455.6507766
7501,-441,15082,15991,19063,19061,9799,0.79,0.84,16009.3,0.839898221,-498.982215
7502,-437,15204,15844,19141,18872,9799,0.79,0.84,15805.6,0.837515897,-475.1589657
7503,-437,15154,15855,19065,18906,9803,0.79,0.84,15826.8,0.83713107,-471.310695
7504,-418,15059,15796,18921,18828,9806,0.8,0.84,15744.4,0.836222647,-362.2264712
7505,-441,15200,15706,19115,18703,9809,0.8,0.84,15616.9,0.834994386,-349.9438593
7506,-409,15234,15879,19167,18945,9809,0.79,0.84,15862.5,0.837292162,-472.9216152
7507,-418,15237,15936,19144,19018,9805,0.8,0.84,15941.4,0.838226943,-382.269429
7508,-410,15211,15732,19111,18759,9796,0.8,0.84,15659.7,0.834783304,-347.8330401
7509,-403,15087,15941,19013,19039,9787,0.79,0.84,15952.7,0.837895898,-478.9589789
7510,-409,15063,15959,18993,19065,9782,0.79,0.84,15978.5,0.838106478,-481.0647784
7511,-394,15123,15952,19042,19052,9782,0.79,0.84,15967.6,0.838106236,-481.0623557
7512,-399,15193,16031,19170,19152,9783,0.79,0.84,16076.6,0.83942147,-494.2147034
7513,-376,15137,15677,19005,18742,9785,0.8,0.84,15599.6,0.832333796,-323.3379575
7514,-397,15210,15927,19145,19038,9787,0.79,0.84,15938.4,0.83718878,-471.8878033
7515,-390,15240,15727,19117,18796,9787,0.8,0.84,15665.8,0.833464567,-334.6456693
7516,-380,15152,15777,19072,18850,9789,0.79,0.84,15732,0.834588859,-445.8885942
7517,-382,15119,15638,18929,18684,9797,0.8,0.84,15543.2,0.831898951,-318.9895097
7518,-374,15113,15939,19039,19074,9806,0.79,0.84,15961.2,0.836804026,-468.0402642
7519,-390,15174,15925,19093,19054,9812,0.79,0.84,15941.2,0.836632728,-466.3272804
7520,-372,15220,15878,19106,18989,9812,0.8,0.84,15874.7,0.835994523,-359.9452314
7521,-354,15171,15866,18990,18995,9806,0.8,0.84,15864.5,0.835193472,-351.9347197
7522,-360,15185,15947,19134,19099,9797,0.79,0.83,15976.7,0.836520237,-465.2023666
7524,-353,15226,15592,19056,18674,9788,0.8,0.83,15494.2,0.829720467,-297.2046696
7524,-342,14948,15704,18671,18783,9786,0.8,0.84,15638.9,0.832609274,-326.0927434
7525,-346,15209,15953,19087,19104,9786,0.8,0.84,15984.2,0.836693886,-366.938861
7526,-339,15217,15896,19066,19041,9790,0.8,0.83,15908.3,0.835476078,-354.7607794
7527,-349,15281,15559,19106,18617,9794,0.8,0.84,15444.1,0.829569748,-295.6974808
7528,-332,15261,15883,19158,19047,9797,0.8,0.83,15897.1,0.834624875,-346.2487531
7529,-327,15289,15833,19115,18975,9797,0.8,0.83,15825.5,0.834018445,-340.1844532
7530,-348,15236,15504,19030,18557,9798,0.8,0.84,15371.1,0.828318155,-283.1815487
7531,-338,15131,15868,19015,19033,9800,0.8,0.83,15877.9,0.834230022,-342.3002154
7532,-329,15200,15960,19114,19139,9802,0.8,0.83,16001.7,0.836078165,-360.78165
7533,-335,15148,15293,19061,18322,9803,0.79,0.83,15089.6,0.823578212,-335.7821199
7534,-312,15317,15888,19136,19064,9803,0.8,0.83,15907.2,0.834410407,-344.1040705
7535,-325,15290,15686,19104,18789,9802,0.8,0.83,15622.7,0.831481186,-314.811858
7536,-296,15167,15884,18987,19056,9802,0.8,0.83,15900.8,0.834424853,-344.2485306
7537,-312,15289,15892,19104,19076,9802,0.8,0.83,15914.8,0.834283917,-342.8391696
7539,-319,15273,15890,19124,19081,9802,0.8,0.83,15914.3,0.834039096,-340.3909648
7539,-298,15326,15753,19096,18909,9800,0.8,0.83,15725.7,0.831651594,-316.5159448
7540,-293,15228,15914,19071,19104,9797,0.8,0.83,15945.2,0.834652429,-346.5242881
7541,-291,15159,15922,18989,19119,9793,0.8,0.83,15957.7,0.834651394,-346.513939
7542,-297,15334,15688,19087,18817,9791,0.8,0.83,15633.1,0.83079662,-307.9662008
7543,-287,15243,14876,19022,17829,9791,0.8,0.83,14524.7,0.814667115,-146.6711537
7545,-299,15320,15517,19067,18601,9788,0.8,0.83,15397.3,0.827767324,-277.6732434
7545,-293,15363,15813,19138,18983,9786,0.8,0.83,15807.9,0.83273982,-327.3981984
7546,-266,15397,15793,19137,18963,9784,0.8,0.83,15781.9,0.832247007,-322.4700733
7547,-295,15281,15858,19092,19041,9784,0.8,0.83,15870.3,0.833480384,-334.8038443
7548,-283,15303,15862,19138,19064,9786,0.8,0.83,15881.2,0.83304658,-330.4657994
7549,-285,15223,15865,19023,19062,9790,0.8,0.83,15883.6,0.833259889,-332.5988878
7550,-275,15258,15813,18998,18985,9793,0.8,0.83,15808.5,0.832683698,-326.8369766
7551,-259,15339,15857,19125,19052,9795,0.8,0.83,15872.6,0.833119882,-331.1988243
7552,-265,15481,15635,19224,18759,9795,0.81,0.83,15562.7,0.829612453,-196.1245269
7553,-270,15182,15476,19014,18608,9791,0.8,0.83,15358.4,0.825365434,-253.6543422
7554,-261,15377,15838,19170,19034,9787,0.8,0.83,15848.2,0.832625827,-326.2582747
7555,-254,15386,15563,19091,18678,9782,0.81,0.83,15466.4,0.828054396,-180.5439555
7557,-239,15386,15816,19103,19014,9781,0.81,0.83,15820.2,0.832029031,-220.2903124
7557,-259,15370,15727,19068,18899,9782,0.81,0.83,15696.7,0.830557172,-205.5717234
7559,-264,15337,15873,19112,19085,9786,0.8,0.83,15898.5,0.833036416,-330.3641603
7560,-247,15293,15870,19062,19078,9790,0.8,0.83,15893.4,0.833074746,-330.7474578
7560,-239,15410,15825,19139,19018,9794,0.81,0.83,15830.4,0.832390367,-223.9036702
7561,-250,15355,15894,19155,19112,9794,0.8,0.83,15927.6,0.833382168,-333.8216827
7562,-247,15426,15591,19118,18704,9791,0.81,0.83,15502.2,0.828817365,-188.1736527
7563,-238,15424,15585,19116,18709,9787,0.81,0.83,15497.7,0.828355337,-183.55337
7564,-245,15322,15878,19057,19086,9783,0.8,0.83,15903.8,0.83327046,-332.7046002
7565,-263,15301,15859,19067,19059,9782,0.8,0.83,15876.7,0.833029015,-330.2901516
7566,-257,15291,15839,19091,19031,9784,0.8,0.83,15848.3,0.832762335,-327.6233514
7567,-257,15414,15870,19145,19079,9792,0.81,0.83,15893.7,0.833046805,-230.4680539
7568,-239,15451,15767,19147,18943,9801,0.81,0.83,15749.9,0.831436415,-214.3641451
7569,-239,15408,15794,19107,18988,9808,0.81,0.83,15790.4,0.831598905,-215.9890457
7570,-231,15341,15826,19064,19023,9808,0.8,0.83,15832.9,0.832303002,-323.0300163
7571,-248,15399,15444,19061,18528,9807,0.81,0.83,15302.4,0.825906736,-159.0673575
7572,-214,15463,15589,19133,18708,9806,0.81,0.83,15501.4,0.828597391,-185.9739149
7573,-230,15402,15238,19174,18277,9805,0.8,0.83,15021.1,0.821858073,-218.5807299
7574,-231,15305,15856,18934,19056,9805,0.81,0.83,15872.8,0.8329555,-229.5549958
7575,-242,15431,15819,19126,19005,9804,0.81,0.83,15820.5,0.832438832,-224.3883189
7577,-222,15397,15901,19140,19105,9804,0.8,0.83,15932.5,0.833943994,-339.4399372
7578,-243,15395,15863,19081,19062,9804,0.81,0.83,15881.6,0.833154968,-231.54968
7579,-225,15374,15795,19103,18982,9804,0.8,0.83,15789.6,0.831819619,-318.1961859
7579,-239,15498,15643,19153,18752,9804,0.81,0.83,15568.6,0.830236775,-202.3677474
7580,-241,14993,15345,18677,18410,9803,0.8,0.83,15168,0.823900054,-239.0005432
7581,-215,15418,15629,19054,18742,9802,0.81,0.83,15551.6,0.829772703,-197.7270302
7582,-243,15490,15777,19127,18951,9801,0.81,0.83,15762.3,0.83173975,-217.3974988
7583,-231,15310,15581,19058,18726,9800,0.8,0.83,15498.8,0.827662074,-276.6207412
7584,-216,15291,15796,18852,18967,9800,0.81,0.83,15786.1,0.83229293,-222.9292983
7585,-225,15504,15519,19143,18591,9796,0.81,0.83,15396.3,0.828158787,-181.5878651
7587,-213,15394,15868,19058,19048,9791,0.81,0.83,15882.4,0.833809324,-238.0932381
7588,-238,15317,15861,19021,19038,9786,0.81,0.83,15872.4,0.83372203,-237.2202962
7588,-245,15408,15750,19000,18899,9785,0.81,0.83,15719.7,0.831774168,-217.7416795
7589,-226,15483,15727,19127,18852,9789,0.81,0.83,15682.6,0.831879907,-218.7990664
7590,-219,15538,15553,19179,18629,9799,0.81,0.83,15441.7,0.828906544,-189.0654356
7591,-214,15452,15840,19089,18999,9809,0.81,0.83,15839.7,0.833712301,-237.1230065
7592,-243,15454,15927,19128,19099,9815,0.81,0.83,15956.7,0.835473061,-254.7306142
7593,-247,15332,15441,19071,18478,9815,0.8,0.84,15284.4,0.827167442,-271.6744236
7594,-223,15300,15783,18846,18910,9809,0.81,0.83,15756,0.833209942,-232.0994183
7595,-229,15462,15828,19073,18974,9801,0.81,0.83,15820.2,0.833783072,-237.8307157
7596,-226,15457,15855,19085,18989,9793,0.81,0.83,15851.7,0.834783296,-247.8329559
7597,-226,15472,15884,19126,19036,9791,0.81,0.83,15894.8,0.834986342,-249.8634167
7598,-240,15482,15864,19135,19000,9792,0.81,0.83,15864,0.834947368,-249.4736842
7599,-237,15499,15721,19090,18794,9797,0.81,0.84,15659.2,0.833202086,-232.0208577
7600,-234,15401,15944,19054,19090,9803,0.81,0.84,15971,0.836616029,-266.1602933
7601,-220,15519,15912,19139,19054,9807,0.81,0.84,15928.2,0.835950457,-259.504566
7603,-223,15437,15876,19055,19007,9808,0.81,0.84,15878.1,0.835381701,-253.8170148
7603,-251,15352,15428,19079,18428,9810,0.8,0.84,15256.4,0.827892338,-278.9233775
7604,-224,15398,15932,19055,19065,9815,0.81,0.84,15951.5,0.83669027,-266.9027013
7605,-247,15537,15577,19162,18607,9819,0.81,0.84,15459.1,0.830821734,-208.2173376
7607,-242,15544,15566,19161,18583,9821,0.81,0.84,15440.9,0.830915353,-209.1535274
7607,-243,15399,15929,19063,19054,9820,0.81,0.84,15945.2,0.836842658,-268.4265771
7608,-246,15426,15978,19099,19105,9812,0.81,0.84,16009.5,0.837974352,-279.7435226
7609,-259,15433,15929,19071,19050,9804,0.81,0.84,15944,0.836955381,-269.5538058
7611,-237,15489,15905,19122,19007,9797,0.81,0.84,15907.1,0.836907455,-269.0745515
7612,-244,15460,15880,19129,18968,9797,0.81,0.84,15870.4,0.836693378,-266.9337832
7612,-241,15514,15786,19154,18847,9794,0.81,0.84,15740.1,0.835151483,-251.5148299
7613,-262,15359,15460,19083,18478,9791,0.8,0.84,15303.4,0.828195692,-281.9569217
7614,-259,15454,15681,19034,18702,9787,0.81,0.84,15591.6,0.833686237,-236.8623677
7615,-262,15569,15718,19182,18743,9785,0.81,0.84,15640.9,0.834492877,-244.9287734
7617,-263,15487,15843,19136,18905,9786,0.81,0.84,15814.5,0.836524729,-265.2472891
7617,-260,15551,15855,19205,18905,9788,0.81,0.84,15826.5,0.837159482,-271.5948162
7618,-265,15474,15939,19157,19014,9791,0.81,0.84,15943.2,0.838497949,-284.9794888
7619,-261,15493,15828,19098,18865,9794,0.81,0.84,15787.5,0.836867214,-268.6721442
7620,-265,15432,16017,19102,19106,9795,0.81,0.84,16048.8,0.839987439,-299.874385
7622,-270,15501,15768,19104,18784,9795,0.81,0.84,15703.2,0.835988075,-259.8807496
7622,-270,15547,16006,19239,19084,9795,0.81,0.84,16031.2,0.840033536,-300.3353595
7624,-253,15524,15914,19144,18972,9795,0.81,0.84,15905.6,0.838372338,-283.7233818
7624,-280,15466,15903,19100,18938,9795,0.81,0.84,15884.4,0.838758053,-287.5805259
7625,-278,15552,15913,19173,18967,9795,0.81,0.84,15903.1,0.838461538,-284.6153846
7626,-274,15443,16014,19123,19073,9796,0.81,0.84,16035.9,0.840764431,-307.644314
7627,-289,15463,16001,19122,19054,9798,0.81,0.84,16017.2,0.840621392,-306.2139183
7628,-281,15461,15890,19123,18905,9799,0.81,0.84,15861.5,0.839010844,-290.1084369
7629,-287,15489,15987,19135,19034,9799,0.81,0.84,15997.2,0.840453925,-304.5392456
7631,-288,15474,15745,19084,18705,9801,0.81,0.84,15656.5,0.837022187,-270.2218658
7631,-292,15401,16024,19118,19064,9805,0.81,0.84,16043.2,0.841544272,-315.4427193
7632,-287,15510,15758,19123,18718,9809,0.81,0.84,15673.4,0.837343733,-273.437333
7633,-293,15320,15716,19041,18686,9812,0.8,0.84,15621.8,0.836016269,-360.1626886
7634,-292,15529,15731,19155,18692,9812,0.81,0.84,15638.6,0.836646694,-266.4669377
7635,-303,15499,15890,19136,18885,9812,0.81,0.84,15855.5,0.839581679,-295.8167858
7636,-312,15403,15626,19145,18543,9812,0.8,0.84,15488.9,0.835296338,-352.9633824
7638,-305,15404,16077,19093,19113,9812,0.81,0.84,16110.9,0.842928897,-329.2889656
7639,-311,15381,16068,19098,19094,9813,0.81,0.84,16096.2,0.8429978,-329.9780036
7640,-328,15419,15996,19103,19008,9811,0.81,0.84,15998.4,0.841666667,-316.6666667
7641,-305,15369,16077,19014,19101,9798,0.81,0.84,16107.3,0.843269986,-332.6998586
7641,-305,15476,15697,19109,18604,9785,0.81,0.84,15578.2,0.837357558,-273.5755751
7642,-314,15518,15830,19151,18769,9774,0.81,0.84,15760.7,0.839719751,-297.1975065
7644,-326,15310,15495,19066,18363,9774,0.8,0.84,15303.9,0.833409574,-334.095736
7644,-323,15314,16026,18949,19020,9778,0.81,0.84,16032,0.842902208,-329.022082
7645,-321,15381,16047,19024,19041,9784,0.81,0.84,16059.3,0.843406334,-334.063337
7647,-322,15564,15840,19211,18759,9789,0.81,0.84,15767.7,0.840540541,-305.4054054
7648,-330,15345,16128,18997,19127,9792,0.81,0.84,16166.1,0.845197888,-351.978878
7649,-317,15459,16066,19109,19059,9791,0.81,0.84,16083.7,0.843890026,-338.9002571
7649,-312,15445,16108,19136,19094,9792,0.81,0.84,16136.2,0.845092699,-350.9269928
7651,-341,15470,16030,19135,19001,9793,0.81,0.84,16030.3,0.843655597,-336.5559707
7651,-342,15392,16087,19116,19056,9794,0.81,0.84,16103.8,0.845077666,-350.7766583
7652,-351,15508,16072,19225,19036,9794,0.81,0.84,16082.8,0.844862366,-348.6236604
7654,-339,15481,15864,19127,18778,9794,0.81,0.84,15797.4,0.841271701,-312.7170093
7655,-335,15277,15973,18858,18907,9794,0.81,0.84,15945.1,0.843343735,-333.4373512
7656,-345,15441,15893,19092,18802,9794,0.81,0.85,15833.6,0.842123178,-321.2317839
7657,-350,15436,15819,19076,18696,9795,0.81,0.85,15727.8,0.841238768,-312.3876765
7658,-357,15475,15787,19124,18658,9795,0.81,0.85,15684.4,0.840626005,-306.2600493
7659,-370,15293,16140,19037,19096,9798,0.8,0.85,16168.8,0.846711353,-467.1135316
7660,-355,15438,16102,19137,19046,9800,0.81,0.85,16115.8,0.846151423,-361.5142287
7661,-354,15400,16103,19090,19045,9803,0.81,0.85,16116.5,0.846232607,-362.3260698
7661,-339,15412,16125,19106,19068,9803,0.81,0.85,16145.4,0.846727502,-367.2750157
7662,-364,15399,16196,19108,19150,9803,0.81,0.85,16241,0.848093995,-380.9399478
7663,-346,15453,16031,19112,18961,9804,0.81,0.85,16019.3,0.844855229,-348.5522915
7665,-365,15488,15993,19161,18900,9804,0.81,0.85,15963,0.844603175,-346.031746
7666,-391,15400,16092,19136,19022,9805,0.8,0.85,16098.6,0.846314793,-463.147934
7667,-373,15496,15874,19186,18726,9804,0.81,0.85,15791.8,0.843308769,-333.0876856
7668,-380,15406,16123,19084,19049,9805,0.81,0.85,16137.7,0.84716783,-371.6783033
7669,-377,15451,15988,19120,18872,9805,0.81,0.85,15949.6,0.845146248,-351.4624841
7669,-392,15468,15981,19173,18850,9806,0.81,0.85,15936,0.845411141,-354.1114058
7671,-394,15402,16192,19195,19131,9806,0.8,0.85,16231.3,0.848429251,-484.2925095
7671,-394,15414,16139,19123,19052,9805,0.81,0.85,16154.6,0.847921478,-379.2147806
7673,-407,15332,16175,19032,19095,9802,0.81,0.85,16203.5,0.848572925,-385.7292485
7674,-385,15432,16002,19125,18901,9799,0.81,0.85,15972.3,0.845050526,-350.5052643
7675,-391,15431,16115,19146,19024,9798,0.81,0.85,16122.2,0.847466358,-374.6635828
7676,-415,15340,15912,19032,18757,9798,0.81,0.85,15839.1,0.844436744,-344.3674362
7677,-384,15405,16136,19094,19039,9799,0.81,0.85,16147.7,0.848138032,-381.3803246
7677,-387,15372,16129,19052,19039,9799,0.81,0.85,16140.7,0.847770366,-377.7036609
7679,-404,15389,15869,19085,18701,9800,0.81,0.85,15779.3,0.843767713,-337.6771296
7680,-403,15356,16224,19110,19136,9800,0.8,0.85,16264.8,0.849958194,-499.5819398
7681,-405,15394,16217,19137,19130,9800,0.8,0.85,16256,0.849764767,-497.6476738
7682,-412,15342,16096,19053,18967,9799,0.81,0.85,16086.1,0.848109875,-381.0987505
7682,-421,15333,16283,19110,19213,9798,0.8,0.85,16346.9,0.850824962,-508.2496227
7684,-423,14059,15965,17621,18835,9797,0.8,0.85,15915.5,0.844996018,-449.9601805
7685,-397,15014,16226,18737,19142,9797,0.8,0.85,16268.6,0.849890294,-498.902936
7686,-436,15377,15833,19074,18640,9801,0.81,0.85,15725,0.84361588,-336.1587983
7687,-426,15313,16160,19077,19068,9807,0.8,0.85,16180.4,0.848563038,-485.6303755
7687,-421,15383,16221,19114,19129,9814,0.8,0.85,16259.7,0.850002614,-500.0261383
7689,-428,15440,15875,19169,18699,9817,0.81,0.85,15784.7,0.844146746,-341.4674582
7690,-438,15308,15799,19146,18589,9817,0.8,0.85,15675.7,0.843278283,-432.7828286
7691,-423,15315,16230,19144,19128,9813,0.8,0.85,16268.4,0.850501882,-505.0188206
7692,-440,15355,16132,19112,18999,9809,0.8,0.85,16131.7,0.849081531,-490.8153061
7693,-422,15468,16076,19259,18938,9805,0.8,0.85,16057.4,0.847893125,-478.9312493
7694,-425,15254,16172,19100,19068,9805,0.8,0.85,16192.4,0.849192364,-491.9236417
7695,-429,15089,16135,18783,19027,9807,0.8,0.85,16143.1,0.848431177,-484.3117675
7695,-445,15270,15858,19125,18665,9811,0.8,0.85,15757.5,0.844227163,-442.2716314
7696,-428,15343,16170,19122,19064,9814,0.8,0.85,16189.2,0.849202686,-492.0268569
7698,-434,15303,16203,19080,19106,9816,0.8,0.85,16234.8,0.8497226,-497.2260023
7699,-446,15295,16168,19072,19058,9816,0.8,0.85,16185.4,0.849270647,-492.706475
7700,-424,15338,16195,19180,19084,9806,0.8,0.85,16220.2,0.84993712,-499.371201
7701,-424,15361,16161,19128,19056,9796,0.8,0.85,16177.8,0.848960957,-489.6095718
7702,-433,15397,16173,19164,19062,9787,0.8,0.85,16191.6,0.84941769,-494.1768964
7703,-432,15344,16280,19182,19193,9786,0.8,0.85,16337.9,0.851242641,-512.4264055
7703,-444,15212,16215,19094,19119,9789,0.8,0.85,16250.7,0.849976463,-499.764632
7705,-445,15025,16180,18775,19073,9797,0.8,0.85,16201.9,0.849467834,-494.6783411
7705,-431,15413,15916,19180,18730,9805,0.8,0.85,15835,0.845435131,-454.3513081
7706,-450,15303,15860,19043,18669,9809,0.8,0.85,15760.7,0.844217687,-442.1768707
7708,-443,15374,16077,19138,18953,9809,0.8,0.85,16062.9,0.847512267,-475.1226719
7709,-446,15350,15879,19117,18684,9809,0.8,0.85,15784.2,0.844797688,-447.9768786
7710,-432,15354,16175,19149,19063,9810,0.8,0.85,16193.9,0.849493784,-494.9378377
7711,-453,15208,15840,19090,18634,9810,0.8,0.85,15730.2,0.844166577,-441.6657722
7712,-435,15368,15815,19139,18616,9811,0.8,0.85,15699.8,0.843349807,-433.4980662
7712,-446,15381,15922,19164,18728,9810,0.8,0.85,15840.4,0.845813755,-458.1375481
7713,-444,15349,15817,19125,18621,9805,0.8,0.85,15703.3,0.843311315,-433.1131518
7714,-438,15276,16079,19029,18955,9801,0.8,0.85,16065.5,0.847560011,-475.6001055
7716,-469,15300,16084,19121,18962,9797,0.8,0.85,16072.6,0.847621559,-476.2155891
7716,-474,15285,16071,19097,18937,9797,0.8,0.85,16052.1,0.847658024,-476.5802397
7718,-468,15317,16088,19139,18958,9799,0.8,0.85,16075.4,0.847948096,-479.4809579
7719,-461,15239,15792,19148,18587,9800,0.8,0.85,15668.1,0.842960133,-429.6013343
7720,-467,15262,15770,19168,18565,9802,0.8,0.85,15639.5,0.842418529,-424.1852949
7721,-448,15303,16173,19121,19073,9802,0.8,0.85,16194.9,0.849100823,-491.0082315
7721,-460,15263,16230,19113,19131,9802,0.8,0.85,16269.3,0.850415556,-504.155559
7722,-485,15199,15849,19103,18662,9802,0.8,0.85,15747.6,0.843832387,-438.3238667
7723,-470,15162,16192,19068,19088,9801,0.8,0.85,16218.4,0.849664711,-496.6471081
7725,-444,15213,16041,18949,18918,9801,0.8,0.85,16016.4,0.846622265,-466.2226451
7725,-463,15029,16156,18796,19048,9801,0.8,0.85,16170.4,0.848929021,-489.2902142
7727,-459,15074,16184,18838,19088,9803,0.8,0.85,16210.4,0.849245599,-492.4559933
7728,-462,15361,15983,19162,18829,9806,0.8,0.85,15931.7,0.846125657,-461.2565723
7729,-453,15343,16120,19144,19009,9809,0.8,0.85,16122.7,0.848161397,-481.6139723
7730,-462,15258,16209,19151,19122,9811,0.8,0.85,16245.6,0.849576404,-495.7640414
7730,-459,15291,16113,19143,19000,9811,0.8,0.85,16113,0.848052632,-480.5263158
7732,-450,15201,16144,19067,19035,9814,0.8,0.85,16154.5,0.848673496,-486.7349619
7732,-485,15246,16202,19142,19113,9818,0.8,0.85,16235.9,0.849468948,-494.6894784
7734,-459,15173,16269,19110,19195,9821,0.79,0.85,16327.5,0.850612139,-606.1213858
7734,-467,15202,15394,19056,18135,9821,0.8,0.85,15134.5,0.834546457,-345.4645713
7736,-478,15219,15726,19155,18527,9819,0.79,0.85,15584.1,0.84115615,-511.5615048
7736,-457,15220,16068,19033,18954,9816,0.8,0.85,16054.2,0.847008547,-470.0854701
7738,-472,15345,15822,19162,18648,9812,0.8,0.85,15716.4,0.842792793,-427.9279279
7739,-453,15329,16079,19176,18974,9810,0.8,0.85,16071.2,0.8470117,-470.1170022
7740,-467,15225,16200,19128,19115,9810,0.8,0.85,16234.5,0.849306827,-493.068271
7741,-462,15087,16160,18915,19076,9808,0.8,0.85,16182.8,0.848332984,-483.3298385
7742,-457,15235,16121,19092,19035,9806,0.8,0.85,16131.5,0.847465196,-474.6519569
7743,-469,15438,16132,19314,19049,9804,0.8,0.85,16146.7,0.847640296,-476.4029608
7744,-476,15118,16225,19071,19139,9804,0.79,0.85,16266.7,0.849924238,-599.2423847
7745,-455,15240,15917,19045,18773,9803,0.8,0.85,15848.9,0.844239067,-442.3906674
7746,-468,15214,16167,19070,19077,9801,0.8,0.85,16190.1,0.848671175,-486.7117471
7747,-465,15314,15970,19152,18823,9799,0.8,0.85,15916.9,0.845609095,-456.0909526
7747,-472,15238,16206,19156,19135,9798,0.8,0.85,16246.5,0.84904625,-490.4625033
7749,-461,15323,16168,19215,19095,9798,0.8,0.85,16196.5,0.848206337,-482.0633674
7750,-456,15231,15819,19012,18645,9801,0.8,0.85,15712.5,0.842719228,-427.1922767
7750,-465,15232,15904,19050,18746,9804,0.8,0.85,15827.8,0.844329457,-443.2945695
7752,-456,15195,16250,19072,19188,9807,0.8,0.85,16306.4,0.849822806,-498.2280592
7753,-474,15282,15989,19156,18862,9808,0.8,0.85,15947.6,0.845488283,-454.8828332
7753,-487,15086,16191,19036,19125,9808,0.79,0.85,16228.5,0.84854902,-585.4901961
7755,-478,15158,15786,19111,18617,9811,0.79,0.85,15671.1,0.841762905,-517.6290487
7756,-481,15205,15831,19163,18675,9813,0.79,0.85,15733.5,0.84248996,-524.8995984
7757,-474,15103,16248,19051,19189,9815,0.79,0.85,16304.7,0.849689927,-596.8992652
7758,-467,15395,16117,19257,19039,9815,0.8,0.85,16128.7,0.847140081,-471.4008089
7759,-462,14795,15928,18731,18819,9813,0.79,0.85,15873.7,0.843493278,-534.9327807
7759,-459,15172,16180,19095,19109,9810,0.79,0.85,16212.7,0.848432676,-584.326757
7761,-470,15264,16142,19130,19061,9807,0.8,0.85,16160.3,0.847820156,-478.2015634
7762,-472,15270,16130,19156,19052,9806,0.8,0.85,16145.6,0.847449087,-474.4908671
7763,-468,15235,16213,19136,19158,9805,0.8,0.85,16260.4,0.848752479,-487.5247938
7764,-478,15032,16099,18969,19016,9801,0.79,0.85,16103.8,0.84685528,-568.5527976
7765,-469,15045,16021,18812,18928,9796,0.8,0.85,15999.4,0.845276839,-452.7683855
7766,-472,15290,16094,19162,19012,9792,0.8,0.85,16097.6,0.846707343,-467.0734273
7766,-475,15248,16205,19206,19141,9792,0.79,0.85,16247.3,0.848821901,-588.2190063
7767,-474,15286,16061,19169,18960,9795,0.8,0.85,16049,0.846466245,-464.6624473
7768,-476,15092,15795,19055,18626,9799,0.79,0.85,15682.8,0.841984323,-519.8432299
7769,-479,15204,16195,19153,19132,9803,0.79,0.85,16234.6,0.848557391,-585.5739076
7770,-485,15190,16184,19113,19119,9805,0.79,0.85,16219.7,0.848355039,-583.5503949
7771,-470,15200,16178,19112,19106,9805,0.8,0.85,16209.8,0.848414111,-484.1411075
7772,-488,15160,16192,19085,19124,9813,0.79,0.85,16229.2,0.848629994,-586.2999373
7773,-494,15127,15890,18952,18745,9820,0.8,0.85,15813.5,0.84361163,-436.1162977
7774,-484,15221,16060,19091,18978,9828,0.8,0.85,16053.4,0.845895247,-458.9524713
7775,-474,15267,16125,19152,19053,9828,0.8,0.85,16140.9,0.847157928,-471.5792789
7775,-481,15222,15827,19071,18672,9825,0.8,0.85,15728.6,0.842362896,-423.6289632
7776,-493,15263,16104,19154,19034,9818,0.8,0.85,16114.2,0.84660082,-466.0081959
7777,-499,15159,16125,19056,19048,9810,0.8,0.85,16139.4,0.847301554,-473.0155397
7778,-485,15290,15878,19164,18729,9806,0.8,0.85,15796.7,0.843435314,-434.3531422
7779,-484,15185,16153,19105,19088,9806,0.79,0.85,16179.4,0.847621542,-576.2154233
7779,-461,15266,16121,19175,19049,9808,0.8,0.85,16135.7,0.847062838,-470.6283794
7780,-479,15213,16224,19164,19163,9811,0.79,0.85,16272.9,0.849183322,-591.8332203
7781,-483,15177,16240,19137,19179,9813,0.79,0.85,16293.7,0.849559414,-595.5941394
7782,-498,15263,15854,19132,18696,9813,0.8,0.85,15762.8,0.843110826,-431.1082585
7782,-481,15166,16140,19010,19070,9813,0.8,0.85,16161,0.847456738,-474.5673833
7783,-475,15211,16112,19096,19017,9814,0.8,0.85,16117.1,0.847510123,-475.1012252
7784,-483,15135,16234,19079,19175,9815,0.79,0.85,16286.5,0.849361147,-593.6114733
7785,-489,15190,16176,19094,19107,9816,0.8,0.85,16208.1,0.848280735,-482.8073481
7785,-476,15172,16049,19002,18949,9816,0.8,0.85,16033.7,0.846150193,-461.5019262
7786,-474,15242,16110,19115,19038,9811,0.8,0.85,16121.4,0.846801135,-468.0113457
7787,-475,15190,16105,19117,19006,9806,0.79,0.85,16106.8,0.847458697,-574.5869725
7787,-487,15345,16205,19285,19139,9801,0.8,0.85,16246.7,0.848879252,-488.7925179
7788,-469,15102,16068,19058,18963,9799,0.79,0.85,16056.9,0.846748932,-567.4893213
7789,-500,15205,15950,19062,18840,9799,0.8,0.85,15902,0.844055202,-440.552017
7790,-502,15300,16100,19211,19026,9798,0.8,0.85,16107.8,0.846620414,-466.2041417
7790,-504,15094,16161,19063,19088,9797,0.79,0.85,16187.4,0.848040654,-580.4065381
7791,-527,15228,16147,19135,19074,9796,0.8,0.85,16169.2,0.847708923,-477.0892314
7792,-511,15173,16148,19117,19070,9796,0.79,0.85,16169,0.847876245,-578.7624541
7792,-490,15173,16156,19128,19075,9798,0.79,0.85,16178.5,0.848152031,-581.5203145
7793,-490,15241,15951,19113,18805,9802,0.8,0.85,15892.5,0.845120978,-451.2097846
7793,-480,15254,16180,19170,19105,9806,0.8,0.85,16211.5,0.848547501,-485.4750065
7793,-502,15206,15940,19075,18803,9808,0.8,0.85,15880.9,0.844593948,-445.9394777
7794,-496,15069,16115,19075,19022,9808,0.79,0.85,16121.6,0.84752392,-575.2391967
7795,-487,15066,15892,18871,18733,9809,0.8,0.85,15811.9,0.84406662,-440.666204
7795,-493,15280,15859,19166,18686,9810,0.8,0.85,15764.8,0.843669057,-436.6905705
7796,-504,15183,15759,19057,18572,9810,0.8,0.85,15630.6,0.841621796,-416.2179625
7796,-495,15171,16209,19094,19139,9810,0.79,0.85,16250.7,0.849088249,-590.8824912
7797,-507,15174,16067,19108,18959,9812,0.79,0.85,16054.7,0.846811541,-568.1154069
7797,-515,15262,15800,19149,18628,9814,0.8,0.85,15688.4,0.842194546,-421.9454584
7798,-495,15178,16188,19069,19109,9817,0.8,0.85,16220.7,0.848851327,-488.513266
7798,-502,15165,16106,19107,18991,9817,0.79,0.85,16103.3,0.847943763,-579.4376284
7799,-500,15272,16212,19262,19149,9817,0.79,0.85,16256.7,0.84895817,-589.5817014
7799,-520,15117,16128,19095,19038,9811,0.79,0.85,16139.4,0.847746612,-577.4661204
7800,-508,15147,16134,18995,19043,9805,0.8,0.85,16146.9,0.84791787,-479.1787008
7800,-499,15199,16238,19174,19171,9799,0.79,0.85,16289.3,0.849684419,-596.8441917
7801,-498,15216,16165,19151,19080,9799,0.79,0.85,16189,0.848480084,-584.8008386
7801,-503,15278,16116,19204,19023,9802,0.8,0.85,16122.9,0.847547705,-475.4770541
7801,-515,15156,16179,19106,19096,9811,0.79,0.85,16207.8,0.848753666,-587.5366569
7802,-493,15246,16101,19144,18999,9820,0.8,0.85,16100.7,0.847449866,-474.4986578
7802,-497,15200,16023,19105,18897,9826,0.8,0.85,15992.1,0.846277187,-462.7718686
7802,-502,15178,15809,19045,18630,9826,0.8,0.85,15698,0.842619431,-426.1943103
7803,-504,15122,16239,19080,19171,9821,0.79,0.85,16290.3,0.849736581,-597.3658129
7803,-520,14954,16149,18923,19067,9813,0.79,0.85,16169.1,0.848014895,-580.1489484
7804,-501,15222,15974,19107,18843,9806,0.8,0.85,15926.9,0.845242265,-452.4226503
7803,-513,15240,16107,19127,19011,9805,0.8,0.85,16110.3,0.847419915,-474.1991479
7804,-504,15134,16079,19085,18977,9807,0.79,0.85,16072.1,0.846925225,-569.2522527
7804,-516,15194,16041,19105,18929,9811,0.8,0.85,16019.7,0.846304612,-463.0461197
7805,-501,15186,16272,19166,19209,9815,0.79,0.85,16334.7,0.850367015,-603.6701546
7805,-493,15217,16028,19090,18900,9817,0.8,0.85,15998,0.846455026,-464.5502646
7805,-497,15227,16156,19130,19065,9817,0.8,0.85,16175.5,0.848439549,-484.3954891
7805,-496,15215,16015,19168,18882,9819,0.79,0.85,15979.6,0.84628747,-562.8746955
7806,-500,15302,16201,19225,19122,9820,0.8,0.85,16237.6,0.849158038,-491.5803786
7806,-511,15087,16012,19060,18863,9822,0.79,0.85,15970.9,0.846678683,-566.7868314
7806,-503,15075,15919,19070,18785,9822,0.79,0.85,15854.5,0.843997871,-539.9787064
7807,-514,15072,16187,19045,19106,9821,0.79,0.85,16218.8,0.848885167,-588.8516696
7807,-530,15192,16118,19113,19018,9813,0.79,0.85,16123.4,0.847796824,-577.9682406
7807,-518,15133,16193,19097,19105,9805,0.79,0.85,16224.5,0.849227951,-592.279508
7807,-505,15269,15820,19172,18629,9800,0.8,0.85,15708.7,0.843239036,-432.3903591
7807,-496,15175,16177,19122,19082,9800,0.79,0.85,16201.6,0.849051462,-590.5146211
7807,-514,15176,15856,19044,18677,9804,0.8,0.85,15759.1,0.843770413,-437.7041281
7808,-504,15219,16184,19152,19079,9811,0.79,0.85,16207.7,0.849504691,-595.0469102
7808,-505,15258,16246,19225,19166,9818,0.79,0.85,16295.8,0.850245226,-602.4522592
7809,-516,15215,16260,19118,19182,9821,0.8,0.85,16314.6,0.850516109,-505.1610885
7808,-507,15024,15868,18834,18683,9821,0.8,0.85,15772.9,0.844238077,-442.380774
7808,-519,15239,15836,19137,18654,9813,0.8,0.85,15732.2,0.843368714,-433.6871448
7809,-506,15170,16187,19130,19092,9806,0.79,0.85,16214.6,0.84928766,-592.8765975
7809,-520,15199,16210,19142,19126,9800,0.79,0.85,16247.8,0.849513751,-595.1375091
7809,-506,15305,16098,19234,18986,9799,0.8,0.85,16093.8,0.847666702,-476.6670178
7809,-500,15149,16106,19104,18994,9799,0.79,0.85,16104.2,0.847857218,-578.5721807
7809,-514,15146,16158,19096,19061,9799,0.79,0.85,16176.3,0.848659567,-586.5956665
7809,-499,15257,15881,19155,18702,9799,0.8,0.85,15791.6,0.84438028,-443.8028018
7809,-509,15174,16280,19147,19210,9799,0.79,0.85,16343,0.850754815,-607.548152
7809,-510,15024,16279,19045,19199,9799,0.79,0.85,16338.7,0.851018282,-610.182822
7809,-515,15243,15992,19168,18843,9797,0.8,0.85,15944.9,0.846197527,-461.9752693
7809,-510,15224,15986,19111,18840,9796,0.8,0.85,15938,0.84596603,-459.6602972
7809,-534,15097,16107,19101,19003,9795,0.79,0.85,16107.9,0.847650371,-576.5037099
7809,-521,15241,15866,19147,18699,9795,0.8,0.85,15775.7,0.843665437,-436.6543665
7809,-535,15133,16151,19119,19053,9798,0.79,0.85,16166.9,0.848522542,-585.2254238
7809,-515,15225,16077,19200,18967,9806,0.79,0.85,16067.1,0.847108135,-571.0813518
7810,-532,15219,16206,19169,19119,9814,0.79,0.85,16241.7,0.849505727,-595.0572729
7810,-503,15213,16126,19178,19012,9818,0.79,0.85,16129.6,0.84839049,-583.9049022
7809,-509,15284,16083,19194,18964,9818,0.8,0.85,16072.2,0.847511074,-475.1107361
7809,-501,15089,16234,19107,19150,9814,0.79,0.85,16279,0.850078329,-600.7832898
7809,-514,15145,15928,19012,18769,9808,0.8,0.85,15858.7,0.844941126,-449.4112633
7809,-507,15268,15908,19178,18752,9803,0.8,0.85,15833.6,0.844368601,-443.6860068
7809,-506,15128,16211,19128,19125,9802,0.79,0.85,16248.5,0.849594771,-595.9477124
7809,-514,15262,16206,19237,19127,9801,0.79,0.85,16244.1,0.849275893,-592.7589272
7809,-523,15084,16203,19087,19110,9799,0.79,0.85,16236,0.849607535,-596.0753532
7809,-526,15204,15923,19079,18759,9797,0.8,0.85,15850.7,0.844965083,-449.6508343
7809,-511,15307,15961,19225,18809,9796,0.8,0.85,15903.7,0.845536711,-455.3671115
7809,-506,15228,16130,19202,19027,9796,0.79,0.85,16138.1,0.848168392,-581.6839228
7809,-508,15195,16166,19178,19067,9805,0.79,0.85,16186.1,0.848906488,-589.0648765
7809,-505,15167,16034,19140,18911,9815,0.79,0.85,16007.3,0.846454445,-564.544445
7808,-489,15227,16195,19139,19116,9826,0.8,0.85,16229.8,0.849016531,-490.1653065
7809,-511,15249,15883,19142,18709,9829,0.8,0.85,15795.7,0.8442835,-442.8349992
7809,-503,15229,16185,19186,19088,9828,0.79,0.85,16211.4,0.849297988,-592.9798826
7809,-509,15231,16165,19180,19074,9821,0.79,0.85,16187.2,0.848652616,-586.5261613
7809,-519,15086,16163,19045,19067,9814,0.79,0.85,16183.1,0.848749148,-587.4914774
7808,-522,15158,16238,19101,19168,9808,0.79,0.85,16288.4,0.849770451,-597.7045075
7808,-513,15154,16137,19123,19050,9808,0.79,0.85,16152,0.847874016,-578.7401575
7808,-508,15282,15787,19190,18602,9808,0.8,0.85,15667.6,0.842253521,-422.5352113
7809,-506,15219,15921,19112,18760,9807,0.8,0.85,15849,0.844829424,-448.2942431
7809,-506,15158,16260,19052,19187,9807,0.8,0.85,16316.1,0.850372648,-503.7264815
7809,-504,14806,16159,18681,19057,9807,0.79,0.85,16176.1,0.848827203,-588.272026
7808,-508,15299,16143,19217,19051,9807,0.8,0.85,16158.3,0.848160202,-481.6020156
7808,-504,15129,16229,19095,19145,9808,0.79,0.85,16272.5,0.849960825,-599.6082528
7808,-525,15149,16189,19102,19101,9810,0.79,0.85,16219.3,0.849133553,-591.3355322
7808,-515,15129,16203,19069,19113,9812,0.79,0.85,16236.9,0.849521268,-595.2126825
7809,-508,15190,16168,19148,19081,9811,0.79,0.85,16192.3,0.848608563,-586.0856349
7809,-502,15235,16124,19156,19020,9808,0.8,0.85,16130,0.848054679,-480.5467928
7808,-512,15107,16172,19075,19074,9802,0.79,0.85,16194.2,0.849019608,-590.1960784
7808,-504,15142,16219,19108,19142,9797,0.79,0.85,16261.6,0.849524606,-595.2460558
7809,-515,15125,16169,19153,19072,9795,0.79,0.85,16190.6,0.848919883,-589.1988255
7808,-519,15010,15772,18980,18603,9795,0.79,0.85,15652.9,0.841418051,-514.1805085
7808,-511,15266,16161,19192,19074,9803,0.8,0.85,16183.2,0.848442907,-484.4290657
7808,-514,15177,16052,19108,18923,9810,0.79,0.85,16028.9,0.847059134,-570.5913439
7809,-515,15246,16128,19177,19039,9818,0.8,0.85,16139.7,0.847717842,-477.1784232
7808,-521,15262,16152,19221,19057,9818,0.79,0.85,16169.1,0.848459884,-584.5988351
7808,-484,15166,16218,19090,19128,9817,0.79,0.85,16256.4,0.849874529,-598.7452949
7808,-522,15248,16011,19167,18858,9815,0.8,0.85,15968.4,0.846770601,-467.7060134
7808,-495,15171,16129,19107,19025,9813,0.79,0.85,16136.5,0.848173456,-581.7345598
7808,-525,15294,15899,19204,18725,9812,0.8,0.85,15816.5,0.844672897,-446.728972
7808,-519,15022,16077,19013,18941,9812,0.79,0.85,16059.3,0.847859142,-578.5914154
7808,-512,15171,15808,19056,18616,9806,0.8,0.85,15692.8,0.842973786,-429.7378599
7808,-526,15238,15988,19201,18842,9799,0.79,0.85,15940.6,0.846014224,-560.1422354
7808,-516,15189,15954,19071,18803,9792,0.8,0.85,15894.9,0.84533851,-453.3850981
7808,-495,15203,15979,19093,18840,9790,0.8,0.85,15931,0.84559448,-455.9447983
7809,-525,15152,16185,19118,19098,9791,0.79,0.85,16214.4,0.849010368,-590.1036758
7808,-502,15247,15891,19145,18733,9793,0.8,0.85,15810.9,0.844013239,-440.1323867
7808,-507,15174,16123,19085,19017,9796,0.8,0.85,16128.1,0.848088552,-480.8855235
7808,-501,15312,16171,19269,19071,9797,0.79,0.85,16192.3,0.849053537,-590.5353678
7808,-500,15315,16110,19244,18994,9797,0.8,0.85,16108.2,0.848067811,-480.6781089
7808,-498,15082,16213,19055,19126,9800,0.79,0.85,16250.8,0.849670605,-596.7060546
7808,-516,15065,16019,18905,18900,9804,0.8,0.85,15989,0.845978836,-459.7883598
7808,-505,15164,16181,19131,19099,9808,0.79,0.85,16210.7,0.848772187,-587.7218703
7808,-500,15227,16025,19117,18893,9808,0.8,0.85,15992.9,0.846498703,-464.9870322
7807,-497,15243,16106,19161,19008,9809,0.8,0.85,16108.4,0.847453704,-474.537037
7807,-514,15209,15937,19101,18774,9814,0.8,0.85,15869.2,0.845275381,-452.7538085
7808,-497,15153,16145,19067,19057,9819,0.79,0.85,16162.1,0.848092564,-580.9256441
7808,-515,15110,16214,19092,19126,9823,0.79,0.85,16251.8,0.84972289,-597.2289031
7808,-509,15175,16208,19154,19121,9822,0.79,0.85,16244.3,0.849552848,-595.5284765
7807,-523,15212,16150,19194,19046,9821,0.79,0.85,16163.8,0.848671637,-586.7163709
7808,-510,15262,15920,19163,18752,9818,0.8,0.85,15845.6,0.845008532,-450.0853242
7808,-493,15169,15919,19032,18785,9815,0.8,0.85,15854.5,0.843997871,-439.9787064
7808,-519,15241,16106,19150,18997,9814,0.8,0.85,16105.1,0.847770701,-477.7070064
7807,-503,15198,16135,19153,19039,9814,0.79,0.85,16146.7,0.848085509,-580.8550869
7807,-510,15202,16184,19153,19102,9811,0.79,0.85,16214.6,0.848843053,-588.4305308
7808,-506,15251,15971,19159,18833,9808,0.8,0.85,15920.9,0.845372484,-453.7248447
7807,-492,15186,16146,19114,19053,9805,0.79,0.85,16161.9,0.848260117,-582.6011652
7807,-498,15125,16183,19058,19100,9805,0.79,0.85,16213,0.848848168,-588.4816754
7807,-491,15157,16220,19119,19142,9807,0.79,0.85,16262.6,0.849576847,-595.7684672
7808,-504,15291,16112,19225,18990,9812,0.8,0.85,16109,0.848288573,-482.8857293
7808,-509,15067,16328,19088,19254,9816,0.79,0.85,16404.2,0.851989197,-619.8919705
7807,-497,15175,15819,19028,18636,9818,0.8,0.85,15709.8,0.842981326,-429.8132646
7807,-504,15208,16173,19138,19086,9818,0.79,0.85,16198.8,0.848726815,-587.2681547
7807,-515,15130,16208,19110,19118,9816,0.79,0.85,16243.4,0.849639084,-596.3908359
7807,-521,15204,16191,19120,19097,9814,0.8,0.85,16220.1,0.849353302,-493.5330157
7807,-510,15163,16040,19051,18915,9812,0.8,0.85,16014.5,0.846656093,-466.5609305
7808,-504,15211,16145,19139,19055,9812,0.79,0.85,16161.5,0.848150092,-581.5009184
7807,-507,15186,15941,19055,18787,9812,0.8,0.85,15877.1,0.845110981,-451.10981
7807,-513,15212,16109,19181,18999,9812,0.79,0.85,16108.7,0.847870941,-578.7094058
7808,-509,15191,16221,19171,19139,9812,0.79,0.85,16262.7,0.849715241,-597.1524113
7807,-515,15035,16300,19057,19227,9812,0.79,0.85,16368.1,0.851308056,-613.0805638
7807,-495,15100,15518,18967,18285,9812,0.8,0.85,15303.5,0.836942849,-369.4284933
7807,-466,14984,16181,18836,19094,9815,0.8,0.85,16209.2,0.84891589,-489.1588981
7807,-521,15252,16147,19171,19049,9820,0.8,0.85,16161.7,0.848427739,-484.2773899
7807,-498,15202,16157,19098,19061,9825,0.8,0.85,16175.3,0.848607104,-486.0710351
7807,-532,15173,16241,19191,19161,9826,0.79,0.85,16289.3,0.850127864,-601.2786389
7807,-510,15166,16176,19119,19079,9824,0.79,0.85,16199.7,0.849085382,-590.8538183
7807,-495,15146,16155,19090,19066,9815,0.79,0.85,16174.8,0.848358334,-583.5833421
7807,-504,15086,16216,19052,19133,9805,0.79,0.85,16255.9,0.8496263,-596.2630011
7807,-530,15160,15837,19182,18653,9797,0.79,0.85,15732.9,0.843451456,-534.5145553
7807,-487,15278,16122,19240,19023,9797,0.79,0.85,16128.9,0.847863113,-578.6311307
7807,-512,15232,15840,19119,18672,9802,0.8,0.85,15741.6,0.843059126,-430.5912596
7807,-519,15211,15984,19093,18827,9808,0.8,0.85,15932.1,0.846236788,-462.3678759
7807,-496,15158,16199,19106,19119,9813,0.79,0.85,16234.7,0.849139599,-591.3959935
7807,-505,15207,16138,19113,19038,9814,0.8,0.85,16149.4,0.848271877,-482.718773
7807,-504,15256,15976,19148,18816,9814,0.8,0.85,15920.8,0.846130952,-461.3095238
7807,-494,15169,16170,19086,19075,9810,0.79,0.85,16192.5,0.848885976,-588.8597641
7807,-501,15164,16184,19090,19103,9807,0.79,0.85,16214.9,0.848814322,-588.1432236
7806,-499,15155,16166,19099,19072,9804,0.79,0.85,16187.6,0.848762584,-587.6258389
7806,-518,15180,16158,19169,19068,9804,0.79,0.85,16178.4,0.84845815,-584.5814978
7806,-512,15109,16106,19116,18985,9804,0.79,0.85,16101.5,0.848116934,-581.1693442
7807,-520,15091,16184,19052,19098,9804,0.79,0.85,16213.4,0.848958006,-589.5800607
7807,-521,15060,16161,19028,19067,9805,0.79,0.85,16181.1,0.848644254,-586.4425447
7807,-512,15163,16071,19058,18958,9805,0.8,0.85,16058.4,0.847051377,-470.5137673
7807,-509,15280,16157,19217,19065,9805,0.8,0.85,16176.5,0.848492001,-484.9200105
7806,-506,15256,16012,19171,18870,9806,0.8,0.85,15973,0.846475888,-464.7588765
7806,-508,15191,16233,19160,19157,9807,0.79,0.85,16280.1,0.849825129,-598.251292
7806,-493,15195,16109,19107,19013,9808,0.8,0.85,16112.9,0.847467522,-474.6752222
7806,-507,15038,16220,19006,19134,9808,0.79,0.85,16260.2,0.849806627,-598.0662695
7807,-512,15338,15998,19257,18862,9808,0.8,0.85,15956.6,0.845965433,-459.6543315
7807,-495,15180,16101,19163,18989,9809,0.79,0.85,16097.7,0.847738164,-577.381642
7806,-516,15193,16031,19126,18902,9809,0.79,0.85,16001.6,0.84655592,-565.5592001
7806,-503,15136,16208,19075,19128,9810,0.79,0.85,16246.4,0.849351736,-593.5173568
7806,-508,15151,16163,19101,19070,9810,0.79,0.85,16184,0.848662821,-586.6282119
7807,-516,15118,16189,19079,19104,9809,0.79,0.85,16220.2,0.84904732,-590.4731993
7806,-505,15223,16076,19160,18957,9809,0.79,0.85,16063.1,0.847343989,-573.4398903
7806,-518,15122,16219,19122,19141,9809,0.79,0.85,16261.3,0.849553315,-595.5331487
7806,-510,15101,16198,19044,19118,9809,0.79,0.85,16233.4,0.849116016,-591.1601632
7806,-501,15170,16152,19096,19060,9808,0.79,0.85,16170,0.848373557,-583.7355719
7806,-507,15151,16274,19147,19199,9806,0.79,0.85,16333.7,0.850757852,-607.5785197
7806,-530,15044,16155,19060,19055,9804,0.79,0.85,16171.5,0.848674888,-586.7488848
7807,-512,15100,16247,19069,19163,9803,0.79,0.85,16295.9,0.850383552,-603.8355164
7806,-522,15151,15880,19012,18711,9803,0.8,0.85,15793.3,0.844064989,-440.6498851
7806,-504,15110,16181,19066,19094,9799,0.79,0.85,16209.2,0.84891589,-589.1588981
7806,-522,15124,16165,19049,19073,9795,0.79,0.85,16186.9,0.848681382,-586.8138206
7806,-510,15280,15995,19187,18857,9791,0.8,0.85,15952.1,0.845951106,-459.5110569
7806,-503,15104,16258,19049,19191,9790,0.79,0.85,16315.3,0.850153718,-601.5371789
7806,-514,15207,16177,19146,19089,9791,0.79,0.85,16203.7,0.848850123,-588.5012311
7806,-508,15123,15757,19133,18555,9795,0.79,0.85,15623.5,0.84201024,-520.1023983
7806,-511,15229,16236,19213,19150,9800,0.79,0.85,16281,0.850182768,-601.8276762
7806,-516,15048,16110,19072,19009,9804,0.79,0.85,16112.7,0.847635331,-576.3533063
7806,-501,15087,16045,18931,18942,9804,0.8,0.85,16027.6,0.846140851,-461.4085102
7806,-515,15275,15863,19186,18695,9806,0.8,0.85,15771.5,0.843621289,-436.2128911
7806,-504,15213,16213,19151,19129,9809,0.79,0.85,16251.7,0.849584401,-595.8440065
7806,-510,15249,16015,19173,18894,9811,0.8,0.85,15983.2,0.84594051,-459.4051021
7806,-498,15236,16085,19148,18966,9812,0.8,0.85,16074.8,0.847558789,-475.5878941
7806,-489,15194,16181,19134,19106,9811,0.79,0.85,16212.8,0.848571129,-585.7112949
7806,-505,15146,16172,19090,19077,9807,0.79,0.85,16195.1,0.84893327,-589.3327043
7806,-518,15229,16028,19118,18894,9803,0.8,0.85,15996.2,0.846628559,-466.2855933
7806,-509,15207,16207,19148,19116,9800,0.79,0.85,16241.8,0.849644277,-596.4427705
7806,-510,15084,16244,19099,19168,9800,0.79,0.85,16294.4,0.850083472,-600.8347245
7806,-510,15115,16174,19026,19087,9802,0.79,0.85,16200.1,0.848750458,-587.5045843
7806,-503,15261,15918,19165,18757,9804,0.8,0.85,15845.1,0.844756624,-447.5662419
7806,-509,15321,15886,19240,18712,9807,0.8,0.85,15799.6,0.844356563,-443.5656263
7806,-510,15121,16139,19055,19049,9808,0.79,0.85,16153.7,0.848007769,-580.0776944
7806,-517,15187,16173,19120,19090,9808,0.79,0.85,16200,0.848611839,-586.1183866
7806,-527,15157,16145,19106,19048,9813,0.79,0.85,16159.4,0.848351533,-583.5153297
7806,-499,15150,16077,19082,18962,9818,0.79,0.85,16065.6,0.8472524,-572.5239954
7806,-498,15198,16268,19197,19195,9823,0.79,0.85,16326.5,0.850560042,-605.6004168
7805,-516,15303,16150,19232,19061,9822,0.8,0.85,16168.3,0.848239861,-482.398615
7806,-505,15129,16188,19157,19103,9821,0.79,0.85,16218.9,0.849023714,-590.2371355
7806,-499,15124,16137,18985,19053,9818,0.8,0.85,16152.9,0.84778775,-477.8774996
7806,-508,15080,15921,19093,18791,9816,0.79,0.85,15858.3,0.843930605,-539.3060508
7806,-512,15155,16104,19072,19004,9814,0.79,0.85,16105.2,0.847463692,-574.6369185
7806,-502,15163,16183,19117,19102,9814,0.79,0.85,16213.6,0.848790703,-587.9070254
7805,-517,15153,16167,19151,19069,9814,0.79,0.85,16187.7,0.848901358,-589.0135823
7805,-521,15157,16223,19122,19146,9813,0.79,0.85,16266.8,0.849618719,-596.1871931
7806,-499,15233,15810,19128,18625,9813,0.8,0.85,15697.5,0.842818792,-428.1879195
7806,-499,15159,16137,19091,19032,9813,0.79,0.85,16146.6,0.848392182,-583.9218159
7805,-510,15166,16223,19123,19138,9813,0.79,0.85,16264.4,0.849848469,-598.4846901
7806,-501,15118,16177,19072,19091,9813,0.79,0.85,16204.3,0.848792625,-587.926248
7805,-522,15064,15701,19065,18510,9813,0.79,0.85,15554,0.840302539,-503.0253917
7805,-500,15285,16101,19209,19002,9813,0.8,0.85,16101.6,0.847363435,-473.6343543
7805,-498,15193,16139,19150,19045,9813,0.79,0.85,16152.5,0.848122867,-581.2286689
7805,-492,15231,16159,19138,19069,9810,0.8,0.85,16179.7,0.848481829,-484.8182915
7806,-510,15078,15794,19075,18605,9806,0.79,0.85,15675.5,0.842542327,-525.4232733
7805,-506,15135,16255,19118,19183,9803,0.79,0.85,16309.9,0.850226763,-602.2676328
7806,-500,15159,16164,19055,19082,9802,0.8,0.85,16188.6,0.848370192,-483.701918
7805,-493,15103,16202,19076,19117,9803,0.79,0.85,16237.1,0.849353978,-593.5397813
7805,-512,15256,16208,19222,19125,9807,0.79,0.85,16245.5,0.849437908,-594.379085
7805,-512,14995,16062,19006,18925,9811,0.79,0.85,16039.5,0.847529723,-575.2972259
7805,-492,15279,16051,19173,18939,9814,0.8,0.85,16032.7,0.846544168,-465.4416812
7805,-512,15134,16188,19105,19107,9814,0.79,0.85,16220.1,0.848908777,-589.0877689
7806,-503,15185,15803,19065,18619,9816,0.8,0.85,15688.7,0.842617756,-426.1775606
7805,-529,15035,15805,19007,18624,9818,0.79,0.85,15692.2,0.842579467,-525.7946735
7805,-515,15229,15989,19133,18857,9820,0.8,0.85,15946.1,0.845632921,-456.3292146
7805,-486,15151,16204,19088,19125,9821,0.79,0.85,16241.5,0.849228758,-592.2875817
7805,-490,15204,15991,19092,18848,9820,0.8,0.85,15945.4,0.845999576,-459.9957555
7805,-507,15137,16288,19123,19229,9818,0.79,0.85,16356.7,0.850626658,-606.2665765
7805,-501,15424,16061,19352,18933,9815,0.8,0.85,16040.9,0.84724555,-472.455501
7805,-525,15086,16208,19109,19126,9813,0.79,0.85,16245.8,0.849409181,-594.0918122
7805,-502,15212,15852,19094,18673,9813,0.8,0.85,15753.9,0.843672682,-436.7268248
7806,-516,15244,16073,19193,18962,9810,0.79,0.85,16061.6,0.847041451,-570.4145132
7805,-489,15247,16157,19182,19062,9806,0.79,0.85,16175.6,0.848578323,-585.7832337
7805,-503,15171,16040,19053,18920,9801,0.8,0.85,16016,0.846511628,-465.1162791
7805,-513,15273,15868,19171,18692,9799,0.8,0.85,15775.6,0.843976033,-439.7603253
7805,-507,15121,16272,19082,19205,9799,0.79,0.85,16333.5,0.850481645,-604.816454
7805,-497,15216,15857,19105,18685,9807,0.8,0.85,15762.5,0.843591116,-435.9111587
7805,-520,15129,16222,19111,19144,9814,0.79,0.85,16265.2,0.849623903,-596.2390305
7805,-516,15331,15856,19246,18682,9822,0.8,0.85,15760.6,0.84362488,-436.2487956
7805,-512,15091,15956,19033,18809,9822,0.79,0.85,15898.7,0.845270881,-552.7088096
7805,-493,15087,16141,18999,19051,9822,0.79,0.85,16156.3,0.84805522,-580.552202
7805,-518,15089,15828,19094,18649,9823,0.79,0.85,15722.7,0.84308542,-530.8542013
7805,-499,15219,16130,19140,19036,9823,0.8,0.85,16140.8,0.847909225,-479.0922463
7805,-507,15180,16181,19115,19095,9823,0.79,0.85,16209.5,0.848887143,-588.8714323
7805,-513,15086,16204,19054,19119,9823,0.79,0.85,16239.7,0.849401119,-594.0111931
7804,-496,15245,15959,19133,18801,9822,0.8,0.85,15899.3,0.845662465,-456.6246476
7805,-506,15108,16183,19126,19096,9820,0.79,0.85,16211.8,0.848963134,-589.6313364
7805,-482,15249,16140,19168,19042,9818,0.8,0.85,16152.6,0.848261737,-482.6173721
7805,-515,15323,15916,19222,18754,9818,0.8,0.85,15842.2,0.844737123,-447.3712275
7805,-520,15066,16054,19082,18922,9816,0.79,0.85,16030.6,0.847193743,-571.9374273
7805,-489,15147,16088,19030,18988,9813,0.8,0.85,16084.4,0.847082368,-470.8236781
7804,-511,15171,15884,19048,18722,9809,0.8,0.85,15800.6,0.843958979,-439.5897874
7804,-503,15239,16164,19192,19080,9807,0.79,0.85,16188,0.848427673,-584.2767296
7805,-509,15273,16203,19224,19126,9807,0.79,0.85,16240.8,0.849147757,-591.4775698
7805,-501,15273,15932,19167,18783,9809,0.8,0.85,15866.9,0.84474791,-447.4791034
7805,-489,15250,16133,19158,19042,9811,0.8,0.85,16145.6,0.847894129,-478.9412877
7804,-506,15334,15986,19249,18850,9814,0.8,0.85,15941,0.845676393,-456.7639257
7805,-502,15201,16132,19143,19029,9814,0.79,0.85,16140.7,0.848215881,-582.1588102
7804,-518,15240,16268,19238,19197,9815,0.79,0.85,16327.1,0.850502683,-605.0268271
7805,-493,15220,15980,19132,18838,9820,0.8,0.85,15931.4,0.845705489,-457.0548891
7804,-509,15226,15958,19112,18807,9825,0.8,0.85,15900.1,0.84543521,-454.3521029
7805,-513,15259,15894,19149,18728,9829,0.8,0.85,15812.4,0.844318667,-443.1866724
7804,-510,15188,16199,19156,19107,9829,0.79,0.85,16231.1,0.849484482,-594.8448213
7804,-496,15206,16181,19115,19090,9825,0.8,0.85,16208,0.849030906,-490.3090623
7804,-495,15205,16057,19125,18938,9819,0.8,0.85,16038.4,0.846889851,-468.8985109
7804,-486,15132,16144,19042,19058,9813,0.79,0.85,16161.4,0.848011334,-580.1133382
7804,-514,15149,16212,19156,19125,9810,0.79,0.85,16249.5,0.849647059,-596.4705882
7805,-504,15250,16053,19157,18926,9815,0.8,0.85,16030.8,0.847025256,-470.2525626
7805,-507,15205,16319,19203,19255,9837,0.79,0.85,16395.5,0.851493119,-614.9311867
7805,-509,15141,16218,19150,19140,9859,0.79,0.85,16260,0.849529781,-595.2978056
7805,-497,15068,16085,18952,18982,9877,0.8,0.85,16079.6,0.84709725,-470.9725003
7804,-513,15231,15889,19120,18731,9877,0.8,0.85,15808.3,0.843964551,-439.6455074
7804,-517,15216,16182,19141,19095,9863,0.79,0.85,16210.5,0.848939513,-589.3951296
7804,-509,15198,16203,19165,19120,9839,0.79,0.85,16239,0.849320084,-593.2008368
7804,-514,15218,16104,19156,18994,9816,0.79,0.85,16102.2,0.847751922,-577.5192166
7804,-487,15187,16186,19133,19105,9806,0.79,0.85,16217.5,0.848861555,-588.6155457
7804,-502,15222,16193,19182,19106,9806,0.79,0.85,16224.8,0.849199204,-591.9920444
7805,-495,15166,16210,19132,19124,9805,0.79,0.85,16247.2,0.849571219,-595.7121941
7805,-499,15191,16226,19143,19146,9804,0.79,0.85,16269.8,0.84977541,-597.7541001
7804,-521,15248,15867,19154,18702,9802,0.8,0.85,15777.6,0.843631697,-436.3169714
7804,-511,15052,15710,19026,18505,9802,0.79,0.85,15561.5,0.840934882,-509.3488246
7804,-499,15236,16037,19125,18912,9803,0.8,0.85,16010.6,0.846584179,-465.8417936
7804,-501,15201,16152,19136,19051,9806,0.79,0.85,16167.3,0.848632618,-586.3261771
7804,-514,15213,15962,19094,18797,9809,0.8,0.85,15901.1,0.845938182,-459.3818162
7804,-509,15289,16160,19207,19066,9810,0.8,0.85,16179.8,0.848620581,-486.2058114
7804,-501,15193,16098,19090,18994,9810,0.8,0.85,16096.2,0.847436032,-474.3603243
7804,-493,15267,15862,19164,18687,9809,0.8,0.85,15768.1,0.843800503,-438.0050302
7804,-504,15193,16201,19141,19113,9808,0.79,0.85,16234.9,0.849416627,-594.1662743
7804,-523,15244,16230,19242,19160,9807,0.79,0.85,16278,0.849582463,-595.8246347
7804,-504,15160,16141,19161,19038,9807,0.79,0.85,16152.4,0.848429457,-584.2945688
7804,-520,15063,15764,19064,18567,9808,0.79,0.85,15634.1,0.842036947,-520.3694727
7804,-511,15125,16199,19102,19112,9813,0.79,0.85,16232.6,0.849340728,-593.4072834
7804,-512,15156,16123,19090,19026,9817,0.79,0.85,16130.8,0.847829286,-578.2928624
7804,-520,15136,16205,19136,19130,9819,0.79,0.85,16244,0.84913748,-591.374804
7804,-507,15272,15865,19171,18686,9820,0.8,0.85,15770.8,0.843990153,-439.9015306
7804,-499,15233,15864,19122,18686,9820,0.8,0.85,15769.8,0.843936637,-439.3663705
7804,-504,15245,16194,19182,19106,9820,0.79,0.85,16225.8,0.849251544,-592.5154402
7804,-502,15131,16167,19065,19074,9821,0.79,0.85,16189.2,0.848757471,-587.574709
7804,-504,15123,16249,19114,19172,9821,0.79,0.85,16300.6,0.850229501,-602.2950136
7804,-509,15164,15929,19087,18768,9819,0.79,0.85,15859.4,0.845023444,-550.2344416
7803,-500,15194,15976,19041,18835,9811,0.8,0.85,15926.5,0.845580037,-455.8003716
7804,-520,15164,16111,19106,19018,9802,0.79,0.85,16116.4,0.847428752,-574.2875171
7804,-527,15151,15839,19165,18662,9795,0.79,0.85,15737.6,0.843296538,-532.9653842
7804,-503,15204,16081,19103,18972,9795,0.8,0.85,16072.6,0.847174784,-471.7478389
7804,-533,15229,16142,19172,19045,9797,0.79,0.85,16155.5,0.848280389,-582.8038855
7804,-487,15158,16213,19106,19151,9800,0.79,0.85,16258.3,0.848953057,-589.5305728
7804,-498,15203,16196,19168,19117,9803,0.79,0.85,16231.1,0.849040121,-590.4012136
7803,-502,15177,16195,19154,19110,9804,0.79,0.85,16228,0.849188906,-591.8890633
7803,-511,15275,16076,19196,18964,9804,0.8,0.85,16065.2,0.847141953,-471.4195317
7804,-502,15049,16158,19059,19075,9807,0.79,0.85,16180.5,0.848256881,-582.5688073
7804,-482,15114,16040,18951,18936,9809,0.8,0.85,16020.8,0.846049852,-460.4985213
7804,-518,15130,16197,19123,19119,9812,0.79,0.85,16232.7,0.849034991,-590.3499137
7804,-509,15247,16074,19126,18963,9812,0.8,0.85,16062.9,0.847065338,-470.6533776
7804,-496,15110,16264,19091,19201,9812,0.79,0.85,16324.3,0.850179678,-601.7967814
7804,-504,15275,16119,19198,19026,9813,0.8,0.85,16126.8,0.847619048,-476.1904762
7803,-488,15138,16163,19084,19069,9813,0.79,0.85,16183.7,0.848691594,-586.9159369
7803,-492,15264,16044,19162,18913,9813,0.8,0.85,16017.9,0.846925395,-469.2539523
7803,-498,14854,15796,18691,18643,9813,0.79,0.85,15688.9,0.841543743,-515.4374296
7804,-479,15075,16072,18898,18971,9811,0.8,0.85,16063.3,0.846729218,-467.2921828
7804,-516,15086,16035,19036,18892,9808,0.79,0.85,16002.6,0.847056955,-570.5695533
7804,-508,15100,15447,19038,18196,9805,0.79,0.85,15205.8,0.83566718,-456.671796
7803,-509,15281,15843,19190,18671,9805,0.8,0.85,15744.3,0.843248889,-432.4888865
7804,-503,15150,16117,19092,19008,9804,0.79,0.85,16119.4,0.848032407,-580.3240741
7804,-509,15291,15781,19197,18597,9800,0.8,0.85,15660.1,0.842076679,-420.7667903
7803,-508,15142,16195,19111,19114,9796,0.79,0.85,16229.2,0.849073977,-590.7397719
7803,-477,15201,16201,19100,19120,9794,0.8,0.85,16237,0.849215481,-492.1548117
7803,-502,15150,16103,19015,19001,9794,0.8,0.85,16103.3,0.8474975,-474.9750013
7804,-513,15111,15782,19114,18593,9801,0.79,0.85,15659.9,0.842247082,-522.4708224
7803,-501,15312,15933,19218,18769,9809,0.8,0.85,15863.7,0.845207523,-452.0752304
7804,-511,15089,15984,19063,18836,9818,0.79,0.85,15934.8,0.845975791,-559.7579104
7804,-495,15040,15929,18854,18770,9820,0.8,0.85,15860,0.84496537,-449.6537027
7804,-499,15268,15904,19166,18740,9819,0.8,0.85,15826,0.844503735,-445.0373533
7804,-505,15126,16238,19093,19169,9815,0.79,0.85,16288.7,0.849741771,-597.4177057
7803,-510,15220,16114,19138,19016,9812,0.8,0.85,16118.8,0.847644089,-476.4408919
7803,-508,15140,16200,19130,19118,9810,0.79,0.85,16235.4,0.84922063,-592.2062977
7803,-493,15155,16167,19060,19086,9810,0.8,0.85,16192.8,0.848412449,-484.1244892
7803,-500,15227,16182,19149,19105,9811,0.8,0.85,16213.5,0.848652185,-486.5218529
7804,-495,15150,16171,19156,19089,9812,0.79,0.85,16197.7,0.848535806,-585.3580596
7803,-517,15332,16146,19292,19048,9813,0.79,0.85,16160.4,0.848404032,-584.0403192
7804,-501,14997,16108,18986,19002,9813,0.79,0.85,16108.6,0.847731818,-577.318177
7804,-521,14794,16085,18667,18979,9812,0.79,0.85,16078.7,0.847183729,-571.8372939
7804,-524,15260,15846,19159,18676,9810,0.8,0.85,15748.8,0.843264082,-432.6408224
7803,-509,15314,16122,19220,19017,9808,0.8,0.85,16127.1,0.848035968,-480.3596782
7803,-500,15276,16209,19203,19139,9807,0.8,0.85,16250.7,0.849088249,-490.8824912
7803,-506,15211,16108,19129,19000,9807,0.8,0.85,16108,0.847789474,-477.8947368
7803,-488,15182,15902,19057,18737,9812,0.8,0.85,15823.1,0.844484176,-444.841757
7803,-513,15269,15893,19178,18724,9820,0.8,0.85,15810.2,0.844381542,-443.8154241
7804,-494,15161,16155,19091,19051,9829,0.79,0.85,16170.3,0.84879009,-587.9008976
7804,-490,15334,16074,19243,18971,9832,0.8,0.85,16065.3,0.846834642,-468.3464235
7804,-503,15143,15866,19075,18694,9832,0.79,0.85,15774.2,0.843810848,-538.108484
7803,-501,14948,16088,18770,18971,9827,0.8,0.85,16079.3,0.847572611,-475.7261083
7803,-512,15278,15966,19181,18820,9821,0.8,0.85,15912,0.845483528,-454.8352816
7803,-493,15214,16077,19126,18963,9816,0.8,0.85,16065.9,0.847223541,-472.2354058
7803,-496,15303,15855,19204,18687,9816,0.8,0.85,15761.1,0.843425911,-434.2591106
7803,-501,15220,16100,19121,18990,9813,0.8,0.85,16097,0.847656661,-476.566614
7803,-505,15181,16174,19160,19090,9807,0.79,0.85,16201,0.848664222,-586.6422211
7803,-505,15174,16183,19092,19099,9802,0.79,0.85,16212.7,0.848876905,-588.7690455
7803,-487,15231,16091,19110,18998,9800,0.8,0.85,16090.4,0.846952311,-469.5231077
7804,-496,15320,16075,19221,18953,9800,0.8,0.85,16060.9,0.847406743,-474.06743
7803,-507,15112,16187,19125,19094,9802,0.79,0.85,16215.2,0.849230125,-592.3012465
7803,-486,15016,16117,18818,19028,9805,0.8,0.85,16125.4,0.84745638,-474.5638007
7803,-510,15294,16061,19201,18942,9807,0.8,0.85,16043.6,0.846985535,-469.8553479
7803,-495,15248,16144,19153,19054,9807,0.8,0.85,16160.2,0.848126378,-481.2637766
7803,-494,15201,16250,19175,19184,9806,0.79,0.85,16305.2,0.849937448,-599.3744787
7803,-512,15164,16232,19110,19162,9805,0.79,0.85,16280.6,0.849629475,-596.29475
7803,-494,15192,16170,19172,19081,9804,0.79,0.85,16194.3,0.84871338,-587.133798
7803,-512,15251,15987,19132,18864,9804,0.8,0.85,15946.2,0.845324427,-453.2442748
7803,-488,15167,16132,19096,19039,9804,0.79,0.85,16143.7,0.847927937,-579.2793739
7803,-491,15134,16107,19005,19007,9804,0.8,0.85,16109.1,0.847535119,-475.3511864
7803,-513,15115,16289,19146,19219,9805,0.79,0.85,16354.7,0.850965191,-609.651907
7803,-500,14929,16087,18734,18979,9805,0.8,0.85,16080.7,0.847289109,-472.8910902
7803,-501,15282,15893,19185,18723,9805,0.8,0.85,15809.9,0.844410618,-444.1061796
7803,-508,15236,16038,19122,18924,9807,0.8,0.85,16015.2,0.846290425,-462.9042486
7803,-505,15307,15944,19214,18794,9816,0.8,0.85,15882.2,0.845067575,-450.6757476
7803,-494,15228,15997,19116,18863,9824,0.8,0.85,15955.9,0.845883476,-458.8347559
7803,-509,15126,16282,19136,19219,9831,0.79,0.85,16347.7,0.850600968,-606.0096779
7803,-496,15158,16139,19075,19040,9831,0.79,0.85,16151,0.848266807,-582.6680672
7803,-509,15151,16154,19111,19062,9822,0.79,0.85,16172.6,0.848420942,-584.2094219
7803,-513,15197,16157,19153,19076,9810,0.79,0.85,16179.8,0.848175718,-581.7571818
7803,-499,15078,16250,19050,19178,9799,0.79,0.85,16303.4,0.8501095,-601.0950047
7802,-494,15069,16121,18899,19030,9796,0.8,0.85,16130,0.847609038,-476.0903836
7802,-513,15203,16128,19141,19035,9797,0.79,0.85,16138.5,0.847832939,-578.3293932
7803,-500,15167,16216,19136,19134,9802,0.79,0.85,16256.2,0.849597575,-595.97575
7803,-504,15232,16081,19134,18969,9807,0.8,0.85,16071.7,0.847261321,-472.613211
7803,-513,15158,16236,19138,19167,9812,0.79,0.85,16286.1,0.849694788,-596.9478792
7803,-521,15275,15856,19168,18684,9812,0.8,0.85,15761.2,0.843566688,-435.6668808
7803,-496,15217,16169,19171,19082,9810,0.79,0.85,16193.6,0.848632219,-586.3221884
7803,-501,15274,15990,19167,18845,9807,0.8,0.85,15943.5,0.846033431,-460.3343062
7803,-501,15144,16174,19105,19092,9804,0.79,0.85,16201.6,0.848606746,-586.0674628
7803,-510,15077,16197,19091,19121,9803,0.79,0.85,16233.3,0.848977564,-589.7756393
7803,-508,15036,15719,19039,18519,9803,0.79,0.85,15574.7,0.841011934,-510.1193369
7803,-517,15074,16200,19065,19127,9811,0.79,0.85,16238.1,0.8489622,-589.6220003
7803,-506,15311,16034,19220,18914,9818,0.8,0.85,16008.2,0.84636777,-463.6776991
7803,-508,15120,16255,19122,19183,9826,0.79,0.85,16309.9,0.850226763,-602.2676328
7803,-514,15178,16215,19138,19136,9826,0.79,0.85,16255.8,0.849487876,-594.8787625
7803,-501,15146,16204,19152,19128,9824,0.79,0.85,16242.4,0.849142618,-591.4261815
7802,-500,15246,16016,19166,18891,9822,0.8,0.85,15983.3,0.846080144,-460.8014398
7803,-493,15105,16115,19063,19020,9819,0.79,0.85,16121,0.847581493,-575.8149317
7803,-510,15188,16085,19085,18973,9817,0.8,0.85,16076.9,0.84735677,-473.5677015
7803,-511,15017,16243,19022,19166,9817,0.79,0.85,16292.8,0.850088699,-600.8869874
7803,-500,15205,16121,19120,19027,9814,0.8,0.85,16129.1,0.84769538,-476.9538025
7803,-510,15277,16102,19185,19001,9812,0.8,0.85,16102.3,0.847444871,-474.4487132
7803,-512,15212,15913,19093,18758,9809,0.8,0.85,15840.4,0.84446103,-444.6102996
7803,-520,15094,16180,19060,19094,9809,0.79,0.85,16208.2,0.848863517,-588.6351734
7803,-505,15179,16038,19134,18920,9809,0.79,0.85,16014,0.84640592,-564.0591966
7802,-500,15194,16127,19129,19042,9810,0.79,0.85,16139.6,0.847579036,-575.7903582
7803,-502,15190,16194,19160,19106,9810,0.79,0.85,16225.8,0.849251544,-592.5154402
7803,-502,15138,16225,19130,19159,9811,0.79,0.85,16272.7,0.849350175,-593.5017485
7803,-502,15344,16207,19302,19131,9811,0.79,0.85,16246.3,0.849213319,-592.133187
7802,-505,15227,15965,19129,18816,9816,0.8,0.85,15909.8,0.845546344,-455.4634354
7803,-489,15153,15899,19021,18764,9823,0.8,0.85,15828.2,0.843540823,-435.4082285
7803,-512,15209,16104,19147,18999,9830,0.79,0.85,16103.7,0.847607769,-576.0776883
7803,-504,15165,16138,19124,19052,9831,0.79,0.85,16153.6,0.84786899,-578.6899013
7803,-504,15158,16210,19097,19138,9829,0.79,0.85,16251.4,0.849169192,-591.6919218
7803,-498,15175,16147,19086,19059,9820,0.8,0.85,16164.7,0.848139986,-481.3998636
7803,-489,15186,16121,19079,19024,9811,0.8,0.85,16128.2,0.847781749,-477.8174937
7803,-494,15202,16132,19095,19031,9804,0.8,0.85,16141.3,0.848158268,-481.5826809
7803,-491,15226,15958,19109,18812,9804,0.8,0.85,15901.6,0.84529024,-452.9024027
7802,-507,15157,16172,19102,19091,9805,0.79,0.85,16199.3,0.848530721,-585.3072128
7803,-514,15062,16062,19093,18935,9805,0.79,0.85,16042.5,0.84724056,-572.4055981
7803,-497,15172,15789,19040,18603,9806,0.8,0.85,15669.9,0.842331882,-423.3188195
7803,-509,15230,15921,19121,18771,9807,0.8,0.85,15852.3,0.844510149,-445.1014863
7803,-501,15228,16049,19155,18939,9808,0.79,0.85,16030.7,0.846438566,-564.3856592
7802,-495,15184,16135,19159,19055,9813,0.79,0.85,16151.5,0.847625295,-576.252952
7802,-515,15177,16241,19194,19164,9819,0.79,0.85,16290.2,0.850041745,-600.4174494
7803,-507,15224,16135,19169,19045,9823,0.79,0.85,16148.5,0.847912838,-579.1283802
7803,-503,15204,16238,19157,19156,9824,0.79,0.85,16284.8,0.850114847,-601.1484652
7803,-490,15116,16134,19022,19050,9818,0.79,0.85,16149,0.847716535,-577.1653543
7803,-504,15348,16213,19324,19135,9808,0.79,0.85,16253.5,0.849412072,-594.1207212
7803,-520,15104,16031,19114,18900,9799,0.79,0.85,16001,0.846613757,-566.1375661
7802,-496,15121,16087,18961,18987,9795,0.8,0.85,16083.1,0.847058514,-470.5851372
7802,-503,15243,15966,19138,18822,9795,0.8,0.85,15912.6,0.845425566,-454.2556583
7803,-504,15275,15993,19168,18843,9797,0.8,0.85,15945.9,0.846250597,-462.5059704
7802,-501,15193,16200,19116,19120,9799,0.79,0.85,16236,0.84916318,-591.6317992
7803,-507,15150,16213,19132,19134,9802,0.79,0.85,16253.2,0.849440786,-594.4078604
7803,-511,15119,16201,19089,19131,9802,0.79,0.85,16240.3,0.848899692,-588.996916
7802,-508,15273,16017,19188,18889,9803,0.8,0.85,15983.7,0.846190905,-461.9090476
7803,-511,15206,16168,19168,19079,9806,0.79,0.85,16191.7,0.848666073,-586.6607265
7803,-501,15320,16231,19256,19152,9809,0.8,0.85,16276.6,0.849864244,-498.6424394
7803,-512,15173,16026,19135,18905,9812,0.79,0.85,15997.5,0.846204708,-562.0470775
7802,-488,15114,16163,19003,19079,9812,0.8,0.85,16186.7,0.848404004,-484.040044
7802,-505,15238,15911,19135,18759,9809,0.8,0.85,15838.7,0.84432539,-443.2539048
7802,-521,15214,16138,19191,19044,9806,0.79,0.85,16151.2,0.848099139,-580.9913884
7803,-505,15223,16139,19164,19037,9803,0.79,0.85,16150.1,0.848353207,-583.5320691
7803,-510,15234,16172,19131,19091,9803,0.8,0.85,16199.3,0.848530721,-485.3072128
7803,-495,15160,16201,19120,19110,9805,0.79,0.85,16234,0.849502878,-595.0287807
7802,-503,15192,16119,19164,19017,9810,0.79,0.85,16124.1,0.847878214,-578.7821423
7803,-490,15166,16167,19124,19082,9815,0.79,0.85,16191.6,0.848527408,-585.2740803
7802,-513,15260,16204,19215,19122,9818,0.79,0.85,16240.6,0.849314925,-593.1492522
7802,-495,15096,16195,19091,19105,9818,0.79,0.85,16226.5,0.849332635,-593.3263544
7802,-502,14838,16204,18665,19135,9819,0.79,0.85,16244.5,0.84894173,-589.4172981
7802,-490,15258,15971,19149,18840,9821,0.8,0.85,15923,0.845169851,-451.6985138
7803,-506,15047,16186,19001,19095,9822,0.79,0.85,16214.5,0.849148992,-591.4899188
7803,-517,15247,16167,19178,19074,9822,0.8,0.85,16189.2,0.848757471,-487.574709
7803,-511,15178,16215,19179,19139,9821,0.79,0.85,16256.7,0.849401745,-594.0174513
7803,-513,15221,16078,19142,18958,9816,0.8,0.85,16065.4,0.847420614,-474.2061399
7802,-510,15234,16219,19191,19149,9811,0.79,0.85,16263.7,0.849323724,-593.2372448
7802,-482,15261,16090,19148,18976,9806,0.8,0.85,16082.8,0.847533727,-475.3372681
7802,-502,15333,15999,19234,18858,9807,0.8,0.85,15956.4,0.846134267,-461.3426662
7802,-500,15169,15927,19034,18763,9807,0.8,0.85,15855.9,0.84506209,-450.6209028
7802,-493,15137,16136,19051,19026,9807,0.79,0.85,16143.8,0.848512562,-585.1256176
7802,-511,15258,15918,19151,18748,9808,0.8,0.85,15842.4,0.845018135,-450.1813527
7803,-517,15132,16054,19048,18943,9808,0.79,0.85,16036.9,0.84658713,-565.8712981
7802,-513,15140,16265,19149,19197,9809,0.79,0.85,16324.1,0.850346408,-603.4640829
7803,-504,15286,15853,19196,18677,9815,0.8,0.85,15756.1,0.843609787,-436.0978744
7802,-506,15103,16199,19017,19125,9821,0.79,0.85,16236.5,0.84896732,-589.6732026
7802,-503,15252,16006,19167,18870,9826,0.8,0.85,15967,0.846157923,-461.5792263
7802,-500,15202,15970,19095,18826,9826,0.8,0.85,15917.8,0.84552215,-455.2215022
7802,-489,15261,16181,19159,19096,9827,0.8,0.85,16209.8,0.8488584,-488.5839966
7803,-507,15095,16015,19081,18876,9828,0.79,0.85,15977.8,0.846461115,-564.6111464
7802,-490,14972,16106,18806,19011,9830,0.8,0.85,16109.3,0.847367314,-473.6731366
7802,-506,15273,16177,19214,19093,9830,0.79,0.85,16204.9,0.848735139,-587.3513853
7803,-497,15145,16174,19082,19092,9830,0.79,0.85,16201.6,0.848606746,-586.0674628
7803,-504,15175,16169,19071,19085,9824,0.8,0.85,16194.5,0.848545979,-485.4597852
7802,-506,15201,16205,19152,19130,9818,0.79,0.85,16244,0.84913748,-591.374804
7802,-498,15292,15879,19196,18706,9812,0.8,0.85,15790.8,0.844156955,-441.5695499
7802,-502,15097,16242,19059,19173,9812,0.79,0.85,16293.9,0.849835706,-598.3570646
7802,-497,15241,16094,19139,18978,9812,0.8,0.85,16087.4,0.847686795,-476.8679524
7802,-502,15275,16130,19198,19029,9813,0.8,0.85,16138.7,0.848110778,-481.1077829
7802,-507,15035,16103,19053,18990,9813,0.79,0.85,16100,0.847814639,-578.1463928
7802,-494,15135,15977,18983,18844,9813,0.8,0.85,15930.2,0.845372532,-453.7253237
7802,-515,15153,16075,19097,18962,9813,0.79,0.85,16063.6,0.847146925,-571.4692543
7802,-497,15186,16146,19117,19058,9817,0.79,0.85,16163.4,0.848116277,-581.1627663
7802,-509,15222,16141,19126,19050,9820,0.8,0.85,16156,0.84808399,-480.839895
7802,-528,15238,16185,19193,19099,9823,0.79,0.85,16214.7,0.848981622,-589.8162207
7802,-479,15233,16205,19159,19136,9823,0.8,0.85,16245.8,0.848965301,-489.65301
7802,-493,15257,16155,19210,19072,9821,0.79,0.85,16176.6,0.848185822,-581.8582215
7802,-487,15197,15890,19083,18734,9817,0.8,0.85,15810.2,0.843930821,-439.3082097
7802,-505,15185,16180,19152,19108,9812,0.79,0.85,16212.4,0.848461377,-584.6137743
7802,-505,15048,16225,19073,19144,9809,0.79,0.85,16268.2,0.84978061,-597.8061011
7802,-493,15245,15847,19137,18691,9809,0.8,0.85,15754.3,0.842881601,-428.8160077
7802,-503,15109,15903,18964,18740,9807,0.8,0.85,15825,0.844450374,-444.5037353
7802,-507,15194,16036,19130,18917,9804,0.79,0.85,16011.1,0.846386848,-563.8684781
7802,-482,15224,16083,19127,18981,9802,0.8,0.85,16077.3,0.847020705,-470.2070492
7802,-499,15206,15965,19060,18819,9801,0.8,0.85,15910.7,0.845459376,-454.5937616
7802,-500,15274,16124,19222,19024,9802,0.79,0.85,16131.2,0.847939445,-579.3944491
7802,-498,15175,16181,19140,19100,9803,0.79,0.85,16211,0.848743455,-587.434555
7802,-482,15157,16041,19028,18918,9804,0.8,0.85,16016.4,0.846622265,-466.2226451
7802,-497,15322,15945,19239,18789,9805,0.8,0.85,15881.7,0.845265847,-452.6584704
7802,-495,15082,16161,19063,19076,9805,0.79,0.85,16183.8,0.848385406,-583.8540575
7802,-509,14953,15762,18912,18579,9805,0.79,0.85,15635.7,0.841579202,-515.7920233
7802,-500,15176,16143,19132,19048,9804,0.79,0.85,16157.4,0.848246535,-582.4653507
7802,-499,15222,16162,19170,19067,9803,0.79,0.85,16182.1,0.848696701,-586.9670111
7802,-522,14952,16122,18875,19027,9803,0.79,0.85,16130.1,0.847747937,-577.4793714
7802,-512,15173,16069,19138,18977,9802,0.79,0.85,16062.1,0.846398272,-563.9827159
7802,-493,15237,16048,19125,18940,9802,0.8,0.85,16030,0.846356917,-463.5691658
7802,-516,15232,16079,19142,18971,9802,0.8,0.85,16070.3,0.847098203,-470.9820252
7802,-513,15175,16075,19106,18958,9802,0.79,0.85,16062.4,0.847262369,-572.6236945
7802,-501,15177,16196,19143,19123,9802,0.79,0.85,16232.9,0.848867855,-588.6785546
7802,-502,15139,16199,19115,19124,9802,0.79,0.85,16236.2,0.848996026,-589.9602594
7802,-499,15037,15758,19030,18583,9803,0.79,0.85,15632.9,0.841247377,-512.4737663
7802,-499,15212,16126,19132,19034,9803,0.8,0.85,16136.2,0.847756646,-477.56646
7801,-494,15113,16252,19078,19182,9804,0.79,0.85,16306.6,0.850099051,-600.9905119
7802,-517,15232,16165,19185,19085,9804,0.79,0.85,16190.5,0.84833639,-583.3638983
7802,-506,14910,15717,18852,18511,9806,0.79,0.85,15570.3,0.841137702,-511.3770191
7802,-507,15076,16124,19035,19018,9808,0.79,0.85,16129.4,0.848112315,-581.1231465
7802,-488,15247,16152,19159,19068,9811,0.8,0.85,16172.4,0.848143486,-481.4348647
7802,-482,15219,16172,19116,19090,9811,0.8,0.85,16199,0.848559455,-485.5945521
7802,-491,15210,16074,19133,18968,9809,0.79,0.85,16064.4,0.84692113,-569.2113032
7802,-506,14974,16327,18959,19278,9806,0.79,0.85,16410.4,0.85125013,-612.5012968
7802,-488,15189,15933,19044,18789,9802,0.8,0.85,15869.7,0.844627175,-446.2717548
7802,-503,15325,15956,19236,18805,9800,0.8,0.85,15897.5,0.845386865,-453.868652
7802,-509,15210,16166,19164,19079,9800,0.79,0.85,16189.7,0.848561245,-585.6124535
7802,-512,15234,16150,19180,19056,9800,0.79,0.85,16166.8,0.848383711,-583.8371117
7802,-495,15153,16071,19087,18971,9800,0.79,0.85,16062.3,0.846676506,-566.7650625
7802,-498,15109,16256,19078,19194,9799,0.79,0.85,16314.2,0.84996353,-599.6353027
7802,-509,15118,16214,19085,19137,9799,0.79,0.85,16255.1,0.849406908,-594.0690808
7802,-497,15140,16169,19070,19088,9800,0.79,0.85,16195.4,0.848459765,-584.597653
7802,-511,15325,16127,19301,19039,9804,0.79,0.85,16138.7,0.847665319,-576.6531856
7802,-512,15055,16233,19077,19162,9807,0.79,0.85,16281.6,0.849681662,-596.8166162
7802,-492,15119,16210,19074,19145,9809,0.79,0.85,16253.5,0.848968399,-589.6839906
7801,-509,15176,16099,19048,18997,9809,0.8,0.85,16098.1,0.847402221,-474.022214
7802,-508,15199,15830,19086,18659,9813,0.8,0.85,15727.7,0.842901549,-429.0154885
7802,-487,15260,15899,19159,18735,9818,0.8,0.85,15819.5,0.844382172,-443.821724
7802,-499,15232,15997,19135,18859,9823,0.8,0.85,15954.7,0.845999258,-459.9925765
7802,-492,15251,15932,19149,18772,9824,0.8,0.85,15863.6,0.845067121,-450.6712124
7802,-494,15166,16247,19157,19178,9823,0.79,0.85,16300.4,0.849953071,-599.5307123
7802,-497,15224,16157,19166,19074,9819,0.79,0.85,16179.2,0.848233197,-582.3319702
7802,-507,15334,16050,19258,18925,9816,0.8,0.85,16027.5,0.846895641,-468.9564069
7801,-494,15203,15857,19143,18690,9813,0.79,0.85,15764,0.843445693,-534.4569288
7801,-485,15178,16068,19056,18965,9813,0.8,0.85,16057.5,0.846691273,-466.912734
7802,-499,15132,16155,19119,19074,9812,0.79,0.85,16177.2,0.848128342,-581.2834225
7802,-518,15254,15869,19152,18699,9810,0.8,0.85,15778.7,0.843825873,-438.2587304
7802,-518,15193,16170,19153,19084,9808,0.79,0.85,16195.2,0.848627122,-586.271222
7802,-492,15338,16038,19258,18913,9807,0.8,0.85,16011.9,0.846608153,-466.0815312
7802,-486,15284,16041,19177,18918,9807,0.8,0.85,16016.4,0.846622265,-466.2226451
7802,-508,15062,16254,19060,19177,9809,0.79,0.85,16307.1,0.85034677,-603.4676957
7802,-496,15067,15785,19061,18605,9812,0.79,0.85,15666.5,0.842058586,-520.585864
7801,-515,15205,16205,19182,19132,9814,0.79,0.85,16244.6,0.849080075,-590.8007527
7801,-519,14894,16262,18867,19201,9814,0.79,0.85,16322.3,0.850075517,-600.755169
7802,-492,14910,16182,18792,19103,9813,0.79,0.85,16212.9,0.848709627,-587.0962676
7802,-512,15136,16173,19128,19092,9810,0.79,0.85,16200.6,0.848554368,-585.5436832
7802,-519,15237,15818,19136,18634,9807,0.8,0.85,15708.2,0.84298594,-429.8593968
7802,-522,15307,15871,19213,18705,9805,0.8,0.85,15782.5,0.843758353,-437.5835338
7802,-505,15136,16220,19133,19149,9805,0.79,0.85,16264.7,0.849375947,-593.7594652
7802,-497,15204,16182,19159,19098,9801,0.79,0.85,16211.4,0.848853283,-588.5328307
7802,-516,15262,15987,19155,18859,9797,0.8,0.85,15944.7,0.845469007,-454.6900684
7801,-485,15240,16112,19152,19009,9792,0.8,0.85,16114.7,0.847740544,-477.4054395
7802,-506,15262,15913,19163,18760,9792,0.8,0.85,15841,0.844402985,-444.0298507
7801,-519,15147,16196,19151,19119,9796,0.79,0.85,16231.7,0.848982687,-589.8268738
7802,-503,15102,15916,18936,18763,9805,0.8,0.85,15844.9,0.84447583,-444.7583009
7802,-517,15106,15858,19110,18694,9814,0.79,0.85,15766.2,0.843382904,-533.8290361
7802,-495,15141,16177,19110,19099,9820,0.79,0.85,16206.7,0.848562752,-585.6275198
7802,-504,15248,16171,19167,19094,9820,0.8,0.85,16199.2,0.848392165,-483.9216508
7801,-494,15289,15995,19194,18863,9815,0.8,0.85,15953.9,0.845777448,-457.7744791
7802,-499,15180,16103,19112,19003,9810,0.79,0.85,16103.9,0.847439878,-574.3987791
7801,-512,15236,15914,19130,18759,9805,0.8,0.85,15841.7,0.844485314,-444.8531372
7801,-497,15237,15935,19123,18789,9804,0.8,0.85,15871.7,0.844733621,-447.3362074
7802,-515,15227,16195,19209,19122,9807,0.79,0.85,16231.6,0.848844263,-588.4426315
7802,-508,15085,16222,19080,19141,9813,0.79,0.85,16264.3,0.849710046,-597.100465
7802,-504,15164,16164,19103,19077,9820,0.79,0.85,16187.1,0.848513917,-585.1391728
7801,-502,15123,16079,19005,18980,9824,0.8,0.85,16073,0.846838778,-468.3877766
7801,-497,15148,16187,19112,19109,9824,0.79,0.85,16219.7,0.848798995,-587.9899524
7801,-503,15203,16216,19151,19150,9821,0.79,0.85,16261,0.849138381,-591.383812
7801,-498,15203,16214,19184,19139,9817,0.79,0.85,16255.7,0.849349496,-593.4949579
7801,-491,15095,16203,19070,19131,9814,0.79,0.85,16242.3,0.849004234,-590.0423397
7802,-514,15141,16222,19148,19145,9813,0.79,0.85,16265.5,0.849595195,-595.9519457
7802,-503,15272,15915,19163,18750,9813,0.8,0.85,15840,0.8448,-448
7801,-496,15279,16130,19204,19026,9813,0.8,0.85,16137.8,0.848197204,-481.9720383
7802,-489,15073,16178,19053,19100,9814,0.79,0.85,16208,0.848586387,-585.8638743
7801,-503,15064,16214,19032,19128,9814,0.79,0.85,16252.4,0.849665412,-596.6541196
7801,-526,15096,16176,19061,19092,9814,0.79,0.85,16203.6,0.848711502,-587.115022
7802,-510,15133,16246,19094,19174,9816,0.79,0.85,16298.2,0.850015646,-600.1564619
7801,-493,15268,15956,19162,18827,9820,0.8,0.85,15904.1,0.844749562,-447.495618
7802,-508,15181,16146,19136,19061,9823,0.79,0.85,16164.3,0.848030009,-580.3000892
7802,-497,15247,15854,19139,18690,9824,0.8,0.85,15761,0.843285179,-432.8517924
7801,-509,15222,16117,19152,19016,9825,0.79,0.85,16121.8,0.847801851,-578.0185107
7802,-495,15203,16186,19129,19105,9823,0.79,0.85,16217.5,0.848861555,-588.6155457
7802,-511,15265,16093,19188,18987,9821,0.8,0.85,16089.1,0.847374519,-473.7451941
7801,-506,15156,16165,19175,19078,9818,0.79,0.85,16188.4,0.848537583,-585.3758256
7801,-511,15147,16169,19029,19090,9818,0.8,0.85,16196,0.848402305,-484.0230487
7801,-499,15286,15893,19183,18729,9816,0.8,0.85,15811.7,0.844236211,-442.3621122
7802,-504,15204,15984,19084,18850,9812,0.8,0.85,15939,0.845570292,-455.7029178
7801,-497,15180,16127,19114,19042,9807,0.79,0.85,16139.6,0.847579036,-575.7903582
7802,-491,15302,16003,19212,18866,9805,0.8,0.85,15962.8,0.846114704,-461.147037
7802,-496,15231,16214,19173,19141,9805,0.79,0.85,16256.3,0.849292096,-592.920955
7801,-508,15265,16141,19194,19055,9808,0.8,0.85,16157.5,0.847940173,-479.4017318
7802,-507,15263,16094,19185,19005,9812,0.8,0.85,16095.5,0.846908708,-469.0870823
7801,-492,15269,16196,19213,19118,9815,0.79,0.85,16231.4,0.849011403,-590.1140287
7801,-496,15082,16070,19094,18952,9815,0.79,0.85,16055.6,0.847171802,-571.7180245
7801,-511,15094,16146,19029,19050,9814,0.79,0.85,16161,0.848346457,-583.4645669
7801,-507,15115,16208,19094,19129,9813,0.79,0.85,16246.7,0.849323017,-593.2301741
7802,-520,15142,16168,19093,19089,9812,0.79,0.85,16194.7,0.848378647,-583.7864739
7802,-506,15242,16143,19186,19052,9812,0.79,0.85,16158.6,0.84813143,-581.3142977
7801,-498,15215,15964,19103,18827,9812,0.8,0.85,15912.1,0.845174483,-451.7448345
7801,-499,15240,15851,19136,18680,9815,0.8,0.85,15755,0.843415418,-434.1541756
7801,-497,15161,15949,19015,18803,9819,0.8,0.85,15889.9,0.845072595,-450.725948
7802,-502,15103,16250,19059,19179,9823,0.79,0.85,16303.7,0.850080818,-600.8081756
7802,-511,15173,16148,19120,19064,9824,0.79,0.85,16167.2,0.848048678,-580.4867814
7801,-521,15071,15964,19017,18814,9822,0.79,0.85,15908.2,0.845551185,-555.5118529
7801,-490,14977,16100,18781,19015,9814,0.8,0.85,16104.5,0.846936629,-469.3662898
7801,-475,15277,16048,19187,18940,9807,0.8,0.85,16030,0.846356917,-463.5691658
7801,-502,15229,15966,19157,18839,9800,0.79,0.85,15917.7,0.844933383,-549.3338288
7801,-483,15184,16117,19111,19029,9800,0.79,0.85,16125.7,0.84742761,-574.2761049
7802,-506,15134,16236,19121,19164,9804,0.79,0.85,16285.2,0.849780839,-597.8083907
7801,-493,15247,16090,19159,18984,9809,0.8,0.85,16085.2,0.847302992,-473.0299199
7801,-501,15220,15960,19115,18805,9814,0.8,0.85,15901.5,0.845599575,-455.9957458
7801,-493,15151,16102,19084,19004,9815,0.79,0.85,16103.2,0.847358451,-573.5845085
7801,-497,15275,15957,19170,18814,9815,0.8,0.85,15901.2,0.845179122,-451.7912193
7801,-511,15097,16234,19125,19155,9817,0.79,0.85,16280.5,0.849934743,-599.3474289
7801,-490,15185,16014,19063,18905,9818,0.8,0.85,15985.5,0.845569955,-455.6995504
7802,-512,15255,16001,19168,18866,9820,0.8,0.85,15960.8,0.846008693,-460.0869289
7802,-507,15230,16165,19146,19081,9820,0.8,0.85,16189.3,0.848451339,-484.5133903
7801,-512,15270,15872,19175,18703,9819,0.8,0.85,15782.9,0.843869967,-438.6996738
7801,-495,15141,16114,19044,19022,9818,0.8,0.85,16120.6,0.847471349,-474.7134896
7801,-481,15197,16109,19098,19001,9816,0.8,0.85,16109.3,0.847813273,-478.1327299
7801,-492,15287,15961,19186,18809,9816,0.8,0.85,15903.7,0.845536711,-455.3671115
7801,-487,15224,16002,19137,18862,9815,0.8,0.85,15960.6,0.8461775,-461.7749973
7801,-516,15274,16180,19249,19106,9813,0.79,0.85,16211.8,0.84851879,-585.1878991
7801,-509,15052,15999,19004,18857,9811,0.79,0.85,15956.1,0.846163229,-561.6322851
7801,-530,15031,16159,18967,19070,9808,0.79,0.85,16180,0.848453068,-584.5306765
7801,-506,15189,16248,19124,19179,9808,0.79,0.85,16301.7,0.849976537,-599.7653684
7801,-499,15168,16198,19119,19118,9807,0.79,0.85,16233.4,0.849116016,-591.1601632
7801,-509,15090,16157,18989,19075,9806,0.79,0.85,16179.5,0.848204456,-582.0445609
7801,-509,15289,15938,19183,18778,9805,0.8,0.85,15871.4,0.845212483,-452.1248269
7802,-500,15075,16199,19081,19121,9804,0.79,0.85,16235.3,0.849082161,-590.8216097
7801,-505,15172,16106,19116,19013,9804,0.79,0.85,16109.9,0.847309735,-573.0973544
7802,-488,15198,16198,19179,19123,9805,0.79,0.85,16234.9,0.848972442,-589.7244156
7801,-507,15323,16132,19238,19047,9806,0.8,0.85,16146.1,0.8476978,-476.9780018
7802,-484,15154,16022,19097,18907,9806,0.79,0.85,15994.1,0.845935368,-559.3536785
7801,-501,15296,15964,19191,18831,9807,0.8,0.85,15913.3,0.84505868,-450.5867984
7801,-495,15182,16120,19076,19028,9808,0.8,0.85,16128.4,0.847614042,-476.1404246
7801,-494,15253,16149,19182,19048,9810,0.8,0.85,16163.4,0.848561529,-485.6152877
7801,-518,15133,16219,19115,19147,9812,0.79,0.85,16263.1,0.849381104,-593.8110409
7801,-497,15238,16037,19149,18911,9813,0.8,0.85,16010.3,0.846613082,-466.1308233
7801,-501,15186,16149,19098,19067,9813,0.8,0.85,16169.1,0.848014895,-480.1489484
7801,-500,15193,16124,19128,19035,9814,0.79,0.85,16134.5,0.8476228,-576.2280011
7801,-511,15200,16113,19119,19027,9815,0.8,0.85,16121.1,0.847274925,-472.7492511
7801,-498,15248,16209,19195,19132,9816,0.79,0.85,16248.6,0.849289149,-592.8914907
7801,-498,15244,16161,19158,19072,9816,0.8,0.85,16182.6,0.848500419,-485.0041946
7802,-493,15111,16270,19114,19199,9815,0.79,0.85,16329.7,0.850549508,-605.4950779
7801,-506,15150,16166,19102,19089,9814,0.79,0.85,16192.7,0.848273875,-582.7387501
7801,-498,15178,16171,19114,19085,9813,0.79,0.85,16196.5,0.848650773,-586.5077286
7801,-496,15283,15932,19176,18774,9812,0.8,0.85,15864.2,0.845009055,-450.0905508
7801,-505,15257,15940,19158,18794,9812,0.8,0.85,15878.2,0.844854741,-448.5474087
7801,-504,15214,16186,19141,19106,9812,0.79,0.85,16217.8,0.848832827,-588.3282738
7801,-506,15161,16197,19114,19114,9812,0.79,0.85,16231.2,0.849178613,-591.7861254
7801,-488,15221,15880,19104,18719,9812,0.8,0.85,15795.7,0.84383247,-438.3246968
7801,-505,15278,16025,19206,18897,9812,0.8,0.85,15994.1,0.846383024,-463.8302376
7801,-493,15188,15882,19071,18713,9813,0.8,0.85,15795.9,0.844113718,-441.1371774
7801,-500,15214,16150,19134,19064,9817,0.8,0.85,16169.2,0.848153588,-481.5358791
7801,-502,15323,15938,19228,18792,9821,0.8,0.85,15875.6,0.844806301,-448.0630055
7801,-502,15186,15816,19046,18642,9823,0.8,0.85,15708.6,0.842645639,-426.4563888
7801,-506,15286,15828,19191,18666,9823,0.8,0.85,15727.8,0.842590807,-425.9080681
7801,-494,15166,16217,19119,19146,9816,0.79,0.85,16260.8,0.849305338,-593.0533793
7801,-501,15245,15912,19170,18762,9804,0.8,0.85,15840.6,0.844291653,-442.9165334
7801,-498,15335,15903,19250,18749,9792,0.8,0.85,15827.7,0.844189023,-441.8902341
7801,-492,15169,15990,19100,18863,9787,0.79,0.85,15948.9,0.845512379,-555.1237873
7801,-508,15236,16267,19195,19206,9787,0.79,0.85,16328.8,0.850192648,-601.9264813
7801,-504,15062,16177,19085,19092,9796,0.79,0.85,16204.6,0.84876388,-587.6388016
7801,-489,15239,16003,19115,18878,9804,0.8,0.85,15966.4,0.84576756,-457.6756012
7801,-504,15258,15875,19158,18716,9812,0.8,0.85,15789.8,0.84365249,-436.5248985
7801,-479,15244,16057,19157,18935,9812,0.8,0.85,16037.5,0.846976499,-469.7649855
7801,-508,15252,16084,19167,18989,9812,0.8,0.85,16080.7,0.846842909,-468.4290905
7801,-500,15224,16144,19130,19050,9813,0.8,0.85,16159,0.84824147,-482.4146982
7801,-498,15167,16177,19119,19104,9814,0.79,0.85,16208.2,0.848419179,-584.1917923
7801,-493,15258,16157,19177,19079,9814,0.8,0.85,16180.7,0.848089523,-480.8952251
7801,-487,15300,16144,19248,19060,9815,0.79,0.85,16162,0.84795383,-579.5383001
7801,-479,15314,16103,19224,19007,9813,0.8,0.85,16105.1,0.84732467,-473.2466986
7801,-510,15055,16197,19062,19126,9812,0.79,0.85,16234.8,0.848834048,-588.3404789
7801,-490,15113,16174,19036,19093,9810,0.79,0.85,16201.9,0.848578013,-585.7801288
7801,-507,15246,15911,19144,18756,9810,0.8,0.85,15837.8,0.844412455,-444.1245468
7801,-503,15162,16203,19095,19129,9809,0.79,0.85,16241.7,0.849061634,-590.6163417
7801,-516,15195,16090,19179,18999,9807,0.79,0.85,16089.7,0.846870888,-568.7088794
7801,-499,15062,16101,18937,19002,9804,0.8,0.85,16101.6,0.847363435,-473.6343543
7801,-499,15187,16149,19151,19068,9803,0.79,0.85,16169.4,0.847986155,-579.8615481
7801,-504,15103,16196,19094,19117,9803,0.79,0.85,16231.1,0.849040121,-590.4012136
7801,-512,15233,15838,19124,18666,9803,0.8,0.85,15737.8,0.84312654,-431.2654023
7801,-509,15308,15877,19219,18706,9802,0.8,0.85,15788.8,0.844050037,-440.5003742
7801,-514,15097,16015,19072,18890,9802,0.79,0.85,15982,0.846056114,-560.5611435
7801,-508,15244,15824,19132,18648,9802,0.8,0.85,15718.4,0.842900043,-429.000429
7801,-475,15251,16011,19184,18881,9801,0.79,0.85,15975.3,0.84610455,-561.0454955
7801,-500,15074,15866,19070,18705,9800,0.79,0.85,15777.5,0.843491045,-534.9104518
7801,-504,15296,15903,19206,18745,9800,0.8,0.85,15826.5,0.844305148,-443.0514804
7801,-510,15137,16134,19115,19047,9799,0.79,0.85,16148.1,0.847802804,-578.0280359
7801,-504,15192,16211,19151,19131,9799,0.79,0.85,16250.3,0.849422403,-594.2240343
7801,-501,15297,15903,19202,18744,9803,0.8,0.85,15826.2,0.844334187,-443.3418694
7801,-493,15270,15805,19172,18626,9809,0.8,0.85,15692.8,0.842521207,-425.2120692
7801,-494,15208,16064,19139,18953,9814,0.79,0.85,16049.9,0.84682636,-568.2635994
7801,-502,15225,16168,19208,19079,9816,0.79,0.85,16191.7,0.848666073,-586.6607265
7801,-504,14370,15827,18225,18689,9815,0.79,0.85,15733.7,0.841869549,-518.6954893
7801,-509,15102,15719,19132,18558,9815,0.79,0.85,15586.4,0.839874987,-498.7498653
7801,-507,15300,16031,19210,18909,9814,0.8,0.85,16003.7,0.846353588,-463.5358824
7801,-501,15342,15963,19261,18828,9813,0.8,0.85,15911.4,0.845092416,-450.9241555
7801,-494,15282,15985,19187,18850,9813,0.8,0.85,15940,0.845623342,-456.2334218
7801,-491,15197,16165,19161,19072,9811,0.79,0.85,16186.6,0.848710151,-587.1015101
7801,-497,15271,16035,19216,18909,9808,0.79,0.85,16007.7,0.846565128,-565.6512772
7801,-500,15214,15966,19108,18823,9805,0.8,0.85,15912.9,0.845396589,-453.9658928
7801,-511,15282,16132,19231,19040,9804,0.79,0.85,16144,0.84789916,-578.9915966
7801,-506,15079,16080,19085,18972,9804,0.79,0.85,16071.6,0.847122075,-571.2207464
7801,-502,15115,15911,18954,18777,9807,0.8,0.85,15844.1,0.843803589,-438.035895
7801,-515,15227,15821,19093,18646,9811,0.8,0.85,15714.8,0.842797383,-427.9738282
7802,-510,15075,16192,19029,19114,9814,0.79,0.85,16226.2,0.848917024,-589.1702417
7801,-515,15122,16139,19050,19056,9815,0.79,0.85,16155.8,0.847806465,-578.0646516
7801,-508,15264,15951,19151,18799,9812,0.8,0.85,15890.7,0.845294962,-452.949625
7801,-510,15107,16172,19086,19095,9806,0.79,0.85,16200.5,0.848415816,-584.1581566
7801,-501,15135,16199,19143,19127,9799,0.79,0.85,16237.1,0.848909918,-589.0991792
7801,-502,15235,15781,19126,18597,9795,0.8,0.85,15660.1,0.842076679,-420.7667903
7801,-491,15391,16131,19339,19048,9795,0.8,0.85,16145.4,0.847616548,-476.1654767
7801,-514,15018,16133,19034,19026,9799,0.79,0.85,16140.8,0.848354883,-583.5488279
7801,-506,15088,15732,19082,18537,9804,0.79,0.85,15593.1,0.841187894,-511.8789448
7801,-506,15241,15985,19148,18851,9808,0.8,0.85,15940.3,0.845594398,-455.9439818
7801,-498,15188,16129,19089,19040,9808,0.8,0.85,16141,0.847741597,-477.4159664
7801,-505,15236,16154,19116,19063,9807,0.8,0.85,16172.9,0.848392173,-483.9217332
7801,-526,15270,16180,19241,19095,9806,0.79,0.85,16208.5,0.848834774,-588.347735
7801,-495,15148,16196,19061,19116,9805,0.79,0.85,16230.8,0.849068843,-590.6884285
7801,-495,15176,16154,19120,19068,9804,0.79,0.85,16174.4,0.848248374,-582.4837424
7801,-503,15168,16198,19109,19112,9804,0.79,0.85,16231.6,0.849288405,-592.8840519
7801,-506,15304,16124,19261,19027,9810,0.79,0.85,16132.1,0.847853051,-578.5305093
7801,-507,14987,16150,19001,19054,9818,0.79,0.85,16166.2,0.848441272,-584.4127217
7801,-499,15255,16229,19182,19158,9826,0.8,0.85,16276.4,0.84958764,-495.8763963
7801,-503,15237,16121,19197,19017,9827,0.79,0.85,16126.1,0.847983383,-579.8338329
7801,-507,15209,16050,19113,18941,9827,0.8,0.85,16032.3,0.846433662,-464.3366243
7801,-520,15266,16053,19202,18939,9821,0.8,0.85,16034.7,0.84664977,-466.4977032
7801,-479,15212,16134,19117,19041,9815,0.8,0.85,16146.3,0.847975421,-479.7542146
7801,-491,15218,16018,19100,18889,9811,0.8,0.85,15984.7,0.846243846,-462.4384562
7801,-506,15173,16144,19106,19067,9811,0.79,0.85,16164.1,0.847752662,-577.5266167
7801,-488,15239,16008,19164,18875,9814,0.8,0.85,15970.5,0.846119205,-461.192053
7801,-494,15335,16172,19315,19094,9819,0.79,0.85,16200.2,0.848444538,-584.4453755
7801,-495,15078,16139,19077,19046,9824,0.79,0.85,16152.8,0.848094088,-580.94088
7801,-516,15013,16274,18995,19214,9826,0.79,0.85,16338.2,0.850327886,-603.2788592
7801,-507,15157,16152,19106,19066,9826,0.79,0.85,16171.8,0.848200986,-582.0098605
7801,-510,15084,16193,19070,19120,9825,0.79,0.85,16229,0.848797071,-587.9707113
7801,-506,15266,15990,19160,18867,9825,0.8,0.85,15950.1,0.845396724,-453.9672444
7801,-520,15253,15851,19143,18677,9825,0.8,0.85,15754.1,0.843502704,-435.0270386
7801,-500,15151,16162,19071,19071,9825,0.79,0.85,16183.3,0.848581616,-585.8161607
7801,-518,15048,15843,19033,18663,9822,0.79,0.85,15741.9,0.843481755,-534.8175534
7801,-494,15109,16186,19075,19098,9818,0.79,0.85,16215.4,0.849062729,-590.6272908
7801,-516,14874,16155,18837,19068,9813,0.79,0.85,16175.4,0.848300818,-583.0081812
7801,-495,15123,16096,19063,18994,9812,0.79,0.85,16094.2,0.847330736,-573.3073602
7801,-492,14884,16118,18755,19031,9812,0.79,0.85,16127.3,0.847422626,-574.2262624
7801,-510,15239,16129,19178,19030,9812,0.79,0.85,16138,0.848029427,-580.2942722
7800,-490,15187,16093,19048,18998,9811,0.8,0.85,16092.4,0.847057585,-470.5758501
7801,-501,15214,16165,19164,19075,9810,0.79,0.85,16187.5,0.848623853,-586.2385321
7801,-493,15147,16086,19048,18982,9810,0.8,0.85,16080.6,0.847149932,-471.4993151
7801,-485,15128,16184,19108,19099,9809,0.79,0.85,16213.7,0.848929263,-589.2926331
7801,-503,15106,16262,19067,19194,9807,0.79,0.85,16320.2,0.850276128,-602.7612796
7801,-490,15233,16000,19119,18867,9804,0.8,0.85,15960.1,0.84592675,-459.2675041
7801,-498,15280,15985,19167,18846,9803,0.8,0.85,15938.8,0.845739149,-457.3914889
7801,-496,15226,15995,19091,18845,9802,0.8,0.85,15948.5,0.846298753,-462.9875298
7800,-496,15198,16094,19087,18997,9806,0.8,0.85,16093.1,0.847139022,-471.3902195
7800,-496,15258,15840,19150,18661,9810,0.8,0.85,15738.3,0.84337924,-433.7924013
7801,-489,15184,16116,19080,19011,9814,0.8,0.85,16119.3,0.847893325,-478.9332492
7801,-514,15163,16190,19086,19101,9814,0.79,0.85,16220.3,0.849185906,-591.859065
7801,-511,15155,16120,19104,19016,9813,0.79,0.85,16124.8,0.847959613,-579.5961296
7801,-491,15225,16179,19142,19093,9812,0.8,0.85,16206.9,0.848839889,-488.3988896
7801,-503,15144,16179,19110,19093,9810,0.79,0.85,16206.9,0.848839889,-588.3988896
7801,-493,15201,16221,19150,19144,9809,0.79,0.85,16264.2,0.849571667,-595.7166736
7801,-505,15220,16222,19166,19149,9809,0.79,0.85,16266.7,0.849480391,-594.8039062
7801,-498,15083,16139,19082,19043,9812,0.79,0.85,16151.9,0.848180434,-581.8043376
7801,-498,15041,16107,18905,19007,9815,0.8,0.85,16109.1,0.847535119,-475.3511864
7801,-503,15303,16065,19206,18944,9818,0.8,0.85,16048.2,0.847138936,-471.3893581
7801,-509,15112,16244,19099,19176,9819,0.79,0.85,16296.8,0.849853984,-598.5398415
7801,-505,15235,16256,19206,19189,9818,0.79,0.85,16312.7,0.850106832,-601.0683204
7801,-492,15211,16164,19154,19074,9816,0.79,0.85,16186.2,0.848600189,-586.0018874
7801,-498,15142,16263,19115,19199,9814,0.79,0.85,16322.7,0.850184905,-601.8490546
7800,-499,15210,16184,19142,19093,9813,0.79,0.85,16211.9,0.849101765,-591.0176504
7801,-495,15204,15872,19081,18697,9813,0.8,0.85,15781.1,0.844044499,-440.4449912
7801,-497,15272,16170,19218,19084,9811,0.79,0.85,16195.2,0.848627122,-586.271222
7801,-506,14458,16243,18429,19156,9808,0.78,0.85,16289.8,0.850375861,-703.7586135
7801,-493,15169,16154,19147,19076,9805,0.79,0.85,16176.8,0.848018453,-580.1845251
7801,-508,15201,15844,19087,18669,9804,0.8,0.85,15744.7,0.843360651,-433.6065135
7801,-505,15091,16155,19034,19069,9805,0.79,0.85,16175.7,0.848272065,-582.7206461
7801,-490,15265,15891,19158,18739,9811,0.8,0.85,15812.7,0.843839052,-438.3905224
7801,-507,15241,16136,19183,19032,9817,0.79,0.85,16145.6,0.848339639,-583.396385
7800,-499,15221,16092,19111,18989,9822,0.8,0.85,16088.7,0.847264206,-472.6420559
7801,-501,15301,16071,19207,18956,9822,0.8,0.85,16057.8,0.847109095,-471.0909475
7801,-495,15262,16169,19215,19084,9824,0.79,0.85,16194.2,0.848574722,-585.7472228
7801,-501,15186,16276,19150,19209,9826,0.79,0.85,16338.7,0.850575251,-605.7525118
7800,-506,15060,16168,19072,19084,9828,0.79,0.85,16193.2,0.848522322,-585.2232236
7801,-498,15112,15892,18943,18734,9829,0.8,0.85,15812.2,0.844037579,-440.3757873
7801,-509,15277,15953,19180,18803,9829,0.8,0.85,15893.9,0.845285327,-452.8532681
7801,-498,15221,16177,19164,19091,9825,0.79,0.85,16204.3,0.848792625,-587.926248
7801,-507,15172,16138,19120,19051,9822,0.79,0.85,16153.3,0.847897748,-578.9774815
7801,-497,15245,16173,19183,19089,9818,0.79,0.85,16199.7,0.848640578,-586.4057834
7800,-482,15229,16191,19144,19107,9818,0.8,0.85,16223.1,0.849065787,-490.6578741
7801,-502,15270,16078,19250,18972,9817,0.79,0.85,16069.6,0.847016656,-570.1665612
7801,-495,15184,15865,19058,18700,9814,0.8,0.85,15775,0.843582888,-435.828877
7801,-498,15244,15895,19118,18728,9811,0.8,0.85,15813.4,0.844372063,-443.7206322
7801,-495,15075,16201,19010,19120,9809,0.79,0.85,16237,0.849215481,-592.1548117
7801,-484,15152,15936,19024,18806,9809,0.8,0.85,15877.8,0.844294374,-442.9437414
7801,-503,15253,15858,19153,18696,9806,0.8,0.85,15766.8,0.843324775,-433.2477535
7800,-492,15172,16202,19099,19115,9803,0.79,0.85,16236.5,0.849411457,-594.1145697
7800,-508,15321,15894,19228,18735,9800,0.8,0.85,15814.5,0.844115292,-441.1529223
7801,-500,14989,15728,18965,18573,9799,0.79,0.85,15599.9,0.839923545,-499.2354493
7801,-505,15176,16152,19119,19071,9804,0.79,0.85,16173.3,0.84805726,-580.5725971
7801,-511,15142,16121,19118,19027,9813,0.79,0.85,16129.1,0.84769538,-576.9538025
7800,-499,15201,16099,19117,18999,9823,0.8,0.85,16098.7,0.847344597,-473.4459708
7801,-498,15119,16239,19088,19163,9829,0.79,0.85,16287.9,0.84996608,-599.6608047
7801,-498,15230,16138,19187,19048,9829,0.79,0.85,16152.4,0.84798404,-579.8404032
7801,-502,15124,16218,19080,19137,9828,0.79,0.85,16259.1,0.849615927,-596.1592726
7801,-494,15043,16193,18999,19112,9827,0.79,0.85,16226.6,0.849026789,-590.2678945
7800,-517,15205,15893,19077,18724,9826,0.8,0.85,15810.2,0.844381542,-443.8154241
7800,-510,15037,16283,19007,19229,9826,0.79,0.85,16351.7,0.850366634,-603.6663373
7801,-520,15139,16206,19114,19131,9825,0.79,0.85,16245.3,0.849161048,-591.6104751
7801,-499,15154,16202,19127,19117,9820,0.79,0.85,16237.1,0.849353978,-593.5397813
7800,-510,15142,15791,19163,18608,9816,0.79,0.85,15673.4,0.842293637,-522.9363715
7801,-489,15289,16122,19216,19025,9812,0.8,0.85,16129.5,0.847805519,-478.0551905
7801,-504,15220,15935,19112,18783,9812,0.8,0.85,15869.9,0.844907629,-449.0762924
7800,-517,15054,16212,19075,19130,9809,0.79,0.85,16251,0.849503398,-595.033978
7801,-488,15154,16022,19045,18905,9805,0.8,0.85,15993.5,0.845993124,-459.9312351
7800,-501,15274,16161,19169,19074,9801,0.8,0.85,16183.2,0.848442907,-484.4290657
7800,-522,15259,16125,19203,19024,9799,0.79,0.85,16132.2,0.84799201,-579.9201009
7801,-479,15220,16071,19101,18967,9800,0.8,0.85,16061.1,0.846791796,-467.9179628
7801,-499,15218,16186,19161,19091,9804,0.79,0.85,16213.3,0.849264051,-592.6405112
7801,-485,15239,15981,19117,18851,9809,0.8,0.85,15936.3,0.845382208,-453.8220784
7800,-510,15125,15870,19131,18698,9813,0.79,0.85,15779.4,0.843908439,-539.0843941
7801,-496,15225,16127,19179,19024,9813,0.79,0.85,16134.2,0.84809714,-580.9714045
7801,-504,15316,16152,19251,19072,9814,0.8,0.85,16173.6,0.848028523,-480.2852349
7800,-501,15009,16128,19014,19029,9815,0.79,0.85,16136.7,0.848005676,-580.0567555
7801,-507,15145,15459,19068,18223,9815,0.79,0.85,15225.9,0.83553202,-455.3201997
7801,-499,15246,15869,19137,18707,9816,0.8,0.85,15781.1,0.843593307,-435.9330732
7801,-508,15195,16147,19107,19062,9815,0.8,0.85,16165.6,0.848053719,-480.5371944
7800,-479,15191,16177,19151,19105,9814,0.79,0.85,16208.5,0.848390474,-583.904737
7801,-489,15226,16217,19120,19149,9813,0.8,0.85,16261.7,0.84921928,-492.1928038
7801,-494,15240,16194,19163,19120,9812,0.8,0.85,16230,0.848849372,-488.4937238
7801,-499,15332,16125,19278,19031,9812,0.8,0.85,16134.3,0.847790447,-477.9044717
7800,-488,15125,16158,19081,19081,9811,0.79,0.85,16182.3,0.848084482,-580.8448195
7800,-518,15285,16242,19301,19177,9809,0.79,0.85,16295.1,0.84972102,-597.2101997
7801,-518,15180,16003,19131,18864,9808,0.79,0.85,15962.2,0.846172604,-561.726039
7801,-486,14960,16191,18795,19124,9807,0.8,0.85,16228.2,0.848577703,-485.7770341
7801,-513,15262,16189,19220,19113,9807,0.79,0.85,16222.9,0.848788783,-587.887825
7800,-497,15106,16206,19095,19125,9803,0.79,0.85,16243.5,0.849333333,-593.3333333
7800,-534,15216,16179,19169,19103,9797,0.79,0.85,16209.9,0.848552583,-585.5258336
7801,-505,15142,16208,19045,19134,9791,0.8,0.85,16248.2,0.849179471,-491.794711
7801,-496,15266,16068,19180,18956,9790,0.8,0.85,16054.8,0.846950834,-469.5083351
7801,-498,15174,16189,19154,19111,9793,0.79,0.85,16222.3,0.848846214,-588.4621422
7801,-494,15258,16166,19199,19076,9802,0.79,0.85,16188.8,0.848647515,-586.475152
7800,-501,15217,16254,19241,19189,9810,0.79,0.85,16310.7,0.850002606,-600.0260566
7801,-491,15092,16262,19107,19195,9816,0.79,0.85,16320.5,0.85024746,-602.4746028
7801,-489,15200,15875,19087,18724,9816,0.8,0.85,15792.2,0.843420209,-434.2020936
7801,-508,15278,16063,19205,18962,9810,0.8,0.85,16051.6,0.846514081,-465.1408079
7801,-492,15230,16199,19189,19128,9803,0.79,0.85,16237.4,0.848881221,-588.8122125
7800,-502,15182,16153,19077,19067,9796,0.8,0.85,16173.1,0.848224681,-482.2468139
7801,-504,15317,15856,19231,18694,9794,0.8,0.85,15764.2,0.843275917,-432.7591741
7800,-502,15083,16172,19046,19096,9794,0.79,0.85,16200.8,0.848387097,-583.8709677
7801,-503,15225,16230,19180,19156,9798,0.79,0.85,16276.8,0.849697223,-596.972228
7801,-481,15263,15985,19176,18847,9801,0.8,0.85,15939.1,0.845710193,-457.101926
7800,-502,15223,16114,19175,19028,9804,0.79,0.85,16122.4,0.847298718,-572.9871768
7801,-501,14971,16266,18964,19196,9804,0.79,0.85,16324.8,0.850427172,-604.2717233
7800,-490,15251,15824,19143,18655,9807,0.8,0.85,15720.5,0.842696328,-426.9632806
7801,-510,15234,15991,19145,18866,9811,0.8,0.85,15950.8,0.845478639,-454.7863882
7801,-509,15061,16239,19047,19172,9815,0.79,0.85,16290.6,0.849707907,-597.0790736
7801,-511,15269,16073,19192,18971,9816,0.8,0.85,16064.3,0.84678193,-467.8193031
7800,-494,15242,16023,19135,18895,9816,0.8,0.85,15991.5,0.846335009,-463.3500926
7801,-497,15191,16192,19152,19119,9819,0.79,0.85,16227.7,0.848773471,-587.7347142
7800,-507,15264,15915,19162,18767,9823,0.8,0.85,15845.1,0.844306495,-443.0649544
7800,-491,15083,16213,19055,19141,9826,0.79,0.85,16255.3,0.849239852,-592.3985163
7801,-506,15428,16046,19361,18940,9826,0.8,0.85,16028,0.84625132,-462.5131996
7801,-487,15046,16217,19025,19145,9821,0.79,0.85,16260.5,0.84933403,-593.3402977
7801,-510,14995,15852,18787,18682,9814,0.8,0.85,15756.6,0.84341077,-434.1076972
7801,-511,15205,16210,19154,19128,9807,0.79,0.85,16248.4,0.849456294,-594.5629444
7801,-495,15246,15899,19134,18736,9804,0.8,0.85,15819.8,0.844353117,-443.5311699
7800,-504,15194,16145,19102,19059,9804,0.8,0.85,16162.7,0.848035049,-480.3504906
7800,-511,15193,16152,19110,19063,9810,0.8,0.85,16170.9,0.848287258,-482.8725804
7800,-486,15216,16112,19152,19018,9816,0.79,0.85,16117.4,0.847481333,-574.8133347
7800,-509,15300,15843,19213,18677,9822,0.8,0.85,15746.1,0.84307437,-430.7436955
7801,-513,15280,15837,19183,18659,9822,0.8,0.85,15734.7,0.843276703,-432.7670293
7801,-499,15130,16202,19055,19132,9821,0.79,0.85,16241.6,0.84892327,-589.2326991
7801,-491,15176,16164,19131,19081,9817,0.79,0.85,16188.3,0.848398931,-583.9893087
7801,-481,15095,16120,18950,19031,9813,0.8,0.85,16129.3,0.847527718,-475.2771793
7801,-497,15219,16180,19153,19113,9811,0.79,0.85,16213.9,0.848317899,-583.1789881
7801,-498,15074,16125,18973,19035,9811,0.79,0.85,16135.5,0.847675335,-576.7533491
7800,-509,15166,16177,19147,19099,9810,0.79,0.85,16206.7,0.848562752,-585.6275198
7800,-505,15263,15928,19151,18780,9809,0.8,0.85,15862,0.844621938,-446.2193823
7801,-502,15124,16146,19101,19056,9808,0.79,0.85,16162.8,0.848173804,-581.7380353
7801,-513,15269,15957,19201,18816,9808,0.8,0.85,15901.8,0.845121173,-451.2117347
7800,-481,15196,16094,19116,18993,9808,0.79,0.85,16091.9,0.847254252,-572.5425157
7801,-500,15298,15986,19207,18856,9811,0.8,0.85,15942.8,0.845502758,-455.0275774
7801,-490,14962,16231,18896,19155,9815,0.79,0.85,16277.5,0.849778126,-597.7812582
7801,-510,15227,15950,19111,18820,9817,0.8,0.85,15896,0.844633369,-446.3336876
7801,-515,15010,15817,18999,18642,9817,0.79,0.85,15709.6,0.842699281,-526.9928119
7800,-500,15178,16170,19121,19089,9811,0.79,0.85,16196.7,0.84848342,-584.8341977
7800,-503,15250,16175,19183,19104,9803,0.79,0.85,16206.2,0.848314489,-583.1448911
7800,-509,15226,16096,19124,19003,9795,0.8,0.85,16096.9,0.847071515,-470.7151502
7801,-497,15273,16088,19185,18990,9794,0.8,0.85,16085,0.84702475,-470.2474987
7801,-510,14844,15343,18749,18083,9796,0.79,0.85,15067.9,0.833263286,-432.6328596
7801,-477,15193,15814,19077,18635,9803,0.8,0.85,15704.5,0.842742152,-427.4215186
7801,-496,15255,16240,19220,19173,9810,0.79,0.85,16291.9,0.849731393,-597.313931
7800,-498,15082,16108,19100,19005,9816,0.79,0.85,16109.5,0.847645356,-576.4535649
7800,-497,15169,15964,19015,18831,9816,0.8,0.85,15913.3,0.84505868,-450.5867984
7800,-507,15265,16053,19154,18937,9814,0.8,0.85,16034.1,0.846707504,-467.0750383
7800,-515,15275,16030,19165,18922,9813,0.8,0.85,16006.6,0.845925378,-459.2537787
7801,-491,15221,16163,19146,19082,9811,0.79,0.85,16187.6,0.848317786,-583.177864
7800,-504,15227,16173,19170,19098,9810,0.79,0.85,16202.4,0.84838203,-583.8202953
7800,-484,15185,16002,19046,18868,9810,0.8,0.85,15962.4,0.846003816,-460.0381598
7801,-487,15260,16132,19179,19038,9812,0.8,0.85,16143.4,0.847956718,-479.5671814
7800,-502,15110,16186,19090,19112,9815,0.79,0.85,16219.6,0.848660527,-586.6052742
7801,-515,15258,15926,19147,18771,9817,0.8,0.85,15857.3,0.844776517,-447.7651697
7800,-509,15053,16181,19057,19101,9817,0.79,0.85,16211.3,0.848714727,-587.1472698
7800,-492,15096,16037,18976,18916,9816,0.8,0.85,16011.8,0.846468598,-464.6859801
7800,-516,15192,16165,19150,19091,9815,0.79,0.85,16192.3,0.848164056,-581.6405636
7800,-501,15252,15878,19145,18718,9815,0.8,0.85,15793.4,0.843754675,-437.5467464
7801,-487,15231,16194,19140,19123,9815,0.8,0.85,16230.9,0.848763269,-487.6326936
7800,-498,15271,15960,19173,18807,9815,0.8,0.85,15902.1,0.845541554,-455.4155368
7801,-489,15187,16219,19162,19151,9815,0.79,0.85,16264.3,0.849266357,-592.6635685
7801,-491,15281,16166,19218,19083,9816,0.8,0.85,16190.9,0.848446261,-484.4626107
7800,-507,15287,15791,19194,18610,9816,0.8,0.85,15674,0.842235357,-422.3535733
7800,-506,15247,16087,19133,18982,9816,0.8,0.85,16081.6,0.847202613,-472.02613
7800,-499,15055,16264,19060,19200,9814,0.79,0.85,16324,0.850208333,-602.0833333
7800,-508,14994,15664,18982,18463,9811,0.79,0.85,15502.9,0.839673942,-496.7394248
7801,-488,15143,16194,19051,19116,9807,0.79,0.85,16228.8,0.848964218,-589.6421846
7800,-501,15314,15924,19219,18775,9805,0.8,0.85,15856.5,0.844553928,-445.539281
7801,-500,15171,16203,19106,19138,9805,0.79,0.85,16244.4,0.848803428,-588.0342774
7801,-499,15234,16199,19153,19127,9807,0.8,0.85,16237.1,0.848909918,-489.0991792
7800,-501,15253,16021,19165,18899,9809,0.8,0.85,15990.7,0.846113551,-461.1355098
7801,-502,15158,16162,19103,19086,9812,0.79,0.85,16187.8,0.848150477,-581.5047679
7800,-498,15245,15845,19140,18675,9812,0.8,0.85,15747.5,0.843239625,-432.3962517
7800,-491,15272,15868,19169,18708,9811,0.8,0.85,15780.4,0.843510798,-435.1079752
7800,-495,14977,16308,18973,19254,9809,0.79,0.85,16384.2,0.850950452,-609.5045185
7800,-492,15273,16009,19166,18900,9806,0.8,0.85,15979,0.845449735,-454.4973545
7800,-501,15269,15796,19173,18611,9804,0.8,0.85,15679.3,0.84247488,-424.7488045
7801,-497,15200,16039,19103,18922,9805,0.8,0.85,16015.6,0.846401015,-464.0101469
7801,-496,15254,16142,19162,19056,9803,0.8,0.85,16158.8,0.847963896,-479.6389589
7800,-487,15278,15908,19171,18751,9801,0.8,0.85,15833.3,0.844397632,-443.9763213
7800,-498,15176,16212,19176,19145,9798,0.79,0.85,16255.5,0.849072865,-590.7286498
7800,-509,15165,16128,19107,19035,9797,0.79,0.85,16138.5,0.847832939,-578.3293932
7800,-489,15195,16142,19083,19057,9798,0.8,0.85,16159.1,0.847935142,-479.3514194
7800,-509,15159,15752,19167,18570,9801,0.79,0.85,15623,0.841303177,-513.0317717
7801,-499,15037,16361,19050,19317,9803,0.79,0.85,16456.1,0.851897293,-618.9729254
7800,-505,14986,16208,18905,19130,9805,0.79,0.85,16247,0.849294302,-592.9430214
7800,-519,15232,15899,19119,18738,9805,0.8,0.85,15820.4,0.844295015,-442.9501548
7801,-495,15281,16084,19173,18984,9808,0.8,0.85,16079.2,0.846986936,-469.8693637
7800,-506,15265,16120,19180,19028,9814,0.8,0.85,16128.4,0.847614042,-476.1404246
7800,-500,15286,16021,19205,18886,9820,0.8,0.85,15986.8,0.846489463,-464.8946309
7800,-504,15236,16011,19117,18893,9822,0.8,0.85,15978.9,0.845757688,-457.5768803
7800,-490,15217,16027,19117,18912,9822,0.8,0.85,16000.6,0.846055415,-460.5541455
7801,-491,15258,16065,19204,18958,9814,0.79,0.85,16052.4,0.846734888,-567.3488765
7801,-512,15390,15850,19312,18686,9806,0.8,0.85,15755.8,0.843187413,-431.8741304
7801,-499,15051,16217,19014,19137,9799,0.79,0.85,16258.1,0.849563672,-595.6367247
7800,-506,15140,16082,19044,18989,9799,0.8,0.85,16078.7,0.846737585,-467.3758492
7800,-510,15199,16025,19134,18900,9800,0.79,0.85,15995,0.846296296,-562.962963
7800,-499,15225,15897,19110,18735,9802,0.8,0.85,15817.5,0.84427542,-442.7542034
7800,-492,15175,16128,19048,19042,9804,0.8,0.85,16140.6,0.847631551,-476.3155131
7800,-488,15203,16020,19115,18910,9805,0.8,0.85,15993,0.845742993,-457.4299313
7800,-502,15158,16113,19065,19022,9805,0.8,0.85,16119.6,0.847418778,-474.1877826
7801,-489,15081,16158,19016,19087,9812,0.79,0.85,16184.1,0.847912192,-579.1219154
7800,-484,15167,16216,19140,19142,9817,0.79,0.85,16258.6,0.849367882,-593.6788214
7801,-511,15121,15828,19119,18660,9823,0.79,0.85,15726,0.842765273,-527.6527331
7800,-507,15016,16066,19015,18951,9823,0.79,0.85,16051.3,0.846989605,-569.8960477
7801,-526,15116,15556,19131,18348,9821,0.79,0.85,15360.4,0.837170264,-471.7026379
7800,-501,15283,15997,19186,18862,9817,0.8,0.85,15955.6,0.845912416,-459.124165
7800,-497,15224,16195,19152,19122,9812,0.79,0.85,16231.6,0.848844263,-588.4426315
7800,-490,15262,16078,19152,18984,9810,0.8,0.85,16073.2,0.846670881,-466.7088074
7800,-494,15199,15988,19089,18846,9810,0.8,0.85,15941.8,0.845898334,-458.9833386
7801,-487,15262,15823,19160,18656,9811,0.8,0.85,15719.8,0.842613636,-426.1363636
7801,-497,15164,16243,19153,19183,9814,0.79,0.85,16297.9,0.849601209,-596.012094
7800,-520,15185,16133,19126,19050,9816,0.79,0.85,16148,0.847664042,-576.6404199
7800,-493,15324,16147,19253,19068,9817,0.8,0.85,16167.4,0.847881267,-478.8126704
7800,-491,15000,16117,18990,19012,9818,0.79,0.85,16120.6,0.847917105,-579.1710499
7801,-489,15160,15979,19064,18859,9820,0.8,0.85,15936.7,0.845044806,-450.4480619
7800,-505,15146,16193,19102,19117,9822,0.79,0.85,16228.1,0.848883193,-588.8319297
7800,-496,15161,16187,19113,19114,9823,0.79,0.85,16221.2,0.848655436,-586.5543581
7800,-498,15236,16128,19145,19048,9823,0.8,0.85,16142.4,0.847459051,-474.5905082
7800,-507,15271,16096,19193,18991,9821,0.8,0.85,16093.3,0.847417198,-474.1719762
7800,-491,15283,16194,19229,19125,9818,0.79,0.85,16231.5,0.848705882,-587.0588235
7801,-516,15267,16011,19170,18904,9814,0.8,0.85,15982.2,0.845440118,-454.4011849
7801,-489,15195,16191,19177,19118,9813,0.79,0.85,16226.4,0.848749869,-587.4986923
7800,-510,15394,16134,19343,19046,9812,0.8,0.85,16147.8,0.847831566,-478.3156568
7800,-504,15101,16045,19058,18939,9810,0.79,0.85,16026.7,0.846227362,-562.2736153
7800,-495,15093,16228,19091,19164,9808,0.79,0.85,16277.2,0.84936339,-593.6338969
7800,-506,15207,15918,19080,18768,9807,0.8,0.85,15848.4,0.84443734,-444.3734015
7800,-501,15238,16081,19133,18984,9807,0.8,0.85,16076.2,0.846828909,-468.2890855
7801,-510,15228,16074,19207,18971,9792,0.79,0.85,16065.3,0.846834642,-568.3464235
7801,-502,15117,16189,19070,19111,9767,0.79,0.85,16222.3,0.848846214,-588.4621422
7800,-489,15244,15904,19139,18749,9743,0.8,0.85,15828.7,0.84424236,-442.4235959
7800,-497,15296,15841,19199,18672,9733,0.8,0.85,15742.6,0.843112682,-431.1268209
7800,-484,15205,16124,19138,19039,9733,0.79,0.85,16135.7,0.847507747,-575.0774726
7801,-494,15219,16110,19160,19006,9753,0.79,0.85,16111.8,0.847721772,-577.2177207
7800,-506,15129,16231,19141,19152,9773,0.79,0.85,16276.6,0.849864244,-598.6424394
7800,-511,15106,15660,19099,18454,9793,0.79,0.85,15496.2,0.839720386,-497.2038582
7800,-508,15253,15844,19149,18677,9793,0.8,0.85,15747.1,0.843127911,-431.2791133
7800,-495,15215,16148,19146,19062,9796,0.79,0.85,16166.6,0.84810618,-581.0617983
7800,-506,15176,16200,19126,19125,9805,0.79,0.85,16237.5,0.849019608,-590.1960784
7801,-498,15292,15965,19202,18821,9813,0.8,0.85,15911.3,0.845401413,-454.0141331
7801,-489,15172,16074,19095,18965,9818,0.79,0.85,16063.5,0.847007646,-570.0764566
7801,-495,15169,16212,19148,19145,9818,0.79,0.85,16255.5,0.849072865,-590.7286498
7800,-495,15224,16161,19142,19085,9811,0.8,0.85,16186.5,0.848126801,-481.2680115
7800,-500,15212,16223,19154,19156,9804,0.79,0.85,16269.8,0.849331802,-593.3180205
7800,-506,15125,16068,19077,18948,9797,0.79,0.85,16052.4,0.847181761,-571.8176061
7800,-494,15177,16259,19144,19195,9796,0.79,0.85,16317.5,0.85009117,-600.9116958
7800,-511,15255,16071,19173,18974,9798,0.8,0.85,16063.2,0.846590071,-465.9007062
7800,-486,15172,16152,19107,19066,9802,0.79,0.85,16171.8,0.848200986,-582.0098605
7800,-510,15217,16066,19122,18967,9806,0.8,0.85,16056.1,0.846528181,-465.2818052
7801,-512,15109,15836,19113,18665,9809,0.79,0.85,15735.5,0.843048486,-530.4848647
7801,-490,15166,16111,19016,19004,9810,0.8,0.85,16112.2,0.847832035,-478.3203536
7800,-501,15277,15881,19185,18722,9809,0.8,0.85,15797.6,0.843798739,-437.9873945
7800,-496,15083,16191,19025,19118,9807,0.79,0.85,16226.4,0.848749869,-587.4986923
7800,-502,15296,15926,19196,18783,9806,0.8,0.85,15860.9,0.844428473,-444.2847255
7800,-490,15144,16161,19118,19076,9805,0.79,0.85,16183.8,0.848385406,-583.8540575
7801,-511,15071,15846,18882,18676,9805,0.8,0.85,15748.8,0.843264082,-432.6408224
7800,-511,15151,16170,19123,19102,9802,0.79,0.85,16200.6,0.848110146,-581.1014553
7801,-506,15141,16186,19099,19112,9799,0.79,0.85,16219.6,0.848660527,-586.6052742
7800,-503,15118,16186,19110,19115,9797,0.79,0.85,16220.5,0.848574418,-585.74418
7800,-499,15262,15843,19168,18673,9797,0.8,0.85,15744.9,0.843190703,-431.9070315
7800,-494,15251,15791,19152,18613,9801,0.8,0.85,15674.9,0.842147961,-421.479611
7800,-498,15208,16179,19140,19093,9809,0.79,0.85,16206.9,0.848839889,-588.3988896
7800,-489,15155,16128,19090,19042,9816,0.79,0.85,16140.6,0.847631551,-576.3155131
7801,-490,15299,16194,19253,19114,9819,0.79,0.85,16228.2,0.84902166,-590.2165952
7801,-496,15090,16172,19104,19093,9819,0.79,0.85,16199.9,0.848473262,-584.7326245
7800,-489,15111,15803,18955,18634,9817,0.8,0.85,15693.2,0.84218096,-421.8095954
7800,-493,15132,15974,19006,18852,9816,0.8,0.85,15929.6,0.844981965,-449.8196478
7800,-501,15152,16149,19098,19064,9814,0.79,0.85,16168.2,0.848101133,-581.0113303
7800,-504,15101,16210,19108,19132,9815,0.79,0.85,16249.6,0.849341418,-593.4141752
7800,-514,15214,16071,19120,18964,9812,0.8,0.85,16060.2,0.846878296,-468.7829572
7800,-487,15203,16210,19125,19145,9808,0.79,0.85,16253.5,0.848968399,-589.6839906
7800,-495,15312,16052,19235,18932,9803,0.8,0.85,16031.6,0.84679907,-467.9907036
7800,-500,15261,15924,19163,18772,9800,0.8,0.85,15855.6,0.844640955,-446.4095461
7801,-507,15246,15971,19158,18828,9800,0.8,0.85,15919.4,0.845517315,-455.1731464
7801,-485,15206,16247,19101,19177,9803,0.8,0.85,16300.1,0.849981749,-499.8174897
7801,-515,15074,15781,19077,18629,9805,0.79,0.85,15669.7,0.841145526,-511.4552579
7800,-500,15279,15955,19174,18798,9808,0.8,0.85,15894.4,0.845536759,-455.3675923
7800,-495,15199,16103,19090,18996,9807,0.8,0.85,16101.8,0.847641609,-476.4160876
7800,-509,15159,16220,19100,19147,9808,0.79,0.85,16264.1,0.849433332,-594.3333159
7800,-506,15152,16052,19073,18929,9811,0.79,0.85,16030.7,0.846885731,-568.8573089
7800,-486,15068,16207,19041,19134,9813,0.79,0.85,16247.2,0.849127208,-591.2720811
7800,-497,15171,16231,19082,19156,9815,0.8,0.85,16277.8,0.849749426,-497.4942577
7800,-503,15272,15880,19166,18714,9815,0.8,0.85,15794.2,0.843977771,-439.7777065
7801,-495,15385,16001,19304,18866,9809,0.8,0.85,15960.8,0.846008693,-460.0869289
7801,-488,15050,16235,19065,19154,9802,0.79,0.85,16281.2,0.850015663,-600.1566252
7800,-493,15281,16150,19178,19066,9795,0.8,0.85,16169.8,0.848096087,-480.9608728
7800,-507,15121,16168,19110,19091,9794,0.79,0.85,16195.3,0.848321198,-583.2119847
7800,-521,15218,16071,19118,18962,9799,0.8,0.85,16059.6,0.846935977,-469.3597722
7800,-504,15217,16189,19166,19115,9810,0.79,0.85,16223.5,0.848731363,-587.313628
7800,-486,15218,16054,19106,18954,9820,0.8,0.85,16040.2,0.846269917,-462.6991664
7800,-500,15197,16214,19140,19145,9826,0.79,0.85,16257.5,0.849177331,-591.773309
7800,-497,15217,16049,19148,18938,9826,0.79,0.85,16030.4,0.84646742,-564.6742
7800,-486,15221,16193,19129,19116,9825,0.8,0.85,16227.8,0.848911906,-489.1190626
7801,-494,15308,16105,19250,18994,9823,0.8,0.85,16103.2,0.84780457,-478.0456986
7801,-494,15144,16172,19072,19084,9821,0.79,0.85,16197.2,0.848731922,-587.3192203
7800,-487,15158,16192,19031,19106,9821,0.8,0.85,16223.8,0.849146865,-491.4686486
7800,-486,15121,16096,19019,19000,9819,0.8,0.85,16096,0.847157895,-471.5789474
7800,-495,15232,15963,19115,18811,9811,0.8,0.85,15906.3,0.84558503,-455.8503004
7800,-498,15243,16006,19137,18897,9803,0.8,0.85,15975.1,0.845377573,-453.7757316
7800,-496,15147,16193,19100,19110,9796,0.79,0.85,16226,0.849084249,-590.8424908
7801,-505,15264,15794,19159,18613,9796,0.8,0.85,15677.9,0.842309139,-423.0913877
7801,-512,15202,15783,19074,18589,9798,0.8,0.85,15659.7,0.842417559,-424.1755877
7800,-508,15194,16091,19113,18986,9802,0.79,0.85,16086.8,0.847298009,-572.9800906
7800,-514,15208,16217,19220,19146,9805,0.79,0.85,16260.8,0.849305338,-593.0533793
7800,-493,15134,16075,19103,18970,9807,0.79,0.85,16066,0.846916183,-569.1618345
7801,-486,15105,16091,18947,18997,9808,0.8,0.85,16090.1,0.846981102,-469.8110228
7800,-506,15240,15815,19135,18644,9813,0.8,0.85,15708.2,0.842533791,-425.3379103
7800,-487,15105,16111,19022,19023,9817,0.79,0.85,16117.9,0.847284866,-572.8486569
7800,-508,15195,16140,19104,19048,9821,0.8,0.85,16154.4,0.848089038,-480.8903822
7800,-499,15275,15900,19172,18738,9821,0.8,0.85,15821.4,0.844348383,-443.4838297
7801,-488,15200,15976,19076,18848,9819,0.8,0.85,15930.4,0.845203735,-452.0373514
7801,-505,15191,16225,19181,19157,9814,0.79,0.85,16272.1,0.849407527,-594.0752727
7800,-491,15338,16001,19252,18861,9810,0.8,0.85,15959.3,0.846153438,-461.5343831
7800,-503,15204,16234,19203,19161,9808,0.79,0.85,16282.3,0.849762538,-597.6253849
7800,-505,15089,15924,19034,18764,9807,0.79,0.85,15853.2,0.844873161,-548.7316137
7800,-490,14922,16059,18734,18957,9804,0.8,0.85,16046.1,0.846447223,-464.4722266
7801,-517,15276,15995,19184,18870,9800,0.8,0.85,15956,0.845574987,-455.7498675
7800,-500,15204,16170,19128,19093,9796,0.79,0.85,16197.9,0.848368512,-583.6851202
7800,-506,15195,16146,19090,19062,9796,0.8,0.85,16164.6,0.848001259,-480.0125905
7801,-502,15141,16253,19105,19184,9798,0.79,0.85,16308.2,0.850093828,-600.9382819
7800,-494,15234,15906,19124,18756,9802,0.8,0.85,15832.8,0.844145873,-441.4587332
7801,-511,15239,16048,19171,18926,9807,0.79,0.85,16025.8,0.846761069,-567.6106943
7800,-503,15158,16124,19095,19030,9810,0.79,0.85,16133,0.847766684,-577.6668418
7800,-497,15426,16045,19358,18928,9810,0.8,0.85,16023.4,0.846544801,-465.4480135
7800,-513,15081,16234,19105,19153,9813,0.79,0.85,16279.9,0.849992168,-599.9216833
7800,-485,14980,16212,18803,19131,9817,0.8,0.85,16251.3,0.849474675,-494.7467461
7801,-511,15217,15982,19105,18854,9820,0.8,0.85,15938.2,0.845348467,-453.4846717
7800,-510,14839,15624,18712,18422,9821,0.79,0.85,15450.6,0.838703724,-487.0372381
7801,-506,15131,15430,19097,18187,9821,0.79,0.85,15186.1,0.834997526,-449.9752571
7801,-505,15093,16195,19027,19120,9820,0.79,0.85,16231,0.848901674,-589.0167364
7800,-504,15095,16180,19041,19102,9819,0.79,0.85,16210.6,0.848633651,-586.3365093
7800,-492,15213,16046,19129,18934,9818,0.8,0.85,16026.2,0.846424422,-464.2442168
7800,-497,15114,16182,19093,19107,9818,0.79,0.85,16214.1,0.848594756,-585.9475585
7800,-517,15167,16155,19149,19071,9818,0.79,0.85,16176.3,0.848214567,-582.1456662
7800,-503,15095,15904,19031,18740,9818,0.79,0.85,15826,0.844503735,-545.0373533
7800,-513,15024,15833,18999,18653,9817,0.79,0.85,15728.9,0.843237013,-532.3701281
7800,-509,15081,16189,19058,19110,9817,0.79,0.85,16222,0.848874935,-588.7493459
7800,-508,15096,15852,18932,18679,9818,0.8,0.85,15755.7,0.843498046,-434.9804593
7800,-502,15148,15820,19000,18656,9822,0.8,0.85,15716.8,0.84245283,-424.5283019
7801,-489,15232,15899,19126,18736,9827,0.8,0.85,15819.8,0.844353117,-443.5311699
7800,-488,15163,16211,19146,19136,9830,0.79,0.85,16251.8,0.849278846,-592.7884615
7800,-499,15152,16185,19117,19105,9831,0.79,0.85,16216.5,0.848809212,-588.0921225
7800,-484,15217,16072,19092,18965,9827,0.8,0.85,16061.5,0.846902188,-469.0218824
7800,-498,15267,16150,19207,19062,9822,0.79,0.85,16168.6,0.848211101,-582.1110062
7800,-509,15128,16287,19123,19217,9816,0.79,0.85,16352.1,0.850918458,-609.1845762
7801,-518,15159,16308,19156,19247,9813,0.79,0.85,16382.1,0.851150829,-611.508287
7800,-532,15144,15777,19156,18590,9813,0.79,0.85,15654,0.842065627,-520.6562668
7801,-494,15136,16130,19064,19029,9810,0.79,0.85,16138.7,0.848110778,-581.1077829
7800,-499,15195,16162,19118,19077,9806,0.79,0.85,16185.1,0.848409079,-584.09079
7800,-502,15285,15878,19187,18713,9803,0.8,0.85,15791.9,0.843899963,-438.9996259
7800,-513,15070,15903,19062,18739,9802,0.79,0.85,15824.7,0.844479428,-544.7942793
7800,-491,15159,16160,19102,19084,9806,0.79,0.85,16185.2,0.848103123,-581.0312304
7800,-495,15295,15955,19194,18819,9812,0.8,0.85,15900.7,0.844927998,-449.279983
7801,-494,15252,16215,19183,19141,9818,0.8,0.85,16257.3,0.849344339,-493.4433938
7800,-493,15172,16170,19174,19082,9820,0.79,0.85,16194.6,0.848684624,-586.8462425
7801,-504,15072,15859,19076,18712,9819,0.79,0.85,15772.6,0.842913638,-529.1363831
7800,-493,15055,16128,18971,19039,9811,0.79,0.85,16139.7,0.847717842,-577.1784232
7800,-504,15207,16133,19141,19041,9802,0.79,0.85,16145.3,0.847922903,-579.2290321
7800,-498,15267,16013,19159,18893,9794,0.8,0.85,15980.9,0.845863547,-458.6354735
7800,-499,15265,16125,19202,19034,9794,0.79,0.85,16135.2,0.847704108,-577.0410844
7800,-514,15190,15844,19067,18670,9799,0.8,0.85,15745,0.843331548,-433.3154794
7800,-505,15226,16150,19185,19037,9808,0.79,0.85,16161.1,0.848931029,-589.3102905
7800,-497,15226,16025,19098,18895,9818,0.8,0.85,15993.5,0.846440857,-464.4085737
7801,-494,15158,16163,19069,19069,9824,0.79,0.85,16183.7,0.848691594,-586.9159369
7801,-506,15054,16132,19047,19032,9824,0.79,0.85,16141.6,0.848129466,-581.2946616
7800,-491,15161,16111,19059,19020,9822,0.8,0.85,16117,0.847371188,-473.7118822
7800,-496,15169,16188,19120,19099,9819,0.79,0.85,16217.7,0.849138698,-591.3869836
7800,-508,15114,16200,19089,19117,9816,0.79,0.85,16235.1,0.849249359,-592.4935921
7800,-518,15181,16114,19080,19027,9815,0.8,0.85,16122.1,0.847327482,-473.27482
7800,-496,15064,16252,19033,19178,9815,0.79,0.85,16305.4,0.850213787,-602.1378663
7800,-502,15269,15969,19161,18819,9817,0.8,0.85,15914.7,0.845671927,-456.7192731
7801,-487,15147,16208,19074,19132,9819,0.79,0.85,16247.6,0.849236881,-592.3688062
7801,-495,15140,15736,19017,18579,9820,0.8,0.85,15609.7,0.840179773,-401.7977286
7801,-517,15402,15879,19333,18720,9820,0.8,0.85,15795,0.84375,-437.5
7800,-505,15042,16303,19054,19245,9817,0.79,0.85,16376.5,0.850948298,-609.4829826
7800,-496,15239,15901,19130,18774,9813,0.8,0.85,15833.2,0.843357835,-433.578353
7800,-502,15228,16054,19172,18947,9810,0.79,0.85,16038.1,0.846471737,-564.7173695
7800,-518,15229,15974,19153,18827,9809,0.8,0.85,15922.1,0.845705636,-457.0563552
7800,-496,15171,16197,19141,19134,9810,0.79,0.85,16237.2,0.848604578,-586.0457824
7800,-493,15243,15997,19128,18850,9811,0.8,0.85,15952,0.846259947,-462.5994695
7801,-492,15182,16176,19086,19098,9813,0.8,0.85,16205.4,0.848539114,-485.3911404
7800,-502,15164,16217,19150,19145,9813,0.79,0.85,16260.5,0.84933403,-593.3402977
7801,-499,15274,16061,19199,18944,9813,0.8,0.85,16044.2,0.846927787,-469.2778716
7801,-510,15335,16156,19337,19059,9813,0.79,0.85,16173.7,0.848612204,-586.1220421
7800,-499,15153,15854,19042,18684,9813,0.8,0.85,15759.2,0.843459645,-434.5964462
7800,-487,15100,16177,19012,19092,9813,0.79,0.85,16204.6,0.84876388,-587.6388016
7800,-502,15297,15922,19210,18762,9813,0.8,0.85,15850.6,0.844824646,-448.2464556
7800,-500,15156,15915,18987,18758,9813,0.8,0.85,15842.4,0.844567651,-445.6765114
7800,-521,15173,16123,19134,19038,9807,0.79,0.85,16134.4,0.847483979,-574.8397941
7801,-509,15207,16129,19165,19038,9802,0.79,0.85,16140.4,0.847799139,-577.9913856
7801,-485,15232,16033,19126,18918,9796,0.8,0.85,16008.4,0.846199387,-461.9938683
7800,-490,15196,16167,19104,19088,9796,0.8,0.85,16193.4,0.848354987,-483.5498743
7800,-488,15242,16021,19138,18911,9799,0.8,0.85,15994.3,0.845767014,-457.6701391
7800,-512,15307,15902,19207,18740,9804,0.8,0.85,15824,0.844397012,-443.9701174
7800,-511,15083,15970,19015,18821,9810,0.79,0.85,15916.3,0.845667074,-556.6707401
7801,-481,15009,16192,18855,19111,9812,0.8,0.85,16225.3,0.849003192,-490.0319188
7800,-515,15187,16151,19168,19047,9813,0.79,0.85,16165.1,0.848695333,-586.953326
7800,-501,15184,16176,19107,19091,9810,0.79,0.85,16203.3,0.848740244,-587.4024409
7800,-524,15194,16189,19125,19116,9808,0.79,0.85,16223.8,0.848702657,-587.0265746
7800,-490,15213,16147,19116,19062,9806,0.8,0.85,16165.6,0.848053719,-480.5371944
7801,-480,15209,16150,19166,19066,9806,0.79,0.85,16169.8,0.848096087,-580.9608728
7800,-508,15256,16016,19209,18892,9807,0.79,0.85,15983.6,0.846051239,-560.5123862
7800,-491,15211,16173,19140,19089,9812,0.79,0.85,16199.7,0.848640578,-586.4057834
7801,-500,15287,16156,19215,19071,9816,0.8,0.85,16177.3,0.848267002,-482.6700225
7800,-503,15058,16168,19001,19080,9818,0.79,0.85,16192,0.848637317,-586.3731656
7800,-494,15267,15838,19152,18671,9818,0.8,0.85,15739.3,0.842981094,-429.8109367
7800,-503,15259,15922,19157,18761,9820,0.8,0.85,15850.3,0.844853686,-448.5368584
7801,-493,15199,16124,19112,19033,9824,0.8,0.85,16133.9,0.847680345,-476.8034466
7800,-503,15253,16051,19137,18945,9827,0.8,0.85,16034.5,0.846371074,-463.7107416
7801,-509,15082,16184,19085,19098,9828,0.79,0.85,16213.4,0.848958006,-589.5800607
7801,-498,15211,16244,19140,19178,9826,0.79,0.85,16297.4,0.849796642,-597.9664199
7800,-514,15164,16214,19145,19142,9821,0.79,0.85,16256.6,0.8492634,-592.6339985
7800,-495,15275,15899,19175,18735,9816,0.8,0.85,15819.5,0.844382172,-443.821724
7800,-499,15315,16042,19215,18928,9812,0.8,0.85,16020.4,0.846386306,-463.86306
7800,-502,15058,16225,19070,19150,9813,0.79,0.85,16270,0.849608355,-596.0835509
7800,-530,15060,16101,19034,19000,9813,0.79,0.85,16101,0.847421053,-574.2105263
7801,-524,15251,16097,19140,19009,9813,0.8,0.85,16099.7,0.846951444,-469.5144405
7800,-481,15198,16148,19110,19063,9813,0.8,0.85,16166.9,0.848077427,-480.7742748
7800,-505,15163,16143,19147,19054,9813,0.79,0.85,16159.2,0.848073895,-580.7389525
7800,-508,15217,16113,19163,19014,9812,0.79,0.85,16117.2,0.847649101,-576.4910066
7800,-502,15288,15908,19184,18755,9807,0.8,0.85,15834.5,0.844281525,-442.8152493
7800,-504,15261,16107,19188,19012,9802,0.8,0.85,16110.6,0.847391121,-473.911214
7800,-493,15296,15952,19195,18800,9797,0.8,0.85,15892,0.845319149,-453.1914894
7800,-504,15214,16278,19218,19224,9797,0.79,0.85,16345.2,0.850249688,-602.4968789
7800,-499,15051,15981,19060,18841,9802,0.79,0.85,15933.3,0.845671673,-556.7167348
7800,-501,14973,16296,18919,19236,9810,0.79,0.85,16366.8,0.850842171,-608.4217093
7800,-498,15168,16171,19084,19078,9819,0.79,0.85,16194.4,0.848852081,-588.5208093
7801,-500,15164,16162,19100,19067,9822,0.79,0.85,16182.1,0.848696701,-586.9670111
7800,-491,15209,15795,19093,18617,9822,0.8,0.85,15680.1,0.842246334,-422.46334
7801,-498,15230,15884,19101,18727,9813,0.8,0.85,15802.1,0.843813745,-438.1374486
7800,-500,15057,16242,19045,19164,9805,0.79,0.85,16291.2,0.850093926,-600.9392611
7800,-505,15227,16200,19213,19123,9796,0.79,0.85,16236.9,0.849077028,-590.7702766
7800,-488,15197,15910,19070,18750,9797,0.8,0.85,15835,0.844533333,-445.3333333
7800,-497,15240,16151,19182,19067,9798,0.79,0.85,16171.1,0.848119788,-581.1978812
7800,-493,15194,16070,19088,18968,9800,0.8,0.85,16060.4,0.846710249,-467.1024884
7801,-489,14981,16162,18831,19081,9802,0.8,0.85,16186.3,0.848294115,-482.9411456
7801,-501,15177,16021,19118,18894,9803,0.79,0.85,15989.2,0.846258071,-562.5807135
7800,-499,15253,15879,19139,18728,9803,0.8,0.85,15797.4,0.843517727,-435.1772747
7800,-493,15198,16232,19145,19162,9810,0.79,0.85,16280.6,0.849629475,-596.29475
7800,-496,15122,16139,19055,19042,9817,0.79,0.85,16151.6,0.848209222,-582.0922172
7800,-498,15186,16173,19116,19087,9823,0.79,0.85,16199.1,0.848698067,-586.9806675
7800,-489,15102,16221,19084,19149,9823,0.79,0.85,16265.7,0.849428169,-594.2816857
7800,-506,15270,15939,19164,18788,9821,0.8,0.85,15875.4,0.844975516,-449.7551629
7801,-491,15194,16139,19123,19054,9817,0.79,0.85,16155.2,0.847863966,-578.6396557
7800,-503,14879,15555,18839,18322,9812,0.79,0.85,15351.6,0.837877961,-478.7796092
7800,-485,14943,16046,18743,18937,9810,0.8,0.85,16027.1,0.846337857,-463.3785711
7800,-502,15249,16065,19161,18958,9809,0.8,0.85,16052.4,0.846734888,-467.3488765
7800,-493,15248,16109,19144,19007,9804,0.8,0.85,16111.1,0.847640343,-476.4034303
7800,-496,15244,16004,19142,18885,9797,0.8,0.85,15969.5,0.845618216,-456.1821551
7800,-495,15259,16109,19169,19019,9790,0.8,0.85,16114.7,0.84729481,-472.9481045
7800,-492,15226,16013,19110,18892,9789,0.8,0.85,15980.6,0.845892441,-458.9244124
7801,-492,15236,16158,19137,19070,9791,0.8,0.85,16179,0.848400629,-484.0062926
7800,-492,15224,16003,19150,18869,9796,0.79,0.85,15963.7,0.846027876,-560.2787641
7801,-494,15354,15820,19270,18642,9801,0.8,0.85,15712.6,0.842860208,-428.6020813
7800,-494,15082,16233,19074,19160,9805,0.79,0.85,16281,0.84973904,-597.3903967
7800,-522,15035,15786,19018,18620,9805,0.79,0.85,15672,0.841675618,-516.7561762
7800,-503,15253,15766,19158,18573,9808,0.8,0.85,15637.9,0.841969526,-419.6952566
7800,-494,15235,16103,19161,18997,9812,0.8,0.85,16102.1,0.847612781,-476.1278097
7800,-529,15093,15772,19090,18582,9817,0.79,0.85,15646.6,0.842029921,-520.2992143
7800,-494,15230,16173,19136,19090,9818,0.8,0.85,16200,0.848611839,-486.1183866
7800,-488,15166,16249,19140,19184,9818,0.79,0.85,16304.2,0.849885321,-598.853211
7800,-500,15260,16195,19183,19122,9822,0.8,0.85,16231.6,0.848844263,-488.4426315
7801,-502,15088,15808,19084,18628,9825,0.79,0.85,15696.4,0.842624007,-526.2400687
7800,-512,15242,15939,19132,18782,9827,0.8,0.85,15873.6,0.845149611,-451.4961133
7800,-504,15183,15968,19136,18819,9827,0.79,0.85,15913.7,0.84561879,-556.1878952
7800,-501,15245,15801,19139,18620,9825,0.8,0.85,15687,0.842481203,-424.8120301
7800,-504,15292,15871,19204,18707,9822,0.8,0.85,15783.1,0.843700219,-437.0021917
7800,-495,15206,16196,19142,19128,9818,0.79,0.85,16234.4,0.848724383,-587.243831
7800,-511,15132,16160,19116,19070,9817,0.79,0.85,16181,0.848505506,-585.0550603
7800,-503,15239,15837,19128,18668,9818,0.8,0.85,15737.4,0.843014785,-430.1478466
7801,-486,15165,16126,19153,19038,9817,0.79,0.85,16137.4,0.847641559,-576.4155899
7800,-496,15305,15888,19212,18728,9817,0.8,0.85,15806.4,0.843998291,-439.9829133
7800,-474,15190,16135,19061,19041,9816,0.8,0.85,16147.3,0.84802794,-480.2793971
7800,-500,15386,15954,19303,18809,9816,0.8,0.85,15896.7,0.845164549,-451.6454889
7800,-493,15108,16147,19020,19060,9816,0.79,0.85,16165,0.848111228,-581.112277
7800,-514,14901,15762,18837,18576,9816,0.79,0.85,15634.8,0.841666667,-516.6666667
7800,-503,15223,15869,19114,18690,9815,0.8,0.85,15776,0.844087747,-440.8774746
7800,-500,15154,16135,19084,19039,9815,0.79,0.85,16146.7,0.848085509,-580.8550869
7800,-488,15242,16123,19157,19040,9815,0.8,0.85,16135,0.847426471,-474.2647059
7800,-503,15177,16173,19146,19085,9819,0.79,0.85,16198.5,0.848755567,-587.555672
7800,-487,15111,16191,19073,19116,9823,0.79,0.85,16225.8,0.848807282,-588.0728186
7800,-513,15053,16226,19008,19155,9827,0.79,0.85,16272.5,0.849517097,-595.1709736
7800,-489,15149,16201,19083,19125,9827,0.79,0.85,16238.5,0.849071895,-590.7189542
7800,-517,15192,16219,19174,19152,9827,0.79,0.85,16264.6,0.849237678,-592.3767753
7800,-503,15115,16162,19091,19085,9827,0.79,0.85,16187.5,0.848179198,-581.7919832
7800,-500,15195,16038,19039,18924,9827,0.8,0.85,16015.2,0.846290425,-462.9042486
7800,-504,15139,16204,19085,19135,9828,0.79,0.85,16244.5,0.84894173,-589.4172981
7800,-499,15161,16198,19056,19118,9828,0.8,0.85,16233.4,0.849116016,-491.1601632
7801,-488,15238,16105,19135,19008,9828,0.8,0.85,16107.4,0.847401094,-474.0109428
7800,-504,15150,16079,19095,18961,9827,0.79,0.85,16067.3,0.847386741,-573.8674121
7800,-503,15213,15839,19096,18671,9826,0.8,0.85,15740.3,0.843034653,-430.3465267
7800,-498,15179,16211,19123,19135,9826,0.79,0.85,16251.5,0.849307552,-593.0755161
7800,-488,15142,16180,19095,19106,9825,0.79,0.85,16211.8,0.84851879,-585.1878991
7800,-526,15235,16174,19192,19091,9820,0.79,0.85,16201.3,0.848635483,-586.3548269
7800,-498,15067,16249,19038,19168,9814,0.79,0.85,16299.4,0.850344324,-603.4432387
7800,-499,14987,16228,18918,19152,9810,0.79,0.85,16273.6,0.849707602,-597.0760234
7800,-505,15260,16042,19147,18927,9810,0.8,0.85,16020.1,0.846415174,-464.1517409
7800,-510,15241,15805,19128,18623,9808,0.8,0.85,15691.9,0.842608602,-426.0860227
7800,-512,15051,16206,19020,19127,9804,0.79,0.85,16244.1,0.849275893,-592.7589272
7800,-512,15113,16190,19103,19106,9801,0.79,0.85,16221.8,0.849042186,-590.421857
7800,-507,15201,16122,19147,19026,9799,0.79,0.85,16129.8,0.847776727,-577.7672658
7800,-520,15151,16089,19091,18964,9800,0.79,0.85,16078.2,0.847827463,-578.2746256
7801,-484,15161,16151,19058,19070,9804,0.8,0.85,16172,0.848033561,-480.3356057
7800,-499,15256,15974,19149,18832,9808,0.8,0.85,15923.6,0.845560748,-455.6074766
7800,-499,15061,16193,19038,19109,9812,0.79,0.85,16225.7,0.849112983,-591.1298341
7800,-502,15170,16140,19064,19043,9813,0.8,0.85,16152.9,0.848232946,-482.3294649
7800,-502,15219,16137,19155,19044,9814,0.79,0.85,16150.2,0.848046629,-580.4662886
7800,-501,15177,16197,19172,19112,9817,0.79,0.85,16230.6,0.849236082,-592.3608204
7800,-488,15235,16110,19115,19026,9820,0.8,0.85,16117.8,0.847146011,-471.4601072
7800,-500,15212,16121,19124,19018,9821,0.8,0.85,16126.4,0.847954569,-479.5456936
7800,-488,15259,16164,19168,19084,9821,0.8,0.85,16189.2,0.848312723,-483.127227
7800,-500,15229,16083,19148,18979,9819,0.8,0.85,16076.7,0.84707835,-470.7834975
7800,-478,15297,16051,19196,18929,9818,0.8,0.85,16029.7,0.846832902,-468.329019
7800,-494,15227,16102,19129,19006,9816,0.8,0.85,16103.8,0.847300852,-473.0085236
7800,-485,14567,15285,18367,18045,9815,0.79,0.85,14998.5,0.83117207,-411.7206983
7801,-475,15122,15951,18969,18824,9814,0.8,0.85,15898.2,0.844570761,-445.7076073
7800,-505,15173,16136,19125,19040,9810,0.79,0.85,16148,0.848109244,-581.092437
7800,-498,15282,16015,19173,18887,9806,0.8,0.85,15981.1,0.84614285,-461.4284958
7800,-507,15226,16129,19140,19035,9804,0.8,0.85,16139.5,0.847885474,-478.8547413
7800,-513,15150,16130,19095,19030,9804,0.79,0.85,16139,0.848081976,-580.8197583
7800,-510,15131,15775,19139,18588,9805,0.79,0.85,15651.4,0.842016355,-520.1635464
7800,-515,15216,16089,19133,18978,9807,0.8,0.85,16082.4,0.847423332,-474.2333228
7800,-502,15105,16227,19115,19157,9809,0.79,0.85,16274.1,0.849511928,-595.1192775
7800,-518,15409,15909,19345,18751,9810,0.8,0.85,15834.3,0.844450963,-444.5096262
7800,-523,15073,16099,19089,18990,9811,0.79,0.85,16096,0.847604002,-576.0400211
7800,-500,15218,16102,19094,19014,9813,0.8,0.85,16106.2,0.84707058,-470.7057957
7800,-506,15250,16029,19165,18917,9815,0.8,0.85,16004.1,0.84601681,-460.1681028
7800,-497,15186,16185,19127,19106,9815,0.79,0.85,16216.8,0.848780488,-587.804878
7800,-507,15298,16087,19227,18984,9816,0.8,0.85,16082.2,0.847144964,-471.4496418
7800,-494,15197,16251,19145,19182,9814,0.79,0.85,16305.6,0.850046919,-600.4691899
7800,-497,15126,16189,19078,19114,9813,0.79,0.85,16223.2,0.848760071,-587.6007115
7800,-483,15263,16212,19226,19144,9811,0.79,0.85,16255.2,0.849101546,-591.0154618
7800,-486,15245,15919,19138,18769,9810,0.8,0.85,15849.7,0.844461612,-444.6161223
7800,-500,15205,16228,19123,19165,9810,0.8,0.85,16277.5,0.849334725,-493.3472476
7800,-497,15109,15991,19106,18858,9812,0.79,0.85,15948.4,0.845710043,-557.1004348
7800,-505,15040,15640,19025,18432,9813,0.79,0.85,15469.6,0.839279514,-492.7951389
7800,-496,15257,16181,19186,19110,9815,0.8,0.85,16214,0.848456306,-484.563056
7800,-517,15123,16200,19087,19121,9814,0.79,0.85,16236.3,0.849134459,-591.3445949
7800,-503,15133,16179,19100,19089,9814,0.79,0.85,16205.7,0.848954895,-589.5489549
7800,-519,15219,16142,19134,19051,9813,0.8,0.85,16157.3,0.848107711,-481.0771088
7800,-487,15222,16010,19118,18885,9812,0.8,0.85,15975.5,0.845935928,-459.3592799
7800,-497,15218,16017,19129,18892,9812,0.8,0.85,15984.6,0.846104171,-461.0417108
7800,-503,15160,16175,19148,19093,9813,0.79,0.85,16202.9,0.848630388,-586.303881
7800,-510,15245,16178,19178,19091,9812,0.79,0.85,16205.3,0.848845005,-588.450055
7800,-490,15095,16078,19090,18967,9811,0.79,0.85,16068.1,0.847160858,-571.6085833
7800,-523,15142,16115,19077,19030,9811,0.79,0.85,16124,0.847293747,-572.9374672
7800,-503,15249,15806,19150,18634,9811,0.8,0.85,15696.2,0.842341956,-423.4195557
7800,-497,15116,16175,19085,19090,9810,0.79,0.85,16202,0.848716606,-587.1660555
7800,-500,15177,16248,19156,19189,9810,0.79,0.85,16304.7,0.849689927,-596.8992652
7800,-502,15230,15848,19117,18675,9810,0.8,0.85,15750.5,0.843400268,-434.0026774
7800,-508,15142,16183,19079,19110,9810,0.79,0.85,16216,0.848560963,-585.6096285
7801,-520,15264,15883,19164,18715,9810,0.8,0.85,15797.5,0.844109003,-441.0900347
7800,-506,15196,16018,19093,18887,9811,0.8,0.85,15984.1,0.846301689,-463.0168899
7800,-513,15194,16256,19199,19192,9813,0.79,0.85,16313.6,0.850020842,-600.2084202
7800,-511,15166,15886,19036,18715,9815,0.8,0.85,15800.5,0.844269303,-442.693027
7800,-493,15028,16113,18878,19020,9815,0.8,0.85,16119,0.847476341,-474.7634069
7800,-504,15100,16093,19044,18982,9813,0.79,0.85,16087.6,0.847518702,-575.1870193
7800,-500,15090,16226,19074,19155,9811,0.79,0.85,16272.5,0.849517097,-595.1709736
7800,-497,15207,15861,19095,18691,9808,0.8,0.85,15768.3,0.843630624,-436.3062436
7800,-491,15205,16116,19132,19023,9807,0.79,0.85,16122.9,0.847547705,-575.4770541
7800,-488,15125,16199,19124,19122,9807,0.79,0.85,16235.6,0.849053446,-590.5344629
7800,-505,15240,16057,19176,18941,9809,0.79,0.85,16039.3,0.846803231,-568.0323109
7800,-506,15114,16117,19117,19022,9811,0.79,0.85,16123.6,0.847629061,-576.2906109
7800,-515,15304,16145,19256,19052,9813,0.79,0.85,16160.6,0.848236406,-582.3640563
7800,-489,15111,16116,19085,19016,9813,0.79,0.85,16120.8,0.847749264,-577.4926378
7800,-502,15232,16165,19181,19078,9813,0.79,0.85,16188.4,0.848537583,-585.3758256
7800,-495,15202,16036,19103,18917,9813,0.8,0.85,16011.1,0.846386848,-463.8684781
7800,-499,15243,15881,19139,18715,9813,0.8,0.85,15795.5,0.844002137,-440.0213732
7800,-506,15151,16215,19098,19129,9813,0.79,0.85,16253.7,0.849688954,-596.8895394
7801,-496,15089,16205,19070,19126,9813,0.79,0.85,16242.8,0.849252327,-592.5232668
7800,-498,15205,16180,19153,19108,9813,0.79,0.85,16212.4,0.848461377,-584.6137743
7800,-503,15140,16246,19127,19177,9813,0.79,0.85,16299.1,0.849929603,-599.2960317
7800,-490,15178,16064,19057,18961,9814,0.8,0.85,16052.3,0.846595644,-465.9564369
7800,-497,15266,16229,19252,19152,9814,0.79,0.85,16274.6,0.849759816,-597.5981621
7800,-505,15027,16183,19023,19113,9814,0.79,0.85,16216.9,0.84847486,-584.7486004
7800,-505,15248,16188,19203,19113,9813,0.79,0.85,16221.9,0.848736462,-587.3646209
7801,-502,15254,15911,19155,18758,9812,0.8,0.85,15838.4,0.844354409,-443.5440879
7800,-493,15249,16114,19142,19011,9812,0.8,0.85,16117.3,0.847788123,-477.8812267
7800,-516,15255,16052,19149,18935,9812,0.8,0.85,16032.5,0.846712437,-467.1243729
7800,-506,15054,16149,18987,19057,9810,0.79,0.85,16166.1,0.848302461,-583.0246104
7800,-490,15249,15845,19144,18685,9806,0.8,0.85,15750.5,0.842948889,-429.4888948
7800,-513,15127,15800,19146,18624,9802,0.79,0.85,15687.2,0.842310997,-523.1099656
7800,-499,15220,16015,19105,18891,9800,0.8,0.85,15982.3,0.846027209,-460.2720872
7800,-493,15170,16244,19148,19181,9800,0.79,0.85,16298.3,0.849710651,-597.1065117
7800,-501,15098,16214,19090,19143,9806,0.79,0.85,16256.9,0.849234707,-592.347072
7800,-504,15113,16139,18966,19061,9812,0.8,0.85,16157.3,0.847662767,-476.6276691
7800,-508,15288,15806,19192,18631,9818,0.8,0.85,15695.3,0.842429285,-424.2928453
7800,-498,15196,16169,19125,19074,9818,0.79,0.85,16191.2,0.848862326,-588.6232568
7800,-498,15157,16110,19063,19017,9817,0.8,0.85,16115.1,0.847404953,-474.0495346
7800,-517,15137,16226,19082,19159,9817,0.79,0.85,16273.7,0.84940237,-594.0236964
7800,-489,15252,15832,19152,18656,9817,0.8,0.85,15728.8,0.843096055,-430.9605489
7800,-491,15262,15948,19150,18804,9817,0.8,0.85,15889.2,0.844990428,-449.9042757
7800,-494,15204,16204,19151,19127,9817,0.79,0.85,16242.1,0.849171328,-591.7132849
7800,-499,15187,16233,19193,19169,9812,0.79,0.85,16283.7,0.849480933,-594.8093276
7800,-493,15097,16163,19073,19066,9807,0.79,0.85,16182.8,0.848777929,-587.779293
7800,-491,15154,16052,19020,18950,9802,0.8,0.85,16037,0.846279683,-462.7968338
7800,-498,15100,16158,18964,19072,9802,0.8,0.85,16179.6,0.848343121,-483.4312081
7800,-483,15204,16102,19086,19000,9804,0.8,0.85,16102,0.847473684,-474.7368421
7800,-502,15241,16043,19158,18931,9808,0.8,0.85,16022.3,0.846352543,-463.5254345
7800,-497,15228,16126,19191,19038,9811,0.79,0.85,16137.4,0.847641559,-576.4155899
7800,-494,15266,16041,19164,18927,9813,0.8,0.85,16019.1,0.84636234,-463.6233951
7800,-505,15337,15901,19254,18736,9813,0.8,0.85,15821.8,0.844459863,-444.5986336
7800,-489,15225,15816,19107,18639,9813,0.8,0.85,15707.7,0.842732979,-427.3297924
7800,-494,15224,16185,19164,19099,9813,0.79,0.85,16214.7,0.848981622,-589.8162207
7800,-498,15134,16111,19091,19002,9813,0.79,0.85,16111.6,0.847889696,-578.8969582
7800,-497,15087,16221,19060,19150,9813,0.79,0.85,16266,0.849399478,-593.9947781
7800,-511,15092,16148,19070,19065,9809,0.79,0.85,16167.5,0.848019932,-580.1993181
7800,-496,15223,16184,19170,19104,9799,0.79,0.85,16215.2,0.848785595,-587.8559464
7800,-515,15149,16161,19095,19076,9790,0.79,0.85,16183.8,0.848385406,-583.8540575
7800,-501,15227,16053,19153,18932,9783,0.8,0.85,16032.6,0.846851891,-468.5189098
7800,-490,15088,16212,19055,19131,9783,0.79,0.85,16251.3,0.849474675,-594.7467461
7800,-495,15204,16251,19163,19181,9789,0.79,0.85,16305.3,0.850075596,-600.7559564
7800,-513,15096,15890,19098,18722,9797,0.79,0.85,15806.6,0.844279457,-542.7945732
7800,-496,15236,16200,19192,19130,9805,0.79,0.85,16239,0.848876111,-588.7611082
7800,-509,14992,16168,18994,19080,9807,0.79,0.85,16192,0.848637317,-586.3731656
7800,-492,15093,15975,18976,18833,9808,0.8,0.85,15924.9,0.845584878,-455.8487761
7800,-506,15289,15916,19200,18755,9810,0.8,0.85,15842.5,0.844708078,-447.0807785
7800,-514,15273,15992,19168,18849,9812,0.8,0.85,15946.7,0.846023662,-460.2366173
7800,-505,15183,16166,19183,19087,9813,0.79,0.85,16192.1,0.848331325,-583.3132499
7800,-506,15204,16112,19119,19007,9813,0.8,0.85,16114.1,0.84779818,-477.9817962
7800,-505,15194,16038,19135,18917,9813,0.79,0.85,16013.1,0.846492573,-564.9257282
7800,-516,15143,16066,19079,18944,9811,0.79,0.85,16049.2,0.847191723,-571.9172297
7800,-498,15177,16124,19094,19017,9810,0.79,0.85,16129.1,0.848141137,-581.4113688
7801,-494,15261,16209,19223,19145,9810,0.79,0.85,16252.5,0.848916166,-589.161661
7800,-508,15055,16142,19057,19039,9810,0.79,0.85,16153.7,0.848453175,-584.5317506
7801,-523,15172,16223,19154,19145,9808,0.79,0.85,16266.5,0.849647428,-596.4742753
7800,-495,15227,16133,19124,19037,9806,0.8,0.85,16144.1,0.848038031,-480.380312
7800,-494,15178,16204,19130,19128,9804,0.79,0.85,16242.4,0.849142618,-591.4261815
7800,-508,15195,16110,19146,19024,9804,0.79,0.85,16117.2,0.847203532,-572.0353238
7801,-512,15209,16170,19137,19083,9802,0.79,0.85,16194.9,0.848655872,-586.5587172
7800,-491,15133,16147,19106,19057,9800,0.79,0.85,16164.1,0.848197513,-581.9751272
7800,-520,15122,16249,19108,19186,9797,0.79,0.85,16304.8,0.849828,-598.2799958
7800,-490,15125,16184,19048,19105,9797,0.79,0.85,16215.5,0.84875687,-587.5686993
7800,-516,15341,15844,19260,18679,9797,0.8,0.85,15747.7,0.843069757,-430.6975748
7800,-485,15256,16237,19168,19165,9803,0.8,0.85,16286.5,0.849804331,-498.0433081
7800,-513,14909,15670,18856,18474,9808,0.79,0.85,15512.2,0.839677384,-496.7738443
7800,-508,15204,16179,19145,19105,9813,0.79,0.85,16210.5,0.848495158,-584.9515834
7800,-489,15244,16143,19161,19064,9813,0.8,0.85,16162.2,0.847786404,-477.8640369
7800,-501,15107,16232,19077,19169,9813,0.79,0.85,16282.7,0.849428765,-594.2876519
7800,-499,15332,15964,19251,18817,9813,0.8,0.85,15909.1,0.845464208,-454.642079
7800,-494,15077,16212,19018,19138,9813,0.79,0.85,16253.4,0.849273696,-592.7369631
7800,-495,15195,16172,19128,19084,9813,0.79,0.85,16197.2,0.848731922,-587.3192203
7800,-488,15191,16073,19100,18962,9813,0.8,0.85,16061.6,0.847041451,-470.4145132
7800,-499,15337,16162,19273,19077,9807,0.8,0.85,16185.1,0.848409079,-484.09079
7800,-505,15056,15968,19051,18813,9801,0.79,0.85,15911.9,0.845792803,-557.9280285
7800,-524,14980,15777,18948,18589,9795,0.79,0.85,15653.7,0.842094787,-520.9478724
7800,-511,15037,16167,19019,19080,9793,0.79,0.85,16191,0.848584906,-585.8490566
7800,-504,15190,16155,19139,19065,9795,0.79,0.85,16174.5,0.848387097,-583.8709677
7800,-519,15138,16256,19123,19190,9804,0.79,0.85,16313,0.850078166,-600.7816571
7800,-493,15223,16178,19151,19098,9813,0.79,0.85,16207.4,0.848643837,-586.4383705
7800,-496,15180,16183,19104,19100,9820,0.79,0.85,16213,0.848848168,-588.4816754
7800,-498,15217,16215,19142,19138,9820,0.79,0.85,16256.4,0.849430453,-594.304525
7800,-477,15112,16133,19002,19048,9820,0.8,0.85,16147.4,0.847721546,-477.2154557
7800,-494,15282,16189,19220,19107,9819,0.8,0.85,16221.1,0.848961114,-489.6111373
7800,-499,15207,16082,19143,18974,9818,0.79,0.85,16074.2,0.847169811,-571.6981132
7800,-494,15179,16030,19049,18915,9818,0.8,0.85,16004.5,0.846127412,-461.2741211
7800,-504,15274,15838,19176,18661,9818,0.8,0.85,15736.3,0.843272065,-432.7206473
7800,-505,15167,16111,19091,19008,9814,0.79,0.85,16113.4,0.847716751,-577.1675084
7800,-511,15200,16138,19113,19041,9810,0.8,0.85,16150.3,0.848185494,-481.8549446
7800,-502,15204,16105,19138,19002,9807,0.79,0.85,16105.6,0.84757394,-575.7393959
7800,-505,15162,16192,19165,19109,9807,0.79,0.85,16224.7,0.849060652,-590.6065205
7800,-516,15198,16230,19181,19168,9809,0.79,0.85,16280.4,0.849353088,-593.5308848
7800,-493,15215,15873,19103,18705,9813,0.8,0.85,15784.5,0.843865277,-438.6527666
7800,-512,15084,15888,19079,18725,9816,0.79,0.85,15805.5,0.844085447,-540.8544726
7800,-498,15248,15890,19138,18729,9817,0.8,0.85,15808.7,0.844076032,-440.7603182
7800,-500,15242,16155,19164,19065,9817,0.8,0.85,16174.5,0.848387097,-483.8709677
7800,-503,15241,15929,19161,18765,9815,0.8,0.85,15858.5,0.845110578,-451.105782
7801,-508,15172,16159,19109,19076,9813,0.79,0.85,16181.8,0.848280562,-582.8056196
7800,-513,15243,15902,19134,18742,9812,0.8,0.85,15824.6,0.844338918,-443.3891794
7800,-520,15230,16099,19154,19001,9813,0.8,0.85,16099.3,0.847286985,-472.869849
7800,-504,15203,16212,19178,19131,9812,0.79,0.85,16251.3,0.849474675,-594.7467461
7800,-498,15220,16117,19169,19021,9810,0.79,0.85,16123.3,0.847657852,-576.5785185
7800,-494,15228,15967,19108,18817,9807,0.8,0.85,15912.1,0.845623638,-456.236382
7800,-514,15263,15899,19155,18737,9805,0.8,0.85,15820.1,0.844324065,-443.2406468
7800,-495,15321,15975,19235,18821,9805,0.8,0.85,15921.3,0.845932735,-459.3273471
7800,-482,14995,16097,18818,19003,9804,0.8,0.85,16097.9,0.847124138,-471.2413829
7800,-500,15286,16031,19193,18916,9803,0.8,0.85,16005.8,0.846151406,-461.5140622
7800,-495,15176,16193,19117,19121,9802,0.79,0.85,16229.3,0.84876837,-587.6836986
7800,-499,15103,16218,19077,19140,9802,0.79,0.85,16260,0.849529781,-595.2978056
7800,-520,15248,16150,19152,19054,9802,0.8,0.85,16166.2,0.848441272,-484.4127217
7800,-502,15268,15891,19167,18730,9804,0.8,0.85,15810,0.844100374,-441.0037373
7800,-507,15163,16273,19130,19207,9805,0.79,0.85,16335.1,0.850476389,-604.7638882
7801,-517,15114,16205,19104,19125,9806,0.79,0.85,16242.5,0.849281046,-592.8104575
7800,-507,15259,16091,19172,18992,9806,0.8,0.85,16088.6,0.847125105,-471.2510531
7800,-499,15171,16210,19191,19135,9808,0.79,0.85,16250.5,0.849255291,-592.5529135
7800,-496,15151,15914,18999,18755,9810,0.8,0.85,15840.5,0.84460144,-446.0143962
7800,-492,15181,16148,19082,19064,9812,0.8,0.85,16167.2,0.848048678,-480.4867814
7800,-523,15294,15941,19202,18789,9812,0.8,0.85,15877.7,0.845052957,-450.5295652
7800,-483,15179,16243,19147,19176,9813,0.79,0.85,16295.8,0.849801836,-598.0183563
7800,-498,15208,16149,19124,19054,9812,0.8,0.85,16165.2,0.84838879,-483.8878976
7800,-500,15049,16247,19027,19182,9811,0.79,0.85,16301.6,0.84983839,-598.3839016
7800,-509,15127,16206,19123,19133,9810,0.79,0.85,16245.9,0.849103643,-591.0364292
7801,-501,15221,15991,19122,18860,9810,0.8,0.85,15949,0.845652174,-456.5217391
7801,-489,15171,16154,19064,19063,9812,0.8,0.85,16172.9,0.848392173,-483.9217332
7800,-503,15149,16100,19137,18995,9815,0.79,0.85,16098.5,0.847512503,-575.1250329
7800,-486,15056,16170,18876,19081,9817,0.8,0.85,16194.3,0.84871338,-487.133798
7800,-516,15285,15917,19190,18773,9818,0.8,0.85,15848.9,0.844239067,-442.3906674
7800,-510,15267,16130,19214,19037,9817,0.79,0.85,16141.1,0.847880443,-578.8044335
7800,-510,15195,16195,19148,19124,9814,0.79,0.85,16232.2,0.848786865,-587.8686467
7800,-502,15238,16034,19170,18915,9812,0.79,0.85,16008.5,0.846338884,-563.3888448
7800,-494,15046,16235,19020,19172,9809,0.79,0.85,16286.6,0.84949927,-594.9926977
7800,-496,15255,16137,19206,19045,9809,0.79,0.85,16150.5,0.848017852,-580.1785245
7800,-490,15214,16057,19090,18942,9813,0.8,0.85,16039.6,0.846774364,-467.7436385
7800,-511,15211,16241,19191,19173,9819,0.79,0.85,16292.9,0.84978355,-597.8354978
7800,-503,15128,16109,19115,19016,9825,0.79,0.85,16113.8,0.847381153,-573.8115271
7800,-504,15160,16208,19097,19130,9828,0.79,0.85,16247,0.849294302,-592.9430214
7800,-493,15275,16150,19191,19060,9828,0.8,0.85,16168,0.848268625,-482.6862539
7800,-505,15228,15901,19112,18748,9823,0.8,0.85,15825.4,0.844111372,-441.1137188
7800,-514,15153,15825,19169,18647,9818,0.79,0.85,15719.1,0.842982785,-529.8278543
7800,-488,15234,16099,19153,19001,9813,0.8,0.85,16099.3,0.847286985,-472.869849
7801,-486,15178,16221,19168,19152,9813,0.79,0.85,16266.6,0.849342105,-593.4210526
7800,-488,15208,16152,19146,19071,9813,0.79,0.85,16173.3,0.84805726,-580.5725971
7800,-495,15163,16198,19115,19115,9813,0.79,0.85,16232.5,0.849202197,-592.0219723
7800,-501,15277,15876,19187,18711,9813,0.8,0.85,15789.3,0.843851211,-438.5121052
7800,-488,15262,16138,19204,19048,9813,0.79,0.85,16152.4,0.84798404,-579.8404032
7800,-492,15212,16013,19089,18906,9813,0.8,0.85,15984.8,0.845488205,-454.882048
7800,-525,15213,16087,19153,18988,9815,0.79,0.85,16083.4,0.847029703,-570.2970297
7801,-498,15107,16144,19037,19053,9817,0.79,0.85,16159.9,0.848155146,-581.5514617
7800,-503,15074,16216,19064,19146,9820,0.79,0.85,16259.8,0.849253108,-592.531077
7800,-521,15105,16173,19098,19097,9819,0.79,0.85,16202.1,0.848410745,-584.1074514
7800,-502,15237,15991,19130,18858,9820,0.8,0.85,15948.4,0.845710043,-457.1004348
7800,-493,15235,16164,19151,19081,9821,0.8,0.85,16188.3,0.848398931,-483.9893087
7801,-491,15110,16213,19043,19142,9822,0.79,0.85,16255.6,0.849211159,-592.1115871
7800,-514,15205,16224,19206,19147,9822,0.79,0.85,16268.1,0.849642242,-596.422416
7800,-498,15026,16226,19023,19153,9823,0.79,0.85,16271.9,0.849574479,-595.7447919
7800,-510,15158,15873,19008,18715,9823,0.8,0.85,15787.5,0.843574673,-435.7467272
7800,-525,15254,16115,19198,19026,9824,0.79,0.85,16122.8,0.847408809,-574.08809
7800,-492,15222,16022,19113,18894,9824,0.8,0.85,15990.2,0.846310998,-463.109982
7800,-483,15134,16128,19067,19034,9824,0.79,0.85,16138.2,0.847861721,-578.6172113
7800,-497,15221,15892,19109,18727,9823,0.8,0.85,15810.1,0.844240936,-442.4093555
7800,-493,15180,16253,19137,19189,9820,0.79,0.85,16309.7,0.849950492,-599.5049247
7800,-496,15240,16129,19161,19034,9818,0.8,0.85,16139.2,0.847914259,-479.1425869
7800,-497,15159,15855,19029,18687,9815,0.8,0.85,15761.1,0.843425911,-434.2591106
7800,-523,15315,16193,19291,19122,9815,0.79,0.85,16229.6,0.848739672,-587.3967158
7800,-490,15204,16215,19166,19134,9814,0.79,0.85,16255.2,0.849545312,-595.4531201
7801,-500,15237,16087,19161,18995,9813,0.8,0.85,16085.5,0.846828113,-468.2811266
7800,-509,15221,16069,19159,18961,9812,0.79,0.85,16057.3,0.846859343,-568.5934286
7801,-490,15271,16175,19205,19100,9812,0.8,0.85,16205,0.848429319,-484.2931937
7800,-510,15295,15860,19210,18702,9811,0.8,0.85,15770.6,0.843257406,-432.5740563
7801,-508,15287,16075,19198,18985,9808,0.8,0.85,16070.5,0.846484066,-464.8406637
7800,-492,15237,16026,19177,18901,9806,0.79,0.85,15996.3,0.846320301,-563.2030051
7800,-495,15170,16089,19123,18985,9804,0.79,0.85,16084.5,0.847221491,-572.2149065
7800,-505,15063,16158,19038,19070,9804,0.79,0.85,16179,0.848400629,-584.0062926
7800,-509,15262,16356,19286,19309,9805,0.79,0.85,16448.7,0.851867005,-618.6700502
7800,-493,15067,16222,19101,19144,9806,0.79,0.85,16265.2,0.849623903,-596.2390305
7800,-504,15179,16145,19106,19053,9807,0.79,0.85,16160.9,0.848207631,-582.0763134
7800,-497,15200,16217,19150,19144,9808,0.79,0.85,16260.2,0.849362725,-593.6272461
7800,-495,15152,16143,19104,19070,9808,0.79,0.85,16164,0.847614053,-576.1405349
7800,-501,15070,16159,18989,19074,9807,0.79,0.85,16181.2,0.848338052,-583.380518
7800,-509,15189,16018,19084,18882,9806,0.8,0.85,15982.6,0.846446351,-464.4635102
7800,-488,15237,16192,19179,19120,9805,0.79,0.85,16228,0.84874477,-587.4476987
7800,-507,15190,16174,19145,19098,9804,0.79,0.85,16203.4,0.848434391,-584.3439104
7801,-488,15168,15970,19072,18833,9806,0.8,0.85,15919.9,0.845319386,-453.1938618
7800,-522,15236,16199,19254,19118,9809,0.79,0.85,16234.4,0.849168323,-591.6832305
7800,-501,15044,16197,19044,19127,9812,0.79,0.85,16235.1,0.848805354,-588.0535369
7801,-498,15242,16107,19135,19023,9814,0.8,0.85,16113.9,0.847074594,-470.7459391
7801,-496,15251,15982,19153,18836,9814,0.8,0.85,15932.8,0.845869611,-458.6961138
7800,-495,15253,16111,19165,19023,9811,0.8,0.85,16117.9,0.847284866,-472.8486569
7800,-498,15234,16138,19165,19051,9808,0.79,0.85,16153.3,0.847897748,-578.9774815
7800,-499,15134,16184,19102,19110,9805,0.79,0.85,16217,0.848613291,-586.1329147
7800,-483,15204,16175,19109,19099,9805,0.8,0.85,16204.7,0.848458034,-484.5803445
7800,-502,15240,15873,19137,18705,9807,0.8,0.85,15784.5,0.843865277,-438.6527666
7800,-518,15161,16158,19119,19074,9810,0.79,0.85,16180.2,0.848285624,-582.8562441
7800,-502,15258,16177,19160,19089,9814,0.8,0.85,16203.7,0.848850123,-488.5012311
7801,-515,15055,16054,19059,18926,9816,0.79,0.85,16031.8,0.847078094,-570.7809363
7800,-497,15014,16109,18854,19021,9816,0.8,0.85,16115.3,0.847237264,-472.3726408
7800,-506,15274,15948,19179,18804,9819,0.8,0.85,15889.2,0.844990428,-449.9042757
7800,-499,15148,16162,19070,19078,9823,0.79,0.85,16185.4,0.848380333,-583.8033337
7800,-507,15146,16227,19146,19152,9828,0.79,0.85,16272.6,0.849655388,-596.5538847
7800,-509,15219,16098,19152,18990,9828,0.79,0.85,16095,0.847551343,-575.5134281
7800,-491,15175,16189,19152,19114,9828,0.79,0.85,16223.2,0.848760071,-587.6007115
7801,-508,15216,16146,19185,19043,9827,0.79,0.85,16158.9,0.848548023,-585.480229
7800,-493,15244,15817,19138,18644,9826,0.8,0.85,15710.2,0.842641064,-426.4106415
7800,-494,15366,16040,19304,18910,9825,0.8,0.85,16013,0.846800635,-468.0063458
7800,-502,15161,16118,19154,19024,9825,0.79,0.85,16125.2,0.847624054,-576.2405383
7800,-500,15237,15993,19111,18868,9821,0.8,0.85,15953.4,0.845526818,-455.2681789
7800,-512,15213,16036,19129,18926,9816,0.8,0.85,16013.8,0.846127021,-461.2702103
7800,-498,15189,16141,19105,19050,9811,0.8,0.85,16156,0.84808399,-480.839895
7800,-515,15212,16046,19094,18938,9810,0.8,0.85,16027.4,0.846309008,-463.0900834
7800,-502,15199,16111,19106,19026,9812,0.8,0.85,16118.8,0.84719857,-471.9857038
7800,-490,15129,16139,19069,19038,9818,0.79,0.85,16150.4,0.848324404,-583.2440382
7800,-504,15158,16170,19113,19089,9824,0.79,0.85,16196.7,0.84848342,-584.8341977
7800,-488,15183,16246,19135,19179,9829,0.79,0.85,16299.7,0.849872256,-598.7225611
7801,-507,15111,16200,19021,19126,9829,0.79,0.85,16237.8,0.848990902,-589.9090244
7800,-498,15102,16134,19073,19049,9825,0.79,0.85,16148.7,0.847745288,-577.4528847
7800,-507,15244,15883,19131,18725,9820,0.8,0.85,15800.5,0.843818425,-438.1842457
7800,-504,15278,16147,19212,19061,9815,0.8,0.85,16165.3,0.848082472,-480.8247206
7800,-503,15164,16224,19109,19146,9813,0.79,0.85,16267.8,0.84967095,-596.7094955
7800,-491,15289,15955,19184,18807,9812,0.8,0.85,15897.1,0.845275695,-452.7569522
7800,-495,15184,16107,19104,19004,9815,0.79,0.85,16108.2,0.847621553,-576.2155336
7800,-493,15224,15841,19117,18671,9817,0.8,0.85,15742.3,0.843141771,-431.4177066
7801,-500,15154,16163,19112,19073,9820,0.79,0.85,16184.9,0.848576522,-585.7652178
7800,-483,15231,15938,19112,18789,9820,0.8,0.85,15874.7,0.844893289,-448.9328863
7800,-502,15210,16227,19160,19161,9818,0.79,0.85,16275.3,0.849397213,-593.9721309
7800,-491,15151,16139,19091,19057,9815,0.79,0.85,16156.1,0.847777719,-577.7771947
7800,-496,15182,16243,19131,19171,9812,0.79,0.85,16294.3,0.84994523,-599.4522977
7800,-509,15225,15980,19140,18848,9810,0.8,0.85,15934.4,0.845415959,-454.1595925
7800,-503,15195,16008,19079,18879,9810,0.8,0.85,15971.7,0.846003496,-460.0349595
7800,-481,15207,16093,19112,19004,9812,0.8,0.85,16094.2,0.846884866,-468.8486634
7800,-499,15230,16127,19138,19043,9813,0.8,0.85,16139.9,0.847550281,-475.5028094
7800,-495,15282,16054,19174,18935,9815,0.8,0.85,16034.5,0.846818062,-468.1806179
7800,-513,15189,15939,19095,18783,9816,0.8,0.85,15873.9,0.845120588,-451.2058777
7800,-498,15167,15933,19041,18780,9815,0.8,0.85,15867,0.844888179,-448.8817891
7800,-490,15188,16153,19126,19074,9813,0.79,0.85,16175.2,0.848023487,-580.2348747
7800,-499,15139,15816,18996,18630,9811,0.8,0.85,15705,0.842995169,-429.9516908
7800,-481,15007,16154,18878,19072,9810,0.79,0.85,16175.6,0.848133389,-581.3338926
7800,-492,15300,16016,19203,18904,9810,0.8,0.85,15987.2,0.845704613,-457.0461278
7800,-499,15264,16108,19177,19009,9811,0.8,0.85,16110.7,0.847530117,-475.3011731
7800,-506,15150,16156,19074,19071,9812,0.79,0.85,16177.3,0.848267002,-582.6700225
7800,-492,15235,16017,19135,18890,9814,0.8,0.85,15984,0.84616199,-461.6199047
7800,-475,15235,16101,19113,19000,9814,0.8,0.85,16101,0.847421053,-474.2105263
7800,-503,15121,16190,19062,19109,9815,0.79,0.85,16222.7,0.848955989,-589.5598932
7800,-496,15106,16215,19061,19137,9817,0.79,0.85,16256.1,0.849459163,-594.5916288
7800,-507,15245,16202,19164,19125,9820,0.8,0.85,16239.5,0.849124183,-491.2418301
7800,-503,15122,16155,19134,19041,9822,0.79,0.85,16167.3,0.849078305,-590.7830471
7800,-494,15263,15925,19155,18795,9823,0.8,0.85,15863.5,0.844027667,-440.2766693
7800,-501,15276,15920,19171,18766,9820,0.8,0.85,15849.8,0.84460194,-446.0193968
7801,-506,15183,16153,19101,19065,9814,0.79,0.85,16172.5,0.848282192,-582.821925
7800,-498,15216,16129,19090,19039,9808,0.8,0.85,16140.7,0.847770366,-477.7036609
7800,-508,15157,16217,19140,19136,9805,0.79,0.85,16257.8,0.849592391,-595.923913
7800,-501,15254,15890,19147,18726,9806,0.8,0.85,15807.8,0.844163196,-441.6319556
7800,-492,15191,16089,19119,18966,9809,0.79,0.85,16078.8,0.847769693,-577.6969314
7800,-505,15247,16086,19186,18975,9812,0.79,0.85,16078.5,0.847351779,-573.5177866
7800,-511,15266,16225,19257,19159,9815,0.79,0.85,16272.7,0.849350175,-593.5017485
7800,-497,15053,16195,19047,19109,9815,0.79,0.85,16227.7,0.849217646,-592.1764614
7800,-508,15269,16070,19157,18966,9812,0.8,0.85,16059.8,0.8467679,-467.6790045
7800,-498,15221,16102,19130,19007,9809,0.8,0.85,16104.1,0.847272058,-472.7205766
7800,-493,15277,15881,19173,18721,9805,0.8,0.85,15797.3,0.843827787,-438.2778698
7800,-495,15125,16175,19090,19097,9804,0.79,0.85,16204.1,0.848515474,-585.1547363
7800,-490,15169,16207,19090,19129,9804,0.79,0.85,16245.7,0.849270741,-592.7074076
7800,-500,15128,16099,19058,18996,9804,0.79,0.85,16097.8,0.847431038,-574.3103811
7800,-489,15121,16233,19057,19161,9804,0.79,0.85,16281.3,0.849710349,-597.1034915
7800,-505,15119,15789,19116,18603,9804,0.79,0.85,15669.9,0.842331882,-523.3188195
7800,-507,15322,16191,19259,19113,9805,0.8,0.85,16224.9,0.848893423,-488.9342332
7800,-507,15214,15869,19121,18700,9805,0.8,0.85,15779,0.843796791,-437.9679144
7800,-484,15127,16025,18961,18922,9805,0.8,0.85,16001.6,0.845661135,-456.6113519
7801,-509,15239,16047,19189,18925,9805,0.79,0.85,16024.5,0.84673712,-567.3712021
7800,-517,15230,15796,19114,18617,9805,0.8,0.85,15681.1,0.842300048,-423.0004834
7800,-497,15182,15924,19064,18776,9805,0.8,0.85,15856.8,0.844524925,-445.2492544
7800,-504,15214,15916,19097,18757,9804,0.8,0.85,15843.1,0.844649997,-446.4999733
7800,-503,15266,16032,19158,18934,9802,0.8,0.85,16012.2,0.845685011,-456.8501109
7800,-489,15288,16007,19183,18873,9800,0.8,0.85,15968.9,0.846124093,-461.2409262
7800,-505,15224,16170,19146,19090,9800,0.8,0.85,16197,0.848454688,-484.5468832
7800,-509,15232,16222,19163,19149,9802,0.79,0.85,16266.7,0.849480391,-594.8039062
7800,-505,15011,16264,19021,19187,9810,0.79,0.85,16320.1,0.850581123,-605.8112264
7800,-509,15159,15852,19022,18677,9817,0.8,0.85,15755.1,0.843556246,-435.5624565
7800,-528,15161,16128,19116,19031,9822,0.79,0.85,16137.3,0.847948085,-579.480847
7800,-498,15210,16108,19118,19018,9822,0.8,0.85,16113.4,0.847271006,-472.7100641
7800,-514,15222,16181,19161,19101,9819,0.79,0.85,16211.3,0.848714727,-587.1472698
7800,-501,15151,16190,19089,19112,9816,0.79,0.85,16223.6,0.84886982,-588.6982001
7800,-504,15186,16164,19129,19081,9813,0.79,0.85,16188.3,0.848398931,-583.9893087
7800,-493,15127,16194,19083,19112,9812,0.79,0.85,16227.6,0.849079113,-590.791126
7801,-495,15285,15883,19193,18722,9813,0.8,0.85,15799.6,0.843905566,-439.0556564
7800,-490,15302,16183,19279,19103,9811,0.79,0.85,16213.9,0.848761975,-587.6197456
7800,-508,15170,16063,19126,18944,9809,0.79,0.85,16046.2,0.847033361,-570.3336149
7800,-514,15067,15502,19056,18267,9808,0.79,0.85,15282.1,0.836596048,-465.9604752
7800,-523,15275,15909,19187,18743,9808,0.8,0.85,15831.9,0.844683348,-446.8334845
7800,-494,15229,16190,19151,19106,9807,0.8,0.85,16221.8,0.849042186,-490.421857
7800,-517,15188,16072,19107,18951,9806,0.79,0.85,16057.3,0.847306211,-573.0621075
7800,-494,15191,16156,19097,19071,9805,0.8,0.85,16177.3,0.848267002,-482.6700225
7800,-504,15175,16290,19151,19238,9805,0.79,0.85,16361.4,0.850473022,-604.7302214
7800,-511,15146,16194,19094,19116,9804,0.79,0.85,16228.8,0.848964218,-589.6421846
7800,-494,15202,16029,19099,18901,9803,0.8,0.85,15999.3,0.846479022,-464.7902227
7800,-522,15137,15801,19140,18626,9801,0.79,0.85,15688.8,0.842306453,-523.0645334
7800,-498,14094,16165,17704,19068,9799,0.8,0.85,16185.4,0.848825257,-488.2525698
7800,-486,15041,15803,18855,18620,9799,0.8,0.85,15689,0.842588614,-425.8861439
7800,-518,14857,15586,18725,18388,9800,0.79,0.85,15402.4,0.837633239,-476.3323907
7800,-500,15264,16048,19171,18935,9803,0.8,0.85,16028.5,0.846501188,-465.0118828
7800,-504,15226,16092,19156,18987,9806,0.79,0.85,16088.1,0.847321852,-573.2185179
7800,-500,15165,16190,19099,19115,9807,0.79,0.85,16224.5,0.848783678,-587.8367774
7800,-492,15246,16052,19136,18938,9808,0.8,0.85,16033.4,0.846625832,-466.2583166
7800,-496,15224,15869,19114,18701,9813,0.8,0.85,15779.3,0.843767713,-437.6771296
7800,-504,15248,16180,19214,19104,9818,0.79,0.85,16211.2,0.848576214,-585.7621441
7800,-488,15348,16137,19333,19050,9823,0.79,0.85,16152,0.847874016,-578.7401575
7800,-496,15168,15998,19095,18862,9823,0.79,0.85,15956.6,0.845965433,-559.6543315
7800,-503,15097,15455,19067,18207,9821,0.79,0.85,15217.1,0.835782941,-457.8294063
7800,-520,15270,15763,19179,18578,9816,0.8,0.85,15636.4,0.841662181,-416.6218107
7800,-492,15231,16178,19179,19092,9811,0.79,0.85,16205.6,0.848816258,-588.1625812
7800,-515,15093,16161,19030,19083,9807,0.79,0.85,16185.9,0.848184248,-581.8424776
7800,-511,15163,16233,19141,19161,9807,0.79,0.85,16281.3,0.849710349,-597.1034915
7800,-508,15054,15829,19046,18656,9810,0.79,0.85,15725.8,0.842935249,-529.3524871
7800,-509,15143,16125,19074,19028,9813,0.79,0.85,16133.4,0.847876813,-578.7681312
7800,-507,15199,16209,19181,19135,9816,0.79,0.85,16249.5,0.849203031,-592.0303109
7800,-507,15253,15946,19145,18793,9817,0.8,0.85,15883.9,0.845203001,-452.0300112
7800,-503,14982,16136,18990,19040,9816,0.79,0.85,16148,0.848109244,-581.092437
7800,-507,15166,16005,19032,18877,9814,0.8,0.85,15968.1,0.845902421,-459.0242094
7800,-511,15278,16038,19215,18916,9812,0.8,0.85,16012.8,0.846521463,-465.2146331
7800,-495,15088,16242,19072,19172,9810,0.79,0.85,16293.6,0.849864386,-598.6438556
7800,-469,15250,16149,19200,19071,9810,0.79,0.85,16170.3,0.847899953,-578.9995281
7800,-485,15193,15923,19097,18770,9808,0.8,0.85,15854,0.844645711,-446.4571124
7800,-508,15028,16186,18979,19100,9804,0.79,0.85,16216,0.849005236,-590.052356
7800,-514,15138,16163,19078,19083,9801,0.79,0.85,16187.9,0.848289053,-582.8905308
7800,-495,15112,16251,19098,19188,9800,0.79,0.85,16307.4,0.849874922,-598.7492183
7800,-514,15324,15806,19233,18630,9801,0.8,0.85,15695,0.8424584,-424.5840043
7800,-498,15150,16169,19126,19083,9805,0.79,0.85,16193.9,0.848603469,-586.0346906
7800,-492,15194,16005,19064,18870,9809,0.8,0.85,15966,0.846104928,-461.0492846
7800,-523,15072,15736,19081,18538,9812,0.79,0.85,15597.4,0.841374474,-513.7447405
7800,-515,14753,15383,18548,18123,9812,0.8,0.85,15119.9,0.834293439,-342.9343928
7800,-495,15155,16153,19088,19066,9812,0.79,0.85,16172.8,0.848253435,-582.5343543
7800,-499,15155,16230,19140,19162,9812,0.79,0.85,16278.6,0.849525102,-595.2510176
7800,-517,15153,16168,19122,19083,9812,0.79,0.85,16192.9,0.848551066,-585.5106639
7800,-492,15197,16062,19092,18956,9812,0.8,0.85,16048.8,0.846634311,-466.3431104
7800,-474,15171,16175,19119,19107,9812,0.79,0.85,16207.1,0.848228398,-582.2839797
7800,-493,15194,16196,19138,19129,9813,0.79,0.85,16234.7,0.848695698,-586.9569763
7800,-498,15222,16055,19150,18951,9814,0.79,0.85,16040.3,0.84640916,-564.0916047
7801,-498,15100,16085,19008,18990,9815,0.79,0.85,16082,0.846866772,-568.6677199
7800,-485,15097,16078,18929,18982,9815,0.8,0.85,16072.6,0.84672848,-467.2847961
7800,-497,15026,16141,18915,19046,9816,0.79,0.85,16154.8,0.848199097,-581.9909692
7800,-502,15173,16162,19074,19085,9818,0.8,0.85,16187.5,0.848179198,-481.7919832
7800,-491,15097,16136,19059,19045,9820,0.79,0.85,16149.5,0.847965345,-579.6534523
7800,-480,15298,16078,19205,18983,9821,0.8,0.85,16072.9,0.846699679,-466.9967866
7800,-492,15233,16212,19188,19142,9821,0.79,0.85,16254.6,0.849158918,-591.5891756
7800,-487,15175,16124,19082,19032,9814,0.8,0.85,16133.6,0.847709121,-477.0912148
7800,-507,15248,16172,19166,19089,9807,0.8,0.85,16198.7,0.848588192,-485.8819215
7800,-507,15009,16206,19003,19129,9800,0.79,0.85,16244.7,0.849218464,-592.1846411
7800,-498,15097,15719,19113,18562,9799,0.79,0.85,15587.6,0.839758647,-497.586467
7800,-516,15065,15722,19068,18528,9800,0.79,0.85,15580.4,0.840911054,-509.1105354
7800,-498,15131,16174,19072,19098,9801,0.79,0.85,16203.4,0.848434391,-584.3439104
7800,-503,15225,16133,19174,19043,9803,0.79,0.85,16145.9,0.847865357,-578.6535735
7800,-499,15253,15990,19129,18856,9804,0.8,0.85,15946.8,0.845714892,-457.1489181
7800,-497,15241,16026,19145,18912,9803,0.8,0.85,15999.6,0.846002538,-460.0253807
7800,-511,15252,15847,19163,18676,9802,0.8,0.85,15749.8,0.843317627,-433.176269
7800,-521,15128,15807,19145,18625,9801,0.79,0.85,15694.5,0.842657718,-526.5771812
7800,-502,15347,16134,19273,19048,9800,0.8,0.85,16148.4,0.847774045,-477.7404452
7800,-486,15198,16301,19089,19240,9800,0.8,0.85,16373,0.850987526,-509.8752599
7800,-494,15145,16132,19031,19057,9801,0.8,0.85,16149.1,0.8474104,-474.1040038
7800,-504,15261,16043,19184,18933,9805,0.8,0.85,16022.9,0.846294829,-462.9482913
7800,-492,15126,16239,19053,19170,9810,0.79,0.85,16290,0.849765258,-597.6525822
7800,-518,15131,16210,19097,19139,9813,0.79,0.85,16251.7,0.849140498,-591.4049846
7800,-504,15159,16112,19069,19018,9813,0.79,0.85,16117.4,0.847481333,-574.8133347
7800,-496,15284,15998,19178,18882,9809,0.8,0.85,15962.6,0.845387141,-453.8714119
7800,-504,15179,16143,19148,19049,9805,0.79,0.85,16157.7,0.848217754,-582.1775421
7800,-502,15105,16233,19103,19160,9801,0.79,0.85,16281,0.84973904,-597.3903967
7800,-513,15188,16255,19192,19192,9799,0.79,0.85,16312.6,0.849968737,-599.6873697
7800,-491,14046,16342,17657,19291,9800,0.8,0.85,16429.3,0.851656213,-516.5621274
7800,-476,15225,16077,19107,18977,9806,0.8,0.85,16070.1,0.846819835,-468.1983454
7800,-500,15230,16095,19120,19002,9812,0.8,0.85,16095.6,0.847047679,-470.4767919
7800,-503,15232,16151,19180,19078,9817,0.79,0.85,16174.4,0.847803753,-578.0375301
7800,-518,15121,16215,19070,19145,9817,0.79,0.85,16258.5,0.849229564,-592.2956385
7800,-500,15205,16143,19128,19062,9818,0.79,0.85,16161.6,0.847843878,-578.4387787
7800,-499,15239,16186,19180,19101,9821,0.79,0.85,16216.3,0.848976493,-589.7649338
7800,-503,15241,15844,19139,18669,9824,0.8,0.85,15744.7,0.843360651,-433.6065135
7800,-488,15063,16181,18955,19100,9825,0.79,0.85,16211,0.848743455,-587.434555
7800,-502,15216,16213,19194,19137,9826,0.79,0.85,16254.1,0.849354653,-593.5465329
7800,-496,15218,15979,19153,18825,9817,0.79,0.85,15926.5,0.846029216,-560.2921647
7800,-490,15152,16080,19026,18993,9809,0.8,0.85,16077.9,0.846517138,-465.1713789
7800,-510,15217,16138,19176,19053,9800,0.79,0.85,16153.9,0.847840235,-578.4023513
7800,-504,15063,16180,19043,19097,9800,0.79,0.85,16209.1,0.848777295,-587.7729486
7800,-499,15285,15905,19187,18745,9803,0.8,0.85,15828.5,0.844411843,-444.1184316
7800,-487,15283,16115,19190,19021,9811,0.8,0.85,16121.3,0.847552705,-475.5270491
7800,-504,15230,16063,19183,18952,9818,0.79,0.85,16048.6,0.846802448,-568.0244829
7800,-497,15183,16208,19140,19135,9823,0.79,0.85,16248.5,0.849150771,-591.5077084
7800,-495,15113,16191,19030,19117,9823,0.79,0.85,16226.1,0.848778574,-587.7857404
7800,-494,15308,16177,19225,19104,9815,0.8,0.85,16208.2,0.848419179,-484.1917923
7800,-500,15126,16154,19093,19068,9807,0.79,0.85,16174.4,0.848248374,-582.4837424
7800,-505,15074,16098,18994,18993,9799,0.79,0.85,16095.9,0.847464855,-574.6485547
7800,-501,15232,16196,19177,19120,9799,0.79,0.85,16232,0.848953975,-589.539749
7800,-508,15215,16100,19138,19000,9800,0.8,0.85,16100,0.847368421,-473.6842105
7800,-493,15244,16096,19170,18998,9803,0.8,0.85,16095.4,0.847215496,-472.1549637
7800,-509,15280,15800,19189,18609,9807,0.8,0.85,15682.7,0.842748133,-427.4813262
7800,-501,15257,15955,19149,18807,9810,0.8,0.85,15897.1,0.845275695,-452.7569522
7800,-497,15128,16185,19046,19101,9810,0.79,0.85,16215.3,0.84892414,-589.241401
7800,-491,15224,16125,19130,19037,9814,0.8,0.85,16136.1,0.847617797,-476.1779692
7800,-494,15147,16190,19115,19111,9818,0.79,0.85,16223.3,0.84889854,-588.9854011
7800,-512,15122,15995,19121,18858,9823,0.79,0.85,15952.4,0.845922155,-559.2215505
7800,-513,15132,16097,19061,19000,9823,0.79,0.85,16097,0.847210526,-572.1052632
7800,-493,15332,16128,19247,19028,9823,0.8,0.85,16136.4,0.848034476,-480.3447551
7800,-501,15251,15839,19141,18660,9821,0.8,0.85,15737,0.84335477,-433.5476956
7800,-513,15159,16065,19082,18951,9819,0.79,0.85,16050.3,0.846936837,-569.3683711
7800,-512,15229,16136,19149,19046,9818,0.8,0.85,16149.8,0.847936575,-479.3657461
7800,-492,15198,16019,19109,18892,9817,0.8,0.85,15986.6,0.846210036,-462.1003599
7800,-504,15182,16152,19172,19059,9815,0.79,0.85,16169.7,0.84840233,-584.0232961
7800,-513,15250,16121,19167,19025,9810,0.8,0.85,16128.5,0.847752957,-477.5295664
7800,-501,15255,16112,19179,19008,9806,0.8,0.85,16114.4,0.84776936,-477.6936027
7800,-487,15203,16191,19175,19113,9804,0.79,0.85,16224.9,0.848893423,-588.9342332
7800,-484,15214,15977,19095,18856,9804,0.8,0.85,15933.8,0.845025456,-450.2545609
7800,-510,15223,16071,19185,18952,9805,0.79,0.85,16056.6,0.847224567,-572.2456733
7800,-494,15241,16185,19139,19103,9806,0.8,0.85,16215.9,0.84886667,-488.6667016
7800,-514,15141,16202,19097,19122,9807,0.79,0.85,16238.6,0.849210334,-592.1033365
7800,-506,15126,16221,19066,19151,9808,0.79,0.85,16266.3,0.84937079,-593.7079004
7800,-495,15209,16125,19145,19037,9806,0.79,0.85,16136.1,0.847617797,-576.1779692
7800,-498,15245,16057,19149,18950,9802,0.8,0.85,16042,0.846543536,-465.4353562
7800,-514,15251,16176,19165,19094,9799,0.8,0.85,16204.2,0.848654027,-486.5402744
7800,-507,15280,16260,19250,19187,9797,0.79,0.85,16316.1,0.850372648,-603.7264815
7800,-477,15152,16363,19032,19314,9797,0.8,0.85,16457.2,0.852086569,-520.8656933
7800,-496,15168,15894,19023,18741,9803,0.8,0.85,15816.3,0.843941092,-439.4109172
7800,-504,15206,16127,19114,19023,9809,0.8,0.85,16133.9,0.848125953,-481.2595279
7800,-504,15179,15924,19065,18765,9815,0.8,0.85,15853.5,0.844844125,-448.441247
7800,-483,15195,16207,19144,19137,9815,0.79,0.85,16248.1,0.849041125,-590.4112452
7800,-511,15202,16188,19134,19109,9815,0.79,0.85,16220.7,0.848851327,-588.513266
7800,-494,15236,16110,19134,19014,9815,0.8,0.85,16114.2,0.847491322,-474.9132218
7800,-505,15235,15890,19129,18722,9816,0.8,0.85,15806.6,0.844279457,-442.7945732
7800,-497,15153,16129,19082,19032,9817,0.79,0.85,16138.6,0.847971837,-579.7183691
7800,-505,15224,16219,19177,19141,9817,0.79,0.85,16261.3,0.849553315,-595.5331487
7800,-495,15068,16165,19087,19062,9817,0.79,0.85,16183.6,0.848998007,-589.9800651
7800,-488,15198,15985,19074,18848,9817,0.8,0.85,15939.4,0.845681239,-456.8123939
7800,-506,15257,15919,19154,18764,9817,0.8,0.85,15848.2,0.844606694,-446.0669367
7800,-499,15192,15878,19058,18721,9818,0.8,0.85,15794.3,0.843667539,-436.6753913
7800,-512,15221,16119,19152,19027,9817,0.79,0.85,16127.1,0.847590266,-575.9026646
7800,-491,15190,16192,19139,19114,9814,0.79,0.85,16226.2,0.848917024,-589.1702417
7800,-491,15249,15921,19145,18764,9810,0.8,0.85,15850.2,0.844713281,-447.1328075
7800,-488,15244,16126,19209,19032,9808,0.79,0.85,16135.6,0.847814208,-578.1420765
7801,-499,15197,16085,19118,18985,9808,0.79,0.85,16080.5,0.847010798,-570.10798
7800,-488,15138,16150,19055,19060,9811,0.79,0.85,16168,0.848268625,-582.6862539
7800,-502,15199,16075,19136,18951,9815,0.79,0.85,16060.3,0.847464514,-574.6451375
7800,-497,15229,16181,19115,19097,9820,0.8,0.85,16210.1,0.848829659,-488.2965911
7800,-487,15040,16115,18886,19021,9820,0.8,0.85,16121.3,0.847552705,-475.5270491
7800,-496,15103,16178,19077,19098,9818,0.79,0.85,16207.4,0.848643837,-586.4383705
7800,-517,15189,16082,19085,18978,9809,0.8,0.85,16075.4,0.847054484,-470.5448414
7800,-495,15279,15920,19170,18772,9800,0.8,0.85,15851.6,0.844427871,-444.278713
7800,-484,15205,16117,19142,19027,9793,0.79,0.85,16125.1,0.847485153,-574.8515268
7800,-499,15162,16256,19100,19184,9793,0.79,0.85,16311.2,0.850250209,-602.5020851
7800,-500,15218,16105,19154,18996,9799,0.79,0.85,16103.8,0.847746894,-577.4689408
7800,-495,15335,16000,19238,18868,9808,0.8,0.85,15960.4,0.845897816,-458.9781641
7800,-496,15154,16152,19115,19058,9817,0.79,0.85,16169.4,0.848431105,-584.3110505
7800,-504,15083,15724,19087,18554,9820,0.79,0.85,15590.2,0.84026086,-502.6086019
7800,-515,15152,16163,19152,19079,9820,0.79,0.85,16186.7,0.848404004,-584.040044
7800,-511,15178,16193,19112,19119,9817,0.79,0.85,16228.7,0.848825775,-588.2577541
7800,-504,15138,16179,19062,19101,9813,0.79,0.85,16209.3,0.84861002,-586.1002042
7800,-511,15152,16175,19123,19097,9810,0.79,0.85,16204.1,0.848515474,-585.1547363
7800,-497,15189,16162,19141,19074,9810,0.79,0.85,16184.2,0.848495334,-584.9533396
7800,-502,15300,15823,19208,18648,9809,0.8,0.85,15717.4,0.842846418,-428.4641785
7800,-487,15179,16182,19127,19099,9807,0.79,0.85,16211.7,0.848824546,-588.2454579
7800,-495,15231,16227,19199,19150,9806,0.79,0.85,16272,0.849712794,-597.1279373
7800,-477,15145,16393,19024,19338,9805,0.8,0.85,16494.4,0.852952736,-529.5273555
7800,-492,15087,16194,18977,19112,9804,0.8,0.85,16227.6,0.849079113,-490.791126
7800,-501,15175,16185,19100,19101,9801,0.79,0.85,16215.3,0.84892414,-589.241401
7800,-502,15110,16251,19072,19191,9797,0.79,0.85,16308.3,0.849788964,-597.8896358
7800,-519,15187,16217,19113,19143,9793,0.79,0.85,16259.9,0.849391422,-593.9142245
7800,-502,15187,15821,19072,18635,9793,0.8,0.85,15711.5,0.843117789,-431.1778911
7800,-504,15296,15849,19201,18668,9797,0.8,0.85,15749.4,0.843657596,-436.5759589
7800,-511,15163,15786,19179,18601,9806,0.79,0.85,15666.3,0.842228912,-522.2891242
7800,-498,15281,15942,19181,18786,9815,0.8,0.85,15877.8,0.845193229,-451.93229
7800,-501,15252,16280,19202,19218,9821,0.79,0.85,16345.4,0.850525549,-605.2554896
7800,-487,15113,16137,19068,19048,9821,0.79,0.85,16151.4,0.847931541,-579.3154137
7800,-512,15037,16130,18930,19039,9816,0.79,0.85,16141.7,0.84782289,-578.2288986
7800,-507,15247,15923,19143,18762,9810,0.8,0.85,15851.6,0.844877945,-448.7794478
7800,-508,15142,16204,19081,19126,9804,0.79,0.85,16241.8,0.849200042,-592.0004183
7800,-510,15220,16223,19154,19156,9803,0.79,0.85,16269.8,0.849331802,-593.3180205
7800,-508,15201,16219,19154,19139,9803,0.79,0.85,16260.7,0.849610742,-596.1074246
7800,-499,15204,16198,19176,19121,9805,0.79,0.85,16234.3,0.849029862,-590.2986245
7800,-497,15267,15754,19180,18561,9806,0.8,0.85,15622.3,0.841673401,-416.7340122
7800,-494,15211,16067,19097,18956,9807,0.8,0.85,16053.8,0.84689808,-468.9807976
7800,-497,15199,16273,19195,19214,9807,0.79,0.85,16337.2,0.850275841,-602.7584053
7800,-508,15109,16253,19126,19187,9805,0.79,0.85,16309.1,0.850007818,-600.0781779
7800,-498,15172,16201,19095,19119,9804,0.79,0.85,16236.7,0.849244207,-592.4420733
7800,-509,15184,16145,19098,19066,9802,0.8,0.85,16164.8,0.84783384,-478.3384034
7800,-490,15134,16149,19058,19058,9802,0.79,0.85,16166.4,0.848273691,-582.7369084
7800,-492,15149,16248,19112,19181,9803,0.79,0.85,16302.3,0.849919191,-599.1919087
7800,-494,15215,16110,19122,18989,9809,0.8,0.85,16106.7,0.848212123,-482.1212281
7800,-486,15201,16091,19130,18984,9815,0.79,0.85,16086.2,0.847355668,-573.5566793
7800,-495,15219,16115,19148,19017,9820,0.79,0.85,16120.1,0.847667876,-576.6787611
7800,-502,15203,16035,19095,18898,9820,0.8,0.85,16004.4,0.846883268,-468.8326807
7800,-497,15199,16219,19150,19140,9817,0.79,0.85,16261,0.849582027,-595.8202717
7800,-508,15071,16197,19061,19108,9811,0.79,0.85,16229.4,0.849351057,-593.5105715
7800,-510,14968,16149,18845,19055,9805,0.79,0.85,16165.5,0.84836001,-583.600105
7800,-494,15275,16078,19171,18972,9803,0.8,0.85,16069.6,0.847016656,-470.1665612
7800,-507,15136,16233,19103,19159,9803,0.79,0.85,16280.7,0.849767733,-597.6773318
7800,-502,15145,16238,19099,19160,9803,0.79,0.85,16286,0.85,-600
7800,-512,15099,15768,19101,18574,9804,0.79,0.85,15640.2,0.842048024,-520.4802412
7800,-495,15117,16187,19089,19104,9804,0.79,0.85,16218.2,0.84894263,-589.4262982
7800,-510,15197,15836,19074,18661,9804,0.8,0.85,15734.3,0.843164889,-431.6488934
7800,-492,15181,16182,19158,19101,9803,0.79,0.85,16212.3,0.84876708,-587.6708026
7800,-523,15122,16248,19093,19170,9800,0.79,0.85,16299,0.850234742,-602.3474178
7801,-517,15183,15846,19124,18673,9797,0.79,0.85,15747.9,0.843351363,-533.5136293
7800,-514,14987,16148,18965,19060,9796,0.79,0.85,16166,0.848163694,-581.636936
7800,-525,15248,16005,19140,18865,9796,0.8,0.85,15964.5,0.846249669,-462.496687
7800,-493,15177,16192,19117,19107,9797,0.79,0.85,16224.1,0.849118124,-591.1812425
7800,-503,15218,16045,19125,18923,9798,0.8,0.85,16021.9,0.846689214,-466.8921418
7800,-510,15242,15976,19161,18826,9800,0.8,0.85,15923.8,0.845840858,-458.4085839
7800,-503,15079,16250,19075,19172,9800,0.79,0.85,16301.6,0.850281661,-602.8166076
7800,-522,15223,15857,19113,18698,9802,0.8,0.85,15766.4,0.843213178,-432.1317788
7800,-492,15265,16163,19165,19081,9806,0.8,0.85,16187.3,0.848346523,-483.4652272
7800,-502,15149,16228,19135,19160,9811,0.79,0.85,16276,0.849478079,-594.7807933
7800,-500,15000,15825,19008,18683,9813,0.79,0.85,15729.9,0.84193652,-519.3651983
7800,-484,15247,15984,19144,18870,9813,0.8,0.85,15945,0.844992051,-449.9205087
7800,-499,15251,15991,19146,18868,9814,0.8,0.85,15951.4,0.845420818,-454.2081832
7800,-501,15182,16128,19126,19029,9816,0.79,0.85,16136.7,0.848005676,-580.0567555
7800,-497,15179,16068,19126,18965,9817,0.79,0.85,16057.5,0.846691273,-566.912734
7800,-502,15263,15906,19172,18744,9817,0.8,0.85,15829.2,0.844494238,-444.9423816
7800,-500,15186,16028,19112,18905,9820,0.79,0.85,15999.5,0.8463105,-563.1049987
7800,-499,15173,16110,19045,19010,9826,0.8,0.85,16113,0.847606523,-476.0652288
7800,-504,15094,16257,19088,19194,9832,0.79,0.85,16315.2,0.85001563,-600.1562988
7800,-517,15267,16184,19230,19108,9835,0.79,0.85,16216.4,0.848670714,-586.7071384
7800,-489,14970,16290,18896,19232,9835,0.79,0.85,16359.6,0.850644759,-606.4475874
7800,-511,15155,16136,19092,19051,9831,0.79,0.85,16151.3,0.847792767,-577.9276678
7800,-511,15250,15822,19146,18647,9826,0.8,0.85,15716.1,0.842821902,-428.2190165
7800,-495,15183,16172,19122,19092,9821,0.79,0.85,16199.6,0.84850199,-585.0199036
7800,-511,15242,16193,19179,19118,9820,0.79,0.85,16228.4,0.848854483,-588.5448269
7800,-497,15224,16091,19137,18978,9818,0.8,0.85,16084.4,0.847528717,-475.2871746
7800,-505,15162,16187,19092,19106,9808,0.79,0.85,16218.8,0.848885167,-588.8516696
7800,-499,15196,16223,19130,19152,9798,0.79,0.85,16268.6,0.849446533,-594.46533
7800,-497,15232,15768,19130,18582,9790,0.8,0.85,15642.6,0.841814659,-418.1465935
7800,-509,15213,15897,19100,18733,9790,0.8,0.85,15816.9,0.844333529,-443.3352907
7801,-510,15147,16145,19143,19055,9793,0.79,0.85,16161.5,0.848150092,-581.5009184
7800,-502,14972,16073,18779,18973,9799,0.8,0.85,16064.9,0.846724292,-467.2429242
7800,-488,15258,15802,19159,18624,9805,0.8,0.85,15689.2,0.842418385,-424.1838488
7800,-510,15237,16115,19144,19024,9807,0.8,0.85,16122.2,0.847466358,-474.6635828
7800,-505,15228,16182,19213,19100,9807,0.79,0.85,16212,0.848795812,-587.9581152
7800,-507,15131,16207,19093,19129,9803,0.79,0.85,16245.7,0.849270741,-592.7074076
7800,-500,15225,16129,19138,19031,9800,0.8,0.85,16138.3,0.848000631,-480.0063055
7800,-498,15116,16135,19095,19037,9796,0.79,0.85,16146.1,0.84814309,-581.4308977
7800,-504,15201,16193,19123,19111,9796,0.79,0.85,16226.3,0.849055518,-590.5551776
7800,-510,15206,16214,19196,19130,9799,0.79,0.85,16253,0.849607946,-596.0794564
7800,-500,15079,16208,19087,19125,9805,0.79,0.85,16245.5,0.849437908,-594.379085
7800,-488,15093,16163,18958,19082,9810,0.8,0.85,16187.6,0.848317786,-483.177864
7800,-509,15193,16093,19120,18995,9813,0.79,0.85,16091.5,0.847143985,-571.4398526
7800,-501,15136,16150,19044,19067,9813,0.79,0.85,16170.1,0.848067341,-580.6734148
7800,-508,15204,16199,19180,19119,9814,0.79,0.85,16234.7,0.849139599,-591.3959935
7800,-513,15176,16072,19081,18951,9815,0.8,0.85,16057.3,0.847306211,-473.0621075
7800,-488,15126,16231,19059,19161,9816,0.79,0.85,16279.3,0.84960597,-596.0597046
7800,-503,15137,16126,19076,19044,9815,0.79,0.85,16139.2,0.847469019,-574.6901911
7800,-507,15191,16231,19180,19163,9814,0.79,0.85,16279.9,0.849548609,-595.486093
7800,-510,15220,16119,19132,19023,9812,0.8,0.85,16125.9,0.847705409,-477.0540924
7800,-514,15040,16180,19051,19091,9809,0.79,0.85,16207.3,0.848949767,-589.4976691
7800,-493,15133,16170,19074,19089,9807,0.79,0.85,16196.7,0.84848342,-584.8341977
7800,-506,15192,16039,19112,18916,9807,0.79,0.85,16013.8,0.846574329,-565.7432861
7800,-519,15154,16186,19157,19110,9812,0.79,0.85,16219,0.848717949,-587.1794872
7800,-510,15227,16122,19136,19029,9819,0.8,0.85,16130.7,0.847690367,-476.9036733
7800,-511,15140,16163,19084,19072,9826,0.79,0.85,16184.6,0.848605285,-586.0528523
7800,-491,15137,16141,19095,19059,9827,0.79,0.85,16158.7,0.847825174,-578.2517446
7800,-511,15139,16279,19111,19214,9825,0.79,0.85,16343.2,0.850588113,-605.8811283
7800,-505,15187,15874,19071,18704,9819,0.8,0.85,15785.2,0.843947819,-439.4781865
7800,-518,15169,15901,19188,18734,9813,0.79,0.85,15821.2,0.844517989,-545.1798868
7800,-497,15118,16268,19150,19194,9810,0.79,0.85,16326.2,0.850588726,-605.8872564
7800,-487,15174,16024,19063,18921,9810,0.8,0.85,16000.3,0.845637123,-456.3712277
7800,-505,15231,15957,19118,18826,9810,0.8,0.85,15904.8,0.844831616,-448.3161585
7800,-503,15182,16177,19125,19091,9809,0.79,0.85,16204.3,0.848792625,-587.926248
7800,-509,15127,16186,19054,19102,9808,0.79,0.85,16216.6,0.848947754,-589.4775416
7800,-502,15215,16147,19158,19060,9808,0.79,0.85,16165,0.848111228,-581.112277
7800,-495,15143,16138,19083,19049,9808,0.79,0.85,16152.7,0.847955273,-579.5527324
7800,-500,15234,15822,19133,18643,9807,0.8,0.85,15714.9,0.842938368,-429.3836829
7800,-494,15055,16144,18927,19049,9805,0.8,0.85,16158.7,0.84827025,-482.7025041
7800,-508,15286,16286,19294,19229,9805,0.79,0.85,16354.7,0.850522648,-605.2264808
7800,-509,15015,16213,19017,19131,9804,0.79,0.85,16252.3,0.849526946,-595.2694579
7800,-512,15237,15843,19127,18677,9808,0.8,0.85,15746.1,0.84307437,-430.7436955
7800,-507,15057,15838,19045,18661,9814,0.79,0.85,15736.3,0.843272065,-532.7206473
7800,-504,15171,15979,19062,18846,9820,0.8,0.85,15932.8,0.845420779,-454.2077895
7800,-490,15191,16108,19099,19015,9822,0.8,0.85,16112.5,0.847357349,-473.5734946
7800,-522,15172,16187,19121,19103,9822,0.79,0.85,16217.9,0.848971366,-589.7136575
7800,-502,15217,15889,19110,18721,9817,0.8,0.85,15805.3,0.844255115,-442.5511458
7800,-495,15235,16020,19150,18895,9812,0.8,0.85,15988.5,0.846176237,-461.762371
7800,-486,15268,16139,19207,19055,9807,0.79,0.85,16155.5,0.847835214,-578.3521385
7800,-523,15083,15807,19081,18637,9808,0.79,0.85,15698.1,0.842308311,-523.0831142
7800,-494,15193,15911,19073,18749,9805,0.8,0.85,15835.7,0.844615713,-446.1571284
7800,-497,15129,16109,19029,19008,9800,0.8,0.85,16111.4,0.847611532,-476.1153199
7800,-504,15272,15989,19165,18861,9794,0.8,0.85,15947.3,0.845517205,-455.1720481
7800,-507,15278,16042,19178,18920,9792,0.8,0.85,16018,0.846617336,-466.1733615
7800,-485,15226,16125,19111,19025,9792,0.8,0.85,16132.5,0.847963206,-479.6320631
7800,-505,15310,15890,19222,18729,9800,0.8,0.85,15808.7,0.844076032,-440.7603182
7800,-499,15162,16203,19103,19117,9808,0.79,0.85,16238.1,0.849406288,-594.062876
7800,-506,15112,15845,19124,18676,9815,0.79,0.85,15747.8,0.843210538,-532.1053759
7800,-480,15255,16045,19166,18930,9815,0.8,0.85,16024,0.846487058,-464.8705758
7800,-514,15311,16209,19300,19124,9813,0.79,0.85,16246.2,0.849518929,-595.1892909
7800,-500,15115,16028,19085,18908,9810,0.79,0.85,16000.4,0.846223821,-562.2382061
7800,-502,15023,15933,18839,18801,9806,0.8,0.85,15873.3,0.84427956,-442.795596
7801,-514,15278,15837,19182,18659,9804,0.8,0.85,15734.7,0.843276703,-432.7670293
7800,-488,15200,16054,19085,18946,9804,0.8,0.85,16037.8,0.846500581,-465.005806
7800,-504,15215,16201,19158,19122,9805,0.79,0.85,16237.6,0.849158038,-591.5803786
7800,-514,15179,16128,19118,19031,9806,0.79,0.85,16137.3,0.847948085,-579.480847
7800,-491,15278,15887,19178,18728,9807,0.8,0.85,15805.4,0.843944895,-439.4489534
7800,-510,15222,16232,19150,19156,9808,0.79,0.85,16278.8,0.849801629,-598.0162873
7800,-494,15161,16077,19062,18971,9808,0.8,0.85,16068.3,0.846992778,-469.9277845
7800,-493,15210,16207,19109,19125,9807,0.8,0.85,16244.5,0.849385621,-493.8562092
7800,-492,15078,16231,19096,19158,9806,0.79,0.85,16278.4,0.849692035,-596.9203466
7800,-490,15135,16043,19029,18930,9805,0.8,0.85,16022,0.846381405,-463.8140518
7800,-502,15180,16050,19076,18948,9805,0.8,0.85,16034.4,0.846231792,-462.3179227
7800,-493,15212,15903,19090,18755,9807,0.8,0.85,15829.5,0.844014929,-440.1492935
7800,-505,15200,16176,19104,19088,9810,0.8,0.85,16202.4,0.848826488,-488.2648785
7800,-499,15213,16203,19119,19128,9812,0.8,0.85,16241.4,0.849090339,-490.9033877
7800,-499,15131,16215,19071,19143,9812,0.79,0.85,16257.9,0.849286946,-592.8694562
7800,-496,15228,15909,19122,18746,9812,0.8,0.85,15832.8,0.844596181,-445.9618052
7800,-495,15178,16054,19045,18936,9812,0.8,0.85,16034.8,0.846789185,-467.8918462
7800,-501,15221,16206,19233,19129,9812,0.79,0.85,16244.7,0.849218464,-592.1846411
7800,-502,15015,16243,19016,19173,9812,0.79,0.85,16294.9,0.849887863,-598.8786314
7800,-484,14981,15823,18781,18669,9811,0.8,0.85,15723.7,0.842235792,-422.3579195
7800,-508,15243,15906,19130,18744,9810,0.8,0.85,15829.2,0.844494238,-444.9423816
7800,-504,15155,16119,19054,19025,9808,0.8,0.85,16126.5,0.847647832,-476.478318
7800,-495,15214,16040,19094,18917,9806,0.8,0.85,16015.1,0.846598298,-465.9829783
7800,-521,15168,16135,19098,19042,9805,0.79,0.85,16147.6,0.84799916,-579.9915975
7800,-495,15200,16216,19183,19147,9805,0.79,0.85,16260.1,0.849224422,-592.2442158
7801,-505,15087,15887,19089,18727,9801,0.79,0.85,15805.1,0.843973941,-539.7394137
7800,-500,15228,15959,19111,18809,9797,0.8,0.85,15901.7,0.845430379,-454.3037907
7800,-489,15305,16209,19274,19139,9792,0.79,0.85,16250.7,0.849088249,-590.8824912
7800,-489,15018,15971,19002,18828,9792,0.79,0.85,15919.4,0.845517315,-555.1731464
7800,-492,15178,16084,19079,18986,9798,0.8,0.85,16079.8,0.846929316,-469.2931634
7800,-503,15248,15997,19138,18880,9809,0.8,0.85,15961,0.845391949,-453.9194915
7800,-492,15167,16182,19079,19104,9821,0.79,0.85,16213.2,0.848680905,-586.8090452
7800,-486,15204,16074,19068,18981,9828,0.8,0.85,16068.3,0.846546547,-465.4654655
7800,-491,15217,16070,19176,18957,9828,0.79,0.85,16057.1,0.847027483,-570.2748325
7800,-494,15206,16190,19125,19121,9820,0.8,0.85,16226.3,0.848611474,-486.114743
7800,-498,15153,16218,19134,19145,9812,0.79,0.85,16261.5,0.849386263,-593.8626273
7800,-492,15231,16199,19178,19128,9804,0.79,0.85,16237.4,0.848881221,-588.8122125
7800,-504,15282,16118,19187,19017,9804,0.8,0.85,16123.1,0.84782563,-478.256297
7800,-496,15172,16153,19154,19066,9805,0.79,0.85,16172.8,0.848253435,-582.5343543
7800,-489,15161,16131,19042,19033,9808,0.8,0.85,16140.9,0.848048127,-480.4812694
7801,-506,15272,16186,19204,19104,9811,0.8,0.85,16217.2,0.848890285,-488.9028476
7800,-505,15211,16164,19167,19080,9813,0.79,0.85,16188,0.848427673,-584.2767296
7800,-506,15075,16172,19038,19089,9813,0.79,0.85,16198.7,0.848588192,-585.8819215
7800,-491,15238,16148,19164,19057,9812,0.8,0.85,16165.1,0.848249987,-482.4998688
7800,-490,15237,15998,19121,18864,9810,0.8,0.85,15957.2,0.845907549,-459.0754877
7800,-501,15240,15956,19125,18819,9808,0.8,0.85,15901.7,0.844981136,-449.8113609
7800,-485,15245,16108,19167,19018,9808,0.8,0.85,16113.4,0.847271006,-472.7100641
7800,-491,15197,16250,19140,19186,9808,0.79,0.85,16305.8,0.849880121,-598.8012092
7800,-493,15311,15958,19211,18806,9810,0.8,0.85,15899.8,0.845464214,-454.6421355
7800,-494,14965,16172,18837,19089,9811,0.79,0.85,16198.7,0.848588192,-585.8819215
7800,-493,15218,16131,19161,19038,9813,0.79,0.85,16142.4,0.847904192,-579.0419162
7800,-501,15184,16215,19148,19154,9812,0.79,0.85,16261.2,0.848971494,-589.714942
7800,-509,15296,15857,19206,18701,9811,0.8,0.85,15767.3,0.843126036,-431.2603604
7801,-497,15157,16141,19083,19047,9809,0.79,0.85,16155.1,0.848170316,-581.7031554
7800,-503,15127,15818,19143,18644,9807,0.79,0.85,15711.2,0.842694701,-526.9470071
7800,-512,15144,16173,19124,19085,9806,0.79,0.85,16198.5,0.848755567,-587.555672
7800,-495,15168,16137,19117,19059,9807,0.79,0.85,16154.7,0.8476153,-576.1529986
7800,-532,15283,16180,19217,19103,9809,0.8,0.85,16210.9,0.848604931,-486.0493116
7800,-520,15045,15940,19034,18784,9811,0.79,0.85,15875.2,0.845144804,-551.4480409
7800,-498,15223,16113,19099,19017,9813,0.8,0.85,16118.1,0.847562707,-475.6270705
7801,-504,15227,15777,19116,18599,9813,0.8,0.85,15656.7,0.841803323,-418.0332276
7800,-493,15229,16252,19176,19185,9811,0.79,0.85,16307.5,0.850013031,-600.1303101
7800,-500,15193,16247,19115,19190,9808,0.79,0.85,16304,0.849609171,-596.0917144
7800,-497,15187,16116,19111,19013,9804,0.79,0.85,16119.9,0.847835691,-578.3569137
7800,-473,15211,16125,19107,19030,9803,0.8,0.85,16134,0.847819233,-478.1923279
7800,-511,15316,15910,19221,18753,9803,0.8,0.85,15835.9,0.844446222,-444.4622194
7800,-502,15176,16142,19178,19051,9804,0.79,0.85,16157.3,0.848107711,-581.0771088
7800,-517,15273,16103,19259,18993,9806,0.79,0.85,16100.9,0.84772811,-577.2811036
7800,-485,15186,15918,19121,18761,9807,0.79,0.85,15846.3,0.844640478,-546.4047759
7800,-493,15177,16236,19100,19174,9807,0.79,0.85,16288.2,0.849494107,-594.941066
7800,-504,15130,16172,19125,19088,9809,0.79,0.85,16198.4,0.848616932,-586.169321
7800,-491,15140,16111,19010,19019,9815,0.8,0.85,16116.7,0.847399968,-473.9996845
7800,-489,15246,15944,19130,18798,9821,0.8,0.85,15883.4,0.844951591,-449.5159059
7800,-514,15102,16188,19096,19113,9825,0.79,0.85,16221.9,0.848736462,-587.3646209
7800,-517,15140,16174,19122,19098,9825,0.79,0.85,16203.4,0.848434391,-584.3439104
7800,-493,15188,16090,19130,18990,9817,0.79,0.85,16087,0.847130068,-571.3006846
7800,-502,15179,16072,19067,18964,9809,0.8,0.85,16061.2,0.846931027,-469.3102721
7800,-504,15245,16232,19222,19158,9802,0.79,0.85,16279.4,0.849744232,-597.4423217
7800,-495,15013,16130,19031,19034,9803,0.79,0.85,16140.2,0.847966796,-579.6679626
7800,-495,14960,16085,18820,18980,9804,0.79,0.85,16079,0.8471549,-571.5489989
7800,-499,15259,15967,19159,18824,9809,0.8,0.85,15914.2,0.845420739,-454.2073948
7800,-494,15217,16137,19124,19051,9813,0.8,0.85,16152.3,0.847845257,-478.4525747
7800,-483,15227,16117,19186,19023,9816,0.79,0.85,16123.9,0.847600273,-576.0027335
7800,-489,15276,15914,19176,18758,9816,0.8,0.85,15841.4,0.844514341,-445.1434055
7800,-501,15199,16125,19152,19042,9820,0.79,0.85,16137.6,0.847474005,-574.7400483
7800,-503,15220,16225,19174,19143,9825,0.79,0.85,16267.9,0.84980933,-598.0932978
7800,-483,15159,16140,19106,19048,9830,0.79,0.85,16154.4,0.848089038,-580.8903822
7801,-502,15224,16153,19186,19068,9830,0.79,0.85,16173.4,0.84819593,-581.9593035
7800,-502,15162,16089,19171,18982,9829,0.79,0.85,16083.6,0.847307976,-573.0797598
7800,-498,15100,16093,18971,18995,9823,0.8,0.85,16091.5,0.847143985,-471.4398526
7800,-508,15203,15960,19079,18813,9817,0.8,0.85,15903.9,0.845367565,-453.6756498
7800,-494,15225,16170,19153,19094,9812,0.79,0.85,16198.2,0.848339793,-583.3979261
7800,-512,15123,16160,19055,19080,9812,0.79,0.85,16184,0.848218029,-582.1802935
7800,-490,15300,16052,19206,18931,9810,0.8,0.85,16031.3,0.846827954,-468.2795415
7800,-480,15111,16189,19029,19113,9806,0.79,0.85,16222.9,0.848788783,-587.887825
7800,-490,15169,16189,19113,19112,9803,0.79,0.85,16222.6,0.848817497,-588.1749686
7800,-492,15127,16222,19124,19156,9802,0.79,0.85,16268.8,0.849279599,-592.7959908
7800,-515,15134,16245,19094,19188,9802,0.79,0.85,16301.4,0.849562226,-595.6222639
7800,-508,15127,16129,19133,19033,9799,0.79,0.85,16138.9,0.847943046,-579.4304629
7800,-500,15055,16106,18931,19014,9795,0.8,0.85,16110.2,0.847280951,-472.8095088
7800,-484,15150,16088,19078,18997,9792,0.79,0.85,16087.1,0.846823183,-568.2318261
7800,-512,15265,15811,19166,18638,9792,0.8,0.85,15702.4,0.84249383,-424.9382981
7800,-517,15145,16171,19122,19094,9795,0.79,0.85,16199.2,0.848392165,-583.9216508
7800,-513,15052,16166,19012,19086,9799,0.79,0.85,16191.8,0.848360054,-583.6005449
7800,-514,14765,15670,18707,18506,9803,0.79,0.85,15521.8,0.838744191,-487.4419107
7800,-499,15280,15958,19192,18828,9804,0.8,0.85,15906.4,0.844826854,-448.2685362
7800,-487,15218,16204,19143,19136,9804,0.79,0.85,16244.8,0.848913043,-589.1304348
7800,-499,15129,16121,19120,19031,9806,0.79,0.85,16130.3,0.847580264,-575.8026378
7800,-518,15123,16115,19132,19023,9807,0.79,0.85,16121.9,0.847495137,-574.9513747
7800,-503,15067,16242,19040,19173,9809,0.79,0.85,16293.9,0.849835706,-598.3570646
7800,-506,15264,16069,19217,18955,9809,0.79,0.85,16055.5,0.847032445,-570.3244527
7800,-488,15181,16137,19108,19059,9811,0.79,0.85,16154.7,0.8476153,-576.1529986
7800,-505,15226,16195,19187,19127,9816,0.79,0.85,16233.1,0.848700789,-587.0078946
7801,-497,15234,15909,19128,18747,9822,0.8,0.85,15833.1,0.844567131,-445.6713074
7800,-496,15130,15766,19142,18583,9826,0.79,0.85,15640.9,0.841677878,-516.7787763
7800,-493,15246,16142,19141,19058,9826,0.8,0.85,16159.4,0.847906391,-479.0639102
7800,-493,15170,16169,19115,19088,9823,0.79,0.85,16195.4,0.848459765,-584.597653
7800,-512,15155,16266,19183,19210,9819,0.79,0.85,16329,0.850026028,-600.2602811
7800,-487,15136,16172,19071,19087,9816,0.79,0.85,16198.1,0.848645675,-586.4567507
7800,-506,14910,15678,18835,18482,9815,0.79,0.85,15522.6,0.839876637,-498.7663673
7800,-505,15240,15951,19127,18799,9814,0.8,0.85,15890.7,0.845294962,-452.949625
7800,-508,15091,16225,19102,19149,9810,0.79,0.85,16269.7,0.849637057,-596.3705677
7800,-503,15108,16161,19096,19079,9807,0.79,0.85,16184.7,0.848299177,-582.9917711
7800,-517,15175,16143,19103,19054,9805,0.79,0.85,16159.2,0.848073895,-580.7389525
7800,-499,15169,16176,19116,19093,9804,0.79,0.85,16203.9,0.848682763,-586.8276332
7800,-502,15109,16240,19094,19168,9810,0.79,0.85,16290.4,0.849874791,-598.7479132
7800,-520,15152,16121,19137,19038,9816,0.79,0.85,16132.4,0.847378926,-573.7892636
7800,-505,15371,15926,19303,18774,9823,0.8,0.85,15858.2,0.844689464,-446.8946415
7800,-479,15254,16265,19160,19193,9824,0.8,0.85,16322.9,0.850461106,-504.6110561
7800,-490,15020,16057,18831,18950,9823,0.8,0.85,16042,0.846543536,-465.4353562
7800,-497,15272,16131,19164,19038,9819,0.8,0.85,16142.4,0.847904192,-479.0419162
7800,-498,15255,16164,19192,19073,9814,0.79,0.85,16185.9,0.848628952,-586.2895192
7800,-485,15161,16138,19152,19054,9810,0.79,0.85,16154.2,0.847811483,-578.1148315
7800,-508,15245,16130,19158,19035,9811,0.8,0.85,16140.5,0.847938009,-479.3800893
7800,-485,15231,16091,19121,18987,9810,0.8,0.85,16087.1,0.847269184,-472.6918418
7800,-509,15265,15769,19171,18580,9808,0.8,0.85,15643,0.841926803,-419.2680301
7800,-505,15186,16185,19098,19099,9806,0.8,0.85,16214.7,0.848981622,-489.8162207
7800,-494,15372,16147,19289,19055,9805,0.8,0.85,16163.5,0.848255051,-482.5505117
7800,-504,15041,16216,19043,19138,9806,0.79,0.85,16257.4,0.849482705,-594.8270457
7800,-495,14955,16201,18815,19119,9809,0.79,0.85,16236.7,0.849244207,-592.4420733
7800,-509,15240,16083,19152,18977,9812,0.8,0.85,16076.1,0.847136007,-471.3600675
7800,-497,15158,16104,19054,19008,9815,0.8,0.85,16106.4,0.847348485,-473.4848485
7800,-505,15241,16055,19157,18951,9815,0.8,0.85,16040.3,0.84640916,-464.0916047
7800,-494,15205,16157,19160,19065,9812,0.79,0.85,16176.5,0.848492001,-584.9200105
7800,-482,15104,16201,19043,19130,9807,0.79,0.85,16240,0.848928385,-589.2838474
7800,-504,15159,16159,19131,19077,9803,0.79,0.85,16182.1,0.848251822,-582.5182157
7800,-496,15199,16122,19157,19031,9801,0.79,0.85,16131.3,0.84763281,-576.3280963
7800,-491,15329,16126,19239,19031,9801,0.8,0.85,16135.3,0.847842993,-478.4299301
7800,-516,15117,16061,19087,18966,9802,0.79,0.85,16050.8,0.846293367,-562.9336708
7800,-491,15178,16131,19099,19044,9804,0.79,0.85,16144.2,0.847731569,-577.31569
7800,-525,15096,16162,19052,19072,9805,0.79,0.85,16183.6,0.848552852,-585.5285235
7800,-501,15141,16266,19158,19201,9805,0.79,0.85,16326.3,0.850283839,-602.8383938
7800,-503,15118,16199,19037,19115,9806,0.79,0.85,16233.5,0.849254512,-592.5451216
7800,-503,15244,15850,19131,18679,9807,0.8,0.85,15753.7,0.843390974,-433.9097382
7800,-491,15317,15863,19230,18703,9808,0.8,0.85,15773.9,0.843388761,-433.8876116
7800,-492,15176,16177,19141,19093,9808,0.79,0.85,16204.9,0.848735139,-587.3513853
7800,-483,15142,16068,19067,18959,9808,0.79,0.85,16055.7,0.846864286,-568.6428609
7800,-497,15260,15957,19156,18816,9808,0.8,0.85,15901.8,0.845121173,-451.2117347
7800,-507,15135,16218,19104,19146,9809,0.79,0.85,16261.8,0.849357568,-593.5756816
7800,-492,15196,15328,19048,18062,9810,0.8,0.85,15046.6,0.833052818,-330.5281807
7800,-519,15125,16149,19135,19058,9810,0.79,0.85,16166.4,0.848273691,-582.7369084
7800,-504,15211,16191,19134,19115,9809,0.79,0.85,16225.5,0.848835993,-588.3599268
7800,-499,15237,16036,19120,18907,9809,0.8,0.85,16008.1,0.846675834,-466.7583435
7800,-487,15224,16022,19097,18906,9809,0.8,0.85,15993.8,0.845964244,-459.6424416
7800,-502,15194,15861,19079,18693,9809,0.8,0.85,15768.9,0.84357246,-435.7246028
7801,-526,15353,15888,19271,18726,9809,0.8,0.85,15805.8,0.844056392,-440.5639218
7800,-495,15149,16207,19142,19135,9813,0.79,0.85,16247.5,0.849098511,-590.9851058
7801,-520,15258,16131,19196,19036,9817,0.79,0.85,16141.8,0.847961757,-579.6175667
7800,-508,15042,16242,19070,19161,9822,0.79,0.85,16290.3,0.850180053,-601.8005323
7800,-501,14932,16178,18807,19102,9823,0.79,0.85,16208.6,0.84852895,-585.2894985
7800,-495,15201,16149,19123,19063,9821,0.79,0.85,16167.9,0.848129885,-581.2988512
7800,-500,15159,16210,19141,19141,9810,0.79,0.85,16252.3,0.84908312,-590.8312
7800,-514,15173,16042,19130,18918,9799,0.79,0.85,16017.4,0.846675124,-566.7512422
7800,-501,15132,16194,19074,19113,9790,0.79,0.85,16227.9,0.849050385,-590.5038456
7800,-496,15237,15905,19126,18741,9790,0.8,0.85,15827.3,0.84452804,-445.2804013
7800,-496,15137,16181,19111,19097,9797,0.79,0.85,16210.1,0.848829659,-588.2965911
7800,-499,15138,16208,19102,19142,9810,0.79,0.85,16250.6,0.848949953,-589.4995298
7800,-502,15344,16216,19350,19147,9823,0.79,0.85,16260.1,0.849224422,-592.2442158
7800,-521,15066,16229,19079,19152,9828,0.79,0.85,16274.6,0.849759816,-597.5981621
7800,-489,15054,16043,18878,18924,9827,0.8,0.85,16020.2,0.84655464,-465.5463961
7800,-505,15275,16138,19209,19042,9819,0.8,0.85,16150.6,0.848156706,-481.5670623
7800,-500,15212,16159,19137,19071,9810,0.79,0.85,16180.3,0.848424309,-584.2430916
7800,-518,15062,16176,18992,19102,9801,0.79,0.85,16206.6,0.848424249,-584.2424877
7800,-508,15223,16136,19153,19040,9801,0.79,0.85,16148,0.848109244,-581.092437
7800,-505,15287,15965,19196,18842,9799,0.8,0.85,15917.6,0.844793546,-447.9354633
7800,-503,15088,16189,19039,19111,9796,0.79,0.85,16222.3,0.848846214,-588.4621422
7800,-522,15103,15855,19109,18686,9793,0.79,0.85,15760.8,0.843454993,-534.5499304
7800,-496,15232,16138,19133,19049,9792,0.8,0.85,16152.7,0.847955273,-479.5527324
7800,-492,14997,16173,18999,19093,9792,0.79,0.85,16200.9,0.848525638,-585.2563767
7800,-505,15243,15935,19136,18788,9794,0.8,0.85,15871.4,0.844762614,-447.6261443
7800,-508,15243,15890,19138,18730,9796,0.8,0.85,15809,0.844046983,-440.4698345
7800,-503,15144,16157,19108,19069,9798,0.79,0.85,16177.7,0.848376947,-583.7694688
7800,-486,15186,16173,19121,19088,9798,0.79,0.85,16199.4,0.848669321,-586.6932104
7800,-500,15147,16225,19103,19158,9799,0.79,0.85,16272.4,0.84937885,-593.7884957
7800,-496,15195,16040,19135,18921,9803,0.79,0.85,16016.3,0.846482744,-564.8274404
7800,-495,15192,16025,19075,18909,9807,0.8,0.85,15997.7,0.846036279,-460.3627902
7800,-486,15212,16180,19177,19105,9810,0.79,0.85,16211.5,0.848547501,-585.4750065
7800,-505,15198,15937,19078,18789,9810,0.8,0.85,15873.7,0.844840066,-448.40066
7800,-509,15106,16113,19124,19018,9809,0.79,0.85,16118.4,0.847533915,-575.3391524
7801,-507,14465,16060,18315,18940,9808,0.79,0.85,16042,0.846990496,-569.904963
7800,-512,15138,16166,19113,19074,9807,0.79,0.85,16188.2,0.848705044,-587.0504351
7800,-503,15190,16228,19095,19158,9806,0.8,0.85,16275.4,0.849535442,-495.3544211
7800,-516,15097,15885,19092,18723,9806,0.79,0.85,15801.9,0.843983336,-539.83336
7800,-511,15057,15760,19050,18574,9807,0.79,0.85,15632.2,0.841617315,-516.1731453
7800,-483,15172,16154,19119,19069,9807,0.79,0.85,16174.7,0.848219623,-582.1962347
7800,-497,15111,16262,19119,19196,9808,0.79,0.85,16320.8,0.850218796,-602.1879558
7800,-485,15228,16172,19196,19096,9808,0.79,0.85,16200.8,0.848387097,-583.8709677
7800,-492,15282,15756,19181,18570,9803,0.8,0.85,15627,0.841518578,-415.1857835
7800,-500,15080,16308,19100,19259,9796,0.79,0.85,16385.7,0.850807415,-608.0741472
7800,-483,15220,16156,19102,19076,9789,0.8,0.85,16178.8,0.848123296,-481.2329629
7800,-509,15184,16040,19074,18923,9787,0.8,0.85,16016.9,0.846424985,-464.2498547
7800,-496,15159,16186,19086,19110,9788,0.79,0.85,16219,0.848717949,-587.1794872
7800,-502,15034,16141,18990,19050,9790,0.79,0.85,16156,0.84808399,-580.839895
7800,-503,15130,16083,19076,18970,9793,0.79,0.85,16074,0.847337902,-573.3790195
7800,-498,15190,15790,19063,18613,9794,0.8,0.85,15673.9,0.842094235,-420.9423521
7800,-515,15158,16228,19106,19157,9794,0.79,0.85,16275.1,0.849564128,-595.6412799
7800,-498,15187,16149,19137,19065,9797,0.79,0.85,16168.5,0.848072384,-580.7238395
7800,-498,15319,16202,19282,19127,9801,0.79,0.85,16240.1,0.849066764,-590.6676426
7800,-496,15147,16225,19140,19159,9805,0.79,0.85,16272.7,0.849350175,-593.5017485
7800,-507,15130,16197,19062,19121,9806,0.79,0.85,16233.3,0.848977564,-589.7756393
7800,-519,15283,16063,19204,18947,9806,0.8,0.85,16047.1,0.846946746,-469.4674619
7800,-492,15288,16023,19185,18906,9807,0.8,0.85,15994.8,0.846017137,-460.1713742
7800,-506,15275,15924,19168,18786,9807,0.8,0.85,15859.8,0.844235069,-442.3506867
7800,-511,15130,16229,19120,19160,9807,0.79,0.85,16277,0.849530271,-595.302714
7800,-499,15194,16129,19131,19044,9808,0.79,0.85,16142.2,0.847626549,-576.2654904
7800,-491,15245,16154,19175,19070,9807,0.8,0.85,16175,0.848190876,-481.9087572
7800,-483,15238,16179,19150,19107,9807,0.8,0.85,16211.1,0.848437745,-484.3774533
7800,-492,15311,15991,19210,18863,9806,0.8,0.85,15949.9,0.845565393,-455.6539257
7800,-501,15164,16116,19125,19026,9805,0.79,0.85,16123.8,0.847461369,-574.6136865
7800,-515,15230,15953,19120,18808,9805,0.8,0.85,15895.4,0.845140366,-451.403658
7800,-498,15291,16107,19197,19001,9806,0.8,0.85,16107.3,0.847708015,-477.0801537
7800,-491,15179,16124,19112,19037,9807,0.79,0.85,16135.1,0.847565268,-575.6526764
7800,-529,15190,16132,19136,19056,9807,0.79,0.85,16148.8,0.847439127,-574.3912678
7800,-488,15255,16181,19195,19108,9807,0.79,0.85,16213.4,0.848513712,-585.1371153
7800,-490,15224,15822,19118,18662,9805,0.8,0.85,15720.6,0.842385596,-423.855964
7800,-504,15201,16206,19182,19137,9802,0.79,0.85,16247.1,0.84898887,-589.8886973
7800,-507,15083,15800,19077,18627,9798,0.79,0.85,15688.1,0.842223654,-522.2365384
7800,-498,15274,16198,19180,19127,9796,0.8,0.85,16236.1,0.848857636,-488.576358
7800,-486,15104,16250,19112,19188,9796,0.79,0.85,16306.4,0.849822806,-598.2280592
7800,-496,15155,16123,19045,19043,9796,0.8,0.85,16135.9,0.84734023,-473.4023001
7800,-505,15220,16159,19141,19072,9795,0.8,0.85,16180.6,0.848395554,-483.9555369
7800,-526,15063,15844,19053,18668,9794,0.79,0.85,15744.4,0.843389758,-533.8975787
7800,-488,15195,16199,19116,19122,9795,0.79,0.85,16235.6,0.849053446,-590.5344629
7800,-498,15242,15902,19149,18758,9797,0.8,0.85,15829.4,0.843874613,-438.746135
7800,-510,15120,16130,19105,19028,9806,0.79,0.85,16138.4,0.848139584,-581.3958377
7800,-498,15225,16147,19141,19069,9816,0.8,0.85,16167.7,0.847852536,-478.5253553
7800,-502,15251,16233,19185,19165,9823,0.79,0.85,16282.5,0.849595617,-595.9561701
7800,-505,15319,16152,19244,19069,9823,0.8,0.85,16172.7,0.848114741,-481.147412
7800,-492,15116,16171,19138,19099,9816,0.79,0.85,16200.7,0.848248599,-582.485994
7800,-502,15056,15811,19054,18637,9808,0.79,0.85,15702.1,0.842522938,-525.2293824
7800,-501,14947,16086,18810,18994,9799,0.79,0.85,16084.2,0.846804254,-568.0425397
7800,-489,15166,16204,19123,19131,9797,0.79,0.85,16243.3,0.849056505,-590.5650515
7800,-508,15274,15857,19184,18690,9798,0.8,0.85,15764,0.843445693,-434.4569288
7800,-510,15072,16214,19056,19144,9807,0.79,0.85,16257.2,0.849206018,-592.0601755
7800,-505,15287,15961,19185,18823,9815,0.8,0.85,15907.9,0.845130957,-451.3095681
7800,-495,15173,16181,19124,19109,9822,0.79,0.85,16213.7,0.848485007,-584.8500706
7800,-488,15223,16109,19109,19022,9822,0.8,0.85,16115.6,0.847208495,-472.0849543
7800,-503,15217,16156,19140,19058,9821,0.8,0.85,16173.4,0.848640991,-486.4099066
7800,-493,15052,16015,19030,18898,9818,0.79,0.85,15984.4,0.845824955,-558.2495502
7800,-499,15021,15638,18971,18458,9816,0.79,0.85,15475.4,0.838411529,-484.1152888
7800,-528,15085,15785,19092,18603,9816,0.79,0.85,15665.9,0.842116863,-521.1686287
7800,-508,15178,15787,19058,18602,9816,0.8,0.85,15667.6,0.842253521,-422.5352113
7800,-508,15225,16193,19184,19119,9813,0.79,0.85,16228.7,0.848825775,-588.2577541
7800,-515,15225,16100,19163,19012,9811,0.79,0.85,16103.6,0.847022933,-570.2293288
7800,-488,15178,16097,19109,18988,9808,0.79,0.85,16093.4,0.847556351,-575.5635138
7800,-500,15309,15969,19209,18841,9808,0.8,0.85,15921.3,0.845034765,-450.3476461
7800,-491,15256,16001,19143,18874,9810,0.8,0.85,15963.2,0.84577726,-457.7725972
7800,-495,15277,15888,19176,18727,9815,0.8,0.85,15806.1,0.84402734,-440.273402
7800,-507,14994,16252,18998,19179,9820,0.79,0.85,16305.7,0.850185098,-601.8509828
7800,-481,15074,16090,18928,19000,9823,0.8,0.85,16090,0.846842105,-468.4210526
7800,-519,15240,15939,19138,18792,9823,0.8,0.85,15876.6,0.844859515,-448.5951469
7800,-493,15169,16243,19130,19182,9815,0.79,0.85,16297.6,0.849629861,-596.2986133
7800,-491,15116,16111,18992,19021,9808,0.8,0.85,16117.3,0.847342411,-473.4241102
7800,-500,15142,16202,19146,19123,9801,0.79,0.85,16238.9,0.849181614,-591.8161376
7800,-507,15124,16149,19061,19056,9801,0.79,0.85,16165.8,0.848331234,-583.3123426
7800,-491,15200,16194,19122,19117,9803,0.79,0.85,16229.1,0.848935502,-589.3550243
7800,-496,15193,16201,19125,19125,9809,0.79,0.85,16238.5,0.849071895,-590.7189542
7800,-500,15341,16207,19308,19126,9815,0.79,0.85,16244.8,0.849356896,-593.5689637
7800,-495,15234,15814,19125,18638,9818,0.8,0.85,15705.4,0.842654791,-426.5479129
7800,-489,15095,16211,19052,19136,9818,0.79,0.85,16251.8,0.849278846,-592.7884615
7800,-514,15090,15758,19088,18574,9816,0.79,0.85,15630.2,0.841509637,-515.0963713
7800,-507,15136,16154,19101,19061,9814,0.79,0.85,16172.3,0.848449714,-584.4971408
7800,-504,15041,16178,18993,19099,9811,0.79,0.85,16207.7,0.848615111,-586.1511074
7800,-491,15207,16053,19088,18944,9810,0.8,0.85,16036.2,0.84650549,-465.0548986
7800,-501,15196,16073,19134,18960,9811,0.79,0.85,16061,0.847099156,-570.9915612
7800,-500,15155,16141,19092,19060,9811,0.79,0.85,16159,0.847796432,-577.9643232
7800,-511,15234,15922,19125,18767,9812,0.8,0.85,15852.1,0.844679491,-446.794906
7800,-505,15200,15903,19084,18742,9812,0.8,0.85,15825.6,0.844392274,-443.9227404
7800,-512,15094,16048,19031,18922,9812,0.79,0.85,16024.6,0.846876652,-568.7665152
7800,-492,14989,16253,18861,19186,9813,0.79,0.85,16308.8,0.850036485,-600.3648494
7800,-492,15239,16108,19178,19015,9815,0.79,0.85,16112.5,0.847357349,-573.5734946
7800,-505,14958,15764,18961,18609,9817,0.79,0.85,15646.7,0.840813585,-508.1358482
7800,-492,14901,16193,18745,19111,9817,0.79,0.85,16226.3,0.849055518,-590.5551776
7800,-491,15263,15919,19169,18758,9816,0.8,0.85,15846.4,0.844780893,-447.8089349
7800,-503,15204,16201,19171,19127,9812,0.79,0.85,16239.1,0.849014482,-590.1448215
7800,-494,15245,15808,19147,18623,9808,0.8,0.85,15694.9,0.842769693,-427.6969339
7800,-498,15115,16210,19083,19139,9805,0.79,0.85,16251.7,0.849140498,-591.4049846
7800,-509,15261,16167,19182,19078,9805,0.8,0.85,16190.4,0.848642415,-486.4241535
7800,-476,15105,16093,19033,18989,9804,0.79,0.85,16089.7,0.847316868,-573.1686766
7800,-497,15315,15932,19213,18798,9801,0.8,0.85,15871.4,0.844313225,-443.1322481
7800,-500,15198,15871,19070,18701,9799,0.8,0.85,15781.3,0.843874659,-438.7465911
7800,-519,15276,15895,19177,18732,9798,0.8,0.85,15814.6,0.844255819,-442.5581892
7800,-506,15150,16222,19135,19156,9798,0.79,0.85,16268.8,0.849279599,-592.7959908
7800,-505,15186,15967,19062,18821,9800,0.8,0.85,15913.3,0.845507678,-455.0767759
7800,-521,15149,16217,19127,19139,9802,0.79,0.85,16258.7,0.849506244,-595.062438
7800,-508,15210,16169,19110,19094,9805,0.8,0.85,16197.2,0.84828742,-482.8742013
7800,-494,15182,16233,19154,19163,9804,0.79,0.85,16281.9,0.849652977,-596.5297709
7800,-518,15315,16021,19246,18890,9806,0.8,0.85,15988,0.846373743,-463.7374272
7800,-494,14959,16349,18938,19299,9810,0.79,0.85,16438.7,0.851790248,-617.902482
7800,-497,15175,16133,19071,19044,9814,0.8,0.85,16146.2,0.847836589,-478.3658895
7800,-501,15105,16194,19087,19122,9817,0.79,0.85,16230.6,0.848791967,-587.9196737
7800,-509,15086,16178,19024,19098,9817,0.79,0.85,16207.4,0.848643837,-586.4383705
7800,-496,15174,16110,19082,19020,9813,0.8,0.85,16116,0.847318612,-473.1861199
7800,-506,15161,16264,19143,19189,9809,0.79,0.85,16320.7,0.850523738,-605.2373756
7800,-505,15266,16003,19170,18885,9805,0.8,0.85,15968.5,0.845565263,-455.6526344
7800,-493,15159,16065,19100,18945,9805,0.79,0.85,16048.5,0.847110055,-571.1005542
7800,-498,15208,16211,19176,19144,9804,0.79,0.85,16254.2,0.84904931,-590.4931049
7800,-507,15249,16135,19170,19039,9802,0.8,0.85,16146.7,0.848085509,-480.8550869
7800,-505,15010,16133,19008,19041,9799,0.79,0.85,16145.3,0.847922903,-579.2290321
7800,-490,15153,16014,19017,18910,9798,0.8,0.85,15987,0.845425701,-454.2570069
7800,-501,15178,16235,19141,19169,9797,0.79,0.85,16285.7,0.849585268,-595.8526788
7800,-513,15084,15764,19090,18579,9801,0.79,0.85,15637.7,0.841686851,-516.8685075
7800,-502,15222,16175,19161,19098,9806,0.79,0.85,16204.4,0.848486753,-584.8675254
7800,-511,15120,16170,19112,19082,9811,0.79,0.85,16194.6,0.848684624,-586.8462425
7800,-505,15201,16193,19143,19113,9812,0.79,0.85,16226.9,0.848998064,-589.9806414
7800,-503,15214,16177,19209,19096,9811,0.79,0.85,16205.8,0.848648932,-586.4893171
7800,-501,15233,15816,19129,18638,9803,0.8,0.85,15707.4,0.842762099,-427.6209894
7800,-493,15270,15969,19176,18834,9797,0.8,0.85,15919.2,0.845237337,-452.3733673
7800,-498,15074,16303,19089,19244,9791,0.79,0.85,16376.2,0.850976928,-609.7692787
7800,-491,15236,16122,19150,19035,9791,0.8,0.85,16132.5,0.84751773,-475.177305
7800,-502,15182,15739,19065,18546,9797,0.8,0.85,15602.8,0.841302707,-413.0270678
7800,-498,15207,16147,19112,19067,9805,0.8,0.85,16167.1,0.847910002,-479.1000157
7800,-513,15191,16192,19166,19116,9813,0.79,0.85,16226.8,0.848859594,-588.5959406
7800,-513,15102,16206,19080,19128,9816,0.79,0.85,16244.4,0.849247177,-592.4717691
7800,-505,15166,15972,19068,18825,9815,0.8,0.85,15919.5,0.845657371,-456.5737052
7800,-491,15256,16075,19167,18966,9812,0.8,0.85,16064.8,0.84703153,-470.3153011
7800,-485,15170,16093,19100,19003,9808,0.79,0.85,16093.9,0.846913645,-569.1364521
7800,-497,15386,15875,19312,18705,9805,0.8,0.85,15786.5,0.8439722,-439.7219995
7800,-503,15244,15831,19136,18650,9805,0.8,0.85,15726,0.843217158,-432.1715818
7800,-492,14967,15964,18785,18832,9810,0.8,0.85,15913.6,0.845029737,-450.2973662
7800,-521,15152,16202,19150,19128,9817,0.79,0.85,16240.4,0.849038059,-590.3805939
7800,-506,15105,16105,18958,19001,9825,0.8,0.85,16105.3,0.847602758,-476.0275775
7800,-516,15212,16209,19183,19142,9828,0.79,0.85,16251.6,0.849002194,-590.0219413
7800,-504,15155,16249,19141,19181,9828,0.79,0.85,16303.3,0.849971326,-599.7132579
7800,-498,15124,16176,19093,19105,9822,0.79,0.85,16207.5,0.848338131,-583.3813138
7800,-497,15238,16159,19187,19073,9817,0.79,0.85,16180.9,0.848366801,-583.6680124
7800,-488,15162,16034,19060,18923,9812,0.8,0.85,16010.9,0.846107911,-461.0791101
7800,-514,15292,15900,19194,18747,9812,0.8,0.85,15824.1,0.844087054,-440.8705393
7800,-498,15133,16059,19061,18960,9812,0.79,0.85,16047,0.846360759,-563.6075949
7800,-501,15224,15910,19101,18758,9813,0.8,0.85,15837.4,0.844301098,-443.010982
7800,-497,15290,16049,19189,18935,9815,0.8,0.85,16029.5,0.846554001,-465.5400053
7800,-485,15194,16145,19113,19049,9816,0.79,0.85,16159.7,0.848322747,-583.227466
7800,-513,15156,16221,19125,19147,9816,0.79,0.85,16265.1,0.849485559,-594.855591
7801,-523,15130,16125,19126,19029,9810,0.79,0.85,16133.7,0.847848021,-578.4802144
7800,-504,15263,15863,19168,18708,9804,0.8,0.85,15775.4,0.843243532,-432.4353218
7800,-500,15196,16252,19159,19186,9798,0.79,0.85,16307.8,0.849984364,-599.843636
7800,-503,15187,16141,19164,19058,9798,0.79,0.85,16158.4,0.84785392,-578.5391961
7800,-511,15214,16189,19199,19119,9800,0.79,0.85,16224.7,0.848616559,-586.1655944
7800,-513,15025,16209,19031,19141,9807,0.79,0.85,16251.3,0.849030876,-590.3087613
7800,-488,15191,16122,19071,19035,9814,0.8,0.85,16132.5,0.84751773,-475.177305
7800,-506,15241,15857,19140,18696,9818,0.8,0.85,15765.8,0.843271288,-432.7128798
7800,-499,15143,16151,19082,19066,9817,0.79,0.85,16170.8,0.848148537,-581.4853666
7800,-513,15130,16153,19061,19072,9819,0.79,0.85,16174.6,0.848080956,-580.8095638
7800,-504,15111,16187,19066,19115,9820,0.79,0.85,16221.5,0.848626733,-586.2673293
7800,-502,15170,16218,19153,19145,9822,0.79,0.85,16261.5,0.849386263,-593.8626273
7800,-494,15198,16092,19103,18982,9822,0.8,0.85,16086.6,0.84746602,-474.6602044
7800,-496,15078,16218,19046,19149,9822,0.79,0.85,16262.7,0.849271502,-592.7150243
7800,-510,15262,16219,19225,19153,9821,0.79,0.85,16264.9,0.849209001,-592.090012
7800,-503,15008,16272,19016,19200,9819,0.79,0.85,16332,0.850625,-606.25
7800,-496,15123,16099,19007,19001,9818,0.8,0.85,16099.3,0.847286985,-472.869849
7800,-495,15222,16121,19138,19045,9818,0.8,0.85,16134.5,0.847177737,-471.7773694
7800,-506,15166,16232,19152,19157,9817,0.79,0.85,16279.1,0.849772929,-597.7292896
7800,-528,15243,16143,19207,19060,9814,0.79,0.85,16161,0.847901364,-579.0136411
7800,-515,15157,16187,19138,19106,9812,0.79,0.85,16218.8,0.848885167,-588.8516696
7800,-489,15187,16157,19091,19078,9811,0.8,0.85,16180.4,0.848118251,-481.1825139
7800,-499,15190,16125,19125,19041,9811,0.79,0.85,16137.3,0.847502757,-575.0275721
7800,-502,15229,15831,19122,18665,9812,0.8,0.85,15730.5,0.842780605,-427.8060541
7800,-491,15361,16107,19308,19022,9814,0.8,0.85,16113.6,0.847103354,-471.0335401
7800,-511,14980,16079,18937,18968,9815,0.79,0.85,16069.4,0.847184732,-571.8473218
7800,-501,15032,15896,18858,18741,9815,0.8,0.85,15818.3,0.84404781,-440.4780962
7800,-496,15180,16067,19108,18950,9816,0.79,0.85,16052,0.84707124,-570.7124011
7800,-508,15202,16105,19123,19012,9819,0.79,0.85,16108.6,0.847285925,-572.8592468
7800,-510,15158,16178,19140,19103,9821,0.79,0.85,16208.9,0.848500236,-585.0023557
7800,-496,15210,16074,19099,18970,9822,0.8,0.85,16065,0.846863469,-468.6346863
7800,-481,15319,15985,19235,18864,9822,0.8,0.85,15944.2,0.845218405,-452.1840543
7800,-494,15152,16203,19121,19125,9818,0.79,0.85,16240.5,0.849176471,-591.7647059
7800,-488,15236,15833,19119,18659,9814,0.8,0.85,15730.7,0.843062329,-430.6232917
7800,-497,15246,16166,19195,19087,9810,0.79,0.85,16192.1,0.848331325,-583.3132499
7800,-496,15158,16065,19115,18952,9811,0.79,0.85,16050.6,0.846907978,-569.0797805
7800,-515,15259,15758,19156,18577,9811,0.8,0.85,15631.1,0.841422189,-414.2218873
7800,-514,15227,16099,19130,19016,9812,0.8,0.85,16103.8,0.84685528,-468.5527976
7800,-499,15207,15924,19089,18765,9813,0.8,0.85,15853.5,0.844844125,-448.441247
7800,-521,15151,16140,19101,19051,9813,0.79,0.85,16155.3,0.84800273,-580.0272952
7800,-508,15275,15904,19182,18751,9813,0.8,0.85,15829.3,0.84418431,-441.8431017
7800,-491,15119,15849,18984,18679,9810,0.8,0.85,15752.7,0.843337438,-433.3743776
7800,-498,15209,16212,19167,19138,9805,0.79,0.85,16253.4,0.849273696,-592.7369631
7800,-491,15187,16178,19105,19094,9800,0.79,0.85,16206.2,0.848758772,-587.5877239
7800,-497,15298,16156,19270,19074,9799,0.79,0.85,16178.2,0.84818077,-581.8076963
7800,-497,15151,16097,19133,18986,9801,0.79,0.85,16092.8,0.847614031,-576.1403139
7800,-500,15051,15536,19013,18311,9804,0.79,0.85,15329.3,0.837163454,-471.6345366
7800,-519,15079,15794,19086,18616,9807,0.79,0.85,15678.8,0.842221745,-522.2174474
7800,-504,15286,16018,19187,18900,9809,0.8,0.85,15988,0.845925926,-459.2592593
7800,-497,15246,15934,19139,18793,9809,0.8,0.85,15871.9,0.844564465,-445.6446549
7800,-491,15138,16205,19094,19128,9809,0.79,0.85,16243.4,0.849194898,-591.9489753
7800,-494,15199,15876,19071,18722,9808,0.8,0.85,15792.6,0.843531674,-435.3167397
7800,-499,15153,16150,19083,19071,9808,0.79,0.85,16171.3,0.847952388,-579.5238844
7800,-495,15273,15962,19184,18821,9808,0.8,0.85,15908.3,0.845242017,-452.420169
7800,-514,15170,16083,19140,18982,9809,0.79,0.85,16077.6,0.846991887,-569.9188705
7800,-501,15130,16021,19087,18896,9810,0.79,0.85,15989.8,0.846200254,-562.0025402
7800,-507,15003,15786,18961,18602,9812,0.79,0.85,15666.6,0.842199763,-521.9976347
7800,-495,15265,16128,19176,19039,9813,0.8,0.85,16139.7,0.847717842,-477.1784232
7800,-498,15165,16174,19117,19096,9813,0.79,0.85,16202.8,0.848491831,-584.9183075
7800,-501,15259,16146,19226,19061,9814,0.79,0.85,16164.3,0.848030009,-580.3000892
7800,-490,15288,16140,19192,19055,9817,0.8,0.85,16156.5,0.847887694,-478.8769352
7800,-490,15164,16247,19146,19185,9819,0.79,0.85,16302.5,0.849752411,-597.5241074
7800,-494,15234,16046,19128,18933,9820,0.8,0.85,16025.9,0.846453283,-464.5328263
7800,-487,15187,16269,19191,19203,9820,0.79,0.85,16329.9,0.850382753,-603.8275269
7800,-505,15288,16247,19283,19179,9818,0.79,0.85,16300.7,0.849924396,-599.2439648
7800,-519,15104,16207,19113,19139,9816,0.79,0.85,16248.7,0.84898375,-589.8375046
7800,-495,15241,15908,19138,18779,9814,0.8,0.85,15841.7,0.84358592,-435.8592044
7800,-491,15185,16192,19092,19111,9814,0.8,0.85,16225.3,0.849003192,-490.0319188
7800,-492,15221,16169,19139,19089,9816,0.8,0.85,16195.7,0.848431034,-484.3103358
7800,-500,15135,16207,19097,19129,9820,0.79,0.85,16245.7,0.849270741,-592.7074076
7800,-517,15189,16132,19171,19047,9824,0.79,0.85,16146.1,0.8476978,-576.9780018
7800,-517,15218,16200,19206,19128,9826,0.79,0.85,16238.4,0.848933501,-589.3350063
7800,-502,15258,15931,19158,18786,9826,0.8,0.85,15866.8,0.844607687,-446.0768658
7800,-503,15206,16114,19141,19018,9820,0.79,0.85,16119.4,0.847586497,-575.86497
7800,-510,15274,16187,19241,19113,9814,0.79,0.85,16220.9,0.848684142,-586.8414168
7800,-486,15031,16285,19042,19223,9808,0.79,0.85,16351.9,0.85064246,-606.4245955
7800,-496,15058,15992,18879,18862,9808,0.8,0.85,15950.6,0.845647333,-456.4733326
7800,-499,15273,15908,19164,18768,9807,0.8,0.85,15838.4,0.843904518,-439.0451833
7800,-509,15165,16243,19134,19166,9805,0.79,0.85,16292.8,0.850088699,-600.8869874
7800,-516,15128,16052,18989,18943,9803,0.8,0.85,16034.9,0.84648155,-464.8154991
7800,-511,15181,16187,19170,19115,9802,0.79,0.85,16221.5,0.848626733,-586.2673293
7800,-517,15229,15995,19138,18872,9802,0.8,0.85,15956.6,0.845517168,-455.1716829
7800,-501,15251,15866,19151,18700,9803,0.8,0.85,15776,0.843636364,-436.3636364
7800,-497,15206,16068,19142,18952,9805,0.79,0.85,16053.6,0.847066273,-570.6627269
7800,-502,15235,16243,19244,19180,9806,0.79,0.85,16297,0.849687174,-596.8717414
7800,-506,15026,15957,18965,18816,9807,0.79,0.85,15901.8,0.845121173,-551.2117347
7800,-496,15081,15841,18908,18677,9809,0.8,0.85,15744.1,0.842967286,-429.6728597
7800,-502,15218,15848,19110,18681,9814,0.8,0.85,15752.3,0.843225737,-432.2573738
7800,-498,15323,16009,19228,18903,9820,0.8,0.85,15979.9,0.84536317,-453.6316987
7800,-506,15134,16187,19102,19115,9823,0.79,0.85,16221.5,0.848626733,-586.2673293
7800,-508,15229,15840,19120,18674,9824,0.8,0.85,15742.2,0.843000964,-430.0096391
7800,-490,15245,16084,19141,18988,9819,0.8,0.85,16080.4,0.846871708,-468.7170845
7800,-503,15161,16229,19136,19161,9813,0.79,0.85,16277.3,0.849501592,-595.0159177
7800,-495,15179,16174,19131,19100,9806,0.79,0.85,16204,0.848376963,-583.7696335
7800,-510,15194,16101,19097,19002,9805,0.8,0.85,16101.6,0.847363435,-473.6343543
7800,-521,15112,16047,19061,18927,9806,0.79,0.85,16025.1,0.846679347,-566.7934696
7800,-498,15231,15734,19124,18551,9812,0.8,0.85,15599.3,0.840887284,-408.872837
7800,-492,15225,16159,19131,19078,9818,0.8,0.85,16182.4,0.848223084,-482.2308418
7800,-491,15090,16137,18982,19049,9823,0.79,0.85,16151.7,0.847902777,-579.0277705
7800,-506,15202,15906,19088,18754,9822,0.8,0.85,15832.2,0.844203903,-442.0390317
7800,-501,15173,16191,19117,19118,9822,0.79,0.85,16226.4,0.848749869,-587.4986923
7800,-502,15151,16157,19120,19073,9822,0.79,0.85,16178.9,0.848261941,-582.6194096
7800,-501,15149,16193,19144,19108,9822,0.79,0.85,16225.4,0.849141721,-591.4172075
7800,-484,15253,16094,19142,18999,9822,0.8,0.85,16093.7,0.847081425,-470.8142534
7800,-503,15248,15945,19152,18796,9822,0.8,0.85,15883.8,0.845062779,-450.6277931
7800,-504,15047,16207,19040,19128,9821,0.79,0.85,16245.4,0.849299456,-592.9945629
7800,-496,15141,15978,19017,18867,9820,0.8,0.85,15938.1,0.844760693,-447.6069327
7800,-491,15137,16176,19049,19096,9818,0.79,0.85,16204.8,0.848596565,-585.9656473
7800,-509,15219,16065,19149,18973,9818,0.79,0.85,16056.9,0.846302641,-563.0264059
7800,-507,15090,16198,19069,19118,9816,0.79,0.85,16233.4,0.849116016,-591.1601632
7800,-511,15075,16180,19086,19101,9813,0.79,0.85,16210.3,0.848662374,-586.623737
7800,-497,15105,16162,19075,19073,9809,0.79,0.85,16183.9,0.848524092,-585.2409165
7800,-515,15176,16052,19091,18944,9808,0.79,0.85,16035.2,0.846452703,-564.527027
7800,-503,15160,16191,19119,19110,9808,0.79,0.85,16224,0.848979592,-589.7959184
7800,-509,15270,16098,19200,19001,9810,0.8,0.85,16098.3,0.847234356,-472.3435609
7800,-493,15019,16150,19002,19078,9813,0.79,0.85,16173.4,0.847751337,-577.5133662
7800,-486,15011,16041,18816,18938,9815,0.8,0.85,16022.4,0.846044989,-460.4498891
7800,-511,15247,16011,19165,18875,9815,0.8,0.85,15973.5,0.846278146,-462.781457
7800,-497,15135,16206,19110,19133,9813,0.79,0.85,16245.9,0.849103643,-591.0364292
7800,-500,15163,16066,19067,18974,9807,0.8,0.85,16058.2,0.846326552,-463.2655212
7800,-497,15208,16063,19122,18961,9802,0.8,0.85,16051.3,0.846542904,-465.4290386
7800,-486,15204,16098,19099,18993,9799,0.8,0.85,16095.9,0.847464855,-474.6485547
7800,-505,15232,15895,19123,18743,9799,0.8,0.85,15817.9,0.843936403,-439.3640292
7800,-505,15155,16215,19142,19138,9803,0.79,0.85,16256.4,0.849430453,-594.304525
7800,-523,15294,16103,19282,19009,9809,0.79,0.85,16105.7,0.847267084,-572.6708401
7800,-497,14956,15586,18787,18382,9814,0.8,0.85,15400.6,0.837808726,-378.0872593
7800,-493,15218,15813,19110,18646,9816,0.8,0.85,15706.8,0.842368336,-423.6833637
7800,-508,15128,16161,19111,19075,9816,0.79,0.85,16183.5,0.848414155,-584.1415465
7800,-503,15039,16121,18945,19034,9816,0.79,0.85,16131.2,0.847493958,-574.9395818
7800,-515,15227,16161,19160,19087,9815,0.79,0.85,16187.1,0.848069367,-580.6936658
7800,-482,15232,16168,19134,19096,9816,0.8,0.85,16196.8,0.848177629,-481.7762882
7800,-504,15125,16178,19050,19107,9815,0.79,0.85,16210.1,0.848385408,-583.8540849
7801,-520,15023,15814,19024,18641,9813,0.79,0.85,15706.3,0.842567459,-525.6745883
7800,-501,15233,16183,19159,19110,9811,0.8,0.85,16216,0.848560963,-485.6096285
7800,-496,15344,16153,19293,19073,9808,0.8,0.85,16174.9,0.84805222,-480.5222042
7800,-497,15155,15910,19082,18751,9807,0.79,0.85,15835.3,0.844504293,-545.042931
7800,-513,15140,16137,19049,19059,9807,0.79,0.85,16154.7,0.8476153,-576.1529986
7800,-489,15299,16110,19225,19017,9809,0.8,0.85,16115.1,0.847404953,-474.0495346
7800,-496,15170,16199,19151,19129,9810,0.79,0.85,16237.7,0.848852528,-588.5252758
7800,-502,15221,16070,19115,18963,9812,0.8,0.85,16058.9,0.846854401,-468.5440067
7800,-498,15170,16168,19133,19093,9812,0.79,0.85,16195.9,0.848263762,-582.6376159
7800,-486,15221,16212,19155,19143,9815,0.79,0.85,16254.9,0.84913023,-591.3023037
7800,-501,15184,16118,19118,19027,9821,0.79,0.85,16126.1,0.84753771,-575.3770957
7800,-487,15231,15843,19123,18667,9826,0.8,0.85,15743.1,0.843365297,-433.6529705
7800,-497,15323,16198,19312,19131,9829,0.79,0.85,16237.3,0.848742878,-587.4287805
7800,-506,15264,15899,19186,18739,9829,0.8,0.85,15820.7,0.844265969,-442.6596937
7800,-503,14940,15800,18898,18644,9824,0.79,0.85,15693.2,0.841729243,-517.2924265
7800,-521,15211,16139,19165,19054,9818,0.79,0.85,16155.2,0.847863966,-578.6396557
7800,-508,15169,16021,19056,18899,9813,0.8,0.85,15990.7,0.846113551,-461.1355098
7800,-505,15165,16207,19082,19126,9813,0.79,0.85,16244.8,0.849356896,-593.5689637
7800,-499,15235,16069,19157,18958,9811,0.8,0.85,16056.4,0.84694588,-469.4588037
7800,-494,15129,16077,19055,18978,9807,0.79,0.85,16070.4,0.846791021,-567.9102118
7800,-507,15198,16138,19147,19046,9804,0.79,0.85,16151.8,0.848041584,-580.4158353
7800,-494,15141,16204,19095,19125,9802,0.79,0.85,16241.5,0.849228758,-592.2875817
7800,-511,15110,16227,19127,19160,9802,0.79,0.85,16275,0.849425887,-594.2588727
7800,-502,15125,15945,19100,18788,9808,0.79,0.85,15881.4,0.845294869,-552.9486907
7800,-501,15068,16070,18912,18968,9815,0.8,0.85,16060.4,0.846710249,-467.1024884
7800,-500,15194,16027,19088,18902,9822,0.8,0.85,15997.6,0.846344302,-463.4430219
7800,-506,15148,16190,19125,19110,9822,0.79,0.85,16223,0.848927263,-589.2726321
7801,-510,15151,16222,19124,19156,9823,0.79,0.85,16268.8,0.849279599,-592.7959908
7800,-502,15132,16152,19097,19054,9827,0.79,0.85,16168.2,0.848546237,-585.4623701
7800,-506,15068,16219,19060,19146,9830,0.79,0.85,16262.8,0.849409798,-594.0979839
7800,-504,15224,16170,19163,19085,9831,0.79,0.85,16195.5,0.848598376,-585.9837569
7800,-487,15227,16105,19147,19010,9831,0.8,0.85,16108,0.847343503,-473.4350342
7800,-498,15225,15848,19255,18687,9827,0.79,0.85,15754.1,0.843051319,-530.513191
7800,-500,15088,16186,19085,19113,9821,0.79,0.85,16219.9,0.848631821,-586.3182127
7800,-518,14999,16119,18836,19028,9815,0.8,0.85,16127.4,0.847561488,-475.6148833
7800,-491,15182,16150,19168,19072,9814,0.79,0.85,16171.6,0.847923658,-579.2365772
7800,-505,15113,16200,19108,19132,9813,0.79,0.85,16239.6,0.848818733,-588.1873301
7800,-511,15187,16117,19110,19039,9809,0.79,0.85,16128.7,0.847140081,-571.4008089
7800,-505,15250,16022,19157,18893,9805,0.8,0.85,15989.9,0.846339914,-463.3991425
7800,-498,15105,16063,19055,18955,9802,0.79,0.85,16049.5,0.846715906,-567.1590609
7800,-504,15257,15967,19147,18831,9802,0.8,0.85,15916.3,0.845217992,-452.1799161
7800,-493,15202,16071,19161,18959,9807,0.79,0.85,16058.7,0.847022522,-570.2252228
7800,-502,15251,16078,19164,18969,9814,0.8,0.85,16068.7,0.847103168,-471.0316833
7800,-500,14996,16222,18986,19146,9821,0.79,0.85,16265.8,0.849566489,-595.6648908
7800,-498,15146,16189,19091,19115,9822,0.79,0.85,16223.5,0.848731363,-587.313628
7800,-506,15271,16022,19216,18893,9820,0.79,0.85,15989.9,0.846339914,-563.3991425
7800,-500,15154,16161,19130,19079,9811,0.79,0.85,16184.7,0.848299177,-582.9917711
7800,-488,15239,16175,19162,19101,9802,0.8,0.85,16205.3,0.848400607,-484.006073
7800,-508,15130,16151,19108,19069,9795,0.79,0.85,16171.7,0.8480623,-580.6230007
7800,-487,15230,16028,19148,18912,9795,0.8,0.85,16001.6,0.846108291,-461.0829103
7800,-507,15203,16143,19171,19052,9796,0.79,0.85,16158.6,0.84813143,-581.3142977
7800,-479,14872,16255,18789,19189,9797,0.79,0.85,16311.7,0.850054719,-600.5471885
7800,-505,15318,15968,19210,18822,9797,0.8,0.85,15914.6,0.845531824,-455.3182446
7800,-493,15248,15899,19146,18740,9798,0.8,0.85,15821,0.844236926,-442.3692636
7800,-489,15238,15744,19122,18549,9797,0.8,0.85,15608.7,0.841484716,-414.8471616
7800,-502,15287,15899,19184,18750,9805,0.8,0.85,15824,0.843946667,-439.4666667
7800,-505,15157,16195,19091,19125,9813,0.79,0.85,16232.5,0.84875817,-587.5816993
7800,-483,15096,16032,18987,18922,9820,0.8,0.85,16008.6,0.846031075,-460.3107494
7800,-498,15129,16189,19103,19107,9820,0.79,0.85,16221.1,0.848961114,-589.6111373
7800,-499,15232,16139,19169,19050,9818,0.79,0.85,16154,0.847979003,-579.7900262
7800,-501,15228,15925,19115,18766,9815,0.8,0.85,15854.8,0.844868379,-448.6837898
7800,-497,15147,16106,19132,19006,9811,0.79,0.85,16107.8,0.847511312,-575.1131222
7800,-507,15207,16238,19143,19168,9809,0.79,0.85,16288.4,0.849770451,-597.7045075
7801,-499,15050,16201,19067,19114,9809,0.79,0.85,16235.2,0.849387883,-593.8788323
7801,-500,15167,16118,19060,19023,9817,0.8,0.85,16124.9,0.847652841,-476.528413
7800,-498,15155,16141,19064,19052,9824,0.79,0.85,16156.6,0.848026454,-580.2645392
7800,-504,15293,16022,19185,18897,9831,0.8,0.85,15991.1,0.846224268,-462.242684
7800,-493,15212,16053,19105,18941,9832,0.8,0.85,16035.3,0.846592049,-465.9204899
7800,-532,15057,15741,19052,18548,9829,0.79,0.85,15605.4,0.841352167,-513.5216735
7800,-483,15215,16051,19108,18936,9821,0.8,0.85,16031.8,0.846630756,-466.3075623
7800,-492,15216,15952,19098,18814,9813,0.8,0.85,15896.2,0.844913362,-449.1336239
7800,-499,15253,15982,19152,18846,9808,0.8,0.85,15935.8,0.845579964,-455.7996392
7800,-497,15183,16310,19175,19253,9808,0.79,0.85,16385.9,0.851082948,-610.8294811
7800,-500,15228,15831,19116,18662,9807,0.8,0.85,15729.6,0.84286786,-428.6785982
7800,-493,15196,16000,19075,18894,9806,0.8,0.85,15968.2,0.845146607,-451.4660739
7800,-511,15172,16123,19102,19031,9805,0.79,0.85,16132.3,0.847685355,-576.8535547
7800,-510,15248,15882,19137,18720,9804,0.8,0.85,15798,0.843910256,-439.1025641
7800,-502,15149,16208,19093,19122,9805,0.79,0.85,16244.6,0.849524108,-595.2410836
7800,-501,15027,16151,18935,19066,9807,0.79,0.85,16170.8,0.848148537,-581.4853666
7800,-504,15118,16278,19115,19220,9810,0.79,0.85,16344,0.850364204,-603.6420395
7800,-516,15251,16079,19187,18971,9812,0.79,0.85,16070.3,0.847098203,-570.9820252
7800,-497,15124,16183,19083,19102,9812,0.79,0.85,16213.6,0.848790703,-587.9070254
7800,-493,15269,16144,19154,19054,9809,0.8,0.85,16160.2,0.848126378,-481.2637766
7800,-507,14971,16005,18906,18863,9805,0.79,0.85,15963.9,0.846307586,-563.0758628
7800,-506,15113,15449,19020,18206,9801,0.79,0.85,15210.8,0.835482808,-454.8280787
7800,-513,15132,16038,19063,18929,9800,0.79,0.85,16016.7,0.846146125,-561.4612499
7800,-500,15204,16203,19154,19125,9801,0.79,0.85,16240.5,0.849176471,-591.7647059
7800,-501,15131,16088,19049,18977,9803,0.79,0.85,16081.1,0.847399484,-573.9948359
7800,-500,15181,16235,19131,19160,9806,0.79,0.85,16283,0.849843424,-598.434238
7800,-491,15202,16117,19137,19026,9808,0.79,0.85,16124.8,0.847513928,-575.1392831
7800,-503,15045,16211,19001,19127,9808,0.79,0.85,16249.1,0.849537303,-595.3730329
7800,-487,15108,16192,18981,19103,9808,0.8,0.85,16222.9,0.849233105,-492.3310475
7800,-486,15328,16148,19233,19059,9806,0.8,0.85,16165.7,0.848192455,-481.9245501
7800,-502,14994,16277,18996,19205,9805,0.79,0.85,16338.5,0.850741994,-607.4199427
7800,-490,15094,16063,18937,18960,9804,0.8,0.85,16051,0.84657173,-465.7172996
7800,-514,15270,15940,19159,18787,9804,0.8,0.85,15876.1,0.845057753,-450.577527
7800,-504,15198,15785,19074,18600,9813,0.8,0.85,15665,0.842204301,-422.0430108
7800,-513,15148,16105,19099,19010,9821,0.79,0.85,16108,0.847343503,-573.4350342
7800,-516,15292,15994,19194,18858,9830,0.8,0.85,15951.4,0.845869127,-458.6912716
7800,-503,15240,16145,19164,19061,9830,0.8,0.85,16163.3,0.847977546,-479.7754577
7800,-505,15033,16226,19017,19154,9828,0.79,0.85,16272.2,0.849545787,-595.4578678
7800,-492,15141,16210,19100,19125,9823,0.79,0.85,16247.5,0.849542484,-595.4248366
7800,-510,15300,16188,19251,19099,9819,0.79,0.85,16217.7,0.849138698,-591.3869836
7800,-496,15088,16215,19099,19130,9816,0.79,0.85,16254,0.84966022,-596.6021955
7800,-487,15058,16133,18894,19049,9816,0.8,0.85,16147.7,0.847692792,-476.9279227
7800,-498,15177,16101,19091,18990,9815,0.79,0.85,16098,0.847709321,-577.093207
7800,-488,15166,16116,19058,19015,9814,0.8,0.85,16120.5,0.84777807,-477.7806994
7800,-494,15263,15908,19162,18760,9813,0.8,0.85,15836,0.844136461,-441.3646055
7800,-499,15132,16216,19113,19131,9813,0.79,0.85,16255.3,0.849683759,-596.8375934
7800,-514,15148,16030,19082,18904,9815,0.79,0.85,16001.2,0.846445197,-564.4519678
7800,-496,15102,16223,19057,19146,9819,0.79,0.85,16266.8,0.849618719,-596.1871931
7800,-484,15193,16202,19112,19125,9823,0.79,0.85,16239.5,0.849124183,-591.2418301
7800,-486,15437,16187,19363,19105,9825,0.8,0.85,16218.5,0.848913897,-489.1389689
7800,-503,15034,16209,18991,19129,9825,0.79,0.85,16247.7,0.849375294,-593.7529406
7800,-502,15190,16115,19090,19011,9820,0.8,0.85,16118.3,0.847840724,-478.4072379
7800,-502,15265,15837,19161,18663,9814,0.8,0.85,15735.9,0.843160264,-431.6026362
7800,-506,15179,16201,19145,19122,9808,0.79,0.85,16237.6,0.849158038,-591.5803786
7800,-520,15126,16167,19064,19079,9806,0.79,0.85,16190.7,0.848613659,-586.13659
7800,-511,15268,15858,19161,18692,9807,0.8,0.85,15765.6,0.843441044,-434.410443
7800,-500,15189,16173,19130,19092,9807,0.79,0.85,16200.6,0.848554368,-585.5436832
7800,-507,15147,16158,19078,19073,9808,0.79,0.85,16179.9,0.848314371,-583.143711
7800,-485,15182,15910,19054,18750,9808,0.8,0.85,15835,0.844533333,-445.3333333
7800,-501,15243,16063,19154,18960,9808,0.8,0.85,16051,0.84657173,-465.7172996
7800,-489,15038,16155,19032,19072,9810,0.79,0.85,16176.6,0.848185822,-581.8582215
7800,-509,15060,16243,19023,19166,9814,0.79,0.85,16292.8,0.850088699,-600.8869874
7800,-522,15108,15802,19114,18622,9817,0.79,0.85,15688.6,0.842476641,-524.7664053
7800,-498,15173,16177,19124,19089,9818,0.79,0.85,16203.7,0.848850123,-588.5012311
7800,-491,15188,16120,19125,19024,9818,0.79,0.85,16127.2,0.847729184,-577.2918419
7800,-515,15091,16100,19050,19002,9818,0.79,0.85,16100.6,0.847310809,-573.1080939
7800,-491,15229,16082,19133,18980,9818,0.8,0.85,16076,0.846996839,-469.9683878
7800,-520,15237,16003,19181,18874,9817,0.79,0.85,15965.2,0.845883226,-558.832256
7800,-494,15247,15794,19135,18610,9817,0.8,0.85,15677,0.842396561,-423.9656099
7800,-491,15298,15990,19201,18859,9816,0.8,0.85,15947.7,0.845628082,-456.2808208
7800,-500,15060,16124,19043,19042,9814,0.79,0.85,16136.6,0.847421489,-574.2148934
7800,-506,15094,16205,19002,19124,9812,0.79,0.85,16242.2,0.849309768,-593.0976783
7800,-506,15256,15952,19159,18804,9812,0.8,0.85,15893.2,0.845203148,-452.0314827
7800,-504,15133,16268,19148,19204,9812,0.79,0.85,16329.2,0.85030202,-603.0202041
7800,-502,15152,16183,19114,19101,9810,0.79,0.85,16213.3,0.848819434,-588.1943354
7800,-507,15189,16121,19057,19029,9807,0.8,0.85,16129.7,0.847637816,-476.3781597
7800,-488,15185,16067,19094,18951,9805,0.8,0.85,16052.3,0.847042372,-470.4237243
7800,-515,15150,16104,19060,19002,9805,0.79,0.85,16104.6,0.847521314,-575.2131355
7800,-507,15332,15950,19245,18792,9807,0.8,0.85,15887.6,0.84544487,-454.4487016
7800,-517,15305,15976,19201,18824,9810,0.8,0.85,15923.2,0.845898853,-458.9885253
7800,-495,15100,16173,19089,19084,9813,0.79,0.85,16198.2,0.848784322,-587.8432195
7800,-510,15065,16137,18975,19039,9815,0.79,0.85,16148.7,0.848190556,-581.9055623
7800,-506,15286,15821,19198,18642,9815,0.8,0.85,15713.6,0.84291385,-429.1385045
7800,-494,15234,16121,19153,19016,9820,0.8,0.85,16125.8,0.8480122,-480.1220025
7800,-513,15169,16219,19177,19139,9825,0.79,0.85,16260.7,0.849610742,-596.1074246
7800,-501,15185,16098,19112,18994,9830,0.79,0.85,16096.2,0.847436032,-574.3603243
7800,-499,15207,16127,19105,19022,9830,0.8,0.85,16133.6,0.848154768,-481.5476816
7800,-501,15191,16037,19093,18916,9828,0.8,0.85,16011.8,0.846468598,-464.6859801
7800,-470,15281,15966,19173,18831,9823,0.8,0.85,15915.3,0.845164888,-451.6488769
7800,-503,15306,15822,19202,18648,9817,0.8,0.85,15716.4,0.842792793,-427.9279279
7800,-492,15243,15922,19134,18761,9814,0.8,0.85,15850.3,0.844853686,-448.5368584
7800,-497,15170,16164,19063,19077,9815,0.8,0.85,16187.1,0.848513917,-485.1391728
7800,-508,15093,16181,19024,19095,9816,0.79,0.85,16209.5,0.848887143,-588.8714323
7800,-504,15261,15942,19151,18787,9817,0.8,0.85,15878.1,0.845164209,-451.6420929
7800,-479,15214,16164,19128,19079,9818,0.8,0.85,16187.7,0.848456418,-484.5641805
7800,-500,15151,16227,19121,19147,9819,0.79,0.85,16271.1,0.849798924,-597.9892411
7800,-494,15297,15999,19193,18874,9819,0.8,0.85,15961.2,0.845671294,-456.7129384
7800,-506,15271,15852,19164,18675,9818,0.8,0.85,15754.5,0.843614458,-436.1445783
7800,-491,15253,15889,19141,18726,9818,0.8,0.85,15806.8,0.844109794,-441.0979387
7800,-497,15220,16190,19116,19115,9818,0.8,0.85,16224.5,0.848783678,-487.8367774
7800,-502,15245,16016,19138,18892,9818,0.8,0.85,15983.6,0.846051239,-460.5123862
7800,-491,15188,16073,19084,18979,9820,0.8,0.85,16066.7,0.846551452,-465.514516
7800,-505,15206,16183,19146,19107,9822,0.79,0.85,16215.1,0.848647093,-586.4709269
7800,-509,15107,15996,18983,18871,9824,0.8,0.85,15957.3,0.845599067,-455.9906735
7800,-485,15245,16174,19148,19092,9825,0.8,0.85,16201.6,0.848606746,-486.0674628
7800,-494,15258,16017,19160,18891,9826,0.8,0.85,15984.3,0.846133079,-461.3307924
7800,-497,15179,16217,19130,19135,9829,0.79,0.85,16257.5,0.849621113,-596.2111314
7800,-499,15138,16261,19111,19200,9832,0.79,0.85,16321,0.850052083,-600.5208333
7800,-516,15110,16232,19068,19156,9835,0.79,0.85,16278.8,0.849801629,-598.0162873
7800,-505,15289,15905,19177,18741,9835,0.8,0.85,15827.3,0.84452804,-445.2804013
7800,-488,15197,16099,19162,18989,9831,0.79,0.85,16095.7,0.84763284,-576.3284007
7800,-479,15134,16012,19018,18895,9825,0.8,0.85,15980.5,0.845752845,-457.5284467
7800,-513,15219,15828,19100,18646,9818,0.8,0.85,15721.8,0.843172798,-431.7279846
7800,-495,15151,16049,19019,18939,9816,0.8,0.85,16030.7,0.846438566,-464.3856592
7800,-511,15084,16233,19059,19146,9816,0.79,0.85,16276.8,0.850141022,-601.4102162
7800,-497,15059,16243,19042,19175,9813,0.79,0.85,16295.5,0.849830508,-598.3050847
7800,-499,15135,16121,19061,19022,9811,0.79,0.85,16127.6,0.847839344,-578.3934392
7800,-488,15183,16031,19119,18899,9808,0.79,0.85,16000.7,0.84664268,-566.4267951
7800,-497,15208,16200,19160,19113,9808,0.79,0.85,16233.9,0.849364307,-593.6430702
7800,-512,15188,15792,19212,18616,9811,0.79,0.85,15676.8,0.84211431,-521.1431027
7800,-493,14959,16193,18951,19099,9817,0.79,0.85,16222.7,0.849400492,-594.0049217
7800,-496,14967,16179,18855,19096,9824,0.79,0.85,16207.8,0.848753666,-587.5366569
7800,-498,14978,16156,18855,19063,9828,0.79,0.85,16174.9,0.848497089,-584.970886
7800,-509,15091,16180,19081,19091,9828,0.79,0.85,16207.3,0.848949767,-589.4976691
7800,-506,15227,16153,19170,19073,9828,0.79,0.85,16174.9,0.84805222,-580.5222042
7800,-499,15223,16094,19177,18986,9827,0.79,0.85,16089.8,0.84745602,-574.5602023
7800,-484,15249,16090,19140,18983,9827,0.8,0.85,16084.9,0.847331823,-473.3182321
7800,-504,15219,16088,19122,18983,9827,0.8,0.85,16082.9,0.847226466,-472.2646579
7800,-495,15214,16138,19132,19039,9825,0.8,0.85,16149.7,0.84824308,-482.4307999
7800,-491,15314,16137,19235,19047,9818,0.8,0.85,16151.1,0.847960309,-479.6030871
7800,-490,15204,15883,19101,18716,9812,0.8,0.85,15797.8,0.844079932,-440.7993161
7800,-515,14926,15519,18913,18288,9808,0.79,0.85,15305.4,0.836909449,-469.0944882
7800,-508,15266,15769,19173,18577,9808,0.8,0.85,15642.1,0.842014319,-420.1431878
7800,-497,15206,16179,19140,19100,9806,0.79,0.85,16209,0.848638743,-586.3874346
7800,-501,15280,16108,19179,19011,9803,0.8,0.85,16111.3,0.847472516,-474.7251591
7800,-501,15203,16165,19129,19084,9801,0.79,0.85,16190.2,0.848365123,-583.6512262
7800,-492,15106,16198,19076,19124,9800,0.79,0.85,16235.2,0.848943736,-589.4373562
7800,-513,15230,16077,19135,18968,9801,0.8,0.85,16067.4,0.847079291,-470.7929144
7800,-501,15108,16215,19091,19131,9803,0.79,0.85,16254.3,0.849631488,-596.3148816
7800,-509,15279,16153,19213,19064,9805,0.8,0.85,16172.2,0.848310953,-483.1095258
7800,-493,15242,16328,19148,19265,9807,0.8,0.85,16407.5,0.85167402,-516.7402024
7800,-485,15147,15994,18998,18879,9807,0.8,0.85,15957.7,0.845261931,-452.6193125
7800,-507,15191,16080,19089,18967,9807,0.8,0.85,16070.1,0.847266305,-472.6630463
7800,-497,15164,16152,19110,19070,9808,0.79,0.85,16173,0.848085999,-580.8599895
7800,-490,15191,15969,19070,18834,9809,0.8,0.85,15919.2,0.845237337,-452.3733673
7800,-489,15217,16139,19116,19047,9809,0.8,0.85,16153.1,0.848065312,-480.6531212
7800,-504,15206,16065,19145,18950,9810,0.79,0.85,16050,0.846965699,-569.6569921
7800,-490,15187,16111,19132,19015,9807,0.79,0.85,16115.5,0.84751512,-575.1511964
7800,-511,15222,16141,19169,19057,9805,0.79,0.85,16158.1,0.847882668,-578.8266779
7800,-493,15246,16266,19256,19194,9803,0.79,0.85,16324.2,0.850484526,-604.8452641
7800,-505,15246,16018,19188,18880,9803,0.79,0.85,15982,0.846504237,-565.0423729
7800,-496,15158,15933,19004,18779,9810,0.8,0.85,15866.7,0.844917195,-449.1719474
7800,-503,15183,15916,19060,18755,9821,0.8,0.85,15842.5,0.844708078,-447.0807785
7800,-507,15276,16080,19172,18981,9832,0.8,0.85,16074.3,0.846862652,-468.6265213
7800,-498,15319,16143,19259,19055,9837,0.8,0.85,16159.5,0.848045133,-480.4513251
7800,-493,15136,16001,19022,18862,9836,0.8,0.85,15959.6,0.846124483,-461.2448309
7800,-495,15186,16226,19144,19156,9824,0.79,0.85,16272.8,0.849488411,-594.8841094
7800,-506,15200,15905,19080,18741,9812,0.8,0.85,15827.3,0.84452804,-445.2804013
7800,-479,15246,15873,19144,18703,9800,0.8,0.85,15783.9,0.843923435,-439.2343474
7800,-504,15208,16176,19179,19079,9800,0.79,0.85,16199.7,0.849085382,-590.8538183
7800,-503,15109,16211,19084,19136,9801,0.79,0.85,16251.8,0.849278846,-592.7884615
7800,-497,15105,15945,18943,18802,9804,0.8,0.85,15885.6,0.844888842,-448.8884161
7800,-519,15251,15778,19147,18586,9807,0.8,0.85,15653.8,0.842236092,-422.3609168
7800,-504,15311,15864,19221,18695,9809,0.8,0.85,15772.5,0.843674779,-436.7477935
7800,-511,15124,16192,19102,19106,9809,0.79,0.85,16223.8,0.849146865,-591.4686486
7800,-512,15233,15776,19124,18583,9810,0.8,0.85,15650.9,0.842216004,-422.1600387
7800,-500,15096,16268,19091,19202,9810,0.79,0.85,16328.6,0.850359338,-603.5933757
7800,-508,15127,16128,19084,19031,9811,0.79,0.85,16137.3,0.847948085,-579.480847
7800,-486,15178,16193,19130,19116,9811,0.79,0.85,16227.8,0.848911906,-589.1190626
7800,-506,15248,16188,19173,19113,9813,0.8,0.85,16221.9,0.848736462,-487.3646209
7800,-499,15139,16069,19072,18947,9818,0.79,0.85,16053.1,0.847263419,-572.6341901
7800,-495,15220,15860,19106,18719,9823,0.8,0.85,15775.7,0.842764037,-427.6403654
7800,-502,15242,15902,19127,18738,9826,0.8,0.85,15823.4,0.844455118,-444.5511794
7800,-525,15090,16237,19085,19168,9826,0.79,0.85,16287.4,0.84971828,-597.1828047
7800,-496,15156,16281,19138,19218,9822,0.79,0.85,16346.4,0.850577584,-605.7758352
7800,-517,15181,16167,19145,19077,9816,0.79,0.85,16190.1,0.848671175,-586.7117471
7800,-496,15296,15953,19197,18800,9811,0.8,0.85,15893,0.84537234,-453.7234043
7800,-496,15198,16205,19121,19123,9810,0.79,0.85,16241.9,0.849338493,-593.3849291
7800,-505,15289,16096,19184,19001,9810,0.8,0.85,16096.3,0.847129098,-471.2909847
7800,-494,15289,16119,19242,19022,9809,0.79,0.85,16125.6,0.847734203,-577.342025
7800,-498,15014,16036,19015,18908,9809,0.79,0.85,16008.4,0.846646922,-566.4692194
7800,-503,15016,15824,18825,18644,9809,0.8,0.85,15717.2,0.84301652,-430.1652006
7800,-500,15243,16143,19146,19055,9809,0.8,0.85,16159.5,0.848045133,-480.4513251
7800,-498,15153,16166,19099,19081,9812,0.79,0.85,16190.3,0.848503747,-585.0374718
7800,-507,15211,16183,19154,19098,9816,0.79,0.85,16212.4,0.848905645,-589.0564457
7800,-508,15185,16180,19103,19097,9820,0.79,0.85,16209.1,0.848777295,-587.7729486
7800,-500,15078,16218,19047,19134,9821,0.79,0.85,16258.2,0.849702101,-597.0210097
7800,-517,15099,16241,19078,19166,9821,0.79,0.85,16290.8,0.849984347,-599.8434728
7800,-509,15206,16116,19131,19023,9820,0.79,0.85,16122.9,0.847547705,-575.4770541
7800,-496,15452,16133,19433,19035,9819,0.8,0.85,16143.5,0.848095613,-480.9561334
7800,-499,15168,16132,19094,19042,9818,0.79,0.85,16144.6,0.847841613,-578.4161328
7800,-472,15107,16043,18958,18928,9818,0.8,0.85,16021.4,0.846439138,-464.3913779
7800,-502,15192,16031,19089,18907,9820,0.8,0.85,16003.1,0.846411382,-464.1138203
7800,-510,15268,16162,19190,19075,9823,0.8,0.85,16184.5,0.848466579,-484.6657929
7800,-504,15238,16118,19165,19026,9827,0.8,0.85,16125.8,0.847566488,-475.6648796
7800,-505,15263,15833,19165,18657,9828,0.8,0.85,15730.1,0.843120545,-431.2054457
7800,-489,15192,16198,19108,19118,9828,0.8,0.85,16233.4,0.849116016,-491.1601632
7800,-505,15046,15793,19050,18611,9826,0.79,0.85,15676.3,0.842313685,-523.1368545
7800,-499,15065,16133,18975,19036,9824,0.79,0.85,16143.8,0.848066821,-580.6682076
7800,-509,15268,15889,19172,18716,9822,0.8,0.85,15803.8,0.844400513,-444.0051293
7800,-493,15268,15997,19166,18864,9822,0.8,0.85,15956.2,0.845854538,-458.5453774
7800,-487,15189,16051,19064,18952,9822,0.8,0.85,16036.6,0.84616927,-461.6926973
7800,-510,15212,16114,19131,19025,9821,0.8,0.85,16121.5,0.84738502,-473.8501971
7800,-496,15254,16051,19140,18930,9819,0.8,0.85,16030,0.846804015,-468.0401479
7800,-489,15153,16218,19108,19148,9819,0.79,0.85,16262.4,0.849300188,-593.0018801
7800,-503,15224,15902,19106,18747,9819,0.8,0.85,15826.1,0.844193738,-441.9373766
7800,-494,15193,16151,19121,19050,9818,0.79,0.85,16166,0.848608924,-586.0892388
7800,-497,15240,16039,19160,18904,9817,0.8,0.85,16010.2,0.846921287,-469.212865
7800,-498,15105,16252,19106,19184,9816,0.79,0.85,16307.2,0.850041701,-600.4170142
7800,-516,15150,16229,19065,19146,9816,0.79,0.85,16272.8,0.849932101,-599.321007
7800,-514,15214,15755,19103,18568,9817,0.8,0.85,15625.4,0.84152305,-415.2305041
7800,-476,14937,16095,18721,19008,9822,0.8,0.85,16097.4,0.846875,-468.75
7800,-521,15106,16180,19083,19095,9827,0.79,0.85,16208.5,0.848834774,-588.347735
7800,-512,15220,16155,19156,19057,9831,0.79,0.85,16172.1,0.848617306,-586.1730598
7800,-513,15252,15774,19150,18580,9830,0.8,0.85,15648,0.84219591,-421.9590958
7800,-494,15267,16117,19172,19025,9829,0.8,0.85,16124.5,0.847542707,-475.4270696
7800,-485,15232,15919,19118,18766,9827,0.8,0.85,15848.8,0.844548652,-445.4865182
7800,-513,15071,16188,19049,19105,9825,0.79,0.85,16219.5,0.848966239,-589.662392
7800,-498,15266,16112,19193,19006,9825,0.8,0.85,16113.8,0.847827002,-478.27002
7800,-505,15271,16006,19175,18864,9823,0.8,0.85,15965.2,0.846331637,-463.3163698
7800,-513,14961,16143,18950,19032,9816,0.79,0.85,16152.6,0.84870744,-587.074401
7800,-491,15045,16014,18848,18886,9809,0.8,0.85,15979.8,0.846118818,-461.1881817
7800,-516,15224,15920,19116,18769,9803,0.8,0.85,15850.7,0.844514892,-445.1489158
7800,-495,15134,16207,19085,19138,9803,0.79,0.85,16248.4,0.849012436,-590.1243599
7800,-511,15246,15965,19141,18825,9804,0.8,0.85,15912.5,0.845285525,-452.8552457
7800,-496,15085,16151,19039,19061,9806,0.79,0.85,16169.3,0.848292325,-582.9232464
7800,-510,15185,16228,19155,19154,9807,0.79,0.85,16274.2,0.849650204,-596.5020361
7800,-495,15243,15936,19171,18796,9808,0.8,0.85,15874.8,0.844583954,-445.8395403
7800,-495,15182,16090,19106,18984,9808,0.79,0.85,16085.2,0.847302992,-573.0299199
7800,-497,15362,16161,19297,19076,9807,0.8,0.85,16183.8,0.848385406,-483.8540575
7800,-504,15146,16238,19150,19167,9806,0.79,0.85,16288.1,0.849799134,-597.9913393
7800,-510,15030,15509,18975,18303,9804,0.79,0.85,15299.9,0.835923073,-459.2307272
7800,-509,15287,16110,19223,19022,9804,0.8,0.85,16116.6,0.847261066,-472.6106613
7800,-499,15150,16176,19093,19089,9806,0.79,0.85,16202.7,0.848797737,-587.9773692
7800,-510,15228,16194,19188,19118,9810,0.79,0.85,16229.4,0.848906789,-589.0678941
7800,-504,15193,16135,19135,19044,9815,0.79,0.85,16148.2,0.847941609,-579.4160891
7800,-501,15225,16033,19128,18914,9817,0.8,0.85,16007.2,0.846314899,-463.1489902
7800,-503,15238,16144,19182,19042,9817,0.79,0.85,16156.6,0.848471799,-584.7179918
7800,-505,15154,16099,19056,18986,9816,0.8,0.85,16094.8,0.847719372,-477.1937217
7800,-501,15315,16223,19279,19151,9815,0.79,0.85,16268.3,0.849475223,-594.7522323
7800,-486,15155,16183,19045,19091,9813,0.8,0.85,16210.3,0.849106909,-491.0690901
7800,-494,14962,15974,18791,18841,9813,0.8,0.85,15926.3,0.845300143,-453.001433
7800,-514,15167,16217,19151,19136,9812,0.79,0.85,16257.8,0.849592391,-595.923913
7800,-504,15155,16069,19105,18957,9810,0.79,0.85,16056.1,0.846974732,-569.7473229
7800,-528,15199,16192,19136,19116,9807,0.79,0.85,16226.8,0.848859594,-588.5959406
7800,-493,15168,16230,19113,19162,9805,0.79,0.85,16278.6,0.849525102,-595.2510176
7800,-495,15100,16202,19069,19131,9805,0.79,0.85,16241.3,0.848951963,-589.5196278
7800,-504,15112,16215,19102,19144,9809,0.79,0.85,16258.2,0.849258253,-592.5825324
7800,-479,15151,16194,19041,19124,9814,0.8,0.85,16231.2,0.848734574,-487.3457436
7801,-501,15260,16262,19255,19200,9819,0.79,0.85,16322,0.850104167,-601.0416667
7800,-507,15057,16167,19060,19079,9820,0.79,0.85,16190.7,0.848613659,-586.13659
7800,-512,14931,16049,18781,18931,9820,0.8,0.85,16028.3,0.846669484,-466.6948392
7800,-495,15107,15748,19111,18559,9821,0.79,0.85,15615.7,0.841408481,-514.0848106
7800,-499,15236,16077,19139,18974,9821,0.8,0.85,16069.2,0.846906293,-469.0629282
7800,-504,15143,16217,19111,19138,9822,0.79,0.85,16258.4,0.849534957,-595.3495663
7800,-494,15168,16223,19123,19157,9822,0.79,0.85,16270.1,0.849303127,-593.0312679
7800,-489,15254,15810,19161,18634,9818,0.8,0.85,15700.2,0.842556617,-425.5661694
7800,-502,15270,15795,19172,18612,9814,0.8,0.85,15678.6,0.842392005,-423.9200516
7800,-503,15240,15922,19125,18776,9809,0.8,0.85,15854.8,0.844418406,-444.1840648
7800,-492,15255,16072,19174,18981,9808,0.8,0.85,16066.3,0.846441178,-464.4117802
7800,-490,15148,16191,19084,19110,9808,0.79,0.85,16224,0.848979592,-589.7959184
7800,-496,15107,16194,19070,19126,9811,0.79,0.85,16231.8,0.848677193,-586.7719335
7800,-506,15237,16118,19153,19019,9814,0.8,0.85,16123.7,0.847768021,-477.6802145
7800,-491,15215,16176,19142,19095,9816,0.79,0.85,16204.5,0.848625295,-586.2529458
7800,-511,15242,16042,19149,18921,9815,0.8,0.85,16018.3,0.846588447,-465.884467
7800,-501,15135,16232,19101,19159,9819,0.79,0.85,16279.7,0.849715538,-597.1553839
7800,-498,15270,15965,19183,18829,9826,0.8,0.85,15913.7,0.845169685,-451.6968506
7800,-488,15164,16169,19112,19092,9833,0.79,0.85,16196.6,0.848344856,-583.4485648
7800,-490,15195,16094,19144,18992,9836,0.79,0.85,16091.6,0.847283067,-572.8306655
7800,-506,15105,16255,19089,19189,9835,0.79,0.85,16311.7,0.850054719,-600.5471885
7800,-510,15064,16119,19025,19025,9827,0.79,0.85,16126.5,0.847647832,-576.478318
7800,-489,15275,16111,19166,19021,9820,0.8,0.85,16117.3,0.847342411,-473.4241102
7800,-500,15292,15885,19187,18728,9812,0.8,0.85,15803.4,0.843838103,-438.3810337
7800,-493,15037,16040,18856,18922,9812,0.8,0.85,16016.6,0.846453863,-464.5386323
7800,-516,15081,16177,19047,19097,9812,0.79,0.85,16206.1,0.848620202,-586.2020213
7800,-501,15182,16200,19156,19117,9810,0.79,0.85,16235.1,0.849249359,-592.4935921
7801,-488,15132,16038,19041,18922,9809,0.79,0.85,16014.6,0.846348166,-563.4816616
7800,-493,15227,16010,19120,18890,9808,0.8,0.85,15977,0.845791424,-457.9142403
7800,-495,15256,16126,19208,19023,9808,0.79,0.85,16132.9,0.848073385,-580.7338485
7800,-512,15302,15884,19215,18715,9812,0.8,0.85,15798.5,0.844162437,-441.6243655
7800,-504,15064,16254,19072,19193,9815,0.79,0.85,16311.9,0.84988798,-598.8797999
7800,-499,15270,15946,19176,18803,9818,0.8,0.85,15886.9,0.844913046,-449.1304579
7800,-500,15228,16141,19167,19038,9818,0.79,0.85,16152.4,0.848429457,-584.2945688
7800,-509,15185,16137,19138,19047,9818,0.79,0.85,16151.1,0.847960309,-579.6030871
7800,-478,15199,16185,19116,19105,9818,0.8,0.85,16216.5,0.848809212,-488.0921225
7800,-498,15234,16092,19175,19001,9818,0.79,0.85,16092.3,0.846918583,-569.1858323
7800,-488,15240,16008,19157,18877,9817,0.8,0.85,15971.1,0.846061344,-460.6134449
7800,-496,15300,15946,19204,18793,9817,0.8,0.85,15883.9,0.845203001,-452.0300112
7800,-501,15194,15872,19071,18708,9815,0.8,0.85,15784.4,0.84372461,-437.2460979
7800,-502,15315,15930,19218,18765,9812,0.8,0.85,15859.5,0.845163869,-451.638689
7800,-499,15196,15879,19075,18709,9810,0.8,0.85,15791.7,0.844069699,-440.6969908
7800,-490,15223,16120,19142,19031,9809,0.8,0.85,16129.3,0.847527718,-475.2771793
7800,-504,15130,16201,19093,19125,9811,0.79,0.85,16238.5,0.849071895,-590.7189542
7800,-495,15239,16120,19120,19023,9815,0.8,0.85,16126.9,0.847757977,-477.5797719
7800,-500,15234,16153,19197,19052,9820,0.79,0.85,16168.6,0.848656309,-586.5630905
7800,-503,15203,16127,19165,19041,9824,0.79,0.85,16139.3,0.847607794,-576.0779371
7800,-498,15206,16183,19175,19100,9824,0.79,0.85,16213,0.848848168,-588.4816754
7800,-498,15122,16262,19072,19196,9826,0.79,0.85,16320.8,0.850218796,-602.1879558
7800,-490,15251,16038,19141,18922,9829,0.8,0.85,16014.6,0.846348166,-463.4816616
7800,-516,15326,15949,19239,18792,9833,0.8,0.85,15886.6,0.845391656,-453.9165602
7800,-506,15047,16194,19048,19107,9834,0.79,0.85,16226.1,0.849222798,-592.2279793
7801,-500,15096,16205,19033,19120,9831,0.79,0.85,16241,0.849424686,-594.2468619
7800,-512,15227,16082,19170,18973,9820,0.79,0.85,16073.9,0.847198651,-571.9865071
7800,-493,15019,16178,18867,19101,9808,0.8,0.85,16208.3,0.848557667,-485.5766714
7800,-502,15206,16156,19125,19076,9799,0.8,0.85,16178.8,0.848123296,-481.2329629
7800,-496,15117,16222,19129,19146,9799,0.79,0.85,16265.8,0.849566489,-595.6648908
7800,-500,15234,15904,19128,18746,9803,0.8,0.85,15827.8,0.844329457,-443.2945695
7800,-494,15171,16218,19074,19146,9808,0.8,0.85,16261.8,0.849357568,-493.5756816
7800,-506,15224,16111,19124,19015,9814,0.8,0.85,16115.5,0.84751512,-475.1511964
7800,-489,15060,16175,18947,19088,9817,0.79,0.85,16201.4,0.848774099,-587.7409891
7800,-505,15097,16091,19097,18988,9817,0.79,0.85,16087.4,0.847240362,-572.4036233
7800,-515,14998,15732,18989,18543,9819,0.79,0.85,15594.9,0.841012781,-510.127811
7800,-520,15258,16159,19202,19075,9820,0.79,0.85,16181.5,0.848309305,-583.0930537
7800,-517,15319,15909,19238,18741,9821,0.8,0.85,15831.3,0.844741476,-447.4147591
7800,-499,15186,16208,19114,19136,9821,0.79,0.85,16248.8,0.849122074,-591.2207358
7800,-509,15117,15779,19123,18585,9820,0.79,0.85,15654.5,0.842319075,-523.1907452
7800,-487,15260,16088,19157,18983,9819,0.8,0.85,16082.9,0.847226466,-472.2646579
7800,-492,15127,16210,19109,19141,9817,0.79,0.85,16252.3,0.84908312,-590.8312
7800,-508,15206,16148,19164,19062,9816,0.79,0.85,16166.6,0.84810618,-581.0617983
7800,-502,15096,16178,19052,19086,9816,0.79,0.85,16203.8,0.848988788,-589.8878759
7800,-501,15060,16316,19074,19261,9814,0.79,0.85,16394.3,0.851165568,-611.6556773
7800,-511,15099,15675,19097,18500,9813,0.79,0.85,15525,0.839189189,-491.8918919
7800,-486,15055,16110,18861,19008,9812,0.8,0.85,16112.4,0.847664141,-476.6414141
7800,-494,15192,16171,19131,19095,9812,0.79,0.85,16199.5,0.848363446,-583.6344593
7800,-514,15214,16145,19115,19050,9812,0.8,0.85,16160,0.848293963,-482.9396325
7800,-503,15126,16250,19083,19181,9812,0.79,0.85,16304.3,0.850023461,-600.2346072
7800,-495,15165,16119,19110,19025,9812,0.79,0.85,16126.5,0.847647832,-576.478318
7800,-518,15195,16182,19184,19092,9812,0.79,0.85,16209.6,0.84902577,-590.2576996
7801,-510,15215,16089,19123,18984,9812,0.8,0.85,16084.2,0.847250316,-472.5031606
7800,-496,15300,16251,19268,19179,9810,0.79,0.85,16304.7,0.850132958,-601.3295792
7800,-496,14977,16149,18972,19048,9807,0.79,0.85,16163.4,0.848561529,-585.6152877
7800,-497,15020,15598,18943,18408,9803,0.79,0.85,15420.4,0.837701,-477.0099957
7800,-508,15282,15843,19185,18659,9803,0.8,0.85,15740.7,0.843598264,-435.9826357
7800,-504,15149,16235,19091,19165,9803,0.79,0.85,16284.5,0.849699974,-596.9997391
7800,-505,15086,16225,19062,19143,9803,0.79,0.85,16267.9,0.84980933,-598.0932978
7800,-498,15193,16141,19169,19039,9803,0.79,0.85,16152.7,0.848400651,-584.0065129
7800,-498,15282,16050,19183,18939,9803,0.8,0.85,16031.7,0.846491367,-464.9136702
7800,-507,15161,16240,19168,19166,9803,0.79,0.85,16289.8,0.849932172,-599.3217155
7800,-495,15117,16236,19109,19159,9802,0.79,0.85,16283.7,0.849924318,-599.2431755
7800,-509,15332,16231,19300,19157,9802,0.79,0.85,16278.1,0.849720729,-597.2072872
7800,-503,15022,16035,19033,18895,9802,0.79,0.85,16003.5,0.846970098,-569.7009791
7800,-486,14962,15784,18749,18605,9802,0.8,0.85,15665.5,0.842004837,-420.0483741
7800,-500,15210,16137,19137,19044,9802,0.79,0.85,16150.2,0.848046629,-580.4662886
7800,-513,15212,15964,19122,18822,9806,0.8,0.85,15910.6,0.845319307,-453.1930719
7800,-505,15237,15968,19126,18828,9811,0.8,0.85,15916.4,0.845357977,-453.5797748
7800,-511,15206,16096,19112,19002,9814,0.8,0.85,16096.6,0.847100305,-471.0030523
7800,-504,15150,16162,19107,19083,9814,0.79,0.85,16186.9,0.84823665,-582.3665042
7800,-501,15342,15852,19252,18674,9814,0.8,0.85,15754.2,0.843643569,-436.435686
7800,-486,15305,15920,19197,18766,9813,0.8,0.85,15849.8,0.84460194,-446.0193968
7800,-493,15299,16102,19251,18998,9811,0.79,0.85,16101.4,0.847531319,-575.3131909
7800,-487,15116,16144,19104,19064,9811,0.79,0.85,16163.2,0.847838859,-578.3885858
7800,-514,15215,15932,19102,18784,9811,0.8,0.85,15867.2,0.84471891,-447.1890971
7800,-501,15162,16169,19073,19083,9808,0.79,0.85,16193.9,0.848603469,-586.0346906
7800,-510,15139,16206,19144,19131,9806,0.79,0.85,16245.3,0.849161048,-591.6104751
7800,-515,15227,15997,19148,18869,9803,0.8,0.85,15957.7,0.845709895,-457.0989454
7800,-497,15155,16164,19119,19082,9803,0.79,0.85,16188.6,0.848370192,-583.701918
7800,-506,15092,15865,19085,18699,9805,0.79,0.85,15774.7,0.843611958,-536.1195786
7800,-503,15228,15875,19121,18705,9810,0.8,0.85,15786.5,0.8439722,-439.7219995
7800,-494,15222,15848,19108,18674,9814,0.8,0.85,15750.2,0.843429367,-434.2936703
7800,-513,15262,16252,19235,19189,9817,0.79,0.85,16308.7,0.849898379,-598.9837928
7800,-471,15097,16170,19063,19093,9817,0.79,0.85,16197.9,0.848368512,-583.6851202
7800,-508,15199,16160,19117,19078,9815,0.8,0.85,16183.4,0.848275501,-482.7550058
7800,-506,15245,15931,19135,18779,9812,0.8,0.85,15864.7,0.844810693,-448.106928
7800,-499,15196,16102,19118,19016,9810,0.79,0.85,16106.8,0.847013042,-570.1304165
7800,-508,15139,16134,19087,19033,9810,0.79,0.85,16143.9,0.848205748,-582.0574791
7800,-499,15271,15974,19162,18845,9812,0.8,0.85,15927.5,0.845184399,-451.8439904
7800,-473,15275,16071,19176,18964,9817,0.8,0.85,16060.2,0.846878296,-468.7829572
7800,-504,15102,16193,19076,19117,9823,0.79,0.85,16228.1,0.848883193,-588.8319297
7800,-514,15101,16117,19039,19023,9826,0.79,0.85,16123.9,0.847600273,-576.0027335
7800,-509,15219,16097,19125,19003,9826,0.8,0.85,16097.9,0.847124138,-471.2413829
7800,-512,15154,15865,19134,18698,9823,0.79,0.85,15774.4,0.843641031,-536.4103113
7800,-497,15259,15934,19148,18794,9820,0.8,0.85,15872.2,0.84453549,-445.3549005
7800,-503,15249,15804,19142,18623,9816,0.8,0.85,15690.9,0.842554905,-425.5490522
7801,-503,15079,16090,19054,18978,9815,0.79,0.85,16083.4,0.847476025,-574.7602487
7800,-495,15186,16149,19112,19067,9813,0.79,0.85,16169.1,0.848014895,-580.1489484
7800,-497,15218,16180,19128,19104,9805,0.8,0.85,16211.2,0.848576214,-485.7621441
7800,-502,15120,16291,19119,19241,9796,0.79,0.85,16363.3,0.850439166,-604.3916636
7800,-492,15197,16184,19110,19100,9789,0.8,0.85,16214,0.848900524,-489.0052356
7800,-492,15204,16109,19117,19028,9789,0.8,0.85,16117.4,0.847035947,-470.3594703
7800,-493,15201,16167,19116,19088,9792,0.8,0.85,16193.4,0.848354987,-483.5498743
7800,-507,15210,15951,19128,18801,9798,0.8,0.85,15891.3,0.845236955,-452.3695548
7800,-492,14978,16137,18862,19049,9804,0.79,0.85,16151.7,0.847902777,-579.0277705
7800,-504,15261,15883,19157,18724,9807,0.8,0.85,15800.2,0.843847468,-438.4746849
7801,-493,15162,16108,19092,19014,9807,0.79,0.85,16112.2,0.847386137,-573.8613653
7800,-503,15189,16093,19130,19002,9807,0.79,0.85,16093.6,0.846942427,-569.4242711
7800,-496,15243,15894,19128,18740,9808,0.8,0.85,15816,0.843970117,-439.701174
7800,-494,15178,16160,19119,19090,9808,0.79,0.85,16187,0.847930854,-579.3085385
7800,-501,15148,16281,19122,19220,9808,0.79,0.85,16347,0.850520291,-605.2029136
7800,-498,15193,16020,19098,18898,9808,0.8,0.85,15989.4,0.846089533,-460.8953328
7800,-515,15243,16180,19218,19107,9807,0.79,0.85,16212.1,0.848490082,-584.9008217
7800,-474,15134,16131,19072,19041,9806,0.79,0.85,16143.3,0.847817867,-578.1786671
7800,-505,14896,16144,18748,19062,9805,0.79,0.85,16162.6,0.847896338,-578.9633826
7800,-492,15188,16094,19098,18997,9805,0.8,0.85,16093.1,0.847139022,-471.3902195
7800,-491,15203,16115,19133,19024,9805,0.79,0.85,16122.2,0.847466358,-574.6635828
7800,-520,15033,16236,19016,19179,9805,0.79,0.85,16289.7,0.849350852,-593.5085249
7800,-501,15199,16164,19086,19087,9805,0.8,0.85,16190.1,0.848226542,-482.2654163
7800,-497,15252,16056,19155,18946,9804,0.8,0.85,16039.8,0.846606144,-466.0614378
7800,-496,15139,16147,19126,19060,9805,0.79,0.85,16165,0.848111228,-581.112277
7800,-502,15223,16126,19180,19039,9806,0.79,0.85,16137.7,0.847612795,-576.1279479
7800,-494,15226,15902,19117,18747,9808,0.8,0.85,15826.1,0.844193738,-441.9373766
7800,-503,15076,16189,19064,19114,9809,0.79,0.85,16223.2,0.848760071,-587.6007115
7800,-509,15026,16105,18999,19019,9810,0.79,0.85,16110.7,0.847084494,-570.8449445
7800,-526,15243,16147,19190,19060,9817,0.79,0.85,16165,0.848111228,-581.112277
7800,-507,15237,15865,19133,18704,9826,0.8,0.85,15776.2,0.843466638,-434.6663815
7800,-513,15137,16111,19087,19018,9835,0.79,0.85,16116.4,0.847428752,-574.2875171
7800,-487,15168,16131,19071,19043,9836,0.8,0.85,16143.9,0.847760332,-477.6033188
7800,-501,15185,16043,19104,18926,9833,0.79,0.85,16020.8,0.846496883,-564.968826
7800,-496,15207,16181,19154,19101,9824,0.79,0.85,16211.3,0.848714727,-587.1472698
7800,-497,15222,16142,19167,19049,9816,0.79,0.85,16156.7,0.848165258,-581.6525802
7800,-507,15165,16098,19134,18995,9810,0.79,0.85,16096.5,0.847407212,-574.0721242
7800,-505,15097,16144,19111,19053,9810,0.79,0.85,16159.9,0.848155146,-581.5514617
7800,-480,15077,15956,18906,18846,9810,0.8,0.85,15909.8,0.844200361,-442.0036082
7800,-508,15308,15920,19215,18772,9808,0.8,0.85,15851.6,0.844427871,-444.278713
7800,-498,15230,15905,19124,18738,9807,0.8,0.85,15826.4,0.84461522,-446.1522041
7800,-498,15193,16211,19164,19143,9807,0.79,0.85,16253.9,0.849077992,-590.7799196
7800,-511,15194,15902,19068,18759,9807,0.8,0.85,15829.7,0.843845621,-438.4562077
7800,-504,15174,16225,19132,19160,9812,0.79,0.85,16273,0.849321503,-593.2150313
7800,-503,15146,16254,19160,19194,9816,0.79,0.85,16312.2,0.849859331,-598.5933104
7800,-496,15167,16195,19119,19119,9819,0.79,0.85,16230.7,0.848930383,-589.3038339
7800,-499,15360,15897,19274,18740,9820,0.8,0.85,15819,0.844130203,-441.3020277
7800,-497,14970,16107,18971,18995,9819,0.79,0.85,16105.5,0.847881021,-578.8102132
7800,-489,15269,16086,19157,18985,9818,0.8,0.85,16081.5,0.847063471,-470.6347116
7800,-486,15205,16095,19077,19003,9816,0.8,0.85,16095.9,0.847018892,-470.1889175
7800,-495,15253,16015,19136,18892,9816,0.8,0.85,15982.6,0.845998306,-459.9830616
7800,-501,15109,16217,19076,19133,9816,0.79,0.85,16256.9,0.849678566,-596.7856583
7800,-502,15094,16257,19092,19203,9817,0.79,0.85,16317.9,0.84975785,-597.5785034
7800,-483,15226,16067,19165,18952,9817,0.79,0.85,16052.6,0.847013508,-570.1350781
7800,-488,15209,16066,19110,18958,9818,0.8,0.85,16053.4,0.846787636,-467.8763583
7800,-489,15246,15949,19132,18817,9818,0.8,0.85,15894.1,0.844667056,-446.6705639
7800,-496,15206,16227,19191,19155,9816,0.79,0.85,16273.5,0.849569303,-595.6930305
7800,-492,15007,16250,19016,19176,9812,0.79,0.85,16302.8,0.850166875,-601.6687526
7800,-492,15102,15331,18940,18081,9808,0.8,0.85,15055.3,0.832658592,-326.5859189
7800,-502,15123,16176,19072,19097,9807,0.79,0.85,16205.1,0.848567838,-585.6783788
7800,-494,15272,16083,19173,18992,9807,0.8,0.85,16080.6,0.846703875,-467.0387532
7800,-521,15117,16189,19128,19111,9806,0.79,0.85,16222.3,0.848846214,-588.4621422
7800,-499,15153,16153,19089,19070,9805,0.79,0.85,16174,0.848138437,-581.3843734
7800,-483,15264,16051,19155,18946,9804,0.8,0.85,16034.8,0.846342236,-463.4223583
7800,-494,15239,16042,19173,18928,9804,0.79,0.85,16020.4,0.846386306,-563.86306
7800,-501,15218,16042,19156,18931,9808,0.79,0.85,16021.3,0.84629972,-562.9972004
7800,-493,15341,15921,19259,18762,9817,0.8,0.85,15849.6,0.844771346,-447.7134634
7800,-495,15061,16305,18939,19249,9826,0.8,0.85,16379.7,0.850937711,-509.3771105
7800,-488,15157,16146,19112,19064,9831,0.79,0.85,16165.2,0.847943768,-579.4376836
7800,-514,15080,15759,19084,18564,9831,0.79,0.85,15628.2,0.841855204,-518.5520362
7800,-501,15145,16259,19127,19192,9825,0.79,0.85,16316.6,0.850177157,-601.7715715
7800,-520,15143,16173,19142,19100,9816,0.79,0.85,16203,0.848324607,-583.2460733
7800,-518,15149,16182,19120,19101,9807,0.79,0.85,16212.3,0.84876708,-587.6708026
7800,-501,15190,16182,19166,19104,9805,0.79,0.85,16213.2,0.848680905,-586.8090452
7800,-493,15161,16176,19114,19090,9805,0.79,0.85,16203,0.848768989,-587.68989
7800,-495,15091,15799,19087,18617,9805,0.79,0.85,15684.1,0.842461191,-524.6119138
7800,-496,15362,16022,19277,18899,9804,0.8,0.85,15991.7,0.846166464,-461.6646383
7800,-496,15153,16213,19107,19141,9804,0.79,0.85,16255.3,0.849239852,-592.3985163
7800,-493,15268,16042,19179,18929,9804,0.8,0.85,16020.7,0.846357441,-463.5744096
7800,-513,15252,15953,19151,18804,9803,0.8,0.85,15894.2,0.845256328,-452.5632844
7800,-505,15183,16143,19133,19054,9802,0.79,0.85,16159.2,0.848073895,-580.7389525
7800,-501,15137,16129,19094,19050,9801,0.79,0.85,16144,0.847454068,-574.5406824
7800,-510,15229,16147,19136,19061,9801,0.8,0.85,16165.3,0.848082472,-480.8247206
7799,-489,15225,16168,19161,19097,9802,0.79,0.85,16197.1,0.848148924,-581.4892391
7800,-502,15259,16111,19193,19005,9805,0.8,0.85,16112.5,0.84780321,-478.0320968
7800,-485,15236,15989,19121,18855,9809,0.8,0.85,15945.5,0.845690798,-456.907982
7800,-505,15295,15912,19206,18755,9811,0.8,0.85,15838.5,0.844494801,-444.9480139
7800,-489,15119,15914,19010,18763,9811,0.8,0.85,15842.9,0.844369237,-443.6923733
7800,-498,15162,16151,19071,19073,9810,0.8,0.85,16172.9,0.84794736,-479.4736014
7800,-497,15190,16139,19119,19049,9808,0.79,0.85,16153.7,0.848007769,-580.0776944
7800,-498,15217,15959,19092,18823,9806,0.8,0.85,15905.9,0.845024704,-450.2470382
7800,-510,15243,16024,19135,18899,9805,0.8,0.85,15993.7,0.84627229,-462.7228954
7800,-501,15269,15990,19174,18855,9805,0.8,0.85,15946.5,0.845743835,-457.4383453
7800,-487,15311,15924,19218,18771,9807,0.8,0.85,15855.3,0.84466997,-446.6996963
7800,-503,15124,16195,19098,19118,9810,0.79,0.85,16230.4,0.848959096,-589.5909614
7800,-511,15147,16234,19106,19163,9812,0.79,0.85,16282.9,0.849705161,-597.0516099
7800,-508,15276,16176,19241,19091,9812,0.79,0.85,16203.3,0.848740244,-587.4024409
7800,-501,15124,16127,19062,19036,9812,0.79,0.85,16137.8,0.847751628,-577.5162849
7800,-494,15094,15801,18928,18624,9812,0.8,0.85,15688.2,0.842364691,-423.6469072
7800,-505,15280,15907,19191,18751,9812,0.8,0.85,15832.3,0.844344302,-443.4430164
7800,-502,15044,16253,19028,19192,9812,0.79,0.85,16310.6,0.849864527,-598.6452689
7800,-511,15209,16140,19161,19052,9812,0.79,0.85,16155.6,0.847973966,-579.7396599
7800,-516,15157,16126,19091,19035,9814,0.79,0.85,16136.5,0.84772787,-577.2786971
7800,-486,15127,16199,19111,19127,9816,0.79,0.85,16237.1,0.848909918,-589.0991792
7800,-519,15305,15964,19208,18837,9818,0.8,0.85,15915.1,0.844885067,-448.8506662
7800,-515,15127,16053,19049,18948,9819,0.79,0.85,16037.4,0.84639012,-563.9012033
7800,-500,15351,15909,19266,18752,9818,0.8,0.85,15834.6,0.844421928,-444.2192833
7800,-497,15194,15891,19137,18718,9816,0.79,0.85,15806.4,0.844449193,-544.4919329
7800,-507,15209,15803,19090,18632,9814,0.8,0.85,15692.6,0.842239158,-422.3915844
7800,-507,15276,15991,19175,18860,9813,0.8,0.85,15949,0.845652174,-456.5217391
7800,-505,15075,16177,19062,19096,9813,0.79,0.85,16205.8,0.848648932,-586.4893171
7800,-507,15157,16115,19051,19025,9810,0.8,0.85,16122.5,0.847437582,-474.3758213
7800,-491,15191,16234,19143,19161,9806,0.79,0.85,16282.3,0.849762538,-597.6253849
7800,-473,15223,16174,19113,19104,9802,0.8,0.85,16205.2,0.848262144,-482.6214405
7800,-486,15143,16182,19085,19105,9802,0.79,0.85,16213.5,0.848652185,-586.5218529
7800,-493,15184,16204,19153,19134,9803,0.79,0.85,16244.2,0.848970419,-589.7041915
7800,-484,15170,16247,19092,19184,9808,0.79,0.85,16302.2,0.849781068,-597.8106756
7800,-515,15092,16170,19110,19088,9813,0.79,0.85,16196.4,0.848512154,-585.1215423
7800,-473,15103,15984,18952,18866,9817,0.8,0.85,15943.8,0.845107601,-451.0760098
7800,-496,15247,15871,19141,18705,9817,0.8,0.85,15782.5,0.843758353,-437.5835338
7800,-487,15193,16107,19083,19016,9818,0.8,0.85,16111.8,0.847275978,-472.7597812
7800,-510,15068,16164,19012,19091,9820,0.79,0.85,16191.3,0.848111676,-581.1167566
7800,-486,15245,16186,19150,19106,9821,0.8,0.85,16217.8,0.848832827,-488.3282738
7800,-485,15265,16123,19157,19034,9821,0.8,0.85,16133.2,0.847599033,-475.9903331
7800,-493,15155,16222,19098,19152,9820,0.79,0.85,16267.6,0.849394319,-593.9431913
7800,-500,14661,15843,18546,18712,9815,0.79,0.85,15756.6,0.842058572,-520.5857204
7800,-493,15297,15929,19197,18771,9810,0.8,0.85,15860.3,0.844936338,-449.3633797
7800,-493,15029,16132,19019,19032,9805,0.79,0.85,16141.6,0.848129466,-581.2946616
7800,-495,15181,15896,19039,18744,9805,0.8,0.85,15819.2,0.843960734,-439.607341
7800,-486,15230,16119,19109,19020,9805,0.8,0.85,16125,0.847791798,-477.9179811
7800,-507,15076,16137,19049,19052,9806,0.79,0.85,16152.6,0.847816502,-578.165022
7800,-507,15157,16177,19126,19100,9807,0.79,0.85,16207,0.848534031,-585.3403141
7800,-510,15214,16071,19146,18973,9807,0.79,0.85,16062.9,0.846618879,-566.1887946
7800,-508,15128,16175,19065,19096,9806,0.79,0.85,16203.8,0.848544198,-585.4419774
7800,-503,15164,16227,19148,19153,9802,0.79,0.85,16272.9,0.84962669,-596.2669034
7800,-500,15194,16150,19128,19063,9798,0.79,0.85,16168.9,0.848182343,-581.8234276
7800,-514,15075,15825,19079,18651,9794,0.79,0.85,15720.3,0.842866334,-528.6633424
7800,-503,15063,16255,19060,19196,9794,0.79,0.85,16313.8,0.849854136,-598.5413628
7800,-510,15218,15817,19108,18652,9797,0.8,0.85,15712.6,0.842408321,-424.0832082
7800,-507,15213,16035,19165,18911,9803,0.79,0.85,16008.3,0.846507324,-565.0732378
7800,-493,15234,16150,19125,19071,9809,0.8,0.85,16171.3,0.847952388,-479.5238844
7800,-501,15210,16173,19141,19096,9813,0.79,0.85,16201.8,0.848439464,-584.3946376
7800,-491,15200,16181,19112,19098,9813,0.8,0.85,16210.4,0.848800922,-488.0092156
7800,-501,15252,15894,19147,18741,9809,0.8,0.85,15816.3,0.843941092,-439.4109172
7800,-500,15172,16069,19078,18956,9804,0.8,0.85,16055.8,0.847003587,-470.0358725
7800,-482,15142,16180,19075,19098,9800,0.79,0.85,16209.4,0.84874856,-587.4856006
7800,-520,15179,16128,19140,19026,9800,0.79,0.85,16135.8,0.848092085,-580.9208452
7800,-492,15159,15930,19098,18776,9802,0.79,0.85,15862.8,0.844844482,-548.4448232
7800,-483,15030,16162,18894,19083,9808,0.8,0.85,16186.9,0.84823665,-482.3665042
7801,-492,14930,16139,18789,19057,9814,0.79,0.85,16156.1,0.847777719,-577.7771947
7800,-489,15283,16110,19177,19014,9817,0.8,0.85,16114.2,0.847491322,-474.9132218
7800,-507,15173,16211,19158,19137,9817,0.79,0.85,16252.1,0.849250144,-592.501437
7800,-513,15135,16170,19085,19086,9813,0.79,0.85,16195.8,0.848569632,-585.6963219
7800,-467,15238,16144,19157,19065,9809,0.8,0.85,16163.5,0.847810123,-478.1012326
7800,-498,15223,15813,19112,18629,9805,0.8,0.85,15701.7,0.842863278,-428.6327769
7800,-496,15142,16229,19081,19165,9804,0.79,0.85,16278.5,0.849386903,-593.8690321
7800,-510,15293,16067,19233,18946,9805,0.8,0.85,16050.8,0.847186741,-471.8674126
7800,-482,15104,16040,19040,18931,9811,0.79,0.85,16019.3,0.846194073,-561.9407321
7800,-493,15032,15705,19029,18548,9816,0.79,0.85,15569.4,0.839411257,-494.1125728
7800,-512,15193,16078,19099,18975,9821,0.8,0.85,16070.5,0.846930171,-469.3017128
7800,-499,15226,16169,19178,19088,9821,0.79,0.85,16195.4,0.848459765,-584.597653
7800,-493,15195,16117,19151,19025,9818,0.79,0.85,16124.5,0.847542707,-575.4270696
7800,-508,15324,16180,19238,19101,9813,0.8,0.85,16210.3,0.848662374,-486.623737
7800,-493,15206,16159,19148,19068,9809,0.79,0.85,16179.4,0.848510594,-585.1059366
7800,-494,15294,15874,19204,18709,9808,0.8,0.85,15786.7,0.843802448,-438.0244802
7800,-496,15269,15937,19166,18785,9807,0.8,0.85,15872.5,0.844956082,-449.5608198
7800,-513,15274,16230,19226,19146,9807,0.79,0.85,16273.8,0.849984331,-599.8433093
7800,-475,15233,16308,19136,19252,9807,0.8,0.85,16383.6,0.851007688,-510.0768751
7800,-496,15138,15963,18984,18821,9807,0.8,0.85,15909.3,0.845295149,-452.9514904
7800,-515,15127,15678,19142,18479,9807,0.79,0.85,15521.7,0.839964284,-499.6428378
7800,-496,15253,16143,19156,19055,9810,0.8,0.85,16159.5,0.848045133,-480.4513251
7800,-506,15235,16186,19198,19115,9815,0.79,0.85,16220.5,0.848574418,-585.74418
7800,-507,15115,16246,19066,19177,9820,0.79,0.85,16299.1,0.849929603,-599.2960317
7800,-488,15185,16069,19103,18957,9822,0.79,0.85,16056.1,0.846974732,-569.7473229
7800,-509,15201,16156,19155,19072,9822,0.79,0.85,16177.6,0.848238255,-582.3825503
7800,-486,15201,16165,19119,19075,9817,0.8,0.85,16187.5,0.848623853,-486.2385321
7800,-498,15369,16015,19287,18890,9811,0.8,0.85,15982,0.846056114,-460.5611435
7800,-499,15135,16183,19115,19098,9806,0.79,0.85,16212.4,0.848905645,-589.0564457
7800,-493,15096,16210,19039,19141,9805,0.79,0.85,16252.3,0.84908312,-590.8312
7800,-513,15233,15901,19123,18731,9807,0.8,0.85,15820.3,0.8446052,-446.0519994
7800,-501,15224,15940,19106,18786,9810,0.8,0.85,15875.8,0.845086767,-450.8676674
7800,-500,15082,16132,19024,19036,9814,0.79,0.85,16142.8,0.848014289,-580.1428872
7800,-497,15209,16015,19091,18889,9816,0.8,0.85,15981.7,0.846085023,-460.8502303
7800,-489,15091,16281,19027,19220,9815,0.79,0.85,16347,0.850520291,-605.2029136
7800,-504,15251,16107,19182,18993,9809,0.8,0.85,16104.9,0.847938714,-479.3871426
7800,-499,15245,15989,19133,18849,9803,0.8,0.85,15943.7,0.845864502,-458.645021
7800,-508,15224,15841,19115,18670,9796,0.8,0.85,15742,0.843170862,-431.7086235
7800,-502,15117,16228,19124,19151,9796,0.79,0.85,16273.3,0.849736306,-597.363062
7800,-499,15172,16108,19085,19020,9796,0.79,0.85,16114,0.84721346,-572.1345952
7800,-488,15240,16060,19123,18948,9796,0.8,0.85,16044.4,0.846759552,-467.5955246
7800,-471,15208,16235,19136,19175,9796,0.79,0.85,16287.5,0.849413299,-594.1329857
7800,-509,15181,16216,19189,19146,9796,0.79,0.85,16259.8,0.849253108,-592.531077
7800,-524,15231,16070,19142,18972,9796,0.8,0.85,16061.6,0.846594982,-465.9498208
7800,-494,15276,16026,19193,18908,9798,0.8,0.85,15998.4,0.846118045,-461.1804527
7800,-505,15203,16168,19140,19087,9800,0.79,0.85,16194.1,0.848436108,-584.3610835
7800,-489,15209,16222,19186,19149,9803,0.79,0.85,16266.7,0.849480391,-594.8039062
7800,-512,15224,16140,19181,19042,9803,0.79,0.85,16152.6,0.848261737,-582.6173721
7800,-502,15109,16094,19074,18990,9803,0.79,0.85,16091,0.847340706,-573.4070563
7800,-495,15103,15530,19056,18315,9803,0.79,0.85,15324.5,0.836718537,-467.1853672
7800,-517,15252,15864,19144,18697,9803,0.8,0.85,15773.1,0.843616623,-436.1662299
7800,-489,15323,16085,19224,18993,9803,0.8,0.85,16082.9,0.846780393,-467.8039278
7800,-505,15248,16021,19150,18885,9802,0.8,0.85,15986.5,0.846518401,-465.1840085
7800,-504,15124,16204,19048,19129,9805,0.79,0.85,16242.7,0.849113911,-591.1391082
7800,-486,15144,16225,19102,19163,9810,0.79,0.85,16273.9,0.849235506,-592.3550592
7800,-516,15068,15807,19066,18629,9815,0.79,0.85,15695.7,0.842541199,-525.4119921
7800,-488,15204,16206,19127,19137,9817,0.79,0.85,16247.1,0.84898887,-589.8886973
7800,-493,15271,15883,19175,18717,9816,0.8,0.85,15798.1,0.844050863,-440.5086285
7800,-494,15104,16268,19016,19205,9813,0.79,0.85,16329.5,0.850273366,-602.7336631
7800,-499,15057,16125,18941,19027,9809,0.79,0.85,16133.1,0.847905608,-579.0560782
7800,-511,15109,15743,19110,18550,9806,0.79,0.85,15608,0.841401617,-514.0161725
7800,-497,15125,16225,19072,19151,9807,0.79,0.85,16270.3,0.849579656,-595.7965641
7800,-488,15226,16098,19146,18991,9809,0.8,0.85,16095.3,0.847522511,-475.2251066
7800,-499,15093,16269,19095,19205,9812,0.79,0.85,16330.5,0.850325436,-603.2543608
7800,-502,15261,16126,19179,19038,9815,0.8,0.85,16137.4,0.847641559,-476.4155899
7800,-503,15107,16192,19027,19109,9816,0.79,0.85,16224.7,0.849060652,-590.6065205
7800,-499,15179,16034,19084,18917,9816,0.8,0.85,16009.1,0.846281123,-462.811228
7800,-507,15220,16217,19184,19141,9820,0.79,0.85,16259.3,0.849448827,-594.4882713
7800,-510,15190,16123,19122,19024,9825,0.79,0.85,16130.2,0.84788688,-578.8687973
7800,-485,14988,16169,18816,19089,9829,0.8,0.85,16195.7,0.848431034,-484.3103358
7800,-504,15258,15845,19151,18671,9829,0.8,0.85,15746.3,0.843356007,-433.5600664
7800,-506,15091,16105,19028,19020,9826,0.79,0.85,16111,0.847055731,-570.5573081
7800,-494,15065,16224,19042,19156,9818,0.79,0.85,16270.8,0.849384005,-593.8400501
7800,-516,15116,16196,19094,19109,9811,0.79,0.85,16228.7,0.849269977,-592.699775
7800,-510,15189,16130,19090,19048,9807,0.8,0.85,16144.4,0.847564049,-475.6404872
7800,-492,15172,16091,19069,18991,9807,0.8,0.85,16088.3,0.847153915,-471.5391501
7800,-507,15049,15807,19036,18623,9810,0.79,0.85,15693.9,0.842715996,-527.1599635
7800,-493,15284,16252,19253,19186,9813,0.79,0.85,16307.8,0.849984364,-599.843636
7800,-493,15037,16199,19000,19116,9817,0.79,0.85,16233.8,0.849225779,-592.2577945
7800,-494,15055,16220,18926,19142,9817,0.8,0.85,16262.6,0.849576847,-495.7684672
7800,-513,15132,16164,19073,19075,9818,0.79,0.85,16186.5,0.848571429,-585.7142857
7800,-502,15157,16137,19074,19042,9817,0.79,0.85,16149.6,0.848104191,-581.0419074
7800,-495,15195,16125,19088,19036,9816,0.8,0.85,16135.8,0.847646564,-476.465644
7800,-494,15278,16040,19173,18911,9816,0.8,0.85,16013.3,0.84677172,-467.7172016
7800,-483,15140,16226,19099,19159,9816,0.79,0.85,16273.7,0.84940237,-594.0236964
7800,-487,15228,15968,19112,18823,9814,0.8,0.85,15914.9,0.845502842,-455.0284227
7800,-492,15168,15945,19004,18803,9813,0.8,0.85,15885.9,0.844859863,-448.5986279
7800,-494,15198,16168,19136,19082,9811,0.79,0.85,16192.6,0.848579813,-585.7981344
7800,-502,15163,16064,19097,18961,9810,0.79,0.85,16052.3,0.846595644,-565.9564369
7800,-485,15222,15901,19102,18765,9811,0.8,0.85,15830.5,0.843618439,-436.1843858
7800,-504,15272,15920,19162,18762,9814,0.8,0.85,15848.6,0.844718047,-447.1804712
7800,-506,15070,16122,18971,19035,9817,0.79,0.85,16132.5,0.84751773,-575.177305
7800,-501,15213,16035,19110,18920,9820,0.8,0.85,16011,0.846247357,-462.4735729
7800,-497,15262,15859,19158,18698,9820,0.8,0.85,15768.4,0.843320141,-433.2014119
7800,-489,15118,16196,19056,19114,9817,0.79,0.85,16230.2,0.849126295,-591.2629486
7800,-488,15231,15911,19124,18764,9812,0.8,0.85,15840.2,0.844180345,-441.8034534
7800,-493,15262,16127,19197,19025,9808,0.8,0.85,16134.5,0.848068331,-480.6833114
7800,-502,15275,16261,19282,19190,9807,0.79,0.85,16318,0.850338718,-603.3871808
7800,-503,15045,16221,19048,19138,9808,0.79,0.85,16262.4,0.849743965,-597.4396489
7800,-487,14975,16176,18904,19095,9815,0.79,0.85,16204.5,0.848625295,-586.2529458
7800,-508,15212,16019,19084,18904,9821,0.8,0.85,15990.2,0.845863309,-458.6330935
7800,-503,15225,16080,19151,18972,9826,0.79,0.85,16071.6,0.847122075,-571.2207464
7800,-511,15252,15916,19133,18756,9826,0.8,0.85,15842.8,0.844679036,-446.7903604
7800,-500,15180,16145,19126,19058,9824,0.79,0.85,16162.4,0.848063805,-580.6380523
7800,-481,15186,16156,19115,19068,9821,0.79,0.85,16176.4,0.848353262,-583.5326201
7800,-516,15179,16191,19135,19103,9817,0.79,0.85,16221.9,0.849180757,-591.8075695
7800,-494,15063,15732,19050,18532,9815,0.79,0.85,15591.6,0.841333909,-513.3390891
7800,-499,15251,16237,19205,19162,9815,0.79,0.85,16285.6,0.849890408,-598.904081
7800,-502,15001,16213,19002,19136,9810,0.79,0.85,16253.8,0.849383361,-593.833612
7800,-482,15026,16059,18848,18960,9804,0.8,0.85,16047,0.846360759,-463.6075949
7800,-512,15205,16036,19097,18912,9799,0.8,0.85,16009.6,0.846531303,-465.3130288
7800,-499,15183,16065,19045,18957,9799,0.8,0.85,16052.1,0.846763728,-467.6372844
7800,-514,15252,16124,19173,19025,9801,0.8,0.85,16131.5,0.847910644,-479.1064389
7800,-519,15174,16067,19090,18966,9805,0.79,0.85,16056.8,0.846609723,-566.0972266
7800,-501,15231,15839,19118,18662,9809,0.8,0.85,15737.6,0.843296538,-432.9653842
7800,-497,15212,16052,19139,18929,9812,0.79,0.85,16030.7,0.846885731,-568.8573089
7800,-510,15222,16233,19172,19157,9812,0.79,0.85,16280.1,0.849825129,-598.251292
7800,-509,15284,16150,19199,19066,9813,0.8,0.85,16169.8,0.848096087,-480.9608728
7800,-497,15106,15958,18974,18808,9813,0.8,0.85,15900.4,0.84540621,-454.0621012
7800,-494,15290,15912,19194,18769,9813,0.8,0.85,15842.7,0.844088657,-440.8865683
7800,-492,15244,16168,19137,19084,9813,0.8,0.85,16193.2,0.848522322,-485.2232236
7800,-495,15198,16257,19156,19189,9813,0.79,0.85,16313.7,0.850158945,-601.5894523
7800,-501,15047,16107,18871,19006,9813,0.8,0.85,16108.8,0.847563927,-475.6392718
7800,-498,15192,16189,19122,19111,9813,0.79,0.85,16222.3,0.848846214,-588.4621422
7800,-478,15198,16182,19157,19112,9813,0.79,0.85,16215.6,0.848451235,-584.5123483
7800,-495,15274,15909,19178,18754,9813,0.8,0.85,15835.2,0.844363869,-443.6386904
7800,-490,15221,16044,19103,18913,9810,0.8,0.85,16017.9,0.846925395,-469.2539523
7800,-498,15384,16071,19307,18952,9806,0.8,0.85,16056.6,0.847224567,-472.2456733
7800,-511,15126,16228,19141,19161,9803,0.79,0.85,16276.3,0.849449402,-594.4940243
7800,-501,15258,15923,19152,18775,9802,0.8,0.85,15855.5,0.844500666,-445.0066578
7800,-503,15221,16157,19169,19067,9802,0.79,0.85,16177.1,0.848434468,-584.3446793
7800,-504,15209,15889,19104,18722,9805,0.8,0.85,15805.6,0.844226044,-442.2604423
7800,-501,15251,16141,19165,19056,9809,0.8,0.85,16157.8,0.847911419,-479.1141898
7800,-511,15072,16228,19035,19154,9812,0.79,0.85,16274.2,0.849650204,-596.5020361
7800,-491,15277,16047,19172,18932,9812,0.8,0.85,16026.6,0.846534967,-465.3496725
7800,-509,15187,15902,19089,18748,9815,0.8,0.85,15826.4,0.844164711,-441.647109
7800,-498,15268,15989,19166,18854,9820,0.8,0.85,15945.2,0.845719741,-457.1974117
7800,-512,15182,16140,19147,19057,9824,0.79,0.85,16157.1,0.847830194,-578.3019363
7800,-492,15227,15900,19138,18742,9826,0.8,0.85,15822.6,0.844232206,-442.3220574
7800,-498,15153,16004,18999,18872,9826,0.8,0.85,15965.6,0.845994065,-459.9406528
7800,-509,14997,15968,18804,18833,9826,0.8,0.85,15917.9,0.84521319,-452.1318961
7800,-512,15159,16076,19079,18973,9826,0.79,0.85,16067.9,0.846882412,-568.8241185
7800,-500,15196,16069,19099,18950,9826,0.8,0.85,16054,0.847176781,-471.76781
7800,-513,15151,16261,19089,19202,9825,0.79,0.85,16321.6,0.849994792,-599.9479221
7800,-503,15211,16085,19133,18985,9823,0.8,0.85,16080.5,0.847010798,-470.10798
7800,-493,15216,16188,19157,19119,9818,0.79,0.85,16223.7,0.848564255,-585.6425545
7800,-484,15209,16186,19164,19107,9814,0.79,0.85,16218.1,0.848804103,-588.0410321
7800,-504,15304,16107,19234,19014,9812,0.8,0.85,16111.2,0.847333544,-473.335437
7800,-492,15125,16024,19067,18894,9812,0.79,0.85,15992.2,0.846416852,-564.1685191
7800,-499,14928,15678,18905,18517,9812,0.79,0.85,15533.1,0.838856186,-488.5618621
7800,-503,15168,16164,19078,19081,9813,0.8,0.85,16188.3,0.848398931,-483.9893087
7800,-489,15231,16133,19144,19049,9814,0.8,0.85,16147.7,0.847692792,-476.9279227
7800,-505,15148,16241,19139,19180,9815,0.79,0.85,16295,0.849582899,-595.8289885
7800,-515,15266,16164,19204,19087,9814,0.79,0.85,16190.1,0.848226542,-582.2654163
7800,-508,14924,16115,18783,19019,9812,0.79,0.85,16120.7,0.847610284,-576.1028445
7800,-506,15209,15894,19086,18727,9809,0.8,0.85,15812.1,0.844347733,-443.4773322
7800,-496,15227,16075,19155,18971,9808,0.79,0.85,16066.3,0.846887354,-568.8735438
7800,-500,15274,16111,19188,19013,9808,0.8,0.85,16114.9,0.847572713,-475.7271341
7800,-517,15081,15993,19070,18860,9807,0.79,0.85,15951,0.845758218,-557.5821845
7800,-489,15193,16144,19101,19065,9806,0.8,0.85,16163.5,0.847810123,-478.1012326
7800,-511,15222,15861,19117,18696,9805,0.8,0.85,15769.8,0.843485237,-434.8523748
7800,-505,15259,15881,19154,18720,9805,0.8,0.85,15797,0.843856838,-438.5683761
7800,-504,15232,16043,19164,18935,9806,0.79,0.85,16023.5,0.846237127,-562.3712701
7800,-512,14908,16073,18895,18969,9809,0.79,0.85,16063.7,0.84683958,-568.3958037
7800,-503,15294,15949,19200,18805,9813,0.8,0.85,15890.5,0.845014624,-450.1462377
7800,-485,15164,16143,19066,19064,9814,0.8,0.85,16162.2,0.847786404,-477.8640369
7800,-493,15240,15936,19125,18797,9814,0.8,0.85,15875.1,0.844554982,-445.5498218
7800,-497,15310,15982,19234,18837,9809,0.8,0.85,15933.1,0.845840633,-458.406328
7800,-508,15097,16111,19044,19016,9802,0.79,0.85,16115.8,0.847486327,-574.863273
7800,-507,15066,16250,18965,19184,9795,0.79,0.85,16305.2,0.849937448,-599.3744787
7800,-507,15154,16182,19091,19109,9794,0.79,0.85,16214.7,0.848537338,-585.3733843
7800,-503,15242,15998,19134,18874,9795,0.8,0.85,15960.2,0.845618311,-456.183109
7800,-490,15222,15929,19110,18772,9799,0.8,0.85,15860.6,0.844907309,-449.0730876
7800,-510,15263,15849,19165,18684,9802,0.8,0.85,15754.2,0.843192036,-431.9203597
7800,-494,15254,16154,19178,19076,9805,0.8,0.85,16176.8,0.848018453,-480.1845251
7800,-493,15243,16159,19187,19079,9805,0.79,0.85,16182.7,0.84819435,-581.9434981
7800,-475,15241,16068,19130,18963,9806,0.8,0.85,16056.9,0.846748932,-467.4893213
7800,-511,15078,16216,19031,19151,9808,0.79,0.85,16261.3,0.849109707,-591.0970706
7800,-501,15156,16113,19134,19029,9810,0.79,0.85,16121.7,0.847217405,-572.1740501
7800,-507,14985,15806,18944,18627,9810,0.79,0.85,15694.1,0.842545767,-525.457669
7800,-494,15276,16053,19179,18944,9810,0.8,0.85,16036.2,0.84650549,-465.0548986
7800,-497,15261,15956,19155,18816,9809,0.8,0.85,15900.8,0.845068027,-450.6802721
7800,-489,15067,16163,19021,19087,9808,0.79,0.85,16189.1,0.84817415,-581.7414994
7800,-497,15159,16119,19109,19026,9807,0.79,0.85,16126.8,0.847619048,-576.1904762
7800,-490,15224,15967,19114,18829,9807,0.8,0.85,15915.7,0.845275904,-452.7590419
7800,-499,15169,16236,19166,19171,9812,0.79,0.85,16287.3,0.849580095,-595.8009494
7800,-491,15190,16151,19144,19077,9820,0.79,0.85,16174.1,0.847832468,-578.3246842
7800,-508,15288,16216,19268,19146,9829,0.79,0.85,16259.8,0.849253108,-592.531077
7800,-481,15221,15885,19117,18720,9833,0.8,0.85,15801,0.844070513,-440.7051282
7800,-490,15116,16062,19002,18962,9833,0.8,0.85,16050.6,0.846461344,-464.6134374
7800,-504,15263,16072,19160,18976,9827,0.8,0.85,16064.8,0.84658516,-465.851602
7800,-509,15228,16158,19167,19078,9820,0.79,0.85,16181.4,0.848170668,-581.7066778
7800,-526,15219,16166,19174,19080,9813,0.79,0.85,16190,0.848532495,-585.3249476
7800,-491,15101,16199,19019,19134,9813,0.79,0.85,16239.2,0.848709104,-587.0910421
7800,-493,15149,16107,19091,19012,9812,0.79,0.85,16110.6,0.847391121,-573.911214
7800,-489,15180,16159,19137,19083,9809,0.79,0.85,16183.9,0.848079442,-580.7944244
7800,-494,15278,15946,19182,18803,9807,0.8,0.85,15886.9,0.844913046,-449.1304579
7800,-495,15325,15964,19238,18820,9805,0.8,0.85,15910,0.845377258,-453.7725824
7800,-485,15228,16322,19129,19270,9805,0.8,0.85,16403,0.851219512,-512.195122
7800,-487,15095,16134,18985,19049,9803,0.8,0.85,16148.7,0.847745288,-477.4528847
7800,-497,15204,16170,19155,19087,9800,0.79,0.85,16196.1,0.848540892,-585.4089171
7800,-506,15194,16063,19130,18958,9797,0.79,0.85,16050.4,0.846629391,-566.2939129
7800,-491,15181,16057,19070,18957,9796,0.8,0.85,16044.1,0.846341721,-463.4172074
7800,-505,15221,15872,19114,18710,9797,0.8,0.85,15785,0.843666489,-436.6648851
7800,-507,15187,16111,19141,19016,9801,0.79,0.85,16115.8,0.847486327,-574.863273
7800,-498,15164,16158,19096,19067,9806,0.79,0.85,16178.1,0.848486915,-584.8691456
7800,-505,15191,16186,19153,19114,9810,0.79,0.85,16220.2,0.848603118,-586.0311813
7800,-496,15323,15968,19220,18832,9810,0.8,0.85,15917.6,0.845242141,-452.4214104
7800,-510,15049,16178,19057,19080,9813,0.79,0.85,16202,0.849161426,-591.6142558
7800,-490,15286,15984,19191,18874,9817,0.8,0.85,15946.2,0.84487655,-448.7654975
7800,-498,15198,16089,19106,18998,9820,0.8,0.85,16088.4,0.846847037,-468.4703653
7800,-498,15187,16158,19103,19079,9821,0.8,0.85,16181.7,0.848141936,-481.4193616
7800,-498,15268,15949,19171,18815,9822,0.8,0.85,15893.5,0.844724953,-447.2495349
7800,-504,15155,16216,19087,19146,9824,0.79,0.85,16259.8,0.849253108,-592.531077
7800,-490,15234,16109,19132,19025,9827,0.8,0.85,16116.5,0.847122208,-471.2220762
7800,-521,15171,16160,19113,19075,9828,0.79,0.85,16182.5,0.84836173,-583.6173001
7800,-490,15223,16139,19146,19053,9828,0.8,0.85,16154.9,0.84789272,-478.9272031
7800,-498,15239,16104,19196,19001,9827,0.79,0.85,16104.3,0.847550129,-575.5012894
7800,-506,15032,16154,18996,19052,9825,0.79,0.85,16169.6,0.848708797,-587.0879698
7800,-509,14870,15825,18638,18655,9823,0.8,0.85,15721.5,0.842749933,-427.4993299
7800,-504,15041,15760,19029,18578,9822,0.79,0.85,15633.4,0.8415007,-515.0069975
7800,-503,15178,16132,19138,19044,9822,0.79,0.85,16145.2,0.847784079,-577.8407898
7800,-486,15207,16129,19102,19036,9815,0.8,0.85,16139.8,0.847856693,-478.5669258
7800,-498,15236,16123,19150,19032,9808,0.8,0.85,16132.6,0.847656578,-476.5657839
7800,-506,15215,16146,19163,19063,9802,0.79,0.85,16164.9,0.847972512,-579.725122
7800,-494,15073,16230,19068,19160,9802,0.79,0.85,16278,0.849582463,-595.8246347
7800,-496,15159,16218,19115,19144,9804,0.79,0.85,16261.2,0.84941496,-594.149603
7800,-516,15259,16241,19251,19173,9807,0.79,0.85,16292.9,0.84978355,-597.8354978
7800,-501,15124,16194,19134,19123,9809,0.79,0.85,16230.9,0.848763269,-587.6326936
7800,-516,15131,15881,19141,18722,9811,0.79,0.85,15797.6,0.843798739,-537.9873945
7800,-502,15223,16058,19146,18953,9811,0.8,0.85,16043.9,0.846509787,-465.0978737
7800,-502,15250,16051,19130,18937,9809,0.8,0.85,16032.1,0.84660189,-466.0189048
7800,-504,15253,16173,19156,19082,9807,0.8,0.85,16197.6,0.84884184,-488.4184048
7800,-509,15292,16078,19208,18972,9805,0.8,0.85,16069.6,0.847016656,-470.1665612
7800,-499,15177,16177,19136,19102,9805,0.79,0.85,16207.6,0.848476599,-584.7659931
7800,-507,15136,16024,19061,18904,9807,0.79,0.85,15995.2,0.846127804,-561.2780364
7800,-510,15074,15802,19075,18621,9814,0.79,0.85,15688.3,0.842505773,-525.0577305
7800,-508,15209,16057,19120,18946,9821,0.8,0.85,16040.8,0.846658925,-466.5892537
7800,-506,15078,16150,19092,19067,9825,0.79,0.85,16170.1,0.848067341,-580.6734148
7800,-496,15129,16114,19061,19020,9825,0.79,0.85,16120,0.847528917,-575.2891693
7800,-507,15298,15903,19204,18743,9822,0.8,0.85,15825.9,0.844363229,-443.6322894
7800,-496,15246,16099,19146,19002,9818,0.8,0.85,16099.6,0.847258183,-472.5818335
7800,-514,15201,16085,19168,18974,9815,0.79,0.85,16077.2,0.847327922,-573.2792242
7800,-493,15225,16167,19191,19087,9814,0.79,0.85,16193.1,0.848383717,-583.8371667
7800,-496,15184,16057,19095,18935,9814,0.8,0.85,16037.5,0.846976499,-469.7649855
7800,-515,15171,16196,19112,19111,9813,0.79,0.85,16229.3,0.849212495,-592.1249542
