ECS,NSC,FA,FB,NA,NB,OM,FA/NA,FB/NB,FAprime,FAprime/NA,FBprime,FBprime/NA,NACprime
5905,-2533,8217,10907,15485,15239,-910,0.53,0.72,8211.31691,0.530275551,10879.28,0.713910362,-0.18363481
5905,-2536,8234,10896,15521,15222,-910,0.53,0.72,8228.36479,0.530143985,10867.7445,0.713949842,-0.183805857
5905,-2536,8221,10897,15486,15225,-910,0.53,0.72,8215.31824,0.530499693,10868.839,0.713881051,-0.183381358
5905,-2533,8228,10892,15502,15227,-810,0.53,0.72,8222.33952,0.530405078,10863.902,0.713463059,-0.183057981
5905,-2535,8219,10891,15492,15229,-333,0.53,0.72,8213.32622,0.530165648,10862.965,0.713307834,-0.183142186
5905,-2526,8224,10887,15485,15232,144,0.53,0.71,8218.31691,0.530727602,10859.0595,0.712910944,-0.182183343
5905,-2521,8229,10886,15489,15227,621,0.53,0.71,8223.32223,0.530913696,10857.902,0.713069022,-0.182155327
5905,-2523,8228,10895,15490,15231,999,0.53,0.72,8222.32356,0.530814949,10867.028,0.713480927,-0.182665978
5906,-2519,8226,10885,15489,15229,999,0.53,0.71,8220.32223,0.53072001,10856.965,0.712913849,-0.182193839
5905,-2524,8229,10896,15499,15235,999,0.53,0.72,8223.33553,0.530572007,10868.154,0.713367509,-0.182795502
5905,-2522,8223,10893,15487,15232,999,0.53,0.72,8217.31957,0.530594665,10865.0595,0.713304852,-0.182710187
5905,-2521,8239,10888,15522,15229,999,0.53,0.71,8233.36612,0.53043204,10859.965,0.713110841,-0.182678801
5905,-2524,8226,10897,15501,15235,999,0.53,0.72,8220.33819,0.530310186,10869.154,0.713433147,-0.183122962
5905,-2526,8222,10890,15489,15227,907,0.53,0.72,8216.32223,0.530461762,10861.902,0.713331713,-0.182869952
5905,-2529,8224,10892,15501,15233,449,0.53,0.72,8218.33819,0.530181162,10864.091,0.713194446,-0.183013284
5905,-2529,8223,10896,15496,15231,-9,0.53,0.72,8217.33154,0.53028727,10868.028,0.713546583,-0.183259312
5905,-2535,8226,10894,15499,15233,-467,0.53,0.72,8220.33553,0.530378446,10866.091,0.71332574,-0.182947294
5905,-2528,8225,10892,15487,15229,-834,0.53,0.72,8219.31957,0.530723805,10863.965,0.713373498,-0.182649693
5905,-2533,8227,10896,15502,15231,-834,0.53,0.72,8221.33952,0.53034057,10868.028,0.713546583,-0.183206012
5905,-2533,8222,10894,15491,15227,-834,0.53,0.72,8216.32489,0.530393447,10865.902,0.713594405,-0.183200958
5905,-2531,8230,10898,15492,15227,-834,0.53,0.72,8224.32622,0.530875692,10869.902,0.713857096,-0.182981404
5905,-2530,8232,10899,15503,15233,-834,0.53,0.72,8226.34085,0.530628965,10871.091,0.713653975,-0.18302501
5905,-2527,8228,10890,15499,15226,-834,0.53,0.72,8222.33553,0.530507486,10861.8705,0.713376494,-0.182869008
5905,-2526,8230,10884,15492,15223,-834,0.53,0.71,8224.32622,0.530875692,10855.776,0.713116731,-0.182241039
5905,-2529,8225,10896,15489,15236,-1126,0.53,0.72,8219.32223,0.530655448,10868.1855,0.713322755,-0.182667308
5905,-2529,8229,10898,15494,15234,-1417,0.53,0.72,8223.32888,0.530742796,10870.1225,0.713543554,-0.182800758
5905,-2529,8233,10895,15500,15225,-1709,0.53,0.72,8227.33686,0.530795926,10866.839,0.713749688,-0.182953762
5905,-2532,8229,10902,15497,15233,-2001,0.53,0.72,8223.33287,0.530640309,10874.091,0.713850916,-0.183210607
5905,-2530,8238,10895,15505,15230,-2001,0.53,0.72,8232.34351,0.530947663,10866.9965,0.713525706,-0.182578043
5905,-2530,8231,10899,15489,15231,-2001,0.53,0.72,8225.32223,0.531042819,10871.028,0.713743549,-0.18270073
5905,-2532,8234,10898,15510,15229,-2001,0.53,0.72,8228.35016,0.53051903,10869.965,0.713767483,-0.183248453
5905,-2532,8235,10900,15499,15232,-2001,0.53,0.72,8229.33553,0.530959128,10872.0595,0.71376441,-0.182805282
5905,-2531,8229,10899,15490,15226,-2001,0.53,0.72,8223.32356,0.530879507,10870.8705,0.713967588,-0.183088082
5905,-2531,8229,10895,15500,15228,-1996,0.53,0.72,8223.33686,0.530537862,10866.9335,0.713615281,-0.183077419
5905,-2534,8230,10905,15497,15233,-1496,0.53,0.72,8224.33287,0.530704838,10877.091,0.714047857,-0.183343019
5905,-2530,8230,10896,15495,15226,-996,0.53,0.72,8224.33021,0.530773166,10867.8705,0.713770557,-0.182997391
5905,-2533,8226,10894,15494,15227,-496,0.53,0.72,8220.32888,0.530549173,10865.902,0.713594405,-0.183045232
5905,-2533,8227,10910,15505,15241,0,0.53,0.72,8221.34351,0.530238214,10882.343,0.71401765,-0.183779436
5905,-2536,8223,10899,15492,15231,0,0.53,0.72,8217.32622,0.530423846,10871.028,0.713743549,-0.183319703
5905,-2534,8225,10900,15496,15233,0,0.53,0.72,8219.33154,0.530416336,10872.091,0.713719622,-0.183303286
5905,-2535,8228,10901,15502,15233,0,0.53,0.72,8222.33952,0.530405078,10873.091,0.713785269,-0.183380191
5905,-2534,8224,10906,15495,15234,0,0.53,0.72,8218.33021,0.530385944,10878.1225,0.714068695,-0.183682751
5905,-2535,8232,10905,15505,15232,0,0.53,0.72,8226.34351,0.530560691,10877.0595,0.714092667,-0.183531976
5905,-2538,8228,10901,15499,15232,0,0.53,0.72,8222.33553,0.530507486,10873.0595,0.713830062,-0.183322575
5905,-2542,8219,10903,15496,15231,-250,0.53,0.72,8213.33154,0.530029139,10875.028,0.714006172,-0.183977032
5905,-2542,8222,10915,15496,15245,-500,0.53,0.72,8216.33154,0.530222737,10887.469,0.714166546,-0.183943809
5905,-2545,8213,10908,15494,15234,-750,0.53,0.72,8207.32888,0.529710138,10880.1225,0.71419998,-0.184489842
5906,-2548,8214,10903,15487,15223,-1000,0.53,0.72,8208.31957,0.530013532,10874.776,0.714364843,-0.184351311
5905,-2548,8220,10912,15497,15236,-1000,0.53,0.72,8214.33287,0.530059552,10884.1855,0.7143729,-0.184313348
5905,-2550,8212,10903,15493,15233,-1000,0.53,0.72,8206.32755,0.529679697,10875.091,0.713916563,-0.184236865
5905,-2549,8220,10904,15495,15228,-1000,0.53,0.72,8214.33021,0.530127797,10875.9335,0.714206298,-0.184078501
5905,-2546,8210,10903,15486,15224,-1000,0.53,0.72,8204.31824,0.529789374,10874.8075,0.714319988,-0.184530615
5905,-2548,8217,10906,15496,15233,-1000,0.53,0.72,8211.33154,0.529900074,10878.091,0.714113504,-0.18421343
5905,-2544,8218,10904,15495,15231,-1000,0.53,0.72,8212.33021,0.529998723,10876.028,0.714071827,-0.184073104
5905,-2543,8222,10914,15500,15244,-1306,0.53,0.72,8216.33686,0.530086249,10886.4375,0.714145729,-0.18405948
5905,-2541,8216,10902,15486,15233,-1612,0.53,0.72,8210.31824,0.53017682,10874.091,0.713850916,-0.183674095
5905,-2544,8218,10906,15492,15237,-1918,0.53,0.72,8212.32622,0.530101099,10878.217,0.713934305,-0.183833206
5905,-2535,8217,10898,15488,15226,-2223,0.53,0.72,8211.3209,0.530173095,10869.8705,0.713901911,-0.183728816
5905,-2541,8223,10905,15499,15231,-2223,0.53,0.72,8217.33553,0.530184885,10877.028,0.714137483,-0.183952598
5905,-2537,8222,10896,15503,15227,-2223,0.53,0.72,8216.34085,0.529983929,10867.902,0.71372575,-0.183741821
5905,-2542,8219,10899,15496,15224,-2223,0.53,0.72,8213.33154,0.530029139,10870.8075,0.714057245,-0.184028106
5905,-2538,8219,10908,15495,15239,-2223,0.53,0.72,8213.33021,0.53006326,10880.28,0.713975983,-0.183912723
5904,-2540,8222,10899,15496,15224,-2223,0.53,0.72,8216.33154,0.530222737,10870.8075,0.714057245,-0.183834508
5904,-2542,8223,10901,15495,15231,-2223,0.53,0.72,8217.33021,0.530321408,10873.028,0.71387486,-0.183553453
5904,-2540,8217,10903,15497,15236,-2211,0.53,0.72,8211.33287,0.529865966,10875.1855,0.713782193,-0.183916228
5904,-2541,8216,10896,15489,15226,-2199,0.53,0.72,8210.32223,0.53007439,10867.8705,0.713770557,-0.183696167
5905,-2541,8221,10897,15504,15227,-2187,0.53,0.72,8215.34218,0.529885332,10868.902,0.713791423,-0.183906092
5905,-2543,8223,10900,15497,15225,-2175,0.53,0.72,8217.33287,0.530253137,10871.839,0.714078095,-0.183824958
5905,-2542,8217,10901,15500,15224,-2175,0.53,0.72,8211.33686,0.529763668,10872.8075,0.714188617,-0.184424948
5905,-2541,8212,10899,15489,15229,-2175,0.53,0.72,8206.32223,0.529816142,10870.965,0.713833147,-0.184017005
5904,-2545,8211,10899,15483,15234,-2175,0.53,0.72,8205.31425,0.529956355,10871.1225,0.713609197,-0.183652841
5904,-2545,8213,10901,15497,15229,-2175,0.53,0.72,8207.33287,0.529607851,10872.965,0.713964476,-0.184356624
5904,-2544,8209,10905,15496,15229,-2175,0.53,0.72,8203.33154,0.529383811,10876.965,0.714227132,-0.184843321
5904,-2540,8212,10894,15493,15229,-2175,0.53,0.72,8206.32755,0.529679697,10865.965,0.713504826,-0.183825129
5905,-2538,8210,10887,15490,15222,-1237,0.53,0.72,8204.32356,0.529652909,10858.7445,0.713358593,-0.183705684
5905,-2536,8216,10891,15484,15226,-298,0.53,0.72,8210.31558,0.530245129,10862.8705,0.713442171,-0.183197042
5905,-2536,8218,10893,15492,15232,639,0.53,0.72,8212.32622,0.530101099,10865.0595,0.713304852,-0.183203753
5905,-2524,8218,10887,15488,15230,1578,0.53,0.71,8212.3209,0.530237661,10858.9965,0.713000427,-0.182762765
5905,-2527,8229,10889,15507,15233,1578,0.53,0.71,8223.34617,0.530298973,10861.091,0.712997505,-0.182698533
5905,-2520,8228,10883,15492,15229,1578,0.53,0.71,8222.32622,0.530746593,10854.965,0.71278252,-0.182035927
5904,-2526,8223,10890,15494,15222,1578,0.53,0.72,8217.32888,0.530355549,10861.7445,0.713555676,-0.183200127
5904,-2525,8223,10884,15493,15224,1578,0.53,0.71,8217.32755,0.530389695,10855.8075,0.713071959,-0.182682263
5904,-2521,8231,10884,15492,15233,1578,0.53,0.71,8225.32622,0.530940241,10856.091,0.712669271,-0.181729029
5904,-2519,8233,10887,15499,15230,1578,0.53,0.71,8227.33553,0.530830088,10858.9965,0.713000427,-0.182170339
5905,-2522,8227,10886,15494,15232,1183,0.53,0.71,8221.32888,0.530613714,10858.0595,0.712845293,-0.182231579
5905,-2520,8232,10894,15499,15240,788,0.53,0.71,8226.33553,0.530765567,10866.3115,0.713012566,-0.182246998
5905,-2522,8229,10892,15505,15239,393,0.53,0.71,8223.34351,0.530367205,10864.28,0.712926045,-0.18255884
5905,-2523,8224,10883,15490,15223,0,0.53,0.71,8218.32356,0.530556718,10854.776,0.713051041,-0.182494323
5905,-2522,8230,10893,15496,15235,0,0.53,0.71,8224.33154,0.530739,10865.154,0.713170594,-0.182431594
5905,-2520,8220,10886,15485,15229,0,0.53,0.71,8214.31691,0.530469287,10857.965,0.712979513,-0.182510226
5905,-2521,8227,10891,15488,15235,0,0.53,0.71,8221.3209,0.530818756,10863.154,0.713039317,-0.182220561
5904,-2523,8227,10893,15490,15231,0,0.53,0.72,8221.32356,0.530750391,10865.028,0.713349616,-0.182599225
5904,-2518,8242,10874,15527,15208,0,0.53,0.72,8236.37277,0.53045487,10845.3035,0.713131477,-0.182676607
5904,-2516,8232,10896,15501,15236,0,0.53,0.72,8226.33819,0.530697258,10868.1855,0.713322755,-0.182625498
5904,-2524,8223,10890,15488,15230,-109,0.53,0.72,8217.3209,0.530560492,10861.9965,0.713197406,-0.182636914
5904,-2525,8230,10890,15486,15227,-218,0.53,0.72,8224.31824,0.531080863,10861.902,0.713331713,-0.182250851
5904,-2527,8232,10881,15495,15222,-326,0.53,0.71,8226.33021,0.53090224,10852.7445,0.712964426,-0.182062186
5904,-2521,8226,10891,15495,15230,-435,0.53,0.72,8220.33021,0.530515018,10862.9965,0.713263066,-0.182748048
5905,-2524,8227,10895,15493,15229,-435,0.53,0.72,8221.32755,0.530647876,10866.965,0.713570491,-0.182922614
5905,-2526,8228,10896,15498,15232,-435,0.53,0.72,8222.3342,0.530541631,10868.0595,0.713501805,-0.182960174
5905,-2530,8232,10899,15497,15237,-435,0.53,0.72,8226.33287,0.530833895,10871.217,0.713474897,-0.182641002
5905,-2532,8222,10891,15492,15223,-435,0.53,0.72,8216.32622,0.530359296,10862.776,0.713576562,-0.183217265
5905,-2537,8227,10898,15506,15230,-435,0.53,0.72,8221.34484,0.530204104,10869.9965,0.713722685,-0.183518581
5905,-2538,8219,10893,15493,15225,-435,0.53,0.72,8213.32755,0.530131514,10864.839,0.713618325,-0.183486811
5904,-2543,8220,10903,15496,15227,-326,0.53,0.72,8214.33154,0.530093672,10874.902,0.71418546,-0.184091788
5904,-2544,8220,10904,15495,15227,-218,0.53,0.72,8214.33021,0.530127797,10875.902,0.714251133,-0.184123336
5904,-2542,8221,10896,15500,15225,-109,0.53,0.72,8215.33686,0.530021733,10867.839,0.713815369,-0.183793637
5904,-2544,8217,10900,15494,15220,0,0.53,0.72,8211.32888,0.529968303,10871.6815,0.714302332,-0.18433403
5904,-2546,8221,10898,15498,15223,0,0.53,0.72,8215.3342,0.53008996,10869.776,0.714036392,-0.183946432
5904,-2541,8225,10907,15494,15233,0,0.53,0.72,8219.32888,0.530484631,10879.091,0.714179151,-0.183694519
5904,-2537,8220,10900,15492,15227,0,0.53,0.72,8214.32622,0.530230198,10871.902,0.713988442,-0.183758244
5905,-2541,8222,10904,15494,15234,0,0.53,0.72,8216.32888,0.530291008,10876.1225,0.71393741,-0.183646402
5905,-2536,8223,10903,15496,15230,0,0.53,0.72,8217.33154,0.53028727,10874.9965,0.714050985,-0.183763715
5905,-2542,8219,10906,15498,15230,0,0.53,0.72,8213.3342,0.529960911,10877.9965,0.714247965,-0.184287053
5905,-2544,8218,10908,15492,15230,-148,0.53,0.72,8212.32622,0.530101099,10879.9965,0.714379284,-0.184278186
5904,-2544,8223,10902,15496,15231,-295,0.53,0.72,8217.33154,0.53028727,10874.028,0.713940516,-0.183653246
5904,-2545,8217,10899,15491,15226,-442,0.53,0.72,8211.32489,0.530070679,10870.8705,0.713967588,-0.183896909
5904,-2545,8218,10906,15498,15236,-589,0.53,0.72,8212.3342,0.529896387,10878.1855,0.713979096,-0.184082709
5904,-2548,8228,10903,15511,15229,-589,0.53,0.72,8222.35149,0.530098091,10874.965,0.714095804,-0.183997713
5904,-2545,8213,10905,15490,15230,-589,0.53,0.72,8207.32356,0.529846582,10876.9965,0.714182305,-0.184335722
5905,-2550,8219,10909,15500,15232,-589,0.53,0.72,8213.33686,0.529892701,10881.0595,0.714355272,-0.184462571
5905,-2541,8215,10894,15488,15224,-589,0.53,0.72,8209.3209,0.530043963,10865.8075,0.713728816,-0.183684853
5904,-2541,8218,10907,15495,15235,-589,0.53,0.72,8212.33021,0.529998723,10879.154,0.714089531,-0.184090808
5904,-2540,8221,10903,15497,15240,-589,0.53,0.72,8215.33287,0.53012408,10875.3115,0.713603117,-0.183479037
5904,-2535,8226,10896,15498,15228,-192,0.53,0.72,8220.3342,0.530412582,10867.9335,0.71368095,-0.183268367
5904,-2536,8224,10900,15506,15237,204,0.53,0.72,8218.34484,0.530010631,10872.217,0.713540526,-0.183529896
5904,-2530,8225,10895,15491,15227,602,0.53,0.72,8219.32489,0.530587108,10866.902,0.713660077,-0.183072969
5905,-2528,8225,10896,15495,15235,999,0.53,0.72,8219.33021,0.530450481,10868.154,0.713367509,-0.182917028
5905,-2525,8231,10894,15501,15234,999,0.53,0.72,8225.33819,0.530632746,10866.1225,0.713280983,-0.182648238
5905,-2524,8235,10884,15500,15228,999,0.53,0.71,8229.33686,0.530924959,10855.9335,0.712892928,-0.181967969
5905,-2520,8230,10890,15493,15227,999,0.53,0.72,8224.32755,0.530841512,10861.902,0.713331713,-0.182490201
5904,-2522,8221,10892,15488,15227,999,0.53,0.72,8215.3209,0.53043136,10863.902,0.713463059,-0.183031699
5904,-2524,8227,10889,15492,15232,999,0.53,0.71,8221.32622,0.530682044,10861.0595,0.713042247,-0.182360203
5904,-2521,8230,10884,15491,15228,999,0.53,0.71,8224.32489,0.530909876,10855.9335,0.712892928,-0.181983051
5904,-2529,8222,10891,15492,15234,471,0.53,0.71,8216.32622,0.530359296,10863.1225,0.713084055,-0.182724759
5904,-2528,8225,10896,15497,15230,-56,0.53,0.72,8219.33287,0.530382195,10867.9965,0.713591366,-0.183209171
5904,-2529,8224,10894,15493,15232,-584,0.53,0.72,8218.32755,0.530454241,10866.0595,0.713370503,-0.182916262
5905,-2525,8225,10889,15491,15230,-1112,0.53,0.71,8219.32489,0.530587108,10860.9965,0.713131747,-0.182544639
5905,-2532,8219,10896,15492,15231,-1112,0.53,0.72,8213.32622,0.530165648,10868.028,0.713546583,-0.183380935
5904,-2533,8218,10899,15495,15236,-1112,0.53,0.72,8212.33021,0.529998723,10871.1855,0.713519657,-0.183520935
5904,-2536,8220,10906,15492,15236,-1112,0.53,0.72,8214.32622,0.530230198,10878.1855,0.713979096,-0.183748898
5904,-2535,8226,10893,15499,15229,-1112,0.53,0.72,8220.33553,0.530378446,10864.965,0.713439162,-0.183060716
5904,-2528,8219,10895,15491,15227,-1112,0.53,0.72,8213.32489,0.530199786,10866.902,0.713660077,-0.183460291
5905,-2531,8219,10900,15491,15235,-1112,0.53,0.72,8213.32489,0.530199786,10872.154,0.713630062,-0.183430276
5905,-2529,8227,10894,15499,15235,-606,0.53,0.72,8221.33553,0.530442966,10866.154,0.713236232,-0.182793266
5905,-2533,8211,10898,15489,15235,-101,0.53,0.72,8205.32223,0.52975158,10870.154,0.713498786,-0.183747205
5905,-2535,8222,10891,15501,15224,403,0.53,0.72,8216.33819,0.530052138,10862.8075,0.713531759,-0.183479621
5905,-2534,8216,10887,15490,15223,908,0.53,0.72,8210.32356,0.530040256,10858.776,0.713313801,-0.183273546
5904,-2534,8221,10900,15498,15238,908,0.53,0.72,8215.3342,0.53008996,10872.2485,0.713495767,-0.183405807
5904,-2532,8223,10893,15500,15229,908,0.53,0.72,8217.33686,0.530150765,10864.965,0.713439162,-0.183288397
5904,-2531,8224,10893,15501,15233,908,0.53,0.72,8218.33819,0.530181162,10865.091,0.713260093,-0.183078931
5904,-2531,8219,10888,15493,15230,908,0.53,0.71,8213.32755,0.530131514,10859.9965,0.713066087,-0.182934572
5904,-2531,8222,10893,15497,15233,908,0.53,0.72,8216.33287,0.530188609,10865.091,0.713260093,-0.183071484
5904,-2528,8217,10895,15496,15240,908,0.53,0.71,8211.33154,0.529900074,10867.3115,0.713078182,-0.183178109
5904,-2527,8233,10885,15518,15218,680,0.53,0.72,8227.3608,0.530181776,10856.6185,0.713406394,-0.183224618
5904,-2531,8220,10895,15502,15232,453,0.53,0.72,8214.33952,0.529889016,10867.0595,0.713436154,-0.183547139
5902,-2525,8244,10878,15490,15226,226,0.53,0.71,8238.32356,0.531847873,10849.8705,0.712588369,-0.180740495
5894,-2375,8425,10758,15498,15196,0,0.54,0.71,8419.3342,0.543252949,10728.9255,0.706036161,-0.162783212
5879,-2044,8621,10553,15486,15157,0,0.56,0.7,8615.31824,0.556329474,10522.697,0.694246685,-0.13791721
5853,-2021,8441,10592,15491,15100,0,0.54,0.7,8435.32489,0.544530688,10559.9015,0.699331225,-0.154800537
5818,-2328,8339,10688,15479,15050,0,0.54,0.71,8333.30893,0.538362228,10654.3265,0.707928671,-0.169566443
5777,-2191,8531,10513,15474,14990,0,0.55,0.7,8525.30228,0.550943666,10477.4365,0.698961741,-0.148018076
5731,-2024,8516,10417,15460,14929,0,0.55,0.7,8510.28366,0.550471129,10379.515,0.695258557,-0.144787428
5683,-2025,8527,10356,15453,14882,0,0.55,0.7,8521.27435,0.551431719,10317.0345,0.693255913,-0.141824194
5635,-1920,8569,10224,15441,14811,-182,0.55,0.69,8563.25839,0.554579262,10182.798,0.6875159,-0.132936638
5589,-1869,8530,10146,15416,14757,-410,0.55,0.69,8524.22514,0.552946623,10103.097,0.684630819,-0.131684196
5546,-1850,8545,10089,15394,14707,-637,0.56,0.69,8539.19588,0.554709359,10044.522,0.68297559,-0.12826623
5507,-1774,8588,10018,15375,14656,-864,0.56,0.68,8582.17061,0.558189958,9971.9155,0.680398165,-0.122208206
5471,-1716,8579,9951,15348,14612,-910,0.56,0.68,8573.1347,0.558583183,9903.5295,0.67776687,-0.119183686
5439,-1712,8543,9913,15332,14569,-910,0.56,0.68,8537.11342,0.556816685,9864.175,0.677066031,-0.120249345
5410,-1735,8515,9894,15312,14544,-910,0.56,0.68,8509.08682,0.555713612,9844.3875,0.676869328,-0.121155716
5383,-1738,8517,9860,15301,14492,-910,0.56,0.68,8511.07219,0.556242872,9808.7495,0.676838911,-0.120596039
5359,-1719,8512,9836,15263,14460,-910,0.56,0.68,8506.02165,0.557296839,9783.7415,0.676607296,-0.119310457
5336,-1697,8518,9794,15252,14421,-910,0.56,0.68,8512.00702,0.558091202,9740.513,0.675439498,-0.117348295
5315,-1690,8498,9760,15227,14390,-801,0.56,0.68,8491.97377,0.557691848,9705.5365,0.674463968,-0.11677212
5295,-1690,8472,9732,15206,14358,-693,0.56,0.68,8465.94584,0.556750351,9676.5285,0.673946824,-0.117196473
5276,-1695,8453,9713,15188,14334,-585,0.56,0.68,8446.9219,0.556157618,9656.7725,0.673696979,-0.117539361
5258,-1681,8458,9678,15170,14300,-477,0.56,0.68,8451.89796,0.557145548,9620.7015,0.672776329,-0.115630781
5241,-1654,8470,9653,15148,14280,-477,0.56,0.68,8463.8687,0.558744963,9595.0715,0.671923775,-0.113178811
5224,-1611,8494,9612,15123,14243,-477,0.56,0.67,8487.83545,0.561253419,9552.906,0.670708839,-0.109455421
5209,-1559,8514,9569,15101,14221,-477,0.56,0.67,8507.80619,0.563393563,9509.213,0.668674003,-0.105280441
5193,-1517,8529,9528,15089,14191,-477,0.57,0.67,8522.79023,0.564834663,9467.268,0.667131844,-0.102297181
5179,-1477,8537,9505,15066,14172,-477,0.57,0.67,8530.75964,0.566225915,9443.6695,0.666361099,-0.100135184
5165,-1462,8528,9479,15041,14141,-477,0.57,0.67,8521.72639,0.566566478,9416.693,0.665914221,-0.099347743
5153,-1459,8520,9450,15031,14110,-477,0.57,0.67,8513.71309,0.566410291,9386.7165,0.665252764,-0.098842473
5141,-1465,8494,9447,15012,14109,-468,0.57,0.67,8487.68782,0.56539354,9383.685,0.665085052,-0.099691512
5129,-1471,8474,9429,14992,14082,-458,0.57,0.67,8467.66122,0.564811981,9364.8345,0.665021623,-0.100209642
5119,-1484,8454,9416,14984,14060,-448,0.56,0.67,8447.65058,0.563778069,9351.1415,0.6650883,-0.101310232
5109,-1493,8443,9403,14973,14037,-437,0.56,0.67,8436.63595,0.563456619,9337.417,0.665200328,-0.101743709
5099,-1498,8430,9392,14958,14025,-435,0.56,0.67,8423.616,0.563151223,9326.039,0.664958217,-0.101806994
5090,-1497,8429,9388,14936,14008,-435,0.56,0.67,8422.58674,0.563911806,9321.5035,0.665441426,-0.10152962
5082,-1498,8423,9374,14932,13989,-435,0.56,0.67,8416.58142,0.56366069,9306.905,0.665301666,-0.101640976
5074,-1491,8423,9367,14924,13982,-435,0.56,0.67,8416.57078,0.563962127,9299.6845,0.665118331,-0.101156204
5067,-1476,8424,9347,14909,13967,-435,0.57,0.67,8417.55083,0.564595267,9279.212,0.664366865,-0.099771598
5059,-1472,8427,9336,14896,13945,-253,0.57,0.67,8420.53354,0.565288234,9267.519,0.664576479,-0.099288245
5053,-1457,8430,9322,14886,13935,-25,0.57,0.67,8423.52024,0.565868617,9253.204,0.664026121,-0.098157504
5046,-1450,8429,9313,14871,13925,202,0.57,0.67,8422.50029,0.566370808,9243.889,0.663834039,-0.097463231
5041,-1436,8435,9307,14865,13914,429,0.57,0.67,8428.49231,0.56700251,9237.5425,0.663902724,-0.096900214
5035,-1427,8437,9296,14852,13905,475,0.57,0.67,8430.47502,0.567632307,9226.259,0.663520964,-0.095888657
5030,-1422,8435,9289,14848,13900,475,0.57,0.67,8428.4697,0.567650168,9219.1015,0.663244712,-0.095594544
5025,-1410,8436,9273,14838,13887,475,0.57,0.67,8429.4564,0.568099232,9202.692,0.662683949,-0.094584717
5021,-1403,8435,9265,14825,13878,475,0.57,0.67,8428.43911,0.568528776,9194.4085,0.662516825,-0.093988049
5016,-1399,8439,9265,14827,13875,475,0.57,0.67,8432.44177,0.568722046,9194.314,0.662653261,-0.093931216
5012,-1394,8438,9249,14821,13853,475,0.57,0.67,8431.43379,0.568884272,9177.621,0.662500614,-0.093616342
5009,-1387,8442,9237,14815,13853,267,0.57,0.67,8435.42581,0.569384125,9165.621,0.661634375,-0.09225025
5005,-1387,8433,9239,14804,13848,-78,0.57,0.67,8426.41118,0.569198269,9167.4635,0.662006319,-0.092808049
5002,-1386,8431,9230,14808,13840,-425,0.57,0.67,8424.4165,0.568909812,9158.2115,0.661720484,-0.092810672
4998,-1381,8428,9219,14791,13825,-771,0.57,0.67,8421.39389,0.569359333,9146.739,0.661608608,-0.092249275
4995,-1380,8429,9217,14795,13826,-909,0.57,0.67,8422.39921,0.56927335,9144.7705,0.661418378,-0.092145029
4993,-1380,8424,9216,14789,13821,-910,0.57,0.67,8417.39123,0.569165679,9143.613,0.661573909,-0.09240823
4990,-1375,8427,9206,14787,13811,-910,0.57,0.67,8420.38857,0.569445362,9133.298,0.66130606,-0.091860698
4987,-1377,8423,9204,14782,13808,-910,0.57,0.67,8416.38192,0.569366927,9131.2035,0.661298052,-0.091931125
4985,-1369,8421,9206,14768,13816,-910,0.57,0.67,8414.3633,0.569769996,9133.4555,0.661078134,-0.091308138
4982,-1372,8415,9200,14766,13801,-910,0.57,0.67,8408.36064,0.56944065,9126.983,0.661327657,-0.091887007
4980,-1373,8416,9196,14764,13802,-633,0.57,0.67,8409.35798,0.569585341,9123.0145,0.660992211,-0.09140687
4978,-1373,8415,9194,14766,13799,-286,0.57,0.67,8408.36064,0.56944065,9120.92,0.660984129,-0.091543479
4977,-1374,8416,9188,14767,13788,59,0.57,0.67,8409.36197,0.569469897,9114.5735,0.661051168,-0.091581271
4975,-1371,8412,9189,14759,13790,405,0.57,0.67,8405.35133,0.569506832,9115.6365,0.661032379,-0.091525547
4974,-1372,8420,9184,14767,13785,475,0.57,0.67,8413.36197,0.569740771,9110.479,0.660898005,-0.091157234
4973,-1373,8402,9180,14753,13777,475,0.57,0.67,8395.34335,0.569060079,9106.227,0.660973144,-0.091913064
4972,-1369,8405,9178,14753,13780,475,0.57,0.67,8398.34335,0.569263428,9104.3215,0.660690965,-0.091427537
4970,-1373,8398,9179,14746,13774,475,0.57,0.67,8391.33404,0.569058324,9105.1325,0.661037643,-0.09197932
4969,-1368,8406,9170,14750,13765,475,0.57,0.67,8399.33936,0.569446736,9095.849,0.660795423,-0.091348687
4968,-1373,8403,9179,14748,13773,475,0.57,0.67,8396.3367,0.569320362,9105.101,0.661083351,-0.091762989
4967,-1370,8403,9171,14749,13767,198,0.57,0.67,8396.33803,0.569281852,9096.912,0.66077664,-0.091494788
4966,-1371,8405,9169,14752,13772,-148,0.57,0.67,8398.34202,0.569301927,9095.0695,0.660402955,-0.091101029
4965,-1374,8398,9178,14748,13774,-494,0.57,0.67,8391.3367,0.568981333,9104.1325,0.660965043,-0.09198371
4964,-1370,8396,9165,14739,13765,-840,0.57,0.67,8389.32473,0.569192261,9090.849,0.660432183,-0.091239922
4964,-1370,8401,9169,14739,13763,-910,0.57,0.67,8394.32473,0.569531497,9094.786,0.660814212,-0.091282715
4963,-1374,8395,9165,14736,13758,-910,0.57,0.67,8388.32074,0.569240007,9090.6285,0.660752181,-0.091512174
4963,-1375,8395,9164,14740,13757,-910,0.57,0.67,8388.32606,0.569085893,9089.597,0.660725231,-0.091639338
4962,-1369,8393,9170,14733,13767,-910,0.57,0.67,8386.31675,0.569219898,9095.912,0.660704002,-0.091484105
4961,-1370,8392,9164,14731,13759,-910,0.57,0.67,8385.31409,0.569229115,9089.66,0.660633767,-0.091404652
4961,-1373,8395,9166,14735,13758,-910,0.57,0.67,8388.31941,0.569278548,9091.6285,0.660824866,-0.091546317
4960,-1371,8393,9166,14731,13762,-728,0.57,0.67,8386.31409,0.569296999,9091.7545,0.660641949,-0.09134495
4960,-1374,8389,9160,14730,13752,-500,0.57,0.67,8382.31276,0.569064003,9085.4395,0.66066314,-0.091599137
4960,-1374,8396,9171,14739,13760,-273,0.57,0.67,8389.32473,0.569192261,9096.6915,0.661096766,-0.091904505
4959,-1366,8397,9163,14733,13758,-46,0.57,0.67,8390.31675,0.569491397,9088.6285,0.660606811,-0.091115414
4959,-1374,8392,9163,14735,13752,0,0.57,0.67,8385.31941,0.569074951,9088.4395,0.66088129,-0.091806339
4959,-1372,8399,9165,14738,13763,-1,0.57,0.67,8392.3234,0.569434347,9090.786,0.660523578,-0.091089231
4959,-1375,8391,9163,14732,13754,-1,0.57,0.67,8384.31542,0.569122687,9088.5025,0.66078977,-0.091667084
4959,-1373,8391,9160,14734,13757,0,0.57,0.67,8384.31808,0.569045614,9085.597,0.66043447,-0.091388855
4959,-1373,8399,9168,14736,13758,0,0.57,0.67,8392.32074,0.569511451,9093.6285,0.660970235,-0.091458785
4959,-1372,8393,9159,14730,13755,0,0.57,0.67,8386.31276,0.569335557,9084.534,0.660453217,-0.09111766
4959,-1371,8390,9167,14735,13764,-182,0.57,0.67,8383.31941,0.56893922,9092.8175,0.660623184,-0.091683963
4959,-1372,8395,9167,14739,13764,-410,0.57,0.67,8388.32473,0.569124413,9092.8175,0.660623184,-0.09149877
4959,-1371,8395,9159,14733,13753,-637,0.57,0.67,8388.31675,0.569355647,9084.471,0.660544681,-0.091189034
4958,-1372,8391,9160,14728,13754,-864,0.57,0.67,8384.3101,0.569276894,9085.5025,0.660571652,-0.091294758
4958,-1371,8395,9155,14742,13750,-910,0.57,0.67,8388.32872,0.569008867,9080.3765,0.660391018,-0.091382151
4958,-1370,8397,9160,14729,13755,-910,0.57,0.67,8390.31143,0.569645694,9085.534,0.660525918,-0.090880224
4959,-1374,8396,9166,14737,13762,-910,0.57,0.67,8389.32207,0.569269327,9091.7545,0.660641949,-0.091372622
4959,-1372,8397,9160,14739,13754,-910,0.57,0.67,8390.32473,0.569260108,9085.5025,0.660571652,-0.091311544
4959,-1371,8392,9160,14730,13752,-910,0.57,0.67,8385.31276,0.569267669,9085.4395,0.66066314,-0.091395471
4959,-1371,8384,9170,14724,13762,-910,0.57,0.67,8377.30478,0.568955772,9095.7545,0.660932604,-0.091976833
4959,-1371,8395,9161,14731,13756,-823,0.57,0.67,8388.31409,0.569432767,9086.5655,0.660552886,-0.091120119
4959,-1371,8393,9161,14733,13754,-715,0.57,0.67,8386.31675,0.569219898,9086.5025,0.660644358,-0.09142446
4960,-1370,8394,9164,14731,13755,-607,0.57,0.67,8387.31409,0.569364883,9089.534,0.660816721,-0.091451838
4960,-1366,8393,9171,14737,13769,-498,0.57,0.67,8386.32207,0.569065758,9096.975,0.660685235,-0.091619477
4960,-1372,8390,9159,14734,13756,-477,0.57,0.67,8383.31808,0.568977744,9084.5655,0.660407495,-0.091429751
4960,-1369,8399,9163,14744,13756,-477,0.57,0.67,8392.33138,0.569203159,9088.5655,0.660698277,-0.091495118
4960,-1371,8396,9161,14736,13752,-477,0.57,0.67,8389.32074,0.569307868,9086.4395,0.660735857,-0.091427989
4960,-1369,8401,9163,14744,13759,-477,0.57,0.67,8394.33138,0.569338808,9088.66,0.660561087,-0.09122228
4960,-1370,8396,9171,14740,13766,-477,0.57,0.67,8389.32606,0.569153735,9096.8805,0.660822352,-0.091668617
4960,-1374,8397,9162,14736,13754,-477,0.57,0.67,8390.32074,0.569375729,9087.5025,0.660717064,-0.091341335
4961,-1371,8393,9160,14733,13757,-581,0.57,0.67,8386.31675,0.569219898,9085.597,0.66043447,-0.091214572
4961,-1371,8395,9173,14745,13768,-712,0.57,0.67,8388.33271,0.568893368,9098.9435,0.660876198,-0.091982831
4961,-1371,8397,9161,14739,13760,-843,0.57,0.67,8390.32473,0.569260108,9086.6915,0.660370022,-0.091109914
4961,-1368,8402,9166,14740,13768,-974,0.57,0.67,8395.32606,0.569560791,9091.9435,0.660367773,-0.090806982
4961,-1374,8399,9171,14742,13763,-1000,0.57,0.67,8392.32872,0.569280201,9096.786,0.660959529,-0.091679328
4962,-1370,8402,9164,14743,13760,-1000,0.57,0.67,8395.33005,0.569445164,9089.6915,0.660588045,-0.091142881
4962,-1370,8402,9163,14740,13760,-1000,0.57,0.67,8395.32606,0.569560791,9088.6915,0.660515371,-0.09095458
4962,-1373,8400,9165,14746,13759,-1000,0.57,0.67,8393.33404,0.569193954,9090.66,0.660706447,-0.091512493
4963,-1373,8401,9175,14751,13775,-1000,0.57,0.67,8394.34069,0.569069262,9101.164,0.660701561,-0.091632298
4963,-1375,8393,9164,14742,13763,-1000,0.57,0.67,8386.32872,0.5688732,9089.786,0.660450919,-0.091577719
4963,-1372,8400,9169,14741,13766,-801,0.57,0.67,8393.32739,0.569386567,9094.8805,0.660677067,-0.091290499
4963,-1374,8404,9167,14745,13764,-551,0.57,0.67,8397.33271,0.569503744,9092.8175,0.660623184,-0.091119439
4964,-1372,8403,9173,14751,13768,-300,0.57,0.67,8396.34069,0.569204846,9098.9435,0.660876198,-0.091671352
4964,-1366,8401,9174,14741,13771,-50,0.57,0.67,8394.32739,0.569454405,9100.038,0.660811706,-0.0913573
4964,-1367,8401,9172,14738,13772,0,0.57,0.67,8394.3234,0.56957005,9098.0695,0.660620789,-0.091050738
4964,-1371,8402,9175,14746,13771,0,0.57,0.67,8395.33404,0.569329584,9101.038,0.660884322,-0.091554739
4965,-1372,8402,9178,14746,13779,0,0.57,0.67,8395.33404,0.569329584,9104.29,0.660736628,-0.091407045
4965,-1373,8407,9170,14750,13766,0,0.57,0.67,8400.33936,0.569514533,9095.8805,0.660749709,-0.091235177
4965,-1373,8402,9178,14748,13776,0,0.57,0.67,8395.3367,0.569252556,9104.1955,0.660873657,-0.091621101
4966,-1375,8396,9171,14744,13766,0,0.57,0.67,8389.33138,0.568999687,9096.8805,0.660822352,-0.091822666
4966,-1372,8398,9171,14745,13773,-446,0.57,0.67,8391.33271,0.569096827,9097.101,0.660502505,-0.091405678
4966,-1371,8401,9175,14750,13774,-1002,0.57,0.67,8394.33936,0.569107753,9101.1325,0.660747241,-0.091639488
4966,-1370,8406,9174,14753,13772,-1557,0.57,0.67,8399.34335,0.569331211,9100.0695,0.660766011,-0.0914348
4966,-1370,8403,9175,14747,13776,-2113,0.57,0.67,8396.33537,0.569358878,9101.1955,0.660655887,-0.091297009
4967,-1370,8396,9172,14737,13779,-2223,0.57,0.67,8389.32207,0.569269327,9098.29,0.660301183,-0.091031856
4967,-1371,8404,9178,14749,13772,-2223,0.57,0.67,8397.33803,0.569349653,9104.0695,0.661056455,-0.091706802
4967,-1368,8408,9174,14755,13779,-2223,0.57,0.67,8401.34601,0.569389767,9100.29,0.660446331,-0.091056565
4967,-1373,8403,9172,14746,13764,-2223,0.57,0.67,8396.33404,0.569397399,9097.8175,0.66098645,-0.091589052
4967,-1373,8409,9177,14759,13779,-2223,0.57,0.67,8402.35133,0.569303566,9103.29,0.660664054,-0.091360488
4968,-1368,8406,9176,14752,13775,-2223,0.57,0.67,8399.34202,0.569369714,9102.164,0.660774156,-0.091404442
4968,-1369,8408,9184,14756,13785,-1871,0.57,0.67,8401.34734,0.56935127,9110.479,0.660898005,-0.091546735
4969,-1372,8404,9173,14747,13771,-1434,0.57,0.67,8397.33537,0.569426688,9099.038,0.660739089,-0.091312401
4969,-1372,8414,9179,14761,13784,-998,0.57,0.67,8407.35399,0.56956534,9105.4475,0.660580927,-0.091015587
4969,-1369,8409,9182,14753,13781,-561,0.57,0.67,8402.34335,0.569534559,9108.353,0.660935563,-0.091401004
4969,-1371,8410,9183,14761,13784,-477,0.57,0.67,8403.35399,0.569294356,9109.4475,0.660871119,-0.091576763
4969,-1366,8416,9179,14758,13783,-477,0.57,0.67,8409.35,0.569816371,9105.416,0.660626569,-0.090810198
4970,-1373,8405,9179,14757,13773,-477,0.57,0.67,8398.34867,0.569109485,9105.101,0.661083351,-0.091973866
4970,-1372,8413,9182,14755,13784,-477,0.57,0.67,8406.34601,0.569728635,9108.4475,0.660798571,-0.091069936
4970,-1371,8405,9180,14748,13785,-477,0.57,0.67,8398.3367,0.569455974,9106.479,0.660607835,-0.091151861
4970,-1372,8402,9180,14750,13776,-477,0.57,0.67,8395.33936,0.56917555,9106.1955,0.661018837,-0.091843287
4970,-1371,8408,9177,14760,13781,-581,0.57,0.67,8401.35266,0.569197335,9103.353,0.660572745,-0.09137541
4971,-1369,8418,9189,14761,13793,-740,0.57,0.67,8411.35399,0.569836325,9115.731,0.660895454,-0.091059129
4971,-1371,8406,9185,14761,13783,-899,0.57,0.67,8399.35399,0.569023372,9111.416,0.661061888,-0.092038516
4971,-1372,8408,9180,14755,13781,-1058,0.57,0.67,8401.34601,0.569389767,9106.353,0.660790436,-0.091400669
4972,-1367,8416,9183,14768,13788,-1112,0.57,0.67,8409.3633,0.569431426,9109.5735,0.660688534,-0.091257107
4972,-1372,8410,9191,14763,13798,-1112,0.57,0.67,8403.35665,0.569217412,9117.8885,0.660812328,-0.091594916
4972,-1373,8412,9188,14754,13792,-1112,0.57,0.67,8405.34468,0.569699382,9114.6995,0.660868583,-0.091169201
4972,-1369,8414,9182,14765,13790,-1112,0.57,0.67,8407.35931,0.569411399,9108.6365,0.660524764,-0.091113365
4973,-1371,8413,9189,14764,13788,-1112,0.57,0.67,8406.35798,0.569382144,9115.5735,0.661123695,-0.09174155
4973,-1375,8407,9188,14763,13792,-1112,0.57,0.67,8400.35665,0.569014201,9114.6995,0.660868583,-0.091854382
4973,-1371,8424,9184,14771,13788,-945,0.57,0.67,8417.36729,0.569857646,9110.5735,0.66076106,-0.090903414
4973,-1372,8405,9191,14755,13791,-667,0.57,0.67,8398.34601,0.569186446,9117.668,0.661131753,-0.091945307
4973,-1373,8417,9183,14769,13781,-389,0.57,0.67,8410.36463,0.56946067,9109.353,0.661008127,-0.091547457
4974,-1367,8410,9186,14758,13784,-112,0.57,0.67,8403.35,0.569409812,9112.4475,0.661088762,-0.091678951
4974,-1372,8414,9185,14761,13786,0,0.57,0.67,8407.35399,0.56956534,9111.5105,0.660924888,-0.091359547
4974,-1369,8415,9189,14768,13796,0,0.57,0.67,8408.3633,0.569363712,9115.8255,0.660758589,-0.091394877
4974,-1372,8415,9191,14764,13793,0,0.57,0.67,8408.35798,0.569517609,9117.731,0.661040455,-0.091522846
4975,-1369,8416,9188,14768,13791,0,0.57,0.67,8409.3633,0.569431426,9114.668,0.660914219,-0.091482793
4975,-1375,8411,9191,14762,13797,0,0.57,0.67,8404.35532,0.569323623,9117.857,0.66085794,-0.091534317
4975,-1370,8410,9194,14761,13798,0,0.57,0.67,8403.35399,0.569294356,9120.8885,0.661029751,-0.091735395
4975,-1372,8419,9185,14768,13788,-79,0.57,0.67,8412.3633,0.569634568,9111.5735,0.660833587,-0.091199019
4975,-1371,8415,9192,14767,13798,-211,0.57,0.67,8408.36197,0.569402179,9118.8885,0.660884802,-0.091482624
4976,-1371,8409,9201,14766,13804,-342,0.57,0.67,8402.36064,0.569034311,9128.0775,0.661263221,-0.09222891
4976,-1370,8416,9190,14767,13797,-474,0.57,0.67,8409.36197,0.569469897,9116.857,0.660785461,-0.091315564
4976,-1373,8413,9188,14763,13791,-527,0.57,0.67,8406.35665,0.569420623,9114.668,0.660914219,-0.091493597
4976,-1367,8415,9191,14762,13796,-527,0.57,0.67,8408.35532,0.569594589,9117.8255,0.660903559,-0.09130897
4977,-1373,8415,9192,14766,13793,-527,0.57,0.67,8408.36064,0.56944065,9118.731,0.661112956,-0.091672306
4977,-1372,8415,9194,14771,13802,-527,0.57,0.67,8408.36729,0.569248344,9121.0145,0.660847305,-0.091598961
4977,-1373,8417,9192,14776,13796,-527,0.57,0.67,8410.37394,0.569191523,9118.8255,0.660976044,-0.091784521
4977,-1372,8420,9199,14774,13808,-527,0.57,0.67,8413.37128,0.569471455,9126.2035,0.660935943,-0.091464488
4977,-1374,8419,9194,14774,13800,-448,0.57,0.67,8412.37128,0.569403769,9120.9515,0.660938514,-0.091534746
4978,-1368,8419,9195,14768,13806,-316,0.57,0.67,8412.3633,0.569634568,9122.1405,0.660737397,-0.091102829
4978,-1372,8418,9195,14775,13801,-185,0.57,0.67,8411.37261,0.569297639,9121.983,0.660965365,-0.091667726
4978,-1372,8418,9192,14775,13799,-53,0.57,0.67,8411.37261,0.569297639,9118.92,0.660839191,-0.091541553
4978,-1370,8419,9187,14768,13792,0,0.57,0.67,8412.3633,0.569634568,9113.6995,0.660796077,-0.091161509
4978,-1375,8416,9198,14770,13806,0,0.57,0.67,8409.36596,0.5693545,9125.1405,0.660954694,-0.091600194
4978,-1372,8423,9188,14779,13794,0,0.57,0.67,8416.37793,0.569482234,9114.7625,0.660777331,-0.091295097
4978,-1376,8415,9197,14775,13798,0,0.57,0.67,8408.37261,0.569094593,9123.8885,0.661247174,-0.092152581
4979,-1374,8424,9200,14778,13805,0,0.57,0.67,8417.3766,0.569588348,9127.109,0.661145165,-0.091556817
4979,-1373,8421,9193,14782,13801,0,0.57,0.67,8414.38192,0.569231628,9119.983,0.660820448,-0.09158882
4979,-1374,8415,9193,14766,13797,0,0.57,0.67,8408.36064,0.56944065,9119.857,0.661002899,-0.091562249
4979,-1374,8416,9197,14771,13806,0,0.57,0.67,8409.36729,0.569316044,9124.1405,0.660882261,-0.091566217
4980,-1374,8417,9197,14767,13800,0,0.57,0.67,8410.36197,0.569537616,9123.9515,0.661155906,-0.09161829
4980,-1375,8418,9200,14774,13803,0,0.57,0.67,8411.37128,0.569336082,9127.046,0.661236398,-0.091900316
4980,-1374,8424,9195,14781,13800,0,0.57,0.67,8417.38059,0.569473012,9121.9515,0.661010978,-0.091537966
4980,-1375,8418,9198,14779,13804,0,0.57,0.67,8411.37793,0.569143916,9125.0775,0.661045892,-0.091901977
4980,-1373,8422,9201,14775,13805,0,0.57,0.67,8415.37261,0.569568366,9128.109,0.661217602,-0.091649236
4980,-1375,8417,9202,14775,13809,0,0.57,0.67,8410.37261,0.569229957,9129.235,0.661107611,-0.091877654
4981,-1375,8423,9203,14782,13804,0,0.57,0.67,8416.38192,0.569366927,9130.0775,0.661408106,-0.092041179
4981,-1374,8426,9199,14776,13804,0,0.57,0.67,8419.37394,0.569800619,9126.0775,0.661118335,-0.091317717
4981,-1377,8422,9203,14782,13809,0,0.57,0.67,8415.38192,0.569299277,9130.235,0.661180028,-0.09188075
4981,-1374,8421,9200,14769,13806,0,0.57,0.67,8414.36463,0.569731507,9127.1405,0.661099558,-0.091368051
4981,-1372,8424,9197,14776,13800,0,0.57,0.67,8417.37394,0.569665264,9123.9515,0.661155906,-0.091490642
4981,-1371,8423,9203,14784,13805,0,0.57,0.67,8416.38458,0.569290083,9130.109,0.661362477,-0.092072395
4982,-1375,8418,9201,14779,13810,0,0.57,0.67,8411.37793,0.569143916,9128.2665,0.660989609,-0.091845693
4982,-1374,8416,9202,14774,13802,0,0.57,0.67,8409.37128,0.569200709,9129.0145,0.661426931,-0.092226222
4982,-1375,8421,9206,14776,13809,0,0.57,0.67,8414.37394,0.569462232,9133.235,0.661397277,-0.091935045
4982,-1374,8423,9202,14776,13809,0,0.57,0.67,8416.37394,0.569597587,9129.235,0.661107611,-0.091510024
4982,-1372,8423,9202,14780,13804,0,0.57,0.67,8416.37926,0.569443793,9129.0775,0.661335664,-0.091891871
4982,-1378,8417,9200,14780,13808,0,0.57,0.67,8410.37926,0.569037839,9127.2035,0.661008365,-0.091970526
4982,-1373,8424,9205,14784,13813,70,0.57,0.67,8417.38458,0.569357723,9132.361,0.661142474,-0.091784751
4983,-1374,8431,9205,14789,13808,189,0.57,0.67,8424.39123,0.569639004,9132.2035,0.661370474,-0.09173147
4983,-1375,8422,9206,14780,13809,308,0.57,0.67,8415.37926,0.569376134,9133.235,0.661397277,-0.092021143
4983,-1370,8428,9206,14785,13819,427,0.57,0.67,8421.38591,0.569589848,9133.55,0.660941457,-0.091351609
4983,-1368,8422,9202,14783,13814,475,0.57,0.67,8415.38325,0.569260857,9129.3925,0.660879723,-0.091618866
4983,-1373,8426,9198,14782,13808,475,0.57,0.67,8419.38192,0.569569877,9125.2035,0.660863521,-0.091293644
4984,-1375,8428,9211,14784,13814,475,0.57,0.67,8421.38458,0.569628286,9138.3925,0.661531236,-0.09190295
4984,-1370,8424,9202,14773,13804,475,0.57,0.67,8417.36995,0.569780678,9129.0775,0.661335664,-0.091554986
4984,-1372,8426,9208,14781,13814,475,0.57,0.67,8419.38059,0.569608321,9135.3925,0.661314065,-0.091705745
4984,-1374,8428,9205,14787,13813,475,0.57,0.67,8421.38857,0.569512989,9132.361,0.661142474,-0.091629485
4984,-1376,8424,9205,14785,13813,216,0.57,0.67,8417.38591,0.569319304,9132.361,0.661142474,-0.09182317
4984,-1375,8426,9209,14782,13820,-215,0.57,0.67,8419.38192,0.569569877,9136.5815,0.661112988,-0.091543112
4984,-1377,8430,9203,14782,13809,-646,0.57,0.67,8423.38192,0.569840476,9130.235,0.661180028,-0.091339551
4984,-1371,8427,9206,14781,13812,-1078,0.57,0.67,8420.38059,0.569675975,9133.3295,0.661260462,-0.091584487
4984,-1374,8420,9211,14780,13815,-1251,0.57,0.67,8413.37926,0.569240816,9138.424,0.661485632,-0.092244816
4984,-1374,8429,9210,14782,13814,-1251,0.57,0.67,8422.38192,0.569772826,9137.3925,0.661458846,-0.09168602
4984,-1376,8427,9211,14787,13818,-1251,0.57,0.67,8420.38857,0.569445362,9138.5185,0.661348857,-0.091903494
4985,-1378,8427,9215,14791,13818,-1251,0.57,0.67,8420.39389,0.569291724,9142.5185,0.661638334,-0.09234661
4985,-1376,8422,9209,14781,13812,-1251,0.57,0.67,8415.38059,0.569337703,9136.3295,0.661477664,-0.092139961
4985,-1376,8435,9213,14795,13818,-1251,0.57,0.67,8428.39921,0.569678892,9140.5185,0.661493595,-0.091814703
4985,-1375,8423,9209,14788,13816,-1061,0.57,0.67,8416.3899,0.569136455,9136.4555,0.661295274,-0.092158818
4985,-1374,8428,9206,14789,13812,-748,0.57,0.67,8421.39123,0.569436151,9133.3295,0.661260462,-0.091824311
4985,-1374,8427,9208,14786,13817,-435,0.57,0.67,8420.38724,0.569483785,9135.487,0.661177318,-0.091693533
4986,-1377,8421,9208,14770,13814,-123,0.57,0.67,8414.36596,0.569693024,9135.3925,0.661314065,-0.091621042
4986,-1374,8433,9212,14802,13815,0,0.57,0.67,8426.40852,0.569274998,9139.424,0.661558017,-0.092283019
4986,-1376,8433,9218,14791,13822,0,0.57,0.67,8426.39389,0.569697376,9145.6445,0.661673021,-0.091975645
4986,-1380,8422,9210,14789,13810,0,0.57,0.67,8415.39123,0.569030444,9137.2665,0.661641311,-0.092610867
4986,-1375,8427,9209,14787,13820,0,0.57,0.67,8420.38857,0.569445362,9136.5815,0.661112988,-0.091667626
4986,-1373,8426,9212,14778,13822,0,0.57,0.67,8419.3766,0.569723684,9139.6445,0.661238931,-0.091515247
4986,-1376,8425,9207,14789,13814,0,0.57,0.67,8418.39123,0.569233297,9134.3925,0.661241675,-0.092008378
4986,-1375,8426,9210,14788,13817,-182,0.57,0.67,8419.3899,0.569339322,9137.487,0.661322067,-0.091982745
4986,-1375,8424,9213,14785,13821,-637,0.57,0.67,8417.38591,0.569319304,9140.613,0.661356848,-0.092037544
4987,-1377,8428,9208,14789,13818,-1092,0.57,0.67,8421.39123,0.569436151,9135.5185,0.661131748,-0.091695598
4987,-1375,8432,9210,14796,13819,-1546,0.57,0.67,8425.40054,0.569437722,9137.55,0.661230914,-0.091793192
4987,-1374,8425,9214,14784,13817,-1819,0.57,0.67,8418.38458,0.569425364,9141.487,0.661611565,-0.092186202
4987,-1375,8429,9209,14784,13816,-1819,0.57,0.67,8422.38458,0.569695927,9136.4555,0.661295274,-0.091599347
4987,-1376,8429,9217,14793,13823,-1819,0.57,0.67,8422.39655,0.569350135,9144.676,0.661555089,-0.092204954
4987,-1378,8427,9211,14791,13814,-1819,0.57,0.67,8420.39389,0.569291724,9138.3925,0.661531236,-0.092239512
4987,-1379,8429,9211,14790,13816,-1819,0.57,0.67,8422.39256,0.569465352,9138.4555,0.661440033,-0.091974681
4987,-1374,8431,9220,14794,13831,-1819,0.57,0.67,8424.39788,0.56944693,9147.928,0.661407563,-0.091960633
4988,-1376,8428,9212,14793,13815,-1804,0.57,0.67,8421.39655,0.569282536,9139.424,0.661558017,-0.092275481
4988,-1377,8433,9220,14791,13827,-1766,0.57,0.67,8426.39389,0.569697376,9147.802,0.661589788,-0.091892412
4988,-1374,8420,9213,14772,13829,-1728,0.57,0.67,8413.36862,0.569548377,9140.865,0.66099248,-0.091444103
4988,-1371,8426,9215,14791,13822,-1690,0.57,0.67,8419.39389,0.569224115,9142.6445,0.661455976,-0.092231861
4988,-1379,8428,9214,14791,13817,-1668,0.57,0.67,8421.39389,0.569359333,9141.487,0.661611565,-0.092252233
4988,-1375,8431,9211,14791,13823,-1668,0.57,0.67,8424.39389,0.569562159,9138.676,0.66112103,-0.091558871
4988,-1376,8432,9209,14790,13817,-1668,0.57,0.67,8425.39256,0.569668192,9136.487,0.661249692,-0.0915815
4988,-1376,8436,9214,14797,13822,-1668,0.57,0.67,8429.40187,0.569669654,9141.6445,0.661383628,-0.091713974
4989,-1379,8430,9215,14789,13823,-1668,0.57,0.67,8423.39123,0.569571386,9142.676,0.661410403,-0.091839017
4989,-1376,8424,9215,14785,13818,-1668,0.57,0.67,8417.38591,0.569319304,9142.5185,0.661638334,-0.09231903
4989,-1380,8435,9214,14798,13821,-1668,0.57,0.67,8428.4032,0.569563671,9141.613,0.661429202,-0.091865531
4989,-1378,8430,9212,14792,13814,-1251,0.57,0.67,8423.39522,0.56945614,9139.3925,0.661603627,-0.092147487
4989,-1374,8409,9210,14758,13817,-834,0.57,0.67,8402.35,0.569342052,9137.487,0.661322067,-0.091980015
4989,-1370,8423,9223,14785,13832,-417,0.57,0.67,8416.38591,0.569251668,9150.9595,0.661578911,-0.092327243
4989,-1380,8420,9218,14783,13822,0,0.57,0.67,8413.38325,0.569125567,9145.6445,0.661673021,-0.092547455
4989,-1377,8426,9214,14783,13822,0,0.57,0.67,8419.38325,0.569531438,9141.6445,0.661383628,-0.091852189
4989,-1378,8426,9211,14784,13816,0,0.57,0.67,8419.38458,0.569493005,9138.4555,0.661440033,-0.091947029
4989,-1383,8431,9215,14799,13820,0,0.57,0.67,8424.40453,0.569254985,9142.5815,0.661547142,-0.092292156
4989,-1376,8428,9217,14788,13824,0,0.57,0.67,8421.3899,0.569474567,9144.7075,0.661509512,-0.092034945
4989,-1379,8423,9215,14773,13822,0,0.57,0.67,8416.36995,0.569712987,9142.6445,0.661455976,-0.091742989
4989,-1378,8424,9220,14780,13829,-143,0.57,0.67,8417.37926,0.569511452,9147.865,0.661498662,-0.09198721
4990,-1377,8423,9216,14780,13828,-501,0.57,0.67,8416.37926,0.569443793,9143.8335,0.661254954,-0.091811161
4990,-1378,8425,9222,14790,13829,-858,0.57,0.67,8418.39256,0.569194899,9149.865,0.661643286,-0.092448387
4990,-1380,8426,9212,14791,13817,-1215,0.57,0.67,8419.39389,0.569224115,9139.487,0.661466816,-0.092242701
4990,-1377,8433,9225,14793,13835,-1429,0.57,0.67,8426.39655,0.569620533,9153.054,0.661586845,-0.091966312
4990,-1382,8420,9219,14781,13827,-1429,0.57,0.67,8413.38059,0.569202394,9146.802,0.661517466,-0.092315072
4990,-1377,8429,9222,14794,13830,-1429,0.57,0.67,8422.39788,0.56931174,9149.8965,0.661597722,-0.092285982
4990,-1377,8424,9215,14789,13823,-1429,0.57,0.67,8417.39123,0.569165679,9142.676,0.661410403,-0.092244724
4990,-1379,8426,9214,14790,13825,-1429,0.57,0.67,8419.39256,0.569262513,9141.739,0.661246944,-0.091984431
4990,-1378,8431,9212,14797,13813,-1429,0.57,0.67,8424.40187,0.569331748,9139.361,0.661649243,-0.092317496
4990,-1381,8432,9220,14798,13827,-1377,0.57,0.67,8425.4032,0.569360941,9147.802,0.661589788,-0.092228847
4990,-1380,8424,9220,14790,13825,-1248,0.57,0.67,8417.39256,0.569127286,9147.739,0.66168094,-0.092553654
4991,-1379,8427,9216,14792,13825,-1118,0.57,0.67,8420.39522,0.569253327,9143.739,0.661391609,-0.092138282
4991,-1375,8423,9218,14789,13826,-988,0.57,0.67,8416.39123,0.569098061,9145.7705,0.661490706,-0.092392645
4991,-1381,8430,9227,14798,13836,-910,0.57,0.67,8423.4032,0.569225787,9155.0855,0.661685856,-0.092460068
4991,-1380,8430,9215,14789,13825,-910,0.57,0.67,8423.39123,0.569571386,9142.739,0.661319277,-0.091747891
4991,-1379,8428,9224,14797,13827,-910,0.57,0.67,8421.40187,0.569129004,9151.802,0.661879077,-0.092750073
4991,-1380,8429,9213,14795,13821,-910,0.57,0.67,8422.39921,0.56927335,9140.613,0.661356848,-0.092083498
4991,-1378,8436,9212,14800,13823,-910,0.57,0.67,8429.40586,0.56955445,9139.676,0.661193373,-0.091638923
4991,-1380,8431,9219,14797,13823,-910,0.57,0.67,8424.40187,0.569331748,9146.676,0.661699776,-0.092368028
4991,-1379,8428,9220,14798,13829,-930,0.57,0.67,8421.4032,0.569090634,9147.865,0.661498662,-0.092408028
4991,-1376,8432,9219,14789,13830,-980,0.57,0.67,8425.39123,0.569706622,9146.8965,0.661380803,-0.091674181
4991,-1378,8433,9214,14798,13828,-1031,0.57,0.67,8426.4032,0.569428517,9141.8335,0.66111032,-0.091681802
4991,-1379,8424,9217,14793,13823,-1081,0.57,0.67,8417.39655,0.569012137,9144.676,0.661555089,-0.092542952
4992,-1381,8427,9208,14792,13817,-1112,0.57,0.67,8420.39522,0.569253327,9135.487,0.661177318,-0.09192399
4992,-1380,8430,9217,14796,13823,-1112,0.57,0.67,8423.40054,0.569302551,9144.676,0.661555089,-0.092252539
4992,-1384,8431,9218,14797,13828,-1112,0.57,0.67,8424.40187,0.569331748,9145.8335,0.661399588,-0.09206784
4992,-1375,8430,9212,14792,13818,-1112,0.57,0.67,8423.39522,0.56945614,9139.5185,0.661421226,-0.091965086
4992,-1380,8431,9220,14789,13824,-1112,0.57,0.67,8424.39123,0.569639004,9147.7075,0.661726526,-0.092087522
4992,-1383,8424,9222,14795,13831,-1112,0.57,0.67,8417.39921,0.568935398,9149.928,0.661552165,-0.092616768
4992,-1380,8432,9218,14793,13824,-1048,0.57,0.67,8425.39655,0.569552934,9145.7075,0.66158185,-0.092028917
4992,-1379,8425,9219,14790,13826,-889,0.57,0.67,8418.39256,0.569194899,9146.7705,0.661563033,-0.092368134
4992,-1380,8428,9217,14792,13831,-731,0.57,0.67,8421.39522,0.569320932,9144.928,0.661190659,-0.091869727
4992,-1372,8428,9217,14786,13824,-572,0.57,0.67,8421.38724,0.569551416,9144.7075,0.661509512,-0.091958096
4992,-1376,8440,9225,14803,13836,-477,0.57,0.67,8433.40985,0.569709508,9153.0855,0.661541305,-0.091831797
4992,-1383,8423,9218,14789,13819,-477,0.57,0.67,8416.39123,0.569098061,9145.55,0.661809827,-0.092711766
4992,-1379,8435,9219,14801,13831,-477,0.57,0.67,8428.40719,0.569448496,9146.928,0.661335261,-0.091886765
4993,-1380,8433,9224,14799,13833,-477,0.57,0.67,8426.40453,0.56939013,9151.991,0.661605653,-0.092215523
4993,-1380,8425,9232,14795,13839,-477,0.57,0.67,8418.39921,0.569002988,9160.18,0.661910543,-0.092907554
4993,-1380,8431,9220,14798,13827,-477,0.57,0.67,8424.4032,0.569293364,9147.802,0.661589788,-0.092296424
4993,-1377,8432,9217,14798,13824,-473,0.57,0.67,8425.4032,0.569360941,9144.7075,0.661509512,-0.092148572
4993,-1380,8430,9219,14791,13826,-462,0.57,0.67,8423.39389,0.56949455,9146.7705,0.661563033,-0.092068483
4993,-1378,8435,9214,14803,13823,-452,0.57,0.67,8428.40985,0.569371739,9141.676,0.66133806,-0.091966321
4993,-1375,8430,9218,14795,13826,-441,0.57,0.67,8423.39921,0.56934094,9145.7705,0.661490706,-0.092149766
4993,-1377,8435,9215,14799,13823,-435,0.57,0.67,8428.40453,0.569525274,9142.676,0.661410403,-0.091885129
4993,-1377,8435,9217,14802,13827,-435,0.57,0.67,8428.40852,0.569410115,9144.802,0.661372821,-0.091962706
4992,-1380,8430,9218,14798,13825,-435,0.57,0.67,8423.4032,0.569225787,9145.739,0.661536275,-0.092310488
4992,-1378,8431,9218,14794,13827,-435,0.57,0.67,8424.39788,0.56944693,9145.802,0.661445144,-0.091998214
4993,-1373,8440,9215,14799,13828,-435,0.57,0.67,8433.40453,0.569863135,9142.8335,0.661182637,-0.091319502
4993,-1378,8433,9221,14792,13830,-435,0.57,0.67,8426.39522,0.569658952,9148.8965,0.661525416,-0.091866464
4993,-1378,8436,9224,14804,13833,-534,0.57,0.67,8429.41118,0.569400917,9151.991,0.661605653,-0.092204736
4993,-1371,8428,9214,14794,13829,-783,0.57,0.67,8421.39788,0.569244145,9141.865,0.661064791,-0.091820646
4993,-1376,8438,9222,14810,13832,-1032,0.57,0.67,8431.41916,0.569305818,9149.9595,0.661506615,-0.092200797
4993,-1373,8431,9219,14796,13828,-1280,0.57,0.67,8424.40054,0.569370137,9146.8335,0.661471905,-0.092101768
4993,-1373,8436,9222,14802,13834,-1429,0.57,0.67,8429.40852,0.569477673,9150.0225,0.661415534,-0.091937861
4993,-1378,8435,9231,14807,13838,-1429,0.57,0.67,8428.41517,0.569218287,9159.1485,0.661883834,-0.092665548
4993,-1379,8435,9224,14803,13835,-1429,0.57,0.67,8428.40985,0.569371739,9152.054,0.661514565,-0.092142826
4994,-1376,8435,9214,14795,13824,-1430,0.57,0.67,8428.39921,0.569678892,9141.7075,0.661292499,-0.091613606
4994,-1378,8431,9227,14791,13838,-1430,0.57,0.67,8424.39389,0.569562159,9155.1485,0.661594775,-0.092032617
4994,-1380,8434,9224,14800,13831,-1429,0.57,0.67,8427.40586,0.569419315,9151.928,0.661696768,-0.092277453
4994,-1377,8427,9222,14793,13833,-1330,0.57,0.67,8420.39655,0.569214936,9149.991,0.661461071,-0.092246135
4994,-1379,8439,9225,14812,13835,-1081,0.57,0.67,8432.42182,0.569296639,9153.054,0.661586845,-0.092290206
4994,-1376,8440,9225,14806,13839,-833,0.57,0.67,8433.41384,0.569594343,9153.18,0.661404726,-0.091810383
4994,-1378,8437,9215,14804,13826,-584,0.57,0.67,8430.41118,0.569468467,9142.7705,0.661273723,-0.091805257
4995,-1379,8434,9223,14803,13828,-435,0.57,0.67,8427.40985,0.569304185,9150.8335,0.661761173,-0.092456988
4995,-1382,8437,9231,14802,13833,-435,0.57,0.67,8430.40852,0.569545232,9158.991,0.662111689,-0.092566458
4995,-1376,8438,9227,14810,13836,-435,0.57,0.67,8431.41916,0.569305818,9155.0855,0.661685856,-0.092380038
4996,-1381,8431,9227,14796,13834,-435,0.57,0.67,8424.40054,0.569370137,9155.0225,0.661776963,-0.092406826
4996,-1377,8437,9229,14809,13839,-435,0.57,0.67,8430.41783,0.569276645,9157.18,0.661693764,-0.092417119
4996,-1381,8438,9227,14810,13836,-435,0.57,0.67,8431.41916,0.569305818,9155.0855,0.661685856,-0.092380038
4996,-1378,8436,9236,14802,13845,-392,0.57,0.67,8429.40852,0.569477673,9164.369,0.661926255,-0.092448582
4997,-1384,8438,9228,14808,13837,-283,0.57,0.67,8431.4165,0.56938253,9156.117,0.661712582,-0.092330052
4997,-1382,8434,9232,14802,13839,-174,0.57,0.67,8427.40852,0.569342556,9160.18,0.661910543,-0.092567986
4997,-1374,8433,9231,14796,13844,-66,0.57,0.67,8426.40054,0.569505308,9159.3375,0.661610626,-0.092105317
4997,-1379,8432,9227,14797,13835,0,0.57,0.67,8425.40187,0.569399329,9155.054,0.661731406,-0.092332077
4998,-1379,8433,9231,14807,13842,0,0.57,0.67,8426.41517,0.569083215,9159.2745,0.661701669,-0.092618453
4998,-1382,8435,9233,14805,13838,0,0.57,0.67,8428.41251,0.569295002,9161.1485,0.662028364,-0.092733362
4998,-1382,8437,9235,14806,13845,0,0.57,0.67,8430.41384,0.569391722,9163.369,0.661854027,-0.092462304
4999,-1380,8436,9231,14805,13847,0,0.57,0.67,8429.41251,0.569362547,9159.432,0.66147411,-0.092111563
4999,-1380,8436,9233,14805,13841,0,0.57,0.67,8429.41251,0.569362547,9161.243,0.661891699,-0.092529151
5000,-1383,8437,9231,14809,13848,-100,0.57,0.67,8430.41783,0.569276645,9159.4635,0.661428618,-0.092151973
5000,-1383,8431,9243,14800,13853,-350,0.57,0.67,8424.40586,0.569216612,9171.621,0.662067494,-0.092850882
5000,-1382,8437,9230,14816,13844,-600,0.57,0.67,8430.42714,0.569008311,9158.3375,0.661538392,-0.092530081
5001,-1380,8439,9234,14816,13847,-850,0.57,0.67,8432.42714,0.5691433,9162.432,0.661690763,-0.092547463
5001,-1382,8440,9241,14811,13846,-1000,0.57,0.67,8433.42049,0.569402504,9169.4005,0.662241839,-0.092839335
5002,-1381,8435,9248,14812,13857,-1000,0.57,0.67,8428.42182,0.569026588,9176.747,0.662246302,-0.093219714
5002,-1384,8444,9237,14820,13851,-1000,0.57,0.67,8437.43246,0.569327426,9165.558,0.661725363,-0.092397936
5003,-1384,8432,9248,14809,13861,-1000,0.57,0.67,8425.41783,0.568939012,9176.873,0.662064281,-0.093125269
5003,-1384,8436,9247,14809,13863,-1000,0.57,0.67,8429.41783,0.569209118,9175.936,0.661901176,-0.092692058
5003,-1387,8444,9246,14819,13851,-1000,0.57,0.67,8437.43113,0.569365755,9174.558,0.662375135,-0.09300938
5004,-1388,8435,9251,14820,13862,-953,0.57,0.67,8428.43246,0.568720139,9179.9045,0.662235211,-0.093515072
5004,-1387,8430,9249,14813,13860,-835,0.57,0.67,8423.42315,0.568650722,9177.8415,0.662181926,-0.093531204
5005,-1388,8434,9248,14822,13860,-716,0.57,0.67,8427.43512,0.568576111,9176.8415,0.662109776,-0.093533665
5005,-1386,8446,9244,14825,13855,-598,0.57,0.67,8439.43911,0.569270766,9172.684,0.662048647,-0.09277788
5006,-1389,8439,9246,14816,13851,-527,0.57,0.67,8432.42714,0.5691433,9174.558,0.662375135,-0.093231835
5007,-1388,8442,9244,14825,13855,-527,0.57,0.67,8435.43911,0.569000952,9172.684,0.662048647,-0.093047695
5007,-1393,8436,9252,14817,13863,-527,0.57,0.67,8429.42847,0.568902509,9180.936,0.662261848,-0.093359339
5008,-1394,8440,9250,14826,13860,-527,0.57,0.67,8433.44044,0.568827765,9178.8415,0.662254076,-0.093426312
5008,-1393,8443,9251,14827,13859,-527,0.57,0.67,8436.44177,0.568991824,9179.81,0.662371744,-0.09337992
5009,-1394,8447,9256,14837,13866,-527,0.57,0.67,8440.45507,0.568878821,9185.0305,0.662413854,-0.093535033
5009,-1394,8441,9254,14824,13859,-541,0.57,0.67,8434.43778,0.568971788,9182.81,0.66258821,-0.093616422
5010,-1395,8447,9251,14833,13864,-576,0.57,0.67,8440.44975,0.569031872,9179.9675,0.662144222,-0.093112351
5010,-1393,8443,9253,14831,13870,-611,0.57,0.67,8436.44709,0.568838722,9182.1565,0.662015609,-0.093176887
5011,-1395,8438,9254,14832,13864,-646,0.57,0.67,8431.44842,0.568463351,9182.9675,0.66236061,-0.093897259
5011,-1395,8440,9256,14834,13871,-667,0.57,0.67,8433.45108,0.568521712,9185.188,0.662186432,-0.09366472
5012,-1399,8446,9258,14845,13873,-667,0.57,0.67,8439.46571,0.568505605,9187.251,0.662239674,-0.093734069
5013,-1403,8442,9268,14834,13874,-667,0.57,0.67,8435.45108,0.568656538,9197.2825,0.662914985,-0.094258447
5014,-1402,8443,9266,14839,13874,-667,0.57,0.67,8436.45773,0.568532767,9195.2825,0.66277083,-0.094238063
5014,-1406,8441,9266,14837,13879,-667,0.57,0.67,8434.45507,0.568474427,9195.44,0.662543411,-0.094068984
5015,-1408,8445,9272,14842,13880,-667,0.57,0.67,8438.46172,0.568552872,9201.4715,0.662930223,-0.094377352
5016,-1407,8434,9265,14835,13871,-743,0.57,0.67,8427.45241,0.56807903,9194.188,0.662835268,-0.094756238
5016,-1404,8438,9267,14841,13880,-934,0.57,0.67,8431.46039,0.568119425,9196.4715,0.662569993,-0.094450568
5017,-1406,8438,9277,14840,13885,-1125,0.57,0.67,8431.45906,0.568157619,9206.629,0.663062946,-0.094905327
5017,-1402,8442,9282,14844,13895,-1315,0.57,0.67,8435.46438,0.568274345,9211.944,0.662968262,-0.094693917
5018,-1408,8442,9281,14845,13892,-1429,0.57,0.67,8435.46571,0.568236154,9210.8495,0.663032645,-0.09479649
5019,-1409,8444,9287,14852,13900,-1430,0.57,0.67,8437.47502,0.568103624,9217.1015,0.663100827,-0.094997204
5020,-1414,8436,9271,14844,13884,-1430,0.57,0.67,8429.46438,0.567870141,9200.5975,0.662676282,-0.094806141
5021,-1414,8444,9279,14853,13889,-1429,0.57,0.67,8437.47635,0.568065465,9208.755,0.663025056,-0.094959591
5021,-1415,8442,9288,14851,13898,-1429,0.57,0.67,8435.47369,0.568007117,9218.0385,0.663263671,-0.095256554
5022,-1416,8440,9281,14852,13889,-1429,0.57,0.67,8433.47502,0.5678343,9210.755,0.663169055,-0.095334755
5023,-1414,8439,9284,14858,13893,-1537,0.57,0.67,8432.483,0.567538229,9213.881,0.663203124,-0.095664895
5023,-1417,8442,9290,14855,13903,-1805,0.57,0.67,8435.47901,0.567854528,9220.196,0.663180321,-0.095325793
5024,-1418,8441,9293,14863,13903,-2073,0.57,0.67,8434.48965,0.567482315,9223.196,0.663396102,-0.095913786
5025,-1420,8442,9283,14869,13894,-2340,0.57,0.67,8435.49763,0.567321113,9212.9125,0.663085684,-0.095764571
5026,-1422,8443,9296,14870,13906,-2501,0.57,0.67,8436.49896,0.5673503,9226.2905,0.663475514,-0.096125214
5027,-1421,8447,9298,14866,13910,-2501,0.57,0.67,8440.49364,0.56777167,9228.4165,0.663437563,-0.095665893
5028,-1425,8444,9297,14870,13905,-2501,0.57,0.67,8437.49896,0.567417549,9227.259,0.66359288,-0.096175331
5028,-1428,8439,9301,14869,13913,-2501,0.57,0.67,8432.49763,0.567119351,9231.511,0.663516927,-0.096397576
5029,-1430,8438,9298,14864,13908,-2501,0.57,0.67,8431.49098,0.567242396,9228.3535,0.663528437,-0.09628604
5030,-1433,8440,9302,14873,13911,-2501,0.57,0.67,8433.50295,0.567034421,9232.448,0.663679678,-0.096645257
5031,-1433,8433,9301,14866,13916,-2405,0.57,0.67,8426.49364,0.566829923,9231.6055,0.663380677,-0.096550754
5032,-1436,8441,9310,14875,13917,-2165,0.57,0.67,8434.50561,0.567025587,9240.637,0.663981965,-0.096956377
5033,-1434,8439,9304,14873,13916,-1924,0.57,0.67,8432.50295,0.566967186,9234.6055,0.663596256,-0.096629071
5033,-1431,8438,9315,14876,13923,-1684,0.57,0.67,8431.50694,0.566785893,9245.826,0.66406852,-0.097282627
5034,-1440,8443,9309,14875,13921,-1539,0.57,0.67,8436.50561,0.567160041,9239.763,0.663728396,-0.096568355
5035,-1438,8411,9314,14834,13923,-1539,0.57,0.67,8404.45108,0.566566744,9244.826,0.663996696,-0.097429952
5036,-1438,8432,9316,14872,13926,-1539,0.57,0.67,8425.50162,0.566534536,9246.9205,0.664004057,-0.097469521
5037,-1447,8435,9318,14883,13931,-1539,0.57,0.67,8428.51625,0.566318367,9249.078,0.663920609,-0.097602242
5039,-1450,8432,9321,14882,13931,-1539,0.57,0.67,8425.51492,0.566154745,9252.078,0.664135956,-0.09798121
5040,-1444,8429,9318,14878,13933,-1539,0.57,0.67,8422.5096,0.56610496,9249.141,0.663829828,-0.097724868
5040,-1448,8431,9323,14880,13935,-1529,0.57,0.67,8424.51226,0.566163458,9254.204,0.664097883,-0.097934425
5041,-1447,8436,9324,14895,13932,-1501,0.57,0.67,8429.53221,0.565930326,9255.1095,0.664305879,-0.098375552
5042,-1456,8431,9333,14885,13943,-1474,0.57,0.67,8424.51891,0.565973726,9264.456,0.664452127,-0.098478401
5043,-1457,8428,9331,14887,13949,-1446,0.57,0.67,8421.52157,0.565696351,9262.645,0.66403649,-0.09834014
5044,-1459,8429,9333,14892,13948,-1429,0.57,0.67,8422.52822,0.565574014,9264.6135,0.664225229,-0.098651215
5045,-1459,8428,9338,14895,13947,-1429,0.57,0.67,8421.53221,0.565393233,9269.582,0.664629096,-0.099235863
5046,-1458,8425,9329,14884,13941,-1429,0.57,0.67,8418.51758,0.565608545,9260.393,0.664256007,-0.098647463
5047,-1461,8434,9335,14901,13946,-1429,0.57,0.67,8427.54019,0.565568767,9266.5505,0.664459379,-0.098890613
5048,-1467,8431,9345,14902,13957,-1429,0.57,0.67,8424.54152,0.565329588,9276.897,0.664677008,-0.09934742
5049,-1468,8430,9341,14899,13954,-1429,0.57,0.67,8423.53753,0.565376034,9272.8025,0.66452648,-0.099150446
5051,-1466,8427,9338,14903,13955,-1313,0.57,0.67,8420.54285,0.565023341,9269.834,0.664266141,-0.0992428
5052,-1470,8429,9340,14906,13955,-728,0.57,0.67,8422.54684,0.565044065,9271.834,0.664409459,-0.099365393
5053,-1474,8427,9348,14911,13961,-143,0.57,0.67,8420.55349,0.56472091,9280.023,0.664710479,-0.099989569
5054,-1470,8431,9350,14912,13962,440,0.57,0.67,8424.55482,0.564951369,9282.0545,0.664808373,-0.099857003
5055,-1474,8428,9351,14909,13964,908,0.57,0.67,8421.55083,0.564863561,9283.1175,0.66478928,-0.099925719
5055,-1474,8427,9348,14907,13958,908,0.57,0.67,8420.54817,0.564872085,9279.9285,0.664846575,-0.099974491
5056,-1476,8432,9354,14922,13965,908,0.57,0.67,8425.56812,0.564640673,9286.149,0.664958754,-0.100318081
5057,-1481,8429,9360,14919,13972,908,0.56,0.67,8422.56413,0.564552861,9292.3695,0.66507082,-0.100517959
5058,-1481,8426,9358,14921,13973,908,0.56,0.67,8419.56679,0.564276308,9290.401,0.664882345,-0.100606037
5059,-1479,8429,9361,14920,13981,908,0.56,0.67,8422.56546,0.564515111,9293.653,0.664734497,-0.100219386
5060,-1483,8437,9360,14932,13974,783,0.57,0.67,8430.58142,0.564598274,9292.4325,0.664980142,-0.100381868
5061,-1484,8433,9362,14934,13976,161,0.56,0.67,8426.58408,0.564254994,9294.4955,0.665032592,-0.100777598
5062,-1487,8425,9366,14922,13981,-460,0.56,0.67,8418.56812,0.564171567,9298.653,0.665092125,-0.100920558
5064,-1484,8429,9369,14928,13987,-1082,0.56,0.67,8422.5761,0.564213297,9301.842,0.665034818,-0.100821521
5065,-1488,8430,9372,14931,13991,-1580,0.56,0.67,8423.58009,0.564167175,9304.968,0.665068115,-0.10090094
5066,-1488,8422,9376,14922,13995,-1580,0.56,0.67,8415.56812,0.563970521,9309.094,0.665172847,-0.101202326
5067,-1489,8429,9377,14937,13991,-1580,0.56,0.67,8422.58807,0.563874143,9309.968,0.665425488,-0.101551345
5067,-1489,8426,9373,14935,13990,-1580,0.56,0.67,8419.58541,0.563748605,9305.9365,0.665184882,-0.101436277
5068,-1489,8429,9384,14936,14003,-1580,0.56,0.67,8422.58674,0.563911806,9317.346,0.665382132,-0.101470326
5070,-1488,8433,9384,14942,14001,-1580,0.56,0.67,8426.59472,0.563953602,9317.283,0.665472681,-0.101519079
5071,-1489,8424,9378,14930,13999,-1546,0.56,0.67,8417.57876,0.563802998,9311.22,0.665134652,-0.101331654
5072,-1496,8423,9389,14935,14002,-1379,0.56,0.67,8416.58541,0.563547734,9322.3145,0.665784495,-0.102236761
5073,-1498,8424,9383,14930,14005,-1211,0.56,0.67,8417.57876,0.563802998,9316.409,0.665220207,-0.101417209
5074,-1490,8430,9381,14946,13999,-1044,0.56,0.67,8423.60004,0.563602304,9314.22,0.665348953,-0.101746649
5074,-1493,8427,9384,14945,14009,-910,0.56,0.67,8420.59871,0.563439191,9317.535,0.665110643,-0.101671452
5075,-1495,8421,9384,14932,14006,-910,0.56,0.67,8414.58142,0.563526749,9317.4405,0.665246359,-0.101719609
5076,-1497,8427,9391,14936,14008,-910,0.56,0.67,8420.58674,0.563777902,9324.5035,0.66565559,-0.101877688
5077,-1494,8432,9392,14951,14015,-910,0.56,0.67,8425.60669,0.563548036,9325.724,0.665410203,-0.101862167
5078,-1495,8429,9392,14948,14015,-910,0.56,0.67,8422.6027,0.563460175,9325.724,0.665410203,-0.101950028
5079,-1497,8435,9395,14955,14015,-910,0.56,0.67,8428.61201,0.563598262,9328.724,0.66562426,-0.102025998
5080,-1491,8441,9389,14967,14017,-888,0.56,0.67,8434.62797,0.563548338,9322.787,0.665105729,-0.101557391
5081,-1500,8435,9396,14956,14020,-780,0.56,0.67,8428.61334,0.563560667,9329.8815,0.665469437,-0.101908769
5083,-1496,8439,9399,14955,14029,-671,0.56,0.67,8432.61201,0.563865731,9333.165,0.66527657,-0.101410839
5084,-1498,8437,9404,14955,14027,-563,0.56,0.67,8430.61201,0.563731997,9338.102,0.665723391,-0.101991394
5085,-1498,8434,9399,14954,14024,-477,0.56,0.67,8427.61068,0.56356899,9333.0075,0.665502531,-0.101933541
5086,-1491,8437,9399,14962,14030,-477,0.56,0.67,8430.62132,0.563468876,9333.1965,0.665231397,-0.101762521
5086,-1495,8441,9403,14963,14032,-477,0.56,0.67,8434.62265,0.563698633,9337.2595,0.665426133,-0.1017275
5087,-1495,8437,9402,14958,14034,-477,0.56,0.67,8430.616,0.5636192,9336.3225,0.665264536,-0.101645336
5088,-1491,8443,9403,14967,14035,-477,0.56,0.67,8436.62797,0.563681965,9337.354,0.665290631,-0.101608666
5089,-1492,8446,9403,14971,14033,-477,0.56,0.67,8439.63329,0.563732101,9337.291,0.665380959,-0.101648858
5090,-1489,8450,9400,14974,14034,-513,0.56,0.67,8443.63728,0.563886555,9334.3225,0.665122025,-0.10123547
5092,-1488,8446,9403,14969,14043,-694,0.56,0.67,8439.63063,0.563807244,9337.606,0.664929573,-0.10112233
5093,-1490,8451,9408,14969,14043,-875,0.56,0.67,8444.63063,0.564141267,9342.606,0.665285623,-0.101144355
5094,-1489,8449,9410,14971,14047,-1056,0.56,0.67,8442.63329,0.563932489,9344.732,0.665247526,-0.101315037
5095,-1491,8452,9413,14972,14047,-1201,0.56,0.67,8445.63462,0.564095286,9347.732,0.665461095,-0.101365809
5096,-1490,8444,9418,14968,14057,-1201,0.56,0.67,8437.6293,0.563711204,9353.047,0.665365796,-0.101654592
5097,-1487,8454,9418,14981,14048,-1201,0.56,0.67,8447.64659,0.563890701,9352.7635,0.665771889,-0.101881188
5098,-1486,8464,9419,14979,14054,-1201,0.57,0.67,8457.64393,0.564633415,9353.9525,0.665572257,-0.100938842
5098,-1488,8455,9418,14976,14052,-1201,0.56,0.67,8448.63994,0.564145295,9352.8895,0.665591339,-0.101446044
5099,-1488,8460,9417,14982,14056,-1201,0.56,0.67,8453.64792,0.564253632,9352.0155,0.665339748,-0.101086116
5100,-1487,8458,9419,14982,14060,-1201,0.56,0.67,8451.64792,0.564120139,9354.1415,0.665301671,-0.101181533
5101,-1484,8461,9420,14987,14062,-1314,0.56,0.67,8454.65457,0.564132553,9355.2045,0.665282641,-0.101150088
5102,-1482,8460,9421,14979,14070,-1455,0.56,0.67,8453.64393,0.564366375,9356.4565,0.664993355,-0.10062698
5103,-1482,8467,9420,14988,14061,-1596,0.56,0.67,8460.6559,0.564495323,9355.173,0.665327715,-0.100832392
5104,-1482,8467,9427,14991,14071,-1737,0.56,0.67,8460.65989,0.564382622,9362.488,0.665374742,-0.10099212
5105,-1476,8471,9420,14994,14068,-1766,0.56,0.67,8464.66388,0.56453674,9355.3935,0.665012333,-0.100475593
5106,-1476,8469,9424,14993,14073,-1766,0.56,0.67,8462.66255,0.564440909,9359.551,0.665071484,-0.100630575
5107,-1477,8464,9429,14982,14073,-1766,0.56,0.67,8457.64792,0.564520619,9364.551,0.665426775,-0.100906155
5108,-1472,8478,9432,14992,14080,-1766,0.57,0.67,8471.66122,0.56507879,9367.7715,0.66532468,-0.10024589
5110,-1475,8475,9436,14996,14084,-1766,0.57,0.67,8468.66654,0.564728364,9371.8975,0.665428678,-0.100700314
5111,-1476,8472,9428,14986,14078,-1802,0.57,0.67,8465.65324,0.564904127,9363.7085,0.665130594,-0.100226467
5112,-1475,8485,9431,15003,14081,-1986,0.57,0.67,8478.67585,0.56513203,9366.803,0.66520865,-0.10007662
5113,-1471,8484,9432,15002,14085,-2170,0.57,0.67,8477.67452,0.565102954,9367.929,0.665099681,-0.099996726
5114,-1472,8484,9438,15006,14091,-2354,0.57,0.67,8477.67984,0.564952675,9374.118,0.665255695,-0.10030302
5114,-1470,8486,9434,15009,14085,-2501,0.57,0.67,8479.68383,0.564973271,9369.929,0.665241676,-0.100268404
5115,-1466,8487,9437,15002,14094,-2501,0.57,0.67,8480.67452,0.565302928,9373.2125,0.665049844,-0.099746916
5116,-1467,8488,9439,15010,14099,-2501,0.57,0.67,8481.68516,0.565068965,9375.37,0.664967019,-0.099898054
5117,-1465,8490,9436,15005,14088,-2501,0.57,0.67,8483.67851,0.565390104,9372.0235,0.665248687,-0.099858583
5118,-1465,8490,9439,15006,14099,-2501,0.57,0.67,8483.67984,0.565352515,9375.37,0.664967019,-0.099614504
5119,-1466,8495,9436,15012,14089,-2501,0.57,0.67,8488.68782,0.565460153,9372.055,0.665203705,-0.099743552
5120,-1466,8499,9440,15012,14095,-2402,0.57,0.67,8492.68782,0.565726607,9376.244,0.665217737,-0.09949113
5121,-1466,8501,9440,15023,14097,-1955,0.57,0.67,8494.70245,0.565446479,9376.307,0.665127829,-0.09968135
5122,-1466,8491,9446,15007,14106,-1508,0.57,0.67,8484.68117,0.565381567,9382.5905,0.665148908,-0.099767342
5123,-1459,8507,9446,15012,14103,-1062,0.57,0.67,8500.68782,0.566259514,9382.496,0.665283699,-0.099024185
5124,-1461,8504,9445,15015,14103,-715,0.57,0.67,8497.69181,0.56594684,9381.496,0.665212792,-0.099265951
5125,-1460,8502,9456,15014,14111,-715,0.57,0.67,8495.69048,0.565851238,9392.748,0.665633052,-0.099781815
5126,-1463,8506,9451,15021,14112,-715,0.57,0.67,8499.69979,0.565854456,9387.7795,0.665233808,-0.099379352
5127,-1457,8517,9444,15031,14104,-715,0.57,0.67,8510.71309,0.566210704,9380.5275,0.665096958,-0.098886254
5128,-1459,8514,9456,15031,14117,-715,0.57,0.67,8507.71309,0.566011116,9392.937,0.665363533,-0.099352417
5129,-1458,8511,9453,15027,14113,-715,0.57,0.67,8504.70777,0.565961787,9389.811,0.665330617,-0.09936883
5130,-1455,8513,9459,15030,14122,-655,0.57,0.67,8506.71176,0.565982153,9396.0945,0.665351544,-0.099369391
5132,-1457,8518,9458,15032,14119,-358,0.57,0.67,8511.71442,0.56623965,9395,0.665415398,-0.099175748
5133,-1456,8520,9459,15030,14121,-60,0.57,0.67,8513.71176,0.566447888,9396.063,0.665396431,-0.098948543
5134,-1454,8516,9464,15033,14123,237,0.57,0.67,8509.71575,0.566069031,9401.126,0.665660695,-0.099591664
5135,-1456,8524,9460,15038,14125,475,0.57,0.67,8517.7224,0.566413246,9397.189,0.665287717,-0.09887447
5135,-1453,8530,9464,15037,14125,475,0.57,0.67,8523.72107,0.566849842,9401.189,0.665570903,-0.098721061
5136,-1457,8529,9469,15043,14133,475,0.57,0.67,8522.72905,0.566557804,9406.441,0.665565768,-0.099007964
5137,-1455,8530,9465,15039,14127,475,0.57,0.67,8523.72373,0.566774635,9402.252,0.665551922,-0.098777287
5138,-1454,8526,9465,15043,14134,475,0.57,0.67,8519.72905,0.566358376,9402.4725,0.665237902,-0.098879526
5139,-1454,8526,9468,15039,14132,475,0.57,0.67,8519.72373,0.566508659,9405.4095,0.665539874,-0.099031215
5141,-1454,8531,9475,15052,14135,451,0.57,0.67,8524.74102,0.566352712,9412.504,0.665900531,-0.099547819
5142,-1458,8535,9473,15060,14135,332,0.57,0.67,8528.75166,0.566318171,9410.504,0.665759038,-0.099440867
5143,-1454,8536,9478,15057,14141,213,0.57,0.67,8529.74767,0.566497155,9415.693,0.665843505,-0.099346349
5144,-1458,8539,9478,15059,14143,94,0.57,0.67,8532.75033,0.566621312,9415.756,0.6657538,-0.099132489
5145,-1460,8531,9488,15049,14151,0,0.57,0.67,8524.73703,0.566465349,9426.008,0.666101901,-0.099636552
5145,-1460,8537,9490,15047,14154,0,0.57,0.67,8530.73437,0.566939215,9428.1025,0.666108697,-0.099169482
5146,-1462,8538,9481,15053,14145,0,0.57,0.67,8531.74235,0.5667802,9418.819,0.665876211,-0.099096011
5147,-1458,8539,9480,15059,14147,0,0.57,0.67,8532.75033,0.566621312,9417.882,0.665715841,-0.099094529
5148,-1460,8539,9489,15058,14146,0,0.57,0.67,8532.749,0.566658852,9426.8505,0.666396897,-0.099738044
5149,-1461,8535,9490,15053,14151,0,0.57,0.67,8528.74235,0.566580904,9428.008,0.666243234,-0.09966233
5150,-1465,8544,9493,15066,14160,-22,0.57,0.67,8537.75964,0.566690538,9431.2915,0.66605166,-0.099361122
5151,-1464,8537,9499,15065,14157,-131,0.57,0.67,8530.75831,0.566263413,9437.197,0.666609946,-0.100346533
5153,-1470,8532,9502,15057,14159,-239,0.57,0.67,8525.74767,0.566231498,9440.26,0.666732114,-0.100500616
5154,-1466,8534,9498,15063,14168,-348,0.57,0.67,8527.75565,0.566139258,9436.5435,0.666046266,-0.099907008
5155,-1471,8533,9505,15061,14171,-435,0.57,0.67,8526.75299,0.566147865,9443.638,0.666405899,-0.100258035
5155,-1470,8536,9510,15065,14176,-435,0.57,0.67,8529.75831,0.566197034,9448.7955,0.666534671,-0.100337638
5156,-1473,8542,9503,15067,14165,-435,0.57,0.67,8535.76097,0.566520274,9441.449,0.666533639,-0.100013365
5158,-1474,8540,9508,15069,14168,-435,0.57,0.67,8533.76363,0.566312538,9446.5435,0.666752082,-0.100439544
5159,-1475,8540,9516,15074,14178,-435,0.57,0.67,8533.77028,0.566125135,9454.8585,0.666868282,-0.100743147
5160,-1477,8539,9514,15072,14172,-435,0.57,0.67,8532.76762,0.566133733,9452.6695,0.666996154,-0.100862422
5161,-1480,8537,9516,15079,14177,-437,0.57,0.67,8530.77693,0.565738904,9454.827,0.666913099,-0.101174195
5162,-1483,8539,9518,15084,14178,-448,0.57,0.67,8532.78358,0.565684406,9456.8585,0.667009345,-0.101324939
5163,-1486,8533,9523,15077,14179,-458,0.57,0.67,8526.77427,0.565548469,9461.89,0.667317159,-0.10176869
5163,-1483,8531,9524,15075,14185,-468,0.57,0.67,8524.77161,0.565490654,9463.079,0.667118717,-0.101628063
5164,-1485,8533,9521,15083,14179,-477,0.57,0.67,8526.78225,0.565324024,9459.89,0.667176106,-0.101852082
5165,-1489,8534,9533,15077,14185,-477,0.57,0.67,8527.77427,0.565614795,9472.079,0.66775319,-0.102138395
5166,-1488,8532,9532,15085,14187,-477,0.57,0.67,8525.78491,0.565182957,9471.142,0.667593008,-0.10241005
5168,-1496,8531,9538,15073,14196,-477,0.57,0.67,8524.76895,0.565565511,9477.4255,0.667612391,-0.10204688
5168,-1497,8533,9536,15087,14196,-477,0.57,0.67,8526.78757,0.565174493,9475.4255,0.667471506,-0.102297013
5170,-1499,8525,9535,15085,14193,-477,0.57,0.67,8518.78491,0.56471892,9474.331,0.667535475,-0.102816555
5171,-1505,8523,9542,15078,14202,-503,0.57,0.67,8516.7756,0.564847831,9481.6145,0.667625299,-0.102777468
5172,-1506,8530,9545,15090,14197,-634,0.57,0.67,8523.79156,0.564863589,9484.457,0.668060647,-0.103197057
5173,-1511,8527,9548,15091,14200,-765,0.57,0.67,8520.79289,0.564627453,9487.5515,0.66813743,-0.103509977
5174,-1511,8524,9548,15090,14196,-896,0.56,0.67,8517.79156,0.564465975,9487.4255,0.668316815,-0.10385084
5175,-1515,8527,9552,15098,14202,-1000,0.56,0.67,8520.8022,0.564366287,9491.6145,0.668329425,-0.103963139
5176,-1518,8526,9558,15095,14212,-1000,0.56,0.67,8519.79821,0.564411938,9497.9295,0.668303511,-0.103891573
5177,-1522,8522,9556,15093,14210,-1000,0.56,0.67,8515.79555,0.56422153,9495.8665,0.668252393,-0.104030863
5178,-1524,8521,9555,15097,14208,-1000,0.56,0.67,8514.80087,0.564006152,9494.8035,0.668271643,-0.104265491
5178,-1527,8522,9561,15104,14213,-1000,0.56,0.67,8515.81018,0.563811585,9500.961,0.668469781,-0.104658196
5179,-1530,8523,9560,15105,14218,-1000,0.56,0.67,8516.81151,0.56384055,9500.1185,0.668175447,-0.104334896
5180,-1535,8518,9563,15105,14209,-929,0.56,0.67,8511.81151,0.563509534,9502.835,0.668789852,-0.105280318
5181,-1537,8519,9563,15105,14210,-570,0.56,0.67,8512.81151,0.563575737,9502.8665,0.668745004,-0.105169266
5182,-1539,8509,9573,15090,14223,-211,0.56,0.67,8502.79156,0.563471939,9513.276,0.66886564,-0.105393701
5183,-1542,8517,9571,15106,14219,146,0.56,0.67,8510.81284,0.563406119,9511.15,0.668904283,-0.105498164
5184,-1547,8508,9576,15107,14223,433,0.56,0.67,8501.81417,0.562773163,9516.276,0.669076566,-0.106303403
5186,-1549,8506,9577,15106,14223,433,0.56,0.67,8499.81284,0.562677932,9517.276,0.669146875,-0.106468943
5187,-1555,8503,9581,15105,14222,433,0.56,0.67,8496.81151,0.562516485,9521.2445,0.669472964,-0.106956479
5188,-1558,8498,9587,15099,14228,433,0.56,0.67,8491.80353,0.56240834,9527.4335,0.669625633,-0.107217292
5189,-1558,8503,9585,15111,14224,433,0.56,0.67,8496.81949,0.56229366,9525.3075,0.669664476,-0.107370816
5190,-1567,8498,9595,15108,14235,433,0.56,0.67,8491.8155,0.5620741,9535.654,0.669873832,-0.107799732
5191,-1572,8504,9596,15119,14239,411,0.56,0.67,8497.83013,0.562062976,9536.78,0.669764731,-0.107701755
5192,-1567,8502,9601,15116,14237,303,0.56,0.67,8495.82614,0.562041952,9541.717,0.670205591,-0.108163639
5193,-1575,8501,9602,15119,14239,194,0.56,0.67,8494.83013,0.56186455,9542.78,0.670186109,-0.108321559
5194,-1578,8496,9598,15117,14233,86,0.56,0.67,8489.82747,0.561607956,9538.591,0.670174313,-0.108566357
5195,-1583,8499,9603,15121,14239,0,0.56,0.67,8492.83279,0.561658144,9543.78,0.670256338,-0.108598195
5196,-1582,8497,9604,15129,14246,0,0.56,0.67,8490.84343,0.561229654,9545.0005,0.67001267,-0.108783017
5197,-1586,8502,9601,15133,14234,0,0.56,0.67,8495.84875,0.561412063,9541.6225,0.670340207,-0.108928144
5198,-1592,8488,9613,15124,14246,0,0.56,0.67,8481.83678,0.560819676,9554.0005,0.670644427,-0.10982475
5199,-1596,8493,9616,15128,14248,0,0.56,0.67,8486.8421,0.561002254,9557.0635,0.670765265,-0.109763011
5200,-1600,8490,9617,15136,14251,0,0.56,0.67,8483.85274,0.560508241,9558.158,0.670700863,-0.110192622
5200,-1602,8488,9614,15134,14242,-66,0.56,0.68,8481.85008,0.560449985,9554.8745,0.670894151,-0.110444166
5201,-1607,8486,9618,15133,14247,-392,0.56,0.68,8479.84875,0.560354771,9559.032,0.670950516,-0.110595745
5203,-1606,8481,9623,15133,14255,-718,0.56,0.68,8474.84875,0.560024367,9564.284,0.670942406,-0.110918039
5204,-1613,8481,9629,15135,14253,-1044,0.56,0.68,8474.85141,0.559950539,9570.221,0.671453098,-0.111502558
5205,-1617,8478,9628,15140,14261,-1305,0.56,0.68,8471.85806,0.559567904,9569.473,0.671023981,-0.111456078
5206,-1623,8477,9635,15136,14254,-1305,0.56,0.68,8470.85274,0.559649362,9576.2525,0.671829136,-0.112179774
5207,-1618,8476,9635,15139,14265,-1305,0.56,0.68,8469.85673,0.559472669,9576.599,0.671335366,-0.111862698
5208,-1624,8473,9636,15135,14263,-1305,0.56,0.68,8466.85141,0.559421963,9577.536,0.671495197,-0.112073234
5209,-1624,8477,9639,15146,14266,-1305,0.56,0.68,8470.86604,0.559280737,9580.6305,0.671570903,-0.112290166
5210,-1628,8480,9642,15142,14265,-1305,0.56,0.68,8473.86072,0.559626253,9583.599,0.671826078,-0.112199825
5211,-1632,8472,9639,15149,14263,-1195,0.56,0.68,8465.87003,0.558840189,9580.536,0.671705532,-0.112865342
5212,-1638,8466,9646,15149,14272,-641,0.56,0.68,8459.87003,0.558444124,9587.8195,0.671792286,-0.113348162
5213,-1639,8470,9648,15149,14269,-88,0.56,0.68,8463.87003,0.558708168,9589.725,0.672067068,-0.113358901
5214,-1637,8467,9654,15148,14277,465,0.56,0.68,8460.8687,0.558546917,9595.977,0.672128388,-0.113581471
5215,-1646,8459,9658,15145,14285,908,0.56,0.68,8452.86471,0.558129066,9600.229,0.672049632,-0.113920566
5216,-1646,8459,9658,15145,14277,908,0.56,0.68,8452.86471,0.558129066,9599.977,0.672408559,-0.114279493
5217,-1653,8463,9660,15149,14279,908,0.56,0.68,8456.87003,0.558246091,9602.04,0.672458856,-0.114212765
5218,-1652,8462,9665,15155,14295,908,0.56,0.68,8455.87801,0.557959618,9607.544,0.672091221,-0.114131603
5219,-1655,8464,9665,15155,14286,908,0.56,0.68,8457.87801,0.558091588,9607.2605,0.672494785,-0.114403198
5220,-1657,8468,9665,15172,14286,908,0.56,0.68,8461.90062,0.557731388,9607.2605,0.672494785,-0.114763397
5221,-1660,8458,9672,15155,14289,791,0.56,0.68,8451.87801,0.557695679,9614.355,0.672850094,-0.115154416
5222,-1659,8459,9670,15154,14287,206,0.56,0.68,8452.87668,0.557798382,9612.292,0.672799888,-0.115001506
5223,-1666,8458,9675,15156,14289,-377,0.56,0.68,8451.87934,0.557658969,9617.355,0.673060046,-0.115401077
5224,-1668,8457,9681,15163,14298,-962,0.56,0.68,8450.88865,0.55733619,9623.6385,0.67307585,-0.11573966
5225,-1670,8458,9679,15161,14299,-1430,0.56,0.68,8451.88599,0.557475496,9621.67,0.672891111,-0.115415616
5226,-1667,8455,9679,15166,14299,-1430,0.56,0.68,8448.89264,0.557094332,9621.67,0.672891111,-0.115796779
5227,-1674,8453,9677,15158,14295,-1430,0.56,0.68,8446.882,0.557255707,9619.544,0.672930675,-0.115674969
5228,-1671,8459,9682,15167,14298,-1430,0.56,0.68,8452.89397,0.55732142,9624.6385,0.67314579,-0.11582437
5229,-1674,8459,9687,15175,14305,-1429,0.56,0.68,8452.90461,0.55702831,9629.859,0.673181335,-0.116153025
5230,-1675,8454,9691,15165,14313,-1429,0.56,0.68,8447.89131,0.557065039,9634.111,0.673102145,-0.116037106
5231,-1678,8456,9687,15177,14304,-1429,0.56,0.68,8449.90727,0.556757414,9629.8275,0.673226195,-0.116468782
5232,-1675,8453,9689,15172,14313,-845,0.56,0.68,8446.90062,0.556742725,9632.111,0.672962412,-0.116219687
5233,-1683,8456,9697,15176,14321,-260,0.56,0.68,8449.90594,0.556794013,9640.363,0.673162698,-0.116368685
5234,-1681,8449,9697,15167,14313,323,0.56,0.68,8442.89397,0.556662093,9640.111,0.673521344,-0.116859251
5235,-1684,8461,9698,15186,14311,908,0.56,0.68,8454.91924,0.55675749,9641.048,0.673680945,-0.116923455
5236,-1682,8450,9706,15166,14320,908,0.56,0.68,8443.89264,0.556764647,9649.3315,0.673835999,-0.117071351
5237,-1687,8450,9704,15170,14318,908,0.56,0.68,8443.89796,0.556618191,9647.2685,0.673786039,-0.117167847
5238,-1690,8456,9704,15182,14322,908,0.56,0.68,8449.91392,0.556574491,9647.3945,0.673606654,-0.117032163
5239,-1690,8454,9704,15183,14320,908,0.56,0.68,8447.91525,0.556406194,9647.3315,0.673696334,-0.117290139
5240,-1689,8451,9706,15183,14330,908,0.56,0.68,8444.91525,0.556208605,9649.6465,0.673387753,-0.117179148
5241,-1689,8454,9706,15184,14321,835,0.56,0.68,8447.91658,0.556369638,9649.363,0.673791146,-0.117421508
5242,-1691,8452,9713,15184,14333,489,0.56,0.68,8445.91658,0.55623792,9656.741,0.673741785,-0.117503865
5243,-1697,8450,9711,15173,14325,143,0.56,0.68,8443.90195,0.5565084,9654.489,0.673960838,-0.117452438
5244,-1692,8453,9712,15187,14327,-203,0.56,0.68,8446.92057,0.556194151,9655.552,0.673940951,-0.1177468
5245,-1694,8451,9714,15188,14333,-477,0.56,0.68,8444.9219,0.556025935,9657.741,0.673811554,-0.117785619
5246,-1693,8461,9718,15197,14330,-477,0.56,0.68,8454.93387,0.556355456,9661.6465,0.674225157,-0.117869701
5247,-1694,8454,9717,15187,14334,-477,0.56,0.68,8447.92057,0.556259997,9660.7725,0.673976036,-0.117716039
5248,-1695,8453,9718,15187,14337,-477,0.56,0.68,8446.92057,0.556194151,9661.867,0.673911348,-0.117717197
5249,-1695,8453,9720,15187,14335,-477,0.56,0.68,8446.92057,0.556194151,9663.804,0.674140495,-0.117946344
5250,-1694,8460,9723,15191,14338,-477,0.56,0.68,8453.92589,0.556508847,9666.8985,0.674215267,-0.11770642
5251,-1697,8458,9723,15192,14334,-498,0.56,0.68,8451.92722,0.556340654,9666.7725,0.674394621,-0.118053967
5252,-1692,8459,9716,15192,14335,-606,0.56,0.68,8452.92722,0.556406478,9659.804,0.673861458,-0.11745498
5253,-1691,8467,9728,15194,14348,-715,0.56,0.68,8460.92988,0.556859937,9672.2135,0.6741158,-0.117255863
5254,-1693,8467,9734,15206,14346,-823,0.56,0.68,8460.94584,0.556421534,9678.1505,0.674623623,-0.11820209
5255,-1694,8468,9720,15205,14337,-910,0.56,0.68,8461.94451,0.556523809,9663.867,0.674050847,-0.117527039
5256,-1692,8464,9732,15204,14357,-910,0.56,0.68,8457.94318,0.556297236,9676.497,0.673991572,-0.117694336
5257,-1695,8466,9727,15207,14344,-910,0.56,0.68,8459.94717,0.556319272,9671.0875,0.674225286,-0.117906014
5258,-1694,8472,9736,15212,14359,-910,0.56,0.68,8465.95382,0.556531279,9680.56,0.674180653,-0.117649374
5259,-1694,8471,9736,15210,14355,-910,0.56,0.68,8464.95116,0.556538538,9680.434,0.674359735,-0.117821197
5260,-1693,8473,9737,15208,14358,-910,0.56,0.68,8466.9485,0.556743063,9681.5285,0.674295062,-0.117551999
5261,-1692,8479,9737,15214,14353,-914,0.56,0.68,8472.95648,0.556918396,9681.371,0.674518986,-0.117600589
5262,-1695,8477,9738,15212,14359,-937,0.56,0.68,8470.95382,0.556859967,9682.56,0.674319939,-0.117459972
5263,-1694,8471,9739,15205,14358,-960,0.56,0.68,8464.94451,0.556721112,9683.5285,0.674434357,-0.117713245
5264,-1693,8482,9737,15213,14355,-982,0.56,0.68,8475.95515,0.557152117,9681.434,0.674429397,-0.117277281
5265,-1692,8486,9743,15215,14364,-1000,0.56,0.68,8479.95781,0.557341953,9687.7175,0.67444427,-0.117102318
5266,-1692,8489,9751,15220,14373,-1000,0.56,0.68,8482.96446,0.557356403,9696.001,0.674598275,-0.117241871
5267,-1691,8475,9751,15206,14374,-1000,0.56,0.68,8468.94584,0.556947642,9696.0325,0.674553534,-0.117605892
5268,-1691,8492,9747,15229,14369,-1000,0.56,0.68,8485.97643,0.557224797,9691.875,0.674498921,-0.117274125
5269,-1694,8487,9750,15224,14370,-1000,0.56,0.68,8480.96978,0.55707894,9694.9065,0.674662944,-0.117584004
5270,-1691,8488,9754,15224,14377,-1000,0.56,0.68,8481.96978,0.557144626,9699.127,0.674628017,-0.117483391
5271,-1691,8497,9754,15227,14374,-981,0.56,0.68,8490.97377,0.557626175,9699.0325,0.674762244,-0.117136069
5272,-1695,8487,9756,15220,14380,-850,0.56,0.68,8480.96446,0.557224997,9701.2215,0.674632928,-0.11740793
5273,-1688,8489,9748,15224,14374,-719,0.56,0.68,8482.96978,0.557210311,9693.0325,0.674344824,-0.117134513
5274,-1677,8489,9752,15218,14375,-588,0.56,0.68,8482.9618,0.557429478,9697.064,0.674578365,-0.117148887
5275,-1685,8490,9759,15226,14388,-477,0.56,0.68,8483.97244,0.557202971,9704.4735,0.674483841,-0.117280869
5276,-1689,8492,9764,15227,14380,-477,0.56,0.68,8485.97377,0.557297811,9709.2215,0.675189256,-0.117891445
5277,-1687,8491,9761,15221,14387,-477,0.56,0.68,8484.96579,0.557451271,9706.442,0.674667547,-0.117216276
5278,-1691,8499,9768,15232,14390,-477,0.56,0.68,8492.98042,0.55757487,9713.5365,0.67501991,-0.11744504
5279,-1690,8498,9767,15230,14387,-477,0.56,0.68,8491.97776,0.557582256,9712.442,0.67508459,-0.117502334
5280,-1688,8497,9773,15227,14390,-477,0.56,0.68,8490.97377,0.557626175,9718.5365,0.675367373,-0.117741198
5281,-1687,8495,9767,15224,14397,-452,0.56,0.68,8488.96978,0.557604426,9712.757,0.674637563,-0.117033137
5282,-1687,8496,9780,15223,14404,-333,0.56,0.68,8489.96845,0.557706658,9725.9775,0.675227541,-0.117520883
5283,-1685,8505,9768,15233,14392,-214,0.56,0.68,8498.98175,0.557932236,9713.5995,0.674930482,-0.116998246
5284,-1684,8504,9762,15244,14384,-95,0.56,0.68,8497.99638,0.557464995,9707.3475,0.674871211,-0.117406216
5285,-1683,8503,9773,15231,14397,0,0.56,0.68,8496.97909,0.557874013,9718.757,0.675054317,-0.117180304
5286,-1687,8497,9779,15231,14401,0,0.56,0.68,8490.97909,0.557480079,9724.883,0.675292202,-0.117812122
5287,-1688,8512,9776,15243,14398,0,0.56,0.68,8505.99505,0.55802631,9721.7885,0.675217982,-0.117191671
5288,-1686,8504,9778,15230,14409,0,0.56,0.68,8497.97776,0.557976215,9724.135,0.674865362,-0.116889147
5289,-1684,8520,9775,15253,14408,0,0.56,0.68,8514.00835,0.558185822,9721.1035,0.674701798,-0.116515975
5290,-1687,8506,9782,15236,14406,0,0.56,0.68,8499.98574,0.557888274,9728.0405,0.675277003,-0.117388729
5291,-1689,8509,9783,15244,14407,0,0.56,0.68,8502.99638,0.557792993,9729.072,0.675301728,-0.117508736
5292,-1688,8501,9784,15225,14414,99,0.56,0.68,8494.97111,0.557961978,9730.2925,0.67505845,-0.117096472
5293,-1686,8515,9784,15247,14409,199,0.56,0.68,8509.00037,0.558077023,9730.135,0.675281768,-0.117204745
5294,-1682,8513,9788,15246,14412,299,0.56,0.68,8506.99904,0.557982359,9734.2295,0.675425305,-0.117442947
5295,-1684,8512,9789,15236,14413,398,0.56,0.68,8505.98574,0.558282078,9735.261,0.67545001,-0.117167932
5296,-1689,8511,9799,15246,14427,398,0.56,0.68,8504.99904,0.557851177,9745.702,0.675518264,-0.117667088
5297,-1689,8522,9796,15254,14418,398,0.56,0.68,8516.00968,0.55828043,9742.4185,0.6757122,-0.11743177
5298,-1689,8515,9798,15252,14423,398,0.56,0.68,8509.00702,0.557894507,9744.576,0.675627539,-0.117733032
5299,-1690,8518,9794,15258,14423,398,0.56,0.68,8512.015,0.557872264,9740.576,0.675350205,-0.117477941
5300,-1692,8515,9803,15252,14430,398,0.56,0.68,8509.00702,0.557894507,9749.7965,0.675661573,-0.117767066
5301,-1693,8515,9802,15254,14427,354,0.56,0.68,8509.00968,0.557821534,9748.702,0.675726208,-0.117904674
5302,-1694,8512,9804,15248,14434,135,0.56,0.68,8506.0017,0.557843763,9750.9225,0.675552342,-0.117708579
5303,-1693,8509,9805,15246,14437,-83,0.56,0.68,8502.99904,0.557719995,9752.017,0.675487774,-0.11776778
5304,-1695,8516,9806,15261,14427,-302,0.56,0.68,8510.01899,0.557631806,9752.702,0.676003466,-0.11837166
5305,-1695,8516,9810,15257,14439,-477,0.56,0.68,8510.01367,0.557777654,9757.08,0.675744858,-0.117967203
5306,-1696,8512,9808,15254,14436,-477,0.56,0.68,8506.00968,0.557624864,9754.9855,0.675740198,-0.118115334
5307,-1696,8519,9814,15261,14445,-477,0.56,0.68,8513.01899,0.557828385,9761.269,0.675754171,-0.117925786
5308,-1700,8516,9814,15254,14436,-477,0.56,0.68,8510.00968,0.557887091,9760.9855,0.676155826,-0.118268735
5309,-1697,8513,9806,15257,14439,-477,0.56,0.68,8507.01367,0.557581023,9753.08,0.67546783,-0.117886807
5310,-1699,8512,9817,15248,14444,-477,0.56,0.68,8506.0017,0.557843763,9764.2375,0.676006473,-0.11816271
5311,-1703,8518,9823,15261,14451,-477,0.56,0.68,8512.01899,0.557762859,9770.458,0.676109473,-0.118346614
5312,-1699,8516,9818,15261,14448,-606,0.56,0.68,8510.01899,0.557631806,9765.3635,0.675897252,-0.118265446
5313,-1700,8516,9820,15266,14449,-928,0.56,0.68,8510.02564,0.557449603,9767.395,0.675991072,-0.118541469
5314,-1699,8515,9816,15261,14445,-1250,0.56,0.68,8509.01899,0.557566279,9763.269,0.675892627,-0.118326348
5315,-1700,8514,9816,15265,14445,-1572,0.56,0.68,8508.02431,0.557355015,9763.269,0.675892627,-0.118537612
5316,-1701,8516,9825,15265,14455,-1766,0.56,0.68,8510.02431,0.557486034,9772.584,0.676069457,-0.118583423
5317,-1706,8519,9825,15268,14453,-1766,0.56,0.68,8513.0283,0.557573245,9772.521,0.676158652,-0.118585407
5318,-1706,8514,9831,15263,14456,-1766,0.56,0.68,8508.02165,0.557427875,9778.6155,0.676439921,-0.119012047
5319,-1706,8513,9833,15263,14465,-1766,0.56,0.68,8507.02165,0.557362357,9780.899,0.67617691,-0.118814553
5320,-1710,8515,9833,15266,14466,-1766,0.56,0.68,8509.02564,0.557384098,9780.9305,0.676132345,-0.118748247
5321,-1709,8515,9830,15270,14457,-1642,0.56,0.68,8509.03096,0.557238439,9777.647,0.67632614,-0.119087701
5322,-1711,8516,9834,15272,14459,-951,0.56,0.68,8510.03362,0.557231117,9781.71,0.67651359,-0.119282473
5323,-1712,8516,9829,15272,14458,-259,0.56,0.68,8510.03362,0.557231117,9776.6785,0.676212374,-0.118981257
5324,-1710,8515,9834,15272,14468,431,0.56,0.68,8509.03362,0.557165638,9781.9935,0.676112351,-0.118946714
5325,-1715,8513,9839,15271,14464,999,0.56,0.68,8507.03229,0.557071069,9786.8675,0.676636304,-0.119565235
5326,-1714,8515,9843,15278,14475,999,0.56,0.68,8509.0416,0.556947349,9791.214,0.676422383,-0.119475034
5327,-1712,8513,9838,15278,14473,999,0.56,0.68,8507.0416,0.556816442,9786.151,0.676166033,-0.119349591
5328,-1718,8511,9850,15279,14479,999,0.56,0.68,8505.04293,0.556649187,9798.34,0.676727675,-0.120078487
5329,-1718,8513,9844,15284,14472,999,0.56,0.68,8507.04958,0.556598376,9792.1195,0.676625173,-0.120026797
5330,-1716,8517,9850,15288,14475,999,0.56,0.68,8511.0549,0.556714737,9798.214,0.676905976,-0.120191239
5331,-1718,8513,9854,15281,14488,916,0.56,0.68,8507.04559,0.556707388,9802.6235,0.676602947,-0.11989556
5332,-1723,8517,9845,15287,14479,519,0.56,0.68,8511.05357,0.556751068,9793.34,0.676382347,-0.119631279
5333,-1720,8512,9852,15277,14476,121,0.56,0.68,8506.04027,0.556787345,9800.2455,0.676999551,-0.120212206
5334,-1720,8507,9854,15284,14484,-275,0.56,0.68,8501.04958,0.556205809,9802.4975,0.676781103,-0.120575295
5335,-1724,8510,9854,15280,14487,-589,0.56,0.68,8504.04426,0.556547399,9802.592,0.676647477,-0.120100078
5336,-1720,8514,9848,15281,14477,-589,0.56,0.68,8508.04559,0.556772828,9796.277,0.676678663,-0.119905834
5337,-1728,8509,9853,15289,14483,-589,0.56,0.68,8503.05623,0.556155159,9801.466,0.676756611,-0.120601452
5338,-1726,8515,9854,15289,14487,-589,0.56,0.68,8509.05623,0.556547598,9802.592,0.676647477,-0.120099879
5339,-1727,8509,9854,15289,14492,-589,0.56,0.68,8503.05623,0.556155159,9802.7495,0.67642489,-0.12026973
5340,-1729,8507,9862,15293,14501,-589,0.56,0.68,8501.06155,0.555879262,9811.033,0.676576305,-0.120697043
5341,-1729,8513,9861,15292,14493,-632,0.56,0.68,8507.06022,0.556307888,9809.781,0.676863382,-0.120555495
5342,-1725,8512,9861,15287,14492,-842,0.56,0.68,8506.05357,0.556423992,9809.7495,0.676907915,-0.120483922
5343,-1728,8512,9860,15293,14497,-1052,0.56,0.68,8506.06155,0.556206209,9808.907,0.676616334,-0.120410126
5344,-1731,8507,9861,15294,14497,-1262,0.56,0.68,8501.06288,0.555843002,9809.907,0.676685314,-0.120842312
5345,-1731,8511,9866,15296,14501,-1429,0.56,0.68,8505.06554,0.556032004,9815.033,0.676852148,-0.120820144
5346,-1732,8508,9876,15294,14510,-1429,0.56,0.68,8502.06288,0.555908388,9825.3165,0.677141041,-0.121232653
5347,-1735,8509,9865,15293,14495,-1430,0.56,0.68,8503.06155,0.556010041,9813.844,0.677050293,-0.121040253
5348,-1731,8506,9868,15285,14503,-1430,0.56,0.68,8500.05091,0.556104083,9817.096,0.676901055,-0.120796972
5349,-1738,8506,9867,15295,14498,-1429,0.56,0.68,8500.06421,0.555741367,9815.9385,0.677054663,-0.121313296
5350,-1733,8512,9873,15301,14510,-1429,0.56,0.68,8506.07219,0.555916096,9822.3165,0.676934287,-0.12101819
5351,-1736,8510,9872,15298,14508,-1429,0.56,0.68,8504.0682,0.555894117,9821.2535,0.676954336,-0.121060219
5352,-1736,8505,9871,15302,14516,-941,0.56,0.68,8499.07352,0.555422397,9820.5055,0.676529726,-0.121107329
5353,-1732,8514,9878,15298,14513,-452,0.56,0.68,8508.0682,0.556155589,9827.411,0.677145387,-0.120989798
5354,-1725,8516,9881,15302,14529,36,0.56,0.68,8510.07352,0.556141257,9830.915,0.676640856,-0.120499599
5355,-1736,8513,9880,15308,14519,525,0.56,0.68,8507.0815,0.555727822,9829.6,0.677016323,-0.121288501
5356,-1730,8512,9882,15301,14523,525,0.56,0.68,8506.07219,0.555916096,9831.726,0.676976245,-0.121060148
5357,-1733,8520,9880,15307,14519,525,0.56,0.68,8514.08017,0.556221348,9829.6,0.677016323,-0.120794976
5358,-1737,8520,9884,15318,14521,525,0.56,0.68,8514.0948,0.555822875,9833.663,0.677202879,-0.121380004
5359,-1737,8517,9878,15310,14519,525,0.56,0.68,8511.08416,0.555916666,9827.6,0.676878573,-0.120961907
5360,-1732,8515,9883,15303,14524,525,0.56,0.68,8509.07485,0.556039656,9832.7575,0.677000654,-0.120960998
5361,-1738,8513,9883,15311,14522,525,0.56,0.68,8507.08549,0.555619195,9832.6945,0.677089554,-0.121470359
5362,-1739,8512,9887,15309,14526,493,0.56,0.68,8506.08283,0.555626287,9836.8205,0.677187147,-0.12156086
5363,-1737,8510,9892,15303,14532,462,0.56,0.68,8504.07485,0.555712922,9842.0095,0.677264623,-0.121551701
5364,-1736,8515,9881,15303,14522,430,0.56,0.68,8509.07485,0.556039656,9830.6945,0.676951832,-0.120912176
5365,-1736,8522,9890,15326,14535,398,0.56,0.68,8516.10544,0.555663933,9840.104,0.676993739,-0.121329806
5366,-1730,8518,9887,15313,14531,398,0.56,0.68,8512.08815,0.55587332,9836.978,0.676964971,-0.121091651
5367,-1734,8521,9888,15310,14530,398,0.56,0.68,8515.08416,0.556177933,9837.9465,0.677078217,-0.120900284
5368,-1731,8523,9896,15319,14546,398,0.56,0.68,8517.09613,0.555982514,9846.4505,0.676918087,-0.120935574
5369,-1734,8527,9894,15319,14539,398,0.56,0.68,8521.09613,0.556243628,9844.23,0.677091272,-0.120847644
5371,-1734,8522,9896,15317,14536,398,0.56,0.68,8516.09347,0.55598965,9846.1355,0.677362101,-0.121372451
5372,-1730,8523,9892,15315,14542,398,0.56,0.68,8517.09081,0.556127379,9842.3245,0.676820554,-0.120693175
5373,-1729,8526,9897,15318,14541,-296,0.56,0.68,8520.0948,0.556214571,9847.293,0.677208789,-0.120994218
5374,-1731,8525,9899,15323,14546,-991,0.56,0.68,8519.10145,0.555968247,9849.4505,0.67712433,-0.121156083
5375,-1724,8531,9898,15325,14547,-1687,0.56,0.68,8525.10411,0.556287381,9848.482,0.677011205,-0.120723824
5376,-1730,8528,9897,15321,14551,-2382,0.56,0.68,8522.09879,0.556236459,9847.608,0.676765033,-0.120528574
5376,-1730,8532,9900,15321,14551,-2382,0.56,0.68,8526.09879,0.556497539,9850.608,0.676971205,-0.120473666
5377,-1732,8529,9903,15327,14549,-2382,0.56,0.68,8523.10677,0.556084476,9853.545,0.677266135,-0.121181659
5378,-1726,8523,9905,15314,14559,-2382,0.56,0.68,8517.08948,0.556163607,9855.86,0.676959956,-0.120796349
5379,-1726,8537,9901,15321,14551,-2382,0.56,0.68,8531.09879,0.556823888,9851.608,0.677039929,-0.12021604
5380,-1727,8541,9908,15336,14562,-2382,0.56,0.68,8535.11874,0.556541389,9858.9545,0.677032997,-0.120491608
5381,-1726,8537,9902,15325,14553,-2362,0.56,0.68,8531.10411,0.556678898,9852.671,0.677019927,-0.120341029
5382,-1724,8534,9904,15328,14561,-2267,0.56,0.68,8528.1081,0.556374485,9854.923,0.676802623,-0.120428139
5383,-1721,8541,9903,15333,14553,-2172,0.56,0.68,8535.11475,0.55665002,9853.671,0.677088642,-0.120438622
5384,-1720,8543,9914,15335,14567,-2076,0.56,0.68,8537.11741,0.556708015,9865.112,0.677223313,-0.120515298
5385,-1718,8543,9907,15335,14561,-2001,0.56,0.68,8537.11741,0.556708015,9857.923,0.677008653,-0.120300638
5386,-1713,8552,9910,15337,14568,-2001,0.56,0.68,8546.12007,0.557222408,9861.1435,0.676904414,-0.119682006
5387,-1718,8547,9915,15331,14574,-2001,0.56,0.68,8541.11209,0.557113828,9866.3325,0.676981783,-0.119867955
5389,-1716,8548,9913,15332,14568,-2001,0.56,0.68,8542.11342,0.557142801,9864.1435,0.677110345,-0.119967544
5390,-1717,8551,9910,15332,14563,-2001,0.56,0.68,8545.11342,0.55733847,9860.986,0.677126004,-0.119787534
5391,-1713,8550,9917,15328,14577,-2001,0.56,0.68,8544.1081,0.557418326,9868.427,0.676986143,-0.119567817
5391,-1711,8554,9932,15331,14595,-1924,0.56,0.68,8548.11209,0.557570419,9883.994,0.677217814,-0.119647396
5392,-1710,8552,9920,15334,14579,-1556,0.56,0.68,8546.11608,0.557331165,9871.49,0.677103368,-0.119772203
5393,-1713,8556,9919,15332,14580,-1187,0.56,0.68,8550.11342,0.557664585,9870.5215,0.676990501,-0.119325916
5394,-1706,8539,9923,15308,14585,-819,0.56,0.68,8533.0815,0.55742628,9874.679,0.677043469,-0.119617189
5395,-1716,8548,9927,15311,14582,-527,0.56,0.68,8542.08549,0.557905133,9878.5845,0.67745059,-0.119545457
5396,-1712,8555,9922,15331,14581,-527,0.56,0.68,8549.11209,0.557635646,9873.553,0.677151979,-0.119516333
5397,-1711,8558,9925,15337,14585,-527,0.56,0.68,8552.12007,0.557613619,9876.679,0.677180597,-0.119566978
5398,-1707,8562,9927,15339,14586,-527,0.56,0.68,8556.12273,0.55780186,9878.7105,0.677273447,-0.119471587
5399,-1712,8564,9938,15336,14595,-527,0.56,0.68,8558.11874,0.558041128,9889.994,0.677628914,-0.119587786
5400,-1710,8563,9928,15346,14590,-527,0.56,0.68,8557.13204,0.557613192,9879.8365,0.677164942,-0.11955175
5401,-1707,8560,9928,15326,14591,-551,0.56,0.68,8554.10544,0.55814338,9879.868,0.677120691,-0.118977311
5402,-1704,8563,9932,15334,14598,-670,0.56,0.68,8557.11608,0.558048525,9884.0885,0.677085114,-0.11903659
5403,-1705,8559,9937,15318,14599,-788,0.56,0.68,8553.0948,0.558368899,9889.12,0.677383382,-0.119014483
5404,-1703,8570,9935,15346,14599,-907,0.56,0.68,8564.13204,0.558069337,9887.12,0.677246387,-0.11917705
5405,-1705,8566,9937,15328,14598,-1000,0.56,0.68,8560.1081,0.558462167,9889.0885,0.677427627,-0.11896546
5406,-1705,8578,9941,15348,14597,-1000,0.56,0.68,8572.1347,0.558518028,9893.057,0.677745907,-0.119227878
5407,-1702,8573,9934,15331,14597,-1000,0.56,0.68,8567.11209,0.558809738,9886.057,0.677266356,-0.118456618
5408,-1701,8582,9948,15351,14616,-1000,0.56,0.68,8576.13869,0.558669708,9900.6555,0.67738475,-0.118715041
5409,-1706,8578,9940,15346,14597,-1000,0.56,0.68,8572.13204,0.558590645,9892.057,0.677677399,-0.119086754
5410,-1702,8576,9944,15333,14606,-1000,0.56,0.68,8570.11475,0.558932678,9896.3405,0.677553095,-0.118620417
5411,-1700,8584,9950,15343,14608,-1000,0.56,0.68,8578.12805,0.559090663,9902.4035,0.677875377,-0.118784713
5412,-1701,8581,9950,15347,14605,-1145,0.56,0.68,8575.13337,0.558749812,9902.309,0.678008148,-0.119258336
5413,-1703,8575,9947,15338,14607,-1290,0.56,0.68,8569.1214,0.558685709,9899.372,0.677714247,-0.119028538
5414,-1699,8598,9953,15375,14608,-1435,0.56,0.68,8592.17061,0.558840365,9905.4035,0.678080743,-0.119240379
5415,-1701,8605,9953,15385,14615,-1580,0.56,0.68,8599.18391,0.558932981,9905.624,0.677771057,-0.118838076
5416,-1701,8601,9957,15379,14615,-1580,0.56,0.68,8595.17593,0.55889043,9909.624,0.678044749,-0.119154318
5417,-1701,8594,9957,15362,14613,-1580,0.56,0.68,8588.15332,0.559051772,9909.561,0.678133238,-0.119081466
5418,-1706,8599,9960,15373,14623,-1580,0.56,0.68,8593.16795,0.558977945,9912.876,0.677896191,-0.118918246
5419,-1702,8603,9964,15369,14625,-1580,0.56,0.68,8597.16263,0.559383345,9916.939,0.678081299,-0.118697954
5420,-1702,8606,9966,15382,14629,-1580,0.56,0.68,8600.17992,0.559106743,9919.065,0.678041219,-0.118934477
5422,-1707,8593,9965,15360,14624,-1580,0.56,0.68,8587.15066,0.559059288,9917.9075,0.678193894,-0.119134606
5423,-1703,8598,9968,15365,14624,-1435,0.56,0.68,8592.15731,0.559203209,9920.9075,0.678399036,-0.119195827
5424,-1706,8615,9968,15394,14624,-1290,0.56,0.68,8609.19588,0.559256586,9920.9075,0.678399036,-0.11914245
5424,-1702,8600,9965,15364,14628,-1145,0.56,0.68,8594.15598,0.559369694,9918.0335,0.678017056,-0.118647362
5425,-1705,8613,9973,15385,14632,-1000,0.56,0.68,8607.18391,0.559452968,9926.1595,0.678387063,-0.118934095
5426,-1707,8606,9982,15384,14638,-1000,0.56,0.68,8600.18258,0.559034229,9935.3485,0.678736747,-0.119702518
5427,-1708,8597,9982,15363,14633,-1000,0.56,0.68,8591.15465,0.559210743,9935.191,0.678957903,-0.11974716
5428,-1709,8601,9981,15375,14638,-1000,0.56,0.68,8595.17061,0.559035487,9934.3485,0.678668431,-0.119632945
5429,-1712,8600,9977,15373,14629,-1000,0.56,0.68,8594.16795,0.559042994,9930.065,0.678793151,-0.119750156
5430,-1712,8609,9987,15377,14639,-1000,0.56,0.68,8603.17327,0.559483207,9940.38,0.679034087,-0.11955088
5431,-1714,8617,9977,15399,14634,-1000,0.56,0.68,8611.20253,0.559205307,9930.2225,0.67857199,-0.119366682
5432,-1710,8597,9990,15366,14640,-978,0.56,0.68,8591.15864,0.559101825,9943.4115,0.679194775,-0.12009295
5433,-1717,8615,9995,15398,14652,-955,0.56,0.68,8609.2012,0.559111651,9948.7895,0.679005562,-0.119893912
5434,-1710,8603,9994,15377,14649,-932,0.56,0.68,8597.17327,0.559093014,9947.695,0.679069902,-0.119976889
5435,-1720,8612,9996,15402,14649,-910,0.56,0.68,8606.20652,0.558772011,9949.695,0.67920643,-0.120434419
5436,-1717,8595,9999,15367,14648,-910,0.56,0.68,8589.15997,0.558935379,9952.6635,0.679455455,-0.120520076
5437,-1721,8596,10000,15373,14649,-909,0.56,0.68,8590.16795,0.558782798,9953.695,0.679479487,-0.120696689
5438,-1723,8593,9997,15362,14645,-910,0.56,0.68,8587.15332,0.558986676,9950.569,0.679451622,-0.120464945
5439,-1722,8594,10005,15364,14655,-910,0.56,0.68,8588.15598,0.558979171,9958.884,0.679555374,-0.120576203
5440,-1727,8600,10010,15382,14658,-910,0.56,0.68,8594.17992,0.558716677,9963.9785,0.679763849,-0.121047172
5441,-1729,8596,10007,15374,14650,-910,0.56,0.68,8590.16928,0.558746538,9960.7265,0.679913072,-0.121166533
5442,-1729,8598,10012,15375,14664,-563,0.56,0.68,8592.17061,0.558840365,9966.1675,0.67963499,-0.120794626
5443,-1730,8614,10017,15414,14664,-217,0.56,0.68,8608.22248,0.558467788,9971.1675,0.679975962,-0.121508174
5444,-1734,8593,10015,15380,14660,128,0.56,0.68,8587.17726,0.558334022,9969.0415,0.680016473,-0.121682451
5445,-1738,8608,10018,15410,14659,475,0.56,0.68,8602.21716,0.558223047,9972.01,0.680265366,-0.122042319
5446,-1738,8599,10019,15381,14658,475,0.56,0.68,8593.17859,0.5586879,9972.9785,0.680377848,-0.121689948
5447,-1743,8590,10024,15375,14664,475,0.56,0.68,8584.17061,0.55832004,9978.1675,0.680453321,-0.122133281
5448,-1743,8594,10021,15378,14662,475,0.56,0.68,8588.1746,0.558471492,9975.1045,0.680337232,-0.121865741
5449,-1748,8593,10033,15393,14668,475,0.56,0.68,8587.19455,0.55786361,9987.2935,0.68088993,-0.12302632
5450,-1751,8587,10028,15384,14663,475,0.56,0.68,8581.18258,0.55779918,9982.136,0.680770374,-0.122971195
5451,-1750,8585,10029,15378,14666,475,0.56,0.68,8579.1746,0.55788624,9983.2305,0.680705748,-0.122819508
5452,-1754,8584,10027,15379,14670,247,0.56,0.68,8578.17593,0.557785027,9981.3565,0.680392399,-0.122607372
5453,-1758,8596,10035,15405,14666,19,0.56,0.68,8590.21051,0.55762483,9989.2305,0.681114857,-0.123490027
5454,-1752,8582,10027,15376,14665,-207,0.56,0.68,8576.17194,0.557763524,9981.199,0.680613638,-0.122850114
5455,-1759,8604,10030,15422,14658,-435,0.56,0.68,8598.23312,0.557530354,9983.9785,0.681128292,-0.123597938
5456,-1762,8582,10025,15380,14653,-435,0.56,0.68,8576.17726,0.557618808,9978.821,0.681008735,-0.123389928
5457,-1766,8582,10033,15385,14664,-435,0.56,0.68,8576.18391,0.557438018,9987.1675,0.681067069,-0.123629051
5458,-1772,8576,10033,15389,14657,-435,0.56,0.68,8570.18923,0.556903582,9986.947,0.681377294,-0.124473712
5459,-1774,8571,10038,15376,14665,-435,0.56,0.68,8565.17194,0.557048123,9992.199,0.681363723,-0.1243156
5460,-1775,8566,10050,15379,14679,-435,0.56,0.68,8560.17593,0.5566146,10004.64,0.681561414,-0.124946814
5461,-1778,8569,10043,15375,14665,-435,0.56,0.68,8563.17061,0.556954186,9997.199,0.681704671,-0.124750485
5462,-1780,8572,10051,15394,14672,-554,0.56,0.69,8566.19588,0.55646329,10005.4195,0.681939715,-0.125476426
5463,-1782,8567,10047,15387,14668,-672,0.56,0.68,8561.18657,0.556390886,10001.2935,0.681844389,-0.125453503
5464,-1788,8575,10056,15399,14676,-791,0.56,0.69,8569.20253,0.556477858,10010.5455,0.682103128,-0.12562527
5465,-1795,8568,10050,15392,14669,-910,0.56,0.69,8562.19322,0.556275547,10004.325,0.682004567,-0.12572902
5466,-1792,8567,10055,15394,14675,-910,0.56,0.69,8561.19588,0.556138488,10009.514,0.682079319,-0.125940831
5467,-1795,8565,10062,15387,14681,-910,0.56,0.69,8559.18657,0.556260907,10016.703,0.682290239,-0.126029332
5468,-1795,8563,10056,15390,14679,-909,0.56,0.69,8557.19056,0.556022778,10010.64,0.681970161,-0.125947383
5469,-1799,8570,10062,15405,14677,-909,0.56,0.69,8564.21051,0.555937067,10016.577,0.682467602,-0.126530536
5470,-1803,8561,10064,15394,14684,-909,0.56,0.69,8555.19588,0.555748725,10018.7975,0.682293483,-0.126544757
5471,-1804,8562,10060,15395,14677,-909,0.56,0.69,8556.19721,0.555777669,10014.577,0.682331335,-0.126553666
5472,-1804,8562,10064,15400,14674,-1364,0.56,0.69,8556.20386,0.555597653,10018.4825,0.682736984,-0.127139331
5473,-1809,8560,10061,15397,14668,-1819,0.56,0.69,8554.19987,0.555575753,10015.2935,0.682798848,-0.127223095
5473,-1805,8560,10081,15397,14700,-2274,0.56,0.69,8554.19987,0.555575753,10036.3015,0.682741599,-0.127165846
5475,-1813,8560,10078,15403,14697,-2728,0.56,0.69,8554.20785,0.555359855,10033.207,0.682670409,-0.127310554
5476,-1814,8559,10083,15404,14699,-2728,0.56,0.69,8553.20918,0.55525897,10038.27,0.682921967,-0.127662997
5477,-1816,8557,10085,15401,14701,-2728,0.56,0.69,8551.20519,0.55523701,10040.333,0.68296939,-0.12773238
5478,-1820,8570,10077,15427,14685,-2728,0.56,0.69,8564.23977,0.555146157,10031.829,0.683134423,-0.127988265
5479,-1817,8552,10111,15398,14733,-2728,0.56,0.69,8546.2012,0.55502021,10067.341,0.683319147,-0.128298937
5480,-1825,8545,10105,15393,14721,-2728,0.56,0.69,8539.19455,0.55474531,10060.963,0.683442905,-0.128697595
5481,-1827,8553,10101,15408,14714,-2728,0.56,0.69,8547.2145,0.554725759,10056.7425,0.683481208,-0.128755449
5482,-1830,8548,10113,15399,14733,-2373,0.56,0.69,8542.20253,0.554724497,10069.341,0.683454897,-0.1287304
5483,-1829,8545,10104,15406,14728,-2017,0.55,0.69,8539.21184,0.554278323,10060.1835,0.683065148,-0.128786825
5484,-1828,8543,10107,15395,14726,-1661,0.55,0.69,8537.19721,0.554543502,10063.1205,0.683357361,-0.128813859
5485,-1835,8546,10118,15402,14736,-1305,0.55,0.69,8540.20652,0.554486854,10074.4355,0.683661475,-0.129174622
5486,-1830,8538,10116,15402,14734,-1305,0.55,0.69,8532.20652,0.553967441,10072.3725,0.68361426,-0.129646819
5487,-1837,8543,10116,15406,14732,-1305,0.55,0.69,8537.21184,0.554148503,10072.3095,0.68370279,-0.129554287
5488,-1838,8547,10125,15411,14740,-1305,0.55,0.69,8541.21849,0.5542287,10081.5615,0.683959396,-0.129730697
5489,-1839,8546,10116,15407,14730,-1305,0.55,0.69,8540.21317,0.554307339,10072.2465,0.683791344,-0.129484005
5490,-1837,8542,10110,15408,14724,-1305,0.55,0.69,8536.2145,0.554011844,10066.0575,0.683649654,-0.129637809
5491,-1840,8534,10128,15392,14747,-1305,0.55,0.69,8528.19322,0.554066607,10084.782,0.683853123,-0.129786515
5492,-1844,8537,10121,15402,14733,-1088,0.55,0.69,8531.20652,0.553902514,10077.341,0.683997896,-0.130095382
5493,-1845,8537,10118,15407,14728,-870,0.55,0.69,8531.21317,0.553723189,10074.1835,0.684015718,-0.13029253
5494,-1846,8534,10117,15409,14729,-653,0.55,0.69,8528.21583,0.5534568,10073.215,0.683903524,-0.130446724
5495,-1849,8536,10130,15410,14743,-435,0.55,0.69,8530.21716,0.553550757,10086.656,0.684165774,-0.130615017
5496,-1849,8532,10127,15401,14739,-435,0.55,0.69,8526.20519,0.553613739,10083.53,0.684139358,-0.130525619
5497,-1851,8532,10142,15404,14762,-435,0.55,0.69,8526.20918,0.553506179,10099.2545,0.684138633,-0.130632454
5498,-1855,8535,10132,15406,14747,-435,0.55,0.69,8529.21184,0.553629225,10088.782,0.684124364,-0.130495139
5499,-1852,8531,10132,15396,14741,-435,0.55,0.69,8525.19854,0.553728146,10088.593,0.684390001,-0.130661854
5500,-1855,8535,10141,15411,14758,-435,0.55,0.69,8529.21849,0.553450035,10098.1285,0.684247764,-0.130797729
5501,-1858,8529,10139,15414,14749,-435,0.55,0.69,8523.22248,0.55295332,10095.845,0.684510475,-0.131557155
5502,-1863,8532,10148,15412,14761,-535,0.55,0.69,8526.21982,0.553219557,10105.223,0.684589323,-0.131369766
5503,-1861,8530,10147,15408,14763,-634,0.55,0.69,8524.2145,0.553233028,10104.286,0.68443311,-0.131200082
5504,-1865,8527,10145,15406,14757,-734,0.55,0.69,8521.21184,0.553109947,10102.097,0.684563055,-0.131453108
5505,-1863,8534,10149,15413,14763,-834,0.55,0.69,8528.22115,0.553313511,10106.286,0.684568584,-0.131255072
5506,-1860,8531,10153,15409,14774,-834,0.55,0.69,8525.21583,0.553262109,10110.6325,0.684353087,-0.131090978
5507,-1862,8535,10144,15414,14747,-834,0.55,0.69,8529.22248,0.553342577,10100.782,0.684938089,-0.131595512
5508,-1861,8535,10158,15417,14766,-834,0.55,0.69,8529.22647,0.553235161,10115.3805,0.685045408,-0.131810248
5509,-1860,8535,10162,15406,14780,-834,0.55,0.69,8529.21184,0.553629225,10119.8215,0.684696989,-0.131067764
5509,-1860,8532,10159,15412,14767,-834,0.55,0.69,8526.21982,0.553219557,10116.412,0.68506887,-0.131849312
5510,-1861,8536,10147,15414,14754,-834,0.55,0.69,8530.22248,0.553407453,10104.0025,0.684831402,-0.131423949
5512,-1863,8536,10157,15417,14770,-348,0.55,0.69,8530.22647,0.553300024,10114.5065,0.684800711,-0.131500687
5513,-1863,8540,10157,15418,14764,137,0.55,0.69,8534.2278,0.553523661,10114.3175,0.685066208,-0.131542548
5514,-1858,8542,10147,15426,14759,624,0.55,0.69,8536.23844,0.553366942,10104.16,0.684610068,-0.131243127
5515,-1867,8536,10172,15411,14791,1110,0.55,0.69,8530.21849,0.553514924,10130.168,0.684887296,-0.131372373
5516,-1864,8542,10152,15420,14758,1110,0.55,0.69,8536.23046,0.553581742,10109.1285,0.684993122,-0.13141138
5517,-1865,8540,10144,15415,14751,1110,0.55,0.69,8534.22381,0.553631126,10100.908,0.684760898,-0.131129771
5518,-1867,8540,10167,15423,14779,1110,0.55,0.69,8534.23445,0.553344644,10124.79,0.685079505,-0.13173486
5519,-1866,8540,10156,15428,14760,1110,0.55,0.69,8534.2411,0.553165744,10113.1915,0.685175576,-0.132009832
5520,-1864,8545,10157,15420,14761,1110,0.55,0.69,8539.23046,0.553776294,10114.223,0.685199038,-0.131422744
5521,-1866,8544,10165,15418,14772,1110,0.55,0.69,8538.2278,0.553783098,10122.5695,0.685253825,-0.131470727
5522,-1868,8541,10184,15419,14792,1040,0.55,0.69,8535.22913,0.553552703,10142.1995,0.685654374,-0.132101671
5523,-1867,8542,10160,15425,14766,554,0.55,0.69,8536.23711,0.55340273,10117.3805,0.685180855,-0.131778125
5524,-1865,8542,10160,15413,14762,68,0.55,0.69,8536.22115,0.553832554,10117.2545,0.68535798,-0.131525426
5525,-1863,8547,10191,15424,14808,-417,0.55,0.69,8541.23578,0.553762693,10149.7035,0.68542028,-0.131657586
5526,-1869,8540,10162,15414,14770,-834,0.55,0.69,8534.22248,0.553666957,10119.5065,0.685139235,-0.131472278
5526,-1866,8550,10171,15430,14776,-834,0.55,0.69,8544.24376,0.553742305,10128.6955,0.685482911,-0.131740607
5527,-1866,8552,10173,15427,14772,-834,0.55,0.69,8546.23977,0.553979372,10130.5695,0.68579539,-0.131816018
5528,-1865,8551,10175,15424,14782,-834,0.55,0.69,8545.23578,0.554022029,10132.8845,0.68548806,-0.13146603
5529,-1866,8544,10178,15412,14779,-834,0.55,0.69,8538.21982,0.553998172,10135.79,0.685823804,-0.131825632
5531,-1869,8555,10180,15430,14780,-834,0.55,0.69,8549.24376,0.554066349,10137.8215,0.685914851,-0.131848502
5532,-1867,8556,10193,15422,14798,-626,0.55,0.69,8550.23312,0.554417917,10151.3885,0.685997331,-0.131579413
5533,-1868,8556,10179,15429,14781,-417,0.55,0.69,8550.24243,0.554166986,10136.853,0.685802923,-0.131635936
5534,-1864,8553,10184,15431,14785,-209,0.55,0.69,8547.24509,0.55390092,10141.979,0.685964085,-0.132063166
5535,-1867,8556,10190,15424,14796,0,0.55,0.69,8550.23578,0.554346199,10148.3255,0.685883043,-0.131536843
5536,-1864,8557,10188,15423,14789,0,0.55,0.69,8551.23445,0.554446894,10146.105,0.686057543,-0.131610649
5537,-1865,8560,10184,15433,14786,0,0.55,0.69,8554.24775,0.554282884,10142.0105,0.685919823,-0.131636939
5538,-1866,8563,10193,15429,14796,0,0.55,0.69,8557.24243,0.554620677,10151.3255,0.6860858,-0.131465123
5539,-1866,8568,10197,15430,14793,0,0.56,0.69,8562.24376,0.554908863,10155.231,0.686488947,-0.131580084
5540,-1867,8557,10194,15428,14796,0,0.55,0.69,8551.2411,0.554267637,10152.3255,0.686153386,-0.131885749
5541,-1867,8566,10199,15430,14799,0,0.56,0.69,8560.24376,0.554779246,10157.42,0.686358538,-0.131579292
5542,-1869,8561,10204,15428,14802,0,0.55,0.69,8555.2411,0.554526906,10162.5145,0.686563606,-0.132036701
5543,-1864,8567,10200,15432,14804,0,0.56,0.69,8561.24642,0.554772319,10158.5775,0.686204911,-0.131432592
5544,-1864,8570,10198,15437,14793,0,0.56,0.69,8564.25307,0.554787398,10156.231,0.686556547,-0.131769149
5545,-1866,8563,10212,15423,14815,0,0.56,0.69,8557.23445,0.554835924,10170.924,0.686528788,-0.131692865
5546,-1867,8564,10206,15427,14803,0,0.56,0.69,8558.23977,0.554757229,10164.546,0.686654462,-0.131897233
5547,-1866,8570,10211,15439,14807,0,0.56,0.69,8564.25573,0.554715702,10169.672,0.686815155,-0.132099453
5548,-1865,8571,10215,15428,14813,0,0.56,0.69,8565.2411,0.555175078,10173.861,0.686819753,-0.131644675
5549,-1871,8566,10212,15434,14803,0,0.56,0.69,8560.24908,0.554635809,10170.546,0.687059785,-0.132423976
5550,-1871,8578,10216,15442,14805,0,0.56,0.69,8572.25972,0.555126261,10174.609,0.687241405,-0.132115144
5552,-1869,8572,10220,15441,14812,0,0.56,0.69,8566.25839,0.55477355,10178.8295,0.68720156,-0.132428009
5552,-1872,8562,10227,15422,14821,-100,0.56,0.69,8556.23312,0.554806972,10186.113,0.68727569,-0.132468718
5553,-1873,8569,10217,15429,14808,-200,0.56,0.69,8563.24243,0.555009555,10175.7035,0.687176087,-0.132166532
5554,-1871,8574,10226,15438,14813,-300,0.56,0.69,8568.2544,0.555010649,10184.861,0.687562344,-0.132551695
5555,-1874,8575,10224,15442,14809,-400,0.56,0.69,8569.25972,0.554931985,10182.735,0.687604497,-0.132672512
5556,-1876,8573,10224,15434,14811,-400,0.56,0.69,8567.24908,0.555089353,10182.798,0.6875159,-0.132426547
5557,-1876,8564,10225,15423,14812,-400,0.56,0.69,8558.23445,0.554900762,10183.8295,0.687539124,-0.132638362
5558,-1880,8569,10233,15433,14821,-400,0.56,0.69,8563.24775,0.55486605,10192.113,0.687680521,-0.132814471
5559,-1879,8565,10237,15428,14820,-400,0.56,0.69,8559.2411,0.554786174,10196.0815,0.687994703,-0.133208529
5560,-1882,8571,10240,15442,14821,-400,0.56,0.69,8565.25972,0.554672952,10199.113,0.688152824,-0.133479872
5561,-1882,8565,10244,15426,14829,-400,0.56,0.69,8559.23844,0.554857931,10203.365,0.688068312,-0.133210381
5562,-1884,8571,10246,15435,14827,-419,0.56,0.69,8565.25041,0.554923901,10205.302,0.688291765,-0.133367864
5563,-1887,8571,10245,15437,14826,-438,0.56,0.69,8565.25307,0.554852178,10204.2705,0.688268616,-0.133416438
5564,-1890,8576,10248,15449,14828,-458,0.56,0.69,8570.26903,0.554745875,10207.3335,0.688382351,-0.133636475
5565,-1890,8566,10254,15434,14832,-477,0.56,0.69,8560.24908,0.554635809,10213.4595,0.688609729,-0.13397392
5566,-1892,8574,10254,15447,14832,-477,0.56,0.69,8568.26637,0.554688054,10213.4595,0.688609729,-0.133921675
5567,-1893,8565,10252,15442,14832,-477,0.55,0.69,8559.25972,0.554284401,10211.4595,0.688474885,-0.134190484
5568,-1894,8568,10261,15436,14838,-477,0.56,0.69,8562.25174,0.554693686,10220.6485,0.688815777,-0.134122091
5569,-1895,8573,10259,15439,14833,-477,0.56,0.69,8567.25573,0.554910016,10218.491,0.688902515,-0.133992499
5570,-1898,8566,10267,15436,14833,-477,0.55,0.69,8560.25174,0.554564119,10226.491,0.689441853,-0.134877734
5571,-1896,8565,10261,15433,14832,-477,0.55,0.69,8559.24775,0.554606865,10220.4595,0.689081681,-0.134474816
5572,-1903,8566,10276,15436,14846,-358,0.55,0.69,8560.25174,0.554564119,10235.9005,0.689471945,-0.134907826
5573,-1905,8563,10270,15438,14840,-239,0.55,0.69,8557.2544,0.554298122,10229.7115,0.689333659,-0.135035538
5574,-1904,8569,10266,15445,14829,-120,0.55,0.69,8563.26371,0.55443598,10225.365,0.689551892,-0.135115912
5575,-1914,8567,10281,15442,14842,0,0.55,0.69,8561.25972,0.554413918,10240.7745,0.689986154,-0.135572236
5576,-1917,8567,10288,15454,14844,0,0.55,0.69,8561.27568,0.553984449,10247.8375,0.690369004,-0.136384555
5577,-1922,8561,10279,15445,14838,0,0.55,0.69,8555.26371,0.553918013,10238.6485,0.690028879,-0.136110866
5578,-1927,8560,10291,15446,14850,0,0.55,0.69,8554.26504,0.553817496,10251.0265,0.690304815,-0.136487319
5579,-1929,8555,10291,15441,14845,0,0.55,0.69,8549.25839,0.553672585,10250.869,0.690526709,-0.136854124
5580,-1937,8556,10297,15446,14848,0,0.55,0.69,8550.26504,0.553558529,10256.9635,0.69079765,-0.13723912
5581,-1942,8556,10303,15448,14844,0,0.55,0.69,8550.2677,0.553487034,10262.8375,0.691379514,-0.13789248
5583,-1942,8552,10302,15444,14854,0,0.55,0.69,8546.26238,0.553371042,10262.1525,0.690867948,-0.137496906
5583,-1951,8544,10308,15439,14855,0,0.55,0.69,8538.25573,0.553031656,10268.184,0.691227465,-0.13819581
5584,-1944,8547,10307,15445,14851,0,0.55,0.69,8541.26371,0.553011571,10267.058,0.691337822,-0.138326252
5585,-1947,8549,10309,15445,14852,0,0.55,0.69,8543.26371,0.553141062,10269.0895,0.691428057,-0.138286994
5586,-1952,8548,10312,15443,14848,0,0.55,0.69,8542.26105,0.553147772,10271.9635,0.691807887,-0.138660114
5587,-1955,8548,10316,15455,14854,0,0.55,0.69,8542.27701,0.552719315,10276.1525,0.691810455,-0.13909114
5588,-1958,8548,10319,15454,14860,0,0.55,0.69,8542.27568,0.552754994,10279.3415,0.691745727,-0.138990733
5589,-1958,8540,10321,15441,14863,0,0.55,0.69,8534.25839,0.552701146,10281.436,0.691747023,-0.139045877
5590,-1959,8545,10324,15449,14865,0,0.55,0.69,8539.26903,0.552739273,10284.499,0.691860007,-0.139120734
5591,-1966,8543,10324,15449,14852,0,0.55,0.7,8537.26903,0.552609815,10284.0895,0.692438022,-0.139828207
5592,-1965,8534,10320,15438,14858,-415,0.55,0.69,8528.2544,0.55241964,10280.2785,0.691901905,-0.139482265
5593,-1968,8536,10322,15445,14860,-915,0.55,0.69,8530.26371,0.552299366,10282.3415,0.691947611,-0.139648245
5594,-1970,8534,10332,15446,14871,-1415,0.55,0.69,8528.26504,0.552134212,10292.688,0.692131531,-0.139997319
5595,-1974,8537,10335,15456,14861,-1915,0.55,0.7,8531.27834,0.551971942,10295.373,0.692777942,-0.140806
5596,-1978,8532,10341,15447,14866,-2001,0.55,0.7,8526.26637,0.551969079,10301.5305,0.692959135,-0.140990056
5597,-1981,8535,10336,15455,14870,-2001,0.55,0.7,8529.27701,0.551878163,10296.6565,0.692444956,-0.140566793
5598,-1986,8533,10346,15457,14875,-2001,0.55,0.7,8527.27967,0.551677536,10306.814,0.692895059,-0.141217523
5599,-1988,8528,10346,15450,14873,-2001,0.55,0.7,8522.27036,0.55160326,10306.751,0.692983998,-0.141380738
5600,-1992,8527,10352,15443,14874,-2001,0.55,0.7,8521.26105,0.551787933,10312.7825,0.693342914,-0.141554981
5601,-1995,8530,10346,15459,14869,-2001,0.55,0.7,8524.28233,0.551412273,10306.625,0.693161948,-0.141749675
5602,-1996,8523,10358,15454,14886,-1752,0.55,0.7,8517.27568,0.55113729,10319.1605,0.693212448,-0.142075158
5603,-2002,8531,10358,15456,14877,-1479,0.55,0.7,8525.27834,0.551583744,10318.877,0.693612758,-0.142029014
5604,-2009,8519,10360,15458,14880,-1206,0.55,0.7,8513.281,0.550736253,10320.9715,0.693613676,-0.142877423
5605,-2005,8516,10384,15452,14910,-933,0.55,0.7,8510.27302,0.550755437,10345.9165,0.693891113,-0.143135676
5606,-2011,8521,10362,15454,14876,-910,0.55,0.7,8515.27568,0.551007874,10322.8455,0.693926156,-0.142918283
5607,-2014,8516,10362,15453,14880,-910,0.55,0.7,8510.27435,0.550719883,10322.9715,0.693748085,-0.143028202
5608,-2015,8512,10370,15455,14891,-910,0.55,0.7,8506.27701,0.550389972,10331.318,0.693796118,-0.143406147
5610,-2016,8510,10369,15455,14883,-910,0.55,0.7,8504.27701,0.550260564,10330.066,0.694084929,-0.143824366
5611,-2021,8510,10370,15457,14881,-910,0.55,0.7,8504.27967,0.550189537,10331.003,0.69424118,-0.144051643
5612,-2024,8510,10373,15458,14886,-910,0.55,0.7,8504.281,0.55015403,10334.1605,0.694220106,-0.144066076
5612,-2020,8515,10372,15462,14885,-894,0.55,0.7,8509.28632,0.550335424,10333.129,0.694197447,-0.143862023
5613,-2023,8513,10372,15458,14881,-876,0.55,0.7,8507.281,0.550348105,10333.003,0.69437558,-0.144027475
5614,-2024,8512,10384,15459,14897,-857,0.55,0.7,8506.28233,0.550247903,10345.507,0.694469155,-0.144221252
5615,-2028,8509,10378,15457,14893,-838,0.55,0.7,8503.27967,0.550124841,10339.381,0.694244343,-0.144119502
5616,-2030,8511,10381,15458,14891,-834,0.55,0.7,8505.281,0.550218722,10342.318,0.69453482,-0.144316098
5617,-2031,8509,10379,15459,14893,-834,0.55,0.7,8503.28233,0.550053841,10340.381,0.694311489,-0.144257647
5618,-2031,8507,10378,15460,14892,-834,0.55,0.7,8501.28366,0.549888982,10339.3495,0.694288846,-0.144399864
5619,-2032,8505,10386,15463,14896,-834,0.55,0.7,8499.28765,0.549653214,10347.4755,0.694647926,-0.144994711
5620,-2033,8507,10385,15455,14897,-834,0.55,0.7,8501.27701,0.550066452,10346.507,0.694536282,-0.144469831
5621,-2032,8512,10384,15456,14890,-834,0.55,0.7,8506.27834,0.550354447,10345.2865,0.694780826,-0.144426379
5622,-2033,8507,10388,15455,14897,-875,0.55,0.7,8501.27701,0.550066452,10349.507,0.694737665,-0.144671214
5624,-2034,8511,10392,15465,14903,-916,0.55,0.7,8505.29031,0.549970275,10353.696,0.694739046,-0.14476877
5625,-2034,8508,10387,15459,14904,-958,0.55,0.7,8502.28233,0.549989154,10348.7275,0.694359065,-0.144369911
5625,-2037,8507,10389,15460,14899,-1000,0.55,0.7,8501.28366,0.549888982,10350.57,0.694715753,-0.144826771
5626,-2034,8512,10386,15457,14901,-1000,0.55,0.7,8506.27967,0.550318928,10347.633,0.694425408,-0.14410648
5627,-2039,8509,10399,15460,14907,-1000,0.55,0.7,8503.28366,0.550018348,10360.822,0.695030657,-0.145012309
5628,-2039,8505,10393,15462,14910,-1000,0.55,0.7,8499.28632,0.549688677,10354.9165,0.694494735,-0.144806058
5629,-2039,8510,10395,15470,14904,-1000,0.55,0.7,8504.29696,0.54972831,10356.7275,0.694895833,-0.145167523
5630,-2039,8506,10396,15459,14904,-1000,0.55,0.7,8500.28233,0.549859779,10357.7275,0.694962929,-0.14510315
5631,-2036,8506,10401,15465,14909,-1000,0.55,0.7,8500.29031,0.549646965,10362.885,0.695075793,-0.145428828
5632,-2036,8507,10400,15462,14907,-1000,0.55,0.7,8501.28632,0.549818026,10361.822,0.695097739,-0.145279713
5633,-2034,8513,10401,15466,14912,-1000,0.55,0.7,8507.29164,0.550064117,10362.9795,0.694942295,-0.144878177
5634,-2034,8512,10404,15471,14917,-1000,0.55,0.7,8506.29829,0.549822138,10366.137,0.69492103,-0.145098892
5635,-2034,8510,10400,15460,14907,-1000,0.55,0.7,8504.28366,0.550083031,10361.822,0.695097739,-0.145014708
5636,-2029,8510,10403,15457,14919,-1000,0.55,0.7,8504.27967,0.550189537,10365.2,0.694765065,-0.144575528
5637,-2030,8511,10406,15464,14920,-1000,0.55,0.7,8505.28898,0.550005754,10368.2315,0.694921682,-0.144915928
5638,-2034,8513,10403,15471,14917,-1000,0.55,0.7,8507.29829,0.549886775,10365.137,0.694853992,-0.144967217
5640,-2028,8517,10403,15465,14918,-1000,0.55,0.7,8511.29031,0.550358248,10365.1685,0.694809525,-0.144451277
5640,-2035,8512,10411,15464,14925,-1000,0.55,0.7,8506.28898,0.55007042,10373.389,0.695034439,-0.144964019
5642,-2035,8517,10409,15468,14921,-1000,0.55,0.7,8511.2943,0.550251765,10371.263,0.695078279,-0.144826514
5643,-2031,8518,10416,15463,14933,-767,0.55,0.7,8512.28765,0.550493931,10378.641,0.695013795,-0.144519864
5644,-2036,8516,10413,15467,14924,-517,0.55,0.7,8510.29297,0.550222601,10375.3575,0.695212912,-0.144990311
5644,-2034,8519,10422,15471,14942,-267,0.55,0.7,8513.29829,0.550274597,10384.9245,0.695015694,-0.144741097
5645,-2030,8519,10409,15463,14927,-17,0.55,0.7,8513.28765,0.550558601,10371.452,0.69481155,-0.144252948
5646,-2035,8518,10414,15469,14925,0,0.55,0.7,8512.29563,0.550280925,10376.389,0.695235444,-0.144954519
5647,-2032,8518,10412,15466,14931,0,0.55,0.7,8512.29164,0.550387407,10374.578,0.694834773,-0.144447366
5648,-2029,8519,10414,15464,14931,0,0.55,0.7,8513.28898,0.550523085,10376.578,0.694968723,-0.144445638
5649,-2029,8522,10420,15462,14937,0,0.55,0.7,8516.28632,0.550788146,10382.767,0.695103903,-0.144315757
5650,-2026,8524,10419,15464,14938,0,0.55,0.7,8518.28898,0.550846416,10381.7985,0.694992536,-0.14414612
5651,-2024,8528,10410,15468,14934,0,0.55,0.7,8522.2943,0.550962911,10372.6725,0.694567597,-0.143604687
5652,-2021,8532,10418,15468,14936,-106,0.55,0.7,8526.2943,0.551221509,10380.7355,0.695014428,-0.143792919
5653,-2016,8535,10418,15472,14939,-237,0.55,0.7,8529.29962,0.551273243,10380.83,0.694881183,-0.14360794
5655,-2008,8529,10421,15459,14944,-369,0.55,0.7,8523.28233,0.551347586,10383.9875,0.694859977,-0.143512391
5656,-2013,8536,10418,15465,14942,-500,0.55,0.7,8530.29031,0.551586829,10380.9245,0.694747992,-0.143161163
5657,-2010,8530,10413,15457,14933,-527,0.55,0.7,8524.27967,0.551483449,10375.641,0.694812898,-0.143329449
5658,-2004,8533,10416,15467,14944,-527,0.55,0.7,8527.29297,0.551321715,10378.9875,0.694525395,-0.14320368
5659,-2008,8533,10419,15461,14943,-527,0.55,0.7,8527.28499,0.551535152,10381.956,0.694770528,-0.143235376
5659,-2004,8536,10416,15470,14941,-527,0.55,0.7,8530.29696,0.551408983,10378.893,0.694658524,-0.143249541
5660,-2008,8531,10423,15465,14945,-527,0.55,0.7,8525.29031,0.551263518,10386.019,0.694949415,-0.143685896
5661,-2006,8537,10424,15463,14951,-527,0.55,0.7,8531.28765,0.55172267,10387.208,0.69475005,-0.14302738
5662,-2012,8546,10426,15470,14952,-421,0.55,0.7,8540.29696,0.552055395,10389.2395,0.694839453,-0.142784058
5663,-2007,8542,10432,15465,14956,-290,0.55,0.7,8536.29031,0.551974802,10395.3655,0.695063219,-0.143088417
5664,-2014,8533,10431,15456,14950,-158,0.55,0.7,8527.27834,0.551713143,10394.1765,0.695262642,-0.143549499
5665,-2010,8547,10428,15468,14950,-27,0.55,0.7,8541.2943,0.552191253,10391.1765,0.695061973,-0.14287072
5666,-2011,8540,10428,15462,14945,0,0.55,0.7,8534.28632,0.551952291,10391.019,0.695283975,-0.143331684
5667,-2009,8537,10433,15459,14953,0,0.55,0.7,8531.28233,0.551865084,10396.271,0.695263225,-0.143398141
5668,-2007,8545,10440,15459,14959,0,0.55,0.7,8539.28233,0.552382582,10403.46,0.695464937,-0.143082356
5669,-2010,8546,10433,15471,14960,0,0.55,0.7,8540.29829,0.552019798,10396.4915,0.69495264,-0.142932843
5670,-2011,8549,10441,15471,14955,0,0.55,0.7,8543.29829,0.552213709,10404.334,0.695709395,-0.143495686
5671,-2008,8546,10437,15467,14962,0,0.55,0.7,8540.29297,0.552162214,10400.5545,0.695131299,-0.142969085
5672,-2009,8546,10445,15468,14962,-87,0.55,0.7,8540.2943,0.552126603,10408.5545,0.695665987,-0.143539384
5673,-2008,8548,10437,15468,14963,-196,0.55,0.7,8542.2943,0.552255903,10400.586,0.695086948,-0.142831045
5674,-2011,8549,10446,15463,14961,-305,0.55,0.7,8543.28765,0.552498716,10409.523,0.695777221,-0.143278504
5675,-2010,8551,10444,15478,14960,-413,0.55,0.7,8545.3076,0.552093785,10407.4915,0.695687934,-0.14359415
5676,-2011,8559,10449,15471,14966,-435,0.55,0.7,8553.29829,0.55286008,10412.6805,0.695755746,-0.142895667
5677,-2011,8553,10452,15470,14969,-435,0.55,0.7,8547.29696,0.552507884,10415.775,0.695823034,-0.143315151
5678,-2008,8550,10448,15461,14966,-435,0.55,0.7,8544.28499,0.552634693,10411.6805,0.695688928,-0.143054235
5679,-2016,8556,10454,15468,14967,-435,0.55,0.7,8550.2943,0.552773099,10417.712,0.696045433,-0.143272334
5680,-2014,8549,10454,15469,14973,-435,0.55,0.7,8543.29563,0.552284933,10417.901,0.695779136,-0.143494203
5682,-2017,8551,10459,15472,14966,-435,0.55,0.7,8545.29962,0.552307369,10422.6805,0.696423928,-0.144116558
5683,-2019,8544,10460,15459,14969,-515,0.55,0.7,8538.28233,0.552317894,10423.775,0.696357472,-0.144039578
5684,-2015,8563,10473,15477,14982,-615,0.55,0.7,8557.30627,0.552904715,10437.1845,0.696648278,-0.143743563
5685,-2015,8550,10464,15465,14974,-714,0.55,0.7,8544.29031,0.552492099,10427.9325,0.696402598,-0.143910499
5686,-2021,8546,10475,15466,14984,-814,0.55,0.7,8540.29164,0.55219783,10439.2475,0.696692973,-0.144495142
5687,-2023,8544,10469,15458,14978,-834,0.55,0.7,8538.281,0.552353539,10433.0585,0.696558853,-0.144205314
5687,-2026,8546,10478,15457,14982,-834,0.55,0.7,8540.27967,0.552518579,10442.1845,0.696982012,-0.144463433
5688,-2029,8546,10479,15465,14982,-834,0.55,0.7,8540.29031,0.55223345,10443.1845,0.697048759,-0.144815308
5689,-2031,8542,10482,15470,14984,-834,0.55,0.7,8536.29696,0.55179683,10446.2475,0.697160137,-0.145363307
5690,-2038,8545,10487,15464,14985,-834,0.55,0.7,8539.28898,0.552204409,10451.279,0.697449383,-0.145244974
5691,-2046,8541,10485,15475,14978,-834,0.55,0.7,8535.30361,0.551554353,10449.0585,0.697627086,-0.146072734
5693,-2048,8536,10498,15468,14992,-935,0.55,0.7,8530.2943,0.551480107,10462.4995,0.697872165,-0.146392058
5694,-2052,8538,10496,15468,14990,-1040,0.55,0.7,8532.2943,0.551609407,10460.4365,0.697827652,-0.146218245
5695,-2047,8536,10494,15464,14988,-1144,0.55,0.7,8530.28898,0.551622412,10458.3735,0.697783127,-0.146160714
5696,-2049,8535,10498,15477,14985,-1248,0.55,0.7,8529.30627,0.551095579,10462.279,0.69818345,-0.147087872
5697,-2057,8530,10500,15471,14991,-1251,0.55,0.7,8524.29829,0.550985605,10464.468,0.69805003,-0.147064425
5697,-2062,8519,10511,15470,15002,-1251,0.55,0.7,8513.29696,0.550310081,10475.8145,0.698294527,-0.147984446
5698,-2068,8528,10501,15469,14987,-1251,0.55,0.7,8522.29563,0.550927379,10465.342,0.698294655,-0.147367276
5699,-2076,8522,10508,15475,14995,-1251,0.55,0.7,8516.30361,0.550326566,10472.594,0.698405735,-0.148079169
5700,-2082,8514,10513,15468,14989,-1251,0.55,0.7,8508.2943,0.550057816,10477.405,0.699006271,-0.148948455
5701,-2088,8514,10524,15472,15002,-1251,0.55,0.7,8508.29962,0.549915953,10488.8145,0.699161079,-0.149245126
5703,-2095,8505,10529,15468,15004,-1264,0.55,0.7,8499.2943,0.54947597,10493.8775,0.699405325,-0.149929356
5704,-2102,8503,10527,15469,14990,-1278,0.55,0.7,8497.29563,0.549311244,10491.4365,0.699895697,-0.150584453
5705,-2105,8501,10537,15478,15003,-1291,0.55,0.7,8495.3076,0.548863393,10501.846,0.69998307,-0.151119677
5706,-2110,8496,10536,15466,14998,-1305,0.55,0.7,8490.29164,0.548964932,10500.6885,0.700139252,-0.15117432
5707,-2117,8492,10542,15469,15004,-1305,0.55,0.7,8486.29563,0.548600144,10506.8775,0.700271761,-0.151671617
5708,-2120,8490,10544,15463,15006,-1305,0.55,0.7,8484.28765,0.548683157,10508.9405,0.700315907,-0.15163275
5709,-2131,8490,10547,15479,15006,-1305,0.55,0.7,8484.30893,0.54811738,10511.9405,0.700515827,-0.152398447
5709,-2133,8489,10553,15477,14998,-1305,0.55,0.7,8483.30627,0.548123426,10517.6885,0.701272736,-0.15314931
5710,-2140,8481,10562,15470,15010,-1305,0.55,0.7,8475.29696,0.547853714,10527.0665,0.701336875,-0.153483161
5712,-2151,8468,10561,15458,15002,-1305,0.55,0.7,8462.281,0.547436991,10525.8145,0.701627416,-0.154190426
5713,-2154,8472,10571,15472,15017,-728,0.55,0.7,8466.29962,0.547201372,10536.287,0.70162396,-0.154422588
5714,-2163,8466,10579,15470,15020,-8,0.55,0.7,8460.29696,0.546884096,10544.3815,0.702022736,-0.155138641
5715,-2168,8462,10575,15475,15012,712,0.55,0.7,8456.30361,0.546449345,10540.1295,0.702113609,-0.155664264
5716,-2183,8456,10586,15473,15014,1433,0.55,0.71,8450.30095,0.546132033,10551.1925,0.702756927,-0.156624894
5717,-2188,8454,10592,15473,15011,1578,0.55,0.71,8448.30095,0.546002776,10557.098,0.703290787,-0.157288011
5718,-2196,8444,10590,15464,15011,1578,0.55,0.71,8438.28898,0.54567311,10555.098,0.703157551,-0.157484441
5719,-2205,8444,10599,15470,15025,1578,0.55,0.71,8438.29696,0.545461988,10564.539,0.703130715,-0.157668727
5720,-2207,8441,10603,15477,15026,1578,0.55,0.71,8435.30627,0.54502205,10568.5705,0.703352223,-0.158330173
5721,-2218,8436,10606,15475,15020,1578,0.55,0.71,8430.30361,0.544769216,10571.3815,0.70382034,-0.159051124
5722,-2223,8434,10613,15479,15023,1578,0.54,0.71,8428.30893,0.544499576,10578.476,0.704152034,-0.159652458
5723,-2230,8426,10610,15475,15023,1166,0.54,0.71,8420.30361,0.544123012,10575.476,0.70395234,-0.159829328
5724,-2237,8424,10618,15484,15024,653,0.54,0.71,8418.31558,0.543678351,10583.5075,0.704440063,-0.160761712
5725,-2238,8418,10628,15473,15028,139,0.54,0.71,8412.30095,0.543676142,10593.6335,0.704926371,-0.161250228
5726,-2252,8414,10635,15476,15030,-374,0.54,0.71,8408.30494,0.543312545,10600.6965,0.705302495,-0.16198995
5727,-2258,8411,10636,15481,15031,-477,0.54,0.71,8405.31159,0.542943711,10601.728,0.705324197,-0.162380486
5728,-2266,8408,10635,15476,15028,-477,0.54,0.71,8402.30494,0.542924848,10600.6335,0.705392168,-0.16246732
5729,-2275,8398,10641,15479,15028,-477,0.54,0.71,8392.30893,0.542173844,10606.6335,0.705791423,-0.163617579
5730,-2284,8385,10652,15477,15035,-477,0.54,0.71,8379.30627,0.541403778,10617.854,0.706209112,-0.164805334
5731,-2289,8388,10651,15479,15027,-477,0.54,0.71,8382.30893,0.541527807,10616.602,0.706501763,-0.164973956
5732,-2294,8387,10656,15473,15037,-477,0.54,0.71,8381.30095,0.541672652,10621.917,0.706385383,-0.16471273
5733,-2303,8374,10660,15475,15039,-477,0.54,0.71,8368.30361,0.540762753,10625.98,0.706561606,-0.165798853
5734,-2309,8375,10662,15477,15040,-782,0.54,0.71,8369.30627,0.540757658,10628.0115,0.706649701,-0.165892043
5735,-2306,8373,10673,15474,15048,-1163,0.54,0.71,8367.30228,0.54073299,10639.2635,0.707021764,-0.166288774
5736,-2318,8368,10667,15474,15035,-1544,0.54,0.71,8362.30228,0.540409867,10632.854,0.707206784,-0.166796917
5737,-2325,8365,10673,15481,15040,-1925,0.54,0.71,8359.31159,0.539972327,10639.0115,0.707381084,-0.167408757
5737,-2330,8355,10680,15467,15047,-2001,0.54,0.71,8349.29297,0.539813343,10646.232,0.707531867,-0.167718524
5738,-2334,8352,10678,15470,15043,-2001,0.54,0.71,8346.29696,0.539514994,10644.106,0.707578674,-0.16806368
5739,-2339,8349,10681,15479,15049,-2001,0.54,0.71,8343.30893,0.539008265,10647.295,0.707508472,-0.168500208
5741,-2340,8354,10679,15482,15043,-2001,0.54,0.71,8348.31292,0.539227033,10645.106,0.707645151,-0.168418118
5742,-2346,8342,10678,15474,15046,-2001,0.54,0.71,8336.30228,0.538729629,10644.2005,0.707443872,-0.168714243
5743,-2349,8340,10691,15476,15061,-1506,0.54,0.71,8334.30494,0.538530947,10657.673,0.707633822,-0.169102875
5744,-2350,8335,10686,15469,15053,-886,0.54,0.71,8329.29563,0.538450813,10652.421,0.707660998,-0.169210185
5745,-2353,8342,10688,15481,15046,-267,0.54,0.71,8336.31159,0.538486635,10654.2005,0.708108501,-0.169621866
5746,-2353,8336,10690,15476,15054,351,0.54,0.71,8330.30494,0.538272483,10656.4525,0.707881792,-0.16960931
5747,-2360,8331,10689,15481,15052,475,0.54,0.71,8325.31159,0.537776086,10655.3895,0.707905229,-0.170129142
5748,-2357,8335,10686,15484,15055,475,0.54,0.71,8329.31558,0.537930482,10652.484,0.707571172,-0.169640691
5749,-2365,8324,10698,15480,15058,475,0.54,0.71,8318.31026,0.537358544,10664.5785,0.708233398,-0.170874854
5749,-2367,8323,10694,15478,15056,475,0.54,0.71,8317.3076,0.537363199,10660.5155,0.708057618,-0.170694419
5751,-2364,8326,10693,15476,15053,475,0.54,0.71,8320.30494,0.537626321,10659.421,0.708126021,-0.170499701
5752,-2372,8319,10699,15482,15062,475,0.54,0.71,8313.31292,0.536966343,10665.7045,0.70812007,-0.171153728
5753,-2366,8324,10689,15481,15052,237,0.54,0.71,8318.31159,0.537323919,10655.3895,0.707905229,-0.17058131
5754,-2367,8322,10690,15478,15057,-159,0.54,0.71,8316.3076,0.537298592,10656.547,0.707747028,-0.170448436
5755,-2364,8335,10685,15495,15054,-556,0.54,0.71,8329.33021,0.537549546,10651.4525,0.707549655,-0.170000109
5756,-2361,8326,10689,15485,15073,-953,0.54,0.71,8320.31691,0.537314621,10656.051,0.706962847,-0.169648226
5757,-2362,8321,10686,15484,15062,-1112,0.54,0.71,8315.31558,0.537026323,10652.7045,0.707256971,-0.170230649
5758,-2359,8320,10686,15477,15066,-1112,0.54,0.71,8314.30627,0.537203998,10652.8305,0.707077559,-0.169873561
5759,-2355,8320,10693,15479,15082,-1112,0.54,0.71,8314.30893,0.537134759,10660.3345,0.70682499,-0.169690231
5760,-2355,8329,10679,15490,15066,-1112,0.54,0.71,8323.32356,0.537335285,10645.8305,0.706612936,-0.169277652
5761,-2350,8324,10677,15480,15066,-1112,0.54,0.71,8318.31026,0.537358544,10643.8305,0.706480187,-0.169121643
5762,-2345,8322,10670,15474,15064,-1112,0.54,0.71,8316.30228,0.537437138,10636.7675,0.706105118,-0.16866798
5763,-2343,8333,10675,15485,15064,-667,0.54,0.71,8327.31691,0.537766672,10641.7675,0.706437035,-0.168670364
5764,-2339,8334,10675,15486,15077,-112,0.54,0.71,8328.31824,0.537796606,10642.177,0.705855077,-0.168058471
5764,-2339,8334,10677,15482,15072,443,0.54,0.71,8328.31292,0.53793521,10644.0195,0.706211485,-0.168276275
5765,-2332,8339,10670,15485,15075,999,0.54,0.71,8333.31691,0.538154143,10637.114,0.705612869,-0.167458726
5766,-2333,8339,10672,15487,15075,1110,0.54,0.71,8333.31957,0.538084818,10639.114,0.705745539,-0.167660721
5767,-2326,8339,10667,15478,15073,1110,0.54,0.71,8333.3076,0.538396925,10634.051,0.705503284,-0.167106359
5769,-2319,8344,10663,15482,15073,1110,0.54,0.71,8338.31292,0.538581121,10630.051,0.705237909,-0.166656788
5770,-2316,8351,10665,15490,15076,1110,0.54,0.71,8345.32356,0.538755556,10632.1455,0.705236502,-0.166480946
5771,-2312,8353,10668,15480,15081,1110,0.54,0.71,8347.31026,0.539231929,10635.303,0.705212055,-0.165980126
5772,-2301,8359,10661,15486,15081,1110,0.54,0.71,8353.31824,0.539410967,10628.303,0.704747895,-0.165336927
5773,-2300,8360,10661,15485,15082,647,0.54,0.71,8354.31691,0.539510294,10628.3345,0.704703256,-0.165192961
5774,-2293,8363,10667,15482,15091,70,0.54,0.71,8357.31292,0.539808353,10634.618,0.704699357,-0.164891004
5775,-2281,8372,10656,15483,15082,-507,0.54,0.71,8366.31425,0.540354857,10623.3345,0.704371735,-0.164016878
5776,-2281,8373,10652,15490,15083,-1085,0.54,0.71,8367.32356,0.540175827,10619.366,0.704061924,-0.163886097
5777,-2276,8377,10651,15489,15089,-1201,0.54,0.71,8371.32223,0.540468864,10618.555,0.703728213,-0.163259349
5777,-2272,8378,10650,15482,15087,-1201,0.54,0.71,8372.31292,0.54077722,10617.492,0.703751044,-0.162973824
5778,-2266,8386,10642,15483,15078,-1201,0.54,0.71,8380.31425,0.541259074,10609.2085,0.703621734,-0.162362659
5779,-2256,8384,10641,15484,15088,-1201,0.54,0.71,8378.31558,0.541095039,10608.5235,0.703109988,-0.162014949
5780,-2252,8388,10639,15480,15086,-1201,0.54,0.71,8382.31026,0.541492911,10606.4605,0.703066452,-0.161573541
5781,-2239,8404,10633,15493,15089,-1201,0.54,0.7,8398.32755,0.542072391,10600.555,0.702535291,-0.1604629
5783,-2229,8405,10625,15490,15081,-1056,0.54,0.7,8399.32356,0.542241676,10592.303,0.702360785,-0.160119109
5784,-2217,8409,10630,15483,15095,-875,0.54,0.7,8403.31425,0.542744575,10597.744,0.702069824,-0.15932525
5785,-2210,8419,10620,15485,15090,-694,0.54,0.7,8413.31691,0.543320433,10587.5865,0.701629324,-0.158308891
5786,-2201,8428,10617,15488,15092,-513,0.54,0.7,8422.3209,0.543796546,10584.6495,0.701341737,-0.157545192
5787,-2189,8436,10610,15499,15095,-477,0.54,0.7,8430.33553,0.543927707,10577.744,0.700744882,-0.156817175
5788,-2180,8437,10605,15482,15095,-477,0.54,0.7,8431.31292,0.544588097,10572.744,0.700413647,-0.15582555
5789,-2168,8446,10600,15487,15101,-477,0.55,0.7,8440.31957,0.544993838,10567.933,0.699816767,-0.154822929
5790,-2162,8456,10611,15491,15097,-477,0.55,0.7,8450.32489,0.545498992,10578.807,0.700722461,-0.155223469
5791,-2153,8458,10591,15481,15098,-477,0.55,0.7,8452.31159,0.545979691,10558.8385,0.699353457,-0.153373767
5792,-2144,8464,10595,15484,15105,-477,0.55,0.7,8458.31558,0.546261662,10563.059,0.699308772,-0.15304711
5793,-2133,8469,10595,15490,15106,-548,0.55,0.7,8463.32356,0.546373374,10563.0905,0.699264564,-0.15289119
5794,-2125,8482,10591,15495,15105,-637,0.55,0.7,8476.33021,0.547036477,10559.059,0.699043959,-0.152007482
5795,-2112,8480,10588,15488,15106,-727,0.55,0.7,8474.3209,0.547153984,10556.0905,0.698801172,-0.151647188
5796,-2106,8483,10585,15485,15105,-816,0.55,0.7,8477.31691,0.547453465,10553.059,0.698646739,-0.151193274
5797,-2105,8495,10589,15485,15111,-834,0.55,0.7,8489.31691,0.548228409,10557.248,0.698646549,-0.15041814
5798,-2088,8505,10582,15486,15120,-834,0.55,0.7,8499.31824,0.548838838,10550.5315,0.697786475,-0.148947637
5799,-2079,8506,10571,15481,15107,-834,0.55,0.7,8500.31159,0.549080265,10539.122,0.697631694,-0.148551428
5800,-2076,8511,10578,15488,15119,-834,0.55,0.7,8505.3209,0.549155533,10546.5,0.697565977,-0.148410443
5801,-2069,8514,10574,15484,15124,-834,0.55,0.7,8508.31558,0.549490802,10542.6575,0.697081295,-0.147590493
5802,-2056,8524,10564,15489,15117,-834,0.55,0.7,8518.32223,0.54995947,10532.437,0.696727988,-0.146768518
5802,-2047,8529,10556,15483,15114,-667,0.55,0.7,8523.31425,0.550495011,10524.3425,0.69633072,-0.145835709
5803,-2036,8542,10553,15491,15118,-459,0.55,0.7,8536.32489,0.551050603,10521.4685,0.695956377,-0.144905774
5804,-2023,8546,10551,15483,15127,-250,0.55,0.7,8540.31425,0.551592989,10519.752,0.695428836,-0.143835847
5806,-2013,8550,10550,15480,15122,-42,0.55,0.7,8544.31026,0.551958027,10518.5945,0.695582231,-0.143624204
5807,-2004,8562,10541,15494,15118,0,0.55,0.7,8556.32888,0.552234986,10509.4685,0.695162621,-0.142927634
5808,-1994,8570,10540,15496,15123,0,0.55,0.7,8564.33154,0.552680146,10508.626,0.694877075,-0.142196929
5809,-1980,8570,10535,15486,15125,0,0.55,0.7,8564.31824,0.553036177,10503.689,0.694458777,-0.1414226
5810,-1972,8583,10533,15494,15128,0,0.55,0.7,8577.32888,0.55359035,10501.7835,0.694195102,-0.140604752
5811,-1966,8584,10525,15493,15126,0,0.55,0.7,8578.32755,0.553690541,10493.7205,0.693753834,-0.140063294
5812,-1964,8582,10531,15477,15134,0,0.55,0.7,8576.30627,0.554132343,10499.9725,0.693800218,-0.139667875
5813,-1956,8598,10526,15496,15127,-183,0.55,0.7,8592.33154,0.554487064,10494.752,0.693776162,-0.139289098
5814,-1951,8597,10519,15491,15122,-410,0.55,0.7,8591.32489,0.554601052,10487.5945,0.693532238,-0.138931186
5815,-1948,8595,10527,15486,15131,-637,0.56,0.7,8589.31824,0.554650539,10495.878,0.693667173,-0.139016635
5816,-1946,8603,10527,15486,15133,-864,0.56,0.7,8597.31824,0.555167134,10495.941,0.69357966,-0.138412526
5817,-1944,8603,10524,15490,15132,-910,0.56,0.7,8597.32356,0.555024116,10492.9095,0.693425159,-0.138401042
5818,-1944,8605,10530,15488,15138,-910,0.56,0.7,8599.3209,0.555224748,10499.0985,0.693559156,-0.138334408
5819,-1937,8606,10519,15492,15131,-910,0.56,0.7,8600.32622,0.555146283,10487.878,0.693138457,-0.137992174
5819,-1935,8605,10517,15485,15124,-910,0.56,0.7,8599.31691,0.555332057,10485.6575,0.69331245,-0.137980393
5820,-1932,8618,10520,15493,15133,-910,0.56,0.7,8612.32755,0.55588508,10488.941,0.693117095,-0.137232015
5821,-1924,8618,10524,15484,15141,-910,0.56,0.7,8612.31558,0.556207413,10493.193,0.693031702,-0.136824289
5823,-1920,8619,10522,15487,15140,-815,0.56,0.69,8613.31957,0.556164497,10491.1615,0.692943296,-0.136778799
5824,-1915,8622,10519,15484,15140,-696,0.56,0.69,8616.31558,0.556465744,10488.1615,0.692745145,-0.136279401
5825,-1911,8626,10520,15486,15140,-577,0.56,0.69,8620.31824,0.556652347,10489.1615,0.692811196,-0.136158849
5826,-1910,8631,10532,15485,15150,-459,0.56,0.7,8625.31691,0.557011102,10501.4765,0.693166766,-0.136155664
5827,-1911,8622,10526,15482,15148,-435,0.56,0.69,8616.31292,0.556537458,10495.4135,0.692858034,-0.136320576
5828,-1911,8636,10525,15493,15145,-435,0.56,0.69,8630.32755,0.557046895,10494.319,0.692923011,-0.135876116
5829,-1913,8632,10524,15487,15141,-435,0.56,0.7,8626.31957,0.557003911,10493.193,0.693031702,-0.136027791
5830,-1913,8635,10531,15490,15150,-435,0.56,0.7,8629.32356,0.557089965,10500.4765,0.693100759,-0.136010794
5831,-1916,8627,10530,15485,15146,-435,0.56,0.7,8621.31691,0.556752787,10499.3505,0.693209461,-0.136456674
5832,-1919,8632,10539,15486,15151,-435,0.56,0.7,8626.31824,0.557039793,10508.508,0.69358511,-0.136545317
5833,-1920,8626,10538,15495,15154,-751,0.56,0.7,8620.33021,0.556329797,10507.6025,0.693388049,-0.137058252
5834,-1921,8625,10545,15490,15152,-1143,0.56,0.7,8619.32356,0.556444387,10514.5395,0.693937401,-0.137493014
5835,-1927,8626,10548,15495,15154,-1534,0.56,0.7,8620.33021,0.556329797,10517.6025,0.694047941,-0.137718144
5836,-1935,8625,10553,15495,15155,-1926,0.56,0.7,8619.33021,0.55626526,10522.634,0.694334147,-0.138068887
5837,-1941,8624,10554,15497,15156,-2001,0.56,0.7,8618.33287,0.556129113,10523.6655,0.694356394,-0.13822728
5838,-1941,8620,10559,15487,15157,-2001,0.56,0.7,8614.31957,0.556229068,10528.697,0.694642541,-0.138413474
5839,-1953,8618,10563,15494,15152,-2001,0.56,0.7,8612.32888,0.555849289,10532.5395,0.695125363,-0.139276074
5840,-1952,8612,10564,15491,15157,-2001,0.56,0.7,8606.32489,0.555569356,10533.697,0.694972422,-0.139403066
5841,-1962,8605,10573,15491,15157,-2001,0.56,0.7,8599.32489,0.55511748,10542.697,0.695566207,-0.140448727
5842,-1971,8609,10580,15496,15158,-2001,0.56,0.7,8603.33154,0.555196924,10549.7285,0.6959842,-0.140787275
5842,-1982,8596,10585,15488,15166,-1599,0.56,0.7,8590.3209,0.554643653,10554.9805,0.695963372,-0.141319719
5843,-1993,8587,10595,15490,15172,-1099,0.55,0.7,8581.32356,0.553991192,10565.1695,0.696359709,-0.142368517
5845,-1999,8592,10597,15500,15161,-599,0.55,0.7,8586.33686,0.553957217,10566.823,0.696974012,-0.143016795
5846,-2007,8586,10606,15502,15163,-99,0.55,0.7,8580.33952,0.553498872,10575.886,0.697479786,-0.143980914
5847,-2016,8574,10615,15495,15171,0,0.55,0.7,8568.33021,0.552973876,10585.138,0.697721838,-0.144747962
5848,-2026,8562,10613,15479,15161,0,0.55,0.7,8556.30893,0.552768844,10582.823,0.698029352,-0.145260508
5849,-2034,8571,10618,15493,15168,0,0.55,0.7,8565.32755,0.552851452,10588.0435,0.698051391,-0.145199939
5850,-2044,8561,10620,15496,15166,0,0.55,0.7,8555.33154,0.552099351,10589.9805,0.698271166,-0.146171815
5851,-2054,8552,10631,15498,15169,0,0.55,0.7,8546.3342,0.551447555,10601.075,0.69886446,-0.147416906
5852,-2061,8543,10632,15482,15165,0,0.55,0.7,8537.31292,0.551434758,10601.949,0.699106429,-0.147671671
5853,-2070,8535,10646,15488,15171,-85,0.55,0.7,8529.3209,0.55070512,10616.138,0.69976521,-0.14906009
5854,-2083,8533,10643,15497,15167,-205,0.55,0.7,8527.33287,0.550257009,10613.012,0.699743654,-0.149486645
5855,-2089,8525,10655,15493,15183,-324,0.55,0.7,8519.32755,0.549882369,10625.516,0.69982981,-0.14994744
5856,-2106,8518,10663,15490,15184,-443,0.55,0.7,8512.32356,0.549536705,10633.5475,0.700312665,-0.15077596
5857,-2123,8505,10672,15488,15185,-477,0.55,0.7,8499.3209,0.548768137,10642.579,0.700861311,-0.152093174
5858,-2137,8499,10684,15498,15190,-477,0.55,0.7,8493.3342,0.548027758,10654.7365,0.701430974,-0.153403216
5859,-2150,8476,10686,15486,15180,-477,0.55,0.7,8470.31824,0.546966178,10656.4215,0.702004051,-0.155037873
5860,-2165,8472,10699,15493,15185,-477,0.55,0.7,8466.32755,0.54646147,10669.579,0.702639381,-0.156177911
5861,-2178,8468,10713,15490,15192,-477,0.55,0.71,8462.32356,0.546308816,10683.7995,0.703251679,-0.156942863
5862,-2190,8456,10716,15490,15192,-477,0.55,0.71,8450.32356,0.545534123,10686.7995,0.703449151,-0.157915028
5863,-2205,8451,10715,15492,15184,-388,0.55,0.71,8445.32622,0.545141119,10685.5475,0.703737322,-0.158596203
5864,-2219,8438,10729,15487,15191,-269,0.54,0.71,8432.31957,0.544477276,10699.768,0.704349154,-0.159871878
5865,-2235,8424,10733,15489,15186,-150,0.54,0.71,8418.32223,0.543503275,10703.6105,0.704834091,-0.161330815
5866,-2246,8411,10740,15493,15184,-31,0.54,0.71,8405.32755,0.542524208,10710.5475,0.705383792,-0.162859584
5867,-2264,8411,10752,15488,15196,0,0.54,0.71,8405.3209,0.542698922,10722.9255,0.70564132,-0.162942398
5868,-2274,8398,10756,15488,15191,0,0.54,0.71,8392.3209,0.541859562,10726.768,0.706126522,-0.16426696
5869,-2287,8395,10765,15491,15189,0,0.54,0.71,8389.32489,0.541561222,10735.705,0.706807887,-0.165246665
5870,-2300,8386,10772,15488,15194,0,0.54,0.71,8380.3209,0.541084769,10742.8625,0.707046367,-0.165961598
5871,-2311,8377,10777,15488,15194,0,0.54,0.71,8371.3209,0.540503674,10747.8625,0.707375444,-0.16687177
5872,-2321,8375,10775,15497,15194,0,0.54,0.71,8369.33287,0.540061487,10745.8625,0.707243813,-0.167182326
5872,-2326,8364,10787,15499,15196,-137,0.54,0.71,8358.33553,0.539282246,10757.9255,0.707944558,-0.168662312
5873,-2343,8349,10790,15488,15195,-364,0.54,0.71,8343.3209,0.538695823,10760.894,0.708186509,-0.169490686
5874,-2352,8346,10801,15492,15203,-591,0.54,0.71,8340.32622,0.538363428,10772.146,0.70855397,-0.170190542
5875,-2368,8337,10806,15490,15191,-819,0.54,0.71,8331.32356,0.537851747,10776.768,0.709417945,-0.171566198
5877,-2386,8326,10814,15490,15202,-910,0.54,0.71,8320.32356,0.537141611,10785.1145,0.709453657,-0.172312046
5878,-2395,8320,10820,15494,15203,-910,0.54,0.71,8314.32888,0.536616037,10791.146,0.709803723,-0.173187686
5879,-2409,8309,10830,15494,15200,-910,0.54,0.71,8303.32888,0.535906085,10801.0515,0.710595493,-0.174689408
5880,-2421,8302,10834,15492,15209,-910,0.54,0.71,8296.32622,0.535523252,10805.335,0.710456638,-0.174933386
5881,-2440,8284,10844,15493,15211,-909,0.53,0.71,8278.32755,0.534326957,10815.398,0.711024785,-0.176697827
5882,-2442,8280,10844,15482,15205,-909,0.53,0.71,8274.31292,0.534447288,10815.209,0.71129293,-0.176845641
5883,-2454,8274,10856,15492,15210,-975,0.53,0.71,8268.32622,0.533715868,10827.3665,0.711858416,-0.178142548
5884,-2464,8283,10855,15509,15206,-1074,0.53,0.71,8277.34883,0.533712608,10826.2405,0.711971623,-0.178259016
5885,-2468,8264,10861,15499,15210,-1172,0.53,0.71,8258.33553,0.532830217,10832.3665,0.712187147,-0.17935693
5886,-2478,8261,10863,15496,15209,-1271,0.53,0.71,8255.33154,0.532739516,10834.335,0.712363403,-0.179623887
5886,-2490,8254,10871,15493,15210,-1305,0.53,0.71,8248.32755,0.532390599,10842.3665,0.712844609,-0.18045401
5887,-2495,8249,10872,15489,15206,-1305,0.53,0.71,8243.32223,0.532204934,10843.2405,0.713089603,-0.180884668
5888,-2503,8241,10880,15485,15219,-1305,0.53,0.71,8235.31691,0.531825438,10851.65,0.713033051,-0.181207613
5890,-2506,8243,10877,15501,15214,-1305,0.53,0.71,8237.33819,0.531406889,10848.4925,0.713059846,-0.181652957
5891,-2513,8235,10878,15491,15210,-1305,0.53,0.72,8229.32489,0.531232644,10849.3665,0.713304832,-0.182072188
5892,-2517,8236,10884,15496,15215,-1305,0.53,0.72,8230.33154,0.531126196,10855.524,0.713475123,-0.182348927
5893,-2517,8239,10889,15487,15218,-1173,0.53,0.72,8233.31957,0.531627789,10860.6185,0.71366924,-0.182041451
5894,-2514,8236,10893,15491,15223,-955,0.53,0.72,8230.32489,0.531297198,10864.776,0.713707942,-0.182410744
5895,-2516,8230,10891,15491,15226,-738,0.53,0.72,8224.32489,0.530909876,10862.8705,0.713442171,-0.182532295
5896,-2519,8237,10886,15496,15214,-520,0.53,0.72,8231.33154,0.531190729,10857.4925,0.713651407,-0.182460677
5897,-2523,8235,10897,15497,15230,-435,0.53,0.72,8229.33287,0.531027481,10868.9965,0.713657026,-0.182629545
5898,-2529,8223,10896,15485,15226,-435,0.53,0.72,8217.31691,0.530663023,10867.8705,0.713770557,-0.183107534
5899,-2525,8229,10892,15498,15226,-435,0.53,0.72,8223.3342,0.530606156,10863.8705,0.713507848,-0.182901693
5900,-2528,8226,10896,15492,15229,-435,0.53,0.72,8220.32622,0.530617494,10867.965,0.713636155,-0.183018661
5901,-2528,8234,10889,15501,15222,-435,0.53,0.72,8228.33819,0.530826282,10860.7445,0.713489982,-0.1826637
5902,-2532,8226,10892,15491,15223,-435,0.53,0.72,8220.32489,0.530651662,10863.776,0.713642252,-0.18299059
5903,-2529,8216,10897,15484,15235,-745,0.53,0.72,8210.31558,0.530245129,10869.154,0.713433147,-0.183188018
5904,-2533,8220,10900,15493,15231,-1261,0.53,0.72,8214.32755,0.53019606,10872.028,0.713809205,-0.183613145
5905,-2531,8224,10897,15493,15233,-1778,0.53,0.72,8218.32755,0.530454241,10869.091,0.713522681,-0.18306844
5906,-2531,8224,10897,15486,15235,-2295,0.53,0.72,8218.31824,0.530693416,10869.154,0.713433147,-0.182739731
5907,-2531,8224,10893,15491,15223,-2501,0.53,0.72,8218.32489,0.530522554,10864.776,0.713707942,-0.183185388
5908,-2524,8230,10893,15491,15231,-2501,0.53,0.72,8224.32489,0.530909876,10865.028,0.713349616,-0.18243974
5908,-2520,8229,10898,15496,15241,-2501,0.53,0.72,8223.33154,0.530674467,10870.343,0.7132303,-0.182555833
5909,-2514,8232,10889,15501,15237,-2501,0.53,0.71,8226.33819,0.530697258,10861.217,0.712818599,-0.182121342
5910,-2512,8230,10885,15491,15233,-2501,0.53,0.71,8224.32489,0.530909876,10857.091,0.712734918,-0.181825042
5911,-2510,8235,10890,15497,15240,-2501,0.53,0.71,8229.33287,0.531027481,10862.3115,0.712750098,-0.181722618
5912,-2503,8239,10885,15489,15233,-2096,0.53,0.71,8233.32223,0.531559315,10857.091,0.712734918,-0.181175603
5913,-2498,8241,10880,15490,15237,-1470,0.53,0.71,8235.32356,0.5316542,10852.217,0.712227932,-0.180573732
5915,-2487,8249,10883,15493,15237,-845,0.53,0.71,8243.32755,0.532067873,10855.217,0.712424821,-0.180356949
5916,-2484,8257,10874,15496,15237,-220,0.53,0.71,8251.33154,0.532481385,10846.217,0.711834154,-0.179352769
5917,-2475,8260,10877,15493,15245,0,0.53,0.71,8254.32755,0.532777871,10849.469,0.711673926,-0.178896055
5918,-2465,8272,10877,15496,15251,0,0.53,0.71,8266.33154,0.533449377,10849.658,0.711406334,-0.177956957
5919,-2456,8268,10868,15483,15246,0,0.53,0.71,8262.31425,0.533637812,10840.5005,0.711038994,-0.177401181
5920,-2449,8283,10870,15501,15251,0,0.53,0.71,8277.33819,0.533987368,10842.658,0.710947348,-0.17695998
5920,-2437,8288,10861,15499,15251,0,0.53,0.71,8282.33553,0.534378704,10833.658,0.710357222,-0.175978519
5921,-2424,8291,10852,15491,15245,0,0.54,0.71,8285.32489,0.534847646,10824.469,0.710034044,-0.175186398
5922,-2413,8306,10851,15498,15248,-96,0.54,0.71,8300.3342,0.535574539,10823.5635,0.709834962,-0.174260423
5923,-2399,8318,10838,15497,15252,-215,0.54,0.71,8312.33287,0.536383356,10810.6895,0.708804714,-0.172421358
5925,-2382,8320,10836,15486,15253,-334,0.54,0.71,8314.31824,0.536892564,10808.721,0.708629188,-0.171736624
5926,-2370,8334,10828,15498,15248,-453,0.54,0.71,8328.3342,0.537381223,10800.5635,0.708326567,-0.170945344
5927,-2357,8340,10815,15486,15254,-477,0.54,0.71,8334.31824,0.538184053,10787.7525,0.707208109,-0.169024057
5928,-2345,8346,10811,15486,15251,-477,0.54,0.71,8340.31824,0.538571499,10783.658,0.707078749,-0.16850725
5929,-2328,8360,10813,15490,15260,-477,0.54,0.71,8354.32356,0.539336576,10785.9415,0.70681137,-0.167474794
5930,-2315,8368,10805,15491,15253,-477,0.54,0.71,8362.32489,0.539818274,10777.721,0.706596801,-0.166778526
5930,-2301,8373,10805,15491,15255,-477,0.54,0.71,8367.32489,0.540141043,10777.784,0.706508292,-0.16636725
5931,-2286,8393,10788,15496,15258,-477,0.54,0.71,8387.33154,0.541257843,10760.8785,0.705261404,-0.164003561
5932,-2268,8407,10787,15499,15261,-334,0.54,0.71,8401.33553,0.542056618,10759.973,0.70506343,-0.163006811
5933,-2253,8413,10772,15487,15252,-96,0.54,0.71,8407.31957,0.542863019,10744.6895,0.704477413,-0.161614394
5935,-2229,8427,10772,15493,15267,141,0.54,0.71,8421.32755,0.543556932,10745.162,0.703816205,-0.160259273
5936,-2216,8440,10762,15502,15263,380,0.54,0.71,8434.33952,0.544080733,10735.036,0.703337221,-0.159256488
5937,-2198,8448,10762,15486,15273,475,0.55,0.7,8442.31824,0.545158094,10735.351,0.702897335,-0.157739241
5938,-2176,8465,10751,15496,15273,475,0.55,0.7,8459.33154,0.545904204,10724.351,0.70217711,-0.156272906
5939,-2154,8480,10736,15498,15271,475,0.55,0.7,8474.3342,0.546801794,10709.288,0.701282693,-0.154480899
5940,-2138,8494,10723,15495,15267,475,0.55,0.7,8488.33021,0.54781092,10696.162,0.700606668,-0.152795748
5941,-2121,8508,10718,15496,15263,475,0.55,0.7,8502.33154,0.548679113,10691.036,0.700454432,-0.151775319
5942,-2108,8509,10710,15492,15267,475,0.55,0.7,8503.32622,0.548884987,10683.162,0.699755158,-0.150870171
5943,-2087,8519,10717,15490,15284,475,0.55,0.7,8513.32356,0.549601263,10690.6975,0.69946987,-0.149868608
5944,-2074,8534,10703,15497,15278,277,0.55,0.7,8528.33287,0.550321538,10676.5085,0.698815846,-0.148494309
5945,-2055,8549,10686,15493,15268,-198,0.55,0.7,8543.32755,0.551431456,10659.1935,0.698139475,-0.146708019
5946,-2037,8561,10687,15484,15276,-675,0.55,0.7,8555.31558,0.552526193,10660.4455,0.69785582,-0.145329626
5947,-2020,8575,10672,15491,15275,-1151,0.55,0.7,8569.32489,0.553180872,10645.414,0.696917447,-0.143736575
5948,-2010,8579,10671,15489,15270,-1430,0.55,0.7,8573.32223,0.553510377,10644.2565,0.697069843,-0.143559466
5949,-1995,8592,10669,15493,15277,-1429,0.55,0.7,8586.32755,0.554206903,10642.477,0.69663396,-0.142427056
5950,-1982,8592,10662,15493,15281,-1429,0.55,0.7,8586.32755,0.554206903,10635.603,0.696001767,-0.141794864
5950,-1970,8605,10663,15491,15284,-1429,0.56,0.7,8599.32489,0.55511748,10636.6975,0.695936764,-0.140819283
5951,-1961,8612,10650,15484,15274,-1429,0.56,0.7,8606.31558,0.555819916,10623.3825,0.695520656,-0.13970074
5952,-1948,8625,10642,15499,15281,-1537,0.56,0.7,8619.33553,0.556122042,10615.603,0.694692952,-0.13857091
5954,-1939,8630,10642,15491,15282,-1715,0.56,0.7,8624.32489,0.556731321,10615.6345,0.694649555,-0.137918234
5955,-1925,8640,10645,15493,15282,-1894,0.56,0.7,8634.32755,0.557305076,10618.6345,0.694845864,-0.137540788
5956,-1919,8637,10641,15484,15285,-2072,0.56,0.7,8631.31558,0.557434486,10614.729,0.694453974,-0.137019489
5957,-1910,8647,10636,15497,15282,-2144,0.56,0.7,8641.33287,0.557613272,10609.6345,0.694256936,-0.136643665
5958,-1905,8647,10634,15487,15288,-2144,0.56,0.7,8641.31957,0.557972465,10607.8235,0.693866006,-0.135893541
5959,-1894,8658,10636,15491,15297,-2144,0.56,0.7,8652.32489,0.558538822,10610.107,0.693607047,-0.135068225
5960,-1889,8667,10625,15502,15287,-2144,0.56,0.7,8661.33952,0.558724005,10598.792,0.693320599,-0.134596595
5961,-1879,8666,10621,15489,15291,-2144,0.56,0.69,8660.32223,0.559127266,10594.918,0.692885881,-0.133758614
5961,-1868,8671,10617,15484,15294,-2144,0.56,0.69,8665.31558,0.559630301,10591.0125,0.692494606,-0.132864305
5962,-1865,8680,10616,15491,15290,-1977,0.56,0.69,8674.32489,0.559959001,10589.8865,0.692602126,-0.132643124
5963,-1854,8679,10621,15484,15296,-1560,0.56,0.69,8673.31558,0.560146963,10595.0755,0.692669685,-0.132522722
5964,-1844,8691,10607,15480,15287,-1143,0.56,0.69,8685.31026,0.561066554,10580.792,0.692143128,-0.131076574
5965,-1839,8689,10614,15484,15296,-726,0.56,0.69,8683.31558,0.560792791,10588.0755,0.692212049,-0.131419258
5967,-1831,8696,10605,15483,15297,-477,0.56,0.69,8690.31425,0.561281034,10579.107,0.691580506,-0.130299472
5968,-1829,8704,10609,15494,15296,-477,0.56,0.69,8698.32888,0.561399824,10583.0755,0.691885166,-0.130485342
5969,-1819,8708,10602,15485,15296,-477,0.56,0.69,8702.31691,0.561983656,10576.0755,0.69142753,-0.129443874
5970,-1817,8707,10607,15494,15307,-477,0.56,0.69,8701.32888,0.561593448,10581.422,0.691279937,-0.129686489
5971,-1816,8720,10607,15499,15304,-477,0.56,0.69,8714.33553,0.56225147,10581.3275,0.691409272,-0.129157802
5972,-1811,8717,10602,15492,15294,-476,0.56,0.69,8711.32622,0.562311272,10576.0125,0.691513829,-0.129202557
5973,-1813,8717,10606,15489,15297,-477,0.56,0.69,8711.32223,0.562419926,10580.107,0.691645878,-0.129225953
5974,-1813,8723,10606,15492,15300,-477,0.56,0.69,8717.32622,0.562698568,10580.2015,0.691516438,-0.12881787
5974,-1812,8722,10622,15498,15308,-477,0.56,0.69,8716.3342,0.562416712,10596.4535,0.692216717,-0.129800005
5975,-1812,8718,10610,15483,15301,-477,0.56,0.69,8712.31425,0.562701947,10584.233,0.691734723,-0.129032776
5976,-1819,8722,10620,15495,15310,-477,0.56,0.69,8716.33021,0.562525344,10594.5165,0.691999771,-0.129474427
5977,-1823,8715,10623,15494,15312,-477,0.56,0.69,8709.32888,0.562109777,10597.5795,0.692109424,-0.129999647
5979,-1827,8711,10632,15484,15309,-477,0.56,0.69,8705.31558,0.562213613,10606.485,0.692826769,-0.130613156
5980,-1836,8707,10638,15488,15317,-477,0.56,0.69,8701.3209,0.561810492,10612.737,0.692873082,-0.13106259
5981,-1839,8697,10638,15488,15309,-477,0.56,0.69,8691.3209,0.561164831,10612.485,0.693218695,-0.132053864
5982,-1846,8705,10641,15492,15315,-477,0.56,0.69,8699.32622,0.561536678,10615.674,0.693155338,-0.13161866
5983,-1855,8706,10646,15490,15313,-470,0.56,0.7,8700.32356,0.561673567,10620.611,0.693568275,-0.131894708
5984,-1862,8693,10648,15484,15311,-460,0.56,0.7,8687.31558,0.561051122,10622.548,0.693785383,-0.132734261
5984,-1866,8694,10658,15494,15319,-450,0.56,0.7,8688.32888,0.560754413,10632.8,0.694092304,-0.13333789
5985,-1877,8682,10663,15487,15315,-439,0.56,0.7,8676.31957,0.560232425,10637.674,0.694591838,-0.134359413
5986,-1886,8676,10670,15487,15319,-435,0.56,0.7,8670.31957,0.559845004,10644.8,0.694875645,-0.135030641
5987,-1889,8671,10675,15488,15320,-435,0.56,0.7,8665.3209,0.559486112,10649.8315,0.695158714,-0.135672602
5988,-1904,8665,10677,15492,15320,-435,0.56,0.7,8659.32622,0.5589547,10651.8315,0.695289262,-0.136334562
5989,-1912,8665,10685,15494,15322,-435,0.56,0.7,8659.32888,0.558882721,10659.8945,0.695724742,-0.136842021
5991,-1926,8651,10698,15493,15319,-435,0.56,0.7,8645.32755,0.558015075,10672.8,0.69670344,-0.138688366
5992,-1935,8641,10695,15473,15324,-435,0.56,0.7,8635.30095,0.558088344,10669.9575,0.696290623,-0.138202278
5993,-1949,8641,10710,15496,15324,-370,0.56,0.7,8635.33154,0.557261973,10684.9575,0.697269479,-0.140007506
5994,-1960,8628,10721,15490,15335,-261,0.56,0.7,8622.32356,0.556638061,10696.304,0.697509227,-0.140871167
5995,-1972,8621,10728,15485,15327,-153,0.56,0.7,8615.31691,0.556365315,10703.052,0.698313564,-0.141948249
5996,-1987,8608,10733,15481,15328,-44,0.56,0.7,8602.31159,0.555668987,10708.0835,0.698596262,-0.142927275
5997,-2008,8596,10737,15483,15327,0,0.56,0.7,8590.31425,0.554822337,10712.052,0.698900763,-0.144078426
5998,-2021,8580,10749,15486,15326,0,0.55,0.7,8574.31824,0.553681922,10724.0205,0.699727293,-0.146045372
5999,-2041,8565,10766,15467,15337,0,0.55,0.7,8559.29297,0.553390636,10741.367,0.700356458,-0.146965822
6000,-2053,8559,10766,15476,15333,0,0.55,0.7,8553.30494,0.552681891,10741.241,0.700530946,-0.147849056
6001,-2077,8545,10781,15477,15331,0,0.55,0.7,8539.30627,0.551741699,10756.178,0.701596634,-0.149854936
6002,-2088,8539,10794,15488,15337,0,0.55,0.7,8533.3209,0.550963385,10769.367,0.702182109,-0.151218724
6002,-2107,8528,10802,15480,15336,-137,0.55,0.7,8522.31026,0.550536839,10777.3355,0.70274749,-0.152210651
6003,-2127,8518,10807,15488,15332,-364,0.55,0.7,8512.3209,0.549607496,10782.2095,0.703248728,-0.153641232
6004,-2145,8506,10814,15489,15338,-591,0.55,0.71,8500.32223,0.548797355,10789.3985,0.703442333,-0.154644978
6005,-2169,8487,10831,15487,15343,-819,0.55,0.71,8481.31957,0.54764122,10806.556,0.704331356,-0.156690137
6007,-2186,8473,10840,15488,15338,-910,0.55,0.71,8467.3209,0.546702021,10815.3985,0.705137469,-0.158435448
6008,-2209,8460,10853,15486,15345,-910,0.55,0.71,8454.31824,0.545932987,10828.619,0.705677354,-0.159744367
6009,-2225,8451,10865,15491,15338,-910,0.55,0.71,8445.32489,0.545176224,10840.3985,0.706767408,-0.161591183
6010,-2242,8445,10865,15489,15338,-910,0.55,0.71,8439.32223,0.544859076,10840.3985,0.706767408,-0.161908332
6011,-2262,8434,10885,15489,15345,-910,0.54,0.71,8428.32223,0.544148895,10860.619,0.707762724,-0.163613829
6012,-2275,8415,10891,15475,15352,-910,0.54,0.71,8409.30361,0.543412188,10866.8395,0.707845199,-0.164433011
6013,-2290,8413,10903,15487,15348,-1010,0.54,0.71,8407.31957,0.542863019,10878.7135,0.708803329,-0.165940311
6014,-2310,8398,10913,15488,15347,-1178,0.54,0.71,8392.3209,0.541859562,10888.682,0.709499055,-0.167639493
6015,-2324,8392,10919,15492,15350,-1345,0.54,0.71,8386.32622,0.541332702,10894.7765,0.709757427,-0.168424725
6016,-2347,8378,10938,15494,15350,-1513,0.54,0.71,8372.32888,0.540359422,10913.7765,0.710995212,-0.17063579
6017,-2364,8371,10939,15496,15352,-1580,0.54,0.71,8365.33154,0.539838122,10914.8395,0.710971828,-0.171133706
6017,-2388,8356,10949,15494,15350,-1580,0.54,0.71,8350.32888,0.538939517,10924.7765,0.711711824,-0.172772307
6018,-2401,8339,10964,15487,15353,-1580,0.54,0.71,8333.31957,0.538084818,10939.871,0.712555917,-0.1744711
6019,-2425,8318,10980,15484,15355,-1580,0.54,0.72,8312.31558,0.536832574,10955.934,0.713509215,-0.176676641
6020,-2446,8317,10988,15485,15348,-1580,0.54,0.72,8311.31691,0.536733414,10963.7135,0.71434151,-0.177608097
6021,-2463,8295,11001,15472,15352,-1580,0.54,0.72,8289.29962,0.535761351,10976.8395,0.71501039,-0.179249039
6023,-2482,8292,11008,15490,15350,-1580,0.54,0.72,8286.32356,0.534946647,10983.7765,0.715555472,-0.180608825
6024,-2502,8283,11020,15493,15355,-1580,0.53,0.72,8277.32755,0.534262412,10995.934,0.71611423,-0.181851818
6025,-2517,8270,11029,15488,15358,-1580,0.53,0.72,8264.3209,0.533595099,11005.0285,0.716566513,-0.182971413
6026,-2530,8263,11040,15491,15357,-1580,0.53,0.72,8257.32489,0.533040145,11015.997,0.717327408,-0.184287262
6027,-2547,8252,11052,15490,15352,-1580,0.53,0.72,8246.32356,0.532364336,11027.8395,0.718332432,-0.185968097
6028,-2560,8243,11063,15483,15365,-1580,0.53,0.72,8237.31425,0.532023138,11039.249,0.718467231,-0.186444092
6029,-2576,8237,11064,15488,15366,-1580,0.53,0.72,8231.3209,0.531464418,11040.2805,0.718487602,-0.187023185
6030,-2584,8233,11069,15496,15361,-1580,0.53,0.72,8227.33154,0.530932598,11045.123,0.719036716,-0.188104118
6031,-2590,8224,11074,15474,15361,-1580,0.53,0.72,8218.30228,0.531103934,11050.123,0.719362216,-0.188258282
6032,-2602,8216,11078,15482,15362,-1580,0.53,0.72,8210.31292,0.530313456,11054.1545,0.719577822,-0.189264366
6033,-2611,8218,11087,15488,15366,-1414,0.53,0.72,8212.3209,0.530237661,11063.2805,0.719984414,-0.189746752
6034,-2617,8203,11088,15478,15363,-1138,0.53,0.72,8197.3076,0.52961026,11064.186,0.720183948,-0.190573689
6035,-2620,8208,11095,15497,15366,-863,0.53,0.72,8202.33287,0.529285208,11071.2805,0.720505044,-0.191219835
6035,-2633,8201,11098,15484,15364,-587,0.53,0.72,8195.31558,0.529276387,11074.2175,0.720789996,-0.191513609
6037,-2638,8199,11107,15487,15369,-477,0.53,0.72,8193.31957,0.529044978,11083.375,0.721151344,-0.192106366
6038,-2646,8193,11114,15480,15373,-477,0.53,0.72,8187.31026,0.528896012,11090.501,0.721427243,-0.192531231
6039,-2654,8187,11113,15485,15369,-477,0.53,0.72,8181.31691,0.528338192,11089.375,0.72154174,-0.193203547
6040,-2662,8185,11122,15483,15372,-477,0.53,0.72,8179.31425,0.528277094,11098.4695,0.721992551,-0.193715457
6041,-2666,8188,11128,15494,15369,-477,0.53,0.72,8182.32888,0.52809661,11104.375,0.72251773,-0.19442112
6041,-2671,8189,11132,15499,15377,-477,0.53,0.72,8183.33553,0.527991195,11108.627,0.722418352,-0.194427157
6042,-2675,8187,11132,15495,15371,-670,0.53,0.72,8181.33021,0.527998077,11108.438,0.722688049,-0.194689971
6043,-2678,8179,11137,15483,15375,-992,0.53,0.72,8173.31425,0.527889572,11113.564,0.722833431,-0.194943858
6044,-2682,8181,11142,15494,15378,-1314,0.53,0.72,8175.32888,0.527644823,11118.6585,0.723023703,-0.19537888
6046,-2690,8184,11150,15494,15380,-1637,0.53,0.72,8178.32888,0.527838446,11126.7215,0.723453934,-0.195615488
6047,-2687,8177,11152,15482,15379,-1766,0.53,0.73,8171.31292,0.527794401,11128.69,0.723628975,-0.195834573
6048,-2690,8181,11148,15488,15378,-1766,0.53,0.72,8175.3209,0.527848715,11124.6585,0.72341387,-0.195565155
6049,-2688,8177,11152,15485,15381,-1766,0.53,0.73,8171.31691,0.527692406,11128.753,0.723538977,-0.19584657
6050,-2690,8180,11158,15484,15385,-1766,0.53,0.73,8174.31558,0.527920149,11134.879,0.723749041,-0.195828893
6051,-2687,8180,11150,15479,15383,-1766,0.53,0.72,8174.30893,0.528090247,11126.816,0.723318988,-0.195228742
6052,-2688,8188,11154,15493,15383,-1766,0.53,0.73,8182.32755,0.528130611,11130.816,0.723579016,-0.195448405
6053,-2683,8193,11153,15490,15382,-1501,0.53,0.73,8187.32356,0.528555427,11129.7845,0.723558998,-0.195003571
6054,-2682,8193,11156,15486,15385,-1059,0.53,0.73,8187.31824,0.528691608,11132.879,0.723619045,-0.194927437
6055,-2670,8203,11156,15488,15385,-618,0.53,0.73,8197.3209,0.52926917,11132.879,0.723619045,-0.194349875
6056,-2673,8198,11151,15484,15384,-177,0.53,0.72,8192.31558,0.529082639,11127.8475,0.723339021,-0.194256382
6057,-2664,8204,11156,15482,15390,0,0.53,0.72,8198.31292,0.529538362,11133.0365,0.723394185,-0.193855823
6058,-2654,8215,11154,15478,15391,0,0.53,0.72,8209.3076,0.530385554,11131.068,0.723219284,-0.19283373
6059,-2645,8225,11149,15484,15387,0,0.53,0.72,8219.31558,0.530826374,11125.942,0.723074154,-0.192247779
6060,-2633,8229,11144,15482,15389,0,0.53,0.72,8223.31292,0.53115314,11121.005,0.722659367,-0.191506227
6061,-2620,8248,11143,15492,15396,0,0.53,0.72,8242.32622,0.532037582,11120.2255,0.72228017,-0.190242588
6061,-2608,8250,11137,15488,15397,0,0.53,0.72,8244.3209,0.532303777,11114.257,0.721845619,-0.189541842
6062,-2599,8265,11130,15487,15395,0,0.53,0.72,8259.31957,0.533306617,11107.194,0.721480611,-0.188173994
6063,-2584,8262,11122,15473,15393,0,0.53,0.72,8256.30095,0.533594064,11099.131,0.721050542,-0.187456479
6065,-2568,8282,11116,15486,15386,0,0.53,0.72,8276.31824,0.534438734,11092.9105,0.720974295,-0.18653556
6066,-2552,8294,11114,15483,15398,0,0.54,0.72,8288.31425,0.535317074,11091.2885,0.720307085,-0.184990012
6067,-2537,8309,11106,15484,15389,0,0.54,0.72,8303.31558,0.536251329,11083.005,0.720190071,-0.183938742
6068,-2522,8327,11108,15489,15406,0,0.54,0.72,8321.32223,0.537240766,11085.5405,0.719559944,-0.182319178
6069,-2503,8331,11102,15479,15403,0,0.54,0.72,8325.30893,0.537845399,11079.446,0.719304421,-0.181459022
6069,-2492,8343,11091,15491,15392,0,0.54,0.72,8337.32489,0.538204434,11068.0995,0.719081308,-0.180876874
6070,-2480,8345,11099,15472,15407,0,0.54,0.72,8339.29962,0.538992995,11076.572,0.718931135,-0.17993814
6071,-2467,8371,11088,15485,15398,0,0.54,0.72,8365.31691,0.540220659,11065.2885,0.718618554,-0.178397895
6073,-2449,8379,11080,15480,15399,-66,0.54,0.72,8373.31026,0.540911516,11057.32,0.718054419,-0.177142904
6074,-2431,8393,11080,15478,15409,-174,0.54,0.72,8387.3076,0.541885748,11057.635,0.717608865,-0.175723117
6075,-2413,8405,11074,15479,15410,-283,0.54,0.72,8399.30893,0.54262607,11051.6665,0.717174984,-0.174548914
6076,-2402,8422,11068,15489,15407,-392,0.54,0.72,8416.32223,0.543374151,11045.572,0.716919063,-0.173544911
6077,-2387,8426,11072,15482,15413,-435,0.54,0.72,8420.31292,0.543877595,11049.761,0.716911763,-0.173034168
6077,-2373,8438,11062,15477,15405,-435,0.55,0.72,8432.30627,0.544828214,11039.509,0.716618565,-0.171790351
6078,-2355,8463,11059,15495,15415,-435,0.55,0.72,8457.33021,0.545810275,11036.824,0.7159795,-0.170169226
6079,-2341,8472,11048,15492,15408,-435,0.55,0.72,8466.32622,0.546496658,11025.6035,0.715576551,-0.169079894
6080,-2325,8485,11046,15486,15411,-435,0.55,0.72,8479.31824,0.547547349,11023.698,0.715313607,-0.167766259
6082,-2308,8494,11041,15484,15413,-435,0.55,0.72,8488.31558,0.548199146,11018.761,0.714900474,-0.166701327
6083,-2303,8503,11044,15486,15415,-566,0.55,0.72,8497.31824,0.548709689,11021.824,0.715006422,-0.166296734
6084,-2292,8516,11048,15491,15424,-783,0.55,0.72,8510.32489,0.549372209,11026.1075,0.714866928,-0.165494719
6085,-2278,8520,11040,15480,15423,-1001,0.55,0.72,8514.31026,0.550020043,11018.076,0.714392531,-0.164372488
6085,-2270,8517,11041,15465,15424,-1218,0.55,0.72,8511.29031,0.550358248,11019.1075,0.71441309,-0.164054842
6086,-2258,8545,11034,15479,15421,-1305,0.55,0.72,8539.30893,0.551670581,11012.013,0.714092017,-0.162421436
6087,-2247,8550,11033,15476,15420,-1305,0.55,0.72,8544.30494,0.552100345,11010.9815,0.714071433,-0.161971088
6088,-2238,8558,11024,15486,15412,-1305,0.55,0.72,8552.31824,0.552261284,11001.7295,0.713841779,-0.161580495
6089,-2227,8566,11026,15481,15417,-1305,0.55,0.72,8560.31159,0.552955984,11003.887,0.713750211,-0.160794227
6091,-2217,8571,11030,15474,15425,-1305,0.55,0.72,8565.30228,0.553528647,11008.139,0.713655689,-0.160127042
6092,-2199,8592,11027,15481,15429,-1305,0.56,0.71,8586.31159,0.554635462,11005.265,0.7132844,-0.158648937
6093,-2194,8601,11022,15479,15426,-1276,0.56,0.71,8595.30893,0.555288386,11000.1705,0.713092863,-0.157804476
6094,-2178,8612,11002,15482,15403,-1228,0.56,0.71,8606.31292,0.555891546,10979.446,0.712812179,-0.156920633
6095,-2165,8619,11021,15481,15427,-1179,0.56,0.71,8613.31159,0.556379536,10999.202,0.712983859,-0.156604324
6096,-2160,8629,11019,15483,15428,-1131,0.56,0.71,8623.31425,0.556953707,10997.2335,0.712810053,-0.155856346
6097,-2157,8634,11016,15485,15427,-1112,0.56,0.71,8628.31691,0.557204838,10994.202,0.712659752,-0.155454915
6098,-2153,8635,11016,15475,15428,-1112,0.56,0.71,8629.30361,0.557628666,10994.2335,0.712615602,-0.154986935
6098,-2140,8647,11015,15478,15426,-1112,0.56,0.71,8641.3076,0.558296136,10993.1705,0.712639083,-0.154342947
6099,-2138,8656,11022,15483,15437,-1112,0.56,0.71,8650.31425,0.558697555,11000.517,0.712607178,-0.153909622
6100,-2134,8662,11029,15484,15438,-1112,0.56,0.71,8656.31558,0.559049056,11007.5485,0.713016485,-0.153967429
6101,-2127,8660,11025,15475,15434,-1112,0.56,0.71,8654.30361,0.559244175,11003.4225,0.712933945,-0.153689769
6102,-2123,8665,11031,15476,15444,-638,0.56,0.71,8659.30494,0.559531206,11009.7375,0.712881216,-0.15335001
6103,-2124,8676,11031,15480,15439,138,0.56,0.71,8670.31026,0.560097562,11009.58,0.713101885,-0.153004323
6104,-2122,8676,11035,15481,15438,916,0.56,0.71,8670.31159,0.560061468,11013.5485,0.713405137,-0.153343668
6105,-2123,8675,11032,15483,15437,1694,0.56,0.71,8669.31425,0.559924708,11010.517,0.713254972,-0.153330264
6106,-2125,8681,11044,15482,15441,1999,0.56,0.72,8675.31292,0.560348335,11022.643,0.713855515,-0.15350718
6107,-2128,8677,11043,15472,15438,1999,0.56,0.72,8671.29962,0.560451113,11021.5485,0.713923339,-0.153472226
6108,-2137,8673,11048,15479,15434,1999,0.56,0.72,8667.30893,0.559939849,11026.4225,0.714424161,-0.154484311
6109,-2146,8670,11064,15481,15443,1999,0.56,0.72,8664.31159,0.559673896,11042.706,0.715062229,-0.155388332
6111,-2154,8671,11073,15475,15437,1999,0.56,0.72,8665.30361,0.559954999,11051.517,0.715910928,-0.155955929
6112,-2170,8662,11082,15477,15445,1999,0.56,0.72,8656.30627,0.559301303,11060.769,0.716139139,-0.156837836
6113,-2183,8658,11092,15486,15439,1462,0.56,0.72,8652.31824,0.558718729,11070.58,0.717052918,-0.158334189
6114,-2194,8637,11109,15461,15454,567,0.56,0.72,8631.28499,0.558261755,11088.0525,0.717487544,-0.159225789
6115,-2209,8646,11120,15489,15453,-327,0.56,0.72,8640.32223,0.557836028,11099.021,0.718243771,-0.160407744
6116,-2227,8645,11127,15494,15445,-1222,0.56,0.72,8639.32888,0.557591899,11105.769,0.719052703,-0.161460804
6117,-2243,8634,11141,15481,15444,-1580,0.56,0.72,8628.31159,0.557348465,11119.7375,0.720003723,-0.162655258
6118,-2258,8629,11156,15484,15448,-1580,0.56,0.72,8623.31558,0.556917824,11134.8635,0.720796446,-0.163878623
6119,-2276,8622,11165,15489,15450,-1580,0.56,0.72,8616.32223,0.556286541,11143.9265,0.721289741,-0.1650032
6120,-2291,8609,11181,15483,15449,-1580,0.56,0.72,8603.31425,0.555661968,11159.895,0.722370056,-0.166708088
6120,-2313,8593,11189,15482,15451,-1580,0.56,0.72,8587.31292,0.554664315,11167.958,0.722798395,-0.16813408
6121,-2326,8591,11209,15481,15459,-1580,0.55,0.73,8585.31159,0.554570867,11188.21,0.723734394,-0.169163527
6122,-2339,8588,11217,15485,15460,-1261,0.55,0.73,8582.31691,0.554234221,11196.2415,0.724207083,-0.169972862
6123,-2359,8578,11234,15485,15464,-734,0.55,0.73,8572.31691,0.553588435,11213.3675,0.725127231,-0.171538796
6125,-2376,8564,11232,15479,15454,-208,0.55,0.73,8558.30893,0.552898051,11211.0525,0.725446648,-0.172548597
6126,-2395,8553,11256,15482,15460,317,0.55,0.73,8547.31292,0.552080669,11235.2415,0.726729722,-0.174649053
6127,-2415,8545,11266,15483,15457,525,0.55,0.73,8539.31425,0.551528402,11245.147,0.727511613,-0.175983211
6128,-2438,8533,11287,15486,15465,525,0.55,0.73,8527.31824,0.550646922,11266.399,0.728509473,-0.177862551
6129,-2456,8518,11304,15479,15471,525,0.55,0.73,8512.30893,0.549926283,11283.588,0.729337987,-0.179411704
6130,-2476,8513,11304,15480,15465,525,0.55,0.73,8507.31026,0.549567846,11283.399,0.729608729,-0.180040883
6131,-2492,8508,11317,15485,15468,525,0.55,0.73,8502.31691,0.549067931,11296.4935,0.730313777,-0.181245846
6132,-2507,8487,11334,15476,15470,525,0.55,0.73,8481.30494,0.548029526,11313.5565,0.731322334,-0.183292808
6132,-2527,8485,11336,15490,15466,37,0.55,0.73,8479.32356,0.547406298,11315.4305,0.731632646,-0.184226348
6133,-2547,8473,11355,15482,15471,-776,0.55,0.73,8467.31292,0.546913378,11334.588,0.732634477,-0.185721099
6134,-2563,8462,11373,15481,15470,-1590,0.55,0.74,8456.31159,0.546238072,11352.5565,0.733843342,-0.18760527
6135,-2587,8449,11383,15479,15464,-2403,0.55,0.74,8443.30893,0.54546863,11362.3675,0.734762513,-0.189293883
6136,-2605,8446,11389,15488,15467,-2728,0.55,0.74,8440.3209,0.544958736,11368.462,0.73501403,-0.190055294
6137,-2626,8429,11411,15478,15476,-2728,0.54,0.74,8423.3076,0.544211629,11390.7455,0.73602646,-0.191814831
6138,-2649,8419,11421,15485,15469,-2728,0.54,0.74,8413.31691,0.543320433,11400.525,0.736991725,-0.193671292
6139,-2671,8393,11437,15475,15469,-2728,0.54,0.74,8387.30361,0.54199054,11416.525,0.738026052,-0.196035512
6141,-2696,8385,11459,15482,15485,-2729,0.54,0.74,8379.31292,0.541229358,11439.029,0.738716758,-0.1974874
6142,-2717,8374,11474,15470,15481,-2728,0.54,0.74,8368.29696,0.540937101,11453.903,0.739868419,-0.198931318
6143,-2741,8361,11483,15480,15479,-2397,0.54,0.74,8355.31026,0.539748725,11462.84,0.740541379,-0.200792654
6144,-2767,8342,11497,15476,15476,-1568,0.54,0.74,8336.30494,0.53866018,11476.7455,0.741583452,-0.202923272
6145,-2787,8336,11520,15482,15488,-739,0.54,0.74,8330.31292,0.538064392,11500.1235,0.742518304,-0.204453912
6146,-2807,8332,11522,15474,15480,89,0.54,0.74,8326.30228,0.538083384,11501.8715,0.743014955,-0.204931571
6147,-2828,8307,11549,15482,15483,587,0.54,0.75,8301.31292,0.536191249,11528.966,0.744620939,-0.20842969
6148,-2853,8289,11551,15476,15478,587,0.54,0.75,8283.30494,0.535235522,11530.8085,0.744980521,-0.209744999
6148,-2885,8275,11572,15476,15477,587,0.53,0.75,8269.30494,0.534330896,11551.777,0.746383472,-0.212052577
6149,-2915,8256,11591,15468,15484,587,0.53,0.75,8250.2943,0.53337822,11570.9975,0.747287361,-0.213909142
6150,-2940,8242,11606,15480,15484,587,0.53,0.75,8236.31026,0.532061386,11585.9975,0.748256103,-0.216194717
6151,-2974,8213,11620,15471,15480,587,0.53,0.75,8207.29829,0.530495656,11599.8715,0.749345704,-0.218850048
6152,-3005,8208,11646,15481,15484,346,0.53,0.75,8202.31159,0.529830863,11625.9975,0.750839415,-0.221008552
6153,-3043,8176,11671,15474,15490,-255,0.53,0.75,8170.30228,0.528001957,11651.1865,0.752174726,-0.224172769
6155,-3078,8152,11704,15470,15492,-856,0.53,0.76,8146.29696,0.526586746,11684.2495,0.754211819,-0.227625073
6156,-3100,8142,11710,15475,15490,-1458,0.53,0.76,8136.30361,0.525770831,11690.1865,0.754692479,-0.228921648
6157,-3129,8139,11716,15488,15484,-1819,0.53,0.76,8133.3209,0.525136938,11695.9975,0.755360211,-0.230223272
6158,-3158,8116,11736,15473,15488,-1819,0.52,0.76,8110.30095,0.524158272,11716.1235,0.756464585,-0.232306313
6159,-3177,8102,11751,15468,15498,-1819,0.52,0.76,8096.2943,0.523422181,11731.4385,0.756964673,-0.233542492
6160,-3203,8089,11761,15486,15492,-1819,0.52,0.76,8083.31824,0.521975865,11741.2495,0.757891137,-0.235915273
6161,-3231,8064,11786,15467,15494,-1819,0.52,0.76,8058.29297,0.520999093,11766.3125,0.759410901,-0.238411808
6162,-3251,8061,11798,15487,15492,-1819,0.52,0.76,8055.31957,0.520134278,11778.2495,0.760279467,-0.240145188
6163,-3272,8052,11820,15482,15501,-1757,0.52,0.76,8046.31292,0.519720509,11800.533,0.761275595,-0.241555086
6164,-3290,8038,11816,15472,15494,-1603,0.52,0.76,8032.29962,0.519150699,11796.3125,0.761347134,-0.242196435
6165,-3309,8031,11838,15474,15499,-1448,0.52,0.76,8025.30228,0.5186314,11818.47,0.762531131,-0.243899731
6166,-3328,8018,11855,15479,15507,-1294,0.52,0.76,8012.30893,0.517624454,11835.722,0.763250274,-0.24562582
6167,-3353,8005,11864,15475,15500,-1201,0.52,0.77,7999.30361,0.516917842,11844.5015,0.764161387,-0.247243545
6168,-3373,7987,11880,15474,15504,-1201,0.52,0.77,7981.30228,0.51578792,11860.6275,0.765004354,-0.249216433
6169,-3395,7981,11892,15483,15501,-1201,0.52,0.77,7975.31425,0.515101353,11872.533,0.765920457,-0.250819104
6170,-3410,7977,11906,15488,15506,-1201,0.52,0.77,7971.3209,0.514677228,11886.6905,0.766586515,-0.251909287
6171,-3432,7973,11916,15486,15508,-1201,0.51,0.77,7967.31824,0.514485228,11896.7535,0.767136542,-0.252651314
6172,-3448,7958,11932,15484,15508,-1201,0.51,0.77,7952.31558,0.513582768,11912.7535,0.768168268,-0.2545855
6173,-3467,7942,11945,15471,15513,-1201,0.51,0.77,7936.29829,0.512979012,11925.911,0.768768839,-0.255789827
6174,-3478,7940,11951,15482,15509,-901,0.51,0.77,7934.31292,0.512486302,11931.785,0.769345864,-0.256859562
6175,-3496,7930,11966,15483,15515,-601,0.51,0.77,7924.31425,0.511807418,11946.974,0.770027328,-0.258219911
6176,-3511,7925,11974,15480,15512,-300,0.51,0.77,7919.31026,0.51158335,11954.8795,0.770685888,-0.259102538
6177,-3527,7917,11990,15480,15517,0,0.51,0.77,7911.31026,0.511066554,11971.037,0.77147883,-0.260412275
6178,-3535,7912,11994,15472,15509,0,0.51,0.77,7906.29962,0.511006956,11974.785,0.772118447,-0.261111492
6179,-3549,7906,12000,15480,15514,0,0.51,0.77,7900.31026,0.51035596,11980.9425,0.772266501,-0.261910541
6180,-3557,7903,12012,15474,15513,0,0.51,0.77,7897.30228,0.51035946,11992.911,0.773087797,-0.262728338
6181,-3565,7899,12031,15473,15525,0,0.51,0.77,7893.30095,0.510133843,12012.289,0.773738422,-0.263604579
6182,-3575,7900,12024,15479,15522,0,0.51,0.77,7894.30893,0.510001223,12005.1945,0.773430905,-0.263429682
6183,-3572,7900,12030,15475,15522,-40,0.51,0.78,7894.30361,0.510132705,12011.1945,0.773817453,-0.263684748
6184,-3580,7901,12033,15482,15513,-140,0.51,0.78,7895.31292,0.509967247,12013.911,0.774441501,-0.264474254
6185,-3582,7894,12038,15462,15517,-240,0.51,0.78,7888.28632,0.510172443,12019.037,0.774572211,-0.264399768
6185,-3579,7896,12039,15460,15521,-340,0.51,0.78,7890.28366,0.510367636,12020.163,0.774445139,-0.264077502
6186,-3582,7891,12044,15454,15526,-400,0.51,0.78,7885.27568,0.510241729,12025.3205,0.774527921,-0.264286192
6187,-3575,7899,12039,15452,15527,-400,0.51,0.78,7893.27302,0.510825331,12020.352,0.774158047,-0.263332716
6188,-3573,7907,12039,15465,15523,-400,0.51,0.78,7901.29031,0.510914343,12020.226,0.774349417,-0.263435074
6190,-3574,7908,12049,15454,15527,-400,0.51,0.78,7902.27568,0.511341768,12030.352,0.774802087,-0.263460319
6191,-3570,7915,12048,15456,15528,-400,0.51,0.78,7909.27834,0.511728671,12029.3835,0.774689818,-0.262961147
6192,-3559,7914,12042,15448,15522,-400,0.51,0.78,7908.2677,0.511928256,12023.1945,0.774590549,-0.262662293
6193,-3559,7922,12039,15459,15521,-542,0.51,0.78,7916.28233,0.512082433,12020.163,0.774445139,-0.262362706
6194,-3554,7916,12045,15436,15528,-897,0.51,0.78,7910.25174,0.512454764,12026.3835,0.774496619,-0.262041855
6195,-3544,7926,12043,15459,15529,-1251,0.51,0.78,7920.28233,0.512341182,12024.415,0.774319982,-0.2619788
6196,-3544,7940,12042,15465,15533,-1606,0.51,0.78,7934.29031,0.513048193,12023.541,0.774064315,-0.261016121
6197,-3541,7944,12048,15469,15541,-1819,0.51,0.78,7938.29563,0.513174454,12029.793,0.774068142,-0.260893688
6198,-3536,7946,12041,15471,15532,-1819,0.51,0.78,7940.29829,0.51323756,12022.5095,0.77404774,-0.26081018
6199,-3530,7950,12043,15470,15534,-1819,0.51,0.78,7944.29696,0.513529215,12024.5725,0.774080887,-0.260551672
6200,-3533,7943,12042,15456,15535,-1819,0.51,0.78,7937.27834,0.513540265,12023.604,0.773968716,-0.260428451
6201,-3530,7959,12050,15478,15538,-1819,0.51,0.78,7953.3076,0.513845949,12031.6985,0.77434023,-0.260494281
6202,-3530,7950,12054,15463,15545,-1819,0.51,0.78,7944.28765,0.513761085,12035.919,0.774263043,-0.260501958
6202,-3526,7959,12046,15469,15533,-1716,0.51,0.78,7953.29563,0.514144135,12027.541,0.774321831,-0.260177696
6203,-3523,7952,12044,15451,15538,-1489,0.51,0.78,7946.27169,0.514288505,12025.6985,0.77395408,-0.259665575
6204,-3527,7949,12050,15444,15540,-1261,0.51,0.78,7943.26238,0.514326753,12031.7615,0.774244627,-0.259917873
6205,-3527,7953,12059,15459,15544,-1034,0.51,0.78,7947.28233,0.514087737,12040.8875,0.774632495,-0.260544758
6207,-3529,7964,12051,15477,15534,-910,0.51,0.78,7958.30627,0.514202124,12032.5725,0.774595886,-0.260393763
6208,-3529,7958,12060,15465,15542,-910,0.51,0.78,7952.29031,0.514212112,12041.8245,0.774792466,-0.260580354
6209,-3532,7963,12065,15472,15545,-910,0.51,0.78,7957.29962,0.514303233,12046.919,0.774970666,-0.260667433
6210,-3530,7969,12073,15483,15552,-910,0.51,0.78,7963.31425,0.51432631,12055.1395,0.775150431,-0.260824121
6211,-3538,7961,12077,15461,15547,-910,0.51,0.78,7955.28499,0.514538839,12058.982,0.775646877,-0.261108038
6212,-3538,7961,12079,15463,15546,-910,0.51,0.78,7955.28765,0.51447246,12060.9505,0.775823395,-0.261350935
6213,-3546,7965,12083,15475,15548,-910,0.51,0.78,7959.30361,0.514333028,12065.0135,0.775984918,-0.26165189
6214,-3548,7952,12091,15454,15547,-909,0.51,0.78,7946.27568,0.514188927,12072.982,0.776547372,-0.262358445
6215,-3547,7972,12093,15499,15550,-910,0.51,0.78,7966.33553,0.513990292,12075.0765,0.776532251,-0.262541959
6216,-3551,7966,12092,15469,15549,-910,0.51,0.78,7960.29563,0.514596653,12074.045,0.776515853,-0.2619192
6217,-3558,7972,12093,15497,15548,-910,0.51,0.78,7966.33287,0.514056454,12075.0135,0.776628087,-0.262571633
6218,-3557,7967,12104,15485,15556,-910,0.51,0.78,7961.31691,0.514130895,12086.2655,0.776952012,-0.262821117
6219,-3565,7964,12117,15477,15565,-910,0.51,0.78,7958.30627,0.514202124,12099.549,0.777356184,-0.26315406
6220,-3569,7971,12113,15494,15558,-910,0.51,0.78,7965.32888,0.514091189,12095.3285,0.777434664,-0.263343475
6221,-3574,7958,12116,15480,15552,-910,0.51,0.78,7952.31026,0.513715133,12098.1395,0.777915349,-0.264200215
6222,-3578,7953,12121,15476,15559,-910,0.51,0.78,7947.30494,0.513524486,12103.36,0.777900893,-0.264376408
6223,-3587,7962,12141,15507,15570,-977,0.51,0.78,7956.34617,0.513080942,12123.7065,0.778658092,-0.26557715
6224,-3589,7954,12134,15484,15564,-1144,0.51,0.78,7948.31558,0.513324437,12116.5175,0.77849637,-0.265171933
6225,-3597,7954,12139,15495,15566,-1312,0.51,0.78,7948.33021,0.512960969,12121.5805,0.778721605,-0.265760636
6226,-3615,7941,12145,15496,15558,-1479,0.51,0.78,7935.33154,0.512089026,12127.3285,0.779491483,-0.267402458
6227,-3622,7927,12150,15473,15560,-1580,0.51,0.78,7921.30095,0.511943447,12132.3915,0.779716677,-0.267773231
6228,-3635,7912,12165,15469,15567,-1580,0.51,0.78,7906.29563,0.511105801,12147.612,0.780343804,-0.269238004
6229,-3648,7915,12167,15488,15565,-1580,0.51,0.78,7909.3209,0.510674128,12149.549,0.780568519,-0.269894391
6230,-3660,7913,12180,15496,15567,-1580,0.51,0.78,7907.33154,0.510282108,12162.612,0.781307381,-0.271025273
6231,-3672,7891,12186,15471,15564,-1580,0.51,0.78,7885.29829,0.509682521,12168.5175,0.781837413,-0.272154892
6232,-3684,7890,12185,15470,15560,-1580,0.51,0.78,7884.29696,0.509650741,12167.3915,0.781966035,-0.272315294
6233,-3703,7870,12196,15473,15567,-1588,0.51,0.78,7864.30095,0.50825961,12178.612,0.782335196,-0.274075586
6234,-3722,7872,12211,15496,15575,-1610,0.51,0.78,7866.33154,0.507636264,12193.864,0.782912616,-0.275276353
6235,-3729,7860,12220,15497,15563,-1632,0.51,0.79,7854.33287,0.506829249,12202.486,0.784070295,-0.277241046
6236,-3762,7823,12242,15465,15577,-1654,0.51,0.79,7817.29031,0.505482723,12224.927,0.784806253,-0.27932353
6237,-3775,7825,12249,15475,15578,-1668,0.51,0.79,7819.30361,0.505286178,12231.9585,0.785207247,-0.279921069
6238,-3800,7800,12258,15459,15582,-1668,0.5,0.79,7794.28233,0.50419059,12241.0845,0.785591355,-0.281400765
6239,-3824,7787,12269,15461,15573,-1668,0.5,0.79,7781.28499,0.503284716,12251.801,0.786733513,-0.283448797
6240,-3853,7762,12288,15462,15573,-1668,0.5,0.79,7756.28632,0.501635385,12270.801,0.787953573,-0.286318189
6241,-3887,7740,12305,15466,15572,-1668,0.5,0.79,7734.29164,0.500083515,12287.7695,0.789093854,-0.28901034
6242,-3919,7711,12329,15457,15587,-1668,0.5,0.79,7705.27967,0.498497747,12312.242,0.789904536,-0.291406789
6243,-3955,7704,12347,15474,15584,-1631,0.5,0.79,7698.30228,0.497499178,12330.1475,0.791205563,-0.293706385
6244,-3989,7683,12364,15490,15579,-1541,0.5,0.79,7677.32356,0.495630959,12346.99,0.7925406,-0.29690964
6245,-4031,7660,12371,15499,15577,-1450,0.49,0.79,7654.33553,0.493859961,12353.927,0.793087693,-0.299227733
6246,-4068,7615,12394,15454,15578,-1360,0.49,0.8,7609.27568,0.492382275,12376.9585,0.794515246,-0.302132971
6247,-4117,7583,12420,15462,15583,-1305,0.49,0.8,7577.28632,0.490058616,12403.116,0.795938908,-0.305880292
6248,-4155,7548,12443,15458,15577,-1305,0.49,0.8,7542.281,0.487920882,12425.927,0.797709893,-0.30978901
6249,-4197,7518,12466,15461,15578,-1305,0.49,0.8,7512.28499,0.4858861,12448.9585,0.799137149,-0.313251049
6250,-4240,7500,12485,15478,15581,-1305,0.48,0.8,7494.3076,0.484190955,12468.053,0.80020878,-0.316017825
6251,-4282,7464,12509,15459,15579,-1305,0.48,0.8,7458.28233,0.482455678,12491.99,0.801848001,-0.319392322
6252,-4324,7447,12517,15462,15585,-1305,0.48,0.8,7441.28632,0.481262859,12500.179,0.802064742,-0.320801883
6253,-4379,7402,12547,15466,15588,-1227,0.48,0.8,7396.29164,0.478229125,12530.2735,0.803840999,-0.325611875
6254,-4431,7361,12578,15473,15586,-1033,0.48,0.81,7355.30095,0.475363598,12561.2105,0.805929071,-0.330565473
6255,-4466,7326,12587,15459,15578,-838,0.47,0.81,7320.28233,0.47352884,12569.9585,0.806904513,-0.333375673
6256,-4531,7281,12617,15464,15574,-644,0.47,0.81,7275.28898,0.470466178,12599.8325,0.809029954,-0.338563776
6257,-4572,7261,12642,15466,15578,-527,0.47,0.81,7255.29164,0.469112352,12624.9585,0.810435133,-0.341322781
6258,-4617,7234,12661,15455,15586,-527,0.47,0.81,7228.27701,0.467698286,12644.2105,0.811254363,-0.343556077
6259,-4672,7189,12679,15455,15566,-527,0.47,0.81,7183.27701,0.464786607,12661.5805,0.813412598,-0.348625991
6260,-4730,7154,12721,15465,15594,-527,0.46,0.82,7148.29031,0.462223751,12704.4625,0.814701969,-0.352478218
6261,-4793,7102,12733,15467,15564,-527,0.46,0.82,7096.29297,0.458802157,12715.5175,0.81698262,-0.358180463
6262,-4852,7060,12775,15458,15582,-527,0.46,0.82,7054.281,0.456351468,12758.0845,0.818770665,-0.362419196
6263,-4909,7017,12800,15461,15574,-557,0.45,0.82,7011.28499,0.453481986,12782.8325,0.820780307,-0.367298321
6264,-4965,6984,12822,15474,15572,-634,0.45,0.82,6978.30228,0.450969515,12804.7695,0.822294471,-0.371324956
6265,-5014,6951,12842,15461,15573,-711,0.45,0.82,6945.28499,0.449213181,12824.801,0.823527965,-0.374314784
6266,-5079,6908,12862,15471,15569,-788,0.45,0.83,6902.29829,0.446144289,12844.675,0.825016058,-0.378871769
6267,-5127,6865,12906,15464,15588,-834,0.44,0.83,6859.28898,0.443564988,12889.2735,0.826871536,-0.383306547
6268,-5188,6821,12929,15457,15583,-834,0.44,0.83,6815.27967,0.440918656,12912.116,0.828602708,-0.387684052
6269,-5232,6794,12946,15463,15580,-834,0.44,0.83,6788.28765,0.439001982,12929.0215,0.829847336,-0.390845354
6270,-5280,6743,12963,15456,15578,-834,0.44,0.83,6737.27834,0.435900514,12945.9585,0.831041116,-0.395140602
6271,-5337,6727,12986,15464,15575,-834,0.44,0.83,6721.28898,0.434641036,12968.864,0.832671846,-0.39803081
6272,-5382,6695,13014,15467,15584,-834,0.43,0.84,6689.29297,0.432488069,12997.1475,0.834005871,-0.401517802
6273,-5443,6647,13034,15462,15581,-751,0.43,0.84,6641.28632,0.42952311,13017.053,0.835444002,-0.405920893
6274,-5497,6598,13061,15462,15577,-542,0.43,0.84,6592.28632,0.42635405,13043.927,0.837383771,-0.411029721
6275,-5550,6560,13093,15467,15582,-334,0.42,0.84,6554.29297,0.423759809,13076.0845,0.839178828,-0.415419019
6276,-5600,6518,13125,15453,15600,-125,0.42,0.84,6512.27435,0.4214246,13108.6515,0.840298173,-0.418873573
6277,-5653,6488,13149,15468,15601,0,0.42,0.84,6482.2943,0.419077728,13132.683,0.841784693,-0.422706965
6278,-5704,6457,13157,15463,15593,0,0.42,0.84,6451.28765,0.417208022,13140.431,0.842713461,-0.425505439
6279,-5751,6424,13187,15464,15601,0,0.42,0.85,6418.28898,0.41504714,13170.683,0.844220435,-0.429173294
6280,-5802,6381,13202,15461,15595,0,0.41,0.85,6375.28499,0.412346225,13185.494,0.845494966,-0.433148741
6281,-5843,6355,13219,15467,15591,0,0.41,0.85,6349.29297,0.410505785,13202.368,0.846794176,-0.436288392
6282,-5885,6317,13237,15482,15606,0,0.41,0.85,6311.31292,0.407654884,13220.8405,0.847163943,-0.439509059
6283,-5920,6289,13244,15480,15594,0,0.41,0.85,6283.31026,0.405898596,13227.4625,0.848240509,-0.442341914
6284,-5951,6272,13243,15480,15580,0,0.41,0.85,6266.31026,0.404800404,13226.0215,0.848910237,-0.444109833
6285,-5987,6246,13264,15473,15592,0,0.4,0.85,6240.30095,0.403302588,13247.3995,0.849627982,-0.446325394
6286,-6018,6221,13280,15478,15593,0,0.4,0.85,6215.3076,0.40155754,13263.431,0.850601616,-0.449044076
6287,-6047,6195,13290,15470,15595,0,0.4,0.85,6189.29696,0.400083837,13273.494,0.851137801,-0.451053963
6288,-6075,6155,13294,15465,15598,0,0.4,0.85,6149.29031,0.397626273,13277.5885,0.851236601,-0.453610328
6289,-6098,6143,13303,15463,15603,0,0.4,0.85,6137.28765,0.396901484,13286.746,0.851550727,-0.454649243
6290,-6117,6126,13305,15468,15592,0,0.4,0.85,6120.2943,0.395674573,13288.3995,0.852257536,-0.456582963
6291,-6135,6106,13306,15467,15603,0,0.39,0.85,6100.29297,0.394406994,13289.746,0.851742998,-0.457336005
6292,-6150,6103,13302,15481,15588,0,0.39,0.85,6097.31159,0.393857735,13285.2735,0.852275693,-0.458417958
6293,-6161,6084,13309,15472,15598,42,0.39,0.85,6078.29962,0.392858042,13292.5885,0.852198263,-0.459340221
6294,-6168,6073,13279,15479,15576,151,0.39,0.85,6067.30893,0.391970342,13261.8955,0.851431401,-0.459461058
6295,-6170,6062,13294,15479,15600,259,0.39,0.85,6056.30893,0.391259702,13277.6515,0.851131506,-0.459871804
6296,-6176,6057,13296,15471,15622,368,0.39,0.85,6051.29829,0.391138148,13280.3445,0.850105268,-0.45896712
6297,-6174,6053,13276,15481,15611,433,0.39,0.85,6047.31159,0.390627969,13259.998,0.849400935,-0.458772966
6298,-6166,6043,13262,15477,15595,433,0.39,0.85,6037.30627,0.390082462,13245.494,0.849342353,-0.459259891
6299,-6153,6039,13258,15472,15598,433,0.39,0.85,6033.29962,0.389949562,13241.5885,0.848928613,-0.458979051
6300,-6150,6044,13246,15486,15601,433,0.39,0.85,6038.31824,0.389921106,13229.683,0.848002243,-0.458081138
6301,-6135,6051,13244,15478,15623,433,0.39,0.85,6045.3076,0.390574209,13228.376,0.846724445,-0.456150236
6302,-6111,6058,13227,15483,15628,433,0.39,0.85,6052.31425,0.390900617,13211.5335,0.845375832,-0.454475215
6303,-6096,6066,13189,15477,15612,346,0.39,0.84,6060.30627,0.391568538,13173.0295,0.84377591,-0.452207371
6303,-6057,6071,13168,15482,15622,129,0.39,0.84,6065.31292,0.391765464,13152.3445,0.841911695,-0.450146231
6304,-6025,6084,13144,15482,15612,-87,0.39,0.84,6078.31292,0.392605149,13128.0295,0.840893511,-0.448288362
6306,-5989,6105,13101,15487,15597,-305,0.39,0.84,6099.31957,0.393834801,13084.557,0.838914984,-0.445080182
6307,-5945,6123,13094,15478,15616,-435,0.4,0.84,6117.3076,0.395225972,13078.1555,0.837484343,-0.442258371
6308,-5892,6160,13042,15480,15620,-435,0.4,0.83,6154.31026,0.397565262,13026.2815,0.83394888,-0.436383617
6309,-5828,6186,13000,15476,15629,-435,0.4,0.83,6180.30494,0.399347696,12984.565,0.830799475,-0.43145178
6310,-5762,6218,12928,15465,15608,-435,0.4,0.83,6212.29031,0.401699988,12911.9035,0.827261885,-0.425561897
6311,-5698,6265,12873,15492,15604,-435,0.4,0.82,6259.32622,0.404036033,12856.7775,0.823941137,-0.419905104
6312,-5631,6268,12851,15480,15600,-435,0.4,0.82,6262.31026,0.404542006,12834.6515,0.822734071,-0.418192064
6313,-5565,6323,12803,15477,15604,-392,0.41,0.82,6317.30627,0.408173824,12786.7775,0.819455108,-0.411281284
6314,-5487,6372,12759,15481,15616,-283,0.41,0.82,6366.31159,0.411233873,12743.1555,0.816031986,-0.404798113
6315,-5396,6427,12688,15490,15622,-174,0.41,0.81,6421.32356,0.414546389,12672.3445,0.811185796,-0.396639407
6316,-5316,6474,12620,15486,15602,-66,0.42,0.81,6468.31824,0.417688121,12603.7145,0.807826849,-0.390138728
6317,-5227,6513,12560,15492,15602,-1,0.42,0.81,6507.32622,0.420044295,12543.7145,0.803981188,-0.383936893
6318,-5143,6555,12507,15483,15603,0,0.42,0.8,6549.31425,0.423000339,12490.746,0.800534897,-0.377534558
6319,-5063,6588,12504,15494,15612,0,0.43,0.8,6582.32888,0.42483083,12488.0295,0.799899404,-0.375068574
6320,-4939,6672,12406,15490,15605,0,0.43,0.8,6666.32356,0.430363045,12389.809,0.79396405,-0.363601005
6321,-4836,6755,12313,15491,15606,0,0.44,0.79,6749.32489,0.435693299,12296.8405,0.787955946,-0.352262648
6322,-4695,6846,12209,15491,15598,0,0.44,0.78,6840.32489,0.441567677,12192.5885,0.781676401,-0.340108723
6323,-4556,6911,12127,15507,15608,-264,0.45,0.78,6905.34617,0.445305099,12110.9035,0.775942049,-0.33063695
6324,-4459,6949,12093,15496,15602,-922,0.45,0.78,6943.33154,0.448072505,12076.7145,0.774049128,-0.325976623
6325,-4293,7030,12000,15489,15603,-1580,0.45,0.77,7024.32223,0.453503921,11983.746,0.768041146,-0.314537225
6326,-4184,7092,11950,15502,15606,-2238,0.46,0.77,7086.33952,0.457124211,11933.8405,0.764695662,-0.307571451
6327,-4035,7197,11843,15497,15596,-2633,0.46,0.76,7191.33287,0.464046775,11826.5255,0.758305046,-0.294258271
6328,-3886,7270,11768,15489,15612,-2633,0.47,0.75,7264.32223,0.468998788,11752.0295,0.752756181,-0.283757393
6329,-3746,7387,11640,15482,15611,-2633,0.48,0.75,7381.31292,0.476767402,11623.998,0.744603036,-0.267835634
6330,-3586,7453,11550,15490,15601,-2633,0.48,0.74,7447.32356,0.48078267,11533.683,0.739291263,-0.258508593
6331,-3439,7575,11443,15502,15603,-2633,0.49,0.73,7569.33952,0.488281481,11426.746,0.732342883,-0.244061402
6332,-3266,7615,11392,15496,15609,-2633,0.49,0.73,7609.33154,0.491051338,11375.935,0.728806137,-0.237754799
6333,-3139,7709,11323,15483,15600,-2429,0.5,0.73,7703.31425,0.497533698,11306.6515,0.724785353,-0.227251654
6334,-2934,7860,11164,15504,15599,-1917,0.51,0.72,7854.34218,0.506601018,11147.62,0.714636836,-0.208035818
6335,-2787,7937,11066,15485,15601,-1406,0.51,0.71,7931.31691,0.512193536,11049.683,0.708267611,-0.196074075
6336,-2598,8075,10927,15513,15596,-895,0.52,0.7,8069.35415,0.520167224,10910.5255,0.699572038,-0.179404813
6337,-2428,8133,10847,15501,15606,-589,0.52,0.7,8127.33819,0.524310573,10830.8405,0.694017718,-0.169707145
6338,-2256,8206,10785,15498,15599,-589,0.53,0.69,8200.3342,0.529122093,10768.62,0.690340406,-0.161218313
6339,-2094,8298,10706,15497,15604,-589,0.54,0.69,8292.33287,0.535092784,10689.7775,0.685066489,-0.149973706
6340,-1935,8416,10588,15506,15594,-589,0.54,0.68,8410.34484,0.542392934,10571.4625,0.67791859,-0.135525656
6341,-1728,8566,10438,15497,15596,-589,0.55,0.67,8560.33287,0.552386454,10421.5255,0.668217844,-0.115831391
6341,-1567,8672,10323,15501,15598,-589,0.56,0.66,8666.33819,0.559082523,10306.5885,0.660763463,-0.10168094
6342,-1366,8797,10199,15497,15595,-824,0.57,0.65,8791.33287,0.567292564,10182.494,0.652933248,-0.085640683
6343,-1172,8893,10061,15492,15587,-1412,0.57,0.65,8887.32622,0.573671974,10044.242,0.644398666,-0.070726692
6344,-977,8955,10017,15495,15599,-2001,0.58,0.64,8949.33021,0.577562453,10000.62,0.641106481,-0.063544028
6346,-759,9087,9919,15503,15607,-2589,0.59,0.64,9081.34085,0.585779581,9902.872,0.634514769,-0.048735188
6347,-548,9262,9763,15504,15601,-2942,0.6,0.63,9256.34218,0.597029294,9746.683,0.624747324,-0.02771803
6348,-345,9385,9626,15494,15596,-2942,0.61,0.62,9379.32888,0.605352322,9609.5255,0.616153212,-0.01080089
6349,-176,9502,9487,15493,15598,-2942,0.61,0.61,9496.32755,0.612943107,9470.5885,0.607166848,0.005776258
6350,19,9591,9392,15501,15599,-2943,0.62,0.6,9585.33819,0.618369021,9375.62,0.60103981,0.01732921
6351,182,9651,9325,15496,15597,-2943,0.62,0.6,9645.33154,0.622440084,9308.557,0.596817144,0.02562294
6352,389,9780,9220,15504,15600,-2942,0.63,0.59,9774.34218,0.630440027,9203.6515,0.58997766,0.040462367
6353,583,9887,9121,15500,15597,-2870,0.64,0.58,9881.33686,0.637505604,9104.557,0.583737706,0.053767898
6354,827,10078,8952,15503,15600,-2691,0.65,0.57,10072.34085,0.649702693,8935.6515,0.572798173,0.07690452
6355,1030,10203,8826,15504,15614,-2511,0.66,0.57,10197.34218,0.657723309,8810.0925,0.564243147,0.093480162
6356,1206,10311,8701,15505,15606,-2331,0.67,0.56,10305.34351,0.66464647,8684.8405,0.556506504,0.108139966
6357,1397,10407,8593,15510,15601,-2223,0.67,0.55,10401.35016,0.67062219,8576.683,0.549752131,0.120870058
6358,1593,10498,8507,15497,15610,-2223,0.68,0.54,10492.33287,0.677055744,8490.9665,0.543944042,0.133111702
6359,1804,10613,8415,15504,15608,-2223,0.68,0.54,10607.34218,0.684168097,8398.9035,0.538115293,0.146052804
6360,1984,10739,8305,15509,15623,-2223,0.69,0.53,10733.34883,0.69207227,8289.376,0.530587979,0.16148429
6361,2132,10860,8176,15510,15603,-2223,0.7,0.52,10854.35016,0.699829153,8159.746,0.522960072,0.176869081
6362,2327,10952,8079,15501,15606,-2223,0.71,0.52,10946.33819,0.706169808,8062.8405,0.516650038,0.189519769
6362,2505,11073,7953,15514,15602,-2084,0.71,0.51,11067.35548,0.713378592,7936.7145,0.508698532,0.20468006
6363,2719,11189,7818,15497,15610,-1637,0.72,0.5,11183.33287,0.72164502,7801.9665,0.499805669,0.22183935
6364,2907,11274,7744,15502,15617,-1190,0.73,0.5,11268.33952,0.726895853,7728.187,0.494857335,0.232038518
6365,3125,11423,7610,15510,15617,-743,0.74,0.49,11417.35016,0.736128315,7594.187,0.486276942,0.249851373
6366,3311,11517,7525,15505,15611,-435,0.74,0.48,11511.34351,0.74242783,7508.998,0.481006854,0.261420976
6367,3548,11704,7361,15509,15613,-435,0.75,0.47,11698.34883,0.754294205,7345.061,0.470445206,0.283848999
6369,3758,11834,7219,15511,15626,-435,0.76,0.46,11828.35149,0.762578266,7203.4705,0.460992608,0.301585658
6370,3953,11919,7114,15507,15621,-435,0.77,0.46,11913.34617,0.768256024,7098.313,0.454408361,0.313847664
6371,4119,11993,7024,15498,15613,-435,0.77,0.45,11987.3342,0.773476203,7008.061,0.448860629,0.324615574
6372,4254,12086,6939,15497,15617,-435,0.78,0.44,12080.33287,0.77952719,6923.187,0.443310943,0.336216247
6373,4411,12143,6888,15503,15623,-475,0.78,0.44,12137.34085,0.782902719,6872.376,0.43988837,0.343014349
6374,4566,12270,6786,15502,15632,-575,0.79,0.43,12264.33952,0.791145628,6770.6595,0.433128167,0.358017461
6375,4734,12374,6662,15497,15617,-675,0.8,0.43,12368.33287,0.798111433,6646.187,0.425573862,0.372537571
6375,4873,12464,6572,15514,15611,-774,0.8,0.42,12458.35548,0.803039544,6555.998,0.419960156,0.383079387
6376,5010,12507,6509,15492,15637,-834,0.81,0.42,12501.32622,0.806953668,6493.817,0.415285349,0.391668319
6377,5139,12574,6435,15492,15625,-834,0.81,0.41,12568.32622,0.811278481,6419.439,0.410844096,0.400434385
6378,5298,12661,6356,15492,15632,-834,0.82,0.41,12655.32622,0.816894282,6340.6595,0.40562049,0.411273792
6380,5435,12764,6276,15503,15622,-834,0.82,0.4,12758.34085,0.822959482,6260.3445,0.40073899,0.422220492
6380,5581,12862,6174,15500,15619,-834,0.83,0.4,12856.33686,0.829441088,6158.25,0.394279403,0.435161684
6381,5695,12900,6114,15488,15622,-834,0.83,0.39,12894.3209,0.832536215,6098.3445,0.390368999,0.442167216
6382,5820,12984,6033,15482,15624,-834,0.84,0.39,12978.31292,0.838284002,6017.4075,0.385138729,0.453145273
6383,5930,13043,5965,15489,15623,-762,0.84,0.38,13037.32223,0.841714909,5949.376,0.380808808,0.460906102
6384,6032,13082,5919,15488,15631,-673,0.84,0.38,13076.3209,0.844287248,5903.628,0.37768716,0.466600088
6385,6133,13151,5866,15496,15625,-584,0.85,0.38,13145.33154,0.848304823,5850.439,0.374428096,0.473876727
6386,6217,13199,5813,15489,15628,-495,0.85,0.37,13193.32223,0.851786573,5797.5335,0.370970918,0.480815655
6387,6301,13253,5750,15494,15633,-477,0.86,0.37,13247.32888,0.854997346,5734.691,0.366832406,0.48816494
6388,6378,13294,5712,15496,15643,-477,0.86,0.37,13288.33154,0.857533011,5697.006,0.364188838,0.493344173
6389,6442,13325,5668,15483,15640,-477,0.86,0.36,13319.31425,0.860254101,5652.9115,0.361439354,0.498814747
6391,6499,13333,5639,15476,15651,-477,0.86,0.36,13327.30494,0.861159533,5624.258,0.359354546,0.501804987
6392,6538,13357,5618,15487,15639,-477,0.86,0.36,13351.31957,0.862098506,5602.88,0.358263316,0.50383519
6393,6574,13373,5602,15489,15640,-646,0.86,0.36,13367.32223,0.863020352,5586.9115,0.357219405,0.505800946
6394,6597,13380,5582,15486,15634,-1071,0.86,0.36,13374.31824,0.863639303,5566.7225,0.356065146,0.507574156
6395,6611,13381,5571,15480,15647,-1495,0.86,0.36,13375.31026,0.86403813,5556.132,0.355092478,0.508945653
6396,6614,13392,5569,15493,15649,-1920,0.86,0.36,13386.32755,0.86402424,5554.195,0.354923318,0.509100922
6397,6615,13376,5566,15487,15649,-2175,0.86,0.36,13370.31957,0.863325342,5551.195,0.354731612,0.50859373
6398,6597,13367,5568,15491,15644,-2175,0.86,0.36,13361.32489,0.86252178,5553.0375,0.354962765,0.507559014
6399,6584,13350,5575,15490,15648,-2175,0.86,0.36,13344.32356,0.861479894,5560.1635,0.355327422,0.506152472
6400,6550,13309,5591,15473,15648,-2175,0.86,0.36,13303.30095,0.859775153,5576.1635,0.356349917,0.503425237
6400,6514,13287,5603,15484,15653,-2175,0.86,0.36,13281.31558,0.857744483,5588.321,0.357012777,0.500731706
6401,6454,13225,5644,15485,15654,-2175,0.85,0.36,13219.31691,0.853685303,5629.3525,0.359611122,0.494074181
6403,6396,13182,5675,15476,15648,-1910,0.85,0.36,13176.30494,0.85140249,5660.1635,0.361718015,0.489684475
6404,6330,13147,5707,15481,15656,-1258,0.85,0.36,13141.31159,0.848867101,5692.4155,0.363593223,0.485273878
6405,6263,13091,5741,15483,15660,-605,0.85,0.37,13085.31425,0.845140751,5726.5415,0.365679534,0.479461217
6406,6172,13038,5776,15484,15660,46,0.84,0.37,13032.31558,0.841663367,5761.5415,0.367914527,0.47374884
6407,6068,12966,5826,15475,15659,433,0.84,0.37,12960.30361,0.837499426,5811.51,0.371129063,0.466370362
6408,5965,12872,5889,15474,15661,433,0.83,0.38,12866.30228,0.831478757,5874.573,0.375108422,0.456370334
6409,5855,12801,5959,15480,15667,433,0.83,0.38,12795.31026,0.82657043,5944.762,0.37944482,0.44712561
6410,5747,12726,6015,15458,15666,433,0.82,0.38,12720.281,0.822893065,6000.7305,0.383041651,0.439851414
6411,5657,12676,6061,15480,15659,433,0.82,0.39,12670.31026,0.818495495,6046.51,0.386136407,0.432359088
6412,5545,12622,6110,15469,15667,433,0.82,0.39,12616.29563,0.815585728,6095.762,0.389082913,0.426502815
6413,5429,12530,6168,15473,15668,342,0.81,0.39,12524.30095,0.80942939,6153.7935,0.392761903,0.416667487
6414,5290,12430,6246,15465,15674,114,0.8,0.4,12424.29031,0.803381203,6231.9825,0.397600006,0.405781197
6415,5149,12325,6326,15466,15680,-112,0.8,0.4,12319.29164,0.796540259,6312.1715,0.402561958,0.393978301
6416,4979,12176,6448,15459,15673,-340,0.79,0.41,12170.28233,0.78726194,6433.951,0.410511772,0.376750168
6417,4839,12143,6500,15462,15670,-477,0.79,0.41,12137.28632,0.784975186,6485.8565,0.413902776,0.37107241
6418,4698,12055,6576,15473,15679,-477,0.78,0.42,12049.30095,0.778730754,6562.14,0.418530519,0.360200235
6419,4557,11948,6644,15466,15672,-477,0.77,0.42,11942.29164,0.772164208,6629.9195,0.423042337,0.349121871
6420,4400,11850,6738,15461,15671,-477,0.77,0.43,11844.28499,0.766074962,6723.888,0.429065663,0.337009299
6421,4216,11743,6820,15471,15683,-477,0.76,0.43,11737.29829,0.758664488,6806.266,0.433990053,0.324674435
6422,4048,11600,6939,15467,15682,-477,0.75,0.44,11594.29297,0.749614855,6925.2345,0.441604036,0.308010819
6423,3854,11488,7053,15461,15682,-679,0.74,0.45,11482.28499,0.742661211,7039.2345,0.448873517,0.293787694
6424,3709,11387,7129,15455,15684,-1185,0.74,0.45,11381.27701,0.736413912,7115.2975,0.453665997,0.282747915
6425,3544,11318,7211,15459,15688,-1691,0.73,0.46,11312.28233,0.73176029,7197.4235,0.458785282,0.272975009
6426,3361,11201,7289,15457,15679,-2197,0.72,0.46,11195.27967,0.724285416,7275.14,0.464005357,0.260280058
6427,3187,11082,7396,15457,15683,-2501,0.72,0.47,11076.27967,0.716586638,7382.266,0.47071772,0.245868919
6428,3006,10950,7501,15456,15681,-2501,0.71,0.48,10944.27834,0.708092543,7487.203,0.47746974,0.230622802
6429,2823,10829,7603,15457,15681,-2501,0.7,0.48,10823.27967,0.70021865,7589.203,0.483974428,0.216244222
6430,2643,10708,7719,15457,15695,-2501,0.69,0.49,10702.27967,0.692390481,7705.644,0.490961708,0.201428774
6430,2447,10621,7818,15457,15687,-2501,0.69,0.5,10615.27967,0.686761964,7804.392,0.49750698,0.189254983
6431,2269,10513,7901,15447,15689,-2501,0.68,0.5,10507.26637,0.680214046,7887.455,0.502737906,0.177476141
6432,2047,10344,8038,15453,15697,-2250,0.67,0.51,10338.27435,0.669014065,8024.707,0.511225521,0.157788544
6433,1844,10242,8142,15450,15696,-1625,0.66,0.52,10236.27036,0.662541771,8128.6755,0.517881976,0.144659795
6435,1646,10079,8278,15452,15702,-1000,0.65,0.53,10073.27302,0.651907392,8264.8645,0.526357439,0.125549953
6436,1405,9922,8410,15456,15695,-375,0.64,0.54,9916.27834,0.641581156,8396.644,0.534988468,0.106592688
6437,1195,9800,8544,15451,15697,0,0.63,0.54,9794.27169,0.633892414,8530.707,0.54346098,0.090431434
6438,987,9730,8617,15459,15691,0,0.63,0.55,9724.28233,0.629036958,8603.518,0.548309094,0.080727863
6439,816,9606,8695,15449,15696,0,0.62,0.55,9600.26903,0.621416857,8681.6755,0.553113883,0.068302975
6440,601,9466,8843,15453,15695,0,0.61,0.56,9460.27435,0.612196619,8829.644,0.562576872,0.049619747
6441,443,9365,8925,15459,15703,0,0.61,0.57,9359.28233,0.605426116,8911.896,0.567528243,0.037897873
6442,239,9226,9040,15456,15694,0,0.6,0.58,9220.27834,0.5965501,9026.6125,0.575163279,0.021386821
6443,51,9117,9163,15463,15703,-48,0.59,0.58,9111.28765,0.589231562,9149.896,0.582684583,0.00654698
6444,-122,8986,9286,15456,15703,-167,0.58,0.59,8980.27834,0.581022149,9272.896,0.590517481,-0.009495331
6445,-315,8921,9358,15454,15707,-286,0.58,0.6,8915.27568,0.57689114,9345.022,0.594959063,-0.018067923
6446,-469,8826,9429,15453,15701,-405,0.57,0.6,8820.27435,0.570780712,9415.833,0.599696389,-0.028915676
6447,-648,8707,9515,15456,15710,-477,0.56,0.61,8701.27834,0.562970907,9502.1165,0.604845099,-0.041874192
6448,-858,8530,9677,15452,15698,-477,0.55,0.62,8524.27302,0.551661469,9663.7385,0.615603166,-0.063941697
6449,-1053,8417,9801,15450,15706,-477,0.54,0.62,8411.27036,0.544418794,9787.9905,0.623200719,-0.078781926
6449,-1262,8326,9883,15463,15707,-477,0.54,0.63,8320.28765,0.538077194,9870.022,0.628383651,-0.090306457
6450,-1475,8157,10043,15440,15710,-477,0.53,0.64,8151.25706,0.527931157,10030.1165,0.638454265,-0.110523108
6452,-1662,8082,10119,15447,15709,-477,0.52,0.64,8076.26637,0.522837209,10106.085,0.643330893,-0.120493684
6453,-1854,7962,10231,15450,15713,-474,0.52,0.65,7956.27036,0.514968955,10218.211,0.650302998,-0.135334042
6454,-2057,7806,10345,15449,15710,-463,0.51,0.66,7800.26903,0.504904462,10332.1165,0.657677689,-0.152773228
6455,-2250,7677,10467,15454,15710,-453,0.5,0.67,7671.27568,0.496394181,10454.1165,0.665443444,-0.169049262
6456,-2461,7571,10598,15458,15715,-443,0.49,0.67,7565.281,0.489408785,10585.274,0.673577728,-0.184168943
6457,-2610,7478,10689,15453,15720,-435,0.48,0.68,7472.27435,0.48354846,10676.4315,0.679162309,-0.195613849
6458,-2814,7387,10783,15458,15715,-435,0.48,0.69,7381.281,0.477505563,10770.274,0.68534992,-0.207844357
6459,-2958,7289,10873,15448,15713,-435,0.47,0.69,7283.2677,0.471469944,10860.211,0.691160886,-0.219690942
6460,-3155,7183,10944,15460,15709,-435,0.46,0.7,7177.28366,0.46424862,10931.085,0.695848558,-0.231599938
6461,-3327,7048,11059,15452,15721,-435,0.46,0.7,7042.27302,0.455751554,11046.463,0.70265651,-0.246904956
6462,-3505,6910,11212,15451,15722,-435,0.45,0.71,6904.27169,0.446849504,11199.4945,0.712345408,-0.265495903
6463,-3670,6870,11268,15453,15721,-444,0.44,0.72,6864.27435,0.444203349,11255.463,0.71595083,-0.271747481
6464,-3800,6760,11356,15457,15719,-483,0.44,0.72,6754.27967,0.436972224,11343.4,0.721636236,-0.284664012
6465,-3976,6654,11464,15455,15716,-521,0.43,0.73,6648.27701,0.430169978,11451.3055,0.728639953,-0.298469975
6466,-4095,6625,11515,15449,15725,-560,0.43,0.73,6619.26903,0.428459384,11502.589,0.731484197,-0.303024813
6467,-4222,6532,11565,15455,15721,-589,0.42,0.74,6526.27701,0.422276093,11552.463,0.734842758,-0.312566666
6468,-4396,6395,11699,15452,15724,-589,0.41,0.74,6389.27302,0.413491653,11686.5575,0.743230571,-0.329738918
6469,-4542,6318,11796,15451,15721,-589,0.41,0.75,6312.27169,0.408534832,11783.463,0.74953648,-0.341001648
6470,-4692,6246,11867,15461,15719,-589,0.4,0.75,6240.28499,0.403614578,11854.4,0.754144666,-0.350530088
6471,-4822,6168,11956,15445,15724,-589,0.4,0.76,6162.26371,0.39898114,11943.5575,0.759575013,-0.360593873
6471,-4939,6103,12014,15456,15722,-589,0.39,0.76,6097.27834,0.394492646,12001.4945,0.763356729,-0.368864083
6472,-5051,6057,12051,15456,15723,-690,0.39,0.77,6051.27834,0.391516456,12038.526,0.765663423,-0.374146967
6473,-5172,5979,12143,15458,15725,-937,0.39,0.77,5973.281,0.386420041,12130.589,0.771420604,-0.385000563
6474,-5279,5893,12207,15446,15721,-1185,0.38,0.78,5887.26504,0.381151433,12194.463,0.775679855,-0.394528422
6475,-5389,5839,12284,15457,15729,-1433,0.38,0.78,5833.27967,0.37738757,12271.715,0.78019677,-0.4028092
6477,-5482,5785,12348,15449,15728,-1580,0.37,0.79,5779.26903,0.374086933,12335.6835,0.784313549,-0.410226616
6478,-5569,5750,12379,15463,15723,-1580,0.37,0.79,5744.28765,0.371485976,12366.526,0.786524582,-0.415038606
6479,-5661,5700,12431,15449,15731,-1580,0.37,0.79,5694.26903,0.368584959,12418.778,0.789446189,-0.42086123
6480,-5731,5664,12456,15453,15719,-1580,0.37,0.79,5658.27435,0.36616025,12443.4,0.791615243,-0.425454992
6481,-5801,5626,12510,15452,15727,-1580,0.36,0.8,5620.27302,0.363724632,12497.652,0.794662173,-0.430937541
6481,-5872,5584,12566,15455,15729,-1580,0.36,0.8,5578.27701,0.36093672,12553.715,0.798125437,-0.437188717
6482,-5912,5567,12596,15461,15725,-1441,0.36,0.8,5561.28499,0.359697626,12583.589,0.800228235,-0.44053061
6483,-5968,5531,12627,15459,15720,-746,0.36,0.8,5525.28233,0.357415249,12614.4315,0.802444752,-0.445029503
6484,-6001,5531,12646,15452,15727,-51,0.36,0.8,5525.27302,0.357576561,12633.652,0.803309722,-0.445733161
6486,-6038,5506,12672,15455,15729,643,0.36,0.81,5500.27701,0.35588981,12659.715,0.804864581,-0.448974772
6486,-6074,5496,12689,15455,15728,1199,0.36,0.81,5490.27701,0.35524277,12676.6835,0.805994627,-0.450751857
6487,-6095,5480,12718,15455,15724,1199,0.35,0.81,5474.27701,0.354207506,12705.5575,0.808035964,-0.453828458
6488,-6116,5481,12741,15457,15733,1199,0.35,0.81,5475.27967,0.354226543,12728.841,0.809053645,-0.454827103
6489,-6129,5481,12745,15463,15727,1199,0.35,0.81,5475.28765,0.354089611,12732.652,0.809604629,-0.455515018
6490,-6136,5487,12760,15460,15731,1199,0.35,0.81,5481.28366,0.354546162,12747.778,0.810360308,-0.455814146
6491,-6137,5490,12758,15455,15728,1199,0.36,0.81,5484.27701,0.354854546,12745.6835,0.810381708,-0.455527162
6492,-6133,5503,12772,15458,15731,1074,0.36,0.81,5497.281,0.355626925,12759.778,0.811123133,-0.455496208
6494,-6117,5520,12762,15453,15726,655,0.36,0.81,5514.27435,0.356841672,12749.6205,0.81073512,-0.453893449
6495,-6095,5544,12759,15454,15726,236,0.36,0.81,5538.27568,0.358371663,12746.6205,0.810544353,-0.45217269
6496,-6076,5567,12753,15458,15734,-182,0.36,0.81,5561.281,0.359767176,12740.8725,0.809766906,-0.44999973
6497,-6055,5582,12748,15464,15734,-477,0.36,0.81,5576.28898,0.360598098,12735.8725,0.809449123,-0.448851025
6497,-6017,5624,12727,15461,15729,-477,0.36,0.81,5618.28499,0.363384321,12714.715,0.808361307,-0.444976986
6498,-5985,5637,12724,15455,15733,-477,0.36,0.81,5631.27701,0.364366031,12711.841,0.807973114,-0.443607083
6499,-5945,5669,12713,15452,15735,-477,0.37,0.81,5663.27302,0.366507444,12700.904,0.807175342,-0.440667898
6501,-5889,5723,12689,15457,15732,-477,0.37,0.81,5717.27967,0.36988288,12676.8095,0.805797705,-0.435914826
6502,-5847,5768,12662,15451,15739,-477,0.37,0.8,5762.27169,0.372938431,12650.03,0.803737849,-0.430799418
6503,-5788,5800,12635,15437,15734,-453,0.38,0.8,5794.25307,0.375348388,12622.8725,0.802267224,-0.426918836
6504,-5740,5844,12621,15497,15732,-334,0.38,0.8,5838.33287,0.376739554,12608.8095,0.801475305,-0.424735751
6505,-5698,5869,12609,15469,15736,-215,0.38,0.8,5863.29563,0.379035208,12596.9355,0.800516999,-0.421481791
6505,-5648,5899,12597,15467,15736,-96,0.38,0.8,5893.29297,0.381023661,12584.9355,0.799754417,-0.418730755
6506,-5596,5949,12565,15460,15746,0,0.38,0.8,5943.28366,0.384429732,12553.2505,0.79723425,-0.412804518
6507,-5528,5995,12539,15455,15742,0,0.39,0.8,5989.27701,0.387530056,12527.1245,0.795777188,-0.408247133
6508,-5466,6058,12490,15459,15735,0,0.39,0.79,6052.28233,0.391505423,12477.904,0.793003114,-0.401497691
6509,-5380,6116,12449,15465,15736,0,0.4,0.79,6110.29031,0.395104449,12436.9355,0.790349231,-0.395244782
6510,-5308,6139,12436,15458,15733,0,0.4,0.79,6133.281,0.396770669,12423.841,0.789667641,-0.392896972
6511,-5230,6211,12397,15471,15733,0,0.4,0.79,6205.29829,0.401092256,12384.841,0.787188775,-0.386096519
6512,-5144,6267,12367,15465,15737,-125,0.41,0.79,6261.29031,0.404868433,12354.967,0.78509036,-0.380221928
6513,-5066,6332,12330,15463,15742,-751,0.41,0.78,6326.28765,0.409124209,12318.1245,0.782500603,-0.373376394
6514,-4960,6414,12273,15453,15740,-1376,0.42,0.78,6408.27435,0.414694516,12261.0615,0.778974682,-0.364280167
6516,-4887,6465,12237,15454,15746,-2001,0.42,0.78,6459.27568,0.417967884,12225.2505,0.776403563,-0.358435679
6516,-4797,6522,12198,15450,15754,-2501,0.42,0.77,6516.27036,0.421765072,12186.5025,0.773549733,-0.351784662
6518,-4720,6579,12150,15454,15748,-2501,0.43,0.77,6573.27568,0.425344615,12138.3135,0.770784449,-0.345439834
6518,-4645,6619,12124,15459,15747,-2501,0.43,0.77,6613.28233,0.427794963,12112.282,0.769180288,-0.341385326
6519,-4565,6670,12099,15458,15744,-2501,0.43,0.77,6664.281,0.431121814,12087.1875,0.767732946,-0.336611132
6520,-4471,6757,12054,15455,15750,-2501,0.44,0.77,6751.27701,0.436834488,12042.3765,0.764595333,-0.327760845
6521,-4380,6821,12001,15462,15743,-2501,0.44,0.76,6815.28632,0.440776505,11989.156,0.761554723,-0.320778218
6522,-4299,6891,11960,15454,15743,-2441,0.45,0.76,6885.27568,0.445533563,11948.156,0.758950391,-0.313416828
6523,-4209,6947,11911,15456,15748,-2142,0.45,0.76,6941.27834,0.449099271,11899.3135,0.755607918,-0.306508647
6525,-4125,6977,11892,15459,15743,-1843,0.45,0.76,6971.28233,0.450952994,11880.156,0.754631011,-0.303678017
6526,-4031,7052,11849,15459,15748,-1544,0.46,0.75,7046.28233,0.455804537,11837.3135,0.751670911,-0.295866374
6527,-3942,7116,11810,15461,15757,-1305,0.46,0.75,7110.28499,0.459885194,11798.597,0.748784477,-0.288899282
6528,-3864,7175,11775,15455,15747,-1305,0.46,0.75,7169.27701,0.463880751,11763.282,0.747017337,-0.283136585
6528,-3776,7260,11719,15450,15755,-1305,0.47,0.74,7254.27036,0.469532062,11707.534,0.743099587,-0.273567525
6529,-3707,7287,11684,15456,15748,-1305,0.47,0.74,7281.27834,0.471097201,11672.3135,0.74119339,-0.270096189
6530,-3621,7348,11644,15453,15748,-1305,0.48,0.74,7342.27435,0.475135854,11632.3135,0.738653385,-0.263517531
6531,-3542,7406,11611,15453,15757,-1305,0.48,0.74,7400.27435,0.47888917,11599.597,0.736155169,-0.257265999
6532,-3448,7453,11581,15452,15754,-1240,0.48,0.74,7447.27302,0.481961754,11569.5025,0.734385077,-0.252423323
6534,-3344,7525,11526,15448,15750,-914,0.49,0.73,7519.2677,0.486747003,11514.3765,0.731071524,-0.244324521
6534,-3256,7604,11483,15452,15753,-588,0.49,0.73,7598.27302,0.491733952,11471.471,0.728208659,-0.236474707
6536,-3165,7672,11434,15457,15754,-261,0.5,0.73,7666.27967,0.495974618,11422.5025,0.725054113,-0.229079495
6536,-3094,7729,11385,15455,15751,0,0.5,0.72,7723.27701,0.499726756,11373.408,0.722075297,-0.222348541
6537,-3012,7764,11368,15452,15759,0,0.5,0.72,7758.27302,0.502088598,11356.66,0.72064598,-0.218557382
6538,-2937,7817,11332,15453,15756,0,0.51,0.72,7811.27435,0.505485948,11320.5655,0.718492352,-0.213006404
6539,-2864,7870,11297,15454,15756,0,0.51,0.72,7864.27568,0.508882858,11285.5655,0.716270976,-0.207388119
6540,-2777,7915,11265,15449,15752,0,0.51,0.72,7909.26903,0.511959935,11253.4395,0.714413376,-0.202453441
6541,-2695,8002,11215,15454,15750,0,0.52,0.71,7996.27568,0.517424335,11203.3765,0.711325492,-0.193901157
6542,-2609,8054,11177,15439,15760,20,0.52,0.71,8048.25573,0.521293849,11165.6915,0.708482963,-0.187189115
6543,-2535,8109,11129,15450,15754,129,0.52,0.71,8103.27036,0.524483518,11117.5025,0.705693951,-0.181210432
6544,-2462,8160,11103,15463,15754,238,0.53,0.7,8154.28765,0.52734189,11091.5025,0.704043576,-0.176701686
6546,-2386,8203,11073,15449,15759,346,0.53,0.7,8197.26903,0.530601918,11061.66,0.701926518,-0.1713246
6546,-2314,8245,11050,15457,15768,433,0.53,0.7,8239.27967,0.533045201,11038.9435,0.700085204,-0.167040003
6547,-2257,8289,11028,15441,15766,433,0.54,0.7,8283.25839,0.536445722,11016.8805,0.69877461,-0.162328888
6549,-2192,8343,10987,15443,15760,433,0.54,0.7,8337.26105,0.53987315,10975.6915,0.696427126,-0.156553976
6550,-2141,8381,10961,15443,15768,433,0.54,0.7,8375.26105,0.542333811,10949.9435,0.694440861,-0.15210705
6551,-2095,8410,10946,15454,15767,433,0.54,0.69,8404.27568,0.543825267,10934.912,0.693531553,-0.149706286
6552,-2038,8445,10913,15444,15763,433,0.55,0.69,8439.26238,0.546442786,10901.786,0.691606039,-0.145163254
6552,-1996,8468,10903,15443,15768,361,0.55,0.69,8462.26105,0.547967432,10891.9435,0.690762525,-0.142795094
6553,-1952,8504,10887,15450,15764,3,0.55,0.69,8498.27036,0.550049861,10875.8175,0.689914838,-0.139864976
6554,-1900,8549,10861,15450,15764,-355,0.55,0.69,8543.27036,0.552962483,10849.8175,0.68826551,-0.135303027
6555,-1871,8576,10851,15451,15769,-713,0.56,0.69,8570.27169,0.554674241,10839.975,0.687423109,-0.132748868
6556,-1821,8608,10822,15445,15766,-1000,0.56,0.69,8602.26371,0.556961069,10810.8805,0.685708518,-0.128747449
6558,-1790,8635,10811,15457,15770,-1000,0.56,0.69,8629.27967,0.558276488,10800.0065,0.684845054,-0.126568566
6559,-1756,8640,10811,15442,15771,-1001,0.56,0.69,8634.25972,0.559141285,10800.038,0.684803627,-0.125662342
6560,-1728,8669,10801,15448,15767,-1000,0.56,0.69,8663.2677,0.560801897,10789.912,0.68433513,-0.123533234
6561,-1703,8683,10796,15441,15776,-1000,0.56,0.68,8677.25839,0.561962204,10785.1955,0.683645759,-0.121683556
6562,-1684,8700,10784,15442,15768,-1000,0.56,0.68,8694.25972,0.563026792,10772.9435,0.683215595,-0.120188803
6562,-1665,8728,10775,15445,15774,-1022,0.57,0.68,8722.26371,0.564730574,10764.1325,0.682397141,-0.117666567
6563,-1648,8732,10764,15440,15766,-1129,0.57,0.68,8726.25706,0.565172089,10752.8805,0.682029716,-0.116857626
6564,-1632,8742,10769,15440,15771,-1236,0.57,0.68,8736.25706,0.565819758,10758.038,0.682140511,-0.116320753
6565,-1620,8748,10760,15440,15769,-1344,0.57,0.68,8742.25706,0.566208359,10748.975,0.681652292,-0.115443934
6566,-1611,8758,10764,15440,15778,-1429,0.57,0.68,8752.25706,0.566856027,10753.2585,0.681534954,-0.114678927
6567,-1605,8768,10767,15449,15778,-1429,0.57,0.68,8762.26903,0.567173864,10756.2585,0.681725092,-0.114551228
6568,-1591,8770,10770,15432,15782,-1429,0.57,0.68,8764.24642,0.567926803,10759.3845,0.68175038,-0.113823577
6569,-1598,8775,10767,15443,15774,-1429,0.57,0.68,8769.26105,0.567846989,10756.1325,0.681889977,-0.114042988
6570,-1597,8775,10776,15441,15774,-1429,0.57,0.68,8769.25839,0.567920367,10765.1325,0.682460536,-0.114540169
6571,-1604,8777,10785,15438,15775,-1429,0.57,0.68,8771.2544,0.568160021,10774.164,0.682989794,-0.114829773
6572,-1612,8777,10789,15445,15778,-1408,0.57,0.68,8771.26371,0.567903121,10778.2585,0.683119438,-0.115216317
6574,-1618,8770,10794,15438,15777,-1301,0.57,0.68,8764.2544,0.567706594,10783.227,0.683477657,-0.115771063
6575,-1629,8761,10815,15425,15782,-1194,0.57,0.69,8755.23711,0.567600461,10804.3845,0.68460173,-0.117001269
6575,-1648,8758,10822,15425,15782,-1086,0.57,0.69,8752.23711,0.567405971,10811.3845,0.685045273,-0.117639302
6576,-1661,8752,10840,15441,15784,-1000,0.57,0.69,8746.25839,0.566430826,10829.4475,0.686102857,-0.119672031
6577,-1679,8739,10857,15427,15789,-1000,0.57,0.69,8733.23977,0.566100977,10846.605,0.686972259,-0.120871282
6578,-1699,8739,10863,15432,15786,-1000,0.57,0.69,8733.24642,0.56591799,10852.5105,0.68747691,-0.12155892
6579,-1727,8719,10889,15443,15787,-1000,0.56,0.69,8713.26105,0.564220751,10878.542,0.689082283,-0.124861532
6580,-1754,8700,10910,15434,15792,-1000,0.56,0.69,8694.24908,0.56331794,10899.6995,0.690203869,-0.126885929
6582,-1784,8685,10926,15434,15797,-1000,0.56,0.69,8679.24908,0.562346059,10915.857,0.691008229,-0.12866217
6583,-1812,8667,10947,15426,15782,-974,0.56,0.69,8661.23844,0.561470144,10936.3845,0.692965689,-0.131495545
6583,-1842,8650,10977,15425,15797,-843,0.56,0.69,8644.23711,0.560404351,10966.857,0.694236691,-0.13383234
6584,-1878,8637,10991,15422,15787,-712,0.56,0.7,8631.23312,0.559670154,10980.542,0.695543295,-0.135873141
6585,-1914,8617,11025,15432,15797,-581,0.56,0.7,8611.24642,0.558012339,11014.857,0.697275242,-0.139262903
6586,-1947,8601,11033,15435,15784,-477,0.56,0.7,8595.25041,0.556867535,11022.4475,0.69833043,-0.141462894
6587,-1984,8582,11058,15433,15792,-477,0.56,0.7,8576.24775,0.555708401,11047.6995,0.699575703,-0.143867302
6588,-2020,8552,11088,15430,15801,-477,0.55,0.7,8546.24376,0.553871922,11077.983,0.701093792,-0.147221869
6589,-2057,8526,11112,15418,15789,-477,0.55,0.7,8520.2278,0.552615631,11101.605,0.703122744,-0.150507113
6590,-2101,8505,11142,15430,15793,-477,0.55,0.71,8499.24376,0.550825908,11131.731,0.704852213,-0.154026305
6591,-2140,8485,11165,15426,15796,-477,0.55,0.71,8479.23844,0.549671881,11154.8255,0.706180394,-0.156508513
6592,-2184,8467,11185,15423,15792,-477,0.55,0.71,8461.23445,0.548611454,11174.6995,0.707617749,-0.159006296
6593,-2227,8438,11208,15423,15786,-429,0.55,0.71,8432.23445,0.546731145,11197.5105,0.709331718,-0.162600573
6594,-2260,8422,11241,15422,15795,-310,0.55,0.71,8416.23312,0.545729031,11230.794,0.711034758,-0.165305727
6595,-2304,8401,11264,15424,15796,-191,0.54,0.71,8395.23578,0.544296926,11253.8255,0.712447803,-0.168150878
6596,-2346,8367,11293,15429,15796,-72,0.54,0.71,8361.24243,0.541917326,11282.8255,0.714283711,-0.172366385
6597,-2391,8344,11320,15428,15796,0,0.54,0.72,8338.2411,0.54046157,11309.8255,0.715993005,-0.175531435
6598,-2428,8327,11342,15424,15797,-1,0.54,0.72,8321.23578,0.539499208,11331.857,0.717342343,-0.177843136
6599,-2471,8301,11369,15420,15803,0,0.54,0.72,8295.23046,0.537952689,11359.046,0.718790483,-0.180837794
6600,-2511,8281,11390,15426,15800,0,0.54,0.72,8275.23844,0.536447455,11379.9515,0.720250095,-0.18380264
6601,-2546,8258,11413,15419,15805,0,0.54,0.72,8252.22913,0.535198724,11403.109,0.721487441,-0.186288716
6602,-2587,8229,11447,15424,15797,-27,0.53,0.72,8223.23578,0.533145473,11436.857,0.723989175,-0.190843702
6603,-2625,8208,11469,15422,15801,-158,0.53,0.73,8202.23312,0.531852751,11458.983,0.725206189,-0.193353439
6604,-2662,8194,11486,15436,15799,-290,0.53,0.73,8188.25174,0.530464611,11475.92,0.726370023,-0.195905412
6605,-2704,8162,11509,15417,15804,-421,0.53,0.73,8156.22647,0.529041089,11499.0775,0.727605511,-0.198564422
6606,-2746,8141,11537,15426,15810,-527,0.53,0.73,8135.23844,0.527371868,11527.2665,0.729112366,-0.201740497
6607,-2793,8109,11557,15416,15799,-527,0.53,0.73,8103.22514,0.525637334,11546.92,0.730863979,-0.205226645
6608,-2832,8092,11587,15422,15805,-527,0.52,0.73,8086.23312,0.524331028,11577.109,0.732496615,-0.208165587
6609,-2867,8071,11618,15425,15814,-527,0.52,0.73,8065.23711,0.522867884,11608.3925,0.734057955,-0.211190071
6611,-2902,8043,11633,15424,15808,-527,0.52,0.74,8037.23578,0.521086345,11623.2035,0.735273501,-0.214187156
6612,-2929,8027,11638,15422,15802,-527,0.52,0.74,8021.23312,0.52011627,11628.0145,0.735857138,-0.215740868
6612,-2953,8016,11654,15417,15812,-459,0.52,0.74,8010.22647,0.519571024,11644.3295,0.736423571,-0.216852547
6613,-2986,7991,11669,15413,15810,-119,0.52,0.74,7985.22115,0.518083511,11659.2665,0.737461512,-0.219378001
6614,-3010,7980,11701,15422,15821,220,0.52,0.74,7974.23312,0.517068676,11691.613,0.7389933,-0.221924624
6615,-3050,7954,11716,15422,15809,560,0.52,0.74,7948.23312,0.515382773,11706.235,0.740479157,-0.225096385
6616,-3081,7930,11741,15417,15816,832,0.51,0.74,7924.22647,0.513992766,11731.4555,0.741746048,-0.227753283
6617,-3110,7919,11755,15418,15814,832,0.51,0.74,7913.2278,0.513246063,11745.3925,0.742721165,-0.229475102
6618,-3134,7902,11758,15415,15804,832,0.51,0.74,7896.22381,0.512242868,11748.0775,0.743361016,-0.231118148
6619,-3164,7887,11776,15421,15802,832,0.51,0.75,7881.23179,0.511071383,11766.0145,0.74459021,-0.233518828
6620,-3179,7887,11786,15413,15812,832,0.51,0.75,7881.22115,0.51133596,11776.3295,0.744771661,-0.233435701
6621,-3200,7866,11796,15418,15807,832,0.51,0.75,7860.2278,0.509808523,11786.172,0.745629911,-0.235821388
6622,-3220,7850,11817,15411,15810,812,0.51,0.75,7844.21849,0.509001265,11807.2665,0.746822676,-0.237821411
6623,-3233,7842,11830,15409,15819,712,0.51,0.75,7836.21583,0.50854798,11820.55,0.747237499,-0.238689519
6624,-3251,7836,11834,15414,15811,612,0.51,0.75,7830.22248,0.507994192,11824.298,0.747852634,-0.239858442
6625,-3268,7826,11847,15407,15818,513,0.51,0.75,7820.21317,0.507575334,11837.5185,0.748357472,-0.240782139
6626,-3273,7828,11850,15411,15822,433,0.51,0.75,7822.21849,0.507573713,11840.6445,0.748365851,-0.240792138
6627,-3286,7819,11850,15410,15819,433,0.51,0.75,7813.21716,0.507022528,11840.55,0.748501802,-0.241479273
6628,-3296,7815,11859,15420,15812,433,0.51,0.75,7809.23046,0.506435179,11849.3295,0.749388408,-0.242953229
6629,-3302,7808,11874,15412,15827,433,0.51,0.75,7802.21982,0.506243175,11864.802,0.749655778,-0.243412603
6630,-3309,7807,11869,15416,15822,433,0.51,0.75,7801.22514,0.506047298,11859.6445,0.749566711,-0.243519413
6631,-3310,7802,11877,15409,15825,433,0.51,0.75,7796.21583,0.505952095,11867.739,0.749936114,-0.243984019
6632,-3312,7806,11871,15412,15824,340,0.51,0.75,7800.21982,0.506113406,11861.7075,0.749602345,-0.243488938
6633,-3313,7809,11865,15416,15815,-125,0.51,0.75,7803.22514,0.506177033,11855.424,0.749631616,-0.243454583
6635,-3307,7801,11868,15415,15816,-591,0.51,0.75,7795.22381,0.505690808,11858.4555,0.749775892,-0.244085083
6636,-3306,7811,11867,15412,15817,-1057,0.51,0.75,7805.21982,0.506437829,11857.487,0.749667257,-0.243229428
6637,-3306,7805,11864,15402,15813,-1429,0.51,0.75,7799.20652,0.506376219,11854.361,0.749659204,-0.243282986
6638,-3295,7818,11860,15410,15815,-1429,0.51,0.75,7812.21716,0.506957635,11850.424,0.74931546,-0.242357825
6639,-3290,7813,11857,15402,15817,-1429,0.51,0.75,7807.20652,0.506895632,11847.487,0.749035026,-0.242139394
6640,-3280,7822,11843,15400,15808,-1429,0.51,0.75,7816.20386,0.507545705,11833.2035,0.748557914,-0.241012209
6640,-3265,7838,11841,15416,15821,-1430,0.51,0.75,7832.22514,0.508058195,11831.613,0.747842298,-0.239784103
6641,-3256,7843,11837,15412,15815,-1429,0.51,0.75,7837.21982,0.508514133,11827.424,0.747861144,-0.239347011
6642,-3245,7843,11835,15404,15824,-1380,0.51,0.75,7837.20918,0.508777537,11825.7075,0.747327319,-0.238549782
6643,-3238,7849,11823,15410,15813,-1131,0.51,0.75,7843.21716,0.508969316,11813.361,0.747066401,-0.238097085
6644,-3226,7860,11819,15402,15823,-883,0.51,0.75,7854.20652,0.509947183,11809.676,0.746361373,-0.236414189
6645,-3212,7867,11820,15411,15823,-634,0.51,0.75,7861.21849,0.510104373,11810.676,0.746424572,-0.236320199
6646,-3211,7861,11815,15398,15819,-435,0.51,0.75,7855.2012,0.510144253,11805.55,0.746289272,-0.23614502
6647,-3201,7873,11814,15403,15824,-435,0.51,0.75,7867.20785,0.510758154,11804.7075,0.746000221,-0.235242067
6648,-3190,7882,11800,15406,15818,-435,0.51,0.75,7876.21184,0.511243142,11790.5185,0.745386174,-0.234143032
6649,-3178,7894,11799,15406,15825,-435,0.51,0.75,7888.21184,0.512022059,11789.739,0.745007204,-0.232985145
6650,-3170,7897,11794,15408,15829,-435,0.51,0.75,7891.2145,0.512150474,11784.865,0.744511024,-0.23236055
6651,-3159,7898,11792,15405,15823,-435,0.51,0.75,7892.21051,0.512314866,11782.676,0.744654996,-0.23234013
6652,-3150,7903,11784,15398,15822,-485,0.51,0.74,7897.2012,0.512871879,11774.6445,0.744194444,-0.231322565
6653,-3137,7915,11777,15401,15822,-733,0.51,0.74,7909.20519,0.513551405,11767.6445,0.743752023,-0.230200617
6655,-3112,7926,11763,15398,15815,-982,0.51,0.74,7920.2012,0.51436558,11753.424,0.743182042,-0.228816462
6656,-3106,7943,11760,15405,15828,-1231,0.52,0.74,7937.21051,0.515235995,11750.8335,0.74240798,-0.227171984
6657,-3087,7951,11754,15400,15830,-1429,0.52,0.74,7945.20386,0.515922329,11744.8965,0.741939135,-0.226016806
6658,-3069,7956,11736,15390,15823,-1429,0.52,0.74,7950.19056,0.516581583,11726.676,0.741115844,-0.224534261
6659,-3049,7971,11727,15402,15827,-1429,0.52,0.74,7965.20652,0.51715404,11717.802,0.740367852,-0.223213813
6659,-3038,7984,11728,15415,15822,-1429,0.52,0.74,7978.22381,0.517562362,11718.6445,0.740655069,-0.223092707
6660,-3016,7992,11716,15397,15835,-1429,0.52,0.74,7986.19987,0.51868545,11707.054,0.739315062,-0.220629612
6661,-2984,8017,11694,15398,15830,-1429,0.52,0.74,8011.2012,0.520275438,11684.8965,0.738148863,-0.217873425
6662,-2968,8025,11675,15399,15823,-1404,0.52,0.74,8019.20253,0.520761253,11665.676,0.737260696,-0.216499444
6663,-2936,8046,11662,15407,15830,-1274,0.52,0.74,8040.21317,0.521854558,11652.8965,0.736127385,-0.214272827
6664,-2915,8050,11656,15398,15835,-1144,0.52,0.74,8044.2012,0.522418574,11647.054,0.735525987,-0.213107413
6665,-2890,8069,11639,15407,15831,-1014,0.52,0.74,8063.21317,0.523347386,11629.928,0.73463003,-0.211282644
6667,-2866,8085,11632,15397,15829,-910,0.53,0.73,8079.19987,0.524725587,11622.865,0.734276644,-0.209551057
6668,-2840,8103,11611,15401,15827,-910,0.53,0.73,8097.20519,0.525758405,11601.802,0.733038605,-0.2072802
6669,-2818,8114,11607,15396,15831,-910,0.53,0.73,8108.19854,0.526643189,11597.928,0.732608679,-0.20596549
6670,-2797,8129,11583,15399,15826,-910,0.53,0.73,8123.20253,0.527514938,11573.7705,0.731313693,-0.203798755
6671,-2777,8143,11580,15404,15834,-910,0.53,0.73,8137.20918,0.528252998,11571.0225,0.730770652,-0.202517654
6672,-2758,8155,11569,15401,15836,-910,0.53,0.73,8149.20519,0.529134809,11560.0855,0.729987718,-0.200852909
6673,-2741,8163,11563,15399,15834,-909,0.53,0.73,8157.20253,0.529722874,11554.0225,0.729697013,-0.199974139
6673,-2722,8167,11547,15392,15827,-582,0.53,0.73,8161.19322,0.530223052,11537.802,0.728994882,-0.19877183
6675,-2699,8179,11536,15401,15833,-255,0.53,0.73,8173.20519,0.530693149,11526.991,0.728035811,-0.197342662
6676,-2684,8199,11531,15400,15837,71,0.53,0.73,8193.20386,0.532026225,11522.117,0.727544169,-0.195517944
6677,-2669,8199,11526,15389,15848,398,0.53,0.73,8193.18923,0.532405564,11517.4635,0.726745551,-0.194339987
6678,-2653,8215,11514,15398,15844,399,0.53,0.73,8209.2012,0.533134251,11505.3375,0.72616369,-0.193029439
6678,-2642,8218,11519,15403,15851,399,0.53,0.73,8212.20785,0.533156388,11510.558,0.726172355,-0.193015967
6679,-2626,8225,11499,15389,15845,398,0.53,0.73,8219.18923,0.534095083,11490.369,0.725173178,-0.191078095
6680,-2613,8240,11492,15409,15836,398,0.53,0.73,8234.21583,0.534377041,11483.0855,0.725125379,-0.190748338
6681,-2598,8239,11496,15387,15847,398,0.54,0.73,8233.18657,0.535074191,11487.432,0.724896321,-0.189822131
6682,-2584,8256,11479,15394,15844,398,0.54,0.72,8250.19588,0.535935811,11470.3375,0.723954652,-0.18801884
6683,-2579,8255,11472,15388,15839,299,0.54,0.72,8249.1879,0.536079276,11463.18,0.723731296,-0.18765202
6685,-2568,8267,11477,15396,15850,198,0.54,0.72,8261.19854,0.536580835,11468.5265,0.723566341,-0.186985505
6686,-2558,8264,11472,15385,15849,99,0.54,0.72,8258.18391,0.536768535,11463.495,0.72329453,-0.186525995
6687,-2552,8264,11467,15389,15845,0,0.54,0.72,8258.18923,0.536629361,11458.369,0.723153613,-0.186524253
6688,-2547,8273,11466,15393,15847,0,0.54,0.72,8267.19455,0.53707494,11457.432,0.723003218,-0.185928278
6689,-2544,8282,11467,15397,15852,0,0.54,0.72,8276.19987,0.537520288,11458.5895,0.72284819,-0.185327902
6689,-2537,8280,11462,15393,15855,0,0.54,0.72,8274.19455,0.537529692,11453.684,0.722402018,-0.184872326
6690,-2537,8280,11458,15392,15843,0,0.54,0.72,8274.19322,0.537564528,11449.306,0.722672852,-0.185108324
6691,-2534,8278,11456,15387,15843,0,0.54,0.72,8272.18657,0.537608798,11447.306,0.722546614,-0.184937816
6692,-2529,8285,11460,15387,15848,0,0.54,0.72,8279.18657,0.538063727,11451.4635,0.722580988,-0.184517261
6693,-2537,8281,11459,15390,15846,-442,0.54,0.72,8275.19056,0.537699192,11450.4005,0.722605105,-0.184905914
6694,-2533,8278,11462,15389,15847,-883,0.54,0.72,8272.18923,0.537539101,11453.432,0.722750805,-0.185211703
6695,-2538,8273,11459,15379,15843,-1324,0.54,0.72,8267.17593,0.537562646,11450.306,0.722735972,-0.185173326
6697,-2538,8277,11474,15387,15857,-1766,0.54,0.72,8271.18657,0.537543808,11465.747,0.72307164,-0.185527833
6698,-2545,8272,11472,15387,15855,-1766,0.54,0.72,8266.18657,0.537218858,11463.684,0.723032734,-0.185813876
6699,-2550,8267,11475,15384,15848,-1766,0.54,0.72,8261.18258,0.536998348,11466.4635,0.72352748,-0.186529132
6700,-2556,8267,11479,15384,15851,-1766,0.54,0.72,8261.18258,0.536998348,11470.558,0.723648855,-0.186650507
6701,-2558,8267,11479,15387,15847,-1766,0.54,0.72,8261.18657,0.536893908,11470.432,0.723823563,-0.186929654
6701,-2565,8262,11488,15386,15855,-1766,0.54,0.72,8256.18524,0.536603746,11479.684,0.72404188,-0.187438133
6702,-2570,8249,11483,15377,15850,-1766,0.54,0.72,8243.17327,0.536071618,11474.5265,0.72394489,-0.187873272
6703,-2575,8253,11494,15392,15855,-1517,0.54,0.72,8247.19322,0.53581037,11485.684,0.724420309,-0.188609939
6704,-2583,8247,11495,15386,15850,-1268,0.54,0.73,8241.18524,0.535628834,11486.5265,0.724701987,-0.189073153
6706,-2594,8241,11502,15386,15853,-1019,0.54,0.73,8235.18524,0.535238869,11493.621,0.725012364,-0.189773494
6707,-2597,8236,11505,15381,15856,-770,0.54,0.73,8230.17859,0.535087354,11496.7155,0.725070352,-0.189982998
6707,-2607,8229,11504,15389,15853,-770,0.53,0.73,8223.18923,0.534355009,11495.621,0.725138523,-0.190783514
6708,-2617,8225,11506,15379,15851,-770,0.53,0.73,8219.17593,0.534441507,11497.558,0.725352218,-0.190910711
6709,-2623,8210,11516,15378,15854,-770,0.53,0.73,8204.1746,0.533500754,11507.6525,0.725851678,-0.192350923
6710,-2638,8205,11533,15380,15861,-770,0.53,0.73,8199.17726,0.533106454,11524.873,0.726617048,-0.193510594
6711,-2652,8198,11533,15378,15853,-770,0.53,0.73,8192.1746,0.532720419,11524.621,0.726967829,-0.194247411
6713,-2665,8190,11540,15386,15860,-770,0.53,0.73,8184.18524,0.531924167,11531.8415,0.727102238,-0.195178071
6714,-2681,8177,11546,15375,15861,-1328,0.53,0.73,8171.17061,0.531458251,11537.873,0.727436669,-0.195978418
6715,-2690,8172,11549,15383,15858,-1886,0.53,0.73,8166.18125,0.530857521,11540.7785,0.727757504,-0.196899983
6716,-2705,8157,11562,15381,15856,-2444,0.53,0.73,8151.17859,0.529951147,11553.7155,0.728665206,-0.198714059
6717,-2727,8143,11569,15380,15852,-3002,0.53,0.73,8137.17726,0.529075244,11560.5895,0.729282709,-0.200207464
6717,-2744,8138,11580,15381,15861,-3001,0.53,0.73,8132.17859,0.528715857,11571.873,0.729580291,-0.200864435
6718,-2761,8121,11592,15378,15858,-3001,0.53,0.73,8115.1746,0.527713266,11583.7785,0.730469069,-0.202755804
6719,-2782,8113,11607,15382,15869,-3001,0.53,0.73,8107.17992,0.527056294,11599.125,0.7309298,-0.203873506
6720,-2797,8106,11608,15381,15852,-3001,0.53,0.73,8100.17859,0.526635368,11599.5895,0.731742966,-0.205107599
6721,-2816,8085,11621,15379,15863,-3001,0.53,0.73,8079.17593,0.525338184,11612.936,0.732076909,-0.206738725
6722,-2842,8066,11646,15375,15867,-3001,0.52,0.73,8060.17061,0.524238739,11638.062,0.733475893,-0.209237155
6723,-2863,8056,11650,15373,15864,-2795,0.52,0.73,8050.16795,0.523656277,11641.9675,0.733860785,-0.210204508
6724,-2875,8040,11656,15368,15866,-2588,0.52,0.73,8034.1613,0.522785092,11648.0305,0.734150416,-0.211365324
6725,-2895,8039,11660,15380,15863,-2382,0.52,0.74,8033.17726,0.522313216,11651.936,0.73453546,-0.212222244
6726,-2915,8028,11673,15382,15864,-2175,0.52,0.74,8022.17992,0.521530355,11664.9675,0.735310609,-0.213780254
6728,-2929,8009,11681,15374,15859,-2175,0.52,0.74,8003.16928,0.520565193,11672.81,0.736036951,-0.215471757
6729,-2952,7990,11694,15375,15864,-2175,0.52,0.74,7984.17061,0.519295649,11685.9675,0.736634361,-0.217338711
6730,-2979,7982,11714,15381,15873,-2175,0.52,0.74,7976.17859,0.518573473,11706.251,0.73749455,-0.218921077
6731,-2997,7963,11720,15377,15863,-2175,0.52,0.74,7957.17327,0.517472411,11711.936,0.738317847,-0.220845435
6731,-3019,7954,11741,15373,15875,-2175,0.52,0.74,7948.16795,0.517021268,11733.314,0.739106394,-0.222085126
6732,-3037,7947,11748,15373,15868,-2175,0.52,0.74,7941.16795,0.516565924,11740.0935,0.739859686,-0.223293762
6733,-3054,7937,11756,15377,15869,-2086,0.52,0.74,7931.17327,0.515781574,11748.125,0.740319176,-0.224537601
6734,-3068,7925,11760,15370,15861,-1997,0.52,0.74,7919.16396,0.515235131,11751.873,0.740928882,-0.225693751
6735,-3091,7906,11768,15370,15862,-1908,0.51,0.74,7900.16396,0.513998956,11759.9045,0.741388507,-0.227389551
6736,-3109,7888,11779,15366,15867,-1819,0.51,0.74,7882.15864,0.512960994,11771.062,0.74185807,-0.228897076
6737,-3127,7876,11793,15369,15870,-1819,0.51,0.74,7870.16263,0.512080332,11785.1565,0.742605955,-0.230525622
6738,-3145,7868,11797,15375,15868,-1819,0.51,0.74,7862.17061,0.51136069,11789.0935,0.742947662,-0.231586972
6739,-3158,7851,11808,15367,15876,-1819,0.51,0.74,7845.15997,0.510519943,11800.3455,0.743282029,-0.232762086
6740,-3175,7853,11813,15376,15874,-1819,0.51,0.74,7847.17194,0.510351973,11805.2825,0.743686689,-0.233334716
6742,-3187,7835,11814,15371,15865,-1819,0.51,0.74,7829.16529,0.509346516,11805.999,0.744153735,-0.234807219
6743,-3201,7821,11826,15364,15872,-1819,0.51,0.75,7815.15598,0.508666752,11818.2195,0.744595483,-0.23592873
6743,-3209,7818,11822,15376,15869,-1557,0.51,0.74,7812.17194,0.508075698,11814.125,0.744478228,-0.23640253
6744,-3224,7800,11833,15363,15869,-1294,0.51,0.75,7794.15465,0.507332855,11825.125,0.745171403,-0.237838548
6745,-3238,7792,11837,15370,15870,-1032,0.51,0.75,7786.16396,0.50658191,11829.1565,0.745378481,-0.238796571
6746,-3247,7794,11842,15373,15875,-770,0.51,0.75,7788.16795,0.50661341,11834.314,0.745468598,-0.238855189
6747,-3262,7777,11847,15366,15874,-770,0.51,0.75,7771.15864,0.505737254,11839.2825,0.745828556,-0.240091302
6748,-3276,7764,11860,15369,15876,-770,0.51,0.75,7758.16263,0.504792936,11852.3455,0.746557414,-0.241764478
6749,-3289,7757,11867,15367,15880,-770,0.5,0.75,7751.15997,0.504402939,11859.4715,0.746818105,-0.242415165
6750,-3299,7751,11872,15365,15876,-770,0.5,0.75,7745.15731,0.504077925,11864.3455,0.747313272,-0.243235347
6751,-3311,7742,11869,15368,15870,-770,0.5,0.75,7736.1613,0.50339415,11861.1565,0.747394865,-0.244000714
6753,-3324,7735,11874,15365,15870,-770,0.5,0.75,7729.15731,0.503036597,11866.1565,0.747709924,-0.244673328
6754,-3330,7735,11876,15368,15869,-696,0.5,0.75,7729.1613,0.502938658,11868.125,0.747881089,-0.244942431
6755,-3334,7729,11886,15369,15872,-623,0.5,0.75,7723.16263,0.502515624,11878.2195,0.748375725,-0.2458601
6756,-3338,7726,11884,15373,15876,-550,0.5,0.75,7720.16795,0.50219007,11876.3455,0.74806913,-0.245879059
6757,-3344,7718,11887,15363,15878,-477,0.5,0.75,7712.15465,0.501995356,11879.4085,0.748167811,-0.246172455
6758,-3346,7718,11881,15370,15863,-477,0.5,0.75,7712.16396,0.501767336,11872.936,0.748467251,-0.246699914
6759,-3346,7713,11884,15361,15875,-477,0.5,0.75,7707.15199,0.501735043,11876.314,0.748114268,-0.246379225
6760,-3342,7711,11881,15356,15872,-477,0.5,0.75,7705.14534,0.501767735,11873.2195,0.748060704,-0.246292969
6761,-3349,7709,11883,15366,15884,-477,0.5,0.75,7703.15864,0.501311899,11875.5975,0.747645272,-0.246333373
6761,-3347,7702,11876,15359,15871,-477,0.5,0.75,7696.14933,0.501084011,11868.188,0.747790813,-0.246706802
6762,-3349,7704,11878,15366,15880,-477,0.5,0.75,7698.15864,0.500986505,11870.4715,0.7475108,-0.246524294
6763,-3355,7699,11878,15367,15878,-566,0.5,0.75,7693.15997,0.500628618,11870.4085,0.747600989,-0.246972371
6764,-3355,7696,11881,15356,15884,-655,0.5,0.75,7690.14534,0.500790918,11873.5975,0.747519359,-0.246728441
6765,-3355,7696,11885,15366,15891,-745,0.5,0.75,7690.15864,0.500465875,11877.818,0.747455667,-0.246989791
6766,-3355,7697,11877,15367,15882,-834,0.5,0.75,7691.15997,0.500498469,11869.5345,0.747357669,-0.2468592
6767,-3356,7686,11878,15360,15882,-834,0.5,0.75,7680.15066,0.500009809,11870.5345,0.747420633,-0.247410825
6768,-3355,7699,11879,15371,15889,-834,0.5,0.75,7693.16529,0.500498685,11871.755,0.747168167,-0.246669481
6770,-3355,7693,11880,15364,15891,-834,0.5,0.75,7687.15598,0.500335588,11872.818,0.747141023,-0.246805435
6771,-3349,7697,11875,15358,15881,-834,0.5,0.75,7691.148,0.500790988,11867.503,0.747276809,-0.24648582
6771,-3349,7699,11874,15362,15883,-834,0.5,0.75,7693.15332,0.500791129,11866.566,0.747123717,-0.246332588
6772,-3346,7695,11876,15363,15889,-834,0.5,0.75,7689.15465,0.500498252,11868.755,0.746979357,-0.246481104
6773,-3345,7699,11876,15355,15889,-1020,0.5,0.75,7693.14401,0.501018822,11868.755,0.746979357,-0.245960535
6774,-3332,7709,11872,15365,15893,-1207,0.5,0.75,7703.15731,0.501344439,11864.881,0.7465476,-0.24520316
6775,-3328,7708,11869,15362,15893,-1393,0.5,0.75,7702.15332,0.50137699,11861.881,0.746358837,-0.244981847
6776,-3321,7712,11864,15364,15889,-1580,0.5,0.75,7706.15598,0.501572246,11856.755,0.746224117,-0.244651872
6777,-3310,7717,11864,15361,15899,-1580,0.5,0.75,7711.15199,0.501995442,11857.07,0.745774577,-0.243779135
6778,-3298,7728,11847,15372,15885,-1580,0.5,0.75,7722.16662,0.50235276,11839.629,0.7453339,-0.24298114
6780,-3295,7725,11843,15360,15889,-1580,0.5,0.75,7719.15066,0.502548871,11835.755,0.744902448,-0.242353577
6780,-3288,7733,11847,15361,15893,-1580,0.5,0.75,7727.15199,0.503037041,11839.881,0.74497458,-0.241937539
6781,-3281,7735,11834,15358,15884,-1580,0.5,0.75,7729.148,0.503265269,11826.5975,0.744560407,-0.241295138
6782,-3275,7743,11833,15362,15891,-1580,0.5,0.74,7737.15332,0.503655339,11825.818,0.744183374,-0.240528035
6783,-3259,7750,11824,15363,15889,-1435,0.5,0.74,7744.15465,0.504078282,11816.755,0.743706652,-0.23962837
6784,-3253,7751,11819,15355,15896,-1290,0.5,0.74,7745.14401,0.504405341,11811.9755,0.743078479,-0.238673138
6785,-3246,7756,11816,15366,15893,-1145,0.5,0.74,7750.15864,0.5043706,11808.881,0.743024036,-0.238653436
6786,-3236,7762,11807,15359,15892,-1000,0.51,0.74,7756.14933,0.504990516,11799.8495,0.742502486,-0.23751197
6787,-3226,7761,11805,15352,15896,-1000,0.51,0.74,7755.14002,0.50515503,11797.9755,0.742197754,-0.237042724
6788,-3215,7769,11795,15354,15894,-1000,0.51,0.74,7763.14268,0.505610439,11787.9125,0.741658016,-0.236047577
6789,-3202,7777,11789,15356,15888,-1000,0.51,0.74,7771.14534,0.506065729,11781.7235,0.741548559,-0.235482829
6790,-3191,7791,11781,15367,15898,-1000,0.51,0.74,7785.15997,0.506615473,11774.0385,0.740598723,-0.23398325
6791,-3180,7791,11775,15360,15899,-1000,0.51,0.74,7785.15066,0.506845746,11768.07,0.740176741,-0.233330995
6793,-3167,7799,11771,15356,15898,-1000,0.51,0.74,7793.14534,0.507498394,11764.0385,0.739969713,-0.232471319
6794,-3150,7800,11756,15351,15902,-978,0.51,0.74,7794.13869,0.507728401,11749.1645,0.738848227,-0.231119825
6794,-3139,7810,11757,15354,15892,-955,0.51,0.74,7804.14268,0.508280753,11749.8495,0.739356248,-0.231075496
6795,-3133,7817,11753,15354,15897,-932,0.51,0.74,7811.14268,0.50873666,11746.007,0.73888199,-0.23014533
6796,-3132,7817,11752,15356,15900,-910,0.51,0.74,7811.14534,0.508670574,11745.1015,0.738685629,-0.230015055
6797,-3124,7819,11756,15349,15903,-910,0.51,0.74,7813.13603,0.509032252,11749.196,0.738803748,-0.229771496
6798,-3118,7821,11750,15344,15904,-910,0.51,0.74,7815.12938,0.509328036,11743.2275,0.738382011,-0.229053975
6799,-3118,7830,11746,15355,15904,-910,0.51,0.74,7824.14401,0.509550245,11739.2275,0.738130502,-0.228580257
6800,-3111,7830,11749,15353,15899,-910,0.51,0.74,7824.14135,0.50961645,11742.07,0.738541418,-0.228924968
6801,-3101,7835,11741,15345,15899,-910,0.51,0.74,7829.13071,0.51020728,11734.07,0.738038241,-0.227830962
6802,-3094,7846,11744,15354,15910,-910,0.51,0.74,7840.14268,0.510625419,11737.4165,0.737738309,-0.22711289
6803,-3088,7851,11736,15354,15908,-872,0.51,0.74,7845.14268,0.510951067,11729.3535,0.737324208,-0.226373141
6804,-3070,7860,11723,15346,15899,-644,0.51,0.74,7854.13204,0.511803209,11716.07,0.736906095,-0.225102886
6805,-3059,7862,11713,15353,15899,-417,0.51,0.74,7856.14135,0.511700733,11706.07,0.736277124,-0.224576392
6806,-3049,7875,11717,15351,15908,-190,0.51,0.74,7869.13869,0.512614077,11710.3535,0.73612984,-0.223515764
6807,-3035,7878,11705,15352,15907,0,0.51,0.74,7872.14002,0.512776187,11698.322,0.735419752,-0.222643565
6808,-3023,7881,11700,15342,15910,0,0.51,0.74,7875.12672,0.513305092,11693.4165,0.734972753,-0.221667661
6809,-3012,7885,11695,15343,15906,0,0.51,0.74,7879.12805,0.513532428,11688.2905,0.734835314,-0.221302885
6810,-2997,7897,11698,15342,15921,0,0.51,0.73,7891.12672,0.514347981,11691.763,0.734361095,-0.220013115
6811,-2993,7902,11692,15344,15912,0,0.51,0.73,7896.12938,0.514606972,11685.4795,0.734381567,-0.219774595
6813,-2990,7902,11687,15348,15914,0,0.51,0.73,7896.1347,0.514473202,11680.5425,0.733979044,-0.219505842
6813,-2985,7904,11683,15338,15908,107,0.52,0.73,7898.1214,0.514938154,11676.3535,0.733992551,-0.219054397
6814,-2976,7912,11683,15351,15910,216,0.52,0.73,7906.13869,0.515024343,11676.4165,0.733904243,-0.2188799
6815,-2980,7918,11681,15347,15903,325,0.52,0.73,7912.13337,0.515549187,11674.196,0.734087656,-0.21853847
6816,-2973,7915,11686,15341,15912,433,0.52,0.73,7909.12539,0.515554748,11679.4795,0.734004493,-0.218449745
6817,-2976,7922,11680,15348,15903,433,0.52,0.73,7916.1347,0.515776303,11673.196,0.734024775,-0.218248472
6818,-2973,7924,11687,15348,15910,433,0.52,0.73,7918.1347,0.515906613,11680.4165,0.734155657,-0.218249044
6819,-2973,7924,11686,15352,15911,433,0.52,0.73,7918.14002,0.515772539,11679.448,0.734048646,-0.218276107
6820,-2968,7926,11681,15351,15904,433,0.52,0.73,7920.13869,0.515936336,11674.2275,0.73404348,-0.218107144
6821,-2966,7926,11685,15349,15910,433,0.52,0.73,7920.13603,0.51600339,11678.4165,0.73402995,-0.21802656
6822,-2965,7927,11685,15341,15920,433,0.52,0.73,7921.12539,0.516336966,11678.7315,0.733588662,-0.217251696
6823,-2965,7929,11683,15350,15908,651,0.52,0.73,7923.13736,0.5161653,11676.3535,0.733992551,-0.217827251
6824,-2961,7934,11680,15350,15906,868,0.52,0.73,7928.13736,0.516491033,11673.2905,0.733892273,-0.21740124
6825,-2958,7935,11680,15345,15912,1086,0.52,0.73,7929.13071,0.516724061,11673.4795,0.73362742,-0.216903359
6826,-2953,7934,11684,15342,15913,1303,0.52,0.73,7928.12672,0.516759661,11677.511,0.733834663,-0.217075002
6827,-2953,7938,11680,15340,15913,1303,0.52,0.73,7932.12406,0.517087618,11673.511,0.733583297,-0.216495679
6828,-2946,7942,11690,15336,15925,1303,0.52,0.73,7936.11874,0.517482964,11683.889,0.733682198,-0.216199234
6830,-2947,7941,11672,15347,15906,1303,0.52,0.73,7935.13337,0.517047851,11665.2905,0.733389318,-0.216341467
6831,-2940,7946,11675,15342,15918,1303,0.52,0.73,7940.12672,0.517541828,11668.6685,0.733048656,-0.215506828
6832,-2934,7952,11678,15346,15919,1303,0.52,0.73,7946.13204,0.517798256,11671.7,0.73319304,-0.215394784
6832,-2932,7950,11677,15345,15925,1303,0.52,0.73,7944.13071,0.517701578,11670.889,0.732865871,-0.215164294
6833,-2926,7956,11672,15342,15916,869,0.52,0.73,7950.12672,0.518193633,11665.6055,0.732948322,-0.214754689
6834,-2912,7959,11671,15338,15924,434,0.52,0.73,7953.1214,0.518524019,11664.8575,0.732533126,-0.214009107
6835,-2920,7960,11666,15340,15916,0,0.52,0.73,7954.12406,0.518521777,11659.6055,0.732571343,-0.214049566
6836,-2918,7957,11670,15337,15925,-435,0.52,0.73,7951.12007,0.518427337,11663.889,0.732426311,-0.213998974
6837,-2913,7959,11670,15336,15927,-435,0.52,0.73,7953.11874,0.518591467,11663.952,0.732338293,-0.213746826
6838,-2909,7960,11659,15336,15922,-435,0.52,0.73,7954.11874,0.518656673,11652.7945,0.73186751,-0.213210837
6839,-2914,7962,11663,15329,15922,-435,0.52,0.73,7956.10943,0.519023382,11656.7945,0.732118735,-0.213095353
6840,-2910,7960,11672,15341,15927,-435,0.52,0.73,7954.12539,0.518488064,11665.952,0.732463866,-0.213975802
6841,-2901,7967,11666,15342,15925,-435,0.52,0.73,7961.12672,0.518910619,11659.889,0.732175133,-0.213264514
6842,-2908,7965,11663,15342,15924,-435,0.52,0.73,7959.12672,0.518780258,11656.8575,0.73203074,-0.213250482
6843,-2911,7962,11666,15331,15920,-721,0.52,0.73,7956.11209,0.518955847,11659.7315,0.732395195,-0.213439348
6844,-2909,7963,11671,15335,15921,-1007,0.52,0.73,7957.11741,0.518886039,11664.763,0.732665222,-0.213779183
6845,-2907,7966,11676,15340,15923,-1294,0.52,0.73,7960.12406,0.518912911,11669.826,0.732891164,-0.213978252
6846,-2909,7969,11672,15340,15923,-1580,0.52,0.73,7963.12406,0.519108478,11665.826,0.732639955,-0.213531476
6848,-2915,7962,11674,15336,15930,-1580,0.52,0.73,7956.11874,0.518787085,11668.0465,0.732457407,-0.213670322
6849,-2910,7958,11672,15333,15925,-1580,0.52,0.73,7952.11475,0.518627454,11665.889,0.7325519,-0.213924446
6850,-2910,7964,11671,15338,15923,-1580,0.52,0.73,7958.1214,0.518850007,11664.826,0.732577153,-0.213727146
6850,-2917,7953,11668,15334,15920,-1580,0.52,0.73,7947.11608,0.518267646,11661.7315,0.732520823,-0.214253177
6851,-2918,7951,11673,15328,15928,-1580,0.52,0.73,7945.1081,0.518339516,11666.9835,0.732482641,-0.214143125
6852,-2917,7949,11680,15332,15929,-1580,0.52,0.73,7943.11342,0.518074186,11674.015,0.732878084,-0.214803898
6853,-2925,7948,11667,15333,15921,-1185,0.52,0.73,7942.11475,0.517975266,11660.763,0.732413982,-0.214438716
6854,-2919,7952,11678,15335,15931,-790,0.52,0.73,7946.11741,0.518168726,11672.078,0.732664491,-0.214495765
6855,-2928,7943,11677,15327,15931,-395,0.52,0.73,7937.10677,0.517851293,11671.078,0.73260172,-0.214750427
6856,-2933,7938,11685,15329,15934,0,0.52,0.73,7932.10943,0.517457723,11679.1725,0.73297179,-0.215514067
6857,-2936,7936,11693,15331,15944,0,0.52,0.73,7930.11209,0.517259937,11687.4875,0.733033586,-0.21577365
6858,-2940,7935,11687,15323,15927,0,0.52,0.73,7929.10145,0.517464038,11680.952,0.733405663,-0.215941626
6859,-2944,7927,11690,15325,15934,0,0.52,0.73,7921.10411,0.516874656,11684.1725,0.733285584,-0.216410928
6860,-2946,7923,11684,15313,15928,0,0.52,0.73,7917.08815,0.517017446,11677.9835,0.733173248,-0.216155802
6861,-2946,7925,11688,15317,15927,0,0.52,0.73,7919.09347,0.517013349,11681.952,0.73346845,-0.216455101
6862,-2945,7923,11693,15323,15933,0,0.52,0.73,7917.10145,0.516680901,11687.141,0.733517919,-0.216837018
6863,-2950,7926,11686,15324,15929,0,0.52,0.73,7920.10278,0.516843042,11680.015,0.733254755,-0.216411713
6864,-2952,7926,11690,15324,15941,0,0.52,0.73,7920.10278,0.516843042,11684.393,0.732977417,-0.216134374
6865,-2952,7920,11695,15325,15935,0,0.52,0.73,7914.10411,0.516417886,11689.204,0.733555318,-0.217137432
6866,-2957,7917,11692,15327,15929,0,0.52,0.73,7911.10677,0.51615494,11686.015,0.733631427,-0.217476487
6867,-2956,7913,11693,15315,15932,0,0.52,0.73,7907.09081,0.516297147,11687.1095,0.733561982,-0.217264835
6868,-2961,7914,11697,15319,15936,0,0.52,0.73,7908.09613,0.516227961,11691.2355,0.733636766,-0.217408805
6869,-2967,7911,11696,15320,15937,0,0.52,0.73,7905.09746,0.515998529,11690.267,0.733529962,-0.217531433
6870,-2971,7907,11706,15320,15937,0,0.52,0.73,7901.09746,0.515737432,11700.267,0.734157432,-0.21842
6871,-2975,7898,11707,15316,15937,0,0.52,0.73,7892.09214,0.515284156,11701.267,0.734220179,-0.218936023
6872,-2977,7899,11710,15315,15943,0,0.52,0.73,7893.09081,0.515383011,11704.456,0.734143888,-0.218760877
6873,-2987,7894,11710,15322,15933,-133,0.52,0.73,7888.10012,0.514821833,11704.141,0.734584887,-0.219763054
6874,-2984,7892,11713,15322,15941,-265,0.52,0.73,7886.10012,0.514691301,11707.393,0.734420237,-0.219728936
6875,-2990,7894,11715,15317,15947,-396,0.52,0.73,7888.09347,0.514989454,11709.582,0.734281181,-0.219291727
6876,-2990,7888,11710,15319,15941,-528,0.51,0.73,7882.09613,0.514530722,11704.393,0.734232043,-0.219701321
6877,-2991,7886,11714,15318,15941,-527,0.51,0.73,7880.0948,0.51443366,11708.393,0.734482968,-0.220049309
6878,-2991,7889,11709,15318,15936,-527,0.52,0.73,7883.0948,0.514629508,11703.2355,0.734389778,-0.21976027
6879,-2992,7882,11705,15316,15942,-527,0.51,0.73,7876.09214,0.514239497,11699.4245,0.733874326,-0.219634828
6880,-2992,7884,11710,15321,15943,-527,0.51,0.73,7878.09879,0.514202649,11704.456,0.734143888,-0.219941238
6881,-2992,7883,11713,15315,15946,-527,0.51,0.73,7877.09081,0.514338283,11707.5505,0.734199831,-0.219861547
6882,-2996,7878,11717,15320,15948,-527,0.51,0.73,7872.09746,0.513844482,11711.6135,0.734362522,-0.22051804
6883,-2999,7870,11715,15309,15950,-319,0.51,0.73,7864.08283,0.513690171,11709.6765,0.734148997,-0.220458826
6884,-3003,7869,11711,15308,15937,-69,0.51,0.73,7863.0815,0.513658316,11705.267,0.734471168,-0.220812852
6885,-3008,7866,11716,15321,15942,181,0.51,0.73,7860.09879,0.513027791,11710.4245,0.734564327,-0.221536536
6886,-3010,7859,11724,15304,15952,431,0.51,0.73,7853.07618,0.513138799,11718.7395,0.734625094,-0.221486295
6887,-3015,7859,11720,15311,15947,475,0.51,0.73,7853.08549,0.512904806,11714.582,0.73459472,-0.221689914
6888,-3023,7851,11722,15313,15949,475,0.51,0.73,7845.08815,0.512315559,11716.645,0.734631952,-0.222316393
6889,-3026,7851,11719,15311,15938,475,0.51,0.74,7845.08549,0.512382306,11713.2985,0.734929006,-0.2225467
6890,-3033,7842,11733,15298,15949,475,0.51,0.74,7836.0682,0.512228278,11727.645,0.73532165,-0.223093372
6891,-3037,7842,11733,15307,15951,475,0.51,0.74,7836.08017,0.511927887,11727.708,0.735233402,-0.223305515
6892,-3034,7845,11725,15314,15945,475,0.51,0.74,7839.08948,0.511890393,11719.519,0.734996488,-0.223106095
6893,-3042,7837,11730,15304,15944,-42,0.51,0.74,7831.07618,0.511701266,11724.4875,0.735354208,-0.223652942
6894,-3038,7833,11733,15308,15955,-556,0.51,0.74,7827.0815,0.511306604,11727.834,0.735056973,-0.223750368
6895,-3043,7832,11726,15309,15939,-1070,0.51,0.74,7826.08283,0.511207971,11720.33,0.735324048,-0.224116077
6896,-3044,7828,11728,15298,15952,-1584,0.51,0.74,7822.0682,0.511313126,11722.7395,0.734875846,-0.22356272
6897,-3046,7827,11735,15307,15953,-1580,0.51,0.74,7821.08017,0.510947943,11729.771,0.735270545,-0.224322601
6898,-3055,7827,11737,15304,15952,-1580,0.51,0.74,7821.07618,0.511047842,11731.7395,0.735440039,-0.224392196
6899,-3060,7818,11741,15309,15948,-1580,0.51,0.74,7812.08283,0.510293476,11735.6135,0.735867413,-0.225573936
6900,-3062,7813,11737,15297,15946,-1580,0.51,0.74,7807.06687,0.51036588,11731.5505,0.73570491,-0.22533903
6901,-3068,7817,11742,15305,15949,-1580,0.51,0.74,7811.07751,0.510361157,11736.645,0.735885949,-0.225524792
6902,-3078,7802,11752,15296,15958,-1580,0.51,0.74,7796.06554,0.509680017,11746.9285,0.736115334,-0.226435317
6903,-3084,7806,11749,15306,15953,-1640,0.51,0.74,7800.07884,0.509609228,11743.771,0.736148123,-0.226538895
6904,-3089,7797,11749,15298,15949,-1700,0.51,0.74,7791.0682,0.509286717,11743.645,0.736324848,-0.227038131
6905,-3094,7798,11749,15309,15944,-1760,0.51,0.74,7792.08283,0.508987055,11743.4875,0.736545879,-0.227558824
6906,-3098,7794,11753,15295,15948,-1820,0.51,0.74,7788.06421,0.509190207,11747.6135,0.736619858,-0.227429652
6907,-3104,7783,11766,15295,15957,-1819,0.51,0.74,7777.06421,0.508471017,11760.897,0.737036849,-0.228565832
6908,-3099,7788,11756,15298,15956,-1819,0.51,0.74,7782.0682,0.508698405,11750.8655,0.736454343,-0.227755938
6909,-3105,7791,11762,15310,15965,-1819,0.51,0.74,7785.08416,0.508496679,11757.149,0.736432759,-0.22793608
6910,-3107,7777,11761,15299,15958,-1819,0.51,0.74,7771.06953,0.50794624,11755.9285,0.736679314,-0.228733074
6911,-3109,7775,11761,15300,15949,-1819,0.51,0.74,7769.07086,0.507782409,11755.645,0.737077246,-0.229294837
6912,-3116,7766,11763,15292,15953,-1819,0.51,0.74,7760.06022,0.507458816,11757.771,0.7370257,-0.229566884
6913,-3118,7769,11771,15297,15958,-1255,0.51,0.74,7763.06687,0.507489499,11765.9285,0.737305959,-0.22981646
6914,-3123,7767,11771,15298,15960,-551,0.51,0.74,7761.0682,0.507325677,11765.9915,0.737217513,-0.229891836
6915,-3134,7760,11778,15295,15954,153,0.51,0.74,7754.06421,0.506967258,11772.8025,0.737921681,-0.230954423
6916,-3147,7755,11773,15304,15945,858,0.51,0.74,7749.07618,0.50634319,11767.519,0.738006836,-0.231663646
6917,-3149,7753,11787,15301,15961,999,0.51,0.74,7747.07219,0.506311495,11782.023,0.738175741,-0.231864246
6918,-3157,7751,11788,15303,15955,999,0.51,0.74,7745.07485,0.506114804,11782.834,0.738504168,-0.232389364
6919,-3167,7744,11795,15303,15952,999,0.51,0.74,7738.07485,0.505657378,11789.7395,0.739075947,-0.233418569
6920,-3169,7738,11800,15294,15952,999,0.51,0.74,7732.06288,0.505561846,11794.7395,0.739389387,-0.23382754
6921,-3178,7737,11811,15290,15965,999,0.51,0.74,7731.05756,0.505628356,11806.149,0.739501973,-0.233873617
6922,-3182,7742,11807,15309,15960,999,0.51,0.74,7736.08283,0.505329076,11801.9915,0.739473152,-0.234144075
6923,-3188,7731,11814,15297,15960,1152,0.51,0.74,7725.06687,0.505005352,11808.9915,0.739911748,-0.234906396
6924,-3190,7722,11813,15292,15959,1343,0.5,0.74,7716.06022,0.504581495,11807.96,0.739893477,-0.235311982
6925,-3199,7720,11811,15288,15952,1534,0.5,0.74,7714.0549,0.504582346,11805.7395,0.740078956,-0.23549661
6926,-3204,7721,11820,15297,15963,1725,0.5,0.74,7715.06687,0.504351629,11815.086,0.740154482,-0.235802853
6927,-3204,7720,11821,15301,15962,1764,0.5,0.74,7714.07219,0.504154774,11816.0545,0.740261527,-0.236106754
6928,-3208,7717,11823,15294,15962,1764,0.5,0.74,7711.06288,0.504188759,11818.0545,0.740386825,-0.236198066
6929,-3217,7714,11828,15299,15963,1764,0.5,0.74,7708.06953,0.503828324,11823.086,0.740655641,-0.236827317
6930,-3219,7715,11830,15304,15966,1764,0.5,0.74,7709.07618,0.503729494,11825.1805,0.740647658,-0.236918163
6931,-3225,7702,11840,15287,15969,1764,0.5,0.74,7696.05357,0.503437795,11835.275,0.741140648,-0.237702853
6932,-3230,7697,11834,15295,15956,1764,0.5,0.74,7691.06421,0.502848265,11828.8655,0.741342786,-0.238494522
6933,-3241,7696,11854,15286,15975,1028,0.5,0.74,7690.05224,0.503078126,11849.464,0.741750485,-0.238672359
6934,-3243,7689,11847,15290,15960,229,0.5,0.74,7683.05756,0.502489049,11841.9915,0.741979417,-0.239490368
6935,-3252,7691,11853,15290,15962,-569,0.5,0.74,7685.05756,0.502619853,11848.0545,0.742266289,-0.239646435
6936,-3256,7685,11855,15283,15966,-1367,0.5,0.74,7679.04825,0.502456864,11850.1805,0.742213485,-0.239756621
6937,-3266,7679,11859,15289,15959,-1430,0.5,0.74,7673.05623,0.501867763,11853.96,0.742775863,-0.2409081
6938,-3273,7673,11867,15289,15962,-1430,0.5,0.74,7667.05623,0.501475324,11862.0545,0.743143372,-0.241668048
6939,-3277,7670,11866,15282,15960,-1430,0.5,0.74,7664.04692,0.501508109,11860.9915,0.743169893,-0.241661785
6940,-3280,7669,11872,15274,15973,-1430,0.5,0.74,7663.03628,0.501704614,11867.401,0.742966318,-0.241261704
6941,-3291,7662,11873,15288,15960,-1429,0.5,0.74,7656.0549,0.50078852,11867.9915,0.74360849,-0.24281997
6942,-3293,7663,11878,15279,15962,-1429,0.5,0.74,7657.04293,0.501148173,11873.0545,0.743832508,-0.242684336
6943,-3291,7660,11873,15283,15964,-1207,0.5,0.74,7654.04825,0.500821059,11868.1175,0.743430061,-0.242609002
6944,-3295,7655,11894,15275,15977,-958,0.5,0.74,7649.03761,0.500755326,11889.527,0.744165175,-0.243409849
6945,-3297,7654,11891,15286,15976,-710,0.5,0.74,7648.05224,0.500330514,11886.4955,0.744022002,-0.243691488
6946,-3307,7649,11884,15279,15969,-461,0.5,0.74,7643.04293,0.500231882,11879.275,0.743895986,-0.243664104
6947,-3310,7652,11893,15286,15977,-435,0.5,0.74,7646.05224,0.500199676,11888.527,0.744102585,-0.243902909
6948,-3312,7646,11883,15284,15962,-435,0.5,0.74,7640.04958,0.499872388,11878.0545,0.744145752,-0.244273364
6949,-3316,7647,11887,15283,15962,-435,0.5,0.74,7641.04825,0.499970441,11882.0545,0.744396348,-0.244425907
6950,-3318,7659,11872,15316,15939,-435,0.5,0.74,7653.09214,0.49967956,11866.33,0.74448397,-0.24480441
6951,-3317,7636,11919,15278,16002,-435,0.5,0.74,7630.0416,0.499413641,11915.3145,0.744614079,-0.245200439
6952,-3328,7635,11904,15283,15969,-435,0.5,0.75,7629.04825,0.499185255,11899.275,0.745148413,-0.245963158
6953,-3333,7641,11886,15295,15951,-32,0.5,0.75,7635.06421,0.499186938,11880.708,0.744825277,-0.24563834
6954,-3330,7626,11904,15271,15966,470,0.5,0.75,7620.03229,0.498987119,11899.1805,0.745282507,-0.246295388
6955,-3345,7625,11914,15270,15975,973,0.5,0.75,7619.03096,0.498954221,11909.464,0.745506354,-0.246552132
6956,-3347,7628,11909,15278,15963,1477,0.5,0.75,7622.0416,0.498890012,11904.086,0.745729875,-0.246839864
6957,-3350,7617,11915,15270,15973,1578,0.5,0.75,7611.03096,0.498430318,11910.401,0.745658361,-0.247228043
6958,-3355,7616,11911,15277,15967,1578,0.5,0.75,7610.04027,0.498137086,11906.212,0.745676207,-0.247539121
6959,-3364,7610,11914,15266,15968,1578,0.5,0.75,7604.02564,0.498102033,11909.2435,0.745819357,-0.247717324
6960,-3369,7606,11919,15266,15972,1578,0.5,0.75,7600.02564,0.497840013,11914.3695,0.745953512,-0.248113499
6961,-3364,7603,11927,15265,15980,1578,0.5,0.75,7597.02431,0.497676011,11922.6215,0.746096464,-0.248420453
6962,-3374,7607,11931,15277,15977,1578,0.5,0.75,7601.04027,0.497547966,11926.527,0.746481004,-0.248933038
6963,-3376,7602,11930,15272,15978,788,0.5,0.75,7596.03362,0.497383029,11925.5585,0.74637367,-0.248990641
6964,-3374,7602,11933,15264,15974,0,0.5,0.75,7596.02298,0.497643015,11928.4325,0.746740485,-0.24909747
6965,-3379,7604,11933,15268,15972,-790,0.5,0.75,7598.0283,0.497643981,11928.3695,0.746830046,-0.249186065
6966,-3379,7600,11939,15264,15988,-1580,0.5,0.75,7594.02298,0.497511988,11934.8735,0.746489461,-0.248977473
6967,-3380,7595,11929,15265,15975,-1580,0.5,0.75,7589.02431,0.497151936,11924.464,0.746445321,-0.249293384
6968,-3380,7601,11937,15265,15979,-1580,0.5,0.75,7595.02431,0.497544992,11932.59,0.746767007,-0.249222014
6969,-3381,7597,11932,15259,15983,-1580,0.5,0.75,7591.01633,0.497477969,11927.716,0.746275167,-0.248797198
6970,-3381,7595,11931,15260,15971,-1580,0.5,0.75,7589.01766,0.497314394,11926.338,0.746749609,-0.249435214
6971,-3374,7600,11928,15260,15977,-1580,0.5,0.75,7594.01766,0.497642048,11923.527,0.746293234,-0.248651186
6972,-3378,7602,11928,15265,15981,-1580,0.5,0.75,7596.02431,0.497610502,11923.653,0.746114323,-0.248503821
6973,-3375,7601,11928,15264,15986,-1452,0.5,0.75,7595.02298,0.497577501,11923.8105,0.745890811,-0.248313309
6974,-3365,7586,11922,15241,15978,-1307,0.5,0.75,7579.99239,0.497342195,11917.5585,0.745872982,-0.248530787
6975,-3370,7591,11927,15248,15983,-1162,0.5,0.75,7585.0017,0.497442399,11922.716,0.745962335,-0.248519936
6976,-3370,7588,11927,15243,15986,-1017,0.5,0.75,7581.99505,0.497408322,11922.8105,0.745828256,-0.248419934
6977,-3367,7595,11925,15244,15979,-1000,0.5,0.75,7588.99638,0.497834976,11920.59,0.746016021,-0.248181045
6978,-3367,7593,11924,15243,15988,-1000,0.5,0.75,7586.99505,0.497736341,11919.8735,0.745551257,-0.247814916
6979,-3363,7587,11918,15246,15985,-1000,0.5,0.75,7580.99904,0.497245116,11913.779,0.745309916,-0.248064799
6980,-3365,7586,11921,15241,15982,-1000,0.5,0.75,7579.99239,0.497342195,11916.6845,0.745631617,-0.248289422
6981,-3360,7593,11908,15238,15973,-1001,0.5,0.75,7586.9884,0.497899226,11903.401,0.745220121,-0.247320896
6982,-3355,7595,11906,15244,15977,-1000,0.5,0.75,7588.99638,0.497834976,11901.527,0.744916255,-0.247081278
6983,-3355,7591,11917,15234,15986,-890,0.5,0.75,7584.98308,0.497898325,11912.8105,0.745202709,-0.247304384
6984,-3350,7593,11906,15240,15982,-759,0.5,0.74,7586.99106,0.497834059,11901.6845,0.744693061,-0.246859002
6985,-3347,7597,11908,15240,15983,-628,0.5,0.75,7590.99106,0.498096526,11903.716,0.744773572,-0.246677046
6986,-3344,7596,11905,15236,15983,-497,0.5,0.74,7589.98574,0.498161311,11900.716,0.744585872,-0.246424561
6987,-3340,7597,11904,15239,15989,-477,0.5,0.74,7590.98973,0.498129125,11899.905,0.744255738,-0.246126614
6988,-3331,7606,11899,15240,15988,-477,0.5,0.74,7599.99106,0.498687077,11894.8735,0.743987584,-0.245300507
6989,-3333,7595,11897,15228,15984,-477,0.5,0.74,7588.9751,0.498356652,11892.7475,0.74404076,-0.245684107
6990,-3327,7601,11898,15222,15988,-477,0.5,0.74,7594.96712,0.49894673,11893.8735,0.743925038,-0.244978308
6991,-3323,7598,11896,15228,15995,-477,0.5,0.74,7591.9751,0.498553658,11892.094,0.743488215,-0.244934557
6992,-3322,7612,11889,15252,15986,-477,0.5,0.74,7606.00702,0.498689157,11884.8105,0.743451176,-0.244762019
6993,-3314,7601,11885,15219,15984,-621,0.5,0.74,7594.96313,0.499044821,11880.7475,0.743290009,-0.244245188
6994,-3309,7615,11882,15249,15986,-803,0.5,0.74,7609.00303,0.498983739,11877.8105,0.743013293,-0.244029554
6994,-3307,7610,11881,15239,15982,-984,0.5,0.74,7603.98973,0.498982199,11876.6845,0.743128801,-0.244146602
6995,-3305,7619,11881,15243,15992,-1165,0.5,0.74,7612.99505,0.499442042,11876.9995,0.742683811,-0.243241768
6996,-3302,7618,11881,15246,15995,-1201,0.5,0.74,7611.99904,0.499278436,11877.094,0.742550422,-0.243271986
6998,-3297,7618,11868,15247,15985,-1201,0.5,0.74,7612.00037,0.499245778,11863.779,0.742181983,-0.242936206
6999,-3296,7620,11867,15245,15987,-1201,0.5,0.74,7613.99771,0.49944229,11862.842,0.742030525,-0.242588235
7000,-3292,7608,11867,15214,15991,-1201,0.5,0.74,7601.95648,0.499668495,11862.968,0.741852792,-0.242184297
7001,-3282,7620,11866,15238,15994,-1201,0.5,0.74,7613.9884,0.499671112,11862.0625,0.741657028,-0.241985916
7002,-3275,7624,11854,15235,15983,-1201,0.5,0.74,7617.98441,0.500031796,11849.716,0.741394982,-0.241363186
7003,-3271,7619,11853,15219,15990,-779,0.5,0.74,7612.96313,0.500227553,11848.9365,0.74102167,-0.240794117
7004,-3261,7627,11846,15226,15994,-251,0.5,0.74,7620.97244,0.500523607,11842.0625,0.740406559,-0.239882952
7005,-3254,7634,11845,15249,15998,275,0.5,0.74,7628.00303,0.500229722,11841.1885,0.740166802,-0.23993708
7006,-3244,7640,11835,15241,15990,802,0.5,0.74,7633.99239,0.500885269,11830.9365,0.739895966,-0.239010697
7007,-3240,7637,11826,15230,15987,908,0.5,0.74,7630.97776,0.501049098,11821.842,0.739465941,-0.238416843
7008,-3234,7635,11818,15222,15981,908,0.5,0.74,7628.96712,0.501180339,11813.653,0.739231149,-0.238050811
7009,-3231,7641,11824,15233,15990,908,0.5,0.74,7634.98175,0.501213271,11819.9365,0.739208036,-0.237994766
7010,-3224,7632,11824,15215,15996,908,0.5,0.74,7625.95781,0.501213132,11820.1255,0.738942579,-0.237729447
7011,-3222,7646,11809,15234,15979,908,0.5,0.74,7639.98308,0.50150867,11804.59,0.738756493,-0.237247823
7012,-3220,7647,11813,15234,15992,908,0.5,0.74,7640.98308,0.501574313,11808.9995,0.738431685,-0.236857372
7013,-3220,7635,11813,15211,15996,908,0.5,0.74,7628.95249,0.501541811,11809.1255,0.738254907,-0.236713096
7013,-3206,7660,11801,15252,15985,440,0.5,0.74,7654.00702,0.501836285,11796.779,0.737990554,-0.236154269
7014,-3210,7653,11798,15242,15990,-144,0.5,0.74,7646.99372,0.501705401,11793.9365,0.73758202,-0.235876619
7016,-3205,7656,11804,15247,16004,-728,0.5,0.74,7650.00037,0.501738071,11800.3775,0.737339259,-0.235601188
7017,-3199,7659,11794,15243,15991,-1313,0.5,0.74,7652.99505,0.502066198,11789.968,0.737287724,-0.235221527
7018,-3198,7654,11795,15239,15990,-1430,0.5,0.74,7647.98973,0.501869528,11790.9365,0.737394403,-0.235524875
7019,-3193,7677,11786,15270,15985,-1430,0.5,0.74,7671.03096,0.502359591,11781.779,0.737052174,-0.234692583
7020,-3188,7665,11790,15256,15994,-1430,0.5,0.74,7659.01234,0.502032796,11786.0625,0.736905246,-0.234872449
7021,-3187,7658,11781,15242,15991,-1430,0.5,0.74,7651.99372,0.502033442,11776.968,0.736474767,-0.234441325
7022,-3184,7661,11784,15231,15996,-1429,0.5,0.74,7654.97909,0.502592022,11780.1255,0.736441954,-0.233849932
7023,-3181,7672,11777,15257,15995,-1220,0.5,0.74,7666.01367,0.502458784,11773.094,0.73604839,-0.233589606
7024,-3174,7659,11772,15243,15987,-995,0.5,0.74,7652.99505,0.502066198,11767.842,0.736088197,-0.234021999
7025,-3177,7674,11775,15258,15991,-769,0.5,0.74,7668.015,0.502557019,11770.968,0.736099556,-0.233542537
7026,-3172,7658,11768,15233,15988,-543,0.5,0.74,7651.98175,0.502329269,11763.8735,0.735793939,-0.233464671
7027,-3170,7656,11773,15231,15988,-527,0.5,0.74,7649.97909,0.502263744,11768.8735,0.736106674,-0.233842929
7028,-3172,7674,11770,15264,15988,-527,0.5,0.74,7668.02298,0.502359996,11765.8735,0.735919033,-0.233559037
7029,-3168,7662,11769,15241,15995,-527,0.5,0.74,7655.99239,0.502328744,11765.094,0.735548234,-0.23321949
7030,-3172,7667,11766,15259,15988,-527,0.5,0.74,7661.01633,0.502065426,11761.8735,0.735668845,-0.23360342
7031,-3169,7663,11771,15253,15996,-527,0.5,0.74,7657.00835,0.502000154,11767.1255,0.735629251,-0.233629097
7032,-3171,7656,11774,15236,16001,-527,0.5,0.74,7649.98574,0.502099353,11770.283,0.735596713,-0.23349736
7033,-3175,7665,11768,15254,15995,-448,0.5,0.74,7659.00968,0.502098445,11764.094,0.735485714,-0.233387269
7034,-3167,7650,11768,15221,15995,-316,0.5,0.74,7643.96579,0.502198659,11764.094,0.735485714,-0.233287055
7035,-3168,7648,11770,15223,16001,-185,0.5,0.74,7641.96845,0.502001475,11766.283,0.735346728,-0.233345254
7036,-3172,7650,11766,15230,15987,-53,0.5,0.74,7643.97776,0.501902676,11761.842,0.735712892,-0.233810215
7037,-3173,7649,11770,15226,15997,0,0.5,0.74,7642.97244,0.501968504,11766.157,0.735522723,-0.233554219
7038,-3170,7649,11769,15224,15996,0,0.5,0.74,7642.96978,0.502034274,11765.1255,0.73550422,-0.233469946
7039,-3170,7644,11771,15219,16002,0,0.5,0.74,7637.96313,0.501870237,11767.3145,0.735365236,-0.233494999
7040,-3169,7661,11771,15247,16004,0,0.5,0.74,7655.00037,0.502066004,11767.3775,0.735277274,-0.23321127
7041,-3172,7643,11763,15224,15986,0,0.5,0.74,7636.96978,0.501640159,11758.8105,0.735569279,-0.23392912
7042,-3176,7635,11775,15215,15995,0,0.5,0.74,7628.95781,0.501410306,11771.094,0.735923351,-0.234513045
7042,-3181,7649,11767,15241,15991,0,0.5,0.74,7642.99239,0.501475782,11762.968,0.735599275,-0.234123493
7043,-3186,7630,11777,15214,15999,0,0.5,0.74,7623.95648,0.501114531,11773.22,0.735872242,-0.234757711
7044,-3187,7635,11773,15222,15998,0,0.5,0.74,7628.96712,0.501180339,11769.1885,0.73566624,-0.234485901
7046,-3192,7630,11779,15218,16001,0,0.5,0.74,7623.9618,0.500983165,11775.283,0.735909193,-0.234926029
7047,-3193,7626,11786,15213,16003,0,0.5,0.74,7619.95515,0.500884451,11782.346,0.736258577,-0.235374126
7048,-3195,7631,11784,15221,16000,0,0.5,0.74,7624.96579,0.500950384,11780.2515,0.736265719,-0.235315335
7049,-3200,7629,11788,15223,16006,0,0.5,0.74,7622.96845,0.500753363,11784.4405,0.736251437,-0.235498074
7050,-3201,7630,11787,15239,15998,0,0.5,0.74,7623.98973,0.500294621,11783.1885,0.736541349,-0.236246728
7051,-3206,7608,11787,15205,16001,0,0.5,0.74,7601.94451,0.499963467,11783.283,0.736409162,-0.236445695
7052,-3211,7606,11789,15198,16001,0,0.5,0.74,7599.9352,0.500061534,11785.283,0.736534154,-0.23647262
7053,-3213,7618,11790,15228,15995,-167,0.5,0.74,7611.9751,0.499867028,11786.094,0.736861144,-0.236994116
7054,-3215,7600,11781,15208,15985,-375,0.5,0.74,7593.9485,0.499339065,11776.779,0.736739381,-0.237400316
7055,-3228,7596,11784,15207,15984,-584,0.5,0.74,7589.94717,0.499108777,11779.7475,0.73697119,-0.237862413
7056,-3231,7600,11786,15212,15979,-792,0.5,0.74,7593.95382,0.499208113,11781.59,0.737317104,-0.23810899
7057,-3237,7591,11794,15201,15987,-834,0.5,0.74,7584.93919,0.49897633,11789.842,0.737464315,-0.238487985
7058,-3238,7589,11796,15200,15995,-834,0.5,0.74,7582.93786,0.498877491,11792.094,0.737236261,-0.238358771
7059,-3243,7583,11790,15196,15980,-834,0.5,0.74,7576.93254,0.498613618,11785.6215,0.737523248,-0.23890963
7060,-3254,7578,11791,15199,15970,-834,0.5,0.74,7571.93653,0.498186495,11786.3065,0.738027959,-0.239841464
7060,-3248,7572,11796,15200,15978,-834,0.5,0.74,7565.93786,0.49775907,11791.5585,0.737987139,-0.240228069
7061,-3259,7578,11803,15197,15986,-834,0.5,0.74,7571.93387,0.498251883,11798.8105,0.738071469,-0.239819586
7062,-3267,7577,11806,15216,15978,-983,0.5,0.74,7570.95914,0.497565664,11801.5585,0.738612999,-0.241047335
7063,-3266,7560,11810,15192,15990,-1169,0.5,0.74,7553.92722,0.497230596,11805.9365,0.738332489,-0.241101893
7064,-3276,7562,11819,15188,15998,-1356,0.5,0.74,7555.9219,0.497492883,11815.1885,0.738541599,-0.241048716
7066,-3283,7558,11818,15195,15989,-1542,0.5,0.74,7551.93121,0.497001067,11813.905,0.73887704,-0.241875974
7067,-3285,7559,11823,15202,15988,-1580,0.5,0.74,7552.94052,0.496838608,11818.8735,0.739234019,-0.242395411
7068,-3291,7556,11830,15191,15992,-1580,0.5,0.74,7549.92589,0.496999927,11825.9995,0.739494716,-0.242494789
7069,-3296,7545,11825,15188,15992,-1580,0.5,0.74,7538.9219,0.496373578,11820.9995,0.73918206,-0.242808482
7070,-3297,7546,11823,15203,15981,-1580,0.5,0.74,7539.94185,0.495950921,11818.653,0.739544021,-0.2435931
7071,-3306,7540,11841,15202,15993,-1580,0.5,0.74,7533.94052,0.495588773,11837.031,0.740138248,-0.244549475
7071,-3313,7531,11840,15193,15993,-1580,0.5,0.74,7524.92855,0.495289183,11836.031,0.740075721,-0.244786538
7072,-3317,7554,11837,15238,15986,-1359,0.5,0.74,7547.9884,0.495339835,11832.8105,0.74019833,-0.244858495
7073,-3321,7518,11848,15175,16002,-1083,0.5,0.74,7511.90461,0.495018426,11844.3145,0.740177134,-0.245158708
7074,-3329,7525,11854,15195,16003,-807,0.5,0.74,7518.93121,0.4948293,11850.346,0.74050778,-0.24567848
7075,-3337,7523,11866,15194,16003,-532,0.5,0.74,7516.92988,0.494730149,11862.346,0.741257639,-0.24652749
7076,-3343,7516,11863,15197,16004,-477,0.49,0.74,7509.93387,0.494172131,11859.3775,0.741025837,-0.246853707
7077,-3350,7512,11862,15189,16004,-477,0.49,0.74,7505.92323,0.494168361,11858.3775,0.740963353,-0.246794992
7078,-3357,7503,11874,15188,16012,-477,0.49,0.74,7496.9219,0.493608237,11870.6295,0.741358325,-0.247750088
7079,-3360,7499,11861,15185,15993,-477,0.49,0.74,7492.91791,0.493442075,11857.031,0.741388795,-0.24794672
7081,-3370,7499,11875,15181,16000,-477,0.49,0.74,7492.91259,0.49357174,11871.2515,0.741953219,-0.248381478
7082,-3373,7496,11877,15182,15999,-477,0.49,0.74,7489.91392,0.493341715,11873.22,0.742122633,-0.248780917
7083,-3378,7487,11866,15173,15984,-468,0.49,0.74,7480.90195,0.493040397,11861.7475,0.74210132,-0.249060923
7084,-3381,7482,11881,15177,15998,-458,0.49,0.74,7475.90727,0.492581358,11877.1885,0.742417083,-0.249835725
7085,-3385,7481,11879,15179,15998,-448,0.49,0.74,7474.90993,0.49245075,11875.1885,0.742292068,-0.249841318
7086,-3388,7484,11888,15184,16009,-437,0.49,0.74,7477.91658,0.492486603,11884.535,0.742365857,-0.249879254
7087,-3395,7471,11882,15169,15996,-435,0.49,0.74,7464.89663,0.492115277,11878.1255,0.742568486,-0.250453209
7088,-3398,7473,11892,15175,16002,-435,0.49,0.74,7466.90461,0.492053022,11888.3145,0.74292679,-0.250873768
7088,-3408,7470,11897,15177,16000,-435,0.49,0.74,7463.90727,0.491790688,11893.2515,0.743328219,-0.251537531
7089,-3414,7467,11894,15183,15990,-435,0.49,0.74,7460.91525,0.491399279,11889.9365,0.743585772,-0.252186494
7090,-3413,7462,11901,15176,16006,-435,0.49,0.74,7455.90594,0.491295858,11897.4405,0.74331129,-0.252015432
7091,-3424,7453,11901,15176,15997,-435,0.49,0.74,7446.90594,0.490702816,11897.157,0.743711758,-0.253008942
7093,-3425,7457,11903,15172,15996,-280,0.49,0.74,7450.90062,0.49109548,11899.1255,0.743881314,-0.252785834
7094,-3425,7449,11938,15172,16040,-63,0.49,0.74,7442.90062,0.490568193,11935.5115,0.744109196,-0.253541003
7095,-3432,7452,11910,15172,16004,153,0.49,0.74,7445.90062,0.490765925,11906.3775,0.743962603,-0.253196678
7096,-3434,7450,11915,15166,16013,371,0.49,0.74,7443.89264,0.490827683,11911.661,0.743874415,-0.253046732
7097,-3438,7446,11938,15169,16036,433,0.49,0.74,7439.89663,0.490467178,11935.3855,0.744286948,-0.25381977
7098,-3438,7441,11923,15170,16025,433,0.49,0.74,7434.89796,0.490105337,11920.039,0.743840187,-0.25373485
7099,-3439,7439,11917,15160,16013,433,0.49,0.74,7432.88466,0.490295822,11913.661,0.743999313,-0.253703491
7100,-3442,7440,11925,15158,16027,433,0.49,0.74,7433.882,0.49042631,11922.102,0.743876084,-0.253449775
7101,-3438,7440,11912,15164,16007,433,0.49,0.74,7433.88998,0.490232787,11908.472,0.74395402,-0.253721233
7102,-3445,7437,11911,15158,16001,433,0.49,0.74,7430.882,0.490228394,11907.283,0.744158678,-0.253930283
7103,-3442,7441,11914,15170,16009,420,0.49,0.74,7434.89796,0.490105337,11910.535,0.743989943,-0.253884606
7104,-3442,7441,11920,15166,16011,404,0.49,0.74,7434.89264,0.49023425,11916.598,0.744275685,-0.254041435
7105,-3444,7435,11920,15168,16010,388,0.49,0.74,7428.8953,0.489774215,11916.5665,0.744320206,-0.254545991
7106,-3445,7429,11921,15158,16015,372,0.49,0.74,7422.882,0.48970062,11917.724,0.7441601,-0.25445948
7107,-3448,7431,11921,15153,16011,369,0.49,0.74,7424.87535,0.489993754,11917.598,0.744338143,-0.254344389
7108,-3453,7424,11921,15153,16011,369,0.49,0.74,7417.87535,0.489531799,11917.598,0.744338143,-0.254806344
7109,-3455,7426,11944,15154,16030,369,0.49,0.75,7419.87668,0.489631561,11941.1965,0.744928041,-0.25529648
7110,-3454,7429,11927,15164,16022,369,0.49,0.74,7422.88998,0.489507385,11923.9445,0.744223224,-0.25471584
7111,-3458,7424,11927,15159,16016,369,0.49,0.74,7417.88333,0.489338567,11923.7555,0.744490229,-0.255151662
7112,-3461,7416,11924,15150,16005,369,0.49,0.75,7409.87136,0.48910042,11920.409,0.744792815,-0.255692395
7113,-3462,7414,11929,15155,16013,200,0.49,0.74,7407.87801,0.488807523,11925.661,0.744748704,-0.255941181
7114,-3457,7415,11925,15140,16010,-11,0.49,0.74,7408.85806,0.489356543,11921.5665,0.744632511,-0.255275968
7115,-3466,7416,11925,15148,16014,-223,0.49,0.74,7409.8687,0.48916482,11921.6925,0.744454384,-0.255289563
7116,-3464,7415,11924,15141,16003,-434,0.49,0.75,7408.85939,0.489324311,11920.346,0.74488196,-0.255557649
7117,-3465,7418,11924,15155,16005,-477,0.49,0.75,7411.87801,0.489071462,11920.409,0.744792815,-0.255721353
7118,-3466,7415,11926,15148,16009,-477,0.49,0.74,7408.8687,0.489098805,11922.535,0.744739522,-0.255640716
7119,-3464,7412,11919,15140,15999,-477,0.49,0.74,7405.85806,0.489158392,11915.22,0.744747797,-0.255589404
7120,-3465,7406,11939,15136,16026,-477,0.49,0.74,7399.85274,0.488890905,11936.0705,0.744794116,-0.255903211
7121,-3465,7414,11930,15150,16009,-477,0.49,0.75,7407.87136,0.488968407,11926.535,0.744989381,-0.256020974
7122,-3468,7400,11917,15135,15996,-477,0.49,0.74,7393.85141,0.488526687,11913.1255,0.744756533,-0.256229846
7123,-3463,7409,11948,15141,16037,-477,0.49,0.75,7402.85939,0.488928036,11945.417,0.74486606,-0.255938024
7124,-3466,7408,11937,15141,16019,-477,0.49,0.75,7401.85939,0.48886199,11933.85,0.74498096,-0.25611897
7125,-3472,7407,11925,15136,16007,-477,0.49,0.74,7400.85274,0.488956973,11921.472,0.744766165,-0.255809192
7126,-3474,7403,11924,15139,15994,-477,0.49,0.75,7396.85673,0.488596125,11920.0625,0.745283388,-0.256687263
7127,-3473,7401,11931,15139,16008,-477,0.49,0.75,7394.85673,0.488464015,11927.5035,0.745096421,-0.256632405
7128,-3476,7400,11921,15127,15996,-477,0.49,0.75,7393.84077,0.488784344,11917.1255,0.745006595,-0.256222252
7129,-3474,7402,11932,15134,16010,-477,0.49,0.75,7395.85008,0.488691032,11928.5665,0.745069738,-0.256378706
7130,-3472,7395,11937,15129,16017,-477,0.49,0.75,7388.84343,0.488389413,11933.787,0.745070051,-0.256680638
7131,-3476,7399,11924,15137,16001,-477,0.49,0.75,7392.85407,0.488396252,11920.283,0.744971127,-0.256574875
7132,-3479,7400,11932,15129,16012,-477,0.49,0.75,7393.84343,0.488719904,11928.6295,0.744980608,-0.256260704
7133,-3477,7394,11943,15125,16026,-581,0.49,0.75,7387.83811,0.488452106,11940.0705,0.74504371,-0.256591604
7134,-3475,7392,11927,15118,15996,-712,0.49,0.75,7385.8288,0.488545363,11923.1255,0.745381689,-0.256836326
7135,-3478,7394,11923,15127,16002,-843,0.49,0.75,7387.84077,0.488387702,11919.3145,0.744864048,-0.256476346
7136,-3478,7395,11922,15126,15994,-974,0.49,0.75,7388.83944,0.488486013,11918.0625,0.745158341,-0.256672327
7137,-3479,7389,11925,15117,16004,-1000,0.49,0.75,7382.82747,0.488379141,11921.3775,0.744899869,-0.256520728
7138,-3479,7388,11927,15122,16000,-1000,0.49,0.75,7381.83412,0.488151972,11923.2515,0.745203219,-0.257051247
7139,-3481,7384,11924,15103,16000,-1000,0.49,0.75,7377.80885,0.48849956,11920.2515,0.745015719,-0.256516159
7140,-3482,7384,11934,15116,16011,-1000,0.49,0.75,7377.82614,0.488080586,11930.598,0.745150084,-0.257069498
7141,-3482,7383,11933,15110,16008,-1000,0.49,0.75,7376.81816,0.488207688,11929.5035,0.745221358,-0.25701367
7142,-3485,7385,11934,15121,16009,-1000,0.49,0.75,7378.83279,0.487985767,11930.535,0.74523924,-0.257253473
7143,-3491,7382,11939,15121,16009,-702,0.49,0.75,7375.83279,0.487787368,11935.535,0.745551565,-0.257764197
7144,-3491,7382,11932,15114,16002,-333,0.49,0.75,7375.82348,0.488012669,11928.3145,0.745426478,-0.257413809
7145,-3498,7371,11939,15105,16005,35,0.49,0.75,7364.81151,0.487574413,11935.409,0.745730022,-0.258155609
7146,-3497,7374,11938,15105,16005,404,0.49,0.75,7367.81151,0.487773023,11934.409,0.745667541,-0.257894519
7147,-3497,7376,11943,15110,16007,475,0.49,0.75,7369.81816,0.487744418,11939.472,0.745890673,-0.258146255
7148,-3500,7373,11945,15109,16004,475,0.49,0.75,7366.81683,0.487578055,11941.3775,0.746149556,-0.258571502
7149,-3504,7367,11947,15111,16009,475,0.49,0.75,7360.81949,0.487116636,11943.535,0.746051284,-0.258934647
7150,-3511,7361,11950,15110,16016,475,0.49,0.75,7354.81816,0.486751698,11946.7555,0.745926292,-0.259174594
7151,-3510,7360,11945,15097,15999,475,0.49,0.75,7353.80087,0.487103456,11941.22,0.746372898,-0.259269443
7152,-3516,7364,11949,15102,16008,475,0.49,0.75,7357.80752,0.48720749,11945.5035,0.746220858,-0.259013368
7153,-3518,7352,11959,15094,16019,-230,0.49,0.75,7345.79688,0.486669993,11955.85,0.746354329,-0.259684336
7154,-3515,7349,11957,15095,16011,-1111,0.49,0.75,7342.79821,0.4864391,11953.598,0.746586597,-0.260147497
7155,-3525,7351,11960,15095,16004,-1991,0.49,0.75,7344.79821,0.486571594,11956.3775,0.747086822,-0.260515228
7156,-3520,7347,11959,15094,16010,-2871,0.49,0.75,7340.79688,0.486338736,11955.5665,0.746756184,-0.260417448
7157,-3528,7342,11945,15101,15995,-3045,0.49,0.75,7335.80619,0.485782808,11941.094,0.746551672,-0.260768864
7158,-3533,7342,11958,15092,15996,-3045,0.49,0.75,7335.79422,0.486071708,11954.1255,0.747319674,-0.261247965
7159,-3536,7342,11956,15092,16004,-3045,0.49,0.75,7335.79422,0.486071708,11952.3775,0.746836885,-0.260765176
7160,-3547,7337,11956,15094,15991,-3045,0.49,0.75,7330.79688,0.485676221,11951.968,0.747418423,-0.261742202
7161,-3549,7323,11965,15081,16000,-3045,0.49,0.75,7316.77959,0.485165413,11961.2515,0.747578219,-0.262412806
7162,-3556,7325,11965,15087,15999,-3045,0.49,0.75,7318.78757,0.485105559,11961.22,0.747622976,-0.262517417
7163,-3554,7324,11974,15084,16007,-2321,0.49,0.75,7317.78358,0.48513548,11970.472,0.747827326,-0.262691846
7164,-3558,7318,11970,15081,16002,-1412,0.49,0.75,7311.77959,0.48483387,11966.3145,0.747801181,-0.262967311
7165,-3566,7315,11979,15084,16001,-504,0.48,0.75,7308.78358,0.484538821,11975.283,0.748408412,-0.263869591
7166,-3569,7312,11977,15078,16007,403,0.48,0.75,7305.7756,0.48453214,11973.472,0.748014744,-0.263482604
7167,-3574,7308,11981,15089,15998,587,0.48,0.75,7301.79023,0.483914788,11977.1885,0.748667865,-0.264753077
7168,-3586,7300,11986,15081,16000,587,0.48,0.75,7293.77959,0.483640315,11982.2515,0.748890719,-0.265250404
7169,-3585,7296,11991,15076,16005,587,0.48,0.75,7289.77294,0.483534952,11987.409,0.748979007,-0.265444054
7170,-3590,7302,11990,15078,15995,587,0.48,0.75,7295.7756,0.483868922,11986.094,0.749365052,-0.26549613
7171,-3595,7297,11986,15087,16001,587,0.48,0.75,7290.78757,0.483249657,11982.283,0.748845885,-0.265596228
7172,-3602,7292,11993,15089,16000,587,0.48,0.75,7285.79023,0.482854412,11989.2515,0.749328219,-0.266473806
7173,-3607,7281,11996,15066,15998,492,0.48,0.75,7274.75964,0.482859395,11992.1885,0.749605482,-0.266746087
7174,-3611,7276,11995,15072,15996,345,0.48,0.75,7269.76762,0.482335962,11991.1255,0.749632752,-0.26729679
7175,-3618,7275,12007,15077,16001,198,0.48,0.75,7268.77427,0.482110119,12003.283,0.750158303,-0.268048183
7176,-3625,7276,11999,15079,15992,51,0.48,0.75,7269.77693,0.482112669,11994.9995,0.7500625,-0.267949831
7177,-3629,7271,12006,15074,15997,0,0.48,0.75,7264.77028,0.481940446,12002.157,0.750275489,-0.268335043
7178,-3637,7265,12005,15074,15994,0,0.48,0.75,7258.77028,0.481542409,12001.0625,0.750347787,-0.268805377
7179,-3637,7265,12008,15073,16001,0,0.48,0.75,7258.76895,0.481574269,12004.283,0.750220799,-0.26864653
7180,-3641,7255,12009,15068,15996,0,0.48,0.75,7248.7623,0.481069969,12005.1255,0.750507971,-0.269438001
7181,-3647,7252,12013,15061,16000,0,0.48,0.75,7245.75299,0.481093751,12009.2515,0.750578219,-0.269484467
7182,-3654,7249,12016,15066,15995,0,0.48,0.75,7242.75964,0.480735407,12012.094,0.75099056,-0.270255153
7183,-3658,7244,12016,15066,15995,-220,0.48,0.75,7237.75964,0.480403534,12012.094,0.75099056,-0.270587026
7184,-3666,7238,12015,15069,15987,-546,0.48,0.75,7231.76363,0.479909989,12010.842,0.751288047,-0.271378057
7185,-3670,7235,12014,15064,15988,-872,0.48,0.75,7228.75698,0.479869688,12009.8735,0.751180479,-0.271310791
7186,-3676,7229,12025,15056,15995,-1199,0.48,0.75,7222.74634,0.479725448,12021.094,0.751553235,-0.271827788
7187,-3682,7224,12030,15057,16001,-1305,0.48,0.75,7217.74767,0.479361604,12026.283,0.751595713,-0.272234109
7188,-3687,7221,12029,15057,15992,-1305,0.48,0.75,7214.74767,0.479162361,12024.9995,0.751938438,-0.272776077
7189,-3692,7223,12026,15063,15985,-1305,0.48,0.75,7216.75565,0.479104803,12021.779,0.75206625,-0.272961446
7190,-3698,7224,12029,15066,15989,-1305,0.48,0.75,7217.75964,0.479076041,12024.905,0.752073613,-0.272997572
7191,-3701,7215,12026,15059,15983,-1305,0.48,0.75,7208.75033,0.478700467,12021.716,0.752156416,-0.273455949
7192,-3706,7209,12034,15054,15990,-1305,0.48,0.75,7202.74368,0.478460454,12029.9365,0.752341245,-0.27388079
7193,-3712,7199,12039,15043,15990,-1109,0.48,0.75,7192.72905,0.478144589,12034.9365,0.75265394,-0.274509351
7194,-3711,7203,12041,15051,15994,-783,0.48,0.75,7196.73969,0.478156912,12037.0625,0.752598631,-0.274441718
7195,-3716,7200,12041,15049,15991,-457,0.48,0.75,7193.73703,0.478020934,12036.968,0.752733913,-0.274712979
7196,-3720,7197,12044,15046,15992,-131,0.48,0.75,7190.73304,0.477916592,12039.9995,0.752876407,-0.274959815
7197,-3722,7196,12044,15052,15991,0,0.48,0.75,7189.74102,0.477660179,12039.968,0.752921518,-0.275261339
7198,-3724,7189,12048,15048,15994,0,0.48,0.75,7182.7357,0.477321617,12044.0625,0.753036295,-0.275714677
7199,-3730,7185,12045,15045,15985,0,0.48,0.75,7178.73171,0.477150662,12040.779,0.753254864,-0.276104202
7200,-3733,7186,12045,15044,15991,0,0.48,0.75,7179.73038,0.477248762,12040.968,0.752984054,-0.275735291
7201,-3737,7185,12048,15051,15989,0,0.48,0.75,7178.73969,0.476960979,12043.905,0.75326193,-0.276300951
7202,-3739,7176,12048,15045,15986,0,0.48,0.75,7169.73171,0.476552457,12043.8105,0.753397379,-0.276844922
7203,-3738,7174,12052,15042,15991,-300,0.48,0.75,7167.72772,0.476514275,12047.968,0.7534218,-0.276907525
7204,-3741,7178,12043,15047,15981,-801,0.48,0.75,7171.73437,0.476622208,12038.653,0.753310369,-0.27668816
7205,-3743,7171,12047,15034,15988,-1301,0.48,0.75,7164.71708,0.476567585,12042.8735,0.753244527,-0.276676942
7206,-3744,7172,12043,15039,15978,-1801,0.48,0.75,7165.72373,0.476476078,12038.5585,0.753445894,-0.276969817
7207,-3742,7166,12035,15032,15985,-2001,0.48,0.75,7159.71442,0.476298192,12030.779,0.752629277,-0.276331086
7208,-3745,7163,12046,15027,15986,-2001,0.48,0.75,7156.70777,0.476256589,12041.8105,0.753272269,-0.27701568
7209,-3748,7163,12040,15032,15982,-2001,0.48,0.75,7156.71442,0.476098618,12035.6845,0.753077493,-0.276978876
7210,-3744,7162,12041,15027,15978,-2001,0.48,0.75,7155.70777,0.476190043,12036.5585,0.753320722,-0.27713068
7211,-3744,7168,12038,15030,15977,-2001,0.48,0.75,7161.71176,0.476494462,12033.527,0.753178131,-0.276683669
7212,-3747,7155,12045,15027,15985,-2001,0.48,0.75,7148.70777,0.475724214,12040.779,0.753254864,-0.27753065
7213,-3750,7160,12046,15034,15990,-1766,0.48,0.75,7153.71708,0.475835911,12041.9365,0.753091714,-0.277255803
7214,-3746,7159,12043,15027,15979,-1375,0.48,0.75,7152.70777,0.475990402,12038.59,0.753400713,-0.277410311
7215,-3750,7143,12042,15016,15988,-983,0.48,0.75,7136.69314,0.475272585,12037.8735,0.752931793,-0.277659207
7216,-3749,7151,12034,15019,15977,-592,0.48,0.75,7144.69713,0.475710575,12029.527,0.752927771,-0.277217196
7217,-3751,7146,12030,15012,15979,-435,0.48,0.75,7139.68782,0.475598709,12025.59,0.752587146,-0.276988437
7218,-3752,7150,12037,15015,15987,-435,0.48,0.75,7143.69181,0.47577035,12032.842,0.752664165,-0.276893814
7219,-3751,7140,12026,15010,15973,-435,0.48,0.75,7133.68516,0.475262169,12021.401,0.752607588,-0.277345419
7220,-3747,7153,12028,15016,15977,-435,0.48,0.75,7146.69314,0.475938542,12023.527,0.752552231,-0.27661369
7220,-3747,7147,12040,15012,15993,-435,0.48,0.75,7140.68782,0.475665322,12036.031,0.752581192,-0.276915869
7221,-3749,7141,12030,15008,15977,-435,0.48,0.75,7134.6825,0.475391958,12025.527,0.752677411,-0.277285454
7223,-3746,7144,12025,15008,15976,-435,0.48,0.75,7137.6825,0.475591851,12020.4955,0.752409583,-0.276817732
7224,-3748,7145,12027,15003,15977,-392,0.48,0.75,7138.67585,0.47581656,12022.527,0.752489641,-0.276673081
7225,-3739,7150,12022,15012,15975,-283,0.48,0.75,7143.68782,0.475865163,12017.464,0.752266917,-0.276401755
7226,-3737,7147,12020,15000,15978,-174,0.48,0.75,7140.67186,0.476044791,12015.5585,0.752006415,-0.275961624
7227,-3735,7144,12021,15001,15983,-66,0.48,0.75,7137.67319,0.475813158,12016.716,0.751843584,-0.276030425
7228,-3734,7146,12020,15008,15981,0,0.48,0.75,7139.6825,0.475725113,12015.653,0.75187116,-0.276146046
7229,-3727,7145,12021,15000,15982,0,0.48,0.75,7138.67186,0.475911457,12016.6845,0.751888656,-0.275977199
7230,-3730,7145,12013,14999,15983,0,0.48,0.75,7138.67053,0.475943098,12008.716,0.751343052,-0.275399954
7231,-3722,7145,12011,14994,15979,0,0.48,0.75,7138.66388,0.476101366,12006.59,0.751398085,-0.275296719
7231,-3721,7149,12005,14998,15975,0,0.48,0.75,7142.6692,0.476241446,12000.464,0.751202754,-0.274961309
7232,-3717,7147,12001,14988,15974,0,0.48,0.75,7140.6559,0.476424867,11996.4325,0.750997402,-0.274572535
7234,-3716,7147,12008,15002,15975,0,0.48,0.75,7140.67452,0.475981504,12003.464,0.751390548,-0.275409044
7235,-3711,7151,11990,14992,15964,0,0.48,0.75,7144.66122,0.476564916,11985.1175,0.750759052,-0.274194136
7236,-3714,7152,11992,14999,15970,0,0.48,0.75,7145.67053,0.476409796,11987.3065,0.750614058,-0.274204262
7237,-3709,7152,12000,14991,15971,0,0.48,0.75,7145.65989,0.476663324,11995.338,0.751069939,-0.274406615
7238,-3710,7151,11991,14991,15967,0,0.48,0.75,7144.65989,0.476596617,11986.212,0.750686541,-0.274089924
7239,-3708,7148,11988,14980,15970,0,0.48,0.75,7141.64526,0.476745344,11983.3065,0.750363588,-0.273618244
7240,-3705,7152,11993,14978,15979,0,0.48,0.75,7145.6426,0.477075885,11988.59,0.750271606,-0.273195722
7241,-3697,7162,11982,14988,15970,0,0.48,0.75,7155.6559,0.477425667,11977.3065,0.749987884,-0.272562216
7242,-3698,7153,11983,14977,15965,0,0.48,0.75,7146.64127,0.477174419,11978.149,0.75027554,-0.273101121
7243,-3693,7151,11975,14979,15963,-100,0.48,0.75,7144.64393,0.476977364,11970.086,0.749864437,-0.272887073
7244,-3691,7150,11976,14968,15962,-600,0.48,0.75,7143.6293,0.477260108,11971.0545,0.74997209,-0.272711982
7245,-3688,7153,11977,14972,15968,-1101,0.48,0.75,7146.63462,0.47733333,11972.2435,0.749764748,-0.272431418
7246,-3686,7157,11975,14968,15966,-1601,0.48,0.75,7150.6293,0.477727773,11970.1805,0.749729456,-0.272001684
7247,-3686,7155,11973,14982,15969,-2001,0.48,0.75,7148.64792,0.477149107,11968.275,0.749469284,-0.272320177
7248,-3680,7155,11975,14969,15967,-2001,0.48,0.75,7148.63063,0.477562337,11970.212,0.749684474,-0.272122137
7249,-3682,7157,11978,14969,15970,-2001,0.48,0.75,7150.63063,0.477695947,11973.3065,0.749737414,-0.272041467
7249,-3678,7157,11964,14966,15963,-2001,0.48,0.75,7150.62664,0.477791437,11959.086,0.749175343,-0.271383906
7250,-3678,7158,11958,14967,15958,-2001,0.48,0.75,7151.62797,0.477826416,11952.9285,0.74902422,-0.271197804
7251,-3673,7163,11957,14967,15955,-2001,0.48,0.75,7156.62797,0.478160484,11951.834,0.749096459,-0.270935974
7252,-3667,7166,11960,14970,15961,-2034,0.48,0.75,7159.63196,0.478265328,11955.023,0.749014661,-0.270749333
7253,-3666,7163,11966,14967,15972,-2090,0.48,0.75,7156.62797,0.478160484,11961.3695,0.748896162,-0.270735678
7255,-3664,7161,11957,14964,15957,-2145,0.48,0.75,7154.62398,0.478122426,11951.897,0.749006518,-0.270884092
7256,-3666,7159,11958,14956,15955,-2201,0.48,0.75,7152.61334,0.478243738,11952.834,0.749159135,-0.270915397
7256,-3659,7161,11960,14962,15969,-2223,0.48,0.75,7154.62132,0.47818616,11955.275,0.748655207,-0.270469047
7257,-3661,7161,11955,14954,15962,-2223,0.48,0.75,7154.61068,0.478441265,11950.0545,0.748656465,-0.2702152
7258,-3657,7164,11955,14959,15956,-2223,0.48,0.75,7157.61733,0.47848234,11949.8655,0.748926141,-0.2704438
7260,-3656,7169,11956,14964,15964,-2223,0.48,0.75,7162.62398,0.478657042,11951.1175,0.74862926,-0.269972217
7261,-3654,7163,11948,14951,15956,-2223,0.48,0.75,7156.60669,0.478670771,11942.8655,0.748487434,-0.269816664
7262,-3657,7167,11952,14958,15956,-2223,0.48,0.75,7160.616,0.478714801,11946.8655,0.748738124,-0.270023322
7263,-3651,7167,11954,14958,15956,-2015,0.48,0.75,7160.616,0.478714801,11948.8655,0.748863468,-0.270148667
7264,-3653,7161,11947,14946,15952,-1668,0.48,0.75,7154.60004,0.478696644,11941.7395,0.748604532,-0.269907888
7264,-3653,7165,11946,14948,15954,-1320,0.48,0.75,7158.6027,0.478900368,11940.8025,0.748451956,-0.269551588
7265,-3651,7164,11945,14954,15952,-973,0.48,0.75,7157.61068,0.47864188,11939.7395,0.748479156,-0.269837276
7266,-3653,7158,11947,14942,15951,-834,0.48,0.75,7151.59472,0.478623659,11941.708,0.748649489,-0.27002583
7267,-3655,7159,11949,14946,15952,-834,0.48,0.75,7152.60004,0.478562829,11943.7395,0.748729908,-0.27016708
7268,-3654,7161,11949,14943,15952,-834,0.48,0.75,7154.59605,0.478792481,11943.7395,0.748729908,-0.269937427
7269,-3660,7152,11959,14940,15957,-834,0.48,0.75,7145.59206,0.478285948,11953.897,0.749131854,-0.270845907
7270,-3656,7159,11949,14939,15951,-834,0.48,0.75,7152.59073,0.478786447,11943.708,0.748774873,-0.269988426
7271,-3653,7151,11946,14929,15950,-834,0.48,0.75,7144.57743,0.478570395,11940.6765,0.748631755,-0.27006136
7272,-3660,7157,11949,14939,15951,-643,0.48,0.75,7150.59073,0.478652569,11943.708,0.748774873,-0.270122304
7273,-3656,7155,11958,14939,15950,-326,0.48,0.75,7148.59073,0.478518691,11952.6765,0.749384107,-0.270865415
7274,-3660,7157,11952,14934,15942,-9,0.48,0.75,7150.58408,0.47881238,11946.4245,0.74936799,-0.27055561
7275,-3663,7152,11954,14930,15951,307,0.48,0.75,7145.57876,0.478605409,11948.708,0.749088333,-0.270482924
7276,-3664,7147,11957,14920,15951,433,0.48,0.75,7140.56546,0.478590178,11951.708,0.749276409,-0.270686231
7277,-3669,7147,11963,14932,15949,433,0.48,0.75,7140.58142,0.478206631,11957.645,0.749742617,-0.271535986
7278,-3673,7139,11967,14916,15957,433,0.48,0.75,7132.56014,0.478181828,11961.897,0.749633202,-0.271451374
7279,-3672,7137,11962,14915,15948,433,0.48,0.75,7130.55881,0.478079706,11956.6135,0.74972495,-0.271645244
7280,-3677,7136,11969,14914,15952,433,0.48,0.75,7129.55748,0.478044621,11963.7395,0.74998367,-0.271939049
7281,-3680,7132,11965,14921,15951,433,0.48,0.75,7125.56679,0.477552898,11959.708,0.749777945,-0.272225047
7282,-3681,7133,11967,14916,15946,154,0.48,0.75,7126.56014,0.477779575,11961.5505,0.75012859,-0.272349015
7283,-3687,7128,11975,14915,15957,-311,0.48,0.75,7121.55881,0.477476286,11969.897,0.750134549,-0.272658263
7284,-3690,7129,11970,14912,15949,-777,0.48,0.75,7122.55482,0.477639138,11964.645,0.750181516,-0.272542378
7285,-3692,7125,11966,14908,15939,-1243,0.48,0.75,7118.5495,0.477498625,11960.33,0.750381454,-0.272882829
7286,-3697,7120,11977,14907,15951,-1430,0.48,0.75,7113.54817,0.477195155,11971.708,0.750530249,-0.273335094
7287,-3701,7120,11974,14919,15941,-1429,0.48,0.75,7113.56413,0.476812396,11968.393,0.750793112,-0.273980716
7288,-3702,7118,11972,14909,15938,-1429,0.48,0.75,7111.55083,0.476997172,11966.2985,0.750803018,-0.273805846
7289,-3708,7116,11974,14911,15939,-1429,0.48,0.75,7109.55349,0.476799241,11968.33,0.750883368,-0.274084126
7290,-3712,7112,11984,14908,15952,-1429,0.48,0.75,7105.5495,0.47662661,11978.7395,0.750923991,-0.274297381
7291,-3716,7107,11974,14901,15937,-1429,0.48,0.75,7100.54019,0.476514341,11968.267,0.750973646,-0.274459306
7292,-3721,7105,11978,14897,15931,-1515,0.48,0.75,7098.53487,0.476507677,11972.078,0.7514957,-0.274988023
7293,-3725,7104,11983,14903,15934,-1658,0.48,0.75,7097.54285,0.476249269,11977.1725,0.751673936,-0.275424668
7294,-3728,7099,11979,14893,15930,-1801,0.48,0.75,7092.52955,0.476232428,11973.0465,0.751603672,-0.275371244
7295,-3740,7091,11983,14902,15930,-1944,0.48,0.75,7084.54152,0.475408772,11977.0465,0.751854771,-0.276445999
7296,-3741,7085,11993,14893,15937,-2001,0.48,0.75,7078.52955,0.475292389,11987.267,0.75216584,-0.276873451
7297,-3743,7089,11986,14894,15927,-2001,0.48,0.75,7082.53088,0.475529131,11979.952,0.752178816,-0.276649685
7298,-3751,7075,11996,14883,15940,-2001,0.48,0.75,7068.51625,0.47493894,11990.3615,0.752218413,-0.277279472
7299,-3753,7079,11990,14890,15927,-2001,0.48,0.75,7072.52556,0.474984927,11983.952,0.752429962,-0.277445035
7300,-3756,7068,11993,14881,15925,-2001,0.47,0.75,7061.51359,0.474532195,11986.889,0.752708885,-0.278176691
7301,-3764,7067,12004,14889,15938,-2001,0.47,0.75,7060.52423,0.474210775,11998.2985,0.752810798,-0.278600023
7302,-3768,7061,11991,14881,15926,-1701,0.47,0.75,7054.51359,0.474061796,11984.9205,0.75253802,-0.278476223
7303,-3772,7062,11998,14874,15925,-1201,0.47,0.75,7055.50428,0.474351505,11991.889,0.753022857,-0.278671353
7304,-3778,7052,11999,14875,15925,-701,0.47,0.75,7045.50561,0.473647436,11992.889,0.753085651,-0.279438216
7305,-3785,7049,11997,14871,15919,-201,0.47,0.75,7042.50029,0.473572745,11990.7,0.753231987,-0.279659242
7306,-3790,7049,12003,14878,15919,0,0.47,0.75,7042.5096,0.473350558,11996.7,0.753608895,-0.280258337
7307,-3796,7041,12005,14873,15922,0,0.47,0.75,7034.50295,0.472971354,11998.7945,0.753598449,-0.280627095
7308,-3798,7036,12005,14861,15917,0,0.47,0.75,7029.48699,0.473015745,11998.637,0.753825281,-0.280809536
7309,-3802,7036,12013,14872,15923,0,0.47,0.75,7029.50162,0.472666865,12006.826,0.754055517,-0.281388652
7310,-3812,7031,12014,14869,15924,0,0.47,0.75,7024.49763,0.472425693,12007.8575,0.75407294,-0.281647247
7311,-3813,7021,12013,14858,15917,0,0.47,0.75,7014.483,0.472101427,12006.637,0.754327888,-0.282226462
7312,-3815,7027,12018,14863,15925,-250,0.47,0.75,7020.48965,0.472346744,12011.889,0.754278744,-0.281932001
7313,-3817,7015,12019,14859,15920,-667,0.47,0.75,7008.48433,0.471665949,12012.7315,0.754568562,-0.282902613
7314,-3826,7013,12026,14861,15922,-1084,0.47,0.76,7006.48699,0.47146807,12019.7945,0.754917378,-0.283449308
7315,-3828,7011,12027,14863,15918,-1501,0.47,0.76,7004.48965,0.471270245,12020.6685,0.755161986,-0.283891742
7316,-3836,7007,12027,14863,15920,-1668,0.47,0.76,7000.48965,0.47100112,12020.7315,0.755071074,-0.284069954
7317,-3838,7005,12029,14853,15917,-1668,0.47,0.76,6998.47635,0.47118268,12022.637,0.755333103,-0.284150423
7319,-3843,7001,12024,14851,15909,-1667,0.47,0.76,6994.47369,0.470976614,12017.385,0.755382802,-0.284406188
7320,-3847,6990,12027,14846,15915,-1668,0.47,0.76,6983.46704,0.470393846,12020.574,0.755298398,-0.284904552
7321,-3856,6987,12022,14846,15913,-1668,0.47,0.76,6980.46704,0.470191772,12015.511,0.755075159,-0.284883387
7322,-3853,6988,12026,14843,15910,-1668,0.47,0.76,6981.46305,0.470353908,12019.4165,0.755463011,-0.285109103
7323,-3858,6991,12031,14856,15917,-1632,0.47,0.76,6984.48034,0.470145419,12024.637,0.755458755,-0.285313336
7324,-3858,6983,12035,14844,15919,-1572,0.47,0.76,6976.46438,0.469985474,12028.7,0.755619072,-0.285633597
7324,-3861,6979,12026,14842,15904,-1513,0.47,0.76,6972.46172,0.469779121,12019.2275,0.755736136,-0.285957014
7325,-3865,6984,12019,14853,15896,-1453,0.47,0.76,6977.47635,0.469768824,12011.9755,0.75566026,-0.285891436
7326,-3868,6979,12031,14843,15905,-1429,0.47,0.76,6972.46305,0.469747561,12024.259,0.756004967,-0.286257406
7327,-3870,6970,12032,14832,15903,-1429,0.47,0.76,6963.44842,0.469488162,12025.196,0.756158964,-0.286670802
7328,-3876,6970,12036,14833,15912,-1429,0.47,0.76,6963.44975,0.4694566,12029.4795,0.756000471,-0.286543871
7329,-3877,6970,12026,14839,15902,-1429,0.47,0.76,6963.45773,0.469267318,12019.1645,0.755827223,-0.286559905
7330,-3879,6963,12026,14837,15896,-1429,0.47,0.76,6956.45507,0.468858601,12018.9755,0.756100623,-0.287242021
7331,-3879,6966,12024,14830,15901,-1429,0.47,0.76,6959.44576,0.469281575,12017.133,0.755746997,-0.286465422
7332,-3878,6960,12025,14836,15900,-1351,0.47,0.76,6953.45374,0.468687904,12018.1015,0.75585544,-0.287167537
7333,-3877,6955,12038,14819,15913,-1221,0.47,0.76,6948.43113,0.468886641,12031.511,0.756080626,-0.287193985
7334,-3879,6948,12029,14806,15909,-1091,0.47,0.76,6941.41384,0.468824385,12022.385,0.75569709,-0.286872705
7335,-3885,6950,12026,14818,15902,-961,0.47,0.76,6943.4298,0.468580767,12019.1645,0.755827223,-0.287246456
7336,-3890,6946,12026,14808,15896,-910,0.47,0.76,6939.4165,0.468626182,12018.9755,0.756100623,-0.287474441
7338,-3890,6948,12025,14823,15898,-910,0.47,0.76,6941.43645,0.468288231,12018.0385,0.755946566,-0.287658334
7339,-3890,6945,12022,14809,15896,-910,0.47,0.76,6938.41783,0.4685271,12014.9755,0.755848987,-0.287321887
7340,-3892,6948,12023,14820,15894,-910,0.47,0.76,6941.43246,0.468382757,12015.9125,0.756003051,-0.287620294
7341,-3895,6943,12024,14819,15891,-910,0.47,0.76,6936.43113,0.46807687,12016.818,0.756202756,-0.288125887
7341,-3895,6938,12030,14806,15903,-910,0.47,0.76,6931.41384,0.468148983,12023.196,0.756033201,-0.287884218
7342,-3896,6935,12025,14805,15892,-1048,0.47,0.76,6928.41251,0.46797788,12017.8495,0.756220079,-0.2882422
7343,-3894,6936,12023,14816,15892,-1275,0.47,0.76,6929.42714,0.467698916,12015.8495,0.75609423,-0.288395314
7344,-3896,6933,12014,14803,15885,-1502,0.47,0.76,6926.40985,0.46790582,12006.629,0.755846963,-0.287941143
7345,-3895,6931,12017,14801,15889,-1730,0.47,0.76,6924.40719,0.46783374,12009.755,0.755853421,-0.28801968
7346,-3896,6934,12023,14806,15892,-1819,0.47,0.76,6927.41384,0.467878822,12015.8495,0.75609423,-0.288215408
7347,-3898,6931,12025,14797,15893,-1819,0.47,0.76,6924.40187,0.467959848,12017.881,0.756174479,-0.288214631
7348,-3898,6926,12016,14795,15883,-1819,0.47,0.76,6919.39921,0.467684975,12008.566,0.756064094,-0.288379118
7349,-3897,6929,12020,14799,15887,-1819,0.47,0.76,6922.40453,0.467761641,12012.692,0.756133442,-0.288371801
7351,-3898,6923,12014,14787,15881,-1819,0.47,0.76,6916.38857,0.4677344,12006.503,0.756029406,-0.288295006
7352,-3900,6925,12011,14796,15877,-1819,0.47,0.76,6918.40054,0.467585871,12003.377,0.756022989,-0.288437119
7353,-3894,6926,12011,14800,15881,-1725,0.47,0.76,6919.40586,0.467527423,12003.503,0.755840501,-0.288313078
7354,-3892,6916,12020,14787,15890,-1571,0.47,0.76,6909.38857,0.467261011,12012.7865,0.755996633,-0.288735622
7354,-3898,6916,12003,14771,15874,-1416,0.47,0.76,6909.36729,0.467765709,11995.2825,0.755655947,-0.287890238
7355,-3894,6917,12015,14778,15887,-1262,0.47,0.76,6910.3766,0.467612437,12007.692,0.75581872,-0.288206282
7356,-3897,6920,12010,14778,15881,-1201,0.47,0.76,6913.3766,0.467815442,12002.503,0.755777533,-0.287962091
7357,-3897,6912,12008,14777,15880,-1201,0.47,0.76,6905.37527,0.467305628,12000.4715,0.755697198,-0.288391569
7358,-3897,6918,12007,14778,15874,-1201,0.47,0.76,6911.3766,0.467680106,11999.2825,0.755907931,-0.288227826
7359,-3893,6908,12007,14765,15878,-1201,0.47,0.76,6901.35931,0.467413431,11999.4085,0.755725438,-0.288312007
7360,-3888,6908,12008,14761,15883,-1201,0.47,0.76,6901.35399,0.467539732,12000.566,0.755560411,-0.288020678
7361,-3897,6917,12009,14766,15875,-1201,0.47,0.76,6910.36064,0.467991375,12001.314,0.755988283,-0.287996909
7362,-3895,6911,12004,14765,15867,-1020,0.47,0.76,6904.35931,0.467616614,11996.062,0.756038445,-0.28842183
7363,-3896,6909,12000,14764,15866,-720,0.47,0.76,6902.35798,0.467512732,11992.0305,0.755831999,-0.288319267
7364,-3897,6908,12000,14766,15869,-420,0.47,0.76,6901.36064,0.467381866,11992.125,0.755695066,-0.288313199
7365,-3897,6909,11998,14767,15864,-119,0.47,0.76,6902.36197,0.467418025,11989.9675,0.755797245,-0.288379221
7366,-3895,6907,11995,14755,15858,0,0.47,0.76,6900.34601,0.467661539,11986.7785,0.75588211,-0.288220571
7367,-3897,6912,11997,14760,15860,0,0.47,0.76,6905.35266,0.467842321,11988.8415,0.755916866,-0.288074545
7369,-3901,6905,12003,14747,15866,0,0.47,0.76,6898.33537,0.467778895,11995.0305,0.756021083,-0.288242187
7370,-3900,6906,12004,14753,15869,0,0.47,0.76,6899.34335,0.467656975,11996.125,0.75594713,-0.288290155
7370,-3897,6903,12004,14752,15864,0,0.47,0.76,6896.34202,0.467485224,11995.9675,0.75617546,-0.288690236
7371,-3897,6902,11995,14740,15862,0,0.47,0.76,6895.32606,0.467796883,11986.9045,0.755699439,-0.287902556
7372,-3902,6902,12003,14746,15872,42,0.47,0.76,6895.33404,0.467607083,11995.2195,0.755747196,-0.288140114
7373,-3894,6905,12003,14744,15862,151,0.47,0.76,6898.33138,0.467873805,11994.9045,0.756203789,-0.288329984
7374,-3899,6907,12001,14744,15867,259,0.47,0.76,6900.33138,0.468009453,11993.062,0.755849373,-0.28783992
7375,-3902,6904,11994,14736,15855,368,0.47,0.76,6897.32074,0.468059225,11985.684,0.755956102,-0.287896877
7376,-3902,6901,12005,14742,15860,433,0.47,0.76,6894.32872,0.467665766,11996.8415,0.75642128,-0.288755514
7377,-3902,6899,11996,14740,15853,433,0.47,0.76,6892.32606,0.467593355,11987.621,0.756173658,-0.288580302
7378,-3903,6899,11995,14738,15850,433,0.47,0.76,6892.3234,0.467656629,11986.5265,0.756247729,-0.2885911
7379,-3907,6894,12008,14729,15859,433,0.47,0.76,6887.31143,0.467602107,11999.81,0.756656157,-0.289054051
7380,-3908,6896,12007,14744,15862,433,0.47,0.76,6889.33138,0.467263387,11998.9045,0.756455964,-0.289192577
7381,-3907,6891,11991,14729,15846,433,0.47,0.76,6884.31143,0.467398427,11982.4005,0.756178247,-0.28877982
7382,-3909,6891,12000,14718,15853,210,0.47,0.76,6884.2968,0.467746759,11991.621,0.756425976,-0.288679217
7383,-3910,6890,12012,14728,15859,-176,0.47,0.76,6883.3101,0.467362174,12003.81,0.75690838,-0.289546206
7384,-3916,6887,12008,14719,15849,-562,0.47,0.76,6880.29813,0.467443313,11999.495,0.757113698,-0.289670385
7385,-3916,6888,11997,14722,15842,-949,0.47,0.76,6881.30212,0.467416256,11988.2745,0.756739963,-0.289323707
7387,-3916,6887,12003,14725,15837,-1112,0.47,0.76,6880.30611,0.467253386,11994.117,0.757347793,-0.290094407
7388,-3919,6883,12002,14716,15841,-1112,0.47,0.76,6876.29414,0.467266522,11993.243,0.757101382,-0.28983486
7388,-3923,6887,12001,14725,15841,-1112,0.47,0.76,6880.30611,0.467253386,11992.243,0.757038255,-0.289784869
7389,-3924,6882,12005,14717,15838,-1112,0.47,0.76,6875.29547,0.467166914,11996.1485,0.757428242,-0.290261328
7390,-3923,6880,12000,14712,15830,-1112,0.47,0.76,6873.28882,0.467189289,11990.8965,0.757479248,-0.290289959
7391,-3930,6874,11997,14710,15834,-1112,0.47,0.76,6867.28616,0.466844742,11988.0225,0.757106385,-0.290261643
7392,-3930,6876,11999,14703,15824,-1112,0.47,0.76,6869.27685,0.467202397,11989.7075,0.757691323,-0.290488926
7393,-3934,6873,12017,14706,15842,-1112,0.47,0.76,6866.28084,0.466903362,12008.2745,0.75800243,-0.291099068
7394,-3939,6866,12006,14705,15825,-1112,0.47,0.76,6859.27951,0.466458994,11996.739,0.758087773,-0.291628778
7395,-3942,6861,12014,14689,15839,-1112,0.47,0.76,6854.25823,0.466625245,12005.18,0.757950628,-0.291325383
7396,-3948,6863,12013,14693,15828,-1112,0.47,0.76,6856.26355,0.466634693,12003.8335,0.758392311,-0.291757618
7397,-3952,6855,12012,14686,15822,-1112,0.47,0.76,6848.25424,0.466311742,12002.6445,0.758604759,-0.292293017
7398,-3952,6856,12016,14692,15824,-1112,0.47,0.76,6849.26222,0.466189914,12006.7075,0.758765641,-0.292575727
7399,-3958,6851,12012,14682,15825,-1112,0.47,0.76,6844.24892,0.46616598,12002.739,0.758466919,-0.292300939
7400,-3963,6850,12018,14684,15830,-1112,0.47,0.76,6843.25158,0.466034567,12008.8965,0.75861633,-0.292581763
7401,-3964,6849,12027,14684,15829,-1112,0.47,0.76,6842.25158,0.465966466,12017.865,0.759230842,-0.293264377
7402,-3966,6844,12025,14687,15822,-1131,0.47,0.76,6837.25557,0.465531121,12015.6445,0.7594264,-0.293895279
7403,-3973,6840,12022,14684,15816,-1179,0.47,0.76,6833.25158,0.465353554,12012.4555,0.759512867,-0.294159313
7404,-3976,6840,12031,14682,15826,-1228,0.47,0.76,6833.24892,0.465416763,12021.7705,0.759621541,-0.294204777
7405,-3981,6834,12029,14679,15821,-1276,0.47,0.76,6827.24493,0.465102863,12019.613,0.759725239,-0.294622375
7406,-3986,6834,12033,14680,15821,-1305,0.47,0.76,6827.24626,0.465071271,12023.613,0.759978067,-0.294906796
7407,-3992,6829,12033,14675,15817,-1305,0.47,0.76,6822.23961,0.464888559,12023.487,0.760162294,-0.295273734
7408,-3994,6823,12030,14672,15817,-1305,0.47,0.76,6816.23562,0.464574402,12020.487,0.759972624,-0.295398223
7409,-3997,6824,12032,14670,15807,-1305,0.47,0.76,6817.23296,0.464705723,12022.172,0.760560005,-0.295854282
7410,-4001,6817,12042,14668,15816,-1305,0.46,0.76,6810.2303,0.464291676,12032.4555,0.760777409,-0.296485733
7411,-4006,6818,12039,14672,15811,-1305,0.46,0.76,6811.23562,0.464233616,12029.298,0.760818291,-0.296584675
7412,-4009,6814,12043,14663,15821,-1175,0.46,0.76,6807.22365,0.464244946,12033.613,0.760610138,-0.296365192
7413,-4010,6811,12038,14659,15802,-849,0.46,0.76,6804.21833,0.46416661,12028.0145,0.76117039,-0.29700378
7414,-4023,6801,12038,14654,15802,-522,0.46,0.76,6794.21168,0.463642124,12028.0145,0.76117039,-0.297528266
7415,-4026,6805,12041,14666,15805,-196,0.46,0.76,6798.22764,0.463536591,12031.109,0.761221702,-0.297685111
7416,-4030,6798,12042,14659,15801,0,0.46,0.76,6791.21833,0.463279782,12031.983,0.761469717,-0.298189935
7417,-4035,6798,12047,14658,15809,0,0.46,0.76,6791.217,0.463311298,12037.235,0.761416598,-0.298105301
7418,-4042,6785,12050,14655,15806,0,0.46,0.76,6778.21301,0.4625188,12040.1405,0.761744939,-0.299226139
7420,-4044,6787,12047,14647,15803,0,0.46,0.76,6780.20237,0.462907242,12037.046,0.761693729,-0.298786487
7421,-4046,6779,12052,14644,15794,0,0.46,0.76,6772.19838,0.462455503,12041.7625,0.762426396,-0.299970894
7422,-4050,6781,12051,14651,15797,0,0.46,0.76,6774.20769,0.462371694,12040.857,0.762224283,-0.299852589
7423,-4055,6776,12054,14641,15801,-131,0.46,0.76,6769.19439,0.462345085,12043.983,0.762229163,-0.299884078
7424,-4063,6768,12054,14634,15794,-457,0.46,0.76,6761.18508,0.462018934,12043.7625,0.762553026,-0.300534092
7425,-4067,6761,12054,14636,15793,-783,0.46,0.76,6754.18774,0.461477708,12043.731,0.762599316,-0.301121608
7425,-4067,6757,12050,14630,15786,-1110,0.46,0.76,6750.17976,0.461393012,12039.5105,0.762670119,-0.301277107
7426,-4070,6766,12055,14648,15790,-1305,0.46,0.76,6759.2037,0.461442088,12044.6365,0.762801552,-0.301359464
7427,-4078,6759,12055,14631,15788,-1305,0.46,0.76,6752.18109,0.461498263,12044.5735,0.762894192,-0.301395929
7428,-4081,6753,12055,14634,15784,-1305,0.46,0.76,6746.18508,0.460993924,12044.4475,0.763079543,-0.302085619
7429,-4087,6747,12060,14630,15787,-1305,0.46,0.76,6740.17976,0.460709485,12049.542,0.763257237,-0.302547752
7430,-4088,6744,12061,14622,15785,-1305,0.46,0.76,6737.16912,0.46075565,12050.479,0.763413304,-0.302657653
7431,-4096,6737,12059,14613,15784,-1305,0.46,0.76,6730.15715,0.460559581,12048.4475,0.763332964,-0.302773383
7433,-4097,6738,12059,14619,15778,-1175,0.46,0.76,6731.16513,0.460439505,12048.2585,0.763611263,-0.303171757
7434,-4096,6732,12059,14612,15787,-849,0.46,0.76,6725.15582,0.460248824,12048.542,0.763193894,-0.302945069
7434,-4106,6733,12061,14623,15778,-523,0.46,0.76,6726.17045,0.459971993,12050.2585,0.763738021,-0.303766029
7436,-4108,6726,12075,14615,15790,-196,0.46,0.76,6719.15981,0.459744086,12064.6365,0.764068176,-0.304324091
7437,-4110,6723,12062,14610,15779,0,0.46,0.76,6716.15316,0.45969563,12051.29,0.763754991,-0.30405936
7438,-4117,6712,12070,14601,15783,0,0.46,0.76,6705.14119,0.459224792,12059.416,0.764076285,-0.304851492
7438,-4122,6712,12057,14604,15769,0,0.46,0.76,6705.14518,0.45913073,12045.975,0.763902277,-0.304771547
7439,-4116,6715,12060,14607,15781,0,0.46,0.76,6708.14917,0.459242087,12049.353,0.763535454,-0.304293367
7440,-4121,6712,12058,14614,15775,0,0.46,0.76,6705.15848,0.458817468,12047.164,0.7636871,-0.304869632
7441,-4126,6702,12067,14593,15778,0,0.46,0.76,6695.13055,0.458790554,12056.2585,0.764118298,-0.305327744
7442,-4129,6695,12064,14597,15774,141,0.46,0.76,6688.13587,0.458185646,12053.1325,0.76411389,-0.305928244
7444,-4128,6703,12064,14594,15771,499,0.46,0.76,6696.13188,0.458827729,12053.038,0.76425325,-0.30542552
7444,-4134,6696,12059,14594,15766,856,0.46,0.76,6689.13188,0.45834808,12047.8805,0.764168495,-0.305820415
7445,-4136,6686,12060,14589,15764,1213,0.46,0.77,6679.12523,0.457819263,12048.8175,0.764324886,-0.306505623
7446,-4137,6686,12064,14584,15769,1427,0.46,0.77,6679.11858,0.457975767,12052.975,0.764346186,-0.306370419
7447,-4138,6691,12056,14590,15762,1427,0.46,0.76,6684.12656,0.458130676,12044.7545,0.764164097,-0.306033421
7448,-4144,6683,12060,14580,15759,1428,0.46,0.77,6676.11326,0.457895285,12048.66,0.764557396,-0.30666211
7449,-4146,6682,12060,14586,15762,1428,0.46,0.77,6675.12124,0.457638917,12048.7545,0.764417872,-0.306778955
7450,-4148,6670,12059,14569,15759,1428,0.46,0.77,6663.09863,0.457347699,12047.66,0.76449394,-0.307146241
7452,-4149,6674,12055,14570,15755,1428,0.46,0.77,6667.09996,0.457590938,12043.534,0.76442615,-0.306835213
7453,-4146,6677,12057,14580,15754,1427,0.46,0.77,6670.11326,0.457483763,12045.5025,0.764599625,-0.307115863
7454,-4148,6664,12054,14566,15755,951,0.46,0.77,6657.09464,0.457029702,12042.534,0.764362679,-0.307332976
7455,-4151,6665,12047,14571,15752,475,0.46,0.76,6658.10129,0.456941959,12035.4395,0.764057866,-0.307115906
7455,-4156,6670,12051,14566,15750,0,0.46,0.77,6663.09464,0.45744162,12039.3765,0.764404857,-0.306963237
7456,-4156,6666,12059,14574,15763,-477,0.46,0.77,6659.10528,0.456916789,12047.786,0.764307936,-0.307391148
7457,-4150,6660,12052,14552,15754,-477,0.46,0.77,6653.07602,0.457193239,12040.5025,0.764282246,-0.307089006
7458,-4155,6656,12039,14564,15741,-477,0.46,0.76,6649.09198,0.456542981,12027.093,0.764061559,-0.307518578
7459,-4158,6662,12046,14566,15740,-477,0.46,0.77,6655.09464,0.456892396,12034.0615,0.764552827,-0.307660431
7460,-4157,6656,12045,14560,15742,-477,0.46,0.77,6649.08666,0.45666804,12033.1245,0.764396169,-0.30772813
7461,-4155,6652,12045,14553,15746,-477,0.46,0.76,6645.07735,0.4566122,12033.2505,0.76420999,-0.30759779
7462,-4161,6649,12046,14551,15746,-660,0.46,0.77,6642.07469,0.456468606,12034.2505,0.764273498,-0.307804892
7463,-4160,6645,12050,14545,15744,-1118,0.46,0.77,6638.06671,0.456381348,12038.1875,0.764620649,-0.308239301
7464,-4159,6648,12035,14551,15736,-1576,0.46,0.76,6641.07469,0.456399882,12022.9355,0.764040131,-0.307640248
7465,-4161,6644,12041,14533,15740,-2034,0.46,0.76,6637.05075,0.456688278,12029.0615,0.764235165,-0.307546887
7466,-4158,6641,12037,14532,15738,-2309,0.46,0.76,6634.04942,0.456513172,12024.9985,0.76407412,-0.307560948
7467,-4159,6640,12036,14529,15736,-2309,0.46,0.76,6633.04543,0.456538332,12023.9355,0.764103679,-0.307565347
7468,-4162,6641,12036,14541,15742,-2309,0.46,0.76,6634.06139,0.456231441,12024.1245,0.763824451,-0.307593009
7469,-4159,6632,12029,14524,15726,-2309,0.46,0.76,6625.03878,0.456144229,12016.6205,0.764124412,-0.307980183
7470,-4157,6638,12030,14529,15726,-2309,0.46,0.76,6631.04543,0.456400677,12017.6205,0.764188001,-0.307787324
7472,-4159,6636,12023,14531,15727,-2309,0.46,0.76,6629.04809,0.456200405,12010.652,0.763696318,-0.307495913
7473,-4158,6635,12028,14522,15731,-2130,0.46,0.76,6628.03612,0.45641345,12015.778,0.763827983,-0.307414533
7474,-4159,6626,12025,14515,15723,-1685,0.46,0.76,6619.02681,0.45601287,12012.526,0.764009795,-0.307996924
7475,-4162,6631,12024,14524,15720,-1239,0.46,0.76,6624.03878,0.456075377,12011.4315,0.764085973,-0.308010596
7476,-4162,6629,12023,14520,15716,-794,0.46,0.77,6622.03346,0.45606291,12010.3055,0.7642088,-0.308145889
7477,-4159,6629,12023,14516,15714,-527,0.46,0.77,6622.02814,0.456188216,12010.2425,0.764302055,-0.30811384
7478,-4162,6630,12021,14515,15718,-527,0.46,0.76,6623.02681,0.456288447,12008.3685,0.763988325,-0.307699878
7479,-4162,6629,12015,14516,15710,-527,0.46,0.76,6622.02814,0.456188216,12002.1165,0.763979408,-0.307791192
7480,-4162,6628,12022,14514,15715,-527,0.46,0.77,6621.02548,0.456181995,12009.274,0.764191791,-0.308009796
7481,-4164,6623,12021,14504,15709,-527,0.46,0.77,6616.01218,0.456150867,12008.085,0.764407983,-0.308257115
7482,-4164,6622,12013,14503,15710,-527,0.46,0.76,6615.01085,0.456113277,12000.1165,0.763852101,-0.307738824
7483,-4162,6624,12016,14502,15705,-426,0.46,0.77,6617.00952,0.456282549,12002.959,0.764276281,-0.307993733
7484,-4159,6622,12015,14497,15706,-176,0.46,0.76,6615.00287,0.456301502,12001.9905,0.764165956,-0.307864454
7485,-4160,6620,12012,14495,15704,74,0.46,0.76,6613.00021,0.456226299,11998.9275,0.764068231,-0.307841932
7486,-4164,6621,12011,14499,15703,324,0.46,0.76,6614.00553,0.456169772,11997.896,0.7640512,-0.307881428
7487,-4167,6615,12015,14492,15712,475,0.46,0.76,6607.99622,0.45597545,12002.1795,0.76388617,-0.30791072
7488,-4162,6620,12005,14493,15698,475,0.46,0.76,6612.99755,0.456289074,11991.7385,0.763902312,-0.307613238
7489,-4165,6615,12009,14493,15691,475,0.46,0.77,6607.99755,0.45594408,11995.518,0.764483972,-0.308539892
7490,-4166,6618,12011,14490,15697,475,0.46,0.77,6610.99356,0.456245242,11997.707,0.76433121,-0.308085968
7491,-4165,6615,12014,14484,15699,475,0.46,0.77,6607.98558,0.456226566,12000.77,0.764428945,-0.308202379
7492,-4165,6611,12011,14480,15691,475,0.46,0.77,6603.98026,0.456075985,11997.518,0.764611433,-0.308535448
7493,-4167,6613,12005,14480,15684,427,0.46,0.77,6605.98026,0.456214106,11991.2975,0.764556076,-0.30834197
7494,-4160,6603,12002,14471,15687,308,0.46,0.77,6595.96829,0.455805977,11988.392,0.764224645,-0.308418668
7494,-4168,6607,12008,14474,15693,189,0.46,0.77,6599.97228,0.455988136,11994.581,0.764326834,-0.308338698
7495,-4167,6607,12001,14470,15687,70,0.46,0.77,6599.96696,0.456113819,11987.392,0.764160898,-0.308047079
7497,-4171,6607,12001,14464,15683,0,0.46,0.77,6599.95898,0.456302474,11987.266,0.764347765,-0.308045291
7498,-4165,6603,12011,14458,15688,0,0.46,0.77,6595.951,0.456214622,11997.4235,0.764751625,-0.308537004
7499,-4169,6607,12001,14469,15679,0,0.46,0.77,6599.96563,0.456145251,11987.14,0.764534728,-0.308389477
7500,-4168,6601,12005,14454,15684,0,0.46,0.77,6593.94568,0.456202136,11991.2975,0.764556076,-0.30835394
7501,-4171,6602,12004,14467,15681,0,0.46,0.77,6594.96297,0.455862513,11990.203,0.764632549,-0.308770036
7502,-4173,6603,12010,14458,15684,0,0.46,0.77,6595.951,0.456214622,11996.2975,0.764874872,-0.308660251
7503,-4172,6598,11995,14451,15670,89,0.46,0.77,6590.94169,0.456088969,11980.8565,0.764572846,-0.308483877
7503,-4173,6597,12001,14449,15674,317,0.46,0.77,6589.93903,0.456082707,11986.9825,0.764768566,-0.308685859
7504,-4177,6599,12007,14455,15680,544,0.46,0.77,6591.94701,0.456032308,11993.1715,0.764870631,-0.308838324
7505,-4179,6589,12001,14442,15669,771,0.46,0.77,6581.92972,0.455749184,11986.825,0.765002553,-0.309253368
7507,-4181,6591,12009,14438,15681,908,0.46,0.77,6583.9244,0.456013603,11995.203,0.764951406,-0.308937803
7508,-4181,6591,12005,14444,15669,908,0.46,0.77,6583.93238,0.455824729,11990.825,0.765257834,-0.309433105
7509,-4181,6596,12003,14446,15666,908,0.46,0.77,6588.93504,0.456107922,11988.7305,0.765270682,-0.30916276
7510,-4185,6586,12001,14438,15663,908,0.46,0.77,6578.9244,0.455667295,11986.636,0.765283534,-0.30961624
7511,-4184,6584,12002,14425,15664,908,0.46,0.77,6576.90711,0.455938101,11987.6675,0.76530053,-0.309362429
7512,-4189,6583,11999,14434,15656,908,0.46,0.77,6575.91908,0.45558536,11984.4155,0.765483872,-0.309898512
7513,-4191,6579,12012,14428,15667,659,0.46,0.77,6571.9111,0.455497027,11997.762,0.765798302,-0.310301276
7514,-4189,6572,12002,14418,15659,37,0.46,0.77,6564.8978,0.455326522,11987.51,0.765534836,-0.310208314
7515,-4191,6569,12007,14417,15658,-584,0.46,0.77,6561.89647,0.455149925,11992.4785,0.765901041,-0.310751116
7516,-4200,6573,12010,14419,15654,-1206,0.46,0.77,6565.89913,0.455364389,11995.3525,0.766280344,-0.310915954
7517,-4199,6571,11999,14416,15652,-1580,0.46,0.77,6563.89514,0.45532014,11984.2895,0.765671448,-0.310351308
7518,-4202,6569,11996,14410,15645,-1580,0.46,0.77,6561.88716,0.455370379,11981.069,0.765808182,-0.310437803
7519,-4208,6562,12005,14404,15642,-1580,0.46,0.77,6554.87918,0.455073534,11989.9745,0.766524389,-0.311450856
7520,-4207,6561,12006,14405,15645,-1580,0.46,0.77,6553.88051,0.454972614,11991.069,0.766447363,-0.311474749
7521,-4208,6559,12010,14401,15646,-1580,0.46,0.77,6551.87519,0.454959738,11995.1005,0.766656046,-0.311696308
7522,-4212,6557,12011,14400,15642,-1580,0.46,0.77,6549.87386,0.454852351,11995.9745,0.766907972,-0.312055621
7523,-4217,6554,12007,14392,15641,-1552,0.46,0.77,6546.86322,0.454895999,11991.943,0.766699252,-0.311803253
7524,-4216,6551,12006,14393,15642,-1484,0.46,0.77,6543.86455,0.454656052,11990.9745,0.76658832,-0.311932268
7525,-4220,6550,12005,14392,15640,-1415,0.46,0.77,6542.86322,0.454618067,11989.9115,0.766618382,-0.312000315
7525,-4223,6550,12005,14392,15631,-1346,0.46,0.77,6542.86322,0.454618067,11989.628,0.767041648,-0.312423581
7527,-4226,6543,12009,14385,15631,-1305,0.45,0.77,6535.85391,0.454352027,11993.628,0.76729755,-0.312945523
7528,-4230,6545,12015,14385,15633,-1305,0.45,0.77,6537.85391,0.454491061,11999.691,0.767587219,-0.313096159
7529,-4231,6539,12009,14379,15624,-1305,0.45,0.77,6531.84593,0.454262879,11993.4075,0.767627208,-0.31336433
7530,-4237,6537,12008,14378,15631,-1305,0.45,0.77,6529.8446,0.454155279,11992.628,0.767233574,-0.313078295
7531,-4237,6530,12009,14375,15621,-1305,0.45,0.77,6522.84061,0.453762825,11993.313,0.767768581,-0.314005756
7532,-4241,6528,12012,14370,15625,-1305,0.45,0.77,6520.83396,0.453781069,11996.439,0.767772096,-0.313991027
7533,-4243,6523,12007,14362,15622,-1266,0.45,0.77,6515.82332,0.453684955,11991.3445,0.767593426,-0.313908471
7534,-4242,6526,12009,14368,15620,-1167,0.45,0.77,6518.8313,0.453704851,11993.2815,0.767815717,-0.314110866
7535,-4252,6522,12007,14361,15609,-1068,0.45,0.77,6514.82199,0.453646821,11990.935,0.768206483,-0.314559663
7536,-4255,6526,12019,14370,15621,-969,0.45,0.77,6518.83396,0.45364189,12003.313,0.768408745,-0.314766855
7537,-4264,6514,12012,14358,15608,-910,0.45,0.77,6506.818,0.453184148,11995.9035,0.768574033,-0.315389884
7538,-4263,6513,12012,14362,15610,-910,0.45,0.77,6505.82332,0.452988673,11995.9665,0.768479596,-0.315490924
7539,-4264,6508,12016,14346,15614,-910,0.45,0.77,6500.80204,0.453143876,12000.0925,0.768546977,-0.315403101
7540,-4271,6508,12020,14359,15611,-909,0.45,0.77,6500.81933,0.452734823,12003.998,0.768944847,-0.316210023
7541,-4270,6504,12010,14356,15600,-909,0.45,0.77,6496.81534,0.452550525,11993.6515,0.768823814,-0.316273289
7542,-4273,6495,12016,14330,15609,-909,0.45,0.77,6487.78076,0.452741156,11999.935,0.768783074,-0.316041918
7543,-4284,6498,12025,14346,15609,-919,0.45,0.77,6490.80204,0.452446817,12008.935,0.769359664,-0.316912847
7544,-4283,6496,12019,14342,15602,-941,0.45,0.77,6488.79672,0.452433184,12002.7145,0.769306147,-0.316872963
7545,-4288,6490,12017,14342,15593,-964,0.45,0.77,6482.79672,0.452014832,12000.431,0.769603732,-0.3175889
7546,-4295,6485,12018,14330,15592,-987,0.45,0.77,6477.78076,0.452043319,12001.3995,0.769715207,-0.317671888
7547,-4298,6483,12013,14336,15592,-1000,0.45,0.77,6475.78874,0.451715174,11996.3995,0.769394529,-0.317679355
7548,-4294,6484,12013,14336,15590,-1000,0.45,0.77,6476.78874,0.451784929,11996.3365,0.769489192,-0.317704263
7549,-4304,6480,12021,14338,15587,-1000,0.45,0.77,6472.7914,0.451443116,12004.242,0.770144479,-0.318701363
7550,-4307,6472,12018,14320,15586,-1000,0.45,0.77,6464.76746,0.451450242,12001.2105,0.76999939,-0.318549149
7551,-4307,6472,12019,14323,15579,-1000,0.45,0.77,6464.77145,0.451355962,12001.99,0.770395404,-0.319039442
7552,-4314,6468,12019,14333,15579,-1000,0.45,0.77,6460.78475,0.450762907,12001.99,0.770395404,-0.319632497
7553,-4319,6466,12014,14327,15580,-991,0.45,0.77,6458.77677,0.450811529,11997.0215,0.770027054,-0.319215525
7554,-4317,6461,12022,14314,15580,-969,0.45,0.77,6453.75948,0.45087044,12005.0215,0.770540533,-0.319670093
7555,-4328,6457,12021,14313,15575,-946,0.45,0.77,6449.75815,0.450622382,12003.864,0.770713579,-0.320091198
7556,-4330,6455,12027,14309,15580,-923,0.45,0.77,6447.75283,0.450608207,12010.0215,0.770861457,-0.32025325
7557,-4332,6447,12023,14299,15574,-910,0.45,0.77,6439.73953,0.45036293,12005.8325,0.770889463,-0.320526534
7558,-4336,6442,12032,14301,15577,-910,0.45,0.77,6434.74219,0.449950506,12014.927,0.771324838,-0.321374332
7559,-4343,6445,12024,14301,15570,-910,0.45,0.77,6437.74219,0.450160282,12006.7065,0.771143642,-0.32098336
7560,-4344,6445,12030,14304,15569,-910,0.45,0.77,6437.74618,0.450066148,12012.675,0.77157653,-0.321510382
7562,-4348,6432,12028,14300,15570,-910,0.45,0.77,6424.74086,0.449282578,12010.7065,0.771400546,-0.322117968
7563,-4353,6426,12021,14291,15569,-910,0.45,0.77,6418.72889,0.449144839,12003.675,0.770998458,-0.32185362
7564,-4356,6430,12030,14297,15562,-814,0.45,0.77,6422.73687,0.449236684,12012.4545,0.771909427,-0.322672743
7565,-4359,6425,12033,14292,15565,-360,0.45,0.77,6417.73022,0.449043536,12015.549,0.77195946,-0.322915924
7566,-4359,6421,12036,14284,15570,94,0.45,0.77,6413.71958,0.449014252,12018.7065,0.771914355,-0.322900102
7566,-4360,6408,12034,14273,15570,548,0.45,0.77,6400.70495,0.448448466,12016.7065,0.771785902,-0.323337437
7567,-4370,6415,12029,14278,15554,908,0.45,0.77,6407.7116,0.448782154,12011.2025,0.772225955,-0.3234438
7568,-4375,6415,12028,14275,15551,908,0.45,0.77,6407.70761,0.44887619,12010.108,0.772304546,-0.323428356
7569,-4375,6406,12025,14274,15549,908,0.45,0.77,6398.70628,0.448277027,12007.045,0.772206894,-0.323929868
7571,-4384,6401,12023,14261,15547,908,0.45,0.77,6393.68899,0.448333847,12004.982,0.772173538,-0.323839691
7572,-4388,6397,12030,14265,15546,908,0.45,0.77,6389.69431,0.447928097,12011.9505,0.772671459,-0.324743361
7573,-4391,6389,12027,14257,15546,908,0.45,0.77,6381.68367,0.447617568,12008.9505,0.772478483,-0.324860915
7574,-4390,6388,12025,14255,15547,703,0.45,0.77,6380.68101,0.447610032,12006.982,0.77230218,-0.324692148
7575,-4397,6384,12024,14256,15540,198,0.45,0.77,6376.68234,0.447298144,12005.7615,0.772571525,-0.325273381
7576,-4401,6382,12030,14257,15540,-306,0.45,0.77,6374.68367,0.447126581,12011.7615,0.772957625,-0.325831044
7577,-4396,6379,12024,14251,15533,-811,0.45,0.77,6371.67569,0.44710376,12005.541,0.772905492,-0.325801731
7578,-4407,6379,12021,14253,15536,-1112,0.45,0.77,6371.67835,0.447041209,12002.6355,0.772569226,-0.325528017
7579,-4407,6370,12019,14241,15523,-1112,0.45,0.77,6362.66239,0.446784804,12000.226,0.773061006,-0.326276203
7580,-4409,6377,12031,14250,15528,-1112,0.45,0.77,6369.67436,0.446994692,12012.3835,0.773595022,-0.32660033
7581,-4412,6362,12030,14236,15529,-1112,0.45,0.77,6354.65574,0.446379302,12011.415,0.773482839,-0.327103537
7582,-4413,6365,12033,14229,15533,-1112,0.45,0.77,6357.64643,0.446809082,12014.541,0.773484903,-0.326675821
7583,-4417,6360,12025,14233,15524,-1112,0.45,0.77,6352.65175,0.44633259,12006.2575,0.773399736,-0.327067146
7584,-4422,6354,12020,14226,15525,-1144,0.45,0.77,6346.64244,0.446129793,12001.289,0.773029887,-0.326900094
7585,-4420,6351,12026,14219,15531,-1223,0.45,0.77,6343.63313,0.446137783,12007.478,0.773129741,-0.326991958
7586,-4428,6347,12019,14222,15516,-1302,0.45,0.77,6339.63712,0.4457627,12000.0055,0.773395559,-0.327632859
7587,-4432,6346,12014,14223,15510,-1382,0.45,0.77,6338.63845,0.445661144,11994.8165,0.773360187,-0.327699043
7588,-4431,6340,12025,14216,15516,-1429,0.45,0.78,6332.62914,0.445457874,12006.0055,0.773782257,-0.328324383
7589,-4434,6342,12021,14212,15505,-1429,0.45,0.78,6334.62382,0.445723601,12001.659,0.774050887,-0.328327286
7590,-4439,6333,12018,14216,15508,-1429,0.45,0.77,6325.62914,0.444965471,11998.7535,0.773713793,-0.328748322
7591,-4441,6336,12026,14210,15509,-1430,0.45,0.78,6328.62116,0.44536391,12006.785,0.774181765,-0.328817856
7592,-4448,6331,12033,14208,15512,-1430,0.45,0.78,6323.6185,0.4450745,12013.8795,0.774489395,-0.329414895
7593,-4446,6325,12014,14202,15499,-1430,0.45,0.78,6317.61052,0.444839496,11994.47,0.773886702,-0.329047207
7594,-4450,6323,12026,14199,15502,-1414,0.45,0.78,6315.60653,0.444792347,12006.5645,0.774517127,-0.32972478
7595,-4450,6326,12018,14207,15500,-1334,0.45,0.78,6318.61717,0.444753795,11998.5015,0.774096871,-0.329343076
7596,-4453,6319,12014,14191,15491,-1255,0.45,0.78,6311.59589,0.444760474,11994.218,0.774270092,-0.329509618
7597,-4457,6318,12020,14196,15492,-1175,0.45,0.78,6310.60254,0.44453385,12000.2495,0.774609444,-0.330075593
7598,-4460,6318,12025,14188,15498,-1112,0.45,0.78,6310.5919,0.444783754,12005.4385,0.774644373,-0.32986062
7599,-4464,6306,12008,14189,15486,-1112,0.44,0.78,6298.59323,0.443906775,11988.0605,0.774122465,-0.33021569
7600,-4464,6308,12008,14180,15478,-1112,0.44,0.78,6300.58126,0.444328721,11987.8085,0.774506299,-0.330177579
7601,-4471,6304,12018,14171,15484,-1112,0.44,0.78,6296.56929,0.444327803,11997.9975,0.774864215,-0.330536412
7602,-4470,6302,12014,14183,15482,-1112,0.44,0.78,6294.58525,0.443811976,11993.9345,0.77470188,-0.330889904
7603,-4475,6300,12016,14174,15480,-1112,0.44,0.78,6292.57328,0.443951833,11995.8715,0.774927099,-0.330975267
7604,-4474,6292,12010,14166,15469,-1080,0.44,0.78,6284.56264,0.443637063,11989.525,0.775067878,-0.331430814
7605,-4475,6292,12008,14177,15473,-921,0.44,0.78,6284.57727,0.443293875,11987.651,0.774746397,-0.331452522
7606,-4482,6289,12014,14170,15475,-762,0.44,0.78,6281.56796,0.443300491,11993.714,0.775038061,-0.33173757
7607,-4480,6289,12014,14165,15468,-604,0.44,0.78,6281.56131,0.443456499,11993.4935,0.775374547,-0.331918048
7608,-4486,6290,12002,14166,15463,-477,0.44,0.78,6282.56264,0.44349588,11981.336,0.774839035,-0.331343155
7610,-4490,6280,12009,14166,15466,-477,0.44,0.78,6272.56264,0.442789965,11988.4305,0.775147452,-0.332357488
7610,-4489,6283,12008,14164,15461,-477,0.44,0.78,6275.55998,0.443064105,11987.273,0.775323265,-0.33225916
7612,-4493,6275,12002,14144,15456,-477,0.44,0.78,6267.53338,0.443123118,11981.1155,0.775175692,-0.332052574
7612,-4491,6272,12003,14148,15454,-477,0.44,0.78,6264.5387,0.442786168,11982.0525,0.775336644,-0.332550477
7613,-4496,6270,12004,14144,15453,-477,0.44,0.78,6262.53338,0.442769611,11983.021,0.775449492,-0.332679881
7614,-4497,6266,11997,14136,15445,-518,0.44,0.78,6258.52274,0.44273647,11975.769,0.775381612,-0.332645142
7615,-4496,6262,12001,14134,15447,-725,0.44,0.78,6254.52008,0.442515925,11979.832,0.775544248,-0.333028323
7616,-4501,6268,12003,14139,15451,-932,0.44,0.78,6260.52673,0.442784266,11981.958,0.775481069,-0.332696804
7617,-4505,6259,12006,14131,15454,-1140,0.44,0.78,6251.51609,0.442397289,11985.0525,0.775530769,-0.33313348
7619,-4503,6257,12001,14132,15447,-1305,0.44,0.78,6249.51742,0.442224556,11979.832,0.775544248,-0.333319692
7619,-4510,6251,12011,14131,15449,-1305,0.44,0.78,6243.51609,0.441831158,11989.895,0.776095217,-0.334264059
7621,-4511,6248,12002,14116,15445,-1305,0.44,0.78,6240.49614,0.44208672,11980.769,0.775705342,-0.333618622
7621,-4510,6253,12001,14124,15440,-1305,0.44,0.78,6245.50678,0.442191078,11979.6115,0.775881574,-0.333690496
7622,-4518,6241,12004,14112,15436,-1305,0.44,0.78,6233.49082,0.441715619,11982.4855,0.77626882,-0.3345532
7624,-4515,6246,12002,14114,15437,-1305,0.44,0.78,6238.49348,0.442007473,11980.517,0.776091015,-0.334083542
7625,-4514,6242,11997,14112,15435,-1319,0.44,0.78,6234.49082,0.441786481,11975.454,0.775863557,-0.334077076
7626,-4515,6240,11990,14103,15428,-1388,0.44,0.78,6232.47885,0.44192575,11968.2335,0.775747569,-0.33382182
7627,-4520,6237,11995,14109,15427,-1456,0.44,0.78,6229.48683,0.441525752,11973.202,0.77611992,-0.334594168
7628,-4518,6240,11993,14098,15426,-1525,0.44,0.78,6232.4722,0.442082012,11971.1705,0.776038539,-0.333956527
7629,-4526,6236,11998,14100,15424,-1580,0.44,0.78,6228.47486,0.441735806,11976.1075,0.776459252,-0.334723446
7630,-4523,6233,11992,14093,15423,-1580,0.44,0.78,6225.46555,0.441741684,11970.076,0.776118524,-0.33437684
7631,-4526,6231,11991,14097,15417,-1580,0.44,0.78,6223.47087,0.441474844,11968.887,0.776343452,-0.334868608
7632,-4532,6225,11994,14084,15416,-1580,0.44,0.78,6217.45358,0.441455097,11971.8555,0.776586371,-0.335131275
7632,-4529,6226,11990,14085,15408,-1580,0.44,0.78,6218.45491,0.441494846,11967.6035,0.776713623,-0.335218777
7633,-4533,6219,11983,14088,15403,-1580,0.44,0.78,6211.4589,0.440904238,11960.446,0.776501071,-0.335596834
7634,-4532,6221,11984,14080,15405,-1501,0.44,0.78,6213.44826,0.441296041,11961.509,0.776469263,-0.335173222
7635,-4531,6218,11989,14081,15405,-1106,0.44,0.78,6210.44959,0.441051743,11966.509,0.776793833,-0.33574209
7637,-4538,6211,11988,14071,15404,-711,0.44,0.78,6203.43629,0.440866768,11965.4775,0.776777298,-0.33591053
7638,-4540,6218,11985,14071,15400,-316,0.44,0.78,6210.43629,0.441364245,11962.3515,0.776776071,-0.335411827
7639,-4542,6212,11983,14066,15393,0,0.44,0.78,6204.42964,0.441094102,11960.131,0.776985058,-0.335890956
7640,-4546,6205,11986,14059,15395,0,0.44,0.78,6197.42033,0.44081516,11963.194,0.777083079,-0.336267919
7641,-4545,6199,11977,14051,15388,0,0.44,0.78,6191.40969,0.440638367,11953.9735,0.776837373,-0.336199007
7642,-4548,6202,11978,14059,15384,0,0.44,0.78,6194.42033,0.440601773,11954.8475,0.777096171,-0.336494398
7643,-4547,6199,11986,14048,15394,0,0.44,0.78,6191.4057,0.440732183,11963.1625,0.777131512,-0.33639933
7644,-4552,6194,11981,14051,15390,0,0.44,0.78,6186.40969,0.44028252,11958.0365,0.777000422,-0.336717902
7645,-4550,6199,11978,14051,15383,-60,0.44,0.78,6191.40969,0.440638367,11954.816,0.77714464,-0.336506274
7646,-4550,6191,11984,14044,15391,-361,0.44,0.78,6183.40038,0.440287694,11961.068,0.777146904,-0.33685921
7647,-4553,6192,11978,14043,15389,-661,0.44,0.78,6184.39905,0.440390162,11955.005,0.776853922,-0.336463759
7648,-4551,6186,11979,14035,15384,-961,0.44,0.78,6178.38841,0.440212926,11955.8475,0.777161174,-0.336948248
7649,-4556,6187,11984,14035,15381,-1201,0.44,0.78,6179.38841,0.440284176,11960.753,0.777631688,-0.337347512
7650,-4556,6185,11976,14031,15377,-1201,0.44,0.78,6177.38309,0.440266773,11952.627,0.777305521,-0.337038748
7651,-4560,6183,11978,14026,15376,-1201,0.44,0.78,6175.37644,0.440280653,11954.5955,0.777484099,-0.337203446
7652,-4559,6181,11968,14024,15368,-1201,0.44,0.78,6173.37378,0.44020064,11944.3435,0.777221727,-0.337021087
7653,-4563,6181,11964,14031,15360,-1201,0.44,0.78,6173.38309,0.43998169,11940.0915,0.777349707,-0.337368017
7654,-4563,6180,11975,14017,15365,-1201,0.44,0.78,6172.36447,0.440348468,11951.249,0.777822909,-0.337474442
7655,-4566,6174,11971,14016,15364,-1241,0.44,0.78,6166.36314,0.439951708,11947.2175,0.777611136,-0.337659428
7656,-4565,6173,11967,14016,15358,-1441,0.44,0.78,6165.36314,0.439880361,11943.0285,0.777642173,-0.337761812
7657,-4567,6174,11961,14021,15349,-1641,0.44,0.78,6166.36979,0.439795292,11936.745,0.777688775,-0.337893482
7658,-4569,6171,11968,14015,15353,-1841,0.44,0.78,6163.36181,0.439768948,11943.871,0.777950303,-0.338181355
7659,-4573,6168,11969,14004,15361,-2001,0.44,0.78,6160.34718,0.439899113,11945.123,0.777626652,-0.337727539
7660,-4573,6159,11958,14005,15347,-2001,0.44,0.78,6151.34851,0.43922517,11933.682,0.777590539,-0.338365369
7661,-4577,6164,11968,13998,15348,-2001,0.44,0.78,6156.3392,0.439801343,11943.7135,0.778193478,-0.338392135
7662,-4580,6160,11957,14000,15335,-2001,0.44,0.78,6152.34186,0.43945299,11932.304,0.778109162,-0.338656172
7663,-4581,6151,11961,13990,15338,-2001,0.44,0.78,6143.32856,0.439122842,11936.3985,0.778223921,-0.339101079
7664,-4584,6154,11964,13984,15333,-2001,0.44,0.78,6146.32058,0.439525213,11939.241,0.77866308,-0.339137867
7665,-4587,6148,11965,13985,15330,-2001,0.44,0.78,6140.32191,0.439064849,11940.1465,0.778874527,-0.339809678
7666,-4583,6152,11957,13977,15327,-2034,0.44,0.78,6144.31127,0.439601579,11932.052,0.778498858,-0.338897279
7667,-4589,6146,11962,13970,15330,-2090,0.44,0.78,6138.30196,0.439391694,11937.1465,0.778678832,-0.339287139
7668,-4592,6141,11953,13976,15324,-2145,0.44,0.78,6133.30994,0.438845874,11927.9575,0.778384071,-0.339538196
7669,-4591,6147,11952,13981,15317,-2201,0.44,0.78,6139.31659,0.43911856,11926.737,0.778660116,-0.339541556
7671,-4598,6136,11959,13970,15312,-2223,0.44,0.78,6128.30196,0.438675874,11933.5795,0.779361253,-0.340685379
7671,-4598,6139,11956,13969,15320,-2223,0.44,0.78,6131.30063,0.438921944,11930.8315,0.778774902,-0.339852958
7672,-4598,6130,11947,13959,15311,-2223,0.44,0.78,6122.28733,0.438590682,11921.548,0.778626347,-0.340035665
7673,-4603,6133,11961,13963,15312,-2223,0.44,0.78,6125.29265,0.438680273,11935.5795,0.779491869,-0.340811596
7674,-4606,6130,11953,13957,15307,-2223,0.44,0.78,6122.28467,0.43865334,11927.422,0.779213562,-0.340560222
7675,-4606,6126,11952,13953,15306,-2162,0.44,0.78,6118.27935,0.438492034,11926.3905,0.77919708,-0.340705046
7676,-4605,6125,11953,13949,15299,-1856,0.44,0.78,6117.27403,0.438545704,11927.17,0.779604549,-0.341058845
7677,-4611,6124,11956,13945,15303,-1551,0.44,0.78,6116.26871,0.438599406,11930.296,0.779605045,-0.341005639
7678,-4613,6120,11952,13945,15299,-1245,0.44,0.78,6112.26871,0.438312564,11926.17,0.779539186,-0.341226621
7679,-4620,6125,11959,13954,15306,-1000,0.44,0.78,6117.28068,0.438389041,11933.3905,0.779654417,-0.341265375
7680,-4620,6116,11946,13939,15298,-1000,0.44,0.78,6108.26073,0.438213698,11920.1385,0.779195875,-0.340982178
7681,-4620,6109,11956,13932,15296,-1000,0.44,0.78,6101.25142,0.437930765,11930.0755,0.779947405,-0.342016639
7682,-4626,6109,11952,13934,15293,-1000,0.44,0.78,6101.25408,0.437868098,11925.981,0.779832669,-0.34196457
7683,-4624,6108,11956,13932,15302,-1000,0.44,0.78,6100.25142,0.437858988,11930.2645,0.779653934,-0.341794946
7684,-4629,6106,11953,13930,15294,-1000,0.44,0.78,6098.24876,0.437778088,11927.0125,0.779849124,-0.342071036
7685,-4636,6101,11956,13925,15286,-996,0.44,0.78,6093.24211,0.437575735,11929.7605,0.780437034,-0.342861299
7686,-4635,6099,11949,13925,15280,-973,0.44,0.78,6091.24211,0.437432108,11922.5715,0.780273004,-0.342840895
7687,-4636,6098,11948,13920,15281,-950,0.44,0.78,6090.23546,0.437516915,11921.603,0.780158563,-0.342641648
7688,-4640,6087,11945,13909,15276,-928,0.44,0.78,6079.22083,0.437071021,11918.4455,0.78020722,-0.3431362
7690,-4646,6088,11951,13905,15275,-910,0.44,0.78,6080.21551,0.437268286,11924.414,0.780649034,-0.343380749
7691,-4648,6081,11949,13901,15270,-910,0.44,0.78,6073.21019,0.436890165,11922.2565,0.78076336,-0.343873194
7692,-4654,6083,11962,13911,15278,-909,0.44,0.78,6075.22349,0.436720832,11935.5085,0.78122192,-0.344501089
7692,-4656,6077,11959,13898,15274,-910,0.44,0.78,6069.2062,0.436696374,11932.3825,0.781221848,-0.344525474
7693,-4657,6081,11957,13901,15272,-910,0.44,0.78,6073.21019,0.436890165,11930.3195,0.781189072,-0.344298906
7694,-4664,6072,11953,13896,15260,-910,0.44,0.78,6064.20354,0.436399218,11925.9415,0.781516481,-0.345117263
7695,-4667,6068,11950,13887,15263,-910,0.44,0.78,6060.19157,0.436393143,11923.036,0.781172509,-0.344779366
7696,-4661,6068,11951,13878,15255,-910,0.44,0.78,6060.1796,0.436675285,11923.784,0.781631203,-0.344955918
7697,-4669,6062,11953,13881,15253,-910,0.44,0.78,6054.18359,0.436148951,11925.721,0.781860683,-0.345711732
7698,-4673,6057,11948,13872,15250,-910,0.44,0.78,6049.17162,0.436070619,11920.6265,0.781680426,-0.345609808
7699,-4678,6053,11945,13872,15245,-910,0.44,0.78,6045.17162,0.435782268,11917.469,0.781729682,-0.345947414
7700,-4687,6049,11953,13870,15246,-910,0.44,0.78,6041.16896,0.435556522,11925.5005,0.782205201,-0.346648679
7701,-4685,6046,11943,13862,15241,-910,0.44,0.78,6038.15832,0.435590703,11915.343,0.781795355,-0.346204652
7702,-4687,6044,11949,13863,15241,-910,0.44,0.78,6036.15965,0.435415109,11921.343,0.78218903,-0.346773921
7704,-4699,6033,11955,13855,15240,-910,0.44,0.78,6025.14901,0.434871816,11927.3115,0.782631988,-0.347760172
7705,-4699,6039,11961,13860,15247,-910,0.44,0.78,6031.15566,0.435148316,11933.532,0.782680658,-0.347532342
7706,-4701,6035,11952,13855,15234,-910,0.44,0.78,6027.14901,0.435016168,11924.1225,0.782730898,-0.34771473
7707,-4705,6033,11955,13861,15237,-910,0.44,0.78,6025.15699,0.434684149,11927.217,0.782779878,-0.348095729
7708,-4711,6026,11950,13851,15227,-910,0.44,0.78,6018.14369,0.434491639,11921.902,0.782944901,-0.348453262
7709,-4709,6019,11948,13849,15225,-910,0.43,0.78,6011.14103,0.434048742,11919.839,0.78291225,-0.348863507
7709,-4717,6017,11951,13842,15225,-910,0.43,0.78,6009.13172,0.434123083,11922.839,0.783109294,-0.348986211
7710,-4722,6017,11948,13841,15220,-910,0.43,0.79,6009.13039,0.434154352,11919.6815,0.7831591,-0.349004748
7711,-4727,6014,11951,13841,15220,-910,0.43,0.79,6006.13039,0.433937605,11922.6815,0.783356209,-0.349418604
7712,-4731,6001,11954,13818,15219,-910,0.43,0.79,5993.0998,0.433716877,11925.65,0.783602733,-0.349885857
7713,-4736,5996,11955,13817,15216,-910,0.43,0.79,5988.09847,0.433386297,11926.5555,0.783816739,-0.350430442
7715,-4737,6007,11948,13830,15204,-910,0.43,0.79,5999.11576,0.433775543,11919.1775,0.783950112,-0.350174569
7716,-4742,5992,11946,13814,15202,-888,0.43,0.79,5984.09448,0.433190566,11917.1145,0.783917544,-0.350726978
7716,-4740,5993,11945,13820,15199,-780,0.43,0.79,5985.10246,0.433075431,11916.02,0.784000263,-0.350924832
7717,-4743,5994,11947,13819,15203,-672,0.43,0.79,5986.10113,0.433179038,11918.146,0.783933829,-0.350754791
7718,-4750,5983,11944,13812,15201,-563,0.43,0.79,5975.09182,0.432601493,11915.083,0.783835471,-0.351233978
7719,-4756,5985,11947,13811,15191,-477,0.43,0.79,5977.09049,0.432777532,11917.768,0.784528207,-0.351750676
7720,-4764,5974,11945,13802,15189,-477,0.43,0.79,5966.07852,0.432261884,11915.705,0.784495688,-0.352233804
7721,-4766,5969,11947,13799,15193,-477,0.43,0.79,5961.07453,0.431993226,11917.831,0.784429079,-0.352435853
7722,-4766,5971,11949,13801,15185,-477,0.43,0.79,5963.07719,0.432075733,11919.579,0.784957458,-0.352881725
7723,-4770,5970,11946,13796,15180,-477,0.43,0.79,5962.07054,0.432159361,11916.4215,0.785008004,-0.352848643
7724,-4779,5961,11944,13784,15179,-477,0.43,0.79,5953.05458,0.431881499,11914.39,0.784925884,-0.353044386
7725,-4779,5955,11938,13780,15173,-495,0.43,0.79,5947.04926,0.431571064,11908.201,0.784828379,-0.353257315
7726,-4781,5954,11939,13779,15171,-584,0.43,0.79,5946.04793,0.431529714,11909.138,0.784993606,-0.353463892
7727,-4791,5951,11948,13777,15169,-673,0.43,0.79,5943.04527,0.431374412,11918.075,0.785686268,-0.354311856
7728,-4791,5953,11941,13783,15165,-763,0.43,0.79,5945.05325,0.431332312,11910.949,0.785423607,-0.354091295
7729,-4798,5938,11939,13773,15162,-834,0.43,0.79,5930.03995,0.430555431,11908.8545,0.785440872,-0.354885441
7730,-4798,5935,11952,13766,15180,-834,0.43,0.79,5927.03064,0.430555763,11922.4215,0.785403261,-0.354847497
7732,-4804,5942,11943,13769,15155,-834,0.43,0.79,5934.03463,0.430970632,11912.634,0.786053052,-0.35508242
7733,-4806,5928,11945,13768,15159,-834,0.43,0.79,5920.0333,0.429984987,11914.76,0.785985883,-0.356000896
7734,-4810,5920,11937,13751,15148,-834,0.43,0.79,5912.01069,0.429933146,11906.4135,0.786005644,-0.356072498
7735,-4816,5924,11946,13761,15158,-834,0.43,0.79,5916.02399,0.42991236,11915.7285,0.78610163,-0.356189269
7736,-4822,5922,11943,13745,15149,-792,0.43,0.79,5914.00271,0.430265748,11912.445,0.786351904,-0.356086156
7737,-4819,5915,11944,13743,15157,-584,0.43,0.79,5907.00005,0.42981882,11913.697,0.786019463,-0.356200642
7738,-4821,5911,11937,13746,15146,-376,0.43,0.79,5903.00404,0.429434311,11906.3505,0.786105275,-0.356670964
7738,-4826,5909,11938,13737,15138,-167,0.43,0.79,5900.99207,0.429569198,11907.0985,0.786570122,-0.357000924
7739,-4828,5912,11938,13745,15140,0,0.43,0.79,5904.00271,0.429538211,11907.1615,0.786470376,-0.356932166
7740,-4826,5910,11936,13749,15131,0,0.43,0.79,5902.00803,0.429268167,11904.878,0.786787258,-0.357519091
7741,-4834,5897,11941,13723,15137,0,0.43,0.79,5888.97345,0.429131637,11910.067,0.786818194,-0.357686557
7742,-4838,5899,11929,13727,15120,0,0.43,0.79,5890.97877,0.429152675,11897.5315,0.786873776,-0.357721101
7743,-4838,5895,11932,13717,15128,0,0.43,0.79,5886.96547,0.429172958,11900.7835,0.786672627,-0.357499669
7744,-4846,5889,11934,13723,15128,0,0.43,0.79,5880.97345,0.428548674,11902.7835,0.786804832,-0.358256158
7745,-4848,5886,11932,13712,15115,-79,0.43,0.79,5877.95882,0.428672609,11900.374,0.78732213,-0.358649521
7746,-4851,5884,11934,13710,15121,-474,0.43,0.79,5875.95616,0.428589071,11902.563,0.787154487,-0.358565416
7747,-4849,5882,11930,13706,15115,-869,0.43,0.79,5873.95084,0.428567842,11898.374,0.787189811,-0.35862197
7748,-4855,5878,11930,13707,15114,-1264,0.43,0.79,5869.95217,0.428244851,11898.3425,0.787239811,-0.35899496
7749,-4857,5868,11928,13699,15108,-1580,0.43,0.79,5859.94153,0.427764182,11896.1535,0.787407566,-0.359643383
7750,-4858,5874,11932,13706,15110,-1580,0.43,0.79,5865.95084,0.427984156,11900.2165,0.787572237,-0.359588081
7751,-4863,5874,11927,13701,15102,-1580,0.43,0.79,5865.94419,0.428139858,11894.9645,0.78764167,-0.359501812
7752,-4863,5867,11922,13691,15096,-1580,0.43,0.79,5858.93089,0.427940318,11889.7755,0.78761099,-0.359670672
7754,-4865,5860,11927,13684,15102,-1580,0.43,0.79,5851.92158,0.427647002,11894.9645,0.78764167,-0.359994668
7755,-4867,5857,11925,13681,15098,-1580,0.43,0.79,5848.91759,0.427521204,11892.8385,0.787709531,-0.360188327
7756,-4873,5860,11920,13678,15092,-1501,0.43,0.79,5851.9136,0.427834011,11887.6495,0.78767887,-0.359844859
7757,-4871,5855,11918,13682,15088,-1106,0.43,0.79,5846.91892,0.427343877,11885.5235,0.787746786,-0.360402909
7758,-4876,5848,11920,13666,15082,-711,0.43,0.79,5839.89764,0.427330429,11887.3345,0.788180248,-0.360849819
7759,-4875,5848,11913,13670,15085,-316,0.43,0.79,5839.90296,0.427205776,11880.429,0.787565728,-0.360359951
7760,-4877,5851,11917,13675,15077,0,0.43,0.79,5842.90961,0.427269441,11884.177,0.788232208,-0.360962767
7760,-4878,5847,11918,13672,15084,0,0.43,0.79,5838.90562,0.427070335,11885.3975,0.787947328,-0.360876993
7761,-4886,5838,11911,13659,15068,0,0.43,0.79,5829.88833,0.426816629,11877.8935,0.788286003,-0.361469375
7762,-4884,5844,11913,13661,15069,0,0.43,0.79,5835.89099,0.427193543,11879.925,0.788368505,-0.361174962
7763,-4887,5837,11905,13647,15061,0,0.43,0.79,5828.87237,0.427117489,11871.673,0.78823936,-0.361121871
7764,-4887,5836,11905,13653,15060,0,0.43,0.79,5827.88035,0.426857127,11871.6415,0.788289608,-0.361432482
7765,-4890,5833,11907,13645,15064,-100,0.43,0.79,5824.86971,0.42688675,11873.7675,0.788221422,-0.361334671
7766,-4890,5837,11906,13649,15057,-600,0.43,0.79,5828.87503,0.427055098,11872.547,0.788506807,-0.36145171
7767,-4890,5832,11913,13647,15063,-1101,0.43,0.79,5823.87237,0.426751108,11879.736,0.788669986,-0.361918878
7768,-4886,5835,11909,13644,15061,-1601,0.43,0.79,5826.86838,0.427064525,11875.673,0.788504947,-0.361440421
7768,-4893,5826,11909,13634,15060,-2001,0.43,0.79,5817.85508,0.42671667,11875.6415,0.788555212,-0.361838542
7769,-4894,5825,11902,13629,15053,-2001,0.43,0.79,5816.84843,0.426799357,11868.421,0.788442237,-0.361642881
7770,-4891,5827,11902,13632,15050,-2001,0.43,0.79,5818.85242,0.426852437,11868.3265,0.788593123,-0.361740686
7771,-4884,5825,11911,13635,15062,-2001,0.43,0.79,5816.85641,0.426612131,11877.7045,0.788587472,-0.361975341
7772,-4893,5817,11897,13614,15043,-2001,0.43,0.79,5808.82848,0.426680511,11863.106,0.788613043,-0.361932531
7773,-4898,5815,11892,13617,15031,-2001,0.43,0.79,5806.83247,0.426439926,11857.728,0.788884838,-0.362444912
7773,-4899,5824,11898,13625,15039,-1900,0.43,0.79,5815.84311,0.42685087,11863.98,0.78888091,-0.362030039
7774,-4895,5817,11903,13618,15041,-1400,0.43,0.79,5808.8338,0.426555574,11869.043,0.789112625,-0.362557052
7775,-4899,5811,11904,13606,15049,-900,0.43,0.79,5802.81784,0.426489625,11870.295,0.788776331,-0.362286705
7776,-4901,5812,11889,13609,15032,-400,0.43,0.79,5803.82183,0.426469383,11854.7595,0.788634879,-0.362165496
7777,-4902,5807,11890,13604,15031,0,0.43,0.79,5798.81518,0.426258099,11855.728,0.78875178,-0.362493681
7777,-4901,5811,11885,13606,15023,0,0.43,0.79,5802.81784,0.426489625,11850.476,0.788822206,-0.362332581
7778,-4902,5806,11886,13596,15023,0,0.43,0.79,5797.80454,0.426434579,11851.476,0.788888771,-0.362454191
7778,-4905,5807,11892,13605,15030,0,0.43,0.79,5798.81651,0.426226866,11857.6965,0.78893523,-0.362708364
7779,-4899,5807,11894,13597,15024,0,0.43,0.79,5798.80587,0.42647686,11859.5075,0.78937084,-0.36289398
7780,-4906,5805,11886,13599,15021,0,0.43,0.79,5796.80853,0.426267265,11851.413,0.788989615,-0.36272235
7781,-4909,5802,11890,13587,15019,-113,0.43,0.79,5793.79257,0.426421769,11855.35,0.789356815,-0.362935046
7781,-4905,5800,11889,13583,15020,-708,0.43,0.79,5791.78725,0.426399709,11854.3815,0.78923978,-0.362840071
7782,-4913,5799,11891,13586,15019,-1303,0.43,0.79,5790.79124,0.426232242,11856.35,0.789423397,-0.363191155
7783,-4910,5794,11881,13581,15012,-1899,0.43,0.79,5785.78459,0.426020513,11846.1295,0.789110678,-0.363090165
7783,-4909,5799,11883,13581,15008,-2382,0.43,0.79,5790.78459,0.426388675,11848.0035,0.789445862,-0.363057188
7784,-4907,5797,11882,13587,15015,-2382,0.43,0.79,5788.79257,0.42605377,11847.224,0.789025907,-0.362972138
7785,-4915,5799,11875,13587,15002,-2382,0.43,0.79,5790.79257,0.426200969,11839.8145,0.789215738,-0.363014769
7785,-4908,5795,11874,13568,14996,-2382,0.43,0.79,5786.7673,0.426501128,11838.6255,0.789452221,-0.362951093
7786,-4911,5789,11877,13578,15001,-2382,0.43,0.79,5780.7806,0.425746104,11841.783,0.789399573,-0.363653469
7786,-4916,5790,11874,13571,15001,-2382,0.43,0.79,5781.77129,0.426038707,11838.783,0.789199587,-0.36316088
7787,-4912,5792,11876,13566,15004,-2419,0.43,0.79,5783.76464,0.426342668,11840.8775,0.789181385,-0.362838717
7788,-4908,5789,11878,13567,15003,-2733,0.43,0.79,5780.76597,0.426090217,11842.846,0.789365194,-0.363274977
7788,-4918,5784,11869,13565,14990,-3047,0.43,0.79,5775.76331,0.425784247,11833.4365,0.789422048,-0.363637801
7789,-4917,5785,11870,13562,14989,-3361,0.43,0.79,5776.75932,0.425951874,11834.405,0.789539329,-0.363587454
7789,-4917,5782,11873,13562,14994,-3638,0.43,0.79,5773.75932,0.425730668,11837.5625,0.789486628,-0.36375596
7789,-4919,5787,11871,13554,14990,-3638,0.43,0.79,5778.74868,0.426350058,11835.4365,0.78955547,-0.363205413
7790,-4917,5784,11872,13553,14991,-3638,0.43,0.79,5775.74735,0.426160064,11836.468,0.78957161,-0.363411545
7790,-4918,5783,11872,13560,14996,-3638,0.43,0.79,5774.75666,0.42586701,11836.6255,0.789318852,-0.363451841
7791,-4915,5784,11877,13548,14995,-3638,0.43,0.79,5775.7407,0.426316851,11841.594,0.789702834,-0.363385983
7791,-4917,5783,11867,13552,14987,-3638,0.43,0.79,5774.74602,0.426117622,11831.342,0.789440315,-0.363322692
7792,-4921,5782,11868,13554,14984,-3638,0.43,0.79,5773.74868,0.425981163,11832.2475,0.789658803,-0.36367764
7792,-4923,5779,11867,13550,14982,-3170,0.43,0.79,5770.74336,0.425885119,11831.1845,0.789693265,-0.363808146
7793,-4920,5781,11864,13554,14976,-2702,0.43,0.79,5772.74868,0.425907384,11827.9955,0.789796708,-0.363889324
7793,-4923,5775,11868,13550,14985,-2234,0.43,0.79,5766.74336,0.425589916,11832.279,0.789608208,-0.364018292
7794,-4922,5776,11864,13542,14974,-1766,0.43,0.79,5767.73272,0.425914394,11827.9325,0.78989799,-0.363983596
7794,-4925,5779,11870,13552,14980,-1766,0.43,0.79,5770.74602,0.425822463,11834.1215,0.78999476,-0.364172297
7794,-4925,5774,11867,13542,14976,-1766,0.43,0.79,5765.73272,0.425766705,11830.9955,0.789997029,-0.364230324
7795,-4926,5771,11867,13543,14984,-1766,0.43,0.79,5762.73405,0.425513848,11831.2475,0.789592065,-0.364078216
7795,-4926,5773,11865,13537,14968,-1766,0.43,0.79,5764.72607,0.425849603,11828.7435,0.790268807,-0.364419204
7796,-4926,5773,11863,13542,14975,-1766,0.43,0.79,5764.73272,0.425692861,11826.964,0.789780568,-0.364087707
7796,-4928,5775,11866,13541,14969,-1766,0.43,0.79,5766.73139,0.425871899,11829.775,0.790284922,-0.364413023
7796,-4926,5774,11870,13542,14974,-1324,0.43,0.79,5765.73272,0.425766705,11833.9325,0.790298684,-0.364531979
7797,-4932,5771,11862,13541,14967,-883,0.43,0.79,5762.73139,0.4255765,11825.712,0.790119062,-0.364542562
7797,-4931,5772,11867,13541,14970,-442,0.43,0.79,5763.73139,0.42565035,11830.8065,0.790301035,-0.364650685
7797,-4929,5774,11867,13544,14974,0,0.43,0.79,5765.73538,0.42570403,11830.9325,0.790098337,-0.364394307
7798,-4934,5771,11861,13536,14962,0,0.43,0.79,5762.72474,0.425733211,11824.5545,0.790305741,-0.364572531
7798,-4934,5768,11870,13529,14968,0,0.43,0.79,5759.71543,0.425731054,11833.7435,0.790602853,-0.364871799
7799,-4931,5770,11857,13528,14966,0,0.43,0.79,5761.7141,0.425910268,11820.6805,0.789835661,-0.363925393
7799,-4935,5769,11858,13534,14960,0,0.43,0.79,5760.72208,0.425648151,11821.4915,0.790206651,-0.3645585
7799,-4934,5768,11858,13529,14960,0,0.43,0.79,5759.71543,0.425731054,11821.4915,0.790206651,-0.364475597
7799,-4931,5768,11864,13532,14963,-3,0.43,0.79,5759.71942,0.425636966,11827.586,0.790455524,-0.364818558
7799,-4932,5767,11856,13525,14956,-360,0.43,0.79,5758.71011,0.425782633,11819.3655,0.790275842,-0.36449321
7800,-4934,5772,11861,13539,14961,-717,0.43,0.79,5763.72873,0.425713031,11824.523,0.79035646,-0.364643429
7800,-4939,5766,11861,13536,14957,-1074,0.43,0.79,5757.72474,0.425363825,11824.397,0.790559404,-0.365195578
7800,-4942,5763,11860,13524,14958,-1429,0.43,0.79,5754.70878,0.425518248,11823.4285,0.790441804,-0.364923556
7801,-4937,5760,11859,13511,14957,-1429,0.43,0.79,5751.69149,0.425704351,11822.397,0.790425687,-0.364721336
7801,-4938,5760,11857,13516,14950,-1429,0.43,0.79,5751.69814,0.425547362,11820.1765,0.790647258,-0.365099896
7801,-4938,5762,11860,13523,14959,-1429,0.43,0.79,5753.70745,0.425475667,11823.46,0.790391069,-0.364915402
7801,-4932,5760,11860,13517,14956,-1429,0.43,0.79,5751.69947,0.425515978,11823.3655,0.790543294,-0.365027316
7801,-4938,5761,11866,13525,14963,-1429,0.43,0.79,5752.71011,0.42533901,11829.586,0.790589187,-0.365250177
7802,-4940,5765,11857,13519,14952,-1429,0.43,0.79,5756.70213,0.425823073,11820.2395,0.790545713,-0.364722639
7802,-4935,5761,11854,13516,14949,-822,0.43,0.79,5752.69814,0.425621348,11817.145,0.790497358,-0.36487601
7802,-4939,5762,11853,13529,14949,-215,0.43,0.79,5753.71543,0.425287562,11816.145,0.790430464,-0.365142901
7802,-4941,5761,11857,13512,14955,391,0.43,0.79,5752.69282,0.425746952,11820.334,0.790393447,-0.364646495
7802,-4937,5762,11864,13524,14953,999,0.43,0.79,5753.70878,0.425444305,11827.271,0.790963084,-0.365518779
7802,-4939,5763,11859,13525,14953,999,0.43,0.79,5754.71011,0.425486884,11822.271,0.790628703,-0.365141819
7802,-4940,5764,11859,13518,14956,999,0.43,0.79,5755.7008,0.4257805,11822.3655,0.790476431,-0.364695931
7802,-4938,5763,11859,13521,14956,999,0.43,0.79,5754.70479,0.425612365,11822.3655,0.790476431,-0.364864066
7802,-4939,5760,11858,13518,14947,999,0.43,0.79,5751.7008,0.425484598,11821.082,0.790866528,-0.36538193
7802,-4939,5762,11862,13525,14957,999,0.43,0.79,5753.71011,0.425412947,11825.397,0.790626262,-0.365213315
7802,-4939,5755,11852,13513,14946,999,0.43,0.79,5746.69415,0.425271527,11815.0505,0.790515891,-0.365244363
7802,-4939,5759,11853,13513,14948,570,0.43,0.79,5750.69415,0.425567539,11816.1135,0.790481235,-0.364913696
7802,-4940,5756,11856,13511,14952,141,0.43,0.79,5747.69149,0.425408296,11819.2395,0.790478832,-0.365070536
7803,-4940,5758,11853,13515,14955,-286,0.43,0.79,5749.69681,0.425430767,11816.334,0.790125978,-0.364695211
7803,-4941,5757,11855,13518,14949,-715,0.43,0.79,5748.7008,0.425262672,11818.145,0.790564252,-0.36530158
7803,-4942,5761,11857,13519,14950,-715,0.43,0.79,5752.70213,0.425527194,11820.1765,0.790647258,-0.365120064
7803,-4939,5760,11861,13520,14954,-715,0.43,0.79,5751.70346,0.425421854,11824.3025,0.790711682,-0.365289829
7803,-4942,5761,11853,13522,14945,-715,0.43,0.79,5752.70612,0.425433081,11816.019,0.79063359,-0.365200509
7803,-4942,5758,11854,13517,14950,-715,0.43,0.79,5749.69947,0.425368016,11817.1765,0.790446589,-0.365078573
7803,-4942,5760,11856,13519,14949,-715,0.43,0.79,5751.70213,0.425453224,11819.145,0.790631146,-0.365177922
7803,-4939,5764,11850,13530,14947,-715,0.43,0.79,5755.71676,0.425404047,11813.082,0.790331304,-0.364927257
7802,-4936,5758,11854,13521,14947,-763,0.43,0.79,5749.70479,0.42524257,11817.082,0.790598916,-0.365356346
7802,-4942,5756,11865,13520,14954,-812,0.43,0.79,5747.70346,0.425125996,11828.3025,0.790979169,-0.365853174
7802,-4940,5760,11866,13520,14961,-861,0.43,0.79,5751.70346,0.425421854,11829.523,0.790690662,-0.365268809
7802,-4940,5761,11862,13516,14957,-910,0.43,0.79,5752.69814,0.425621348,11825.397,0.790626262,-0.365004914
7802,-4939,5762,11857,13525,14955,-910,0.43,0.79,5753.71011,0.425412947,11820.334,0.790393447,-0.3649805
7802,-4943,5757,11864,13518,14954,-910,0.43,0.79,5748.7008,0.425262672,11827.3025,0.790912298,-0.365649626
7802,-4941,5759,11857,13512,14949,-910,0.43,0.79,5750.69282,0.425598936,11820.145,0.79069804,-0.365099104
7802,-4941,5754,11851,13515,14939,-910,0.43,0.79,5745.69681,0.425134799,11813.83,0.790804605,-0.365669806
7803,-4940,5754,11860,13520,14957,-910,0.43,0.79,5745.70346,0.424978067,11823.397,0.790492545,-0.365514479
7802,-4940,5757,11850,13518,14950,-910,0.43,0.79,5748.7008,0.425262672,11813.1765,0.79017903,-0.364916358
7803,-4941,5757,11855,13517,14952,-814,0.43,0.79,5748.69947,0.425294035,11818.2395,0.790411952,-0.365117917
7802,-4940,5760,11862,13517,14957,-718,0.43,0.79,5751.69947,0.425515978,11825.397,0.790626262,-0.365110284
7802,-4939,5764,11858,13528,14956,-622,0.43,0.79,5755.7141,0.425466743,11821.3655,0.790409568,-0.364942825
7802,-4938,5758,11854,13518,14946,-527,0.43,0.79,5749.7008,0.425336647,11817.0505,0.790649706,-0.365313058
7802,-4942,5755,11859,13519,14955,-527,0.43,0.79,5746.70213,0.425083374,11822.334,0.790527182,-0.365443808
7802,-4941,5757,11856,13517,14948,-527,0.43,0.79,5748.69947,0.425294035,11819.1135,0.790681931,-0.365387896
7802,-4941,5755,11854,13512,14949,-527,0.43,0.79,5746.69282,0.425302903,11817.145,0.790497358,-0.365194455
7802,-4942,5759,11858,13516,14952,-527,0.43,0.79,5750.69814,0.425473375,11821.2395,0.790612594,-0.365139218
7802,-4941,5755,11858,13517,14946,-527,0.43,0.79,5746.69947,0.425146073,11821.0505,0.790917336,-0.365771263
7802,-4943,5759,11863,13521,14954,-527,0.43,0.79,5750.70479,0.425316529,11826.3025,0.790845426,-0.365528897
7802,-4936,5761,11856,13518,14950,-566,0.43,0.79,5752.7008,0.425558574,11819.1765,0.790580368,-0.365021794
7802,-4940,5761,11863,13514,14959,-760,0.43,0.79,5752.69548,0.425684141,11826.46,0.790591617,-0.364907476
7802,-4943,5756,11862,13514,14953,-955,0.43,0.79,5747.69548,0.425314154,11825.271,0.790829332,-0.365515178
7802,-4947,5762,11859,13520,14948,-1150,0.43,0.79,5753.70346,0.425569783,11822.1135,0.790882626,-0.365312844
7802,-4941,5756,11857,13505,14953,-1305,0.43,0.79,5747.68351,0.425596706,11820.271,0.790494951,-0.364898245
7802,-4943,5756,11855,13509,14953,-1305,0.43,0.79,5747.68883,0.425471081,11818.271,0.790361198,-0.364890118
7802,-4941,5761,11859,13516,14948,-1305,0.43,0.79,5752.69814,0.425621348,11822.1135,0.790882626,-0.365261278
7802,-4938,5754,11856,13505,14952,-1305,0.43,0.79,5745.68351,0.425448612,11819.2395,0.790478832,-0.36503022
7802,-4943,5743,11856,13482,14950,-1305,0.43,0.79,5734.65292,0.425356247,11819.1765,0.790580368,-0.365224121
7802,-4939,5751,11854,13495,14953,-1305,0.43,0.79,5742.67021,0.425540586,11817.271,0.790294322,-0.364753736
7802,-4941,5753,11861,13502,14957,-1661,0.43,0.79,5744.67952,0.425468784,11824.397,0.790559404,-0.36509062
7802,-4938,5756,11869,13501,14966,-2017,0.43,0.79,5747.67819,0.425722405,11832.6805,0.790637478,-0.364915073
7802,-4940,5751,11858,13506,14965,-2373,0.43,0.79,5742.68484,0.425195087,11821.649,0.789953157,-0.364758071
7802,-4943,5755,11864,13506,14962,-2729,0.43,0.79,5746.68484,0.425491251,11827.5545,0.790506249,-0.365014998
7802,-4940,5747,11856,13497,14955,-2729,0.43,0.79,5738.67287,0.425181364,11819.334,0.79032658,-0.365145216
7802,-4942,5755,11860,13503,14951,-2729,0.43,0.79,5746.68085,0.425585488,11823.208,0.790797137,-0.365211649
7802,-4943,5750,11862,13487,14956,-2729,0.43,0.79,5741.65957,0.425718067,11825.3655,0.790677019,-0.364958952
7802,-4939,5753,11859,13502,14961,-2728,0.43,0.79,5744.67952,0.425468784,11822.523,0.790222779,-0.364753995
7802,-4942,5753,11858,13503,14958,-2728,0.43,0.79,5744.68085,0.425437373,11821.4285,0.790308096,-0.364870723
7802,-4942,5757,11865,13500,14960,-2729,0.43,0.79,5748.67686,0.425827916,11828.4915,0.790674566,-0.36484665
7802,-4939,5751,11865,13506,14955,-2347,0.43,0.79,5742.68484,0.425195087,11828.334,0.790928385,-0.365733299
7802,-4943,5750,11861,13503,14958,-1965,0.43,0.79,5741.68085,0.4252152,11824.4285,0.790508658,-0.365293457
7802,-4941,5757,11867,13515,14956,-1583,0.43,0.79,5748.69681,0.425356775,11830.3655,0.791011333,-0.365654559
7802,-4941,5750,11858,13504,14957,-1201,0.43,0.79,5741.68218,0.425183811,11821.397,0.790358829,-0.365175018
7801,-4947,5755,11865,13504,14962,-1201,0.43,0.79,5746.68218,0.425554071,11828.5545,0.790573085,-0.365019014
7801,-4939,5760,11864,13524,14960,-1201,0.43,0.79,5751.70878,0.42529642,11827.4915,0.790607721,-0.365311301
7801,-4944,5753,11862,13504,14958,-1201,0.43,0.79,5744.68218,0.425405967,11825.4285,0.790575511,-0.365169544
7802,-4940,5761,11868,13526,14963,-1201,0.43,0.79,5752.71144,0.425307662,11831.586,0.79072285,-0.365415187
7802,-4944,5757,11869,13519,14961,-1201,0.43,0.79,5748.70213,0.425231314,11832.523,0.790891184,-0.36565987
7802,-4943,5749,11858,13495,14956,-1201,0.43,0.79,5740.67021,0.425392383,11821.3655,0.790409568,-0.365017185
7802,-4939,5755,11862,13512,14957,-651,0.43,0.79,5746.69282,0.425302903,11825.397,0.790626262,-0.365323359
7802,-4942,5763,11870,13519,14968,-101,0.43,0.79,5754.70213,0.425675134,11833.7435,0.790602853,-0.364927719
7802,-4942,5756,11865,13509,14961,448,0.43,0.79,5747.68883,0.425471081,11828.523,0.790623822,-0.365152741
7801,-4936,5755,11858,13505,14953,999,0.43,0.79,5746.68351,0.425522659,11821.271,0.790561827,-0.365039168
7801,-4938,5754,11860,13512,14958,999,0.43,0.79,5745.69282,0.425228894,11823.4285,0.790441804,-0.365212909
7801,-4941,5754,11861,13512,14959,999,0.43,0.79,5745.69282,0.425228894,11824.46,0.790457918,-0.365229024
7801,-4938,5751,11863,13489,14961,999,0.43,0.79,5742.66223,0.425729278,11826.523,0.790490141,-0.364760863
7801,-4940,5762,11858,13523,14951,999,0.43,0.79,5753.70745,0.425475667,11821.208,0.790663367,-0.3651877
7802,-4944,5746,11861,13491,14957,999,0.43,0.79,5737.66489,0.425295745,11824.397,0.790559404,-0.365263659
7802,-4941,5750,11864,13499,14959,999,0.43,0.79,5741.67553,0.425340805,11827.46,0.790658466,-0.365317661
7802,-4938,5763,11861,13527,14955,629,0.43,0.79,5754.71277,0.425424172,11824.334,0.790660916,-0.365236744
7802,-4943,5761,11861,13522,14960,260,0.43,0.79,5752.70612,0.425433081,11824.4915,0.790407186,-0.364974105
7802,-4943,5758,11863,13521,14958,-108,0.43,0.79,5749.70479,0.42524257,11826.4285,0.790642365,-0.365399795
7802,-4938,5764,11855,13532,14958,-477,0.43,0.79,5755.71942,0.42534137,11818.4285,0.790107534,-0.364766164
7802,-4946,5770,11867,13546,14963,-477,0.43,0.79,5761.73804,0.425346083,11830.586,0.790656018,-0.365309935
7801,-4940,5756,11858,13527,14956,-477,0.43,0.79,5747.71277,0.424906688,11821.3655,0.790409568,-0.36550288
7801,-4941,5773,11864,13547,14958,-477,0.43,0.79,5764.73937,0.425536235,11827.4285,0.790709219,-0.365172985
7802,-4943,5759,11860,13524,14954,-477,0.43,0.79,5750.70878,0.425222477,11823.3025,0.790644811,-0.365422334
7802,-4944,5765,11861,13526,14953,-477,0.43,0.79,5756.71144,0.425603389,11824.271,0.790762456,-0.365159067
7802,-4939,5772,11858,13552,14958,-477,0.43,0.79,5763.74602,0.425305934,11821.4285,0.790308096,-0.365002162
7802,-4941,5768,11867,13538,14961,-477,0.43,0.79,5759.7274,0.425448914,11830.523,0.790757503,-0.365308589
7802,-4939,5764,11867,13530,14967,-477,0.43,0.79,5755.71676,0.425404047,11830.712,0.79045313,-0.365049083
7801,-4939,5760,11856,13525,14955,-477,0.43,0.79,5751.71011,0.425265073,11819.334,0.79032658,-0.365061507
7801,-4940,5763,11863,13536,14960,-477,0.43,0.79,5754.72474,0.425142194,11826.4915,0.790540876,-0.365398682
7801,-4938,5763,11856,13529,14958,-477,0.43,0.79,5754.71543,0.425361478,11819.4285,0.790174388,-0.364812911
7801,-4940,5760,11866,13522,14961,-477,0.43,0.79,5751.70612,0.425359127,11829.523,0.790690662,-0.365331535
7801,-4943,5765,11860,13527,14953,-477,0.43,0.79,5756.71277,0.425572024,11823.271,0.790695579,-0.365123555
7801,-4939,5768,11858,13534,14954,-477,0.43,0.79,5759.72208,0.425574263,11821.3025,0.790511067,-0.364936804
7801,-4941,5763,11856,13523,14954,-477,0.43,0.79,5754.70745,0.425549615,11819.3025,0.790377324,-0.364827708
7802,-4943,5770,11852,13541,14948,-477,0.43,0.79,5761.73139,0.42550265,11815.1135,0.790414336,-0.364911686
7802,-4938,5756,11862,13515,14958,-658,0.43,0.79,5747.69681,0.425282783,11825.4285,0.790575511,-0.365292729
7802,-4941,5762,11860,13527,14960,-839,0.43,0.79,5753.71277,0.425350245,11823.4915,0.790340341,-0.364990095
7802,-4936,5759,11856,13521,14953,-1020,0.43,0.79,5750.70479,0.425316529,11819.271,0.790428075,-0.365111546
7802,-4940,5765,11869,13528,14969,-1201,0.43,0.79,5756.7141,0.425540664,11832.775,0.790485336,-0.364944673
7802,-4939,5761,11859,13521,14956,-1201,0.43,0.79,5752.70479,0.425464447,11822.3655,0.790476431,-0.365011984
7802,-4937,5765,11860,13526,14963,-1201,0.43,0.79,5756.71144,0.425603389,11823.586,0.790188198,-0.364584809
7801,-4944,5783,11855,13568,14952,-1201,0.43,0.79,5774.7673,0.425616694,11818.2395,0.790411952,-0.364795258
7801,-4938,5765,11860,13528,14955,-1201,0.43,0.79,5756.7141,0.425540664,11823.334,0.790594049,-0.365053385
7801,-4941,5769,11869,13524,14961,-1201,0.43,0.79,5760.70878,0.425961903,11832.523,0.790891184,-0.36492928
7801,-4939,5776,11855,13556,14954,-1201,0.43,0.79,5767.75134,0.425475903,11818.3025,0.790310452,-0.364834549
7801,-4938,5762,11857,13522,14957,-1020,0.43,0.79,5753.70612,0.425507034,11820.397,0.79029197,-0.364784936
7801,-4939,5767,11865,13528,14960,-839,0.43,0.79,5758.7141,0.425688505,11828.4915,0.790674566,-0.36498606
7801,-4940,5763,11861,13520,14953,-658,0.43,0.79,5754.70346,0.425643747,11824.271,0.790762456,-0.365118709
7801,-4942,5758,11858,13517,14955,-477,0.43,0.79,5749.69947,0.425368016,11821.334,0.790460314,-0.365092298
7801,-4942,5767,11865,13533,14961,-476,0.43,0.79,5758.72075,0.425531719,11828.523,0.790623822,-0.365092103
7802,-4939,5764,11856,13525,14952,-477,0.43,0.79,5755.71011,0.425560821,11819.2395,0.790478832,-0.364918011
7802,-4943,5773,11857,13549,14952,-477,0.43,0.79,5764.74203,0.425473617,11820.2395,0.790545713,-0.365072096
7802,-4942,5761,11860,13521,14963,-477,0.43,0.79,5752.70479,0.425464447,11823.586,0.790188198,-0.36472375
7802,-4943,5751,11847,13520,14939,-477,0.43,0.79,5742.70346,0.424756173,11809.83,0.79053685,-0.365780677
7802,-4942,5759,11857,13515,14948,-477,0.43,0.79,5750.69681,0.425504758,11820.1135,0.790748829,-0.365244071
7802,-4937,5763,11851,13531,14946,-247,0.43,0.79,5754.71809,0.425298802,11814.0505,0.790448983,-0.365150181
7801,-4936,5760,11865,13520,14964,-20,0.43,0.79,5751.70346,0.425421854,11828.6175,0.790471632,-0.365049778
7801,-4940,5758,11858,13527,14947,207,0.43,0.79,5749.71277,0.425054541,11821.082,0.790866528,-0.365811988
7801,-4942,5759,11852,13521,14948,435,0.43,0.79,5750.70479,0.425316529,11815.1135,0.790414336,-0.365097807
7801,-4940,5763,11861,13528,14957,433,0.43,0.79,5754.7141,0.425392822,11824.397,0.790559404,-0.365166581
7801,-4940,5760,11858,13513,14947,433,0.43,0.79,5751.69415,0.425641541,11821.082,0.790866528,-0.365224987
7801,-4943,5758,11855,13517,14946,433,0.43,0.79,5749.69947,0.425368016,11818.0505,0.790716613,-0.365348597
7802,-4940,5763,11856,13531,14949,433,0.43,0.79,5754.71809,0.425298802,11819.145,0.790631146,-0.365332344
7802,-4943,5757,11854,13511,14948,433,0.43,0.79,5748.69149,0.42548231,11817.1135,0.790548134,-0.365065824
7802,-4941,5763,11853,13535,14944,433,0.43,0.79,5754.72341,0.425173506,11815.9875,0.790684388,-0.365510882
7801,-4939,5759,11865,13519,14956,74,0.43,0.79,5750.70213,0.425379254,11828.3655,0.790877608,-0.365498354
7801,-4941,5764,11867,13528,14965,-283,0.43,0.79,5755.7141,0.425466743,11830.649,0.790554561,-0.365087818
7801,-4941,5759,11862,13520,14957,-642,0.43,0.79,5750.70346,0.425347889,11825.397,0.790626262,-0.365278373
7801,-4938,5760,11865,13520,14963,-1000,0.43,0.79,5751.70346,0.425421854,11828.586,0.790522355,-0.365100502
7801,-4939,5758,11857,13519,14955,-1000,0.43,0.79,5749.70213,0.425305284,11820.334,0.790393447,-0.365088163
7801,-4939,5757,11852,13521,14946,-1000,0.43,0.79,5748.70479,0.425168611,11815.0505,0.790515891,-0.365347279
7801,-4941,5761,11849,13522,14941,-1000,0.43,0.79,5752.70612,0.425433081,11811.893,0.790569105,-0.365136024
7801,-4940,5761,11849,13523,14935,-1000,0.43,0.79,5752.70745,0.425401719,11811.704,0.790874054,-0.365472335
7802,-4940,5761,11846,13517,14947,-1000,0.43,0.79,5752.69947,0.425589959,11809.082,0.790063692,-0.364473733
7801,-4940,5767,11854,13523,14946,-1000,0.43,0.79,5758.70745,0.425845408,11817.0505,0.790649706,-0.364804298
7801,-4939,5765,11864,13532,14959,-751,0.43,0.79,5756.71942,0.425415269,11827.46,0.790658466,-0.365243197
7801,-4937,5754,11860,13514,14959,-501,0.43,0.79,5745.69548,0.42516616,11823.46,0.790391069,-0.365224909
7801,-4945,5758,11868,13518,14961,-251,0.43,0.79,5749.7008,0.425336647,11831.523,0.790824343,-0.365487696
7801,-4942,5759,11867,13520,14964,0,0.43,0.79,5750.70346,0.425347889,11830.6175,0.790605286,-0.365257397
7801,-4940,5758,11870,13517,14973,0,0.43,0.79,5749.69947,0.425368016,11833.901,0.790349362,-0.364981346
7801,-4941,5763,11872,13515,14974,0,0.43,0.79,5754.69681,0.425800726,11835.9325,0.790432249,-0.364631523
7801,-4939,5761,11860,13514,14954,0,0.43,0.79,5752.69548,0.425684141,11823.3025,0.790644811,-0.36496067
7802,-4944,5762,11884,13526,14981,0,0.43,0.79,5753.71144,0.425381594,11848.153,0.790878646,-0.365497052
7802,-4939,5759,11864,13519,14971,0,0.43,0.79,5750.70213,0.425379254,11827.838,0.790049963,-0.36467071
7802,-4943,5766,11880,13522,14980,0,0.43,0.79,5757.70612,0.425802849,11844.1215,0.790662316,-0.364859468
7801,-4940,5763,11880,13518,14980,85,0.43,0.79,5754.7008,0.425706525,11844.1215,0.790662316,-0.364955792
7801,-4935,5769,11860,13535,14958,194,0.43,0.79,5760.72341,0.425616802,11823.4285,0.790441804,-0.364825002
7801,-4936,5763,11864,13529,14964,303,0.43,0.79,5754.71543,0.425361478,11827.6175,0.790404805,-0.365043327
7801,-4943,5757,11862,13521,14961,411,0.43,0.79,5748.70479,0.425168611,11825.523,0.790423301,-0.36525469
7801,-4940,5760,11853,13518,14947,433,0.43,0.79,5751.7008,0.425484598,11816.082,0.790532013,-0.365047415
7801,-4945,5760,11858,13525,14955,433,0.43,0.79,5751.71011,0.425265073,11821.334,0.790460314,-0.365195241
7801,-4939,5758,11864,13521,14967,433,0.43,0.79,5749.70479,0.42524257,11827.712,0.790252689,-0.365010119
7801,-4939,5756,11880,13515,14986,433,0.43,0.79,5747.69681,0.425282783,11844.3105,0.790358368,-0.365075585
7801,-4939,5761,11862,13524,14959,433,0.43,0.79,5752.70878,0.425370362,11825.46,0.790524768,-0.365154405
7801,-4941,5762,11877,13525,14984,433,0.43,0.79,5753.71011,0.425412947,11841.2475,0.790259443,-0.364846496
7801,-4938,5760,11866,13522,14965,-1,0.43,0.79,5751.70612,0.425359127,11829.649,0.790487738,-0.365128611
7801,-4943,5762,11873,13527,14966,-435,0.43,0.79,5753.71277,0.425350245,11836.6805,0.790904751,-0.365554505
7801,-4935,5761,11856,13512,14960,-870,0.43,0.79,5752.69282,0.425746952,11819.4915,0.790072961,-0.364326009
7801,-4938,5761,11865,13514,14957,-1305,0.43,0.79,5752.69548,0.425684141,11828.397,0.790826837,-0.365142696
7801,-4937,5763,11866,13523,14962,-1305,0.43,0.79,5754.70745,0.425549615,11829.5545,0.790639921,-0.365090306
7800,-4940,5762,11861,13531,14962,-1305,0.43,0.79,5753.71809,0.425224898,11824.5545,0.790305741,-0.365080844
7801,-4941,5765,11860,13531,14954,-1305,0.43,0.79,5756.71809,0.425446611,11823.3025,0.790644811,-0.3651982
7801,-4938,5761,11868,13525,14968,-1305,0.43,0.79,5752.71011,0.42533901,11831.7435,0.790469234,-0.365130224
7801,-4939,5760,11861,13516,14963,-1305,0.43,0.79,5751.69814,0.425547362,11824.586,0.790255029,-0.364707667
7801,-4943,5753,11864,13512,14961,-1305,0.43,0.79,5744.69282,0.425154886,11827.523,0.790556981,-0.365402095
7801,-4940,5764,11866,13526,14958,-1187,0.43,0.79,5755.71144,0.425529457,11829.4285,0.790842927,-0.36531347
7801,-4940,5761,11870,13524,14965,-1070,0.43,0.79,5752.70878,0.425370362,11833.649,0.790755028,-0.365384666
7801,-4942,5764,11867,13529,14967,-952,0.43,0.79,5755.71543,0.425435393,11830.712,0.79045313,-0.365017737
7801,-4939,5760,11857,13523,14962,-834,0.43,0.79,5751.70745,0.425327771,11820.5545,0.790038397,-0.364710626
7801,-4941,5761,11861,13519,14960,-834,0.43,0.79,5752.70213,0.425527194,11824.4915,0.790407186,-0.364879992
7801,-4938,5760,11856,13522,14954,-834,0.43,0.79,5751.70612,0.425359127,11819.3025,0.790377324,-0.365018196
7801,-4941,5761,11864,13525,14962,-834,0.43,0.79,5752.71011,0.42533901,11827.5545,0.790506249,-0.365167239
7801,-4939,5765,11856,13525,14959,-834,0.43,0.79,5756.71011,0.425634759,11819.46,0.790123671,-0.364488913
7801,-4940,5763,11863,13531,14968,-834,0.43,0.79,5754.71809,0.425298802,11826.7435,0.790135188,-0.364836386
7801,-4938,5762,11860,13522,14956,-834,0.43,0.79,5753.70612,0.425507034,11823.3655,0.790543294,-0.365036259
7801,-4936,5758,11865,13516,14962,-867,0.43,0.79,5749.69814,0.425399389,11828.5545,0.790573085,-0.365173696
7801,-4939,5752,11863,13501,14960,-909,0.43,0.79,5743.67819,0.425426131,11826.4915,0.790540876,-0.365114745
7801,-4945,5759,11863,13522,14957,-950,0.43,0.79,5750.70612,0.425285174,11826.397,0.79069312,-0.365407946
7801,-4941,5761,11868,13516,14963,-992,0.43,0.79,5752.69814,0.425621348,11831.586,0.79072285,-0.365101502
7801,-4944,5759,11861,13520,14957,-1000,0.43,0.79,5750.70346,0.425347889,11824.397,0.790559404,-0.365211515
7801,-4944,5760,11865,13522,14960,-1000,0.43,0.79,5751.70612,0.425359127,11828.4915,0.790674566,-0.365315438
7801,-4943,5763,11865,13521,14963,-1000,0.43,0.79,5754.70479,0.425612365,11828.586,0.790522355,-0.36490999
7801,-4943,5756,11862,13519,14959,-1000,0.43,0.79,5747.70213,0.425157344,11825.46,0.790524768,-0.365367424
7802,-4942,5755,11869,13518,14963,-1000,0.43,0.79,5746.7008,0.425114721,11832.586,0.790789681,-0.36567496
7802,-4940,5760,11860,13510,14958,-1000,0.43,0.79,5751.69016,0.425735763,11823.4285,0.790441804,-0.364706041
7802,-4942,5759,11862,13515,14954,-655,0.43,0.79,5750.69681,0.425504758,11825.3025,0.790778554,-0.365273796
7802,-4941,5759,11863,13514,14962,-296,0.43,0.79,5750.69548,0.425536146,11826.5545,0.790439413,-0.364903267
7801,-4939,5762,11862,13523,14956,61,0.43,0.79,5753.70745,0.425475667,11825.3655,0.790677019,-0.365201352
7801,-4941,5760,11862,13520,14958,420,0.43,0.79,5751.70346,0.425421854,11825.4285,0.790575511,-0.365153658
7801,-4940,5765,11861,13522,14960,433,0.43,0.79,5756.70612,0.425728895,11824.4915,0.790407186,-0.364678291
7801,-4943,5761,11864,13519,14956,433,0.43,0.79,5752.70213,0.425527194,11827.3655,0.790810745,-0.365283551
7801,-4936,5761,11861,13523,14959,433,0.43,0.79,5752.70745,0.425401719,11824.46,0.790457918,-0.365056199
7801,-4940,5760,11864,13523,14959,433,0.43,0.79,5751.70745,0.425327771,11827.46,0.790658466,-0.365330695
7801,-4940,5764,11862,13524,14961,433,0.43,0.79,5755.70878,0.42559219,11825.523,0.790423301,-0.36483111
7801,-4939,5765,11866,13529,14964,433,0.43,0.79,5756.71543,0.425509308,11829.6175,0.790538459,-0.365029151
7801,-4936,5761,11854,13522,14956,417,0.43,0.79,5752.70612,0.425433081,11817.3655,0.790142117,-0.364709036
7801,-4939,5764,11855,13516,14959,401,0.43,0.79,5755.69814,0.425843307,11818.46,0.790056822,-0.364213515
7801,-4943,5763,11868,13522,14967,385,0.43,0.79,5754.70612,0.425580988,11831.712,0.790519944,-0.364938956
7801,-4939,5765,11862,13528,14959,369,0.43,0.79,5756.7141,0.425540664,11825.46,0.790524768,-0.364984104
7801,-4938,5760,11858,13520,14960,369,0.43,0.79,5751.70346,0.425421854,11821.4915,0.790206651,-0.364784798
7801,-4942,5762,11857,13526,14952,369,0.43,0.79,5753.71144,0.425381594,11820.2395,0.790545713,-0.365164119
7802,-4937,5763,11861,13521,14958,369,0.43,0.79,5754.70479,0.425612365,11824.4285,0.790508658,-0.364896292
7802,-4942,5757,11860,13513,14963,369,0.43,0.79,5748.69415,0.425419533,11823.586,0.790188198,-0.364768665
7802,-4944,5764,11856,13519,14951,369,0.43,0.79,5755.70213,0.425749103,11819.208,0.790529597,-0.364780493
7802,-4940,5764,11869,13525,14969,369,0.43,0.79,5755.71011,0.425560821,11832.775,0.790485336,-0.364924515
7801,-4939,5761,11857,13527,14952,95,0.43,0.79,5752.71277,0.425276319,11820.2395,0.790545713,-0.365269394
7801,-4938,5765,11858,13526,14958,-247,0.43,0.79,5756.71144,0.425603389,11821.4285,0.790308096,-0.364704707
7801,-4937,5767,11853,13529,14959,-589,0.43,0.79,5758.71543,0.425657139,11816.46,0.789923123,-0.364265984
7801,-4938,5758,11863,13520,14958,-932,0.43,0.79,5749.70346,0.425273925,11826.4285,0.790642365,-0.365368441
7801,-4940,5760,11864,13528,14961,-1000,0.43,0.79,5751.7141,0.42517106,11827.523,0.790556981,-0.365385921
7801,-4937,5765,11856,13519,14959,-1000,0.43,0.79,5756.70213,0.425823073,11819.46,0.790123671,-0.364300598
7801,-4940,5754,11863,13516,14965,-1000,0.43,0.79,5745.69814,0.425103443,11826.649,0.79028727,-0.365183827
7801,-4936,5761,11861,13517,14963,-1000,0.43,0.79,5752.69947,0.425589959,11824.586,0.790255029,-0.364665071
7801,-4934,5765,11857,13522,14961,-1000,0.43,0.79,5756.70612,0.425728895,11820.523,0.790089098,-0.364360203
7801,-4939,5767,11862,13527,14959,-1000,0.43,0.79,5758.71277,0.425719877,11825.46,0.790524768,-0.364804891
7801,-4934,5764,11875,13524,14971,-859,0.43,0.79,5755.70878,0.42559219,11838.838,0.790784717,-0.365192527
7801,-4934,5767,11862,13526,14965,-718,0.43,0.79,5758.71144,0.425751252,11825.649,0.790220448,-0.364469195
7801,-4937,5768,11860,13539,14958,-576,0.43,0.79,5759.72873,0.425417588,11823.4285,0.790441804,-0.365024215
7801,-4939,5766,11866,13526,14974,-435,0.43,0.79,5757.71144,0.425677321,11829.9325,0.790031555,-0.364354234
7801,-4936,5761,11860,13516,14958,-435,0.43,0.79,5752.69814,0.425621348,11823.4285,0.790441804,-0.364820456
7801,-4940,5764,11858,13529,14955,-435,0.43,0.79,5755.71543,0.425435393,11821.334,0.790460314,-0.365024921
7801,-4940,5772,11859,13532,14966,-435,0.43,0.79,5763.71942,0.425932561,11822.6805,0.789969297,-0.364036736
7801,-4939,5762,11865,13520,14964,-435,0.43,0.79,5753.70346,0.425569783,11828.6175,0.790471632,-0.364901849
7801,-4939,5761,11860,13523,14962,-435,0.43,0.79,5752.70745,0.425401719,11823.5545,0.790238905,-0.364837186
7801,-4939,5762,11856,13520,14955,-435,0.43,0.79,5753.70346,0.425569783,11819.334,0.79032658,-0.364756797
7801,-4941,5760,11865,13521,14961,-445,0.43,0.79,5751.70479,0.425390488,11828.523,0.790623822,-0.365233334
7801,-4937,5756,11862,13515,14959,-455,0.43,0.79,5747.69681,0.425282783,11825.46,0.790524768,-0.365241985
7801,-4937,5766,11860,13528,14959,-465,0.43,0.79,5757.7141,0.425614585,11823.46,0.790391069,-0.364776484
7801,-4941,5770,11861,13537,14965,-476,0.43,0.79,5761.72607,0.425627988,11824.649,0.790153625,-0.364525637
7801,-4940,5764,11864,13528,14959,-477,0.43,0.79,5755.7141,0.425466743,11827.46,0.790658466,-0.365191723
7801,-4941,5761,11867,13528,14965,-477,0.43,0.79,5752.7141,0.425244981,11830.649,0.790554561,-0.36530958
7801,-4941,5767,11860,13528,14960,-477,0.43,0.79,5758.7141,0.425688505,11823.4915,0.790340341,-0.364651836
7801,-4939,5766,11862,13526,14957,-477,0.43,0.79,5757.71144,0.425677321,11825.397,0.790626262,-0.364948941
7801,-4938,5757,11869,13520,14967,-477,0.43,0.79,5748.70346,0.42519996,11832.712,0.790586758,-0.365386797
7801,-4942,5765,11859,13523,14962,-477,0.43,0.79,5756.70745,0.425697512,11822.5545,0.790172069,-0.364474558
7801,-4938,5757,11862,13524,14962,-477,0.43,0.79,5748.70878,0.425074592,11825.5545,0.790372577,-0.365297985
7802,-4942,5757,11863,13517,14960,-477,0.43,0.79,5748.69947,0.425294035,11826.4915,0.790540876,-0.365246841
7802,-4944,5759,11867,13524,14962,-477,0.43,0.79,5750.70878,0.425222477,11830.5545,0.790706757,-0.36548428
7802,-4941,5755,11862,13510,14961,-477,0.43,0.79,5746.69016,0.425365667,11825.523,0.790423301,-0.365057634
7801,-4938,5761,11864,13524,14957,-477,0.43,0.79,5752.70878,0.425370362,11827.397,0.790759979,-0.365389616
7801,-4939,5765,11862,13526,14965,-477,0.43,0.79,5756.71144,0.425603389,11825.649,0.790220448,-0.364617059
7801,-4937,5761,11856,13526,14958,-477,0.43,0.79,5752.71144,0.425307662,11819.4285,0.790174388,-0.364866726
7801,-4934,5763,11862,13522,14960,-477,0.43,0.79,5754.70612,0.425580988,11825.4915,0.790474031,-0.364893043
7801,-4938,5759,11863,13519,14965,-477,0.43,0.79,5750.70213,0.425379254,11826.649,0.79028727,-0.364908017
7801,-4937,5764,11866,13529,14970,-477,0.43,0.79,5755.71543,0.425435393,11829.8065,0.790234235,-0.364798842
7801,-4936,5766,11860,13528,14960,-477,0.43,0.79,5757.7141,0.425614585,11823.4915,0.790340341,-0.364725756
7801,-4939,5766,11860,13531,14956,-249,0.43,0.79,5757.71809,0.425520515,11823.3655,0.790543294,-0.365022779
7801,-4938,5767,11862,13527,14961,-21,0.43,0.79,5758.71277,0.425719877,11825.523,0.790423301,-0.364703424
7801,-4938,5763,11865,13524,14961,205,0.43,0.79,5754.70878,0.425518248,11828.523,0.790623822,-0.365105574
7801,-4937,5766,11868,13525,14968,433,0.43,0.79,5757.71011,0.425708696,11831.7435,0.790469234,-0.364760539
7801,-4941,5760,11865,13531,14963,433,0.43,0.79,5751.71809,0.425077089,11828.586,0.790522355,-0.365445266
7801,-4936,5765,11863,13524,14962,433,0.43,0.79,5756.70878,0.425666133,11826.5545,0.790439413,-0.36477328
7801,-4936,5767,11868,13528,14968,433,0.43,0.79,5758.7141,0.425688505,11831.7435,0.790469234,-0.364780729
7801,-4937,5756,11857,13514,14962,433,0.43,0.79,5747.69548,0.425314154,11820.5545,0.790038397,-0.364724243
7801,-4936,5764,11859,13523,14961,433,0.43,0.79,5755.70745,0.425623564,11822.523,0.790222779,-0.364599216
7801,-4933,5758,11860,13512,14960,78,0.43,0.79,5749.69282,0.425524927,11823.4915,0.790340341,-0.364815413
7801,-4939,5762,11868,13526,14968,-280,0.43,0.79,5753.71144,0.425381594,11831.7435,0.790469234,-0.36508764
7801,-4937,5761,11861,13519,14958,-638,0.43,0.79,5752.70213,0.425527194,11824.4285,0.790508658,-0.364981464
7801,-4938,5761,11860,13515,14964,-997,0.43,0.79,5752.69681,0.425652742,11823.6175,0.790137497,-0.364484755
7801,-4937,5762,11859,13523,14956,-1000,0.43,0.79,5753.70745,0.425475667,11822.3655,0.790476431,-0.365000763
7801,-4940,5761,11858,13529,14958,-1000,0.43,0.79,5752.71543,0.425213647,11821.4285,0.790308096,-0.365094449
7801,-4941,5757,11852,13518,14951,-1000,0.43,0.79,5748.7008,0.425262672,11815.208,0.790262056,-0.364999384
7802,-4939,5764,11865,13518,14961,-1000,0.43,0.79,5755.7008,0.4257805,11828.523,0.790623822,-0.364843322
7802,-4936,5756,11861,13521,14961,-1000,0.43,0.79,5747.70479,0.425094652,11824.523,0.79035646,-0.365261808
7801,-4937,5759,11859,13520,14958,-1000,0.43,0.79,5750.70346,0.425347889,11822.4285,0.79037495,-0.365027061
7801,-4939,5761,11860,13516,14957,-800,0.43,0.79,5752.69814,0.425621348,11823.397,0.790492545,-0.364871197
7801,-4939,5762,11862,13523,14958,-550,0.43,0.79,5753.70745,0.425475667,11825.4285,0.790575511,-0.365099844
7801,-4939,5764,11857,13528,14957,-300,0.43,0.79,5755.7141,0.425466743,11820.397,0.79029197,-0.364825227
7801,-4939,5759,11856,13523,14959,-50,0.43,0.79,5750.70745,0.425253823,11819.46,0.790123671,-0.364869848
7801,-4940,5762,11862,13527,14961,0,0.43,0.79,5753.71277,0.425350245,11825.523,0.790423301,-0.365073055
7801,-4938,5765,11866,13526,14961,0,0.43,0.79,5756.71144,0.425603389,11829.523,0.790690662,-0.365087273
7801,-4936,5764,11863,13524,14963,0,0.43,0.79,5755.70878,0.42559219,11826.586,0.790388692,-0.364796502
7801,-4934,5764,11860,13525,14961,0,0.43,0.79,5755.71011,0.425560821,11823.523,0.79028962,-0.364728798
7801,-4940,5767,11860,13532,14964,0,0.43,0.79,5758.71942,0.425563067,11823.6175,0.790137497,-0.36457443
7801,-4936,5764,11854,13526,14958,0,0.43,0.79,5755.71144,0.425529457,11817.4285,0.790040681,-0.364511223
7801,-4937,5761,11860,13521,14954,0,0.43,0.79,5752.70479,0.425464447,11823.3025,0.790644811,-0.365180364
7801,-4938,5765,11859,13525,14955,0,0.43,0.79,5756.71011,0.425634759,11822.334,0.790527182,-0.364892423
7801,-4940,5762,11866,13512,14960,0,0.43,0.79,5753.69282,0.425820961,11829.4915,0.79074141,-0.36492045
7801,-4937,5763,11853,13526,14952,0,0.43,0.79,5754.71144,0.425455526,11816.2395,0.79027819,-0.364822665
7802,-4938,5766,11858,13525,14957,0,0.43,0.79,5757.71011,0.425708696,11821.397,0.790358829,-0.364650133
7802,-4942,5764,11861,13525,14957,0,0.43,0.79,5755.71011,0.425560821,11824.397,0.790559404,-0.364998582
7802,-4939,5765,11861,13527,14963,0,0.43,0.79,5756.71277,0.425572024,11824.586,0.790255029,-0.364683005
7801,-4938,5763,11871,13520,14970,0,0.43,0.79,5754.70346,0.425643747,11834.8065,0.790568236,-0.364924489
7801,-4940,5762,11853,13523,14954,0,0.43,0.79,5753.70745,0.425475667,11816.3025,0.790176709,-0.364701041
7801,-4937,5767,11865,13522,14963,0,0.43,0.79,5758.70612,0.425876802,11828.586,0.790522355,-0.364645553
7801,-4942,5764,11858,13528,14950,-200,0.43,0.79,5755.7141,0.425466743,11821.1765,0.790714147,-0.365247404
7801,-4938,5763,11859,13531,14963,-450,0.43,0.79,5754.71809,0.425298802,11822.586,0.790121366,-0.364822564
7801,-4939,5764,11861,13526,14962,-700,0.43,0.79,5755.71144,0.425529457,11824.5545,0.790305741,-0.364776284
7801,-4936,5764,11864,13518,14959,-950,0.43,0.79,5755.7008,0.4257805,11827.46,0.790658466,-0.364877966
7801,-4943,5759,11866,13520,14967,-1000,0.43,0.79,5750.70346,0.425347889,11829.712,0.790386317,-0.365038428
7802,-4938,5766,11855,13528,14953,-1000,0.43,0.79,5757.7141,0.425614585,11818.271,0.790361198,-0.364746614
7801,-4939,5762,11863,13530,14957,-1000,0.43,0.79,5753.71676,0.425256228,11826.397,0.79069312,-0.365436893
7801,-4940,5766,11863,13528,14964,-1000,0.43,0.79,5757.7141,0.425614585,11826.6175,0.790337978,-0.364723393
7801,-4938,5767,11854,13528,14958,-1000,0.43,0.79,5758.7141,0.425688505,11817.4285,0.790040681,-0.364352175
7801,-4942,5763,11858,13521,14956,-1000,0.43,0.79,5754.70479,0.425612365,11821.3655,0.790409568,-0.364797203
7801,-4938,5760,11863,13520,14959,-800,0.43,0.79,5751.70346,0.425421854,11826.46,0.790591617,-0.365169764
7801,-4939,5759,11864,13512,14967,-550,0.43,0.79,5750.69282,0.425598936,11827.712,0.790252689,-0.364653753
7801,-4942,5765,11867,13528,14964,-300,0.43,0.79,5756.7141,0.425540664,11830.6175,0.790605286,-0.365064622
7801,-4940,5762,11870,13527,14965,-50,0.43,0.79,5753.71277,0.425350245,11833.649,0.790755028,-0.365404783
7801,-4942,5759,11853,13523,14949,0,0.43,0.79,5750.70745,0.425253823,11816.145,0.790430464,-0.36517664
7802,-4941,5764,11873,13519,14965,0,0.43,0.79,5755.70213,0.425749103,11836.649,0.790955496,-0.365206393
7802,-4939,5763,11861,13522,14953,0,0.43,0.79,5754.70612,0.425580988,11824.271,0.790762456,-0.365181468
7802,-4941,5757,11862,13521,14958,0,0.43,0.79,5748.70479,0.425168611,11825.4285,0.790575511,-0.3654069
7802,-4939,5762,11867,13521,14962,0,0.43,0.79,5753.70479,0.425538406,11830.5545,0.790706757,-0.365168351
7802,-4938,5762,11864,13526,14963,0,0.43,0.79,5753.71144,0.425381594,11827.586,0.790455524,-0.36507393
7801,-4939,5770,11860,13532,14959,-334,0.43,0.79,5761.71942,0.425784764,11823.46,0.790391069,-0.364606305
7801,-4940,5764,11863,13527,14960,-751,0.43,0.79,5755.71277,0.425498098,11826.4915,0.790540876,-0.365042778
7801,-4940,5764,11859,13518,14959,-1167,0.43,0.79,5755.7008,0.4257805,11822.46,0.79032422,-0.364543719
7801,-4935,5765,11861,13530,14962,-1584,0.43,0.79,5756.71676,0.425477957,11824.5545,0.790305741,-0.364827784
7801,-4940,5762,11871,13524,14973,-1667,0.43,0.79,5753.70878,0.425444305,11834.901,0.790416149,-0.364971844
7801,-4944,5756,11867,13515,14961,-1667,0.43,0.79,5747.69681,0.425282783,11830.523,0.790757503,-0.36547472
7801,-4935,5759,11862,13518,14958,-1668,0.43,0.79,5750.7008,0.425410623,11825.4285,0.790575511,-0.365164889
7801,-4939,5761,11863,13528,14958,-1667,0.43,0.79,5752.7141,0.425244981,11826.4285,0.790642365,-0.365397385
7801,-4939,5761,11865,13522,14964,-1668,0.43,0.79,5752.70612,0.425433081,11828.6175,0.790471632,-0.365038551
7801,-4938,5764,11863,13520,14960,-1667,0.43,0.79,5755.70346,0.425717712,11826.4915,0.790540876,-0.364823164
7801,-4934,5764,11863,13531,14960,-1229,0.43,0.79,5755.71809,0.425372706,11826.4915,0.790540876,-0.365168169
7801,-4939,5760,11861,13526,14958,-681,0.43,0.79,5751.71144,0.425233731,11824.4285,0.790508658,-0.365274927
7801,-4937,5761,11860,13523,14962,-132,0.43,0.79,5752.70745,0.425401719,11823.5545,0.790238905,-0.364837186
7802,-4940,5761,11865,13524,14959,415,0.43,0.79,5752.70878,0.425370362,11828.46,0.790725316,-0.365354954
7802,-4938,5762,11857,13524,14954,525,0.43,0.79,5753.70878,0.425444305,11820.3025,0.790444196,-0.364999891
7802,-4936,5759,11857,13520,14951,525,0.43,0.79,5750.70346,0.425347889,11820.208,0.790596482,-0.365248593
7801,-4939,5765,11861,13538,14958,525,0.43,0.79,5756.7274,0.425227316,11824.4285,0.790508658,-0.365281342
7801,-4936,5765,11855,13532,14956,525,0.43,0.79,5756.71942,0.425415269,11818.3655,0.79020898,-0.364793711
7801,-4941,5760,11865,13520,14964,525,0.43,0.79,5751.70346,0.425421854,11828.6175,0.790471632,-0.365049778
7801,-4936,5764,11863,13529,14966,525,0.43,0.79,5755.71543,0.425435393,11826.6805,0.79023657,-0.364801177
7801,-4939,5760,11859,13526,14960,237,0.43,0.79,5751.71144,0.425233731,11822.4915,0.790273496,-0.365039765
7801,-4938,5766,11862,13531,14967,-121,0.43,0.79,5757.71809,0.425520515,11825.712,0.790119062,-0.364598547
7801,-4939,5766,11861,13532,14959,-480,0.43,0.79,5757.71942,0.425489168,11824.46,0.790457918,-0.36496875
7801,-4936,5763,11856,13524,14955,-839,0.43,0.79,5754.70878,0.425518248,11819.334,0.79032658,-0.364808332
7801,-4934,5761,11870,13518,14972,-910,0.43,0.79,5752.7008,0.425558574,11833.8695,0.790400047,-0.364841473
7801,-4939,5766,11860,13529,14960,-910,0.43,0.79,5757.71543,0.425583223,11823.4915,0.790340341,-0.364757117
7801,-4937,5761,11862,13532,14960,-910,0.43,0.79,5752.71942,0.425119673,11825.4915,0.790474031,-0.365354357
7801,-4934,5761,11858,13528,14961,-910,0.43,0.79,5752.7141,0.425244981,11821.523,0.790155939,-0.364910958
7801,-4937,5762,11862,13524,14960,-910,0.43,0.79,5753.70878,0.425444305,11825.4915,0.790474031,-0.365029726
7801,-4936,5761,11858,13521,14962,-910,0.43,0.79,5752.70479,0.425464447,11821.5545,0.790105233,-0.364640786
7801,-4937,5766,11865,13532,14959,-894,0.43,0.79,5757.71942,0.425489168,11828.46,0.790725316,-0.365236148
7801,-4936,5771,11865,13529,14967,-875,0.43,0.79,5762.71543,0.4259528,11828.712,0.790319503,-0.364366703
7801,-4936,5763,11854,13519,14954,-857,0.43,0.79,5754.70213,0.425675134,11817.3025,0.79024358,-0.364568447
7801,-4935,5764,11860,13528,14961,-838,0.43,0.79,5755.7141,0.425466743,11823.523,0.79028962,-0.364822877
7801,-4937,5772,11861,13535,14958,-834,0.43,0.79,5763.72341,0.425838449,11824.4285,0.790508658,-0.364670208
7801,-4935,5756,11861,13502,14956,-834,0.43,0.79,5747.67952,0.425690973,11824.3655,0.790610156,-0.364919183
7800,-4925,5779,11858,13561,14958,-834,0.43,0.79,5770.75799,0.425540741,11821.4285,0.790308096,-0.364767355
7800,-4933,5760,11862,13524,14962,-834,0.43,0.79,5751.70878,0.42529642,11825.5545,0.790372577,-0.365076157
7801,-4941,5760,11866,13522,14961,-834,0.43,0.79,5751.70612,0.425359127,11829.523,0.790690662,-0.365331535
7801,-4938,5763,11861,13529,14963,-834,0.43,0.79,5754.71543,0.425361478,11824.586,0.790255029,-0.364893552
7801,-4939,5770,11859,13532,14958,-889,0.43,0.79,5761.71942,0.425784764,11822.4285,0.79037495,-0.364590186
7801,-4938,5762,11862,13519,14960,-959,0.43,0.79,5753.70213,0.425601164,11825.4915,0.790474031,-0.364872867
7801,-4937,5764,11862,13521,14960,-1028,0.43,0.79,5755.70479,0.425686324,11825.4915,0.790474031,-0.364787707
7801,-4938,5764,11864,13524,14962,-1098,0.43,0.79,5755.70878,0.42559219,11827.5545,0.790506249,-0.364914059
7801,-4937,5761,11862,13528,14963,-1112,0.43,0.79,5752.7141,0.425244981,11825.586,0.790321861,-0.36507688
7801,-4936,5762,11859,13527,14958,-1112,0.43,0.79,5753.71277,0.425350245,11822.4285,0.79037495,-0.365024704
7801,-4933,5763,11867,13529,14970,-1112,0.43,0.79,5754.71543,0.425361478,11830.8065,0.790301035,-0.364939558
7801,-4936,5762,11863,13520,14958,-1112,0.43,0.79,5753.70346,0.425569783,11826.4285,0.790642365,-0.365072583
7801,-4937,5765,11865,13523,14962,-1112,0.43,0.79,5756.70745,0.425697512,11828.5545,0.790573085,-0.364875574
7801,-4936,5766,11861,13527,14966,-1112,0.43,0.79,5757.71277,0.42564595,11824.6805,0.790102933,-0.364456983
7801,-4929,5768,11853,13529,14955,-889,0.43,0.79,5759.71543,0.425731054,11816.334,0.790125978,-0.364394924
7801,-4940,5765,11858,13526,14955,-612,0.43,0.79,5756.71144,0.425603389,11821.334,0.790460314,-0.364856925
7801,-4937,5765,11854,13528,14953,-334,0.43,0.79,5756.7141,0.425540664,11817.271,0.790294322,-0.364753658
7801,-4937,5763,11854,13517,14947,-56,0.43,0.79,5754.69947,0.42573792,11817.082,0.790598916,-0.364860996
7801,-4938,5763,11864,13528,14961,0,0.43,0.79,5754.7141,0.425392822,11827.523,0.790556981,-0.365164159
7801,-4938,5769,11862,13524,14958,0,0.43,0.79,5760.70878,0.425961903,11825.4285,0.790575511,-0.364613608
7801,-4937,5764,11870,13521,14971,0,0.43,0.79,5755.70479,0.425686324,11833.838,0.790450738,-0.364764414
7801,-4937,5765,11863,13527,14961,0,0.43,0.79,5756.71277,0.425572024,11826.523,0.790490141,-0.364918117
7801,-4933,5762,11857,13525,14955,0,0.43,0.79,5753.71011,0.425412947,11820.334,0.790393447,-0.3649805
7801,-4937,5768,11856,13521,14955,0,0.43,0.79,5759.70479,0.42598216,11819.334,0.79032658,-0.364344419
7801,-4932,5760,11861,13518,14967,0,0.43,0.79,5751.7008,0.425484598,11824.712,0.790052248,-0.36456765
7801,-4941,5758,11856,13527,14958,0,0.43,0.79,5749.71277,0.425054541,11819.4285,0.790174388,-0.365119848
7801,-4935,5769,11866,13527,14959,0,0.43,0.79,5760.71277,0.425867729,11829.46,0.790792165,-0.364924436
7800,-4938,5772,11861,13530,14958,0,0.43,0.79,5763.71676,0.425995326,11824.4285,0.790508658,-0.364513332
7800,-4939,5770,11863,13524,14962,0,0.43,0.79,5761.70878,0.426035846,11826.5545,0.790439413,-0.364403567
7800,-4936,5767,11860,13531,14957,0,0.43,0.79,5758.71809,0.425594419,11823.397,0.790492545,-0.364898126
7800,-4935,5767,11855,13523,14949,0,0.43,0.79,5758.70745,0.425845408,11818.145,0.790564252,-0.364718844
7801,-4940,5764,11856,13528,14946,0,0.43,0.79,5755.7141,0.425466743,11819.0505,0.790783521,-0.365316778
7801,-4939,5759,11863,13521,14962,0,0.43,0.79,5750.70479,0.425316529,11826.5545,0.790439413,-0.365122884
7801,-4935,5764,11854,13524,14952,0,0.43,0.79,5755.70878,0.42559219,11817.2395,0.790345071,-0.364752881
7801,-4935,5764,11867,13521,14968,-286,0.43,0.79,5755.70479,0.425686324,11830.7435,0.790402425,-0.364716101
7801,-4938,5770,11862,13528,14960,-644,0.43,0.79,5761.7141,0.425910268,11825.4915,0.790474031,-0.364563763
7802,-4935,5768,11867,13527,14966,-1001,0.43,0.79,5759.71277,0.425793803,11830.6805,0.790503842,-0.364710039
7802,-4939,5765,11856,13532,14958,-1358,0.43,0.79,5756.71942,0.425415269,11819.4285,0.790174388,-0.364759119
7802,-4935,5762,11857,13518,14956,-1429,0.43,0.79,5753.7008,0.425632549,11820.3655,0.790342705,-0.364710156
7801,-4938,5764,11863,13525,14954,-1429,0.43,0.79,5755.71011,0.425560821,11826.3025,0.790845426,-0.365284605
7801,-4937,5763,11861,13524,14966,-1429,0.43,0.79,5754.70878,0.425518248,11824.6805,0.790102933,-0.364584686
7801,-4939,5765,11859,13526,14958,-1429,0.43,0.79,5756.71144,0.425603389,11822.4285,0.79037495,-0.364771561
7801,-4938,5770,11863,13531,14961,-1429,0.43,0.79,5761.71809,0.425816133,11826.523,0.790490141,-0.364674008
7801,-4934,5767,11866,13535,14970,-1429,0.43,0.79,5758.72341,0.425469037,11829.8065,0.790234235,-0.364765199
7801,-4936,5764,11865,13523,14967,-1325,0.43,0.79,5755.70745,0.425623564,11828.712,0.790319503,-0.364695939
7800,-4936,5763,11857,13521,14961,-1195,0.43,0.79,5754.70479,0.425612365,11820.523,0.790089098,-0.364476733
7800,-4937,5765,11858,13530,14961,-1065,0.43,0.79,5756.71676,0.425477957,11821.523,0.790155939,-0.364677982
7800,-4936,5766,11866,13528,14969,-935,0.43,0.79,5757.7141,0.425614585,11829.775,0.790284922,-0.364670338
7800,-4938,5767,11869,13527,14968,-910,0.43,0.79,5758.71277,0.425719877,11832.7435,0.790536044,-0.364816167
7801,-4936,5764,11860,13522,14961,-910,0.43,0.79,5755.70612,0.425654942,11823.523,0.79028962,-0.364634678
7801,-4936,5763,11854,13517,14957,-910,0.43,0.79,5754.69947,0.42573792,11817.397,0.790091395,-0.364353475
7801,-4940,5764,11860,13523,14955,-910,0.43,0.79,5755.70745,0.425623564,11823.334,0.790594049,-0.364970485
7801,-4941,5766,11861,13530,14961,-910,0.43,0.79,5757.71676,0.425551867,11824.523,0.79035646,-0.364804593
7801,-4934,5761,11858,13526,14961,-910,0.43,0.79,5752.71144,0.425307662,11821.523,0.790155939,-0.364848276
7801,-4932,5765,11857,13523,14957,-815,0.43,0.79,5756.70745,0.425697512,11820.397,0.79029197,-0.364594459
7801,-4936,5768,11859,13530,14960,-696,0.43,0.79,5759.71676,0.425699687,11822.4915,0.790273496,-0.364573809
7801,-4936,5766,11865,13521,14960,-577,0.43,0.79,5757.70479,0.425834242,11828.4915,0.790674566,-0.364840323
7801,-4935,5764,11863,13532,14961,-459,0.43,0.79,5755.71942,0.42534137,11826.523,0.790490141,-0.365148771
7800,-4935,5767,11863,13533,14963,-435,0.43,0.79,5758.72075,0.425531719,11826.586,0.790388692,-0.364856973
7800,-4936,5770,11857,13533,14962,-435,0.43,0.79,5761.72075,0.425753399,11820.5545,0.790038397,-0.364284998
7800,-4932,5763,11864,13535,14968,-435,0.43,0.79,5754.72341,0.425173506,11827.7435,0.790201998,-0.365028491
7800,-4936,5764,11865,13523,14966,-435,0.43,0.79,5755.70745,0.425623564,11828.6805,0.790370206,-0.364746642
7801,-4932,5770,11862,13537,14968,-435,0.43,0.79,5761.72607,0.425627988,11825.7435,0.790068379,-0.364440391
7801,-4935,5762,11864,13525,14964,-435,0.43,0.79,5753.71011,0.425412947,11827.6175,0.790404805,-0.364991858
7801,-4938,5764,11869,13532,14963,-530,0.43,0.79,5755.71942,0.42534137,11832.586,0.790789681,-0.365448311
7801,-4941,5761,11863,13524,14960,-649,0.43,0.79,5752.70878,0.425370362,11826.4915,0.790540876,-0.365170513
7801,-4939,5768,11860,13530,14958,-767,0.43,0.79,5759.71676,0.425699687,11823.4285,0.790441804,-0.364742117
7801,-4937,5766,11860,13530,14959,-886,0.43,0.79,5757.71676,0.425551867,11823.46,0.790391069,-0.364839202
7801,-4936,5762,11858,13521,14956,-910,0.43,0.79,5753.70479,0.425538406,11821.3655,0.790409568,-0.364871162
7800,-4936,5763,11862,13527,14966,-910,0.43,0.79,5754.71277,0.425424172,11825.6805,0.790169751,-0.36474558
7800,-4935,5768,11858,13524,14957,-910,0.43,0.79,5759.70878,0.425887961,11821.397,0.790358829,-0.364470868
7800,-4932,5769,11857,13530,14962,-910,0.43,0.79,5760.71676,0.425773596,11820.5545,0.790038397,-0.364264801
7800,-4936,5768,11865,13526,14964,-910,0.43,0.79,5759.71144,0.425825184,11828.6175,0.790471632,-0.364646448
7800,-4934,5764,11861,13523,14960,-910,0.43,0.79,5755.70745,0.425623564,11824.4915,0.790407186,-0.364783622
7801,-4933,5760,11856,13522,14961,-1399,0.43,0.79,5751.70612,0.425359127,11819.523,0.790022258,-0.364663131
7801,-4939,5764,11867,13523,14968,-2005,0.43,0.79,5755.70745,0.425623564,11830.7435,0.790402425,-0.364778862
7801,-4937,5762,11853,13529,14951,-2612,0.43,0.79,5753.71543,0.425287562,11816.208,0.790328941,-0.365041379
7801,-4936,5762,11858,13525,14959,-3218,0.43,0.79,5753.71011,0.425412947,11821.46,0.79025737,-0.364844423
7801,-4932,5766,11867,13527,14973,-3335,0.43,0.79,5757.71277,0.42564595,11830.901,0.790149002,-0.364503051
7800,-4936,5766,11854,13528,14957,-3335,0.43,0.79,5757.7141,0.425614585,11817.397,0.790091395,-0.364476811
7800,-4934,5763,11860,13522,14961,-3335,0.43,0.79,5754.70612,0.425580988,11823.523,0.79028962,-0.364708632
7800,-4935,5763,11860,13530,14956,-3335,0.43,0.79,5754.71676,0.425330137,11823.3655,0.790543294,-0.365213156
7800,-4936,5763,11866,13525,14966,-3335,0.43,0.79,5754.71011,0.425486884,11829.6805,0.790437024,-0.36495014
7801,-4935,5762,11856,13528,14960,-3335,0.43,0.79,5753.7141,0.425318902,11819.4915,0.790072961,-0.36475406
7801,-4938,5762,11855,13520,14948,-2668,0.43,0.79,5753.70346,0.425569783,11818.1135,0.790615032,-0.36504525
7801,-4936,5759,11861,13518,14958,-1834,0.43,0.79,5750.7008,0.425410623,11824.4285,0.790508658,-0.365098035
7801,-4936,5765,11861,13533,14959,-1001,0.43,0.79,5756.72075,0.425383932,11824.46,0.790457918,-0.365073986
7801,-4937,5766,11866,13525,14967,-167,0.43,0.79,5757.71011,0.425708696,11829.712,0.790386317,-0.364677621
7801,-4940,5766,11854,13532,14962,0,0.43,0.79,5757.71942,0.425489168,11817.5545,0.789837889,-0.364348721
7801,-4939,5759,11860,13524,14962,0,0.43,0.79,5750.70878,0.425222477,11823.5545,0.790238905,-0.365016428
7800,-4936,5767,11862,13531,14958,0,0.43,0.79,5758.71809,0.425594419,11825.4285,0.790575511,-0.364981092
7800,-4937,5765,11860,13528,14960,0,0.43,0.79,5756.7141,0.425540664,11823.4915,0.790340341,-0.364799677
7800,-4933,5763,11859,13522,14960,0,0.43,0.79,5754.70612,0.425580988,11822.4915,0.790273496,-0.364692508
7800,-4936,5765,11868,13531,14965,0,0.43,0.79,5756.71809,0.425446611,11831.649,0.790621383,-0.365174772
7801,-4933,5766,11855,13525,14961,-314,0.43,0.79,5757.71011,0.425708696,11818.523,0.789955417,-0.364246722
7801,-4935,5769,11861,13520,14971,-731,0.43,0.79,5760.70346,0.426087534,11824.838,0.789849576,-0.363762042
7801,-4939,5761,11860,13521,14958,-1148,0.43,0.79,5752.70479,0.425464447,11823.4285,0.790441804,-0.364977357
7801,-4936,5766,11863,13525,14959,-1565,0.43,0.79,5757.71011,0.425708696,11826.46,0.790591617,-0.364882921
7801,-4937,5766,11862,13524,14957,-1668,0.43,0.79,5757.70878,0.425740075,11825.397,0.790626262,-0.364886187
7801,-4937,5765,11859,13532,14958,-1668,0.43,0.79,5756.71942,0.425415269,11822.4285,0.79037495,-0.364959681
7801,-4935,5764,11865,13534,14967,-1668,0.43,0.79,5755.72208,0.425278711,11828.712,0.790319503,-0.365040792
7800,-4936,5763,11863,13523,14967,-1668,0.43,0.79,5754.70745,0.425549615,11826.712,0.790185876,-0.36463626
7800,-4940,5769,11864,13534,14964,-1668,0.43,0.79,5760.72208,0.425648151,11827.6175,0.790404805,-0.364756654
7800,-4939,5766,11867,13529,14970,-1668,0.43,0.79,5757.71543,0.425583223,11830.8065,0.790301035,-0.364717812
7800,-4934,5765,11865,13523,14967,-1496,0.43,0.79,5756.70745,0.425697512,11828.712,0.790319503,-0.364621991
7800,-4938,5761,11861,13527,14963,-1211,0.43,0.79,5752.71277,0.425276319,11824.586,0.790255029,-0.36497871
7800,-4939,5766,11863,13529,14963,-926,0.43,0.79,5757.71543,0.425583223,11826.586,0.790388692,-0.364805469
7801,-4939,5768,11864,13534,14962,-641,0.43,0.79,5759.72208,0.425574263,11827.5545,0.790506249,-0.364931986
7801,-4940,5766,11860,13532,14956,-527,0.43,0.79,5757.71942,0.425489168,11823.3655,0.790543294,-0.365054126
7801,-4939,5766,11863,13528,14962,-527,0.43,0.79,5757.7141,0.425614585,11826.5545,0.790439413,-0.364824829
7801,-4937,5769,11871,13527,14971,-527,0.43,0.79,5760.71277,0.425867729,11834.838,0.790517534,-0.364649805
7801,-4935,5766,11859,13526,14964,-527,0.43,0.79,5757.71144,0.425677321,11822.6175,0.79007067,-0.364393349
7801,-4940,5768,11868,13533,14972,-527,0.43,0.79,5759.72075,0.425605612,11831.8695,0.790266464,-0.364660852
7800,-4935,5759,11863,13520,14966,-527,0.43,0.79,5750.70346,0.425347889,11826.6805,0.79023657,-0.364888681
7800,-4940,5769,11863,13546,14960,-527,0.43,0.79,5760.73804,0.42527226,11826.4915,0.790540876,-0.365268615
7800,-4938,5763,11876,13532,14970,-519,0.43,0.79,5754.71942,0.425267471,11839.8065,0.790902238,-0.365634767
7800,-4936,5761,11862,13520,14958,-507,0.43,0.79,5752.70346,0.425495818,11825.4285,0.790575511,-0.365079693
7800,-4938,5762,11870,13527,14969,-494,0.43,0.79,5753.71277,0.425350245,11833.775,0.790552141,-0.365201896
7800,-4941,5760,11865,13519,14963,-482,0.43,0.79,5751.70213,0.425453224,11828.586,0.790522355,-0.365069132
7800,-4937,5765,11860,13525,14959,-477,0.43,0.79,5756.71011,0.425634759,11823.46,0.790391069,-0.36475631
7801,-4940,5763,11862,13533,14958,-477,0.43,0.79,5754.72075,0.425236145,11825.4285,0.790575511,-0.365339366
7801,-4936,5762,11857,13522,14953,-477,0.43,0.79,5753.70612,0.425507034,11820.271,0.790494951,-0.364987916
7801,-4938,5767,11870,13530,14971,-477,0.43,0.79,5758.71676,0.425625777,11833.838,0.790450738,-0.364824961
7800,-4937,5764,11876,13524,14974,-477,0.43,0.79,5755.70878,0.42559219,11839.9325,0.790699379,-0.365107189
7800,-4937,5763,11856,13522,14957,-563,0.43,0.79,5754.70612,0.425580988,11819.397,0.790225112,-0.364644124
7800,-4934,5765,11858,13523,14960,-671,0.43,0.79,5756.70745,0.425697512,11821.4915,0.790206651,-0.364509139
7800,-4940,5763,11865,13527,14958,-780,0.43,0.79,5754.71277,0.425424172,11828.4285,0.790776073,-0.365351901
7800,-4941,5758,11866,13523,14963,-888,0.43,0.79,5749.70745,0.425179875,11829.586,0.790589187,-0.365409312
7800,-4938,5759,11863,13520,14960,-910,0.43,0.79,5750.70346,0.425347889,11826.4915,0.790540876,-0.365192987
7801,-4940,5764,11862,13524,14958,-910,0.43,0.79,5755.70878,0.42559219,11825.4285,0.790575511,-0.364983321
7801,-4941,5766,11865,13527,14966,-910,0.43,0.79,5757.71277,0.42564595,11828.6805,0.790370206,-0.364724255
7801,-4934,5756,11867,13516,14969,-910,0.43,0.79,5747.69814,0.425251416,11830.775,0.790351727,-0.365100311
7801,-4939,5761,11865,13521,14961,-910,0.43,0.79,5752.70479,0.425464447,11828.523,0.790623822,-0.365159375
7801,-4942,5763,11871,13526,14970,-910,0.43,0.79,5754.71144,0.425455526,11834.8065,0.790568236,-0.365112711
7800,-4931,5767,11865,13525,14965,-962,0.43,0.79,5758.71011,0.425782633,11828.649,0.790420915,-0.364638283
7800,-4935,5763,11863,13522,14962,-1092,0.43,0.79,5754.70612,0.425580988,11826.5545,0.790439413,-0.364858425
7800,-4939,5766,11859,13522,14966,-1222,0.43,0.79,5757.70612,0.425802849,11822.6805,0.789969297,-0.364166448
7800,-4934,5764,11858,13526,14956,-1352,0.43,0.79,5755.71144,0.425529457,11821.3655,0.790409568,-0.364880111
7800,-4938,5766,11860,13523,14957,-1430,0.43,0.79,5757.70745,0.42577146,11823.397,0.790492545,-0.364721086
7800,-4938,5763,11862,13524,14962,-1429,0.43,0.79,5754.70878,0.425518248,11825.5545,0.790372577,-0.36485433
7800,-4933,5765,11863,13522,14968,-1429,0.43,0.79,5756.70612,0.425728895,11826.7435,0.790135188,-0.364406293
7801,-4935,5764,11870,13530,14971,-1429,0.43,0.79,5755.71676,0.425404047,11833.838,0.790450738,-0.365046691
7801,-4938,5763,11864,13523,14958,-1429,0.43,0.79,5754.70745,0.425549615,11827.4285,0.790709219,-0.365159604
7801,-4935,5763,11863,13528,14965,-1429,0.43,0.79,5754.7141,0.425392822,11826.649,0.79028727,-0.364894448
7801,-4940,5764,11863,13528,14966,-1344,0.43,0.79,5755.7141,0.425466743,11826.6805,0.79023657,-0.364769827
7801,-4934,5767,11859,13528,14963,-1237,0.43,0.79,5758.7141,0.425688505,11822.586,0.790121366,-0.364432861
7800,-4936,5768,11865,13522,14969,-1130,0.43,0.79,5759.70612,0.425950756,11828.775,0.790218117,-0.364267362
7800,-4936,5763,11862,13524,14970,-1022,0.43,0.79,5754.70878,0.425518248,11825.8065,0.789967034,-0.364448787
7800,-4935,5766,11870,13530,14976,-1000,0.43,0.79,5757.71676,0.425551867,11833.9955,0.790197349,-0.364645482
7800,-4937,5772,11869,13538,14972,-1000,0.43,0.79,5763.7274,0.425744379,11832.8695,0.790333255,-0.364588877
7800,-4937,5765,11867,13529,14970,-1000,0.43,0.79,5756.71543,0.425509308,11830.8065,0.790301035,-0.364791727
7800,-4933,5764,11860,13529,14962,-1000,0.43,0.79,5755.71543,0.425435393,11823.5545,0.790238905,-0.364803512
7800,-4935,5766,11863,13525,14961,-1000,0.43,0.79,5757.71011,0.425708696,11826.523,0.790490141,-0.364781445
7800,-4940,5767,11860,13535,14961,-1000,0.43,0.79,5758.72341,0.425469037,11823.523,0.79028962,-0.364820583
7800,-4933,5762,11872,13518,14973,-1017,0.43,0.79,5753.7008,0.425632549,11835.901,0.790482936,-0.364850387
7800,-4936,5766,11863,13528,14958,-1045,0.43,0.79,5757.7141,0.425614585,11826.4285,0.790642365,-0.365027781
7800,-4939,5758,11857,13523,14960,-1073,0.43,0.79,5749.70745,0.425179875,11820.4915,0.790139806,-0.364959931
7800,-4939,5762,11862,13524,14962,-1100,0.43,0.79,5753.70878,0.425444305,11825.5545,0.790372577,-0.364928272
7801,-4933,5761,11863,13519,14964,-1112,0.43,0.79,5752.70213,0.425527194,11826.6175,0.790337978,-0.364810784
7801,-4941,5765,11863,13527,14958,-1112,0.43,0.79,5756.71277,0.425572024,11826.4285,0.790642365,-0.365070341
7801,-4937,5765,11864,13529,14962,-1112,0.43,0.79,5756.71543,0.425509308,11827.5545,0.790506249,-0.364996941
7800,-4934,5769,11869,13533,14977,-1112,0.43,0.79,5760.72075,0.425679506,11833.027,0.790079923,-0.364400417
7800,-4937,5763,11866,13521,14966,-1112,0.43,0.79,5754.70479,0.425612365,11829.6805,0.790437024,-0.364824659
7800,-4934,5765,11866,13529,14965,-1112,0.43,0.79,5756.71543,0.425509308,11829.649,0.790487738,-0.36497843
7800,-4935,5761,11860,13516,14962,-1024,0.43,0.79,5752.69814,0.425621348,11823.5545,0.790238905,-0.364617557
7800,-4938,5765,11860,13531,14959,-878,0.43,0.79,5756.71809,0.425446611,11823.46,0.790391069,-0.364944458
7800,-4938,5767,11868,13531,14967,-731,0.43,0.79,5758.71809,0.425594419,11831.712,0.790519944,-0.364925524
7800,-4936,5764,11863,13528,14963,-585,0.43,0.79,5755.7141,0.425466743,11826.586,0.790388692,-0.364921949
7800,-4939,5762,11862,13518,14965,-527,0.43,0.79,5753.7008,0.425632549,11825.649,0.790220448,-0.364587899
7800,-4934,5769,11856,13533,14956,-527,0.43,0.79,5760.72075,0.425679506,11819.3655,0.790275842,-0.364596337
7800,-4936,5763,11865,13527,14958,-527,0.43,0.79,5754.71277,0.425424172,11828.4285,0.790776073,-0.365351901
7800,-4937,5763,11863,13536,14969,-527,0.43,0.79,5754.72474,0.425142194,11826.775,0.790084508,-0.364942314
7800,-4935,5758,11855,13523,14954,-527,0.43,0.79,5749.70745,0.425179875,11818.3025,0.790310452,-0.365130577
7800,-4936,5760,11867,13521,14962,-527,0.43,0.79,5751.70479,0.425390488,11830.5545,0.790706757,-0.365316269
7801,-4936,5769,11852,13533,14952,-843,0.43,0.79,5760.72075,0.425679506,11815.2395,0.79021131,-0.364531804
7801,-4937,5768,11850,13532,14957,-1369,0.43,0.79,5759.71942,0.425636966,11813.397,0.789823962,-0.364186996
7801,-4939,5762,11859,13523,14959,-1896,0.43,0.79,5753.70745,0.425475667,11822.46,0.79032422,-0.364848552
7801,-4940,5771,11858,13537,14957,-2422,0.43,0.79,5762.72607,0.425701859,11821.397,0.790358829,-0.364656969
7801,-4934,5768,11863,13526,14962,-2633,0.43,0.79,5759.71144,0.425825184,11826.5545,0.790439413,-0.364614229
7800,-4936,5766,11858,13533,14953,-2633,0.43,0.79,5757.72075,0.425457825,11821.271,0.790561827,-0.365104002
7800,-4938,5760,11860,13527,14960,-2633,0.43,0.79,5751.71277,0.425202393,11823.4915,0.790340341,-0.365137948
7800,-4936,5761,11865,13524,14965,-2633,0.43,0.79,5752.70878,0.425370362,11828.649,0.790420915,-0.365050553
7800,-4936,5768,11861,13538,14962,-2633,0.43,0.79,5759.7274,0.425448914,11824.5545,0.790305741,-0.364856827
7800,-4935,5769,11863,13533,14962,-2633,0.43,0.79,5760.72075,0.425679506,11826.5545,0.790439413,-0.364759908
7800,-4940,5760,11859,13523,14954,-2374,0.43,0.79,5751.70745,0.425327771,11822.3025,0.790577939,-0.365250168
7800,-4940,5763,11866,13520,14963,-1943,0.43,0.79,5754.70346,0.425643747,11829.586,0.790589187,-0.36494544
7800,-4938,5767,11857,13528,14955,-1513,0.43,0.79,5758.7141,0.425688505,11820.334,0.790393447,-0.364704942
7800,-4936,5763,11857,13525,14955,-1082,0.43,0.79,5754.71011,0.425486884,11820.334,0.790393447,-0.364906563
7800,-4939,5764,11864,13528,14960,-910,0.43,0.79,5755.7141,0.425466743,11827.4915,0.790607721,-0.365140978
7800,-4935,5765,11856,13525,14955,-910,0.43,0.79,5756.71011,0.425634759,11819.334,0.79032658,-0.364691821
7800,-4940,5761,11859,13524,14956,-910,0.43,0.79,5752.70878,0.425370362,11822.3655,0.790476431,-0.365106069
7800,-4942,5760,11862,13534,14962,-910,0.43,0.79,5751.72208,0.424983159,11825.5545,0.790372577,-0.365389418
7800,-4939,5763,11865,13526,14956,-910,0.43,0.79,5754.71144,0.425455526,11828.3655,0.790877608,-0.365422082
7801,-4939,5765,11863,13529,14961,-910,0.43,0.79,5756.71543,0.425509308,11826.523,0.790490141,-0.364980833
7801,-4934,5766,11860,13529,14961,-1010,0.43,0.79,5757.71543,0.425583223,11823.523,0.79028962,-0.364706396
7800,-4940,5768,11864,13529,14961,-1178,0.43,0.79,5759.71543,0.425731054,11827.523,0.790556981,-0.364825927
7800,-4937,5766,11866,13537,14967,-1345,0.43,0.79,5757.72607,0.425332501,11829.712,0.790386317,-0.365053815
7800,-4940,5768,11863,13529,14966,-1513,0.43,0.79,5759.71543,0.425731054,11826.6805,0.79023657,-0.364505516
7800,-4937,5760,11863,13525,14957,-1580,0.43,0.79,5751.71011,0.425265073,11826.397,0.79069312,-0.365428047
7800,-4936,5768,11859,13531,14961,-1580,0.43,0.79,5759.71809,0.425668324,11822.523,0.790222779,-0.364554455
7800,-4936,5764,11854,13525,14954,-1580,0.43,0.79,5755.71011,0.425560821,11817.3025,0.79024358,-0.364682759
7800,-4938,5765,11864,13528,14960,-1580,0.43,0.79,5756.7141,0.425540664,11827.4915,0.790607721,-0.365067057
7800,-4938,5767,11856,13528,14961,-1580,0.43,0.79,5758.7141,0.425688505,11819.523,0.790022258,-0.364333753
7800,-4938,5766,11861,13529,14959,-1580,0.43,0.79,5757.71543,0.425583223,11824.46,0.790457918,-0.364874695
7800,-4936,5778,11849,13553,14951,-1479,0.43,0.79,5769.74735,0.425717358,11812.208,0.790061401,-0.364344043
7800,-4932,5761,11867,13519,14968,-1312,0.43,0.79,5752.70213,0.425527194,11830.7435,0.790402425,-0.364875232
7800,-4935,5770,11863,13535,14958,-1144,0.43,0.79,5761.72341,0.425690684,11826.4285,0.790642365,-0.364951681
7800,-4935,5764,11864,13523,14964,-977,0.43,0.79,5755.70745,0.425623564,11827.6175,0.790404805,-0.364781241
7801,-4939,5763,11865,13522,14964,-910,0.43,0.79,5754.70612,0.425580988,11828.6175,0.790471632,-0.364890644
7800,-4935,5763,11858,13524,14959,-910,0.43,0.79,5754.70878,0.425518248,11821.46,0.79025737,-0.364739123
7800,-4938,5770,11866,13533,14961,-910,0.43,0.79,5761.72075,0.425753399,11829.523,0.790690662,-0.364937263
7800,-4938,5764,11859,13524,14960,-910,0.43,0.79,5755.70878,0.42559219,11822.4915,0.790273496,-0.364681306
7800,-4939,5761,11867,13525,14968,-910,0.43,0.79,5752.71011,0.42533901,11830.7435,0.790402425,-0.365063415
7800,-4936,5761,11862,13523,14958,-910,0.43,0.79,5752.70745,0.425401719,11825.4285,0.790575511,-0.365173792
7800,-4934,5763,11857,13529,14955,-820,0.43,0.79,5754.71543,0.425361478,11820.334,0.790393447,-0.365031969
7800,-4936,5765,11863,13529,14960,-701,0.43,0.79,5756.71543,0.425509308,11826.4915,0.790540876,-0.365031568
7801,-4939,5765,11862,13521,14956,-582,0.43,0.79,5756.70479,0.425760283,11825.3655,0.790677019,-0.364916736
7801,-4939,5764,11855,13521,14955,-464,0.43,0.79,5755.70479,0.425686324,11818.334,0.790259712,-0.364573388
7801,-4935,5765,11864,13526,14962,-435,0.43,0.79,5756.71144,0.425603389,11827.5545,0.790506249,-0.36490286
7800,-4938,5761,11859,13527,14964,-435,0.43,0.79,5752.71277,0.425276319,11822.6175,0.79007067,-0.36479435
7800,-4938,5762,11868,13529,14972,-435,0.43,0.79,5753.71543,0.425287562,11831.8695,0.790266464,-0.364978902
7800,-4930,5767,11860,13531,14962,-435,0.43,0.79,5758.71809,0.425594419,11823.5545,0.790238905,-0.364644486
7800,-4934,5768,11863,13527,14965,-435,0.43,0.79,5759.71277,0.425793803,11826.649,0.79028727,-0.364493468
7800,-4935,5767,11864,13522,14966,-435,0.43,0.79,5758.70612,0.425876802,11827.6805,0.790303388,-0.364426585
7800,-4935,5762,11858,13529,14966,-520,0.43,0.79,5753.71543,0.425287562,11821.6805,0.789902479,-0.364614917
7800,-4934,5765,11862,13526,14966,-661,0.43,0.79,5756.71144,0.425603389,11825.6805,0.790169751,-0.364566362
7800,-4934,5768,11862,13536,14959,-803,0.43,0.79,5759.72474,0.425511579,11825.46,0.790524768,-0.365013188
7800,-4933,5767,11855,13522,14954,-944,0.43,0.79,5758.70612,0.425876802,11818.3025,0.790310452,-0.36443365
7800,-4938,5762,11858,13525,14957,-1000,0.43,0.79,5753.71011,0.425412947,11821.397,0.790358829,-0.364945882
7800,-4932,5764,11859,13527,14965,-1000,0.43,0.79,5755.71277,0.425498098,11822.649,0.79001998,-0.364521882
7800,-4934,5766,11863,13527,14969,-1000,0.43,0.79,5757.71277,0.42564595,11826.775,0.790084508,-0.364438558
7800,-4938,5768,11859,13527,14958,-1000,0.43,0.79,5759.71277,0.425793803,11822.4285,0.79037495,-0.364581147
7800,-4937,5763,11864,13525,14961,-1000,0.43,0.79,5754.71011,0.425486884,11827.523,0.790556981,-0.365070097
7800,-4934,5768,11852,13526,14951,-1000,0.43,0.79,5759.71144,0.425825184,11815.208,0.790262056,-0.364436872
7800,-4930,5764,11865,13521,14967,-1000,0.43,0.79,5755.70479,0.425686324,11828.712,0.790319503,-0.364633179
7800,-4936,5769,11861,13531,14958,-1000,0.43,0.79,5760.71809,0.425742228,11824.4285,0.790508658,-0.364766429
7800,-4939,5765,11862,13530,14957,-1000,0.43,0.79,5756.71676,0.425477957,11825.397,0.790626262,-0.365148305
7800,-4934,5767,11860,13527,14959,-1000,0.43,0.79,5758.71277,0.425719877,11823.46,0.790391069,-0.364671192
7800,-4936,5772,11862,13528,14962,-1000,0.43,0.79,5763.7141,0.426058109,11825.5545,0.790372577,-0.364314468
7800,-4936,5768,11853,13533,14957,-1000,0.43,0.79,5759.72075,0.425605612,11816.397,0.790024537,-0.364418925
7800,-4932,5767,11862,13529,14959,-1000,0.43,0.79,5758.71543,0.425657139,11825.46,0.790524768,-0.364867629
7800,-4939,5762,11865,13517,14969,-1000,0.43,0.79,5753.69947,0.425663939,11828.775,0.790218117,-0.364554178
7800,-4939,5763,11858,13524,14955,-1000,0.43,0.79,5754.70878,0.425518248,11821.334,0.790460314,-0.364942067
7801,-4936,5770,11865,13529,14966,-1000,0.43,0.79,5761.71543,0.425878885,11828.6805,0.790370206,-0.364491321
7801,-4936,5773,11865,13541,14957,-1046,0.43,0.79,5764.73139,0.4257242,11828.397,0.790826837,-0.365102637
7801,-4935,5769,11860,13536,14957,-1122,0.43,0.79,5760.72474,0.425585457,11823.397,0.790492545,-0.364907089
7800,-4935,5765,11855,13529,14958,-1198,0.43,0.79,5756.71543,0.425509308,11818.4285,0.790107534,-0.364598226
7800,-4936,5765,11858,13530,14957,-1275,0.43,0.79,5756.71676,0.425477957,11821.397,0.790358829,-0.364880872
7800,-4936,5770,11862,13529,14962,-1305,0.43,0.79,5761.71543,0.425878885,11825.5545,0.790372577,-0.364493693
7800,-4937,5768,11856,13523,14960,-1305,0.43,0.79,5759.70745,0.425919356,11819.4915,0.790072961,-0.364153605
7800,-4934,5771,11860,13548,14959,-1305,0.43,0.79,5762.7407,0.4253573,11823.46,0.790391069,-0.365033769
7800,-4936,5764,11864,13529,14965,-1305,0.43,0.79,5755.71543,0.425435393,11827.649,0.790354093,-0.3649187
7800,-4939,5769,11858,13535,14959,-1305,0.43,0.79,5760.72341,0.425616802,11821.46,0.79025737,-0.364640569
7800,-4937,5762,11861,13522,14961,-1305,0.43,0.79,5753.70612,0.425507034,11824.523,0.79035646,-0.364849426
7800,-4934,5769,11863,13523,14961,-1387,0.43,0.79,5760.70745,0.425993304,11826.523,0.790490141,-0.364496837
7800,-4932,5766,11865,13523,14971,-1524,0.43,0.79,5757.70745,0.42577146,11828.838,0.790116759,-0.364345299
7800,-4932,5769,11859,13532,14964,-1661,0.43,0.79,5760.71942,0.425710865,11822.6175,0.79007067,-0.364359805
7800,-4936,5766,11873,13528,14966,-1798,0.43,0.79,5757.7141,0.425614585,11836.6805,0.790904751,-0.365290166
7800,-4940,5762,11869,13521,14969,-1853,0.43,0.79,5753.70479,0.425538406,11832.775,0.790485336,-0.36494693
7800,-4937,5770,11863,13530,14964,-1853,0.43,0.79,5761.71676,0.425847506,11826.6175,0.790337978,-0.364490472
7800,-4938,5760,11869,13518,14966,-1853,0.43,0.79,5751.7008,0.425484598,11832.6805,0.790637478,-0.36515288
7801,-4939,5763,11866,13523,14961,-1853,0.43,0.79,5754.70745,0.425549615,11829.523,0.790690662,-0.365141047
7801,-4937,5769,11861,13529,14967,-1853,0.43,0.79,5760.71543,0.425804969,11824.712,0.790052248,-0.364247279
7800,-4940,5765,11865,13529,14968,-1853,0.43,0.79,5756.71543,0.425509308,11828.7435,0.790268807,-0.364759499
7800,-4940,5768,11867,13530,14961,-1575,0.43,0.79,5759.71676,0.425699687,11830.523,0.790757503,-0.365057816
7800,-4935,5764,11868,13528,14968,-1112,0.43,0.79,5755.7141,0.425466743,11831.7435,0.790469234,-0.365002491
7800,-4935,5769,11862,13524,14964,-649,0.43,0.79,5760.70878,0.425961903,11825.6175,0.790271151,-0.364309247
7800,-4938,5764,11860,13525,14958,-186,0.43,0.79,5755.71011,0.425560821,11823.4285,0.790441804,-0.364880982
7800,-4940,5765,11869,13532,14961,0,0.43,0.79,5756.71942,0.425415269,11832.523,0.790891184,-0.365475915
7800,-4937,5768,11863,13527,14962,0,0.43,0.79,5759.71277,0.425793803,11826.5545,0.790439413,-0.36464561
7800,-4938,5766,11865,13525,14964,0,0.43,0.79,5757.71011,0.425708696,11828.6175,0.790471632,-0.364762936
7800,-4935,5764,11865,13523,14971,0,0.43,0.79,5755.70745,0.425623564,11828.838,0.790116759,-0.364493196
7800,-4936,5764,11867,13521,14968,0,0.43,0.79,5755.70479,0.425686324,11830.7435,0.790402425,-0.364716101
7800,-4941,5763,11866,13520,14965,0,0.43,0.79,5754.70346,0.425643747,11829.649,0.790487738,-0.364843991
7801,-4936,5762,11860,13527,14957,-125,0.43,0.79,5753.71277,0.425350245,11823.397,0.790492545,-0.3651423
7801,-4938,5761,11862,13526,14963,-334,0.43,0.79,5752.71144,0.425307662,11825.586,0.790321861,-0.365014198
7801,-4940,5764,11859,13523,14963,-542,0.43,0.79,5755.70745,0.425623564,11822.586,0.790121366,-0.364497802
7800,-4940,5763,11856,13529,14961,-751,0.43,0.79,5754.71543,0.425361478,11819.523,0.790022258,-0.36466078
7800,-4938,5771,11867,13529,14964,-834,0.43,0.79,5762.71543,0.4259528,11830.6175,0.790605286,-0.364652486
7800,-4935,5763,11856,13528,14955,-834,0.43,0.79,5754.7141,0.425392822,11819.334,0.79032658,-0.364933757
7800,-4934,5766,11864,13524,14964,-834,0.43,0.79,5757.70878,0.425740075,11827.6175,0.790404805,-0.364664729
7800,-4939,5767,11858,13532,14963,-834,0.43,0.79,5758.71942,0.425563067,11821.586,0.790054535,-0.364491468
7800,-4936,5762,11864,13523,14957,-834,0.43,0.79,5753.70745,0.425475667,11827.397,0.790759979,-0.365284311
7800,-4934,5767,11858,13533,14965,-834,0.43,0.79,5758.72075,0.425531719,11821.649,0.789953157,-0.364421439
7801,-4941,5766,11864,13535,14966,-774,0.43,0.79,5757.72341,0.425395154,11827.6805,0.790303388,-0.364908234
7801,-4938,5766,11861,13527,14960,-674,0.43,0.79,5757.71277,0.42564595,11824.4915,0.790407186,-0.364761236
7801,-4935,5768,11860,13532,14964,-575,0.43,0.79,5759.71942,0.425636966,11823.6175,0.790137497,-0.364500531
7800,-4937,5765,11859,13532,14962,-475,0.43,0.79,5756.71942,0.425415269,11822.5545,0.790172069,-0.3647568
7800,-4937,5764,11858,13526,14959,-435,0.43,0.79,5755.71144,0.425529457,11821.46,0.79025737,-0.364727913
7800,-4933,5771,11860,13530,14966,-435,0.43,0.79,5762.71676,0.425921416,11823.6805,0.790036115,-0.364114699
7800,-4935,5768,11861,13534,14962,-435,0.43,0.79,5759.72208,0.425574263,11824.5545,0.790305741,-0.364731478
7800,-4937,5771,11852,13530,14954,-435,0.43,0.79,5762.71676,0.425921416,11815.3025,0.790109837,-0.364188421
7800,-4935,5763,11861,13522,14964,-435,0.43,0.79,5754.70612,0.425580988,11824.6175,0.790204324,-0.364623336
7800,-4937,5758,11853,13520,14947,-435,0.43,0.79,5749.70346,0.425273925,11816.082,0.790532013,-0.365258089
7800,-4931,5771,11855,13536,14957,-435,0.43,0.79,5762.72474,0.425733211,11818.397,0.790158254,-0.364425043
7800,-4930,5770,11867,13528,14968,-435,0.43,0.79,5761.7141,0.425910268,11830.7435,0.790402425,-0.364492158
7801,-4941,5771,11865,13534,14965,-435,0.43,0.79,5762.72208,0.425795927,11828.649,0.790420915,-0.364624988
7801,-4936,5768,11860,13538,14960,-435,0.43,0.79,5759.7274,0.425448914,11823.4915,0.790340341,-0.364891427
7801,-4936,5768,11858,13531,14956,-435,0.43,0.79,5759.71809,0.425668324,11821.3655,0.790409568,-0.364741244
7800,-4937,5768,11862,13530,14961,-435,0.43,0.79,5759.71676,0.425699687,11825.523,0.790423301,-0.364723614
7800,-4935,5768,11866,13536,14969,-435,0.43,0.79,5759.72474,0.425511579,11829.775,0.790284922,-0.364773343
7800,-4935,5767,11867,13533,14968,-435,0.43,0.79,5758.72075,0.425531719,11830.7435,0.790402425,-0.364870706
7800,-4936,5771,11872,13536,14967,-435,0.43,0.79,5762.72474,0.425733211,11835.712,0.790787199,-0.365053988
7800,-4936,5763,11866,13525,14968,-435,0.43,0.79,5754.71011,0.425486884,11829.7435,0.790335616,-0.364848732
7800,-4937,5770,11867,13537,14967,-435,0.43,0.79,5761.72607,0.425627988,11830.712,0.79045313,-0.364825142
7800,-4935,5768,11857,13532,14957,-435,0.43,0.79,5759.71942,0.425636966,11820.397,0.79029197,-0.364655005
7800,-4937,5764,11860,13529,14961,-435,0.43,0.79,5755.71543,0.425435393,11823.523,0.79028962,-0.364854227
7801,-4940,5768,11863,13533,14958,-435,0.43,0.79,5759.72075,0.425605612,11826.4285,0.790642365,-0.365036753
7801,-4935,5773,11861,13545,14960,-435,0.43,0.79,5764.73671,0.425598871,11824.4915,0.790407186,-0.364808315
7801,-4933,5770,11855,13528,14960,-435,0.43,0.79,5761.7141,0.425910268,11818.4915,0.790006116,-0.364095849
7801,-4934,5769,11860,13531,14964,-435,0.43,0.79,5760.71809,0.425742228,11823.6175,0.790137497,-0.364395268
7800,-4939,5770,11858,13531,14961,-435,0.43,0.79,5761.71809,0.425816133,11821.523,0.790155939,-0.364339806
7800,-4936,5769,11859,13535,14960,-435,0.43,0.79,5760.72341,0.425616802,11822.4915,0.790273496,-0.364656694
7800,-4935,5769,11862,13527,14962,-435,0.43,0.79,5760.71277,0.425867729,11825.5545,0.790372577,-0.364504848
7800,-4933,5767,11868,13538,14966,-430,0.43,0.79,5758.7274,0.425375048,11831.6805,0.79057066,-0.365195612
7800,-4935,5770,11863,13537,14964,-421,0.43,0.79,5761.72607,0.425627988,11826.6175,0.790337978,-0.36470999
7800,-4940,5770,11868,13532,14964,-412,0.43,0.79,5761.71942,0.425784764,11831.6175,0.790672113,-0.36488735
7800,-4935,5766,11854,13523,14960,-404,0.43,0.79,5757.70745,0.42577146,11817.4915,0.789939271,-0.364167812
7801,-4939,5760,11860,13522,14961,-400,0.43,0.79,5751.70612,0.425359127,11823.523,0.79028962,-0.364930492
7801,-4937,5765,11869,13527,14973,-400,0.43,0.79,5756.71277,0.425572024,11832.901,0.790282575,-0.364710551
7801,-4936,5760,11864,13524,14961,-400,0.43,0.79,5751.70878,0.42529642,11827.523,0.790556981,-0.365260562
7800,-4935,5764,11863,13524,14966,-400,0.43,0.79,5755.70878,0.42559219,11826.6805,0.79023657,-0.364644379
7800,-4936,5772,11864,13538,14964,-400,0.43,0.79,5763.7274,0.425744379,11827.6175,0.790404805,-0.364660426
7800,-4935,5771,11864,13538,14965,-400,0.43,0.79,5762.7274,0.425670513,11827.649,0.790354093,-0.36468358
7800,-4938,5766,11865,13536,14964,-217,0.43,0.79,5757.72474,0.425363825,11828.6175,0.790471632,-0.365107807
7800,-4935,5769,11861,13533,14958,239,0.43,0.79,5760.72075,0.425679506,11824.4285,0.790508658,-0.364829152
7800,-4936,5758,11858,13518,14958,696,0.43,0.79,5749.7008,0.425336647,11821.4285,0.790308096,-0.364971449
7800,-4937,5761,11870,13527,14967,1153,0.43,0.79,5752.71277,0.425276319,11833.712,0.790653571,-0.365377252
7801,-4938,5769,11864,13535,14957,1427,0.43,0.79,5760.72341,0.425616802,11827.397,0.790759979,-0.365143177
7801,-4941,5767,11867,13534,14965,1427,0.43,0.79,5758.72208,0.425500375,11830.649,0.790554561,-0.365054185
7801,-4933,5765,11857,13526,14960,1427,0.43,0.79,5756.71144,0.425603389,11820.4915,0.790139806,-0.364536417
7801,-4934,5770,11861,13538,14960,1427,0.43,0.79,5761.7274,0.425596646,11824.4915,0.790407186,-0.364810539
7801,-4935,5763,11864,13529,14965,1427,0.43,0.79,5754.71543,0.425361478,11827.649,0.790354093,-0.364992615
7800,-4937,5759,11854,13524,14956,1427,0.43,0.79,5750.70878,0.425222477,11817.3655,0.790142117,-0.36491964
7800,-4935,5763,11863,13526,14963,1313,0.43,0.79,5754.71144,0.425455526,11826.586,0.790388692,-0.364933166
7800,-4937,5763,11863,13523,14962,1075,0.43,0.79,5754.70745,0.425549615,11826.5545,0.790439413,-0.364889798
7800,-4939,5765,11868,13526,14970,837,0.43,0.79,5756.71144,0.425603389,11831.8065,0.790367836,-0.364764447
7800,-4938,5760,11864,13526,14964,599,0.43,0.79,5751.71144,0.425233731,11827.6175,0.790404805,-0.365171074
7800,-4937,5760,11860,13520,14960,475,0.43,0.79,5751.70346,0.425421854,11823.4915,0.790340341,-0.364918487
7801,-4940,5762,11866,13517,14964,475,0.43,0.79,5753.69947,0.425663939,11829.6175,0.790538459,-0.364874519
7801,-4938,5759,11867,13523,14968,475,0.43,0.79,5750.70745,0.425253823,11830.7435,0.790402425,-0.365148602
7801,-4935,5763,11852,13516,14955,475,0.43,0.79,5754.69814,0.425769321,11815.334,0.790059111,-0.36428979
7801,-4933,5771,11867,13534,14966,475,0.43,0.79,5762.72208,0.425795927,11830.6805,0.790503842,-0.364707915
7801,-4936,5769,11866,13529,14960,475,0.43,0.79,5760.71543,0.425804969,11829.4915,0.79074141,-0.364936441
7800,-4937,5768,11854,13532,14953,475,0.43,0.79,5759.71942,0.425636966,11817.271,0.790294322,-0.364657356
7800,-4935,5770,11871,13529,14971,487,0.43,0.79,5761.71543,0.425878885,11834.838,0.790517534,-0.364638649
7800,-4939,5766,11859,13532,14960,500,0.43,0.79,5757.71942,0.425489168,11822.4915,0.790273496,-0.364784328
7800,-4936,5765,11861,13529,14961,512,0.43,0.79,5756.71543,0.425509308,11824.523,0.79035646,-0.364847152
7800,-4937,5773,11864,13535,14962,525,0.43,0.79,5764.72341,0.425912332,11827.5545,0.790506249,-0.364593917
7800,-4938,5775,11861,13539,14957,525,0.43,0.79,5766.72873,0.425934613,11824.397,0.790559404,-0.36462479
7800,-4938,5767,11855,13536,14954,525,0.43,0.79,5758.72474,0.425437702,11818.3025,0.790310452,-0.36487275
7800,-4939,5762,11862,13526,14966,525,0.43,0.79,5753.71144,0.425381594,11825.6805,0.790169751,-0.364788157
7800,-4935,5767,11854,13525,14954,525,0.43,0.79,5758.71011,0.425782633,11817.3025,0.79024358,-0.364460947
7800,-4938,5761,11859,13519,14962,525,0.43,0.79,5752.70213,0.425527194,11822.5545,0.790172069,-0.364644876
7800,-4931,5767,11858,13521,14958,304,0.43,0.79,5758.70479,0.425908201,11821.4285,0.790308096,-0.364399895
7800,-4935,5766,11862,13527,14955,-222,0.43,0.79,5757.71277,0.42564595,11825.334,0.790727783,-0.365081833
7801,-4938,5764,11867,13529,14970,-748,0.43,0.79,5755.71543,0.425435393,11830.8065,0.790301035,-0.364865643
7801,-4936,5768,11853,13537,14954,-1274,0.43,0.79,5759.72607,0.425480245,11816.3025,0.790176709,-0.364696464
7801,-4940,5767,11865,13532,14966,-1580,0.43,0.79,5758.71942,0.425563067,11828.6805,0.790370206,-0.364807139
7801,-4936,5766,11864,13529,14969,-1580,0.43,0.79,5757.71543,0.425583223,11827.775,0.790151313,-0.364568089
7801,-4939,5770,11858,13535,14962,-1580,0.43,0.79,5761.72341,0.425690684,11821.5545,0.790105233,-0.364414549
7801,-4939,5774,11857,13538,14962,-1580,0.43,0.79,5765.7274,0.425892111,11820.5545,0.790038397,-0.364146286
7800,-4937,5769,11868,13532,14969,-1580,0.43,0.79,5760.71942,0.425710865,11831.775,0.790418532,-0.364707667
7800,-4932,5769,11860,13535,14961,-1580,0.43,0.79,5760.72341,0.425616802,11823.523,0.79028962,-0.364672818
7800,-4938,5770,11863,13532,14965,-1522,0.43,0.79,5761.71942,0.425784764,11826.649,0.79028727,-0.364502507
7800,-4938,5767,11861,13529,14960,-1377,0.43,0.79,5758.71543,0.425657139,11824.4915,0.790407186,-0.364750047
7800,-4938,5766,11863,13533,14963,-1232,0.43,0.79,5757.72075,0.425457825,11826.586,0.790388692,-0.364930867
7800,-4937,5767,11867,13532,14962,-1087,0.43,0.79,5758.71942,0.425563067,11830.5545,0.790706757,-0.36514369
7800,-4940,5766,11861,13528,14957,-1000,0.43,0.79,5757.7141,0.425614585,11824.397,0.790559404,-0.364944819
7800,-4941,5765,11867,13525,14961,-1000,0.43,0.79,5756.71011,0.425634759,11830.523,0.790757503,-0.365122744
7801,-4941,5768,11858,13539,14959,-1000,0.43,0.79,5759.72873,0.425417588,11821.46,0.79025737,-0.364839782
7801,-4940,5765,11865,13528,14963,-1000,0.43,0.79,5756.7141,0.425540664,11828.586,0.790522355,-0.364981691
7801,-4937,5769,11860,13533,14960,-1000,0.43,0.79,5760.72075,0.425679506,11823.4915,0.790340341,-0.364660835
7801,-4937,5769,11860,13533,14959,-1000,0.43,0.79,5760.72075,0.425679506,11823.46,0.790391069,-0.364711563
7801,-4934,5769,11872,13533,14971,-1139,0.43,0.79,5760.72075,0.425679506,11835.838,0.79058433,-0.364904824
7801,-4932,5765,11867,13527,14969,-1484,0.43,0.79,5756.71277,0.425572024,11830.775,0.790351727,-0.364779703
7800,-4937,5766,11866,13524,14966,-1829,0.43,0.79,5757.70878,0.425740075,11829.6805,0.790437024,-0.364696948
7800,-4933,5774,11867,13536,14969,-2175,0.43,0.79,5765.72474,0.425954842,11830.775,0.790351727,-0.364396885
7800,-4935,5765,11865,13527,14966,-2382,0.43,0.79,5756.71277,0.425572024,11828.6805,0.790370206,-0.364798182
7800,-4936,5767,11872,13539,14973,-2382,0.43,0.79,5758.72873,0.425343728,11835.901,0.790482936,-0.365139208
7800,-4937,5767,11861,13528,14961,-2382,0.43,0.79,5758.7141,0.425688505,11824.523,0.79035646,-0.364667955
7800,-4936,5768,11860,13525,14963,-2382,0.43,0.79,5759.71011,0.42585657,11823.586,0.790188198,-0.364331627
7800,-4939,5768,11859,13528,14954,-2382,0.43,0.79,5759.7141,0.425762426,11822.3025,0.790577939,-0.364815513
7801,-4937,5767,11868,13528,14972,-2382,0.43,0.79,5758.7141,0.425688505,11831.8695,0.790266464,-0.364577959
7801,-4930,5768,11860,13533,14961,-2104,0.43,0.79,5759.72075,0.425605612,11823.523,0.79028962,-0.364684007
7801,-4932,5769,11858,13536,14961,-1409,0.43,0.79,5760.72474,0.425585457,11821.523,0.790155939,-0.364570482
7800,-4935,5768,11863,13533,14955,-713,0.43,0.79,5759.72075,0.425605612,11826.334,0.790794651,-0.365189038
7800,-4937,5770,11865,13533,14969,-18,0.43,0.79,5761.72075,0.425753399,11828.775,0.790218117,-0.364464718
7800,-4935,5765,11862,13527,14961,398,0.43,0.79,5756.71277,0.425572024,11825.523,0.790423301,-0.364851276
7800,-4938,5763,11865,13532,14967,398,0.43,0.79,5754.71942,0.425267471,11828.712,0.790319503,-0.365052032
7800,-4938,5766,11862,13533,14964,398,0.43,0.79,5757.72075,0.425457825,11825.6175,0.790271151,-0.364813325
7801,-4939,5771,11867,13531,14965,398,0.43,0.79,5762.71809,0.425890037,11830.649,0.790554561,-0.364664524
7800,-4937,5762,11864,13524,14965,398,0.43,0.79,5753.70878,0.425444305,11827.649,0.790354093,-0.364909788
7801,-4934,5766,11858,13527,14962,398,0.43,0.79,5757.71277,0.42564595,11821.5545,0.790105233,-0.364459283
7801,-4937,5764,11864,13528,14967,358,0.43,0.79,5755.7141,0.425466743,11827.712,0.790252689,-0.364785946
7801,-4935,5767,11860,13531,14959,258,0.43,0.79,5758.71809,0.425594419,11823.46,0.790391069,-0.364796649
7800,-4936,5765,11858,13530,14963,158,0.43,0.79,5756.71676,0.425477957,11821.586,0.790054535,-0.364576577
7800,-4936,5765,11863,13524,14961,58,0.43,0.79,5756.70878,0.425666133,11826.523,0.790490141,-0.364824008
7800,-4938,5764,11862,13532,14964,0,0.43,0.79,5755.71942,0.42534137,11825.6175,0.790271151,-0.364929781
7800,-4935,5764,11863,13526,14965,0,0.43,0.79,5755.71144,0.425529457,11826.649,0.79028727,-0.364757813
7800,-4941,5767,11860,13533,14958,0,0.43,0.79,5758.72075,0.425531719,11823.4285,0.790441804,-0.364910085
7800,-4934,5765,11866,13524,14971,0,0.43,0.79,5756.70878,0.425666133,11829.838,0.790183555,-0.364517422
7800,-4932,5763,11864,13525,14967,0,0.43,0.79,5754.71011,0.425486884,11827.712,0.790252689,-0.364765805
7800,-4936,5761,11855,13533,14956,0,0.43,0.79,5752.72075,0.425088358,11818.3655,0.79020898,-0.365120622
7800,-4937,5762,11857,13529,14958,-91,0.43,0.79,5753.71543,0.425287562,11820.4285,0.790241242,-0.36495368
7800,-4935,5762,11864,13529,14961,-319,0.43,0.79,5753.71543,0.425287562,11827.523,0.790556981,-0.365269419
7801,-4935,5765,11860,13530,14963,-546,0.43,0.79,5756.71676,0.425477957,11823.586,0.790188198,-0.36471024
7801,-4936,5758,11867,13527,14966,-773,0.43,0.79,5749.71277,0.425054541,11830.6805,0.790503842,-0.365449301
7801,-4936,5770,11865,13528,14970,-910,0.43,0.79,5761.7141,0.425910268,11828.8065,0.790167435,-0.364257167
7801,-4934,5766,11865,13531,14962,-910,0.43,0.79,5757.71809,0.425520515,11828.5545,0.790573085,-0.36505257
7800,-4928,5771,11871,13532,14967,-910,0.43,0.79,5762.71942,0.425858662,11834.712,0.790720385,-0.364861722
7800,-4936,5767,11866,13528,14966,-910,0.43,0.79,5758.7141,0.425688505,11829.6805,0.790437024,-0.364748519
7800,-4935,5769,11866,13528,14964,-910,0.43,0.79,5760.7141,0.425836347,11829.6175,0.790538459,-0.364702112
7800,-4934,5770,11865,13534,14966,-910,0.43,0.79,5761.72208,0.425722039,11828.6805,0.790370206,-0.364648166
7800,-4929,5761,11862,13525,14967,-1184,0.43,0.79,5752.71011,0.42533901,11825.712,0.790119062,-0.364780052
7800,-4934,5766,11867,13527,14965,-1638,0.43,0.79,5757.71277,0.42564595,11830.649,0.790554561,-0.36490861
7800,-4936,5766,11863,13528,14962,-2093,0.43,0.79,5757.7141,0.425614585,11826.5545,0.790439413,-0.364824829
7800,-4939,5767,11856,13532,14959,-2548,0.43,0.79,5758.71942,0.425563067,11819.46,0.790123671,-0.364560605
7800,-4936,5765,11867,13526,14968,-2729,0.43,0.79,5756.71144,0.425603389,11830.7435,0.790402425,-0.364799036
7801,-4937,5765,11858,13526,14960,-2729,0.43,0.79,5756.71144,0.425603389,11821.4915,0.790206651,-0.364603262
7801,-4936,5757,11866,13516,14972,-2729,0.43,0.79,5748.69814,0.425325402,11829.8695,0.790132881,-0.364807479
7801,-4936,5765,11859,13530,14958,-2729,0.43,0.79,5756.71676,0.425477957,11822.4285,0.79037495,-0.364896993
7801,-4938,5763,11861,13530,14954,-2729,0.43,0.79,5754.71676,0.425330137,11824.3025,0.790711682,-0.365381545
7801,-4936,5764,11854,13529,14957,-2728,0.43,0.79,5755.71543,0.425435393,11817.397,0.790091395,-0.364656002
7800,-4938,5764,11871,13530,14968,-2408,0.43,0.79,5755.71676,0.425404047,11834.7435,0.790669662,-0.365265615
7800,-4936,5767,11861,13534,14960,-1607,0.43,0.79,5758.72208,0.425500375,11824.4915,0.790407186,-0.36490681
7800,-4940,5762,11867,13529,14967,-806,0.43,0.79,5753.71543,0.425287562,11830.712,0.79045313,-0.365165568
7800,-4936,5764,11860,13529,14960,-5,0.43,0.79,5755.71543,0.425435393,11823.4915,0.790340341,-0.364904948
7800,-4937,5765,11858,13534,14957,475,0.43,0.79,5756.72208,0.425352599,11821.397,0.790358829,-0.365006229
7800,-4937,5762,11860,13524,14961,475,0.43,0.79,5753.70878,0.425444305,11823.523,0.79028962,-0.364845315
7800,-4934,5762,11864,13523,14964,475,0.43,0.79,5753.70745,0.425475667,11827.6175,0.790404805,-0.364929137
7800,-4938,5758,11863,13516,14962,475,0.43,0.79,5749.69814,0.425399389,11826.5545,0.790439413,-0.365040024
7800,-4937,5757,11862,13516,14961,475,0.43,0.79,5748.69814,0.425325402,11825.523,0.790423301,-0.365097898
7800,-4937,5759,11859,13524,14966,475,0.43,0.79,5750.70878,0.425222477,11822.6805,0.789969297,-0.36474682
7800,-4933,5762,11862,13526,14956,72,0.43,0.79,5753.71144,0.425381594,11825.3655,0.790677019,-0.365295425
7801,-4938,5762,11858,13519,14962,-590,0.43,0.79,5753.70213,0.425601164,11821.5545,0.790105233,-0.36450407
7801,-4938,5768,11852,13529,14954,-1253,0.43,0.79,5759.71543,0.425731054,11815.3025,0.790109837,-0.364378783
7800,-4938,5763,11863,13528,14963,-1915,0.43,0.79,5754.7141,0.425392822,11826.586,0.790388692,-0.36499587
7801,-4937,5769,11860,13532,14959,-2175,0.43,0.79,5760.71942,0.425710865,11823.46,0.790391069,-0.364680204
7800,-4937,5767,11862,13537,14959,-2175,0.43,0.79,5758.72607,0.425406373,11825.46,0.790524768,-0.365118395
7800,-4936,5767,11862,13525,14961,-2175,0.43,0.79,5758.71011,0.425782633,11825.523,0.790423301,-0.364640668
7800,-4939,5765,11866,13525,14965,-2175,0.43,0.79,5756.71011,0.425634759,11829.649,0.790487738,-0.364852979
7800,-4938,5762,11859,13525,14958,-2175,0.43,0.79,5753.71011,0.425412947,11822.4285,0.79037495,-0.364962003
7800,-4933,5768,11853,13533,14955,-2175,0.43,0.79,5759.72075,0.425605612,11816.334,0.790125978,-0.364520366
7800,-4938,5766,11855,13528,14956,-1905,0.43,0.79,5757.7141,0.425614585,11818.3655,0.79020898,-0.364594395
7800,-4941,5762,11861,13523,14960,-1230,0.43,0.79,5753.70745,0.425475667,11824.4915,0.790407186,-0.364931518
7800,-4934,5762,11855,13524,14955,-554,0.43,0.79,5753.70878,0.425444305,11818.334,0.790259712,-0.364815408
7800,-4939,5766,11857,13527,14955,120,0.43,0.79,5757.71277,0.42564595,11820.334,0.790393447,-0.364747497
7800,-4940,5769,11860,13528,14959,525,0.43,0.79,5760.7141,0.425836347,11823.46,0.790391069,-0.364554722
7801,-4940,5762,11866,13521,14969,525,0.43,0.79,5753.70479,0.425538406,11829.775,0.790284922,-0.364746516
7801,-4939,5766,11864,13531,14964,525,0.43,0.79,5757.71809,0.425520515,11827.6175,0.790404805,-0.36488429
7801,-4938,5763,11862,13532,14961,525,0.43,0.79,5754.71942,0.425267471,11825.523,0.790423301,-0.365155829
7801,-4932,5764,11852,13524,14957,525,0.43,0.79,5755.70878,0.42559219,11815.397,0.789957679,-0.364365488
7801,-4938,5765,11862,13529,14960,525,0.43,0.79,5756.71543,0.425509308,11825.4915,0.790474031,-0.364964723
7800,-4933,5766,11859,13528,14953,472,0.43,0.79,5757.7141,0.425614585,11822.271,0.790628703,-0.365014119
7800,-4938,5769,11862,13533,14959,341,0.43,0.79,5760.72075,0.425679506,11825.46,0.790524768,-0.364845262
7800,-4936,5770,11865,13532,14967,209,0.43,0.79,5761.71942,0.425784764,11828.712,0.790319503,-0.364534739
7800,-4936,5767,11866,13534,14967,77,0.43,0.79,5758.72208,0.425500375,11829.712,0.790386317,-0.364885941
7800,-4932,5767,11862,13533,14969,0,0.43,0.79,5758.72075,0.425531719,11825.775,0.790017703,-0.364485984
7800,-4934,5766,11858,13528,14958,0,0.43,0.79,5757.7141,0.425614585,11821.4285,0.790308096,-0.364693511
7800,-4937,5768,11863,13529,14962,0,0.43,0.79,5759.71543,0.425731054,11826.5545,0.790439413,-0.364708359
7800,-4936,5764,11865,13528,14971,0,0.43,0.79,5755.7141,0.425466743,11828.838,0.790116759,-0.364650016
7800,-4936,5764,11857,13539,14959,0,0.43,0.79,5755.72873,0.425122146,11820.46,0.790190521,-0.365068375
7800,-4936,5769,11858,13534,14961,0,0.43,0.79,5760.72208,0.425648151,11821.523,0.790155939,-0.364507787
7800,-4936,5767,11860,13524,14966,-48,0.43,0.79,5758.70878,0.425814018,11823.6805,0.790036115,-0.364222097
7800,-4937,5767,11863,13522,14962,-167,0.43,0.79,5758.70612,0.425876802,11826.5545,0.790439413,-0.364562611
7801,-4938,5768,11860,13530,14957,-286,0.43,0.79,5759.71676,0.425699687,11823.397,0.790492545,-0.364792859
7801,-4937,5766,11860,13534,14962,-405,0.43,0.79,5757.72208,0.425426487,11823.5545,0.790238905,-0.364812418
7801,-4936,5767,11853,13535,14951,-477,0.43,0.79,5758.72341,0.425469037,11816.208,0.790328941,-0.364859905
7801,-4939,5765,11872,13528,14969,-477,0.43,0.79,5756.7141,0.425540664,11835.775,0.790685751,-0.365145087
7800,-4935,5769,11861,13531,14955,-477,0.43,0.79,5760.71809,0.425742228,11824.334,0.790660916,-0.364918688
7800,-4936,5772,11858,13537,14953,-477,0.43,0.79,5763.72607,0.425775731,11821.271,0.790561827,-0.364786096
7800,-4934,5771,11862,13539,14967,-477,0.43,0.79,5762.72873,0.425639171,11825.712,0.790119062,-0.364479891
7800,-4934,5768,11866,13529,14968,-477,0.43,0.79,5759.71543,0.425731054,11829.7435,0.790335616,-0.364604562
7800,-4935,5762,11870,13526,14971,-559,0.43,0.79,5753.71144,0.425381594,11833.838,0.790450738,-0.365069144
7800,-4936,5762,11862,13526,14966,-767,0.43,0.79,5753.71144,0.425381594,11825.6805,0.790169751,-0.364788157
7800,-4937,5764,11863,13534,14962,-974,0.43,0.79,5755.72208,0.425278711,11826.5545,0.790439413,-0.365160702
7800,-4936,5766,11864,13525,14964,-1181,0.43,0.79,5757.71011,0.425708696,11827.6175,0.790404805,-0.364696109
7800,-4939,5770,11861,13533,14960,-1305,0.43,0.79,5761.72075,0.425753399,11824.4915,0.790407186,-0.364653787
7800,-4934,5765,11862,13536,14964,-1305,0.43,0.79,5756.72474,0.425289948,11825.6175,0.790271151,-0.364981202
7800,-4932,5767,11859,13527,14963,-1305,0.43,0.79,5758.71277,0.425719877,11822.586,0.790121366,-0.364401489
7800,-4938,5767,11856,13538,14954,-1305,0.43,0.79,5758.7274,0.425375048,11819.3025,0.790377324,-0.365002276
7801,-4934,5760,11855,13528,14957,-1305,0.43,0.79,5751.7141,0.42517106,11818.397,0.790158254,-0.364987194
7801,-4935,5761,11861,13527,14961,-1305,0.43,0.79,5752.71277,0.425276319,11824.523,0.79035646,-0.365080141
7801,-4931,5767,11866,13530,14965,-1357,0.43,0.79,5758.71676,0.425625777,11829.649,0.790487738,-0.364861961
7800,-4935,5763,11865,13526,14972,-1485,0.43,0.79,5754.71144,0.425455526,11828.8695,0.79006609,-0.364610564
7800,-4936,5764,11861,13531,14961,-1614,0.43,0.79,5755.71809,0.425372706,11824.523,0.79035646,-0.364983754
7800,-4935,5766,11856,13536,14961,-1742,0.43,0.79,5757.72474,0.425363825,11819.523,0.790022258,-0.364658433
7800,-4933,5767,11852,13533,14955,-1819,0.43,0.79,5758.72075,0.425531719,11815.334,0.790059111,-0.364527392
7800,-4929,5768,11857,13528,14962,-1819,0.43,0.79,5759.7141,0.425762426,11820.5545,0.790038397,-0.364275971
7800,-4931,5761,11856,13522,14956,-1819,0.43,0.79,5752.70612,0.425433081,11819.3655,0.790275842,-0.364842762
7800,-4935,5767,11858,13532,14963,-1819,0.43,0.79,5758.71942,0.425563067,11821.586,0.790054535,-0.364491468
7800,-4938,5766,11860,13532,14960,-1819,0.43,0.79,5757.71942,0.425489168,11823.4915,0.790340341,-0.364851173
7801,-4934,5764,11861,13526,14965,-1819,0.43,0.79,5755.71144,0.425529457,11824.649,0.790153625,-0.364624168
7801,-4933,5764,11861,13527,14957,-1597,0.43,0.79,5755.71277,0.425498098,11824.397,0.790559404,-0.365061306
7800,-4935,5767,11863,13532,14966,-1043,0.43,0.79,5758.71942,0.425563067,11826.6805,0.79023657,-0.364673503
7800,-4940,5761,11866,13519,14959,-488,0.43,0.79,5752.70213,0.425527194,11829.46,0.790792165,-0.365264972
7800,-4934,5771,11859,13529,14959,66,0.43,0.79,5762.71543,0.4259528,11822.46,0.79032422,-0.36437142
7800,-4933,5766,11864,13516,14966,398,0.43,0.79,5757.69814,0.42599128,11827.6805,0.790303388,-0.364312108
7800,-4939,5763,11866,13516,14962,398,0.43,0.79,5754.69814,0.425769321,11829.5545,0.790639921,-0.3648706
7800,-4930,5767,11857,13528,14954,398,0.43,0.79,5758.7141,0.425688505,11820.3025,0.790444196,-0.36475569
7800,-4936,5767,11867,13524,14970,398,0.43,0.79,5758.70878,0.425814018,11830.8065,0.790301035,-0.364487017
7800,-4935,5760,11863,13518,14959,398,0.43,0.79,5751.7008,0.425484598,11826.46,0.790591617,-0.365107019
7800,-4935,5765,11853,13527,14959,399,0.43,0.79,5756.71277,0.425572024,11816.46,0.789923123,-0.364351099
7800,-4936,5769,11851,13524,14954,516,0.43,0.79,5760.70878,0.425961903,11814.3025,0.790042965,-0.364081062
7800,-4935,5758,11859,13524,14962,811,0.43,0.79,5749.70878,0.425148534,11822.5545,0.790172069,-0.365023535
7801,-4934,5764,11858,13526,14960,1106,0.43,0.79,5755.71144,0.425529457,11821.4915,0.790206651,-0.364677194
7801,-4936,5765,11857,13526,14956,1401,0.43,0.79,5756.71144,0.425603389,11820.3655,0.790342705,-0.364739316
7801,-4938,5766,11854,13529,14951,1578,0.43,0.79,5757.71543,0.425583223,11817.208,0.790395826,-0.364812603
7801,-4934,5767,11858,13522,14956,1578,0.43,0.79,5758.70612,0.425876802,11821.3655,0.790409568,-0.364532766
7800,-4935,5761,11855,13515,14953,1578,0.43,0.79,5752.69681,0.425652742,11818.271,0.790361198,-0.364708456
7800,-4941,5759,11865,13517,14961,1578,0.43,0.79,5750.69947,0.425441997,11828.523,0.790623822,-0.365181825
7800,-4934,5764,11863,13511,14961,1578,0.43,0.79,5755.69149,0.426000406,11826.523,0.790490141,-0.364489735
7800,-4931,5762,11868,13520,14967,1578,0.43,0.79,5753.70346,0.425569783,11831.712,0.790519944,-0.364950161
7800,-4930,5766,11867,13523,14973,1277,0.43,0.79,5757.70745,0.42577146,11830.901,0.790149002,-0.364377542
7800,-4935,5763,11863,13529,14965,525,0.43,0.79,5754.71543,0.425361478,11826.649,0.79028727,-0.364925793
7800,-4938,5765,11861,13529,14954,-226,0.43,0.79,5756.71543,0.425509308,11824.3025,0.790711682,-0.365202374
7800,-4936,5758,11862,13514,14966,-978,0.43,0.79,5749.69548,0.425462149,11825.6805,0.790169751,-0.364707603
7800,-4934,5762,11859,13522,14962,-1429,0.43,0.79,5753.70612,0.425507034,11822.5545,0.790172069,-0.364665035
7800,-4936,5757,11867,13503,14966,-1429,0.43,0.79,5748.68085,0.425733604,11830.6805,0.790503842,-0.364770238
7800,-4932,5769,11862,13531,14957,-1429,0.43,0.79,5760.71809,0.425742228,11825.397,0.790626262,-0.364884034
7800,-4935,5764,11858,13526,14957,-1429,0.43,0.79,5755.71144,0.425529457,11821.397,0.790358829,-0.364829371
7800,-4938,5754,11859,13505,14961,-1429,0.43,0.79,5745.68351,0.425448612,11822.523,0.790222779,-0.364774167
7800,-4936,5762,11855,13512,14957,-1429,0.43,0.79,5753.69282,0.425820961,11818.397,0.790158254,-0.364337293
7800,-4937,5770,11860,13532,14963,-1417,0.43,0.79,5761.71942,0.425784764,11823.586,0.790188198,-0.364403434
7800,-4935,5765,11860,13529,14964,-1386,0.43,0.79,5756.71543,0.425509308,11823.6175,0.790137497,-0.364628189
7800,-4936,5759,11859,13510,14959,-1355,0.43,0.79,5750.69016,0.425661744,11822.46,0.79032422,-0.364662476
7800,-4933,5762,11863,13516,14957,-1324,0.43,0.79,5753.69814,0.425695334,11826.397,0.79069312,-0.364997786
7800,-4937,5760,11865,13519,14966,-1305,0.43,0.79,5751.70213,0.425453224,11828.6805,0.790370206,-0.364916982
7800,-4937,5753,11865,13503,14961,-1305,0.43,0.79,5744.68085,0.425437373,11828.523,0.790623822,-0.365186449
7800,-4934,5761,11863,13514,14963,-1305,0.43,0.79,5752.69548,0.425684141,11826.586,0.790388692,-0.364704551
7800,-4937,5764,11861,13529,14959,-1305,0.43,0.79,5755.71543,0.425435393,11824.46,0.790457918,-0.365022525
7800,-4938,5757,11859,13508,14963,-1305,0.43,0.79,5748.6875,0.42557651,11822.586,0.790121366,-0.364544856
7800,-4935,5767,11863,13530,14963,-1305,0.43,0.79,5758.71676,0.425625777,11826.586,0.790388692,-0.364762915
7801,-4935,5763,11860,13528,14958,-1233,0.43,0.79,5754.7141,0.425392822,11823.4285,0.790441804,-0.365048981
7800,-4940,5773,11862,13539,14959,-1016,0.43,0.79,5764.72873,0.425786892,11825.46,0.790524768,-0.364737876
7800,-4936,5771,11863,13541,14960,-798,0.43,0.79,5762.73139,0.4255765,11826.4915,0.790540876,-0.364964375
7800,-4939,5766,11857,13530,14962,-581,0.43,0.79,5757.71676,0.425551867,11820.5545,0.790038397,-0.36448653
7800,-4938,5763,11862,13533,14965,-435,0.43,0.79,5754.72075,0.425236145,11825.649,0.790220448,-0.364984303
7800,-4935,5773,11860,13548,14961,-435,0.43,0.79,5764.7407,0.425504923,11823.523,0.79028962,-0.364784696
7800,-4932,5769,11856,13534,14958,-435,0.43,0.79,5760.72208,0.425648151,11819.4285,0.790174388,-0.364526237
7800,-4935,5776,11855,13550,14958,-435,0.43,0.79,5767.74336,0.425663717,11818.4285,0.790107534,-0.364443818
7800,-4937,5782,11860,13560,14954,-435,0.43,0.79,5773.75666,0.425793264,11823.3025,0.790644811,-0.364851547
7800,-4935,5766,11854,13531,14957,-435,0.43,0.79,5757.71809,0.425520515,11817.397,0.790091395,-0.36457088
7800,-4941,5763,11862,13529,14962,-483,0.43,0.79,5754.71543,0.425361478,11825.5545,0.790372577,-0.3650111
7800,-4938,5767,11851,13533,14952,-601,0.43,0.79,5758.72075,0.425531719,11814.2395,0.790144429,-0.36461271
7800,-4937,5764,11866,13535,14964,-720,0.43,0.79,5755.72341,0.425247389,11829.6175,0.790538459,-0.36529107
7800,-4934,5768,11863,13542,14969,-838,0.43,0.79,5759.73272,0.425323639,11826.775,0.790084508,-0.364760869
7800,-4933,5772,11852,13542,14955,-910,0.43,0.79,5763.73272,0.425619016,11815.334,0.790059111,-0.364440094
7800,-4938,5775,11856,13553,14955,-910,0.43,0.79,5766.74735,0.425496005,11819.334,0.79032658,-0.364830575
7801,-4934,5770,11854,13539,14958,-910,0.43,0.79,5761.72873,0.42556531,11817.4285,0.790040681,-0.364475371
7801,-4938,5764,11862,13534,14961,-910,0.43,0.79,5755.72208,0.425278711,11825.523,0.790423301,-0.365144589
7800,-4935,5776,11853,13553,14960,-910,0.43,0.79,5767.74735,0.425569789,11816.4915,0.789872426,-0.364302637
7800,-4933,5773,11863,13547,14963,-910,0.43,0.79,5764.73937,0.425536235,11826.586,0.790388692,-0.364852458
7800,-4932,5768,11869,13535,14971,-910,0.43,0.79,5759.72341,0.425542919,11832.838,0.790383942,-0.364841023
7800,-4935,5764,11856,13533,14959,-699,0.43,0.79,5755.72075,0.425310038,11819.46,0.790123671,-0.364813633
7800,-4934,5767,11857,13533,14960,-471,0.43,0.79,5758.72075,0.425531719,11820.4915,0.790139806,-0.364608087
7800,-4939,5763,11865,13530,14964,-244,0.43,0.79,5754.71676,0.425330137,11828.6175,0.790471632,-0.365141494
7800,-4933,5768,11863,13536,14969,-17,0.43,0.79,5759.72474,0.425511579,11826.775,0.790084508,-0.364572928
7800,-4932,5778,11866,13557,14965,0,0.43,0.79,5769.75267,0.425592142,11829.649,0.790487738,-0.364895596
7800,-4931,5768,11856,13530,14959,0,0.43,0.79,5759.71676,0.425699687,11819.46,0.790123671,-0.364423985
7800,-4937,5766,11862,13532,14960,0,0.43,0.79,5757.71942,0.425489168,11825.4915,0.790474031,-0.364984863
7800,-4937,5778,11857,13556,14964,0,0.43,0.79,5769.75134,0.425623439,11820.6175,0.789937016,-0.364313576
7800,-4936,5767,11860,13528,14960,0,0.43,0.79,5758.7141,0.425688505,11823.4915,0.790340341,-0.364651836
7800,-4935,5767,11864,13533,14967,-100,0.43,0.79,5758.72075,0.425531719,11827.712,0.790252689,-0.36472097
7800,-4935,5768,11861,13538,14966,-350,0.43,0.79,5759.7274,0.425448914,11824.6805,0.790102933,-0.364654019
7800,-4933,5769,11865,13524,14968,-600,0.43,0.79,5760.70878,0.425961903,11828.7435,0.790268807,-0.364306904
7800,-4934,5765,11866,13532,14971,-850,0.43,0.79,5756.71942,0.425415269,11829.838,0.790183555,-0.364768286
7800,-4935,5767,11859,13525,14958,-1000,0.43,0.79,5758.71011,0.425782633,11822.4285,0.79037495,-0.364592317
7800,-4935,5781,11859,13562,14955,-1000,0.43,0.79,5772.75932,0.425656933,11822.334,0.790527182,-0.364870249
7800,-4936,5766,11865,13533,14961,-1000,0.43,0.79,5757.72075,0.425457825,11828.523,0.790623822,-0.365165997
7800,-4936,5768,11853,13537,14959,-1000,0.43,0.79,5759.72607,0.425480245,11816.46,0.789923123,-0.364442879
7800,-4935,5782,11868,13564,14967,-1000,0.43,0.79,5773.76198,0.425668091,11831.712,0.790519944,-0.364851853
7800,-4933,5766,11869,13525,14973,-1000,0.43,0.79,5757.71011,0.425708696,11832.901,0.790282575,-0.36457388
7799,-4932,5764,11855,13525,14952,-1000,0.43,0.79,5755.71011,0.425560821,11818.2395,0.790411952,-0.36485113
7799,-4935,5763,11853,13525,14955,-1000,0.43,0.79,5754.71011,0.425486884,11816.334,0.790125978,-0.364639094
7799,-4934,5759,11854,13515,14952,-1000,0.43,0.79,5750.69681,0.425504758,11817.2395,0.790345071,-0.364840312
7800,-4934,5768,11848,13526,14945,-1000,0.43,0.79,5759.71144,0.425825184,11811.019,0.79029903,-0.364473846
7800,-4939,5765,11844,13536,14944,-1000,0.43,0.79,5756.72474,0.425289948,11806.9875,0.79008214,-0.364792192
7800,-4939,5776,11851,13554,14947,-1000,0.43,0.79,5767.74868,0.425538489,11814.082,0.790398207,-0.364859718
7800,-4934,5771,11850,13536,14948,-1000,0.43,0.79,5762.72474,0.425733211,11813.1135,0.790280539,-0.364547329
7801,-4936,5759,11852,13529,14951,-1000,0.43,0.79,5750.71543,0.425065816,11815.208,0.790262056,-0.36519624
7801,-4939,5763,11848,13526,14942,-1000,0.43,0.79,5754.71144,0.425455526,11810.9245,0.790451379,-0.364995853
7800,-4935,5762,11849,13523,14949,-1000,0.43,0.79,5753.70745,0.425475667,11812.145,0.790162887,-0.36468722
7800,-4938,5764,11858,13533,14950,-947,0.43,0.79,5755.72075,0.425310038,11821.1765,0.790714147,-0.365404109
7800,-4933,5765,11852,13526,14954,-817,0.43,0.79,5756.71144,0.425603389,11815.3025,0.790109837,-0.364506448
7800,-4934,5770,11847,13531,14945,-686,0.43,0.79,5761.71809,0.425816133,11810.019,0.790232118,-0.364415985
7800,-4937,5764,11864,13526,14959,-555,0.43,0.79,5755.71144,0.425529457,11827.46,0.790658466,-0.365129009
7800,-4935,5766,11849,13526,14951,-477,0.43,0.79,5757.71144,0.425677321,11812.208,0.790061401,-0.36438408
7799,-4936,5774,11847,13547,14947,-477,0.43,0.79,5765.73937,0.425610052,11810.082,0.790130595,-0.364520543
7800,-4933,5766,11853,13531,14947,-477,0.43,0.79,5757.71809,0.425520515,11816.082,0.790532013,-0.365011498
7800,-4935,5766,11854,13522,14954,-477,0.43,0.79,5757.70612,0.425802849,11817.3025,0.79024358,-0.364440732
7800,-4935,5765,11853,13532,14950,-477,0.43,0.79,5756.71942,0.425415269,11816.1765,0.790379699,-0.36496443
7800,-4936,5762,11853,13526,14949,-477,0.43,0.79,5753.71144,0.425381594,11816.145,0.790430464,-0.36504887
7800,-4937,5768,11866,13531,14957,-477,0.43,0.79,5759.71809,0.425668324,11829.397,0.790893695,-0.365225371
7800,-4938,5764,11866,13538,14963,-477,0.43,0.79,5755.7274,0.42515345,11829.586,0.790589187,-0.365435737
7800,-4938,5767,11855,13531,14954,-477,0.43,0.79,5758.71809,0.425594419,11818.3025,0.790310452,-0.364716033
7800,-4935,5765,11860,13526,14960,-477,0.43,0.79,5756.71144,0.425603389,11823.4915,0.790340341,-0.364736952
7800,-4936,5766,11864,13533,14964,-477,0.43,0.79,5757.72075,0.425457825,11827.6175,0.790404805,-0.36494698
7800,-4934,5765,11845,13529,14941,-477,0.43,0.79,5756.71543,0.425509308,11807.893,0.790301385,-0.364792077
7800,-4933,5767,11859,13534,14954,-477,0.43,0.79,5758.72208,0.425500375,11822.3025,0.790577939,-0.365077564
7800,-4931,5772,11858,13532,14960,-477,0.43,0.79,5763.71942,0.425932561,11821.4915,0.790206651,-0.36427409
7800,-4938,5768,11855,13535,14947,-477,0.43,0.79,5759.72341,0.425542919,11818.082,0.790665819,-0.3651229
7800,-4935,5768,11861,13534,14960,-477,0.43,0.79,5759.72208,0.425574263,11824.4915,0.790407186,-0.364832922
7800,-4937,5765,11853,13524,14955,-427,0.43,0.79,5756.70878,0.425666133,11816.334,0.790125978,-0.364459845
7800,-4939,5768,11854,13532,14953,-176,0.43,0.79,5759.71942,0.425636966,11817.271,0.790294322,-0.364657356
7800,-4937,5764,11855,13533,14956,74,0.43,0.79,5755.72075,0.425310038,11818.3655,0.79020898,-0.364898941
7800,-4938,5764,11855,13527,14953,324,0.43,0.79,5755.71277,0.425498098,11818.271,0.790361198,-0.364863101
7800,-4936,5768,11850,13541,14952,525,0.43,0.79,5759.73139,0.425354951,11813.2395,0.790077548,-0.364722597
7800,-4939,5763,11850,13532,14944,525,0.43,0.79,5754.71942,0.425267471,11812.9875,0.790483639,-0.365216168
7800,-4935,5769,11858,13529,14955,525,0.43,0.79,5760.71543,0.425804969,11821.334,0.790460314,-0.364655345
7801,-4938,5764,11856,13526,14957,525,0.43,0.79,5755.71144,0.425529457,11819.397,0.790225112,-0.364695655
7800,-4938,5765,11856,13534,14947,525,0.43,0.79,5756.72208,0.425352599,11819.082,0.790732722,-0.365380123
7800,-4935,5770,11859,13539,14959,525,0.43,0.79,5761.72873,0.42556531,11822.46,0.79032422,-0.36475891
7800,-4931,5764,11861,13527,14965,525,0.43,0.79,5755.71277,0.425498098,11824.649,0.790153625,-0.364655527
7800,-4934,5760,11861,13518,14960,525,0.43,0.79,5751.7008,0.425484598,11824.4915,0.790407186,-0.364922588
7800,-4936,5767,11883,13532,14993,525,0.43,0.79,5758.71942,0.425563067,11847.531,0.790204162,-0.364641095
7800,-4937,5771,11877,13537,14981,525,0.43,0.79,5762.72607,0.425701859,11841.153,0.790411388,-0.364709528
7800,-4936,5761,11859,13527,14958,525,0.43,0.79,5752.71277,0.425276319,11822.4285,0.79037495,-0.365098631
7800,-4939,5763,11877,13529,14980,525,0.43,0.79,5754.71543,0.425361478,11841.1215,0.790462049,-0.365100572
7800,-4937,5761,11868,13523,14968,525,0.43,0.79,5752.70745,0.425401719,11831.7435,0.790469234,-0.365067515
7800,-4937,5763,11867,13523,14971,525,0.43,0.79,5754.70745,0.425549615,11830.838,0.790250351,-0.364700735
7800,-4942,5767,11874,13532,14965,525,0.43,0.79,5758.71942,0.425563067,11837.649,0.791022319,-0.365459252
7800,-4937,5766,11861,13526,14964,525,0.43,0.79,5757.71144,0.425677321,11824.6175,0.790204324,-0.364527003
7800,-4936,5764,11883,13527,14988,618,0.43,0.79,5755.71277,0.425498098,11847.3735,0.790457266,-0.364959168
7800,-4937,5763,11887,13528,14987,941,0.43,0.79,5754.7141,0.425392822,11851.342,0.790774805,-0.365381983
7800,-4936,5763,11871,13529,14973,1264,0.43,0.79,5754.71543,0.425361478,11834.901,0.790416149,-0.365054672
7800,-4934,5761,11860,13524,14965,1587,0.43,0.79,5752.70878,0.425370362,11823.649,0.790086803,-0.36471644
7800,-4936,5760,11859,13513,14960,1817,0.43,0.79,5751.69415,0.425641541,11822.4915,0.790273496,-0.364631955
7800,-4940,5763,11881,13523,14985,1817,0.43,0.79,5754.70745,0.425549615,11845.279,0.790475742,-0.364926127
7801,-4933,5759,11864,13518,14966,1817,0.43,0.79,5750.7008,0.425410623,11827.6805,0.790303388,-0.364892765
7801,-4939,5762,11880,13519,14989,1817,0.43,0.79,5753.70213,0.425601164,11844.405,0.790206485,-0.364605321
7801,-4940,5764,11878,13532,14978,1817,0.43,0.79,5755.71942,0.42534137,11842.0585,0.790630158,-0.365288787
7800,-4936,5765,11870,13531,14973,1817,0.43,0.79,5756.71809,0.425446611,11833.901,0.790349362,-0.364902751
7800,-4935,5767,11873,13527,14974,1543,0.43,0.79,5758.71277,0.425719877,11836.9325,0.790499032,-0.364779155
7800,-4935,5767,11861,13535,14964,861,0.43,0.79,5758.72341,0.425469037,11824.6175,0.790204324,-0.364735287
7800,-4934,5768,11864,13532,14965,179,0.43,0.79,5759.71942,0.425636966,11827.649,0.790354093,-0.364717127
7800,-4937,5761,11876,13530,14976,-502,0.43,0.79,5752.71676,0.425182318,11839.9955,0.79059799,-0.365415672
7800,-4938,5763,11856,13529,14956,-910,0.43,0.79,5754.71543,0.425361478,11819.3655,0.790275842,-0.364914365
7800,-4936,5775,11838,13549,14933,-910,0.43,0.79,5766.74203,0.425621229,11800.641,0.790239135,-0.364617906
7800,-4936,5771,11864,13543,14967,-910,0.43,0.79,5762.73405,0.425513848,11827.712,0.790252689,-0.364738841
7800,-4938,5769,11857,13531,14958,-910,0.43,0.79,5760.71809,0.425742228,11820.4285,0.790241242,-0.364499014
7800,-4938,5761,11865,13524,14967,-910,0.43,0.79,5752.70878,0.425370362,11828.712,0.790319503,-0.364949141
7800,-4936,5771,11862,13543,14960,-910,0.43,0.79,5762.73405,0.425513848,11825.4915,0.790474031,-0.364960182
7800,-4934,5770,11867,13532,14971,-865,0.43,0.79,5761.71942,0.425784764,11830.838,0.790250351,-0.364465587
7800,-4937,5768,11864,13530,14961,-738,0.43,0.79,5759.71676,0.425699687,11827.523,0.790556981,-0.364857295
7800,-4933,5763,11866,13520,14970,-610,0.43,0.79,5754.70346,0.425643747,11829.8065,0.790234235,-0.364590488
7800,-4936,5773,11860,13535,14962,-483,0.43,0.79,5764.72341,0.425912332,11823.5545,0.790238905,-0.364326573
7800,-4937,5770,11864,13534,14963,-400,0.43,0.79,5761.72208,0.425722039,11827.586,0.790455524,-0.364733484
7800,-4937,5761,11860,13509,14960,-400,0.43,0.79,5752.68883,0.425841204,11823.4915,0.790340341,-0.364499137
7800,-4935,5765,11859,13528,14958,-400,0.43,0.79,5756.7141,0.425540664,11822.4285,0.79037495,-0.364834286
7800,-4936,5770,11864,13525,14965,-400,0.43,0.79,5761.71011,0.426004444,11827.649,0.790354093,-0.364349649
7800,-4936,5765,11865,13533,14968,-400,0.43,0.79,5756.72075,0.425383932,11828.7435,0.790268807,-0.364884875
7800,-4935,5768,11853,13534,14957,-400,0.43,0.79,5759.72208,0.425574263,11816.397,0.790024537,-0.364450274
7800,-4934,5764,11858,13526,14959,-448,0.43,0.79,5755.71144,0.425529457,11821.46,0.79025737,-0.364727913
7800,-4937,5765,11867,13531,14970,-575,0.43,0.79,5756.71809,0.425446611,11830.8065,0.790301035,-0.364854425
7800,-4937,5765,11868,13525,14970,-703,0.43,0.79,5756.71011,0.425634759,11831.8065,0.790367836,-0.364733077
7800,-4936,5763,11856,13530,14955,-830,0.43,0.79,5754.71676,0.425330137,11819.334,0.79032658,-0.364996442
7800,-4937,5764,11866,13525,14969,-910,0.43,0.79,5755.71011,0.425560821,11829.775,0.790284922,-0.364724101
7800,-4938,5767,11869,13529,14967,-910,0.43,0.79,5758.71543,0.425657139,11832.712,0.790586758,-0.364929619
7800,-4938,5766,11865,13529,14964,-910,0.43,0.79,5757.71543,0.425583223,11828.6175,0.790471632,-0.364888408
7800,-4940,5762,11854,13523,14961,-910,0.43,0.79,5753.70745,0.425475667,11817.523,0.789888577,-0.36441291
7800,-4937,5765,11866,13532,14969,-910,0.43,0.79,5756.71942,0.425415269,11829.775,0.790284922,-0.364869653
7800,-4937,5763,11859,13528,14963,-909,0.43,0.79,5754.7141,0.425392822,11822.586,0.790121366,-0.364728544
7800,-4932,5767,11864,13526,14967,-1020,0.43,0.79,5758.71144,0.425751252,11827.712,0.790252689,-0.364501437
7800,-4938,5762,11868,13524,14969,-1293,0.43,0.79,5753.70878,0.425444305,11831.775,0.790418532,-0.364974227
7800,-4934,5767,11859,13532,14960,-1566,0.43,0.79,5758.71942,0.425563067,11822.4915,0.790273496,-0.364710429
7800,-4939,5764,11863,13528,14964,-1839,0.43,0.79,5755.7141,0.425466743,11826.6175,0.790337978,-0.364871235
7800,-4937,5770,11866,13526,14966,-2001,0.43,0.79,5761.71144,0.425973047,11829.6805,0.790437024,-0.364463976
7800,-4936,5764,11866,13534,14964,-2001,0.43,0.79,5755.72208,0.425278711,11829.6175,0.790538459,-0.365259748
7800,-4936,5764,11856,13534,14958,-2001,0.43,0.79,5755.72208,0.425278711,11819.4285,0.790174388,-0.364895677
7800,-4936,5762,11865,13528,14965,-2001,0.43,0.79,5753.7141,0.425318902,11828.649,0.790420915,-0.365102014
7800,-4932,5767,11874,13527,14969,-2001,0.43,0.79,5758.71277,0.425719877,11837.775,0.79081936,-0.365099483
7800,-4936,5769,11864,13536,14966,-2001,0.43,0.79,5760.72474,0.425585457,11827.6805,0.790303388,-0.364717931
7800,-4934,5762,11860,13526,14959,-1842,0.43,0.79,5753.71144,0.425381594,11823.46,0.790391069,-0.365009475
7800,-4934,5768,11861,13530,14958,-1450,0.43,0.79,5759.71676,0.425699687,11824.4285,0.790508658,-0.364808971
7800,-4939,5766,11852,13526,14950,-1059,0.43,0.79,5757.71144,0.425677321,11815.1765,0.790312809,-0.364635489
7800,-4936,5767,11859,13530,14955,-667,0.43,0.79,5758.71676,0.425625777,11822.334,0.790527182,-0.364901405
7800,-4935,5766,11862,13526,14961,-435,0.43,0.79,5757.71144,0.425677321,11825.523,0.790423301,-0.36474598
7800,-4937,5762,11859,13525,14960,-435,0.43,0.79,5753.71011,0.425412947,11822.4915,0.790273496,-0.364860549
7800,-4934,5767,11868,13525,14968,-435,0.43,0.79,5758.71011,0.425782633,11831.7435,0.790469234,-0.364686601
7800,-4937,5761,11863,13526,14965,-435,0.43,0.79,5752.71144,0.425307662,11826.649,0.79028727,-0.364979608
7800,-4935,5765,11860,13521,14957,-435,0.43,0.79,5756.70479,0.425760283,11823.397,0.790492545,-0.364732262
7800,-4937,5757,11866,13515,14966,-435,0.43,0.79,5748.69681,0.425356775,11829.6805,0.790437024,-0.365080249
7800,-4938,5763,11859,13529,14953,-387,0.43,0.79,5754.71543,0.425361478,11822.271,0.790628703,-0.365267226
7801,-4938,5765,11860,13534,14967,-147,0.43,0.79,5756.72208,0.425352599,11823.712,0.789985435,-0.364632835
7801,-4937,5760,11864,13517,14967,93,0.43,0.79,5751.69947,0.425515978,11827.712,0.790252689,-0.364736712
7801,-4936,5771,11870,13537,14972,333,0.43,0.79,5762.72607,0.425701859,11833.8695,0.790400047,-0.364698187
7800,-4936,5769,11864,13527,14966,525,0.43,0.79,5760.71277,0.425867729,11827.6805,0.790303388,-0.364435659
7800,-4935,5767,11859,13531,14964,525,0.43,0.79,5758.71809,0.425594419,11822.6175,0.79007067,-0.36447625
7800,-4937,5760,11868,13529,14962,525,0.43,0.79,5751.71543,0.425139732,11831.5545,0.790773593,-0.365633861
7800,-4932,5762,11866,13521,14974,525,0.43,0.79,5753.70479,0.425538406,11829.9325,0.790031555,-0.364493149
7800,-4931,5764,11855,13533,14962,525,0.43,0.79,5755.72075,0.425310038,11818.5545,0.789904725,-0.364594687
7800,-4934,5767,11862,13532,14960,525,0.43,0.79,5758.71942,0.425563067,11825.4915,0.790474031,-0.364910964
7800,-4929,5766,11861,13533,14966,477,0.43,0.79,5757.72075,0.425457825,11824.6805,0.790102933,-0.364645108
7800,-4937,5769,11861,13536,14964,237,0.43,0.79,5760.72474,0.425585457,11824.6175,0.790204324,-0.364618867
7800,-4935,5769,11858,13536,14960,-3,0.43,0.79,5760.72474,0.425585457,11821.4915,0.790206651,-0.364621195
7800,-4937,5765,11860,13532,14966,-243,0.43,0.79,5756.71942,0.425415269,11823.6805,0.790036115,-0.364620846
7800,-4936,5769,11861,13526,14962,-435,0.43,0.79,5760.71144,0.425899116,11824.5545,0.790305741,-0.364406625
7800,-4935,5769,11862,13530,14966,-435,0.43,0.79,5760.71676,0.425773596,11825.6805,0.790169751,-0.364396155
7800,-4936,5770,11858,13533,14956,-435,0.43,0.79,5761.72075,0.425753399,11821.3655,0.790409568,-0.364656169
7800,-4936,5763,11862,13529,14968,-435,0.43,0.79,5754.71543,0.425361478,11825.7435,0.790068379,-0.364706902
7800,-4935,5764,11867,13527,14965,-435,0.43,0.79,5755.71277,0.425498098,11830.649,0.790554561,-0.365056463
7800,-4939,5761,11865,13530,14963,-435,0.43,0.79,5752.71676,0.425182318,11828.586,0.790522355,-0.365340037
7800,-4936,5769,11862,13532,14964,-390,0.43,0.79,5760.71942,0.425710865,11825.6175,0.790271151,-0.364560286
7800,-4936,5767,11872,13534,14972,-162,0.43,0.79,5758.72208,0.425500375,11835.8695,0.790533629,-0.365033254
7800,-4935,5765,11858,13528,14966,65,0.43,0.79,5756.7141,0.425540664,11821.6805,0.789902479,-0.364361815
7800,-4936,5764,11864,13529,14968,293,0.43,0.79,5755.71543,0.425435393,11827.7435,0.790201998,-0.364766605
7800,-4941,5763,11863,13527,14958,475,0.43,0.79,5754.71277,0.425424172,11826.4285,0.790642365,-0.365218194
7800,-4939,5765,11866,13530,14968,475,0.43,0.79,5756.71676,0.425477957,11829.7435,0.790335616,-0.364857659
7800,-4932,5769,11859,13534,14958,475,0.43,0.79,5760.72208,0.425648151,11822.4285,0.79037495,-0.364726799
7800,-4940,5764,11862,13534,14965,475,0.43,0.79,5755.72208,0.425278711,11825.649,0.790220448,-0.364941736
7800,-4936,5763,11863,13523,14968,475,0.43,0.79,5754.70745,0.425549615,11826.7435,0.790135188,-0.364585573
7800,-4932,5768,11855,13534,14963,475,0.43,0.79,5759.72208,0.425574263,11818.586,0.78985404,-0.364279777
7800,-4934,5764,11868,13522,14970,395,0.43,0.79,5755.70612,0.425654942,11831.8065,0.790367836,-0.364712894
7800,-4943,5761,11861,13530,14957,0,0.43,0.79,5752.71676,0.425182318,11824.397,0.790559404,-0.365377086
7800,-4936,5768,11864,13529,14967,-397,0.43,0.79,5759.71543,0.425731054,11827.712,0.790252689,-0.364521635
7800,-4937,5765,11862,13532,14960,-794,0.43,0.79,5756.71942,0.425415269,11825.4915,0.790474031,-0.365058762
7800,-4939,5770,11858,13537,14960,-1112,0.43,0.79,5761.72607,0.425627988,11821.4915,0.790206651,-0.364578663
7800,-4932,5768,11862,13528,14965,-1112,0.43,0.79,5759.7141,0.425762426,11825.649,0.790220448,-0.364458022
7800,-4937,5763,11856,13528,14959,-1112,0.43,0.79,5754.7141,0.425392822,11819.46,0.790123671,-0.364730849
7800,-4938,5766,11865,13533,14960,-1112,0.43,0.79,5757.72075,0.425457825,11828.4915,0.790674566,-0.36521674
7800,-4931,5767,11857,13526,14962,-1112,0.43,0.79,5758.71144,0.425751252,11820.5545,0.790038397,-0.364287145
7800,-4937,5762,11861,13521,14958,-1112,0.43,0.79,5753.70479,0.425538406,11824.4285,0.790508658,-0.364970251
7800,-4937,5763,11863,13526,14961,-1080,0.43,0.79,5754.71144,0.425455526,11826.523,0.790490141,-0.365034615
7801,-4938,5764,11860,13522,14959,-921,0.43,0.79,5755.70612,0.425654942,11823.46,0.790391069,-0.364736127
7801,-4941,5767,11858,13525,14962,-762,0.43,0.79,5758.71011,0.425782633,11821.5545,0.790105233,-0.3643226
7800,-4939,5759,11857,13533,14958,-604,0.43,0.79,5750.72075,0.424940571,11820.4285,0.790241242,-0.365300671
7800,-4935,5763,11862,13535,14965,-477,0.43,0.79,5754.72341,0.425173506,11825.649,0.790220448,-0.365046941
7800,-4936,5759,11860,13523,14962,-477,0.43,0.79,5750.70745,0.425253823,11823.5545,0.790238905,-0.364985082
7800,-4938,5765,11866,13520,14964,-477,0.43,0.79,5756.70346,0.425791676,11829.6175,0.790538459,-0.364746783
7800,-4934,5768,11868,13530,14965,-477,0.43,0.79,5759.71676,0.425699687,11831.649,0.790621383,-0.364921697
7800,-4940,5766,11856,13532,14951,-477,0.43,0.79,5757.71942,0.425489168,11819.208,0.790529597,-0.365040429
7800,-4938,5765,11864,13531,14965,-477,0.43,0.79,5756.71809,0.425446611,11827.649,0.790354093,-0.364907482
7800,-4934,5762,11857,13524,14959,-479,0.43,0.79,5753.70878,0.425444305,11820.46,0.790190521,-0.364746216
7800,-4937,5766,11867,13525,14969,-492,0.43,0.79,5757.71011,0.425708696,11830.775,0.790351727,-0.364643031
7800,-4935,5763,11863,13528,14963,-504,0.43,0.79,5754.7141,0.425392822,11826.586,0.790388692,-0.36499587
7800,-4938,5762,11869,13522,14964,-517,0.43,0.79,5753.70612,0.425507034,11832.6175,0.79073894,-0.365231906
7800,-4936,5767,11864,13533,14963,-527,0.43,0.79,5758.72075,0.425531719,11827.586,0.790455524,-0.364923805
7800,-4935,5768,11863,13536,14963,-527,0.43,0.79,5759.72474,0.425511579,11826.586,0.790388692,-0.364877113
7800,-4940,5761,11859,13524,14963,-527,0.43,0.79,5752.70878,0.425370362,11822.586,0.790121366,-0.364751004
7800,-4937,5768,11868,13530,14967,-527,0.43,0.79,5759.71676,0.425699687,11831.712,0.790519944,-0.364820257
7800,-4934,5765,11861,13528,14967,-527,0.43,0.79,5756.7141,0.425540664,11824.712,0.790052248,-0.364511584
7800,-4937,5762,11868,13522,14963,-527,0.43,0.79,5753.70612,0.425507034,11831.586,0.79072285,-0.365215815
7800,-4938,5759,11860,13515,14963,-546,0.43,0.79,5750.69681,0.425504758,11823.586,0.790188198,-0.364683439
7800,-4936,5762,11860,13526,14959,-642,0.43,0.79,5753.71144,0.425381594,11823.46,0.790391069,-0.365009475
7800,-4943,5760,11866,13527,14957,-737,0.43,0.79,5751.71277,0.425202393,11829.397,0.790893695,-0.365691302
7801,-4941,5766,11862,13529,14961,-833,0.43,0.79,5757.71543,0.425583223,11825.523,0.790423301,-0.364840077
7800,-4934,5765,11857,13518,14959,-910,0.43,0.79,5756.7008,0.425854476,11820.46,0.790190521,-0.364336045
7800,-4935,5763,11857,13523,14959,-910,0.43,0.79,5754.70745,0.425549615,11820.46,0.790190521,-0.364640905
7800,-4942,5764,11865,13526,14962,-910,0.43,0.79,5755.71144,0.425529457,11828.5545,0.790573085,-0.365043628
7800,-4933,5768,11858,13530,14957,-910,0.43,0.79,5759.71676,0.425699687,11821.397,0.790358829,-0.364659142
7800,-4938,5764,11858,13532,14958,-910,0.43,0.79,5755.71942,0.42534137,11821.4285,0.790308096,-0.364966726
7800,-4938,5764,11867,13521,14967,-910,0.43,0.79,5755.70479,0.425686324,11830.712,0.79045313,-0.364766806
7800,-4932,5765,11856,13518,14959,-819,0.43,0.79,5756.7008,0.425854476,11819.46,0.790123671,-0.364269196
7800,-4936,5771,11869,13540,14968,-364,0.43,0.79,5762.73006,0.425607833,11832.7435,0.790536044,-0.36492821
7800,-4938,5763,11862,13519,14957,89,0.43,0.79,5754.70213,0.425675134,11825.397,0.790626262,-0.364951128
7801,-4938,5765,11860,13533,14961,544,0.43,0.79,5756.72075,0.425383932,11823.523,0.79028962,-0.364905688
7800,-4938,5765,11865,13533,14962,908,0.43,0.79,5756.72075,0.425383932,11828.5545,0.790573085,-0.365189153
7800,-4935,5764,11863,13525,14961,908,0.43,0.79,5755.71011,0.425560821,11826.523,0.790490141,-0.36492932
7800,-4936,5768,11858,13524,14967,908,0.43,0.79,5759.70878,0.425887961,11821.712,0.789851807,-0.363963847
7800,-4939,5769,11853,13533,14956,908,0.43,0.79,5760.72075,0.425679506,11816.3655,0.790075254,-0.364395748
7800,-4939,5763,11868,13526,14968,908,0.43,0.79,5754.71144,0.425455526,11831.7435,0.790469234,-0.365013709
7800,-4937,5770,11859,13533,14960,908,0.43,0.79,5761.72075,0.425753399,11822.4915,0.790273496,-0.364520097
7801,-4935,5760,11852,13522,14957,908,0.43,0.79,5751.70612,0.425359127,11815.397,0.789957679,-0.364598551
7801,-4936,5766,11866,13529,14964,635,0.43,0.79,5757.71543,0.425583223,11829.6175,0.790538459,-0.364955236
7801,-4938,5767,11861,13528,14959,180,0.43,0.79,5758.7141,0.425688505,11824.46,0.790457918,-0.364769413
7800,-4937,5771,11856,13531,14956,-273,0.43,0.79,5762.71809,0.425890037,11819.3655,0.790275842,-0.364385806
7800,-4934,5765,11853,13529,14952,-728,0.43,0.79,5756.71543,0.425509308,11816.2395,0.79027819,-0.364768882
7800,-4933,5764,11860,13523,14967,-910,0.43,0.79,5755.70745,0.425623564,11823.712,0.789985435,-0.364361871
7800,-4935,5782,11862,13561,14958,-909,0.43,0.79,5773.75799,0.425761964,11825.4285,0.790575511,-0.364813548
7800,-4931,5764,11860,13521,14955,-909,0.43,0.79,5755.70479,0.425686324,11823.334,0.790594049,-0.364907725
7800,-4934,5764,11866,13527,14971,-909,0.43,0.79,5755.71277,0.425498098,11829.838,0.790183555,-0.364685457
7800,-4941,5760,11867,13525,14965,-909,0.43,0.79,5751.71011,0.425265073,11830.649,0.790554561,-0.365289488
7800,-4931,5762,11860,13524,14963,-914,0.43,0.79,5753.70878,0.425444305,11823.586,0.790188198,-0.364743893
7800,-4934,5768,11862,13527,14963,-937,0.43,0.79,5759.71277,0.425793803,11825.586,0.790321861,-0.364528058
7800,-4938,5759,11865,13529,14967,-960,0.43,0.79,5750.71543,0.425065816,11828.712,0.790319503,-0.365253687
7800,-4936,5770,11874,13534,14974,-982,0.43,0.79,5761.72208,0.425722039,11837.9325,0.790565814,-0.364843775
7800,-4939,5762,11856,13524,14953,-1000,0.43,0.79,5753.70878,0.425444305,11819.271,0.790428075,-0.36498377
7800,-4940,5763,11861,13526,14960,-1000,0.43,0.79,5754.71144,0.425455526,11824.4915,0.790407186,-0.36495166
7800,-4939,5765,11872,13525,14973,-1000,0.43,0.79,5756.71011,0.425634759,11835.901,0.790482936,-0.364848177
7800,-4935,5765,11866,13525,14967,-1000,0.43,0.79,5756.71011,0.425634759,11829.712,0.790386317,-0.364751558
7800,-4938,5761,11869,13525,14964,-1000,0.43,0.79,5752.71011,0.42533901,11832.6175,0.79073894,-0.36539993
7801,-4937,5765,11865,13530,14963,-1000,0.43,0.79,5756.71676,0.425477957,11828.586,0.790522355,-0.365044398
7801,-4938,5765,11865,13527,14962,-1000,0.43,0.79,5756.71277,0.425572024,11828.5545,0.790573085,-0.365001061
7801,-4938,5763,11864,13525,14961,-1000,0.43,0.79,5754.71011,0.425486884,11827.523,0.790556981,-0.365070097
7800,-4937,5765,11860,13529,14962,-1000,0.43,0.79,5756.71543,0.425509308,11823.5545,0.790238905,-0.364729597
7800,-4934,5765,11868,13528,14973,-1000,0.43,0.79,5756.7141,0.425540664,11831.901,0.790215788,-0.364675125
7800,-4935,5762,11862,13521,14960,-1000,0.43,0.79,5753.70479,0.425538406,11825.4915,0.790474031,-0.364935625
7800,-4938,5767,11865,13538,14965,-1001,0.43,0.79,5758.7274,0.425375048,11828.649,0.790420915,-0.365045867
7800,-4936,5765,11861,13524,14966,-1000,0.43,0.79,5756.70878,0.425666133,11824.6805,0.790102933,-0.364436801
7800,-4937,5762,11862,13526,14963,-1001,0.43,0.79,5753.71144,0.425381594,11825.586,0.790321861,-0.364940267
7800,-4932,5760,11861,13519,14962,-1000,0.43,0.79,5751.70213,0.425453224,11824.5545,0.790305741,-0.364852518
7800,-4933,5764,11858,13525,14967,-1000,0.43,0.79,5755.71011,0.425560821,11821.712,0.789851807,-0.364290986
7800,-4934,5761,11862,13520,14959,-972,0.43,0.79,5752.70346,0.425495818,11825.46,0.790524768,-0.36502895
7800,-4939,5763,11865,13526,14966,-831,0.43,0.79,5754.71144,0.425455526,11828.6805,0.790370206,-0.36491468
7801,-4939,5762,11863,13525,14958,-690,0.43,0.79,5753.71011,0.425412947,11826.4285,0.790642365,-0.365229418
7801,-4938,5763,11864,13522,14959,-548,0.43,0.79,5754.70612,0.425580988,11827.46,0.790658466,-0.365077478
7801,-4940,5768,11868,13530,14966,-435,0.43,0.79,5759.71676,0.425699687,11831.6805,0.79057066,-0.364870974
7801,-4936,5771,11866,13536,14961,-435,0.43,0.79,5762.72474,0.425733211,11829.523,0.790690662,-0.364957452
7801,-4936,5764,11864,13529,14969,-435,0.43,0.79,5755.71543,0.425435393,11827.775,0.790151313,-0.36471592
7800,-4940,5763,11864,13529,14964,-435,0.43,0.79,5754.71543,0.425361478,11827.6175,0.790404805,-0.365043327
7800,-4933,5771,11857,13537,14967,-435,0.43,0.79,5762.72607,0.425701859,11820.712,0.789784994,-0.364083134
7800,-4938,5766,11868,13532,14968,-435,0.43,0.79,5757.71942,0.425489168,11831.7435,0.790469234,-0.364980066
7800,-4938,5768,11862,13527,14970,-485,0.43,0.79,5759.71277,0.425793803,11825.8065,0.789967034,-0.364173231
7800,-4939,5765,11860,13529,14961,-733,0.43,0.79,5756.71543,0.425509308,11823.523,0.79028962,-0.364780312
7800,-4934,5770,11859,13530,14958,-982,0.43,0.79,5761.71676,0.425847506,11822.4285,0.79037495,-0.364527444
7800,-4935,5766,11857,13530,14959,-1231,0.43,0.79,5757.71676,0.425551867,11820.46,0.790190521,-0.364638654
7800,-4939,5765,11857,13524,14959,-1429,0.43,0.79,5756.70878,0.425666133,11820.46,0.790190521,-0.364524388
7800,-4938,5765,11860,13533,14962,-1429,0.43,0.79,5756.72075,0.425383932,11823.5545,0.790238905,-0.364854973
7800,-4939,5763,11856,13533,14961,-1429,0.43,0.79,5754.72075,0.425236145,11819.523,0.790022258,-0.364786113
7800,-4936,5766,11859,13526,14963,-1429,0.43,0.79,5757.71144,0.425677321,11822.586,0.790121366,-0.364444045
7800,-4933,5764,11861,13530,14960,-1429,0.43,0.79,5755.71676,0.425404047,11824.4915,0.790407186,-0.365003139
7800,-4941,5762,11858,13520,14962,-1430,0.43,0.79,5753.70346,0.425569783,11821.5545,0.790105233,-0.364535451
7800,-4937,5763,11864,13534,14966,-1421,0.43,0.79,5754.72208,0.425204823,11827.6805,0.790303388,-0.365098564
7800,-4935,5769,11867,13534,14968,-1376,0.43,0.79,5760.72208,0.425648151,11830.7435,0.790402425,-0.364754274
7800,-4938,5764,11866,13533,14971,-1331,0.43,0.79,5755.72075,0.425310038,11829.838,0.790183555,-0.364873516
7800,-4938,5767,11865,13533,14965,-1287,0.43,0.79,5758.72075,0.425531719,11828.649,0.790420915,-0.364889197
7800,-4938,5765,11863,13528,14966,-1251,0.43,0.79,5756.7141,0.425540664,11826.6805,0.79023657,-0.364695906
7801,-4934,5759,11872,13520,14972,-1251,0.43,0.79,5750.70346,0.425347889,11835.8695,0.790533629,-0.36518574
7801,-4934,5765,11866,13532,14968,-1251,0.43,0.79,5756.71942,0.425415269,11829.7435,0.790335616,-0.364920347
7800,-4934,5769,11862,13540,14965,-1251,0.43,0.79,5760.73006,0.425460123,11825.649,0.790220448,-0.364760325
7800,-4938,5767,11860,13523,14957,-1251,0.43,0.79,5758.70745,0.425845408,11823.397,0.790492545,-0.364647137
7800,-4937,5767,11862,13531,14965,-1251,0.43,0.79,5758.71809,0.425594419,11825.649,0.790220448,-0.364626028
7800,-4934,5764,11859,13530,14959,-1215,0.43,0.79,5755.71676,0.425404047,11822.46,0.79032422,-0.364920172
7800,-4939,5763,11852,13535,14954,-1034,0.43,0.79,5754.72341,0.425173506,11815.3025,0.790109837,-0.36493633
7800,-4942,5764,11866,13525,14965,-853,0.43,0.79,5755.71011,0.425560821,11829.649,0.790487738,-0.364926917
7800,-4941,5758,11860,13520,14964,-672,0.43,0.79,5749.70346,0.425273925,11823.6175,0.790137497,-0.364863572
7800,-4942,5769,11864,13534,14967,-527,0.43,0.79,5760.72208,0.425648151,11827.712,0.790252689,-0.364604538
7800,-4938,5768,11861,13530,14965,-527,0.43,0.79,5759.71676,0.425699687,11824.649,0.790153625,-0.364453939
7801,-4942,5759,11863,13525,14963,-527,0.43,0.79,5750.71011,0.425191136,11826.586,0.790388692,-0.365197556
7801,-4936,5767,11861,13535,14960,-527,0.43,0.79,5758.72341,0.425469037,11824.4915,0.790407186,-0.364938149
7801,-4934,5767,11861,13526,14958,-527,0.43,0.79,5758.71144,0.425751252,11824.4285,0.790508658,-0.364757405
7801,-4940,5766,11860,13533,14967,-527,0.43,0.79,5757.72075,0.425457825,11823.712,0.789985435,-0.364527609
7800,-4933,5764,11864,13528,14964,-479,0.43,0.79,5755.7141,0.425466743,11827.6175,0.790404805,-0.364938062
7800,-4936,5769,11855,13531,14959,-238,0.43,0.79,5760.71809,0.425742228,11818.46,0.790056822,-0.364314594
7800,-4938,5764,11865,13535,14966,1,0.43,0.79,5755.72341,0.425247389,11828.6805,0.790370206,-0.365122817
7800,-4938,5762,11870,13530,14976,241,0.43,0.79,5753.71676,0.425256228,11833.9955,0.790197349,-0.364941121
7800,-4936,5762,11862,13523,14966,433,0.43,0.79,5753.70745,0.425475667,11825.6805,0.790169751,-0.364694084
7800,-4936,5761,11860,13529,14961,433,0.43,0.79,5752.71543,0.425213647,11823.523,0.79028962,-0.365075973
7800,-4934,5768,11864,13533,14968,433,0.43,0.79,5759.72075,0.425605612,11827.7435,0.790201998,-0.364596385
7800,-4939,5766,11862,13526,14963,433,0.43,0.79,5757.71144,0.425677321,11825.586,0.790321861,-0.36464454
7800,-4935,5766,11867,13533,14965,433,0.43,0.79,5757.72075,0.425457825,11830.649,0.790554561,-0.365096735
7800,-4939,5760,11863,13523,14962,433,0.43,0.79,5751.70745,0.425327771,11826.5545,0.790439413,-0.365111642
7800,-4937,5762,11861,13523,14967,362,0.43,0.79,5753.70745,0.425475667,11824.712,0.790052248,-0.364576581
7800,-4935,5764,11868,13521,14965,3,0.43,0.79,5755.70479,0.425686324,11831.649,0.790621383,-0.364935059
7800,-4937,5768,11865,13527,14965,-355,0.43,0.79,5759.71277,0.425793803,11828.649,0.790420915,-0.364627113
7800,-4940,5757,11866,13514,14959,-714,0.43,0.79,5748.69548,0.425388152,11829.46,0.790792165,-0.365404014
7800,-4940,5762,11864,13528,14966,-1000,0.43,0.79,5753.7141,0.425318902,11827.6805,0.790303388,-0.364984486
7800,-4939,5764,11853,13524,14959,-1000,0.43,0.79,5755.70878,0.42559219,11816.46,0.789923123,-0.364330933
7800,-4936,5764,11865,13520,14964,-1000,0.43,0.79,5755.70346,0.425717712,11828.6175,0.790471632,-0.36475392
7801,-4940,5762,11859,13521,14957,-1000,0.43,0.79,5753.70479,0.425538406,11822.397,0.790425687,-0.364887281
7800,-4936,5763,11864,13524,14961,-1000,0.43,0.79,5754.70878,0.425518248,11827.523,0.790556981,-0.365038734
7800,-4937,5761,11859,13523,14965,-1000,0.43,0.79,5752.70745,0.425401719,11822.649,0.79001998,-0.364618261
7800,-4935,5765,11853,13532,14956,-971,0.43,0.79,5756.71942,0.425415269,11816.3655,0.790075254,-0.364659985
7800,-4936,5772,11863,13532,14960,-820,0.43,0.79,5763.71942,0.425932561,11826.4915,0.790540876,-0.364608314
7800,-4936,5764,11861,13526,14960,-670,0.43,0.79,5755.71144,0.425529457,11824.4915,0.790407186,-0.364877728
7800,-4934,5770,11863,13536,14961,-520,0.43,0.79,5761.72474,0.425659334,11826.523,0.790490141,-0.364830807
7800,-4938,5768,11867,13536,14960,-400,0.43,0.79,5759.72474,0.425511579,11830.4915,0.790808255,-0.365296676
7800,-4935,5763,11858,13528,14959,-400,0.43,0.79,5754.7141,0.425392822,11821.46,0.79025737,-0.364864548
7800,-4939,5764,11857,13521,14952,-400,0.43,0.79,5755.70479,0.425686324,11820.2395,0.790545713,-0.364859389
7801,-4939,5761,11861,13526,14958,-400,0.43,0.79,5752.71144,0.425307662,11824.4285,0.790508658,-0.365200995
7801,-4939,5763,11858,13531,14956,-400,0.43,0.79,5754.71809,0.425298802,11821.3655,0.790409568,-0.365110766
7801,-4938,5763,11867,13531,14968,-400,0.43,0.79,5754.71809,0.425298802,11830.7435,0.790402425,-0.365103623
7801,-4934,5770,11862,13529,14956,-426,0.43,0.79,5761.71543,0.425878885,11825.3655,0.790677019,-0.364798135
7800,-4935,5768,11863,13539,14966,-553,0.43,0.79,5759.72873,0.425417588,11826.6805,0.79023657,-0.364818981
7800,-4935,5764,11852,13521,14953,-680,0.43,0.79,5755.70479,0.425686324,11815.271,0.79016057,-0.364474246
7800,-4937,5765,11860,13532,14967,-808,0.43,0.79,5756.71942,0.425415269,11823.712,0.789985435,-0.364570166
7800,-4935,5762,11859,13526,14956,-910,0.43,0.79,5753.71144,0.425381594,11822.3655,0.790476431,-0.365094837
7800,-4938,5767,11862,13532,14966,-910,0.43,0.79,5758.71942,0.425563067,11825.6805,0.790169751,-0.364606685
7800,-4930,5767,11863,13529,14961,-910,0.43,0.79,5758.71543,0.425657139,11826.523,0.790490141,-0.364833002
7800,-4938,5765,11856,13531,14958,-910,0.43,0.79,5756.71809,0.425446611,11819.4285,0.790174388,-0.364727778
7800,-4934,5764,11861,13531,14958,-910,0.43,0.79,5755.71809,0.425372706,11824.4285,0.790508658,-0.365135951
7800,-4935,5764,11861,13530,14963,-910,0.43,0.79,5755.71676,0.425404047,11824.586,0.790255029,-0.364850982
7800,-4936,5766,11860,13527,14960,-945,0.43,0.79,5757.71277,0.42564595,11823.4915,0.790340341,-0.364694391
7800,-4939,5762,11865,13536,14965,-1112,0.43,0.79,5753.72474,0.425068317,11828.649,0.790420915,-0.365352598
7800,-4934,5770,11864,13541,14965,-1280,0.43,0.79,5761.73139,0.42550265,11827.649,0.790354093,-0.364851442
7800,-4936,5767,11857,13532,14962,-1447,0.43,0.79,5758.71942,0.425563067,11820.5545,0.790038397,-0.36447533
7800,-4935,5769,11859,13536,14962,-1580,0.43,0.79,5760.72474,0.425585457,11822.5545,0.790172069,-0.364586613
7800,-4932,5770,11863,13541,14965,-1580,0.43,0.79,5761.73139,0.42550265,11826.649,0.79028727,-0.36478462
7800,-4931,5762,11862,13527,14964,-1580,0.43,0.79,5753.71277,0.425350245,11825.6175,0.790271151,-0.364920905
7800,-4934,5772,11856,13540,14960,-1580,0.43,0.79,5763.73006,0.425681688,11819.4915,0.790072961,-0.364391273
7800,-4935,5768,11862,13528,14966,-1580,0.43,0.79,5759.7141,0.425762426,11825.6805,0.790169751,-0.364407325
7800,-4936,5766,11864,13536,14961,-1580,0.43,0.79,5757.72474,0.425363825,11827.523,0.790556981,-0.365193156
7800,-4928,5770,11860,13533,14969,-1579,0.43,0.79,5761.72075,0.425753399,11823.775,0.789884094,-0.364130695
7800,-4936,5768,11860,13529,14960,-1303,0.43,0.79,5759.71543,0.425731054,11823.4915,0.790340341,-0.364609287
7800,-4937,5765,11869,13528,14967,-1027,0.43,0.79,5756.7141,0.425540664,11832.712,0.790586758,-0.365046094
7800,-4937,5764,11870,13532,14969,-752,0.43,0.79,5755.71942,0.42534137,11833.775,0.790552141,-0.365210771
7800,-4934,5765,11866,13530,14965,-477,0.43,0.79,5756.71676,0.425477957,11829.649,0.790487738,-0.365009781
7800,-4938,5770,11860,13538,14964,-477,0.43,0.79,5761.7274,0.425596646,11823.6175,0.790137497,-0.36454085
7800,-4932,5771,11867,13534,14970,-477,0.43,0.79,5762.72208,0.425795927,11830.8065,0.790301035,-0.364505108
7800,-4933,5765,11858,13534,14962,-477,0.43,0.79,5756.72208,0.425352599,11821.5545,0.790105233,-0.364752634
7800,-4937,5766,11858,13533,14962,-477,0.43,0.79,5757.72075,0.425457825,11821.5545,0.790105233,-0.364647408
7800,-4936,5767,11871,13529,14977,-477,0.43,0.79,5758.71543,0.425657139,11835.027,0.790213461,-0.364556322
7800,-4930,5768,11859,13533,14961,-477,0.43,0.79,5759.72075,0.425605612,11822.523,0.790222779,-0.364617167
7800,-4935,5761,11864,13526,14965,-774,0.43,0.79,5752.71144,0.425307662,11827.649,0.790354093,-0.365046431
7800,-4939,5766,11868,13534,14966,-1072,0.43,0.79,5757.72208,0.425426487,11831.6805,0.79057066,-0.365144173
7800,-4934,5766,11864,13531,14965,-1370,0.43,0.79,5757.71809,0.425520515,11827.649,0.790354093,-0.364833578
7800,-4939,5762,11864,13528,14965,-1668,0.43,0.79,5753.7141,0.425318902,11827.649,0.790354093,-0.365035191
7800,-4937,5762,11861,13523,14962,-1668,0.43,0.79,5753.70745,0.425475667,11824.5545,0.790305741,-0.364830074
7800,-4936,5762,11867,13530,14965,-1668,0.43,0.79,5753.71676,0.425256228,11830.649,0.790554561,-0.365298333
7800,-4941,5763,11861,13533,14958,-1668,0.43,0.79,5754.72075,0.425236145,11824.4285,0.790508658,-0.365272513
7800,-4938,5771,11868,13534,14972,-1668,0.43,0.79,5762.72208,0.425795927,11831.8695,0.790266464,-0.364470537
7800,-4940,5757,11864,13519,14968,-1668,0.43,0.79,5748.70213,0.425231314,11827.7435,0.790201998,-0.364970684
7800,-4937,5760,11862,13523,14961,-1668,0.43,0.79,5751.70745,0.425327771,11825.523,0.790423301,-0.365095529
7800,-4941,5770,11866,13531,14964,-1119,0.43,0.79,5761.71809,0.425816133,11829.6175,0.790538459,-0.364722326
7800,-4934,5769,11857,13531,14961,-571,0.43,0.79,5760.71809,0.425742228,11820.523,0.790089098,-0.36434687
7800,-4938,5765,11858,13527,14957,-22,0.43,0.79,5756.71277,0.425572024,11821.397,0.790358829,-0.364786805
7800,-4937,5761,11859,13526,14963,525,0.43,0.79,5752.71144,0.425307662,11822.586,0.790121366,-0.364813704
7800,-4937,5765,11868,13526,14966,525,0.43,0.79,5756.71144,0.425603389,11831.6805,0.79057066,-0.364967271
7800,-4937,5764,11861,13531,14962,525,0.43,0.79,5755.71809,0.425372706,11824.5545,0.790305741,-0.364933035
7800,-4941,5763,11856,13526,14958,525,0.43,0.79,5754.71144,0.425455526,11819.4285,0.790174388,-0.364718863
7800,-4937,5767,11860,13530,14960,525,0.43,0.79,5758.71676,0.425625777,11823.4915,0.790340341,-0.364714564
7800,-4939,5765,11866,13534,14966,525,0.43,0.79,5756.72208,0.425352599,11829.6805,0.790437024,-0.365084425
7800,-4936,5763,11863,13529,14960,525,0.43,0.79,5754.71543,0.425361478,11826.4915,0.790540876,-0.365179398
7800,-4938,5767,11856,13528,14960,393,0.43,0.79,5758.7141,0.425688505,11819.4915,0.790072961,-0.364384456
7800,-4937,5766,11863,13532,14959,262,0.43,0.79,5757.71942,0.425489168,11826.46,0.790591617,-0.365102449
7800,-4939,5767,11861,13536,14955,130,0.43,0.79,5758.72474,0.425437702,11824.334,0.790660916,-0.365223214
7800,-4937,5764,11857,13528,14964,0,0.43,0.79,5755.7141,0.425466743,11820.6175,0.789937016,-0.364470272
7800,-4939,5764,11866,13526,14964,0,0.43,0.79,5755.71144,0.425529457,11829.6175,0.790538459,-0.365009002
7800,-4938,5766,11856,13530,14958,0,0.43,0.79,5757.71676,0.425551867,11819.4285,0.790174388,-0.364622521
7800,-4935,5761,11863,13528,14959,0,0.43,0.79,5752.7141,0.425244981,11826.46,0.790591617,-0.365346636
7800,-4936,5768,11864,13539,14967,0,0.43,0.79,5759.72873,0.425417588,11827.712,0.790252689,-0.364835101
7800,-4938,5763,11858,13526,14955,0,0.43,0.79,5754.71144,0.425455526,11821.334,0.790460314,-0.365004789
7800,-4935,5769,11859,13529,14955,0,0.43,0.79,5760.71543,0.425804969,11822.334,0.790527182,-0.364722212
7800,-4935,5770,11864,13525,14960,-228,0.43,0.79,5761.71011,0.426004444,11827.4915,0.790607721,-0.364603276
7800,-4941,5764,11857,13532,14956,-455,0.43,0.79,5755.71942,0.42534137,11820.3655,0.790342705,-0.365001335
7800,-4939,5764,11864,13529,14962,-682,0.43,0.79,5755.71543,0.425435393,11827.5545,0.790506249,-0.365070856
7800,-4942,5767,11857,13535,14957,-910,0.43,0.79,5758.72341,0.425469037,11820.397,0.79029197,-0.364822934
7800,-4938,5766,11864,13535,14972,-910,0.43,0.79,5757.72341,0.425395154,11827.8695,0.789999299,-0.364604145
7800,-4935,5762,11860,13527,14960,-910,0.43,0.79,5753.71277,0.425350245,11823.4915,0.790340341,-0.364990095
7800,-4937,5761,11864,13528,14964,-910,0.43,0.79,5752.7141,0.425244981,11827.6175,0.790404805,-0.365159824
7800,-4939,5760,11863,13525,14961,-910,0.43,0.79,5751.71011,0.425265073,11826.523,0.790490141,-0.365225068
7800,-4940,5769,11864,13528,14966,-910,0.43,0.79,5760.7141,0.425836347,11827.6805,0.790303388,-0.364467041
7800,-4932,5764,11867,13525,14971,-910,0.43,0.79,5755.71011,0.425560821,11830.838,0.790250351,-0.364689529
7801,-4938,5762,11859,13526,14956,-563,0.43,0.79,5753.71144,0.425381594,11822.3655,0.790476431,-0.365094837
7801,-4939,5767,11864,13534,14959,-217,0.43,0.79,5758.72208,0.425500375,11827.46,0.790658466,-0.365158091
7800,-4939,5770,11855,13530,14959,128,0.43,0.79,5761.71676,0.425847506,11818.46,0.790056822,-0.364209316
7800,-4935,5761,11860,13520,14964,475,0.43,0.79,5752.70346,0.425495818,11823.6175,0.790137497,-0.364641679
7800,-4931,5764,11869,13527,14970,475,0.43,0.79,5755.71277,0.425498098,11832.8065,0.790434636,-0.364936538
7800,-4935,5772,11861,13534,14964,475,0.43,0.79,5763.72208,0.425869815,11824.6175,0.790204324,-0.364334508
7800,-4931,5769,11860,13538,14963,475,0.43,0.79,5760.7274,0.42552278,11823.586,0.790188198,-0.364665417
7800,-4935,5763,11869,13522,14967,475,0.43,0.79,5754.70612,0.425580988,11832.712,0.790586758,-0.36500577
7800,-4933,5769,11864,13532,14970,475,0.43,0.79,5760.71942,0.425710865,11827.8065,0.790100635,-0.36438977
7800,-4935,5765,11863,13529,14965,475,0.43,0.79,5756.71543,0.425509308,11826.649,0.79028727,-0.364777962
7800,-4936,5767,11869,13534,14964,224,0.43,0.79,5758.72208,0.425500375,11832.6175,0.79073894,-0.365238565
7800,-4933,5771,11858,13534,14962,-25,0.43,0.79,5762.72208,0.425795927,11821.5545,0.790105233,-0.364309306
7800,-4932,5772,11864,13544,14973,-276,0.43,0.79,5763.73538,0.425556363,11827.901,0.789948641,-0.364392278
7799,-4932,5773,11857,13542,14965,-527,0.43,0.79,5764.73272,0.425692861,11820.649,0.789886335,-0.364193474
7799,-4933,5771,11862,13531,14961,-527,0.43,0.79,5762.71809,0.425890037,11825.523,0.790423301,-0.364533264
7799,-4935,5771,11860,13536,14963,-527,0.43,0.79,5762.72474,0.425733211,11823.586,0.790188198,-0.364454987
7799,-4936,5761,11866,13531,14974,-527,0.43,0.79,5752.71809,0.425150993,11829.9325,0.790031555,-0.364880561
7800,-4935,5766,11865,13528,14968,-527,0.43,0.79,5757.7141,0.425614585,11828.7435,0.790268807,-0.364654222
7800,-4935,5770,11869,13536,14971,-527,0.43,0.79,5761.72474,0.425659334,11832.838,0.790383942,-0.364724609
7800,-4934,5764,11869,13530,14965,-527,0.43,0.79,5755.71676,0.425404047,11832.649,0.790688206,-0.365284159
7800,-4937,5767,11864,13530,14961,-395,0.43,0.79,5758.71676,0.425625777,11827.523,0.790556981,-0.364931205
7800,-4936,5764,11872,13532,14974,-264,0.43,0.79,5755.71942,0.42534137,11835.9325,0.790432249,-0.365090879
7800,-4935,5770,11854,13540,14956,-132,0.43,0.79,5761.73006,0.425533978,11817.3655,0.790142117,-0.364608139
7800,-4937,5763,11865,13528,14969,0,0.43,0.79,5754.7141,0.425392822,11828.775,0.790218117,-0.364825295
7800,-4934,5764,11861,13528,14958,0,0.43,0.79,5755.7141,0.425466743,11824.4285,0.790508658,-0.365041915
7800,-4936,5766,11866,13535,14968,0,0.43,0.79,5757.72341,0.425395154,11829.7435,0.790335616,-0.364940462
7800,-4934,5767,11861,13536,14959,0,0.43,0.79,5758.72474,0.425437702,11824.46,0.790457918,-0.365020216
7800,-4934,5765,11863,13533,14970,-1,0.43,0.79,5756.72075,0.425383932,11826.8065,0.790033834,-0.364649902
7800,-4934,5770,11860,13535,14967,0,0.43,0.79,5761.72341,0.425690684,11823.712,0.789985435,-0.36429475
7800,-4934,5761,11858,13523,14965,0,0.43,0.79,5752.70745,0.425401719,11821.649,0.789953157,-0.364551438
7800,-4934,5769,11863,13533,14967,-109,0.43,0.79,5760.72075,0.425679506,11826.712,0.790185876,-0.36450637
7800,-4935,5765,11858,13526,14956,-218,0.43,0.79,5756.71144,0.425603389,11821.3655,0.790409568,-0.364806179
7800,-4936,5766,11858,13532,14961,-326,0.43,0.79,5757.71942,0.425489168,11821.523,0.790155939,-0.364666771
7800,-4938,5768,11859,13539,14962,-435,0.43,0.79,5759.72873,0.425417588,11822.5545,0.790172069,-0.364754481
7800,-4935,5767,11865,13536,14965,-435,0.43,0.79,5758.72474,0.425437702,11828.649,0.790420915,-0.364983213
7799,-4938,5768,11860,13537,14961,-435,0.43,0.79,5759.72607,0.425480245,11823.523,0.79028962,-0.364809375
7799,-4931,5762,11859,13522,14961,-435,0.43,0.79,5753.70612,0.425507034,11822.523,0.790222779,-0.364715745
7800,-4932,5763,11870,13515,14971,-435,0.43,0.79,5754.69681,0.425800726,11833.838,0.790450738,-0.364650012
7800,-4934,5769,11865,13531,14970,-435,0.43,0.79,5760.71809,0.425742228,11828.8065,0.790167435,-0.364425207
7800,-4933,5766,11860,13532,14963,-435,0.43,0.79,5757.71942,0.425489168,11823.586,0.790188198,-0.36469903
7800,-4936,5763,11857,13532,14955,-455,0.43,0.79,5754.71942,0.425267471,11820.334,0.790393447,-0.365125976
7800,-4933,5766,11860,13531,14963,-555,0.43,0.79,5757.71809,0.425520515,11823.586,0.790188198,-0.364667682
7800,-4934,5765,11858,13526,14959,-654,0.43,0.79,5756.71144,0.425603389,11821.46,0.79025737,-0.364653981
7800,-4933,5771,11860,13534,14964,-754,0.43,0.79,5762.72208,0.425795927,11823.6175,0.790137497,-0.364341569
7800,-4937,5765,11861,13526,14965,-834,0.43,0.79,5756.71144,0.425603389,11824.649,0.790153625,-0.364550236
7800,-4937,5762,11865,13529,14966,-834,0.43,0.79,5753.71543,0.425287562,11828.6805,0.790370206,-0.365082644
7800,-4933,5770,11863,13535,14964,-834,0.43,0.79,5761.72341,0.425690684,11826.6175,0.790337978,-0.364647294
7800,-4933,5766,11856,13530,14953,-834,0.43,0.79,5757.71676,0.425551867,11819.271,0.790428075,-0.364876208
7800,-4934,5767,11858,13532,14962,-834,0.43,0.79,5758.71942,0.425563067,11821.5545,0.790105233,-0.364542166
7799,-4936,5764,11859,13529,14957,-834,0.43,0.79,5755.71543,0.425435393,11822.397,0.790425687,-0.364990294
7799,-4933,5765,11858,13528,14965,-983,0.43,0.79,5756.7141,0.425540664,11821.649,0.789953157,-0.364412494
7800,-4935,5769,11864,13534,14963,-1132,0.43,0.79,5760.72208,0.425648151,11827.586,0.790455524,-0.364807372
7800,-4936,5767,11866,13534,14964,-1281,0.43,0.79,5758.72208,0.425500375,11829.6175,0.790538459,-0.365038084
7800,-4933,5771,11857,13533,14960,-1429,0.43,0.79,5762.72075,0.425827293,11820.4915,0.790139806,-0.364312514
7800,-4934,5766,11864,13536,14960,-1429,0.43,0.79,5757.72474,0.425363825,11827.4915,0.790607721,-0.365243895
7800,-4935,5772,11868,13536,14970,-1429,0.43,0.79,5763.72474,0.425807088,11831.8065,0.790367836,-0.364560748
7799,-4931,5768,11857,13528,14962,-1429,0.43,0.79,5759.7141,0.425762426,11820.5545,0.790038397,-0.364275971
7799,-4934,5771,11860,13536,14960,-1429,0.43,0.79,5762.72474,0.425733211,11823.4915,0.790340341,-0.36460713
7800,-4936,5769,11859,13540,14955,-1429,0.43,0.79,5760.73006,0.425460123,11822.334,0.790527182,-0.365067059
7800,-4933,5767,11865,13526,14964,-1429,0.43,0.79,5758.71144,0.425751252,11828.6175,0.790471632,-0.36472038
7800,-4941,5760,11869,13531,14965,-1280,0.43,0.79,5751.71809,0.425077089,11832.649,0.790688206,-0.365611117
7800,-4938,5771,11865,13536,14967,-1132,0.43,0.79,5762.72474,0.425733211,11828.712,0.790319503,-0.364586292
7800,-4936,5766,11873,13528,14973,-983,0.43,0.79,5757.7141,0.425614585,11836.901,0.790549723,-0.364935138
7800,-4937,5769,11860,13531,14959,-834,0.43,0.79,5760.71809,0.425742228,11823.46,0.790391069,-0.364648841
7800,-4937,5769,11858,13528,14957,-834,0.43,0.79,5760.7141,0.425836347,11821.397,0.790358829,-0.364522482
7800,-4937,5766,11861,13532,14959,-834,0.43,0.79,5757.71942,0.425489168,11824.46,0.790457918,-0.36496875
7800,-4939,5762,11859,13530,14959,-834,0.43,0.79,5753.71676,0.425256228,11822.46,0.79032422,-0.365067992
7800,-4935,5768,11873,13528,14968,-834,0.43,0.79,5759.7141,0.425762426,11836.7435,0.79080328,-0.365040854
7800,-4938,5762,11859,13533,14963,-834,0.43,0.79,5753.72075,0.425162252,11822.586,0.790121366,-0.364959115
7800,-4936,5765,11861,13534,14961,-834,0.43,0.79,5756.72208,0.425352599,11824.523,0.79035646,-0.365003861
7800,-4938,5769,11865,13542,14962,-952,0.43,0.79,5760.73272,0.425397483,11828.5545,0.790573085,-0.365175602
7800,-4938,5767,11865,13536,14966,-1070,0.43,0.79,5758.72474,0.425437702,11828.6805,0.790370206,-0.364932503
7799,-4934,5766,11855,13537,14962,-1187,0.43,0.79,5757.72607,0.425332501,11818.5545,0.789904725,-0.364572224
7799,-4936,5766,11863,13524,14961,-1305,0.43,0.79,5757.70878,0.425740075,11826.523,0.790490141,-0.364750066
7799,-4934,5767,11862,13540,14967,-1305,0.43,0.79,5758.73006,0.425312412,11825.712,0.790119062,-0.36480665
7800,-4939,5766,11867,13530,14971,-1305,0.43,0.79,5757.71676,0.425551867,11830.838,0.790250351,-0.364698484
7800,-4936,5769,11862,13529,14966,-1305,0.43,0.79,5760.71543,0.425804969,11825.6805,0.790169751,-0.364364782
7800,-4937,5763,11854,13533,14955,-1305,0.43,0.79,5754.72075,0.425236145,11817.334,0.790192845,-0.3649567
7800,-4937,5767,11857,13535,14958,-1305,0.43,0.79,5758.72341,0.425469037,11820.4285,0.790241242,-0.364772206
7800,-4935,5765,11857,13536,14957,-1305,0.43,0.79,5756.72474,0.425289948,11820.397,0.79029197,-0.365002022
7800,-4938,5762,11862,13530,14961,-701,0.43,0.79,5753.71676,0.425256228,11825.523,0.790423301,-0.365167073
7800,-4936,5761,11861,13521,14957,-97,0.43,0.79,5752.70479,0.425464447,11824.397,0.790559404,-0.365094956
7800,-4936,5769,11861,13533,14962,506,0.43,0.79,5760.72075,0.425679506,11824.5545,0.790305741,-0.364626236
7800,-4938,5765,11858,13529,14962,1110,0.43,0.79,5756.71543,0.425509308,11821.5545,0.790105233,-0.364595925
7800,-4934,5762,11860,13522,14957,1110,0.43,0.79,5753.70612,0.425507034,11823.397,0.790492545,-0.364985511
7800,-4935,5762,11861,13518,14960,1110,0.43,0.79,5753.7008,0.425632549,11824.4915,0.790407186,-0.364774637
7800,-4939,5761,11878,13527,14978,1110,0.43,0.79,5752.71277,0.425276319,11842.0585,0.790630158,-0.365353838
7800,-4930,5764,11860,13528,14969,1110,0.43,0.79,5755.7141,0.425466743,11823.775,0.789884094,-0.364417351
7800,-4936,5763,11861,13526,14962,1110,0.43,0.79,5754.71144,0.425455526,11824.5545,0.790305741,-0.364850216
7800,-4936,5763,11856,13537,14960,1110,0.43,0.79,5754.72607,0.425110886,11819.4915,0.790072961,-0.364962075
7800,-4938,5766,11862,13531,14965,700,0.43,0.79,5757.71809,0.425520515,11825.649,0.790220448,-0.364699933
7800,-4934,5765,11859,13528,14958,291,0.43,0.79,5756.7141,0.425540664,11822.4285,0.79037495,-0.364834286
7800,-4936,5762,11863,13526,14967,-117,0.43,0.79,5753.71144,0.425381594,11826.712,0.790185876,-0.364804282
7800,-4938,5766,11858,13522,14957,-527,0.43,0.79,5757.70612,0.425802849,11821.397,0.790358829,-0.36455598
7800,-4934,5770,11870,13532,14973,-527,0.43,0.79,5761.71942,0.425784764,11833.901,0.790349362,-0.364564599
7800,-4936,5766,11858,13536,14963,-527,0.43,0.79,5757.72474,0.425363825,11821.586,0.790054535,-0.364690709
7800,-4933,5767,11863,13530,14969,-527,0.43,0.79,5758.71676,0.425625777,11826.775,0.790084508,-0.364458731
7800,-4932,5762,11864,13524,14968,-527,0.43,0.79,5753.70878,0.425444305,11827.7435,0.790201998,-0.364757693
7800,-4933,5767,11861,13526,14960,-527,0.43,0.79,5758.71144,0.425751252,11824.4915,0.790407186,-0.364655933
7800,-4930,5767,11867,13535,14969,-527,0.43,0.79,5758.72341,0.425469037,11830.775,0.790351727,-0.36488269
7799,-4933,5767,11864,13531,14973,-276,0.43,0.79,5758.71809,0.425594419,11827.901,0.789948641,-0.364354221
7799,-4935,5769,11866,13527,14964,-25,0.43,0.79,5760.71277,0.425867729,11829.6175,0.790538459,-0.36467073
7800,-4937,5763,11861,13523,14967,224,0.43,0.79,5754.70745,0.425549615,11824.712,0.790052248,-0.364502633
7800,-4938,5760,11863,13523,14966,475,0.43,0.79,5751.70745,0.425327771,11826.6805,0.79023657,-0.364908798
7800,-4933,5764,11851,13525,14962,475,0.43,0.79,5755.71011,0.425560821,11814.5545,0.789637381,-0.36407656
7800,-4936,5766,11859,13529,14960,475,0.43,0.79,5757.71543,0.425583223,11822.4915,0.790273496,-0.364690273
7800,-4936,5766,11852,13534,14957,475,0.43,0.79,5757.72208,0.425426487,11815.397,0.789957679,-0.364531191
7800,-4930,5766,11860,13522,14967,475,0.43,0.79,5757.70612,0.425802849,11823.712,0.789985435,-0.364182586
7800,-4935,5766,11856,13528,14962,475,0.43,0.79,5757.7141,0.425614585,11819.5545,0.789971561,-0.364356977
7800,-4935,5761,11862,13519,14965,475,0.43,0.79,5752.70213,0.425527194,11825.649,0.790220448,-0.364693254
7800,-4928,5781,11859,13569,14961,475,0.43,0.79,5772.76863,0.42543803,11822.523,0.790222779,-0.364784749
7800,-4933,5770,11858,13535,14963,475,0.43,0.79,5761.72341,0.425690684,11821.586,0.790054535,-0.36436385
7800,-4937,5766,11864,13525,14966,475,0.43,0.79,5757.71011,0.425708696,11827.6805,0.790303388,-0.364594692
7800,-4935,5766,11855,13521,14955,475,0.43,0.79,5757.70479,0.425834242,11818.334,0.790259712,-0.36442547
7800,-4936,5767,11861,13526,14962,475,0.43,0.79,5758.71144,0.425751252,11824.5545,0.790305741,-0.364554489
7800,-4933,5768,11854,13530,14957,475,0.43,0.79,5759.71676,0.425699687,11817.397,0.790091395,-0.364391709
7800,-4932,5769,11861,13531,14958,475,0.43,0.79,5760.71809,0.425742228,11824.4285,0.790508658,-0.364766429
7800,-4932,5773,11859,13537,14962,475,0.43,0.79,5764.72607,0.425849603,11822.5545,0.790172069,-0.364322467
7800,-4937,5767,11861,13534,14964,475,0.43,0.79,5758.72208,0.425500375,11824.6175,0.790204324,-0.364703948
7800,-4932,5764,11861,13529,14958,475,0.43,0.79,5755.71543,0.425435393,11824.4285,0.790508658,-0.365073265
7800,-4935,5765,11856,13526,14955,256,0.43,0.79,5756.71144,0.425603389,11819.334,0.79032658,-0.364723191
7800,-4934,5763,11871,13526,14975,37,0.43,0.79,5754.71144,0.425455526,11834.964,0.790314791,-0.364859266
7800,-4932,5772,11867,13540,14972,-181,0.43,0.79,5763.73006,0.425681688,11830.8695,0.790199673,-0.364517984
7800,-4937,5764,11865,13531,14971,-400,0.43,0.79,5755.71809,0.425372706,11828.838,0.790116759,-0.364744053
7800,-4934,5766,11858,13529,14960,-400,0.43,0.79,5757.71543,0.425583223,11821.4915,0.790206651,-0.364623428
7800,-4935,5766,11865,13525,14964,-400,0.43,0.79,5757.71011,0.425708696,11828.6175,0.790471632,-0.364762936
7799,-4936,5767,11864,13529,14963,-400,0.43,0.79,5758.71543,0.425657139,11827.586,0.790455524,-0.364798385
7799,-4935,5767,11861,13526,14961,-400,0.43,0.79,5758.71144,0.425751252,11824.523,0.79035646,-0.364605208
7799,-4936,5763,11865,13527,14964,-400,0.43,0.79,5754.71277,0.425424172,11828.6175,0.790471632,-0.36504746
7799,-4936,5762,11866,13525,14967,-400,0.43,0.79,5753.71011,0.425412947,11829.712,0.790386317,-0.364973369
7800,-4939,5768,11859,13534,14956,-233,0.43,0.79,5759.72208,0.425574263,11822.3655,0.790476431,-0.364902168
7800,-4935,5765,11867,13528,14968,-25,0.43,0.79,5756.7141,0.425540664,11830.7435,0.790402425,-0.364861761
7800,-4938,5763,11867,13524,14969,183,0.43,0.79,5754.70878,0.425518248,11830.775,0.790351727,-0.364833479
7800,-4939,5766,11869,13523,14964,391,0.43,0.79,5757.70745,0.42577146,11832.6175,0.79073894,-0.36496748
7800,-4932,5769,11861,13529,14960,433,0.43,0.79,5760.71543,0.425804969,11824.4915,0.790407186,-0.364602217
7800,-4936,5771,11865,13540,14965,433,0.43,0.79,5762.73006,0.425607833,11828.649,0.790420915,-0.364813082
7800,-4934,5770,11855,13527,14959,433,0.43,0.79,5761.71277,0.425941655,11818.46,0.790056822,-0.364115167
7800,-4936,5767,11865,13536,14957,433,0.43,0.79,5758.72474,0.425437702,11828.397,0.790826837,-0.365389135
7800,-4937,5765,11864,13528,14965,433,0.43,0.79,5756.7141,0.425540664,11827.649,0.790354093,-0.364813429
7800,-4931,5762,11860,13526,14964,433,0.43,0.79,5753.71144,0.425381594,11823.6175,0.790137497,-0.364755903
7800,-4934,5769,11866,13529,14969,191,0.43,0.79,5760.71543,0.425804969,11829.775,0.790284922,-0.364479953
7800,-4937,5765,11859,13527,14964,-48,0.43,0.79,5756.71277,0.425572024,11822.6175,0.79007067,-0.364498646
7800,-4936,5771,11857,13533,14965,-288,0.43,0.79,5762.72075,0.425827293,11820.649,0.789886335,-0.364059042
7800,-4939,5765,11859,13532,14961,-529,0.43,0.79,5756.71942,0.425415269,11822.523,0.790222779,-0.36480751
7800,-4940,5771,11862,13540,14956,-527,0.43,0.79,5762.73006,0.425607833,11825.3655,0.790677019,-0.365069186
7800,-4932,5763,11858,13524,14962,-527,0.43,0.79,5754.70878,0.425518248,11821.5545,0.790105233,-0.364586986
7800,-4934,5768,11866,13534,14962,-527,0.43,0.79,5759.72208,0.425574263,11829.5545,0.790639921,-0.365065658
7800,-4938,5769,11863,13537,14965,-527,0.43,0.79,5760.72607,0.425554116,11826.649,0.79028727,-0.364733154
7800,-4932,5766,11870,13530,14972,-527,0.43,0.79,5757.71676,0.425551867,11833.8695,0.790400047,-0.36484818
7800,-4935,5766,11853,13529,14961,-527,0.43,0.79,5757.71543,0.425583223,11816.523,0.789821737,-0.364238513
7800,-4938,5768,11860,13529,14962,-622,0.43,0.79,5759.71543,0.425731054,11823.5545,0.790238905,-0.364507851
7800,-4932,5772,11864,13535,14972,-740,0.43,0.79,5763.72341,0.425838449,11827.8695,0.789999299,-0.364160849
7800,-4934,5768,11865,13528,14969,-858,0.43,0.79,5759.7141,0.425762426,11828.775,0.790218117,-0.364455691
7800,-4936,5766,11860,13531,14963,-977,0.43,0.79,5757.71809,0.425520515,11823.586,0.790188198,-0.364667682
7800,-4934,5768,11862,13528,14962,-1000,0.43,0.79,5759.7141,0.425762426,11825.5545,0.790372577,-0.364610151
7800,-4934,5766,11868,13536,14968,-1000,0.43,0.79,5757.72474,0.425363825,11831.7435,0.790469234,-0.365105409
7799,-4932,5771,11864,13537,14970,-1000,0.43,0.79,5762.72607,0.425701859,11827.8065,0.790100635,-0.364398775
7799,-4935,5764,11859,13525,14959,-1000,0.43,0.79,5755.71011,0.425560821,11822.46,0.79032422,-0.364763398
7800,-4936,5766,11859,13527,14965,-1000,0.43,0.79,5757.71277,0.42564595,11822.649,0.79001998,-0.36437403
7800,-4936,5768,11857,13531,14959,-1000,0.43,0.79,5759.71809,0.425668324,11820.46,0.790190521,-0.364522197
7800,-4936,5769,11858,13537,14962,-896,0.43,0.79,5760.72607,0.425554116,11821.5545,0.790105233,-0.364551117
7800,-4935,5765,11851,13527,14953,-765,0.43,0.79,5756.71277,0.425572024,11814.271,0.790093694,-0.364521669
7800,-4938,5769,11870,13541,14973,-634,0.43,0.79,5760.73139,0.425428801,11833.901,0.790349362,-0.364920562
7800,-4935,5771,11860,13528,14965,-503,0.43,0.79,5762.7141,0.425984188,11823.649,0.790086803,-0.364102614
7800,-4938,5765,11858,13532,14958,-477,0.43,0.79,5756.71942,0.425415269,11821.4285,0.790308096,-0.364892827
7800,-4936,5769,11863,13541,14959,-477,0.43,0.79,5760.73139,0.425428801,11826.46,0.790591617,-0.365162816
7800,-4936,5769,11860,13532,14958,-477,0.43,0.79,5760.71942,0.425710865,11823.4285,0.790441804,-0.364730939
7800,-4935,5772,11863,13538,14964,-477,0.43,0.79,5763.7274,0.425744379,11826.6175,0.790337978,-0.364593599
7800,-4936,5767,11864,13529,14969,-477,0.43,0.79,5758.71543,0.425657139,11827.775,0.790151313,-0.364494174
7800,-4932,5767,11865,13525,14965,-477,0.43,0.79,5758.71011,0.425782633,11828.649,0.790420915,-0.364638283
7800,-4935,5767,11859,13527,14960,-563,0.43,0.79,5758.71277,0.425719877,11822.4915,0.790273496,-0.364553619
7800,-4935,5765,11862,13524,14963,-672,0.43,0.79,5756.70878,0.425666133,11825.586,0.790321861,-0.364655728
7800,-4935,5768,11861,13530,14966,-780,0.43,0.79,5759.71676,0.425699687,11824.6805,0.790102933,-0.364403247
7800,-4935,5772,11861,13539,14962,-888,0.43,0.79,5763.72873,0.425713031,11824.5545,0.790305741,-0.36459271
7800,-4937,5768,11864,13531,14968,-910,0.43,0.79,5759.71809,0.425668324,11827.7435,0.790201998,-0.364533674
7800,-4934,5770,11859,13528,14963,-910,0.43,0.79,5761.7141,0.425910268,11822.586,0.790121366,-0.364211098
7800,-4935,5769,11863,13527,14968,-910,0.43,0.79,5760.71277,0.425867729,11826.7435,0.790135188,-0.364267459
7800,-4935,5765,11870,13529,14971,-910,0.43,0.79,5756.71543,0.425509308,11833.838,0.790450738,-0.36494143
7800,-4932,5770,11862,13535,14965,-910,0.43,0.79,5761.72341,0.425690684,11825.649,0.790220448,-0.364529764
7800,-4932,5772,11867,13538,14971,-910,0.43,0.79,5763.7274,0.425744379,11830.838,0.790250351,-0.364505972
7800,-4935,5768,11871,13532,14971,-833,0.43,0.79,5759.71942,0.425636966,11834.838,0.790517534,-0.364880568
7800,-4932,5762,11860,13526,14966,-737,0.43,0.79,5753.71144,0.425381594,11823.6805,0.790036115,-0.364654521
7800,-4932,5768,11865,13533,14969,-642,0.43,0.79,5759.72075,0.425605612,11828.775,0.790218117,-0.364612505
7800,-4936,5761,11867,13523,14961,-546,0.43,0.79,5752.70745,0.425401719,11830.523,0.790757503,-0.365355784
7800,-4938,5768,11873,13537,14972,-527,0.43,0.79,5759.72607,0.425480245,11836.8695,0.790600421,-0.365120176
7800,-4936,5764,11867,13522,14963,-527,0.43,0.79,5755.70612,0.425654942,11830.586,0.790656018,-0.365001077
7800,-4931,5768,11865,13528,14971,-527,0.43,0.79,5759.7141,0.425762426,11828.838,0.790116759,-0.364354333
7800,-4931,5771,11858,13536,14966,-527,0.43,0.79,5762.72474,0.425733211,11821.6805,0.789902479,-0.364169268
7800,-4935,5768,11868,13533,14969,-527,0.43,0.79,5759.72075,0.425605612,11831.775,0.790418532,-0.364812919
7800,-4934,5761,11862,13526,14965,-527,0.43,0.79,5752.71144,0.425307662,11825.649,0.790220448,-0.364912785
7800,-4934,5768,11865,13529,14973,-421,0.43,0.79,5759.71543,0.425731054,11828.901,0.790015428,-0.364284374
7800,-4934,5764,11865,13532,14969,-290,0.43,0.79,5755.71942,0.42534137,11828.775,0.790218117,-0.364876747
7800,-4937,5770,11873,13540,14970,-158,0.43,0.79,5761.73006,0.425533978,11836.8065,0.790701837,-0.365167859
7800,-4935,5762,11858,13527,14960,-27,0.43,0.79,5753.71277,0.425350245,11821.4915,0.790206651,-0.364856406
7800,-4936,5769,11862,13541,14967,0,0.43,0.79,5760.73139,0.425428801,11825.712,0.790119062,-0.364690261
7800,-4930,5764,11857,13527,14958,0,0.43,0.79,5755.71277,0.425498098,11820.4285,0.790241242,-0.364743144
7800,-4934,5768,11863,13529,14965,0,0.43,0.79,5759.71543,0.425731054,11826.649,0.79028727,-0.364556216
7800,-4936,5767,11861,13531,14963,0,0.43,0.79,5758.71809,0.425594419,11824.586,0.790255029,-0.36466061
7800,-4933,5761,11867,13525,14965,0,0.43,0.79,5752.71011,0.42533901,11830.649,0.790554561,-0.365215551
7800,-4935,5768,11860,13531,14963,0,0.43,0.79,5759.71809,0.425668324,11823.586,0.790188198,-0.364519874
7800,-4937,5768,11867,13538,14970,-143,0.43,0.79,5759.7274,0.425448914,11830.8065,0.790301035,-0.364852121
7800,-4936,5767,11859,13533,14960,-322,0.43,0.79,5758.72075,0.425531719,11822.4915,0.790273496,-0.364741777
7800,-4935,5767,11855,13526,14957,-500,0.43,0.79,5758.71144,0.425751252,11818.397,0.790158254,-0.364407001
7800,-4936,5769,11865,13530,14966,-679,0.43,0.79,5760.71676,0.425773596,11828.6805,0.790370206,-0.364596609
7800,-4937,5767,11856,13538,14957,-715,0.43,0.79,5758.7274,0.425375048,11819.397,0.790225112,-0.364850064
7800,-4937,5767,11865,13542,14967,-715,0.43,0.79,5758.73272,0.425249795,11828.712,0.790319503,-0.365069708
7800,-4935,5766,11857,13528,14958,-715,0.43,0.79,5757.7141,0.425614585,11820.4285,0.790241242,-0.364626658
7800,-4940,5763,11857,13530,14957,-715,0.43,0.79,5754.71676,0.425330137,11820.397,0.79029197,-0.364961833
7800,-4936,5763,11859,13519,14958,-715,0.43,0.79,5754.70213,0.425675134,11822.4285,0.79037495,-0.364699816
7800,-4934,5764,11864,13522,14961,-715,0.43,0.79,5755.70612,0.425654942,11827.523,0.790556981,-0.36490204
7800,-4937,5765,11861,13527,14966,-372,0.43,0.79,5756.71277,0.425572024,11824.6805,0.790102933,-0.364530909
7800,-4938,5768,11863,13532,14969,56,0.43,0.79,5759.71942,0.425636966,11826.775,0.790084508,-0.364447542
7801,-4933,5764,11863,13522,14963,484,0.43,0.79,5755.70612,0.425654942,11826.586,0.790388692,-0.364733751
7801,-4937,5765,11857,13528,14962,913,0.43,0.79,5756.7141,0.425540664,11820.5545,0.790038397,-0.364497733
7801,-4935,5768,11868,13534,14967,999,0.43,0.79,5759.72208,0.425574263,11831.712,0.790519944,-0.364945681
7801,-4933,5763,11863,13519,14960,999,0.43,0.79,5754.70213,0.425675134,11826.4915,0.790540876,-0.364865742
7800,-4938,5771,11861,13534,14959,999,0.43,0.79,5762.72208,0.425795927,11824.46,0.790457918,-0.364661991
7800,-4932,5767,11861,13536,14964,999,0.43,0.79,5758.72474,0.425437702,11824.6175,0.790204324,-0.364766621
7800,-4936,5770,11864,13540,14961,999,0.43,0.79,5761.73006,0.425533978,11827.523,0.790556981,-0.365023004
7800,-4930,5764,11861,13527,14962,999,0.43,0.79,5755.71277,0.425498098,11824.5545,0.790305741,-0.364807643
7800,-4935,5766,11861,13530,14962,894,0.43,0.79,5757.71676,0.425551867,11824.5545,0.790305741,-0.364753874
7800,-4936,5765,11868,13529,14974,763,0.43,0.79,5756.71543,0.425509308,11831.9325,0.79016512,-0.364655811
7800,-4937,5762,11864,13532,14965,632,0.43,0.79,5753.71942,0.425193572,11827.649,0.790354093,-0.365160521
7800,-4935,5771,11866,13537,14971,501,0.43,0.79,5762.72607,0.425701859,11829.838,0.790183555,-0.364481696
7800,-4935,5767,11864,13533,14963,475,0.43,0.79,5758.72075,0.425531719,11827.586,0.790455524,-0.364923805
7800,-4932,5765,11866,13527,14967,475,0.43,0.79,5756.71277,0.425572024,11829.712,0.790386317,-0.364814292
7800,-4932,5768,11866,13529,14971,475,0.43,0.79,5759.71543,0.425731054,11829.838,0.790183555,-0.364452501
7800,-4935,5770,11865,13529,14963,475,0.43,0.79,5761.71543,0.425878885,11828.586,0.790522355,-0.364643471
7800,-4937,5768,11861,13533,14958,475,0.43,0.79,5759.72075,0.425605612,11824.4285,0.790508658,-0.364903045
7800,-4933,5765,11865,13524,14965,475,0.43,0.79,5756.70878,0.425666133,11828.649,0.790420915,-0.364754783
7800,-4937,5765,11865,13528,14967,293,0.43,0.79,5756.7141,0.425540664,11828.712,0.790319503,-0.364778839
7800,-4934,5769,11872,13534,14975,65,0.43,0.79,5760.72208,0.425648151,11835.964,0.790381569,-0.364733418
7800,-4933,5763,11857,13533,14957,-162,0.43,0.79,5754.72075,0.425236145,11820.397,0.79029197,-0.365055825
7800,-4935,5764,11868,13525,14966,-390,0.43,0.79,5755.71011,0.425560821,11831.6805,0.79057066,-0.365009839
7800,-4936,5762,11870,13524,14971,-435,0.43,0.79,5753.70878,0.425444305,11833.838,0.790450738,-0.365006433
7800,-4931,5763,11866,13531,14971,-435,0.43,0.79,5754.71809,0.425298802,11829.838,0.790183555,-0.364884753
7800,-4934,5769,11873,13534,14976,-435,0.43,0.79,5760.72208,0.425648151,11836.9955,0.79039767,-0.364749518
7800,-4933,5764,11865,13527,14967,-435,0.43,0.79,5755.71277,0.425498098,11828.712,0.790319503,-0.364821405
7800,-4932,5769,11867,13531,14973,-435,0.43,0.79,5760.71809,0.425742228,11830.901,0.790149002,-0.364406773
7800,-4932,5760,11864,13518,14963,-435,0.43,0.79,5751.7008,0.425484598,11827.586,0.790455524,-0.364970925
7800,-4934,5765,11854,13529,14955,-548,0.43,0.79,5756.71543,0.425509308,11817.334,0.790192845,-0.364683537
7800,-4938,5766,11871,13532,14972,-690,0.43,0.79,5757.71942,0.425489168,11834.8695,0.790466838,-0.36497767
7801,-4935,5768,11857,13535,14957,-831,0.43,0.79,5759.72341,0.425542919,11820.397,0.79029197,-0.364749051
7801,-4936,5763,11861,13526,14961,-972,0.43,0.79,5754.71144,0.425455526,11824.523,0.79035646,-0.364900934
7800,-4933,5767,11857,13524,14960,-1001,0.43,0.79,5758.70878,0.425814018,11820.4915,0.790139806,-0.364325788
7800,-4935,5766,11866,13529,14966,-1000,0.43,0.79,5757.71543,0.425583223,11829.6805,0.790437024,-0.3648538
7800,-4938,5769,11863,13531,14959,-1000,0.43,0.79,5760.71809,0.425742228,11826.46,0.790591617,-0.364849389
7800,-4933,5763,11859,13528,14964,-1000,0.43,0.79,5754.7141,0.425392822,11822.6175,0.79007067,-0.364677847
7800,-4936,5762,11860,13528,14960,-1000,0.43,0.79,5753.7141,0.425318902,11823.4915,0.790340341,-0.365021439
7800,-4938,5760,11863,13528,14969,-1000,0.43,0.79,5751.7141,0.42517106,11826.775,0.790084508,-0.364913448
7800,-4934,5764,11854,13525,14956,-1000,0.43,0.79,5755.71011,0.425560821,11817.3655,0.790142117,-0.364581295
7800,-4933,5766,11853,13530,14960,-1203,0.43,0.79,5757.71676,0.425551867,11816.4915,0.789872426,-0.36432056
7800,-4934,5766,11860,13523,14968,-1453,0.43,0.79,5757.70745,0.42577146,11823.7435,0.789934761,-0.364163301
7800,-4939,5762,11862,13521,14960,-1703,0.43,0.79,5753.70479,0.425538406,11825.4915,0.790474031,-0.364935625
7800,-4938,5762,11862,13531,14966,-1953,0.43,0.79,5753.71809,0.425224898,11825.6805,0.790169751,-0.364944854
7800,-4933,5767,11859,13529,14964,-2001,0.43,0.79,5758.71543,0.425657139,11822.6175,0.79007067,-0.364413531
7800,-4936,5767,11860,13534,14959,-2001,0.43,0.79,5758.72208,0.425500375,11823.46,0.790391069,-0.364890694
7800,-4936,5765,11861,13530,14961,-2001,0.43,0.79,5756.71676,0.425477957,11824.523,0.79035646,-0.364878503
7800,-4935,5764,11863,13533,14971,-2001,0.43,0.79,5755.72075,0.425310038,11826.838,0.789983167,-0.364673129
7800,-4931,5762,11858,13524,14962,-2001,0.43,0.79,5753.70878,0.425444305,11821.5545,0.790105233,-0.364660928
7800,-4932,5767,11858,13529,14961,-1601,0.43,0.79,5758.71543,0.425657139,11821.523,0.790155939,-0.3644988
7800,-4936,5772,11860,13537,14963,-1101,0.43,0.79,5763.72607,0.425775731,11823.586,0.790188198,-0.364412467
7800,-4935,5770,11867,13535,14971,-601,0.43,0.79,5761.72341,0.425690684,11830.838,0.790250351,-0.364559667
7800,-4939,5765,11860,13526,14960,-100,0.43,0.79,5756.71144,0.425603389,11823.4915,0.790340341,-0.364736952
7800,-4938,5767,11865,13531,14968,0,0.43,0.79,5758.71809,0.425594419,11828.7435,0.790268807,-0.364674387
7800,-4934,5767,11858,13528,14959,0,0.43,0.79,5758.7141,0.425688505,11821.46,0.79025737,-0.364568865
7800,-4935,5770,11856,13534,14961,0,0.43,0.79,5761.72208,0.425722039,11819.523,0.790022258,-0.364300219
7800,-4932,5763,11858,13526,14966,0,0.43,0.79,5754.71144,0.425455526,11821.6805,0.789902479,-0.364446953
7800,-4935,5771,11857,13541,14958,0,0.43,0.79,5762.73139,0.4255765,11820.4285,0.790241242,-0.364664742
7800,-4937,5763,11860,13530,14960,0,0.43,0.79,5754.71676,0.425330137,11823.4915,0.790340341,-0.365010203
7801,-4934,5766,11854,13526,14958,-261,0.43,0.79,5757.71144,0.425677321,11817.4285,0.790040681,-0.36436336
7801,-4935,5765,11860,13528,14968,-587,0.43,0.79,5756.7141,0.425540664,11823.7435,0.789934761,-0.364394097
7800,-4932,5767,11856,13529,14957,-914,0.43,0.79,5758.71543,0.425657139,11819.397,0.790225112,-0.364567973
7800,-4932,5774,11857,13536,14958,-1240,0.43,0.79,5765.72474,0.425954842,11820.4285,0.790241242,-0.3642864
7800,-4934,5767,11864,13529,14963,-1305,0.43,0.79,5758.71543,0.425657139,11827.586,0.790455524,-0.364798385
7800,-4934,5769,11869,13537,14967,-1305,0.43,0.79,5760.72607,0.425554116,11832.712,0.790586758,-0.365032641
7800,-4930,5770,11862,13531,14965,-1305,0.43,0.79,5761.71809,0.425816133,11825.649,0.790220448,-0.364404315
7800,-4935,5768,11862,13530,14963,-1305,0.43,0.79,5759.71676,0.425699687,11825.586,0.790321861,-0.364622174
7800,-4934,5766,11855,13531,14960,-1305,0.43,0.79,5757.71809,0.425520515,11818.4915,0.790006116,-0.364485601
7800,-4935,5768,11865,13535,14966,-1305,0.43,0.79,5759.72341,0.425542919,11828.6805,0.790370206,-0.364827287
7800,-4931,5766,11863,13528,14964,-1131,0.43,0.79,5757.7141,0.425614585,11826.6175,0.790337978,-0.364723393
7800,-4934,5767,11856,13531,14961,-914,0.43,0.79,5758.71809,0.425594419,11819.523,0.790022258,-0.364427838
7801,-4932,5768,11859,13531,14963,-696,0.43,0.79,5759.71809,0.425668324,11822.586,0.790121366,-0.364453042
7801,-4936,5771,11872,13535,14972,-479,0.43,0.79,5762.72341,0.425764567,11835.8695,0.790533629,-0.364769063
7801,-4936,5760,11873,13521,14974,-435,0.43,0.79,5751.70479,0.425390488,11836.9325,0.790499032,-0.365108544
7800,-4935,5766,11862,13528,14969,-435,0.43,0.79,5757.7141,0.425614585,11825.775,0.790017703,-0.364403119
7800,-4938,5766,11869,13537,14967,-435,0.43,0.79,5757.72607,0.425332501,11832.712,0.790586758,-0.365254256
7800,-4932,5766,11855,13524,14965,-435,0.43,0.79,5757.70878,0.425740075,11818.649,0.78975269,-0.364012614
7800,-4935,5770,11865,13535,14968,-435,0.43,0.79,5761.72341,0.425690684,11828.7435,0.790268807,-0.364578123
7800,-4936,5769,11855,13524,14961,-435,0.43,0.79,5760.70878,0.425961903,11818.523,0.789955417,-0.363993514
7800,-4934,5770,11857,13537,14966,-664,0.43,0.79,5761.72607,0.425627988,11820.6805,0.789835661,-0.364207673
7800,-4935,5766,11866,13526,14968,-950,0.43,0.79,5757.71144,0.425677321,11829.7435,0.790335616,-0.364658295
7800,-4936,5766,11865,13535,14966,-1236,0.43,0.79,5757.72341,0.425395154,11828.6805,0.790370206,-0.364975052
7801,-4935,5763,11858,13524,14960,-1522,0.43,0.79,5754.70878,0.425518248,11821.4915,0.790206651,-0.364688404
7800,-4926,5764,11866,13527,14969,-1580,0.43,0.79,5755.71277,0.425498098,11829.775,0.790284922,-0.364786824
7800,-4931,5768,11867,13534,14966,-1580,0.43,0.79,5759.72208,0.425574263,11830.6805,0.790503842,-0.364929579
7800,-4939,5762,11867,13527,14969,-1580,0.43,0.79,5753.71277,0.425350245,11830.775,0.790351727,-0.365001481
7800,-4935,5769,11860,13537,14965,-1580,0.43,0.79,5760.72607,0.425554116,11823.649,0.790086803,-0.364532686
7801,-4935,5764,11857,13531,14956,-1580,0.43,0.79,5755.71809,0.425372706,11820.3655,0.790342705,-0.364969999
7801,-4936,5766,11863,13527,14965,-1580,0.43,0.79,5757.71277,0.42564595,11826.649,0.79028727,-0.36464132
7801,-4934,5766,11852,13525,14955,-1580,0.43,0.79,5757.71011,0.425708696,11815.334,0.790059111,-0.364350415
7800,-4934,5762,11868,13522,14964,-1580,0.43,0.79,5753.70612,0.425507034,11831.6175,0.790672113,-0.365165079
7800,-4936,5766,11866,13523,14968,-1580,0.43,0.79,5757.70745,0.42577146,11829.7435,0.790335616,-0.364564156
7800,-4933,5768,11864,13531,14965,-1580,0.43,0.79,5759.71809,0.425668324,11827.649,0.790354093,-0.364685769
7800,-4932,5768,11849,13527,14947,-1580,0.43,0.79,5759.71277,0.425793803,11812.082,0.790264401,-0.364470598
7800,-4931,5767,11864,13532,14968,-1580,0.43,0.79,5758.71942,0.425563067,11827.7435,0.790201998,-0.364638931
7800,-4932,5767,11861,13531,14964,-1580,0.43,0.79,5758.71809,0.425594419,11824.6175,0.790204324,-0.364609904
7800,-4934,5767,11855,13534,14960,-1580,0.43,0.79,5758.72208,0.425500375,11818.4915,0.790006116,-0.364505741
7800,-4934,5770,11859,13542,14961,-1580,0.43,0.79,5761.73272,0.425471328,11822.523,0.790222779,-0.364751452
7800,-4936,5771,11865,13541,14966,-1580,0.43,0.79,5762.73139,0.4255765,11828.6805,0.790370206,-0.364793706
7801,-4940,5764,11863,13527,14962,-1446,0.43,0.79,5755.71277,0.425498098,11826.5545,0.790439413,-0.364941315
7801,-4935,5764,11861,13529,14969,-1278,0.43,0.79,5755.71543,0.425435393,11824.775,0.789950899,-0.364515506
7801,-4935,5763,11860,13525,14962,-1111,0.43,0.79,5754.71011,0.425486884,11823.5545,0.790238905,-0.364752021
7801,-4932,5765,11857,13531,14954,-943,0.43,0.79,5756.71809,0.425446611,11820.3025,0.790444196,-0.364997585
7800,-4934,5768,11862,13535,14964,-910,0.43,0.79,5759.72341,0.425542919,11825.6175,0.790271151,-0.364728232
7800,-4929,5768,11870,13532,14967,-910,0.43,0.79,5759.71942,0.425636966,11833.712,0.790653571,-0.365016605
7800,-4933,5765,11865,13526,14968,-910,0.43,0.79,5756.71144,0.425603389,11828.7435,0.790268807,-0.364665418
7800,-4937,5768,11866,13530,14969,-910,0.43,0.79,5759.71676,0.425699687,11829.775,0.790284922,-0.364585236
7800,-4933,5770,11861,13532,14963,-910,0.43,0.79,5761.71942,0.425784764,11824.586,0.790255029,-0.364470266
7800,-4932,5767,11860,13532,14963,-910,0.43,0.79,5758.71942,0.425563067,11823.586,0.790188198,-0.364625131
7800,-4932,5758,11859,13518,14967,-1014,0.43,0.79,5749.7008,0.425336647,11822.712,0.789918621,-0.364581974
7800,-4930,5764,11861,13524,14966,-1144,0.43,0.79,5755.70878,0.42559219,11824.6805,0.790102933,-0.364510743
7800,-4936,5766,11864,13529,14962,-1274,0.43,0.79,5757.71543,0.425583223,11827.5545,0.790506249,-0.364923026
7800,-4935,5761,11857,13517,14960,-1403,0.43,0.79,5752.69947,0.425589959,11820.4915,0.790139806,-0.364549848
7800,-4932,5766,11858,13531,14958,-1429,0.43,0.79,5757.71809,0.425520515,11821.4285,0.790308096,-0.364787581
7800,-4933,5762,11862,13517,14962,-1429,0.43,0.79,5753.69947,0.425663939,11825.5545,0.790372577,-0.364708638
7800,-4938,5763,11859,13521,14965,-1429,0.43,0.79,5754.70479,0.425612365,11822.649,0.79001998,-0.364407615
7800,-4935,5760,11859,13525,14963,-1429,0.43,0.79,5751.71011,0.425265073,11822.586,0.790121366,-0.364856293
7801,-4932,5765,11863,13527,14962,-1429,0.43,0.79,5756.71277,0.425572024,11826.5545,0.790439413,-0.364867389
7800,-4936,5764,11867,13525,14965,-1429,0.43,0.79,5755.71011,0.425560821,11830.649,0.790554561,-0.364993739
7801,-4936,5766,11862,13532,14963,-1239,0.43,0.79,5757.71942,0.425489168,11825.586,0.790321861,-0.364832693
7800,-4935,5772,11858,13528,14963,-1001,0.43,0.79,5763.7141,0.426058109,11821.586,0.790054535,-0.363996425
7800,-4932,5763,11860,13520,14961,-762,0.43,0.79,5754.70346,0.425643747,11823.523,0.79028962,-0.364645873
7800,-4935,5764,11863,13524,14961,-524,0.43,0.79,5755.70878,0.42559219,11826.523,0.790490141,-0.364897951
7800,-4931,5766,11862,13524,14963,-477,0.43,0.79,5757.70878,0.425740075,11825.586,0.790321861,-0.364581785
7800,-4934,5762,11858,13524,14966,-477,0.43,0.79,5753.70878,0.425444305,11821.6805,0.789902479,-0.364458174
7800,-4932,5765,11858,13530,14962,-477,0.43,0.79,5756.71676,0.425477957,11821.5545,0.790105233,-0.364627276
7800,-4935,5762,11862,13527,14966,-477,0.43,0.79,5753.71277,0.425350245,11825.6805,0.790169751,-0.364819506
7800,-4937,5764,11865,13521,14965,-477,0.43,0.79,5755.70479,0.425686324,11828.649,0.790420915,-0.364734591
7800,-4931,5771,11859,13531,14959,-477,0.43,0.79,5762.71809,0.425890037,11822.46,0.79032422,-0.364434183
7800,-4934,5765,11856,13526,14959,-697,0.43,0.79,5756.71144,0.425603389,11819.46,0.790123671,-0.364520282
7800,-4933,5767,11857,13530,14960,-973,0.43,0.79,5758.71676,0.425625777,11820.4915,0.790139806,-0.364514029
7800,-4934,5769,11861,13538,14962,-1249,0.43,0.79,5760.7274,0.42552278,11824.5545,0.790305741,-0.364782961
7800,-4935,5766,11857,13533,14962,-1524,0.43,0.79,5757.72075,0.425457825,11820.5545,0.790038397,-0.364580572
7800,-4930,5767,11857,13527,14964,-1580,0.43,0.79,5758.71277,0.425719877,11820.6175,0.789937016,-0.364217139
7800,-4935,5773,11857,13550,14961,-1580,0.43,0.79,5764.74336,0.425442314,11820.523,0.790089098,-0.364646784
7800,-4936,5769,11860,13532,14962,-1580,0.43,0.79,5760.71942,0.425710865,11823.5545,0.790238905,-0.364528041
7800,-4933,5769,11863,13529,14965,-1580,0.43,0.79,5760.71543,0.425804969,11826.649,0.79028727,-0.364482301
7800,-4935,5769,11862,13532,14960,-1580,0.43,0.79,5760.71942,0.425710865,11825.4915,0.790474031,-0.364763166
7800,-4936,5765,11856,13526,14955,-1580,0.43,0.79,5756.71144,0.425603389,11819.334,0.79032658,-0.364723191
7800,-4938,5766,11858,13527,14958,-1369,0.43,0.79,5757.71277,0.42564595,11821.4285,0.790308096,-0.364662146
7800,-4939,5767,11858,13536,14960,-1106,0.43,0.79,5758.72474,0.425437702,11821.4915,0.790206651,-0.364768949
7800,-4940,5765,11863,13532,14962,-843,0.43,0.79,5756.71942,0.425415269,11826.5545,0.790439413,-0.365024144
7800,-4937,5767,11859,13539,14962,-579,0.43,0.79,5758.72873,0.425343728,11822.5545,0.790172069,-0.364828341
7800,-4937,5764,11856,13526,14959,-527,0.43,0.79,5755.71144,0.425529457,11819.46,0.790123671,-0.364594214
7800,-4932,5763,11863,13519,14962,-527,0.43,0.79,5754.70213,0.425675134,11826.5545,0.790439413,-0.36476428
7801,-4935,5765,11864,13526,14961,-527,0.43,0.79,5756.71144,0.425603389,11827.523,0.790556981,-0.364953592
7801,-4934,5767,11855,13526,14957,-527,0.43,0.79,5758.71144,0.425751252,11818.397,0.790158254,-0.364407001
7801,-4936,5767,11858,13537,14959,-527,0.43,0.79,5758.72607,0.425406373,11821.46,0.79025737,-0.364850997
7800,-4933,5765,11862,13528,14964,-527,0.43,0.79,5756.7141,0.425540664,11825.6175,0.790271151,-0.364730487
7800,-4936,5764,11862,13533,14959,-785,0.43,0.79,5755.72075,0.425310038,11825.46,0.790524768,-0.365214729
7800,-4935,5772,11853,13529,14954,-1108,0.43,0.79,5763.71543,0.426026715,11816.3025,0.790176709,-0.364149993
7800,-4935,5768,11859,13524,14959,-1431,0.43,0.79,5759.70878,0.425887961,11822.46,0.79032422,-0.364436259
7800,-4934,5765,11856,13526,14957,-1754,0.43,0.79,5756.71144,0.425603389,11819.397,0.790225112,-0.364621723
7800,-4935,5767,11851,13537,14948,-1819,0.43,0.79,5758.72607,0.425406373,11814.1135,0.790347438,-0.364941065
7800,-4933,5768,11860,13532,14961,-1819,0.43,0.79,5759.71942,0.425636966,11823.523,0.79028962,-0.364652654
7800,-4940,5773,11863,13542,14962,-1819,0.43,0.79,5764.73272,0.425692861,11826.5545,0.790439413,-0.364746552
7800,-4934,5763,11860,13525,14962,-1819,0.43,0.79,5754.71011,0.425486884,11823.5545,0.790238905,-0.364752021
7800,-4934,5765,11857,13527,14959,-1819,0.43,0.79,5756.71277,0.425572024,11820.46,0.790190521,-0.364618497
7800,-4935,5768,11861,13532,14965,-1819,0.43,0.79,5759.71942,0.425636966,11824.649,0.790153625,-0.364516659
7800,-4936,5768,11864,13536,14964,-1559,0.43,0.79,5759.72474,0.425511579,11827.6175,0.790404805,-0.364893225
7800,-4936,5767,11860,13531,14963,-1236,0.43,0.79,5758.71809,0.425594419,11823.586,0.790188198,-0.364593778
7800,-4933,5771,11862,13540,14964,-913,0.43,0.79,5762.73006,0.425607833,11825.6175,0.790271151,-0.364663318
7800,-4936,5765,11862,13532,14968,-590,0.43,0.79,5756.71942,0.425415269,11825.7435,0.790068379,-0.36465311
7800,-4932,5768,11858,13534,14960,-527,0.43,0.79,5759.72208,0.425574263,11821.4915,0.790206651,-0.364632388
7800,-4935,5767,11862,13531,14968,-527,0.43,0.79,5758.71809,0.425594419,11825.7435,0.790068379,-0.36447396
7800,-4938,5770,11863,13535,14960,-527,0.43,0.79,5761.72341,0.425690684,11826.4915,0.790540876,-0.364850192
7800,-4936,5768,11859,13535,14960,-527,0.43,0.79,5759.72341,0.425542919,11822.4915,0.790273496,-0.364730577
7800,-4939,5769,11861,13531,14961,-527,0.43,0.79,5760.71809,0.425742228,11824.523,0.79035646,-0.364614232
7800,-4935,5760,11861,13522,14962,-527,0.43,0.79,5751.70612,0.425359127,11824.5545,0.790305741,-0.364946614
7800,-4933,5768,11865,13527,14961,-539,0.43,0.79,5759.71277,0.425793803,11828.523,0.790623822,-0.364830019
7800,-4934,5769,11865,13535,14970,-555,0.43,0.79,5760.72341,0.425616802,11828.8065,0.790167435,-0.364550633
7800,-4935,5764,11858,13524,14958,-570,0.43,0.79,5755.70878,0.42559219,11821.4285,0.790308096,-0.364715906
7800,-4933,5768,11863,13536,14966,-586,0.43,0.79,5759.72474,0.425511579,11826.6805,0.79023657,-0.36472499
7800,-4933,5766,11867,13532,14969,-589,0.43,0.79,5757.71942,0.425489168,11830.775,0.790351727,-0.364862559
7800,-4934,5770,11863,13531,14962,-589,0.43,0.79,5761.71809,0.425816133,11826.5545,0.790439413,-0.364623281
7800,-4935,5768,11859,13536,14959,-589,0.43,0.79,5759.72474,0.425511579,11822.46,0.79032422,-0.36481264
7800,-4932,5767,11868,13537,14971,-589,0.43,0.79,5758.72607,0.425406373,11831.838,0.790317146,-0.364910774
7800,-4937,5769,11865,13535,14964,-589,0.43,0.79,5760.72341,0.425616802,11828.6175,0.790471632,-0.36485483
7800,-4936,5770,11864,13538,14961,-589,0.43,0.79,5761.7274,0.425596646,11827.523,0.790556981,-0.364960335
7800,-4938,5768,11865,13530,14963,-844,0.43,0.79,5759.71676,0.425699687,11828.586,0.790522355,-0.364822669
7800,-4930,5772,11870,13537,14979,-1160,0.43,0.79,5763.72607,0.425775731,11834.09,0.790045397,-0.364269666
7800,-4935,5765,11861,13531,14965,-1476,0.43,0.79,5756.71809,0.425446611,11824.649,0.790153625,-0.364707014
7799,-4935,5765,11864,13532,14968,-1792,0.43,0.79,5756.71942,0.425415269,11827.7435,0.790201998,-0.364786729
7799,-4934,5770,11865,13530,14963,-1853,0.43,0.79,5761.71676,0.425847506,11828.586,0.790522355,-0.364674849
7799,-4931,5767,11856,13524,14954,-1853,0.43,0.79,5758.70878,0.425814018,11819.3025,0.790377324,-0.364563306
7800,-4935,5767,11863,13533,14963,-1853,0.43,0.79,5758.72075,0.425531719,11826.586,0.790388692,-0.364856973
7800,-4932,5768,11856,13523,14958,-1853,0.43,0.79,5759.70745,0.425919356,11819.4285,0.790174388,-0.364255032
7800,-4938,5763,11850,13521,14955,-1853,0.43,0.79,5754.70479,0.425612365,11813.334,0.789925376,-0.364313011
7800,-4928,5761,11858,13511,14962,-1853,0.43,0.79,5752.69149,0.425778365,11821.5545,0.790105233,-0.364326868
7800,-4934,5764,11865,13517,14967,-1386,0.43,0.79,5755.69947,0.425811901,11828.712,0.790319503,-0.364507602
7800,-4936,5755,11861,13514,14956,-804,0.43,0.79,5746.69548,0.425240157,11824.3655,0.790610156,-0.36537
7800,-4938,5758,11865,13516,14965,-221,0.43,0.79,5749.69814,0.425399389,11828.649,0.790420915,-0.365021527
7800,-4936,5761,11864,13514,14969,360,0.43,0.79,5752.69548,0.425684141,11827.775,0.790151313,-0.364467172
7800,-4930,5760,11857,13504,14964,475,0.43,0.79,5751.68218,0.425924332,11820.6175,0.789937016,-0.364012683
7800,-4934,5763,11860,13517,14969,475,0.43,0.79,5754.69947,0.42573792,11823.775,0.789884094,-0.364146173
7800,-4935,5761,11868,13512,14969,475,0.43,0.79,5752.69282,0.425746952,11831.775,0.790418532,-0.364671579
7800,-4935,5761,11858,13515,14957,475,0.43,0.79,5752.69681,0.425652742,11821.397,0.790358829,-0.364706087
7800,-4932,5763,11860,13514,14968,475,0.43,0.79,5754.69548,0.425832136,11823.7435,0.789934761,-0.364102625
7800,-4934,5762,11868,13520,14973,475,0.43,0.79,5753.70346,0.425569783,11831.901,0.790215788,-0.364646006
7800,-4932,5758,11868,13511,14973,379,0.43,0.79,5749.69149,0.425556324,11831.901,0.790215788,-0.364659465
7800,-4934,5764,11856,13519,14963,260,0.43,0.79,5755.70213,0.425749103,11819.586,0.789920871,-0.364171768
7800,-4935,5768,11862,13526,14964,141,0.43,0.79,5759.71144,0.425825184,11825.6175,0.790271151,-0.364445967
7800,-4934,5752,11855,13500,14959,22,0.43,0.79,5743.67686,0.425457545,11818.46,0.790056822,-0.364599277
7800,-4932,5760,11857,13511,14958,0,0.43,0.79,5751.69149,0.425704351,11820.4285,0.790241242,-0.364536891
7799,-4933,5758,11856,13510,14959,0,0.43,0.79,5749.69016,0.425587725,11819.46,0.790123671,-0.364535947
7799,-4933,5760,11865,13509,14961,0,0.43,0.79,5751.68883,0.42576718,11828.523,0.790623822,-0.364856642
7799,-4933,5761,11855,13516,14957,0,0.43,0.79,5752.69814,0.425621348,11818.397,0.790158254,-0.364536906
7800,-4935,5760,11864,13514,14964,0,0.43,0.79,5751.69548,0.425610144,11827.6175,0.790404805,-0.364794661
7800,-4931,5772,11858,13527,14955,0,0.43,0.79,5763.71277,0.426089508,11821.334,0.790460314,-0.364370807
7800,-4934,5764,11864,13526,14961,-287,0.43,0.79,5755.71144,0.425529457,11827.523,0.790556981,-0.365027524
7800,-4936,5756,11860,13511,14957,-644,0.43,0.79,5747.69149,0.425408296,11823.397,0.790492545,-0.365084249
7800,-4936,5761,11863,13520,14964,-1001,0.43,0.79,5752.70346,0.425495818,11826.6175,0.790337978,-0.36484216
7800,-4935,5754,11867,13509,14969,-1358,0.43,0.79,5745.68883,0.425323031,11830.775,0.790351727,-0.365028696
7800,-4932,5759,11863,13520,14965,-1430,0.43,0.79,5750.70346,0.425347889,11826.649,0.79028727,-0.364939381
7800,-4936,5760,11868,13519,14966,-1430,0.43,0.79,5751.70213,0.425453224,11831.6805,0.79057066,-0.365117437
7800,-4934,5764,11860,13512,14963,-1430,0.43,0.79,5755.69282,0.425968977,11823.586,0.790188198,-0.36421922
7800,-4934,5763,11867,13521,14969,-1430,0.43,0.79,5754.70479,0.425612365,11830.775,0.790351727,-0.364739362
7800,-4935,5764,11864,13526,14964,-1430,0.43,0.79,5755.71144,0.425529457,11827.6175,0.790404805,-0.364875348
7800,-4937,5762,11858,13529,14959,-1429,0.43,0.79,5753.71543,0.425287562,11821.46,0.79025737,-0.364969808
7800,-4936,5759,11865,13514,14969,-1429,0.43,0.79,5750.69548,0.425536146,11828.775,0.790218117,-0.364681971
7800,-4935,5760,11865,13514,14970,-1429,0.43,0.79,5751.69548,0.425610144,11828.8065,0.790167435,-0.364557291
7800,-4935,5768,11860,13531,14963,-1429,0.43,0.79,5759.71809,0.425668324,11823.586,0.790188198,-0.364519874
7800,-4933,5757,11861,13506,14961,-1429,0.43,0.79,5748.68484,0.425639334,11824.523,0.79035646,-0.364717127
7800,-4935,5764,11860,13510,14959,-1429,0.43,0.79,5755.69016,0.42603184,11823.46,0.790391069,-0.364359229
7800,-4935,5766,11861,13531,14961,-1429,0.43,0.79,5757.71809,0.425520515,11824.523,0.79035646,-0.364835945
7800,-4933,5759,11861,13505,14960,-1429,0.43,0.79,5750.68351,0.425818846,11824.4915,0.790407186,-0.36458834
7800,-4932,5765,11869,13523,14971,-1429,0.43,0.79,5756.70745,0.425697512,11832.838,0.790383942,-0.364686431
7800,-4935,5769,11866,13535,14971,-1429,0.43,0.79,5760.72341,0.425616802,11829.838,0.790183555,-0.364566753
7799,-4930,5777,11865,13556,14972,-1429,0.43,0.79,5768.75134,0.425549671,11828.8695,0.79006609,-0.364516419
7799,-4935,5764,11869,13535,14971,-1365,0.43,0.79,5755.72341,0.425247389,11832.838,0.790383942,-0.365136553
7799,-4930,5765,11851,13530,14962,-1258,0.43,0.79,5756.71676,0.425477957,11814.5545,0.789637381,-0.364159424
7800,-4938,5759,11855,13526,14956,-1151,0.43,0.79,5750.71144,0.425159799,11818.3655,0.79020898,-0.365049181
7800,-4938,5786,11866,13571,14967,-1043,0.43,0.79,5777.77129,0.425743961,11829.712,0.790386317,-0.364642356
7800,-4935,5779,11859,13552,14963,-1000,0.43,0.79,5770.74602,0.425822463,11822.586,0.790121366,-0.364298903
7800,-4939,5777,11865,13552,14971,-1000,0.43,0.79,5768.74602,0.425674883,11828.838,0.790116759,-0.364441876
7800,-4939,5772,11856,13540,14957,-1000,0.43,0.79,5763.73006,0.425681688,11819.397,0.790225112,-0.364543424
7800,-4935,5769,11858,13539,14960,-1000,0.43,0.79,5760.72873,0.425491449,11821.4915,0.790206651,-0.364715202
7800,-4933,5774,11868,13539,14967,-1000,0.43,0.79,5765.72873,0.425860753,11831.712,0.790519944,-0.364659191
7800,-4935,5768,11859,13535,14958,-1000,0.43,0.79,5759.72341,0.425542919,11822.4285,0.79037495,-0.364832031
7800,-4938,5773,11864,13533,14963,-779,0.43,0.79,5764.72075,0.425975079,11827.586,0.790455524,-0.364480444
7800,-4938,5773,11869,13554,14971,-410,0.43,0.79,5764.74868,0.425317152,11832.838,0.790383942,-0.36506679
7800,-4937,5770,11865,13550,14966,-41,0.43,0.79,5761.74336,0.425220912,11828.6805,0.790370206,-0.365149294
7800,-4938,5779,11856,13563,14956,327,0.43,0.79,5770.76065,0.425478187,11819.3655,0.790275842,-0.364797655
7800,-4934,5771,11861,13535,14964,475,0.43,0.79,5762.72341,0.425764567,11824.6175,0.790204324,-0.364439757
7800,-4932,5769,11869,13532,14969,475,0.43,0.79,5760.71942,0.425710865,11832.775,0.790485336,-0.364774472
7800,-4935,5772,11858,13548,14963,475,0.43,0.79,5763.7407,0.425431112,11821.586,0.790054535,-0.364623423
7800,-4936,5774,11858,13546,14965,475,0.43,0.79,5765.73804,0.425641373,11821.649,0.789953157,-0.364311784
7800,-4934,5771,11870,13541,14968,475,0.43,0.79,5762.73139,0.4255765,11833.7435,0.790602853,-0.365026352
7800,-4929,5767,11860,13531,14966,475,0.43,0.79,5758.71809,0.425594419,11823.6805,0.790036115,-0.364441696
7800,-4933,5774,11861,13540,14962,475,0.43,0.79,5765.73006,0.425829399,11824.5545,0.790305741,-0.364476342
7800,-4935,5769,11864,13528,14963,482,0.43,0.79,5760.7141,0.425836347,11827.586,0.790455524,-0.364619177
7800,-4938,5764,11861,13531,14959,495,0.43,0.79,5755.71809,0.425372706,11824.46,0.790457918,-0.365085212
7800,-4936,5780,11863,13564,14961,507,0.43,0.79,5771.76198,0.425520641,11826.523,0.790490141,-0.3649695
7800,-4935,5779,11857,13555,14962,520,0.43,0.79,5770.75001,0.425728514,11820.5545,0.790038397,-0.364309883
7800,-4934,5771,11859,13539,14955,525,0.43,0.79,5762.72873,0.425639171,11822.334,0.790527182,-0.364888011
7800,-4937,5784,11855,13569,14958,525,0.43,0.79,5775.76863,0.425659122,11818.4285,0.790107534,-0.364448412
7800,-4936,5770,11860,13530,14962,525,0.43,0.79,5761.71676,0.425847506,11823.5545,0.790238905,-0.364391399
7800,-4935,5769,11857,13528,14962,525,0.43,0.79,5760.7141,0.425836347,11820.5545,0.790038397,-0.36420205
7800,-4935,5770,11857,13532,14956,525,0.43,0.79,5761.71942,0.425784764,11820.3655,0.790342705,-0.364557942
7800,-4935,5769,11854,13540,14958,446,0.43,0.79,5760.73006,0.425460123,11817.4285,0.790040681,-0.364580558
7800,-4936,5762,11866,13522,14969,314,0.43,0.79,5753.70612,0.425507034,11829.775,0.790284922,-0.364777888
7800,-4935,5764,11865,13535,14967,183,0.43,0.79,5755.72341,0.425247389,11828.712,0.790319503,-0.365072114
7800,-4936,5779,11859,13557,14959,51,0.43,0.79,5770.75267,0.425665905,11822.46,0.79032422,-0.364658315
7800,-4932,5781,11858,13560,14961,0,0.43,0.79,5772.75666,0.425719518,11821.523,0.790155939,-0.364436421
7800,-4937,5765,11866,13526,14966,0,0.43,0.79,5756.71144,0.425603389,11829.6805,0.790437024,-0.364833635
7800,-4935,5779,11862,13558,14959,0,0.43,0.79,5770.754,0.425634607,11825.46,0.790524768,-0.364890161
7800,-4936,5768,11857,13532,14952,0,0.43,0.79,5759.71942,0.425636966,11820.2395,0.790545713,-0.364908747
7800,-4934,5772,11854,13534,14963,0,0.43,0.79,5763.72208,0.425869815,11817.586,0.789787208,-0.363917393
7800,-4934,5767,11853,13529,14950,0,0.43,0.79,5758.71543,0.425657139,11816.1765,0.790379699,-0.36472256
7800,-4935,5767,11850,13531,14949,-84,0.43,0.79,5758.71809,0.425594419,11813.145,0.790229781,-0.364635362
7800,-4935,5773,11849,13531,14950,-292,0.43,0.79,5764.71809,0.426037846,11812.1765,0.79011214,-0.364074295
7800,-4935,5767,11856,13536,14951,-500,0.43,0.79,5758.72474,0.425437702,11819.208,0.790529597,-0.365091894
7800,-4935,5765,11848,13532,14947,-709,0.43,0.79,5756.71942,0.425415269,11811.082,0.790197498,-0.364782229
7800,-4936,5758,11854,13520,14951,-834,0.43,0.79,5749.70346,0.425273925,11817.208,0.790395826,-0.365121902
7800,-4934,5774,11850,13541,14952,-834,0.43,0.79,5765.73139,0.42579805,11813.2395,0.790077548,-0.364279499
7800,-4934,5775,11846,13554,14941,-834,0.43,0.79,5766.74868,0.42546471,11808.893,0.790368315,-0.364903605
7800,-4930,5761,11852,13520,14956,-834,0.43,0.79,5752.70346,0.425495818,11815.3655,0.790008391,-0.364512573
7800,-4938,5771,11869,13535,14973,-834,0.43,0.79,5762.72341,0.425764567,11832.901,0.790282575,-0.364518009
7800,-4934,5768,11863,13528,14962,-834,0.43,0.79,5759.7141,0.425762426,11826.5545,0.790439413,-0.364676987
7800,-4936,5761,11856,13524,14961,-780,0.43,0.79,5752.70878,0.425370362,11819.523,0.790022258,-0.364651896
7800,-4932,5764,11859,13530,14963,-691,0.43,0.79,5755.71676,0.425404047,11822.586,0.790121366,-0.364717319
7800,-4934,5771,11857,13533,14962,-602,0.43,0.79,5762.72075,0.425827293,11820.5545,0.790038397,-0.364211105
7800,-4932,5768,11849,13534,14952,-512,0.43,0.79,5759.72208,0.425574263,11812.2395,0.790010667,-0.364436404
7800,-4933,5763,11852,13525,14953,-477,0.43,0.79,5754.71011,0.425486884,11815.271,0.79016057,-0.364673685
7800,-4936,5770,11852,13534,14955,-477,0.43,0.79,5761.72208,0.425722039,11815.334,0.790059111,-0.364337071
7800,-4936,5763,11853,13530,14949,-477,0.43,0.79,5754.71676,0.425330137,11816.145,0.790430464,-0.365100326
7800,-4933,5771,11861,13535,14960,-477,0.43,0.79,5762.72341,0.425764567,11824.4915,0.790407186,-0.364642619
7800,-4934,5762,11856,13523,14959,-477,0.43,0.79,5753.70745,0.425475667,11819.46,0.790123671,-0.364648004
7800,-4935,5765,11887,13531,14988,-477,0.43,0.79,5756.71809,0.425446611,11851.3735,0.790724146,-0.365277535
7800,-4929,5771,11876,13535,14985,-542,0.43,0.79,5762.72341,0.425764567,11840.279,0.790142075,-0.364377509
7800,-4935,5764,11871,13526,14969,-650,0.43,0.79,5755.71144,0.425529457,11834.775,0.790618946,-0.365089488
7800,-4936,5766,11869,13527,14968,-758,0.43,0.79,5757.71277,0.42564595,11832.7435,0.790536044,-0.364890093
7800,-4934,5767,11857,13528,14967,-866,0.43,0.79,5758.7141,0.425688505,11820.712,0.789784994,-0.364096488
7800,-4934,5767,11886,13532,14989,-910,0.43,0.79,5758.71942,0.425563067,11850.405,0.790606778,-0.365043711
7800,-4933,5768,11884,13531,14992,-910,0.43,0.79,5759.71809,0.425668324,11848.4995,0.790321471,-0.364653148
7800,-4936,5767,11874,13534,14984,-910,0.43,0.79,5758.72208,0.425500375,11838.2475,0.79005923,-0.364558854
7800,-4936,5762,11871,13527,14966,-910,0.43,0.79,5753.71277,0.425350245,11834.6805,0.790771115,-0.365420869
7800,-4936,5764,11865,13527,14964,-910,0.43,0.79,5755.71277,0.425498098,11828.6175,0.790471632,-0.364973534
7800,-4936,5767,11864,13533,14972,-909,0.43,0.79,5758.72075,0.425531719,11827.8695,0.789999299,-0.36446758
7800,-4933,5764,11873,13530,14977,-1010,0.43,0.79,5755.71676,0.425404047,11837.027,0.790346999,-0.364942951
7800,-4934,5765,11873,13530,14977,-1178,0.43,0.79,5756.71676,0.425477957,11837.027,0.790346999,-0.364869042
7800,-4934,5763,11869,13523,14971,-1345,0.43,0.79,5754.70745,0.425549615,11832.838,0.790383942,-0.364834327
7800,-4936,5765,11870,13524,14974,-1513,0.43,0.79,5756.70878,0.425666133,11833.9325,0.790298684,-0.364632552
7801,-4938,5765,11885,13524,14987,-1580,0.43,0.79,5756.70878,0.425666133,11849.342,0.790641356,-0.364975223
7801,-4932,5768,11867,13534,14967,-1580,0.43,0.79,5759.72208,0.425574263,11830.712,0.79045313,-0.364878867
7801,-4933,5768,11873,13534,14973,-1580,0.43,0.79,5759.72208,0.425574263,11836.901,0.790549723,-0.364975459
7800,-4938,5769,11881,13541,14988,-1580,0.43,0.79,5760.73139,0.425428801,11845.3735,0.790323826,-0.364895025
7800,-4933,5768,11876,13527,14982,-1580,0.43,0.79,5759.71277,0.425793803,11840.1845,0.790293986,-0.364500183
7800,-4930,5771,11863,13533,14964,-1580,0.43,0.79,5762.72075,0.425827293,11826.6175,0.790337978,-0.364510685
7800,-4931,5759,11878,13519,14987,-1509,0.43,0.79,5750.70213,0.425379254,11842.342,0.790174284,-0.364795031
7800,-4931,5766,11863,13532,14967,-1392,0.43,0.79,5757.71942,0.425489168,11826.712,0.790185876,-0.364696708
7800,-4933,5767,11856,13530,14956,-1275,0.43,0.79,5758.71676,0.425625777,11819.3655,0.790275842,-0.364650066
7800,-4936,5769,11868,13528,14971,-1158,0.43,0.79,5760.7141,0.425836347,11831.838,0.790317146,-0.3644808
7800,-4930,5768,11892,13531,15001,-1112,0.43,0.79,5759.71809,0.425668324,11856.783,0.790399507,-0.364731183
7800,-4933,5768,11864,13536,14963,-1112,0.43,0.79,5759.72474,0.425511579,11827.586,0.790455524,-0.364943944
7800,-4937,5769,11877,13532,14988,-1112,0.43,0.79,5760.71942,0.425710865,11841.3735,0.790056946,-0.364346081
7800,-4935,5764,11860,13534,14966,-1112,0.43,0.79,5755.72208,0.425278711,11823.6805,0.790036115,-0.364757404
7800,-4933,5766,11859,13533,14960,-1112,0.43,0.79,5757.72075,0.425457825,11822.4915,0.790273496,-0.364815671
7800,-4933,5769,11863,13531,14965,-1112,0.43,0.79,5760.71809,0.425742228,11826.649,0.79028727,-0.364545042
7800,-4935,5765,11887,13526,14997,-1005,0.43,0.79,5756.71144,0.425603389,11851.657,0.79026852,-0.364665131
7800,-4934,5768,11864,13531,14969,-827,0.43,0.79,5759.71809,0.425668324,11827.775,0.790151313,-0.364482989
7800,-4935,5767,11865,13534,14975,-649,0.43,0.79,5758.72208,0.425500375,11828.964,0.789914124,-0.364413748
7800,-4932,5770,11861,13534,14962,-471,0.43,0.79,5761.72208,0.425722039,11824.5545,0.790305741,-0.364583702
7800,-4930,5769,11873,13533,14988,-400,0.43,0.79,5760.72075,0.425679506,11837.3735,0.789790065,-0.36411056
7800,-4934,5769,11867,13534,14970,-400,0.43,0.79,5760.72208,0.425648151,11830.8065,0.790301035,-0.364652884
7800,-4934,5770,11887,13538,14992,-400,0.43,0.79,5761.7274,0.425596646,11851.4995,0.790521578,-0.364924932
7800,-4933,5767,11862,13523,14968,-400,0.43,0.79,5758.70745,0.425845408,11825.7435,0.790068379,-0.364222971
7800,-4940,5767,11871,13535,14970,-400,0.43,0.79,5758.72341,0.425469037,11834.8065,0.790568236,-0.3650992
7800,-4930,5767,11867,13534,14972,-400,0.43,0.79,5758.72208,0.425500375,11830.8695,0.790199673,-0.364699297
7800,-4932,5784,11861,13563,14965,-412,0.43,0.79,5775.76065,0.425846837,11824.649,0.790153625,-0.364306788
7800,-4930,5766,11864,13529,14968,-431,0.43,0.79,5757.71543,0.425583223,11827.7435,0.790201998,-0.364618774
7800,-4934,5771,11865,13530,14966,-450,0.43,0.79,5762.71676,0.425921416,11828.6805,0.790370206,-0.36444879
7800,-4935,5765,11861,13527,14970,-469,0.43,0.79,5756.71277,0.425572024,11824.8065,0.789900234,-0.36432821
7800,-4934,5767,11864,13529,14961,-477,0.43,0.79,5758.71543,0.425657139,11827.523,0.790556981,-0.364899843
7800,-4935,5763,11858,13527,14958,-477,0.43,0.79,5754.71277,0.425424172,11821.4285,0.790308096,-0.364883924
7800,-4930,5770,11864,13530,14971,-477,0.43,0.79,5761.71676,0.425847506,11827.838,0.790049963,-0.364202457
7800,-4937,5773,11860,13540,14962,-477,0.43,0.79,5764.73006,0.425755544,11823.5545,0.790238905,-0.364483362
7800,-4937,5773,11863,13538,14965,-477,0.43,0.79,5764.7274,0.425818245,11826.649,0.79028727,-0.364469025
7800,-4939,5771,11863,13535,14960,-477,0.43,0.79,5762.72341,0.425764567,11826.4915,0.790540876,-0.364776309
7800,-4934,5769,11867,13532,14980,-477,0.43,0.79,5760.71942,0.425710865,11831.1215,0.789794493,-0.364083628
7800,-4931,5768,11861,13537,14963,-477,0.43,0.79,5759.72607,0.425480245,11824.586,0.790255029,-0.364774785
7800,-4933,5772,11867,13539,14971,-477,0.43,0.79,5763.72873,0.425713031,11830.838,0.790250351,-0.364537319
7800,-4933,5767,11861,13527,14967,-477,0.43,0.79,5758.71277,0.425719877,11824.712,0.790052248,-0.364332372
7800,-4933,5767,11868,13526,14967,-477,0.43,0.79,5758.71144,0.425751252,11831.712,0.790519944,-0.364768691
7800,-4940,5769,11860,13540,14962,-477,0.43,0.79,5760.73006,0.425460123,11823.5545,0.790238905,-0.364778783
7800,-4935,5765,11865,13533,14977,-477,0.43,0.79,5756.72075,0.425383932,11829.027,0.789812846,-0.364428914
7800,-4933,5771,11861,13535,14965,-477,0.43,0.79,5762.72341,0.425764567,11824.649,0.790153625,-0.364389058
7800,-4936,5768,11864,13536,14964,-477,0.43,0.79,5759.72474,0.425511579,11827.6175,0.790404805,-0.364893225
7800,-4930,5770,11864,13533,14970,-477,0.43,0.79,5761.72075,0.425753399,11827.8065,0.790100635,-0.364347236
7800,-4933,5771,11866,13538,14972,-670,0.43,0.79,5762.7274,0.425670513,11829.8695,0.790132881,-0.364462369
7800,-4934,5769,11863,13530,14967,-992,0.43,0.79,5760.71676,0.425773596,11826.712,0.790185876,-0.364412279
7800,-4934,5763,11870,13512,14972,-1314,0.43,0.79,5754.69282,0.425894969,11833.8695,0.790400047,-0.364505078
7800,-4936,5762,11863,13523,14960,-1637,0.43,0.79,5753.70745,0.425475667,11826.4915,0.790540876,-0.365065208
7800,-4930,5770,11867,13541,14977,-1766,0.43,0.79,5761.73139,0.42550265,11831.027,0.789946384,-0.364443734
7800,-4938,5764,11864,13526,14962,-1766,0.43,0.79,5755.71144,0.425529457,11827.5545,0.790506249,-0.364976792
7800,-4931,5770,11863,13530,14966,-1766,0.43,0.79,5761.71676,0.425847506,11826.6805,0.79023657,-0.364389063
7800,-4935,5766,11858,13532,14966,-1766,0.43,0.79,5757.71942,0.425489168,11821.6805,0.789902479,-0.364413311
7800,-4936,5769,11861,13532,14964,-1766,0.43,0.79,5760.71942,0.425710865,11824.6175,0.790204324,-0.364493459
7800,-4935,5771,11863,13537,14968,-1766,0.43,0.79,5762.72607,0.425701859,11826.7435,0.790135188,-0.364433329
7800,-4934,5768,11870,13528,14973,-1572,0.43,0.79,5759.7141,0.425762426,11833.901,0.790349362,-0.364586936
7800,-4933,5769,11862,13527,14965,-1250,0.43,0.79,5760.71277,0.425867729,11825.649,0.790220448,-0.364352719
7800,-4932,5762,11864,13524,14966,-928,0.43,0.79,5753.70878,0.425444305,11827.6805,0.790303388,-0.364859083
7800,-4933,5766,11863,13525,14969,-606,0.43,0.79,5757.71011,0.425708696,11826.775,0.790084508,-0.364375812
7800,-4931,5769,11856,13536,14962,-477,0.43,0.79,5760.72474,0.425585457,11819.5545,0.789971561,-0.364386105
7800,-4935,5767,11865,13526,14962,-477,0.43,0.79,5758.71144,0.425751252,11828.5545,0.790573085,-0.364821833
7801,-4933,5764,11868,13525,14970,-477,0.43,0.79,5755.71011,0.425560821,11831.8065,0.790367836,-0.364807014
7801,-4935,5765,11870,13525,14974,-477,0.43,0.79,5756.71011,0.425634759,11833.9325,0.790298684,-0.364663926
7801,-4932,5767,11866,13528,14971,-477,0.43,0.79,5758.7141,0.425688505,11829.838,0.790183555,-0.36449505
7800,-4932,5764,11866,13526,14967,-477,0.43,0.79,5755.71144,0.425529457,11829.712,0.790386317,-0.364856859
7800,-4933,5767,11866,13531,14969,-542,0.43,0.79,5758.71809,0.425594419,11829.775,0.790284922,-0.364690503
7800,-4932,5769,11864,13529,14961,-650,0.43,0.79,5760.71543,0.425804969,11827.523,0.790556981,-0.364752012
7800,-4935,5770,11863,13531,14968,-758,0.43,0.79,5761.71809,0.425816133,11826.7435,0.790135188,-0.364319056
7800,-4934,5767,11869,13531,14967,-866,0.43,0.79,5758.71809,0.425594419,11832.712,0.790586758,-0.364992338
7800,-4932,5763,11862,13532,14967,-910,0.43,0.79,5754.71942,0.425267471,11825.712,0.790119062,-0.364851591
7800,-4935,5760,11863,13526,14964,-910,0.43,0.79,5751.71144,0.425233731,11826.6175,0.790337978,-0.365104247
7800,-4937,5765,11866,13529,14968,-910,0.43,0.79,5756.71543,0.425509308,11829.7435,0.790335616,-0.364826308
7800,-4937,5762,11860,13532,14959,-910,0.43,0.79,5753.71942,0.425193572,11823.46,0.790391069,-0.365197497
7800,-4939,5765,11864,13532,14969,-910,0.43,0.79,5756.71942,0.425415269,11827.775,0.790151313,-0.364736044
7800,-4934,5765,11869,13521,14974,-910,0.43,0.79,5756.70479,0.425760283,11832.9325,0.790231902,-0.364471619
7801,-4938,5760,11863,13521,14966,-845,0.43,0.79,5751.70479,0.425390488,11826.6805,0.79023657,-0.364846081
7801,-4938,5762,11855,13523,14956,-736,0.43,0.79,5753.70745,0.425475667,11818.3655,0.79020898,-0.364733312
7801,-4934,5763,11857,13525,14962,-628,0.43,0.79,5754.71011,0.425486884,11820.5545,0.790038397,-0.364551513
7800,-4935,5768,11865,13531,14962,-520,0.43,0.79,5759.71809,0.425668324,11828.5545,0.790573085,-0.364904761
7800,-4936,5766,11866,13530,14970,-477,0.43,0.79,5757.71676,0.425551867,11829.8065,0.790234235,-0.364682368
7800,-4937,5763,11863,13531,14963,-477,0.43,0.79,5754.71809,0.425298802,11826.586,0.790388692,-0.36508989
7800,-4938,5763,11861,13524,14960,-477,0.43,0.79,5754.70878,0.425518248,11824.4915,0.790407186,-0.364888938
7800,-4934,5765,11865,13523,14960,-477,0.43,0.79,5756.70745,0.425697512,11828.4915,0.790674566,-0.364977054
7800,-4935,5765,11865,13532,14963,-477,0.43,0.79,5756.71942,0.425415269,11828.586,0.790522355,-0.365107086
7800,-4929,5773,11865,13531,14964,-477,0.43,0.79,5764.71809,0.426037846,11828.6175,0.790471632,-0.364433786
7800,-4934,5767,11860,13522,14962,-484,0.43,0.79,5758.70612,0.425876802,11823.5545,0.790238905,-0.364362103
7799,-4931,5770,11860,13533,14968,-497,0.43,0.79,5761.72075,0.425753399,11823.7435,0.789934761,-0.364181362
7799,-4937,5766,11864,13527,14962,-509,0.43,0.79,5757.71277,0.42564595,11827.5545,0.790506249,-0.364860299
7799,-4936,5767,11870,13524,14975,-522,0.43,0.79,5758.70878,0.425814018,11833.964,0.790248013,-0.364433995
7800,-4934,5769,11868,13536,14972,-527,0.43,0.79,5760.72474,0.425585457,11831.8695,0.790266464,-0.364681008
7800,-4937,5766,11862,13516,14961,-527,0.43,0.79,5757.69814,0.42599128,11825.523,0.790423301,-0.364432021
7800,-4934,5765,11861,13524,14963,-527,0.43,0.79,5756.70878,0.425666133,11824.586,0.790255029,-0.364588896
7800,-4935,5767,11866,13527,14971,-527,0.43,0.79,5758.71277,0.425719877,11829.838,0.790183555,-0.364463678
7800,-4938,5761,11867,13524,14965,-527,0.43,0.79,5752.70878,0.425370362,11830.649,0.790554561,-0.365184198
7800,-4937,5763,11859,13526,14956,-527,0.43,0.79,5754.71144,0.425455526,11822.3655,0.790476431,-0.365020905
7800,-4939,5762,11869,13524,14967,-721,0.43,0.79,5753.70878,0.425444305,11832.712,0.790586758,-0.365142453
7800,-4936,5770,11862,13536,14961,-1044,0.43,0.79,5761.72474,0.425659334,11825.523,0.790423301,-0.364763967
7800,-4939,5769,11860,13539,14960,-1367,0.43,0.79,5760.72873,0.425491449,11823.4915,0.790340341,-0.364848892
7800,-4936,5761,11856,13527,14954,-1690,0.43,0.79,5752.71277,0.425276319,11819.3025,0.790377324,-0.365101005
7800,-4937,5766,11867,13528,14966,-1819,0.43,0.79,5757.7141,0.425614585,11830.6805,0.790503842,-0.364889257
7800,-4939,5767,11862,13533,14963,-1819,0.43,0.79,5758.72075,0.425531719,11825.586,0.790321861,-0.364790142
7800,-4937,5769,11866,13528,14963,-1819,0.43,0.79,5760.7141,0.425836347,11829.586,0.790589187,-0.36475284
7800,-4938,5764,11863,13532,14963,-1819,0.43,0.79,5755.71942,0.42534137,11826.586,0.790388692,-0.365047322
7800,-4938,5763,11864,13527,14966,-1819,0.43,0.79,5754.71277,0.425424172,11827.6805,0.790303388,-0.364879216
7801,-4938,5765,11863,13528,14963,-1819,0.43,0.79,5756.7141,0.425540664,11826.586,0.790388692,-0.364848028
7801,-4934,5767,11867,13532,14975,-1396,0.43,0.79,5758.71942,0.425563067,11830.964,0.790047679,-0.364484613
7800,-4936,5769,11868,13532,14971,-692,0.43,0.79,5760.71942,0.425710865,11831.838,0.790317146,-0.364606282
7800,-4932,5768,11865,13532,14966,12,0.43,0.79,5759.71942,0.425636966,11828.6805,0.790370206,-0.36473324
7800,-4935,5765,11866,13533,14974,716,0.43,0.79,5756.72075,0.425383932,11829.9325,0.790031555,-0.364647623
7800,-4936,5763,11862,13533,14967,999,0.43,0.79,5754.72075,0.425236145,11825.712,0.790119062,-0.364882917
7800,-4933,5765,11864,13533,14963,999,0.43,0.79,5756.72075,0.425383932,11827.586,0.790455524,-0.365071592
7800,-4936,5763,11868,13523,14972,999,0.43,0.79,5754.70745,0.425549615,11831.8695,0.790266464,-0.364716849
7800,-4934,5768,11860,13527,14967,999,0.43,0.79,5759.71277,0.425793803,11823.712,0.789985435,-0.364191632
7800,-4936,5765,11865,13527,14968,999,0.43,0.79,5756.71277,0.425572024,11828.7435,0.790268807,-0.364696783
7800,-4936,5763,11871,13521,14974,999,0.43,0.79,5754.70479,0.425612365,11834.9325,0.790365467,-0.364753102
7800,-4937,5766,11866,13529,14967,848,0.43,0.79,5757.71543,0.425583223,11829.712,0.790386317,-0.364803093
7800,-4936,5767,11868,13530,14969,598,0.43,0.79,5758.71676,0.425625777,11831.775,0.790418532,-0.364792755
7800,-4936,5766,11864,13529,14972,348,0.43,0.79,5757.71543,0.425583223,11827.8695,0.789999299,-0.364416075
7800,-4936,5764,11857,13528,14967,98,0.43,0.79,5755.7141,0.425466743,11820.712,0.789784994,-0.364318251
7800,-4935,5767,11878,13534,14983,0,0.43,0.79,5758.72208,0.425500375,11842.216,0.790376827,-0.364876452
7800,-4935,5765,11861,13527,14966,0,0.43,0.79,5756.71277,0.425572024,11824.6805,0.790102933,-0.364530909
7800,-4931,5761,11869,13520,14971,0,0.43,0.79,5752.70346,0.425495818,11832.838,0.790383942,-0.364888124
7800,-4938,5767,11867,13533,14971,0,0.43,0.79,5758.72075,0.425531719,11830.838,0.790250351,-0.364718632
7800,-4935,5771,11867,13529,14963,0,0.43,0.79,5762.71543,0.4259528,11830.586,0.790656018,-0.364703218
7800,-4930,5768,11865,13526,14970,0,0.43,0.79,5759.71144,0.425825184,11828.8065,0.790167435,-0.364342251
7800,-4934,5767,11877,13523,14980,-215,0.43,0.79,5758.70745,0.425845408,11841.1215,0.790462049,-0.364616642
7800,-4935,5770,11866,13536,14967,-572,0.43,0.79,5761.72474,0.425659334,11829.712,0.790386317,-0.364726983
7800,-4937,5767,11859,13531,14961,-929,0.43,0.79,5758.71809,0.425594419,11822.523,0.790222779,-0.36462836
7800,-4940,5769,11862,13538,14962,-1287,0.43,0.79,5760.7274,0.42552278,11825.5545,0.790372577,-0.364849797
7800,-4938,5760,11863,13519,14955,-1429,0.43,0.79,5751.70213,0.425453224,11826.334,0.790794651,-0.365341427
7800,-4934,5763,11864,13528,14969,-1429,0.43,0.79,5754.7141,0.425392822,11827.775,0.790151313,-0.36475849
7800,-4935,5765,11863,13528,14962,-1430,0.43,0.79,5756.7141,0.425540664,11826.5545,0.790439413,-0.364898749
7800,-4935,5763,11861,13516,14966,-1429,0.43,0.79,5754.69814,0.425769321,11824.6805,0.790102933,-0.364333613
7800,-4931,5768,11859,13521,14961,-1430,0.43,0.79,5759.70479,0.42598216,11822.523,0.790222779,-0.364240619
7800,-4935,5768,11856,13529,14956,-1429,0.43,0.79,5759.71543,0.425731054,11819.3655,0.790275842,-0.364544788
7800,-4932,5765,11863,13525,14962,-1365,0.43,0.79,5756.71011,0.425634759,11826.5545,0.790439413,-0.364804655
7800,-4935,5764,11862,13528,14966,-1258,0.43,0.79,5755.7141,0.425466743,11825.6805,0.790169751,-0.364703008
7800,-4934,5763,11866,13523,14971,-1151,0.43,0.79,5754.70745,0.425549615,11829.838,0.790183555,-0.364633939
7801,-4938,5757,11862,13524,14965,-1043,0.43,0.79,5748.70878,0.425074592,11825.649,0.790220448,-0.365145856
7801,-4935,5764,11863,13528,14961,-1000,0.43,0.79,5755.7141,0.425466743,11826.523,0.790490141,-0.365023398
7801,-4934,5771,11862,13530,14964,-1000,0.43,0.79,5762.71676,0.425921416,11825.6175,0.790271151,-0.364349735
7800,-4934,5771,11867,13533,14970,-1000,0.43,0.79,5762.72075,0.425827293,11830.8065,0.790301035,-0.364473743
7800,-4935,5766,11870,13531,14976,-1000,0.43,0.79,5757.71809,0.425520515,11833.9955,0.790197349,-0.364676834
7800,-4931,5765,11868,13524,14972,-1000,0.43,0.79,5756.70878,0.425666133,11831.8695,0.790266464,-0.364600331
7800,-4932,5771,11860,13530,14969,-1000,0.43,0.79,5762.71676,0.425921416,11823.775,0.789884094,-0.363962678
7800,-4929,5767,11854,13524,14961,-916,0.43,0.79,5758.70878,0.425814018,11817.523,0.789888577,-0.364074559
7800,-4931,5770,11869,13535,14970,-774,0.43,0.79,5761.72341,0.425690684,11832.8065,0.790434636,-0.364743952
7799,-4934,5766,11858,13530,14959,-633,0.43,0.79,5757.71676,0.425551867,11821.46,0.79025737,-0.364705503
7800,-4935,5767,11860,13525,14960,-492,0.43,0.79,5758.71011,0.425782633,11823.4915,0.790340341,-0.364557708
7800,-4935,5764,11859,13526,14963,-435,0.43,0.79,5755.71144,0.425529457,11822.586,0.790121366,-0.364591909
7800,-4932,5769,11865,13536,14965,-435,0.43,0.79,5760.72474,0.425585457,11828.649,0.790420915,-0.364835459
7800,-4934,5769,11858,13530,14962,-435,0.43,0.79,5760.71676,0.425773596,11821.5545,0.790105233,-0.364331637
7800,-4934,5769,11871,13532,14976,-435,0.43,0.79,5760.71942,0.425710865,11834.9955,0.790264123,-0.364553258
7800,-4932,5763,11860,13530,14966,-435,0.43,0.79,5754.71676,0.425330137,11823.6805,0.790036115,-0.364705978
7800,-4933,5766,11858,13527,14957,-435,0.43,0.79,5757.71277,0.42564595,11821.397,0.790358829,-0.364712878
7800,-4935,5766,11866,13530,14966,-535,0.43,0.79,5757.71676,0.425551867,11829.6805,0.790437024,-0.364885157
7800,-4934,5769,11865,13529,14968,-783,0.43,0.79,5760.71543,0.425804969,11828.7435,0.790268807,-0.364463837
7800,-4935,5767,11863,13528,14962,-1032,0.43,0.79,5758.7141,0.425688505,11826.5545,0.790439413,-0.364750908
7800,-4934,5766,11867,13529,14972,-1280,0.43,0.79,5757.71543,0.425583223,11830.8695,0.790199673,-0.364616449
7800,-4937,5765,11862,13530,14968,-1429,0.43,0.79,5756.71676,0.425477957,11825.7435,0.790068379,-0.364590422
7800,-4936,5766,11858,13530,14961,-1429,0.43,0.79,5757.71676,0.425551867,11821.523,0.790155939,-0.364604072
7801,-4939,5767,11868,13536,14967,-1429,0.43,0.79,5758.72474,0.425437702,11831.712,0.790519944,-0.365082241
7801,-4940,5767,11861,13530,14965,-1429,0.43,0.79,5758.71676,0.425625777,11824.649,0.790153625,-0.364527848
7801,-4935,5764,11865,13529,14964,-1430,0.43,0.79,5755.71543,0.425435393,11828.6175,0.790471632,-0.365036239
7801,-4933,5767,11867,13537,14970,-1429,0.43,0.79,5758.72607,0.425406373,11830.8065,0.790301035,-0.364894663
7800,-4936,5766,11859,13531,14961,-1334,0.43,0.79,5757.71809,0.425520515,11822.523,0.790222779,-0.364702264
7800,-4934,5765,11866,13523,14966,-1096,0.43,0.79,5756.70745,0.425697512,11829.6805,0.790437024,-0.364739512
7800,-4937,5767,11856,13534,14956,-858,0.43,0.79,5758.72208,0.425500375,11819.3655,0.790275842,-0.364775467
7800,-4938,5767,11863,13530,14960,-620,0.43,0.79,5758.71676,0.425625777,11826.4915,0.790540876,-0.364915099
7800,-4935,5765,11862,13530,14968,-477,0.43,0.79,5756.71676,0.425477957,11825.7435,0.790068379,-0.364590422
7800,-4936,5765,11863,13523,14962,-477,0.43,0.79,5756.70745,0.425697512,11826.5545,0.790439413,-0.364741902
7801,-4936,5765,11865,13522,14969,-477,0.43,0.79,5756.70612,0.425728895,11828.775,0.790218117,-0.364489222
7800,-4935,5772,11862,13531,14965,-477,0.43,0.79,5763.71809,0.425963941,11825.649,0.790220448,-0.364256506
7800,-4939,5763,11866,13522,14961,-477,0.43,0.79,5754.70612,0.425580988,11829.523,0.790690662,-0.365109674
7800,-4940,5771,11869,13536,14968,-477,0.43,0.79,5762.72474,0.425733211,11832.7435,0.790536044,-0.364802833
7800,-4936,5762,11859,13523,14960,-582,0.43,0.79,5753.70745,0.425475667,11822.4915,0.790273496,-0.364797829
7800,-4936,5771,11863,13528,14959,-1088,0.43,0.79,5762.7141,0.425984188,11826.46,0.790591617,-0.364607429
7800,-4944,5761,11864,13527,14966,-1594,0.43,0.79,5752.71277,0.425276319,11827.6805,0.790303388,-0.365027068
7800,-4938,5765,11863,13531,14958,-2100,0.43,0.79,5756.71809,0.425446611,11826.4285,0.790642365,-0.365195755
7800,-4935,5771,11839,13531,14936,-2501,0.43,0.79,5762.71809,0.425890037,11801.7355,0.790153689,-0.364263652
7800,-4931,5764,11870,13524,14974,-2501,0.43,0.79,5755.70878,0.42559219,11833.9325,0.790298684,-0.364706494
7800,-4935,5762,11856,13529,14959,-2501,0.43,0.79,5753.71543,0.425287562,11819.46,0.790123671,-0.364836109
7800,-4936,5759,11862,13521,14960,-2501,0.43,0.79,5750.70479,0.425316529,11825.4915,0.790474031,-0.365157502
7800,-4936,5769,11854,13529,14955,-2501,0.43,0.79,5760.71543,0.425804969,11817.334,0.790192845,-0.364387876
7800,-4934,5766,11862,13529,14962,-2501,0.43,0.79,5757.71543,0.425583223,11825.5545,0.790372577,-0.364789354
7800,-4933,5770,11866,13532,14967,-2451,0.43,0.79,5761.71942,0.425784764,11829.712,0.790386317,-0.364601553
7800,-4937,5764,11857,13522,14954,-2326,0.43,0.79,5755.70612,0.425654942,11820.3025,0.790444196,-0.364789254
7801,-4935,5764,11872,13530,14976,-2201,0.43,0.79,5755.71676,0.425404047,11835.9955,0.790330896,-0.364926849
7800,-4935,5762,11865,13524,14966,-2076,0.43,0.79,5753.70878,0.425444305,11828.6805,0.790370206,-0.364925901
7800,-4935,5762,11863,13522,14962,-2001,0.43,0.79,5753.70612,0.425507034,11826.5545,0.790439413,-0.364932379
7800,-4937,5766,11859,13521,14963,-2001,0.43,0.79,5757.70479,0.425834242,11822.586,0.790121366,-0.364287124
7800,-4934,5763,11855,13524,14960,-2001,0.43,0.79,5754.70878,0.425518248,11818.4915,0.790006116,-0.364487869
7800,-4937,5770,11856,13535,14954,-2001,0.43,0.79,5761.72341,0.425690684,11819.3025,0.790377324,-0.36468664
7800,-4934,5758,11854,13518,14955,-2001,0.43,0.79,5749.7008,0.425336647,11817.334,0.790192845,-0.364856198
7800,-4938,5763,11866,13527,14967,-2001,0.43,0.79,5754.71277,0.425424172,11829.712,0.790386317,-0.364962145
7801,-4932,5766,11856,13530,14958,-1724,0.43,0.79,5757.71676,0.425551867,11819.4285,0.790174388,-0.364622521
7801,-4936,5767,11865,13529,14965,-1031,0.43,0.79,5758.71543,0.425657139,11828.649,0.790420915,-0.364763777
7800,-4937,5766,11859,13532,14963,-339,0.43,0.79,5757.71942,0.425489168,11822.586,0.790121366,-0.364632198
7800,-4935,5765,11862,13531,14964,352,0.43,0.79,5756.71809,0.425446611,11825.6175,0.790271151,-0.36482454
7800,-4935,5769,11866,13538,14967,768,0.43,0.79,5760.7274,0.42552278,11829.712,0.790386317,-0.364863536
7800,-4936,5767,11866,13534,14966,768,0.43,0.79,5758.72208,0.425500375,11829.6805,0.790437024,-0.364936649
7800,-4931,5763,11863,13517,14966,768,0.43,0.79,5754.69947,0.42573792,11826.6805,0.79023657,-0.364498649
7800,-4940,5764,11859,13531,14957,768,0.43,0.79,5755.71809,0.425372706,11822.397,0.790425687,-0.365052981
7800,-4936,5768,11867,13530,14962,768,0.43,0.79,5759.71676,0.425699687,11830.5545,0.790706757,-0.36500707
7800,-4935,5770,11865,13535,14969,768,0.43,0.79,5761.72341,0.425690684,11828.775,0.790218117,-0.364527433
7800,-4932,5767,11863,13534,14964,691,0.43,0.79,5758.72208,0.425500375,11826.6175,0.790337978,-0.364837602
7800,-4936,5768,11868,13532,14964,498,0.43,0.79,5759.71942,0.425636966,11831.6175,0.790672113,-0.365035147
7800,-4935,5766,11864,13528,14967,306,0.43,0.79,5757.7141,0.425614585,11827.712,0.790252689,-0.364638105
7800,-4938,5763,11857,13523,14959,114,0.43,0.79,5754.70745,0.425549615,11820.46,0.790190521,-0.364640905
7800,-4929,5760,11857,13517,14963,0,0.43,0.79,5751.69947,0.425515978,11820.586,0.789987703,-0.364471725
7800,-4927,5764,11859,13529,14968,0,0.43,0.79,5755.71543,0.425435393,11822.7435,0.789867952,-0.364432559
7800,-4932,5761,11860,13525,14956,0,0.43,0.79,5752.71011,0.42533901,11823.3655,0.790543294,-0.365204284
7800,-4936,5762,11863,13528,14968,0,0.43,0.79,5753.7141,0.425318902,11826.7435,0.790135188,-0.364816287
7800,-4933,5757,11858,13518,14961,0,0.43,0.79,5748.7008,0.425262672,11821.523,0.790155939,-0.364893267
7800,-4939,5759,11857,13516,14957,0,0.43,0.79,5750.69814,0.425473375,11820.397,0.79029197,-0.364818595
7800,-4935,5766,11861,13524,14962,-100,0.43,0.79,5757.70878,0.425740075,11824.5545,0.790305741,-0.364565666
7800,-4937,5764,11864,13519,14967,-350,0.43,0.79,5755.70213,0.425749103,11827.712,0.790252689,-0.364503586
7800,-4937,5762,11856,13521,14959,-600,0.43,0.79,5753.70479,0.425538406,11819.46,0.790123671,-0.364585265
7800,-4936,5763,11866,13523,14967,-850,0.43,0.79,5754.70745,0.425549615,11829.712,0.790386317,-0.364836701
7800,-4932,5764,11859,13527,14964,-1000,0.43,0.79,5755.71277,0.425498098,11822.6175,0.79007067,-0.364572572
7800,-4935,5776,11847,13561,14947,-1000,0.43,0.79,5767.75799,0.425319518,11810.082,0.790130595,-0.364811076
7801,-4935,5762,11863,13526,14961,-1000,0.43,0.79,5753.71144,0.425381594,11826.523,0.790490141,-0.365108547
7801,-4935,5765,11864,13527,14967,-1000,0.43,0.79,5756.71277,0.425572024,11827.712,0.790252689,-0.364680665
7801,-4937,5764,11860,13529,14955,-1000,0.43,0.79,5755.71543,0.425435393,11823.334,0.790594049,-0.365158656
7800,-4931,5772,11863,13536,14964,-1000,0.43,0.79,5763.72474,0.425807088,11826.6175,0.790337978,-0.36453089
7800,-4930,5768,11859,13529,14960,-849,0.43,0.79,5759.71543,0.425731054,11822.4915,0.790273496,-0.364542442
7800,-4931,5764,11856,13528,14963,-598,0.43,0.79,5755.7141,0.425466743,11819.586,0.789920871,-0.364454128
7800,-4938,5761,11860,13525,14959,-348,0.43,0.79,5752.71011,0.42533901,11823.46,0.790391069,-0.365052059
7800,-4940,5765,11860,13528,14956,-99,0.43,0.79,5756.7141,0.425540664,11823.3655,0.790543294,-0.36500263
7800,-4935,5771,11863,13539,14962,0,0.43,0.79,5762.72873,0.425639171,11826.5545,0.790439413,-0.364800243
7800,-4937,5769,11861,13530,14968,0,0.43,0.79,5760.71676,0.425773596,11824.7435,0.79000157,-0.364227974
7799,-4931,5776,11859,13544,14968,0,0.43,0.79,5767.73538,0.425851697,11822.7435,0.789867952,-0.364016255
7800,-4935,5768,11862,13526,14967,0,0.43,0.79,5759.71144,0.425825184,11825.712,0.790119062,-0.364293878
7800,-4937,5770,11863,13533,14963,0,0.43,0.79,5761.72075,0.425753399,11826.586,0.790388692,-0.364635293
7800,-4938,5768,11857,13535,14958,0,0.43,0.79,5759.72341,0.425542919,11820.4285,0.790241242,-0.364698323
7800,-4934,5765,11868,13525,14969,-172,0.43,0.79,5756.71011,0.425634759,11831.775,0.790418532,-0.364783773
7800,-4935,5769,11862,13530,14960,-498,0.43,0.79,5760.71676,0.425773596,11825.4915,0.790474031,-0.364700434
7800,-4933,5767,11863,13528,14969,-825,0.43,0.79,5758.7141,0.425688505,11826.775,0.790084508,-0.364396003
7801,-4938,5764,11862,13534,14968,-1151,0.43,0.79,5755.72208,0.425278711,11825.7435,0.790068379,-0.364789668
7800,-4934,5769,11862,13529,14957,-1305,0.43,0.79,5760.71543,0.425804969,11825.397,0.790626262,-0.364821293
7800,-4933,5768,11863,13533,14968,-1305,0.43,0.79,5759.72075,0.425605612,11826.7435,0.790135188,-0.364529576
7800,-4931,5765,11869,13528,14968,-1305,0.43,0.79,5756.7141,0.425540664,11832.7435,0.790536044,-0.36499538
7800,-4934,5772,11865,13534,14971,-1305,0.43,0.79,5763.72208,0.425869815,11828.838,0.790116759,-0.364246944
7800,-4939,5761,11865,13520,14966,-1305,0.43,0.79,5752.70346,0.425495818,11828.6805,0.790370206,-0.364874388
7800,-4930,5768,11861,13529,14965,-1305,0.43,0.79,5759.71543,0.425731054,11824.649,0.790153625,-0.364422571
7800,-4935,5761,11855,13522,14963,-1265,0.43,0.79,5752.70612,0.425433081,11818.586,0.78985404,-0.364420959
7800,-4934,5768,11869,13528,14969,-1189,0.43,0.79,5759.7141,0.425762426,11832.775,0.790485336,-0.36472291
7800,-4936,5763,11864,13527,14965,-1113,0.43,0.79,5754.71277,0.425424172,11827.649,0.790354093,-0.364929921
7801,-4938,5761,11861,13523,14962,-1037,0.43,0.79,5752.70745,0.425401719,11824.5545,0.790305741,-0.364904022
7801,-4934,5762,11866,13522,14964,-1000,0.43,0.79,5753.70612,0.425507034,11829.6175,0.790538459,-0.365031425
7801,-4936,5761,11860,13527,14971,-1000,0.43,0.79,5752.71277,0.425276319,11823.838,0.78978278,-0.364506461
7800,-4935,5769,11865,13528,14972,-1000,0.43,0.79,5760.7141,0.425836347,11828.8695,0.79006609,-0.364229743
7800,-4935,5763,11866,13520,14966,-1000,0.43,0.79,5754.70346,0.425643747,11829.6805,0.790437024,-0.364793277
7800,-4934,5761,11869,13525,14966,-1000,0.43,0.79,5752.71011,0.42533901,11832.6805,0.790637478,-0.365298468
7800,-4936,5770,11864,13523,14962,-1000,0.43,0.79,5761.70745,0.426067252,11827.5545,0.790506249,-0.364438997
7800,-4932,5762,11862,13529,14963,-857,0.43,0.79,5753.71543,0.425287562,11825.586,0.790321861,-0.365034298
7801,-4935,5765,11870,13518,14971,-498,0.43,0.79,5756.7008,0.425854476,11833.838,0.790450738,-0.364596263
7801,-4937,5763,11863,13530,14961,-140,0.43,0.79,5754.71676,0.425330137,11826.523,0.790490141,-0.365160004
7800,-4937,5762,11869,13532,14966,218,0.43,0.79,5753.71942,0.425193572,11832.6805,0.790637478,-0.365443906
7800,-4936,5762,11868,13531,14975,433,0.43,0.79,5753.71809,0.425224898,11831.964,0.790114457,-0.36488956
7800,-4937,5763,11868,13532,14972,433,0.43,0.79,5754.71942,0.425267471,11831.8695,0.790266464,-0.364998993
7800,-4936,5761,11862,13525,14961,433,0.43,0.79,5752.71011,0.42533901,11825.523,0.790423301,-0.365084291
7800,-4938,5756,11864,13520,14967,433,0.43,0.79,5747.70346,0.425125996,11827.712,0.790252689,-0.365126694
7800,-4937,5763,11865,13525,14968,433,0.43,0.79,5754.71011,0.425486884,11828.7435,0.790268807,-0.364781922
7800,-4933,5772,11858,13531,14961,433,0.43,0.79,5763.71809,0.425963941,11821.523,0.790155939,-0.364191997
7800,-4933,5766,11859,13528,14963,314,0.43,0.79,5757.7141,0.425614585,11822.586,0.790121366,-0.364506781
7800,-4938,5765,11861,13531,14961,86,0.43,0.79,5756.71809,0.425446611,11824.523,0.79035646,-0.364909849
7800,-4935,5770,11858,13535,14958,-141,0.43,0.79,5761.72341,0.425690684,11821.4285,0.790308096,-0.364617412
7800,-4938,5767,11859,13535,14957,-368,0.43,0.79,5758.72341,0.425469037,11822.397,0.790425687,-0.36495665
7800,-4938,5760,11870,13518,14966,-477,0.43,0.79,5751.7008,0.425484598,11833.6805,0.790704296,-0.365219698
7800,-4933,5762,11862,13529,14958,-477,0.43,0.79,5753.71543,0.425287562,11825.4285,0.790575511,-0.365287949
7801,-4933,5768,11855,13525,14958,-477,0.43,0.79,5759.71011,0.42585657,11818.4285,0.790107534,-0.364250964
7801,-4935,5763,11859,13528,14962,-477,0.43,0.79,5754.7141,0.425392822,11822.5545,0.790172069,-0.364779247
7800,-4937,5761,11866,13519,14964,-477,0.43,0.79,5752.70213,0.425527194,11829.6175,0.790538459,-0.365011265
7800,-4936,5765,11865,13530,14966,-477,0.43,0.79,5756.71676,0.425477957,11828.6805,0.790370206,-0.364892249
7800,-4940,5766,11861,13529,14957,-429,0.43,0.79,5757.71543,0.425583223,11824.397,0.790559404,-0.36497618
7800,-4938,5762,11860,13528,14964,-310,0.43,0.79,5753.7141,0.425318902,11823.6175,0.790137497,-0.364818595
7800,-4932,5764,11855,13531,14959,-191,0.43,0.79,5755.71809,0.425372706,11818.46,0.790056822,-0.364684116
7800,-4933,5768,11850,13533,14954,-72,0.43,0.79,5759.72075,0.425605612,11813.3025,0.789976093,-0.364370481
7800,-4938,5772,11857,13535,14955,0,0.43,0.79,5763.72341,0.425838449,11820.334,0.790393447,-0.364554998
7800,-4935,5764,11860,13532,14959,0,0.43,0.79,5755.71942,0.42534137,11823.46,0.790391069,-0.365049699
7800,-4937,5763,11857,13527,14965,0,0.43,0.79,5754.71277,0.425424172,11820.649,0.789886335,-0.364462163
7801,-4935,5767,11862,13528,14962,0,0.43,0.79,5758.7141,0.425688505,11825.5545,0.790372577,-0.364684072
7801,-4937,5759,11861,13523,14960,0,0.43,0.79,5750.70745,0.425253823,11824.4915,0.790407186,-0.365153363
7801,-4927,5765,11861,13528,14965,0,0.43,0.79,5756.7141,0.425540664,11824.649,0.790153625,-0.364612961
7800,-4934,5767,11870,13531,14971,-44,0.43,0.79,5758.71809,0.425594419,11833.838,0.790450738,-0.364856319
7800,-4934,5775,11861,13540,14964,-153,0.43,0.79,5766.73006,0.425903254,11824.6175,0.790204324,-0.36430107
7800,-4936,5768,11867,13527,14968,-261,0.43,0.79,5759.71277,0.425793803,11830.7435,0.790402425,-0.364608622
7800,-4936,5769,11860,13531,14957,-370,0.43,0.79,5760.71809,0.425742228,11823.397,0.790492545,-0.364750317
7800,-4934,5768,11855,13530,14957,-435,0.43,0.79,5759.71676,0.425699687,11818.397,0.790158254,-0.364458567
7800,-4932,5769,11862,13529,14965,-435,0.43,0.79,5760.71543,0.425804969,11825.649,0.790220448,-0.364415478
7800,-4932,5769,11873,13537,14972,-435,0.43,0.79,5760.72607,0.425554116,11836.8695,0.790600421,-0.365046305
7800,-4932,5771,11857,13538,14959,-435,0.43,0.79,5762.7274,0.425670513,11820.46,0.790190521,-0.364520008
7800,-4934,5765,11862,13528,14968,-435,0.43,0.79,5756.7141,0.425540664,11825.7435,0.790068379,-0.364527715
7800,-4937,5766,11864,13527,14964,-435,0.43,0.79,5757.71277,0.42564595,11827.6175,0.790404805,-0.364758855
7800,-4935,5772,11867,13536,14968,-535,0.43,0.79,5763.72474,0.425807088,11830.7435,0.790402425,-0.364595337
7800,-4936,5768,11860,13530,14963,-783,0.43,0.79,5759.71676,0.425699687,11823.586,0.790188198,-0.364488511
7800,-4938,5766,11862,13527,14959,-1032,0.43,0.79,5757.71277,0.42564595,11825.46,0.790524768,-0.364878817
7800,-4936,5770,11871,13537,14966,-1280,0.43,0.79,5761.72607,0.425627988,11834.6805,0.790771115,-0.365143127
7800,-4934,5769,11861,13527,14960,-1429,0.43,0.79,5760.71277,0.425867729,11824.4915,0.790407186,-0.364539457
7800,-4936,5769,11868,13534,14969,-1429,0.43,0.79,5760.72208,0.425648151,11831.775,0.790418532,-0.36477038
7800,-4934,5768,11875,13532,14975,-1429,0.43,0.79,5759.71942,0.425636966,11838.964,0.790581903,-0.364944937
7800,-4933,5771,11860,13531,14964,-1429,0.43,0.79,5762.71809,0.425890037,11823.6175,0.790137497,-0.36424746
7800,-4936,5769,11868,13533,14969,-1429,0.43,0.79,5760.72075,0.425679506,11831.775,0.790418532,-0.364739026
7800,-4933,5768,11867,13527,14960,-1429,0.43,0.79,5759.71277,0.425793803,11830.4915,0.790808255,-0.365014453
7800,-4934,5766,11862,13524,14961,-1487,0.43,0.79,5757.70878,0.425740075,11825.523,0.790423301,-0.364683225
7800,-4934,5769,11863,13527,14963,-1629,0.43,0.79,5760.71277,0.425867729,11826.586,0.790388692,-0.364520963
7800,-4935,5772,11865,13527,14963,-1772,0.43,0.79,5763.71277,0.426089508,11828.586,0.790522355,-0.364432847
7800,-4935,5764,11875,13527,14971,-1915,0.43,0.79,5755.71277,0.425498098,11838.838,0.790784717,-0.365286619
7800,-4939,5765,11867,13533,14967,-2001,0.43,0.79,5756.72075,0.425383932,11830.712,0.79045313,-0.365069198
7800,-4936,5767,11862,13526,14962,-2001,0.43,0.79,5758.71144,0.425751252,11825.5545,0.790372577,-0.364621325
7800,-4936,5766,11867,13530,14964,-2001,0.43,0.79,5757.71676,0.425551867,11830.6175,0.790605286,-0.365053419
7800,-4940,5763,11863,13527,14963,-2001,0.43,0.79,5754.71277,0.425424172,11826.586,0.790388692,-0.36496452
7800,-4936,5766,11855,13531,14959,-2001,0.43,0.79,5757.71809,0.425520515,11818.46,0.790056822,-0.364536307
7800,-4938,5766,11864,13523,14962,-2001,0.43,0.79,5757.70745,0.42577146,11827.5545,0.790506249,-0.364734789
7800,-4938,5768,11861,13530,14961,-1983,0.43,0.79,5759.71676,0.425699687,11824.523,0.79035646,-0.364656774
7800,-4935,5766,11867,13526,14964,-1937,0.43,0.79,5757.71144,0.425677321,11830.6175,0.790605286,-0.364927965
7800,-4934,5768,11863,13531,14961,-1892,0.43,0.79,5759.71809,0.425668324,11826.523,0.790490141,-0.364821817
7800,-4936,5764,11859,13527,14964,-1846,0.43,0.79,5755.71277,0.425498098,11822.6175,0.79007067,-0.364572572
7800,-4938,5766,11866,13524,14973,-1819,0.43,0.79,5757.70878,0.425740075,11829.901,0.790082215,-0.364342139
7800,-4936,5770,11867,13527,14967,-1819,0.43,0.79,5761.71277,0.425941655,11830.712,0.79045313,-0.364511475
7800,-4934,5761,11862,13524,14960,-1819,0.43,0.79,5752.70878,0.425370362,11825.4915,0.790474031,-0.365103668
7800,-4936,5765,11857,13524,14956,-1819,0.43,0.79,5756.70878,0.425666133,11820.3655,0.790342705,-0.364676572
7800,-4937,5766,11861,13531,14954,-1819,0.43,0.79,5757.71809,0.425520515,11824.3025,0.790711682,-0.365191167
7800,-4936,5771,11865,13533,14968,-1819,0.43,0.79,5762.72075,0.425827293,11828.7435,0.790268807,-0.364441514
7800,-4932,5768,11856,13525,14967,-1728,0.43,0.79,5759.71011,0.42585657,11819.712,0.78971818,-0.36386161
7800,-4936,5770,11868,13530,14968,-1501,0.43,0.79,5761.71676,0.425847506,11831.7435,0.790469234,-0.364621728
7800,-4932,5766,11865,13530,14967,-1273,0.43,0.79,5757.71676,0.425551867,11828.712,0.790319503,-0.364767636
7800,-4936,5766,11851,13525,14957,-1046,0.43,0.79,5757.71011,0.425708696,11814.397,0.78989082,-0.364182125
7800,-4932,5771,11860,13534,14961,-910,0.43,0.79,5762.72208,0.425795927,11823.523,0.79028962,-0.364493692
7800,-4931,5769,11860,13527,14961,-910,0.43,0.79,5760.71277,0.425867729,11823.523,0.79028962,-0.364421891
7800,-4931,5768,11869,13534,14969,-910,0.43,0.79,5759.72208,0.425574263,11832.775,0.790485336,-0.364911073
7800,-4931,5771,11862,13530,14965,-910,0.43,0.79,5762.71676,0.425921416,11825.649,0.790220448,-0.364299032
7800,-4933,5769,11861,13532,14966,-910,0.43,0.79,5760.71942,0.425710865,11824.6805,0.790102933,-0.364392069
7800,-4932,5771,11863,13535,14963,-910,0.43,0.79,5762.72341,0.425764567,11826.586,0.790388692,-0.364624125
7800,-4932,5770,11862,13533,14964,-1057,0.43,0.79,5761.72075,0.425753399,11825.6175,0.790271151,-0.364517752
7800,-4936,5769,11868,13537,14972,-1425,0.43,0.79,5760.72607,0.425554116,11831.8695,0.790266464,-0.364712348
7800,-4934,5767,11863,13528,14963,-1793,0.43,0.79,5758.7141,0.425688505,11826.586,0.790388692,-0.364700187
7800,-4936,5772,11870,13535,14973,-2161,0.43,0.79,5763.72341,0.425838449,11833.901,0.790349362,-0.364510913
7800,-4935,5770,11860,13539,14960,-2382,0.43,0.79,5761.72873,0.42556531,11823.4915,0.790340341,-0.364775031
7800,-4932,5769,11857,13534,14962,-2382,0.43,0.79,5760.72208,0.425648151,11820.5545,0.790038397,-0.364390246
7800,-4934,5768,11854,13531,14953,-2382,0.43,0.79,5759.71809,0.425668324,11817.271,0.790294322,-0.364625998
7800,-4936,5769,11857,13536,14961,-2382,0.43,0.79,5760.72474,0.425585457,11820.523,0.790089098,-0.364503642
7800,-4933,5771,11859,13532,14967,-2382,0.43,0.79,5762.71942,0.425858662,11822.712,0.789918621,-0.364059959
7800,-4929,5764,11866,13530,14975,-2382,0.43,0.79,5755.71676,0.425404047,11829.964,0.789980902,-0.364576854
7800,-4936,5765,11862,13537,14966,-2144,0.43,0.79,5756.72607,0.42525863,11825.6805,0.790169751,-0.364911122
7800,-4933,5767,11862,13531,14967,-1548,0.43,0.79,5758.71809,0.425594419,11825.712,0.790119062,-0.364524642
7800,-4937,5767,11860,13528,14963,-953,0.43,0.79,5758.7141,0.425688505,11823.586,0.790188198,-0.364499692
7800,-4939,5765,11863,13532,14963,-358,0.43,0.79,5756.71942,0.425415269,11826.586,0.790388692,-0.364973423
7800,-4936,5766,11855,13530,14955,0,0.43,0.79,5757.71676,0.425551867,11818.334,0.790259712,-0.364707846
7800,-4926,5769,11863,13532,14966,0,0.43,0.79,5760.71942,0.425710865,11826.6805,0.79023657,-0.364525705
7800,-4934,5767,11862,13528,14964,0,0.43,0.79,5758.7141,0.425688505,11825.6175,0.790271151,-0.364582645
7800,-4936,5766,11855,13534,14959,0,0.43,0.79,5757.72208,0.425426487,11818.46,0.790056822,-0.364630335
7800,-4931,5772,11865,13540,14965,0,0.43,0.79,5763.73006,0.425681688,11828.649,0.790420915,-0.364739227
7800,-4932,5770,11859,13535,14960,0,0.43,0.79,5761.72341,0.425690684,11822.4915,0.790273496,-0.364582812
7800,-4936,5769,11870,13533,14973,-131,0.43,0.79,5760.72075,0.425679506,11833.901,0.790349362,-0.364669857
7800,-4934,5771,11862,13536,14965,-457,0.43,0.79,5762.72474,0.425733211,11825.649,0.790220448,-0.364487237
7800,-4932,5762,11869,13520,14967,-783,0.43,0.79,5753.70346,0.425569783,11832.712,0.790586758,-0.365016975
7800,-4935,5769,11865,13534,14967,-1109,0.43,0.79,5760.72208,0.425648151,11828.712,0.790319503,-0.364671352
7800,-4931,5771,11862,13529,14966,-1305,0.43,0.79,5762.71543,0.4259528,11825.6805,0.790169751,-0.364216952
7800,-4934,5768,11864,13532,14970,-1305,0.43,0.79,5759.71942,0.425636966,11827.8065,0.790100635,-0.364463669
7800,-4931,5766,11863,13530,14968,-1305,0.43,0.79,5757.71676,0.425551867,11826.7435,0.790135188,-0.364583321
7800,-4934,5763,11869,13528,14972,-1305,0.43,0.79,5754.7141,0.425392822,11832.8695,0.790333255,-0.364940433
7800,-4936,5765,11858,13533,14959,-1305,0.43,0.79,5756.72075,0.425383932,11821.46,0.79025737,-0.364873438
7800,-4931,5768,11861,13528,14969,-1305,0.43,0.79,5759.7141,0.425762426,11824.775,0.789950899,-0.364188472
7800,-4931,5771,11860,13535,14965,-1336,0.43,0.79,5762.72341,0.425764567,11823.649,0.790086803,-0.364322236
7799,-4935,5771,11858,13534,14963,-1427,0.43,0.79,5762.72208,0.425795927,11821.586,0.790054535,-0.364258607
7799,-4933,5771,11867,13537,14971,-1518,0.43,0.79,5762.72607,0.425701859,11830.838,0.790250351,-0.364548491
7799,-4930,5766,11861,13527,14968,-1608,0.43,0.79,5757.71277,0.42564595,11824.7435,0.79000157,-0.36435562
7800,-4936,5765,11859,13527,14960,-1668,0.43,0.79,5756.71277,0.425572024,11822.4915,0.790273496,-0.364701472
7800,-4931,5762,11862,13527,14968,-1668,0.43,0.79,5753.71277,0.425350245,11825.7435,0.790068379,-0.364718134
7800,-4931,5770,11860,13529,14965,-1668,0.43,0.79,5761.71543,0.425878885,11823.649,0.790086803,-0.364207918
7800,-4938,5765,11862,13530,14959,-1668,0.43,0.79,5756.71676,0.425477957,11825.46,0.790524768,-0.365046811
7800,-4935,5766,11851,13528,14957,-1668,0.43,0.79,5757.7141,0.425614585,11814.397,0.78989082,-0.364276236
7800,-4934,5767,11862,13533,14960,-1668,0.43,0.79,5758.72075,0.425531719,11825.4915,0.790474031,-0.364942312
7800,-4937,5762,11862,13526,14959,-1322,0.43,0.79,5753.71144,0.425381594,11825.46,0.790524768,-0.365143174
7800,-4934,5763,11861,13526,14958,-451,0.43,0.79,5754.71144,0.425455526,11824.4285,0.790508658,-0.365053132
7800,-4939,5761,11865,13517,14963,419,0.43,0.79,5752.69947,0.425589959,11828.586,0.790522355,-0.364932397
7801,-4939,5765,11862,13524,14961,1291,0.43,0.79,5756.70878,0.425666133,11825.523,0.790423301,-0.364757168
7801,-4936,5765,11859,13525,14967,1817,0.43,0.79,5756.71011,0.425634759,11822.712,0.789918621,-0.364283862
7801,-4937,5769,11854,13535,14959,1817,0.43,0.79,5760.72341,0.425616802,11817.46,0.789989973,-0.364373171
7800,-4933,5771,11868,13540,14967,1817,0.43,0.79,5762.73006,0.425607833,11831.712,0.790519944,-0.364912111
7800,-4933,5769,11861,13527,14970,1817,0.43,0.79,5760.71277,0.425867729,11824.8065,0.789900234,-0.364032505
7800,-4933,5768,11867,13534,14975,1817,0.43,0.79,5759.72208,0.425574263,11830.964,0.790047679,-0.364473416
7800,-4932,5766,11864,13532,14965,1817,0.43,0.79,5757.71942,0.425489168,11827.649,0.790354093,-0.364864925
7800,-4933,5769,11864,13536,14964,1817,0.43,0.79,5760.72474,0.425585457,11827.6175,0.790404805,-0.364819348
7800,-4935,5769,11863,13532,14965,977,0.43,0.79,5760.71942,0.425710865,11826.649,0.79028727,-0.364576406
7800,-4936,5764,11861,13536,14970,-72,0.43,0.79,5755.72474,0.425216071,11824.8065,0.789900234,-0.364684163
7800,-4937,5765,11863,13533,14962,-1122,0.43,0.79,5756.72075,0.425383932,11826.5545,0.790439413,-0.365055481
7799,-4933,5773,11865,13540,14972,-2172,0.43,0.79,5764.73006,0.425755544,11828.8695,0.79006609,-0.364310546
7799,-4932,5771,11861,13535,14971,-2382,0.43,0.79,5762.72341,0.425764567,11824.838,0.789849576,-0.364085009
7799,-4931,5769,11862,13538,14965,-2382,0.43,0.79,5760.7274,0.42552278,11825.649,0.790220448,-0.364697667
7800,-4934,5768,11863,13527,14970,-2382,0.43,0.79,5759.71277,0.425793803,11826.8065,0.790033834,-0.364240032
7800,-4938,5770,11866,13529,14964,-2382,0.43,0.79,5761.71543,0.425878885,11829.6175,0.790538459,-0.364659574
7800,-4937,5770,11868,13535,14968,-2382,0.43,0.79,5761.72341,0.425690684,11831.7435,0.790469234,-0.36477855
7800,-4935,5766,11862,13533,14963,-2226,0.43,0.79,5757.72075,0.425457825,11825.586,0.790321861,-0.364864035
7800,-4935,5764,11866,13525,14961,-1839,0.43,0.79,5755.71011,0.425560821,11829.523,0.790690662,-0.365129841
7800,-4934,5765,11856,13534,14957,-1452,0.43,0.79,5756.72208,0.425352599,11819.397,0.790225112,-0.364872513
7800,-4935,5772,11864,13536,14968,-1065,0.43,0.79,5763.72474,0.425807088,11827.7435,0.790201998,-0.36439491
7800,-4936,5768,11860,13530,14962,-834,0.43,0.79,5759.71676,0.425699687,11823.5545,0.790238905,-0.364539219
7800,-4932,5766,11861,13526,14964,-834,0.43,0.79,5757.71144,0.425677321,11824.6175,0.790204324,-0.364527003
7800,-4930,5765,11854,13527,14961,-834,0.43,0.79,5756.71277,0.425572024,11817.523,0.789888577,-0.364316553
7800,-4933,5773,11866,13537,14971,-834,0.43,0.79,5764.72607,0.425849603,11829.838,0.790183555,-0.364333952
7800,-4933,5773,11865,13539,14963,-834,0.43,0.79,5764.72873,0.425786892,11828.586,0.790522355,-0.364735463
7800,-4931,5770,11867,13527,14968,-834,0.43,0.79,5761.71277,0.425941655,11830.7435,0.790402425,-0.36446077
7800,-4934,5765,11860,13535,14967,-672,0.43,0.79,5756.72341,0.425321272,11823.712,0.789985435,-0.364664163
7799,-4933,5770,11873,13534,14975,-237,0.43,0.79,5761.72208,0.425722039,11836.964,0.790448347,-0.364726308
7799,-4932,5778,11865,13540,14969,198,0.43,0.79,5769.73006,0.42612482,11828.775,0.790218117,-0.364093298
7799,-4935,5765,11875,13534,14979,634,0.43,0.79,5756.72208,0.425352599,11839.09,0.790379198,-0.365026598
7800,-4933,5767,11864,13533,14968,908,0.43,0.79,5758.72075,0.425531719,11827.7435,0.790201998,-0.364670279
7800,-4939,5770,11860,13538,14954,908,0.43,0.79,5761.7274,0.425596646,11823.3025,0.790644811,-0.365048164
7800,-4937,5765,11871,13531,14967,908,0.43,0.79,5756.71809,0.425446611,11834.712,0.790720385,-0.365273774
7800,-4934,5770,11868,13537,14973,908,0.43,0.79,5761.72607,0.425627988,11831.901,0.790215788,-0.364587801
7800,-4933,5770,11862,13538,14965,908,0.43,0.79,5761.7274,0.425596646,11825.649,0.790220448,-0.364623801
7800,-4933,5766,11859,13530,14967,908,0.43,0.79,5757.71676,0.425551867,11822.712,0.789918621,-0.364366754
7800,-4931,5772,11872,13534,14971,683,0.43,0.79,5763.72208,0.425869815,11835.838,0.79058433,-0.364714514
7800,-4936,5770,11863,13537,14962,130,0.43,0.79,5761.72607,0.425627988,11826.5545,0.790439413,-0.364811425
7800,-4938,5767,11868,13526,14967,-423,0.43,0.79,5758.71144,0.425751252,11831.712,0.790519944,-0.364768691
7800,-4936,5766,11861,13527,14966,-976,0.43,0.79,5757.71277,0.42564595,11824.6805,0.790102933,-0.364456983
7800,-4934,5768,11861,13532,14963,-1305,0.43,0.79,5759.71942,0.425636966,11824.586,0.790255029,-0.364618063
7800,-4934,5767,11867,13538,14967,-1305,0.43,0.79,5758.7274,0.425375048,11830.712,0.79045313,-0.365078082
7800,-4931,5768,11866,13525,14970,-1305,0.43,0.79,5759.71011,0.42585657,11829.8065,0.790234235,-0.364377665
7800,-4935,5767,11872,13526,14972,-1305,0.43,0.79,5758.71144,0.425751252,11835.8695,0.790533629,-0.364782377
7800,-4935,5765,11866,13527,14969,-1305,0.43,0.79,5756.71277,0.425572024,11829.775,0.790284922,-0.364712898
7800,-4933,5768,11865,13533,14968,-1305,0.43,0.79,5759.72075,0.425605612,11828.7435,0.790268807,-0.364663195
7800,-4935,5766,11861,13524,14970,-1221,0.43,0.79,5757.70878,0.425740075,11824.8065,0.789900234,-0.364160158
7800,-4936,5762,11860,13524,14964,-1014,0.43,0.79,5753.70878,0.425444305,11823.6175,0.790137497,-0.364693192
7800,-4934,5765,11857,13529,14962,-807,0.43,0.79,5756.71543,0.425509308,11820.5545,0.790038397,-0.364529089
7800,-4933,5763,11857,13521,14961,-600,0.43,0.79,5754.70479,0.425612365,11820.523,0.790089098,-0.364476733
7800,-4936,5763,11863,13522,14963,-477,0.43,0.79,5754.70612,0.425580988,11826.586,0.790388692,-0.364807704
7800,-4929,5773,11841,13547,14942,-477,0.43,0.79,5764.73937,0.425536235,11803.9245,0.789982901,-0.364446666
7800,-4924,5769,11860,13535,14966,-477,0.43,0.79,5760.72341,0.425616802,11823.6805,0.790036115,-0.364419314
7800,-4934,5762,11862,13521,14970,-477,0.43,0.79,5753.70479,0.425538406,11825.8065,0.789967034,-0.364428628
7800,-4934,5772,11857,13541,14958,-477,0.43,0.79,5763.73139,0.42565035,11820.4285,0.790241242,-0.364590892
7800,-4926,5768,11869,13534,14968,-477,0.43,0.79,5759.72208,0.425574263,11832.7435,0.790536044,-0.36496178
7799,-4934,5764,11861,13530,14964,-477,0.43,0.79,5755.71676,0.425404047,11824.6175,0.790204324,-0.364800276
7800,-4934,5767,11866,13535,14966,-477,0.43,0.79,5758.72341,0.425469037,11829.6805,0.790437024,-0.364967987
7800,-4937,5772,11857,13543,14964,-477,0.43,0.79,5763.73405,0.425587687,11820.6175,0.789937016,-0.364349328
7800,-4936,5767,11867,13533,14968,-477,0.43,0.79,5758.72075,0.425531719,11830.7435,0.790402425,-0.364870706
7800,-4931,5761,11863,13523,14972,-477,0.43,0.79,5752.70745,0.425401719,11826.8695,0.789932507,-0.364530788
7800,-4934,5768,11866,13525,14970,-477,0.43,0.79,5759.71011,0.42585657,11829.8065,0.790234235,-0.364377665
7800,-4932,5770,11869,13537,14969,-477,0.43,0.79,5761.72607,0.425627988,11832.775,0.790485336,-0.364857349
7800,-4934,5766,11861,13527,14972,-477,0.43,0.79,5757.71277,0.42564595,11824.8695,0.789798925,-0.364152974
7800,-4935,5770,11870,13542,14978,-477,0.43,0.79,5761.73272,0.425471328,11834.0585,0.790096041,-0.364624713
7800,-4933,5767,11858,13538,14965,-477,0.43,0.79,5758.7274,0.425375048,11821.649,0.789953157,-0.364578109
7799,-4930,5766,11859,13533,14972,-389,0.43,0.79,5757.72075,0.425457825,11822.8695,0.789665342,-0.364207517
7799,-4935,5769,11859,13532,14960,-170,0.43,0.79,5760.71942,0.425710865,11822.4915,0.790273496,-0.364562631
7799,-4938,5761,11854,13524,14956,48,0.43,0.79,5752.70878,0.425370362,11817.3655,0.790142117,-0.364771755
7799,-4932,5770,11866,13534,14967,267,0.43,0.79,5761.72208,0.425722039,11829.712,0.790386317,-0.364664277
7800,-4934,5760,11862,13520,14964,399,0.43,0.79,5751.70346,0.425421854,11825.6175,0.790271151,-0.364849297
7800,-4935,5769,11862,13542,14962,398,0.43,0.79,5760.73272,0.425397483,11825.5545,0.790372577,-0.364975094
7800,-4931,5763,11870,13529,14971,398,0.43,0.79,5754.71543,0.425361478,11833.838,0.790450738,-0.365089261
7800,-4936,5770,11855,13534,14957,398,0.43,0.79,5761.72208,0.425722039,11818.397,0.790158254,-0.364436214
7800,-4936,5764,11866,13527,14969,398,0.43,0.79,5755.71277,0.425498098,11829.775,0.790284922,-0.364786824
7800,-4938,5764,11857,13517,14960,398,0.43,0.79,5755.69947,0.425811901,11820.4915,0.790139806,-0.364327905
7800,-4935,5768,11854,13533,14955,359,0.43,0.79,5759.72075,0.425605612,11817.334,0.790192845,-0.364587233
7800,-4933,5759,11855,13515,14958,259,0.43,0.79,5750.69681,0.425504758,11818.4285,0.790107534,-0.364602776
7800,-4936,5768,11860,13533,14955,158,0.43,0.79,5759.72075,0.425605612,11823.334,0.790594049,-0.364988437
7800,-4935,5767,11859,13530,14962,59,0.43,0.79,5758.71676,0.425625777,11822.5545,0.790172069,-0.364546292
7800,-4933,5770,11858,13524,14963,0,0.43,0.79,5761.70878,0.426035846,11821.586,0.790054535,-0.364018689
7800,-4937,5769,11858,13535,14962,0,0.43,0.79,5760.72341,0.425616802,11821.5545,0.790105233,-0.364488432
7800,-4934,5765,11861,13523,14963,0,0.43,0.79,5756.70745,0.425697512,11824.586,0.790255029,-0.364557517
7800,-4934,5758,11866,13516,14969,0,0.43,0.79,5749.69814,0.425399389,11829.775,0.790284922,-0.364885533
7800,-4937,5765,11865,13529,14964,0,0.43,0.79,5756.71543,0.425509308,11828.6175,0.790471632,-0.364962324
7800,-4929,5771,11859,13532,14964,0,0.43,0.79,5762.71942,0.425858662,11822.6175,0.79007067,-0.364212007
7800,-4936,5768,11866,13526,14960,-44,0.43,0.79,5759.71144,0.425825184,11829.4915,0.79074141,-0.364916226
7800,-4937,5764,11861,13525,14959,-153,0.43,0.79,5755.71011,0.425560821,11824.46,0.790457918,-0.364897097
7800,-4938,5763,11861,13531,14965,-261,0.43,0.79,5754.71809,0.425298802,11824.649,0.790153625,-0.364854823
7800,-4936,5766,11861,13530,14961,-370,0.43,0.79,5757.71676,0.425551867,11824.523,0.79035646,-0.364804593
7799,-4933,5766,11864,13527,14965,-435,0.43,0.79,5757.71277,0.42564595,11827.649,0.790354093,-0.364708143
7799,-4935,5765,11864,13527,14964,-435,0.43,0.79,5756.71277,0.425572024,11827.6175,0.790404805,-0.364832781
7800,-4927,5767,11860,13522,14963,-435,0.43,0.79,5758.70612,0.425876802,11823.586,0.790188198,-0.364311395
7800,-4936,5763,11858,13524,14966,-435,0.43,0.79,5754.70878,0.425518248,11821.6805,0.789902479,-0.364384231
7800,-4938,5764,11864,13530,14968,-435,0.43,0.79,5755.71676,0.425404047,11827.7435,0.790201998,-0.36479795
7800,-4935,5762,11858,13519,14961,-435,0.43,0.79,5753.70213,0.425601164,11821.523,0.790155939,-0.364554775
7800,-4935,5761,11864,13527,14962,-337,0.43,0.79,5752.71277,0.425276319,11827.5545,0.790506249,-0.36522993
7800,-4939,5760,11859,13525,14962,-97,0.43,0.79,5751.71011,0.425265073,11822.5545,0.790172069,-0.364906996
7800,-4936,5770,11860,13536,14957,142,0.43,0.79,5761.72474,0.425659334,11823.397,0.790492545,-0.364833212
7800,-4941,5764,11866,13528,14965,383,0.43,0.79,5755.7141,0.425466743,11829.649,0.790487738,-0.365020995
7800,-4939,5763,11865,13525,14966,525,0.43,0.79,5754.71011,0.425486884,11828.6805,0.790370206,-0.364883322
7800,-4936,5769,11862,13533,14961,525,0.43,0.79,5760.72075,0.425679506,11825.523,0.790423301,-0.364743795
7800,-4933,5767,11865,13530,14962,525,0.43,0.79,5758.71676,0.425625777,11828.5545,0.790573085,-0.364947308
7800,-4935,5768,11861,13527,14960,525,0.43,0.79,5759.71277,0.425793803,11824.4915,0.790407186,-0.364613383
7800,-4934,5765,11863,13527,14965,525,0.43,0.79,5756.71277,0.425572024,11826.649,0.79028727,-0.364715246
7800,-4935,5767,11863,13526,14963,525,0.43,0.79,5758.71144,0.425751252,11826.586,0.790388692,-0.36463744
7800,-4936,5771,11861,13529,14965,329,0.43,0.79,5762.71543,0.4259528,11824.649,0.790153625,-0.364200825
7800,-4938,5764,11858,13527,14958,-158,0.43,0.79,5755.71277,0.425498098,11821.4285,0.790308096,-0.364809998
7800,-4936,5769,11866,13537,14967,-647,0.43,0.79,5760.72607,0.425554116,11829.712,0.790386317,-0.3648322
7800,-4936,5765,11864,13523,14970,-1136,0.43,0.79,5756.70745,0.425697512,11827.8065,0.790100635,-0.364403123
7800,-4936,5770,11864,13530,14961,-1429,0.43,0.79,5761.71676,0.425847506,11827.523,0.790556981,-0.364709475
7800,-4937,5771,11864,13537,14963,-1429,0.43,0.79,5762.72607,0.425701859,11827.586,0.790455524,-0.364753664
7800,-4934,5765,11861,13527,14967,-1429,0.43,0.79,5756.71277,0.425572024,11824.712,0.790052248,-0.364480224
7800,-4938,5770,11869,13533,14972,-1429,0.43,0.79,5761.72075,0.425753399,11832.8695,0.790333255,-0.364579856
7800,-4936,5767,11868,13534,14965,-1430,0.43,0.79,5758.72208,0.425500375,11831.649,0.790621383,-0.365121008
7800,-4936,5766,11858,13527,14959,-1430,0.43,0.79,5757.71277,0.42564595,11821.46,0.79025737,-0.36461142
7800,-4938,5763,11861,13526,14958,-1445,0.43,0.79,5754.71144,0.425455526,11824.4285,0.790508658,-0.365053132
7800,-4937,5768,11859,13532,14960,-1482,0.43,0.79,5759.71942,0.425636966,11822.4915,0.790273496,-0.36463653
7800,-4934,5769,11860,13532,14957,-1519,0.43,0.79,5760.71942,0.425710865,11823.397,0.790492545,-0.364781681
7800,-4934,5766,11859,13529,14969,-1557,0.43,0.79,5757.71543,0.425583223,11822.775,0.789817289,-0.364234066
7800,-4936,5765,11867,13529,14970,-1580,0.43,0.79,5756.71543,0.425509308,11830.8065,0.790301035,-0.364791727
7800,-4936,5768,11859,13536,14961,-1580,0.43,0.79,5759.72474,0.425511579,11822.523,0.790222779,-0.3647112
7800,-4934,5770,11866,13535,14962,-1580,0.43,0.79,5761.72341,0.425690684,11829.5545,0.790639921,-0.364949237
7800,-4937,5765,11864,13525,14962,-1580,0.43,0.79,5756.71011,0.425634759,11827.5545,0.790506249,-0.364871491
7800,-4934,5765,11863,13524,14963,-1580,0.43,0.79,5756.70878,0.425666133,11826.586,0.790388692,-0.364722559
7800,-4932,5760,11870,13521,14968,-1580,0.43,0.79,5751.70479,0.425390488,11833.7435,0.790602853,-0.365212365
7800,-4938,5769,11864,13531,14966,-1499,0.43,0.79,5760.71809,0.425742228,11827.6805,0.790303388,-0.364561159
7800,-4936,5761,11860,13522,14962,-1296,0.43,0.79,5752.70612,0.425433081,11823.5545,0.790238905,-0.364805824
7800,-4936,5760,11864,13526,14964,-1094,0.43,0.79,5751.71144,0.425233731,11827.6175,0.790404805,-0.365171074
7800,-4939,5764,11859,13535,14963,-891,0.43,0.79,5755.72341,0.425247389,11822.586,0.790121366,-0.364873977
7800,-4935,5762,11868,13532,14967,-770,0.43,0.79,5753.71942,0.425193572,11831.712,0.790519944,-0.365326372
7800,-4937,5765,11861,13537,14961,-770,0.43,0.79,5756.72607,0.42525863,11824.523,0.79035646,-0.36509783
7800,-4936,5764,11864,13533,14964,-770,0.43,0.79,5755.72075,0.425310038,11827.6175,0.790404805,-0.365094766
7800,-4935,5765,11867,13514,14971,-770,0.43,0.79,5756.69548,0.42598013,11830.838,0.790250351,-0.36427022
7800,-4937,5766,11867,13528,14969,-770,0.43,0.79,5757.7141,0.425614585,11830.775,0.790351727,-0.364737142
7800,-4935,5760,11868,13526,14966,-770,0.43,0.79,5751.71144,0.425233731,11831.6805,0.79057066,-0.36533693
7800,-4935,5761,11862,13521,14958,-732,0.43,0.79,5752.70479,0.425464447,11825.4285,0.790575511,-0.365111064
7800,-4935,5766,11864,13533,14968,-640,0.43,0.79,5757.72075,0.425457825,11827.7435,0.790201998,-0.364744172
7800,-4933,5764,11866,13531,14973,-548,0.43,0.79,5755.71809,0.425372706,11829.901,0.790082215,-0.364709508
7800,-4932,5767,11850,13528,14950,-455,0.43,0.79,5758.7141,0.425688505,11813.1765,0.79017903,-0.364490525
7800,-4936,5769,11865,13536,14965,-400,0.43,0.79,5760.72474,0.425585457,11828.649,0.790420915,-0.364835459
7800,-4937,5768,11866,13534,14967,-400,0.43,0.79,5759.72208,0.425574263,11829.712,0.790386317,-0.364812053
7800,-4935,5760,11861,13520,14962,-400,0.43,0.79,5751.70346,0.425421854,11824.5545,0.790305741,-0.364883888
7800,-4934,5764,11863,13528,14964,-400,0.43,0.79,5755.7141,0.425466743,11826.6175,0.790337978,-0.364871235
7800,-4938,5766,11856,13537,14958,-400,0.43,0.79,5757.72607,0.425332501,11819.4285,0.790174388,-0.364841887
7800,-4929,5761,11863,13521,14967,-400,0.43,0.79,5752.70479,0.425464447,11826.712,0.790185876,-0.364721428
7800,-4936,5765,11857,13527,14961,-407,0.43,0.79,5756.71277,0.425572024,11820.523,0.790089098,-0.364517074
7800,-4938,5765,11862,13528,14963,-426,0.43,0.79,5756.7141,0.425540664,11825.586,0.790321861,-0.364781197
7800,-4933,5769,11870,13522,14971,-445,0.43,0.79,5760.70612,0.426024709,11833.838,0.790450738,-0.364426029
7800,-4935,5768,11863,13527,14961,-464,0.43,0.79,5759.71277,0.425793803,11826.523,0.790490141,-0.364696338
7800,-4932,5768,11858,13523,14965,-477,0.43,0.79,5759.70745,0.425919356,11821.649,0.789953157,-0.364033801
7800,-4931,5762,11860,13518,14968,-477,0.43,0.79,5753.7008,0.425632549,11823.7435,0.789934761,-0.364302212
7800,-4934,5761,11864,13527,14966,-477,0.43,0.79,5752.71277,0.425276319,11827.6805,0.790303388,-0.365027068
7800,-4935,5763,11857,13523,14962,-477,0.43,0.79,5754.70745,0.425549615,11820.5545,0.790038397,-0.364488782
7800,-4936,5766,11868,13532,14976,-477,0.43,0.79,5757.71942,0.425489168,11831.9955,0.790063802,-0.364574634
7800,-4931,5765,11864,13527,14960,-477,0.43,0.79,5756.71277,0.425572024,11827.4915,0.790607721,-0.365035696
7800,-4936,5760,11860,13529,14961,-477,0.43,0.79,5751.71543,0.425139732,11823.523,0.79028962,-0.365149888
7800,-4933,5764,11850,13525,14963,-477,0.43,0.79,5755.71011,0.425560821,11813.586,0.789519882,-0.363959061
7800,-4934,5775,11865,13538,14965,-477,0.43,0.79,5766.7274,0.425965977,11828.649,0.790420915,-0.364454938
7800,-4934,5763,11862,13519,14966,-477,0.43,0.79,5754.70213,0.425675134,11825.6805,0.790169751,-0.364494618
7800,-4933,5767,11857,13521,14955,-477,0.43,0.79,5758.70479,0.425908201,11820.334,0.790393447,-0.364485246
7800,-4934,5768,11858,13536,14959,-477,0.43,0.79,5759.72474,0.425511579,11821.46,0.79025737,-0.364745791
7800,-4936,5763,11857,13531,14959,-477,0.43,0.79,5754.71809,0.425298802,11820.46,0.790190521,-0.364891719
7800,-4931,5763,11859,13521,14970,-477,0.43,0.79,5754.70479,0.425612365,11822.8065,0.789766633,-0.364154268
7800,-4933,5767,11863,13527,14968,-477,0.43,0.79,5758.71277,0.425719877,11826.7435,0.790135188,-0.364415312
7800,-4932,5769,11867,13530,14967,-477,0.43,0.79,5760.71676,0.425773596,11830.712,0.79045313,-0.364679534
7800,-4931,5764,11862,13526,14971,-584,0.43,0.79,5755.71144,0.425529457,11825.838,0.789916372,-0.364386914
7800,-4932,5772,11862,13535,14963,-1123,0.43,0.79,5763.72341,0.425838449,11825.586,0.790321861,-0.364483411
7800,-4934,5767,11868,13531,14970,-1662,0.43,0.79,5758.71809,0.425594419,11831.8065,0.790367836,-0.364773416
7800,-4933,5773,11858,13532,14959,-2201,0.43,0.79,5764.71942,0.42600646,11821.46,0.79025737,-0.36425091
7800,-4933,5768,11861,13528,14967,-2633,0.43,0.79,5759.7141,0.425762426,11824.712,0.790052248,-0.364289822
7800,-4934,5766,11869,13530,14976,-2633,0.43,0.79,5757.71676,0.425551867,11832.9955,0.790130576,-0.364578709
7800,-4931,5778,11861,13547,14964,-2633,0.43,0.79,5769.73937,0.42590532,11824.6175,0.790204324,-0.364299004
7800,-4936,5765,11857,13539,14964,-2633,0.43,0.79,5756.72873,0.425196006,11820.6175,0.789937016,-0.364741009
7800,-4937,5764,11858,13528,14963,-2633,0.43,0.79,5755.7141,0.425466743,11821.586,0.790054535,-0.364587791
7800,-4929,5770,11860,13524,14967,-2633,0.43,0.79,5761.70878,0.426035846,11823.712,0.789985435,-0.363949589
7800,-4938,5768,11865,13537,14957,-2580,0.43,0.79,5759.72607,0.425480245,11828.397,0.790826837,-0.365346592
7800,-4938,5767,11860,13532,14961,-2317,0.43,0.79,5758.71942,0.425563067,11823.523,0.79028962,-0.364726553
7800,-4931,5770,11864,13535,14969,-2054,0.43,0.79,5761.72341,0.425690684,11827.775,0.790151313,-0.364460629
7800,-4935,5769,11865,13532,14966,-1790,0.43,0.79,5760.71942,0.425710865,11828.6805,0.790370206,-0.364659341
7800,-4934,5764,11864,13530,14971,-1580,0.43,0.79,5755.71676,0.425404047,11827.838,0.790049963,-0.364645916
7800,-4932,5766,11862,13526,14967,-1580,0.43,0.79,5757.71144,0.425677321,11825.712,0.790119062,-0.364441741
7800,-4938,5766,11869,13538,14968,-1580,0.43,0.79,5757.7274,0.425301182,11832.7435,0.790536044,-0.365234862
7800,-4932,5767,11859,13530,14966,-1580,0.43,0.79,5758.71676,0.425625777,11822.6805,0.789969297,-0.36434352
7800,-4934,5770,11861,13531,14970,-1580,0.43,0.79,5761.71809,0.425816133,11824.8065,0.789900234,-0.364084101
7800,-4934,5767,11858,13526,14963,-1580,0.43,0.79,5758.71144,0.425751252,11821.586,0.790054535,-0.364303282
7800,-4939,5759,11864,13522,14965,-1612,0.43,0.79,5750.70612,0.425285174,11827.649,0.790354093,-0.365068919
7800,-4931,5766,11865,13530,14969,-1773,0.43,0.79,5757.71676,0.425551867,11828.775,0.790218117,-0.36466625
7800,-4935,5763,11864,13524,14966,-1934,0.43,0.79,5754.70878,0.425518248,11827.6805,0.790303388,-0.36478514
7800,-4936,5767,11863,13527,14968,-2095,0.43,0.79,5758.71277,0.425719877,11826.7435,0.790135188,-0.364415312
7800,-4931,5763,11855,13521,14959,-2223,0.43,0.79,5754.70479,0.425612365,11818.46,0.790056822,-0.364444457
7800,-4934,5763,11859,13516,14959,-2223,0.43,0.79,5754.69814,0.425769321,11822.46,0.79032422,-0.364554899
7800,-4932,5769,11864,13525,14964,-2223,0.43,0.79,5760.71011,0.425930507,11827.6175,0.790404805,-0.364474298
7800,-4935,5768,11861,13527,14959,-2223,0.43,0.79,5759.71277,0.425793803,11824.46,0.790457918,-0.364664116
7800,-4934,5761,11864,13521,14961,-2223,0.43,0.79,5752.70479,0.425464447,11827.523,0.790556981,-0.365092534
7800,-4935,5768,11863,13530,14964,-2223,0.43,0.79,5759.71676,0.425699687,11826.6175,0.790337978,-0.364638291
7800,-4934,5767,11865,13529,14964,-2057,0.43,0.79,5758.71543,0.425657139,11828.6175,0.790471632,-0.364814493
7800,-4936,5761,11866,13522,14969,-1223,0.43,0.79,5752.70612,0.425433081,11829.775,0.790284922,-0.364851841
7800,-4933,5770,11861,13531,14966,-390,0.43,0.79,5761.71809,0.425816133,11824.6805,0.790102933,-0.364286801
7800,-4934,5769,11865,13525,14958,443,0.43,0.79,5760.71011,0.425930507,11828.4285,0.790776073,-0.364845566
7800,-4938,5764,11862,13536,14959,1110,0.43,0.79,5755.72474,0.425216071,11825.46,0.790524768,-0.365308696
7800,-4936,5761,11866,13530,14964,1110,0.43,0.79,5752.71676,0.425182318,11829.6175,0.790538459,-0.365356141
7800,-4930,5770,11861,13523,14962,1110,0.43,0.79,5761.70745,0.426067252,11824.5545,0.790305741,-0.364238489
7800,-4935,5762,11869,13521,14972,1110,0.43,0.79,5753.70479,0.425538406,11832.8695,0.790333255,-0.364794849
7800,-4936,5765,11859,13520,14960,1110,0.43,0.79,5756.70346,0.425791676,11822.4915,0.790273496,-0.36448182
7800,-4929,5766,11864,13532,14969,1110,0.43,0.79,5757.71942,0.425489168,11827.775,0.790151313,-0.364662145
7800,-4935,5769,11870,13538,14972,935,0.43,0.79,5760.7274,0.42552278,11833.8695,0.790400047,-0.364877266
7800,-4937,5768,11871,13532,14978,62,0.43,0.79,5759.71942,0.425636966,11835.0585,0.790162805,-0.36452584
7800,-4934,5764,11864,13528,14969,-810,0.43,0.79,5755.7141,0.425466743,11827.775,0.790151313,-0.36468457
7800,-4938,5766,11863,13531,14969,-1683,0.43,0.79,5757.71809,0.425520515,11826.775,0.790084508,-0.364563993
7800,-4934,5765,11858,13532,14961,-2382,0.43,0.79,5756.71942,0.425415269,11821.523,0.790155939,-0.36474067
7800,-4935,5766,11867,13528,14963,-2382,0.43,0.79,5757.7141,0.425614585,11830.586,0.790656018,-0.365041434
7800,-4935,5763,11864,13530,14962,-2382,0.43,0.79,5754.71676,0.425330137,11827.5545,0.790506249,-0.365176112
7800,-4937,5768,11857,13530,14963,-2382,0.43,0.79,5759.71676,0.425699687,11820.586,0.789987703,-0.364288016
7800,-4938,5767,11860,13532,14957,-2382,0.43,0.79,5758.71942,0.425563067,11823.397,0.790492545,-0.364929478
7800,-4935,5762,11866,13523,14966,-2382,0.43,0.79,5753.70745,0.425475667,11829.6805,0.790437024,-0.364961357
7800,-4936,5764,11863,13525,14969,-2382,0.43,0.79,5755.71011,0.425560821,11826.775,0.790084508,-0.364523687
7800,-4934,5768,11860,13539,14960,-2090,0.43,0.79,5759.72873,0.425417588,11823.4915,0.790340341,-0.364922752
7800,-4936,5759,11857,13531,14957,-1603,0.43,0.79,5750.71809,0.425003185,11820.397,0.79029197,-0.365288786
7800,-4935,5768,11858,13530,14962,-1117,0.43,0.79,5759.71676,0.425699687,11821.5545,0.790105233,-0.364405547
7800,-4936,5775,11860,13539,14957,-630,0.43,0.79,5766.72873,0.425934613,11823.397,0.790492545,-0.364557932
7800,-4934,5764,11857,13532,14965,-435,0.43,0.79,5755.71942,0.42534137,11820.649,0.789886335,-0.364544965
7800,-4940,5763,11864,13527,14963,-435,0.43,0.79,5754.71277,0.425424172,11827.586,0.790455524,-0.365031352
7800,-4933,5768,11863,13534,14971,-435,0.43,0.79,5759.72208,0.425574263,11826.838,0.789983167,-0.364408904
7800,-4935,5769,11858,13528,14962,-435,0.43,0.79,5760.7141,0.425836347,11821.5545,0.790105233,-0.364268886
7800,-4929,5767,11856,13529,14962,-435,0.43,0.79,5758.71543,0.425657139,11819.5545,0.789971561,-0.364314423
7800,-4931,5768,11861,13532,14961,-437,0.43,0.79,5759.71942,0.425636966,11824.523,0.79035646,-0.364719494
7800,-4938,5772,11857,13541,14960,-448,0.43,0.79,5763.73139,0.42565035,11820.4915,0.790139806,-0.364489456
7800,-4936,5769,11851,13535,14952,-458,0.43,0.79,5760.72341,0.425616802,11814.2395,0.790144429,-0.364527627
7800,-4936,5770,11861,13532,14961,-468,0.43,0.79,5761.71942,0.425784764,11824.523,0.79035646,-0.364571697
7800,-4937,5768,11863,13527,14957,-477,0.43,0.79,5759.71277,0.425793803,11826.397,0.79069312,-0.364899318
7800,-4934,5766,11858,13532,14955,-477,0.43,0.79,5757.71942,0.425489168,11821.334,0.790460314,-0.364971146
7800,-4932,5768,11861,13530,14957,-477,0.43,0.79,5759.71676,0.425699687,11824.397,0.790559404,-0.364859717
7800,-4940,5766,11854,13529,14958,-477,0.43,0.79,5757.71543,0.425583223,11817.4285,0.790040681,-0.364457457
7800,-4932,5768,11861,13540,14961,-477,0.43,0.79,5759.73006,0.425386267,11824.523,0.79035646,-0.364970193
7800,-4931,5772,11857,13536,14957,-477,0.43,0.79,5763.72474,0.425807088,11820.397,0.79029197,-0.364484883
7800,-4935,5767,11859,13524,14964,-503,0.43,0.79,5758.70878,0.425814018,11822.6175,0.79007067,-0.364256652
7800,-4934,5762,11857,13519,14960,-634,0.43,0.79,5753.70213,0.425601164,11820.4915,0.790139806,-0.364538643
7800,-4933,5769,11858,13535,14957,-765,0.43,0.79,5760.72341,0.425616802,11821.397,0.790358829,-0.364742027
7801,-4930,5767,11864,13524,14962,-896,0.43,0.79,5758.70878,0.425814018,11827.5545,0.790506249,-0.364692231
7801,-4935,5769,11858,13534,14961,-1000,0.43,0.79,5760.72208,0.425648151,11821.523,0.790155939,-0.364507787
7801,-4932,5768,11858,13524,14957,-1000,0.43,0.79,5759.70878,0.425887961,11821.397,0.790358829,-0.364470868
7800,-4932,5769,11863,13534,14967,-1000,0.43,0.79,5760.72208,0.425648151,11826.712,0.790185876,-0.364537724
7800,-4931,5769,11857,13531,14958,-1001,0.43,0.79,5760.71809,0.425742228,11820.4285,0.790241242,-0.364499014
7800,-4938,5771,11858,13530,14963,-1000,0.43,0.79,5762.71676,0.425921416,11821.586,0.790054535,-0.364133118
7800,-4932,5766,11862,13532,14961,-1000,0.43,0.79,5757.71942,0.425489168,11825.523,0.790423301,-0.364934133
7800,-4934,5767,11861,13532,14964,-989,0.43,0.79,5758.71942,0.425563067,11824.6175,0.790204324,-0.364641257
7800,-4935,5769,11865,13533,14969,-931,0.43,0.79,5760.72075,0.425679506,11828.775,0.790218117,-0.364538612
7800,-4933,5765,11872,13535,14973,-874,0.43,0.79,5756.72341,0.425321272,11835.901,0.790482936,-0.365161664
7800,-4934,5767,11865,13532,14972,-816,0.43,0.79,5758.71942,0.425563067,11828.8695,0.79006609,-0.364503023
7800,-4936,5765,11865,13532,14964,-770,0.43,0.79,5756.71942,0.425415269,11828.6175,0.790471632,-0.365056363
7800,-4935,5759,11860,13521,14962,-770,0.43,0.79,5750.70479,0.425316529,11823.5545,0.790238905,-0.364922376
7800,-4935,5766,11864,13528,14963,-770,0.43,0.79,5757.7141,0.425614585,11827.586,0.790455524,-0.364840939
7800,-4933,5764,11861,13529,14960,-770,0.43,0.79,5755.71543,0.425435393,11824.4915,0.790407186,-0.364971793
7800,-4934,5769,11867,13528,14971,-770,0.43,0.79,5760.7141,0.425836347,11830.838,0.790250351,-0.364414004
7800,-4935,5765,11860,13530,14963,-770,0.43,0.79,5756.71676,0.425477957,11823.586,0.790188198,-0.36471024
7801,-4929,5762,11856,13524,14959,-757,0.43,0.79,5753.70878,0.425444305,11819.46,0.790123671,-0.364679366
7801,-4928,5762,11871,13514,14974,-697,0.43,0.79,5753.69548,0.425758138,11834.9325,0.790365467,-0.364607329
7800,-4934,5767,11867,13521,14967,-636,0.43,0.79,5758.70479,0.425908201,11830.712,0.79045313,-0.364544929
7800,-4933,5760,11860,13516,14966,-575,0.43,0.79,5751.69814,0.425547362,11823.6805,0.790036115,-0.364488754
7800,-4934,5770,11870,13525,14971,-527,0.43,0.79,5761.71011,0.426004444,11833.838,0.790450738,-0.364446294
7800,-4934,5762,11861,13513,14967,-527,0.43,0.79,5753.69415,0.425789547,11824.712,0.790052248,-0.364262701
7800,-4931,5771,11861,13531,14967,-527,0.43,0.79,5762.71809,0.425890037,11824.712,0.790052248,-0.364162211
7800,-4933,5766,11859,13525,14966,-527,0.43,0.79,5757.71011,0.425708696,11822.6805,0.789969297,-0.364260601
7800,-4933,5766,11857,13519,14965,-527,0.43,0.79,5757.70213,0.425897043,11820.649,0.789886335,-0.363989291
7800,-4929,5777,11859,13547,14966,-527,0.43,0.79,5768.73937,0.425831503,11822.6805,0.789969297,-0.364137794
7800,-4931,5775,11860,13547,14963,-572,0.43,0.79,5766.73937,0.425683869,11823.586,0.790188198,-0.364504329
7800,-4925,5770,11868,13530,14974,-798,0.43,0.79,5761.71676,0.425847506,11831.9325,0.79016512,-0.364317613
7800,-4934,5771,11872,13536,14978,-1023,0.43,0.79,5762.72474,0.425733211,11836.0585,0.79022957,-0.364496359
7800,-4932,5770,11864,13535,14966,-1249,0.43,0.79,5761.72341,0.425690684,11827.6805,0.790303388,-0.364612704
7799,-4934,5773,11862,13540,14967,-1429,0.43,0.79,5764.73006,0.425755544,11825.712,0.790119062,-0.364363518
7799,-4932,5781,11851,13563,14955,-1429,0.43,0.79,5772.76065,0.425625647,11814.334,0.789992243,-0.364366596
7799,-4935,5769,11864,13530,14966,-1430,0.43,0.79,5760.71676,0.425773596,11827.6805,0.790303388,-0.364529791
7800,-4934,5768,11859,13530,14966,-1430,0.43,0.79,5759.71676,0.425699687,11822.6805,0.789969297,-0.36426961
7800,-4931,5772,11853,13533,14958,-1429,0.43,0.79,5763.72075,0.425901186,11816.4285,0.789973827,-0.364072641
7800,-4935,5770,11860,13536,14965,-1429,0.43,0.79,5761.72474,0.425659334,11823.649,0.790086803,-0.364427469
7800,-4933,5784,11864,13562,14971,-1382,0.43,0.79,5775.75932,0.425878139,11827.838,0.790049963,-0.364171824
7800,-4933,5765,11864,13531,14964,-1144,0.43,0.79,5756.71809,0.425446611,11827.6175,0.790404805,-0.364958194
7800,-4931,5769,11860,13535,14963,-905,0.43,0.79,5760.72341,0.425616802,11823.586,0.790188198,-0.364571396
7801,-4935,5769,11862,13533,14965,-667,0.43,0.79,5760.72075,0.425679506,11825.649,0.790220448,-0.364540942
7800,-4936,5768,11860,13532,14962,-477,0.43,0.79,5759.71942,0.425636966,11823.5545,0.790238905,-0.36460194
7800,-4931,5784,11860,13567,14966,-477,0.43,0.79,5775.76597,0.425721675,11823.6805,0.790036115,-0.36431444
7800,-4931,5773,11854,13540,14960,-477,0.43,0.79,5764.73006,0.425755544,11817.4915,0.789939271,-0.364183728
7800,-4933,5766,11858,13534,14960,-477,0.43,0.79,5757.72208,0.425426487,11821.4915,0.790206651,-0.364780164
7800,-4936,5765,11858,13526,14964,-477,0.43,0.79,5756.71144,0.425603389,11821.6175,0.790003843,-0.364400454
7800,-4932,5763,11848,13538,14949,-477,0.43,0.79,5754.7274,0.425079583,11811.145,0.790095993,-0.36501641
7800,-4934,5767,11851,13535,14948,-453,0.43,0.79,5758.72341,0.425469037,11814.1135,0.790347438,-0.364878401
7800,-4933,5764,11859,13523,14959,-334,0.43,0.79,5755.70745,0.425623564,11822.46,0.79032422,-0.364700656
7800,-4934,5763,11849,13527,14948,-215,0.43,0.79,5754.71277,0.425424172,11812.1135,0.790213641,-0.364789469
7800,-4936,5767,11852,13536,14946,-96,0.43,0.79,5758.72474,0.425437702,11815.0505,0.790515891,-0.365078188
7800,-4931,5770,11847,13531,14954,0,0.43,0.79,5761.71809,0.425816133,11810.3025,0.789775478,-0.363959346
7800,-4933,5770,11847,13535,14946,0,0.43,0.79,5761.72341,0.425690684,11810.0505,0.790181353,-0.364490669
7800,-4927,5768,11861,13526,14961,0,0.43,0.79,5759.71144,0.425825184,11824.523,0.79035646,-0.364531276
7800,-4932,5767,11860,13531,14965,0,0.43,0.79,5758.71809,0.425594419,11823.649,0.790086803,-0.364492383
7800,-4931,5767,11858,13523,14964,0,0.43,0.79,5758.70745,0.425845408,11821.6175,0.790003843,-0.364158435
7800,-4932,5772,11860,13536,14964,0,0.43,0.79,5763.72474,0.425807088,11823.6175,0.790137497,-0.364330409
7800,-4936,5764,11852,13534,14952,-126,0.43,0.79,5755.72208,0.425278711,11815.2395,0.79021131,-0.364932598
7800,-4930,5763,11849,13524,14955,-626,0.43,0.79,5754.70878,0.425518248,11812.334,0.789858509,-0.364340261
7800,-4939,5767,11859,13534,14956,-1126,0.43,0.79,5758.72208,0.425500375,11822.3655,0.790476431,-0.364976056
7800,-4937,5765,11859,13529,14961,-1626,0.43,0.79,5756.71543,0.425509308,11822.523,0.790222779,-0.364713471
7800,-4935,5769,11855,13529,14952,-2001,0.43,0.79,5760.71543,0.425804969,11818.2395,0.790411952,-0.364606982
7800,-4936,5764,11846,13530,14948,-2001,0.43,0.79,5755.71676,0.425404047,11809.1135,0.790012945,-0.364608898
7801,-4934,5772,11865,13538,14966,-2001,0.43,0.79,5763.7274,0.425744379,11828.6805,0.790370206,-0.364625827
7800,-4931,5766,11858,13533,14964,-2001,0.43,0.79,5757.72075,0.425457825,11821.6175,0.790003843,-0.364546017
7800,-4932,5766,11857,13534,14961,-2001,0.43,0.79,5757.72208,0.425426487,11820.523,0.790089098,-0.364662611
7800,-4928,5768,11865,13530,14968,-2001,0.43,0.79,5759.71676,0.425699687,11828.7435,0.790268807,-0.36456912
7800,-4935,5767,11866,13531,14972,-1901,0.43,0.79,5758.71809,0.425594419,11829.8695,0.790132881,-0.364538462
7800,-4933,5774,11873,13534,14976,-1401,0.43,0.79,5765.72208,0.426017591,11836.9955,0.79039767,-0.364380078
7800,-4938,5770,11871,13532,14975,-901,0.43,0.79,5761.71942,0.425784764,11834.964,0.790314791,-0.364530028
7800,-4939,5771,11863,13527,14964,-401,0.43,0.79,5762.71277,0.426015581,11826.6175,0.790337978,-0.364322396
7800,-4938,5764,11876,13530,14976,0,0.43,0.79,5755.71676,0.425404047,11839.9955,0.79059799,-0.365193943
7800,-4934,5769,11871,13533,14975,0,0.43,0.79,5760.72075,0.425679506,11834.964,0.790314791,-0.364635286
7800,-4938,5769,11884,13535,14997,0,0.43,0.79,5760.72341,0.425616802,11848.657,0.79006848,-0.364451679
7801,-4938,5766,11873,13532,14977,0,0.43,0.79,5757.71942,0.425489168,11837.027,0.790346999,-0.364857831
7800,-4930,5769,11862,13531,14965,0,0.43,0.79,5760.71809,0.425742228,11825.649,0.790220448,-0.364478219
7800,-4936,5770,11881,13530,14981,0,0.43,0.79,5761.71676,0.425847506,11845.153,0.790678393,-0.364830886
7800,-4933,5770,11870,13531,14975,-46,0.43,0.79,5761.71809,0.425816133,11833.964,0.790248013,-0.364431881
7800,-4935,5766,11866,13533,14970,-273,0.43,0.79,5757.72075,0.425457825,11829.8065,0.790234235,-0.36477641
7800,-4938,5766,11874,13532,14977,-500,0.43,0.79,5757.71942,0.425489168,11838.027,0.790413768,-0.3649246
7800,-4935,5774,11878,13536,14985,-728,0.43,0.79,5765.72474,0.425954842,11842.279,0.790275542,-0.3643207
7800,-4935,5766,11868,13525,14967,-910,0.43,0.79,5757.71011,0.425708696,11831.712,0.790519944,-0.364811248
7800,-4935,5770,11870,13534,14977,-910,0.43,0.79,5761.72208,0.425722039,11834.027,0.790146692,-0.364424652
7800,-4930,5765,11867,13532,14976,-910,0.43,0.79,5756.71942,0.425415269,11830.9955,0.789997029,-0.36458176
7800,-4935,5767,11863,13522,14964,-910,0.43,0.79,5758.70612,0.425876802,11826.6175,0.790337978,-0.364461176
7800,-4933,5766,11890,13532,14994,-910,0.43,0.79,5757.71942,0.425489168,11854.5625,0.790620415,-0.365131247
7800,-4930,5767,11872,13524,14977,-910,0.43,0.79,5758.70878,0.425814018,11836.027,0.79028023,-0.364466212
7799,-4935,5773,11885,13544,14996,-835,0.43,0.79,5764.73538,0.425630196,11849.6255,0.79018575,-0.364555553
7799,-4934,5767,11867,13537,14970,-460,0.43,0.79,5758.72607,0.425406373,11830.8065,0.790301035,-0.364894663
7799,-4934,5771,11865,13537,14964,-86,0.43,0.79,5762.72607,0.425701859,11828.6175,0.790471632,-0.364769773
7800,-4935,5762,11868,13526,14969,287,0.43,0.79,5753.71144,0.425381594,11831.775,0.790418532,-0.365036938
7800,-4936,5766,11881,13531,14994,587,0.43,0.79,5757.71809,0.425520515,11845.5625,0.790020175,-0.36449966
7800,-4938,5766,11874,13529,14981,587,0.43,0.79,5757.71543,0.425583223,11838.153,0.790211134,-0.364627911
7800,-4933,5766,11868,13524,14973,587,0.43,0.79,5757.70878,0.425740075,11831.901,0.790215788,-0.364475713
7800,-4940,5766,11867,13531,14967,587,0.43,0.79,5757.71809,0.425520515,11830.712,0.79045313,-0.364932615
7800,-4933,5764,11864,13527,14966,587,0.43,0.79,5755.71277,0.425498098,11827.6805,0.790303388,-0.36480529
7800,-4936,5768,11866,13532,14969,587,0.43,0.79,5759.71942,0.425636966,11829.775,0.790284922,-0.364647956
7800,-4934,5761,11866,13523,14970,558,0.43,0.79,5752.70745,0.425401719,11829.8065,0.790234235,-0.364832516
7800,-4934,5766,11876,13527,14980,410,0.43,0.79,5757.71277,0.42564595,11840.1215,0.790395294,-0.364749343
7800,-4934,5766,11867,13530,14970,263,0.43,0.79,5757.71676,0.425551867,11830.8065,0.790301035,-0.364749168
7800,-4936,5766,11871,13531,14970,116,0.43,0.79,5757.71809,0.425520515,11834.8065,0.790568236,-0.365047721
7800,-4935,5766,11881,13524,14986,0,0.43,0.79,5757.70878,0.425740075,11845.3105,0.790425097,-0.364685021
7800,-4937,5762,11868,13523,14969,0,0.43,0.79,5753.70745,0.425475667,11831.775,0.790418532,-0.364942864
7800,-4934,5769,11876,13526,14977,0,0.43,0.79,5760.71144,0.425899116,11840.027,0.790547306,-0.36464819
7800,-4937,5764,11873,13523,14976,0,0.43,0.79,5755.70745,0.425623564,11836.9955,0.79039767,-0.364774106
7800,-4936,5762,11869,13524,14974,0,0.43,0.79,5753.70878,0.425444305,11832.9325,0.790231902,-0.364787597
7800,-4930,5773,11868,13551,14975,0,0.43,0.79,5764.74469,0.425411017,11831.964,0.790114457,-0.364703441
7800,-4932,5767,11892,13529,15001,-46,0.43,0.79,5758.71543,0.425657139,11856.783,0.790399507,-0.364742368
7800,-4933,5770,11868,13536,14976,-273,0.43,0.79,5761.72474,0.425659334,11831.9955,0.790063802,-0.364404468
7800,-4934,5768,11863,13527,14969,-500,0.43,0.79,5759.71277,0.425793803,11826.775,0.790084508,-0.364290705
7800,-4936,5759,11867,13518,14969,-728,0.43,0.79,5750.7008,0.425410623,11830.775,0.790351727,-0.364941104
7800,-4936,5767,11868,13533,14973,-910,0.43,0.79,5758.72075,0.425531719,11831.901,0.790215788,-0.36468407
7800,-4937,5768,11869,13540,14965,-910,0.43,0.79,5759.73006,0.425386267,11832.649,0.790688206,-0.365301938
7800,-4932,5767,11859,13530,14969,-909,0.43,0.79,5758.71676,0.425625777,11822.775,0.789817289,-0.364191512
7800,-4936,5769,11862,13533,14964,-909,0.43,0.79,5760.72075,0.425679506,11825.6175,0.790271151,-0.364591645
7800,-4934,5769,11873,13531,14972,-910,0.43,0.79,5760.71809,0.425742228,11836.8695,0.790600421,-0.364858193
7800,-4936,5765,11869,13526,14974,-909,0.43,0.79,5756.71144,0.425603389,11832.9325,0.790231902,-0.364628513
7800,-4934,5763,11885,13524,14990,-955,0.43,0.79,5754.70878,0.425518248,11849.4365,0.790489426,-0.364971179
7800,-4935,5766,11866,13528,14973,-1182,0.43,0.79,5757.7141,0.425614585,11829.901,0.790082215,-0.36446763
7800,-4933,5767,11861,13530,14965,-1410,0.43,0.79,5758.71676,0.425625777,11824.649,0.790153625,-0.364527848
7800,-4932,5769,11867,13531,14972,-1637,0.43,0.79,5760.71809,0.425742228,11830.8695,0.790199673,-0.364457445
7800,-4933,5770,11870,13537,14975,-1819,0.43,0.79,5761.72607,0.425627988,11833.964,0.790248013,-0.364620026
7800,-4934,5768,11875,13535,14987,-1819,0.43,0.79,5759.72341,0.425542919,11839.342,0.789974111,-0.364431192
7800,-4931,5769,11866,13535,14974,-1819,0.43,0.79,5760.72341,0.425616802,11829.9325,0.790031555,-0.364414753
7800,-4931,5770,11868,13531,14969,-1819,0.43,0.79,5761.71809,0.425816133,11831.775,0.790418532,-0.364602399
7800,-4933,5767,11869,13531,14977,-1819,0.43,0.79,5758.71809,0.425594419,11833.027,0.790079923,-0.364485503
7800,-4933,5771,11859,13532,14961,-1819,0.43,0.79,5762.71942,0.425858662,11822.523,0.790222779,-0.364364117
7800,-4936,5768,11865,13532,14971,-1683,0.43,0.79,5759.71942,0.425636966,11828.838,0.790116759,-0.364479793
7800,-4932,5763,11862,13524,14972,-1001,0.43,0.79,5754.70878,0.425518248,11825.8695,0.789865716,-0.364347468
7800,-4935,5767,11859,13529,14966,-319,0.43,0.79,5758.71543,0.425657139,11822.6805,0.789969297,-0.364312158
7800,-4934,5772,11849,13538,14953,362,0.43,0.79,5763.7274,0.425744379,11812.271,0.789959941,-0.364215562
7800,-4931,5768,11870,13532,14969,908,0.43,0.79,5759.71942,0.425636966,11833.775,0.790552141,-0.364915175
7800,-4933,5765,11865,13520,14973,908,0.43,0.79,5756.70346,0.425791676,11828.901,0.790015428,-0.364223752
7800,-4936,5763,11865,13526,14967,908,0.43,0.79,5754.71144,0.425455526,11828.712,0.790319503,-0.364863977
7800,-4935,5771,11866,13529,14967,908,0.43,0.79,5762.71543,0.4259528,11829.712,0.790386317,-0.364433517
7800,-4936,5772,11865,13529,14968,908,0.43,0.79,5763.71543,0.426026715,11828.7435,0.790268807,-0.364242092
7800,-4936,5768,11862,13534,14967,908,0.43,0.79,5759.72208,0.425574263,11825.712,0.790119062,-0.364544799
7800,-4937,5768,11868,13528,14971,812,0.43,0.79,5759.7141,0.425762426,11831.838,0.790317146,-0.36455472
7800,-4937,5764,11869,13519,14966,335,0.43,0.79,5755.70213,0.425749103,11832.6805,0.790637478,-0.364888375
7800,-4934,5769,11865,13528,14973,-141,0.43,0.79,5760.7141,0.425836347,11828.901,0.790015428,-0.364179081
7800,-4937,5768,11872,13537,14975,-619,0.43,0.79,5759.72607,0.425480245,11835.964,0.790381569,-0.364901325
7800,-4938,5769,11864,13533,14966,-1000,0.43,0.79,5760.72075,0.425679506,11827.6805,0.790303388,-0.364623882
7800,-4933,5764,11860,13524,14968,-1000,0.43,0.79,5755.70878,0.42559219,11823.7435,0.789934761,-0.364342571
7800,-4934,5768,11865,13532,14965,-1000,0.43,0.79,5759.71942,0.425636966,11828.649,0.790420915,-0.36478395
7800,-4937,5765,11862,13523,14967,-1000,0.43,0.79,5756.70745,0.425697512,11825.712,0.790119062,-0.36442155
7800,-4938,5760,11860,13529,14963,-1000,0.43,0.79,5751.71543,0.425139732,11823.586,0.790188198,-0.365048466
7800,-4932,5762,11869,13517,14969,-1000,0.43,0.79,5753.69947,0.425663939,11832.775,0.790485336,-0.364821397
7800,-4938,5761,11865,13524,14967,-1010,0.43,0.79,5752.70878,0.425370362,11828.712,0.790319503,-0.364949141
7801,-4936,5765,11862,13524,14965,-1061,0.43,0.79,5756.70878,0.425666133,11825.649,0.790220448,-0.364554315
7801,-4935,5765,11864,13537,14966,-1111,0.43,0.79,5756.72607,0.42525863,11827.6805,0.790303388,-0.365044758
7800,-4935,5765,11867,13523,14966,-1161,0.43,0.79,5756.70745,0.425697512,11830.6805,0.790503842,-0.36480633
7800,-4931,5765,11861,13528,14967,-1201,0.43,0.79,5756.7141,0.425540664,11824.712,0.790052248,-0.364511584
7800,-4937,5762,11864,13522,14967,-1201,0.43,0.79,5753.70612,0.425507034,11827.712,0.790252689,-0.364745655
7800,-4939,5763,11868,13522,14972,-1201,0.43,0.79,5754.70612,0.425580988,11831.8695,0.790266464,-0.364685476
7800,-4934,5768,11862,13527,14966,-1201,0.43,0.79,5759.71277,0.425793803,11825.6805,0.790169751,-0.364375949
7800,-4936,5764,11862,13521,14966,-1201,0.43,0.79,5755.70479,0.425686324,11825.6805,0.790169751,-0.364483427
7800,-4934,5764,11856,13522,14959,-1201,0.43,0.79,5755.70612,0.425654942,11819.46,0.790123671,-0.36446873
7800,-4933,5766,11871,13531,14971,-1182,0.43,0.79,5757.71809,0.425520515,11834.838,0.790517534,-0.364997019
7800,-4938,5760,11870,13528,14973,-1091,0.43,0.79,5751.7141,0.42517106,11833.901,0.790349362,-0.365178302
7800,-4931,5760,11861,13520,14969,-999,0.43,0.79,5751.70346,0.425421854,11824.775,0.789950899,-0.364529045
7800,-4932,5762,11864,13525,14965,-907,0.43,0.79,5753.71011,0.425412947,11827.649,0.790354093,-0.364941146
7800,-4935,5761,11866,13527,14963,-834,0.43,0.79,5752.71277,0.425276319,11829.586,0.790589187,-0.365312867
7800,-4931,5763,11869,13517,14971,-834,0.43,0.79,5754.69947,0.42573792,11832.838,0.790383942,-0.364646022
7800,-4935,5767,11867,13530,14969,-834,0.43,0.79,5758.71676,0.425625777,11830.775,0.790351727,-0.36472595
7800,-4935,5764,11861,13527,14963,-834,0.43,0.79,5755.71277,0.425498098,11824.586,0.790255029,-0.364756931
7800,-4931,5765,11872,13529,14971,-834,0.43,0.79,5756.71543,0.425509308,11835.838,0.79058433,-0.365075022
7800,-4930,5768,11866,13537,14969,-834,0.43,0.79,5759.72607,0.425480245,11829.775,0.790284922,-0.364804678
7800,-4933,5771,11860,13542,14965,-791,0.43,0.79,5762.73272,0.425545172,11823.649,0.790086803,-0.36454163
7800,-4932,5770,11862,13532,14967,-582,0.43,0.79,5761.71942,0.425784764,11825.712,0.790119062,-0.364334298
7800,-4930,5769,11860,13525,14966,-374,0.43,0.79,5760.71011,0.425930507,11823.6805,0.790036115,-0.364105608
7800,-4936,5772,11854,13538,14962,-166,0.43,0.79,5763.7274,0.425744379,11817.5545,0.789837889,-0.364093511
7800,-4935,5768,11864,13528,14970,0,0.43,0.79,5759.7141,0.425762426,11827.8065,0.790100635,-0.364338209
7800,-4935,5770,11859,13533,14962,0,0.43,0.79,5761.72075,0.425753399,11822.5545,0.790172069,-0.36441867
7800,-4939,5764,11861,13525,14963,0,0.43,0.79,5755.71011,0.425560821,11824.586,0.790255029,-0.364694208
7800,-4935,5762,11858,13529,14963,0,0.43,0.79,5753.71543,0.425287562,11821.586,0.790054535,-0.364766972
7800,-4935,5770,11858,13532,14958,0,0.43,0.79,5761.71942,0.425784764,11821.4285,0.790308096,-0.364523332
7800,-4935,5769,11862,13537,14965,0,0.43,0.79,5760.72607,0.425554116,11825.649,0.790220448,-0.364666332
7800,-4936,5766,11869,13530,14970,0,0.43,0.79,5757.71676,0.425551867,11832.8065,0.790434636,-0.364882769
7800,-4935,5762,11863,13520,14962,0,0.43,0.79,5753.70346,0.425569783,11826.5545,0.790439413,-0.364869631
7800,-4938,5769,11864,13536,14966,0,0.43,0.79,5760.72474,0.425585457,11827.6805,0.790303388,-0.364717931
7800,-4935,5773,11862,13532,14964,0,0.43,0.79,5764.71942,0.42600646,11825.6175,0.790271151,-0.364264691
7800,-4937,5765,11860,13529,14964,0,0.43,0.79,5756.71543,0.425509308,11823.6175,0.790137497,-0.364628189
7800,-4931,5769,11860,13537,14963,0,0.43,0.79,5760.72607,0.425554116,11823.586,0.790188198,-0.364634081
7800,-4933,5770,11863,13530,14964,0,0.43,0.79,5761.71676,0.425847506,11826.6175,0.790337978,-0.364490472
7800,-4933,5765,11860,13523,14963,0,0.43,0.79,5756.70745,0.425697512,11823.586,0.790188198,-0.364490686
7800,-4933,5765,11868,13527,14973,0,0.43,0.79,5756.71277,0.425572024,11831.901,0.790215788,-0.364643764
7800,-4930,5772,11867,13538,14977,0,0.43,0.79,5763.7274,0.425744379,11831.027,0.789946384,-0.364202006
7800,-4931,5782,11874,13562,14978,0,0.43,0.79,5773.75932,0.425730668,11838.0585,0.790363099,-0.364632431
7800,-4932,5767,11858,13534,14958,-112,0.43,0.79,5758.72208,0.425500375,11821.4285,0.790308096,-0.364807721
7800,-4936,5763,11871,13525,14971,-389,0.43,0.79,5754.71011,0.425486884,11834.838,0.790517534,-0.36503065
7800,-4936,5767,11856,13533,14955,-667,0.43,0.79,5758.72075,0.425531719,11819.334,0.79032658,-0.364794861
7800,-4934,5768,11851,13531,14958,-945,0.43,0.79,5759.71809,0.425668324,11814.4285,0.789840119,-0.364171795
7800,-4938,5766,11860,13532,14957,-1112,0.43,0.79,5757.71942,0.425489168,11823.397,0.790492545,-0.365003377
7799,-4937,5769,11867,13539,14973,-1112,0.43,0.79,5760.72873,0.425491449,11830.901,0.790149002,-0.364657552
7799,-4934,5764,11857,13532,14969,-1112,0.43,0.79,5755.71942,0.42534137,11820.775,0.78968368,-0.36434231
7799,-4936,5767,11865,13531,14971,-1112,0.43,0.79,5758.71809,0.425594419,11828.838,0.790116759,-0.36452234
7800,-4938,5764,11865,13525,14970,-1112,0.43,0.79,5755.71011,0.425560821,11828.8065,0.790167435,-0.364606613
7800,-4938,5759,11863,13524,14961,-1030,0.43,0.79,5750.70878,0.425222477,11826.523,0.790490141,-0.365267664
7800,-4937,5768,11864,13532,14964,-620,0.43,0.79,5759.71942,0.425636966,11827.6175,0.790404805,-0.364767839
7800,-4936,5764,11864,13521,14961,-211,0.43,0.79,5755.70479,0.425686324,11827.523,0.790556981,-0.364870657
7800,-4937,5765,11866,13531,14964,197,0.43,0.79,5756.71809,0.425446611,11829.6175,0.790538459,-0.365091848
7800,-4937,5761,11861,13524,14959,525,0.43,0.79,5752.70878,0.425370362,11824.46,0.790457918,-0.365087556
7800,-4937,5766,11870,13534,14976,525,0.43,0.79,5757.72208,0.425426487,11833.9955,0.790197349,-0.364770862
7800,-4936,5763,11866,13527,14971,525,0.43,0.79,5754.71277,0.425424172,11829.838,0.790183555,-0.364759383
7800,-4936,5764,11865,13529,14972,525,0.43,0.79,5755.71543,0.425435393,11828.8695,0.79006609,-0.364630697
7800,-4936,5763,11861,13526,14969,525,0.43,0.79,5754.71144,0.425455526,11824.775,0.789950899,-0.364495373
7800,-4934,5765,11868,13524,14968,525,0.43,0.79,5756.70878,0.425666133,11831.7435,0.790469234,-0.364803102
7800,-4937,5764,11869,13531,14972,380,0.43,0.79,5755.71809,0.425372706,11832.8695,0.790333255,-0.364960549
7800,-4941,5768,11866,13529,14968,-346,0.43,0.79,5759.71543,0.425731054,11829.7435,0.790335616,-0.364604562
7800,-4936,5771,11861,13536,14963,-1073,0.43,0.79,5762.72474,0.425733211,11824.586,0.790255029,-0.364521818
7800,-4932,5767,11858,13527,14963,-1800,0.43,0.79,5758.71277,0.425719877,11821.586,0.790054535,-0.364334658
7800,-4941,5767,11863,13525,14965,-2382,0.43,0.79,5758.71011,0.425782633,11826.649,0.79028727,-0.364504637
7800,-4936,5766,11861,13532,14968,-2382,0.43,0.79,5757.71942,0.425489168,11824.7435,0.79000157,-0.364512402
7800,-4935,5770,11866,13531,14974,-2382,0.43,0.79,5761.71809,0.425816133,11829.9325,0.790031555,-0.364215422
7800,-4938,5768,11858,13539,14961,-2382,0.43,0.79,5759.72873,0.425417588,11821.523,0.790155939,-0.36473835
7800,-4939,5762,11867,13525,14973,-2382,0.43,0.79,5753.71011,0.425412947,11830.901,0.790149002,-0.364736054
7800,-4936,5765,11868,13532,14969,-2382,0.43,0.79,5756.71942,0.425415269,11831.775,0.790418532,-0.365003263
7800,-4936,5768,11867,13534,14968,-2334,0.43,0.79,5759.72208,0.425574263,11830.7435,0.790402425,-0.364828162
7800,-4936,5765,11865,13533,14963,-2096,0.43,0.79,5756.72075,0.425383932,11828.586,0.790522355,-0.365138423
7800,-4936,5768,11870,13530,14973,-1858,0.43,0.79,5759.71676,0.425699687,11833.901,0.790349362,-0.364649676
7800,-4933,5769,11862,13536,14963,-1620,0.43,0.79,5760.72474,0.425585457,11825.586,0.790321861,-0.364736404
7800,-4936,5764,11860,13524,14964,-1429,0.43,0.79,5755.70878,0.42559219,11823.6175,0.790137497,-0.364545306
7799,-4929,5760,11865,13516,14969,-1429,0.43,0.79,5751.69814,0.425547362,11828.775,0.790218117,-0.364670756
7799,-4925,5770,11865,13536,14970,-1429,0.43,0.79,5761.72474,0.425659334,11828.8065,0.790167435,-0.364508101
7799,-4930,5770,11858,13534,14958,-1429,0.43,0.79,5761.72208,0.425722039,11821.4285,0.790308096,-0.364586057
7800,-4934,5765,11862,13521,14967,-1429,0.43,0.79,5756.70479,0.425760283,11825.712,0.790119062,-0.364358779
7800,-4934,5766,11861,13534,14963,-1429,0.43,0.79,5757.72208,0.425426487,11824.586,0.790255029,-0.364828542
7800,-4936,5764,11867,13531,14972,-1358,0.43,0.79,5755.71809,0.425372706,11830.8695,0.790199673,-0.364826966
7800,-4934,5770,11866,13535,14969,-1001,0.43,0.79,5761.72341,0.425690684,11829.775,0.790284922,-0.364594238
7800,-4934,5768,11864,13530,14964,-644,0.43,0.79,5759.71676,0.425699687,11827.6175,0.790404805,-0.364705118
7800,-4936,5766,11869,13527,14965,-286,0.43,0.79,5757.71277,0.42564595,11832.649,0.790688206,-0.365042255
7800,-4936,5763,11867,13532,14971,0,0.43,0.79,5754.71942,0.425267471,11830.838,0.790250351,-0.364982879
7800,-4936,5767,11865,13535,14966,0,0.43,0.79,5758.72341,0.425469037,11828.6805,0.790370206,-0.364901169
7800,-4933,5771,11871,13526,14970,0,0.43,0.79,5762.71144,0.426046979,11834.8065,0.790568236,-0.364521257
7800,-4934,5766,11866,13533,14969,0,0.43,0.79,5757.72075,0.425457825,11829.775,0.790284922,-0.364827097
7800,-4934,5766,11862,13531,14961,0,0.43,0.79,5757.71809,0.425520515,11825.523,0.790423301,-0.364902785
7800,-4938,5768,11864,13533,14963,0,0.43,0.79,5759.72075,0.425605612,11827.586,0.790455524,-0.364849911
7800,-4938,5767,11873,13531,14975,0,0.43,0.79,5758.71809,0.425594419,11836.964,0.790448347,-0.364853928
7800,-4938,5765,11866,13531,14965,0,0.43,0.79,5756.71809,0.425446611,11829.649,0.790487738,-0.365041127
7800,-4933,5767,11857,13528,14955,0,0.43,0.79,5758.7141,0.425688505,11820.334,0.790393447,-0.364704942
7800,-4934,5767,11865,13532,14963,0,0.43,0.79,5758.71942,0.425563067,11828.586,0.790522355,-0.364959288
7800,-4936,5766,11867,13528,14968,0,0.43,0.79,5757.7141,0.425614585,11830.7435,0.790402425,-0.364787841
7800,-4936,5764,11858,13530,14957,0,0.43,0.79,5755.71676,0.425404047,11821.397,0.790358829,-0.364954781
7800,-4936,5768,11857,13530,14959,0,0.43,0.79,5759.71676,0.425699687,11820.46,0.790190521,-0.364490834
7800,-4938,5769,11862,13529,14961,0,0.43,0.79,5760.71543,0.425804969,11825.523,0.790423301,-0.364618331
7800,-4939,5760,11865,13529,14962,0,0.43,0.79,5751.71543,0.425139732,11828.5545,0.790573085,-0.365433353
7800,-4933,5767,11861,13531,14957,0,0.43,0.79,5758.71809,0.425594419,11824.397,0.790559404,-0.364964984
7800,-4936,5757,11863,13519,14962,0,0.43,0.79,5748.70213,0.425231314,11826.5545,0.790439413,-0.365208099
7800,-4934,5765,11870,13526,14974,0,0.43,0.79,5756.71144,0.425603389,11833.9325,0.790298684,-0.364695295
7800,-4936,5761,11861,13525,14963,0,0.43,0.79,5752.71011,0.42533901,11824.586,0.790255029,-0.364916019
7800,-4939,5756,11860,13521,14959,0,0.43,0.79,5747.70479,0.425094652,11823.46,0.790391069,-0.365296417
7800,-4935,5767,11855,13528,14955,0,0.43,0.79,5758.7141,0.425688505,11818.334,0.790259712,-0.364571207
7800,-4936,5762,11863,13527,14963,0,0.43,0.79,5753.71277,0.425350245,11826.586,0.790388692,-0.365038447
7800,-4936,5763,11858,13529,14958,0,0.43,0.79,5754.71543,0.425361478,11821.4285,0.790308096,-0.364946618
7800,-4935,5764,11868,13522,14968,0,0.43,0.79,5755.70612,0.425654942,11831.7435,0.790469234,-0.364814293
7800,-4941,5759,11861,13521,14965,0,0.43,0.79,5750.70479,0.425316529,11824.649,0.790153625,-0.364837096
7800,-4934,5762,11872,13527,14971,0,0.43,0.79,5753.71277,0.425350245,11835.838,0.79058433,-0.365234084
7800,-4936,5766,11863,13543,14963,-46,0.43,0.79,5757.73405,0.425144654,11826.586,0.790388692,-0.365244038
7800,-4935,5761,11862,13520,14962,-273,0.43,0.79,5752.70346,0.425495818,11825.5545,0.790372577,-0.364876759
7800,-4933,5769,11862,13524,14965,-500,0.43,0.79,5760.70878,0.425961903,11825.649,0.790220448,-0.364258544
7800,-4935,5761,11860,13526,14964,-728,0.43,0.79,5752.71144,0.425307662,11823.6175,0.790137497,-0.364829834
7800,-4935,5766,11855,13524,14954,-910,0.43,0.79,5757.70878,0.425740075,11818.3025,0.790310452,-0.364570377
7800,-4934,5766,11867,13526,14965,-910,0.43,0.79,5757.71144,0.425677321,11830.649,0.790554561,-0.36487724
7800,-4939,5761,11873,13526,14974,-910,0.43,0.79,5752.71144,0.425307662,11836.9325,0.790499032,-0.365191369
7800,-4939,5766,11863,13525,14964,-910,0.43,0.79,5757.71011,0.425708696,11826.6175,0.790337978,-0.364629282
7800,-4934,5768,11857,13532,14958,-910,0.43,0.79,5759.71942,0.425636966,11820.4285,0.790241242,-0.364604276
7800,-4932,5768,11867,13534,14972,-910,0.43,0.79,5759.72208,0.425574263,11830.8695,0.790199673,-0.364625409
7800,-4936,5762,11863,13526,14965,-935,0.43,0.79,5753.71144,0.425381594,11826.649,0.79028727,-0.364905676
7800,-4932,5768,11861,13537,14968,-1065,0.43,0.79,5759.72607,0.425480245,11824.7435,0.79000157,-0.364521326
7800,-4934,5774,11862,13540,14964,-1195,0.43,0.79,5765.73006,0.425829399,11825.6175,0.790271151,-0.364441752
7800,-4935,5772,11860,13533,14964,-1325,0.43,0.79,5763.72075,0.425901186,11823.6175,0.790137497,-0.364236311
7800,-4938,5769,11856,13530,14964,-1429,0.43,0.79,5760.71676,0.425773596,11819.6175,0.789870188,-0.364096592
7799,-4935,5767,11863,13532,14966,-1429,0.43,0.79,5758.71942,0.425563067,11826.6805,0.79023657,-0.364673503
7799,-4935,5763,11857,13526,14963,-1429,0.43,0.79,5754.71144,0.425455526,11820.586,0.789987703,-0.364532177
7799,-4939,5766,11866,13530,14960,-1429,0.43,0.79,5757.71676,0.425551867,11829.4915,0.79074141,-0.365189543
7800,-4936,5761,11860,13527,14962,-1429,0.43,0.79,5752.71277,0.425276319,11823.5545,0.790238905,-0.364962586
7800,-4939,5766,11863,13533,14964,-1429,0.43,0.79,5757.72075,0.425457825,11826.6175,0.790337978,-0.364880152
7800,-4935,5770,11856,13536,14958,-1384,0.43,0.79,5761.72474,0.425659334,11819.4285,0.790174388,-0.364515055
7800,-4937,5759,11860,13519,14961,-1135,0.43,0.79,5750.70213,0.425379254,11823.523,0.79028962,-0.364910366
7800,-4937,5765,11859,13531,14960,-886,0.43,0.79,5756.71809,0.425446611,11822.4915,0.790273496,-0.364826885
7800,-4935,5767,11858,13532,14961,-638,0.43,0.79,5758.71942,0.425563067,11821.523,0.790155939,-0.364592872
7800,-4937,5767,11861,13525,14962,-435,0.43,0.79,5758.71011,0.425782633,11824.5545,0.790305741,-0.364523108
7800,-4934,5768,11864,13537,14965,-435,0.43,0.79,5759.72607,0.425480245,11827.649,0.790354093,-0.364873848
7800,-4931,5767,11860,13528,14965,-435,0.43,0.79,5758.7141,0.425688505,11823.649,0.790086803,-0.364398297
7800,-4936,5764,11869,13527,14976,-435,0.43,0.79,5755.71277,0.425498098,11832.9955,0.790130576,-0.364632478
7800,-4935,5767,11856,13530,14958,-435,0.43,0.79,5758.71676,0.425625777,11819.4285,0.790174388,-0.364548611
7800,-4929,5767,11865,13532,14969,-435,0.43,0.79,5758.71942,0.425563067,11828.775,0.790218117,-0.364655051
7800,-4936,5766,11855,13531,14960,-435,0.43,0.79,5757.71809,0.425520515,11818.4915,0.790006116,-0.364485601
7800,-4935,5765,11860,13531,14959,-435,0.43,0.79,5756.71809,0.425446611,11823.46,0.790391069,-0.364944458
7800,-4936,5766,11867,13528,14971,-435,0.43,0.79,5757.7141,0.425614585,11830.838,0.790250351,-0.364635766
7799,-4933,5773,11867,13538,14967,-435,0.43,0.79,5764.7274,0.425818245,11830.712,0.79045313,-0.364634885
7799,-4934,5764,11859,13528,14965,-435,0.43,0.79,5755.7141,0.425466743,11822.649,0.79001998,-0.364553237
7800,-4936,5764,11854,13538,14956,-435,0.43,0.79,5755.7274,0.42515345,11817.3655,0.790142117,-0.364988667
7800,-4938,5769,11857,13533,14963,-435,0.43,0.79,5760.72075,0.425679506,11820.586,0.789987703,-0.364308197
7800,-4935,5764,11856,13530,14963,-435,0.43,0.79,5755.71676,0.425404047,11819.586,0.789920871,-0.364516824
7800,-4932,5765,11859,13530,14965,-435,0.43,0.79,5756.71676,0.425477957,11822.649,0.79001998,-0.364542023
7800,-4934,5768,11857,13531,14963,-435,0.43,0.79,5759.71809,0.425668324,11820.586,0.789987703,-0.364319379
7800,-4932,5768,11856,13528,14962,-435,0.43,0.79,5759.7141,0.425762426,11819.5545,0.789971561,-0.364209135
7800,-4931,5765,11859,13525,14961,-226,0.43,0.79,5756.71011,0.425634759,11822.523,0.790222779,-0.364588021
7800,-4936,5766,11863,13537,14966,-18,0.43,0.79,5757.72607,0.425332501,11826.6805,0.79023657,-0.364904068
7800,-4931,5772,11854,13531,14960,190,0.43,0.79,5763.71809,0.425963941,11817.4915,0.789939271,-0.36397533
7799,-4937,5769,11866,13537,14969,398,0.43,0.79,5760.72607,0.425554116,11829.775,0.790284922,-0.364730806
7799,-4935,5769,11857,13540,14964,398,0.43,0.79,5760.73006,0.425460123,11820.6175,0.789937016,-0.364476893
7800,-4932,5768,11861,13530,14967,398,0.43,0.79,5759.71676,0.425699687,11824.712,0.790052248,-0.364352562
7800,-4934,5770,11867,13537,14968,398,0.43,0.79,5761.72607,0.425627988,11830.7435,0.790402425,-0.364774437
7800,-4936,5766,11859,13528,14959,398,0.43,0.79,5757.7141,0.425614585,11822.46,0.79032422,-0.364709635
7800,-4931,5763,11862,13526,14968,398,0.43,0.79,5754.71144,0.425455526,11825.7435,0.790068379,-0.364612854
7800,-4936,5761,11865,13520,14974,390,0.43,0.79,5752.70346,0.425495818,11828.9325,0.789964772,-0.364468954
7800,-4934,5763,11870,13516,14971,290,0.43,0.79,5754.69814,0.425769321,11833.838,0.790450738,-0.364681417
7800,-4936,5763,11863,13523,14965,190,0.43,0.79,5754.70745,0.425549615,11826.649,0.79028727,-0.364737655
7800,-4934,5764,11872,13528,14975,90,0.43,0.79,5755.7141,0.425466743,11835.964,0.790381569,-0.364914826
7800,-4936,5765,11873,13527,14975,0,0.43,0.79,5756.71277,0.425572024,11836.964,0.790448347,-0.364876323
7800,-4929,5767,11866,13530,14974,0,0.43,0.79,5758.71676,0.425625777,11829.9325,0.790031555,-0.364405778
7800,-4938,5768,11867,13534,14970,0,0.43,0.79,5759.72208,0.425574263,11830.8065,0.790301035,-0.364726772
7800,-4938,5765,11869,13524,14972,0,0.43,0.79,5756.70878,0.425666133,11832.8695,0.790333255,-0.364667123
7800,-4931,5767,11858,13537,14959,0,0.43,0.79,5758.72607,0.425406373,11821.46,0.79025737,-0.364850997
7800,-4935,5763,11862,13528,14962,0,0.43,0.79,5754.7141,0.425392822,11825.5545,0.790372577,-0.364979755
7800,-4935,5764,11862,13529,14958,0,0.43,0.79,5755.71543,0.425435393,11825.4285,0.790575511,-0.365140119
7800,-4933,5765,11857,13527,14966,-228,0.43,0.79,5756.71277,0.425572024,11820.6805,0.789835661,-0.364263637
7800,-4934,5764,11868,13523,14968,-455,0.43,0.79,5755.70745,0.425623564,11831.7435,0.790469234,-0.364845671
7800,-4936,5766,11863,13528,14965,-682,0.43,0.79,5757.7141,0.425614585,11826.649,0.79028727,-0.364672686
7800,-4934,5765,11863,13525,14963,-910,0.43,0.79,5756.71011,0.425634759,11826.586,0.790388692,-0.364753934
7800,-4935,5764,11867,13530,14974,-910,0.43,0.79,5755.71676,0.425404047,11830.9325,0.790098337,-0.36469429
7800,-4936,5764,11865,13524,14971,-910,0.43,0.79,5755.70878,0.42559219,11828.838,0.790116759,-0.364524569
7800,-4935,5768,11867,13527,14969,-910,0.43,0.79,5759.71277,0.425793803,11830.775,0.790351727,-0.364557924
7800,-4935,5769,11867,13528,14965,-910,0.43,0.79,5760.7141,0.425836347,11830.649,0.790554561,-0.364718214
7800,-4937,5761,11859,13518,14955,-910,0.43,0.79,5752.7008,0.425558574,11822.334,0.790527182,-0.364968608
7800,-4936,5763,11857,13524,14959,-910,0.43,0.79,5754.70878,0.425518248,11820.46,0.790190521,-0.364672273
7800,-4937,5763,11859,13520,14962,-910,0.43,0.79,5754.70346,0.425643747,11822.5545,0.790172069,-0.364528322
7800,-4938,5761,11864,13522,14971,-910,0.43,0.79,5752.70612,0.425433081,11827.838,0.790049963,-0.364616882
7800,-4934,5764,11862,13530,14961,-910,0.43,0.79,5755.71676,0.425404047,11825.523,0.790423301,-0.365019253
7800,-4937,5769,11861,13527,14957,-910,0.43,0.79,5760.71277,0.425867729,11824.397,0.790559404,-0.364691675
7800,-4936,5764,11857,13526,14956,-910,0.43,0.79,5755.71144,0.425529457,11820.3655,0.790342705,-0.364813248
7800,-4936,5767,11857,13530,14961,-910,0.43,0.79,5758.71676,0.425625777,11820.523,0.790089098,-0.364463322
7800,-4934,5764,11868,13527,14969,-910,0.43,0.79,5755.71277,0.425498098,11831.775,0.790418532,-0.364920434
7800,-4939,5763,11862,13524,14962,-910,0.43,0.79,5754.70878,0.425518248,11825.5545,0.790372577,-0.36485433
7801,-4932,5764,11867,13523,14970,-910,0.43,0.79,5755.70745,0.425623564,11830.8065,0.790301035,-0.364677472
7801,-4937,5764,11861,13529,14960,-910,0.43,0.79,5755.71543,0.425435393,11824.4915,0.790407186,-0.364971793
7801,-4938,5763,11861,13522,14964,-814,0.43,0.79,5754.70612,0.425580988,11824.6175,0.790204324,-0.364623336
7800,-4938,5764,11858,13524,14960,-718,0.43,0.79,5755.70878,0.42559219,11821.4915,0.790206651,-0.364614461
7800,-4938,5762,11862,13531,14964,-622,0.43,0.79,5753.71809,0.425224898,11825.6175,0.790271151,-0.365046253
7800,-4933,5762,11868,13526,14971,-527,0.43,0.79,5753.71144,0.425381594,11831.838,0.790317146,-0.364935553
7800,-4932,5770,11861,13525,14964,-527,0.43,0.79,5761.71011,0.426004444,11824.6175,0.790204324,-0.364199879
7800,-4935,5768,11860,13528,14965,-527,0.43,0.79,5759.7141,0.425762426,11823.649,0.790086803,-0.364324376
7800,-4938,5766,11859,13531,14959,-527,0.43,0.79,5757.71809,0.425520515,11822.46,0.79032422,-0.364803704
7799,-4932,5765,11862,13517,14969,-527,0.43,0.79,5756.69947,0.425885882,11825.775,0.790017703,-0.364131821
7799,-4935,5765,11865,13524,14960,-527,0.43,0.79,5756.70878,0.425666133,11828.4915,0.790674566,-0.365008433
7800,-4934,5764,11863,13528,14964,-527,0.43,0.79,5755.7141,0.425466743,11826.6175,0.790337978,-0.364871235
7800,-4935,5764,11860,13523,14962,-673,0.43,0.79,5755.70745,0.425623564,11823.5545,0.790238905,-0.364615342
7800,-4938,5769,11862,13528,14962,-819,0.43,0.79,5760.7141,0.425836347,11825.5545,0.790372577,-0.36453623
7800,-4941,5762,11868,13521,14968,-965,0.43,0.79,5753.70479,0.425538406,11831.7435,0.790469234,-0.364930828
7800,-4941,5765,11864,13528,14959,-1112,0.43,0.79,5756.7141,0.425540664,11827.46,0.790658466,-0.365117803
7800,-4940,5761,11867,13523,14963,-1112,0.43,0.79,5752.70745,0.425401719,11830.586,0.790656018,-0.365254299
7800,-4938,5764,11858,13521,14961,-1112,0.43,0.79,5755.70479,0.425686324,11821.523,0.790155939,-0.364469615
7800,-4935,5764,11863,13527,14965,-1112,0.43,0.79,5755.71277,0.425498098,11826.649,0.79028727,-0.364789172
7800,-4944,5765,11869,13535,14968,-1112,0.43,0.79,5756.72341,0.425321272,11832.7435,0.790536044,-0.365214772
7800,-4939,5765,11862,13522,14965,-1112,0.43,0.79,5756.70612,0.425728895,11825.649,0.790220448,-0.364491553
7801,-4937,5767,11860,13524,14962,-1112,0.43,0.79,5758.70878,0.425814018,11823.5545,0.790238905,-0.364424887
7801,-4938,5757,11863,13515,14968,-1275,0.43,0.79,5748.69681,0.425356775,11826.7435,0.790135188,-0.364778414
7801,-4941,5764,11865,13531,14955,-1439,0.43,0.79,5755.71809,0.425372706,11828.334,0.790928385,-0.365555679
7801,-4936,5763,11865,13524,14963,-1602,0.43,0.79,5754.70878,0.425518248,11828.586,0.790522355,-0.365004108
7800,-4935,5767,11869,13529,14971,-1766,0.43,0.79,5758.71543,0.425657139,11832.838,0.790383942,-0.364726804
7800,-4935,5762,11862,13527,14964,-1766,0.43,0.79,5753.71277,0.425350245,11825.6175,0.790271151,-0.364920905
7800,-4935,5763,11866,13523,14965,-1766,0.43,0.79,5754.70745,0.425549615,11829.649,0.790487738,-0.364938123
7800,-4935,5766,11853,13532,14961,-1766,0.43,0.79,5757.71942,0.425489168,11816.523,0.789821737,-0.364332569
7800,-4938,5766,11867,13529,14967,-1766,0.43,0.79,5757.71543,0.425583223,11830.712,0.79045313,-0.364869907
7800,-4934,5769,11858,13531,14959,-1766,0.43,0.79,5760.71809,0.425742228,11821.46,0.79025737,-0.364515142
7800,-4937,5766,11866,13526,14967,-1766,0.43,0.79,5757.71144,0.425677321,11829.712,0.790386317,-0.364708996
7800,-4937,5762,11864,13526,14969,-1205,0.43,0.79,5753.71144,0.425381594,11827.775,0.790151313,-0.364769719
7800,-4936,5761,11851,13525,14959,-645,0.43,0.79,5752.71011,0.42533901,11814.46,0.789789424,-0.364450414
7800,-4936,5764,11863,13530,14960,-84,0.43,0.79,5755.71676,0.425404047,11826.4915,0.790540876,-0.365136828
7800,-4936,5760,11858,13521,14965,475,0.43,0.79,5751.70479,0.425390488,11821.649,0.789953157,-0.364562669
7800,-4934,5763,11858,13523,14963,475,0.43,0.79,5754.70745,0.425549615,11821.586,0.790054535,-0.364504919
7800,-4936,5760,11868,13516,14961,475,0.43,0.79,5751.69814,0.425547362,11831.523,0.790824343,-0.365276982
7800,-4935,5760,11859,13525,14959,475,0.43,0.79,5751.71011,0.425265073,11822.46,0.79032422,-0.365059147
7800,-4932,5766,11853,13527,14961,475,0.43,0.79,5757.71277,0.42564595,11816.523,0.789821737,-0.364175786
7800,-4938,5763,11859,13528,14964,475,0.43,0.79,5754.7141,0.425392822,11822.6175,0.79007067,-0.364677847
7800,-4936,5764,11861,13526,14965,475,0.43,0.79,5755.71144,0.425529457,11824.649,0.790153625,-0.364624168
7801,-4936,5758,11863,13518,14960,356,0.43,0.79,5749.7008,0.425336647,11826.4915,0.790540876,-0.365204228
7801,-4936,5761,11861,13529,14962,237,0.43,0.79,5752.71543,0.425213647,11824.5545,0.790305741,-0.365092094
7801,-4935,5765,11862,13533,14965,118,0.43,0.79,5756.72075,0.425383932,11825.649,0.790220448,-0.364836516
7800,-4940,5766,11863,13528,14960,0,0.43,0.79,5757.7141,0.425614585,11826.4915,0.790540876,-0.364926291
7800,-4936,5761,11861,13527,14965,0,0.43,0.79,5752.71277,0.425276319,11824.649,0.790153625,-0.364877306
7800,-4935,5768,11858,13531,14960,0,0.43,0.79,5759.71809,0.425668324,11821.4915,0.790206651,-0.364538327
7800,-4933,5767,11861,13531,14969,0,0.43,0.79,5758.71809,0.425594419,11824.775,0.789950899,-0.364356479
7800,-4937,5766,11863,13527,14963,0,0.43,0.79,5757.71277,0.42564595,11826.586,0.790388692,-0.364742742
7800,-4930,5773,11863,13532,14964,0,0.43,0.79,5764.71942,0.42600646,11826.6175,0.790337978,-0.364331518
7800,-4931,5767,11867,13530,14969,0,0.43,0.79,5758.71676,0.425625777,11830.775,0.790351727,-0.36472595
7800,-4935,5772,11861,13533,14962,-327,0.43,0.79,5763.72075,0.425901186,11824.5545,0.790305741,-0.364404555
7800,-4938,5760,11856,13520,14964,-653,0.43,0.79,5751.70346,0.425421854,11819.6175,0.789870188,-0.364448335
7800,-4935,5765,11861,13531,14965,-979,0.43,0.79,5756.71809,0.425446611,11824.649,0.790153625,-0.364707014
7800,-4940,5764,11862,13525,14965,-1305,0.43,0.79,5755.71011,0.425560821,11825.649,0.790220448,-0.364659626
7800,-4935,5762,11866,13519,14964,-1305,0.43,0.79,5753.70213,0.425601164,11829.6175,0.790538459,-0.364937295
7800,-4937,5770,11861,13532,14957,-1305,0.43,0.79,5761.71942,0.425784764,11824.397,0.790559404,-0.36477464
7800,-4936,5763,11857,13518,14958,-1305,0.43,0.79,5754.7008,0.425706525,11820.4285,0.790241242,-0.364534718
7800,-4938,5768,11867,13533,14964,-1305,0.43,0.79,5759.72075,0.425605612,11830.6175,0.790605286,-0.364999674
7800,-4936,5760,11859,13525,14959,-1305,0.43,0.79,5751.71011,0.425265073,11822.46,0.79032422,-0.365059147
7800,-4938,5769,11867,13530,14969,-1305,0.43,0.79,5760.71676,0.425773596,11830.775,0.790351727,-0.36457813
7800,-4935,5762,11855,13528,14954,-1305,0.43,0.79,5753.7141,0.425318902,11818.3025,0.790310452,-0.364991551
7800,-4934,5770,11861,13530,14962,-1229,0.43,0.79,5761.71676,0.425847506,11824.5545,0.790305741,-0.364458235
7800,-4939,5765,11862,13527,14957,-1153,0.43,0.79,5756.71277,0.425572024,11825.397,0.790626262,-0.365054238
7801,-4940,5768,11864,13527,14962,-1077,0.43,0.79,5759.71277,0.425793803,11827.5545,0.790506249,-0.364712446
7800,-4937,5768,11860,13530,14959,-1000,0.43,0.79,5759.71676,0.425699687,11823.46,0.790391069,-0.364691382
7800,-4936,5767,11865,13535,14967,-1000,0.43,0.79,5758.72341,0.425469037,11828.712,0.790319503,-0.364850466
7800,-4937,5769,11863,13525,14967,-1000,0.43,0.79,5760.71011,0.425930507,11826.712,0.790185876,-0.364255368
7800,-4939,5763,11858,13530,14957,-1000,0.43,0.79,5754.71676,0.425330137,11821.397,0.790358829,-0.365028691
7801,-4939,5758,11869,13520,14970,-1001,0.43,0.79,5749.70346,0.425273925,11832.8065,0.790434636,-0.365160711
7801,-4938,5762,11870,13525,14965,-1000,0.43,0.79,5753.71011,0.425412947,11833.649,0.790755028,-0.365342081
7801,-4939,5767,11866,13531,14965,-750,0.43,0.79,5758.71809,0.425594419,11829.649,0.790487738,-0.364893319
7801,-4937,5766,11867,13527,14970,-500,0.43,0.79,5757.71277,0.42564595,11830.8065,0.790301035,-0.364655085
7800,-4935,5763,11862,13529,14966,-250,0.43,0.79,5754.71543,0.425361478,11825.6805,0.790169751,-0.364808274
7800,-4939,5765,11865,13520,14964,0,0.43,0.79,5756.70346,0.425791676,11828.6175,0.790471632,-0.364679956
7800,-4934,5767,11860,13531,14959,0,0.43,0.79,5758.71809,0.425594419,11823.46,0.790391069,-0.364796649
7800,-4936,5764,11859,13529,14959,0,0.43,0.79,5755.71543,0.425435393,11822.46,0.79032422,-0.364888827
7800,-4935,5772,11868,13540,14967,0,0.43,0.79,5763.73006,0.425681688,11831.712,0.790519944,-0.364838256
7800,-4933,5762,11865,13527,14969,0,0.43,0.79,5753.71277,0.425350245,11828.775,0.790218117,-0.364867872
7800,-4932,5772,11860,13538,14963,0,0.43,0.79,5763.7274,0.425744379,11823.586,0.790188198,-0.364443819
7800,-4935,5762,11860,13535,14966,0,0.43,0.79,5753.72341,0.425099624,11823.6805,0.790036115,-0.364936491
7800,-4936,5767,11871,13529,14973,-110,0.43,0.79,5758.71543,0.425657139,11834.901,0.790416149,-0.36475901
7800,-4939,5765,11864,13533,14964,-218,0.43,0.79,5756.72075,0.425383932,11827.6175,0.790404805,-0.365020873
7800,-4930,5770,11860,13534,14963,-327,0.43,0.79,5761.72208,0.425722039,11823.586,0.790188198,-0.364466158
7800,-4935,5762,11871,13522,14971,-436,0.43,0.79,5753.70612,0.425507034,11834.838,0.790517534,-0.365010499
7800,-4934,5770,11861,13540,14968,-435,0.43,0.79,5761.73006,0.425533978,11824.7435,0.79000157,-0.364467592
7799,-4937,5770,11869,13536,14970,-435,0.43,0.79,5761.72474,0.425659334,11832.8065,0.790434636,-0.364775302
7799,-4938,5764,11858,13528,14960,-435,0.43,0.79,5755.7141,0.425466743,11821.4915,0.790206651,-0.364739908
7799,-4937,5765,11869,13533,14970,-435,0.43,0.79,5756.72075,0.425383932,11832.8065,0.790434636,-0.365050704
7799,-4936,5764,11863,13527,14957,-435,0.43,0.79,5755.71277,0.425498098,11826.397,0.79069312,-0.365195022
7800,-4931,5762,11866,13518,14964,-435,0.43,0.79,5753.7008,0.425632549,11829.6175,0.790538459,-0.36490591
7800,-4930,5761,11863,13519,14962,-604,0.43,0.79,5752.70213,0.425527194,11826.5545,0.790439413,-0.36491222
7800,-4939,5764,11865,13533,14965,-773,0.43,0.79,5755.72075,0.425310038,11828.649,0.790420915,-0.365110877
7800,-4936,5765,11859,13529,14966,-943,0.43,0.79,5756.71543,0.425509308,11822.6805,0.789969297,-0.364459989
7800,-4937,5762,11863,13518,14965,-1112,0.43,0.79,5753.7008,0.425632549,11826.649,0.79028727,-0.364654721
7800,-4938,5767,11866,13531,14967,-1112,0.43,0.79,5758.71809,0.425594419,11829.712,0.790386317,-0.364791897
7800,-4935,5758,11855,13522,14962,-1112,0.43,0.79,5749.70612,0.42521122,11818.5545,0.789904725,-0.364693505
7800,-4936,5761,11860,13523,14959,-1112,0.43,0.79,5752.70745,0.425401719,11823.46,0.790391069,-0.36498935
7800,-4934,5764,11858,13526,14959,-1112,0.43,0.79,5755.71144,0.425529457,11821.46,0.79025737,-0.364727913
7801,-4940,5759,11862,13526,14966,-1112,0.43,0.79,5750.71144,0.425159799,11825.6805,0.790169751,-0.365009953
7801,-4935,5757,11860,13521,14959,-1112,0.43,0.79,5748.70479,0.425168611,11823.46,0.790391069,-0.365222458
7801,-4941,5753,11868,13501,14966,-953,0.43,0.79,5744.67819,0.425500199,11831.6805,0.79057066,-0.365070461
7800,-4929,5767,11861,13529,14967,-794,0.43,0.79,5758.71543,0.425657139,11824.712,0.790052248,-0.36439511
7800,-4935,5767,11861,13530,14962,-635,0.43,0.79,5758.71676,0.425625777,11824.5545,0.790305741,-0.364679964
7800,-4940,5763,11866,13528,14962,-477,0.43,0.79,5754.7141,0.425392822,11829.5545,0.790639921,-0.365247099
7800,-4938,5766,11859,13525,14964,-477,0.43,0.79,5757.71011,0.425708696,11822.6175,0.79007067,-0.364361974
7800,-4936,5764,11867,13528,14965,-477,0.43,0.79,5755.7141,0.425466743,11830.649,0.790554561,-0.365087818
7800,-4942,5765,11865,13532,14960,-477,0.43,0.79,5756.71942,0.425415269,11828.4915,0.790674566,-0.365259297
7800,-4935,5767,11864,13532,14970,-477,0.43,0.79,5758.71942,0.425563067,11827.8065,0.790100635,-0.364537568
7800,-4932,5762,11857,13523,14961,-477,0.43,0.79,5753.70745,0.425475667,11820.523,0.790089098,-0.364613431
7800,-4935,5763,11870,13524,14981,-477,0.43,0.79,5754.70878,0.425518248,11834.153,0.789944129,-0.364425882
7800,-4935,5761,11873,13526,14972,-505,0.43,0.79,5752.71144,0.425307662,11836.8695,0.790600421,-0.365292759
7800,-4933,5765,11867,13527,14971,-533,0.43,0.79,5756.71277,0.425572024,11830.838,0.790250351,-0.364678327
7800,-4938,5764,11861,13529,14956,-561,0.43,0.79,5755.71543,0.425435393,11824.3655,0.790610156,-0.365174764
7800,-4938,5769,11864,13539,14966,-589,0.43,0.79,5760.72873,0.425491449,11827.6805,0.790303388,-0.364811939
7800,-4935,5764,11862,13525,14961,-589,0.43,0.79,5755.71011,0.425560821,11825.523,0.790423301,-0.364862479
7800,-4939,5763,11862,13530,14965,-589,0.43,0.79,5754.71676,0.425330137,11825.649,0.790220448,-0.36489031
7800,-4937,5763,11866,13531,14966,-589,0.43,0.79,5754.71809,0.425298802,11829.6805,0.790437024,-0.365138222
7800,-4938,5768,11872,13530,14968,-589,0.43,0.79,5759.71676,0.425699687,11835.7435,0.790736471,-0.365036785
7800,-4936,5763,11867,13533,14967,-589,0.43,0.79,5754.72075,0.425236145,11830.712,0.79045313,-0.365216985
7800,-4935,5762,11861,13524,14969,-589,0.43,0.79,5753.70878,0.425444305,11824.775,0.789950899,-0.364506594
7801,-4933,5760,11863,13520,14967,-1037,0.43,0.79,5751.70346,0.425421854,11826.712,0.790185876,-0.364764022
7800,-4937,5768,11860,13531,14960,-1485,0.43,0.79,5759.71809,0.425668324,11823.4915,0.790340341,-0.364672017
7800,-4937,5764,11868,13524,14966,-1934,0.43,0.79,5755.70878,0.42559219,11831.6805,0.79057066,-0.36497847
7800,-4937,5764,11860,13528,14965,-2382,0.43,0.79,5755.7141,0.425466743,11823.649,0.790086803,-0.364620059
7800,-4934,5768,11860,13527,14959,-2382,0.43,0.79,5759.71277,0.425793803,11823.46,0.790391069,-0.364597266
7800,-4937,5772,11862,13539,14965,-2382,0.43,0.79,5763.72873,0.425713031,11825.649,0.790220448,-0.364507416
7800,-4935,5765,11866,13525,14964,-2382,0.43,0.79,5756.71011,0.425634759,11829.6175,0.790538459,-0.3649037
7800,-4937,5763,11862,13527,14966,-2382,0.43,0.79,5754.71277,0.425424172,11825.6805,0.790169751,-0.36474558
7800,-4930,5762,11868,13523,14970,-2382,0.43,0.79,5753.70745,0.425475667,11831.8065,0.790367836,-0.364892168
7800,-4936,5760,11859,13524,14959,-2382,0.43,0.79,5751.70878,0.42529642,11822.46,0.79032422,-0.3650278
7800,-4936,5766,11867,13529,14969,-2227,0.43,0.79,5757.71543,0.425583223,11830.775,0.790351727,-0.364768503
7800,-4933,5770,11871,13535,14971,-2073,0.43,0.79,5761.72341,0.425690684,11834.838,0.790517534,-0.36482685
7800,-4934,5766,11858,13532,14964,-1919,0.43,0.79,5757.71942,0.425489168,11821.6175,0.790003843,-0.364514675
7800,-4937,5762,11861,13529,14964,-1765,0.43,0.79,5753.71543,0.425287562,11824.6175,0.790204324,-0.364916761
7800,-4936,5764,11862,13538,14961,-1766,0.43,0.79,5755.7274,0.42515345,11825.523,0.790423301,-0.365269851
7800,-4934,5761,11860,13520,14964,-1766,0.43,0.79,5752.70346,0.425495818,11823.6175,0.790137497,-0.364641679
7800,-4935,5766,11868,13523,14971,-1766,0.43,0.79,5757.70745,0.42577146,11831.838,0.790317146,-0.364545687
7800,-4935,5765,11855,13528,14955,-1766,0.43,0.79,5756.7141,0.425540664,11818.334,0.790259712,-0.364719049
7800,-4937,5763,11860,13530,14964,-1766,0.43,0.79,5754.71676,0.425330137,11823.6175,0.790137497,-0.364807359
7800,-4932,5765,11869,13530,14974,-1766,0.43,0.79,5756.71676,0.425477957,11832.9325,0.790231902,-0.364753945
7800,-4932,5766,11862,13530,14966,-1322,0.43,0.79,5757.71676,0.425551867,11825.6805,0.790169751,-0.364617884
7800,-4934,5768,11872,13532,14973,-880,0.43,0.79,5759.71942,0.425636966,11835.901,0.790482936,-0.36484597
7799,-4934,5765,11862,13529,14967,-439,0.43,0.79,5756.71543,0.425509308,11825.712,0.790119062,-0.364609754
7800,-4932,5769,11867,13530,14969,1,0.43,0.79,5760.71676,0.425773596,11830.775,0.790351727,-0.36457813
7800,-4934,5764,11859,13524,14961,0,0.43,0.79,5755.70878,0.42559219,11822.523,0.790222779,-0.364630589
7800,-4935,5767,11865,13537,14972,0,0.43,0.79,5758.72607,0.425406373,11828.8695,0.79006609,-0.364659717
7800,-4932,5763,11863,13521,14969,0,0.43,0.79,5754.70479,0.425612365,11826.775,0.790084508,-0.364472143
7800,-4934,5759,11861,13520,14959,0,0.43,0.79,5750.70346,0.425347889,11824.46,0.790457918,-0.365110029
7800,-4931,5767,11860,13530,14960,0,0.43,0.79,5758.71676,0.425625777,11823.4915,0.790340341,-0.364714564
7800,-4935,5767,11864,13527,14968,0,0.43,0.79,5758.71277,0.425719877,11827.7435,0.790201998,-0.364482121
7800,-4937,5763,11863,13525,14966,-110,0.43,0.79,5754.71011,0.425486884,11826.6805,0.79023657,-0.364749685
7800,-4931,5768,11857,13533,14961,-219,0.43,0.79,5759.72075,0.425605612,11820.523,0.790089098,-0.364483486
7800,-4929,5773,11860,13539,14962,-327,0.43,0.79,5764.72873,0.425786892,11823.5545,0.790238905,-0.364452013
7800,-4935,5765,11855,13521,14956,-436,0.43,0.79,5756.70479,0.425760283,11818.3655,0.79020898,-0.364448696
7800,-4933,5766,11858,13527,14961,-435,0.43,0.79,5757.71277,0.42564595,11821.523,0.790155939,-0.364509988
7800,-4932,5769,11866,13532,14965,-435,0.43,0.79,5760.71942,0.425710865,11829.649,0.790487738,-0.364776873
7800,-4935,5768,11866,13534,14972,-435,0.43,0.79,5759.72208,0.425574263,11829.8695,0.790132881,-0.364558618
7800,-4934,5768,11860,13532,14960,-435,0.43,0.79,5759.71942,0.425636966,11823.4915,0.790340341,-0.364703375
7800,-4936,5766,11860,13530,14966,-435,0.43,0.79,5757.71676,0.425551867,11823.6805,0.790036115,-0.364484248
7800,-4934,5770,11864,13534,14960,-435,0.43,0.79,5761.72208,0.425722039,11827.4915,0.790607721,-0.364885681
7800,-4934,5768,11859,13525,14957,-457,0.43,0.79,5759.71011,0.42585657,11822.397,0.790425687,-0.364569117
7800,-4934,5767,11855,13532,14957,-480,0.43,0.79,5758.71942,0.425563067,11818.397,0.790158254,-0.364595187
7800,-4933,5767,11858,13524,14960,-503,0.43,0.79,5758.70878,0.425814018,11821.4915,0.790206651,-0.364392633
7800,-4932,5765,11863,13526,14968,-526,0.43,0.79,5756.71144,0.425603389,11826.7435,0.790135188,-0.364531799
7800,-4932,5767,11856,13531,14961,-527,0.43,0.79,5758.71809,0.425594419,11819.523,0.790022258,-0.364427838
7800,-4934,5768,11864,13533,14971,-527,0.43,0.79,5759.72075,0.425605612,11827.838,0.790049963,-0.364444351
7800,-4934,5768,11859,13532,14966,-527,0.43,0.79,5759.71942,0.425636966,11822.6805,0.789969297,-0.364332331
7800,-4936,5764,11861,13523,14960,-527,0.43,0.79,5755.70745,0.425623564,11824.4915,0.790407186,-0.364783622
7799,-4932,5772,11864,13535,14971,-527,0.43,0.79,5763.72341,0.425838449,11827.838,0.790049963,-0.364211514
7799,-4932,5768,11871,13533,14975,-527,0.43,0.79,5759.72075,0.425605612,11834.964,0.790314791,-0.364709179
7799,-4932,5772,11857,13537,14962,-394,0.43,0.79,5763.72607,0.425775731,11820.5545,0.790038397,-0.364262666
7799,-4938,5765,11866,13535,14968,-263,0.43,0.79,5756.72341,0.425321272,11829.7435,0.790335616,-0.365014344
7800,-4934,5762,11864,13531,14963,-131,0.43,0.79,5753.71809,0.425224898,11827.586,0.790455524,-0.365230626
7800,-4936,5759,11860,13524,14964,0,0.43,0.79,5750.70878,0.425222477,11823.6175,0.790137497,-0.36491502
7800,-4934,5767,11861,13530,14956,0,0.43,0.79,5758.71676,0.425625777,11824.3655,0.790610156,-0.36498438
7800,-4935,5760,11859,13517,14968,0,0.43,0.79,5751.69947,0.425515978,11822.7435,0.789867952,-0.364351974
7800,-4938,5769,11860,13535,14963,0,0.43,0.79,5760.72341,0.425616802,11823.586,0.790188198,-0.364571396
7800,-4933,5765,11861,13521,14966,0,0.43,0.79,5756.70479,0.425760283,11824.6805,0.790102933,-0.36434265
7800,-4937,5768,11869,13529,14965,0,0.43,0.79,5759.71543,0.425731054,11832.649,0.790688206,-0.364957152
7800,-4936,5764,11868,13527,14970,0,0.43,0.79,5755.71277,0.425498098,11831.8065,0.790367836,-0.364869738
7800,-4934,5769,11859,13526,14962,0,0.43,0.79,5760.71144,0.425899116,11822.5545,0.790172069,-0.364272953
7800,-4940,5763,11869,13532,14968,0,0.43,0.79,5754.71942,0.425267471,11832.7435,0.790536044,-0.365268572
7800,-4933,5769,11863,13528,14964,0,0.43,0.79,5760.7141,0.425836347,11826.6175,0.790337978,-0.364501631
7800,-4934,5770,11869,13519,14971,0,0.43,0.79,5761.70213,0.426192923,11832.838,0.790383942,-0.364191019
7800,-4940,5764,11864,13532,14963,0,0.43,0.79,5755.71942,0.42534137,11827.586,0.790455524,-0.365114154
7800,-4934,5766,11868,13532,14970,0,0.43,0.79,5757.71942,0.425489168,11831.8065,0.790367836,-0.364878668
7800,-4934,5768,11864,13532,14964,0,0.43,0.79,5759.71942,0.425636966,11827.6175,0.790404805,-0.364767839
7800,-4937,5767,11857,13531,14957,0,0.43,0.79,5758.71809,0.425594419,11820.397,0.79029197,-0.364697551
7800,-4930,5761,11866,13525,14969,0,0.43,0.79,5752.71011,0.42533901,11829.775,0.790284922,-0.364945912
7800,-4935,5764,11862,13537,14968,0,0.43,0.79,5755.72607,0.425184758,11825.7435,0.790068379,-0.364883621
7800,-4936,5759,11861,13519,14967,-459,0.43,0.79,5750.70213,0.425379254,11824.712,0.790052248,-0.364672995
7800,-4934,5770,11859,13527,14953,-914,0.43,0.79,5761.71277,0.425941655,11822.271,0.790628703,-0.364687048
7800,-4933,5767,11869,13533,14969,-1368,0.43,0.79,5758.72075,0.425531719,11832.775,0.790485336,-0.364953618
7800,-4935,5760,11865,13521,14967,-1823,0.43,0.79,5751.70479,0.425390488,11828.712,0.790319503,-0.364929015
7800,-4936,5758,11864,13526,14966,-1819,0.43,0.79,5749.71144,0.425085867,11827.6805,0.790303388,-0.36521752
7800,-4931,5771,11861,13534,14969,-1819,0.43,0.79,5762.72208,0.425795927,11824.775,0.789950899,-0.364154971
7800,-4934,5770,11863,13531,14968,-1819,0.43,0.79,5761.71809,0.425816133,11826.7435,0.790135188,-0.364319056
7800,-4938,5765,11869,13536,14968,-1819,0.43,0.79,5756.72474,0.425289948,11832.7435,0.790536044,-0.365246095
7800,-4935,5766,11863,13524,14966,-1819,0.43,0.79,5757.70878,0.425740075,11826.6805,0.79023657,-0.364496494
7800,-4934,5764,11858,13532,14954,-1819,0.43,0.79,5755.71942,0.42534137,11821.3025,0.790511067,-0.365169697
7800,-4935,5766,11865,13532,14972,-1602,0.43,0.79,5757.71942,0.425489168,11828.8695,0.79006609,-0.364576922
7799,-4930,5763,11858,13533,14962,-1375,0.43,0.79,5754.72075,0.425236145,11821.5545,0.790105233,-0.364869088
7799,-4931,5762,11861,13519,14962,-1148,0.43,0.79,5753.70213,0.425601164,11824.5545,0.790305741,-0.364704578
7800,-4932,5763,11865,13524,14965,-920,0.43,0.79,5754.70878,0.425518248,11828.649,0.790420915,-0.364902668
7800,-4933,5763,11857,13526,14963,-910,0.43,0.79,5754.71144,0.425455526,11820.586,0.789987703,-0.364532177
7800,-4935,5765,11865,13529,14969,-910,0.43,0.79,5756.71543,0.425509308,11828.775,0.790218117,-0.364708809
7800,-4930,5768,11852,13531,14963,-910,0.43,0.79,5759.71809,0.425668324,11815.586,0.789653545,-0.363985222
7800,-4933,5766,11863,13533,14969,-910,0.43,0.79,5757.72075,0.425457825,11826.775,0.790084508,-0.364626683
7800,-4932,5766,11860,13538,14965,-910,0.43,0.79,5757.7274,0.425301182,11823.649,0.790086803,-0.364785621
7800,-4931,5767,11861,13527,14967,-910,0.43,0.79,5758.71277,0.425719877,11824.712,0.790052248,-0.364332372
7800,-4934,5771,11871,13527,14971,-1182,0.43,0.79,5762.71277,0.426015581,11834.838,0.790517534,-0.364501952
7800,-4932,5767,11862,13537,14969,-1455,0.43,0.79,5758.72607,0.425406373,11825.775,0.790017703,-0.36461133
7799,-4927,5768,11867,13532,14972,-1728,0.43,0.79,5759.71942,0.425636966,11830.8695,0.790199673,-0.364562707
7799,-4935,5771,11860,13533,14964,-2001,0.43,0.79,5762.72075,0.425827293,11823.6175,0.790137497,-0.364310204
7799,-4932,5764,11869,13526,14971,-2001,0.43,0.79,5755.71144,0.425529457,11832.838,0.790383942,-0.364854485
7799,-4932,5770,11858,13537,14964,-2001,0.43,0.79,5761.72607,0.425627988,11821.6175,0.790003843,-0.364375855
7799,-4936,5766,11863,13534,14964,-2001,0.43,0.79,5757.72208,0.425426487,11826.6175,0.790337978,-0.36491149
7800,-4933,5772,11858,13537,14967,-2001,0.43,0.79,5763.72607,0.425775731,11821.712,0.789851807,-0.364076076
7800,-4936,5763,11866,13527,14965,-2001,0.43,0.79,5754.71277,0.425424172,11829.649,0.790487738,-0.365063566
7800,-4934,5766,11863,13525,14963,-2001,0.43,0.79,5757.71011,0.425708696,11826.586,0.790388692,-0.364679996
7800,-4937,5763,11860,13527,14969,-1650,0.43,0.79,5754.71277,0.425424172,11823.775,0.789884094,-0.364459922
7800,-4935,5762,11860,13522,14960,-1297,0.43,0.79,5753.70612,0.425507034,11823.4915,0.790340341,-0.364833306
7800,-4935,5769,11860,13538,14958,-944,0.43,0.79,5760.7274,0.42552278,11823.4285,0.790441804,-0.364919023
7800,-4934,5765,11860,13527,14961,-591,0.43,0.79,5756.71277,0.425572024,11823.523,0.79028962,-0.364717596
7800,-4937,5765,11860,13530,14962,-589,0.43,0.79,5756.71676,0.425477957,11823.5545,0.790238905,-0.364760948
7800,-4941,5764,11862,13530,14961,-589,0.43,0.79,5755.71676,0.425404047,11825.523,0.790423301,-0.365019253
7800,-4935,5772,11862,13536,14962,-589,0.43,0.79,5763.72474,0.425807088,11825.5545,0.790372577,-0.364565489
7800,-4935,5769,11862,13529,14965,-589,0.43,0.79,5760.71543,0.425804969,11825.649,0.790220448,-0.364415478
7800,-4929,5766,11855,13525,14959,-589,0.43,0.79,5757.71011,0.425708696,11818.46,0.790056822,-0.364348126
7800,-4934,5761,11861,13528,14964,-589,0.43,0.79,5752.7141,0.425244981,11824.6175,0.790204324,-0.364959343
7800,-4934,5759,11865,13519,14968,-670,0.43,0.79,5750.70213,0.425379254,11828.7435,0.790268807,-0.364889553
7800,-4934,5763,11863,13529,14964,-750,0.43,0.79,5754.71543,0.425361478,11826.6175,0.790337978,-0.3649765
7800,-4935,5764,11870,13530,14972,-830,0.43,0.79,5755.71676,0.425404047,11833.8695,0.790400047,-0.364995999
7800,-4933,5768,11864,13531,14969,-910,0.43,0.79,5759.71809,0.425668324,11827.775,0.790151313,-0.364482989
7800,-4934,5773,11861,13536,14964,-910,0.43,0.79,5764.72474,0.425880965,11824.6175,0.790204324,-0.364323359
7800,-4934,5761,11863,13524,14966,-910,0.43,0.79,5752.70878,0.425370362,11826.6805,0.79023657,-0.364866207
7800,-4935,5763,11864,13531,14963,-910,0.43,0.79,5754.71809,0.425298802,11827.586,0.790455524,-0.365156722
7800,-4938,5763,11859,13524,14961,-910,0.43,0.79,5754.70878,0.425518248,11822.523,0.790222779,-0.364704532
7800,-4933,5760,11862,13519,14966,-910,0.43,0.79,5751.70213,0.425453224,11825.6805,0.790169751,-0.364716528
7800,-4932,5770,11864,13531,14965,-910,0.43,0.79,5761.71809,0.425816133,11827.649,0.790354093,-0.36453796
7800,-4936,5767,11859,13530,14965,-811,0.43,0.79,5758.71676,0.425625777,11822.649,0.79001998,-0.364394203
7800,-4933,5772,11864,13534,14970,-703,0.43,0.79,5763.72208,0.425869815,11827.8065,0.790100635,-0.364230819
7800,-4934,5763,11862,13523,14958,-594,0.43,0.79,5754.70745,0.425549615,11825.4285,0.790575511,-0.365025896
7800,-4933,5767,11862,13531,14968,-486,0.43,0.79,5758.71809,0.425594419,11825.7435,0.790068379,-0.36447396
7799,-4935,5771,11871,13531,14975,-477,0.43,0.79,5762.71809,0.425890037,11834.964,0.790314791,-0.364424754
7799,-4931,5764,11868,13533,14972,-477,0.43,0.79,5755.72075,0.425310038,11831.8695,0.790266464,-0.364956426
7799,-4931,5767,11865,13534,14970,-477,0.43,0.79,5758.72208,0.425500375,11828.8065,0.790167435,-0.36466706
7800,-4932,5765,11858,13531,14962,-477,0.43,0.79,5756.71809,0.425446611,11821.5545,0.790105233,-0.364658623
7800,-4930,5769,11870,13530,14967,-477,0.43,0.79,5760.71676,0.425773596,11833.712,0.790653571,-0.364879975
7800,-4932,5763,11853,13527,14956,-477,0.43,0.79,5754.71277,0.425424172,11816.3655,0.790075254,-0.364651082
7800,-4935,5770,11858,13537,14960,-642,0.43,0.79,5761.72607,0.425627988,11821.4915,0.790206651,-0.364578663
7800,-4938,5767,11857,13534,14954,-850,0.43,0.79,5758.72208,0.425500375,11820.3025,0.790444196,-0.36494382
7800,-4932,5772,11868,13533,14972,-1057,0.43,0.79,5763.72075,0.425901186,11831.8695,0.790266464,-0.364365278
7800,-4933,5768,11861,13529,14968,-1264,0.43,0.79,5759.71543,0.425731054,11824.7435,0.79000157,-0.364270516
7800,-4935,5771,11863,13541,14967,-1305,0.43,0.79,5762.73139,0.4255765,11826.712,0.790185876,-0.364609375
7800,-4938,5764,11868,13524,14969,-1305,0.43,0.79,5755.70878,0.42559219,11831.775,0.790418532,-0.364826341
7800,-4930,5769,11864,13533,14972,-1305,0.43,0.79,5760.72075,0.425679506,11827.8695,0.789999299,-0.364319793
7799,-4930,5769,11856,13536,14966,-1305,0.43,0.79,5760.72474,0.425585457,11819.6805,0.789768843,-0.364183386
7799,-4933,5772,11860,13532,14970,-1305,0.43,0.79,5763.71942,0.425932561,11823.8065,0.789833434,-0.363900872
7799,-4936,5764,11858,13535,14964,-1305,0.43,0.79,5755.72341,0.425247389,11821.6175,0.790003843,-0.364756454
7800,-4935,5763,11872,13528,14974,-939,0.43,0.79,5754.7141,0.425392822,11835.9325,0.790432249,-0.365039427
7800,-4934,5767,11857,13528,14964,-481,0.43,0.79,5758.7141,0.425688505,11820.6175,0.789937016,-0.36424851
7800,-4935,5767,11861,13526,14961,-23,0.43,0.79,5758.71144,0.425751252,11824.523,0.79035646,-0.364605208
7800,-4933,5765,11856,13533,14960,433,0.43,0.79,5756.72075,0.425383932,11819.4915,0.790072961,-0.364689029
7800,-4930,5767,11855,13531,14963,525,0.43,0.79,5758.71809,0.425594419,11818.586,0.78985404,-0.36425962
7800,-4936,5771,11862,13538,14963,525,0.43,0.79,5762.7274,0.425670513,11825.586,0.790321861,-0.364651348
7800,-4934,5764,11865,13527,14968,525,0.43,0.79,5755.71277,0.425498098,11828.7435,0.790268807,-0.364770709
7800,-4935,5766,11861,13526,14962,525,0.43,0.79,5757.71144,0.425677321,11824.5545,0.790305741,-0.36462842
7800,-4937,5765,11865,13527,14966,525,0.43,0.79,5756.71277,0.425572024,11828.6805,0.790370206,-0.364798182
7800,-4930,5767,11867,13530,14975,525,0.43,0.79,5758.71676,0.425625777,11830.964,0.790047679,-0.364421903
7800,-4933,5770,11857,13534,14957,525,0.43,0.79,5761.72208,0.425722039,11820.397,0.79029197,-0.364569931
7800,-4936,5765,11865,13528,14966,85,0.43,0.79,5756.7141,0.425540664,11828.6805,0.790370206,-0.364829542
7800,-4933,5763,11862,13524,14966,-463,0.43,0.79,5754.70878,0.425518248,11825.6805,0.790169751,-0.364651504
7800,-4936,5769,11858,13530,14960,-1011,0.43,0.79,5760.71676,0.425773596,11821.4915,0.790206651,-0.364433055
7800,-4937,5767,11860,13531,14962,-1559,0.43,0.79,5758.71809,0.425594419,11823.5545,0.790238905,-0.364644486
7800,-4938,5772,11861,13538,14962,-1667,0.43,0.79,5763.7274,0.425744379,11824.5545,0.790305741,-0.364561362
7800,-4935,5768,11862,13529,14964,-1667,0.43,0.79,5759.71543,0.425731054,11825.6175,0.790271151,-0.364540097
7800,-4934,5765,11862,13535,14969,-1667,0.43,0.79,5756.72341,0.425321272,11825.775,0.790017703,-0.364696432
7800,-4935,5767,11857,13534,14961,-1668,0.43,0.79,5758.72208,0.425500375,11820.523,0.790089098,-0.364588723
7800,-4929,5770,11867,13537,14972,-1667,0.43,0.79,5761.72607,0.425627988,11830.8695,0.790199673,-0.364571685
7800,-4936,5762,11857,13523,14961,-1421,0.43,0.79,5753.70745,0.425475667,11820.523,0.790089098,-0.364613431
7800,-4932,5770,11865,13536,14967,-1113,0.43,0.79,5761.72474,0.425659334,11828.712,0.790319503,-0.364660169
7800,-4932,5767,11854,13530,14961,-805,0.43,0.79,5758.71676,0.425625777,11817.523,0.789888577,-0.3642628
7800,-4932,5765,11858,13527,14959,-497,0.43,0.79,5756.71277,0.425572024,11821.46,0.79025737,-0.364685346
7800,-4931,5767,11863,13533,14966,-435,0.43,0.79,5758.72075,0.425531719,11826.6805,0.79023657,-0.364704851
7800,-4932,5772,11858,13541,14956,-435,0.43,0.79,5763.73139,0.42565035,11821.3655,0.790409568,-0.364759218
7800,-4931,5774,11864,13531,14974,-435,0.43,0.79,5765.71809,0.42611175,11827.9325,0.78989799,-0.36378624
7800,-4933,5768,11866,13526,14967,-435,0.43,0.79,5759.71144,0.425825184,11829.712,0.790386317,-0.364561132
7800,-4930,5763,11863,13525,14965,-435,0.43,0.79,5754.71011,0.425486884,11826.649,0.79028727,-0.364800386
7800,-4929,5765,11864,13526,14962,-435,0.43,0.79,5756.71144,0.425603389,11827.5545,0.790506249,-0.36490286
7800,-4935,5766,11864,13529,14970,-506,0.43,0.79,5757.71543,0.425583223,11827.8065,0.790100635,-0.364517411
7800,-4936,5768,11863,13531,14966,-625,0.43,0.79,5759.71809,0.425668324,11826.6805,0.79023657,-0.364568246
7800,-4928,5767,11858,13524,14966,-744,0.43,0.79,5758.70878,0.425814018,11821.6805,0.789902479,-0.364088461
7800,-4934,5769,11863,13535,14963,-862,0.43,0.79,5760.72341,0.425616802,11826.586,0.790388692,-0.36477189
7800,-4925,5770,11865,13534,14970,-910,0.43,0.79,5761.72208,0.425722039,11828.8065,0.790167435,-0.364445396
7799,-4931,5766,11855,13531,14959,-910,0.43,0.79,5757.71809,0.425520515,11818.46,0.790056822,-0.364536307
7799,-4931,5770,11861,13532,14968,-910,0.43,0.79,5761.71942,0.425784764,11824.7435,0.79000157,-0.364216806
7800,-4934,5767,11867,13533,14971,-910,0.43,0.79,5758.72075,0.425531719,11830.838,0.790250351,-0.364718632
7800,-4934,5766,11864,13528,14969,-910,0.43,0.79,5757.7141,0.425614585,11827.775,0.790151313,-0.364536728
7800,-4937,5769,11869,13533,14963,-909,0.43,0.79,5760.72075,0.425679506,11832.586,0.790789681,-0.365110176
7800,-4934,5773,11858,13544,14965,-1204,0.43,0.79,5764.73538,0.425630196,11821.649,0.789953157,-0.364322961
7800,-4932,5768,11863,13533,14974,-1572,0.43,0.79,5759.72075,0.425605612,11826.9325,0.789831207,-0.364225595
7800,-4936,5761,11865,13521,14964,-1940,0.43,0.79,5752.70479,0.425464447,11828.6175,0.790471632,-0.365007185
7800,-4937,5771,11858,13536,14967,-2308,0.43,0.79,5762.72474,0.425733211,11821.712,0.789851807,-0.364118597
7800,-4931,5769,11859,13528,14970,-2382,0.43,0.79,5760.7141,0.425836347,11822.8065,0.789766633,-0.363930286
7800,-4931,5765,11861,13516,14963,-2382,0.43,0.79,5756.69814,0.425917294,11824.586,0.790255029,-0.364337735
7800,-4936,5767,11861,13526,14964,-2382,0.43,0.79,5758.71144,0.425751252,11824.6175,0.790204324,-0.364453071
7800,-4937,5765,11869,13527,14973,-2382,0.43,0.79,5756.71277,0.425572024,11832.901,0.790282575,-0.364710551
7800,-4934,5765,11864,13526,14969,-2382,0.43,0.79,5756.71144,0.425603389,11827.775,0.790151313,-0.364547924
7800,-4933,5766,11854,13531,14956,-2382,0.43,0.79,5757.71809,0.425520515,11817.3655,0.790142117,-0.364621602
7800,-4932,5769,11858,13529,14958,-2259,0.43,0.79,5760.71543,0.425804969,11821.4285,0.790308096,-0.364503127
7800,-4935,5761,11858,13523,14963,-2105,0.43,0.79,5752.70745,0.425401719,11821.586,0.790054535,-0.364652815
7800,-4932,5765,11858,13527,14966,-1951,0.43,0.79,5756.71277,0.425572024,11821.6805,0.789902479,-0.364330455
7800,-4938,5766,11860,13522,14958,-1796,0.43,0.79,5757.70612,0.425802849,11823.4285,0.790441804,-0.364638955
7800,-4939,5763,11865,13526,14962,-1766,0.43,0.79,5754.71144,0.425455526,11828.5545,0.790573085,-0.365117559
7800,-4934,5763,11869,13527,14970,-1766,0.43,0.79,5754.71277,0.425424172,11832.8065,0.790434636,-0.365010464
7800,-4935,5758,11855,13520,14959,-1766,0.43,0.79,5749.70346,0.425273925,11818.46,0.790056822,-0.364782897
7800,-4932,5767,11862,13527,14960,-1766,0.43,0.79,5758.71277,0.425719877,11825.4915,0.790474031,-0.364754154
7800,-4938,5768,11858,13535,14962,-1766,0.43,0.79,5759.72341,0.425542919,11821.5545,0.790105233,-0.364562314
7800,-4936,5765,11866,13530,14968,-1766,0.43,0.79,5756.71676,0.425477957,11829.7435,0.790335616,-0.364857659
7801,-4934,5762,11853,13529,14958,-1518,0.43,0.79,5753.71543,0.425287562,11816.4285,0.789973827,-0.364686264
7801,-4938,5763,11867,13528,14962,-1208,0.43,0.79,5754.7141,0.425392822,11830.5545,0.790706757,-0.365313935
7800,-4935,5765,11861,13532,14969,-898,0.43,0.79,5756.71942,0.425415269,11824.775,0.789950899,-0.36453563
7800,-4935,5759,11865,13533,14967,-589,0.43,0.79,5750.72075,0.424940571,11828.712,0.790319503,-0.365378932
7800,-4934,5768,11857,13528,14966,-527,0.43,0.79,5759.7141,0.425762426,11820.6805,0.789835661,-0.364073235
7800,-4936,5767,11859,13528,14966,-527,0.43,0.79,5758.7141,0.425688505,11822.6805,0.789969297,-0.364280792
7800,-4934,5768,11859,13529,14969,-527,0.43,0.79,5759.71543,0.425731054,11822.775,0.789817289,-0.364086235
7800,-4936,5760,11859,13527,14964,-527,0.43,0.79,5751.71277,0.425202393,11822.6175,0.79007067,-0.364868277
7800,-4934,5767,11854,13540,14956,-527,0.43,0.79,5758.73006,0.425312412,11817.3655,0.790142117,-0.364829705
7800,-4932,5766,11862,13525,14963,-527,0.43,0.79,5757.71011,0.425708696,11825.586,0.790321861,-0.364613165
7800,-4933,5768,11855,13532,14961,-603,0.43,0.79,5759.71942,0.425636966,11818.523,0.789955417,-0.364318452
7800,-4932,5767,11863,13530,14963,-699,0.43,0.79,5758.71676,0.425625777,11826.586,0.790388692,-0.364762915
7800,-4936,5772,11863,13534,14965,-795,0.43,0.79,5763.72208,0.425869815,11826.649,0.79028727,-0.364417455
7800,-4931,5772,11856,13536,14960,-890,0.43,0.79,5763.72474,0.425807088,11819.4915,0.790072961,-0.364265873
7800,-4934,5772,11860,13538,14959,-910,0.43,0.79,5763.7274,0.425744379,11823.46,0.790391069,-0.36464669
7800,-4931,5766,11862,13526,14960,-910,0.43,0.79,5757.71144,0.425677321,11825.4915,0.790474031,-0.36479671
7800,-4932,5773,11858,13537,14964,-910,0.43,0.79,5764.72607,0.425849603,11821.6175,0.790003843,-0.36415424
7800,-4933,5763,11858,13518,14961,-910,0.43,0.79,5754.7008,0.425706525,11821.523,0.790155939,-0.364449414
7800,-4935,5769,11858,13535,14957,-910,0.43,0.79,5760.72341,0.425616802,11821.397,0.790358829,-0.364742027
7800,-4934,5771,11863,13535,14962,-910,0.43,0.79,5762.72341,0.425764567,11826.5545,0.790439413,-0.364674847
7800,-4935,5770,11865,13537,14966,-989,0.43,0.79,5761.72607,0.425627988,11828.6805,0.790370206,-0.364742218
7800,-4934,5764,11861,13534,14969,-1088,0.43,0.79,5755.72208,0.425278711,11824.775,0.789950899,-0.364672187
7800,-4935,5768,11859,13535,14958,-1187,0.43,0.79,5759.72341,0.425542919,11822.4285,0.79037495,-0.364832031
7800,-4934,5770,11856,13529,14954,-1285,0.43,0.79,5761.71543,0.425878885,11819.3025,0.790377324,-0.364498439
7800,-4936,5769,11862,13533,14960,-1305,0.43,0.79,5760.72075,0.425679506,11825.4915,0.790474031,-0.364794525
7800,-4935,5770,11865,13534,14968,-1305,0.43,0.79,5761.72208,0.425722039,11828.7435,0.790268807,-0.364546767
7800,-4929,5769,11857,13527,14960,-1305,0.43,0.79,5760.71277,0.425867729,11820.4915,0.790139806,-0.364272077
7800,-4933,5770,11857,13535,14961,-1305,0.43,0.79,5761.72341,0.425690684,11820.523,0.790089098,-0.364398414
7800,-4937,5765,11862,13536,14959,-1305,0.43,0.79,5756.72474,0.425289948,11825.46,0.790524768,-0.365234819
7800,-4931,5768,11867,13533,14970,-1305,0.43,0.79,5759.72075,0.425605612,11830.8065,0.790301035,-0.364695423
7800,-4935,5764,11860,13527,14968,-1044,0.43,0.79,5755.71277,0.425498098,11823.7435,0.789934761,-0.364436663
7800,-4938,5763,11860,13532,14957,-718,0.43,0.79,5754.71942,0.425267471,11823.397,0.790492545,-0.365225074
7800,-4938,5771,11857,13538,14961,-392,0.43,0.79,5762.7274,0.425670513,11820.523,0.790089098,-0.364418586
7800,-4940,5764,11865,13536,14966,-66,0.43,0.79,5755.72474,0.425216071,11828.6805,0.790370206,-0.365154135
7800,-4938,5764,11860,13526,14958,0,0.43,0.79,5755.71144,0.425529457,11823.4285,0.790441804,-0.364912346
7800,-4933,5764,11863,13525,14958,0,0.43,0.79,5755.71011,0.425560821,11826.4285,0.790642365,-0.365081544
7799,-4932,5769,11864,13532,14960,0,0.43,0.79,5760.71942,0.425710865,11827.4915,0.790607721,-0.364896856
7800,-4938,5767,11865,13531,14969,0,0.43,0.79,5758.71809,0.425594419,11828.775,0.790218117,-0.364623698
7800,-4935,5766,11865,13528,14965,0,0.43,0.79,5757.7141,0.425614585,11828.649,0.790420915,-0.364806331
7800,-4934,5764,11863,13526,14961,0,0.43,0.79,5755.71144,0.425529457,11826.523,0.790490141,-0.364960684
7800,-4934,5762,11858,13521,14955,-87,0.43,0.79,5753.70479,0.425538406,11821.334,0.790460314,-0.364921908
7800,-4934,5759,11863,13518,14967,-196,0.43,0.79,5750.7008,0.425410623,11826.712,0.790185876,-0.364775253
7800,-4939,5764,11857,13525,14956,-305,0.43,0.79,5755.71011,0.425560821,11820.3655,0.790342705,-0.364781884
7800,-4938,5764,11862,13525,14960,-413,0.43,0.79,5755.71011,0.425560821,11825.4915,0.790474031,-0.364913209
7801,-4935,5773,11861,13534,14959,-435,0.43,0.79,5764.72208,0.425943703,11824.46,0.790457918,-0.364514215
7800,-4940,5764,11862,13532,14960,-435,0.43,0.79,5755.71942,0.42534137,11825.4915,0.790474031,-0.365132661
7800,-4935,5763,11865,13525,14965,-435,0.43,0.79,5754.71011,0.425486884,11828.649,0.790420915,-0.364934031
7800,-4936,5761,11868,13518,14972,-435,0.43,0.79,5752.7008,0.425558574,11831.8695,0.790266464,-0.36470789
7800,-4936,5762,11867,13517,14970,-435,0.43,0.79,5753.69947,0.425663939,11830.8065,0.790301035,-0.364637096
7800,-4935,5767,11863,13529,14961,-435,0.43,0.79,5758.71543,0.425657139,11826.523,0.790490141,-0.364833002
7800,-4939,5762,11861,13523,14957,-348,0.43,0.79,5753.70745,0.425475667,11824.397,0.790559404,-0.365083736
7800,-4939,5762,11870,13522,14968,-240,0.43,0.79,5753.70612,0.425507034,11833.7435,0.790602853,-0.365095818
7800,-4937,5765,11864,13526,14965,-131,0.43,0.79,5756.71144,0.425603389,11827.649,0.790354093,-0.364750704
7800,-4937,5761,11861,13519,14962,-22,0.43,0.79,5752.70213,0.425527194,11824.5545,0.790305741,-0.364778548
7800,-4938,5764,11865,13520,14971,0,0.43,0.79,5755.70346,0.425717712,11828.838,0.790116759,-0.364399048
7800,-4937,5763,11853,13528,14956,0,0.43,0.79,5754.7141,0.425392822,11816.3655,0.790075254,-0.364682432
7800,-4934,5762,11862,13530,14961,0,0.43,0.79,5753.71676,0.425256228,11825.523,0.790423301,-0.365167073
7801,-4940,5760,11860,13520,14958,0,0.43,0.79,5751.70346,0.425421854,11823.4285,0.790441804,-0.36501995
7801,-4935,5763,11865,13519,14966,0,0.43,0.79,5754.70213,0.425675134,11828.6805,0.790370206,-0.364695072
7801,-4933,5766,11858,13523,14959,0,0.43,0.79,5757.70745,0.42577146,11821.46,0.79025737,-0.36448591
7800,-4936,5766,11857,13525,14961,-286,0.43,0.79,5757.71011,0.425708696,11820.523,0.790089098,-0.364380403
7800,-4932,5765,11862,13523,14967,-643,0.43,0.79,5756.70745,0.425697512,11825.712,0.790119062,-0.36442155
7800,-4935,5768,11860,13526,14964,-1001,0.43,0.79,5759.71144,0.425825184,11823.6175,0.790137497,-0.364312313
7800,-4933,5768,11862,13525,14967,-1358,0.43,0.79,5759.71011,0.42585657,11825.712,0.790119062,-0.364262492
7800,-4935,5766,11857,13530,14958,-1430,0.43,0.79,5757.71676,0.425551867,11820.4285,0.790241242,-0.364689375
7800,-4931,5766,11860,13525,14968,-1430,0.43,0.79,5757.71011,0.425708696,11823.7435,0.789934761,-0.364226065
7800,-4934,5763,11858,13521,14962,-1429,0.43,0.79,5754.70479,0.425612365,11821.5545,0.790105233,-0.364492868
7800,-4935,5767,11863,13524,14967,-1429,0.43,0.79,5758.70878,0.425814018,11826.712,0.790185876,-0.364371858
7800,-4930,5760,11858,13516,14962,-1429,0.43,0.79,5751.69814,0.425547362,11821.5545,0.790105233,-0.364557872
7799,-4932,5756,11861,13512,14966,-1429,0.43,0.79,5747.69282,0.425376911,11824.6805,0.790102933,-0.364726022
7799,-4936,5758,11858,13519,14962,-1477,0.43,0.79,5749.70213,0.425305284,11821.5545,0.790105233,-0.36479995
7800,-4936,5766,11861,13522,14961,-1537,0.43,0.79,5757.70612,0.425802849,11824.523,0.79035646,-0.364553611
7800,-4934,5759,11853,13512,14954,-1596,0.43,0.79,5750.69282,0.425598936,11816.3025,0.790176709,-0.364577773
7800,-4934,5758,11859,13512,14961,-1656,0.43,0.79,5749.69282,0.425524927,11822.523,0.790222779,-0.364697852
7800,-4939,5759,11860,13507,14958,-1668,0.43,0.79,5750.68617,0.425755991,11823.4285,0.790441804,-0.364685813
7800,-4934,5761,11861,13513,14959,-1668,0.43,0.79,5752.69415,0.425715544,11824.46,0.790457918,-0.364742374
7800,-4933,5759,11854,13511,14956,-1667,0.43,0.79,5750.69149,0.425630338,11817.3655,0.790142117,-0.364511779
7800,-4932,5765,11859,13521,14959,-1667,0.43,0.79,5756.70479,0.425760283,11822.46,0.79032422,-0.364563936
7800,-4938,5761,11864,13521,14965,-1668,0.43,0.79,5752.70479,0.425464447,11827.649,0.790354093,-0.364889646
7800,-4934,5764,11863,13515,14964,-1668,0.43,0.79,5755.69681,0.425874718,11826.6175,0.790337978,-0.36446326
7800,-4934,5761,11860,13509,14962,-1334,0.43,0.79,5752.68883,0.425841204,11823.5545,0.790238905,-0.364397701
7800,-4934,5755,11860,13512,14957,-917,0.43,0.79,5746.69282,0.425302903,11823.397,0.790492545,-0.365189643
7800,-4938,5761,11856,13515,14959,-501,0.43,0.79,5752.69681,0.425652742,11819.46,0.790123671,-0.364470929
7800,-4936,5755,11865,13503,14963,-84,0.43,0.79,5746.68085,0.425585488,11828.586,0.790522355,-0.364936867
7800,-4935,5753,11863,13501,14965,0,0.43,0.79,5744.67819,0.425500199,11826.649,0.79028727,-0.364787071
7800,-4937,5758,11858,13509,14965,0,0.43,0.79,5749.68883,0.42561913,11821.649,0.789953157,-0.364334027
7800,-4933,5759,11867,13508,14968,-1,0.43,0.79,5750.6875,0.425724571,11830.7435,0.790402425,-0.364677855
7800,-4937,5764,11860,13515,14961,0,0.43,0.79,5755.69681,0.425874718,11823.523,0.79028962,-0.364414902
7800,-4933,5756,11861,13512,14964,0,0.43,0.79,5747.69282,0.425376911,11824.6175,0.790204324,-0.364827413
7800,-4934,5766,11864,13528,14966,0,0.43,0.79,5757.7141,0.425614585,11827.6805,0.790303388,-0.364688803
7800,-4938,5767,11867,13525,14970,154,0.43,0.79,5758.71011,0.425782633,11830.8065,0.790301035,-0.364518403
7800,-4936,5763,11861,13527,14966,346,0.43,0.79,5754.71277,0.425424172,11824.6805,0.790102933,-0.364678762
7800,-4936,5763,11870,13521,14972,538,0.43,0.79,5754.70479,0.425612365,11833.8695,0.790400047,-0.364787682
7800,-4936,5765,11865,13516,14967,730,0.43,0.79,5756.69814,0.425917294,11828.712,0.790319503,-0.364402209
7800,-4935,5755,11861,13508,14963,768,0.43,0.79,5746.6875,0.42542845,11824.586,0.790255029,-0.364826579
7800,-4934,5750,11860,13498,14961,768,0.43,0.79,5741.6742,0.425372218,11823.523,0.79028962,-0.364917402
7800,-4937,5768,11869,13528,14973,768,0.43,0.79,5759.7141,0.425762426,11832.901,0.790282575,-0.364520149
7800,-4936,5763,11868,13527,14971,768,0.43,0.79,5754.71277,0.425424172,11831.838,0.790317146,-0.364892975
7800,-4935,5756,11863,13502,14967,768,0.43,0.79,5747.67952,0.425690973,11826.712,0.790185876,-0.364494902
7800,-4934,5760,11860,13526,14956,768,0.43,0.79,5751.71144,0.425233731,11823.3655,0.790543294,-0.365309563
7800,-4935,5768,11860,13531,14959,614,0.43,0.79,5759.71809,0.425668324,11823.46,0.790391069,-0.364722745
7800,-4933,5762,11858,13518,14964,422,0.43,0.79,5753.7008,0.425632549,11821.6175,0.790003843,-0.364371293
7800,-4934,5764,11866,13531,14968,229,0.43,0.79,5755.71809,0.425372706,11829.7435,0.790335616,-0.36496291
7800,-4931,5761,11863,13521,14962,37,0.43,0.79,5752.70479,0.425464447,11826.5545,0.790439413,-0.364974966
7800,-4935,5762,11864,13503,14960,0,0.43,0.79,5753.68085,0.426103892,11827.4915,0.790607721,-0.364503829
7800,-4934,5762,11858,13514,14961,0,0.43,0.79,5753.69548,0.425758138,11821.523,0.790155939,-0.364397801
7800,-4933,5762,11862,13530,14969,0,0.43,0.79,5753.71676,0.425256228,11825.775,0.790017703,-0.364761476
7800,-4933,5772,11859,13533,14958,0,0.43,0.79,5763.72075,0.425901186,11822.4285,0.79037495,-0.364473764
7800,-4931,5776,11865,13548,14968,0,0.43,0.79,5767.7407,0.425726358,11828.7435,0.790268807,-0.364542449
7800,-4933,5764,11873,13534,14978,0,0.43,0.79,5755.72208,0.425278711,11837.0585,0.790296335,-0.365017623
7800,-4932,5768,11863,13544,14968,-200,0.43,0.79,5759.73538,0.425261029,11826.7435,0.790135188,-0.364874159
7800,-4935,5774,11857,13550,14960,-450,0.43,0.79,5765.74336,0.425516115,11820.4915,0.790139806,-0.364623691
7800,-4935,5766,11858,13528,14959,-700,0.43,0.79,5757.7141,0.425614585,11821.46,0.79025737,-0.364642786
7800,-4936,5770,11862,13546,14961,-950,0.43,0.79,5761.73804,0.425346083,11825.523,0.790423301,-0.365077218
7800,-4935,5770,11863,13547,14964,-1000,0.43,0.79,5761.73937,0.425314783,11826.6175,0.790337978,-0.365023194
7801,-4936,5763,11856,13525,14958,-1000,0.43,0.79,5754.71011,0.425486884,11819.4285,0.790174388,-0.364687504
7801,-4936,5774,11856,13549,14960,-1000,0.43,0.79,5765.74203,0.425547423,11819.4915,0.790072961,-0.364525539
7801,-4933,5768,11861,13539,14967,-1000,0.43,0.79,5759.72873,0.425417588,11824.712,0.790052248,-0.36463466
7800,-4936,5777,11866,13561,14970,-1000,0.43,0.79,5768.75799,0.425393259,11829.8065,0.790234235,-0.364840976
7800,-4930,5766,11861,13527,14967,-1000,0.43,0.79,5757.71277,0.42564595,11824.712,0.790052248,-0.364406298
7800,-4934,5774,11865,13538,14962,-800,0.43,0.79,5765.7274,0.425892111,11828.5545,0.790573085,-0.364680974
7800,-4936,5772,11860,13533,14966,-550,0.43,0.79,5763.72075,0.425901186,11823.6805,0.790036115,-0.364134929
7800,-4933,5775,11863,13543,14967,-300,0.43,0.79,5766.73405,0.425809204,11826.712,0.790185876,-0.364376672
7800,-4930,5767,11863,13535,14968,-50,0.43,0.79,5758.72341,0.425469037,11826.7435,0.790135188,-0.364666152
7800,-4934,5784,11861,13571,14964,0,0.43,0.79,5775.77129,0.425596588,11824.6175,0.790204324,-0.364607736
7800,-4934,5778,11870,13549,14971,0,0.43,0.79,5769.74203,0.425842647,11833.838,0.790450738,-0.364608091
7800,-4931,5763,11858,13527,14960,0,0.43,0.79,5754.71277,0.425424172,11821.4915,0.790206651,-0.364782479
7800,-4937,5771,11863,13531,14963,0,0.43,0.79,5762.71809,0.425890037,11826.586,0.790388692,-0.364498655
7799,-4930,5783,11862,13569,14966,0,0.43,0.79,5774.76863,0.425585425,11825.6805,0.790169751,-0.364584327
7799,-4936,5771,11857,13537,14959,0,0.43,0.79,5762.72607,0.425701859,11820.46,0.790190521,-0.364488661
7799,-4938,5769,11858,13531,14959,-501,0.43,0.79,5760.71809,0.425742228,11821.46,0.79025737,-0.364515142
7799,-4936,5770,11865,13530,14968,-1126,0.43,0.79,5761.71676,0.425847506,11828.7435,0.790268807,-0.364421301
7800,-4938,5768,11857,13537,14962,-1751,0.43,0.79,5759.72607,0.425480245,11820.5545,0.790038397,-0.364558153
7800,-4935,5767,11861,13528,14959,-2376,0.43,0.79,5758.7141,0.425688505,11824.46,0.790457918,-0.364769413
7800,-4933,5776,11864,13551,14963,-2501,0.43,0.79,5767.74469,0.425632403,11827.586,0.790455524,-0.364823121
7800,-4933,5776,11860,13554,14960,-2501,0.43,0.79,5767.74868,0.425538489,11823.4915,0.790340341,-0.364801852
7800,-4933,5764,11863,13522,14966,-2501,0.43,0.79,5755.70612,0.425654942,11826.6805,0.79023657,-0.364581628
7800,-4938,5766,11859,13532,14962,-2501,0.43,0.79,5757.71942,0.425489168,11822.5545,0.790172069,-0.364682901
7800,-4935,5777,11859,13551,14961,-2501,0.43,0.79,5768.74469,0.425706198,11822.523,0.790222779,-0.364516581
7800,-4937,5767,11864,13536,14963,-2501,0.43,0.79,5758.72474,0.425437702,11827.586,0.790455524,-0.365017821
7800,-4934,5774,11860,13540,14957,-2102,0.43,0.79,5765.73006,0.425829399,11823.397,0.790492545,-0.364663146
7800,-4936,5768,11860,13525,14963,-1609,0.43,0.79,5759.71011,0.42585657,11823.586,0.790188198,-0.364331627
7800,-4935,5769,11862,13531,14964,-1115,0.43,0.79,5760.71809,0.425742228,11825.6175,0.790271151,-0.364528923
7800,-4931,5769,11859,13536,14958,-621,0.43,0.79,5760.72474,0.425585457,11822.4285,0.79037495,-0.364789493
7800,-4935,5783,11860,13564,14962,-527,0.43,0.79,5774.76198,0.425741815,11823.5545,0.790238905,-0.36449709
7800,-4935,5782,11857,13564,14950,-527,0.43,0.79,5773.76198,0.425668091,11820.1765,0.790647258,-0.364979167
7800,-4933,5772,11856,13536,14956,-527,0.43,0.79,5763.72474,0.425807088,11819.3655,0.790275842,-0.364468755
7800,-4934,5767,11857,13538,14961,-527,0.43,0.79,5758.7274,0.425375048,11820.523,0.790089098,-0.36471405
7800,-4930,5767,11842,13525,14935,-527,0.43,0.79,5758.71011,0.425782633,11804.704,0.790405357,-0.364622724
7800,-4935,5765,11853,13523,14950,-527,0.43,0.79,5756.70745,0.425697512,11816.1765,0.790379699,-0.364682187
7800,-4938,5769,11858,13528,14958,-420,0.43,0.79,5760.7141,0.425836347,11821.4285,0.790308096,-0.364471749
7800,-4932,5767,11850,13534,14953,-289,0.43,0.79,5758.72208,0.425500375,11813.271,0.790026817,-0.364526442
7800,-4935,5768,11855,13522,14954,-157,0.43,0.79,5759.70612,0.425950756,11818.3025,0.790310452,-0.364359696
7800,-4934,5768,11864,13522,14961,-26,0.43,0.79,5759.70612,0.425950756,11827.523,0.790556981,-0.364606226
7801,-4935,5773,11850,13532,14940,0,0.43,0.79,5764.71942,0.42600646,11812.8615,0.790686847,-0.364680387
7801,-4931,5766,11860,13529,14957,0,0.43,0.79,5757.71543,0.425583223,11823.397,0.790492545,-0.364909322
7800,-4930,5766,11853,13531,14955,0,0.43,0.79,5757.71809,0.425520515,11816.334,0.790125978,-0.364605463
7800,-4937,5767,11859,13529,14960,0,0.43,0.79,5758.71543,0.425657139,11822.4915,0.790273496,-0.364616357
7800,-4934,5768,11860,13531,14966,0,0.43,0.79,5759.71809,0.425668324,11823.6805,0.790036115,-0.364367791
7800,-4934,5766,11856,13533,14958,0,0.43,0.79,5757.72075,0.425457825,11819.4285,0.790174388,-0.364716563
7800,-4934,5768,11856,13522,14958,-66,0.43,0.79,5759.70612,0.425950756,11819.4285,0.790174388,-0.364223632
7800,-4936,5767,11857,13532,14963,-174,0.43,0.79,5758.71942,0.425563067,11820.586,0.789987703,-0.364424636
7800,-4937,5766,11857,13531,14956,-283,0.43,0.79,5757.71809,0.425520515,11820.3655,0.790342705,-0.36482219
7800,-4936,5772,11852,13532,14954,-392,0.43,0.79,5763.71942,0.425932561,11815.3025,0.790109837,-0.364177275
7800,-4938,5777,11855,13557,14954,-435,0.43,0.79,5768.75267,0.425518379,11818.3025,0.790310452,-0.364792073
7800,-4931,5762,11844,13523,14945,-435,0.43,0.79,5753.70745,0.425475667,11807.019,0.790031382,-0.364555714
7800,-4936,5766,11861,13527,14961,-435,0.43,0.79,5757.71277,0.42564595,11824.523,0.79035646,-0.36471051
7800,-4935,5776,11857,13540,14957,-435,0.43,0.79,5767.73006,0.425977109,11820.397,0.79029197,-0.364314861
7800,-4932,5765,11857,13530,14955,-435,0.43,0.79,5756.71676,0.425477957,11820.334,0.790393447,-0.36491549
7800,-4933,5763,11866,13516,14966,-435,0.43,0.79,5754.69814,0.425769321,11829.6805,0.790437024,-0.364667703
7800,-4937,5761,11860,13522,14963,-607,0.43,0.79,5752.70612,0.425433081,11823.586,0.790188198,-0.364755117
7800,-4933,5768,11863,13528,14966,-893,0.43,0.79,5759.7141,0.425762426,11826.6805,0.79023657,-0.364474143
7800,-4936,5760,11855,13527,14960,-1179,0.43,0.79,5751.71277,0.425202393,11818.4915,0.790006116,-0.364803723
7800,-4936,5766,11866,13525,14967,-1465,0.43,0.79,5757.71011,0.425708696,11829.712,0.790386317,-0.364677621
7800,-4935,5766,11845,13534,14946,-1580,0.43,0.79,5757.72208,0.425426487,11808.0505,0.790047538,-0.36462105
7800,-4933,5764,11857,13532,14957,-1580,0.43,0.79,5755.71942,0.42534137,11820.397,0.79029197,-0.3649506
7800,-4935,5764,11858,13535,14963,-1580,0.43,0.79,5755.72341,0.425247389,11821.586,0.790054535,-0.364807146
7800,-4935,5772,11859,13536,14955,-1580,0.43,0.79,5763.72474,0.425807088,11822.334,0.790527182,-0.364720094
7800,-4935,5767,11856,13528,14957,-1580,0.43,0.79,5758.7141,0.425688505,11819.397,0.790225112,-0.364536607
7800,-4931,5769,11853,13532,14949,-1580,0.43,0.79,5760.71942,0.425710865,11816.145,0.790430464,-0.364719599
7800,-4934,5766,11871,13531,14972,-1434,0.43,0.79,5757.71809,0.425520515,11834.8695,0.790466838,-0.364946323
7800,-4933,5768,11862,13529,14967,-1039,0.43,0.79,5759.71543,0.425731054,11825.712,0.790119062,-0.364388008
7800,-4933,5772,11884,13532,14994,-644,0.43,0.79,5763.71942,0.425932561,11848.5625,0.790220255,-0.364287693
7800,-4935,5768,11873,13532,14978,-250,0.43,0.79,5759.71942,0.425636966,11837.0585,0.790296335,-0.364659369
7800,-4932,5769,11880,13542,14991,0,0.43,0.79,5760.73272,0.425397483,11844.468,0.790105263,-0.36470778
7800,-4933,5775,11884,13543,14989,0,0.43,0.79,5766.73405,0.425809204,11848.405,0.790473347,-0.364664143
7800,-4931,5770,11869,13536,14971,0,0.43,0.79,5761.72474,0.425659334,11832.838,0.790383942,-0.364724609
7800,-4936,5766,11866,13532,14971,0,0.43,0.79,5757.71942,0.425489168,11829.838,0.790183555,-0.364694387
7800,-4932,5767,11878,13529,14979,0,0.43,0.79,5758.71543,0.425657139,11842.09,0.790579478,-0.364922339
7800,-4935,5766,11872,13527,14971,0,0.43,0.79,5757.71277,0.42564595,11835.838,0.79058433,-0.364938379
7800,-4935,5767,11867,13530,14965,263,0.43,0.79,5758.71676,0.425625777,11830.649,0.790554561,-0.364928784
7800,-4933,5769,11858,13527,14960,704,0.43,0.79,5760.71277,0.425867729,11821.4915,0.790206651,-0.364338922
7800,-4934,5765,11868,13526,14970,1146,0.43,0.79,5756.71144,0.425603389,11831.8065,0.790367836,-0.364764447
7800,-4936,5769,11871,13525,14973,1587,0.43,0.79,5760.71011,0.425930507,11834.901,0.790416149,-0.364485642
7800,-4937,5776,11879,13556,14982,1763,0.43,0.79,5767.75134,0.425475903,11843.1845,0.790494226,-0.365018323
7800,-4936,5767,11874,13534,14982,1763,0.43,0.79,5758.72208,0.425500375,11838.1845,0.790160493,-0.364660117
7800,-4931,5765,11866,13526,14965,1763,0.43,0.79,5756.71144,0.425603389,11829.649,0.790487738,-0.364884349
7800,-4939,5759,11864,13520,14965,1764,0.43,0.79,5750.70346,0.425347889,11827.649,0.790354093,-0.365006204
7800,-4933,5768,11881,13538,14991,1764,0.43,0.79,5759.7274,0.425448914,11845.468,0.79017197,-0.364723056
7800,-4937,5765,11873,13527,14977,1764,0.43,0.79,5756.71277,0.425572024,11837.027,0.790346999,-0.364774975
7800,-4935,5762,11864,13522,14967,1349,0.43,0.79,5753.70612,0.425507034,11827.712,0.790252689,-0.364745655
7800,-4936,5759,11855,13519,14957,657,0.43,0.79,5750.70213,0.425379254,11818.397,0.790158254,-0.364779
7800,-4937,5762,11863,13522,14962,-33,0.43,0.79,5753.70612,0.425507034,11826.5545,0.790439413,-0.364932379
7800,-4938,5760,11861,13518,14959,-724,0.43,0.79,5751.7008,0.425484598,11824.46,0.790457918,-0.36497332
7800,-4936,5761,11893,13522,15000,-1001,0.43,0.79,5752.70612,0.425433081,11857.7515,0.790516767,-0.365083686
7800,-4933,5764,11874,13524,14981,-1000,0.43,0.79,5755.70878,0.42559219,11838.153,0.790211134,-0.364618944
7800,-4935,5763,11866,13528,14972,-1000,0.43,0.79,5754.7141,0.425392822,11829.8695,0.790132881,-0.364740059
7800,-4935,5762,11867,13524,14962,-1000,0.43,0.79,5753.70878,0.425444305,11830.5545,0.790706757,-0.365262452
7801,-4931,5763,11868,13521,14973,-1000,0.43,0.79,5754.70479,0.425612365,11831.901,0.790215788,-0.364603423
7801,-4936,5765,11867,13520,14970,-1000,0.43,0.79,5756.70346,0.425791676,11830.8065,0.790301035,-0.364509359
7800,-4932,5765,11852,13519,14961,-929,0.43,0.79,5756.70213,0.425823073,11815.523,0.789754896,-0.363931823
7800,-4930,5765,11857,13524,14959,-811,0.43,0.79,5756.70878,0.425666133,11820.46,0.790190521,-0.364524388
7800,-4937,5761,11854,13525,14961,-692,0.43,0.79,5752.71011,0.42533901,11817.523,0.789888577,-0.364549567
7800,-4939,5765,11865,13533,14967,-574,0.43,0.79,5756.72075,0.425383932,11828.712,0.790319503,-0.364935571
7800,-4938,5762,11862,13519,14966,-527,0.43,0.79,5753.70213,0.425601164,11825.6805,0.790169751,-0.364568588
7800,-4934,5760,11874,13528,14967,-527,0.43,0.79,5751.7141,0.42517106,11837.712,0.790920826,-0.365749766
7800,-4936,5761,11868,13518,14968,-527,0.43,0.79,5752.7008,0.425558574,11831.7435,0.790469234,-0.364910661
7800,-4933,5764,11861,13523,14962,-527,0.43,0.79,5755.70745,0.425623564,11824.5545,0.790305741,-0.364682178
7800,-4936,5764,11867,13521,14968,-527,0.43,0.79,5755.70479,0.425686324,11830.7435,0.790402425,-0.364716101
7800,-4935,5762,11866,13522,14971,-527,0.43,0.79,5753.70612,0.425507034,11829.838,0.790183555,-0.36467652
7800,-4937,5769,11865,13523,14965,-448,0.43,0.79,5760.70745,0.425993304,11828.649,0.790420915,-0.364427611
7800,-4936,5767,11859,13527,14963,-316,0.43,0.79,5758.71277,0.425719877,11822.586,0.790121366,-0.364401489
7800,-4935,5766,11865,13525,14966,-185,0.43,0.79,5757.71011,0.425708696,11828.6805,0.790370206,-0.36466151
7800,-4935,5763,11860,13527,14966,-53,0.43,0.79,5754.71277,0.425424172,11823.6805,0.790036115,-0.364611944
7800,-4932,5769,11862,13529,14968,0,0.43,0.79,5760.71543,0.425804969,11825.7435,0.790068379,-0.36426341
7800,-4932,5761,11859,13527,14964,0,0.43,0.79,5752.71277,0.425276319,11822.6175,0.79007067,-0.36479435
7800,-4934,5771,11864,13526,14963,0,0.43,0.79,5762.71144,0.426046979,11827.586,0.790455524,-0.364408544
7800,-4934,5771,11860,13530,14965,0,0.43,0.79,5762.71676,0.425921416,11823.649,0.790086803,-0.364165386
7800,-4935,5762,11876,13523,14979,0,0.43,0.79,5753.70745,0.425475667,11840.09,0.790445958,-0.36497029
7800,-4933,5765,11865,13527,14967,0,0.43,0.79,5756.71277,0.425572024,11828.712,0.790319503,-0.364747479
7800,-4934,5766,11860,13525,14958,-196,0.43,0.79,5757.71011,0.425708696,11823.4285,0.790441804,-0.364733108
7800,-4937,5768,11869,13526,14968,-522,0.43,0.79,5759.71144,0.425825184,11832.7435,0.790536044,-0.364710859
7800,-4936,5765,11865,13529,14968,-849,0.43,0.79,5756.71543,0.425509308,11828.7435,0.790268807,-0.364759499
7800,-4935,5770,11853,13532,14958,-1175,0.43,0.79,5761.71942,0.425784764,11816.4285,0.789973827,-0.364189063
7800,-4936,5769,11866,13524,14965,-1305,0.43,0.79,5760.70878,0.425961903,11829.649,0.790487738,-0.364525835
7800,-4935,5769,11874,13526,14976,-1305,0.43,0.79,5760.71144,0.425899116,11837.9955,0.790464443,-0.364565327
7800,-4937,5759,11868,13525,14976,-1305,0.43,0.79,5750.71011,0.425191136,11831.9955,0.790063802,-0.364872666
7800,-4938,5766,11864,13536,14967,-1305,0.43,0.79,5757.72474,0.425363825,11827.712,0.790252689,-0.364888864
7800,-4937,5766,11861,13526,14966,-1305,0.43,0.79,5757.71144,0.425677321,11824.6805,0.790102933,-0.364425613
7800,-4935,5763,11871,13521,14972,-1305,0.43,0.79,5754.70479,0.425612365,11834.8695,0.790466838,-0.364854473
7800,-4937,5764,11863,13529,14962,-1110,0.43,0.79,5755.71543,0.425435393,11826.5545,0.790439413,-0.36500402
7800,-4937,5765,11864,13526,14967,-783,0.43,0.79,5756.71144,0.425603389,11827.712,0.790252689,-0.3646493
7800,-4935,5764,11863,13520,14965,-457,0.43,0.79,5755.70346,0.425717712,11826.649,0.79028727,-0.364569559
7800,-4933,5765,11867,13523,14972,-131,0.43,0.79,5756.70745,0.425697512,11830.8695,0.790199673,-0.364502161
7800,-4934,5767,11867,13535,14974,0,0.43,0.79,5758.72341,0.425469037,11830.9325,0.790098337,-0.364629301
7800,-4937,5765,11870,13524,14975,0,0.43,0.79,5756.70878,0.425666133,11833.964,0.790248013,-0.364581881
7800,-4932,5769,11863,13532,14962,0,0.43,0.79,5760.71942,0.425710865,11826.5545,0.790439413,-0.364728549
7800,-4931,5769,11859,13526,14971,0,0.43,0.79,5760.71144,0.425899116,11822.838,0.789715984,-0.363816868
7800,-4930,5765,11869,13527,14975,0,0.43,0.79,5756.71277,0.425572024,11832.964,0.790181235,-0.364609211
7800,-4932,5762,11865,13521,14969,0,0.43,0.79,5753.70479,0.425538406,11828.775,0.790218117,-0.364679711
7800,-4934,5762,11862,13525,14966,-215,0.43,0.79,5753.71011,0.425412947,11825.6805,0.790169751,-0.364756804
7800,-4938,5763,11866,13521,14966,-572,0.43,0.79,5754.70479,0.425612365,11829.6805,0.790437024,-0.364824659
7800,-4937,5763,11869,13526,14970,-929,0.43,0.79,5754.71144,0.425455526,11832.8065,0.790434636,-0.36497911
7800,-4933,5769,11857,13534,14956,-1287,0.43,0.79,5760.72208,0.425648151,11820.3655,0.790342705,-0.364694554
7800,-4934,5765,11858,13529,14967,-1429,0.43,0.79,5756.71543,0.425509308,11821.712,0.789851807,-0.364342499
7800,-4932,5764,11866,13525,14972,-1429,0.43,0.79,5755.71011,0.425560821,11829.8695,0.790132881,-0.36457206
7800,-4935,5762,11867,13525,14971,-1429,0.43,0.79,5753.71011,0.425412947,11830.838,0.790250351,-0.364837404
7800,-4935,5763,11862,13527,14966,-1429,0.43,0.79,5754.71277,0.425424172,11825.6805,0.790169751,-0.36474558
7799,-4935,5760,11857,13523,14964,-1429,0.43,0.79,5751.70745,0.425327771,11820.6175,0.789937016,-0.364609244
7800,-4935,5767,11869,13531,14967,-1429,0.43,0.79,5758.71809,0.425594419,11832.712,0.790586758,-0.364992338
7800,-4934,5756,11865,13518,14968,-1365,0.43,0.79,5747.7008,0.425188697,11828.7435,0.790268807,-0.36508011
7800,-4933,5763,11857,13524,14957,-1258,0.43,0.79,5754.70878,0.425518248,11820.397,0.79029197,-0.364773723
7800,-4938,5768,11867,13528,14961,-1150,0.43,0.79,5759.7141,0.425762426,11830.523,0.790757503,-0.364995077
7800,-4937,5767,11865,13532,14964,-1043,0.43,0.79,5758.71942,0.425563067,11828.6175,0.790471632,-0.364908565
7800,-4932,5760,11864,13515,14962,-1000,0.43,0.79,5751.69681,0.42557875,11827.5545,0.790506249,-0.364927499
7800,-4931,5770,11866,13523,14971,-1000,0.43,0.79,5761.70745,0.426067252,11829.838,0.790183555,-0.364116303
7800,-4935,5762,11859,13519,14963,-1000,0.43,0.79,5753.70213,0.425601164,11822.586,0.790121366,-0.364520202
7800,-4938,5761,11861,13526,14961,-1000,0.43,0.79,5752.71144,0.425307662,11824.523,0.79035646,-0.365048798
7800,-4934,5764,11858,13523,14962,-1000,0.43,0.79,5755.70745,0.425623564,11821.5545,0.790105233,-0.36448167
7800,-4940,5767,11865,13523,14966,-1000,0.43,0.79,5758.70745,0.425845408,11828.6805,0.790370206,-0.364524798
7800,-4937,5760,11862,13524,14963,-1000,0.43,0.79,5751.70878,0.42529642,11825.586,0.790321861,-0.365025441
7800,-4936,5763,11857,13526,14957,-1000,0.43,0.79,5754.71144,0.425455526,11820.397,0.79029197,-0.364836445
7800,-4940,5770,11861,13536,14963,-1000,0.43,0.79,5761.72474,0.425659334,11824.586,0.790255029,-0.364595695
7800,-4938,5762,11855,13525,14958,-1000,0.43,0.79,5753.71011,0.425412947,11818.4285,0.790107534,-0.364694587
7800,-4937,5767,11871,13530,14969,-1000,0.43,0.79,5758.71676,0.425625777,11834.775,0.790618946,-0.364993169
7800,-4940,5767,11863,13531,14963,-1000,0.43,0.79,5758.71809,0.425594419,11826.586,0.790388692,-0.364794273
7800,-4932,5763,11863,13520,14964,-1000,0.43,0.79,5754.70346,0.425643747,11826.6175,0.790337978,-0.364694231
7800,-4937,5766,11860,13530,14963,-1000,0.43,0.79,5757.71676,0.425551867,11823.586,0.790188198,-0.364636331
7800,-4937,5766,11866,13528,14964,-1000,0.43,0.79,5757.7141,0.425614585,11829.6175,0.790538459,-0.364923874
7800,-4935,5768,11865,13528,14971,-1000,0.43,0.79,5759.7141,0.425762426,11828.838,0.790116759,-0.364354333
7800,-4934,5765,11866,13522,14969,-1017,0.43,0.79,5756.70612,0.425728895,11829.775,0.790284922,-0.364556027
7800,-4936,5767,11856,13527,14954,-1045,0.43,0.79,5758.71277,0.425719877,11819.3025,0.790377324,-0.364657447
7800,-4935,5767,11857,13531,14962,-1073,0.43,0.79,5758.71809,0.425594419,11820.5545,0.790038397,-0.364443978
7800,-4935,5765,11863,13521,14961,-1101,0.43,0.79,5756.70479,0.425760283,11826.523,0.790490141,-0.364729858
7800,-4936,5765,11865,13524,14965,-1112,0.43,0.79,5756.70878,0.425666133,11828.649,0.790420915,-0.364754783
7800,-4938,5765,11868,13524,14966,-1112,0.43,0.79,5756.70878,0.425666133,11831.6805,0.79057066,-0.364904527
7800,-4935,5768,11867,13533,14960,-1112,0.43,0.79,5759.72075,0.425605612,11830.4915,0.790808255,-0.365202643
7800,-4941,5766,11862,13531,14954,-1112,0.43,0.79,5757.71809,0.425520515,11825.3025,0.790778554,-0.365258039
7800,-4934,5765,11858,13533,14958,-1112,0.43,0.79,5756.72075,0.425383932,11821.4285,0.790308096,-0.364924164
7800,-4934,5764,11863,13526,14958,-1112,0.43,0.79,5755.71144,0.425529457,11826.4285,0.790642365,-0.365112908
7800,-4938,5768,11864,13538,14962,-1016,0.43,0.79,5759.7274,0.425448914,11827.5545,0.790506249,-0.365057335
7800,-4936,5767,11861,13531,14963,-858,0.43,0.79,5758.71809,0.425594419,11824.586,0.790255029,-0.36466061
7800,-4935,5768,11857,13529,14965,-699,0.43,0.79,5759.71543,0.425731054,11820.649,0.789886335,-0.364155281
7800,-4935,5771,11862,13533,14961,-540,0.43,0.79,5762.72075,0.425827293,11825.523,0.790423301,-0.364596008
7800,-4938,5766,11858,13531,14959,-477,0.43,0.79,5757.71809,0.425520515,11821.46,0.79025737,-0.364736855
7800,-4937,5765,11862,13525,14964,-477,0.43,0.79,5756.71011,0.425634759,11825.6175,0.790271151,-0.364636392
7800,-4934,5766,11858,13529,14967,-477,0.43,0.79,5757.71543,0.425583223,11821.712,0.789851807,-0.364268584
7800,-4933,5771,11853,13535,14954,-477,0.43,0.79,5762.72341,0.425764567,11816.3025,0.790176709,-0.364412142
7800,-4935,5771,11862,13539,14958,-477,0.43,0.79,5762.72873,0.425639171,11825.4285,0.790575511,-0.364936341
7800,-4937,5768,11860,13534,14960,-477,0.43,0.79,5759.72208,0.425574263,11823.4915,0.790340341,-0.364766078
7800,-4938,5759,11868,13523,14968,-542,0.43,0.79,5750.70745,0.425253823,11831.7435,0.790469234,-0.365215411
7800,-4935,5767,11853,13531,14960,-650,0.43,0.79,5758.71809,0.425594419,11816.4915,0.789872426,-0.364278007
7800,-4938,5764,11866,13526,14970,-758,0.43,0.79,5755.71144,0.425529457,11829.8065,0.790234235,-0.364704778
7800,-4931,5765,11860,13530,14965,-866,0.43,0.79,5756.71676,0.425477957,11823.649,0.790086803,-0.364608845
7800,-4933,5760,11867,13523,14964,-910,0.43,0.79,5751.70745,0.425327771,11830.6175,0.790605286,-0.365277515
7800,-4936,5766,11867,13531,14963,-910,0.43,0.79,5757.71809,0.425520515,11830.586,0.790656018,-0.365135503
7800,-4939,5766,11854,13530,14957,-910,0.43,0.79,5757.71676,0.425551867,11817.397,0.790091395,-0.364539528
7800,-4937,5768,11868,13528,14969,-910,0.43,0.79,5759.7141,0.425762426,11831.775,0.790418532,-0.364656106
7800,-4934,5762,11860,13520,14969,-910,0.43,0.79,5753.70346,0.425569783,11823.775,0.789884094,-0.364314311
7800,-4935,5766,11866,13526,14967,-910,0.43,0.79,5757.71144,0.425677321,11829.712,0.790386317,-0.364708996
7800,-4938,5767,11870,13527,14965,-773,0.43,0.79,5758.71277,0.425719877,11833.649,0.790755028,-0.365035152
7800,-4934,5766,11857,13527,14958,-546,0.43,0.79,5757.71277,0.42564595,11820.4285,0.790241242,-0.364595292
7800,-4937,5763,11861,13529,14963,-319,0.43,0.79,5754.71543,0.425361478,11824.586,0.790255029,-0.364893552
7800,-4935,5764,11868,13528,14972,-91,0.43,0.79,5755.7141,0.425466743,11831.8695,0.790266464,-0.364799721
7800,-4938,5763,11862,13525,14965,0,0.43,0.79,5754.71011,0.425486884,11825.649,0.790220448,-0.364733563
7800,-4932,5761,11864,13522,14968,0,0.43,0.79,5752.70612,0.425433081,11827.7435,0.790201998,-0.364768917
7800,-4934,5765,11864,13520,14970,0,0.43,0.79,5756.70346,0.425791676,11827.8065,0.790100635,-0.364308959
7799,-4937,5770,11861,13543,14967,0,0.43,0.79,5761.73405,0.42544001,11824.712,0.790052248,-0.364612239
7799,-4933,5769,11872,13532,14976,0,0.43,0.79,5760.71942,0.425710865,11835.9955,0.790330896,-0.364620031
7799,-4932,5764,11865,13523,14974,0,0.43,0.79,5755.70745,0.425623564,11828.9325,0.789964772,-0.364341209
7800,-4934,5767,11862,13530,14963,-215,0.43,0.79,5758.71676,0.425625777,11825.586,0.790321861,-0.364696084
7800,-4936,5769,11860,13526,14961,-572,0.43,0.79,5760.71144,0.425899116,11823.523,0.79028962,-0.364390504
7800,-4935,5767,11866,13533,14963,-929,0.43,0.79,5758.72075,0.425531719,11829.586,0.790589187,-0.365057468
7800,-4936,5770,11865,13527,14972,-1287,0.43,0.79,5761.71277,0.425941655,11828.8695,0.79006609,-0.364124435
7800,-4932,5765,11858,13527,14963,-1429,0.43,0.79,5756.71277,0.425572024,11821.586,0.790054535,-0.36448251
7799,-4932,5761,11865,13525,14971,-1429,0.43,0.79,5752.71011,0.42533901,11828.838,0.790116759,-0.364777749
7799,-4932,5766,11862,13521,14969,-1429,0.43,0.79,5757.70479,0.425834242,11825.775,0.790017703,-0.364183461
7799,-4935,5765,11870,13528,14971,-1429,0.43,0.79,5756.7141,0.425540664,11833.838,0.790450738,-0.364910074
7799,-4930,5769,11858,13538,14962,-1429,0.43,0.79,5760.7274,0.42552278,11821.5545,0.790105233,-0.364582453
7800,-4935,5764,11862,13523,14960,-1429,0.43,0.79,5755.70745,0.425623564,11825.4915,0.790474031,-0.364850467
7800,-4932,5765,11852,13529,14952,-1144,0.43,0.79,5756.71543,0.425509308,11815.2395,0.79021131,-0.364702001
7800,-4931,5766,11861,13523,14963,-667,0.43,0.79,5757.70745,0.42577146,11824.586,0.790255029,-0.364483569
7800,-4936,5761,11858,13531,14961,-191,0.43,0.79,5752.71809,0.425150993,11821.523,0.790155939,-0.365004945
7800,-4936,5769,11870,13537,14972,284,0.43,0.79,5760.72607,0.425554116,11833.8695,0.790400047,-0.364845931
7800,-4935,5770,11867,13530,14976,475,0.43,0.79,5761.71676,0.425847506,11830.9955,0.789997029,-0.364149522
7800,-4935,5762,11858,13527,14965,475,0.43,0.79,5753.71277,0.425350245,11821.649,0.789953157,-0.364602912
7800,-4936,5763,11863,13529,14963,475,0.43,0.79,5754.71543,0.425361478,11826.586,0.790388692,-0.365027215
7800,-4931,5766,11862,13532,14961,475,0.43,0.79,5757.71942,0.425489168,11825.523,0.790423301,-0.364934133
7799,-4930,5768,11858,13531,14965,475,0.43,0.79,5759.71809,0.425668324,11821.649,0.789953157,-0.364284834
7799,-4932,5765,11866,13534,14974,475,0.43,0.79,5756.72208,0.425352599,11829.9325,0.790031555,-0.364678955
7799,-4932,5764,11865,13532,14963,77,0.43,0.79,5755.71942,0.42534137,11828.586,0.790522355,-0.365180985
7799,-4936,5770,11870,13535,14973,-584,0.43,0.79,5761.72341,0.425690684,11833.901,0.790349362,-0.364658678
7800,-4938,5766,11860,13527,14957,-1247,0.43,0.79,5757.71277,0.42564595,11823.397,0.790492545,-0.364846595
7800,-4937,5762,11870,13534,14968,-1910,0.43,0.79,5753.72208,0.425130935,11833.7435,0.790602853,-0.365471917
7800,-4937,5766,11861,13525,14967,-2175,0.43,0.79,5757.71011,0.425708696,11824.712,0.790052248,-0.364343553
7800,-4932,5765,11861,13529,14961,-2175,0.43,0.79,5756.71543,0.425509308,11824.523,0.79035646,-0.364847152
7800,-4936,5764,11866,13524,14965,-2175,0.43,0.79,5755.70878,0.42559219,11829.649,0.790487738,-0.364895548
7800,-4936,5765,11870,13533,14976,-2175,0.43,0.79,5756.72075,0.425383932,11833.9955,0.790197349,-0.364813417
7800,-4930,5767,11864,13527,14971,-2175,0.43,0.79,5758.71277,0.425719877,11827.838,0.790049963,-0.364330087
7800,-4934,5770,11864,13530,14961,-2175,0.43,0.79,5761.71676,0.425847506,11827.523,0.790556981,-0.364709475
7800,-4933,5771,11858,13533,14962,-1918,0.43,0.79,5762.72075,0.425827293,11821.5545,0.790105233,-0.364277941
7799,-4932,5768,11859,13539,14970,-1274,0.43,0.79,5759.72873,0.425417588,11822.8065,0.789766633,-0.364349045
7799,-4935,5773,11871,13535,14974,-631,0.43,0.79,5764.72341,0.425912332,11834.9325,0.790365467,-0.364453135
7799,-4932,5767,11862,13530,14968,12,0.43,0.79,5758.71676,0.425625777,11825.7435,0.790068379,-0.364442602
7799,-4934,5768,11863,13537,14973,398,0.43,0.79,5759.72607,0.425480245,11826.901,0.789881854,-0.364401609
7800,-4933,5764,11862,13525,14968,398,0.43,0.79,5755.71011,0.425560821,11825.7435,0.790068379,-0.364507558
7800,-4935,5766,11866,13531,14967,398,0.43,0.79,5757.71809,0.425520515,11829.712,0.790386317,-0.364865801
7800,-4935,5770,11859,13532,14961,398,0.43,0.79,5761.71942,0.425784764,11822.523,0.790222779,-0.364438016
7800,-4933,5766,11870,13526,14977,398,0.43,0.79,5757.71144,0.425677321,11834.027,0.790146692,-0.364469371
7800,-4935,5769,11863,13529,14966,398,0.43,0.79,5760.71543,0.425804969,11826.6805,0.79023657,-0.3644316
7800,-4931,5767,11856,13533,14958,270,0.43,0.79,5758.72075,0.425531719,11819.4285,0.790174388,-0.36464267
7800,-4938,5766,11864,13526,14969,38,0.43,0.79,5757.71144,0.425677321,11827.775,0.790151313,-0.364473992
7800,-4936,5768,11860,13532,14963,-192,0.43,0.79,5759.71942,0.425636966,11823.586,0.790188198,-0.364551232
7800,-4936,5768,11866,13533,14975,-424,0.43,0.79,5759.72075,0.425605612,11829.964,0.789980902,-0.364375289
7800,-4932,5767,11872,13533,14973,-527,0.43,0.79,5758.72075,0.425531719,11835.901,0.790482936,-0.364951217
7799,-4934,5764,11871,13533,14978,-527,0.43,0.79,5755.72075,0.425310038,11835.0585,0.790162805,-0.364852767
7799,-4935,5770,11863,13538,14966,-527,0.43,0.79,5761.7274,0.425596646,11826.6805,0.79023657,-0.364639923
7799,-4933,5769,11860,13537,14965,-527,0.43,0.79,5760.72607,0.425554116,11823.649,0.790086803,-0.364532686
7799,-4934,5762,11869,13527,14969,-527,0.43,0.79,5753.71277,0.425350245,11832.775,0.790485336,-0.365135091
7800,-4935,5767,11859,13535,14963,-527,0.43,0.79,5758.72341,0.425469037,11822.586,0.790121366,-0.364652329
7800,-4936,5762,11877,13530,14976,-651,0.43,0.79,5753.71676,0.425256228,11840.9955,0.790664764,-0.365408536
7800,-4939,5767,11861,13530,14963,-960,0.43,0.79,5758.71676,0.425625777,11824.586,0.790255029,-0.364629252
7800,-4935,5766,11871,13530,14971,-1270,0.43,0.79,5757.71676,0.425551867,11834.838,0.790517534,-0.364965667
7800,-4934,5765,11867,13531,14975,-1580,0.43,0.79,5756.71809,0.425446611,11830.964,0.790047679,-0.364601069
7800,-4935,5765,11863,13525,14964,-1766,0.43,0.79,5756.71011,0.425634759,11826.6175,0.790337978,-0.364703219
7800,-4931,5765,11862,13524,14963,-1766,0.43,0.79,5756.70878,0.425666133,11825.586,0.790321861,-0.364655728
7800,-4939,5765,11868,13539,14973,-1766,0.43,0.79,5756.72873,0.425196006,11831.901,0.790215788,-0.365019782
7800,-4932,5767,11861,13524,14970,-1766,0.43,0.79,5758.70878,0.425814018,11824.8065,0.789900234,-0.364086216
7800,-4929,5765,11865,13527,14975,-1766,0.43,0.79,5756.71277,0.425572024,11828.964,0.789914124,-0.364342099
7800,-4936,5768,11871,13531,14970,-1766,0.43,0.79,5759.71809,0.425668324,11834.8065,0.790568236,-0.364899913
7800,-4932,5769,11858,13529,14962,-1407,0.43,0.79,5760.71543,0.425804969,11821.5545,0.790105233,-0.364300264
7800,-4933,5771,11864,13532,14966,-511,0.43,0.79,5762.71942,0.425858662,11827.6805,0.790303388,-0.364444725
7800,-4934,5763,11864,13526,14967,384,0.43,0.79,5754.71144,0.425455526,11827.712,0.790252689,-0.364797164
7800,-4930,5766,11845,13526,14948,1280,0.43,0.79,5757.71144,0.425677321,11808.1135,0.789946046,-0.364268726
7800,-4929,5788,11870,13573,14969,1817,0.43,0.79,5779.77395,0.425828774,11833.775,0.790552141,-0.364723367
7800,-4928,5768,11862,13535,14967,1817,0.43,0.79,5759.72341,0.425542919,11825.712,0.790119062,-0.364576143
7799,-4933,5765,11859,13522,14967,1817,0.43,0.79,5756.70612,0.425728895,11822.712,0.789918621,-0.364189726
7799,-4930,5766,11867,13526,14972,1817,0.43,0.79,5757.71144,0.425677321,11830.8695,0.790199673,-0.364522352
7800,-4933,5764,11869,13532,14971,1817,0.43,0.79,5755.71942,0.42534137,11832.838,0.790383942,-0.365042572
7800,-4937,5770,11864,13536,14964,1817,0.43,0.79,5761.72474,0.425659334,11827.6175,0.790404805,-0.364745471
7800,-4932,5767,11861,13532,14969,1817,0.43,0.79,5758.71942,0.425563067,11824.775,0.789950899,-0.364387832
7800,-4936,5771,11855,13530,14958,1112,0.43,0.79,5762.71676,0.425921416,11818.4285,0.790107534,-0.364186118
7800,-4936,5768,11869,13531,14975,408,0.43,0.79,5759.71809,0.425668324,11832.964,0.790181235,-0.364512912
7800,-4932,5770,11868,13535,14971,-296,0.43,0.79,5761.72341,0.425690684,11831.838,0.790317146,-0.364626462
7800,-4931,5769,11869,13530,14977,-1000,0.43,0.79,5760.71676,0.425773596,11833.027,0.790079923,-0.364306326
7800,-4935,5768,11860,13524,14961,-1000,0.43,0.79,5759.70878,0.425887961,11823.523,0.79028962,-0.364401659
7800,-4939,5766,11860,13531,14959,-1000,0.43,0.79,5757.71809,0.425520515,11823.46,0.790391069,-0.364870554
7800,-4939,5774,11864,13537,14961,-1000,0.43,0.79,5765.72607,0.425923474,11827.523,0.790556981,-0.364633507
7800,-4931,5771,11868,13529,14964,-1000,0.43,0.79,5762.71543,0.4259528,11831.6175,0.790672113,-0.364719313
7800,-4936,5767,11860,13534,14958,-1000,0.43,0.79,5758.72208,0.425500375,11823.4285,0.790441804,-0.364941428
7800,-4938,5769,11854,13529,14959,-1184,0.43,0.79,5760.71543,0.425804969,11817.46,0.789989973,-0.364185003
7800,-4935,5769,11863,13536,14966,-1490,0.43,0.79,5760.72474,0.425585457,11826.6805,0.79023657,-0.364651113
7800,-4936,5773,11860,13538,14962,-1795,0.43,0.79,5764.7274,0.425818245,11823.5545,0.790238905,-0.36442066
7800,-4935,5768,11866,13535,14969,-2101,0.43,0.79,5759.72341,0.425542919,11829.775,0.790284922,-0.364742003
7800,-4935,5769,11861,13533,14965,-2223,0.43,0.79,5760.72075,0.425679506,11824.649,0.790153625,-0.364474119
7800,-4937,5773,11858,13539,14956,-2223,0.43,0.79,5764.72873,0.425786892,11821.3655,0.790409568,-0.364622676
7800,-4934,5768,11856,13531,14959,-2223,0.43,0.79,5759.71809,0.425668324,11819.46,0.790123671,-0.364455348
7800,-4939,5771,11862,13532,14963,-2223,0.43,0.79,5762.71942,0.425858662,11825.586,0.790321861,-0.364463198
7800,-4931,5769,11864,13529,14965,-2223,0.43,0.79,5760.71543,0.425804969,11827.649,0.790354093,-0.364549124
7800,-4935,5765,11860,13527,14959,-2223,0.43,0.79,5756.71277,0.425572024,11823.46,0.790391069,-0.364819045
7800,-4931,5770,11861,13536,14959,-1824,0.43,0.79,5761.72474,0.425659334,11824.46,0.790457918,-0.364798585
7800,-4933,5767,11861,13531,14960,-1160,0.43,0.79,5758.71809,0.425594419,11824.4915,0.790407186,-0.364812766
7800,-4936,5770,11866,13532,14972,-495,0.43,0.79,5761.71942,0.425784764,11829.8695,0.790132881,-0.364348118
7800,-4935,5769,11859,13524,14959,168,0.43,0.79,5760.70878,0.425961903,11822.46,0.79032422,-0.364362316
7800,-4935,5763,11868,13523,14971,433,0.43,0.79,5754.70745,0.425549615,11831.838,0.790317146,-0.364767531
7800,-4934,5764,11854,13523,14955,433,0.43,0.79,5755.70745,0.425623564,11817.334,0.790192845,-0.364569282
7800,-4933,5773,11864,13535,14964,433,0.43,0.79,5764.72341,0.425912332,11827.6175,0.790404805,-0.364492473
7800,-4932,5768,11865,13527,14964,433,0.43,0.79,5759.71277,0.425793803,11828.6175,0.790471632,-0.364677829
7800,-4935,5763,11865,13522,14967,433,0.43,0.79,5754.70612,0.425580988,11828.712,0.790319503,-0.364738515
7800,-4938,5759,11862,13517,14960,433,0.43,0.79,5750.69947,0.425441997,11825.4915,0.790474031,-0.365032034
7800,-4935,5766,11866,13526,14967,232,0.43,0.79,5757.71144,0.425677321,11829.712,0.790386317,-0.364708996
7800,-4939,5764,11864,13530,14963,-103,0.43,0.79,5755.71676,0.425404047,11827.586,0.790455524,-0.365051476
7800,-4933,5764,11861,13529,14970,-439,0.43,0.79,5755.71543,0.425435393,11824.8065,0.789900234,-0.364464841
7800,-4937,5765,11865,13526,14961,-775,0.43,0.79,5756.71144,0.425603389,11828.523,0.790623822,-0.365020433
7800,-4939,5760,11866,13522,14965,-910,0.43,0.79,5751.70612,0.425359127,11829.649,0.790487738,-0.365128611
7800,-4931,5768,11862,13531,14963,-910,0.43,0.79,5759.71809,0.425668324,11825.586,0.790321861,-0.364653537
7800,-4933,5769,11865,13535,14966,-910,0.43,0.79,5760.72341,0.425616802,11828.6805,0.790370206,-0.364753404
7800,-4934,5763,11861,13525,14967,-910,0.43,0.79,5754.71011,0.425486884,11824.712,0.790052248,-0.364565364
7800,-4933,5766,11861,13527,14967,-910,0.43,0.79,5757.71277,0.42564595,11824.712,0.790052248,-0.364406298
7800,-4938,5767,11866,13525,14966,-910,0.43,0.79,5758.71011,0.425782633,11829.6805,0.790437024,-0.364654391
7800,-4940,5762,11860,13529,14955,-1010,0.43,0.79,5753.71543,0.425287562,11823.334,0.790594049,-0.365306487
7800,-4935,5769,11854,13528,14960,-1177,0.43,0.79,5760.7141,0.425836347,11817.4915,0.789939271,-0.364102925
7800,-4931,5768,11860,13523,14964,-1345,0.43,0.79,5759.70745,0.425919356,11823.6175,0.790137497,-0.364218141
7800,-4936,5773,11864,13539,14970,-1513,0.43,0.79,5764.72873,0.425786892,11827.8065,0.790100635,-0.364313743
7800,-4936,5768,11856,13537,14961,-1580,0.43,0.79,5759.72607,0.425480245,11819.523,0.790022258,-0.364542013
7800,-4935,5767,11865,13537,14961,-1580,0.43,0.79,5758.72607,0.425406373,11828.523,0.790623822,-0.365217449
7800,-4934,5764,11861,13528,14959,-1580,0.43,0.79,5755.7141,0.425466743,11824.46,0.790457918,-0.364991175
7800,-4935,5769,11853,13534,14955,-1580,0.43,0.79,5760.72208,0.425648151,11816.334,0.790125978,-0.364477827
7800,-4934,5768,11866,13539,14965,-1580,0.43,0.79,5759.72873,0.425417588,11829.649,0.790487738,-0.36507015
7800,-4936,5766,11862,13528,14968,-1580,0.43,0.79,5757.7141,0.425614585,11825.7435,0.790068379,-0.364453795
7800,-4931,5769,11855,13530,14964,-1414,0.43,0.79,5760.71676,0.425773596,11818.6175,0.789803361,-0.364029765
7800,-4938,5767,11861,13526,14963,-1139,0.43,0.79,5758.71144,0.425751252,11824.586,0.790255029,-0.364503777
7800,-4937,5769,11860,13538,14961,-863,0.43,0.79,5760.7274,0.42552278,11823.523,0.79028962,-0.364766839
7800,-4936,5766,11872,13528,14974,-587,0.43,0.79,5757.7141,0.425614585,11835.9325,0.790432249,-0.364817665
7800,-4931,5766,11862,13530,14965,-477,0.43,0.79,5757.71676,0.425551867,11825.649,0.790220448,-0.364668581
7800,-4935,5766,11861,13527,14960,-477,0.43,0.79,5757.71277,0.42564595,11824.4915,0.790407186,-0.364761236
7800,-4934,5768,11865,13531,14968,-477,0.43,0.79,5759.71809,0.425668324,11828.7435,0.790268807,-0.364600483
7800,-4933,5768,11864,13531,14966,-477,0.43,0.79,5759.71809,0.425668324,11827.6805,0.790303388,-0.364635064
7800,-4931,5773,11865,13539,14974,-477,0.43,0.79,5764.72873,0.425786892,11828.9325,0.789964772,-0.36417788
7800,-4933,5768,11864,13534,14969,-477,0.43,0.79,5759.72208,0.425574263,11827.775,0.790151313,-0.364577049
7800,-4932,5766,11868,13529,14970,-542,0.43,0.79,5757.71543,0.425583223,11831.8065,0.790367836,-0.364784612
7800,-4931,5770,11857,13536,14963,-650,0.43,0.79,5761.72474,0.425659334,11820.586,0.789987703,-0.364328369
7800,-4932,5773,11861,13531,14966,-758,0.43,0.79,5764.71809,0.426037846,11824.6805,0.790102933,-0.364065088
7799,-4934,5769,11866,13536,14964,-866,0.43,0.79,5760.72474,0.425585457,11829.6175,0.790538459,-0.364953002
7799,-4935,5769,11863,13537,14969,-910,0.43,0.79,5760.72607,0.425554116,11826.775,0.790084508,-0.364530392
7800,-4935,5766,11868,13526,14970,-910,0.43,0.79,5757.71144,0.425677321,11831.8065,0.790367836,-0.364690515
7800,-4933,5764,11864,13525,14965,-910,0.43,0.79,5755.71011,0.425560821,11827.649,0.790354093,-0.364793271
7800,-4933,5761,11862,13520,14965,-910,0.43,0.79,5752.70346,0.425495818,11825.649,0.790220448,-0.36472463
7800,-4930,5772,11865,13540,14974,-910,0.43,0.79,5763.73006,0.425681688,11828.9325,0.789964772,-0.364283084
7800,-4934,5766,11860,13525,14964,-910,0.43,0.79,5757.71011,0.425708696,11823.6175,0.790137497,-0.364428801
7800,-4935,5763,11861,13527,14963,-774,0.43,0.79,5754.71277,0.425424172,11824.586,0.790255029,-0.364830857
7800,-4930,5769,11863,13530,14972,-547,0.43,0.79,5760.71676,0.425773596,11826.8695,0.789932507,-0.364158911
7800,-4935,5763,11862,13525,14960,-319,0.43,0.79,5754.71011,0.425486884,11825.4915,0.790474031,-0.364987146
7800,-4933,5765,11865,13528,14970,-92,0.43,0.79,5756.7141,0.425540664,11828.8065,0.790167435,-0.364626771
7800,-4934,5771,11864,13528,14967,0,0.43,0.79,5762.7141,0.425984188,11827.712,0.790252689,-0.364268501
7800,-4936,5775,11864,13542,14962,0,0.43,0.79,5766.73272,0.425840549,11827.5545,0.790506249,-0.3646657
7800,-4933,5767,11862,13534,14969,0,0.43,0.79,5758.72208,0.425500375,11825.775,0.790017703,-0.364517328
7800,-4934,5771,11876,13538,14978,0,0.43,0.79,5762.7274,0.425670513,11840.0585,0.790496628,-0.364826116
7800,-4935,5765,11865,13528,14964,0,0.43,0.79,5756.7141,0.425540664,11828.6175,0.790471632,-0.364930968
7800,-4940,5763,11857,13525,14962,0,0.43,0.79,5754.71011,0.425486884,11820.5545,0.790038397,-0.364551513
7800,-4935,5767,11864,13531,14962,-126,0.43,0.79,5758.71809,0.425594419,11827.5545,0.790506249,-0.36491183
7800,-4939,5760,11861,13528,14961,-335,0.43,0.79,5751.7141,0.42517106,11824.523,0.79035646,-0.3651854
7800,-4935,5770,11860,13531,14959,-543,0.43,0.79,5761.71809,0.425816133,11823.46,0.790391069,-0.364574936
7800,-4940,5765,11863,13531,14965,-752,0.43,0.79,5756.71809,0.425446611,11826.649,0.79028727,-0.36484066
7800,-4937,5764,11862,13528,14968,-834,0.43,0.79,5755.7141,0.425466743,11825.7435,0.790068379,-0.364601636
7800,-4939,5762,11858,13522,14959,-834,0.43,0.79,5753.70612,0.425507034,11821.46,0.79025737,-0.364750336
7801,-4934,5766,11864,13529,14965,-834,0.43,0.79,5757.71543,0.425583223,11827.649,0.790354093,-0.364770869
7801,-4938,5768,11863,13530,14962,-834,0.43,0.79,5759.71676,0.425699687,11826.5545,0.790439413,-0.364739727
7800,-4936,5762,11873,13530,14968,-834,0.43,0.79,5753.71676,0.425256228,11836.7435,0.79080328,-0.365547053
7800,-4935,5769,11862,13531,14969,-834,0.43,0.79,5760.71809,0.425742228,11825.775,0.790017703,-0.364275475
7800,-4934,5766,11860,13528,14962,-906,0.43,0.79,5757.7141,0.425614585,11823.5545,0.790238905,-0.364624321
7800,-4933,5766,11859,13535,14963,-1023,0.43,0.79,5757.72341,0.425395154,11822.586,0.790121366,-0.364726212
7800,-4934,5763,11862,13529,14972,-1141,0.43,0.79,5754.71543,0.425361478,11825.8695,0.789865716,-0.364504238
7800,-4937,5768,11861,13526,14965,-1259,0.43,0.79,5759.71144,0.425825184,11824.649,0.790153625,-0.364328441
7800,-4939,5762,11869,13526,14969,-1305,0.43,0.79,5753.71144,0.425381594,11832.775,0.790485336,-0.365103742
7800,-4936,5765,11862,13528,14963,-1305,0.43,0.79,5756.7141,0.425540664,11825.586,0.790321861,-0.364781197
7800,-4936,5767,11868,13533,14964,-1305,0.43,0.79,5758.72075,0.425531719,11831.6175,0.790672113,-0.365140394
7800,-4936,5765,11860,13529,14961,-1305,0.43,0.79,5756.71543,0.425509308,11823.523,0.79028962,-0.364780312
7800,-4927,5773,11862,13530,14964,-1305,0.43,0.79,5764.71676,0.426069236,11825.6175,0.790271151,-0.364201915
7800,-4937,5766,11864,13536,14967,-1305,0.43,0.79,5757.72474,0.425363825,11827.712,0.790252689,-0.364888864
7800,-4935,5771,11866,13530,14968,-1041,0.43,0.79,5762.71676,0.425921416,11829.7435,0.790335616,-0.3644142
7800,-4932,5773,11859,13537,14964,-606,0.43,0.79,5764.72607,0.425849603,11822.6175,0.79007067,-0.364221067
7800,-4932,5774,11860,13543,14959,-171,0.43,0.79,5765.73405,0.425735365,11823.46,0.790391069,-0.364655704
7800,-4932,5770,11863,13540,14965,263,0.43,0.79,5761.73006,0.425533978,11826.649,0.79028727,-0.364753292
7800,-4931,5765,11859,13526,14960,433,0.43,0.79,5756.71144,0.425603389,11822.4915,0.790273496,-0.364670107
7800,-4934,5768,11864,13538,14969,433,0.43,0.79,5759.7274,0.425448914,11827.775,0.790151313,-0.364702399
7800,-4935,5765,11864,13520,14969,433,0.43,0.79,5756.70346,0.425791676,11827.775,0.790151313,-0.364359637
7800,-4934,5769,11859,13528,14962,433,0.43,0.79,5760.7141,0.425836347,11822.5545,0.790172069,-0.364335722
7800,-4936,5767,11860,13533,14963,433,0.43,0.79,5758.72075,0.425531719,11823.586,0.790188198,-0.364656479
7800,-4936,5766,11858,13524,14959,433,0.43,0.79,5757.70878,0.425740075,11821.46,0.79025737,-0.364517295
7800,-4932,5773,11858,13538,14963,37,0.43,0.79,5764.7274,0.425818245,11821.586,0.790054535,-0.36423629
7800,-4935,5768,11862,13528,14971,-666,0.43,0.79,5759.7141,0.425762426,11825.838,0.789916372,-0.364153946
7800,-4934,5766,11858,13531,14957,-1370,0.43,0.79,5757.71809,0.425520515,11821.397,0.790358829,-0.364838314
7800,-4937,5759,11861,13522,14963,-2074,0.43,0.79,5750.70612,0.425285174,11824.586,0.790255029,-0.364969855
7800,-4936,5765,11854,13527,14961,-2382,0.43,0.79,5756.71277,0.425572024,11817.523,0.789888577,-0.364316553
7800,-4936,5765,11863,13527,14966,-2382,0.43,0.79,5756.71277,0.425572024,11826.6805,0.79023657,-0.364664545
7800,-4934,5767,11858,13535,14954,-2382,0.43,0.79,5758.72341,0.425469037,11821.3025,0.790511067,-0.365042031
7800,-4938,5764,11863,13529,14963,-2382,0.43,0.79,5755.71543,0.425435393,11826.586,0.790388692,-0.364953299
7800,-4934,5769,11866,13532,14968,-2382,0.43,0.79,5760.71942,0.425710865,11829.7435,0.790335616,-0.364624751
7800,-4933,5764,11860,13533,14965,-2382,0.43,0.79,5755.72075,0.425310038,11823.649,0.790086803,-0.364776764
7800,-4935,5765,11860,13532,14958,-2159,0.43,0.79,5756.71942,0.425415269,11823.4285,0.790441804,-0.365026535
7800,-4935,5764,11867,13530,14966,-1791,0.43,0.79,5755.71676,0.425404047,11830.6805,0.790503842,-0.365099795
7801,-4936,5766,11869,13529,14969,-1423,0.43,0.79,5757.71543,0.425583223,11832.775,0.790485336,-0.364902113
7801,-4938,5768,11859,13534,14963,-1055,0.43,0.79,5759.72208,0.425574263,11822.586,0.790121366,-0.364547103
7800,-4938,5762,11864,13519,14968,-910,0.43,0.79,5753.70213,0.425601164,11827.7435,0.790201998,-0.364600834
7800,-4935,5763,11872,13521,14976,-910,0.43,0.79,5754.70479,0.425612365,11835.9955,0.790330896,-0.364718531
7800,-4928,5768,11858,13522,14966,-910,0.43,0.79,5759.70612,0.425950756,11821.6805,0.789902479,-0.363951723
7800,-4936,5767,11859,13526,14960,-910,0.43,0.79,5758.71144,0.425751252,11822.4915,0.790273496,-0.364522244
7800,-4935,5766,11863,13537,14965,-910,0.43,0.79,5757.72607,0.425332501,11826.649,0.79028727,-0.364954769
7800,-4936,5765,11872,13531,14972,-910,0.43,0.79,5756.71809,0.425446611,11835.8695,0.790533629,-0.365087019
7800,-4937,5763,11868,13521,14970,-866,0.43,0.79,5754.70479,0.425612365,11831.8065,0.790367836,-0.36475547
7800,-4938,5763,11858,13524,14964,-758,0.43,0.79,5754.70878,0.425518248,11821.6175,0.790003843,-0.364485595
7800,-4937,5770,11863,13532,14962,-650,0.43,0.79,5761.71942,0.425784764,11826.5545,0.790439413,-0.36465465
7800,-4934,5764,11859,13522,14961,-542,0.43,0.79,5755.70612,0.425654942,11822.523,0.790222779,-0.364567838
7800,-4931,5770,11861,13525,14968,-477,0.43,0.79,5761.71011,0.426004444,11824.7435,0.79000157,-0.363997126
7800,-4936,5766,11866,13535,14971,-477,0.43,0.79,5757.72341,0.425395154,11829.838,0.790183555,-0.364788401
7800,-4941,5769,11860,13529,14962,-477,0.43,0.79,5760.71543,0.425804969,11823.5545,0.790238905,-0.364433936
7800,-4936,5764,11864,13535,14967,-477,0.43,0.79,5755.72341,0.425247389,11827.712,0.790252689,-0.3650053
