ECS,NSC,FA,FB,NA,NB,OM,FA/NA,FB/NB,FAprime,FAprime/NA,FBprime,FBprime/NA,NACprime
5905,-2535,7205,9486,13198,12972,-910,0.55,0.73,7196.2752,0.545254978,9386.8695,0.723625463,-0.178370485
5905,-2537,7191,9500,13178,12985,-910,0.55,0.73,7182.2486,0.545018106,9401.279,0.724010705,-0.178992599
5905,-2544,7191,9498,13177,12992,-910,0.55,0.73,7182.24727,0.545059366,9399.4995,0.723483644,-0.178424277
5905,-2546,7193,9503,13178,12987,-910,0.55,0.73,7184.2486,0.545169874,9404.342,0.724135058,-0.178965184
5905,-2545,7184,9498,13171,12989,-910,0.55,0.73,7175.23929,0.54477559,9399.405,0.723643468,-0.178867878
5905,-2549,7189,9500,13176,12990,-985,0.55,0.73,7180.24594,0.544948842,9401.4365,0.723744149,-0.178795308
5905,-2544,7189,9499,13171,12992,-1175,0.55,0.73,7180.23929,0.545155211,9400.4995,0.723560614,-0.178405403
5905,-2539,7195,9493,13180,12993,-1364,0.55,0.73,7186.25126,0.545239094,9394.531,0.723045563,-0.177806469
5905,-2537,7194,9495,13174,12991,-1554,0.55,0.73,7185.24328,0.545410906,9396.468,0.723305981,-0.177895075
5905,-2535,7193,9492,13171,12991,-1667,0.55,0.73,7184.23929,0.545458909,9393.468,0.723075052,-0.177616143
5904,-2532,7193,9486,13178,12986,-1667,0.55,0.73,7184.2486,0.545169874,9387.3105,0.722879293,-0.177709419
5905,-2534,7199,9496,13182,13000,-1667,0.55,0.73,7190.25392,0.545460015,9397.7515,0.722903962,-0.177443946
5905,-2529,7202,9497,13180,12998,-1667,0.55,0.73,7193.25126,0.545770202,9398.6885,0.723087283,-0.177317081
5905,-2531,7194,9494,13183,12992,-1667,0.55,0.73,7185.25525,0.545039464,9395.4995,0.723175762,-0.178136298
5905,-2531,7192,9498,13173,13000,-1668,0.55,0.73,7183.24195,0.545300383,9399.7515,0.723057808,-0.177757424
5905,-2536,7198,9489,13188,12986,-1600,0.55,0.73,7189.2619,0.545136632,9390.3105,0.723110311,-0.177973679
5905,-2536,7187,9492,13175,12986,-1434,0.55,0.73,7178.24461,0.544838301,9393.3105,0.723341329,-0.178503029
5905,-2541,7190,9497,13179,12989,-1267,0.55,0.73,7181.24993,0.544900974,9398.405,0.723566479,-0.178665506
5905,-2547,7187,9499,13183,12996,-1100,0.55,0.73,7178.25525,0.544508477,9400.6255,0.723347607,-0.17883913
5905,-2546,7188,9503,13182,12995,-1000,0.55,0.73,7179.25392,0.544625544,9404.594,0.723708657,-0.179083113
5905,-2550,7183,9506,13178,12993,-1000,0.55,0.73,7174.2486,0.544411034,9407.531,0.724046102,-0.179635068
5905,-2557,7188,9498,13182,12987,-1000,0.55,0.73,7179.25392,0.544625544,9399.342,0.723750058,-0.179124514
5905,-2559,7183,9500,13180,12983,-1000,0.54,0.73,7174.25126,0.544328624,9401.216,0.724117384,-0.179788761
5905,-2562,7177,9503,13177,12991,-1000,0.54,0.73,7168.24727,0.543996909,9404.468,0.723921792,-0.179924883
5905,-2561,7180,9508,13182,12992,-1000,0.54,0.73,7171.25392,0.544018656,9409.4995,0.724253348,-0.180234692
5905,-2564,7185,9503,13182,12988,-900,0.55,0.73,7176.25392,0.544397961,9404.3735,0.724081729,-0.179683768
5905,-2565,7181,9506,13180,12988,-651,0.54,0.73,7172.25126,0.544176879,9407.3735,0.724312712,-0.180135833
5905,-2567,7184,9503,13182,12981,-401,0.54,0.73,7175.25392,0.5443221,9404.153,0.724455204,-0.180133104
5905,-2560,7185,9499,13182,12980,-150,0.55,0.73,7176.25392,0.544397961,9400.1215,0.724200424,-0.179802463
5905,-2564,7182,9506,13176,12986,0,0.55,0.73,7173.24594,0.544417573,9407.3105,0.724419413,-0.18000184
5905,-2570,7179,9508,13179,12986,0,0.54,0.73,7170.24993,0.544066312,9409.3105,0.724573425,-0.180507113
5905,-2569,7181,9507,13179,12985,0,0.54,0.73,7172.24993,0.544218069,9408.279,0.724549788,-0.180331719
5905,-2565,7187,9505,13179,12987,0,0.55,0.73,7178.24993,0.544673339,9406.342,0.724289058,-0.17961572
5905,-2570,7175,9506,13177,12986,0,0.54,0.73,7166.24727,0.543845129,9407.3105,0.724419413,-0.180574284
5905,-2571,7180,9521,13180,12995,0,0.54,0.73,7171.25126,0.544101006,9422.594,0.725093805,-0.180992799
5905,-2569,7185,9513,13185,12991,-60,0.54,0.73,7176.25791,0.544274396,9414.468,0.724691556,-0.18041716
5905,-2567,7182,9507,13179,12982,-207,0.54,0.73,7173.24993,0.544293947,9408.1845,0.724709945,-0.180415997
5905,-2563,7181,9502,13177,12982,-354,0.54,0.73,7172.24727,0.544300468,9403.1845,0.724324796,-0.180024328
5905,-2557,7182,9504,13176,12984,-501,0.55,0.73,7173.24594,0.544417573,9405.2475,0.724372112,-0.179954539
5905,-2558,7184,9502,13177,12986,-589,0.55,0.73,7175.24727,0.544528138,9403.3105,0.724111389,-0.179583252
5905,-2550,7182,9506,13171,12992,-589,0.55,0.73,7173.23929,0.544623741,9407.4995,0.724099407,-0.179475667
5905,-2548,7192,9495,13181,12987,-589,0.55,0.73,7183.25259,0.544970229,9396.342,0.723519058,-0.178548828
5905,-2549,7198,9497,13191,12985,-589,0.55,0.73,7189.26589,0.545012955,9398.279,0.723779669,-0.178766714
5905,-2546,7187,9495,13179,12990,-589,0.55,0.73,7178.24993,0.544673339,9396.4365,0.723359238,-0.178685899
5905,-2546,7193,9497,13178,12986,-589,0.55,0.73,7184.2486,0.545169874,9398.3105,0.723726359,-0.178556485
5906,-2544,7188,9491,13180,12989,-730,0.55,0.73,7179.25126,0.544707986,9392.405,0.72310455,-0.178396564
5906,-2542,7187,9493,13180,12983,-1241,0.55,0.73,7178.25126,0.544632114,9394.216,0.723578218,-0.178946104
5906,-2544,7195,9493,13183,12993,-1752,0.55,0.73,7186.25525,0.545115319,9394.531,0.723045563,-0.177930244
5905,-2545,7189,9490,13186,12988,-2263,0.55,0.73,7180.25924,0.544536572,9391.3735,0.723080805,-0.178544233
5905,-2547,7186,9493,13174,12986,-2633,0.55,0.73,7177.24328,0.54480365,9394.3105,0.723418335,-0.178614686
5905,-2546,7187,9497,13178,12990,-2633,0.55,0.73,7178.2486,0.54471457,9398.4365,0.723513202,-0.178798633
5905,-2548,7182,9488,13174,12985,-2633,0.55,0.73,7173.24328,0.544500021,9389.279,0.723086561,-0.17858654
5905,-2546,7187,9491,13181,12981,-2633,0.55,0.73,7178.25259,0.544590895,9392.153,0.723530776,-0.178939881
5905,-2549,7190,9489,13190,12979,-2633,0.55,0.73,7181.26456,0.544447654,9390.09,0.723483319,-0.179035665
5905,-2545,7180,9494,13173,12988,-2633,0.55,0.73,7171.24195,0.544389429,9395.3735,0.723388782,-0.178999353
5905,-2551,7182,9498,13180,12987,-2501,0.54,0.73,7173.25126,0.544252751,9399.342,0.723750058,-0.179497307
5905,-2548,7189,9494,13190,12988,-1843,0.55,0.73,7180.26456,0.544371839,9395.3735,0.723388782,-0.179016943
5905,-2552,7186,9494,13182,12985,-1185,0.55,0.73,7177.25392,0.544473822,9395.279,0.723548633,-0.179074811
5905,-2557,7190,9500,13189,12992,-527,0.55,0.73,7181.26323,0.544488834,9401.4995,0.723637585,-0.179148751
5905,-2553,7189,9495,13182,12987,0,0.55,0.73,7180.25392,0.544701405,9396.342,0.723519058,-0.178817653
5905,-2548,7176,9496,13166,12981,0,0.55,0.73,7167.23264,0.544374346,9397.153,0.723915954,-0.179541608
5905,-2552,7184,9507,13181,12991,0,0.55,0.73,7175.25259,0.544363295,9408.468,0.724229697,-0.179866403
5905,-2563,7183,9503,13186,12992,0,0.54,0.73,7174.25924,0.544081544,9404.4995,0.723868496,-0.179786952
5905,-2558,7185,9501,13182,12983,0,0.55,0.73,7176.25392,0.544397961,9402.216,0.724194408,-0.179796447
5905,-2560,7183,9503,13179,12988,0,0.55,0.73,7174.24993,0.544369825,9404.3735,0.724081729,-0.179711904
5905,-2556,7182,9505,13166,12990,0,0.55,0.73,7173.23264,0.544830065,9406.4365,0.724129061,-0.179298995
5905,-2562,7184,9503,13178,12989,0,0.55,0.73,7175.2486,0.544486918,9404.405,0.724028409,-0.179541491
5905,-2558,7184,9501,13183,12984,0,0.54,0.73,7175.25525,0.544280911,9402.2475,0.724141058,-0.179860147
5905,-2557,7185,9506,13184,12991,0,0.54,0.73,7176.25658,0.544315578,9407.468,0.724152721,-0.179837143
5905,-2560,7186,9497,13179,12992,0,0.55,0.73,7177.24993,0.54459746,9398.4995,0.723406673,-0.178809213
5905,-2558,7187,9499,13184,12988,0,0.55,0.73,7178.25658,0.544467277,9400.3735,0.723773753,-0.179306476
5905,-2557,7186,9504,13174,12991,0,0.55,0.73,7177.24328,0.54480365,9405.468,0.723998768,-0.179195119
5905,-2556,7189,9500,13181,12986,0,0.55,0.73,7180.25259,0.544742629,9401.3105,0.723957377,-0.179214748
5905,-2558,7185,9507,13185,12992,0,0.54,0.73,7176.25791,0.544274396,9408.4995,0.724176378,-0.179901982
5905,-2555,7187,9495,13180,12985,0,0.55,0.73,7178.25126,0.544632114,9396.279,0.723625645,-0.178993531
5905,-2558,7184,9502,13181,12986,0,0.55,0.73,7175.25259,0.544363295,9403.3105,0.724111389,-0.179748094
5905,-2559,7187,9513,13185,12998,-111,0.55,0.73,7178.25791,0.544426083,9414.6885,0.724318241,-0.179892158
5905,-2562,7181,9507,13177,12993,-667,0.54,0.73,7172.24727,0.544300468,9408.531,0.724123066,-0.179822598
5905,-2563,7183,9508,13178,12986,-1223,0.55,0.73,7174.2486,0.544411034,9409.3105,0.724573425,-0.180162392
5905,-2561,7186,9504,13179,12986,-1778,0.55,0.73,7177.24993,0.54459746,9405.3105,0.724265401,-0.179667941
5905,-2560,7188,9508,13184,12991,-2223,0.55,0.73,7179.25658,0.544543127,9409.468,0.724306674,-0.179763547
5906,-2555,7185,9512,13178,12993,-2223,0.55,0.73,7176.2486,0.544562802,9413.531,0.724507889,-0.179945087
5905,-2554,7188,9499,13181,12989,-2223,0.55,0.73,7179.25259,0.544666762,9400.405,0.723720456,-0.179053694
5905,-2551,7190,9505,13178,12995,-2223,0.55,0.73,7181.2486,0.544942222,9406.594,0.723862563,-0.178920341
5905,-2543,7190,9494,13173,12997,-2223,0.55,0.73,7181.24195,0.545148558,9395.657,0.722909671,-0.177761114
5905,-2544,7192,9500,13181,12996,-2195,0.55,0.73,7183.25259,0.544970229,9401.6255,0.723424554,-0.178454325
5905,-2538,7187,9489,13170,12981,-2056,0.55,0.73,7178.23796,0.545044644,9390.153,0.723376704,-0.178332061
5905,-2541,7194,9502,13185,12994,-1917,0.55,0.73,7185.25791,0.54495699,9403.5625,0.72368497,-0.17872798
5906,-2543,7195,9489,13180,12981,-1779,0.55,0.73,7186.25126,0.545239094,9390.153,0.723376704,-0.17813761
5905,-2543,7190,9497,13180,12992,-1667,0.55,0.73,7181.25126,0.544859731,9398.4995,0.723406673,-0.178546942
5905,-2547,7190,9498,13173,12987,-1667,0.55,0.73,7181.24195,0.545148558,9399.342,0.723750058,-0.1786015
5905,-2549,7193,9505,13183,13001,-1667,0.55,0.73,7184.25525,0.544963608,9406.783,0.723543035,-0.178579427
5905,-2542,7193,9500,13182,12988,-1667,0.55,0.73,7184.25392,0.545004849,9401.3735,0.723850747,-0.178845898
5905,-2550,7191,9503,13177,12988,-1667,0.55,0.73,7182.24727,0.545059366,9404.3735,0.724081729,-0.179022363
5905,-2551,7193,9505,13188,12998,-1668,0.55,0.73,7184.2619,0.544757499,9406.6885,0.723702762,-0.178945263
5905,-2547,7190,9505,13176,12993,-1668,0.55,0.73,7181.24594,0.545024737,9406.531,0.723969137,-0.1789444
5905,-2551,7195,9502,13186,12994,-1668,0.55,0.73,7186.25924,0.5449916,9403.5625,0.72368497,-0.17869337
5905,-2548,7193,9505,13189,12999,-1668,0.55,0.73,7184.26323,0.544716296,9406.72,0.723649512,-0.178933215
5905,-2551,7192,9496,13183,12987,-1667,0.55,0.73,7183.25525,0.544887753,9397.342,0.723596058,-0.178708304
5905,-2555,7194,9499,13188,12979,-1667,0.55,0.73,7185.2619,0.544833326,9400.09,0.724253795,-0.179420469
5905,-2542,7194,9495,13175,12989,-1667,0.55,0.73,7185.24461,0.54536961,9396.405,0.723412503,-0.178042893
5905,-2544,7198,9500,13177,12983,-1668,0.55,0.73,7189.24727,0.545590595,9401.216,0.724117384,-0.178526789
5905,-2544,7193,9500,13177,12989,-1667,0.55,0.73,7184.24727,0.545211146,9401.405,0.723797444,-0.178586298
5905,-2541,7191,9493,13171,12985,-1667,0.55,0.73,7182.23929,0.54530706,9394.279,0.723471621,-0.178164561
5905,-2537,7197,9499,13173,12991,-1667,0.55,0.73,7188.24195,0.545679948,9400.468,0.723613887,-0.177933939
5905,-2541,7198,9496,13179,12992,-1644,0.55,0.73,7189.24993,0.545508,9397.4995,0.723329703,-0.177821703
5905,-2539,7194,9497,13182,12983,-1527,0.55,0.73,7185.25392,0.54508071,9398.216,0.723886313,-0.178805603
5906,-2538,7199,9496,13183,12990,-1411,0.55,0.73,7190.25525,0.54541874,9397.4365,0.72343622,-0.17801748
5906,-2546,7192,9504,13185,12998,-1294,0.55,0.73,7183.25791,0.544805302,9405.6885,0.723625827,-0.178820525
5905,-2545,7193,9501,13178,12989,-1201,0.55,0.73,7184.2486,0.545169874,9402.405,0.723874432,-0.178704558
5905,-2547,7192,9502,13185,12989,-1201,0.55,0.73,7183.25791,0.544805302,9403.405,0.72395142,-0.179146118
5905,-2553,7193,9497,13189,12988,-1201,0.55,0.73,7184.26323,0.544716296,9398.3735,0.723619764,-0.178903468
5905,-2551,7188,9498,13181,12990,-1201,0.55,0.73,7179.25259,0.544666762,9399.4365,0.723590185,-0.178923423
5905,-2551,7184,9505,13187,12999,-1201,0.54,0.73,7175.26057,0.544116218,9406.72,0.723649512,-0.179533293
5905,-2550,7186,9498,13184,12988,-1201,0.55,0.73,7177.25658,0.544391427,9399.3735,0.723696759,-0.179305331
5905,-2549,7192,9498,13182,12991,-1163,0.55,0.73,7183.25392,0.544928988,9399.468,0.72353691,-0.178607922
5905,-2545,7186,9494,13176,12992,-971,0.55,0.73,7177.24594,0.544721155,9395.4995,0.723175762,-0.178454607
5905,-2543,7193,9497,13183,12994,-780,0.55,0.73,7184.25525,0.544963608,9398.5625,0.723300177,-0.178336569
5905,-2543,7184,9494,13172,12988,-588,0.55,0.73,7175.24062,0.544734332,9395.3735,0.723388782,-0.17865445
5905,-2541,7192,9493,13181,12993,-435,0.55,0.73,7183.25259,0.544970229,9394.531,0.723045563,-0.178075334
5905,-2537,7194,9494,13183,12992,-435,0.55,0.73,7185.25525,0.545039464,9395.4995,0.723175762,-0.178136298
5906,-2542,7198,9500,13190,12996,-435,0.55,0.73,7189.26456,0.545054174,9401.6255,0.723424554,-0.178370379
5906,-2540,7191,9482,13180,12980,-435,0.55,0.73,7182.25126,0.544935604,9383.1215,0.722890716,-0.177955113
5906,-2538,7190,9488,13175,12989,-435,0.55,0.73,7181.24461,0.545066005,9389.405,0.722873585,-0.177807581
5905,-2538,7188,9495,13171,12995,-435,0.55,0.73,7179.23929,0.545079287,9396.594,0.723093036,-0.178013749
5905,-2539,7187,9492,13170,12989,-401,0.55,0.73,7178.23796,0.545044644,9393.405,0.723181538,-0.178136894
5905,-2542,7196,9490,13186,12990,-200,0.55,0.73,7187.25924,0.545067438,9391.4365,0.722974326,-0.177906888
5905,-2541,7185,9496,13176,12993,0,0.55,0.73,7176.24594,0.54464526,9397.531,0.723276457,-0.178631197
5905,-2541,7186,9499,13178,12993,201,0.55,0.73,7177.2486,0.544638686,9400.531,0.72350735,-0.178868664
5905,-2545,7186,9500,13179,12995,369,0.55,0.73,7177.24993,0.54459746,9401.594,0.723477799,-0.178880339
5905,-2552,7189,9501,13184,12992,369,0.55,0.73,7180.25658,0.544618976,9402.4995,0.723714555,-0.179095579
5905,-2551,7186,9508,13178,12996,369,0.55,0.73,7177.2486,0.544638686,9409.6255,0.724040128,-0.179401442
5905,-2555,7188,9512,13180,12998,369,0.55,0.73,7179.25126,0.544707986,9413.6885,0.724241306,-0.17953332
5905,-2555,7188,9507,13178,12990,369,0.55,0.73,7179.2486,0.544790454,9408.4365,0.724283025,-0.179492572
5905,-2564,7182,9513,13175,12992,369,0.55,0.73,7173.24461,0.544458794,9414.4995,0.7246382,-0.180179407
5906,-2562,7183,9504,13178,12987,322,0.55,0.73,7174.2486,0.544411034,9405.342,0.724212058,-0.179801025
5906,-2563,7187,9511,13189,12988,98,0.54,0.73,7178.26323,0.544261372,9412.3735,0.724697682,-0.180436311
5905,-2567,7184,9506,13185,12988,-125,0.54,0.73,7175.25791,0.544198552,9407.3735,0.724312712,-0.18011416
5905,-2563,7180,9503,13181,12985,-349,0.54,0.73,7171.25259,0.544059828,9404.279,0.72424174,-0.180181913
5905,-2561,7185,9505,13184,12993,-527,0.54,0.73,7176.25658,0.544315578,9406.531,0.723969137,-0.179653559
5905,-2558,7187,9511,13187,12993,-527,0.55,0.73,7178.26057,0.544343715,9412.531,0.724430924,-0.180087209
5905,-2561,7187,9509,13186,12998,-527,0.55,0.73,7178.25924,0.544384896,9410.6885,0.724010502,-0.179625606
5905,-2556,7189,9512,13183,12997,-527,0.55,0.73,7180.25525,0.544660187,9413.657,0.724294606,-0.179634419
5905,-2555,7186,9502,13180,12995,-527,0.55,0.73,7177.25126,0.544556241,9403.594,0.723631705,-0.179075463
5905,-2558,7187,9502,13182,12988,-527,0.55,0.73,7178.25392,0.544549683,9403.3735,0.724004735,-0.179455052
5905,-2556,7188,9508,13184,12993,-547,0.55,0.73,7179.25658,0.544543127,9409.531,0.724200031,-0.179656904
5906,-2562,7173,9503,13178,12995,-642,0.54,0.73,7164.2486,0.543652193,9404.594,0.723708657,-0.180056464
5906,-2567,7170,9508,13177,12991,-738,0.54,0.73,7161.24727,0.54346568,9409.468,0.724306674,-0.180840993
5906,-2565,7178,9511,13179,12993,-834,0.54,0.73,7169.24993,0.543990434,9412.531,0.724430924,-0.18044049
5905,-2568,7173,9505,13174,12993,-909,0.54,0.73,7164.24328,0.543816857,9406.531,0.723969137,-0.18015228
5905,-2567,7173,9507,13177,12988,-910,0.54,0.73,7164.24727,0.54369335,9408.3735,0.724389706,-0.180696356
5905,-2577,7174,9511,13180,12993,-910,0.54,0.73,7165.25126,0.543645771,9412.531,0.724430924,-0.180785153
5905,-2575,7176,9507,13187,12980,-910,0.54,0.73,7167.26057,0.54350956,9408.1215,0.724816757,-0.181307196
5905,-2569,7178,9511,13187,12992,-910,0.54,0.73,7169.26057,0.543661225,9412.4995,0.72448426,-0.180823035
5905,-2567,7209,9506,13243,12983,-910,0.54,0.73,7200.33505,0.543708756,9407.216,0.724579527,-0.180870772
5905,-2569,7176,9520,13178,13001,-914,0.54,0.73,7167.2486,0.543879845,9421.783,0.724696793,-0.180816947
5903,-2575,7174,9511,13172,12982,-937,0.54,0.73,7165.24062,0.543975146,9412.1845,0.725018063,-0.181042918
5897,-2490,7271,9432,13173,12967,-960,0.55,0.73,7262.24195,0.551297499,9332.712,0.719727925,-0.168430426
5883,-2196,7464,9254,13173,12941,-982,0.57,0.72,7455.24195,0.565948679,9153.893,0.707355923,-0.141407244
5859,-2032,7407,9222,13180,12909,-1000,0.56,0.71,7398.25126,0.561324071,9120.885,0.706552405,-0.145228334
5826,-2307,7238,9331,13167,12878,-1000,0.55,0.72,7229.23397,0.549041845,9228.9085,0.716641443,-0.167599598
5786,-2302,7365,9216,13154,12834,-1000,0.56,0.72,7356.21668,0.559238002,9112.5225,0.710029804,-0.150791802
5740,-2087,7397,9097,13151,12789,-1000,0.56,0.71,7388.21269,0.561798547,8992.105,0.70311244,-0.141313893
5693,-2076,7373,9057,13136,12742,-1000,0.56,0.71,7364.19274,0.560611506,8950.6245,0.702450518,-0.141839012
5645,-1997,7413,8953,13136,12701,-1000,0.56,0.7,7404.19274,0.563656573,8845.333,0.696428077,-0.132771504
5599,-1919,7391,8885,13107,12669,-1018,0.56,0.7,7382.15417,0.563222261,8776.325,0.692740153,-0.129517893
5555,-1892,7386,8817,13084,12609,-1125,0.56,0.7,7377.12358,0.563827849,8706.435,0.690493695,-0.126665846
5515,-1836,7409,8759,13061,12571,-1232,0.57,0.7,7400.09299,0.566579358,8647.238,0.687871927,-0.12129257
5479,-1773,7416,8694,13046,12527,-1339,0.57,0.69,7407.07304,0.567765832,8580.852,0.684988585,-0.117222753
5446,-1757,7379,8651,13018,12489,-1429,0.57,0.69,7370.0358,0.566141942,8536.655,0.68353391,-0.117391968
5416,-1765,7354,8623,13002,12462,-1429,0.57,0.69,7345.01452,0.564914207,8507.8045,0.682699767,-0.11778556
5388,-1759,7352,8595,12978,12429,-1429,0.57,0.69,7342.9826,0.565802327,8478.765,0.682175959,-0.116373632
5363,-1751,7347,8578,12958,12396,-1429,0.57,0.69,7337.956,0.566287699,8460.7255,0.682536746,-0.116249047
5340,-1736,7337,8545,12940,12367,-1429,0.57,0.69,7327.93206,0.566300777,8426.812,0.681395003,-0.115094225
5319,-1735,7323,8525,12924,12340,-1429,0.57,0.69,7313.91078,0.565916959,8405.9615,0.681196232,-0.115279273
5298,-1742,7303,8502,12907,12312,-1430,0.57,0.69,7293.88817,0.565111038,8382.0795,0.680805677,-0.115694639
5279,-1742,7285,8468,12885,12276,-1300,0.57,0.69,7275.85891,0.564676671,8346.9455,0.679940168,-0.115263496
5261,-1734,7275,8453,12862,12270,-1170,0.57,0.69,7265.82832,0.564906571,8331.7565,0.67903476,-0.114128188
5244,-1706,7282,8425,12839,12239,-1040,0.57,0.69,7272.79773,0.566461386,8302.78,0.678387123,-0.111925738
5228,-1669,7305,8386,12829,12213,-910,0.57,0.69,7295.78443,0.56869471,8262.961,0.676570949,-0.107876239
5212,-1620,7318,8355,12800,12194,-910,0.57,0.69,7308.74586,0.57099577,8231.3625,0.675033828,-0.104038058
5197,-1575,7331,8318,12784,12158,-910,0.57,0.68,7321.72458,0.57272564,8193.2285,0.673896077,-0.101170437
5182,-1539,7335,8295,12764,12145,-910,0.57,0.68,7325.69798,0.573934345,8169.819,0.672689914,-0.098755569
5168,-1523,7331,8266,12752,12113,-910,0.57,0.68,7321.68202,0.574159506,8139.811,0.671989681,-0.097830175
5155,-1513,7313,8245,12729,12098,-910,0.57,0.68,7303.65143,0.573780456,8118.3385,0.671047983,-0.097267527
5143,-1514,7304,8229,12722,12080,-910,0.57,0.68,7294.64212,0.573387999,8101.7715,0.670676449,-0.09728845
5131,-1521,7282,8223,12701,12066,-682,0.57,0.68,7272.61419,0.5726017,8095.3305,0.670920811,-0.098319111
5120,-1531,7265,8211,12683,12048,-455,0.57,0.68,7255.59025,0.572072085,8082.7635,0.670880105,-0.09880802
5110,-1538,7260,8198,12680,12027,-228,0.57,0.68,7250.58626,0.571812797,8069.102,0.670915607,-0.09910281
5101,-1538,7246,8187,12662,12013,0,0.57,0.68,7236.56232,0.571518111,8057.661,0.670745109,-0.099226999
5092,-1544,7243,8180,12653,11999,0,0.57,0.68,7233.55035,0.571686584,8050.22,0.670907576,-0.099220991
5084,-1542,7238,8171,12638,11987,0,0.57,0.68,7228.5304,0.571967906,8040.842,0.670796863,-0.098828957
5076,-1534,7240,8169,12627,11981,0,0.57,0.68,7230.51577,0.572623408,8038.653,0.670950088,-0.09832668
5068,-1524,7233,8148,12614,11960,0,0.57,0.68,7223.49848,0.572657244,8016.9915,0.670317015,-0.097659771
5061,-1522,7240,8141,12609,11947,0,0.57,0.68,7230.49183,0.573438959,8009.582,0.670426216,-0.096987257
5054,-1509,7240,8137,12594,11943,0,0.57,0.68,7230.47188,0.574120365,8005.456,0.670305283,-0.096184918
5048,-1502,7240,8126,12587,11929,-109,0.58,0.68,7230.46257,0.574438911,7994.015,0.670132869,-0.095693959
5042,-1493,7238,8109,12576,11913,-218,0.58,0.68,7228.44794,0.574781166,7976.511,0.669563586,-0.09478242
5036,-1485,7240,8104,12565,11907,-326,0.58,0.68,7230.43331,0.575442365,7971.322,0.669465189,-0.094022824
5031,-1479,7241,8099,12567,11898,-435,0.58,0.68,7231.43597,0.57543057,7966.0385,0.669527526,-0.094096956
5026,-1464,7243,8085,12564,11889,-435,0.58,0.68,7233.43198,0.575726837,7951.755,0.668832955,-0.093106118
5021,-1462,7238,8079,12544,11885,-435,0.58,0.68,7228.40538,0.576244051,7945.629,0.668542617,-0.092298565
5017,-1459,7240,8072,12543,11874,-435,0.58,0.68,7230.40405,0.576449338,7938.2825,0.668543246,-0.092093907
5013,-1455,7239,8061,12536,11862,-435,0.58,0.68,7229.39474,0.57669071,7926.9045,0.668260369,-0.091569659
5009,-1451,7234,8061,12522,11855,-435,0.58,0.68,7224.37612,0.576934685,7926.684,0.668636356,-0.091701671
5005,-1446,7231,8063,12520,11863,-435,0.58,0.68,7221.37346,0.576787018,7928.936,0.668375284,-0.091588267
5002,-1446,7234,8047,12524,11846,-326,0.58,0.68,7224.37878,0.576842764,7912.4005,0.667938587,-0.091095823
4998,-1442,7235,8046,12514,11843,-218,0.58,0.68,7225.36548,0.57738257,7911.306,0.668015368,-0.090632798
4995,-1446,7230,8040,12515,11835,-109,0.58,0.68,7220.36681,0.57693702,7905.054,0.667938657,-0.091001636
4993,-1444,7225,8033,12503,11828,0,0.58,0.68,7215.35085,0.577089567,7897.8335,0.667723495,-0.090633929
4990,-1443,7217,8034,12503,11828,0,0.58,0.68,7207.35085,0.57644972,7898.8335,0.66780804,-0.09135832
4987,-1445,7212,8029,12487,11823,0,0.58,0.68,7202.32957,0.576786223,7893.676,0.667654233,-0.09086801
4985,-1444,7216,8027,12492,11819,0,0.58,0.68,7206.33622,0.576876098,7891.55,0.667700313,-0.090824215
4983,-1439,7217,8022,12490,11815,0,0.58,0.68,7207.33356,0.577048323,7886.424,0.66749251,-0.090444186
4981,-1437,7214,8019,12491,11809,0,0.58,0.68,7204.33489,0.57676206,7883.235,0.667561606,-0.090799546
4979,-1437,7218,8014,12489,11810,0,0.58,0.68,7208.33223,0.577174492,7878.2665,0.667084378,-0.089909886
4977,-1440,7215,8015,12487,11802,-278,0.58,0.68,7205.32957,0.577026473,7879.0145,0.667599941,-0.090573468
4976,-1440,7213,8015,12486,11803,-556,0.58,0.68,7203.32824,0.576912401,7879.046,0.667546048,-0.090633647
4974,-1440,7207,8011,12478,11800,-834,0.58,0.68,7197.3176,0.576800577,7874.9515,0.667368771,-0.090568194
4973,-1437,7206,8008,12471,11798,-1112,0.58,0.68,7196.30829,0.577043404,7871.8885,0.667222283,-0.09017888
4971,-1433,7204,8007,12469,11797,-1112,0.58,0.68,7194.30563,0.576975349,7870.857,0.667191405,-0.090216055
4970,-1442,7205,8007,12471,11788,-1112,0.58,0.68,7195.30829,0.576963218,7870.5735,0.667676748,-0.09071353
4969,-1443,7200,7998,12465,11784,-1112,0.58,0.68,7190.30031,0.576839174,7861.4475,0.667128946,-0.090289772
4968,-1437,7206,8002,12472,11791,-1112,0.58,0.68,7196.30962,0.576997243,7865.668,0.667090832,-0.090093589
4966,-1441,7199,8001,12469,11786,-1112,0.58,0.68,7189.30563,0.576574355,7864.5105,0.667275624,-0.090701269
4965,-1431,7201,8002,12459,11785,-1112,0.58,0.68,7191.29233,0.577196591,7865.479,0.667414425,-0.090217834
4964,-1438,7197,8003,12459,11790,-953,0.58,0.68,7187.29233,0.576875538,7866.6365,0.667229559,-0.090354021
4964,-1438,7199,8000,12463,11782,-794,0.58,0.68,7189.29765,0.576851292,7863.3845,0.667406595,-0.090555303
4963,-1437,7200,7998,12460,11780,-635,0.58,0.68,7190.29366,0.577070117,7861.3215,0.667344779,-0.090274662
4962,-1438,7196,7998,12460,11779,-477,0.58,0.68,7186.29366,0.57674909,7861.29,0.667398761,-0.090649671
4962,-1441,7196,7996,12461,11775,-477,0.58,0.68,7186.29499,0.576702912,7859.164,0.667444926,-0.090742013
4961,-1439,7193,7993,12457,11777,-477,0.58,0.68,7183.28967,0.576646839,7856.227,0.667082194,-0.090435355
4961,-1434,7197,8001,12450,11778,-477,0.58,0.68,7187.28036,0.577291595,7864.2585,0.667707463,-0.090415868
4961,-1440,7198,7998,12458,11777,-477,0.58,0.68,7188.291,0.577002007,7861.227,0.66750675,-0.090504744
4960,-1440,7193,7996,12455,11778,-477,0.58,0.68,7183.28701,0.576739222,7859.2585,0.667282943,-0.090543721
4960,-1438,7194,7997,12464,11778,-477,0.58,0.68,7184.29898,0.576403962,7860.2585,0.667367847,-0.090963885
4959,-1440,7191,7988,12455,11772,-466,0.58,0.68,7181.28701,0.576578644,7851.0695,0.666927413,-0.090348769
4959,-1438,7192,7996,12455,11783,-456,0.58,0.68,7182.28701,0.576658933,7859.416,0.667013155,-0.090354222
4959,-1435,7194,7993,12458,11774,-445,0.58,0.68,7184.291,0.576680928,7856.1325,0.66724414,-0.090563212
4959,-1436,7200,7991,12453,11773,-435,0.58,0.68,7190.28435,0.577393748,7854.101,0.66712826,-0.089734511
4959,-1434,7197,7989,12454,11766,-435,0.58,0.68,7187.28568,0.577106607,7851.8805,0.667336435,-0.090229829
4958,-1435,7196,7995,12452,11772,-435,0.58,0.68,7186.28302,0.577118778,7858.0695,0.667522044,-0.090403266
4958,-1437,7194,7994,12454,11775,-435,0.58,0.68,7184.28568,0.57686572,7857.164,0.667275074,-0.090409354
4958,-1438,7197,7993,12455,11771,-435,0.58,0.68,7187.28701,0.577060378,7856.038,0.667406168,-0.09034579
4958,-1436,7191,7988,12455,11771,-435,0.58,0.68,7181.28701,0.576578644,7851.038,0.666981395,-0.090402751
4958,-1440,7188,7986,12453,11769,-435,0.58,0.68,7178.28435,0.576430125,7848.975,0.666919449,-0.090489324
4958,-1436,7193,7989,12456,11770,-915,0.58,0.68,7183.28834,0.576693027,7852.0065,0.667120348,-0.090427322
4958,-1436,7192,7990,12454,11769,-1402,0.58,0.68,7182.28568,0.576705129,7852.975,0.667259325,-0.090554196
4958,-1437,7193,7988,12455,11775,-1888,0.58,0.68,7183.28701,0.576739222,7851.164,0.66676552,-0.090026298
4958,-1431,7193,7997,12451,11778,-2375,0.58,0.68,7183.28169,0.576924078,7860.2585,0.667367847,-0.090443769
4958,-1441,7193,8002,12457,11780,-2382,0.58,0.68,7183.28967,0.576646839,7865.3215,0.667684338,-0.091037499
4958,-1441,7199,7994,12460,11777,-2382,0.58,0.68,7189.29366,0.57698986,7857.227,0.667167105,-0.090177245
4958,-1437,7191,8000,12453,11783,-2382,0.58,0.68,7181.28435,0.576671031,7863.416,0.667352627,-0.090681596
4959,-1440,7192,7992,12455,11773,-2382,0.58,0.68,7182.28701,0.576658933,7855.101,0.6672132,-0.090554267
4959,-1442,7196,7993,12450,11776,-2382,0.58,0.68,7186.28036,0.577211274,7856.1955,0.667136167,-0.089924893
4959,-1441,7194,7994,12459,11771,-2382,0.58,0.68,7184.29233,0.576634748,7857.038,0.667491122,-0.090856374
4959,-1436,7198,7991,12454,11772,-2221,0.58,0.68,7188.28568,0.577186902,7854.0695,0.667182255,-0.089995352
4959,-1439,7195,7989,12453,11772,-2021,0.58,0.68,7185.28435,0.576992239,7852.0695,0.66701236,-0.090020121
4959,-1436,7202,7997,12458,11778,-1820,0.58,0.68,7192.291,0.577323086,7860.2585,0.667367847,-0.090044761
4959,-1434,7199,7989,12459,11773,-1620,0.58,0.68,7189.29233,0.577036065,7852.101,0.666958379,-0.089922315
4959,-1435,7199,7999,12462,11780,-1580,0.58,0.68,7189.29632,0.576897474,7862.3215,0.667429669,-0.090532195
4959,-1441,7192,7995,12457,11775,-1580,0.58,0.68,7182.28967,0.576566563,7858.164,0.66736,-0.090793437
4960,-1438,7194,7995,12454,11778,-1580,0.58,0.68,7184.28568,0.57686572,7858.2585,0.667198039,-0.090332318
4960,-1440,7194,7996,12457,11777,-1580,0.58,0.68,7184.28967,0.576727115,7859.227,0.667336928,-0.090609813
4960,-1437,7199,7996,12453,11778,-1580,0.58,0.68,7189.28435,0.577313447,7859.2585,0.667282943,-0.089969496
4961,-1436,7192,7998,12452,11781,-1580,0.58,0.68,7182.28302,0.576797544,7861.353,0.667290807,-0.090493263
4961,-1430,7196,8001,12452,11783,-1177,0.58,0.68,7186.28302,0.577118778,7864.416,0.667437495,-0.090318717
4961,-1433,7197,7985,12458,11775,-673,0.58,0.68,7187.291,0.576921737,7848.164,0.666510743,-0.089589006
4961,-1441,7196,7996,12458,11776,-170,0.58,0.68,7186.291,0.576841467,7859.1955,0.667390922,-0.090549455
4961,-1439,7193,7994,12457,11775,333,0.58,0.68,7183.28967,0.576646839,7857.164,0.667275074,-0.090628236
4961,-1444,7196,8000,12458,11781,433,0.58,0.68,7186.291,0.576841467,7863.353,0.667460572,-0.090619105
4961,-1438,7202,7999,12465,11783,433,0.58,0.68,7192.30031,0.576999624,7862.416,0.667267759,-0.090268135
4961,-1439,7194,8000,12460,11783,433,0.58,0.68,7184.29366,0.576588576,7863.416,0.667352627,-0.09076405
4962,-1440,7195,8001,12460,11786,433,0.58,0.68,7185.29366,0.576668833,7864.5105,0.667275624,-0.090606791
4962,-1438,7201,7997,12465,11783,433,0.58,0.68,7191.30031,0.576919399,7860.416,0.667098023,-0.090178623
4963,-1436,7202,7992,12469,11778,433,0.58,0.68,7192.30563,0.576814951,7855.2585,0.666943327,-0.090128375
4963,-1436,7196,8005,12459,11783,346,0.58,0.68,7186.29233,0.576795275,7868.416,0.667776967,-0.090981692
4963,-1438,7202,8004,12462,11790,238,0.58,0.68,7192.29632,0.577138206,7867.6365,0.667314377,-0.090176171
4963,-1434,7204,7999,12465,11783,129,0.58,0.68,7194.30031,0.577160073,7862.416,0.667267759,-0.090107686
4964,-1438,7195,8001,12461,11786,20,0.58,0.68,7185.29499,0.576622662,7864.5105,0.667275624,-0.090652962
4964,-1434,7200,8005,12465,11789,0,0.58,0.68,7190.30031,0.576839174,7868.605,0.667453134,-0.09061396
4964,-1436,7199,8005,12458,11795,0,0.58,0.68,7189.291,0.577082276,7868.794,0.667129631,-0.090047355
4964,-1440,7202,8002,12462,11783,0,0.58,0.68,7192.29632,0.577138206,7865.416,0.667522363,-0.090384157
4964,-1439,7196,8002,12464,11787,0,0.58,0.68,7186.29898,0.576564424,7865.542,0.667306524,-0.0907421
4964,-1441,7204,8003,12468,11789,0,0.58,0.68,7194.3043,0.577021519,7866.605,0.667283485,-0.090261966
4965,-1438,7206,8006,12463,11791,0,0.58,0.68,7196.29765,0.577412954,7869.668,0.667430074,-0.090017119
4965,-1436,7197,7998,12461,11785,0,0.58,0.68,7187.29499,0.576783163,7861.479,0.667075011,-0.090291848
4966,-1436,7204,8000,12462,11782,-79,0.58,0.68,7194.29632,0.577298694,7863.3845,0.667406595,-0.090107901
4966,-1434,7206,8001,12471,11792,-211,0.58,0.68,7196.30829,0.577043404,7864.6995,0.666952129,-0.089908725
4966,-1437,7205,8001,12465,11786,-342,0.58,0.68,7195.30031,0.577240298,7864.5105,0.667275624,-0.090035326
4966,-1437,7204,8004,12469,11790,-474,0.58,0.68,7194.30563,0.576975349,7867.6365,0.667314377,-0.090339027
4967,-1438,7202,8006,12469,11790,-527,0.58,0.68,7192.30563,0.576814951,7869.6365,0.667484012,-0.09066906
4967,-1438,7203,8010,12472,11795,-527,0.58,0.68,7193.30962,0.576756705,7873.794,0.66755354,-0.090796835
4967,-1438,7211,8005,12478,11789,-527,0.58,0.68,7201.3176,0.577121141,7868.605,0.667453134,-0.090331993
4967,-1437,7209,8006,12470,11796,-527,0.58,0.68,7199.30696,0.577330149,7869.8255,0.667160521,-0.089830371
4967,-1443,7201,8008,12462,11788,-527,0.58,0.68,7191.29632,0.577057962,7871.5735,0.66776158,-0.090703618
4968,-1437,7204,8008,12469,11789,-508,0.58,0.68,7194.30563,0.576975349,7871.605,0.667707609,-0.09073226
4968,-1434,7206,8011,12475,11798,-485,0.58,0.68,7196.31361,0.576858806,7874.8885,0.667476564,-0.090617757
4968,-1438,7203,8004,12471,11795,-463,0.58,0.68,7193.30829,0.576802846,7867.794,0.66704485,-0.090242004
4968,-1440,7209,8009,12470,11797,-440,0.58,0.68,7199.30696,0.577330149,7872.857,0.667360939,-0.09003079
4969,-1434,7202,8006,12466,11793,-435,0.58,0.68,7192.30164,0.576953445,7869.731,0.667322225,-0.09036878
4969,-1436,7201,8006,12466,11792,-435,0.58,0.68,7191.30164,0.576873226,7869.6995,0.667376145,-0.090502918
4970,-1438,7208,8012,12473,11800,-435,0.58,0.68,7198.31095,0.577111437,7875.9515,0.667453517,-0.09034208
4970,-1436,7206,8009,12475,11800,-435,0.58,0.68,7196.31361,0.576858806,7872.9515,0.66719928,-0.090340473
4970,-1438,7205,8010,12473,11792,-435,0.58,0.68,7195.31095,0.576870917,7873.6995,0.667715358,-0.090844441
4970,-1437,7205,8011,12468,11796,-435,0.58,0.68,7195.3043,0.577101724,7874.8255,0.667584393,-0.090482669
4970,-1434,7208,8011,12475,11804,-439,0.58,0.68,7198.31361,0.577019127,7875.0775,0.667153295,-0.090134168
4970,-1438,7207,8003,12474,11789,-450,0.58,0.68,7197.31228,0.576985111,7866.605,0.667283485,-0.090298373
4971,-1435,7208,8007,12475,11795,-460,0.58,0.68,7198.31361,0.577019127,7870.794,0.667299195,-0.090280068
4971,-1435,7211,8020,12476,11806,-470,0.58,0.68,7201.31494,0.577213445,7884.1405,0.667807937,-0.090594492
4971,-1437,7204,8011,12478,11799,-477,0.58,0.68,7194.3176,0.576560154,7874.92,0.667422663,-0.090862509
4971,-1440,7203,8011,12469,11799,-477,0.58,0.68,7193.30563,0.57689515,7874.92,0.667422663,-0.090527513
4972,-1439,7207,8016,12475,11805,-477,0.58,0.68,7197.31361,0.576938967,7880.109,0.667522999,-0.090584032
4972,-1440,7206,8010,12477,11799,-477,0.58,0.68,7196.31627,0.576766552,7873.92,0.66733791,-0.090571358
4972,-1440,7214,8011,12483,11802,-477,0.58,0.68,7204.32425,0.577130838,7875.0145,0.667261015,-0.090130177
4972,-1438,7209,8009,12482,11801,-477,0.58,0.68,7199.32292,0.576776392,7872.983,0.667145411,-0.09036902
4973,-1439,7210,8014,12477,11798,-468,0.58,0.68,7200.31627,0.577087142,7877.8885,0.667730844,-0.090643702
4973,-1436,7214,8011,12486,11795,-458,0.58,0.68,7204.32824,0.576992491,7874.794,0.667638321,-0.090645831
4973,-1440,7205,8012,12477,11806,-448,0.58,0.68,7195.31627,0.576686405,7876.1405,0.667130315,-0.090443911
4973,-1436,7208,8006,12474,11799,-437,0.58,0.68,7198.31228,0.577065278,7869.92,0.666998898,-0.08993362
4973,-1429,7209,8025,12470,11818,-435,0.58,0.68,7199.30696,0.577330149,7889.5185,0.667584913,-0.090254764
4974,-1439,7208,8019,12480,11812,-435,0.58,0.68,7198.32026,0.576788482,7883.3295,0.667400059,-0.090611577
4974,-1438,7212,8014,12484,11804,-435,0.58,0.68,7202.32558,0.57692451,7878.0775,0.667407447,-0.090482937
4974,-1436,7215,8018,12490,11810,-435,0.58,0.68,7205.33356,0.576888195,7882.2665,0.667423074,-0.090534878
4975,-1437,7212,8015,12479,11809,-435,0.58,0.68,7202.31893,0.577155135,7879.235,0.667222881,-0.090067746
4975,-1438,7211,8019,12477,11809,-435,0.58,0.68,7201.31627,0.577167289,7883.235,0.667561606,-0.090394316
4975,-1437,7210,8013,12478,11804,-443,0.58,0.68,7200.3176,0.577041,7877.0775,0.66732273,-0.090281729
4975,-1438,7212,8014,12484,11804,-454,0.58,0.68,7202.32558,0.57692451,7878.0775,0.667407447,-0.090482937
4975,-1434,7212,8014,12483,11802,-464,0.58,0.68,7202.32425,0.57697062,7878.0145,0.667515209,-0.090544589
4975,-1433,7219,8013,12490,11808,-475,0.58,0.68,7209.33356,0.577208452,7877.2035,0.667107342,-0.089898891
4976,-1437,7214,8019,12482,11813,-477,0.58,0.68,7204.32292,0.577176968,7883.361,0.667346229,-0.09016926
4976,-1443,7210,8022,12488,11810,-477,0.58,0.68,7200.3309,0.576579989,7886.2665,0.66776177,-0.091181781
4976,-1440,7218,8017,12490,11808,-477,0.58,0.68,7208.33356,0.577128388,7881.2035,0.667446096,-0.090317708
4976,-1435,7217,8024,12484,11818,-477,0.58,0.68,7207.32558,0.577325022,7888.5185,0.667500296,-0.090175274
4976,-1438,7216,8016,12489,11813,-477,0.58,0.68,7206.33223,0.577014351,7880.361,0.667092271,-0.09007792
4977,-1438,7214,8019,12488,11815,-477,0.58,0.68,7204.3309,0.576900296,7883.424,0.667238595,-0.090338299
4977,-1443,7210,8024,12489,11807,-642,0.58,0.68,7200.33223,0.576533928,7888.172,0.668092826,-0.091558898
4977,-1440,7214,8023,12488,11813,-850,0.58,0.68,7204.3309,0.576900296,7887.361,0.667684839,-0.090784542
4977,-1436,7212,8021,12485,11810,-1057,0.58,0.68,7202.32691,0.576878407,7885.2665,0.667677096,-0.090798689
4978,-1436,7211,8022,12487,11814,-1264,0.58,0.68,7201.32957,0.57670614,7886.3925,0.667546343,-0.090840203
4978,-1436,7216,8025,12483,11818,-1305,0.58,0.68,7206.32425,0.577291056,7889.5185,0.667584913,-0.090293857
4978,-1438,7212,8017,12485,11808,-1305,0.58,0.68,7202.32691,0.576878407,7881.2035,0.667446096,-0.090567689
4978,-1438,7213,8021,12490,11818,-1305,0.58,0.68,7203.33356,0.576728067,7885.5185,0.667246446,-0.090518379
4978,-1439,7217,8027,12492,11814,-1305,0.58,0.68,7207.33622,0.57695615,7891.3925,0.66796957,-0.09101342
4978,-1440,7206,8023,12481,11813,-1305,0.58,0.68,7196.32159,0.576582132,7887.361,0.667684839,-0.091102707
4978,-1439,7216,8020,12491,11814,-1305,0.58,0.68,7206.33489,0.576922175,7884.3925,0.667377053,-0.090454877
4979,-1436,7222,8023,12496,11818,-1043,0.58,0.68,7212.34154,0.577172018,7887.5185,0.667415679,-0.090243661
4979,-1431,7219,8027,12489,11817,-717,0.58,0.68,7209.33223,0.577254562,7891.487,0.667807988,-0.090553426
4979,-1437,7214,8018,12489,11817,-391,0.58,0.68,7204.33223,0.57685421,7882.487,0.667046374,-0.090192164
4979,-1441,7219,8027,12496,11823,-65,0.58,0.68,7209.34154,0.576931941,7891.676,0.667485071,-0.09055313
4980,-1436,7217,8027,12492,11815,0,0.58,0.68,7207.33622,0.57695615,7891.424,0.6679157,-0.090959551
4980,-1435,7220,8017,12496,11807,0,0.58,0.68,7210.34154,0.577011967,7881.172,0.667499958,-0.090487991
4980,-1438,7217,8022,12489,11814,0,0.58,0.68,7207.33223,0.577094421,7886.3925,0.667546343,-0.090451922
4980,-1442,7218,8024,12491,11818,0,0.58,0.68,7208.33489,0.57708229,7888.5185,0.667500296,-0.090418006
4980,-1438,7215,8022,12491,11819,0,0.58,0.68,7205.33489,0.576842118,7886.55,0.667277265,-0.090435148
4980,-1436,7216,8022,12487,11814,0,0.58,0.68,7206.32957,0.577106556,7886.3925,0.667546343,-0.090439787
4980,-1440,7223,8028,12493,11817,-88,0.58,0.68,7213.33755,0.577390343,7892.487,0.667892612,-0.09050227
4981,-1441,7216,8024,12491,11818,-197,0.58,0.68,7206.33489,0.576922175,7888.5185,0.667500296,-0.090578121
4981,-1440,7215,8025,12487,11815,-306,0.58,0.68,7205.32957,0.577026473,7889.424,0.667746424,-0.090719951
4981,-1439,7215,8026,12489,11822,-414,0.58,0.68,7205.33223,0.576934281,7890.6445,0.66745428,-0.09052
4981,-1437,7217,8023,12492,11812,-435,0.58,0.68,7207.33622,0.57695615,7887.3295,0.667738698,-0.090782548
4982,-1441,7219,8032,12491,11826,-435,0.58,0.68,7209.33489,0.577162348,7896.7705,0.667746533,-0.090584185
4982,-1436,7222,8024,12492,11821,-435,0.58,0.68,7212.33622,0.577356406,7888.613,0.667338888,-0.089982483
4982,-1441,7221,8023,12492,11817,-435,0.58,0.68,7211.33622,0.577276354,7887.487,0.667469493,-0.090193139
4982,-1436,7218,8033,12489,11827,-435,0.58,0.68,7208.33223,0.577174492,7897.802,0.667777289,-0.090602797
4982,-1434,7213,8021,12486,11818,-435,0.58,0.68,7203.32824,0.576912401,7885.5185,0.667246446,-0.090334045
4982,-1437,7218,8030,12497,11825,-425,0.58,0.68,7208.34287,0.576805863,7894.739,0.667631205,-0.090825342
4982,-1437,7220,8031,12490,11823,-409,0.58,0.68,7210.33356,0.577288516,7895.676,0.667823395,-0.090534879
4982,-1438,7215,8028,12489,11820,-393,0.58,0.68,7205.33223,0.576934281,7892.5815,0.667731091,-0.090796811
4982,-1441,7222,8028,12498,11815,-377,0.58,0.68,7212.3442,0.577079869,7892.424,0.668000339,-0.09092047
4982,-1435,7218,8027,12493,11821,-371,0.58,0.68,7208.33755,0.576990118,7891.613,0.667592674,-0.090602556
4983,-1438,7216,8034,12488,11823,-371,0.58,0.68,7206.3309,0.57706045,7898.676,0.668077138,-0.091016688
4983,-1440,7223,8029,12501,11822,-371,0.58,0.68,7213.34819,0.577021693,7893.6445,0.667708044,-0.090686351
4983,-1441,7220,8027,12499,11816,-371,0.58,0.68,7210.34553,0.576873792,7891.4555,0.66786184,-0.090988048
4984,-1442,7225,8032,12503,11826,-371,0.58,0.68,7215.35085,0.577089567,7896.7705,0.667746533,-0.090656967
4984,-1441,7222,8026,12496,11824,-371,0.58,0.68,7212.34154,0.577172018,7890.7075,0.66734671,-0.090174692
4984,-1438,7218,8023,12489,11817,-511,0.58,0.68,7208.33223,0.577174492,7887.487,0.667469493,-0.090295001
4984,-1436,7221,8032,12495,11823,-744,0.58,0.68,7211.34021,0.577138072,7896.676,0.667907976,-0.090769904
4984,-1436,7222,8028,12501,11821,-978,0.58,0.68,7212.34819,0.5769417,7892.613,0.667677269,-0.090735569
4984,-1438,7220,8032,12500,11827,-1212,0.58,0.68,7210.34686,0.576827749,7896.802,0.667692737,-0.090864988
4984,-1435,7221,8034,12498,11826,-1305,0.58,0.68,7211.3442,0.576999856,7898.7705,0.667915652,-0.090915796
4984,-1441,7216,8029,12487,11821,-1305,0.58,0.68,7206.32957,0.577106556,7893.613,0.667761864,-0.090655308
4984,-1439,7224,8029,12500,11820,-1305,0.58,0.68,7214.34686,0.577147749,7893.5815,0.667815694,-0.090667945
4984,-1438,7221,8032,12501,11823,-1305,0.58,0.68,7211.34819,0.576861706,7896.676,0.667907976,-0.09104627
4985,-1442,7218,8031,12498,11826,-1305,0.58,0.68,7208.3442,0.576759818,7895.7705,0.667661974,-0.090902156
4985,-1438,7219,8032,12497,11825,-1305,0.58,0.68,7209.34287,0.576885882,7896.739,0.667800338,-0.090914456
4985,-1439,7214,8030,12494,11823,-1410,0.58,0.68,7204.33888,0.57662389,7894.676,0.667738814,-0.091114924
4985,-1443,7222,8040,12502,11833,-1584,0.58,0.68,7212.34952,0.576895658,7904.991,0.668046227,-0.091150568
4985,-1436,7226,8033,12497,11827,-1757,0.58,0.68,7216.34287,0.577446017,7897.802,0.667777289,-0.090331273
4986,-1441,7222,8034,12499,11830,-1931,0.58,0.68,7212.34553,0.577033805,7898.8965,0.667700465,-0.09066666
4986,-1441,7222,8030,12502,11832,-2001,0.58,0.68,7212.34952,0.576895658,7894.9595,0.66725486,-0.090359201
4986,-1437,7222,8037,12502,11830,-2001,0.58,0.68,7212.34952,0.576895658,7901.8965,0.667954057,-0.091058399
4986,-1440,7217,8037,12491,11829,-2001,0.58,0.68,7207.33489,0.577002233,7901.865,0.668007862,-0.091005629
4986,-1442,7223,8037,12502,11831,-2001,0.58,0.68,7213.34952,0.576975645,7901.928,0.667900262,-0.090924617
4986,-1445,7221,8037,12500,11828,-2001,0.58,0.68,7211.34686,0.576907749,7901.8335,0.668061676,-0.091153927
4986,-1445,7220,8037,12503,11829,-2001,0.58,0.68,7210.35085,0.576689662,7901.865,0.668007862,-0.0913182
4986,-1441,7228,8038,12501,11833,-1826,0.58,0.68,7218.34819,0.577421661,7902.991,0.667877208,-0.090455546
4986,-1436,7221,8030,12495,11825,-1534,0.58,0.68,7211.34021,0.577138072,7894.739,0.667631205,-0.090493133
4987,-1441,7225,8036,12506,11829,-1242,0.58,0.68,7215.35484,0.576951451,7900.865,0.667923324,-0.090971874
4987,-1441,7222,8037,12505,11830,-951,0.58,0.68,7212.35351,0.576757578,7901.8965,0.667954057,-0.09119648
4987,-1437,7228,8040,12505,11835,-834,0.58,0.68,7218.35351,0.577237386,7905.054,0.667938657,-0.090701271
4987,-1442,7219,8030,12498,11825,-834,0.58,0.68,7209.3442,0.57683983,7894.739,0.667631205,-0.090791375
4987,-1442,7225,8037,12501,11831,-834,0.58,0.68,7215.34819,0.577181681,7901.928,0.667900262,-0.090718581
4987,-1439,7230,8036,12509,11831,-834,0.58,0.68,7220.35883,0.577213113,7900.928,0.667815738,-0.090602625
4987,-1437,7226,8037,12503,11831,-834,0.58,0.68,7216.35085,0.577169547,7901.928,0.667900262,-0.090730715
4987,-1441,7224,8034,12497,11823,-834,0.58,0.68,7214.34287,0.577285978,7898.676,0.668077138,-0.09079116
4987,-1440,7226,8037,12499,11832,-824,0.58,0.68,7216.34553,0.577353831,7901.9595,0.667846476,-0.090492645
4988,-1442,7220,8044,12498,11839,-808,0.58,0.68,7210.3442,0.576919843,7909.18,0.668061492,-0.091141649
4988,-1440,7229,8038,12508,11834,-792,0.58,0.68,7219.3575,0.577179205,7903.0225,0.667823432,-0.090644227
4988,-1442,7225,8033,12500,11825,-776,0.58,0.68,7215.34686,0.577227749,7897.739,0.667884905,-0.090657156
4988,-1440,7222,8036,12506,11834,-770,0.58,0.68,7212.35484,0.576711566,7901.0225,0.667654428,-0.090942862
4988,-1443,7226,8034,12508,11834,-770,0.58,0.68,7216.3575,0.576939359,7899.0225,0.667485423,-0.090546065
4988,-1439,7228,8036,12510,11837,-770,0.58,0.68,7218.36016,0.577007207,7901.117,0.667493199,-0.090485992
4988,-1441,7230,8036,12514,11833,-770,0.58,0.68,7220.36548,0.576983017,7900.991,0.667708189,-0.090725172
4988,-1442,7231,8035,12514,11827,-770,0.58,0.68,7221.36548,0.577062928,7899.802,0.667946394,-0.090883466
4989,-1439,7229,8040,12506,11839,-770,0.58,0.68,7219.35484,0.577271297,7905.18,0.667723625,-0.090452328
4989,-1440,7225,8042,12512,11835,-654,0.58,0.68,7215.36282,0.576675417,7907.054,0.668107647,-0.09143223
4989,-1442,7224,8041,12505,11834,-462,0.58,0.68,7214.35351,0.576917514,7906.0225,0.668076939,-0.091159426
4989,-1440,7229,8034,12505,11829,-270,0.58,0.68,7219.35351,0.577317354,7898.865,0.667754248,-0.090436894
4989,-1437,7223,8036,12508,11829,-77,0.58,0.68,7213.3575,0.576699512,7900.865,0.667923324,-0.091223812
4989,-1435,7232,8034,12510,11834,0,0.58,0.68,7222.36016,0.577326951,7899.0225,0.667485423,-0.090158472
4989,-1442,7225,8038,12503,11833,0,0.58,0.68,7215.35085,0.577089567,7902.991,0.667877208,-0.090787641
4989,-1442,7226,8043,12511,11836,0,0.58,0.68,7216.36149,0.576801334,7908.0855,0.668138349,-0.091337015
4989,-1442,7223,8041,12505,11831,0,0.58,0.68,7213.35351,0.576837546,7905.928,0.668238357,-0.091400811
4989,-1442,7226,8036,12509,11833,0,0.58,0.68,7216.35883,0.576893343,7900.991,0.667708189,-0.090814846
4989,-1442,7228,8045,12509,11844,0,0.58,0.68,7218.35883,0.577053228,7910.3375,0.667877195,-0.090823967
4989,-1445,7229,8043,12510,11838,-61,0.58,0.68,7219.36016,0.577087143,7908.1485,0.668030791,-0.090943648
4990,-1442,7226,8037,12506,11833,-161,0.58,0.68,7216.35484,0.577031412,7901.991,0.667792698,-0.090761286
4990,-1442,7225,8041,12504,11833,-261,0.58,0.68,7215.35218,0.57704352,7905.991,0.668130736,-0.091087216
4990,-1443,7228,8040,12509,11834,-361,0.58,0.68,7218.35883,0.577053228,7905.0225,0.667992437,-0.090939209
4990,-1444,7224,8044,12512,11841,-400,0.58,0.68,7214.36282,0.576595494,7909.243,0.667953973,-0.09135848
4990,-1440,7233,8033,12511,11829,-400,0.58,0.68,7223.36149,0.577360842,7897.865,0.66766971,-0.090308868
4990,-1444,7224,8040,12501,11844,-400,0.58,0.68,7214.34819,0.577101687,7905.3375,0.667455041,-0.090353353
4991,-1440,7228,8036,12508,11834,-400,0.58,0.68,7218.3575,0.577099256,7901.0225,0.667654428,-0.090555171
4991,-1441,7229,8040,12510,11837,-400,0.58,0.68,7219.36016,0.577087143,7905.117,0.667831123,-0.09074398
4991,-1445,7224,8038,12507,11831,-400,0.58,0.68,7214.35617,0.576825471,7902.928,0.667984786,-0.091159314
4990,-1446,7226,8038,12508,11831,-249,0.58,0.68,7216.3575,0.576939359,7902.928,0.667984786,-0.091045427
4990,-1438,7228,8044,12510,11838,128,0.58,0.68,7218.36016,0.577007207,7909.1485,0.668115264,-0.091108057
4990,-1441,7225,8040,12508,11840,505,0.58,0.68,7215.3575,0.57685941,7905.2115,0.66766989,-0.09081048
4990,-1445,7226,8050,12506,11847,883,0.58,0.68,7216.35484,0.577031412,7915.432,0.668138094,-0.091106682
4990,-1437,7229,8042,12520,11839,1110,0.58,0.68,7219.37346,0.576627273,7907.18,0.667892558,-0.091265285
4991,-1446,7228,8046,12509,11837,1110,0.58,0.68,7218.35883,0.577053228,7911.117,0.668338008,-0.09128478
4991,-1447,7231,8044,12513,11838,1110,0.58,0.68,7221.36415,0.577108939,7909.1485,0.668115264,-0.091006326
4992,-1439,7229,8037,12511,11837,1110,0.58,0.68,7219.36149,0.577041123,7902.117,0.66757768,-0.090536557
4992,-1444,7230,8043,12515,11834,1110,0.58,0.68,7220.36681,0.57693702,7908.0225,0.668245944,-0.091308924
4992,-1444,7223,8042,12506,11838,1110,0.58,0.68,7213.35484,0.576791527,7907.1485,0.667946317,-0.09115479
4991,-1442,7225,8042,12504,11837,826,0.58,0.68,7215.35218,0.57704352,7907.117,0.668000084,-0.090956564
4991,-1445,7224,8043,12510,11837,321,0.58,0.68,7214.36016,0.576687463,7908.117,0.668084565,-0.091397103
4991,-1443,7226,8047,12507,11842,-183,0.58,0.68,7216.35617,0.576985382,7912.2745,0.668153564,-0.091168182
4991,-1440,7230,8039,12512,11833,-688,0.58,0.68,7220.36282,0.577075034,7903.991,0.667961717,-0.090886684
4991,-1445,7222,8044,12514,11836,-910,0.58,0.68,7212.36548,0.576343733,7909.0855,0.668222837,-0.091879104
4991,-1444,7226,8038,12513,11832,-910,0.58,0.68,7216.36415,0.576709354,7902.9595,0.667930992,-0.091221638
4992,-1446,7225,8047,12507,11840,-910,0.58,0.68,7215.35617,0.576905427,7912.2115,0.668261106,-0.09135568
4992,-1445,7228,8049,12512,11841,-910,0.58,0.68,7218.36282,0.576915187,7914.243,0.668376235,-0.091461048
4992,-1440,7232,8049,12514,11845,-910,0.58,0.68,7222.36548,0.577142838,7914.369,0.668161165,-0.091018327
4992,-1442,7232,8044,12513,11841,-910,0.58,0.68,7222.36415,0.577188856,7909.243,0.667953973,-0.090765118
4992,-1446,7226,8042,12514,11835,-728,0.58,0.68,7216.36548,0.576663375,7907.054,0.668107647,-0.091444271
4992,-1442,7228,8040,12510,11835,-273,0.58,0.68,7218.36016,0.577007207,7905.054,0.667938657,-0.090931449
4992,-1442,7224,8040,12508,11840,180,0.58,0.68,7214.3575,0.576779461,7905.2115,0.66766989,-0.090890429
4992,-1450,7226,8049,12512,11844,635,0.58,0.68,7216.36282,0.57675534,7914.3375,0.668214919,-0.091459578
4992,-1442,7230,8044,12514,11844,908,0.58,0.68,7220.36548,0.576983017,7909.3375,0.667792764,-0.090809747
4992,-1444,7228,8048,12513,11845,908,0.58,0.68,7218.36415,0.576869188,7913.369,0.668076741,-0.091207553
4992,-1446,7228,8042,12514,11838,908,0.58,0.68,7218.36548,0.576823196,7907.1485,0.667946317,-0.091123121
4992,-1442,7231,8047,12515,11843,908,0.58,0.68,7221.36681,0.577016924,7912.306,0.668099806,-0.091082881
4992,-1444,7239,8048,12518,11845,908,0.58,0.68,7229.3708,0.577518038,7913.369,0.668076741,-0.090558703
4992,-1449,7228,8045,12514,11841,908,0.58,0.68,7218.36548,0.576823196,7910.243,0.668038426,-0.091215229
4993,-1443,7227,8043,12512,11843,726,0.58,0.68,7217.36282,0.576835264,7908.306,0.667762054,-0.09092679
4993,-1446,7231,8048,12518,11842,271,0.58,0.68,7221.3708,0.576878958,7913.2745,0.668238009,-0.09135905
4993,-1447,7227,8045,12514,11842,-182,0.58,0.68,7217.36548,0.576743286,7910.2745,0.667984673,-0.091241387
4993,-1447,7228,8047,12519,11838,-637,0.58,0.68,7218.37213,0.576593349,7912.1485,0.668368686,-0.091775337
4993,-1441,7223,8044,12508,11838,-910,0.58,0.68,7213.3575,0.576699512,7909.1485,0.668115264,-0.091415752
4993,-1437,7228,8044,12516,11840,-910,0.58,0.68,7218.36814,0.576731235,7909.2115,0.668007728,-0.091276493
4993,-1445,7230,8043,12517,11839,-910,0.58,0.68,7220.36947,0.576845048,7908.18,0.667977025,-0.091131977
4993,-1437,7230,8039,12512,11841,-910,0.58,0.68,7220.36282,0.577075034,7904.243,0.667531712,-0.090456678
4993,-1441,7230,8039,12522,11835,-910,0.58,0.68,7220.37612,0.576615247,7904.054,0.667854161,-0.091238915
4993,-1439,7230,8046,12512,11843,-910,0.58,0.68,7220.36282,0.577075034,7911.306,0.668015368,-0.090940334
4993,-1439,7232,8046,12513,11850,-949,0.58,0.68,7222.36415,0.577188856,7911.5265,0.667639367,-0.090450511
4993,-1442,7230,8042,12516,11842,-1048,0.58,0.68,7220.36814,0.576891031,7907.2745,0.667731338,-0.090840307
4993,-1440,7229,8041,12515,11839,-1147,0.58,0.68,7219.36681,0.576857116,7906.18,0.667808092,-0.090950976
4993,-1440,7226,8047,12511,11847,-1246,0.58,0.68,7216.36149,0.576801334,7912.432,0.667884865,-0.091083531
4993,-1437,7245,8046,12542,11841,-1305,0.58,0.68,7235.40272,0.576893854,7911.243,0.668122878,-0.091229024
4993,-1433,7232,8044,12516,11844,-1305,0.58,0.68,7222.36814,0.577050826,7909.3375,0.667792764,-0.090741938
4993,-1439,7234,8048,12518,11844,-1305,0.58,0.68,7224.3708,0.577118613,7913.3375,0.668130488,-0.091011875
4993,-1442,7227,8046,12513,11847,-1305,0.58,0.68,7217.36415,0.576789271,7911.432,0.667800456,-0.091011185
4993,-1443,7238,8048,12523,11840,-1305,0.58,0.68,7228.37745,0.577208133,7913.2115,0.668345566,-0.091137433
4994,-1441,7226,8046,12515,11846,-1305,0.58,0.68,7216.36681,0.576617404,7911.4005,0.66785417,-0.091236766
4994,-1439,7233,8045,12516,11842,-1032,0.58,0.68,7223.36814,0.577130724,7910.2745,0.667984673,-0.090853949
4994,-1436,7235,8043,12519,11848,-348,0.58,0.68,7225.37213,0.577152499,7908.4635,0.667493543,-0.090341045
4994,-1440,7235,8049,12521,11848,334,0.58,0.68,7225.37479,0.577060522,7914.4635,0.667999958,-0.090939436
4994,-1445,7230,8047,12521,11839,1017,0.58,0.68,7220.37479,0.576661192,7912.18,0.668314891,-0.091653699
4994,-1439,7233,8046,12520,11844,1427,0.58,0.68,7223.37346,0.576946762,7911.3375,0.667961626,-0.091014864
4995,-1444,7227,8050,12518,11845,1428,0.58,0.68,7217.3708,0.576559418,7915.369,0.668245589,-0.09168617
4995,-1444,7234,8047,12526,11846,1427,0.58,0.68,7224.38144,0.576750873,7912.4005,0.667938587,-0.091187713
4995,-1441,7233,8045,12518,11844,1428,0.58,0.68,7223.3708,0.577038728,7910.3375,0.667877195,-0.090838467
4995,-1447,7232,8049,12523,11853,1428,0.58,0.68,7222.37745,0.576729015,7914.621,0.66773146,-0.091002446
4996,-1446,7238,8048,12524,11849,1428,0.58,0.68,7228.37878,0.577162151,7913.495,0.667861845,-0.090699694
4996,-1445,7232,8049,12521,11846,1285,0.58,0.68,7222.37479,0.576820924,7914.4005,0.66810742,-0.091286496
4996,-1442,7231,8049,12520,11849,927,0.58,0.68,7221.37346,0.576787018,7914.495,0.66794624,-0.091159223
4996,-1441,7234,8048,12519,11847,570,0.58,0.68,7224.37213,0.57707262,7913.432,0.667969275,-0.090896655
4996,-1442,7236,8056,12522,11854,213,0.58,0.68,7226.37612,0.577094403,7921.6525,0.668268306,-0.091173903
4997,-1445,7230,8047,12530,11848,0,0.58,0.68,7220.38676,0.576247946,7912.4635,0.667831153,-0.091583207
4997,-1443,7233,8054,12522,11852,0,0.58,0.68,7223.37612,0.576854825,7919.5895,0.668207011,-0.091352186
4997,-1444,7234,8046,12526,11850,0,0.58,0.68,7224.38144,0.576750873,7911.5265,0.667639367,-0.090888494
4998,-1442,7235,8048,12529,11846,0,0.58,0.68,7225.38543,0.576692907,7913.4005,0.668023004,-0.091330097
4998,-1445,7232,8053,12522,11855,0,0.58,0.68,7222.37612,0.576774966,7918.684,0.667961535,-0.09118657
4999,-1445,7236,8053,12526,11853,0,0.58,0.68,7226.38144,0.576910541,7918.621,0.668068928,-0.091158386
4999,-1443,7235,8052,12530,11852,0,0.58,0.68,7225.38676,0.576646988,7917.5895,0.668038264,-0.091391276
4999,-1445,7235,8052,12530,11853,0,0.58,0.68,7225.38676,0.576646988,7917.621,0.667984561,-0.091337573
4999,-1445,7231,8053,12523,11851,0,0.58,0.68,7221.37745,0.576649162,7918.558,0.668176356,-0.091527195
5000,-1445,7234,8060,12528,11854,0,0.58,0.68,7224.3841,0.576659012,7925.6525,0.668605745,-0.091946733
5000,-1444,7237,8056,12530,11859,0,0.58,0.68,7227.38676,0.576806605,7921.81,0.667999831,-0.091193226
5000,-1446,7236,8055,12526,11852,0,0.58,0.68,7226.38144,0.576910541,7920.5895,0.668291385,-0.091380844
5001,-1447,7237,8057,12535,11859,0,0.58,0.68,7227.39341,0.576577057,7922.81,0.668084155,-0.091507098
5001,-1446,7238,8061,12534,11861,0,0.58,0.68,7228.39208,0.576702735,7926.873,0.668314054,-0.09161132
5002,-1446,7239,8056,12533,11859,0,0.58,0.68,7229.39075,0.576828433,7921.81,0.667999831,-0.091171398
5002,-1447,7237,8056,12537,11855,0,0.58,0.68,7227.39607,0.576485289,7921.684,0.668214593,-0.091729304
5003,-1448,7235,8059,12536,11859,0,0.58,0.68,7225.39474,0.576371629,7924.81,0.668252804,-0.091881175
5003,-1446,7239,8060,12530,11865,0,0.58,0.68,7229.38676,0.576966222,7925.999,0.668015086,-0.091048865
5004,-1445,7237,8060,12535,11860,0,0.58,0.68,7227.39341,0.576577057,7925.8415,0.668283432,-0.091706375
5004,-1450,7234,8066,12530,11868,0,0.58,0.68,7224.38676,0.57656718,7932.0935,0.668359749,-0.091792569
5004,-1445,7238,8069,12533,11875,0,0.58,0.68,7228.39075,0.576748644,7935.314,0.668236968,-0.091488325
5005,-1446,7242,8063,12543,11864,-1,0.58,0.68,7232.40405,0.57660879,7928.9675,0.668321603,-0.091712813
5005,-1453,7244,8070,12539,11870,0,0.58,0.68,7234.39873,0.576951809,7936.1565,0.668589427,-0.091637618
5006,-1441,7255,8058,12556,11857,0,0.58,0.68,7245.42134,0.57704853,7923.747,0.668275871,-0.091227341
5007,-1446,7238,8063,12543,11865,0,0.58,0.68,7228.40405,0.576289887,7928.999,0.668267931,-0.091978044
5007,-1455,7241,8073,12550,11866,0,0.58,0.68,7231.41336,0.576208236,7939.0305,0.669057012,-0.092848776
5008,-1455,7236,8070,12530,11870,-200,0.58,0.68,7226.38676,0.576726796,7936.1565,0.668589427,-0.091862631
5009,-1455,7241,8073,12538,11876,-701,0.58,0.68,7231.3974,0.576758446,7939.3455,0.668520167,-0.09176172
5009,-1454,7243,8072,12547,11874,-1201,0.58,0.68,7233.40937,0.57650509,7938.2825,0.668543246,-0.092038155
5010,-1458,7243,8075,12550,11874,-1701,0.58,0.68,7233.41336,0.576367598,7941.2825,0.668795899,-0.0924283
5010,-1453,7245,8072,12554,11877,-2001,0.58,0.68,7235.41868,0.57634369,7938.377,0.668382336,-0.092038646
5011,-1452,7245,8070,12548,11876,-2001,0.58,0.68,7235.4107,0.57661864,7936.3455,0.668267556,-0.091648916
5012,-1455,7240,8073,12544,11876,-2001,0.58,0.68,7230.40538,0.57640349,7939.3455,0.668520167,-0.092116677
5012,-1453,7245,8076,12555,11880,-2001,0.58,0.68,7235.42001,0.57629789,7942.4715,0.668558207,-0.092260317
5013,-1458,7244,8079,12549,11879,-2001,0.58,0.68,7234.41203,0.576493109,7945.44,0.668864383,-0.092371273
5013,-1463,7247,8083,12555,11878,-2001,0.58,0.68,7237.42001,0.576457189,7949.4085,0.669254799,-0.09279761
5014,-1458,7238,8080,12548,11882,-1643,0.58,0.68,7228.4107,0.576060783,7946.5345,0.66878762,-0.092726837
5014,-1462,7247,8076,12559,11879,-748,0.58,0.68,7237.42533,0.576274013,7942.44,0.668611836,-0.092337823
5015,-1462,7239,8079,12547,11882,146,0.58,0.68,7229.40937,0.576186289,7945.5345,0.668703459,-0.09251717
5015,-1460,7237,8083,12551,11888,1041,0.58,0.68,7227.41469,0.575843733,7949.7235,0.668718329,-0.092874597
5016,-1462,7239,8081,12553,11883,1578,0.58,0.68,7229.41735,0.575911523,7947.566,0.668818144,-0.09290662
5017,-1464,7241,8083,12559,11890,1578,0.58,0.68,7231.42533,0.575796268,7949.7865,0.668611144,-0.092814876
5018,-1466,7242,8089,12556,11888,1578,0.58,0.68,7232.42134,0.576013168,7955.7235,0.66922304,-0.093209872
5019,-1466,7244,8089,12561,11891,1578,0.58,0.68,7234.42799,0.575943634,7955.818,0.669062148,-0.093118514
5020,-1467,7239,8089,12556,11894,1578,0.58,0.68,7229.42134,0.575774239,7955.9125,0.668901337,-0.093127098
5020,-1474,7235,8098,12555,11900,1578,0.58,0.68,7225.42001,0.575501395,7965.1015,0.669336261,-0.093834866
5021,-1468,7244,8091,12573,11895,1181,0.58,0.68,7234.44395,0.575395208,7957.944,0.669015889,-0.093620681
5022,-1472,7243,8098,12565,11902,191,0.58,0.68,7233.43331,0.575681123,7965.1645,0.669229079,-0.093547956
5023,-1476,7237,8096,12561,11896,-798,0.58,0.68,7227.42799,0.575386354,7962.9755,0.669382608,-0.093996254
5023,-1477,7236,8101,12564,11903,-1788,0.58,0.68,7226.43198,0.57516969,7968.196,0.669427539,-0.09425785
5024,-1477,7241,8098,12567,11900,-2382,0.58,0.68,7231.43597,0.57543057,7965.1015,0.669336261,-0.093905691
5025,-1471,7244,8094,12573,11901,-2382,0.58,0.68,7234.44395,0.575395208,7961.133,0.668946559,-0.093551351
5026,-1481,7243,8102,12571,11907,-2382,0.58,0.68,7233.44129,0.575406991,7969.322,0.66929722,-0.093890229
5026,-1479,7236,8106,12566,11912,-2382,0.58,0.68,7226.43464,0.575078357,7973.4795,0.669365304,-0.094286946
5027,-1482,7241,8104,12578,11911,-2382,0.58,0.68,7231.4506,0.574928494,7971.448,0.669250945,-0.09432245
5028,-1481,7247,8108,12579,11911,-2382,0.58,0.68,7237.45193,0.57535988,7975.448,0.669586769,-0.094226889
5029,-1483,7236,8107,12573,11907,-2144,0.58,0.68,7226.44395,0.574758924,7974.322,0.669717141,-0.094958217
5030,-1487,7241,8110,12580,11914,-1548,0.58,0.68,7231.45326,0.574837302,7977.5425,0.669593965,-0.094756663
5030,-1489,7238,8113,12584,11912,-953,0.58,0.68,7228.45858,0.574416607,7980.4795,0.669952947,-0.09553634
5031,-1481,7241,8112,12577,11917,-358,0.58,0.68,7231.44927,0.574974101,7979.637,0.669601158,-0.094627057
5032,-1485,7240,8119,12584,11921,0,0.58,0.68,7230.45858,0.574575539,7986.763,0.669974247,-0.095398708
5034,-1491,7245,8121,12588,11927,0,0.58,0.68,7235.4639,0.574790586,7988.952,0.669820743,-0.095030157
5035,-1493,7238,8124,12584,11924,0,0.58,0.68,7228.45858,0.574416607,7991.8575,0.670232934,-0.095816327
5036,-1495,7237,8123,12583,11924,0,0.58,0.68,7227.45725,0.574382679,7990.8575,0.670149069,-0.09576639
5037,-1495,7243,8122,12597,11925,0,0.57,0.68,7233.47587,0.574222106,7989.889,0.670011656,-0.09578955
5038,-1498,7241,8126,12594,11931,0,0.57,0.68,7231.47188,0.574199768,7994.078,0.670025815,-0.095826047
5038,-1499,7242,8128,12598,11932,-48,0.57,0.68,7232.4772,0.574097254,7996.1095,0.670139918,-0.096042664
5039,-1500,7241,8125,12595,11931,-167,0.57,0.68,7231.47321,0.574154284,7993.078,0.669942,-0.095787716
5040,-1501,7242,8125,12598,11929,-286,0.57,0.68,7232.4772,0.574097254,7993.015,0.67004904,-0.095951787
5041,-1508,7239,8128,12591,11931,-405,0.57,0.68,7229.46789,0.57417742,7996.078,0.670193446,-0.096016026
5042,-1498,7240,8134,12596,11944,-477,0.57,0.68,7230.47454,0.574029417,8002.4875,0.670000628,-0.095971211
5043,-1503,7236,8134,12591,11937,-477,0.57,0.68,7226.46789,0.573939154,8002.267,0.670375052,-0.096435898
5044,-1507,7239,8137,12600,11937,-477,0.57,0.68,7229.47986,0.573768243,8005.267,0.670626372,-0.096858129
5045,-1513,7246,8133,12607,11938,-477,0.57,0.68,7236.48917,0.574005645,8001.2985,0.67023777,-0.096232125
5046,-1511,7235,8138,12602,11943,-477,0.57,0.68,7225.48252,0.573359984,8006.456,0.670389014,-0.09702903
5047,-1512,7242,8143,12609,11949,-477,0.57,0.68,7232.49183,0.573597576,8011.645,0.670486652,-0.096889076
5048,-1513,7240,8146,12605,11952,-429,0.57,0.68,7230.48651,0.573620509,8014.7395,0.670577267,-0.096956759
5049,-1517,7235,8141,12617,11948,-310,0.57,0.68,7225.50247,0.572679914,8009.6135,0.67037274,-0.097692827
5050,-1517,7236,8141,12607,11950,-191,0.57,0.68,7226.48917,0.573212435,8009.6765,0.670265816,-0.097053381
5051,-1515,7242,8143,12613,11951,-72,0.57,0.68,7232.49715,0.573416091,8011.708,0.670379717,-0.096963627
5052,-1515,7232,8145,12608,11957,0,0.57,0.68,7222.4905,0.572849818,8013.897,0.670226395,-0.097376577
5053,-1526,7241,8148,12619,11955,0,0.57,0.68,7231.50513,0.573064833,8016.834,0.670584191,-0.097519358
5054,-1523,7232,8153,12618,11962,0,0.57,0.68,7222.5038,0.572396877,8022.0545,0.670628198,-0.09823132
5055,-1522,7239,8156,12622,11964,0,0.57,0.68,7229.50912,0.57277049,8025.1175,0.670772108,-0.098001618
5056,-1526,7245,8151,12623,11960,0,0.57,0.68,7235.51045,0.573200543,8019.9915,0.670567851,-0.097367309
5058,-1526,7241,8151,12627,11967,0,0.57,0.68,7231.51577,0.572702603,8020.212,0.670194034,-0.09749143
5059,-1529,7237,8161,12625,11967,-91,0.57,0.68,7227.51311,0.572476286,8030.212,0.671029665,-0.098553379
5060,-1531,7236,8156,12623,11971,-319,0.57,0.68,7226.51045,0.572487558,8025.338,0.670398296,-0.097910737
5060,-1530,7238,8165,12627,11973,-546,0.57,0.68,7228.51577,0.572465017,8034.401,0.671043264,-0.098578247
5061,-1531,7235,8169,12622,11975,-773,0.57,0.68,7225.50912,0.572453583,8038.464,0.67127048,-0.098816898
5062,-1533,7240,8163,12631,11968,-910,0.57,0.68,7230.52109,0.57244249,8032.2435,0.671143341,-0.098700851
5063,-1531,7232,8166,12620,11974,-910,0.57,0.68,7222.50646,0.572306376,8035.4325,0.671073367,-0.098766992
5064,-1532,7238,8165,12633,11980,-910,0.57,0.68,7228.52375,0.572193758,8034.6215,0.670669574,-0.098475816
5065,-1537,7236,8161,12632,11978,-910,0.57,0.68,7226.52242,0.572080622,8030.5585,0.670442353,-0.09836173
5067,-1534,7240,8168,12638,11982,-910,0.57,0.68,7230.5304,0.572126159,8037.6845,0.670813262,-0.098687102
5068,-1537,7242,8164,12640,11987,-910,0.57,0.68,7232.53306,0.572194071,8033.842,0.670212897,-0.098018826
5069,-1536,7236,8171,12638,11989,-819,0.57,0.68,7226.5304,0.571809653,8040.905,0.670690216,-0.098880563
5070,-1538,7240,8170,12637,11991,-591,0.57,0.68,7230.52907,0.572171328,8039.968,0.670500208,-0.098328881
5070,-1536,7238,8170,12641,11990,-364,0.57,0.68,7228.53439,0.571832481,8039.9365,0.670553503,-0.098721022
5071,-1534,7233,8173,12634,11992,-137,0.57,0.68,7223.52508,0.571752816,8042.9995,0.67069709,-0.098944274
5072,-1535,7243,8178,12648,11997,0,0.57,0.68,7233.5437,0.571912057,8048.157,0.670847462,-0.098935405
5073,-1540,7248,8176,12662,11996,0,0.57,0.68,7238.56232,0.571676064,8046.1255,0.670734036,-0.099057973
5074,-1541,7246,8181,12657,11997,0,0.57,0.68,7236.55567,0.571743357,8051.157,0.671097524,-0.099354167
5075,-1537,7249,8175,12658,11997,0,0.57,0.68,7239.557,0.571935298,8045.157,0.670597399,-0.098662102
5076,-1539,7241,8178,12655,11997,0,0.57,0.68,7231.55301,0.571438405,8048.157,0.670847462,-0.099409057
5077,-1542,7243,8187,12660,12002,0,0.57,0.68,7233.55966,0.571371221,8057.3145,0.671330987,-0.099959765
5078,-1545,7249,8180,12661,12001,-53,0.57,0.68,7239.56099,0.571800094,8050.283,0.670801017,-0.099000923
5079,-1547,7242,8186,12660,12011,-185,0.57,0.68,7232.55966,0.571292232,8056.598,0.670768296,-0.099476064
5080,-1538,7252,8185,12673,12006,-316,0.57,0.68,7242.57695,0.571496642,8055.4405,0.670951233,-0.09945459
5081,-1542,7247,8187,12662,12011,-448,0.57,0.68,7237.56232,0.571597087,8057.598,0.670851553,-0.099254465
5082,-1539,7250,8186,12664,12007,-527,0.57,0.68,7240.56498,0.571743918,8056.472,0.670981261,-0.099237343
5083,-1540,7254,8187,12671,12009,-527,0.57,0.68,7244.57429,0.571744479,8057.535,0.670958031,-0.099213553
5084,-1536,7254,8194,12666,12020,-527,0.57,0.68,7244.56764,0.571969654,8064.8815,0.6709552,-0.098985545
5085,-1540,7252,8192,12669,12018,-527,0.57,0.68,7242.57163,0.571676662,8062.8185,0.670895199,-0.099218537
5087,-1541,7254,8195,12669,12025,-527,0.57,0.68,7244.57163,0.571834528,8066.039,0.670772474,-0.098937946
5088,-1542,7251,8191,12664,12019,-527,0.57,0.68,7241.56498,0.571822882,8061.85,0.670758799,-0.098935916
5089,-1536,7254,8190,12677,12021,-565,0.57,0.68,7244.58227,0.571474503,8060.913,0.670569254,-0.099094751
5090,-1540,7256,8191,12670,12017,-661,0.57,0.68,7246.57296,0.571947353,8061.787,0.670865191,-0.098917838
5091,-1537,7260,8197,12676,12028,-756,0.57,0.68,7250.58094,0.571992816,8068.1335,0.670779307,-0.09878649
5092,-1537,7257,8197,12678,12031,-852,0.57,0.68,7247.5836,0.571666162,8068.228,0.670619899,-0.098953737
5092,-1535,7265,8200,12687,12024,-910,0.57,0.68,7255.59557,0.571892139,8071.0075,0.671241475,-0.099349336
5093,-1537,7259,8193,12678,12026,-910,0.57,0.68,7249.5836,0.571823915,8064.0705,0.67055301,-0.098729095
5094,-1537,7264,8207,12685,12044,-910,0.57,0.68,7254.59291,0.571903264,8078.6375,0.670760337,-0.098857073
5095,-1534,7264,8200,12687,12034,-910,0.57,0.68,7254.59557,0.571813318,8071.3225,0.670709864,-0.098896545
5096,-1537,7266,8201,12688,12033,-910,0.57,0.68,7256.5969,0.571925985,8072.291,0.67084609,-0.098920105
5097,-1535,7268,8207,12689,12043,-910,0.57,0.68,7258.59823,0.572038634,8078.606,0.670813419,-0.098774784
5098,-1536,7267,8204,12683,12039,-866,0.57,0.68,7257.59025,0.572229776,8075.48,0.670776643,-0.098546867
5099,-1537,7265,8208,12687,12040,-758,0.57,0.68,7255.59557,0.571892139,8079.5115,0.671055772,-0.099163633
5100,-1539,7270,8208,12693,12041,-650,0.57,0.68,7260.60355,0.572016352,8079.543,0.671002658,-0.098986306
5101,-1533,7273,8216,12694,12047,-542,0.57,0.68,7263.60488,0.572207726,8087.732,0.671348219,-0.099140493
5102,-1527,7277,8208,12697,12048,-477,0.57,0.68,7267.60887,0.572387877,8079.7635,0.670631101,-0.098243224
5103,-1531,7270,8210,12693,12047,-477,0.57,0.68,7260.60355,0.572016352,8081.732,0.67085017,-0.098833819
5104,-1531,7275,8212,12700,12049,-477,0.57,0.68,7265.61286,0.572095501,8083.795,0.670910034,-0.098814533
5106,-1529,7272,8214,12688,12052,-477,0.57,0.68,7262.5969,0.572398873,8085.8895,0.670916819,-0.098517946
5107,-1529,7274,8216,12692,12054,-477,0.57,0.68,7264.60222,0.572376475,8087.9525,0.670976647,-0.098600172
5107,-1524,7284,8217,12702,12060,-477,0.57,0.68,7274.61552,0.57271418,8089.1415,0.670741418,-0.098027237
5108,-1523,7285,8216,12700,12056,-560,0.57,0.68,7275.61286,0.572882902,8088.0155,0.670870562,-0.09798766
5109,-1522,7283,8216,12699,12066,-767,0.57,0.68,7273.61153,0.572770417,8088.3305,0.670340668,-0.097570251
5110,-1523,7285,8213,12705,12061,-974,0.57,0.68,7275.61951,0.57265797,8085.173,0.67035677,-0.0976988
5111,-1525,7283,8217,12706,12063,-1181,0.57,0.68,7273.62084,0.572455599,8089.236,0.670582442,-0.098126843
5112,-1519,7287,8218,12708,12067,-1305,0.57,0.68,7277.6235,0.572680477,8090.362,0.670453468,-0.097772991
5113,-1520,7289,8223,12713,12068,-1305,0.57,0.68,7279.63015,0.572613085,8095.3935,0.670814841,-0.098201756
5114,-1522,7296,8228,12716,12072,-1305,0.57,0.68,7286.63414,0.573028794,8100.5195,0.671017189,-0.097988395
5115,-1521,7295,8223,12713,12065,-1305,0.57,0.68,7285.63015,0.573085043,8095.299,0.670973809,-0.097888766
5116,-1520,7295,8225,12713,12069,-1305,0.57,0.68,7285.63015,0.573085043,8097.425,0.670927583,-0.09784254
5117,-1513,7295,8221,12710,12067,-1305,0.57,0.68,7285.62616,0.573219997,8093.362,0.67070208,-0.097482083
5118,-1517,7294,8232,12711,12077,-1131,0.57,0.68,7284.62749,0.573096333,8104.677,0.67108363,-0.097987297
5119,-1519,7299,8225,12718,12073,-696,0.57,0.68,7289.6368,0.573174776,8097.551,0.670715729,-0.097540953
5120,-1514,7301,8236,12720,12084,-262,0.57,0.68,7291.63946,0.573242096,8108.8975,0.671044149,-0.097802053
5121,-1513,7301,8229,12720,12080,172,0.57,0.68,7291.63946,0.573242096,8101.7715,0.670676449,-0.097434353
5122,-1513,7298,8230,12719,12083,433,0.57,0.68,7288.63813,0.573051193,8102.866,0.670600513,-0.09754932
5123,-1515,7303,8236,12725,12083,433,0.57,0.68,7293.64611,0.573174547,8108.866,0.671097079,-0.097922532
5124,-1515,7311,8234,12731,12080,433,0.57,0.68,7301.65409,0.573533429,8106.7715,0.671090356,-0.097556927
5125,-1508,7303,8230,12725,12080,433,0.57,0.68,7293.64611,0.573174547,8102.7715,0.67075923,-0.097584683
5126,-1512,7309,8235,12730,12086,433,0.57,0.68,7299.65276,0.573421269,8107.9605,0.670855577,-0.097434307
5127,-1511,7307,8237,12720,12086,433,0.57,0.68,7297.63946,0.573713794,8109.9605,0.671021057,-0.097307263
5128,-1514,7307,8243,12728,12091,465,0.57,0.68,7297.6501,0.57335403,8116.118,0.671252833,-0.097898802
5129,-1512,7314,8242,12732,12094,564,0.57,0.68,7304.65542,0.573724114,8115.2125,0.671011452,-0.097287338
5130,-1510,7313,8244,12735,12097,664,0.57,0.68,7303.65941,0.573510751,8117.307,0.671018186,-0.097507436
5131,-1515,7315,8249,12731,12102,764,0.57,0.68,7305.65409,0.573847623,8122.4645,0.671167121,-0.097319498
5132,-1508,7315,8244,12734,12090,832,0.57,0.68,7305.65808,0.573712744,8117.0865,0.671388462,-0.097675718
5133,-1514,7316,8244,12735,12093,832,0.57,0.68,7306.65941,0.573746322,8117.181,0.67122972,-0.097483398
5134,-1512,7324,8247,12742,12097,832,0.57,0.68,7314.66872,0.574059702,8120.307,0.671266182,-0.09720648
5135,-1512,7317,8250,12739,12097,832,0.57,0.68,7307.66473,0.573645084,8123.307,0.671514177,-0.097869093
5136,-1513,7322,8254,12740,12107,832,0.57,0.68,7312.66606,0.573992626,8127.622,0.671315933,-0.097323307
5137,-1511,7326,8249,12748,12099,832,0.57,0.68,7316.6767,0.573947027,8122.37,0.671325729,-0.097378702
5138,-1512,7326,8250,12745,12100,447,0.57,0.68,7316.67271,0.574081813,8123.4015,0.671355496,-0.097273683
5139,-1513,7322,8252,12741,12103,-510,0.57,0.68,7312.66739,0.57394768,8125.496,0.671362142,-0.097414462
5140,-1513,7323,8257,12746,12103,-1469,0.57,0.68,7313.67404,0.573801509,8130.496,0.671775262,-0.097973753
5141,-1516,7327,8264,12746,12114,-2428,0.57,0.68,7317.67404,0.574115333,8137.8425,0.67177171,-0.097656377
5142,-1511,7324,8261,12748,12113,-3001,0.57,0.68,7314.6767,0.57379014,8134.811,0.671576901,-0.097786761
5143,-1511,7331,8255,12751,12112,-3001,0.57,0.68,7321.68069,0.57420443,8128.7795,0.671134371,-0.096929941
5144,-1513,7333,8263,12756,12115,-3001,0.57,0.68,7323.68734,0.574136668,8136.874,0.671636319,-0.09749965
5145,-1517,7327,8264,12752,12114,-3001,0.57,0.68,7317.68202,0.57384583,8137.8425,0.67177171,-0.097925881
5146,-1513,7322,8259,12743,12113,-3002,0.57,0.68,7312.67005,0.573857808,8132.811,0.671411789,-0.097553981
5147,-1508,7328,8270,12752,12120,-3002,0.57,0.68,7318.68202,0.573924249,8144.0315,0.671949794,-0.098025545
5148,-1518,7335,8272,12763,12128,-2792,0.57,0.68,7325.69665,0.573979209,8146.2835,0.671692241,-0.097713032
5149,-1516,7336,8281,12760,12129,-2269,0.57,0.68,7326.69266,0.574192215,8155.315,0.672381482,-0.098189268
5150,-1518,7333,8278,12762,12135,-1746,0.57,0.68,7323.69532,0.573867366,8152.504,0.671817388,-0.097950022
5151,-1522,7344,8278,12772,12131,-1223,0.58,0.68,7334.70862,0.574280349,8152.378,0.672028522,-0.097748173
5152,-1517,7335,8285,12762,12134,-909,0.57,0.68,7325.69532,0.574024081,8159.4725,0.67244705,-0.098422969
5154,-1521,7337,8282,12760,12133,-910,0.57,0.68,7327.69266,0.574270585,8156.441,0.672252617,-0.097982032
5154,-1521,7333,8289,12763,12142,-910,0.57,0.68,7323.69665,0.573822506,8163.7245,0.672354184,-0.098531677
5155,-1521,7334,8286,12763,12140,-910,0.57,0.68,7324.69665,0.573900858,8160.6615,0.672212644,-0.098311786
5156,-1527,7329,8289,12767,12139,-910,0.57,0.68,7319.70197,0.573329832,8163.63,0.672512563,-0.09918273
5157,-1522,7334,8293,12763,12144,-910,0.57,0.68,7324.69665,0.573900858,8167.7875,0.672578022,-0.098677164
5158,-1529,7338,8291,12766,12147,-977,0.57,0.68,7328.70064,0.574079637,8165.882,0.672255042,-0.098175406
5159,-1529,7332,8291,12770,12139,-1144,0.57,0.68,7322.70596,0.573430381,8165.63,0.672677321,-0.09924694
5160,-1538,7335,8301,12772,12153,-1312,0.57,0.68,7325.70862,0.573575683,8176.071,0.67276154,-0.099185858
5161,-1538,7334,8297,12777,12141,-1479,0.57,0.68,7324.71527,0.573273481,8171.693,0.673065892,-0.099792411
5162,-1537,7329,8302,12765,12148,-1580,0.57,0.68,7319.69931,0.573419452,8176.9135,0.673107796,-0.099688343
5163,-1541,7331,8303,12773,12152,-1580,0.57,0.68,7321.70995,0.573217721,8178.0395,0.672978892,-0.099761171
5164,-1541,7331,8305,12767,12155,-1580,0.57,0.68,7321.70197,0.573486486,8180.134,0.672985109,-0.099498623
5165,-1541,7333,8306,12775,12150,-1580,0.57,0.68,7323.71261,0.573284744,8180.9765,0.673331399,-0.100046655
5166,-1552,7324,8313,12770,12157,-1580,0.57,0.68,7314.70596,0.572803912,8188.197,0.673537633,-0.10073372
5167,-1545,7328,8309,12774,12153,-1580,0.57,0.68,7318.71128,0.572938099,8184.071,0.673419814,-0.100481715
5168,-1552,7329,8313,12777,12159,-1465,0.57,0.68,7319.71527,0.572882153,8188.26,0.673432026,-0.100549873
5169,-1553,7328,8319,12780,12163,-1179,0.57,0.68,7318.71926,0.572669739,8194.386,0.673714215,-0.101044477
5170,-1557,7324,8314,12781,12160,-893,0.57,0.68,7314.72059,0.572312072,8189.2915,0.673461472,-0.1011494
5171,-1563,7328,8320,12782,12165,-607,0.57,0.68,7318.72192,0.572580341,8195.449,0.673690834,-0.101110493
5172,-1559,7321,8318,12769,12157,-435,0.57,0.68,7311.70463,0.572613723,8193.197,0.673948918,-0.101335195
5173,-1568,7320,8323,12781,12164,-435,0.57,0.68,7310.72059,0.571999107,8198.4175,0.673990258,-0.101991151
5174,-1569,7317,8323,12776,12166,-435,0.57,0.68,7307.71394,0.571987628,8198.4805,0.673884638,-0.101897009
5175,-1573,7318,8326,12782,12166,-435,0.57,0.68,7308.72192,0.571797991,8201.4805,0.674131226,-0.102333235
5176,-1571,7321,8325,12787,12164,-435,0.57,0.68,7311.72857,0.571809539,8200.4175,0.674154678,-0.102345139
5177,-1577,7308,8334,12773,12172,-435,0.57,0.68,7298.70995,0.571417048,8209.6695,0.674471697,-0.10305465
5178,-1578,7312,8339,12787,12182,-440,0.57,0.68,7302.72857,0.571105699,8214.9845,0.674354334,-0.103248636
5179,-1577,7312,8332,12777,12175,-463,0.57,0.68,7302.71527,0.571551637,8207.764,0.674148994,-0.102597357
5180,-1582,7316,8335,12799,12174,-485,0.57,0.68,7306.74453,0.570884017,8210.7325,0.674448209,-0.103564193
5181,-1587,7314,8338,12789,12175,-508,0.57,0.68,7304.73123,0.571172979,8213.764,0.674641807,-0.103468828
5182,-1585,7315,8342,12791,12184,-527,0.57,0.68,7305.73389,0.571162058,8218.0475,0.674495034,-0.103332976
5183,-1597,7306,8347,12785,12186,-527,0.57,0.68,7296.72591,0.570725531,8223.1105,0.674799811,-0.104074281
5184,-1596,7301,8351,12783,12196,-527,0.57,0.68,7291.72325,0.570423473,8227.4255,0.67460032,-0.104176847
5185,-1602,7311,8346,12799,12181,-527,0.57,0.69,7301.74453,0.570493361,8221.953,0.674981775,-0.104488414
5186,-1605,7302,8357,12795,12190,-527,0.57,0.69,7292.73921,0.569967894,8233.2365,0.675409065,-0.10544117
5187,-1609,7305,8350,12785,12184,-527,0.57,0.69,7295.72591,0.570647314,8226.0475,0.675151633,-0.104504319
5188,-1610,7300,8361,12787,12198,-619,0.57,0.69,7290.72857,0.570167246,8237.4885,0.675314683,-0.105147437
5189,-1614,7294,8357,12775,12193,-844,0.57,0.69,7284.71261,0.570231907,8233.331,0.675250636,-0.105018729
5190,-1618,7303,8365,12803,12195,-1070,0.57,0.69,7293.74985,0.569690686,8241.394,0.675801066,-0.10611038
5191,-1619,7292,8364,12787,12192,-1296,0.57,0.69,7282.72857,0.56954161,8240.2995,0.675877584,-0.106335973
5192,-1621,7309,8369,12822,12198,-1429,0.57,0.69,7299.77512,0.569316419,8245.4885,0.675970528,-0.106654109
5193,-1624,7310,8367,12820,12200,-1429,0.57,0.69,7300.77246,0.569483031,8243.5515,0.675700943,-0.106217911
5194,-1626,7314,8369,12825,12199,-1429,0.57,0.69,7304.77911,0.56957342,8245.52,0.675917698,-0.106344278
5195,-1633,7306,8368,12821,12197,-1430,0.57,0.69,7296.77379,0.569126729,8244.457,0.675941379,-0.10681465
5196,-1637,7321,8376,12844,12201,-1430,0.57,0.69,7311.80438,0.569277825,8252.583,0.676385788,-0.107107963
5197,-1632,7311,8372,12838,12202,-1430,0.57,0.69,7301.7964,0.568764325,8248.6145,0.676005122,-0.107240797
5198,-1637,7306,8380,12828,12211,-1429,0.57,0.69,7296.7831,0.568816893,8256.898,0.676185243,-0.10736835
5199,-1644,7316,8381,12855,12209,-1446,0.57,0.69,7306.81901,0.568402879,8257.835,0.676372758,-0.107969879
5200,-1644,7295,8386,12819,12210,-1473,0.57,0.69,7285.77113,0.568357214,8262.8665,0.676729443,-0.108372229
5201,-1652,7309,8393,12852,12215,-1501,0.57,0.69,7299.81502,0.567990587,8270.024,0.677038395,-0.109047809
5202,-1657,7312,8393,12859,12214,-1528,0.57,0.69,7302.82433,0.567915416,8269.9925,0.677091248,-0.109175832
5203,-1658,7293,8394,12834,12214,-1539,0.57,0.69,7283.79108,0.567538654,8270.9925,0.677173121,-0.109634467
5204,-1665,7293,8393,12838,12214,-1539,0.57,0.69,7283.7964,0.567362237,8269.9925,0.677091248,-0.109729011
5205,-1663,7298,8396,12841,12221,-1539,0.57,0.69,7288.80039,0.567619375,8273.213,0.676966942,-0.109347567
5206,-1666,7293,8405,12837,12225,-1539,0.57,0.69,7283.79507,0.567406331,8282.339,0.677491943,-0.110085612
5208,-1672,7296,8398,12849,12222,-1539,0.57,0.69,7286.81103,0.567111139,8275.2445,0.67707777,-0.10996663
5209,-1673,7299,8403,12862,12227,-1497,0.57,0.69,7289.82832,0.566772533,8280.402,0.677222704,-0.110450171
5210,-1676,7300,8410,12858,12232,-1391,0.57,0.69,7290.823,0.567026209,8287.5595,0.677531025,-0.110504816
5210,-1680,7290,8408,12848,12227,-1284,0.57,0.69,7280.8097,0.566688177,8285.402,0.677631635,-0.110943458
5211,-1688,7296,8414,12861,12226,-1177,0.57,0.69,7286.82699,0.566583235,8291.3705,0.678175241,-0.111592006
5212,-1681,7284,8408,12841,12232,-1112,0.57,0.69,7274.80039,0.566529117,8285.5595,0.67736752,-0.110838403
5213,-1697,7278,8413,12845,12231,-1112,0.57,0.69,7268.80571,0.565886003,8290.528,0.677829123,-0.11194312
5214,-1694,7285,8415,12846,12233,-1112,0.57,0.69,7275.80704,0.566386972,8292.591,0.677886945,-0.111499973
5215,-1694,7284,8421,12852,12235,-1112,0.57,0.69,7274.81502,0.566045364,8298.654,0.67827168,-0.112226315
5216,-1701,7279,8422,12851,12234,-1112,0.57,0.69,7269.81369,0.565700233,8299.6225,0.678406286,-0.112706053
5217,-1706,7294,8422,12874,12238,-1112,0.57,0.69,7284.84428,0.565857098,8299.7485,0.678194844,-0.112337746
5218,-1698,7280,8422,12849,12244,-1201,0.57,0.69,7270.81103,0.565865906,8299.9375,0.67787794,-0.112012034
5219,-1707,7289,8422,12874,12238,-1423,0.57,0.69,7279.84428,0.565468718,8299.7485,0.678194844,-0.112726126
5220,-1711,7276,8432,12857,12239,-1646,0.57,0.69,7266.82167,0.565203521,8309.78,0.678959065,-0.113755544
5221,-1711,7294,8431,12887,12243,-1868,0.57,0.69,7284.86157,0.565287621,8308.906,0.67866585,-0.113378229
5222,-1710,7273,8436,12855,12254,-2001,0.57,0.69,7263.81901,0.565057877,8314.2525,0.678492941,-0.113435064
5224,-1716,7282,8429,12863,12243,-2001,0.57,0.69,7272.82965,0.565406954,8306.906,0.678502491,-0.113095537
5225,-1715,7278,8437,12864,12250,-2001,0.57,0.69,7268.83098,0.56505216,8315.1265,0.678785837,-0.113733677
5226,-1719,7279,8438,12868,12251,-2001,0.57,0.69,7269.8363,0.564954639,8316.158,0.678814627,-0.113859988
5227,-1724,7271,8441,12858,12255,-2001,0.57,0.69,7261.823,0.564770804,8319.284,0.678848144,-0.114077339
5228,-1720,7291,8441,12892,12255,-2001,0.57,0.69,7281.86822,0.564836195,8319.284,0.678848144,-0.114011949
5228,-1725,7279,8439,12870,12253,-1845,0.57,0.69,7269.83896,0.564867052,8317.221,0.678790582,-0.11392353
5229,-1726,7293,8449,12888,12259,-1464,0.57,0.69,7283.8629,0.565166271,8327.41,0.679289502,-0.114123231
5230,-1723,7277,8445,12869,12250,-1083,0.57,0.69,7267.83763,0.56475543,8323.1265,0.679438898,-0.114683468
5231,-1727,7296,8447,12897,12264,-702,0.57,0.69,7286.87487,0.565005418,8325.5675,0.678862321,-0.113856903
5232,-1725,7288,8441,12885,12250,-477,0.57,0.69,7278.85891,0.5649095,8319.1265,0.679112367,-0.114202867
5233,-1730,7282,8449,12873,12255,-477,0.57,0.69,7272.84295,0.564968768,8327.284,0.679500938,-0.11453217
5234,-1734,7280,8454,12876,12265,-477,0.57,0.69,7270.84694,0.564682117,8332.599,0.679380269,-0.114698152
5236,-1733,7276,8454,12864,12266,-477,0.57,0.69,7266.83098,0.564896687,8332.6305,0.67932745,-0.114430763
5237,-1729,7283,8447,12876,12259,-477,0.57,0.69,7273.84694,0.564915109,8325.41,0.679126356,-0.114211247
5237,-1736,7277,8442,12882,12249,-477,0.56,0.69,7267.85492,0.564186844,8320.095,0.679246877,-0.115060034
5238,-1738,7282,8451,12881,12258,-555,0.57,0.69,7272.85359,0.564618709,8329.3785,0.679505507,-0.114886798
5239,-1734,7281,8449,12875,12259,-936,0.57,0.69,7271.84561,0.564803543,8327.41,0.679289502,-0.114485959
5240,-1736,7275,8455,12876,12264,-1317,0.57,0.69,7265.84694,0.564293798,8333.5675,0.679514636,-0.115220839
5241,-1737,7289,8449,12892,12261,-1698,0.57,0.69,7279.86822,0.56468106,8327.473,0.679183835,-0.114502775
5242,-1736,7282,8464,12882,12271,-2001,0.57,0.69,7272.85492,0.564574982,8342.788,0.679878413,-0.11530343
5243,-1738,7289,8461,12890,12273,-2001,0.57,0.69,7279.86556,0.564768469,8339.851,0.679528314,-0.114759846
5244,-1737,7284,8455,12885,12265,-2001,0.57,0.69,7274.85891,0.564599062,8333.599,0.679461802,-0.11486274
5245,-1737,7283,8461,12880,12272,-2001,0.57,0.69,7273.85226,0.564740082,8339.8195,0.67958112,-0.114841037
5246,-1740,7285,8472,12890,12280,-2001,0.57,0.69,7275.86556,0.564458151,8351.0715,0.680054682,-0.115596532
5247,-1740,7280,8461,12888,12267,-2001,0.56,0.69,7270.8629,0.564157581,8339.662,0.679845276,-0.115687695
5248,-1742,7281,8470,12882,12279,-1972,0.57,0.69,7271.85492,0.564497354,8349.04,0.679944621,-0.115447266
5249,-1745,7283,8471,12885,12281,-1829,0.57,0.69,7273.85891,0.564521452,8350.103,0.679920446,-0.115398994
5250,-1741,7286,8470,12891,12280,-1687,0.57,0.69,7276.86689,0.56449204,8349.0715,0.679891816,-0.115399776
5251,-1743,7287,8469,12891,12277,-1544,0.57,0.69,7277.86689,0.564569614,8347.977,0.679968803,-0.11539919
5252,-1737,7285,8480,12885,12292,-1429,0.57,0.69,7275.85891,0.564676671,8359.4495,0.680072364,-0.115395693
5253,-1746,7287,8480,12897,12290,-1429,0.57,0.69,7277.87487,0.564307581,8359.3865,0.680177909,-0.115870328
5254,-1743,7285,8483,12892,12295,-1429,0.57,0.69,7275.86822,0.56437079,8362.544,0.680158113,-0.115787323
5255,-1741,7288,8483,12891,12293,-1430,0.57,0.69,7278.86689,0.564647187,8362.481,0.680263646,-0.115616459
5256,-1741,7294,8479,12894,12288,-1430,0.57,0.69,7284.87088,0.564981455,8358.3235,0.680202108,-0.115220653
5257,-1738,7294,8479,12900,12289,-1430,0.57,0.69,7284.87886,0.564719291,8358.355,0.680149321,-0.115430029
5258,-1737,7296,8484,12897,12296,-1404,0.57,0.69,7286.87487,0.565005418,8363.5755,0.680186687,-0.115181269
5259,-1740,7295,8484,12903,12300,-1274,0.57,0.69,7285.88285,0.564665803,8363.7015,0.679975732,-0.115309929
5260,-1738,7292,8492,12891,12304,-1143,0.57,0.69,7282.86689,0.564957481,8371.8275,0.680415109,-0.115457628
5261,-1741,7294,8483,12900,12293,-1013,0.57,0.69,7284.87886,0.564719291,8362.481,0.680263646,-0.115544355
5262,-1736,7299,8491,12897,12310,-909,0.57,0.69,7289.87487,0.56523803,8371.0165,0.680017587,-0.114779558
5263,-1739,7300,8490,12905,12299,-909,0.57,0.69,7290.88551,0.564965944,8369.67,0.680516302,-0.115550358
5264,-1739,7302,8499,12913,12308,-910,0.57,0.69,7292.89615,0.564771637,8378.9535,0.680772953,-0.116001315
5265,-1741,7296,8501,12905,12317,-910,0.57,0.69,7286.88551,0.564655987,8381.237,0.680460908,-0.115804921
5266,-1738,7304,8499,12902,12310,-910,0.57,0.69,7294.88152,0.565407031,8379.0165,0.680667465,-0.115260434
5267,-1739,7303,8502,12897,12308,-910,0.57,0.69,7293.87487,0.565548179,8381.9535,0.681016696,-0.115468517
5268,-1736,7301,8495,12909,12313,-864,0.57,0.69,7291.89083,0.564868761,8375.111,0.680184439,-0.115315679
5269,-1739,7300,8497,12903,12309,-637,0.57,0.69,7290.88285,0.565053309,8376.985,0.680557722,-0.115504413
5270,-1734,7311,8505,12912,12320,-410,0.57,0.69,7301.89482,0.5655123,8385.3315,0.680627557,-0.115115257
5271,-1734,7305,8499,12905,12315,-182,0.57,0.69,7295.88551,0.565353391,8379.174,0.680403898,-0.115050507
5272,-1729,7310,8508,12913,12318,0,0.57,0.69,7300.89615,0.565391168,8388.2685,0.680976498,-0.11558533
5273,-1735,7317,8507,12914,12327,0,0.57,0.69,7307.89748,0.565889537,8387.552,0.680421189,-0.114531652
5274,-1729,7315,8519,12913,12339,0,0.57,0.69,7305.89615,0.565778375,8399.93,0.680762623,-0.114984248
5275,-1732,7320,8518,12920,12341,0,0.57,0.69,7310.90546,0.565859556,8398.993,0.680576371,-0.114716816
5276,-1731,7321,8511,12922,12330,0,0.57,0.69,7311.90812,0.565849568,8391.6465,0.680587713,-0.114738145
5278,-1732,7321,8519,12917,12341,0,0.57,0.69,7311.90147,0.566068086,8399.993,0.680657402,-0.114589316
5279,-1732,7318,8520,12915,12335,0,0.57,0.69,7308.89881,0.565923253,8400.804,0.681054236,-0.115130983
5280,-1734,7325,8521,12919,12341,0,0.57,0.69,7315.90413,0.56629028,8401.993,0.680819464,-0.114529183
5280,-1730,7321,8527,12920,12353,0,0.57,0.69,7311.90546,0.565936955,8408.371,0.680674411,-0.114737456
5281,-1729,7325,8519,12932,12333,0,0.57,0.69,7315.92142,0.565722349,8399.741,0.681078489,-0.115356139
5282,-1729,7332,8518,12933,12331,0,0.57,0.69,7322.92275,0.566219961,8398.678,0.681102749,-0.114882789
5283,-1729,7316,8515,12900,12332,0,0.57,0.69,7306.87886,0.566424718,8395.7095,0.680806803,-0.114382086
5284,-1736,7326,8529,12926,12348,0,0.57,0.69,7316.91344,0.566061693,8410.2135,0.681099247,-0.115037554
5285,-1730,7331,8522,12930,12341,0,0.57,0.69,7321.91876,0.566273686,8402.993,0.680900494,-0.114626808
5286,-1725,7337,8541,12937,12366,0,0.57,0.69,7327.92807,0.56643179,8422.7805,0.68112409,-0.1146923
5287,-1724,7329,8544,12923,12370,0,0.57,0.69,7319.90945,0.566424936,8425.9065,0.681156548,-0.114731612
5288,-1731,7328,8530,12923,12351,-24,0.57,0.69,7318.90945,0.566347555,8411.308,0.681022427,-0.114674873
5289,-1729,7329,8528,12931,12347,-143,0.57,0.69,7319.92009,0.56607533,8409.182,0.681070867,-0.114995538
5290,-1728,7334,8534,12927,12359,-262,0.57,0.69,7324.91477,0.566636866,8415.56,0.680925641,-0.114288775
5291,-1726,7339,8543,12935,12371,-381,0.57,0.69,7329.92541,0.566673785,8424.938,0.681023199,-0.114349414
5292,-1725,7332,8533,12929,12351,-477,0.57,0.69,7322.91743,0.566394727,8414.308,0.681265323,-0.114870595
5293,-1727,7336,8531,12946,12349,-477,0.57,0.69,7326.94004,0.56596169,8412.245,0.6812086,-0.11524691
5294,-1726,7339,8525,12938,12349,-477,0.57,0.69,7329.9294,0.566542696,8406.245,0.680722731,-0.114180035
5295,-1728,7341,8536,12943,12355,-477,0.57,0.69,7331.93605,0.566478873,8417.434,0.681297774,-0.114818901
5297,-1733,7343,8541,12949,12372,-477,0.57,0.69,7333.94403,0.56637146,8422.9695,0.680809045,-0.114437585
5297,-1727,7346,8540,12943,12364,-477,0.57,0.69,7336.93605,0.566865182,8421.7175,0.681148293,-0.114283111
5299,-1729,7336,8541,12938,12363,-453,0.57,0.69,7326.9294,0.566310821,8422.686,0.681281728,-0.114970907
5299,-1731,7345,8542,12948,12360,-334,0.57,0.69,7335.9427,0.566569563,8423.5915,0.681520348,-0.114950785
5300,-1734,7337,8541,12937,12368,-215,0.57,0.69,7327.92807,0.56643179,8422.8435,0.681019041,-0.114587251
5301,-1732,7343,8551,12941,12374,-96,0.57,0.69,7333.93339,0.566720763,8433.0325,0.681512243,-0.114791481
5302,-1728,7340,8547,12941,12367,0,0.57,0.69,7330.93339,0.566488941,8428.812,0.681556724,-0.115067782
5303,-1733,7338,8545,12937,12373,0,0.57,0.69,7328.92807,0.566509088,8427.001,0.681079851,-0.114570763
5304,-1730,7348,8543,12948,12364,0,0.57,0.69,7338.9427,0.566801259,8424.7175,0.681390933,-0.114589674
5305,-1730,7347,8545,12941,12370,0,0.57,0.69,7337.93339,0.567029858,8426.9065,0.681237389,-0.114207531
5306,-1729,7342,8555,12946,12384,0,0.57,0.69,7332.94004,0.566425154,8437.3475,0.68131036,-0.114885206
5307,-1731,7347,8554,12945,12377,0,0.57,0.69,7337.93871,0.566855057,8436.127,0.681597075,-0.114742018
5308,-1732,7346,8551,12954,12375,-56,0.57,0.69,7336.95068,0.566384953,8433.064,0.681459717,-0.115074764
5309,-1736,7344,8560,12945,12383,-334,0.57,0.69,7334.93871,0.566623307,8442.316,0.681766616,-0.115143308
5310,-1733,7354,8555,12957,12375,-612,0.57,0.69,7344.95467,0.56687155,8437.064,0.681782949,-0.1149114
5311,-1735,7345,8556,12948,12376,-889,0.57,0.69,7335.9427,0.566569563,8438.0955,0.681811207,-0.115241644
5312,-1731,7350,8556,12949,12374,-1112,0.57,0.69,7340.94403,0.566912042,8438.0325,0.681916316,-0.115004275
5313,-1736,7352,8560,12960,12375,-1112,0.57,0.69,7342.95866,0.566586316,8442.064,0.68218699,-0.115600674
5314,-1737,7353,8564,12957,12384,-1112,0.57,0.69,7343.95467,0.566794371,8446.3475,0.682037104,-0.115242733
5316,-1732,7354,8569,12960,12394,-1112,0.57,0.69,7344.95866,0.566740637,8451.6625,0.681915645,-0.115175007
5317,-1735,7352,8570,12955,12392,-1112,0.57,0.69,7342.95201,0.566804478,8452.5995,0.682101315,-0.115296838
5318,-1734,7349,8571,12966,12395,-1112,0.57,0.69,7339.96664,0.56609337,8453.694,0.682024526,-0.115931156
5319,-1740,7348,8560,12960,12383,-1106,0.57,0.69,7338.95866,0.566277674,8442.316,0.681766616,-0.115488941
5320,-1742,7350,8572,12966,12391,-1078,0.57,0.69,7340.96664,0.566170495,8454.568,0.682315229,-0.116144734
5321,-1737,7355,8569,12961,12393,-1050,0.57,0.69,7345.95999,0.566774168,8451.631,0.681968127,-0.115193959
5322,-1738,7354,8572,12963,12399,-1023,0.57,0.69,7344.96265,0.566609786,8454.82,0.681895314,-0.115285529
5322,-1737,7351,8573,12961,12398,-1000,0.57,0.69,7341.95999,0.56646555,8455.7885,0.682028432,-0.115562882
5323,-1739,7351,8571,12967,12400,-1000,0.57,0.69,7341.96797,0.566204054,8453.8515,0.681762218,-0.115558164
5324,-1739,7350,8577,12963,12400,-1000,0.57,0.69,7340.96265,0.566301215,8459.8515,0.682246089,-0.115944874
5325,-1739,7354,8592,12972,12425,-1000,0.57,0.69,7344.97462,0.566217593,8475.639,0.682143984,-0.115926391
5326,-1742,7348,8586,12964,12411,-1000,0.57,0.69,7338.96398,0.566103362,8469.198,0.682394489,-0.116291127
5327,-1744,7350,8582,12969,12403,-1000,0.57,0.69,7340.97063,0.566039836,8464.946,0.682491816,-0.116451981
5328,-1744,7350,8585,12966,12408,-1000,0.57,0.69,7340.96664,0.566170495,8468.1035,0.682471269,-0.116300773
5329,-1745,7352,8585,12972,12413,-1000,0.57,0.69,7342.97462,0.566063415,8468.261,0.682209055,-0.11614564
5330,-1743,7350,8585,12967,12404,-1000,0.57,0.69,7340.96797,0.566126935,8467.9775,0.682681192,-0.116554256
5332,-1746,7348,8584,12977,12412,-1000,0.57,0.69,7338.98127,0.565537587,8467.2295,0.682180914,-0.116643326
5333,-1746,7350,8581,12978,12406,-1000,0.57,0.69,7340.9826,0.56564822,8464.0405,0.682253788,-0.116605568
5334,-1749,7349,8586,12976,12412,-1000,0.57,0.69,7339.97994,0.565658133,8469.2295,0.682342048,-0.116683915
5335,-1745,7350,8588,12973,12414,-1000,0.57,0.69,7340.97595,0.565865717,8471.2925,0.6823983,-0.116532583
5336,-1748,7355,8581,12977,12416,-1000,0.57,0.69,7345.98127,0.566077003,8464.3555,0.681729663,-0.11565266
5337,-1753,7342,8592,12969,12413,-1000,0.57,0.69,7332.97063,0.56542298,8475.261,0.68277298,-0.11735
5338,-1755,7347,8592,12972,12418,-1000,0.57,0.69,7337.97462,0.565677969,8475.4185,0.682510751,-0.116832781
5339,-1750,7353,8597,12978,12427,-1050,0.57,0.69,7343.9826,0.56587938,8480.702,0.682441619,-0.116562239
5340,-1755,7353,8592,12992,12417,-1301,0.57,0.69,7344.00122,0.56527103,8475.387,0.68256318,-0.11729215
5340,-1758,7350,8596,12987,12420,-1551,0.57,0.69,7340.99457,0.565257147,8479.4815,0.682727979,-0.117470832
5341,-1755,7346,8597,12977,12429,-1801,0.57,0.69,7336.98127,0.565383468,8480.765,0.682336873,-0.116953405
5342,-1755,7350,8599,12988,12424,-2001,0.57,0.69,7340.9959,0.565213728,8482.6075,0.682759779,-0.117546051
5343,-1758,7351,8602,12983,12431,-2001,0.57,0.69,7341.98925,0.565507914,8485.828,0.682634382,-0.117126468
5344,-1756,7352,8594,12986,12425,-2001,0.57,0.69,7342.99324,0.565454585,8477.639,0.68230495,-0.116850365
5345,-1757,7352,8598,12986,12431,-2001,0.57,0.69,7342.99324,0.565454585,8481.828,0.682312606,-0.116858021
5346,-1751,7351,8599,12980,12431,-2001,0.57,0.69,7341.98526,0.56563831,8482.828,0.68239305,-0.11675474
5347,-1759,7355,8607,12993,12437,-2001,0.57,0.69,7346.00255,0.565381555,8491.017,0.68272228,-0.117340725
5349,-1759,7353,8602,12988,12432,-1992,0.57,0.69,7343.9959,0.565444711,8485.8595,0.682582006,-0.117137296
5350,-1759,7353,8603,12990,12439,-1946,0.57,0.69,7343.99856,0.565357857,8487.08,0.682296005,-0.116938148
5351,-1762,7349,8600,12987,12430,-1901,0.57,0.69,7339.99457,0.565180147,8483.7965,0.682525865,-0.117345718
5352,-1759,7352,8609,12996,12441,-1855,0.57,0.69,7343.00654,0.565020509,8493.143,0.68267366,-0.11765315
5353,-1750,7350,8608,12988,12445,-1819,0.57,0.69,7340.9959,0.565213728,8492.269,0.68238401,-0.117170282
5353,-1762,7350,8605,12989,12435,-1819,0.57,0.69,7340.99723,0.565170316,8488.954,0.682666184,-0.117495869
5354,-1763,7356,8611,13001,12437,-1819,0.57,0.69,7347.01319,0.565111391,8495.017,0.683043901,-0.117932511
5355,-1766,7353,8615,13004,12444,-1819,0.57,0.69,7344.01718,0.564750629,8499.2375,0.682998835,-0.118248206
5356,-1767,7351,8611,12999,12438,-1819,0.57,0.69,7342.01053,0.564813488,8495.0485,0.682991518,-0.11817803
5357,-1766,7351,8614,12997,12447,-1819,0.57,0.69,7342.00787,0.564900198,8498.332,0.682761469,-0.117861271
5359,-1764,7359,8620,13004,12453,-1702,0.57,0.69,7350.01718,0.565212026,8504.521,0.682929495,-0.117717469
5360,-1761,7358,8617,12996,12450,-1115,0.57,0.69,7349.00654,0.56548219,8501.4265,0.682845502,-0.117363312
5361,-1765,7349,8613,12998,12450,-529,0.57,0.69,7340.0092,0.56470297,8497.4265,0.682524217,-0.117821247
5362,-1761,7352,8627,13000,12468,56,0.57,0.69,7343.01186,0.564847066,8511.9935,0.68270721,-0.117860144
5362,-1758,7350,8613,12992,12449,525,0.57,0.69,7341.00122,0.565040119,8497.395,0.682576512,-0.117536394
5363,-1761,7360,8621,13005,12455,525,0.57,0.69,7351.01851,0.56524556,8505.584,0.682905179,-0.117659618
5365,-1761,7358,8613,13003,12449,525,0.57,0.69,7349.01585,0.565178486,8497.395,0.682576512,-0.117398026
5366,-1764,7358,8625,13008,12461,525,0.57,0.69,7349.0225,0.564961754,8509.773,0.682912527,-0.117950773
5367,-1765,7358,8625,13005,12462,525,0.57,0.69,7349.01851,0.565091773,8509.8045,0.682860255,-0.117768482
5368,-1763,7358,8629,13004,12467,525,0.57,0.69,7349.01718,0.565135126,8513.962,0.682919868,-0.117784742
5369,-1764,7363,8619,13011,12459,499,0.57,0.69,7354.02649,0.565216086,8503.71,0.682535516,-0.117319431
5370,-1765,7363,8624,13013,12458,367,0.57,0.69,7354.02915,0.565129421,8508.6785,0.682989123,-0.117859703
5371,-1761,7360,8632,13004,12472,235,0.57,0.69,7351.01718,0.565288925,8517.1195,0.682899254,-0.117610329
5372,-1767,7360,8630,13013,12465,104,0.57,0.69,7351.02915,0.564898882,8514.899,0.683104613,-0.118205731
5373,-1756,7370,8632,13019,12464,0,0.57,0.69,7361.03713,0.565407261,8516.8675,0.683317354,-0.117910093
5373,-1761,7358,8629,13007,12471,0,0.57,0.69,7349.02117,0.565005087,8514.088,0.682710929,-0.117705842
5374,-1762,7365,8634,13011,12472,0,0.57,0.69,7356.02649,0.565369802,8519.1195,0.683059614,-0.117689812
5375,-1758,7370,8635,13018,12478,0,0.57,0.69,7361.0358,0.565450591,8520.3085,0.682826455,-0.117375863
5376,-1754,7367,8631,13011,12476,0,0.57,0.69,7358.02649,0.565523518,8516.2455,0.682610252,-0.117086734
5378,-1756,7369,8628,13018,12469,0,0.57,0.69,7360.0358,0.565373775,8513.025,0.682735183,-0.117361408
5378,-1756,7371,8634,13024,12475,-79,0.57,0.69,7362.04378,0.565267489,8519.214,0.682902926,-0.117635437
5379,-1758,7371,8637,13019,12476,-474,0.57,0.69,7362.03713,0.565484072,8522.2455,0.683091175,-0.117607103
5380,-1758,7371,8634,13016,12480,-869,0.57,0.69,7362.03314,0.565614101,8519.3715,0.682641947,-0.117027846
5381,-1758,7368,8644,13010,12486,-1264,0.57,0.69,7359.02516,0.565643748,8529.5605,0.683129946,-0.117486198
5382,-1756,7368,8641,13012,12484,-1580,0.57,0.69,7359.02782,0.56555701,8526.4975,0.682994032,-0.117437022
5384,-1760,7366,8643,13009,12485,-1580,0.57,0.69,7357.02383,0.565533387,8528.529,0.683102042,-0.117568656
5385,-1758,7375,8641,13023,12484,-1580,0.57,0.69,7366.04245,0.565617941,8526.4975,0.682994032,-0.117376091
5386,-1758,7368,8647,13012,12492,-1580,0.57,0.69,7359.02782,0.56555701,8532.7495,0.683057117,-0.117500106
5387,-1760,7375,8645,13024,12487,-1580,0.57,0.69,7366.04378,0.565574615,8530.592,0.683157844,-0.11758323
5388,-1761,7375,8648,13026,12485,-1580,0.57,0.69,7366.04644,0.565487981,8533.529,0.683502523,-0.118014542
5389,-1755,7379,8648,13031,12485,-1467,0.57,0.69,7370.05309,0.565578474,8533.529,0.683502523,-0.117924049
5389,-1754,7382,8643,13024,12483,-925,0.57,0.69,7373.04378,0.566112084,8528.466,0.683206441,-0.117094357
5390,-1755,7374,8651,13016,12496,-383,0.57,0.69,7365.03314,0.565844587,8536.8755,0.683168654,-0.117324067
5391,-1755,7380,8652,13019,12493,158,0.57,0.69,7371.03713,0.566175369,8537.781,0.683405187,-0.117229818
5392,-1751,7387,8650,13032,12493,587,0.57,0.69,7378.05442,0.56614905,8535.781,0.683245097,-0.117096047
5394,-1755,7385,8656,13027,12497,587,0.57,0.69,7376.04777,0.566212311,8541.907,0.683516604,-0.117304293
5395,-1752,7381,8652,13023,12498,587,0.57,0.69,7372.04245,0.566078665,8537.9385,0.683144383,-0.117065718
5396,-1756,7382,8653,13032,12499,587,0.57,0.69,7373.05442,0.565765379,8538.97,0.683172254,-0.117406875
5397,-1750,7387,8657,13029,12504,587,0.57,0.69,7378.05043,0.566279103,8543.1275,0.683231566,-0.116952463
5398,-1755,7383,8665,13018,12509,587,0.57,0.69,7374.0358,0.566449209,8551.285,0.6836106,-0.117161392
5399,-1757,7390,8656,13038,12496,531,0.57,0.69,7381.0624,0.566119221,8541.8755,0.683568782,-0.117449561
5400,-1752,7386,8656,13033,12503,252,0.57,0.69,7377.05575,0.566028984,8542.096,0.683203711,-0.117174727
5401,-1750,7388,8660,13022,12503,-25,0.57,0.69,7379.04112,0.566659585,8546.096,0.683523634,-0.116864049
5402,-1753,7392,8663,13030,12505,-304,0.57,0.69,7383.05176,0.566619475,8549.159,0.683659256,-0.117039781
5403,-1756,7393,8669,13028,12508,-527,0.57,0.69,7384.0491,0.566783014,8555.2535,0.683982531,-0.117199518
5404,-1757,7395,8672,13034,12507,-527,0.57,0.69,7386.05708,0.566676161,8558.222,0.684274566,-0.117598405
5405,-1756,7394,8668,13032,12512,-527,0.57,0.69,7385.05442,0.566686189,8554.3795,0.683694014,-0.117007824
5406,-1760,7404,8672,13049,12510,-527,0.57,0.69,7395.07703,0.566715996,8558.3165,0.684118026,-0.11740203
5407,-1753,7397,8667,13038,12506,-527,0.57,0.69,7388.0624,0.566656113,8553.1905,0.683926955,-0.117270842
5408,-1753,7397,8673,13039,12517,-527,0.57,0.69,7388.06373,0.566612756,8559.537,0.683832947,-0.117220191
5409,-1755,7397,8673,13034,12512,-527,0.57,0.69,7388.05708,0.566829606,8559.3795,0.68409363,-0.117264024
5410,-1752,7395,8679,13041,12520,-606,0.57,0.69,7386.06639,0.566372701,8565.6315,0.684155871,-0.11778317
5411,-1755,7401,8685,13037,12526,-800,0.57,0.69,7392.06107,0.567006295,8571.8205,0.68432225,-0.117315955
5412,-1758,7400,8680,13039,12516,-995,0.57,0.69,7391.06373,0.566842835,8566.5055,0.684444351,-0.117601516
5413,-1755,7403,8687,13038,12521,-1189,0.57,0.69,7394.0624,0.567116306,8573.663,0.684742672,-0.117626366
5414,-1758,7407,8686,13043,12525,-1305,0.57,0.69,7398.06905,0.567206091,8572.789,0.684454212,-0.11724812
5415,-1759,7410,8681,13044,12522,-1305,0.57,0.69,7401.07038,0.5673927,8567.6945,0.684211348,-0.116818648
5415,-1761,7412,8686,13048,12520,-1305,0.57,0.69,7403.0757,0.567372448,8572.6315,0.684714976,-0.117342528
5417,-1761,7411,8697,13051,12530,-1305,0.57,0.69,7402.07969,0.567165711,8583.9465,0.685071548,-0.117905838
5418,-1755,7409,8689,13051,12526,-1305,0.57,0.69,7400.07969,0.567012466,8575.8205,0.684641586,-0.11762912
5419,-1758,7413,8703,13049,12540,-1351,0.57,0.69,7404.07703,0.567405704,8590.2615,0.685028828,-0.117623124
5420,-1761,7411,8692,13050,12528,-1581,0.57,0.69,7402.07836,0.56720907,8578.8835,0.68477678,-0.11756771
5421,-1758,7410,8692,13047,12529,-1810,0.57,0.69,7401.07437,0.567262541,8578.915,0.684724639,-0.117462098
5422,-1760,7416,8697,13054,12534,-2040,0.57,0.69,7407.08368,0.567418698,8584.0725,0.684862973,-0.117444275
5423,-1759,7413,8703,13045,12535,-2223,0.57,0.69,7404.07171,0.56757928,8590.104,0.685289509,-0.117710229
5424,-1764,7414,8703,13046,12534,-2223,0.57,0.69,7405.07304,0.567612528,8590.0725,0.685341671,-0.117729143
5425,-1761,7414,8702,13050,12544,-2223,0.57,0.69,7405.07836,0.567438955,8589.3875,0.684740713,-0.117301758
5426,-1760,7420,8703,13053,12544,-2223,0.57,0.69,7411.08235,0.567768509,8590.3875,0.684820432,-0.117051923
5427,-1762,7419,8703,13053,12534,-2223,0.57,0.69,7410.08235,0.567691898,8590.0725,0.685341671,-0.117649772
5428,-1769,7417,8704,13060,12535,-2223,0.57,0.69,7408.09166,0.567235196,8591.104,0.685369286,-0.11813409
5429,-1767,7418,8709,13055,12531,-2182,0.57,0.69,7409.08501,0.567528534,8595.978,0.685977017,-0.118448483
5430,-1770,7419,8710,13058,12542,-1984,0.57,0.69,7410.089,0.567475034,8597.3245,0.685482738,-0.118007704
5431,-1770,7418,8716,13051,12544,-1785,0.57,0.69,7409.07969,0.567702068,8603.3875,0.685856784,-0.118154716
5432,-1770,7418,8721,13057,12546,-1587,0.57,0.7,7409.08767,0.567441807,8608.4505,0.686151004,-0.118709198
5433,-1769,7417,8719,13057,12547,-1430,0.57,0.69,7408.08767,0.567365219,8606.482,0.685939428,-0.118574208
5434,-1774,7420,8726,13060,12546,-1429,0.57,0.7,7411.09166,0.567464905,8613.4505,0.686549538,-0.119084633
5435,-1772,7418,8725,13061,12553,-1429,0.57,0.7,7409.09299,0.567268432,8612.671,0.686104597,-0.118836165
5436,-1773,7418,8725,13059,12551,-1429,0.57,0.7,7409.09033,0.567355106,8612.608,0.686208908,-0.118853802
5437,-1776,7419,8730,13063,12549,-1429,0.57,0.7,7410.09565,0.567258337,8617.545,0.68671169,-0.119453354
5438,-1779,7420,8728,13066,12550,-1430,0.57,0.7,7411.09964,0.567204932,8615.5765,0.68650012,-0.119295188
5439,-1778,7412,8733,13051,12558,-1356,0.57,0.7,7403.07969,0.567242333,8620.8285,0.686481008,-0.119238675
5440,-1782,7418,8735,13061,12553,-999,0.57,0.7,7409.09299,0.567268432,8622.671,0.686901219,-0.119632787
5440,-1783,7417,8732,13058,12559,-641,0.57,0.7,7408.089,0.567321872,8619.86,0.686349232,-0.11902736
5441,-1784,7419,8740,13060,12553,-284,0.57,0.7,7410.09166,0.567388335,8627.671,0.68729953,-0.119911195
5443,-1788,7416,8741,13063,12558,0,0.57,0.7,7407.09565,0.56702868,8628.8285,0.687118052,-0.120089372
5444,-1788,7413,8744,13061,12561,0,0.57,0.7,7404.09299,0.566885613,8631.923,0.687200303,-0.12031469
5445,-1795,7414,8739,13060,12559,0,0.57,0.7,7405.09166,0.567005487,8626.86,0.686906601,-0.119901114
5446,-1792,7423,8752,13074,12572,0,0.57,0.7,7414.11028,0.567088135,8640.2695,0.687262926,-0.12017479
5447,-1796,7414,8752,13063,12568,0,0.57,0.7,7405.09565,0.566875576,8640.1435,0.687471634,-0.120596058
5448,-1796,7407,8751,13061,12564,0,0.57,0.7,7398.09299,0.56642623,8639.0175,0.687600883,-0.121174653
5449,-1799,7415,8751,13064,12567,-79,0.57,0.7,7406.09698,0.566908832,8639.112,0.687444259,-0.120535427
5450,-1805,7418,8758,13076,12570,-534,0.57,0.7,7409.11294,0.566619221,8646.2065,0.68784459,-0.121225369
5451,-1806,7416,8759,13071,12572,-988,0.57,0.7,7407.10629,0.566682449,8647.2695,0.687819718,-0.121137269
5451,-1807,7413,8761,13073,12571,-1443,0.57,0.7,7404.10895,0.566366477,8649.238,0.688031024,-0.121664547
5452,-1808,7412,8759,13064,12565,-1819,0.57,0.7,7403.09698,0.566679193,8647.049,0.688185356,-0.121506163
5453,-1814,7407,8763,13073,12563,-1819,0.57,0.7,7398.10895,0.565907515,8650.986,0.688608294,-0.122700779
5455,-1818,7407,8769,13063,12571,-1819,0.57,0.7,7398.09565,0.566339711,8657.238,0.688667409,-0.122327698
5456,-1815,7407,8765,13071,12571,-1819,0.57,0.7,7398.10629,0.565993902,8653.238,0.688349216,-0.122355315
5457,-1820,7408,8772,13074,12580,-1819,0.57,0.7,7399.11028,0.56594082,8660.5215,0.688435731,-0.122494911
5458,-1821,7410,8766,13080,12570,-1819,0.57,0.7,7401.11826,0.565834729,8654.2065,0.688481026,-0.122646297
5459,-1827,7404,8774,13073,12579,-1819,0.57,0.7,7395.10895,0.565678035,8662.49,0.688646951,-0.122968916
5460,-1827,7406,8774,13075,12579,-2100,0.57,0.7,7397.11161,0.565744674,8662.49,0.688646951,-0.122902277
5461,-1829,7403,8778,13081,12578,-2381,0.57,0.7,7394.11959,0.565256448,8666.4585,0.689017213,-0.123760765
5462,-1827,7406,8774,13083,12574,-2662,0.57,0.7,7397.12225,0.565399545,8662.3325,0.688908263,-0.123508718
5463,-1827,7399,8779,13075,12586,-2942,0.57,0.7,7390.11161,0.565209301,8667.7105,0.68867873,-0.123469429
5464,-1832,7407,8778,13081,12580,-2942,0.57,0.7,7398.11959,0.565562235,8666.5215,0.688912679,-0.123350444
5465,-1840,7400,8783,13079,12584,-2942,0.57,0.7,7391.11693,0.565113306,8671.6475,0.689101041,-0.123987735
5466,-1842,7393,8781,13071,12578,-2942,0.57,0.7,7384.10629,0.564922828,8669.4585,0.689255724,-0.124332896
5467,-1841,7396,8795,13072,12598,-2942,0.57,0.7,7387.10762,0.565109212,8684.0885,0.689322789,-0.124213577
5468,-1849,7396,8797,13074,12590,-2942,0.57,0.7,7387.11028,0.565022968,8685.8365,0.689899643,-0.124876675
5468,-1852,7391,8798,13077,12597,-2942,0.57,0.7,7382.11427,0.5645113,8687.057,0.689613162,-0.125101862
5469,-1851,7395,8792,13076,12586,-2060,0.57,0.7,7386.11294,0.564860274,8680.7105,0.689711624,-0.12485135
5470,-1855,7398,8794,13076,12584,-1177,0.57,0.7,7389.11294,0.565089702,8682.6475,0.689975167,-0.124885465
5472,-1858,7393,8799,13074,12594,-295,0.57,0.7,7384.11028,0.564793505,8687.9625,0.689849333,-0.125055828
5473,-1851,7393,8796,13077,12594,587,0.57,0.7,7384.11427,0.56466424,8684.9625,0.689611124,-0.124946884
5474,-1858,7393,8797,13087,12588,587,0.56,0.7,7384.12757,0.564233787,8685.7735,0.69000425,-0.125770463
5475,-1861,7395,8797,13079,12592,587,0.57,0.7,7386.11693,0.564731014,8685.8995,0.689795068,-0.125064054
5476,-1858,7393,8801,13080,12595,587,0.57,0.7,7384.11826,0.564535035,8689.994,0.689955855,-0.12542082
5477,-1860,7390,8804,13078,12594,587,0.57,0.7,7381.1156,0.564391772,8692.9625,0.690246347,-0.125854575
5478,-1862,7396,8800,13086,12598,587,0.57,0.7,7387.12624,0.564506055,8689.0885,0.689719678,-0.125213622
5479,-1864,7390,8807,13081,12603,565,0.56,0.7,7381.11959,0.56426264,8696.246,0.690013965,-0.125751325
5480,-1865,7396,8806,13090,12600,418,0.57,0.7,7387.13156,0.564333962,8695.1515,0.690091389,-0.125757427
5481,-1871,7390,8811,13082,12604,271,0.56,0.7,7381.12092,0.564219609,8700.2775,0.690279078,-0.126059469
5482,-1867,7389,8810,13081,12603,124,0.56,0.7,7380.11959,0.564186193,8699.246,0.690252003,-0.126065811
5483,-1872,7390,8817,13092,12610,0,0.56,0.7,7381.13422,0.563789659,8706.4665,0.690441435,-0.126651776
5484,-1873,7384,8811,13080,12602,0,0.56,0.7,7375.11826,0.563846962,8700.2145,0.69038363,-0.126536668
5485,-1878,7392,8814,13093,12608,0,0.56,0.7,7383.13555,0.563899454,8703.4035,0.690308019,-0.126408565
5486,-1882,7384,8814,13085,12609,0,0.56,0.7,7375.12491,0.563632015,8703.435,0.69025577,-0.126623755
5487,-1877,7379,8820,13088,12607,0,0.56,0.7,7370.1289,0.563121096,8709.372,0.690836202,-0.127715106
5488,-1880,7391,8827,13092,12620,0,0.56,0.7,7382.13422,0.563866042,8716.7815,0.690711688,-0.126845646
5488,-1884,7377,8822,13086,12612,0,0.56,0.7,7368.12624,0.563054122,8711.5295,0.690733389,-0.127679267
5489,-1891,7386,8825,13097,12613,-120,0.56,0.7,7377.14087,0.563269517,8714.561,0.690918972,-0.127649455
5490,-1882,7385,8823,13092,12612,-239,0.56,0.7,7376.13422,0.563407747,8712.5295,0.690812678,-0.127404932
5491,-1888,7387,8822,13098,12613,-358,0.56,0.7,7378.1422,0.563302962,8711.561,0.690681123,-0.12737816
5493,-1885,7386,8829,13103,12616,-477,0.56,0.7,7377.14885,0.563012199,8718.6555,0.691079225,-0.128067025
5494,-1894,7391,8832,13107,12621,-477,0.56,0.7,7382.15417,0.563222261,8721.813,0.691055622,-0.127833361
5495,-1891,7387,8833,13096,12615,-477,0.56,0.7,7378.13954,0.563388786,8722.624,0.691448593,-0.128059807
5496,-1891,7384,8826,13103,12617,-477,0.56,0.7,7375.14885,0.562859563,8715.687,0.690789173,-0.127929611
5497,-1891,7384,8840,13096,12627,-477,0.56,0.7,7375.13954,0.563159708,8730.002,0.691375782,-0.128216074
5498,-1892,7389,8834,13103,12616,-477,0.56,0.7,7380.14885,0.563241155,8723.6555,0.691475547,-0.128234392
5499,-1896,7386,8837,13105,12626,-477,0.56,0.7,7377.15151,0.562926479,8726.9705,0.69119044,-0.128263961
5500,-1895,7390,8835,13101,12624,-239,0.56,0.7,7381.14619,0.563403266,8724.9075,0.691136526,-0.12773326
5500,-1893,7386,8837,13099,12624,0,0.56,0.7,7377.14353,0.563183719,8726.9075,0.691294954,-0.128111235
5501,-1890,7385,8837,13105,12622,237,0.56,0.7,7376.15151,0.562850172,8726.8445,0.691399501,-0.128549328
5502,-1895,7384,8839,13097,12624,475,0.56,0.7,7375.14087,0.563116811,8728.9075,0.691453382,-0.128336572
5503,-1897,7384,8846,13099,12632,475,0.56,0.7,7375.14353,0.563031035,8736.1595,0.691589574,-0.128558539
5505,-1896,7389,8845,13105,12637,475,0.56,0.7,7380.15151,0.563155399,8735.317,0.691249268,-0.128093869
5506,-1894,7388,8844,13102,12636,475,0.56,0.7,7379.14752,0.563207718,8734.2855,0.691222341,-0.128014623
5507,-1895,7384,8846,13095,12630,475,0.56,0.7,7375.13821,0.563202612,8736.0965,0.691694101,-0.128491489
5508,-1900,7387,8859,13107,12646,475,0.56,0.7,7378.15417,0.56291708,8749.6005,0.691886802,-0.128969722
5509,-1897,7387,8848,13108,12636,475,0.56,0.7,7378.1555,0.562874237,8738.2855,0.691538897,-0.12866466
5510,-1902,7388,8848,13105,12635,0,0.56,0.7,7379.15151,0.563079093,8738.254,0.691591136,-0.128512043
5511,-1902,7391,8852,13107,12636,-477,0.56,0.7,7382.15417,0.563222261,8742.2855,0.691855453,-0.128633192
5512,-1896,7386,8853,13102,12637,-953,0.56,0.7,7377.14752,0.563055069,8743.317,0.69188233,-0.12882726
5513,-1898,7385,8855,13099,12634,-1429,0.56,0.7,7376.14353,0.563107377,8745.2225,0.692197443,-0.129090067
5514,-1901,7387,8859,13097,12645,-1429,0.56,0.7,7378.14087,0.563345871,8749.569,0.691939027,-0.128593156
5515,-1894,7390,8859,13106,12644,-1429,0.56,0.7,7381.15284,0.563188833,8749.5375,0.691991261,-0.128802428
5516,-1904,7386,8858,13105,12641,-1429,0.56,0.7,7377.15151,0.562926479,8748.443,0.692068903,-0.129142424
5516,-1904,7385,8858,13106,12637,-1429,0.56,0.7,7376.15284,0.562807328,8748.317,0.692277993,-0.129470665
5518,-1908,7381,8861,13097,12639,-1429,0.56,0.7,7372.14087,0.562887751,8751.38,0.692410792,-0.129523041
5518,-1907,7388,8869,13100,12652,-1429,0.56,0.7,7379.14486,0.563293501,8759.7895,0.692364014,-0.129070513
5519,-1907,7388,8870,13100,12650,-1072,0.56,0.7,7379.14486,0.563293501,8760.7265,0.692547549,-0.129254049
5520,-1908,7390,8872,13114,12650,-715,0.56,0.7,7381.16348,0.562846079,8762.7265,0.692705652,-0.129859573
5522,-1905,7388,8867,13104,12644,-358,0.56,0.7,7379.15018,0.563121961,8757.5375,0.692623972,-0.129502011
5523,-1908,7395,8870,13107,12645,0,0.56,0.7,7386.15417,0.563527441,8760.569,0.692808936,-0.129281495
5524,-1911,7386,8877,13102,12647,0,0.56,0.7,7377.14752,0.563055069,8767.632,0.693257848,-0.130202778
5525,-1913,7393,8875,13116,12651,0,0.56,0.7,7384.16614,0.562989184,8765.758,0.692890522,-0.129901338
5526,-1911,7392,8872,13115,12648,0,0.56,0.7,7383.16481,0.562955761,8762.6635,0.692810207,-0.129854446
5527,-1913,7389,8885,13108,12658,0,0.56,0.7,7380.1555,0.563026816,8775.9785,0.693314781,-0.130287965
5528,-1913,7387,8880,13111,12656,0,0.56,0.7,7378.15949,0.562745747,8770.9155,0.693024297,-0.13027855
5529,-1917,7395,8883,13112,12659,0,0.56,0.7,7386.16082,0.563313058,8774.01,0.693104511,-0.129791452
5530,-1915,7391,8887,13111,12662,-250,0.56,0.7,7382.15949,0.563050834,8778.1045,0.693263663,-0.130212829
5530,-1915,7396,8888,13112,12662,-500,0.56,0.7,7387.16082,0.563389324,8779.1045,0.693342639,-0.129953315
5531,-1908,7397,8886,13106,12665,-750,0.56,0.7,7388.15284,0.563722939,8777.199,0.693027951,-0.129305012
5532,-1906,7399,8889,13117,12664,-1000,0.56,0.7,7390.16747,0.563403787,8780.1675,0.69331708,-0.129913293
5533,-1915,7395,8884,13112,12651,-1000,0.56,0.7,7386.16082,0.563313058,8774.758,0.693601929,-0.13028887
5535,-1911,7403,8890,13119,12665,-1000,0.56,0.7,7394.17013,0.563622999,8781.199,0.693343782,-0.129720783
5536,-1917,7402,8892,13116,12663,-1000,0.56,0.7,7393.16614,0.563675369,8783.136,0.693606254,-0.129930885
5537,-1913,7401,8884,13112,12659,-1000,0.56,0.7,7392.16082,0.563770654,8775.01,0.693183506,-0.129412851
5538,-1912,7407,8889,13120,12657,-1000,0.56,0.7,7398.17146,0.56388502,8779.947,0.6936831,-0.12979808
5539,-1913,7401,8894,13112,12662,-1000,0.56,0.7,7392.16082,0.563770654,8785.1045,0.693816498,-0.130045844
5540,-1918,7403,8899,13117,12670,-1028,0.56,0.7,7394.16747,0.563708734,8790.3565,0.693792936,-0.130084202
5541,-1916,7408,8902,13119,12671,-1056,0.56,0.7,7399.17013,0.564004126,8793.388,0.693977429,-0.129973303
5542,-1914,7395,8896,13111,12669,-1084,0.56,0.7,7386.15949,0.563355922,8787.325,0.693608414,-0.130252492
5543,-1914,7406,8899,13115,12667,-1112,0.56,0.7,7397.16481,0.564023241,8790.262,0.693949791,-0.129926549
5543,-1918,7404,8901,13117,12669,-1112,0.56,0.7,7395.16747,0.563784971,8792.325,0.694003078,-0.130218107
5544,-1918,7410,8902,13122,12671,-1112,0.56,0.7,7401.17412,0.564027901,8793.388,0.693977429,-0.129949528
5545,-1916,7406,8907,13120,12676,-1112,0.56,0.7,7397.17146,0.5638088,8798.5455,0.694110563,-0.130301763
5546,-1918,7404,8905,13114,12673,-1112,0.56,0.7,7395.16348,0.56391364,8796.451,0.694109603,-0.130195963
5547,-1918,7413,8905,13123,12676,-1112,0.56,0.7,7404.17545,0.564213629,8796.5455,0.693952785,-0.129739156
5548,-1918,7408,8910,13117,12674,-1112,0.56,0.7,7399.16747,0.564089919,8801.4825,0.694451831,-0.130361911
5549,-1922,7412,8914,13131,12680,-1061,0.56,0.7,7403.18609,0.563794539,8805.6715,0.694453588,-0.130659049
5551,-1924,7408,8916,13124,12675,-1010,0.56,0.7,7399.17678,0.563789758,8807.514,0.694872899,-0.131083142
5552,-1924,7408,8919,13119,12679,-960,0.56,0.7,7399.17013,0.564004126,8810.64,0.694900229,-0.130896103
5553,-1925,7406,8924,13124,12682,-910,0.56,0.7,7397.17678,0.563637365,8815.7345,0.695137557,-0.131500192
5554,-1935,7407,8928,13122,12681,-910,0.56,0.7,7398.17412,0.563799278,8819.703,0.695505323,-0.131706045
5555,-1934,7404,8927,13120,12680,-910,0.56,0.7,7395.17146,0.563656361,8818.6715,0.695478825,-0.131822464
5556,-1936,7408,8930,13122,12685,-910,0.56,0.7,7399.17412,0.563875485,8821.829,0.695453607,-0.131578121
5557,-1939,7407,8935,13124,12686,-909,0.56,0.7,7398.17678,0.563713561,8826.8605,0.695795404,-0.132081843
5558,-1947,7411,8935,13130,12683,-909,0.56,0.7,7402.18476,0.563761216,8826.766,0.695952535,-0.132191319
5559,-1943,7406,8938,13124,12685,-909,0.56,0.7,7397.17678,0.563637365,8829.829,0.696084273,-0.132446908
5560,-1945,7405,8945,13120,12699,-1077,0.56,0.7,7396.17146,0.563732581,8837.27,0.695902827,-0.132170246
5561,-1948,7409,8945,13131,12695,-1245,0.56,0.7,7400.18609,0.563566072,8837.144,0.69611217,-0.132546098
5562,-1946,7407,8941,13123,12693,-1412,0.56,0.7,7398.17545,0.563756416,8833.081,0.695901757,-0.132145341
5562,-1951,7410,8947,13131,12687,-1580,0.56,0.71,7401.18609,0.563642228,8838.892,0.696688894,-0.133046667
5563,-1950,7409,8949,13129,12698,-1580,0.56,0.7,7400.18343,0.56365172,8841.2385,0.696270161,-0.132618441
5564,-1949,7414,8952,13138,12701,-1580,0.56,0.7,7405.1954,0.563647085,8844.333,0.696349343,-0.132702258
5565,-1955,7404,8958,13121,12705,-1580,0.56,0.71,7395.17279,0.563613504,8850.459,0.696612279,-0.132998774
5566,-1956,7407,8956,13122,12699,-1580,0.56,0.71,7398.17412,0.563799278,8848.27,0.696769037,-0.132969759
5568,-1958,7404,8959,13127,12700,-1579,0.56,0.71,7395.18077,0.5633565,8851.3015,0.696952874,-0.133596374
5569,-1962,7405,8959,13130,12696,-1580,0.56,0.71,7396.18476,0.563304247,8851.1755,0.697162532,-0.133858285
5570,-1966,7404,8962,13132,12702,-1542,0.56,0.71,7395.18742,0.563142508,8854.3645,0.697084278,-0.13394177
5571,-1966,7403,8969,13130,12704,-1505,0.56,0.71,7394.18476,0.563151924,8861.4275,0.697530502,-0.134378578
5572,-1973,7401,8977,13125,12701,-1467,0.56,0.71,7392.17811,0.56321357,8869.333,0.698317692,-0.135104121
5573,-1969,7400,8973,13128,12708,-1429,0.56,0.71,7391.1821,0.563008996,8865.5535,0.697635623,-0.134626627
5574,-1978,7405,8970,13133,12703,-1429,0.56,0.71,7396.18875,0.563175874,8862.396,0.697661655,-0.134485781
5574,-1982,7392,8970,13121,12703,-1429,0.56,0.71,7383.17279,0.56269894,8862.396,0.697661655,-0.134962715
5575,-1980,7401,8973,13131,12706,-1429,0.56,0.71,7392.18609,0.562956827,8865.4905,0.697740477,-0.13478365
5576,-1979,7396,8976,13122,12708,-1429,0.56,0.71,7387.17412,0.562960991,8868.5535,0.697871695,-0.134910704
5577,-1981,7406,8979,13132,12703,-1429,0.56,0.71,7397.18742,0.563294808,8871.396,0.698370149,-0.135075341
5579,-1989,7399,8982,13136,12707,-1429,0.56,0.71,7390.19274,0.562590799,8874.522,0.698396317,-0.135805518
5580,-1989,7403,8981,13133,12706,-964,0.56,0.71,7394.18875,0.563023586,8873.4905,0.698370101,-0.135346515
5581,-1987,7396,8984,13127,12711,-498,0.56,0.71,7387.18077,0.562747069,8876.648,0.698343797,-0.135596728
5582,-1987,7400,8986,13136,12705,-32,0.56,0.71,7391.19274,0.562666926,8878.459,0.698816135,-0.136149209
5583,-1995,7405,8991,13143,12713,433,0.56,0.71,7396.20205,0.562748387,8883.711,0.698789507,-0.13604112
5584,-1992,7400,8998,13131,12718,433,0.56,0.71,7391.18609,0.562880671,8890.8685,0.699077567,-0.136196896
5584,-1999,7402,9000,13141,12715,433,0.56,0.71,7393.19939,0.562605539,8892.774,0.699392371,-0.136786832
5585,-2003,7399,9002,13132,12715,433,0.56,0.71,7390.18742,0.562761759,8894.774,0.699549666,-0.136787907
5586,-2012,7391,9008,13129,12716,433,0.56,0.71,7382.18343,0.562280709,8900.8055,0.699968976,-0.137688267
5587,-2013,7393,9006,13138,12716,433,0.56,0.71,7384.1954,0.562048668,8898.8055,0.699811694,-0.137763026
5588,-2016,7393,9015,13146,12724,433,0.56,0.71,7384.20604,0.561707443,8908.0575,0.700098829,-0.138391386
5589,-2024,7396,9013,13146,12716,-116,0.56,0.71,7387.20604,0.561935649,8905.8055,0.700362182,-0.138426533
5591,-2027,7395,9023,13143,12725,-666,0.56,0.71,7386.20205,0.561987526,8916.089,0.700674971,-0.138687445
5592,-2033,7384,9020,13135,12722,-1216,0.56,0.71,7375.19141,0.561491542,8912.9945,0.700596958,-0.139105416
5593,-2032,7384,9026,13135,12728,-1766,0.56,0.71,7375.19141,0.561491542,8919.1835,0.700752946,-0.139261404
5594,-2043,7386,9029,13138,12728,-1766,0.56,0.71,7377.1954,0.561515862,8922.1835,0.700988647,-0.139472785
5595,-2041,7383,9032,13140,12729,-1766,0.56,0.71,7374.19806,0.561202288,8925.215,0.701171734,-0.139969446
5596,-2042,7383,9032,13138,12722,-1766,0.56,0.71,7374.1954,0.561287517,8924.9945,0.701540206,-0.140252689
5597,-2049,7384,9037,13136,12731,-1766,0.56,0.71,7375.19274,0.561448899,8930.278,0.701459273,-0.140010373
5598,-2046,7380,9035,13133,12726,-1766,0.56,0.71,7371.18875,0.561272272,8928.1205,0.701565339,-0.140293067
5599,-2048,7384,9044,13144,12742,-1766,0.56,0.71,7375.20338,0.561107987,8937.6245,0.70143027,-0.140322283
5600,-2051,7379,9032,13141,12728,-1433,0.56,0.71,7370.19939,0.560855292,8925.1835,0.701224348,-0.140369056
5601,-2047,7382,9035,13138,12731,-1100,0.56,0.71,7373.1954,0.561211402,8928.278,0.701302176,-0.140090774
5602,-2048,7381,9037,13138,12737,-768,0.56,0.71,7372.1954,0.561135287,8930.467,0.701143676,-0.140008389
5602,-2050,7374,9040,13139,12731,-435,0.56,0.71,7365.19673,0.560559916,8933.278,0.701694918,-0.141135002
5603,-2051,7378,9033,13135,12728,-435,0.56,0.71,7369.19141,0.561034748,8926.1835,0.701302915,-0.140268167
5604,-2050,7380,9038,13142,12735,-435,0.56,0.71,7371.20072,0.560888808,8931.404,0.701327366,-0.140438557
5605,-2052,7375,9040,13140,12732,-435,0.56,0.71,7366.19806,0.56059346,8933.3095,0.701642279,-0.14104882
5606,-2055,7374,9039,13131,12726,-435,0.56,0.71,7365.18609,0.560900624,8932.1205,0.701879656,-0.140979032
5607,-2063,7376,9048,13142,12736,-435,0.56,0.71,7367.20072,0.560584441,8941.4355,0.702059948,-0.141475507
5608,-2059,7373,9051,13136,12746,-435,0.56,0.71,7364.19274,0.560611506,8944.7505,0.701769222,-0.141157716
5610,-2068,7374,9054,13146,12740,-653,0.56,0.71,7365.20604,0.560262136,8947.5615,0.702320369,-0.142058233
5611,-2073,7370,9056,13140,12739,-870,0.56,0.71,7361.19806,0.560212942,8949.53,0.702530026,-0.142317084
5612,-2069,7371,9052,13146,12737,-1088,0.56,0.71,7362.20604,0.56003393,8945.467,0.702321347,-0.142287418
5613,-2069,7373,9067,13149,12756,-1305,0.56,0.71,7364.21003,0.560058562,8961.0655,0.702498079,-0.142439517
5614,-2076,7368,9057,13141,12736,-1305,0.56,0.71,7359.19939,0.560018217,8950.4355,0.702766606,-0.142748389
5615,-2081,7368,9058,13140,12737,-1305,0.56,0.71,7359.19806,0.560060735,8951.467,0.702792416,-0.142731681
5615,-2081,7374,9057,13143,12740,-1305,0.56,0.71,7365.20205,0.560389717,8950.5615,0.702555848,-0.142166131
5616,-2077,7370,9061,13145,12742,-1305,0.56,0.71,7361.20471,0.560000358,8954.6245,0.70276444,-0.142764082
5618,-2078,7371,9062,13142,12745,-1305,0.56,0.71,7362.20072,0.560203981,8955.719,0.702684896,-0.142480915
5619,-2086,7366,9062,13142,12744,-1305,0.56,0.71,7357.20072,0.559823522,8955.6875,0.702737563,-0.142914041
5620,-2083,7371,9065,13149,12746,-1305,0.56,0.71,7362.21003,0.559906459,8958.7505,0.702867606,-0.142961146
5621,-2081,7377,9065,13150,12742,-979,0.56,0.71,7368.21136,0.560320256,8958.6245,0.703078363,-0.142758107
5622,-2079,7367,9065,13139,12746,-653,0.56,0.71,7358.19673,0.56002715,8958.7505,0.702867606,-0.142840455
5622,-2083,7370,9067,13143,12747,-327,0.56,0.71,7361.20205,0.560085372,8960.782,0.702971837,-0.142886464
5623,-2083,7374,9075,13151,12752,0,0.56,0.71,7365.21269,0.56004963,8968.9395,0.703335908,-0.143286278
5624,-2081,7372,9074,13146,12750,0,0.56,0.71,7363.20604,0.560109998,8967.8765,0.703362863,-0.143252864
5625,-2078,7372,9073,13146,12756,0,0.56,0.71,7363.20604,0.560109998,8967.0655,0.702968446,-0.142858448
5626,-2080,7376,9072,13155,12754,0,0.56,0.71,7367.21801,0.560031776,8966.0025,0.702995335,-0.142963559
5627,-2082,7375,9078,13150,12755,0,0.56,0.71,7366.21136,0.560168164,8972.034,0.703413093,-0.143244929
5629,-2080,7376,9070,13147,12760,0,0.56,0.71,7367.20737,0.560371748,8964.1915,0.702522845,-0.142151097
5630,-2082,7377,9074,13150,12753,167,0.56,0.71,7368.21136,0.560320256,8967.971,0.703204815,-0.142884559
5631,-2079,7379,9080,13152,12763,333,0.56,0.71,7370.21402,0.560387319,8974.286,0.703148633,-0.142761314
5632,-2082,7377,9081,13146,12764,500,0.56,0.71,7368.20604,0.560490342,8975.3175,0.703174358,-0.142684015
5633,-2083,7372,9084,13147,12764,667,0.56,0.71,7363.20737,0.560067496,8978.3175,0.703409394,-0.143341898
5634,-2088,7373,9081,13154,12767,665,0.56,0.71,7364.21668,0.559846182,8975.412,0.703016527,-0.143170345
5634,-2086,7373,9091,13149,12774,665,0.56,0.71,7364.21003,0.560058562,8985.6325,0.703431384,-0.143372822
5635,-2085,7371,9089,13152,12770,665,0.56,0.71,7362.21402,0.559779047,8983.5065,0.703485239,-0.143706192
5636,-2082,7375,9085,13147,12764,665,0.56,0.71,7366.20737,0.560295685,8979.3175,0.703487739,-0.143192054
5638,-2077,7381,9084,13153,12767,665,0.56,0.71,7372.21535,0.560496871,8978.412,0.703251508,-0.142754636
5639,-2080,7382,9085,13151,12765,665,0.56,0.71,7373.21269,0.560657949,8979.349,0.703435096,-0.142777147
5640,-2077,7382,9086,13155,12768,271,0.56,0.71,7373.21801,0.560487876,8980.4435,0.703355537,-0.142867661
5641,-2075,7386,9087,13163,12769,-221,0.56,0.71,7377.22865,0.560451922,8981.475,0.703381236,-0.142929314
5642,-2069,7388,9084,13159,12770,-714,0.56,0.71,7379.22333,0.560773868,8978.5065,0.703093696,-0.142319828
5643,-2069,7389,9083,13152,12769,-1207,0.56,0.71,7380.21402,0.56114766,8977.475,0.703067977,-0.141920317
5644,-2065,7382,9084,13142,12776,-1305,0.56,0.71,7373.20072,0.561040992,8978.6955,0.702778295,-0.141737303
5645,-2068,7392,9084,13154,12769,-1305,0.56,0.71,7383.21668,0.56129061,8978.475,0.703146292,-0.141855682
5646,-2069,7393,9087,13153,12774,-1305,0.56,0.71,7384.21535,0.561409211,8981.6325,0.703118248,-0.141709037
5647,-2065,7392,9088,13151,12769,-1305,0.56,0.71,7383.21269,0.561418348,8982.475,0.70345955,-0.142041203
5648,-2067,7394,9089,13156,12771,-1305,0.56,0.71,7385.21934,0.561357505,8983.538,0.703432621,-0.142075115
5649,-2068,7393,9093,13159,12774,-1305,0.56,0.71,7384.22333,0.561153836,8987.6325,0.703587952,-0.142434116
5650,-2068,7394,9092,13156,12773,-1229,0.56,0.71,7385.21934,0.561357505,8986.601,0.70356228,-0.142204774
5651,-2069,7391,9095,13149,12778,-1153,0.56,0.71,7382.21003,0.561427487,8989.7585,0.703534082,-0.142106595
5652,-2069,7395,9096,13157,12779,-1077,0.56,0.71,7386.22067,0.561390946,8990.79,0.703559746,-0.142168801
5653,-2060,7399,9098,13157,12785,-1000,0.56,0.71,7390.22067,0.561694966,8992.979,0.703400782,-0.141705816
5654,-2071,7395,9100,13160,12778,-1000,0.56,0.71,7386.22466,0.561263272,8994.7585,0.70392538,-0.142662108
5655,-2065,7398,9100,13152,12786,-1000,0.56,0.71,7389.21402,0.561831966,8995.0105,0.703504654,-0.141672687
5656,-2064,7403,9092,13160,12780,-1000,0.56,0.71,7394.22466,0.561871175,8986.8215,0.703194171,-0.141322996
5657,-2060,7398,9097,13144,12780,-1000,0.56,0.71,7389.20338,0.562173112,8991.8215,0.703585407,-0.141412295
5658,-2056,7410,9095,13164,12787,-1000,0.56,0.71,7401.22998,0.562232603,8990.042,0.703061078,-0.140828475
5659,-2055,7401,9094,13148,12788,-1000,0.56,0.71,7392.2087,0.562230659,8989.0735,0.702930364,-0.140699706
5659,-2054,7408,9098,13154,12792,-978,0.56,0.71,7399.21668,0.56250697,8993.1995,0.703033107,-0.140526137
5660,-2051,7404,9094,13153,12781,-955,0.56,0.71,7395.21535,0.562245522,8988.853,0.703298099,-0.141052577
5662,-2049,7406,9098,13152,12795,-932,0.56,0.71,7397.21402,0.562440239,8993.294,0.702875655,-0.140435416
5663,-2049,7406,9096,13147,12792,-910,0.56,0.71,7397.20737,0.562653637,8991.1995,0.702876759,-0.140223122
5664,-2050,7412,9104,13153,12800,-910,0.56,0.71,7403.21535,0.562853748,8999.4515,0.703082148,-0.1402284
5665,-2048,7411,9098,13155,12790,-910,0.56,0.71,7402.21801,0.562692361,8993.1365,0.703138116,-0.140445755
5666,-2046,7409,9106,13148,12796,-910,0.56,0.71,7400.2087,0.562839116,9001.3255,0.703448382,-0.140609266
5667,-2046,7412,9102,13152,12790,-910,0.56,0.71,7403.21402,0.562896443,8997.1365,0.70345086,-0.140554417
5668,-2052,7407,9103,13151,12788,-910,0.56,0.71,7398.21269,0.562558945,8998.0735,0.703634149,-0.141075204
5669,-2054,7409,9108,13147,12794,-910,0.56,0.71,7400.20737,0.562881826,9003.2625,0.703709747,-0.14082792
5670,-2057,7412,9110,13155,12799,-1078,0.56,0.71,7403.21801,0.562768378,9005.42,0.703603407,-0.140835029
5671,-2060,7407,9119,13150,12798,-1246,0.56,0.71,7398.21136,0.562601624,9014.3885,0.704359158,-0.141757533
5672,-2063,7409,9121,13150,12797,-1413,0.56,0.71,7400.21136,0.562753716,9016.357,0.704568024,-0.141814308
5673,-2064,7412,9123,13157,12795,-1580,0.56,0.71,7403.22067,0.562683033,9018.294,0.704829543,-0.142146509
5674,-2069,7409,9128,13159,12799,-1580,0.56,0.71,7400.22333,0.562369734,9023.42,0.705009766,-0.142640032
5675,-2072,7408,9123,13160,12795,-1580,0.56,0.71,7399.22466,0.562251114,9018.294,0.704829543,-0.142578429
5676,-2080,7401,9124,13147,12798,-1580,0.56,0.71,7392.20737,0.562273322,9019.3885,0.704749844,-0.142476521
5677,-2078,7398,9131,13153,12801,-1580,0.56,0.71,7389.21535,0.561789352,9026.483,0.705138895,-0.143349543
5677,-2080,7405,9136,13160,12802,-1580,0.56,0.71,7396.22466,0.56202315,9031.5145,0.70547684,-0.143453689
5678,-2085,7402,9139,13161,12811,-1580,0.56,0.71,7393.22599,0.561752602,9034.798,0.70523753,-0.143484929
5679,-2084,7405,9136,13158,12801,-1602,0.56,0.71,7396.222,0.562108375,9031.483,0.70552949,-0.143421115
5681,-2085,7410,9141,13163,12804,-1624,0.56,0.71,7401.22865,0.562275215,9036.5775,0.705762067,-0.143486852
5682,-2081,7405,9134,13156,12803,-1646,0.56,0.71,7396.21934,0.562193626,9029.546,0.705267984,-0.143074358
5683,-2083,7410,9138,13156,12804,-1668,0.56,0.71,7401.21934,0.56257368,9033.5775,0.705527765,-0.142954084
5684,-2078,7404,9140,13148,12806,-1668,0.56,0.71,7395.2087,0.56245883,9035.6405,0.705578674,-0.143119844
5685,-2084,7415,9146,13170,12812,-1667,0.56,0.71,7406.23796,0.562356717,9041.8295,0.705731307,-0.14337459
5686,-2092,7407,9151,13155,12815,-1667,0.56,0.71,7398.21801,0.562388294,9046.924,0.705963636,-0.143575342
5687,-2093,7404,9149,13157,12807,-1667,0.56,0.71,7395.22067,0.562074992,9044.672,0.706228781,-0.144153789
5688,-2093,7402,9147,13160,12807,-1667,0.56,0.71,7393.22466,0.561795187,9042.672,0.706072617,-0.14427743
5689,-2103,7401,9159,13166,12818,-1667,0.56,0.71,7392.23264,0.561463819,9055.0185,0.706429903,-0.144966084
5690,-2109,7389,9161,13154,12815,-1247,0.56,0.71,7380.21668,0.561062542,9056.924,0.706743972,-0.14568143
5691,-2118,7391,9164,13159,12813,-830,0.56,0.72,7382.22333,0.561001849,9059.861,0.707083509,-0.14608166
5692,-2118,7386,9167,13159,12813,-413,0.56,0.72,7377.22333,0.560621881,9062.861,0.707317646,-0.146695765
5693,-2125,7382,9174,13154,12816,2,0.56,0.72,7373.21668,0.560530385,9069.9555,0.707705641,-0.147175257
5694,-2131,7387,9174,13167,12817,0,0.56,0.72,7378.23397,0.560358014,9069.987,0.707652883,-0.147294869
5695,-2136,7392,9175,13164,12814,0,0.56,0.72,7383.22998,0.560865237,9070.8925,0.707889223,-0.147023986
5696,-2142,7385,9184,13160,12825,0,0.56,0.72,7376.22466,0.560503394,9080.239,0.708010838,-0.147507445
5697,-2145,7381,9185,13162,12825,0,0.56,0.72,7372.22732,0.560114521,9081.239,0.708088811,-0.14797429
5698,-2148,7376,9184,13163,12821,0,0.56,0.72,7367.22865,0.559692217,9080.113,0.708221902,-0.148529685
5699,-2155,7371,9190,13159,12824,0,0.56,0.72,7362.22333,0.559481977,9086.2075,0.708531464,-0.149049488
5700,-2158,7371,9188,13154,12823,-630,0.56,0.72,7362.21668,0.559694137,9084.176,0.708428293,-0.148734156
5700,-2162,7371,9188,13166,12820,-1255,0.56,0.72,7362.23264,0.559185223,9084.0815,0.7085867,-0.149401478
5701,-2168,7367,9196,13162,12827,-1880,0.56,0.72,7358.22732,0.559050852,9092.302,0.708840883,-0.14979003
5703,-2171,7369,9197,13159,12828,-2505,0.56,0.72,7360.22333,0.559329989,9093.3335,0.708866035,-0.149536046
5704,-2174,7367,9192,13163,12816,-2501,0.56,0.72,7358.22865,0.559008482,9087.9555,0.709110136,-0.150101654
5705,-2182,7354,9206,13159,12830,-2501,0.56,0.72,7345.22333,0.558190085,9102.3965,0.709461925,-0.15127184
5706,-2187,7356,9207,13161,12830,-2501,0.56,0.72,7347.22599,0.558257426,9103.3965,0.709539867,-0.151282441
5707,-2192,7354,9206,13168,12826,-2501,0.56,0.72,7345.2353,0.557809485,9102.2705,0.709673359,-0.151863874
5708,-2200,7351,9209,13165,12827,-2501,0.56,0.72,7342.23131,0.557708417,9105.302,0.70985437,-0.152145953
5709,-2200,7359,9210,13165,12828,-2501,0.56,0.72,7350.23131,0.558316089,9106.3335,0.709879443,-0.151563355
5710,-2206,7348,9217,13167,12825,-1877,0.56,0.72,7339.23397,0.557396064,9113.239,0.710583938,-0.153187874
5711,-2212,7341,9217,13155,12825,-1252,0.56,0.72,7332.21801,0.55737119,9113.239,0.710583938,-0.153212747
5712,-2215,7354,9214,13186,12817,-626,0.56,0.72,7345.25924,0.557049844,9109.987,0.710773738,-0.153723894
5713,-2218,7337,9230,13163,12833,-1,0.56,0.72,7328.22865,0.556729366,9126.491,0.711173615,-0.154444248
5714,-2231,7336,9237,13164,12835,0,0.56,0.72,7327.22998,0.556611211,9133.554,0.711613089,-0.155001878
5715,-2240,7324,9240,13162,12837,0,0.56,0.72,7315.22732,0.555783872,9136.617,0.711740827,-0.155956956
5716,-2245,7329,9245,13162,12843,0,0.56,0.72,7320.22732,0.556163753,9141.806,0.711812349,-0.155648596
5717,-2257,7327,9247,13161,12835,0,0.56,0.72,7318.22599,0.556053947,9143.554,0.712392209,-0.156338262
5718,-2263,7322,9249,13162,12829,0,0.56,0.72,7313.22732,0.555631919,9145.365,0.712866552,-0.157234633
5719,-2273,7315,9264,13166,12846,0,0.56,0.72,7306.23264,0.554931843,9160.9005,0.713132532,-0.158200689
5720,-2278,7313,9267,13157,12844,332,0.56,0.72,7304.22067,0.555158522,9163.8375,0.713472244,-0.158313722
5721,-2288,7307,9267,13160,12840,749,0.56,0.72,7298.22466,0.554576342,9163.7115,0.713684696,-0.159108354
5722,-2293,7306,9273,13161,12847,1165,0.56,0.72,7297.22599,0.554458323,9169.932,0.713780026,-0.159321703
5723,-2301,7304,9271,13167,12842,1582,0.55,0.72,7295.23397,0.554054376,9167.7745,0.713889931,-0.159835555
5724,-2304,7299,9272,13156,12837,1666,0.55,0.72,7290.21934,0.554136465,9168.617,0.714233622,-0.160097156
5725,-2311,7298,9274,13169,12843,1666,0.55,0.72,7289.23663,0.553514817,9170.806,0.714070389,-0.160555571
5726,-2319,7289,9283,13159,12842,1665,0.55,0.72,7280.22333,0.5532505,9179.7745,0.714824365,-0.161573865
5727,-2326,7287,9286,13168,12845,1665,0.55,0.72,7278.2353,0.552721393,9182.869,0.714898326,-0.162176933
5728,-2331,7287,9300,13159,12855,1665,0.55,0.72,7278.22333,0.553098513,9197.184,0.715455776,-0.162357263
5729,-2337,7277,9300,13161,12850,1665,0.55,0.72,7268.22599,0.552254843,9197.0265,0.715721907,-0.163467064
5730,-2340,7284,9288,13161,12843,1332,0.55,0.72,7275.22599,0.552786718,9184.806,0.715160477,-0.162373759
5731,-2342,7278,9297,13161,12847,915,0.55,0.72,7269.22599,0.552330825,9193.932,0.715648167,-0.163317342
5732,-2352,7275,9303,13167,12852,499,0.55,0.72,7266.23397,0.5518519,9200.0895,0.715848856,-0.163996956
5733,-2357,7272,9303,13167,12847,82,0.55,0.72,7263.23397,0.551624058,9199.932,0.716115202,-0.164491144
5734,-2362,7268,9306,13164,12856,0,0.55,0.72,7259.22998,0.551445608,9203.2155,0.715869283,-0.164423675
5735,-2369,7265,9308,13162,12851,0,0.55,0.72,7256.22732,0.55130127,9205.058,0.716291184,-0.164989913
5736,-2375,7257,9309,13154,12853,0,0.55,0.72,7248.21668,0.551027572,9206.121,0.716262429,-0.165234857
5737,-2378,7256,9309,13153,12854,0,0.55,0.72,7247.21535,0.550993336,9206.1525,0.716209157,-0.165215821
5738,-2381,7254,9313,13164,12858,0,0.55,0.72,7245.22998,0.550382101,9210.2785,0.716307241,-0.165925139
5739,-2386,7255,9312,13165,12850,0,0.55,0.72,7246.23131,0.550416355,9209.0265,0.716655759,-0.166239404
5740,-2387,7255,9319,13174,12862,-256,0.55,0.72,7246.24328,0.550041239,9216.4045,0.71656076,-0.166519522
5741,-2391,7248,9323,13161,12860,-556,0.55,0.72,7239.22599,0.550051363,9220.3415,0.716978344,-0.166926981
5742,-2390,7247,9320,13160,12864,-856,0.55,0.72,7238.22466,0.550017071,9217.4675,0.716531988,-0.166514917
5743,-2391,7245,9318,13162,12859,-1156,0.55,0.72,7236.22732,0.549781744,9215.31,0.716642818,-0.166861074
5744,-2395,7243,9317,13163,12860,-1201,0.55,0.72,7234.22865,0.549588137,9214.3415,0.716511781,-0.166923644
5745,-2401,7240,9318,13161,12861,-1201,0.55,0.72,7231.22599,0.549443507,9215.373,0.716536272,-0.167092766
5746,-2396,7242,9319,13163,12863,-1201,0.55,0.72,7233.22865,0.549512167,9216.436,0.716507502,-0.166995335
5747,-2396,7244,9326,13174,12871,-1201,0.55,0.72,7235.24328,0.549206261,9223.688,0.716625592,-0.167419332
5748,-2401,7241,9319,13167,12864,-1201,0.55,0.72,7232.23397,0.549269687,9216.4675,0.716454252,-0.167184565
5749,-2399,7241,9319,13168,12862,-1201,0.55,0.72,7232.2353,0.549228076,9216.4045,0.71656076,-0.167332685
5750,-2399,7238,9323,13164,12868,-1247,0.55,0.72,7229.22998,0.549166665,9220.5935,0.716552184,-0.167385519
5751,-2400,7239,9319,13166,12861,-1304,0.55,0.72,7230.23264,0.549159398,9216.373,0.716614027,-0.167454628
5752,-2400,7235,9324,13168,12866,-1361,0.55,0.72,7226.2353,0.548772426,9221.5305,0.716736398,-0.167963973
5753,-2398,7234,9321,13158,12867,-1418,0.55,0.72,7225.222,0.549112479,9218.562,0.716449988,-0.167337509
5754,-2401,7245,9324,13176,12869,-1429,0.55,0.72,7236.24594,0.549198994,9221.625,0.716576657,-0.167377663
5755,-2400,7238,9322,13168,12870,-1429,0.55,0.72,7229.2353,0.549000251,9219.6565,0.716368026,-0.167367776
5756,-2398,7242,9321,13169,12865,-1429,0.55,0.72,7233.23663,0.549262406,9218.499,0.716556471,-0.167294065
5757,-2396,7241,9328,13169,12877,-1429,0.55,0.72,7232.23663,0.54918647,9225.877,0.716461676,-0.167275205
5758,-2395,7246,9326,13176,12873,-1429,0.55,0.72,7237.24594,0.549274889,9223.751,0.716519149,-0.167244259
5759,-2392,7243,9321,13176,12875,-1429,0.55,0.72,7234.24594,0.549047202,9218.814,0.716024388,-0.166977186
5760,-2388,7248,9315,13173,12869,-1144,0.55,0.72,7239.24195,0.549551503,9212.625,0.715877302,-0.166325799
5761,-2385,7251,9321,13173,12877,-786,0.55,0.72,7242.24195,0.549779242,9218.877,0.715918071,-0.166138829
5762,-2377,7250,9318,13171,12879,-429,0.55,0.72,7241.23929,0.549786599,9215.94,0.715578849,-0.165792251
5763,-2375,7247,9316,13169,12873,-72,0.55,0.72,7238.23663,0.549642086,9213.751,0.715742329,-0.166100243
5764,-2381,7252,9319,13178,12872,0,0.55,0.72,7243.2486,0.549647033,9216.7195,0.71602855,-0.166381517
5765,-2377,7251,9313,13170,12875,0,0.55,0.72,7242.23796,0.549904173,9210.814,0.715403029,-0.165498856
5766,-2377,7256,9319,13167,12887,0,0.55,0.72,7247.23397,0.550408899,9217.192,0.715231784,-0.164822885
5767,-2371,7252,9313,13172,12875,0,0.55,0.72,7243.24062,0.549896798,9210.814,0.715403029,-0.165506231
5768,-2364,7256,9316,13166,12880,0,0.55,0.72,7247.23264,0.550450603,9213.9715,0.715370458,-0.164919855
5769,-2359,7265,9313,13170,12886,0,0.55,0.72,7256.23796,0.550967195,9211.1605,0.714819222,-0.163852027
5770,-2360,7263,9309,13170,12878,-182,0.55,0.72,7254.23796,0.550815335,9206.9085,0.714933103,-0.164117768
5771,-2351,7262,9314,13169,12886,-410,0.55,0.72,7253.23663,0.550781125,9212.1605,0.714896826,-0.164115701
5772,-2348,7271,9296,13169,12873,-637,0.55,0.72,7262.23663,0.551464548,9193.751,0.71418869,-0.162724142
5773,-2339,7270,9305,13168,12884,-864,0.55,0.72,7261.2353,0.551430384,9203.0975,0.71430437,-0.162873985
5774,-2334,7270,9309,13166,12892,-910,0.55,0.72,7261.23264,0.551513948,9207.3495,0.714190932,-0.162676984
5775,-2329,7273,9299,13163,12888,-910,0.55,0.72,7264.22865,0.551867253,9197.2235,0.713626901,-0.161759648
5776,-2322,7285,9299,13171,12886,-910,0.55,0.72,7276.23929,0.552443952,9197.1605,0.713732772,-0.16128882
5777,-2312,7290,9289,13173,12885,-910,0.55,0.72,7281.24195,0.552739843,9187.129,0.713009624,-0.160269781
5778,-2303,7292,9289,13171,12883,-910,0.55,0.72,7283.23929,0.552975423,9187.066,0.713115423,-0.160140001
5779,-2289,7300,9284,13174,12888,-910,0.55,0.72,7291.24328,0.553457058,9182.2235,0.712463028,-0.15900597
5780,-2280,7319,9282,13177,12897,-910,0.56,0.72,7310.24727,0.554773262,9180.507,0.711832752,-0.15705949
5781,-2265,7316,9280,13165,12900,-909,0.56,0.72,7307.23131,0.555049853,9178.6015,0.711519496,-0.156469643
5782,-2251,7329,9273,13172,12892,-910,0.56,0.72,7320.24062,0.555742531,9171.3495,0.711398503,-0.155655972
5783,-2240,7331,9267,13172,12892,-909,0.56,0.72,7322.24062,0.555894368,9165.3495,0.710933098,-0.15503873
5784,-2228,7335,9267,13172,12892,-909,0.56,0.72,7326.24062,0.556198043,9165.3495,0.710933098,-0.154735055
5785,-2217,7346,9260,13176,12896,-910,0.56,0.72,7337.24594,0.556864446,9158.4755,0.710179552,-0.153315106
5787,-2211,7348,9263,13170,12899,-910,0.56,0.72,7339.23796,0.557269397,9161.57,0.710254283,-0.152984886
5787,-2200,7353,9254,13172,12892,-910,0.56,0.72,7344.24062,0.557564578,9152.3495,0.709924721,-0.152360143
5788,-2200,7353,9256,13175,12903,-910,0.56,0.72,7344.24461,0.557437921,9154.696,0.709501356,-0.152063435
5789,-2188,7354,9253,13171,12901,-910,0.56,0.72,7345.23929,0.557682734,9151.633,0.709373925,-0.15169119
5790,-2180,7365,9249,13172,12900,-1395,0.56,0.72,7356.24062,0.558475601,9147.6015,0.709116395,-0.150640794
5791,-2173,7368,9260,13169,12905,-2001,0.56,0.72,7359.23663,0.558830331,9158.759,0.709706238,-0.150875907
5792,-2162,7377,9248,13170,12905,-2607,0.56,0.72,7368.23796,0.559471371,9146.759,0.708776366,-0.149304994
5793,-2145,7389,9240,13180,12903,-3214,0.56,0.72,7380.25126,0.559958366,9138.696,0.708261335,-0.148302969
5794,-2143,7386,9243,13170,12912,-3335,0.56,0.72,7377.23796,0.560154743,9141.9795,0.708021956,-0.147867214
5795,-2130,7396,9228,13172,12904,-3335,0.56,0.72,7387.24062,0.560829078,9126.7275,0.707278945,-0.146449866
5797,-2118,7403,9230,13167,12905,-3335,0.56,0.72,7394.23397,0.561573173,9128.759,0.707381558,-0.145808384
5798,-2114,7402,9234,13172,12909,-3335,0.56,0.72,7393.24062,0.56128459,9132.885,0.707481989,-0.146197399
5799,-2110,7407,9229,13173,12909,-3335,0.56,0.71,7398.24195,0.561621647,9127.885,0.707094663,-0.145473016
5799,-2104,7407,9232,13171,12909,-3335,0.56,0.72,7398.23929,0.561706726,9130.885,0.707327059,-0.145620333
5800,-2107,7412,9233,13175,12913,-2573,0.56,0.72,7403.24461,0.561916099,9132.011,0.707195152,-0.145279053
5801,-2100,7417,9229,13171,12910,-1620,0.56,0.71,7408.23929,0.56246597,9127.9165,0.707042332,-0.144576362
5802,-2097,7418,9221,13173,12902,-667,0.56,0.71,7409.24195,0.562456688,9119.6645,0.706841149,-0.144384461
5803,-2095,7421,9225,13181,12910,284,0.56,0.71,7412.25259,0.562343721,9123.9165,0.706732494,-0.144388773
5804,-2087,7428,9230,13178,12916,475,0.56,0.71,7419.2486,0.563002626,9129.1055,0.706805938,-0.143803313
5805,-2074,7434,9221,13179,12914,475,0.56,0.71,7425.24993,0.563415277,9120.0425,0.706213605,-0.142798329
5806,-2069,7428,9222,13163,12920,475,0.56,0.71,7419.22865,0.563642684,9121.2315,0.70597767,-0.142334986
5807,-2057,7443,9208,13176,12905,475,0.56,0.71,7434.24594,0.564226316,9106.759,0.705676792,-0.141450476
5808,-2054,7447,9204,13173,12906,475,0.57,0.71,7438.24195,0.564658161,9102.7905,0.705314621,-0.14065646
5809,-2042,7449,9208,13164,12911,475,0.57,0.71,7440.22998,0.565195228,9106.948,0.705363488,-0.140168261
5810,-2034,7450,9200,13171,12909,94,0.57,0.71,7441.23929,0.564971474,9098.885,0.704848168,-0.139876693
5811,-2027,7455,9202,13170,12909,-381,0.57,0.71,7446.23796,0.565393923,9100.885,0.705003099,-0.139609176
5812,-2016,7461,9204,13171,12920,-858,0.57,0.71,7452.23929,0.565806643,9103.2315,0.704584481,-0.138777839
5813,-2007,7479,9192,13180,12913,-1334,0.57,0.71,7470.25126,0.566786894,9091.011,0.704020057,-0.137233164
5814,-2006,7476,9197,13170,12916,-1429,0.57,0.71,7467.23796,0.566988456,9096.1055,0.704250968,-0.137262512
5815,-2001,7477,9195,13171,12916,-1429,0.57,0.71,7468.23929,0.567021433,9094.1055,0.704096121,-0.137074688
5816,-1996,7473,9198,13168,12920,-1429,0.57,0.71,7464.2353,0.566846545,9097.2315,0.704120085,-0.13727354
5817,-1998,7475,9196,13168,12918,-1429,0.57,0.71,7466.2353,0.566998428,9095.1685,0.704069399,-0.137070971
5818,-1995,7485,9197,13176,12918,-1429,0.57,0.71,7476.24594,0.56741393,9096.1685,0.704146811,-0.136732881
5819,-1992,7481,9197,13170,12922,-1429,0.57,0.71,7472.23796,0.567368106,9096.2945,0.703938593,-0.136570487
5820,-1989,7483,9194,13167,12922,-1239,0.57,0.71,7474.23397,0.567648969,9093.2945,0.703706431,-0.136057462
5821,-1994,7486,9201,13176,12920,-1001,0.57,0.71,7477.24594,0.567489825,9100.2315,0.704352283,-0.136862458
5822,-1990,7483,9198,13166,12929,-762,0.57,0.71,7474.23264,0.567691982,9097.515,0.703651868,-0.135959886
5823,-1989,7485,9207,13172,12926,-524,0.57,0.71,7476.24062,0.567585835,9106.4205,0.704504139,-0.136918304
5824,-1995,7484,9202,13172,12928,-477,0.57,0.71,7475.24062,0.567509916,9101.4835,0.704013266,-0.136503349
5825,-1989,7486,9204,13172,12929,-477,0.57,0.71,7477.24062,0.567661754,9103.515,0.704115941,-0.136454187
5826,-1987,7489,9200,13181,12920,-477,0.57,0.71,7480.25259,0.567502662,9099.2315,0.704274884,-0.136772222
5827,-1984,7489,9204,13177,12931,-477,0.57,0.71,7480.24727,0.567674529,9103.578,0.704011909,-0.13633738
5828,-1987,7491,9205,13175,12922,-477,0.57,0.71,7482.24461,0.567912304,9104.2945,0.704557692,-0.136645388
5829,-1984,7492,9207,13171,12931,-477,0.57,0.71,7483.23929,0.568160298,9106.578,0.70424391,-0.136083612
5830,-1988,7491,9205,13178,12932,-477,0.57,0.71,7482.2486,0.567783321,9104.6095,0.704037233,-0.136253913
5831,-1983,7496,9208,13173,12934,-530,0.57,0.71,7487.24195,0.56837789,9107.6725,0.704165185,-0.135787294
5832,-1982,7491,9208,13172,12931,-620,0.57,0.71,7482.24062,0.568041347,9107.578,0.704321244,-0.136279897
5833,-1985,7491,9211,13175,12934,-709,0.57,0.71,7482.24461,0.567912304,9110.6725,0.704397132,-0.136484827
5834,-1987,7484,9213,13176,12935,-798,0.57,0.71,7475.24594,0.567338034,9112.704,0.704499729,-0.137161695
5835,-1998,7485,9218,13178,12938,-834,0.57,0.71,7476.2486,0.567328016,9117.7985,0.704730136,-0.13740212
5836,-2008,7476,9222,13171,12935,-834,0.57,0.71,7467.23929,0.566945508,9121.704,0.705195516,-0.138250008
5837,-2012,7474,9224,13175,12938,-834,0.57,0.71,7465.24461,0.566621982,9123.7985,0.705193886,-0.138571904
5838,-2016,7471,9227,13176,12936,-834,0.57,0.71,7462.24594,0.566351392,9126.7355,0.705529955,-0.139178563
5839,-2026,7468,9231,13176,12937,-834,0.57,0.71,7459.24594,0.566123705,9130.767,0.705787045,-0.13966334
5840,-2030,7462,9244,13166,12945,-1112,0.57,0.71,7453.23264,0.566096965,9144.019,0.706374585,-0.14027762
5841,-2037,7463,9238,13186,12942,-1459,0.57,0.71,7454.25924,0.565316187,9137.9245,0.706067416,-0.140751229
5842,-2049,7459,9248,13180,12944,-1806,0.57,0.71,7450.25126,0.565269443,9147.9875,0.706735746,-0.141466303
5843,-2054,7458,9247,13176,12942,-2154,0.57,0.71,7449.24594,0.56536475,9146.9245,0.706762826,-0.141398077
5844,-2060,7448,9254,13169,12941,-2223,0.57,0.72,7439.23663,0.564905204,9153.893,0.707355923,-0.142450719
5845,-2075,7444,9255,13177,12942,-2223,0.56,0.72,7435.24727,0.564259488,9154.9245,0.707380969,-0.143121481
5846,-2077,7436,9261,13168,12948,-2223,0.56,0.72,7427.2353,0.564036703,9161.1135,0.707531163,-0.143494461
5847,-2091,7430,9272,13164,12945,-2223,0.56,0.72,7421.22998,0.563751898,9172.019,0.708537582,-0.144785684
5848,-2100,7428,9276,13171,12948,-2223,0.56,0.72,7419.23929,0.563301138,9176.1135,0.708689643,-0.145388505
5849,-2106,7427,9283,13182,12953,-2223,0.56,0.72,7418.25392,0.562756328,9183.271,0.708968656,-0.146212328
5850,-2118,7424,9286,13180,12952,-1947,0.56,0.72,7415.25126,0.562613904,9186.2395,0.709252586,-0.146638682
5851,-2126,7412,9284,13182,12950,-1491,0.56,0.72,7403.25392,0.561618413,9184.1765,0.709202819,-0.147584406
5852,-2138,7409,9294,13165,12946,-1036,0.56,0.72,7400.23131,0.562114038,9194.0505,0.710184652,-0.148070614
5853,-2145,7403,9302,13174,12954,-580,0.56,0.72,7394.24328,0.561275488,9202.3025,0.710383086,-0.149107598
5854,-2160,7394,9305,13172,12953,-400,0.56,0.72,7385.24062,0.560677241,9205.271,0.710667104,-0.149989863
5855,-2173,7388,9313,13171,12952,-400,0.56,0.72,7379.23929,0.560264163,9213.2395,0.711337207,-0.151073044
5856,-2186,7380,9323,13170,12954,-400,0.56,0.72,7371.23796,0.559699162,9223.3025,0.712004207,-0.152305045
5857,-2194,7374,9316,13175,12954,-400,0.56,0.72,7365.24461,0.559031849,9216.3025,0.711463834,-0.152431985
5858,-2207,7370,9325,13173,12951,-400,0.56,0.72,7361.24195,0.558812871,9225.208,0.712316269,-0.153503398
5859,-2214,7361,9327,13168,12948,-400,0.56,0.72,7352.2353,0.558341077,9227.1135,0.712628475,-0.154287399
5860,-2231,7359,9336,13172,12954,-407,0.56,0.72,7350.24062,0.55802009,9236.3025,0.713007758,-0.154987669
5861,-2245,7351,9340,13178,12953,-416,0.56,0.72,7342.2486,0.557159554,9240.271,0.713369181,-0.156209627
5862,-2255,7342,9348,13180,12952,-425,0.56,0.72,7333.25126,0.556392357,9248.2395,0.714039492,-0.157647135
5863,-2267,7336,9356,13170,12956,-433,0.56,0.72,7327.23796,0.556358235,9256.3655,0.714446241,-0.158088006
5864,-2275,7336,9360,13177,12962,-435,0.56,0.72,7327.24727,0.556063388,9260.5545,0.714438705,-0.158375317
5865,-2290,7324,9368,13178,12959,-435,0.56,0.72,7315.2486,0.555110684,9268.46,0.715214137,-0.160103452
5866,-2307,7318,9370,13172,12955,-435,0.56,0.72,7309.24062,0.554907426,9270.334,0.715579622,-0.160672195
5867,-2313,7311,9378,13180,12962,-435,0.55,0.72,7302.25126,0.554040308,9278.5545,0.71582738,-0.161787072
5868,-2328,7302,9387,13174,12958,-435,0.55,0.72,7293.24328,0.553608872,9287.4285,0.716733176,-0.163124304
5869,-2339,7298,9389,13177,12965,-435,0.55,0.72,7289.24727,0.553179576,9289.649,0.71651747,-0.163337894
5870,-2348,7292,9392,13173,12963,-443,0.55,0.72,7283.24195,0.552891669,9292.586,0.716854586,-0.163962918
5871,-2363,7282,9401,13169,12964,-454,0.55,0.73,7273.23663,0.552299843,9301.6175,0.71749595,-0.165196108
5872,-2373,7284,9401,13182,12961,-464,0.55,0.73,7275.25392,0.551908202,9301.523,0.717654733,-0.165746531
5873,-2377,7275,9402,13173,12959,-475,0.55,0.73,7266.24195,0.55160115,9302.46,0.717837796,-0.166236646
5874,-2395,7265,9408,13172,12962,-477,0.55,0.73,7256.24062,0.55088374,9308.5545,0.718141838,-0.167258098
5875,-2406,7254,9421,13177,12967,-477,0.55,0.73,7245.24727,0.549840424,9321.712,0.718879617,-0.169039193
5876,-2413,7258,9417,13173,12968,-477,0.55,0.73,7249.24195,0.550310632,9317.7435,0.71851816,-0.168207528
5877,-2431,7248,9425,13180,12968,-477,0.55,0.73,7239.25126,0.549260338,9325.7435,0.719135063,-0.169874725
5878,-2437,7245,9431,13177,12966,-477,0.55,0.73,7236.24727,0.549157416,9331.6805,0.719703879,-0.170546463
5879,-2442,7243,9428,13179,12964,-477,0.55,0.73,7234.24993,0.548922523,9328.6175,0.719578641,-0.170656118
5881,-2457,7236,9437,13189,12962,-582,0.55,0.73,7227.26323,0.547976589,9337.5545,0.720379147,-0.172402558
5882,-2461,7235,9443,13181,12973,-713,0.55,0.73,7226.25259,0.548232501,9343.901,0.720257535,-0.172025034
5882,-2469,7222,9450,13176,12974,-844,0.55,0.73,7213.24594,0.547453396,9350.9325,0.720743988,-0.173290592
5883,-2478,7219,9450,13177,12969,-975,0.55,0.73,7210.24727,0.547184281,9350.775,0.721009715,-0.173825435
5884,-2488,7218,9456,13180,12962,-1000,0.55,0.73,7209.25126,0.546984162,9356.5545,0.72184497,-0.174860808
5885,-2501,7212,9464,13183,12976,-1000,0.55,0.73,7203.25525,0.546404859,9364.9955,0.721716669,-0.175311811
5885,-2511,7206,9472,13179,12976,-1000,0.55,0.73,7197.24993,0.546115026,9372.9955,0.722333192,-0.176218166
5886,-2519,7192,9478,13165,12975,-1000,0.55,0.73,7183.23131,0.545630939,9378.964,0.722848863,-0.177217924
5888,-2530,7188,9479,13171,12972,-1001,0.55,0.73,7179.23929,0.545079287,9379.8695,0.723085839,-0.178006552
5889,-2540,7185,9485,13173,12978,-1000,0.55,0.73,7176.24195,0.544768993,9386.0585,0.723228425,-0.178459432
5890,-2548,7187,9487,13179,12975,-1000,0.55,0.73,7178.24993,0.544673339,9387.964,0.723542505,-0.178869166
5891,-2556,7179,9495,13175,12982,-1000,0.54,0.73,7170.24461,0.54423109,9396.1845,0.723785588,-0.179554498
5893,-2560,7174,9490,13169,12970,-1000,0.54,0.73,7165.23663,0.544098765,9390.8065,0.724040594,-0.179941829
5894,-2565,7175,9499,13179,12976,-1000,0.54,0.73,7166.24993,0.543762799,9399.9955,0.724413957,-0.180651157
5894,-2569,7173,9505,13176,12978,-1000,0.54,0.73,7164.24594,0.543734513,9406.0585,0.724769495,-0.181034982
5895,-2574,7172,9505,13178,12985,-1000,0.54,0.73,7163.2486,0.543576309,9406.279,0.724395764,-0.180819455
5896,-2575,7172,9503,13180,12982,-1000,0.54,0.73,7163.25126,0.543494026,9404.1845,0.724401826,-0.1809078
5897,-2575,7167,9505,13182,12987,-1000,0.54,0.73,7158.25392,0.543032462,9406.342,0.724289058,-0.181256596
5898,-2575,7166,9502,13180,12979,-1000,0.54,0.73,7157.25126,0.543038791,9403.09,0.724484937,-0.181446147
5899,-2577,7168,9503,13176,12979,-1000,0.54,0.73,7159.24594,0.543355035,9404.09,0.724561985,-0.18120695
5900,-2572,7174,9509,13174,12988,-1117,0.54,0.73,7165.24328,0.543892765,9410.3735,0.724543694,-0.18065093
5901,-2576,7174,9508,13187,12984,-1262,0.54,0.73,7165.26057,0.543357896,9409.2475,0.724680183,-0.181322288
5902,-2575,7178,9514,13186,12992,-1406,0.54,0.73,7169.25924,0.543702354,9415.4995,0.724715171,-0.181012817
5903,-2572,7175,9507,13183,12981,-1551,0.54,0.73,7166.25525,0.543598214,9408.153,0.724763346,-0.181165133
5904,-2569,7177,9505,13177,12992,-1580,0.54,0.73,7168.24727,0.543996909,9406.4995,0.724022437,-0.180025528
5905,-2567,7181,9509,13179,12992,-1580,0.54,0.73,7172.24993,0.544218069,9410.4995,0.724330319,-0.18011225
5906,-2564,7177,9505,13184,12995,-1580,0.54,0.73,7168.25658,0.543708782,9406.594,0.723862563,-0.180153781
5907,-2562,7182,9500,13179,12991,-1580,0.54,0.73,7173.24993,0.544293947,9401.468,0.723690863,-0.179396916
5908,-2554,7195,9504,13192,12995,-1580,0.55,0.73,7186.26722,0.544744331,9405.594,0.72378561,-0.179041278
5909,-2544,7187,9503,13179,13000,-1580,0.55,0.73,7178.24993,0.544673339,9404.7515,0.723442423,-0.178769084
5910,-2541,7194,9499,13177,12995,-1368,0.55,0.73,7185.24727,0.545287036,9400.594,0.723400846,-0.178113811
5911,-2531,7201,9485,13179,12992,-1105,0.55,0.73,7192.24993,0.545735635,9386.4995,0.722483028,-0.176747393
5912,-2524,7203,9492,13180,12990,-842,0.55,0.73,7194.25126,0.545846074,9393.4365,0.723128291,-0.177282217
5913,-2511,7203,9485,13173,12997,-578,0.55,0.73,7194.24195,0.546135425,9386.657,0.722217204,-0.176081779
5914,-2495,7217,9480,13177,12992,-527,0.55,0.73,7208.24727,0.547032501,9381.4995,0.722098176,-0.175065674
5915,-2488,7227,9472,13185,12993,-527,0.55,0.73,7218.25791,0.547459834,9373.531,0.721429308,-0.173969474
5916,-2476,7234,9466,13178,12992,-527,0.55,0.73,7225.2486,0.54828112,9367.4995,0.72102059,-0.17273947
5917,-2464,7236,9465,13182,12993,-527,0.55,0.73,7227.25392,0.548266873,9366.531,0.720890556,-0.172623683
5918,-2454,7242,9463,13180,12989,-527,0.55,0.73,7233.25126,0.548805103,9364.405,0.72094888,-0.172143777
5919,-2440,7248,9451,13173,12995,-527,0.55,0.73,7239.24195,0.549551503,9352.594,0.719707118,-0.170155615
5920,-2423,7257,9454,13171,12999,-518,0.55,0.73,7248.23929,0.550318069,9355.72,0.719726133,-0.169408064
5921,-2405,7270,9444,13184,12997,-505,0.55,0.73,7261.25658,0.550762787,9345.657,0.71906263,-0.168299843
5922,-2399,7275,9441,13177,12995,-493,0.55,0.73,7266.24727,0.55143411,9342.594,0.718937591,-0.167503481
5923,-2384,7283,9433,13178,12996,-480,0.55,0.73,7274.2486,0.551999438,9334.6255,0.718269121,-0.166269683
5924,-2374,7290,9433,13176,13000,-477,0.55,0.73,7281.24594,0.552614294,9334.7515,0.718057808,-0.165443514
5925,-2361,7297,9428,13175,12999,-477,0.55,0.73,7288.24461,0.553187447,9329.72,0.717725979,-0.164538532
5926,-2348,7303,9425,13178,12995,-477,0.55,0.73,7294.2486,0.553517119,9326.594,0.717706349,-0.164189229
5927,-2340,7316,9419,13176,12995,-477,0.56,0.72,7307.24594,0.554587579,9320.594,0.717244633,-0.162657054
5928,-2327,7315,9420,13171,13010,-477,0.56,0.72,7306.23929,0.554721683,9322.0665,0.716530861,-0.161809178
5929,-2321,7329,9414,13176,13004,-477,0.56,0.72,7320.24594,0.555574221,9315.8775,0.716385535,-0.160811314
5930,-2307,7335,9407,13179,13003,-470,0.56,0.72,7326.24993,0.555903326,9308.846,0.715899869,-0.159996544
5931,-2299,7335,9413,13179,13005,-460,0.56,0.72,7326.24993,0.555903326,9314.909,0.716255978,-0.160352653
5932,-2286,7341,9407,13177,13002,-450,0.56,0.72,7332.24727,0.556442838,9308.8145,0.715952507,-0.15950967
5933,-2266,7350,9409,13178,13012,-439,0.56,0.72,7341.2486,0.55708367,9311.1295,0.715580195,-0.158496525
5934,-2261,7366,9396,13190,13002,-435,0.56,0.72,7357.26456,0.557791096,9297.8145,0.715106484,-0.157315387
5935,-2238,7383,9381,13184,13003,-435,0.56,0.72,7374.25658,0.559333782,9282.846,0.713900331,-0.154566549
5936,-2225,7393,9375,13186,13006,-435,0.56,0.72,7384.25924,0.560007526,9276.9405,0.713281601,-0.153274075
5937,-2206,7399,9373,13186,13005,-435,0.56,0.72,7390.25924,0.560462554,9274.909,0.713180238,-0.152717684
5938,-2178,7413,9367,13188,13015,-435,0.56,0.72,7404.2619,0.561439331,9269.224,0.712195467,-0.150756136
5939,-2163,7424,9356,13187,13009,-435,0.56,0.72,7415.26057,0.56231596,9258.035,0.711663848,-0.149347888
5940,-2143,7434,9353,13180,13017,-435,0.56,0.72,7425.25126,0.56337263,9255.287,0.711015365,-0.147642735
5941,-2125,7447,9347,13187,13020,-435,0.56,0.72,7438.26057,0.564060102,9249.3815,0.710397965,-0.146337862
5942,-2107,7455,9337,13187,13013,-435,0.57,0.72,7446.26057,0.56466676,9239.161,0.709994698,-0.145327937
5943,-2098,7461,9329,13188,13003,-435,0.57,0.72,7452.2619,0.565079004,9230.846,0.709901254,-0.14482225
5944,-2076,7468,9328,13185,13018,-435,0.57,0.72,7459.25791,0.565738181,9230.3185,0.709042749,-0.143304568
5945,-2066,7481,9323,13193,13014,-435,0.57,0.72,7472.26855,0.566381304,9225.1925,0.708866797,-0.142485493
5946,-2055,7479,9315,13178,13011,-435,0.57,0.72,7470.2486,0.566872712,9217.098,0.708408116,-0.141535404
5947,-2041,7491,9312,13184,13016,-435,0.57,0.72,7482.25658,0.567525529,9214.2555,0.707917601,-0.140392072
5948,-2029,7499,9308,13179,13019,-435,0.57,0.71,7490.24993,0.568347366,9210.35,0.70745449,-0.139107124
5949,-2013,7507,9304,13187,13021,-435,0.57,0.71,7498.26057,0.568610038,9206.413,0.707043468,-0.13843343
5950,-2002,7515,9294,13186,13018,-485,0.57,0.71,7506.25924,0.569259763,9196.3185,0.70643098,-0.137171217
5951,-1994,7519,9294,13189,13021,-569,0.57,0.71,7510.26323,0.569433864,9196.413,0.706275478,-0.136841614
5952,-1980,7525,9293,13186,13022,-653,0.57,0.71,7516.25924,0.570018143,9195.4445,0.706146867,-0.136128723
5953,-1960,7537,9288,13182,13024,-736,0.57,0.71,7528.25392,0.571101041,9190.5075,0.70565936,-0.134558319
5954,-1953,7540,9277,13179,13021,-770,0.57,0.71,7531.24993,0.571458375,9179.413,0.704969895,-0.133511519
5955,-1939,7550,9277,13184,13024,-770,0.57,0.71,7541.25658,0.572000651,9179.5075,0.704814765,-0.132814114
5956,-1932,7550,9276,13174,13024,-770,0.57,0.71,7541.24328,0.57243383,9178.5075,0.704737984,-0.132304153
5957,-1920,7563,9268,13185,13025,-770,0.57,0.71,7554.25791,0.572943338,9170.539,0.704072092,-0.131128754
5958,-1917,7564,9273,13182,13033,-770,0.57,0.71,7555.25392,0.573149288,9175.791,0.704042891,-0.130893603
5959,-1908,7564,9264,13178,13024,-770,0.57,0.71,7555.2486,0.573322856,9166.5075,0.703816608,-0.130493752
5960,-1906,7567,9268,13178,13029,-821,0.57,0.71,7558.2486,0.573550508,9170.665,0.703865607,-0.130315099
5961,-1897,7579,9257,13191,13023,-906,0.57,0.71,7570.26589,0.573896285,9159.476,0.703330723,-0.129434438
5962,-1887,7581,9259,13184,13026,-992,0.58,0.71,7572.25658,0.574351986,9161.5705,0.703329533,-0.128977548
5963,-1885,7581,9262,13183,13026,-1077,0.58,0.71,7572.25525,0.574395452,9164.5705,0.703559842,-0.129164389
5964,-1885,7584,9255,13179,13029,-1112,0.58,0.71,7575.24993,0.57479702,9157.665,0.702867833,-0.128070813
5965,-1878,7584,9264,13181,13034,-1112,0.58,0.71,7575.25259,0.574710006,9166.8225,0.70330079,-0.128590784
5966,-1874,7588,9262,13183,13032,-1112,0.58,0.71,7579.25525,0.574926439,9164.7595,0.703250422,-0.128323983
5967,-1867,7593,9256,13188,13029,-1112,0.58,0.71,7584.2619,0.575088103,9158.665,0.702944585,-0.127856482
5968,-1872,7590,9256,13183,13029,-1112,0.58,0.71,7581.25525,0.57507815,9158.665,0.702944585,-0.127866435
5969,-1870,7588,9263,13184,13033,-1112,0.58,0.71,7579.25658,0.574882932,9165.791,0.703275608,-0.128392676
5970,-1879,7591,9261,13189,13034,-1271,0.58,0.71,7582.26323,0.574892959,9163.8225,0.703070623,-0.128177664
5971,-1875,7588,9267,13185,13037,-1537,0.58,0.71,7579.25791,0.574839432,9169.917,0.703376314,-0.128536882
5972,-1880,7583,9262,13182,13026,-1803,0.58,0.71,7574.25392,0.574590648,9164.5705,0.703559842,-0.128969194
5973,-1888,7582,9273,13183,13037,-2069,0.58,0.71,7573.25525,0.574471308,9175.917,0.703836542,-0.129365234
5974,-1891,7582,9274,13188,13032,-2175,0.57,0.71,7573.2619,0.574254011,9176.7595,0.704171232,-0.129917221
5975,-1897,7581,9280,13183,13036,-2175,0.58,0.71,7572.25525,0.574395452,9182.8855,0.704425092,-0.13002964
5976,-1902,7575,9274,13184,13033,-2175,0.57,0.71,7566.25658,0.573896889,9176.791,0.704119619,-0.130222731
5977,-1908,7576,9282,13186,13037,-2175,0.57,0.71,7567.25924,0.573885882,9184.917,0.704526885,-0.130641003
5978,-1912,7568,9286,13182,13037,-2175,0.57,0.71,7559.25392,0.573452733,9188.917,0.704833704,-0.131380972
5979,-1919,7567,9295,13177,13038,-2175,0.57,0.71,7558.24727,0.573593934,9197.9485,0.70547235,-0.131878416
5980,-1930,7562,9291,13180,13038,-1995,0.57,0.71,7553.25126,0.573084314,9193.9485,0.705165555,-0.13208124
5981,-1936,7551,9308,13171,13049,-1764,0.57,0.71,7542.23929,0.572639837,9211.295,0.705900452,-0.133260615
5982,-1937,7561,9305,13180,13044,-1533,0.57,0.71,7552.25126,0.573008442,9208.1375,0.705928971,-0.13292053
5983,-1951,7550,9311,13181,13038,-1302,0.57,0.71,7541.25259,0.572130536,9213.9485,0.706699532,-0.134568997
5984,-1961,7540,9319,13176,13040,-1251,0.57,0.71,7531.24594,0.571588186,9222.0115,0.707209471,-0.135621285
5985,-1970,7537,9320,13172,13041,-1251,0.57,0.71,7528.24062,0.571533603,9223.043,0.707234338,-0.135700735
5986,-1979,7536,9329,13179,13049,-1251,0.57,0.71,7527.24993,0.571154862,9232.295,0.707509771,-0.136354909
5987,-1988,7538,9337,13186,13047,-1251,0.57,0.72,7529.25924,0.571004038,9240.232,0.708226565,-0.137222528
5988,-1992,7523,9339,13174,13052,-1251,0.57,0.72,7514.24328,0.570384339,9242.3895,0.708120556,-0.137736217
5989,-2000,7516,9336,13173,13047,-1251,0.57,0.72,7507.24195,0.569896147,9239.232,0.70814992,-0.138253772
5990,-2017,7507,9347,13173,13044,-1212,0.57,0.72,7498.24195,0.569212932,9250.1375,0.709148842,-0.139935911
5991,-2031,7510,9358,13182,13056,-1150,0.57,0.72,7501.25392,0.569052793,9261.5155,0.709368528,-0.140315735
5992,-2040,7501,9363,13168,13054,-1087,0.57,0.72,7492.2353,0.568972912,9266.4525,0.709855408,-0.140882497
5993,-2059,7490,9367,13187,13050,-1025,0.57,0.72,7481.26057,0.56732089,9270.3265,0.710369847,-0.143048957
5994,-2076,7478,9376,13174,13048,-1000,0.57,0.72,7469.24328,0.56696852,9279.2635,0.711163665,-0.144195145
5995,-2088,7472,9386,13178,13055,-1000,0.57,0.72,7463.2486,0.566341524,9289.484,0.711565224,-0.1452237
5996,-2103,7470,9390,13186,13050,-1000,0.57,0.72,7461.25924,0.565847053,9293.3265,0.712132299,-0.146285246
5997,-2113,7453,9398,13166,13050,-1000,0.57,0.72,7444.23264,0.565413386,9301.3265,0.712745326,-0.14733194
5998,-2126,7447,9400,13168,13053,-1000,0.57,0.72,7438.2353,0.564872061,9303.421,0.712741975,-0.147869914
5999,-2142,7446,9410,13185,13053,-1000,0.56,0.72,7437.25791,0.564069618,9313.421,0.713508082,-0.149438465
6000,-2160,7434,9419,13184,13054,-1046,0.56,0.72,7425.25658,0.563202107,9322.4525,0.714145281,-0.150943174
6001,-2174,7417,9421,13162,13055,-1122,0.56,0.72,7408.22732,0.562849667,9324.484,0.714246189,-0.151396522
6002,-2191,7421,9436,13184,13053,-1198,0.56,0.72,7412.25658,0.562216063,9339.421,0.715499962,-0.153283898
6003,-2208,7406,9438,13175,13050,-1275,0.56,0.72,7397.24461,0.561460691,9341.3265,0.71581046,-0.154349768
6004,-2224,7398,9443,13178,13053,-1305,0.56,0.72,7389.2486,0.560726104,9346.421,0.716036237,-0.155310133
6005,-2241,7391,9463,13182,13059,-1305,0.56,0.72,7382.25392,0.560025332,9366.61,0.717253235,-0.157227904
6006,-2270,7372,9469,13171,13055,-1305,0.56,0.73,7363.23929,0.559049373,9372.484,0.717922941,-0.158873569
6007,-2289,7359,9478,13171,13054,-1305,0.56,0.73,7350.23929,0.558062356,9381.4525,0.718664969,-0.160602613
6008,-2310,7352,9490,13176,13055,-1305,0.56,0.73,7343.24594,0.557319819,9393.484,0.71953152,-0.162211701
6009,-2334,7337,9506,13180,13058,-1305,0.56,0.73,7328.25126,0.556012994,9409.5785,0.720598752,-0.164585758
6010,-2364,7336,9520,13190,13058,-959,0.56,0.73,7327.26456,0.555516646,9423.5785,0.721670891,-0.166154245
6011,-2375,7308,9526,13159,13064,-383,0.56,0.73,7299.22333,0.554694379,9429.7675,0.721813189,-0.16711881
6012,-2405,7303,9539,13175,13065,192,0.55,0.73,7294.24461,0.553642855,9442.799,0.722755377,-0.169112522
6013,-2420,7305,9544,13192,13062,768,0.55,0.73,7296.26722,0.553082718,9447.7045,0.72329693,-0.170214212
6014,-2441,7286,9560,13184,13068,999,0.55,0.73,7277.25658,0.551976379,9463.8935,0.724203665,-0.172227286
6015,-2462,7280,9563,13188,13059,999,0.55,0.73,7271.2619,0.551354406,9466.61,0.724910789,-0.173556384
6016,-2479,7277,9576,13194,13064,999,0.55,0.73,7268.26988,0.550876905,9479.7675,0.725640501,-0.174763596
6017,-2493,7273,9586,13205,13065,999,0.55,0.73,7264.28451,0.550116207,9489.799,0.726352775,-0.176236568
6018,-2512,7270,9593,13213,13071,999,0.55,0.73,7261.29515,0.549556887,9496.988,0.726569352,-0.177012465
6019,-2523,7254,9596,13192,13067,999,0.55,0.73,7245.26722,0.549216739,9499.862,0.727011709,-0.17779497
6020,-2545,7242,9609,13191,13069,849,0.55,0.74,7233.26589,0.548348563,9512.925,0.727899992,-0.17955143
6021,-2553,7243,9615,13205,13069,599,0.55,0.74,7234.28451,0.54784434,9518.925,0.728359094,-0.180514754
6022,-2566,7226,9626,13184,13075,349,0.55,0.74,7217.25658,0.547425408,9530.114,0.728880612,-0.181455204
6023,-2581,7220,9631,13184,13068,98,0.55,0.74,7211.25658,0.546970311,9534.8935,0.729636785,-0.182666474
6024,-2596,7237,9632,13217,13068,0,0.55,0.74,7228.30047,0.546894187,9535.8935,0.729713307,-0.18281912
6025,-2604,7219,9641,13198,13072,0,0.55,0.74,7210.2752,0.546315745,9545.0195,0.73018815,-0.183872405
6026,-2615,7211,9647,13193,13075,0,0.55,0.74,7202.26855,0.545915906,9551.114,0.73048673,-0.184570824
6027,-2632,7214,9655,13215,13076,0,0.55,0.74,7205.29781,0.545236308,9559.1455,0.731045083,-0.185808775
6028,-2635,7202,9653,13206,13064,0,0.55,0.74,7193.28584,0.544698307,9556.7675,0.731534561,-0.186836254
6029,-2648,7189,9658,13192,13068,0,0.54,0.74,7180.26722,0.54428951,9561.8935,0.7317029,-0.18741339
6030,-2656,7191,9670,13200,13076,-251,0.54,0.74,7182.27786,0.544111959,9574.1455,0.732192222,-0.188080263
6031,-2663,7192,9673,13202,13073,-667,0.54,0.74,7183.28052,0.544105478,9577.051,0.732582498,-0.18847702
6032,-2674,7180,9682,13190,13079,-1084,0.54,0.74,7171.26456,0.543689504,9586.24,0.732949002,-0.189259498
6033,-2681,7176,9683,13195,13073,-1501,0.54,0.74,7167.27121,0.543180842,9587.051,0.733347434,-0.190166592
6034,-2692,7168,9686,13178,13076,-1668,0.54,0.74,7159.2486,0.543272773,9590.1455,0.733415838,-0.190143065
6035,-2701,7167,9700,13188,13080,-1668,0.54,0.74,7158.2619,0.54278601,9604.2715,0.734271521,-0.191485511
6036,-2707,7167,9694,13188,13077,-1668,0.54,0.74,7158.2619,0.54278601,9598.177,0.733973924,-0.191187914
6037,-2706,7180,9703,13215,13084,-1668,0.54,0.74,7171.29781,0.542663474,9607.3975,0.73428596,-0.191622486
6038,-2712,7180,9699,13223,13074,-1668,0.54,0.74,7171.30845,0.542335964,9603.0825,0.734517554,-0.19218159
6039,-2717,7161,9698,13186,13069,-1667,0.54,0.74,7152.25924,0.542413108,9601.925,0.734710001,-0.192296893
6040,-2715,7165,9708,13192,13084,-1362,0.54,0.74,7156.26722,0.542470226,9612.3975,0.734668106,-0.19219788
6041,-2720,7176,9714,13216,13083,-853,0.54,0.74,7167.29914,0.54231985,9618.366,0.735180463,-0.192860613
6042,-2722,7168,9709,13190,13077,-343,0.54,0.74,7159.26456,0.542779724,9613.177,0.735120976,-0.192341252
6043,-2721,7162,9718,13181,13079,165,0.54,0.74,7153.25259,0.542694226,9622.24,0.735701506,-0.19300728
6044,-2727,7160,9720,13185,13086,369,0.54,0.74,7151.25791,0.542378302,9624.4605,0.735477648,-0.193099346
6045,-2728,7161,9714,13182,13073,369,0.54,0.74,7152.25392,0.542577296,9618.051,0.735718733,-0.193141437
6046,-2729,7163,9725,13188,13088,369,0.54,0.74,7154.2619,0.542482704,9629.5235,0.735752101,-0.193269397
6047,-2731,7171,9721,13206,13080,369,0.54,0.74,7162.28584,0.542350889,9625.2715,0.735877026,-0.193526137
6048,-2727,7183,9723,13219,13089,369,0.54,0.74,7174.30313,0.542726615,9627.555,0.735545496,-0.192818881
6049,-2722,7172,9725,13182,13084,369,0.54,0.74,7163.25392,0.543411768,9629.3975,0.735967403,-0.192555635
6050,-2728,7175,9731,13194,13084,313,0.54,0.74,7166.26988,0.543146118,9635.3975,0.736425978,-0.19327986
6051,-2727,7196,9726,13223,13081,221,0.54,0.74,7187.30845,0.543545977,9630.303,0.736205412,-0.192659436
6052,-2719,7181,9730,13191,13090,128,0.54,0.74,7172.26589,0.543724198,9634.5865,0.736026471,-0.192302273
6053,-2715,7184,9727,13193,13079,36,0.54,0.74,7175.26855,0.543869366,9631.24,0.736389632,-0.192520266
6054,-2717,7189,9718,13199,13073,0,0.54,0.74,7180.27653,0.544001555,9622.051,0.736024707,-0.192023152
6055,-2709,7188,9722,13188,13075,0,0.55,0.74,7179.2619,0.544378367,9626.114,0.736222868,-0.191844501
6056,-2709,7203,9731,13198,13088,0,0.55,0.74,7194.2752,0.54510344,9635.5235,0.736210536,-0.191107096
6057,-2698,7207,9716,13196,13076,0,0.55,0.74,7198.27254,0.545488977,9620.1455,0.735710118,-0.190221141
6058,-2693,7201,9714,13179,13071,0,0.55,0.74,7192.24993,0.545735635,9617.988,0.735826486,-0.190090851
6059,-2690,7205,9723,13192,13082,0,0.55,0.74,7196.26722,0.545502367,9627.3345,0.735922221,-0.190419855
6060,-2679,7217,9713,13188,13079,-22,0.55,0.74,7208.2619,0.546577335,9617.24,0.735319214,-0.188741879
6061,-2669,7222,9714,13190,13076,-131,0.55,0.74,7213.26456,0.546873735,9618.1455,0.735557166,-0.188683431
6062,-2659,7232,9717,13191,13082,-240,0.55,0.74,7223.26589,0.54759047,9621.3345,0.735463576,-0.187873106
6063,-2652,7244,9710,13195,13079,-348,0.55,0.74,7235.27121,0.548334309,9614.24,0.735089839,-0.186755529
6064,-2634,7251,9710,13188,13084,-435,0.55,0.74,7242.2619,0.549155437,9614.3975,0.734820965,-0.185665528
6065,-2628,7258,9709,13195,13090,-435,0.55,0.74,7249.27121,0.549395317,9613.5865,0.734422193,-0.185026875
6066,-2616,7268,9696,13194,13074,-435,0.55,0.74,7259.26988,0.550194776,9600.0825,0.734288091,-0.184093314
6067,-2602,7270,9700,13186,13081,-435,0.55,0.74,7261.25924,0.550679451,9604.303,0.734217797,-0.183538346
6068,-2590,7289,9692,13206,13078,-435,0.55,0.74,7280.28584,0.551286221,9596.2085,0.733767281,-0.18248106
6069,-2580,7289,9695,13190,13087,-435,0.55,0.74,7280.26456,0.55195334,9599.492,0.733513563,-0.181560223
6070,-2570,7300,9694,13193,13089,-299,0.55,0.74,7291.26855,0.552661908,9598.555,0.733329895,-0.180667988
6071,-2559,7312,9687,13204,13078,-71,0.55,0.74,7303.28318,0.553111419,9591.2085,0.733384959,-0.18027354
6072,-2550,7309,9689,13195,13089,156,0.55,0.74,7300.27121,0.553260418,9593.555,0.732947895,-0.179687478
6073,-2533,7319,9697,13186,13096,384,0.56,0.74,7310.25924,0.554395513,9601.7755,0.733183835,-0.178788321
6074,-2528,7330,9692,13189,13093,475,0.56,0.74,7321.26323,0.55510374,9596.681,0.732962728,-0.177858988
6075,-2521,7336,9683,13186,13089,475,0.56,0.74,7327.25924,0.55568476,9587.555,0.732489495,-0.176804735
6076,-2504,7349,9694,13190,13108,475,0.56,0.74,7340.26456,0.556502241,9599.1535,0.732312595,-0.175810354
6077,-2505,7357,9684,13196,13086,475,0.56,0.74,7348.27254,0.556856058,9588.4605,0.732726616,-0.175870558
6078,-2490,7358,9681,13184,13088,475,0.56,0.74,7349.25658,0.557437544,9585.5235,0.732390243,-0.174952699
6079,-2473,7365,9693,13186,13107,475,0.56,0.74,7356.25924,0.557884062,9598.122,0.732289769,-0.174405707
6080,-2472,7381,9696,13196,13110,482,0.56,0.74,7372.27254,0.558674791,9601.2165,0.732358238,-0.173683447
6081,-2458,7393,9677,13194,13089,495,0.56,0.74,7384.26988,0.55966878,9581.555,0.732031095,-0.172362315
6082,-2440,7403,9677,13197,13103,507,0.56,0.74,7394.27387,0.560299604,9581.996,0.731282607,-0.170983003
6083,-2432,7406,9681,13189,13110,520,0.56,0.74,7397.26323,0.560866118,9586.2165,0.731214073,-0.170347955
6084,-2421,7412,9672,13182,13098,525,0.56,0.74,7403.25392,0.561618413,9576.8385,0.731168003,-0.16954959
6085,-2403,7428,9672,13195,13104,525,0.56,0.74,7419.27121,0.562278985,9577.0275,0.730847642,-0.168568657
6086,-2392,7434,9676,13185,13109,525,0.56,0.74,7425.25791,0.563159493,9581.185,0.730886032,-0.16772654
6088,-2383,7441,9665,13180,13095,525,0.56,0.74,7432.25126,0.563903737,9569.744,0.730793738,-0.166890001
6088,-2371,7455,9668,13192,13102,525,0.57,0.74,7446.26722,0.564453246,9572.9645,0.730649099,-0.166195853
6089,-2361,7458,9666,13189,13101,525,0.57,0.74,7449.26323,0.564808797,9570.933,0.730549805,-0.165741008
6090,-2356,7467,9666,13187,13118,506,0.57,0.74,7458.26057,0.565576748,9571.4685,0.729643886,-0.164067139
6091,-2342,7479,9654,13197,13098,474,0.57,0.74,7470.27387,0.566058488,9558.8385,0.729793747,-0.163735259
6092,-2330,7481,9667,13187,13112,443,0.57,0.74,7472.26057,0.566638399,9572.2795,0.73003962,-0.163401221
6093,-2319,7491,9661,13187,13113,411,0.57,0.74,7482.26057,0.567396722,9566.311,0.729528788,-0.162132066
6094,-2311,7497,9673,13189,13127,399,0.57,0.74,7488.26323,0.567765807,9578.752,0.729698484,-0.161932677
6095,-2303,7509,9657,13194,13111,398,0.57,0.74,7500.26988,0.568460655,9562.248,0.729330181,-0.160869526
6096,-2297,7516,9666,13189,13133,399,0.57,0.74,7507.26323,0.569206402,9571.941,0.728846494,-0.159640092
6097,-2290,7518,9670,13197,13132,398,0.57,0.74,7509.27387,0.569013705,9575.9095,0.729204196,-0.16019049
6098,-2289,7517,9678,13188,13138,399,0.57,0.74,7508.2619,0.569325288,9584.0985,0.729494482,-0.160169194
6099,-2285,7530,9680,13196,13134,399,0.57,0.74,7521.27254,0.569966091,9585.9725,0.729859335,-0.159893243
6101,-2285,7527,9668,13189,13124,475,0.57,0.74,7518.26323,0.57004043,9573.6575,0.729477103,-0.159436673
6102,-2286,7529,9683,13194,13136,602,0.57,0.74,7520.26988,0.569976495,9589.0355,0.729981387,-0.160004892
6102,-2288,7521,9693,13184,13146,729,0.57,0.74,7512.25658,0.569801015,9599.3505,0.730210749,-0.160409734
6103,-2292,7526,9683,13187,13124,857,0.57,0.74,7517.26057,0.570050851,9588.6575,0.730620047,-0.160569196
6104,-2296,7531,9684,13188,13121,908,0.57,0.74,7522.2619,0.570386859,9589.563,0.730856109,-0.160469249
6105,-2298,7527,9690,13190,13124,908,0.57,0.74,7518.26456,0.569997313,9595.6575,0.731153421,-0.161156108
6106,-2306,7529,9702,13196,13136,908,0.57,0.74,7520.27254,0.569890311,9608.0355,0.731427794,-0.161537483
6107,-2313,7522,9714,13184,13139,908,0.57,0.74,7513.25658,0.569876864,9620.13,0.732181292,-0.162304428
6108,-2316,7522,9701,13186,13123,908,0.57,0.74,7513.25924,0.569790629,9606.626,0.732044959,-0.16225433
6109,-2324,7527,9714,13194,13131,908,0.57,0.74,7518.26988,0.569824911,9619.878,0.732608179,-0.162783268
6110,-2332,7515,9717,13191,13124,557,0.57,0.74,7506.26589,0.569044492,9622.6575,0.733210721,-0.164166229
6111,-2344,7522,9736,13196,13144,-27,0.57,0.74,7513.27254,0.569359847,9642.2875,0.733588519,-0.164228673
6112,-2351,7512,9735,13194,13134,-611,0.57,0.74,7503.26988,0.568688031,9640.9725,0.734046939,-0.165358908
6113,-2355,7508,9739,13187,13131,-1196,0.57,0.74,7499.26057,0.56868587,9644.878,0.734512071,-0.1658262
6114,-2374,7512,9764,13201,13151,-1429,0.57,0.74,7503.27919,0.568387182,9670.508,0.735343928,-0.166956746
6115,-2385,7500,9766,13185,13144,-1429,0.57,0.74,7491.25791,0.568165181,9672.2875,0.73587093,-0.167705749
6116,-2399,7494,9767,13188,13134,-1429,0.57,0.74,7485.2619,0.567581278,9672.9725,0.736483364,-0.168902085
6117,-2409,7485,9787,13188,13151,-1429,0.57,0.74,7476.2619,0.56689884,9693.508,0.737092845,-0.170194005
6118,-2419,7487,9794,13197,13153,-1429,0.57,0.74,7478.27387,0.566664687,9700.571,0.737517753,-0.170853066
6119,-2439,7481,9794,13192,13131,-1429,0.57,0.75,7472.26722,0.566424137,9699.878,0.738700632,-0.172276495
6120,-2455,7471,9819,13183,13156,-1610,0.57,0.75,7462.25525,0.566051373,9725.6655,0.739257031,-0.173205658
6121,-2469,7464,9819,13185,13148,-1911,0.57,0.75,7455.25791,0.565434805,9725.4135,0.739687671,-0.174252866
6122,-2483,7461,9823,13196,13140,-2212,0.57,0.75,7452.27254,0.564737234,9729.1615,0.74042325,-0.175686016
6123,-2502,7442,9835,13176,13139,-2513,0.56,0.75,7433.24594,0.56415042,9741.13,0.741390517,-0.177240096
6124,-2510,7453,9855,13193,13158,-2633,0.56,0.75,7444.26855,0.564258967,9761.7285,0.741885431,-0.177626464
6125,-2532,7435,9847,13189,13143,-2633,0.56,0.75,7426.26323,0.56306492,9753.256,0.742087499,-0.179022579
6126,-2545,7437,9868,13196,13153,-2633,0.56,0.75,7428.27254,0.562918501,9774.571,0.743143846,-0.180225344
6127,-2559,7430,9870,13189,13146,-2633,0.56,0.75,7421.26323,0.562685816,9776.3505,0.74367492,-0.180989104
6128,-2586,7413,9889,13191,13161,-2633,0.56,0.75,7404.26589,0.561311947,9795.823,0.744306892,-0.182994945
6129,-2597,7401,9902,13181,13160,-2633,0.56,0.75,7392.25259,0.560826386,9808.7915,0.745348898,-0.184522512
6130,-2622,7396,9905,13194,13146,-2324,0.56,0.75,7387.26988,0.559896156,9811.3505,0.746337327,-0.186441171
6131,-2642,7379,9926,13188,13155,-1813,0.56,0.75,7370.2619,0.55886123,9832.634,0.747444622,-0.188583392
6132,-2670,7368,9941,13189,13161,-1302,0.56,0.76,7359.26323,0.557984929,9847.823,0.748257959,-0.19027303
6133,-2691,7357,9940,13178,13149,-791,0.56,0.76,7348.2486,0.557614858,9846.445,0.748836033,-0.191221175
6134,-2722,7350,9953,13194,13147,-589,0.56,0.76,7341.26988,0.556409723,9859.382,0.749933977,-0.193524255
6135,-2748,7329,9968,13189,13150,-589,0.56,0.76,7320.26323,0.555027919,9874.4765,0.75091076,-0.195882841
6136,-2778,7316,9980,13189,13144,-589,0.55,0.76,7307.26323,0.55404225,9886.2875,0.752152123,-0.198109873
6137,-2799,7307,10012,13193,13161,-589,0.55,0.76,7298.26855,0.553192492,9918.823,0.753652686,-0.200460194
6138,-2826,7295,10016,13186,13155,-589,0.55,0.76,7286.25924,0.552575401,9922.634,0.754286127,-0.201710726
6139,-2847,7278,10026,13179,13151,-589,0.55,0.76,7269.24993,0.551578263,9932.508,0.755266368,-0.203688104
6140,-2877,7267,10033,13188,13144,-637,0.55,0.76,7258.2619,0.550368661,9939.2875,0.756184381,-0.20581572
6141,-2902,7262,10065,13190,13174,-717,0.55,0.76,7253.26456,0.549906335,9972.2325,0.756963147,-0.207056812
6142,-2927,7239,10063,13188,13147,-797,0.55,0.77,7230.2619,0.548245519,9969.382,0.758300905,-0.210055386
6143,-2955,7220,10084,13179,13150,-878,0.55,0.77,7211.24993,0.547177322,9990.4765,0.759732053,-0.212554731
6144,-2982,7227,10102,13205,13163,-910,0.55,0.77,7218.28451,0.546632678,10008.886,0.760380308,-0.213747631
6145,-2998,7208,10102,13188,13151,-910,0.55,0.77,7199.2619,0.545894897,10008.508,0.761045396,-0.215150499
6146,-3029,7198,10111,13186,13152,-910,0.55,0.77,7189.25924,0.545219114,10017.5395,0.761674232,-0.216455118
6147,-3051,7179,10135,13183,13163,-910,0.54,0.77,7170.25525,0.543901635,10041.886,0.762887336,-0.218985701
6148,-3082,7173,10149,13187,13160,-909,0.54,0.77,7164.26057,0.543282063,10055.7915,0.764117895,-0.220835832
6149,-3103,7155,10154,13191,13152,-910,0.54,0.77,7146.26589,0.541753157,10060.5395,0.764943697,-0.22319054
6150,-3131,7141,10180,13189,13167,-838,0.54,0.77,7132.26323,0.540773617,10087.012,0.766082783,-0.225309166
6151,-3147,7135,10193,13188,13181,-719,0.54,0.77,7126.2619,0.540359562,10100.453,0.766288825,-0.225929263
6152,-3177,7120,10196,13190,13159,-600,0.54,0.77,7111.26456,0.539140603,10102.76,0.767745269,-0.228604666
6153,-3199,7116,10194,13198,13149,-482,0.54,0.78,7107.2752,0.538511532,10100.445,0.768153091,-0.229641559
6154,-3217,7105,10206,13192,13147,-435,0.54,0.78,7096.26722,0.537922015,10112.382,0.769177911,-0.231255896
6155,-3244,7090,10225,13188,13158,-435,0.54,0.78,7081.2619,0.536947369,10131.7285,0.770005206,-0.233057837
6156,-3265,7073,10241,13185,13154,-435,0.54,0.78,7064.25791,0.535779895,10147.6025,0.771446138,-0.235666243
6157,-3289,7064,10249,13188,13153,-435,0.54,0.78,7055.2619,0.53497588,10155.571,0.772110621,-0.237134742
6158,-3307,7055,10272,13191,13167,-435,0.53,0.78,7046.26589,0.53417223,10179.012,0.773069948,-0.238897717
6159,-3331,7042,10272,13183,13159,-435,0.53,0.78,7033.25525,0.533509463,10178.76,0.773520784,-0.240011321
6160,-3352,7043,10285,13194,13161,-430,0.53,0.78,7034.26988,0.53314157,10191.823,0.774395791,-0.24125422
6161,-3370,7024,10294,13181,13156,-421,0.53,0.78,7015.25259,0.53222461,10200.6655,0.77536223,-0.24313762
6162,-3387,7024,10297,13191,13155,-412,0.53,0.78,7015.26589,0.531822143,10203.634,0.775646826,-0.243824683
6163,-3410,7008,10315,13189,13163,-404,0.53,0.78,6999.26323,0.530689456,10221.886,0.77656203,-0.245872574
6164,-3424,7007,10332,13193,13166,-400,0.53,0.78,6998.26855,0.530453161,10238.9805,0.777683465,-0.247230304
6165,-3432,7002,10339,13189,13173,-400,0.53,0.78,6993.26323,0.530234531,10246.201,0.777818341,-0.247583809
6166,-3442,6999,10336,13193,13166,-400,0.53,0.79,6990.26855,0.529846779,10242.9805,0.777987278,-0.248140499
6167,-3455,6994,10347,13193,13167,-400,0.53,0.79,6985.26855,0.52946779,10254.012,0.778766006,-0.249298216
6168,-3470,6989,10357,13188,13166,-400,0.53,0.79,6980.2619,0.529288891,10263.9805,0.779582295,-0.250293404
6169,-3488,6981,10362,13192,13157,-400,0.53,0.79,6972.26722,0.528522379,10268.697,0.780474044,-0.251951666
6170,-3498,6973,10372,13195,13165,-602,0.53,0.79,6964.27121,0.527796227,10278.949,0.780778504,-0.252982277
6171,-3509,6967,10381,13180,13169,-957,0.53,0.79,6958.25126,0.527940156,10288.075,0.781234338,-0.253294182
6172,-3516,6971,10385,13190,13159,-1311,0.53,0.79,6962.26456,0.527844167,10291.76,0.782108063,-0.254263896
6173,-3525,6972,10390,13196,13168,-1666,0.53,0.79,6963.27254,0.52768055,10297.0435,0.781974749,-0.254294199
6174,-3534,6971,10397,13197,13164,-1819,0.53,0.79,6962.27387,0.527564891,10303.9175,0.782734541,-0.25516965
6175,-3541,6960,10400,13182,13164,-1819,0.53,0.79,6951.25392,0.527329231,10306.9175,0.782962435,-0.255633205
6176,-3552,6958,10405,13191,13161,-1819,0.53,0.79,6949.26589,0.526818732,10311.823,0.783513639,-0.256694907
6177,-3558,6955,10410,13192,13163,-1819,0.53,0.79,6946.26722,0.526551487,10316.886,0.78377923,-0.257227742
6178,-3559,6957,10425,13193,13178,-1819,0.53,0.79,6948.26855,0.526663272,10332.3585,0.7840612,-0.257397928
6179,-3567,6952,10416,13187,13159,-1819,0.53,0.79,6943.26057,0.526523134,10322.76,0.784463865,-0.257940731
6180,-3579,6957,10430,13192,13170,-1737,0.53,0.79,6948.26722,0.526703094,10337.1065,0.784897988,-0.258194894
6181,-3580,6956,10432,13195,13173,-1532,0.53,0.79,6947.27121,0.52650786,10339.201,0.784878236,-0.258370376
6182,-3581,6949,10433,13174,13169,-1328,0.53,0.79,6940.24328,0.526813669,10340.075,0.785183006,-0.258369336
6183,-3586,6955,10439,13194,13172,-1123,0.53,0.79,6946.26988,0.526471872,10346.1695,0.785466862,-0.258994989
6184,-3587,6951,10442,13191,13176,-1000,0.53,0.79,6942.26589,0.526288067,10349.2955,0.785465657,-0.25917759
6185,-3593,6953,10452,13187,13174,-1000,0.53,0.79,6944.26057,0.526598966,10359.2325,0.786339191,-0.259740224
6186,-3594,6952,10443,13189,13169,-1000,0.53,0.79,6943.26323,0.526443493,10350.075,0.785942365,-0.259498872
6187,-3591,6958,10453,13194,13173,-1000,0.53,0.79,6949.26988,0.526699248,10360.201,0.786472406,-0.259773158
6188,-3587,6960,10455,13187,13178,-1000,0.53,0.79,6951.26057,0.527129792,10362.3585,0.786337722,-0.25920793
6189,-3594,6956,10455,13187,13176,-1000,0.53,0.79,6947.26057,0.526826463,10362.2955,0.7864523,-0.259625836
6190,-3591,6962,10463,13193,13183,-853,0.53,0.79,6953.26855,0.527042261,10370.516,0.786658272,-0.259616011
6191,-3595,6964,10461,13188,13182,-484,0.53,0.79,6955.2619,0.527393229,10368.4845,0.786563837,-0.259170608
6193,-3592,6963,10470,13183,13185,-115,0.53,0.79,6954.25525,0.527516897,10377.579,0.78707463,-0.259557734
6194,-3592,6967,10471,13184,13185,253,0.53,0.79,6958.25658,0.527780384,10378.579,0.787150474,-0.25937009
6195,-3603,6967,10474,13190,13175,475,0.53,0.79,6958.26456,0.527540907,10381.264,0.787951727,-0.26041082
6195,-3606,6964,10475,13187,13183,475,0.53,0.79,6955.26057,0.527433121,10382.516,0.787568535,-0.260135414
6196,-3612,6962,10479,13191,13175,475,0.53,0.8,6953.26589,0.527121969,10386.264,0.788331233,-0.261209265
6197,-3617,6962,10494,13192,13189,475,0.53,0.8,6953.26722,0.527082112,10401.705,0.788665176,-0.261583064
6198,-3626,6956,10492,13188,13178,475,0.53,0.8,6947.2619,0.526786617,10399.3585,0.789145432,-0.262358815
6199,-3631,6960,10506,13184,13188,475,0.53,0.8,6951.25658,0.527249437,10413.6735,0.789632507,-0.26238307
6200,-3638,6952,10514,13192,13188,336,0.53,0.8,6943.26722,0.526324077,10421.6735,0.790239119,-0.263915042
6201,-3646,6951,10510,13187,13183,-9,0.53,0.8,6942.26057,0.526447302,10417.516,0.79022347,-0.263776168
6202,-3651,6948,10519,13185,13189,-355,0.53,0.8,6939.25791,0.526299424,10426.705,0.790560695,-0.26426127
6203,-3656,6950,10513,13190,13179,-702,0.53,0.8,6941.26456,0.526252052,10420.39,0.790681387,-0.264429336
6204,-3667,6944,10521,13189,13184,-909,0.53,0.8,6935.26323,0.525836927,10428.5475,0.791000265,-0.265163338
6205,-3671,6944,10529,13186,13180,-909,0.53,0.8,6935.25924,0.52595626,10436.4215,0.791837747,-0.265881487
6206,-3675,6948,10533,13194,13186,-909,0.53,0.8,6939.26988,0.525941328,10440.6105,0.791795124,-0.265853796
6207,-3682,6945,10537,13196,13188,-910,0.53,0.8,6936.27254,0.525634476,10444.6735,0.791983129,-0.266348653
6208,-3685,6944,10552,13192,13197,-910,0.53,0.8,6935.26722,0.525717649,10459.957,0.792601121,-0.266883473
6209,-3695,6947,10560,13200,13193,-910,0.53,0.8,6938.27786,0.525627111,10467.831,0.793438263,-0.267811152
6210,-3698,6944,10558,13191,13196,-728,0.53,0.8,6935.26589,0.525757402,10465.9255,0.793113481,-0.267356079
6211,-3702,6946,10559,13189,13193,-273,0.53,0.8,6937.26323,0.525988569,10466.831,0.793362465,-0.267373896
6212,-3705,6938,10566,13184,13193,180,0.53,0.8,6929.25658,0.525580748,10473.831,0.793893049,-0.268312301
6213,-3714,6937,10563,13189,13190,635,0.53,0.8,6928.26323,0.525306182,10470.7365,0.793839007,-0.268532825
6214,-3714,6941,10565,13187,13186,908,0.53,0.8,6932.26057,0.525688979,10472.6105,0.79422194,-0.268532961
6215,-3716,6944,10574,13197,13197,908,0.53,0.8,6935.27387,0.525518972,10481.957,0.794268167,-0.268749195
6216,-3717,6942,10572,13199,13191,908,0.53,0.8,6933.27653,0.525288017,10479.768,0.794463498,-0.269175481
6217,-3715,6936,10573,13192,13190,908,0.53,0.8,6927.26722,0.52511122,10480.7365,0.794597157,-0.269485937
6218,-3721,6947,10573,13197,13187,908,0.53,0.8,6938.27387,0.525746296,10480.642,0.794770759,-0.269024463
6219,-3721,6939,10576,13196,13191,908,0.53,0.8,6930.27254,0.525179792,10483.768,0.794766735,-0.269586943
6220,-3726,6938,10585,13190,13197,733,0.53,0.8,6929.26456,0.525342271,10492.957,0.79510169,-0.269759418
6221,-3730,6935,10588,13190,13197,298,0.53,0.8,6926.26456,0.525114826,10495.957,0.795329014,-0.270214188
6222,-3739,6927,10594,13186,13202,-137,0.53,0.8,6918.25924,0.524667013,10502.1145,0.795494205,-0.270827192
6224,-3745,6926,10596,13192,13204,-572,0.53,0.8,6917.26722,0.524353185,10504.1775,0.795529953,-0.271176768
6225,-3757,6919,10600,13195,13200,-834,0.52,0.8,6910.27121,0.523703767,10508.0515,0.796064508,-0.27236074
6226,-3757,6915,10593,13196,13193,-834,0.52,0.8,6906.27254,0.523361059,10500.831,0.795939589,-0.27257853
6227,-3766,6925,10604,13200,13199,-834,0.52,0.8,6916.27786,0.523960444,10512.02,0.796425487,-0.272465043
6228,-3771,6919,10609,13200,13200,-834,0.52,0.8,6910.27786,0.523505898,10517.0515,0.796746326,-0.273240427
6228,-3778,6905,10607,13188,13202,-834,0.52,0.8,6896.2619,0.522919465,10515.1145,0.796478905,-0.27355944
6229,-3788,6899,10616,13191,13205,-834,0.52,0.8,6890.26589,0.522345985,10524.209,0.796986672,-0.274640687
6230,-3801,6882,10623,13185,13203,-862,0.52,0.8,6873.25791,0.521293736,10531.146,0.797632811,-0.276339075
6231,-3820,6879,10626,13186,13198,-931,0.52,0.81,6870.25924,0.521026789,10533.9885,0.798150364,-0.277123575
6232,-3834,6870,10633,13190,13196,-1001,0.52,0.81,6861.26456,0.520186851,10540.9255,0.798797022,-0.278610171
6233,-3857,6851,10644,13186,13203,-1070,0.52,0.81,6842.25924,0.518903325,10552.146,0.799223358,-0.280320034
6234,-3884,6839,10663,13190,13209,-1112,0.52,0.81,6830.26456,0.517836585,10571.335,0.800313044,-0.282476459
6235,-3917,6811,10678,13183,13206,-1112,0.52,0.81,6802.25525,0.515986896,10586.2405,0.801623542,-0.285636646
6236,-3950,6790,10689,13184,13204,-1112,0.52,0.81,6781.25658,0.51435502,10597.1775,0.802573273,-0.288218254
6237,-3981,6778,10695,13186,13201,-1112,0.51,0.81,6769.25924,0.51336715,10603.083,0.803203015,-0.289835865
6238,-4007,6767,10716,13193,13205,-1112,0.51,0.81,6758.26855,0.512261696,10624.209,0.804559561,-0.292297865
6239,-4035,6743,10730,13180,13207,-1112,0.51,0.81,6734.25126,0.510944709,10638.272,0.805502537,-0.294557828
6240,-4069,6735,10742,13184,13204,-1100,0.51,0.81,6726.25658,0.510183296,10650.1775,0.806587208,-0.296403912
6241,-4099,6711,10753,13185,13203,-1073,0.51,0.81,6702.25791,0.508324453,10661.146,0.807479058,-0.299154605
6242,-4141,6684,10768,13187,13199,-1045,0.51,0.82,6675.26057,0.506200089,10676.02,0.808850671,-0.302650582
6243,-4188,6656,10802,13182,13214,-1017,0.5,0.82,6647.25392,0.50426748,10710.4925,0.810541282,-0.306273802
6244,-4232,6628,10818,13184,13205,-1000,0.5,0.82,6619.25658,0.502067398,10726.209,0.812283908,-0.310216509
6245,-4280,6604,10840,13186,13211,-1000,0.5,0.82,6595.25924,0.500171336,10748.398,0.81359458,-0.313423244
6246,-4333,6582,10862,13189,13211,-1000,0.5,0.82,6573.26323,0.498389812,10770.398,0.815259859,-0.316870047
6247,-4378,6561,10879,13187,13207,-1000,0.5,0.82,6552.26057,0.496872721,10787.272,0.816784432,-0.319911712
6248,-4443,6519,10913,13189,13211,-1000,0.49,0.83,6510.26323,0.493613104,10821.398,0.819120279,-0.325507174
6249,-4495,6490,10937,13187,13213,-1000,0.49,0.83,6481.26057,0.49148863,10845.461,0.820817453,-0.329328822
6250,-4561,6450,10966,13185,13210,-900,0.49,0.83,6441.25791,0.488529231,10874.3665,0.823192014,-0.334662783
6251,-4620,6414,10995,13182,13207,-650,0.49,0.83,6405.25392,0.485909112,10903.272,0.825567654,-0.339658541
6252,-4672,6390,11022,13186,13216,-400,0.48,0.83,6381.25924,0.483942002,10930.5555,0.827069877,-0.343127875
6253,-4732,6354,11043,13190,13205,-150,0.48,0.84,6345.26456,0.481066305,10951.209,0.829322908,-0.348256603
6254,-4788,6334,11062,13197,13209,0,0.48,0.84,6325.27387,0.479296345,10970.335,0.830519721,-0.351223376
6255,-4841,6300,11090,13189,13213,0,0.48,0.84,6291.26323,0.477008358,10998.461,0.832396958,-0.3553886
6256,-4906,6259,11118,13189,13209,0,0.47,0.84,6250.26323,0.473899707,11026.335,0.834759255,-0.360859548
6257,-4961,6230,11147,13189,13215,0,0.47,0.84,6221.26323,0.471700905,11055.524,0.836589028,-0.364888123
6258,-5013,6194,11164,13187,13209,0,0.47,0.85,6185.26057,0.469042282,11072.335,0.838241729,-0.369199447
6259,-5080,6164,11201,13184,13214,0,0.47,0.85,6155.25658,0.466873224,11109.4925,0.840736529,-0.373863306
6260,-5142,6136,11232,13188,13225,-143,0.47,0.85,6127.2619,0.464608879,11140.839,0.842407486,-0.377798607
6261,-5202,6105,11242,13190,13211,-501,0.46,0.85,6096.26456,0.462188367,11150.398,0.844023768,-0.381835401
6262,-5249,6071,11269,13197,13218,-858,0.46,0.85,6062.27387,0.459367574,11177.6185,0.84563614,-0.386268566
6263,-5307,6036,11285,13192,13212,-1215,0.46,0.85,6027.26722,0.456888055,11193.4295,0.847216886,-0.390328831
6264,-5345,6012,11316,13190,13225,-1429,0.46,0.86,6003.26456,0.455137571,11224.839,0.848759093,-0.393621522
6265,-5386,5984,11331,13192,13221,-1429,0.45,0.86,5975.26722,0.452946272,11239.713,0.850140912,-0.39719464
6266,-5443,5958,11351,13197,13217,-1429,0.45,0.86,5949.27387,0.450805022,11259.587,0.851901869,-0.401096847
6267,-5485,5932,11362,13194,13217,-1429,0.45,0.86,5923.26988,0.448936629,11270.587,0.85273413,-0.403797502
6268,-5555,5895,11391,13184,13215,-1429,0.45,0.86,5886.25658,0.446469704,11299.524,0.855052894,-0.40858319
6269,-5612,5852,11416,13187,13218,-1429,0.44,0.86,5843.26057,0.443107649,11324.6185,0.856757338,-0.413649689
6270,-5649,5829,11428,13198,13210,-1429,0.44,0.87,5820.2752,0.440996757,11336.3665,0.858165519,-0.417168761
6271,-5700,5799,11455,13198,13221,-1197,0.44,0.87,5790.2752,0.438723685,11363.713,0.85951993,-0.420796245
6272,-5750,5771,11478,13197,13222,-959,0.44,0.87,5762.27387,0.436635135,11386.7445,0.861196831,-0.424561697
6273,-5791,5754,11489,13191,13223,-721,0.44,0.87,5745.26589,0.435544378,11397.776,0.861965968,-0.42642159
6274,-5846,5710,11509,13194,13223,-482,0.43,0.87,5701.26988,0.432110799,11417.776,0.863478484,-0.431367686
6275,-5890,5691,11526,13196,13225,-477,0.43,0.87,5682.27254,0.430605679,11434.839,0.86463811,-0.434032431
6276,-5922,5659,11533,13187,13223,-477,0.43,0.87,5650.26057,0.428472023,11441.776,0.865293504,-0.436821481
6277,-5968,5632,11553,13196,13223,-477,0.43,0.87,5623.27254,0.426134627,11461.776,0.86680602,-0.440671393
6278,-6001,5614,11556,13194,13215,-477,0.43,0.87,5605.26988,0.424834764,11464.524,0.867538706,-0.442703942
6279,-6038,5597,11568,13199,13215,-477,0.42,0.88,5588.27653,0.423386357,11476.524,0.868446765,-0.445060408
6280,-6065,5576,11573,13192,13216,-587,0.42,0.88,5567.26722,0.422018437,11481.5555,0.868761766,-0.446743329
6281,-6089,5559,11584,13197,13215,-863,0.42,0.88,5550.27387,0.420570877,11492.524,0.86965751,-0.449086633
6282,-6113,5539,11590,13192,13218,-1138,0.42,0.88,5530.26722,0.419213707,11498.6185,0.869921206,-0.450707499
6283,-6147,5513,11608,13197,13222,-1414,0.42,0.88,5504.27387,0.417085237,11516.7445,0.871028929,-0.453943692
6284,-6183,5490,11615,13194,13224,-1580,0.42,0.88,5481.26988,0.415436553,11523.8075,0.871431299,-0.455994746
6285,-6211,5470,11622,13191,13221,-1580,0.41,0.88,5461.26589,0.414014547,11530.713,0.87215135,-0.458136803
6286,-6236,5453,11626,13197,13220,-1580,0.41,0.88,5444.27387,0.412538749,11534.6815,0.872517511,-0.459978762
6287,-6262,5439,11639,13204,13224,-1580,0.41,0.88,5430.28318,0.411260465,11547.8075,0.873246181,-0.461985716
6288,-6280,5419,11637,13199,13220,-1580,0.41,0.88,5410.27653,0.409900487,11545.6815,0.873349584,-0.463449097
6289,-6296,5410,11642,13197,13226,-1580,0.41,0.88,5401.27387,0.409280433,11550.8705,0.873345721,-0.464065288
6290,-6312,5395,11644,13197,13226,-1469,0.41,0.88,5386.27387,0.408143811,11552.8705,0.873496938,-0.465353127
6291,-6319,5391,11631,13206,13225,-1194,0.41,0.88,5382.28584,0.407563671,11539.839,0.872577618,-0.465013947
6292,-6325,5380,11630,13204,13222,-918,0.41,0.88,5371.28318,0.406792122,11538.7445,0.872692823,-0.4659007
6293,-6333,5369,11630,13196,13217,-642,0.41,0.88,5360.27254,0.406204345,11538.587,0.873011046,-0.466806701
6294,-6336,5364,11632,13198,13220,-477,0.41,0.88,5355.2752,0.405764146,11540.6815,0.872971369,-0.467207223
6295,-6338,5360,11622,13197,13221,-477,0.41,0.88,5351.27387,0.405491693,11530.713,0.87215135,-0.466659657
6296,-6327,5362,11603,13202,13216,-477,0.41,0.88,5353.28052,0.405490117,11511.5555,0.871031742,-0.465541625
6297,-6322,5360,11588,13198,13215,-477,0.41,0.88,5351.2752,0.40546107,11496.524,0.869960197,-0.464499127
6298,-6301,5367,11578,13205,13222,-477,0.41,0.88,5358.28451,0.405776941,11486.7445,0.868759983,-0.462983042
6299,-6278,5376,11550,13209,13212,-477,0.41,0.87,5367.28983,0.406335819,11458.4295,0.86727441,-0.460938591
6300,-6256,5381,11538,13208,13214,-560,0.41,0.87,5372.2885,0.406745041,11446.4925,0.866239784,-0.459494743
6301,-6223,5396,11531,13212,13225,-767,0.41,0.87,5387.29382,0.407757631,11439.839,0.865016181,-0.457258551
6302,-6178,5420,11498,13208,13218,-974,0.41,0.87,5411.2885,0.409697797,11406.6185,0.862961,-0.453263203
6303,-6139,5444,11468,13212,13221,-1181,0.41,0.87,5435.29382,0.411390692,11376.713,0.860503215,-0.449112523
6304,-6090,5456,11434,13214,13218,-1305,0.41,0.87,5447.29648,0.412236755,11342.6185,0.858119118,-0.445882363
6305,-6041,5486,11400,13218,13216,-1305,0.42,0.86,5477.3018,0.41438204,11308.5555,0.855671572,-0.441289533
6306,-5994,5490,11384,13214,13218,-1305,0.42,0.86,5481.29648,0.414809784,11292.6185,0.854336397,-0.439526614
6307,-5943,5519,11364,13209,13217,-1305,0.42,0.86,5510.28983,0.417161771,11272.587,0.852885451,-0.43572368
6308,-5882,5549,11319,13206,13212,-1305,0.42,0.86,5540.28584,0.41952793,11227.4295,0.849790304,-0.430262375
6309,-5824,5578,11303,13220,13222,-1305,0.42,0.85,5569.30446,0.421278703,11211.7445,0.847961314,-0.426682611
6310,-5742,5628,11246,13210,13220,-1131,0.43,0.85,5619.29116,0.425381617,11154.6815,0.843773185,-0.418391568
6311,-5679,5652,11208,13214,13217,-696,0.43,0.85,5643.29648,0.427069508,11116.587,0.84108247,-0.414012961
6312,-5612,5684,11168,13217,13216,-261,0.43,0.85,5675.30047,0.429393998,11076.5555,0.838117093,-0.408723095
6313,-5501,5739,11116,13219,13221,172,0.43,0.84,5730.30313,0.433489911,11024.713,0.833878905,-0.400388994
6314,-5422,5772,11081,13214,13216,433,0.44,0.84,5763.29648,0.436150786,10989.5555,0.831534163,-0.395383378
6315,-5308,5829,11043,13214,13221,433,0.44,0.84,5820.29648,0.440464392,10951.713,0.828357386,-0.387892994
6316,-5225,5897,10969,13223,13220,433,0.45,0.83,5888.30845,0.445308058,10877.6815,0.822820083,-0.377512025
6317,-5114,5948,10912,13220,13223,433,0.45,0.83,5939.30446,0.449266601,10820.776,0.81832988,-0.369063279
6318,-5018,5993,10854,13223,13213,433,0.45,0.82,5984.30845,0.452568135,10762.461,0.81453576,-0.361967625
6319,-4893,6058,10785,13222,13216,433,0.46,0.82,6049.30712,0.457518312,10693.5555,0.809137069,-0.351618757
6320,-4770,6083,10744,13218,13217,467,0.46,0.81,6074.3018,0.459547723,10652.587,0.805976167,-0.346428444
6321,-4645,6165,10692,13232,13220,550,0.47,0.81,6156.32042,0.465260008,10600.6815,0.801866982,-0.336606974
6322,-4490,6262,10604,13224,13218,634,0.47,0.8,6253.30978,0.472875815,10512.6185,0.795325957,-0.322450142
6323,-4330,6337,10515,13221,13219,718,0.48,0.8,6328.30579,0.478655608,10423.65,0.788535441,-0.309879834
6324,-4189,6423,10430,13232,13211,768,0.49,0.79,6414.32042,0.484758194,10338.398,0.782559836,-0.297801643
6325,-4036,6491,10365,13231,13232,768,0.49,0.78,6482.31909,0.489934177,10274.0595,0.776455524,-0.286521348
6326,-3903,6540,10298,13229,13220,768,0.49,0.78,6531.31643,0.493712029,10206.6815,0.772063654,-0.278351625
6327,-3780,6606,10253,13227,13226,768,0.5,0.78,6597.31377,0.498776274,10161.8705,0.768325306,-0.269549033
6328,-3642,6667,10186,13237,13216,768,0.5,0.77,6658.32707,0.503008769,10094.5555,0.763813219,-0.26080445
6329,-3536,6729,10136,13226,13220,768,0.51,0.77,6720.31244,0.508113749,10044.6815,0.759809493,-0.251695745
6330,-3384,6853,10027,13233,13227,614,0.52,0.76,6844.32175,0.517216183,9935.902,0.751183337,-0.233967154
6331,-3228,6914,9941,13232,13222,229,0.52,0.75,6905.32042,0.521865207,9849.7445,0.74495118,-0.223085973
6332,-3098,6981,9876,13233,13218,-154,0.53,0.75,6972.32175,0.526888971,9784.6185,0.740249546,-0.213360575
6333,-2930,7041,9815,13237,13221,-539,0.53,0.74,7032.32707,0.531262905,9723.713,0.735474851,-0.204211946
6334,-2774,7105,9740,13236,13213,-770,0.54,0.74,7096.32574,0.53613824,9648.461,0.730224854,-0.194086615
6335,-2597,7215,9652,13228,13216,-770,0.55,0.73,7206.3151,0.544777374,9560.5555,0.72340765,-0.178630276
6336,-2404,7312,9559,13236,13218,-770,0.55,0.72,7303.32574,0.551777406,9467.6185,0.716267098,-0.164489692
6337,-2198,7440,9436,13233,13221,-770,0.56,0.71,7431.32175,0.561574983,9344.713,0.706808335,-0.145233352
6338,-2007,7548,9333,13237,13230,-770,0.57,0.71,7539.32707,0.569564635,9241.9965,0.698563605,-0.128998971
6339,-1839,7614,9225,13232,13222,-770,0.58,0.7,7605.32042,0.574767263,9133.7445,0.690799009,-0.116031747
6340,-1641,7703,9142,13235,13217,-784,0.58,0.69,7694.32441,0.581361875,9050.587,0.684768631,-0.103406757
6341,-1440,7781,9092,13240,13223,-819,0.59,0.69,7772.33106,0.587034068,9000.776,0.680690917,-0.093656849
6342,-1202,7927,8943,13242,13222,-854,0.6,0.68,7918.33372,0.597971131,8851.7445,0.66947092,-0.071499788
6343,-1015,8022,8875,13241,13220,-889,0.61,0.67,8013.33239,0.605190876,8783.6815,0.664423714,-0.059232838
6344,-804,8164,8727,13235,13221,-910,0.62,0.66,8155.32441,0.61619376,8635.713,0.653181529,-0.03698777
6345,-612,8230,8637,13236,13223,-910,0.62,0.65,8221.32574,0.621133707,8545.776,0.646281177,-0.02514747
6346,-483,8298,8573,13245,13215,-910,0.63,0.65,8289.33771,0.625846562,8481.524,0.641810367,-0.015963805
6347,-257,8394,8474,13245,13220,-910,0.63,0.64,8385.33771,0.63309458,8382.6815,0.634090885,-0.000996305
6348,-114,8445,8431,13241,13221,-910,0.64,0.64,8436.33239,0.637137104,8339.713,0.630792905,0.006344198
6349,99,8596,8312,13242,13223,-910,0.65,0.63,8587.33372,0.648492201,8220.776,0.621702791,0.02678941
6350,311,8691,8217,13236,13229,-765,0.66,0.62,8682.32574,0.65596296,8125.965,0.614253912,0.041709048
6351,486,8809,8078,13235,13214,-406,0.67,0.61,8800.32441,0.664928176,7986.4925,0.604396284,0.060531892
6352,730,8919,7985,13232,13224,-47,0.67,0.6,8910.32042,0.673391809,7893.8075,0.596930392,0.076461418
6353,934,9015,7860,13246,13222,311,0.68,0.59,9006.33904,0.679928963,7768.7445,0.58756198,0.092366983
6354,1116,9073,7817,13244,13225,525,0.69,0.59,9064.33638,0.684410781,7725.839,0.584184423,0.100226357
6355,1287,9156,7757,13244,13219,525,0.69,0.59,9147.33638,0.69067777,7665.65,0.579896361,0.110781408
6356,1500,9326,7592,13239,13227,525,0.7,0.57,9317.32973,0.703778966,7500.902,0.567090194,0.136688772
6357,1652,9369,7540,13245,13224,525,0.71,0.57,9360.33771,0.706707264,7448.8075,0.563279454,0.14342781
6358,1864,9515,7403,13243,13232,525,0.72,0.56,9506.33505,0.717838484,7312.0595,0.552604255,0.16523423
6359,2057,9571,7314,13238,13224,525,0.72,0.55,9562.3284,0.722339356,7222.8075,0.546189315,0.176150042
6360,2188,9620,7261,13239,13223,420,0.73,0.55,9611.32973,0.725986081,7169.776,0.542220071,0.18376601
6361,2403,9720,7173,13246,13232,157,0.73,0.54,9711.33904,0.733152577,7082.0595,0.535222151,0.197930427
6362,2548,9796,7120,13251,13228,-106,0.74,0.54,9787.34569,0.738611855,7028.9335,0.531367818,0.207244037
6363,2776,9940,6972,13234,13229,-369,0.75,0.53,9931.32308,0.750440009,6880.965,0.52014249,0.230297519
6364,2990,10043,6866,13242,13230,-527,0.76,0.52,10034.33372,0.757765724,6774.9965,0.512093462,0.245672262
6365,3186,10163,6742,13238,13236,-527,0.77,0.51,10154.3284,0.767059103,6651.1855,0.502507215,0.264551887
6366,3410,10240,6641,13241,13225,-527,0.77,0.5,10231.33239,0.772700883,6549.839,0.495261928,0.277438955
6367,3569,10310,6579,13245,13229,-527,0.78,0.5,10301.33771,0.777752941,6487.965,0.490435029,0.287317912
6368,3790,10406,6485,13238,13236,-527,0.79,0.49,10397.3284,0.78541535,6394.1855,0.483090473,0.302324877
6369,3961,10503,6396,13235,13232,-527,0.79,0.48,10494.32441,0.792922131,6305.0595,0.476500869,0.316421262
6370,4163,10639,6267,13243,13241,-586,0.8,0.47,10630.33505,0.802713513,6176.343,0.466455932,0.33625758
6371,4342,10709,6174,13236,13233,-733,0.81,0.47,10700.32574,0.80842594,6083.091,0.459691,0.34873494
6372,4495,10786,6088,13238,13234,-879,0.81,0.46,10777.3284,0.814120592,5997.1225,0.453160231,0.360960361
6373,4660,10832,6033,13243,13240,-1025,0.82,0.46,10823.33505,0.81728725,5942.3115,0.448815068,0.368472182
6374,4799,10912,5952,13245,13240,-1112,0.82,0.45,10903.33771,0.823204055,5861.3115,0.442697243,0.380506812
6375,4967,10991,5875,13241,13240,-1112,0.83,0.44,10982.33239,0.829418653,5784.3115,0.436881533,0.39253712
6376,5089,11058,5807,13238,13247,-1112,0.84,0.44,11049.3284,0.834667503,5716.532,0.431534083,0.403133419
6377,5228,11096,5737,13207,13240,-1112,0.84,0.43,11087.28717,0.839500808,5646.3115,0.426458573,0.413042235
6378,5338,11165,5661,13215,13246,-1112,0.84,0.43,11156.29781,0.844214742,5570.5005,0.420542088,0.423672653
6379,5483,11239,5597,13234,13244,-1112,0.85,0.42,11230.32308,0.848596273,5506.4375,0.415768461,0.432827812
6380,5592,11278,5546,13234,13244,-1100,0.85,0.42,11269.32308,0.851543228,5455.4375,0.411917661,0.439625567
6381,5699,11327,5484,13228,13248,-1073,0.86,0.41,11318.3151,0.855633134,5393.5635,0.407122849,0.448510286
6382,5817,11373,5452,13236,13246,-1045,0.86,0.41,11364.32574,0.858592153,5361.5005,0.40476374,0.453828413
6383,5932,11448,5369,13239,13252,-1017,0.86,0.41,11439.32973,0.864062975,5278.6895,0.398331535,0.46573144
6384,6038,11491,5297,13229,13250,-1000,0.87,0.4,11482.31643,0.867965563,5206.6265,0.392952943,0.475012619
6385,6158,11534,5236,13229,13247,-1000,0.87,0.4,11525.31643,0.871215997,5145.532,0.388429984,0.482786013
6386,6237,11572,5191,13234,13250,-1000,0.87,0.39,11563.32308,0.873758734,5100.6265,0.384952943,0.48880579
6387,6312,11597,5162,13231,13249,-1000,0.88,0.39,11588.31909,0.87584605,5071.595,0.382790777,0.493055274
6388,6400,11623,5119,13225,13263,-1000,0.88,0.39,11614.31111,0.87820878,5029.036,0.379177863,0.499030916
6389,6453,11645,5078,13229,13251,-1000,0.88,0.38,11636.31643,0.879606654,4987.658,0.376398611,0.503208043
6390,6505,11665,5045,13227,13262,-1043,0.88,0.38,11656.31377,0.881251514,4955.0045,0.373624227,0.507627286
6391,6544,11676,5017,13227,13259,-1151,0.88,0.38,11667.31377,0.882083146,4926.91,0.371589863,0.510493282
6392,6569,11676,5001,13225,13252,-1258,0.88,0.38,11667.31111,0.882216341,4910.6895,0.370562142,0.511654199
6393,6591,11680,4986,13226,13259,-1365,0.88,0.38,11671.31244,0.882452173,4895.91,0.369251829,0.513200344
6394,6596,11682,4977,13229,13252,-1430,0.88,0.38,11673.31643,0.88240354,4886.6895,0.368751094,0.513652446
6395,6600,11673,4978,13230,13265,-1429,0.88,0.38,11664.31776,0.881656671,4888.099,0.368495967,0.513160704
6396,6595,11659,4967,13225,13258,-1429,0.88,0.37,11650.31111,0.880930897,4876.8785,0.367844207,0.51308669
6397,6582,11633,4966,13224,13257,-1429,0.88,0.37,11624.30978,0.87903129,4875.847,0.367794146,0.511237144
6398,6561,11628,4973,13235,13261,-1429,0.88,0.38,11619.32441,0.87792402,4882.973,0.368220572,0.509703449
6399,6537,11596,4981,13226,13259,-1429,0.88,0.38,11587.31244,0.876101046,4890.91,0.368874727,0.50722632
6400,6507,11568,4994,13217,13269,-1287,0.88,0.38,11559.30047,0.87457823,4904.225,0.369600196,0.504978034
6401,6461,11544,5000,13230,13264,-929,0.87,0.38,11535.31776,0.871906104,4910.0675,0.370179998,0.501726106
6402,6407,11504,5018,13229,13260,-572,0.87,0.38,11495.31643,0.868948252,4927.9415,0.37163963,0.497308622
6403,6345,11456,5040,13222,13262,-215,0.87,0.38,11447.30712,0.865777274,4950.0045,0.37324721,0.492530064
6404,6258,11389,5091,13226,13275,0,0.86,0.38,11380.31244,0.860450056,5001.414,0.37675435,0.483695706
6405,6170,11332,5119,13224,13268,0,0.86,0.39,11323.30978,0.856269645,5029.1935,0.379046842,0.477222803
6406,6062,11270,5168,13228,13269,0,0.85,0.39,11261.3151,0.851324093,5078.225,0.382713467,0.468610625
6407,5951,11198,5222,13225,13274,0,0.85,0.39,11189.31111,0.846072674,5132.3825,0.386649277,0.459423397
6408,5858,11173,5233,13223,13275,0,0.84,0.39,11164.30845,0.844309797,5143.414,0.387451149,0.456858649
6409,5731,11078,5296,13220,13274,0,0.84,0.4,11069.30446,0.837315012,5206.3825,0.392224085,0.445090927
6410,5603,10989,5355,13222,13284,-156,0.83,0.4,10980.30712,0.830457353,5265.6975,0.39639397,0.434063383
6411,5493,10925,5411,13221,13274,-540,0.83,0.41,10916.30579,0.825679282,5321.3825,0.400887637,0.424791645
6412,5370,10852,5461,13218,13268,-925,0.82,0.41,10843.3018,0.820343607,5371.1935,0.404823146,0.415520461
6413,5285,10813,5508,13225,13281,-1310,0.82,0.41,10804.31111,0.816961143,5418.603,0.407996612,0.408964531
6414,5147,10743,5552,13216,13282,-1539,0.81,0.42,10734.29914,0.812219971,5462.6345,0.411281019,0.400938952
6415,5007,10664,5604,13224,13286,-1539,0.81,0.42,10655.30978,0.805755428,5514.7605,0.415080574,0.390674854
6416,4825,10532,5699,13213,13287,-1539,0.8,0.43,10523.29515,0.796434962,5609.792,0.42220155,0.374233411
6417,4645,10453,5778,13221,13291,-1539,0.79,0.43,10444.30579,0.789978503,5688.918,0.428027838,0.361950665
6418,4512,10354,5854,13221,13288,-1539,0.78,0.44,10345.30579,0.782490416,5764.8235,0.433836808,0.348653608
6419,4312,10233,5957,13213,13295,-1539,0.77,0.45,10224.29515,0.773805733,5868.044,0.441372245,0.332433488
6420,4179,10185,6017,13213,13292,-1543,0.77,0.45,10176.29515,0.770172947,5927.9495,0.445978747,0.3241942
6421,3988,10088,6072,13214,13284,-1554,0.76,0.46,10079.29648,0.762774064,5982.6975,0.450368677,0.312405387
6422,3787,9976,6158,13210,13295,-1564,0.76,0.46,9967.29116,0.754526204,6069.044,0.456490711,0.298035494
6423,3581,9868,6250,13211,13288,-1574,0.75,0.47,9859.29249,0.746294186,6160.8235,0.463638132,0.282656054
6424,3396,9747,6340,13212,13300,-1580,0.74,0.48,9738.29382,0.73707946,6251.2015,0.47001515,0.267064309
6425,3212,9607,6473,13211,13302,-1580,0.73,0.49,9598.29249,0.726537922,6384.2645,0.479947715,0.246590208
6426,3055,9563,6519,13214,13297,-1580,0.72,0.49,9554.29648,0.723043475,6430.107,0.483575769,0.239467706
6427,2875,9475,6601,13213,13299,-1580,0.72,0.5,9466.29515,0.716437989,6512.17,0.48967366,0.226764329
6428,2689,9379,6681,13214,13304,-1580,0.71,0.5,9370.29648,0.70911885,6592.3275,0.495514695,0.213604155
6429,2548,9328,6733,13211,13305,-1580,0.71,0.51,9319.29249,0.705419158,6644.359,0.499388125,0.206031033
6430,2367,9197,6823,13219,13300,-1419,0.7,0.51,9188.30313,0.695083072,6734.2015,0.50633094,0.188752132
6431,2189,9098,6912,13217,13302,-1024,0.69,0.52,9089.30047,0.687697698,6823.2645,0.512950271,0.174747427
6432,1995,8958,7036,13209,13306,-629,0.68,0.53,8949.28983,0.677514561,6947.3905,0.522124643,0.155389918
6433,1765,8862,7133,13211,13311,-234,0.67,0.54,8853.29249,0.670145522,7044.548,0.529227556,0.140917966
6434,1552,8751,7215,13210,13299,0,0.66,0.54,8742.29116,0.661793426,7126.17,0.535842545,0.125950882
6435,1320,8633,7317,13207,13311,0,0.65,0.55,8624.28717,0.653008796,7228.548,0.54305071,0.109958086
6436,1125,8529,7408,13204,13306,0,0.65,0.56,8520.28318,0.645280459,7319.3905,0.550081956,0.095198503
6437,910,8399,7522,13208,13313,0,0.64,0.57,8390.2885,0.635242921,7433.611,0.558372343,0.076870578
6438,738,8298,7619,13205,13310,0,0.63,0.57,8289.28451,0.62773832,7530.5165,0.56577885,0.061959469
6439,527,8172,7740,13207,13318,0,0.62,0.58,8163.28717,0.618103064,7651.7685,0.574543362,0.043559702
6440,330,8087,7820,13201,13309,-103,0.61,0.59,8078.27919,0.611944488,7731.485,0.580921557,0.031022931
6441,146,8022,7883,13204,13314,-429,0.61,0.59,8013.28318,0.606883004,7794.6425,0.585447086,0.021435918
6442,-89,7898,7980,13205,13310,-755,0.6,0.6,7889.28451,0.597446763,7891.5165,0.592901315,0.004545449
6443,-272,7778,8079,13205,13308,-1081,0.59,0.61,7769.28451,0.588359296,7990.4535,0.60042482,-0.012065523
6444,-504,7657,8194,13208,13313,-1305,0.58,0.62,7648.2885,0.579064847,8105.611,0.60884932,-0.029784473
6445,-697,7537,8305,13202,13315,-1305,0.57,0.62,7528.28052,0.570237882,8216.674,0.617099061,-0.046861179
6446,-880,7462,8378,13207,13308,-1305,0.57,0.63,7453.28717,0.564343694,8289.4535,0.622892508,-0.058548814
6447,-1054,7384,8458,13209,13309,-1305,0.56,0.64,7375.28983,0.558353383,8369.485,0.628859043,-0.07050566
6448,-1237,7283,8561,13206,13322,-1305,0.55,0.64,7274.28584,0.550831882,8472.8945,0.636007694,-0.085175812
6449,-1460,7178,8639,13210,13316,-1305,0.54,0.65,7169.29116,0.542716969,8550.7055,0.642137691,-0.099420723
6450,-1660,7050,8762,13212,13318,-1198,0.53,0.66,7041.29382,0.532946853,8673.7685,0.651281611,-0.118334758
6451,-1861,6952,8846,13210,13314,-664,0.53,0.66,6943.29116,0.525608718,8757.6425,0.657776964,-0.132168246
6452,-2054,6820,8956,13206,13320,-129,0.52,0.67,6811.28584,0.515772061,8867.8315,0.665753116,-0.149981054
6453,-2242,6751,9072,13220,13311,404,0.51,0.68,6742.30446,0.510007902,8983.548,0.674896552,-0.16488865
6454,-2428,6690,9113,13209,13319,832,0.51,0.68,6681.28983,0.505813448,9024.8,0.677588408,-0.17177496
6455,-2619,6560,9213,13201,13321,832,0.5,0.69,6551.27919,0.496271433,9124.863,0.684998348,-0.188726915
6456,-2811,6478,9302,13208,13323,832,0.49,0.7,6469.2885,0.489800765,9213.926,0.691580425,-0.20177966
6457,-2965,6386,9370,13206,13317,832,0.48,0.7,6377.28584,0.482908211,9281.737,0.69698408,-0.214075869
6458,-3158,6272,9478,13206,13320,832,0.47,0.71,6263.28584,0.474275772,9389.8315,0.704942305,-0.230666533
6459,-3317,6189,9575,13209,13316,832,0.47,0.72,6180.28983,0.467884763,9486.7055,0.71242907,-0.244544308
6460,-3482,6124,9646,13202,13321,790,0.46,0.72,6115.28052,0.463208644,9557.863,0.717503416,-0.254294772
6461,-3620,6059,9702,13210,13323,582,0.46,0.73,6050.29116,0.458008415,9613.926,0.721603693,-0.263595278
6462,-3772,5976,9784,13209,13324,373,0.45,0.73,5967.28983,0.451759394,9695.9575,0.727706207,-0.275946813
6463,-3938,5908,9850,13215,13319,165,0.45,0.74,5899.29781,0.446409218,9761.8,0.732922892,-0.286513675
6464,-4105,5810,9933,13214,13324,0,0.44,0.75,5801.29648,0.439026523,9844.9575,0.738889035,-0.299862511
6465,-4279,5699,10054,13203,13325,0,0.43,0.75,5690.28185,0.430984007,9965.989,0.747916623,-0.316932615
6466,-4457,5626,10133,13208,13322,0,0.43,0.76,5617.2885,0.425294405,10044.8945,0.754007994,-0.328713589
6467,-4601,5556,10213,13223,13324,0,0.42,0.77,5547.30845,0.419519659,10124.9575,0.759903745,-0.340384086
6468,-4748,5498,10274,13211,13323,0,0.42,0.77,5489.29249,0.415509234,10185.926,0.764536966,-0.349027732
6469,-4861,5441,10302,13205,13318,0,0.41,0.77,5432.28451,0.411380879,10213.7685,0.766914589,-0.35553371
6470,-4993,5383,10387,13216,13326,-66,0.41,0.78,5374.29914,0.406650964,10299.0205,0.772851606,-0.366200642
6471,-5089,5323,10426,13210,13319,-392,0.4,0.78,5314.29116,0.402293048,10337.8,0.776169382,-0.373876334
6472,-5205,5267,10501,13216,13320,-718,0.4,0.79,5258.29914,0.397873724,10412.8315,0.781744107,-0.383870382
6473,-5306,5219,10556,13218,13325,-1044,0.39,0.79,5210.3018,0.394182312,10467.989,0.785590169,-0.391407857
6474,-5415,5168,10614,13214,13325,-1305,0.39,0.8,5159.29648,0.390441689,10525.989,0.789942889,-0.3995012
6475,-5520,5130,10646,13216,13324,-1305,0.39,0.8,5121.29914,0.387507502,10557.9575,0.792401494,-0.404893992
6476,-5634,5075,10711,13218,13322,-1305,0.38,0.8,5066.3018,0.383288077,10622.8945,0.797394873,-0.414106796
6477,-5719,5041,10755,13210,13325,-1305,0.38,0.81,5032.29116,0.380945584,10666.989,0.800524503,-0.419578919
6478,-5797,4999,10803,13218,13329,-1305,0.38,0.81,4990.3018,0.377538342,10715.115,0.803894891,-0.426356549
6479,-5884,4955,10850,13210,13323,-1305,0.38,0.81,4946.29116,0.374435364,10761.926,0.807770472,-0.433335108
6480,-5947,4934,10893,13216,13328,-1305,0.37,0.82,4925.29914,0.372676993,10805.0835,0.810705545,-0.438028552
6481,-6021,4910,10929,13221,13325,-1305,0.37,0.82,4901.30579,0.370721261,10840.989,0.813582664,-0.442861403
6482,-6078,4890,10960,13230,13324,-1305,0.37,0.82,4881.31776,0.368958259,10871.9575,0.81596799,-0.447009732
6483,-6126,4877,10989,13222,13326,-1305,0.37,0.82,4868.30712,0.368197483,10901.0205,0.818026452,-0.449828969
6484,-6167,4858,11015,13224,13329,-1305,0.37,0.83,4849.30978,0.366705216,10927.115,0.81980006,-0.453094844
6486,-6194,4854,11039,13226,13325,-1305,0.37,0.83,4845.31244,0.366347531,10950.989,0.821837824,-0.455490293
6487,-6214,4850,11044,13228,13320,-1305,0.37,0.83,4841.3151,0.365989953,10955.8315,0.822509872,-0.456519919
6488,-6233,4846,11069,13225,13322,-1305,0.37,0.83,4837.31111,0.365770216,10980.8945,0.824267715,-0.458497499
6488,-6247,4844,11069,13221,13322,-1305,0.37,0.83,4835.30579,0.365729203,10980.8945,0.824267715,-0.458538512
6489,-6254,4844,11082,13216,13323,-1305,0.37,0.83,4835.29914,0.365867066,10993.926,0.825183968,-0.459316902
6490,-6265,4847,11091,13219,13326,-1282,0.37,0.83,4838.30313,0.366011281,11003.0205,0.825680662,-0.45966938
6491,-6266,4865,11097,13229,13325,-1164,0.37,0.83,4856.31643,0.36709626,11008.989,0.826190544,-0.459094284
6492,-6260,4870,11109,13228,13328,-1046,0.37,0.83,4861.3151,0.367501897,11021.0835,0.826912027,-0.45941013
6493,-6247,4883,11107,13220,13323,-928,0.37,0.83,4874.30446,0.368706843,11018.926,0.827060422,-0.458353579
6494,-6234,4897,11105,13227,13325,-834,0.37,0.83,4888.31377,0.36957086,11016.989,0.826790919,-0.457220059
6495,-6209,4919,11104,13218,13325,-834,0.37,0.83,4910.3018,0.371485989,11015.989,0.826715872,-0.455229884
6496,-6182,4940,11101,13229,13330,-834,0.37,0.83,4931.31643,0.372765623,11013.1465,0.826192536,-0.453426912
6497,-6152,4969,11096,13222,13331,-834,0.38,0.83,4960.30712,0.375155583,11008.178,0.825757858,-0.450602275
6498,-6112,5004,11076,13229,13327,-834,0.38,0.83,4995.31643,0.377603479,10988.052,0.824495535,-0.446892056
6499,-6069,5037,11068,13230,13336,-834,0.38,0.83,5028.31776,0.38006937,10980.3355,0.82336049,-0.443291121
6500,-6027,5059,11053,13229,13334,-814,0.38,0.83,5050.31643,0.381761012,10965.2725,0.82235432,-0.440593308
6501,-5980,5092,11044,13230,13338,-714,0.38,0.83,5083.31776,0.384226588,10956.3985,0.821442383,-0.437215795
6502,-5927,5127,11015,13227,13323,-614,0.39,0.83,5118.31377,0.386959535,10926.926,0.82015507,-0.433195535
6503,-5879,5150,11008,13222,13333,-515,0.39,0.83,5141.30712,0.388844889,10920.241,0.819038551,-0.430193662
6504,-5822,5200,10980,13224,13332,-435,0.39,0.82,5191.30978,0.392567285,10892.2095,0.816997412,-0.424430127
6505,-5756,5247,10957,13226,13331,-435,0.4,0.82,5238.31244,0.39606173,10869.178,0.815331033,-0.419269303
6506,-5708,5273,10941,13223,13334,-435,0.4,0.82,5264.30845,0.398117557,10853.2725,0.81395474,-0.415837183
6507,-5643,5314,10922,13230,13341,-435,0.4,0.82,5305.31776,0.401006633,10834.493,0.812120006,-0.411113373
6508,-5573,5355,10889,13214,13333,-435,0.41,0.82,5346.29648,0.404593346,10801.241,0.810113328,-0.405519981
6509,-5509,5392,10877,13221,13339,-435,0.41,0.82,5383.30579,0.407178412,10789.43,0.808863483,-0.401685071
6510,-5432,5449,10843,13233,13334,-342,0.41,0.81,5440.32175,0.411117793,10755.2725,0.806605107,-0.395487315
6511,-5354,5502,10806,13222,13331,123,0.42,0.81,5493.30712,0.415467185,10718.178,0.804004051,-0.388536866
6512,-5271,5547,10787,13220,13333,589,0.42,0.81,5538.30446,0.418933772,10699.241,0.802463137,-0.383529365
6513,-5176,5612,10727,13224,13328,1055,0.42,0.8,5603.30978,0.42372276,10639.0835,0.798250563,-0.374527803
6514,-5113,5654,10700,13228,13326,1428,0.43,0.8,5645.3151,0.426770116,10612.0205,0.796339524,-0.369569408
6515,-5016,5705,10678,13228,13337,1428,0.43,0.8,5696.3151,0.430625575,10590.367,0.794059159,-0.363433584
6516,-4928,5754,10636,13219,13331,1428,0.44,0.8,5745.30313,0.434624641,10548.178,0.791251819,-0.356627178
6517,-4848,5804,10620,13226,13332,1428,0.44,0.8,5795.31244,0.438175748,10532.2095,0.789994712,-0.351818964
6518,-4752,5869,10577,13227,13335,1428,0.44,0.79,5860.31377,0.443056912,10489.304,0.786599475,-0.343542563
6519,-4657,5950,10524,13224,13336,1428,0.45,0.79,5941.30978,0.449282349,10436.3355,0.782568649,-0.3332863
6520,-4564,5971,10494,13226,13330,1291,0.45,0.79,5962.31244,0.450802392,10406.1465,0.780656152,-0.329853759
6521,-4479,6038,10457,13222,13335,607,0.46,0.78,6029.30712,0.456005681,10369.304,0.7776006,-0.321594918
6522,-4377,6085,10428,13228,13326,-75,0.46,0.78,6076.3151,0.459352517,10340.0205,0.775928298,-0.316575781
6523,-4313,6121,10421,13227,13342,-758,0.46,0.78,6112.31377,0.462108851,10333.5245,0.774510905,-0.312402055
6524,-4221,6194,10370,13233,13334,-1305,0.47,0.78,6185.32175,0.46741644,10282.2725,0.771131881,-0.303715441
6525,-4137,6233,10337,13227,13335,-1305,0.47,0.78,6224.31377,0.470576379,10249.304,0.768601725,-0.298025345
6526,-4053,6305,10288,13224,13338,-1305,0.48,0.77,6296.30978,0.476127479,10200.3985,0.764762221,-0.288634742
6527,-3978,6344,10259,13229,13332,-1305,0.48,0.77,6335.31643,0.478896094,10171.2095,0.762917004,-0.28402091
6528,-3884,6383,10226,13224,13338,-1305,0.48,0.77,6374.30978,0.482025845,10138.3985,0.760113848,-0.278088002
6529,-3804,6433,10208,13225,13333,-1305,0.49,0.77,6424.31111,0.485770216,10120.241,0.759037051,-0.273266835
6530,-3721,6486,10172,13221,13343,-1282,0.49,0.76,6477.30579,0.489925557,10084.556,0.75579375,-0.265868192
6531,-3616,6543,10141,13226,13346,-1164,0.49,0.76,6534.31244,0.49405054,10053.6505,0.753308145,-0.259257605
6532,-3543,6614,10098,13226,13343,-1046,0.5,0.76,6605.31244,0.499418754,10010.556,0.75024777,-0.250829016
6533,-3442,6670,10045,13230,13340,-928,0.5,0.75,6661.31776,0.503500964,9957.4615,0.746436394,-0.24293543
6534,-3350,6712,10014,13229,13337,-834,0.51,0.75,6703.31643,0.506713767,9926.367,0.74427285,-0.237559082
6535,-3277,6762,9990,13235,13339,-834,0.51,0.75,6753.32441,0.510262517,9902.43,0.742366744,-0.232104227
6536,-3181,6800,9965,13232,13348,-834,0.51,0.75,6791.32042,0.513249729,9877.7135,0.740014497,-0.226764767
6537,-3098,6862,9933,13232,13349,-834,0.52,0.74,6853.32042,0.51793534,9845.745,0.737564237,-0.219628897
6538,-3006,6934,9880,13235,13341,-834,0.52,0.74,6925.32441,0.523258361,9792.493,0.734014916,-0.210756555
6539,-2920,6965,9849,13236,13340,-834,0.53,0.74,6956.32574,0.525561026,9761.4615,0.731743741,-0.206182715
6540,-2853,7025,9816,13239,13346,-768,0.53,0.74,7016.32973,0.529974298,9728.6505,0.728956279,-0.198981981
6541,-2771,7045,9785,13230,13343,-441,0.53,0.73,7036.31776,0.531845636,9697.556,0.726789777,-0.194944142
6542,-2720,7069,9765,13230,13342,-114,0.53,0.73,7060.31776,0.533659695,9677.5245,0.725342865,-0.19168317
6543,-2641,7125,9738,13228,13340,213,0.54,0.73,7116.3151,0.537973624,9650.4615,0.723422901,-0.185449277
6544,-2554,7176,9702,13223,13343,475,0.54,0.73,7167.30845,0.542033461,9614.556,0.720569287,-0.178535827
6545,-2473,7230,9669,13226,13349,475,0.55,0.72,7221.31244,0.545993682,9581.745,0.717787475,-0.171793793
6546,-2395,7269,9643,13219,13346,475,0.55,0.72,7260.30313,0.549232403,9555.6505,0.715993594,-0.166761191
6547,-2328,7321,9611,13233,13354,475,0.55,0.72,7312.32175,0.552582313,9523.9025,0.713187247,-0.160604934
6548,-2260,7347,9581,13225,13352,475,0.56,0.72,7338.31111,0.554881747,9493.8395,0.711042503,-0.156160756
6549,-2207,7378,9565,13236,13353,475,0.56,0.72,7369.32574,0.556763806,9477.871,0.70979338,-0.153029573
6550,-2140,7413,9535,13223,13351,451,0.56,0.71,7404.30845,0.559956776,9447.808,0.707647966,-0.14769119
6551,-2088,7446,9521,13233,13356,332,0.56,0.71,7437.32175,0.562028395,9433.9655,0.706346623,-0.144318228
6552,-2035,7484,9500,13232,13351,213,0.57,0.71,7475.32042,0.564942595,9412.808,0.70502644,-0.140083845
6553,-1992,7507,9481,13233,13352,94,0.57,0.71,7498.32175,0.566638083,9393.8395,0.703552988,-0.136914905
6554,-1955,7528,9466,13226,13354,0,0.57,0.71,7519.31244,0.56852506,9378.9025,0.702329077,-0.133804018
6555,-1911,7548,9451,13225,13352,0,0.57,0.71,7539.31111,0.570080235,9363.8395,0.701306134,-0.131225899
6556,-1878,7573,9432,13227,13357,0,0.57,0.71,7564.31377,0.57188431,9344.997,0.699632927,-0.127748616
6557,-1837,7588,9430,13231,13359,0,0.57,0.71,7579.31909,0.572845521,9343.06,0.699383187,-0.126537666
6558,-1816,7615,9418,13228,13353,0,0.58,0.71,7606.3151,0.575016261,9330.871,0.698784618,-0.123768357
6559,-1786,7627,9408,13223,13360,0,0.58,0.7,7618.30845,0.576140698,9321.0915,0.69768649,-0.121545791
6560,-1759,7644,9398,13233,13356,-60,0.58,0.7,7635.32175,0.576990988,9310.9655,0.697137279,-0.120146291
6561,-1731,7657,9389,13229,13356,-361,0.58,0.7,7648.31643,0.578147738,9301.9655,0.696463425,-0.118315686
6562,-1716,7670,9381,13232,13352,-661,0.58,0.7,7661.32042,0.578999427,9293.8395,0.696063474,-0.117064046
6563,-1699,7686,9378,13234,13354,-961,0.58,0.7,7677.32308,0.580121133,9290.9025,0.695739292,-0.115618158
6564,-1683,7692,9381,13226,13359,-1201,0.58,0.7,7683.31244,0.580924878,9294.06,0.695715248,-0.11479037
6565,-1669,7701,9375,13226,13355,-1201,0.58,0.7,7692.31244,0.581605356,9287.934,0.69546492,-0.113859563
6566,-1666,7703,9376,13218,13356,-1201,0.58,0.7,7694.3018,0.582107868,9288.9655,0.695490079,-0.113382211
6567,-1669,7704,9382,13227,13360,-1201,0.58,0.7,7695.31377,0.581788294,9295.0915,0.695740382,-0.113952087
6568,-1669,7710,9390,13223,13369,-1201,0.58,0.7,7701.30845,0.58241764,9303.375,0.695891615,-0.113473975
6569,-1667,7705,9394,13227,13363,-1201,0.58,0.7,7696.31377,0.581863897,9307.186,0.696489261,-0.114625364
6570,-1675,7703,9394,13219,13358,-1260,0.58,0.7,7694.30313,0.582063933,9307.0285,0.696738172,-0.114674239
6571,-1683,7709,9404,13225,13358,-1555,0.58,0.7,7700.31111,0.582254148,9317.0285,0.697486787,-0.115232639
6572,-1693,7701,9415,13222,13368,-1850,0.58,0.7,7692.30712,0.581780905,9328.3435,0.697811453,-0.116030548
6573,-1707,7694,9427,13221,13365,-2146,0.58,0.71,7685.30579,0.581295348,9340.249,0.698858885,-0.117563538
6574,-1722,7688,9427,13217,13354,-2382,0.58,0.71,7679.30047,0.581016908,9339.9025,0.699408604,-0.118391696
6575,-1736,7677,9446,13212,13363,-2382,0.58,0.71,7668.29382,0.58040371,9359.186,0.700380603,-0.119976893
6575,-1756,7672,9458,13211,13364,-2382,0.58,0.71,7663.29249,0.58006907,9371.2175,0.701228487,-0.121159417
6577,-1780,7668,9470,13216,13369,-2382,0.58,0.71,7659.29914,0.579547453,9383.375,0.701875608,-0.122328155
6578,-1808,7656,9490,13225,13370,-2382,0.58,0.71,7647.31111,0.578246587,9403.4065,0.703321354,-0.125074767
6579,-1835,7636,9506,13218,13367,-2382,0.58,0.71,7627.3018,0.577039023,9419.312,0.70466911,-0.127630088
6580,-1870,7630,9529,13223,13368,-2263,0.58,0.71,7621.30845,0.576367575,9442.3435,0.70633928,-0.129971705
6581,-1899,7607,9549,13220,13371,-1668,0.58,0.71,7598.30446,0.57475828,9462.438,0.707683644,-0.132925364
6582,-1928,7635,9554,13280,13364,-1072,0.57,0.71,7626.38426,0.574275923,9467.2175,0.708411965,-0.134136042
6583,-1941,7609,9562,13249,13372,-477,0.57,0.72,7600.34303,0.573654089,9475.4695,0.708605257,-0.134951168
6584,-1980,7577,9593,13223,13373,0,0.57,0.72,7568.30845,0.572359408,9506.501,0.710872729,-0.138513321
6585,-2010,7561,9603,13220,13374,0,0.57,0.72,7552.30446,0.571278703,9516.5325,0.71156965,-0.140290947
6586,-2049,7537,9627,13224,13374,0,0.57,0.72,7528.30978,0.569291423,9540.5325,0.713364177,-0.144072754
6587,-2079,7530,9646,13226,13373,0,0.57,0.72,7521.31244,0.568676277,9559.501,0.714835938,-0.146159661
6588,-2111,7515,9658,13222,13375,0,0.57,0.72,7506.30712,0.567713441,9571.564,0.715630953,-0.147917512
6589,-2138,7496,9673,13225,13376,0,0.57,0.72,7487.31111,0.566148288,9586.5955,0.716701219,-0.150552931
6590,-2167,7485,9693,13227,13374,-66,0.57,0.72,7476.31377,0.565231252,9606.5325,0.718299125,-0.153067873
6591,-2206,7470,9701,13219,13373,-392,0.57,0.73,7461.30313,0.564437789,9614.501,0.718948703,-0.154510914
6592,-2243,7450,9732,13229,13384,-718,0.56,0.73,7441.31643,0.562500297,9645.8475,0.720699903,-0.158199606
6593,-2278,7420,9757,13216,13371,-1044,0.56,0.73,7411.29914,0.56078232,9670.438,0.723239698,-0.162457378
6594,-2322,7405,9770,13214,13378,-1305,0.56,0.73,7396.29648,0.559731836,9683.6585,0.723849492,-0.164117656
6595,-2364,7388,9792,13228,13375,-1305,0.56,0.73,7379.3151,0.557855692,9705.564,0.725649645,-0.167793952
6596,-2407,7369,9819,13227,13377,-1305,0.56,0.73,7360.31377,0.556461312,9732.627,0.727564252,-0.17110294
6597,-2450,7344,9831,13228,13377,-1305,0.56,0.73,7335.3151,0.554529415,9744.627,0.728461314,-0.173931899
6598,-2490,7329,9862,13229,13384,-1305,0.55,0.74,7320.31643,0.553353725,9775.8475,0.730412993,-0.177059268
6599,-2527,7302,9883,13224,13385,-1305,0.55,0.74,7293.30978,0.551520703,9796.879,0.731929697,-0.180408994
6600,-2579,7280,9903,13227,13378,-1216,0.55,0.74,7271.31377,0.549732651,9816.6585,0.733791187,-0.184058536
6601,-2608,7261,9924,13219,13384,-771,0.55,0.74,7252.30313,0.548627213,9837.8475,0.73504539,-0.186418177
6602,-2651,7242,9940,13224,13377,-326,0.55,0.74,7233.30978,0.546983498,9853.627,0.736609628,-0.18962613
6603,-2684,7219,9951,13219,13381,118,0.55,0.74,7210.30313,0.545449968,9864.753,0.73722091,-0.191770942
6604,-2726,7207,9975,13227,13387,475,0.54,0.75,7198.31377,0.544213637,9888.942,0.738697393,-0.194483756
6605,-2766,7175,9997,13219,13381,475,0.54,0.75,7166.30313,0.542121426,9910.753,0.74065862,-0.198537194
6606,-2796,7168,10021,13219,13390,475,0.54,0.75,7159.30313,0.541591885,9935.0365,0.741974347,-0.200382461
6607,-2829,7139,10038,13220,13385,475,0.54,0.75,7130.30446,0.539357372,9951.879,0.743509824,-0.204152452
6608,-2872,7125,10056,13222,13389,475,0.54,0.75,7116.30712,0.538217147,9970.005,0.744641497,-0.20642435
6609,-2904,7117,10064,13222,13383,475,0.54,0.75,7108.30712,0.537612095,9977.816,0.745558993,-0.207946898
6610,-2944,7093,10084,13232,13389,429,0.54,0.75,7084.32042,0.535393018,9998.005,0.746732766,-0.211339747
6611,-2975,7072,10095,13219,13378,202,0.53,0.75,7063.30313,0.534329611,10008.6585,0.748143108,-0.213813497
6612,-3019,7051,10118,13219,13379,-25,0.53,0.76,7042.30313,0.532740989,10031.69,0.749808655,-0.217067667
6613,-3047,7035,10139,13225,13389,-253,0.53,0.76,7026.31111,0.531290065,10053.005,0.750840615,-0.21955055
6614,-3080,7010,10152,13210,13383,-435,0.53,0.76,7001.29116,0.529999331,10065.816,0.752134499,-0.222135168
6615,-3113,7005,10166,13222,13388,-435,0.53,0.76,6996.30712,0.529141364,10079.9735,0.752911077,-0.223769713
6616,-3143,6985,10180,13220,13387,-435,0.53,0.76,6976.30446,0.527708356,10093.942,0.754010757,-0.226302401
6617,-3175,6979,10190,13225,13389,-435,0.53,0.76,6970.31111,0.52705566,10104.005,0.754649712,-0.227594052
6618,-3202,6959,10210,13222,13387,-435,0.53,0.76,6950.30712,0.525662314,10123.942,0.756251737,-0.230589422
6619,-3229,6945,10218,13223,13386,-435,0.53,0.76,6936.30845,0.5245639,10131.9105,0.756903519,-0.232339619
6620,-3253,6935,10231,13226,13381,-435,0.52,0.76,6926.31244,0.523689131,10144.753,0.758146103,-0.234456972
6621,-3269,6922,10246,13224,13385,-435,0.52,0.77,6913.30978,0.522785071,10159.879,0.759049608,-0.236264537
6621,-3291,6919,10254,13233,13388,-435,0.52,0.77,6910.32175,0.522203714,10167.9735,0.759484128,-0.237280413
6622,-3314,6903,10270,13213,13393,-435,0.52,0.77,6894.29515,0.521781212,10184.131,0.760407004,-0.238625792
6623,-3336,6903,10276,13229,13383,-435,0.52,0.77,6894.31643,0.521151745,10189.816,0.761399985,-0.24024824
6624,-3346,6891,10285,13223,13389,-435,0.52,0.77,6882.30845,0.520480107,10199.005,0.761745089,-0.241264983
6626,-3362,6884,10284,13231,13383,-435,0.52,0.77,6875.31909,0.519637147,10197.816,0.761997758,-0.242360611
6627,-3370,6881,10303,13228,13394,-435,0.52,0.77,6872.3151,0.519527903,10217.1625,0.762816373,-0.24328847
6628,-3378,6878,10298,13227,13384,-435,0.52,0.77,6869.31377,0.519340271,10211.8475,0.762989204,-0.243648932
6629,-3393,6875,10310,13228,13390,-435,0.52,0.77,6866.3151,0.51907432,10224.0365,0.763557618,-0.244483298
6630,-3399,6878,10315,13229,13391,-459,0.52,0.77,6869.31643,0.519261957,10229.068,0.763876335,-0.244614378
6631,-3399,6867,10309,13222,13385,-577,0.52,0.77,6858.30712,0.518704214,10222.879,0.763756369,-0.245052155
6632,-3403,6873,10324,13222,13397,-696,0.52,0.77,6864.30712,0.519158003,10238.257,0.764220124,-0.245062121
6633,-3398,6874,10317,13225,13391,-815,0.52,0.77,6865.31111,0.519116152,10231.068,0.764025689,-0.244909537
6634,-3405,6872,10319,13219,13392,-910,0.52,0.77,6863.30313,0.519199874,10233.0995,0.764120333,-0.244920459
6635,-3398,6877,10315,13222,13389,-910,0.52,0.77,6868.30712,0.519460529,10229.005,0.763985735,-0.244525205
6636,-3398,6878,10312,13224,13393,-910,0.52,0.77,6869.30978,0.519457787,10226.131,0.76354297,-0.244085183
6637,-3392,6880,10318,13222,13395,-910,0.52,0.77,6871.30712,0.519687424,10232.194,0.763881598,-0.244194174
6638,-3392,6884,10313,13223,13387,-910,0.52,0.77,6875.30845,0.519950726,10226.942,0.763945768,-0.243995042
6639,-3385,6890,10315,13222,13390,-910,0.52,0.77,6881.30712,0.520443739,10229.0365,0.763931031,-0.243487291
6640,-3379,6892,10316,13219,13397,-910,0.52,0.77,6883.30313,0.520712847,10230.257,0.763622975,-0.242910128
6640,-3367,6903,10307,13228,13392,-909,0.52,0.77,6894.3151,0.521191042,10221.0995,0.763224276,-0.242033234
6641,-3355,6911,10302,13226,13390,-910,0.52,0.77,6902.31244,0.521874523,10216.0365,0.762960157,-0.241085634
6642,-3340,6915,10300,13225,13395,-910,0.52,0.77,6906.31111,0.522216341,10214.194,0.762537813,-0.240321472
6643,-3334,6917,10298,13222,13396,-910,0.52,0.77,6908.30712,0.52248579,10212.2255,0.762333943,-0.239848153
6645,-3318,6930,10285,13224,13389,-910,0.52,0.77,6921.30978,0.523390032,10199.005,0.761745089,-0.238355057
6646,-3302,6946,10278,13228,13385,-910,0.53,0.77,6937.3151,0.524441722,10191.879,0.761440344,-0.236998622
6647,-3283,6958,10267,13229,13397,-910,0.53,0.77,6949.31643,0.525309277,10181.257,0.75996544,-0.234656163
6648,-3269,6957,10267,13229,13397,-910,0.53,0.77,6948.31643,0.525233686,10181.257,0.75996544,-0.234731754
6649,-3255,6965,10261,13222,13390,-910,0.53,0.77,6956.30712,0.526116103,10175.0365,0.75989817,-0.233782067
6650,-3245,6968,10254,13225,13395,-910,0.53,0.77,6959.31111,0.526223902,10168.194,0.759103695,-0.232879793
6651,-3226,6976,10249,13215,13394,-910,0.53,0.77,6967.29781,0.527226471,10163.1625,0.758784717,-0.231558246
6651,-3209,6990,10248,13224,13400,-910,0.53,0.76,6981.30978,0.527927237,10162.3515,0.75838444,-0.230457203
6652,-3183,7008,10225,13224,13397,-910,0.53,0.76,6999.30978,0.529288398,10139.257,0.75683041,-0.227542011
6653,-3164,7025,10220,13224,13400,-910,0.53,0.76,7016.30978,0.53057394,10134.3515,0.756294888,-0.225720948
6654,-3137,7031,10205,13220,13399,-910,0.53,0.76,7022.30446,0.531187932,10119.32,0.755229495,-0.224041563
6655,-3116,7037,10201,13218,13404,-910,0.53,0.76,7028.3018,0.531722031,10115.4775,0.754661109,-0.222939078
6657,-3095,7048,10187,13214,13400,-910,0.53,0.76,7039.29648,0.532715036,10101.3515,0.753832201,-0.221117166
6658,-3074,7064,10174,13224,13392,-910,0.53,0.76,7055.30978,0.533523123,10088.0995,0.753292973,-0.21976985
6659,-3050,7081,10172,13225,13407,-910,0.54,0.76,7072.31111,0.534768326,10086.572,0.752336242,-0.217567916
6660,-3021,7092,10147,13220,13399,-863,0.54,0.76,7083.30446,0.535802153,10061.32,0.750900813,-0.215098661
6661,-3002,7100,10146,13218,13410,-635,0.54,0.76,7091.3018,0.536488258,10060.6665,0.75023613,-0.213747871
6662,-2978,7116,10136,13222,13409,-408,0.54,0.76,7107.30712,0.537536463,10050.635,0.749543963,-0.2120075
6663,-2969,7120,10134,13226,13408,-181,0.54,0.76,7111.31244,0.537676731,10048.6035,0.749448352,-0.211771621
6664,-2945,7126,10112,13225,13397,0,0.54,0.75,7117.31111,0.538170972,10026.257,0.748395686,-0.210224713
6665,-2931,7137,10115,13229,13408,0,0.54,0.75,7128.31643,0.538840156,10029.6035,0.748031287,-0.209191131
6666,-2912,7147,10102,13220,13406,0,0.54,0.75,7138.30446,0.539962516,10016.5405,0.747168469,-0.207205953
6667,-2893,7160,10092,13226,13408,0,0.54,0.75,7151.31244,0.540701077,10006.6035,0.746315893,-0.205614817
6668,-2879,7163,10084,13223,13405,0,0.54,0.75,7154.30845,0.541050325,9998.509,0.745879075,-0.20482875
6668,-2860,7174,10070,13226,13401,0,0.54,0.75,7165.31244,0.541759598,9984.383,0.745047608,-0.203288011
6669,-2843,7176,10067,13221,13405,-1,0.54,0.75,7167.30579,0.542115255,9981.509,0.744610891,-0.202495636
6670,-2825,7193,10059,13228,13406,-228,0.54,0.75,7184.3151,0.543114235,9973.5405,0.74396095,-0.200846715
6671,-2810,7197,10059,13221,13416,-455,0.54,0.75,7188.30579,0.543703637,9973.8555,0.743429897,-0.19972626
6673,-2792,7203,10047,13211,13408,-682,0.55,0.75,7194.29249,0.544568351,9961.6035,0.742959688,-0.198391337
6674,-2782,7216,10041,13227,13412,-910,0.55,0.75,7207.31377,0.544894063,9955.7295,0.742300142,-0.197406079
6675,-2767,7222,10035,13232,13408,-910,0.55,0.75,7213.32042,0.545142112,9949.6035,0.7420647,-0.196922589
6676,-2756,7224,10029,13218,13413,-910,0.55,0.75,7215.3018,0.545869405,9943.761,0.741352494,-0.195483088
6677,-2748,7226,10021,13220,13403,-910,0.55,0.75,7217.30446,0.54593831,9935.446,0.741285235,-0.195346925
6678,-2735,7236,10022,13224,13410,-910,0.55,0.75,7227.30978,0.546529778,9936.6665,0.740989299,-0.194459521
6679,-2725,7244,10018,13224,13409,-910,0.55,0.75,7235.30978,0.547134738,9932.635,0.740743903,-0.193609165
6680,-2712,7257,10012,13234,13411,-910,0.55,0.75,7248.32308,0.54770463,9926.698,0.740190739,-0.192486108
6681,-2706,7256,10002,13225,13400,-574,0.55,0.75,7247.31111,0.54800084,9916.3515,0.740026231,-0.192025391
6681,-2692,7256,9999,13223,13406,-238,0.55,0.75,7247.30845,0.548083525,9913.5405,0.739485342,-0.191401817
6682,-2677,7270,9996,13220,13413,97,0.55,0.75,7261.30446,0.549266601,9910.761,0.738892194,-0.189625594
6683,-2666,7282,9987,13226,13413,433,0.55,0.74,7273.31244,0.549925332,9901.761,0.738221203,-0.188295871
6685,-2650,7285,9984,13225,13412,433,0.55,0.74,7276.31111,0.550193657,9898.7295,0.738050216,-0.18785656
6686,-2642,7282,9979,13209,13411,433,0.55,0.74,7273.28983,0.550631375,9893.698,0.737730072,-0.187098698
6687,-2630,7295,9979,13213,13418,433,0.55,0.74,7286.29515,0.551448963,9893.9185,0.737361641,-0.185912678
6688,-2617,7303,9974,13221,13420,433,0.55,0.74,7294.30579,0.551721185,9888.9815,0.736883867,-0.185162682
6689,-2611,7303,9965,13218,13410,433,0.55,0.74,7294.3018,0.551846104,9879.6665,0.73673874,-0.184892636
6690,-2597,7306,9962,13219,13410,433,0.55,0.74,7297.30313,0.552031404,9876.6665,0.736515026,-0.184483622
6691,-2593,7308,9962,13217,13416,311,0.55,0.74,7299.30047,0.552266057,9876.8555,0.736199724,-0.183933668
6692,-2591,7314,9959,13217,13417,-296,0.55,0.74,7305.30047,0.552720017,9873.887,0.735923604,-0.183203587
6693,-2581,7318,9957,13226,13415,-905,0.55,0.74,7309.31244,0.552647243,9871.824,0.735879538,-0.183232295
6694,-2579,7323,9951,13224,13413,-1514,0.55,0.74,7314.30978,0.553108725,9865.761,0.73553724,-0.182428515
6695,-2581,7313,9951,13215,13414,-2001,0.55,0.74,7304.29781,0.552727795,9865.7925,0.735484755,-0.18275696
6695,-2584,7311,9967,13215,13425,-2001,0.55,0.74,7302.29781,0.552576452,9882.139,0.736099739,-0.183523288
6697,-2579,7315,9958,13217,13420,-2001,0.55,0.74,7306.30047,0.552795678,9872.9815,0.735691617,-0.182895939
6698,-2588,7310,9964,13218,13426,-2001,0.55,0.74,7301.3018,0.552375685,9879.1705,0.735823812,-0.183448127
6699,-2584,7310,9962,13219,13425,-2001,0.55,0.74,7301.30313,0.552333999,9877.139,0.7357273,-0.183393301
6700,-2593,7303,9963,13221,13422,-2001,0.55,0.74,7294.30579,0.551721185,9878.0445,0.735959209,-0.184238024
6701,-2604,7300,9970,13222,13426,-1223,0.55,0.74,7291.30712,0.551452664,9885.1705,0.736270706,-0.184818042
6702,-2612,7296,9976,13218,13426,-445,0.55,0.74,7287.3018,0.551316523,9891.1705,0.7367176,-0.185401077
6703,-2618,7294,9980,13219,13423,332,0.55,0.74,7285.30313,0.55112362,9895.076,0.73717321,-0.18604959
6704,-2622,7280,9976,13213,13420,1110,0.55,0.74,7271.29515,0.550313718,9890.9815,0.737032899,-0.186719181
6705,-2631,7283,9978,13221,13421,1110,0.55,0.74,7274.30579,0.55020844,9893.013,0.73712935,-0.186920909
6706,-2642,7275,9986,13217,13428,1110,0.55,0.74,7266.30047,0.549769272,9901.2335,0.737357276,-0.187588004
6707,-2652,7262,9990,13212,13424,1110,0.55,0.74,7253.29382,0.548992872,9905.1075,0.737865577,-0.188872705
6708,-2663,7262,9997,13220,13425,1110,0.55,0.74,7253.30446,0.548661457,9912.139,0.738334376,-0.189672919
6709,-2678,7251,10007,13220,13430,1110,0.55,0.75,7242.30446,0.547829384,9922.2965,0.738815823,-0.190986439
6710,-2693,7254,10016,13221,13429,1110,0.55,0.75,7245.30579,0.54801496,9931.265,0.739538685,-0.191523725
6711,-2699,7244,10016,13219,13434,1227,0.55,0.75,7235.30313,0.547341185,9931.4225,0.73927516,-0.191933975
6712,-2715,7240,10020,13227,13429,1344,0.55,0.75,7231.31377,0.546708533,9935.265,0.739836548,-0.193128014
6713,-2728,7217,10032,13215,13429,1461,0.55,0.75,7208.29781,0.545463323,9947.265,0.740730136,-0.195266814
6714,-2739,7209,10036,13212,13428,1578,0.55,0.75,7200.29382,0.544981367,9951.2335,0.741080839,-0.196099472
6715,-2758,7204,10046,13208,13429,1578,0.55,0.75,7195.2885,0.544767452,9961.265,0.741772656,-0.197005205
6716,-2771,7196,10048,13211,13430,1578,0.54,0.75,7187.29249,0.54403849,9963.2965,0.74186869,-0.1978302
6717,-2785,7190,10052,13209,13430,1578,0.54,0.75,7181.28983,0.543666427,9967.2965,0.74216653,-0.198500103
6718,-2804,7175,10058,13210,13422,1578,0.54,0.75,7166.29116,0.542489868,9973.0445,0.743037141,-0.200547272
6719,-2821,7167,10063,13217,13422,1578,0.54,0.75,7158.30047,0.541597978,9978.0445,0.743409663,-0.201811686
6720,-2841,7155,10077,13216,13424,1578,0.54,0.75,7146.29914,0.540730867,9992.1075,0.744346506,-0.203615639
6721,-2860,7144,10088,13218,13427,1302,0.54,0.75,7135.3018,0.539817053,10003.202,0.745006479,-0.205189427
6722,-2883,7136,10091,13218,13428,1026,0.54,0.75,7127.3018,0.539211817,10006.2335,0.745176758,-0.20596494
6723,-2901,7120,10100,13208,13426,751,0.54,0.75,7111.2885,0.53840767,10015.1705,0.745953411,-0.207545742
6724,-2917,7115,10118,13211,13435,475,0.54,0.75,7106.29249,0.537907236,10033.454,0.746814589,-0.208907353
6725,-2938,7101,10116,13221,13430,475,0.54,0.75,7092.30579,0.536442462,10031.2965,0.746931981,-0.210489519
6726,-2961,7083,10132,13208,13436,475,0.54,0.75,7074.2885,0.535606337,10047.4855,0.747803327,-0.21219699
6727,-2976,7075,10139,13214,13431,475,0.54,0.75,7066.29648,0.534758323,10054.328,0.74859117,-0.213832847
6728,-2996,7059,10145,13212,13434,475,0.53,0.76,7050.29382,0.533628052,10060.4225,0.748877661,-0.215249609
6729,-3019,7051,10156,13210,13431,475,0.53,0.76,7042.29116,0.53310304,10071.328,0.749856898,-0.216753858
6729,-3038,7039,10164,13213,13431,475,0.53,0.76,7030.29515,0.532074105,10079.328,0.750452535,-0.21837843
6731,-3054,7030,10169,13215,13435,356,0.53,0.76,7021.29781,0.531312736,10084.454,0.750610644,-0.219297908
6732,-3079,7016,10176,13210,13433,237,0.53,0.76,7007.29116,0.530453532,10091.391,0.751238815,-0.220785283
6733,-3095,6996,10188,13205,13435,118,0.53,0.76,6987.28451,0.529139304,10103.454,0.75202486,-0.222885556
6734,-3117,6993,10197,13205,13438,0,0.53,0.76,6984.28451,0.528912117,10112.5485,0.752533748,-0.22362163
6735,-3133,6987,10209,13216,13440,0,0.53,0.76,6978.29914,0.528019003,10124.6115,0.753319308,-0.225300305
6736,-3148,6978,10212,13209,13436,0,0.53,0.76,6969.28983,0.527616764,10127.4855,0.75375748,-0.226140716
6737,-3172,6963,10221,13214,13442,0,0.53,0.76,6954.29648,0.526282464,10136.6745,0.754104635,-0.227822171
6738,-3185,6971,10222,13248,13433,0,0.53,0.76,6962.3417,0.525539078,10137.391,0.754663217,-0.22912414
6739,-3195,6949,10231,13209,13437,0,0.53,0.76,6940.28983,0.525421291,10146.517,0.755117735,-0.229696444
6740,-3215,6929,10239,13211,13442,0,0.52,0.76,6920.29249,0.523828059,10154.6745,0.755443721,-0.231615662
6741,-3226,6923,10246,13206,13437,118,0.52,0.76,6914.28584,0.523571546,10161.517,0.756234055,-0.232662509
6742,-3242,6915,10250,13209,13437,237,0.52,0.76,6906.28983,0.522847288,10165.517,0.756531741,-0.233684453
6743,-3256,6910,10257,13211,13441,356,0.52,0.76,6901.29249,0.522389864,10172.643,0.756836768,-0.234446904
6744,-3267,6906,10253,13214,13436,475,0.52,0.76,6897.29648,0.521968857,10168.4855,0.756808983,-0.234840126
6745,-3281,6893,10256,13211,13440,475,0.52,0.76,6884.29249,0.521103057,10171.6115,0.756816332,-0.235713275
6746,-3298,6884,10271,13211,13437,475,0.52,0.76,6875.29249,0.520421807,10186.517,0.75809459,-0.237672783
6747,-3309,6872,10279,13213,13445,475,0.52,0.76,6863.29515,0.519435037,10194.769,0.75825727,-0.238822233
6748,-3322,6868,10275,13214,13442,475,0.52,0.76,6859.29648,0.519093119,10190.6745,0.758121894,-0.239028775
6749,-3330,6857,10280,13207,13442,475,0.52,0.76,6848.28717,0.518534654,10195.6745,0.758493863,-0.239959209
6750,-3340,6853,10289,13214,13445,475,0.52,0.77,6844.29648,0.51795796,10204.769,0.759001041,-0.241043082
6751,-3358,6843,10293,13212,13442,856,0.52,0.77,6834.29382,0.517279278,10208.6745,0.759460981,-0.242181703
6752,-3367,6841,10299,13209,13443,1237,0.52,0.77,6832.28983,0.517245047,10214.706,0.759853158,-0.24260811
6752,-3374,6828,10293,13208,13435,1618,0.52,0.77,6819.2885,0.516299856,10208.454,0.759840268,-0.243540412
6753,-3390,6816,10295,13204,13434,1999,0.52,0.77,6807.28318,0.515547045,10210.4225,0.76004336,-0.244496315
6754,-3403,6816,10299,13210,13433,1999,0.52,0.77,6807.29116,0.515313487,10214.391,0.76039537,-0.245081883
6755,-3413,6808,10316,13215,13444,1999,0.52,0.77,6799.29781,0.514513644,10231.7375,0.761063486,-0.246549841
6756,-3420,6804,10315,13216,13442,1999,0.51,0.77,6795.29914,0.51417215,10230.6745,0.761097642,-0.246925491
6757,-3432,6797,10321,13211,13445,1999,0.51,0.77,6788.29249,0.513836386,10236.769,0.761381108,-0.247544723
6759,-3438,6792,10316,13213,13437,1999,0.51,0.77,6783.29515,0.513380394,10231.517,0.761443551,-0.248063157
6760,-3447,6780,10314,13204,13432,1999,0.51,0.77,6771.28318,0.512820598,10229.3595,0.761566371,-0.248745773
6761,-3456,6776,10319,13202,13439,1290,0.51,0.77,6767.28052,0.512595101,10234.58,0.761558152,-0.248963051
6762,-3454,6781,10326,13209,13446,582,0.51,0.77,6772.28983,0.51270269,10241.8005,0.761698684,-0.248995994
6763,-3459,6776,10315,13214,13438,-125,0.51,0.77,6767.29648,0.512130807,10230.5485,0.761314816,-0.249184009
6764,-3462,6778,10328,13207,13445,-834,0.51,0.77,6769.28717,0.512552977,10243.769,0.761901748,-0.249348771
6765,-3463,6774,10320,13210,13440,-834,0.51,0.77,6765.29116,0.512134077,10235.6115,0.761578237,-0.249444159
6766,-3462,6777,10324,13210,13441,-834,0.51,0.77,6768.29116,0.512361178,10239.643,0.761821516,-0.249460338
6767,-3457,6777,10319,13213,13439,-834,0.51,0.77,6768.29515,0.512245149,10234.58,0.761558152,-0.249313003
6768,-3452,6777,10321,13215,13446,-834,0.51,0.77,6768.29781,0.512167825,10236.8005,0.761326826,-0.249159001
6769,-3455,6771,10319,13199,13442,-834,0.51,0.77,6762.27653,0.51233249,10234.6745,0.761395216,-0.249062727
6770,-3447,6775,10315,13209,13444,-834,0.51,0.77,6766.28983,0.512248454,10230.7375,0.760989103,-0.248740649
6771,-3442,6782,10314,13215,13441,-875,0.51,0.77,6773.29781,0.512546183,10229.643,0.761077524,-0.248531341
6772,-3438,6782,10308,13206,13444,-917,0.51,0.77,6773.28584,0.512894581,10223.7375,0.760468425,-0.247573843
6773,-3436,6780,10312,13207,13450,-959,0.51,0.77,6771.28717,0.512704412,10227.9265,0.760440632,-0.24773622
6774,-3431,6785,10311,13211,13450,-1000,0.51,0.77,6776.29249,0.512928052,10226.9265,0.760366283,-0.247438231
6775,-3428,6789,10308,13210,13445,-1000,0.51,0.77,6780.29116,0.513269581,10223.769,0.760414206,-0.247144625
6776,-3420,6794,10305,13214,13454,-1000,0.51,0.77,6785.29648,0.513492998,10221.0525,0.75970362,-0.246210621
6777,-3415,6796,10308,13215,13453,-1000,0.51,0.77,6787.29781,0.513605585,10224.021,0.759980748,-0.246375162
6778,-3412,6793,10300,13216,13452,-1000,0.51,0.77,6784.29914,0.513339826,10215.9895,0.759440195,-0.246100369
6779,-3409,6793,10293,13208,13448,-1000,0.51,0.77,6784.2885,0.513649947,10208.8635,0.759136191,-0.245486244
6780,-3399,6804,10297,13207,13452,-1000,0.52,0.77,6795.28717,0.51452163,10212.9895,0.75921718,-0.244695549
6780,-3391,6805,10294,13208,13456,-882,0.52,0.77,6796.2885,0.514558487,10210.1155,0.758777906,-0.244219418
6781,-3388,6805,10286,13210,13452,-764,0.52,0.76,6796.29116,0.514480784,10201.9895,0.758399457,-0.243918673
6782,-3384,6808,10282,13210,13444,-645,0.52,0.76,6799.29116,0.514707885,10197.7375,0.758534476,-0.243826591
6783,-3375,6810,10283,13211,13449,-527,0.52,0.76,6801.29249,0.514820414,10198.895,0.758338538,-0.243518124
6784,-3371,6818,10274,13215,13449,-527,0.52,0.76,6809.29781,0.51527036,10189.895,0.757669343,-0.242398983
6786,-3354,6829,10268,13215,13447,-527,0.52,0.76,6820.29781,0.516102748,10183.832,0.757331152,-0.241228404
6787,-3346,6830,10264,13214,13450,-527,0.52,0.76,6821.29648,0.516217382,10179.9265,0.756871859,-0.240654477
6788,-3335,6830,10261,13201,13455,-527,0.52,0.76,6821.27919,0.516724429,10177.084,0.756379339,-0.239654909
6789,-3319,6842,10251,13201,13454,-527,0.52,0.76,6833.27919,0.517633451,10167.0525,0.755689944,-0.238056492
6790,-3310,6844,10260,13203,13463,-527,0.52,0.76,6835.28185,0.517706722,10176.336,0.755874322,-0.2381676
6790,-3294,6847,10247,13193,13458,-395,0.52,0.76,6838.26855,0.518325517,10163.1785,0.755177478,-0.236851961
6791,-3286,6862,10241,13201,13459,-264,0.52,0.76,6853.27919,0.519148488,10157.21,0.754677911,-0.235529423
6793,-3266,6865,10227,13199,13451,-132,0.52,0.76,6856.27653,0.519454241,10142.958,0.754067207,-0.234612966
6794,-3259,6869,10227,13188,13458,0,0.52,0.76,6860.2619,0.52018971,10143.1785,0.753691373,-0.233501663
6795,-3240,6870,10225,13176,13460,0,0.52,0.76,6861.24594,0.520738156,10141.2415,0.753435475,-0.23269732
6796,-3233,6880,10215,13190,13458,0,0.52,0.76,6871.26456,0.520945001,10131.1785,0.75279971,-0.231854709
6797,-3224,6879,10213,13181,13464,0,0.52,0.76,6870.25259,0.521223928,10129.3675,0.752329731,-0.231105804
6798,-3217,6881,10207,13180,13458,0,0.52,0.76,6872.25126,0.521415118,10123.1785,0.752205268,-0.23079015
6799,-3207,6887,10211,13190,13463,0,0.52,0.76,6878.26456,0.521475706,10127.336,0.752234717,-0.230759012
6800,-3200,6896,10202,13188,13460,0,0.52,0.76,6887.2619,0.522237026,10118.2415,0.751726709,-0.229489683
6801,-3189,6898,10198,13190,13459,-395,0.52,0.76,6889.26456,0.522309671,10114.21,0.751483023,-0.229173352
6802,-3177,6910,10194,13191,13458,-790,0.52,0.76,6901.26589,0.523179887,10110.1785,0.7512393,-0.228059413
6803,-3175,6913,10192,13187,13469,-1185,0.52,0.76,6904.26057,0.523565676,10108.525,0.750503007,-0.226937331
6804,-3160,6920,10191,13197,13466,-1580,0.52,0.76,6911.27387,0.523700377,10107.4305,0.750588928,-0.226888551
6805,-3157,6919,10177,13186,13455,-1580,0.52,0.76,6910.25924,0.524060309,10093.084,0.750136306,-0.226075997
6806,-3147,6928,10180,13184,13461,-1580,0.53,0.76,6919.25658,0.524822253,10096.273,0.750038853,-0.2252166
6807,-3139,6934,10176,13184,13460,-1580,0.53,0.76,6925.25658,0.52527735,10092.2415,0.749795059,-0.22451771
6808,-3129,6928,10172,13176,13464,-1580,0.53,0.76,6919.24594,0.525140099,10088.3675,0.749284574,-0.224144475
6808,-3122,6940,10173,13183,13463,-1580,0.53,0.76,6931.25525,0.525772226,10089.336,0.749412167,-0.223639941
6810,-3108,6945,10173,13182,13467,-1580,0.53,0.76,6936.25392,0.526191315,10089.462,0.749198931,-0.223007615
6810,-3098,6958,10168,13194,13470,-1393,0.53,0.75,6949.26988,0.526699248,10084.5565,0.748667892,-0.221968643
6812,-3095,6958,10164,13186,13461,-1207,0.53,0.76,6949.25924,0.527017992,10080.273,0.748850234,-0.221832242
6813,-3077,6976,10154,13196,13467,-1020,0.53,0.75,6967.27254,0.527983672,10070.462,0.747788075,-0.219804402
6814,-3072,6981,10151,13207,13464,-834,0.53,0.75,6972.28717,0.527923614,10067.3675,0.747724859,-0.219801245
6815,-3059,6978,10148,13180,13473,-834,0.53,0.75,6969.25126,0.528774754,10064.651,0.747023751,-0.218248997
6816,-3050,6988,10146,13192,13465,-834,0.53,0.75,6979.26722,0.529053003,10062.399,0.747300334,-0.218247331
6817,-3042,6996,10142,13207,13466,-834,0.53,0.75,6987.28717,0.529059375,10058.4305,0.746950134,-0.217890758
6818,-3033,6984,10134,13176,13467,-834,0.53,0.75,6975.24594,0.52939025,10050.462,0.746302963,-0.216912712
6819,-3015,7007,10142,13201,13475,-834,0.53,0.75,6998.27919,0.530132504,10058.714,0.746472282,-0.216339778
6819,-3016,7018,10131,13215,13466,-834,0.53,0.75,7009.29781,0.530404677,10047.4305,0.746133262,-0.215728584
6820,-3012,7016,10133,13204,13467,-853,0.53,0.75,7007.28318,0.53069397,10049.462,0.746228707,-0.215534737
6821,-3001,7021,10135,13212,13478,-872,0.53,0.75,7012.29382,0.530751879,10051.8085,0.745793775,-0.215041896
6822,-2996,7021,10129,13214,13479,-891,0.53,0.75,7012.29648,0.530671748,10045.84,0.745295645,-0.214623897
6823,-2993,7029,10118,13206,13466,-910,0.53,0.75,7020.28584,0.531598201,10034.4305,0.745167867,-0.213569666
6824,-2984,7020,10121,13190,13476,-910,0.53,0.75,7011.26456,0.531559102,10037.7455,0.744860901,-0.213301799
6826,-2982,7023,10122,13203,13476,-910,0.53,0.75,7014.28185,0.531264247,10038.7455,0.744935107,-0.21367086
6827,-2980,7021,10114,13196,13465,-910,0.53,0.75,7012.27254,0.531393797,10030.399,0.744923802,-0.213530006
6828,-2980,7034,10121,13211,13474,-910,0.53,0.75,7025.29249,0.531775981,10037.6825,0.744966788,-0.213190807
6829,-2977,7041,10116,13231,13470,-910,0.53,0.75,7032.31909,0.531503219,10032.5565,0.744807461,-0.213304242
6830,-2971,7047,10115,13240,13469,-910,0.53,0.75,7038.33106,0.531596002,10031.525,0.744786176,-0.213190174
6831,-2970,7034,10117,13208,13473,-960,0.53,0.75,7025.2885,0.531896464,10033.651,0.744722853,-0.212826389
6832,-2968,7038,10116,13204,13473,-1011,0.53,0.75,7029.28318,0.532360132,10032.651,0.744648631,-0.212288499
6833,-2964,7040,10103,13208,13468,-1061,0.53,0.75,7031.2885,0.532350734,10019.4935,0.743948136,-0.211597402
6834,-2964,7039,10106,13199,13464,-1112,0.53,0.75,7030.27653,0.532637058,10022.3675,0.744382613,-0.211745555
6834,-2963,7041,10109,13207,13469,-1112,0.53,0.75,7032.28717,0.532466659,10025.525,0.744340708,-0.211874049
6835,-2957,7036,10110,13197,13472,-1112,0.53,0.75,7027.27387,0.532490253,10026.6195,0.744256198,-0.211765945
6836,-2958,7038,10108,13194,13470,-1112,0.53,0.75,7029.26988,0.53276261,10024.5565,0.744213549,-0.211450938
6837,-2957,7040,10108,13206,13468,-1112,0.53,0.75,7031.28584,0.532431156,10024.4935,0.744319387,-0.211888231
6838,-2954,7044,10100,13197,13462,-1112,0.53,0.75,7035.27387,0.533096451,10016.3045,0.744042824,-0.210946373
6839,-2958,7037,10105,13197,13462,-1112,0.53,0.75,7028.27387,0.532566028,10021.3045,0.74441424,-0.211848212
6841,-2953,7039,10109,13191,13476,-1042,0.53,0.75,7030.26589,0.532959282,10025.7455,0.743970429,-0.211011147
6842,-2957,7043,10109,13199,13471,-973,0.53,0.75,7034.27653,0.532940111,10025.588,0.744234875,-0.211294764
6843,-2963,7042,10113,13201,13476,-903,0.53,0.75,7033.27919,0.532783819,10029.7455,0.744267253,-0.211483434
6844,-2959,7039,10109,13194,13467,-834,0.53,0.75,7030.26988,0.532838402,10025.462,0.744446573,-0.211608171
6845,-2965,7037,10109,13209,13464,-834,0.53,0.75,7028.28983,0.532083415,10025.3675,0.744605429,-0.212522014
6846,-2961,7035,10105,13193,13463,-834,0.53,0.75,7026.26855,0.532575498,10021.336,0.744361286,-0.211785788
6847,-2965,7036,10112,13202,13474,-834,0.53,0.75,7027.28052,0.532289087,10028.6825,0.744298835,-0.212009748
6848,-2970,7021,10111,13190,13466,-834,0.53,0.75,7012.26456,0.531634917,10027.4305,0.74464804,-0.213013122
6849,-2974,7027,10116,13201,13472,-834,0.53,0.75,7018.27919,0.531647541,10032.6195,0.744701566,-0.213054025
6849,-2975,7028,10110,13205,13467,-834,0.53,0.75,7019.28451,0.531562629,10026.462,0.744520829,-0.2129582
6850,-2984,7022,10120,13203,13464,-1080,0.53,0.75,7013.28185,0.531188506,10036.3675,0.745422423,-0.214233916
6851,-2985,7016,10123,13197,13479,-1326,0.53,0.75,7007.27387,0.530974757,10039.84,0.744850508,-0.213875751
6853,-2987,7014,10132,13196,13486,-1573,0.53,0.75,7005.27254,0.530863333,10049.0605,0.745147598,-0.214284265
6854,-2991,7017,10138,13202,13487,-1819,0.53,0.75,7008.28052,0.530849911,10055.092,0.745539557,-0.214689646
6855,-3001,7010,10129,13195,13476,-1819,0.53,0.75,7001.27121,0.530600319,10045.7455,0.745454549,-0.21485423
6856,-2997,7009,10136,13200,13486,-1819,0.53,0.75,7000.27786,0.53032408,10053.0605,0.745444201,-0.215120121
6856,-3002,7006,10135,13193,13484,-1819,0.53,0.75,6997.26855,0.530377363,10051.9975,0.745475934,-0.215098571
6857,-3003,7002,10140,13192,13491,-1819,0.53,0.75,6993.26722,0.530114253,10057.218,0.745476095,-0.215361843
6859,-3010,6996,10131,13190,13477,-1819,0.53,0.75,6987.26456,0.529739542,10047.777,0.745549974,-0.215810432
6860,-3013,6996,10138,13191,13478,-1819,0.53,0.75,6987.26589,0.529699484,10054.8085,0.74601636,-0.216316876
6861,-3018,6999,10145,13197,13483,-1642,0.53,0.75,6990.27387,0.529686586,10061.966,0.746270563,-0.216583977
6862,-3019,6992,10135,13192,13485,-1465,0.53,0.75,6983.26722,0.529356217,10052.029,0.745422989,-0.216066771
6863,-3020,6991,10136,13192,13477,-1288,0.53,0.75,6982.26722,0.529280414,10052.777,0.745920976,-0.216640563
6864,-3018,6988,10141,13186,13488,-1112,0.53,0.75,6979.25924,0.529293132,10058.1235,0.745709038,-0.216415906
6864,-3025,6984,10128,13184,13472,-1112,0.53,0.75,6975.25658,0.529069826,10044.6195,0.745592303,-0.216522477
6865,-3027,6982,10143,13188,13487,-1112,0.53,0.75,6973.2619,0.528758106,10060.092,0.745910284,-0.217152178
6866,-3030,6977,10144,13188,13490,-1112,0.53,0.75,6968.2619,0.528378973,10061.1865,0.745825537,-0.217446564
6867,-3030,6976,10150,13186,13494,-1112,0.53,0.75,6967.25924,0.528383076,10067.3125,0.746058433,-0.217675357
6868,-3038,6976,10145,13194,13488,-1112,0.53,0.75,6967.26988,0.528063505,10062.1235,0.746005598,-0.217942093
6869,-3037,6976,10133,13202,13477,-1112,0.53,0.75,6967.28052,0.527744321,10049.777,0.745698375,-0.217954054
6871,-3042,6972,10151,13194,13493,-834,0.53,0.75,6963.26988,0.527760337,10068.281,0.746185504,-0.218425167
6872,-3048,6965,10153,13187,13495,-556,0.53,0.75,6956.26057,0.527508954,10070.344,0.746227788,-0.218718835
6873,-3048,6964,10151,13183,13492,-278,0.53,0.75,6955.25525,0.527592752,10068.2495,0.746238475,-0.218645723
6874,-3050,6959,10154,13187,13498,0,0.53,0.75,6950.26057,0.52705396,10071.4385,0.746143021,-0.219089061
6875,-3057,6960,10161,13191,13505,0,0.53,0.75,6951.26589,0.52697035,10078.659,0.746290929,-0.219320579
6875,-3055,6952,10156,13181,13500,0,0.53,0.75,6943.25259,0.526762202,10073.5015,0.746185296,-0.219423094
6876,-3058,6954,10155,13188,13495,0,0.53,0.75,6945.2619,0.526634964,10072.344,0.746375991,-0.219741028
6877,-3063,6955,10165,13191,13511,0,0.53,0.75,6946.26589,0.526591304,10082.848,0.746269558,-0.219678254
6878,-3064,6948,10169,13184,13517,0,0.53,0.75,6939.25658,0.526339243,10087.037,0.746248206,-0.219908963
6880,-3060,6944,10156,13185,13501,0,0.53,0.75,6935.25791,0.525996049,10073.533,0.746132361,-0.220136311
6881,-3063,6946,10160,13186,13508,0,0.53,0.75,6937.25924,0.526107936,10077.7535,0.746058151,-0.219950215
6882,-3066,6937,10154,13165,13498,0,0.53,0.75,6928.23131,0.526261398,10071.4385,0.746143021,-0.219881623
6882,-3072,6937,10159,13179,13500,0,0.53,0.75,6928.24993,0.525703766,10076.5015,0.746407519,-0.220703753
6883,-3077,6940,10155,13181,13496,0,0.53,0.75,6931.25259,0.525851801,10072.3755,0.746323022,-0.220471221
6884,-3085,6926,10170,13183,13504,0,0.53,0.75,6917.25525,0.524710252,10087.6275,0.74701033,-0.222300078
6885,-3093,6924,10167,13189,13498,0,0.52,0.75,6915.26323,0.524320512,10084.4385,0.747106127,-0.222785615
6886,-3105,6919,10179,13188,13513,0,0.52,0.75,6910.2619,0.523981036,10096.911,0.747199808,-0.223218772
6887,-3115,6912,10181,13188,13507,0,0.52,0.75,6903.2619,0.52345025,10098.722,0.747665803,-0.224215553
6888,-3119,6914,10188,13188,13523,0,0.52,0.75,6905.2619,0.523601903,10106.226,0.747336094,-0.223734191
6889,-3127,6906,10183,13186,13507,0,0.52,0.75,6897.25924,0.523074415,10100.722,0.747813874,-0.224739459
6890,-3133,6906,10186,13186,13506,-625,0.52,0.75,6897.25924,0.523074415,10103.6905,0.748089035,-0.225014619
6891,-3138,6898,10182,13184,13502,-1251,0.52,0.75,6889.25658,0.522546767,10099.5645,0.748005073,-0.225458306
6892,-3138,6901,10196,13189,13515,-1876,0.52,0.75,6892.26323,0.522576634,10113.974,0.748351757,-0.225775123
6893,-3142,6898,10197,13184,13512,-2501,0.52,0.75,6889.25658,0.522546767,10114.8795,0.748584925,-0.226038157
6894,-3146,6900,10199,13192,13508,-2501,0.52,0.76,6891.26722,0.522382294,10116.7535,0.748945329,-0.226563035
6895,-3148,6890,10182,13179,13499,-2501,0.52,0.75,6881.24993,0.522137486,10099.47,0.748164308,-0.226026822
6896,-3154,6888,10194,13188,13504,-2501,0.52,0.75,6879.2619,0.521630414,10111.6275,0.748787581,-0.227157167
6897,-3161,6888,10192,13183,13505,-2501,0.52,0.75,6879.25525,0.521827752,10109.659,0.748586375,-0.226758624
6898,-3163,6888,10201,13190,13512,-2501,0.52,0.75,6879.26456,0.521551521,10118.8795,0.748880958,-0.227329437
6900,-3162,6882,10209,13186,13524,-2501,0.52,0.75,6873.25924,0.521254303,10127.2575,0.748835958,-0.227581655
6901,-3166,6879,10193,13187,13499,-2501,0.52,0.76,6870.26057,0.520987379,10110.47,0.748979184,-0.227991804
6902,-3168,6874,10194,13178,13503,-2331,0.52,0.75,6865.2486,0.520962862,10111.596,0.748840702,-0.22787784
6903,-3173,6872,10205,13184,13515,-2160,0.52,0.76,6863.25658,0.52057468,10122.974,0.749017684,-0.228443004
6903,-3173,6873,10198,13188,13506,-1990,0.52,0.76,6864.2619,0.520493016,10115.6905,0.748977529,-0.228484512
6904,-3177,6871,10206,13186,13518,-1819,0.52,0.75,6862.25924,0.520420085,10124.0685,0.748932423,-0.228512338
6905,-3177,6869,10205,13186,13517,-1819,0.52,0.75,6860.25924,0.520268409,10123.037,0.748911519,-0.22864311
6906,-3182,6868,10199,13179,13507,-1819,0.52,0.76,6859.24993,0.520468164,10116.722,0.748998445,-0.228530282
6907,-3190,6858,10219,13180,13524,-1819,0.52,0.76,6849.25126,0.51967005,10137.2575,0.749575385,-0.229905334
6908,-3193,6857,10212,13180,13512,-1819,0.52,0.76,6848.25126,0.519594178,10129.8795,0.749695049,-0.230100871
6909,-3194,6861,10215,13177,13525,-1819,0.52,0.76,6852.24727,0.52001573,10133.289,0.749226543,-0.229210814
6910,-3198,6857,10219,13181,13523,-1664,0.52,0.76,6848.25259,0.519554859,10137.226,0.749628485,-0.230073626
6911,-3203,6849,10214,13176,13511,-1510,0.52,0.76,6840.24594,0.519144349,10131.848,0.749896233,-0.230751884
6912,-3205,6851,10216,13190,13506,-1355,0.52,0.76,6842.26456,0.518746365,10133.6905,0.75031027,-0.231563904
6913,-3207,6842,10213,13174,13503,-1200,0.52,0.76,6833.24328,0.518691611,10130.596,0.750247797,-0.231556186
6914,-3213,6838,10233,13173,13530,-1201,0.52,0.76,6829.24195,0.518427234,10151.4465,0.750291685,-0.231864451
6915,-3218,6838,10219,13175,13513,-1201,0.52,0.76,6829.24461,0.518348737,10136.911,0.75015992,-0.231811183
6916,-3223,6836,10222,13170,13514,-1201,0.52,0.76,6827.23796,0.518393163,10139.9425,0.750328733,-0.23193557
6917,-3227,6834,10218,13176,13509,-1201,0.52,0.76,6825.24594,0.518005915,10135.785,0.75029869,-0.232292774
6918,-3237,6824,10234,13171,13518,-1201,0.52,0.76,6815.23929,0.517442813,10152.0685,0.751003736,-0.233560923
6919,-3242,6825,10247,13166,13531,-1201,0.52,0.76,6816.23264,0.517714768,10165.478,0.751273224,-0.233558456
6920,-3252,6823,10234,13172,13514,-961,0.52,0.76,6814.24062,0.517327712,10151.9425,0.751216701,-0.233888989
6922,-3260,6818,10239,13175,13516,-661,0.52,0.76,6809.24461,0.51683071,10157.0055,0.751480135,-0.234649424
6922,-3267,6814,10243,13175,13515,-361,0.52,0.76,6805.24461,0.516527105,10160.974,0.751829375,-0.23530227
6923,-3273,6811,10250,13177,13516,-60,0.52,0.76,6802.24727,0.516221239,10168.0055,0.752293985,-0.236072746
6924,-3280,6807,10265,13167,13530,0,0.52,0.76,6798.23397,0.516308496,10183.4465,0.7526568,-0.236348303
6925,-3288,6801,10247,13171,13508,0,0.52,0.76,6792.23929,0.515696552,10164.7535,0.752498779,-0.236802226
6926,-3289,6799,10258,13171,13512,0,0.52,0.76,6790.23929,0.515544704,10175.8795,0.75309943,-0.237554727
6927,-3297,6794,10256,13171,13515,0,0.52,0.76,6785.23929,0.515165082,10173.974,0.752791269,-0.237626187
6928,-3304,6794,10276,13175,13535,0,0.52,0.76,6785.24461,0.515009079,10194.604,0.753203103,-0.238194025
6929,-3305,6789,10277,13170,13533,0,0.52,0.76,6780.23796,0.514824446,10195.541,0.753383655,-0.238559208
6930,-3312,6786,10264,13169,13520,-360,0.52,0.76,6777.23663,0.514635631,10182.1315,0.753116235,-0.238480604
6932,-3314,6793,10266,13175,13511,-717,0.52,0.76,6784.24461,0.514933177,10183.848,0.753744949,-0.238811771
6933,-3315,6787,10268,13177,13517,-1075,0.52,0.76,6778.24727,0.514399884,10186.037,0.753572316,-0.239172432
6933,-3318,6783,10268,13167,13510,-1432,0.52,0.76,6774.23397,0.514485758,10185.8165,0.753946447,-0.23946069
6934,-3323,6784,10279,13175,13523,-1429,0.51,0.76,6775.24461,0.514250065,10197.226,0.75406537,-0.239815305
6935,-3327,6780,10274,13174,13515,-1429,0.51,0.76,6771.24328,0.513985371,10191.974,0.754123122,-0.240137751
6936,-3332,6780,10273,13178,13512,-1429,0.51,0.76,6771.2486,0.513829762,10190.8795,0.754209554,-0.240379793
6937,-3337,6773,10279,13166,13512,-1429,0.51,0.76,6764.23264,0.513765201,10196.8795,0.754653604,-0.240888403
6938,-3339,6771,10287,13175,13524,-1429,0.51,0.76,6762.24461,0.513263348,10205.2575,0.754603483,-0.241340135
6939,-3347,6766,10287,13170,13518,-1429,0.51,0.76,6757.23796,0.513078053,10205.0685,0.754924434,-0.241846381
6940,-3356,6766,10289,13171,13514,-1489,0.51,0.76,6757.23929,0.513039199,10206.9425,0.755286555,-0.242247356
6941,-3364,6759,10291,13170,13513,-1549,0.51,0.76,6750.23796,0.512546542,10208.911,0.755488123,-0.24294158
6942,-3378,6752,10292,13171,13513,-1608,0.51,0.76,6743.23929,0.511976258,10209.911,0.755562125,-0.243585868
6943,-3380,6749,10300,13165,13511,-1668,0.51,0.76,6740.23131,0.51198111,10217.848,0.756261417,-0.244280307
6944,-3383,6749,10300,13161,13509,-1667,0.51,0.76,6740.22599,0.512136311,10217.785,0.756368717,-0.244232406
6945,-3393,6746,10310,13172,13519,-1667,0.51,0.76,6737.24062,0.511481978,10228.1,0.756572232,-0.245090253
6946,-3400,6750,10315,13177,13515,-1667,0.51,0.76,6741.24727,0.511591961,10232.974,0.757156789,-0.245564828
6947,-3409,6733,10320,13163,13522,-1667,0.51,0.76,6724.22865,0.51084317,10238.1945,0.757150902,-0.246307732
6948,-3407,6739,10320,13164,13525,-1667,0.51,0.76,6730.22998,0.511260254,10238.289,0.756989945,-0.245729691
6950,-3407,6741,10329,13166,13528,-1668,0.51,0.76,6732.23264,0.511334698,10247.3835,0.757494345,-0.246159647
6951,-3416,6740,10318,13174,13517,-1620,0.51,0.76,6731.24328,0.510949088,10236.037,0.757271362,-0.246322274
6952,-3409,6736,10316,13168,13517,-1560,0.51,0.76,6727.2353,0.510877529,10234.037,0.7571234,-0.246245871
6952,-3413,6739,10314,13168,13512,-1501,0.51,0.76,6730.2353,0.511105354,10231.8795,0.757243894,-0.24613854
6953,-3415,6738,10325,13162,13519,-1441,0.51,0.76,6729.22732,0.511261763,10243.1,0.757681781,-0.246420019
6954,-3418,6733,10326,13167,13523,-1429,0.51,0.76,6724.23397,0.510688385,10244.226,0.75754093,-0.246852545
6955,-3416,6737,10326,13167,13524,-1429,0.51,0.76,6728.23397,0.510992175,10244.2575,0.757487245,-0.24649507
6956,-3421,6730,10324,13162,13523,-1429,0.51,0.76,6721.22732,0.510653952,10242.226,0.757393034,-0.246739082
6957,-3424,6737,10321,13172,13518,-1429,0.51,0.76,6728.24062,0.510798711,10239.0685,0.757439599,-0.246640888
6958,-3421,6727,10323,13161,13516,-1429,0.51,0.76,6718.22599,0.510464706,10241.0055,0.757694991,-0.247230286
6959,-3424,6721,10326,13156,13520,-1429,0.51,0.76,6712.21934,0.510202139,10244.1315,0.757702034,-0.247499895
6960,-3428,6726,10325,13164,13520,-1144,0.51,0.76,6717.22998,0.510272712,10243.1315,0.75762807,-0.247355358
6961,-3430,6727,10340,13169,13534,-786,0.51,0.76,6718.23663,0.510155413,10258.5725,0.757985259,-0.247829847
6962,-3432,6719,10331,13159,13521,-429,0.51,0.76,6710.22333,0.509934139,10249.163,0.75801812,-0.248083981
6963,-3435,6724,10337,13168,13531,-72,0.51,0.76,6715.2353,0.509966229,10255.478,0.757924618,-0.247958389
6964,-3436,6721,10337,13162,13522,0,0.51,0.76,6712.22732,0.509970166,10255.1945,0.758408113,-0.248437947
6965,-3442,6716,10338,13157,13526,0,0.51,0.76,6707.22067,0.509783436,10256.3205,0.758267078,-0.248483642
6966,-3443,6715,10336,13159,13524,0,0.51,0.76,6706.22333,0.509630164,10254.2575,0.758226671,-0.248596507
6967,-3443,6710,10344,13156,13533,0,0.51,0.76,6701.21934,0.509366019,10262.541,0.758334516,-0.248968497
6968,-3444,6716,10345,13168,13532,0,0.51,0.76,6707.2353,0.509358695,10263.5095,0.758462127,-0.249103431
6969,-3448,6711,10334,13161,13524,0,0.51,0.76,6702.22599,0.509248992,10252.2575,0.758078786,-0.248829793
6970,-3451,6711,10334,13163,13527,-96,0.51,0.76,6702.22865,0.509171819,10252.352,0.757917646,-0.248745827
6971,-3453,6701,10340,13152,13525,-215,0.51,0.76,6692.21402,0.508836224,10258.289,0.758468688,-0.249632463
6972,-3449,6708,10342,13157,13532,-334,0.51,0.76,6699.22067,0.509175395,10260.5095,0.75824043,-0.249065035
6973,-3452,6705,10337,13153,13527,-453,0.51,0.76,6696.21535,0.509101752,10255.352,0.758139425,-0.249037672
6974,-3453,6701,10342,13156,13531,-477,0.51,0.76,6692.21934,0.50868192,10260.478,0.758294139,-0.249612219
6975,-3451,6704,10340,13154,13527,-477,0.51,0.76,6695.21668,0.508987128,10258.352,0.758361204,-0.249374076
6976,-3447,6702,10344,13151,13537,-477,0.51,0.76,6693.21269,0.508950855,10262.667,0.758119746,-0.249168891
6977,-3446,6708,10338,13158,13531,-477,0.51,0.76,6699.222,0.509136799,10256.478,0.757998522,-0.248861723
6978,-3444,6708,10332,13165,13536,-477,0.51,0.76,6699.23131,0.508866791,10250.6355,0.757286902,-0.24842011
6979,-3440,6704,10334,13158,13537,-477,0.51,0.76,6695.222,0.508832801,10252.667,0.75738103,-0.248548228
6980,-3440,6710,10326,13162,13524,-629,0.51,0.76,6701.22732,0.509134426,10244.2575,0.757487245,-0.248352819
6981,-3435,6715,10334,13160,13538,-787,0.51,0.76,6706.22466,0.50959154,10252.6985,0.757327412,-0.247735872
6982,-3430,6717,10328,13163,13540,-946,0.51,0.76,6708.22865,0.509627642,10246.7615,0.756777068,-0.247149426
6983,-3429,6715,10331,13163,13540,-1105,0.51,0.76,6706.22865,0.509475701,10249.7615,0.756998634,-0.247522933
6984,-3424,6715,10324,13155,13531,-1112,0.51,0.76,6706.21801,0.509784721,10242.478,0.756963861,-0.247179139
6985,-3420,6712,10322,13144,13536,-1112,0.51,0.76,6703.20338,0.509981998,10240.6355,0.756548131,-0.246566133
6986,-3417,6717,10315,13156,13527,-1112,0.51,0.76,6708.21934,0.509898095,10233.352,0.756513048,-0.246614953
6987,-3413,6722,10315,13158,13534,-1112,0.51,0.76,6713.222,0.51020079,10233.5725,0.75613806,-0.245937269
6988,-3406,6716,10319,13152,13537,-1112,0.51,0.76,6707.21402,0.509976735,10237.667,0.756272956,-0.246296221
6989,-3412,6713,10312,13150,13532,-1112,0.51,0.76,6704.21136,0.509825959,10230.5095,0.756023463,-0.246197504
6990,-3403,6720,10318,13151,13541,-969,0.51,0.76,6711.21269,0.510319572,10236.793,0.755985008,-0.245665437
6991,-3400,6720,10305,13156,13535,-792,0.51,0.76,6711.21934,0.510126128,10223.604,0.755345696,-0.245219568
6992,-3397,6715,10298,13146,13531,-614,0.51,0.76,6706.20604,0.510132819,10216.478,0.755042347,-0.244909528
6993,-3392,6726,10294,13154,13524,-436,0.51,0.76,6717.21668,0.510659623,10212.2575,0.755121081,-0.244461458
6994,-3386,6722,10291,13149,13530,-400,0.51,0.76,6713.21003,0.510549093,10209.4465,0.754578455,-0.244029362
6995,-3378,6733,10296,13151,13535,-400,0.51,0.76,6724.21269,0.51130809,10214.604,0.754680754,-0.243372664
6996,-3370,6734,10283,13154,13533,-400,0.51,0.76,6725.21668,0.511267803,10201.541,0.753827015,-0.242559212
6997,-3366,6734,10282,13157,13535,-400,0.51,0.76,6725.22067,0.511151529,10200.604,0.753646398,-0.242494869
6998,-3355,6739,10277,13151,13536,-400,0.51,0.76,6730.21269,0.511764329,10195.6355,0.753223663,-0.241459334
6999,-3351,6734,10276,13146,13533,-400,0.51,0.76,6725.20604,0.511578126,10194.541,0.753309761,-0.241731636
7000,-3349,6734,10269,13145,13532,-246,0.51,0.76,6725.20471,0.511616943,10187.5095,0.75284581,-0.241228867
7001,-3335,6743,10264,13146,13530,-54,0.51,0.76,6734.20604,0.512262745,10182.4465,0.75258289,-0.240320145
7003,-3337,6737,10261,13140,13531,138,0.51,0.76,6728.19806,0.512039426,10179.478,0.752307886,-0.240268459
7004,-3334,6738,10265,13147,13533,330,0.51,0.76,6729.20737,0.511843567,10183.541,0.752496933,-0.240653367
7004,-3333,6739,10258,13149,13533,369,0.51,0.76,6730.21003,0.511841967,10176.541,0.751979679,-0.240137712
7005,-3325,6743,10259,13143,13532,369,0.51,0.76,6734.20205,0.512379369,10177.5095,0.752106821,-0.239727452
7006,-3325,6743,10251,13145,13532,369,0.51,0.76,6734.20471,0.512301614,10169.5095,0.75151563,-0.239214016
7007,-3317,6745,10253,13145,13534,369,0.51,0.76,6736.20471,0.512453763,10171.5725,0.751557005,-0.239103242
7008,-3310,6747,10247,13143,13537,369,0.51,0.76,6738.20205,0.512683714,10165.667,0.7509542,-0.238270486
7009,-3309,6748,10249,13145,13541,369,0.51,0.76,6739.20471,0.512681986,10167.793,0.750889373,-0.238207387
7010,-3302,6749,10234,13137,13531,113,0.51,0.76,6740.19407,0.513069504,10152.478,0.750312468,-0.237242964
7011,-3302,6746,10248,13141,13538,-206,0.51,0.76,6737.19939,0.512685442,10166.6985,0.750974922,-0.238289481
7013,-3289,6752,10238,13139,13538,-526,0.51,0.76,6743.19673,0.513219935,10156.6985,0.750236261,-0.237016326
7014,-3292,6750,10230,13137,13535,-846,0.51,0.76,6741.19407,0.513145625,10148.604,0.749804507,-0.236658882
7015,-3284,6757,10223,13142,13533,-910,0.51,0.76,6748.20072,0.513483543,10141.541,0.749393409,-0.235909866
7016,-3281,6750,10227,13137,13538,-910,0.51,0.76,6741.19407,0.513145625,10145.6985,0.749423733,-0.236278109
7017,-3276,6751,10224,13140,13540,-910,0.51,0.76,6742.19806,0.513104875,10142.7615,0.749096123,-0.235991247
7017,-3275,6750,10218,13143,13531,-910,0.51,0.76,6741.20205,0.512911972,10136.478,0.749129998,-0.236218026
7018,-3270,6757,10221,13141,13541,-909,0.51,0.75,6748.19939,0.513522517,10139.793,0.748821579,-0.235299062
7019,-3265,6762,10218,13144,13537,-909,0.51,0.75,6753.20338,0.513786015,10136.667,0.748811923,-0.235025908
7020,-3257,6758,10212,13131,13541,-823,0.51,0.75,6749.18609,0.513988736,10130.793,0.748156931,-0.234168195
7021,-3259,6760,10216,13133,13540,-715,0.51,0.75,6751.18875,0.514062952,10134.7615,0.748505281,-0.234442329
7022,-3259,6762,10211,13138,13541,-606,0.51,0.75,6753.1954,0.514020049,10129.793,0.748083081,-0.234063032
7023,-3245,6755,10215,13132,13550,-498,0.51,0.75,6746.18742,0.513721247,10134.0765,0.747902325,-0.234181077
7024,-3248,6760,10201,13136,13534,-477,0.51,0.75,6751.19274,0.513945854,10119.5725,0.747714829,-0.233768975
7025,-3251,6757,10200,13136,13536,-477,0.51,0.75,6748.19274,0.513717474,10118.6355,0.747535129,-0.233817654
7026,-3253,6751,10199,13129,13536,-477,0.51,0.75,6742.18343,0.513533661,10117.6355,0.747461251,-0.233927591
7028,-3250,6751,10202,13127,13540,-477,0.51,0.75,6742.18077,0.513611699,10120.7615,0.747471307,-0.233859608
7029,-3251,6754,10201,13133,13534,-477,0.51,0.75,6745.18875,0.513606088,10119.5725,0.747714829,-0.234108742
7029,-3254,6748,10195,13127,13534,-477,0.51,0.75,6739.18077,0.513383162,10113.5725,0.747271501,-0.233888339
7030,-3252,6747,10195,13132,13536,-382,0.51,0.75,6738.18742,0.513112048,10113.6355,0.747165743,-0.234053695
7031,-3249,6753,10206,13136,13544,-262,0.51,0.75,6744.19274,0.513412967,10124.8875,0.74755519,-0.234142223
7032,-3252,6746,10197,13129,13541,-143,0.51,0.75,6737.18343,0.513152824,10115.793,0.747049184,-0.23389636
7033,-3253,6745,10194,13127,13540,-24,0.51,0.75,6736.18077,0.513154626,10112.7615,0.746880465,-0.23372584
7034,-3252,6745,10200,13135,13540,0,0.51,0.75,6736.19141,0.512842894,10118.7615,0.747323597,-0.234480703
7035,-3260,6738,10199,13120,13532,0,0.51,0.75,6729.17146,0.512894166,10117.5095,0.747672886,-0.23477872
7036,-3259,6740,10199,13126,13540,0,0.51,0.75,6731.17944,0.512812695,10117.7615,0.747249742,-0.234437046
7037,-3256,6745,10200,13132,13543,0,0.51,0.75,6736.18742,0.512959749,10118.856,0.74716503,-0.234205281
7038,-3256,6736,10198,13121,13541,0,0.51,0.75,6727.17279,0.512702751,10116.793,0.747123034,-0.234420283
7039,-3253,6738,10199,13121,13543,0,0.51,0.75,6729.17279,0.512855178,10117.856,0.747091191,-0.234236013
7040,-3253,6735,10193,13118,13540,-316,0.51,0.75,6726.1688,0.512743467,10111.7615,0.74680661,-0.234063143
7041,-3255,6730,10194,13117,13542,-711,0.51,0.75,6721.16747,0.512401271,10112.8245,0.746774812,-0.234373541
7043,-3254,6734,10203,13123,13550,-1106,0.51,0.75,6725.17545,0.512472411,10122.0765,0.747016716,-0.234544305
7044,-3257,6732,10194,13118,13544,-1501,0.51,0.75,6723.1688,0.512514774,10112.8875,0.746669189,-0.234154416
7045,-3264,6729,10198,13124,13545,-1580,0.51,0.75,6720.17678,0.512052482,10116.919,0.746911702,-0.234859219
7046,-3264,6727,10194,13119,13537,-1580,0.51,0.75,6718.17013,0.512094682,10112.667,0.747039004,-0.234944322
7047,-3269,6728,10196,13122,13534,-1580,0.51,0.75,6719.17412,0.512054117,10114.5725,0.747345389,-0.235291273
7048,-3272,6721,10202,13122,13536,-1580,0.51,0.75,6712.17412,0.511520661,10120.6355,0.747682883,-0.236162221
7048,-3275,6719,10206,13113,13541,-1580,0.51,0.75,6710.16215,0.511718306,10124.793,0.747713832,-0.235995526
7049,-3275,6719,10200,13121,13545,-1580,0.51,0.75,6710.17279,0.511407118,10118.919,0.747059358,-0.23565224
7050,-3283,6715,10206,13119,13541,-1264,0.51,0.75,6706.17013,0.511179978,10124.793,0.747713832,-0.236533854
7051,-3287,6718,10210,13123,13544,-869,0.51,0.75,6709.17545,0.511253178,10128.8875,0.747850524,-0.236597347
7052,-3284,6706,10211,13112,13545,-474,0.51,0.75,6697.16082,0.510765773,10129.919,0.747871465,-0.237105692
7053,-3298,6702,10212,13114,13538,-79,0.51,0.75,6693.16348,0.510383062,10130.6985,0.748315741,-0.237932679
7054,-3297,6700,10211,13112,13540,0,0.51,0.75,6691.16082,0.510308177,10129.7615,0.748136004,-0.237827827
7056,-3303,6693,10215,13109,13541,0,0.51,0.75,6684.15683,0.509890673,10133.793,0.74837848,-0.238487807
7056,-3309,6698,10223,13119,13546,0,0.51,0.75,6689.17013,0.509884147,10141.9505,0.748704451,-0.238820304
7057,-3316,6690,10217,13113,13540,0,0.51,0.75,6681.16215,0.50950676,10135.7615,0.748579136,-0.239072375
7058,-3317,6684,10221,13107,13547,0,0.51,0.75,6675.15417,0.509281618,10139.982,0.748503875,-0.239222257
7059,-3324,6678,10222,13107,13544,0,0.51,0.75,6669.15417,0.508823848,10140.8875,0.748736525,-0.239912678
7060,-3329,6675,10229,13105,13550,-182,0.51,0.75,6666.15151,0.508672378,10148.0765,0.748935535,-0.240263157
7061,-3335,6668,10228,13105,13543,-409,0.51,0.76,6659.15151,0.50813823,10146.856,0.749232519,-0.241094288
7062,-3344,6670,10233,13111,13539,-637,0.51,0.76,6661.15949,0.508058843,10151.73,0.749813871,-0.241755028
7063,-3345,6670,10242,13110,13554,-864,0.51,0.76,6661.15816,0.508097495,10161.2025,0.749682935,-0.24158544
7064,-3359,6665,10238,13113,13544,-910,0.51,0.76,6656.16215,0.507600255,10156.8875,0.74991786,-0.242317605
7065,-3366,6656,10239,13104,13541,-910,0.51,0.76,6647.15018,0.507261155,10157.793,0.750150875,-0.24288972
7066,-3368,6655,10245,13104,13550,-910,0.51,0.76,6646.15018,0.507184843,10164.0765,0.750116347,-0.242931504
7067,-3371,6652,10248,13107,13551,-910,0.51,0.76,6643.15417,0.506840175,10167.108,0.750284702,-0.243444528
7068,-3380,6649,10250,13101,13542,-910,0.51,0.76,6640.14619,0.506842698,10168.8245,0.750910095,-0.244067396
7069,-3380,6646,10251,13106,13547,-910,0.51,0.76,6637.15284,0.50642094,10169.982,0.750718388,-0.244297448
7070,-3394,6642,10250,13105,13534,-833,0.51,0.76,6633.15151,0.506154255,10168.5725,0.751335341,-0.245181086
7071,-3393,6638,10253,13101,13540,-737,0.51,0.76,6629.14619,0.506003068,10171.7615,0.751237925,-0.245234857
7072,-3397,6642,10254,13108,13546,-642,0.51,0.76,6633.1555,0.506038717,10172.9505,0.75099295,-0.244954233
7074,-3407,6631,10256,13107,13539,-546,0.51,0.76,6622.15417,0.505237977,10174.73,0.751512667,-0.24627469
7075,-3412,6623,10267,13095,13551,-527,0.51,0.76,6614.13821,0.505088829,10186.108,0.751686813,-0.246597984
7076,-3419,6621,10263,13097,13540,-527,0.51,0.76,6612.14087,0.504859194,10181.7615,0.751976477,-0.247117283
7077,-3427,6616,10264,13095,13539,-527,0.51,0.76,6607.13821,0.504554273,10182.73,0.752103553,-0.247549279
7078,-3429,6618,10266,13100,13537,-527,0.51,0.76,6609.14486,0.504514875,10184.667,0.75235776,-0.247842885
7078,-3436,6612,10266,13102,13544,-527,0.5,0.76,6603.14752,0.503980119,10184.8875,0.751985196,-0.248005077
7079,-3446,6605,10278,13090,13542,-527,0.5,0.76,6596.13156,0.503906154,10196.8245,0.752977736,-0.249071582
7080,-3447,6613,10276,13100,13542,-682,0.5,0.76,6604.14486,0.504133195,10194.8245,0.752830047,-0.248696852
7081,-3448,6603,10277,13099,13550,-877,0.5,0.76,6594.14353,0.503408163,10196.0765,0.75247797,-0.249069807
7082,-3460,6595,10281,13099,13544,-1072,0.5,0.76,6586.14353,0.50279743,10199.8875,0.753092698,-0.250295268
7083,-3464,6596,10289,13096,13551,-1266,0.5,0.76,6587.13954,0.502988664,10208.108,0.753310309,-0.250321645
7084,-3464,6593,10286,13095,13548,-1305,0.5,0.76,6584.13821,0.502797878,10205.0135,0.753248708,-0.25045083
7085,-3471,6589,10286,13095,13542,-1305,0.5,0.76,6580.13821,0.502492418,10204.8245,0.753568491,-0.251076073
7086,-3475,6587,10286,13103,13544,-1305,0.5,0.76,6578.14885,0.502033798,10204.8875,0.753461865,-0.251428067
7088,-3482,6583,10295,13089,13549,-1305,0.5,0.76,6574.13023,0.50226375,10214.045,0.753859694,-0.251595944
7088,-3491,6581,10291,13096,13533,-1305,0.5,0.76,6572.13954,0.501843276,10209.541,0.754418163,-0.252574887
7089,-3491,6575,10297,13086,13550,-1305,0.5,0.76,6566.12624,0.50176725,10216.0765,0.753953985,-0.252186735
7090,-3489,6583,10293,13086,13544,-1167,0.5,0.76,6574.12624,0.502378591,10211.8875,0.753978699,-0.251600108
7091,-3496,6579,10298,13096,13544,-940,0.5,0.76,6570.13954,0.501690557,10216.8875,0.754347866,-0.252657309
7092,-3497,6574,10298,13098,13539,-714,0.5,0.76,6565.1422,0.501232417,10216.73,0.754614816,-0.253382399
7093,-3507,6566,10305,13088,13546,-488,0.5,0.76,6557.1289,0.501003125,10223.9505,0.754757899,-0.253754774
7094,-3510,6565,10302,13086,13543,-400,0.5,0.76,6556.12624,0.501003075,10220.856,0.754696596,-0.253693521
7095,-3515,6559,10311,13086,13551,-400,0.5,0.76,6550.12624,0.50054457,10230.108,0.754933806,-0.254389236
7096,-3514,6567,10311,13092,13550,-400,0.5,0.76,6558.13422,0.500926842,10230.0765,0.754987196,-0.254060353
7097,-3518,6563,10301,13081,13534,-400,0.5,0.76,6554.11959,0.501041173,10219.5725,0.755103628,-0.254062454
7098,-3525,6558,10306,13085,13542,-400,0.5,0.76,6549.12491,0.500506298,10224.8245,0.755045377,-0.254539079
7099,-3529,6551,10310,13080,13540,-400,0.5,0.76,6542.11826,0.500161946,10228.7615,0.755447674,-0.255285727
7100,-3533,6552,10312,13086,13540,-320,0.5,0.76,6543.12624,0.500009647,10230.7615,0.755595384,-0.255585737
7101,-3534,6547,10310,13086,13537,-220,0.5,0.76,6538.12624,0.499627559,10228.667,0.755608111,-0.255980552
7102,-3539,6550,10310,13096,13542,-120,0.5,0.76,6541.13954,0.499476141,10228.8245,0.755340755,-0.255864614
7103,-3536,6549,10313,13078,13543,-20,0.5,0.76,6540.1156,0.500085304,10231.856,0.755508824,-0.25542352
7105,-3539,6546,10313,13079,13547,0,0.5,0.76,6537.11693,0.499817794,10231.982,0.755295047,-0.255477253
7106,-3544,6545,10315,13077,13544,0,0.5,0.76,6536.11427,0.499817563,10233.8875,0.755603035,-0.255785472
7107,-3541,6538,10313,13079,13539,0,0.5,0.76,6529.11693,0.499206127,10231.73,0.755722727,-0.2565166
7107,-3544,6541,10320,13080,13543,0,0.5,0.76,6532.11826,0.49939742,10238.856,0.756025696,-0.256628275
7108,-3545,6538,10313,13075,13538,0,0.5,0.76,6529.11161,0.499358441,10231.6985,0.755776222,-0.256417782
7109,-3548,6536,10318,13072,13540,0,0.5,0.76,6527.10762,0.499319738,10236.7615,0.756038516,-0.256718777
7110,-3546,6543,10322,13086,13545,0,0.5,0.76,6534.12624,0.499321889,10240.919,0.756066371,-0.256744482
7111,-3548,6540,10311,13080,13540,-150,0.5,0.76,6531.11826,0.499320968,10229.7615,0.755521529,-0.256200561
7112,-3549,6530,10321,13073,13539,-400,0.5,0.76,6521.10895,0.498822684,10239.73,0.756313613,-0.257490928
7113,-3552,6531,10321,13068,13546,-650,0.5,0.76,6522.1023,0.499089555,10239.9505,0.75593906,-0.256849505
7115,-3554,6531,10318,13071,13537,-900,0.5,0.76,6522.10629,0.498975311,10236.667,0.756199084,-0.257223773
7116,-3551,6528,10323,13065,13543,-1000,0.5,0.76,6519.09831,0.49897423,10241.856,0.756247213,-0.257272983
7117,-3551,6529,10318,13064,13542,-1000,0.5,0.76,6520.09698,0.499088869,10236.8245,0.755931509,-0.256842641
7118,-3555,6531,10317,13067,13541,-1000,0.5,0.76,6522.10097,0.499127648,10235.793,0.755911159,-0.256783511
7119,-3552,6528,10320,13066,13542,-1000,0.5,0.76,6519.09964,0.498936143,10238.8245,0.756079198,-0.257143055
7119,-3553,6530,10318,13068,13541,-1000,0.5,0.76,6521.1023,0.499013032,10236.793,0.755985008,-0.256971977
7120,-3553,6520,10323,13057,13547,-982,0.5,0.76,6511.08767,0.498666437,10241.982,0.756033218,-0.257366781
7121,-3555,6527,10315,13064,13535,-960,0.5,0.76,6518.09698,0.498935776,10233.604,0.756084522,-0.257148745
7122,-3553,6529,10325,13066,13545,-937,0.5,0.76,6520.09964,0.499012677,10243.919,0.756287855,-0.257275178
7123,-3553,6524,10322,13062,13548,-914,0.5,0.76,6515.09432,0.498782294,10241.0135,0.755905927,-0.257123633
7124,-3553,6526,10314,13057,13541,-909,0.5,0.76,6517.08767,0.499125961,10232.793,0.755689609,-0.256563649
7125,-3549,6524,10309,13054,13533,-910,0.5,0.76,6515.08368,0.499087152,10227.541,0.755748245,-0.256661093
7126,-3558,6520,10322,13055,13542,-910,0.5,0.76,6511.08501,0.498742628,10240.8245,0.756226887,-0.257484259
7127,-3556,6521,10316,13056,13543,-910,0.5,0.76,6512.08634,0.498781123,10234.856,0.75573034,-0.256949218
7128,-3556,6525,10320,13058,13541,-910,0.5,0.76,6516.089,0.499011257,10238.793,0.756132708,-0.257121451
7129,-3555,6522,10321,13057,13538,-910,0.5,0.76,6513.08767,0.498819612,10239.6985,0.756367152,-0.25754754
7130,-3558,6517,10325,13052,13549,-1082,0.5,0.76,6508.08102,0.498627108,10244.045,0.75607388,-0.257446772
7131,-3558,6525,10320,13059,13537,-1513,0.5,0.76,6516.09033,0.498973147,10238.667,0.756346827,-0.25737368
7132,-3557,6521,10318,13064,13541,-1943,0.5,0.76,6512.09698,0.498476499,10236.793,0.755985008,-0.25750851
7133,-3567,6514,10321,13053,13535,-2374,0.5,0.76,6505.08235,0.498359178,10239.604,0.756527817,-0.258168639
7134,-3565,6514,10317,13053,13537,-2633,0.5,0.76,6505.08235,0.498359178,10235.667,0.756125212,-0.257766034
7135,-3564,6508,10314,13045,13536,-2633,0.5,0.76,6499.07171,0.498204041,10232.6355,0.755957114,-0.257753074
7136,-3567,6515,10320,13051,13534,-2633,0.5,0.76,6506.07969,0.498511968,10238.5725,0.7565075,-0.257995532
7137,-3567,6512,10315,13049,13535,-2633,0.5,0.76,6503.07703,0.498358267,10233.604,0.756084522,-0.257726254
7138,-3567,6512,10319,13053,13543,-2633,0.5,0.76,6503.08235,0.498205956,10237.856,0.755951857,-0.257745901
7139,-3567,6512,10318,13048,13537,-2633,0.5,0.76,6503.0757,0.49839636,10236.667,0.756199084,-0.257802724
7140,-3568,6505,10322,13046,13541,-2391,0.5,0.76,6496.07304,0.497935999,10240.793,0.756280408,-0.258344409
7141,-3569,6506,10320,13040,13537,-2091,0.5,0.76,6497.06506,0.498241186,10238.667,0.756346827,-0.258105642
7142,-3573,6506,10315,13040,13531,-1790,0.5,0.76,6497.06506,0.498241186,10233.478,0.756298721,-0.258057536
7143,-3569,6506,10316,13033,13532,-1489,0.5,0.76,6497.05575,0.498508076,10234.5095,0.756319059,-0.257810983
7144,-3575,6502,10326,13050,13538,-1429,0.5,0.76,6493.07836,0.497553897,10244.6985,0.756736482,-0.259182585
7145,-3574,6502,10324,13037,13534,-1429,0.5,0.76,6493.06107,0.498048713,10242.5725,0.756803052,-0.258754339
7146,-3576,6501,10326,13041,13538,-1429,0.5,0.76,6492.06639,0.497819676,10244.6985,0.756736482,-0.258916807
7147,-3584,6496,10330,13035,13537,-1430,0.5,0.76,6487.05841,0.497664627,10248.667,0.757085543,-0.259420917
7148,-3587,6495,10324,13037,13533,-1430,0.5,0.76,6486.06107,0.49751178,10242.541,0.756856647,-0.259344867
7149,-3582,6496,10334,13043,13539,-1429,0.5,0.76,6487.06905,0.497360197,10252.73,0.757273802,-0.259913605
7150,-3591,6491,10329,13032,13533,-1622,0.5,0.76,6482.05442,0.497395213,10247.541,0.757226114,-0.259830901
7151,-3590,6490,10329,13028,13531,-1860,0.5,0.76,6481.0491,0.497470763,10247.478,0.757333383,-0.25986262
7152,-3590,6492,10329,13039,13529,-2098,0.5,0.76,6483.06373,0.497205593,10247.415,0.757440683,-0.26023509
7153,-3594,6490,10335,13035,13535,-2336,0.5,0.76,6481.05841,0.497204328,10253.604,0.757562172,-0.260357845
7154,-3598,6486,10337,13038,13532,-2382,0.5,0.76,6477.0624,0.496783433,10255.5095,0.757870936,-0.261087503
7155,-3604,6483,10339,13037,13532,-2382,0.5,0.76,6474.06107,0.496591322,10257.5095,0.758018733,-0.261427411
7156,-3607,6484,10341,13038,13533,-2382,0.5,0.76,6475.0624,0.496630035,10259.541,0.758112835,-0.2614828
7157,-3614,6482,10345,13033,13544,-2382,0.5,0.76,6473.05575,0.496666596,10263.8875,0.757818038,-0.261151441
7158,-3608,6478,10342,13028,13541,-2382,0.5,0.76,6469.0491,0.49654967,10260.793,0.757757403,-0.261207733
7159,-3614,6476,10346,13029,13539,-2382,0.5,0.76,6467.05043,0.496358157,10264.73,0.75816013,-0.261801973
7160,-3618,6474,10345,13024,13538,-2008,0.5,0.76,6465.04378,0.496394639,10263.6985,0.758139939,-0.2617453
7161,-3623,6467,10349,13020,13541,-1544,0.5,0.76,6458.03846,0.496009098,10267.793,0.758274352,-0.262265254
7162,-3626,6471,10352,13034,13542,-1080,0.5,0.76,6462.05708,0.495784646,10270.8245,0.758442217,-0.26265757
7163,-3629,6466,10352,13028,13535,-617,0.5,0.76,6457.0491,0.495628577,10270.604,0.758818175,-0.263189598
7164,-3626,6460,10352,13020,13534,-527,0.5,0.76,6451.03846,0.495471464,10270.5725,0.758871915,-0.263400451
7165,-3642,6454,10344,13021,13526,-527,0.5,0.76,6445.03979,0.49497272,10262.3205,0.758710668,-0.263737948
7166,-3641,6451,10349,13016,13532,-527,0.5,0.76,6442.03314,0.494931864,10267.5095,0.758757722,-0.263825859
7167,-3651,6453,10357,13024,13535,-527,0.5,0.77,6444.04378,0.494782231,10275.604,0.759187588,-0.264405356
7168,-3647,6448,10358,13023,13534,-527,0.5,0.77,6439.04245,0.494436186,10276.5725,0.759315243,-0.264879057
7169,-3661,6444,10366,13021,13539,-527,0.49,0.77,6435.03979,0.49420473,10284.73,0.759637344,-0.265432614
7170,-3664,6438,10362,13011,13542,-749,0.49,0.77,6429.02649,0.494122396,10280.8245,0.75918066,-0.265058265
7171,-3665,6442,10363,13019,13535,-1035,0.49,0.77,6433.03713,0.494126825,10281.604,0.759630883,-0.265504058
7172,-3669,6430,10363,13006,13529,-1320,0.49,0.77,6421.01984,0.493696743,10281.415,0.759953803,-0.26625706
7173,-3683,6427,10368,13010,13527,-1605,0.49,0.77,6418.02516,0.49331477,10286.352,0.760431138,-0.267116368
7174,-3688,6424,10369,13011,13529,-1667,0.49,0.77,6415.02649,0.493046383,10287.415,0.760397295,-0.267350912
7175,-3691,6422,10380,13009,13542,-1667,0.49,0.77,6413.02383,0.49296824,10298.8245,0.760509858,-0.267541619
7176,-3694,6425,10370,13014,13532,-1667,0.49,0.77,6416.03048,0.493009872,10288.5095,0.760309599,-0.267299727
7177,-3702,6415,10379,13006,13538,-1667,0.49,0.77,6406.01984,0.492543429,10297.6985,0.760651389,-0.268107959
7178,-3706,6409,10380,12998,13532,-1667,0.49,0.77,6400.0092,0.492384151,10298.5095,0.761048589,-0.268664437
7179,-3711,6409,10377,13004,13531,-1667,0.49,0.77,6400.01718,0.492157581,10295.478,0.760880792,-0.268723212
7180,-3721,6404,10385,13001,13530,-1596,0.49,0.77,6395.01319,0.491886254,10303.4465,0.761525979,-0.269639725
7181,-3725,6401,10380,13003,13516,-1505,0.49,0.77,6392.01585,0.491580085,10298.0055,0.761912215,-0.27033213
7182,-3735,6391,10381,12999,13530,-1415,0.49,0.77,6382.01053,0.490961653,10299.4465,0.76123034,-0.270268687
7183,-3735,6385,10388,12994,13529,-1324,0.49,0.77,6376.00388,0.490688308,10306.415,0.761801685,-0.271113377
7184,-3740,6390,10392,13001,13526,-1305,0.49,0.77,6381.01319,0.490809414,10310.3205,0.762259389,-0.271449975
7185,-3742,6384,10389,12993,13525,-1305,0.49,0.77,6375.00255,0.490649007,10307.289,0.762091608,-0.271442601
7186,-3748,6372,10391,12987,13529,-1305,0.49,0.77,6362.99457,0.489951072,10309.415,0.762023431,-0.272072359
7187,-3752,6381,10391,12999,13526,-1305,0.49,0.77,6372.01053,0.490192363,10309.3205,0.762185458,-0.271993094
7188,-3759,6374,10394,12999,13522,-1305,0.49,0.77,6365.01053,0.48965386,10312.1945,0.762623465,-0.272969605
7189,-3764,6365,10400,12990,13527,-1305,0.49,0.77,6355.99856,0.48929935,10318.352,0.762796777,-0.273497427
7190,-3768,6361,10402,12987,13522,-1388,0.49,0.77,6351.99457,0.489104071,10320.1945,0.763215094,-0.274111023
7191,-3773,6360,10392,12988,13517,-1516,0.49,0.77,6350.9959,0.488989521,10310.037,0.76274595,-0.273756428
7192,-3774,6361,10399,12993,13523,-1645,0.49,0.77,6352.00255,0.488878823,10317.226,0.762939141,-0.274060318
7193,-3784,6356,10391,12993,13519,-1773,0.49,0.77,6347.00255,0.488494001,10309.1,0.762563799,-0.274069798
7194,-3788,6347,10401,12980,13523,-1819,0.49,0.77,6337.98526,0.488288541,10319.226,0.763087037,-0.274798496
7195,-3796,6344,10396,12974,13517,-1819,0.49,0.77,6334.97728,0.48828251,10314.037,0.763041873,-0.274759364
7196,-3796,6346,10402,12985,13525,-1819,0.49,0.77,6336.99191,0.488024021,10320.289,0.763052791,-0.27502877
7197,-3803,6339,10406,12981,13522,-1819,0.49,0.77,6329.98659,0.487634742,10324.1945,0.763510908,-0.275876166
7198,-3805,6337,10405,12980,13520,-1819,0.49,0.77,6327.98526,0.487518125,10323.1315,0.763545229,-0.276027104
7200,-3811,6337,10398,12987,13516,-1819,0.49,0.77,6327.99457,0.487256069,10316.0055,0.76324397,-0.275987901
7201,-3810,6324,10410,12972,13520,-1853,0.49,0.77,6314.97462,0.486815805,10328.1315,0.763915052,-0.277099247
7201,-3813,6333,10403,12980,13513,-1898,0.49,0.77,6323.98526,0.487209958,10320.911,0.763776438,-0.276566479
7202,-3817,6326,10409,12973,13519,-1944,0.49,0.77,6316.97595,0.486932548,10327.1,0.763895259,-0.27696271
7203,-3815,6325,10398,12981,13514,-1990,0.49,0.77,6315.98659,0.486556243,10315.9425,0.763352264,-0.276796021
7204,-3821,6322,10405,12977,13519,-2001,0.49,0.77,6312.98127,0.48647463,10323.1,0.763599379,-0.277124749
7204,-3822,6322,10405,12983,13516,-2001,0.49,0.77,6312.98925,0.486250424,10323.0055,0.763761875,-0.277511451
7205,-3825,6324,10407,12981,13521,-2001,0.49,0.77,6314.98659,0.486479207,10325.163,0.763639006,-0.277159799
7207,-3830,6318,10406,12977,13513,-2001,0.49,0.77,6308.98127,0.486166392,10323.911,0.763998446,-0.277832054
7208,-3824,6317,10403,12975,13516,-2001,0.49,0.77,6307.97861,0.486164055,10321.0055,0.763613902,-0.277449847
7209,-3826,6310,10406,12974,13517,-2001,0.49,0.77,6300.97728,0.485661884,10324.037,0.763781682,-0.278119799
7210,-3831,6309,10403,12967,13513,-1888,0.49,0.77,6299.96797,0.485846223,10320.911,0.763776438,-0.277930215
7211,-3832,6313,10409,12969,13524,-1701,0.49,0.77,6303.97063,0.486079931,10327.2575,0.763624482,-0.277544551
7212,-3833,6315,10408,12981,13523,-1513,0.49,0.77,6305.98659,0.485785886,10326.226,0.763604674,-0.277818787
7213,-3835,6307,10411,12964,13521,-1326,0.49,0.77,6297.96398,0.485804071,10329.163,0.763934842,-0.278130771
7214,-3835,6305,10405,12966,13513,-1251,0.49,0.77,6295.96664,0.485575092,10322.911,0.763924443,-0.278349351
7215,-3835,6300,10401,12964,13509,-1251,0.49,0.77,6290.96398,0.485264114,10318.785,0.763845214,-0.2785811
7216,-3839,6301,10400,12961,13512,-1251,0.49,0.77,6291.95999,0.485453282,10317.8795,0.763608607,-0.278155325
7217,-3834,6301,10403,12960,13511,-1251,0.49,0.77,6291.95866,0.485490637,10320.848,0.763884835,-0.278394197
7218,-3837,6301,10405,12970,13513,-1251,0.49,0.77,6291.97196,0.485117345,10322.911,0.763924443,-0.278807098
7219,-3834,6304,10393,12959,13505,-1251,0.49,0.77,6294.95733,0.485759498,10310.659,0.763469752,-0.277710254
7220,-3829,6303,10389,12969,13511,-1363,0.49,0.77,6293.97063,0.485308862,10306.848,0.762848642,-0.27753978
7221,-3835,6297,10399,12954,13519,-1551,0.49,0.77,6287.95068,0.485406105,10317.1,0.763155559,-0.277749454
7222,-3825,6299,10396,12956,13515,-1738,0.49,0.77,6289.95334,0.485485747,10313.974,0.763150129,-0.277664382
7223,-3825,6295,10393,12948,13511,-1926,0.49,0.77,6285.9427,0.485475958,10310.848,0.763144697,-0.277668739
7224,-3827,6296,10394,12948,13508,-2001,0.49,0.77,6286.9427,0.48555319,10311.7535,0.763381219,-0.277828029
7225,-3826,6302,10394,12961,13511,-2001,0.49,0.77,6292.95999,0.485530437,10311.848,0.763218711,-0.277688274
7226,-3826,6297,10393,12954,13510,-2001,0.49,0.77,6287.95068,0.485406105,10310.8165,0.763198853,-0.277792748
7227,-3826,6296,10386,12950,13510,-2001,0.49,0.77,6286.94536,0.485478406,10303.8165,0.762680718,-0.277202312
7228,-3820,6305,10381,12974,13507,-2001,0.49,0.77,6295.97728,0.485276498,10298.722,0.76247294,-0.277196442
7229,-3819,6292,10387,12944,13512,-2001,0.49,0.77,6282.93738,0.485393803,10304.8795,0.762646499,-0.277252697
7230,-3820,6287,10382,12940,13509,-1701,0.49,0.77,6277.93206,0.485157037,10299.785,0.762438745,-0.277281707
7231,-3820,6293,10381,12944,13503,-1201,0.49,0.77,6283.93738,0.485471058,10298.596,0.762689476,-0.277218418
7232,-3807,6300,10379,12944,13509,-701,0.49,0.77,6290.93738,0.48601185,10296.785,0.76221667,-0.276204821
7233,-3813,6287,10371,12935,13504,-200,0.49,0.77,6277.92541,0.48534406,10288.6275,0.761894809,-0.276550749
7234,-3809,6296,10374,12947,13507,0,0.49,0.77,6286.94137,0.48559059,10291.722,0.76195469,-0.2763641
7235,-3806,6291,10375,12936,13514,0,0.49,0.77,6281.92674,0.485615858,10292.9425,0.761650326,-0.276034468
7236,-3807,6293,10368,12931,13501,0,0.49,0.77,6283.92009,0.485957783,10285.533,0.761834901,-0.275877118
7237,-3801,6294,10367,12933,13501,0,0.49,0.77,6284.92275,0.48596016,10284.533,0.761760833,-0.275800672
7238,-3795,6296,10368,12934,13508,0,0.49,0.77,6286.92408,0.486077322,10285.7535,0.761456433,-0.275379111
7239,-3798,6297,10363,12928,13504,0,0.49,0.77,6287.9161,0.486379649,10280.6275,0.761302392,-0.274922743
7240,-3792,6300,10361,12935,13502,-66,0.49,0.77,6290.92541,0.486349085,10278.5645,0.761262369,-0.274913284
7241,-3789,6301,10361,12934,13505,-174,0.49,0.77,6291.92408,0.4864639,10278.659,0.761100259,-0.274636359
7242,-3787,6295,10354,12925,13497,-283,0.49,0.77,6285.91211,0.486337494,10271.407,0.761014077,-0.274676583
7243,-3786,6300,10358,12926,13504,-392,0.49,0.77,6290.91344,0.486686789,10275.6275,0.760932131,-0.274245342
7244,-3782,6295,10357,12920,13497,-435,0.49,0.77,6285.90546,0.48652519,10274.407,0.761236349,-0.274711158
7245,-3782,6296,10350,12918,13494,-435,0.49,0.77,6286.9028,0.486677721,10267.3125,0.760879835,-0.274202114
7246,-3776,6305,10354,12925,13499,-435,0.49,0.77,6295.91211,0.487111188,10271.47,0.760905993,-0.273794805
7247,-3775,6297,10347,12918,13496,-435,0.49,0.77,6287.9028,0.486755132,10264.3755,0.760549459,-0.273794327
7248,-3774,6304,10351,12923,13500,-435,0.49,0.77,6294.90945,0.487108988,10268.5015,0.760629741,-0.273520753
7249,-3769,6304,10355,12921,13499,-435,0.49,0.77,6294.90679,0.48718418,10272.47,0.760980073,-0.273795893
7250,-3768,6309,10343,12916,13496,-820,0.49,0.77,6299.90014,0.487759379,10260.3755,0.760253075,-0.272493696
7251,-3765,6305,10348,12922,13496,-1462,0.49,0.77,6295.90812,0.487223968,10265.3755,0.760623555,-0.273399587
7252,-3759,6308,10342,12927,13496,-2103,0.49,0.77,6298.91477,0.487268103,10259.3755,0.760178979,-0.272910876
7253,-3758,6308,10343,12915,13492,-2745,0.49,0.77,6298.89881,0.487719614,10260.2495,0.76046913,-0.272749516
7254,-3755,6310,10338,12916,13495,-3001,0.49,0.77,6300.90014,0.487836802,10255.344,0.759936569,-0.272099767
7255,-3756,6310,10337,12905,13496,-3001,0.49,0.77,6300.88551,0.488251492,10254.3755,0.759808499,-0.271557006
7256,-3752,6310,10327,12912,13483,-3001,0.49,0.77,6300.89482,0.487987517,10243.966,0.759769042,-0.271781525
7257,-3749,6307,10334,12909,13493,-3001,0.49,0.77,6297.89083,0.487868218,10251.281,0.759748092,-0.271879873
7257,-3746,6310,10330,12911,13487,-3001,0.49,0.77,6300.89349,0.48802521,10247.092,0.759775488,-0.271750277
7258,-3751,6312,10329,12907,13482,-3001,0.49,0.77,6302.88817,0.488330996,10245.9345,0.759971406,-0.27164041
7260,-3744,6312,10329,12907,13483,-2551,0.49,0.77,6302.88817,0.488330996,10245.966,0.759917377,-0.271586381
7261,-3745,6314,10335,12903,13489,-1801,0.49,0.77,6304.88285,0.488636972,10252.155,0.760038179,-0.271401207
7262,-3746,6312,10324,12906,13480,-1051,0.49,0.77,6302.88684,0.488368731,10240.8715,0.759708568,-0.271339837
7263,-3742,6316,10328,12907,13485,-300,0.49,0.77,6306.88817,0.488640906,10245.029,0.759735187,-0.271094282
7264,-3738,6315,10322,12902,13483,0,0.49,0.77,6305.88152,0.488752249,10238.966,0.759398205,-0.270645956
7265,-3740,6310,10326,12899,13482,0,0.49,0.77,6300.87753,0.488477985,10242.9345,0.759748887,-0.271270902
7266,-3741,6311,10333,12890,13492,0,0.49,0.77,6301.86556,0.488895699,10250.2495,0.75972795,-0.270832251
7267,-3738,6309,10327,12885,13486,0,0.49,0.77,6299.85891,0.488929679,10244.0605,0.759607037,-0.270677358
7268,-3740,6306,10326,12889,13488,0,0.49,0.77,6296.86423,0.488545599,10243.1235,0.759424933,-0.270879334
7269,-3738,6311,10321,12891,13481,0,0.49,0.77,6301.86689,0.488857877,10237.903,0.759432015,-0.270574139
7269,-3742,6310,10327,12896,13490,-79,0.49,0.77,6300.87354,0.48859131,10244.1865,0.759391142,-0.270799831
7271,-3742,6305,10326,12887,13478,-211,0.49,0.77,6295.86157,0.488543615,10242.8085,0.759965017,-0.271421402
7272,-3737,6305,10325,12879,13476,-343,0.49,0.77,6295.85093,0.488846256,10241.7455,0.759998924,-0.271152668
7273,-3746,6307,10331,12883,13482,-474,0.49,0.77,6297.85625,0.488850132,10247.9345,0.760119752,-0.27126962
7274,-3742,6303,10327,12881,13481,-527,0.49,0.77,6293.85359,0.488615293,10243.903,0.759877086,-0.271261793
7274,-3749,6303,10328,12879,13478,-527,0.49,0.77,6293.85093,0.488690964,10244.8085,0.760113407,-0.271422443
7275,-3744,6300,10326,12873,13478,-527,0.49,0.77,6290.84295,0.488685073,10242.8085,0.759965017,-0.271279944
7276,-3745,6306,10326,12880,13475,-527,0.49,0.77,6296.85226,0.488886045,10242.714,0.760127199,-0.271241153
7277,-3750,6298,10329,12878,13472,-527,0.49,0.77,6288.8496,0.48834055,10245.6195,0.760512136,-0.272171587
7279,-3757,6296,10333,12879,13474,-527,0.49,0.77,6286.85093,0.488147444,10249.6825,0.760700794,-0.27255335
7280,-3758,6296,10326,12870,13468,-513,0.49,0.77,6286.83896,0.488487876,10242.4935,0.760505903,-0.272018027
7281,-3761,6292,10334,12868,13474,-490,0.49,0.77,6282.8363,0.488252743,10250.6825,0.760775011,-0.272522268
7282,-3763,6290,10341,12868,13479,-467,0.49,0.77,6280.8363,0.488097319,10257.84,0.761023815,-0.272926496
7283,-3763,6292,10337,12872,13474,-444,0.49,0.77,6282.84162,0.488101431,10253.6825,0.760997662,-0.272896231
7284,-3768,6288,10336,12868,13470,-435,0.49,0.77,6278.8363,0.487941895,10252.5565,0.761140052,-0.273198157
7285,-3768,6289,10332,12870,13464,-435,0.49,0.77,6279.83896,0.487943975,10248.3675,0.761168115,-0.27322414
7286,-3770,6283,10338,12861,13475,-435,0.49,0.77,6273.82699,0.487817976,10254.714,0.761017737,-0.27319976
7287,-3772,6279,10341,12862,13470,-435,0.49,0.77,6269.82832,0.487469159,10257.5565,0.761511247,-0.274042088
7287,-3776,6282,10346,12864,13474,-435,0.49,0.77,6272.83098,0.487626786,10262.6825,0.761665615,-0.274038829
7288,-3783,6275,10345,12861,13472,-435,0.49,0.77,6265.82699,0.48719594,10261.6195,0.761699785,-0.274503844
7289,-3786,6275,10339,12857,13467,-370,0.49,0.77,6265.82167,0.4873471,10255.462,0.761525358,-0.274178258
7291,-3793,6269,10338,12855,13465,-261,0.49,0.77,6259.81901,0.486955971,10254.399,0.761559525,-0.274603553
7292,-3792,6270,10342,12853,13462,-152,0.49,0.77,6260.81635,0.48710934,10258.3045,0.762019351,-0.274910011
7293,-3802,6262,10347,12855,13462,-44,0.49,0.77,6252.81901,0.486411436,10263.3045,0.762390767,-0.275979331
7294,-3803,6262,10343,12853,13459,0,0.49,0.77,6252.81635,0.486486917,10259.21,0.762256483,-0.275769565
7295,-3805,6259,10346,12846,13461,0,0.49,0.77,6249.80704,0.486517752,10262.273,0.762370775,-0.275853023
7296,-3809,6255,10347,12850,13459,0,0.49,0.77,6245.81236,0.486055437,10263.21,0.762553682,-0.276498245
7297,-3811,6259,10352,12849,13467,0,0.49,0.77,6249.81103,0.48640447,10268.462,0.762490681,-0.276086211
7298,-3812,6251,10350,12846,13459,0,0.49,0.77,6241.80704,0.48589499,10266.21,0.762776581,-0.276881591
7298,-3822,6249,10351,12845,13459,0,0.49,0.77,6239.80571,0.485777011,10267.21,0.76285088,-0.277073869
7299,-3826,6241,10351,12841,13455,-60,0.49,0.77,6231.80039,0.485304913,10267.084,0.763068302,-0.277763389
7300,-3827,6242,10358,12837,13462,-160,0.49,0.77,6232.79507,0.485533619,10274.3045,0.763207881,-0.277674262
7301,-3836,6239,10350,12843,13457,-260,0.49,0.77,6229.80305,0.485073818,10266.147,0.762885264,-0.277811446
7302,-3840,6233,10362,12835,13463,-360,0.49,0.77,6223.79241,0.484907862,10278.336,0.763450643,-0.27854278
7303,-3843,6230,10355,12828,13454,-400,0.49,0.77,6220.7831,0.484937878,10271.0525,0.763419987,-0.278482109
7304,-3849,6228,10359,12839,13449,-400,0.49,0.77,6218.79773,0.484367765,10274.895,0.763989516,-0.279621751
7305,-3854,6223,10363,12834,13458,-400,0.48,0.77,6213.79108,0.484166361,10279.1785,0.763796887,-0.279630525
7306,-3862,6216,10365,12828,13452,-400,0.48,0.77,6206.7831,0.483846515,10280.9895,0.76427219,-0.280425675
7308,-3866,6209,10367,12830,13454,-400,0.48,0.77,6199.78576,0.483225702,10283.0525,0.764311915,-0.281086212
7309,-3871,6208,10368,12827,13454,-400,0.48,0.77,6198.78177,0.483260448,10284.0525,0.764386242,-0.281125794
7310,-3878,6201,10371,12820,13449,-340,0.48,0.77,6191.77246,0.482977571,10286.895,0.764881776,-0.281904205
7311,-3881,6203,10374,12825,13460,-240,0.48,0.77,6193.77911,0.48294574,10290.2415,0.764505312,-0.281559572
7312,-3881,6209,10371,12826,13452,-140,0.48,0.77,6199.78044,0.483375989,10286.9895,0.76471822,-0.281342231
7313,-3891,6199,10370,12819,13441,-40,0.48,0.77,6189.77113,0.482859126,10285.643,0.765243881,-0.282384755
7313,-3886,6197,10367,12819,13442,0,0.48,0.77,6187.77113,0.482703107,10282.6745,0.764966114,-0.282263007
7314,-3896,6193,10378,12824,13453,0,0.48,0.77,6183.77778,0.482203507,10294.021,0.765184048,-0.282980541
7315,-3894,6189,10374,12812,13446,0,0.48,0.77,6179.76182,0.482341697,10289.8005,0.765268519,-0.282926822
7316,-3905,6183,10372,12816,13442,0,0.48,0.77,6173.76714,0.481723404,10287.6745,0.765338082,-0.283614679
7317,-3907,6183,10378,12815,13440,0,0.48,0.77,6173.76581,0.48176089,10293.6115,0.765893713,-0.284132822
7319,-3914,6181,10376,12814,13441,0,0.48,0.77,6171.76448,0.481642304,10291.643,0.765690276,-0.284047972
7320,-3916,6182,10373,12816,13439,0,0.48,0.77,6172.76714,0.481645376,10288.58,0.765576308,-0.283930932
7321,-3921,6175,10380,12807,13447,0,0.48,0.77,6165.75517,0.481436337,10295.832,0.765660147,-0.28422381
7321,-3925,6166,10376,12800,13441,0,0.48,0.77,6156.74586,0.48099577,10291.643,0.765690276,-0.284694506
7322,-3930,6163,10379,12799,13438,0,0.48,0.77,6153.74453,0.480798854,10294.5485,0.76607743,-0.285278576
7323,-3927,6166,10379,12802,13443,0,0.48,0.77,6156.74852,0.480920834,10294.706,0.76580421,-0.284883376
7324,-3935,6163,10378,12797,13437,0,0.48,0.77,6153.74187,0.480873788,10293.517,0.766057677,-0.285183888
7325,-3935,6160,10380,12795,13432,0,0.48,0.77,6150.73921,0.48071428,10295.3595,0.76648001,-0.285765731
7326,-3939,6160,10379,12809,13440,0,0.48,0.77,6150.75783,0.480190322,10294.6115,0.765968118,-0.285777796
7328,-3942,6152,10381,12799,13435,0,0.48,0.77,6142.74453,0.479939412,10296.454,0.766390324,-0.286450912
7329,-3946,6151,10382,12795,13442,0,0.48,0.77,6141.73921,0.48001088,10297.6745,0.766082019,-0.286071139
7330,-3952,6143,10383,12795,13439,-265,0.48,0.77,6133.73921,0.479385636,10298.58,0.766320411,-0.286934775
7331,-3951,6143,10384,12785,13434,-706,0.48,0.77,6133.72591,0.479759555,10299.4225,0.766668342,-0.286908787
7332,-3951,6145,10386,12792,13433,-1148,0.48,0.77,6135.73522,0.479654098,10301.391,0.766871957,-0.287217859
7333,-3958,6141,10378,12791,13433,-1589,0.48,0.77,6131.73389,0.479378773,10293.391,0.766276409,-0.286897635
7334,-3956,6140,10381,12791,13433,-1766,0.48,0.77,6130.73389,0.479300593,10296.391,0.766499739,-0.287199146
7335,-3961,6133,10384,12785,13432,-1766,0.48,0.77,6123.72591,0.478977388,10299.3595,0.766777807,-0.287800418
7335,-3962,6125,10382,12776,13430,-1766,0.48,0.77,6115.71394,0.478687691,10297.2965,0.766738384,-0.288050693
7336,-3967,6130,10381,12781,13429,-1766,0.48,0.77,6120.72059,0.478892152,10296.265,0.766718669,-0.287826517
7337,-3966,6125,10382,12778,13430,-1766,0.48,0.77,6115.7166,0.478612975,10297.2965,0.766738384,-0.288125409
7338,-3964,6121,10379,12775,13426,-1766,0.48,0.77,6111.71261,0.478411946,10294.1705,0.766733986,-0.28832204
7339,-3969,6119,10379,12776,13429,-1727,0.48,0.77,6109.71394,0.47821806,10294.265,0.766569737,-0.288351677
7340,-3972,6122,10381,12779,13430,-1535,0.48,0.77,6112.71793,0.478340866,10296.2965,0.766663924,-0.288323058
7341,-3972,6114,10378,12772,13427,-1344,0.48,0.77,6104.70862,0.477975933,10293.202,0.766604752,-0.288628818
7342,-3975,6116,10380,12772,13423,-1153,0.48,0.77,6106.70862,0.478132526,10295.076,0.766972808,-0.288840282
7343,-3973,6113,10380,12768,13428,-1000,0.48,0.77,6103.7033,0.478046938,10295.2335,0.76669895,-0.288652012
7345,-3977,6115,10377,12766,13420,-1000,0.48,0.77,6105.70064,0.478278289,10291.9815,0.766913674,-0.288635384
7346,-3974,6113,10376,12775,13422,-1000,0.48,0.77,6103.71261,0.477785723,10291.0445,0.766729586,-0.288943863
7347,-3978,6111,10378,12767,13419,-1000,0.48,0.77,6101.70197,0.477927624,10292.95,0.767042999,-0.289115375
7348,-3976,6111,10370,12763,13413,-1000,0.48,0.77,6101.69665,0.478076992,10284.761,0.766775591,-0.288698599
7349,-3981,6105,10373,12754,13416,-1000,0.48,0.77,6095.68468,0.477942973,10287.8555,0.766834787,-0.288891814
7349,-3977,6104,10382,12755,13423,-1017,0.48,0.77,6094.68601,0.477827206,10297.076,0.767121806,-0.2892946
7350,-3980,6105,10380,12755,13417,-1045,0.48,0.77,6095.68601,0.477905606,10294.887,0.767301707,-0.2893961
7351,-3978,6100,10366,12743,13414,-1073,0.48,0.77,6090.67005,0.477962022,10280.7925,0.766422581,-0.288460559
7352,-3983,6104,10373,12755,13413,-1101,0.48,0.77,6094.68601,0.477827206,10287.761,0.766999254,-0.289172049
7353,-3979,6100,10370,12741,13408,-1112,0.48,0.77,6090.66739,0.478036841,10284.6035,0.767049784,-0.289012943
7354,-3980,6097,10362,12738,13405,-1112,0.48,0.77,6087.6634,0.477913597,10276.509,0.766617605,-0.288704008
7356,-3978,6101,10372,12751,13411,-1112,0.48,0.77,6091.68069,0.477741408,10286.698,0.767034375,-0.289292967
7357,-3980,6098,10369,12745,13410,-1112,0.48,0.77,6088.67271,0.477730303,10283.6665,0.766865511,-0.289135208
7358,-3981,6093,10367,12738,13409,-1112,0.48,0.77,6083.6634,0.477599576,10281.635,0.766771198,-0.289171622
7359,-3982,6092,10362,12743,13398,-1112,0.48,0.77,6082.67005,0.477334227,10276.2885,0.767001679,-0.289667453
7360,-3981,6098,10363,12738,13408,-1009,0.48,0.77,6088.6634,0.477992102,10277.6035,0.766527707,-0.288535605
7361,-3982,6094,10361,12735,13402,-840,0.48,0.77,6084.65941,0.477790295,10275.4145,0.766707544,-0.288917248
7361,-3983,6092,10358,12733,13401,-671,0.48,0.77,6082.65675,0.477708062,10272.383,0.766538542,-0.28883048
7362,-3981,6095,10363,12734,13399,-502,0.48,0.77,6085.65808,0.477906242,10277.32,0.76702142,-0.289115178
7363,-3981,6093,10360,12730,13399,-435,0.48,0.77,6083.65276,0.477898881,10274.32,0.766797522,-0.288898641
7364,-3981,6092,10356,12730,13394,-435,0.48,0.77,6082.65276,0.477820327,10270.1625,0.766773369,-0.288953042
7365,-3978,6087,10365,12726,13401,-435,0.48,0.77,6077.64744,0.477577199,10279.383,0.767060891,-0.289483692
7367,-3980,6092,10361,12729,13401,-435,0.48,0.77,6082.65143,0.47785776,10275.383,0.766762406,-0.288904646
7368,-3980,6089,10362,12722,13400,-435,0.48,0.77,6079.64212,0.477884147,10276.3515,0.766891903,-0.289007756
7369,-3977,6091,10346,12723,13385,-435,0.48,0.77,6081.64345,0.478003887,10259.879,0.766520657,-0.288516771
7370,-3982,6085,10358,12718,13390,-507,0.48,0.77,6075.6368,0.477719516,10272.0365,0.767142382,-0.289422867
7371,-3982,6089,10356,12715,13388,-626,0.48,0.77,6079.63281,0.478146505,10269.9735,0.767102891,-0.288956386
7371,-3977,6094,10357,12726,13395,-745,0.48,0.77,6084.64744,0.478127254,10271.194,0.766793132,-0.288665877
7372,-3979,6092,10349,12718,13386,-863,0.48,0.77,6082.6368,0.478269917,10262.9105,0.766689863,-0.288419946
7373,-3982,6089,10351,12716,13389,-910,0.48,0.77,6079.63414,0.478109008,10265.005,0.766674509,-0.288565501
7374,-3978,6092,10357,12715,13393,-910,0.48,0.77,6082.63281,0.478382447,10271.131,0.766902934,-0.288520488
7375,-3981,6091,10356,12707,13386,-910,0.48,0.77,6081.62217,0.47860409,10269.9105,0.767212797,-0.288608707
7377,-3983,6085,10349,12708,13380,-910,0.48,0.77,6075.6235,0.478094389,10262.7215,0.767019544,-0.288925155
7378,-3981,6084,10365,12706,13389,-910,0.48,0.77,6074.62084,0.478090732,10279.005,0.767720143,-0.289629411
7379,-3984,6086,10348,12707,13377,-910,0.48,0.77,6076.62217,0.478210606,10261.627,0.767109741,-0.288899135
7379,-3981,6080,10344,12696,13372,-766,0.48,0.77,6070.60754,0.478151193,10257.4695,0.767085664,-0.288934472
7380,-3986,6081,10351,12696,13370,-420,0.48,0.77,6071.60754,0.478229957,10264.4065,0.76771926,-0.289489302
7381,-3985,6086,10354,12699,13373,-73,0.48,0.77,6076.61153,0.478511027,10267.501,0.767778434,-0.289267407
7382,-3984,6078,10350,12691,13373,272,0.48,0.77,6068.60089,0.478181459,10263.501,0.767479324,-0.289297865
7384,-3992,6074,10358,12692,13380,475,0.48,0.77,6064.60222,0.477828728,10271.7215,0.76769219,-0.289863462
7385,-3986,6078,10356,12692,13377,475,0.48,0.77,6068.60222,0.478143887,10269.627,0.767707782,-0.289563895
7386,-3992,6073,10355,12685,13373,475,0.48,0.77,6063.59291,0.478012843,10268.501,0.767853212,-0.289840369
7387,-3993,6075,10360,12689,13371,475,0.48,0.77,6065.59823,0.478020193,10273.438,0.768337297,-0.290317104
7388,-3992,6079,10353,12686,13372,475,0.48,0.77,6069.59424,0.47844823,10266.4695,0.767758712,-0.289310483
7389,-3995,6076,10356,12684,13368,475,0.48,0.77,6066.59158,0.478286943,10269.3435,0.768203434,-0.289916491
7390,-3996,6070,10357,12686,13371,467,0.48,0.77,6060.59424,0.477738786,10270.438,0.768112931,-0.290374145
7391,-3995,6073,10353,12686,13363,448,0.48,0.77,6063.59424,0.477975267,10266.186,0.768254584,-0.290279316
7392,-3998,6068,10357,12686,13370,429,0.48,0.77,6058.59424,0.477581132,10270.4065,0.768168025,-0.290586893
7393,-4002,6064,10355,12674,13369,410,0.48,0.77,6054.57828,0.477716449,10268.375,0.768073528,-0.290357079
7394,-4007,6069,10364,12672,13371,398,0.48,0.78,6059.57562,0.478186207,10277.438,0.768636452,-0.290450245
7395,-4005,6063,10363,12671,13365,398,0.48,0.78,6053.57429,0.477750319,10276.249,0.768892555,-0.291142236
7396,-4009,6059,10359,12671,13364,398,0.48,0.78,6049.57429,0.477434637,10272.2175,0.768648421,-0.291213784
7397,-4014,6059,10365,12666,13365,398,0.48,0.78,6049.56764,0.477622583,10278.249,0.7690422,-0.291419616
7398,-4012,6057,10357,12664,13359,398,0.48,0.78,6047.56498,0.477539875,10270.06,0.768774609,-0.291234734
7398,-4020,6056,10366,12665,13359,398,0.48,0.78,6046.56631,0.477423317,10279.06,0.769448312,-0.292024995
7399,-4019,6060,10370,12668,13365,119,0.48,0.78,6050.5703,0.477626326,10283.249,0.769416311,-0.291789985
7400,-4025,6050,10363,12659,13362,-375,0.48,0.78,6040.55833,0.477175,10276.1545,0.769058113,-0.291883112
7401,-4028,6052,10368,12663,13357,-869,0.48,0.78,6042.56365,0.47718263,10280.997,0.769708542,-0.292525912
7402,-4030,6046,10369,12654,13354,-1364,0.48,0.78,6036.55168,0.477046916,10281.9025,0.769949266,-0.29290235
7404,-4037,6039,10369,12645,13357,-1580,0.48,0.78,6029.53971,0.476831926,10281.997,0.769783409,-0.292951483
7405,-4038,6045,10373,12651,13356,-1580,0.48,0.78,6035.54769,0.477080681,10285.9655,0.770138178,-0.293057497
7406,-4046,6038,10381,12646,13362,-1580,0.48,0.78,6028.54104,0.476715249,10294.1545,0.770405216,-0.293689967
7407,-4052,6036,10380,12651,13357,-1580,0.48,0.78,6026.54769,0.476369274,10292.997,0.770606948,-0.294237673
7408,-4052,6028,10371,12643,13350,-1580,0.48,0.78,6018.53705,0.4760371,10283.7765,0.770320337,-0.294283237
7409,-4055,6029,10379,12640,13352,-1580,0.48,0.78,6019.53306,0.476228881,10291.8395,0.77080883,-0.294579949
7410,-4060,6029,10376,12643,13347,-1374,0.48,0.78,6019.53705,0.476116195,10288.682,0.770861017,-0.294744823
7411,-4061,6025,10380,12642,13351,-860,0.48,0.78,6015.53572,0.475837345,10292.808,0.770939106,-0.29510176
7412,-4061,6026,10378,12636,13343,-346,0.48,0.78,6016.52774,0.476141796,10290.556,0.771232556,-0.29509076
7413,-4068,6018,10374,12636,13340,167,0.48,0.78,6008.52774,0.475508685,10286.4615,0.771099063,-0.295590378
7414,-4075,6012,10375,12631,13339,475,0.48,0.78,6002.52109,0.475221367,10287.43,0.771229477,-0.29600811
7415,-4079,6008,10379,12622,13341,475,0.48,0.78,5998.50912,0.475242364,10291.493,0.771418409,-0.296176045
7416,-4084,6008,10376,12632,13334,475,0.48,0.78,5998.52242,0.474867196,10288.2725,0.771581858,-0.296714662
7417,-4088,5998,10389,12619,13341,475,0.48,0.78,5988.50513,0.474562575,10301.493,0.772167978,-0.297605404
7418,-4089,6002,10388,12620,13335,475,0.48,0.78,5992.50646,0.474842033,10300.304,0.772426247,-0.297584213
7419,-4096,5996,10388,12622,13339,475,0.48,0.78,5986.50912,0.474291643,10300.43,0.772204063,-0.29791242
7420,-4101,5994,10381,12617,13333,422,0.48,0.78,5984.50247,0.474320557,10293.241,0.772012375,-0.297691818
7421,-4102,5989,10383,12616,13330,303,0.47,0.78,5979.50114,0.473961726,10295.1465,0.77232907,-0.298367343
7422,-4109,5987,10389,12614,13327,184,0.47,0.78,5977.49848,0.47387811,10301.052,0.772946049,-0.299067939
7423,-4112,5980,10386,12611,13331,65,0.47,0.78,5970.49449,0.473435452,10298.178,0.772498537,-0.299063085
7424,-4112,5983,10390,12616,13330,0,0.47,0.78,5973.50114,0.47348614,10302.1465,0.772854201,-0.299368061
7425,-4123,5974,10386,12610,13322,0,0.47,0.78,5964.49316,0.472997079,10297.8945,0.772999137,-0.300002058
7426,-4129,5979,10387,12613,13324,0,0.47,0.78,5969.49715,0.473281309,10298.9575,0.772962887,-0.299681578
7427,-4129,5972,10389,12607,13322,0,0.47,0.78,5962.48917,0.472950676,10300.8945,0.773224328,-0.300273652
7428,-4132,5965,10387,12600,13319,0,0.47,0.78,5955.47986,0.472657132,10298.8,0.773241234,-0.300584103
7429,-4137,5967,10388,12603,13319,0,0.47,0.78,5957.48385,0.47270363,10299.8,0.773316315,-0.300612685
7430,-4140,5960,10388,12596,13318,46,0.47,0.78,5950.47454,0.472409856,10299.7685,0.773372015,-0.30096216
7431,-4146,5953,10389,12588,13319,165,0.47,0.78,5943.4639,0.472153154,10300.8,0.773391396,-0.301238242
7432,-4144,5954,10390,12593,13314,284,0.47,0.78,5944.47055,0.472045625,10301.6425,0.773745118,-0.301699493
7433,-4152,5953,10398,12591,13327,403,0.47,0.78,5943.46789,0.472040973,10310.052,0.77362137,-0.301580397
7434,-4154,5948,10389,12587,13308,475,0.47,0.78,5938.46257,0.471793324,10300.4535,0.774004621,-0.302211297
7435,-4164,5943,10395,12587,13313,475,0.47,0.78,5933.46257,0.471396089,10306.611,0.774176444,-0.302780355
7436,-4166,5940,10395,12590,13316,475,0.47,0.78,5930.46656,0.471045795,10306.7055,0.774009124,-0.302963329
7437,-4169,5937,10390,12581,13305,475,0.47,0.78,5927.45459,0.471143358,10301.359,0.7742472,-0.303103842
7438,-4173,5935,10394,12582,13311,475,0.47,0.78,5925.45592,0.470947061,10305.548,0.774212907,-0.303265846
7439,-4176,5931,10390,12581,13306,475,0.47,0.78,5921.45459,0.470666449,10301.3905,0.77419138,-0.303524931
7440,-4182,5926,10395,12579,13309,350,0.47,0.78,5916.45193,0.470343583,10306.485,0.774399654,-0.304056071
7441,-4181,5930,10395,12575,13311,39,0.47,0.78,5920.44661,0.470810864,10306.548,0.774288032,-0.303477169
7442,-4189,5924,10397,12582,13306,-271,0.47,0.78,5914.45592,0.470072796,10308.3905,0.774717458,-0.304644662
7443,-4189,5923,10373,12582,13282,-583,0.47,0.78,5913.45592,0.469993317,10283.6345,0.774253463,-0.304260146
7444,-4188,5919,10390,12566,13303,-770,0.47,0.78,5909.43464,0.470271736,10301.296,0.774358866,-0.30408713
7445,-4192,5915,10396,12563,13299,-770,0.47,0.78,5905.43065,0.470065323,10307.17,0.775033461,-0.304968138
7446,-4193,5908,10386,12560,13299,-770,0.47,0.78,5898.42666,0.469619957,10297.17,0.774281525,-0.304661568
7447,-4194,5908,10393,12558,13300,-770,0.47,0.78,5898.424,0.469694537,10304.2015,0.774751992,-0.305057455
7448,-4203,5904,10395,12556,13302,-770,0.47,0.78,5894.42134,0.469450569,10306.2645,0.774790595,-0.305340027
7449,-4203,5900,10396,12551,13303,-770,0.47,0.78,5890.41469,0.469318356,10307.296,0.774809893,-0.305491536
7450,-4205,5901,10384,12554,13286,-602,0.47,0.78,5891.41868,0.469286178,10294.7605,0.774857783,-0.305571605
7451,-4208,5896,10389,12561,13295,-182,0.47,0.78,5886.42799,0.468627338,10300.044,0.774730651,-0.306103313
7452,-4205,5892,10387,12547,13285,236,0.47,0.78,5882.40937,0.468829949,10297.729,0.775139556,-0.306309607
7453,-4213,5892,10382,12546,13282,656,0.47,0.78,5882.40804,0.468867212,10292.6345,0.774931072,-0.30606386
7454,-4216,5888,10388,12542,13291,908,0.47,0.78,5878.40272,0.468697394,10298.918,0.774879091,-0.306181697
7455,-4216,5885,10387,12537,13282,908,0.47,0.78,5875.39607,0.468644498,10297.6345,0.775307521,-0.306663024
7456,-4215,5886,10385,12544,13278,908,0.47,0.78,5876.40538,0.468463439,10295.5085,0.775380969,-0.306917529
7457,-4220,5880,10379,12535,13276,908,0.47,0.78,5870.39341,0.468320176,10289.4455,0.775041089,-0.306720913
7458,-4217,5883,10387,12537,13281,908,0.47,0.78,5873.39607,0.46848497,10297.603,0.775363527,-0.306878557
7459,-4218,5882,10375,12534,13275,908,0.47,0.78,5872.39208,0.468517,10285.414,0.774795782,-0.306278781
7460,-4223,5877,10383,12533,13284,758,0.47,0.78,5867.39075,0.46815533,10293.6975,0.774894422,-0.306739092
7461,-4224,5879,10379,12537,13279,383,0.47,0.78,5869.39607,0.468165914,10289.54,0.774873108,-0.306707193
7462,-4222,5874,10373,12526,13275,9,0.47,0.78,5864.38144,0.468176708,10283.414,0.774645122,-0.306468415
7463,-4226,5869,10376,12528,13272,-364,0.47,0.78,5859.3841,0.467703073,10286.3195,0.775039143,-0.307336069
7464,-4223,5868,10375,12524,13268,-589,0.47,0.78,5858.37878,0.46777218,10285.1935,0.775187933,-0.307415754
7465,-4227,5867,10377,12518,13270,-589,0.47,0.78,5857.3708,0.467915865,10287.2565,0.775226564,-0.307310699
7466,-4229,5862,10376,12515,13268,-589,0.47,0.78,5852.36681,0.467628191,10286.1935,0.775263303,-0.307635112
7467,-4227,5866,10370,12522,13262,-589,0.47,0.78,5856.37612,0.467686961,10280.0045,0.775147376,-0.307460415
7468,-4227,5863,10372,12509,13270,-589,0.47,0.78,5853.35883,0.467931796,10282.2565,0.774849774,-0.306917978
7469,-4224,5859,10375,12504,13271,-589,0.47,0.78,5849.35218,0.467798479,10285.288,0.775019818,-0.307221339
7470,-4233,5863,10365,12513,13260,-530,0.47,0.78,5853.36415,0.467782638,10274.9415,0.774882466,-0.307099828
7471,-4228,5867,10362,12517,13259,-383,0.47,0.78,5857.36947,0.467953141,10271.91,0.774712271,-0.30675913
7472,-4228,5859,10371,12513,13259,-236,0.47,0.78,5849.36415,0.467462971,10280.91,0.775391055,-0.307928085
7473,-4231,5862,10367,12510,13261,-89,0.47,0.78,5852.36016,0.467814561,10276.973,0.774977226,-0.307162665
7474,-4231,5854,10366,12503,13259,0,0.47,0.78,5844.35085,0.467435883,10275.91,0.775013953,-0.307578069
7475,-4230,5861,10368,12508,13264,0,0.47,0.78,5851.3575,0.467809202,10278.0675,0.774884462,-0.30707526
7476,-4230,5856,10362,12501,13254,0,0.47,0.78,5846.34819,0.467670442,10271.7525,0.774992644,-0.307322202
7477,-4229,5849,10363,12494,13250,0,0.47,0.78,5839.33888,0.467371449,10272.6265,0.775292566,-0.307921117
7478,-4233,5851,10353,12501,13245,0,0.47,0.78,5841.34819,0.467270474,10262.469,0.774818347,-0.307547873
7479,-4232,5850,10350,12488,13246,0,0.47,0.78,5840.3309,0.46767544,10259.5005,0.774535747,-0.306860306
7480,-4229,5851,10361,12489,13250,70,0.47,0.78,5841.33223,0.46771817,10270.6265,0.775141623,-0.307423452
7481,-4230,5849,10358,12478,13250,249,0.47,0.78,5839.3176,0.467969033,10267.6265,0.774915208,-0.306946174
7482,-4234,5847,10353,12490,13245,427,0.47,0.78,5837.33356,0.467360573,10262.469,0.774818347,-0.307457773
7483,-4235,5847,10358,12478,13245,606,0.47,0.78,5837.3176,0.467808751,10267.469,0.775195847,-0.307387096
7484,-4229,5844,10352,12479,13238,713,0.47,0.78,5834.31893,0.467530966,10261.2485,0.775135859,-0.307604892
7485,-4232,5846,10348,12474,13239,713,0.47,0.78,5836.31228,0.467878169,10257.28,0.774777551,-0.306899382
7486,-4233,5837,10350,12467,13231,713,0.47,0.78,5827.30297,0.467418222,10259.028,0.775378127,-0.307959905
7487,-4230,5844,10352,12475,13239,713,0.47,0.78,5834.31361,0.46768045,10261.28,0.775079689,-0.307399239
7488,-4229,5840,10346,12466,13232,713,0.47,0.78,5830.30164,0.467696265,10255.0595,0.775019612,-0.307323347
7489,-4231,5843,10347,12475,13231,713,0.47,0.78,5833.31361,0.467600289,10256.028,0.775151387,-0.307551098
7490,-4237,5835,10352,12463,13236,641,0.47,0.78,5825.29765,0.467407338,10261.1855,0.775248225,-0.307840887
7491,-4231,5841,10350,12459,13237,463,0.47,0.78,5831.29233,0.468038553,10259.217,0.775040946,-0.307002393
7492,-4222,5836,10346,12454,13227,284,0.47,0.78,5826.28568,0.467824448,10254.902,0.775300673,-0.307476224
7493,-4229,5840,10346,12465,13224,106,0.47,0.78,5830.30031,0.467733679,10254.8075,0.775469412,-0.307735733
7494,-4230,5835,10346,12454,13227,0,0.47,0.78,5825.28568,0.467744153,10254.902,0.775300673,-0.30755652
7495,-4233,5833,10352,12448,13235,0,0.47,0.78,5823.2777,0.467808299,10261.154,0.77530442,-0.307496122
7496,-4230,5832,10347,12442,13229,0,0.47,0.78,5822.26972,0.467952879,10255.965,0.775263814,-0.307310935
7497,-4232,5826,10338,12441,13218,0,0.47,0.78,5816.26839,0.467508109,10246.6185,0.775201884,-0.307693774
7498,-4236,5826,10343,12440,13218,0,0.47,0.78,5816.26706,0.467545584,10251.6185,0.775580156,-0.308034572
7500,-4234,5832,10346,12444,13222,0,0.47,0.78,5822.27238,0.467877883,10254.7445,0.775581947,-0.307704063
7501,-4236,5828,10343,12431,13219,-251,0.47,0.78,5818.25509,0.46804401,10251.65,0.775523867,-0.307479857
7502,-4237,5821,10340,12425,13213,-876,0.47,0.78,5811.24711,0.467706005,10248.461,0.775634678,-0.307928673
7503,-4238,5823,10339,12430,13212,-1501,0.47,0.78,5813.25376,0.467679305,10247.4295,0.775615312,-0.307936007
7503,-4240,5825,10347,12429,13214,-2126,0.47,0.78,5815.25243,0.46787774,10255.4925,0.776108105,-0.308230365
7504,-4241,5823,10337,12427,13206,-2501,0.47,0.78,5813.24977,0.467791886,10245.2405,0.775801946,-0.30801006
7505,-4238,5825,10333,12430,13200,-2501,0.47,0.78,5815.25376,0.467840206,10241.0515,0.775837235,-0.307997029
7506,-4240,5818,10340,12425,13206,-2501,0.47,0.78,5808.24711,0.467464556,10248.2405,0.776029116,-0.308564559
7507,-4243,5819,10342,12419,13206,-2501,0.47,0.78,5809.23913,0.467770282,10250.2405,0.776180562,-0.30841028
7508,-4241,5815,10338,12408,13202,-2501,0.47,0.78,5805.2245,0.46786142,10246.1145,0.776103204,-0.308241784
7509,-4244,5816,10342,12413,13211,-2501,0.47,0.78,5806.23115,0.46775406,10250.398,0.775898721,-0.308144661
7510,-4244,5821,10346,12413,13213,-2382,0.47,0.78,5811.23115,0.468156864,10254.461,0.776088776,-0.307931912
7512,-4245,5817,10337,12416,13197,-2083,0.47,0.78,5807.23514,0.467721902,10244.957,0.77630954,-0.308587638
7513,-4245,5813,10335,12405,13190,-1784,0.47,0.78,5803.22051,0.46781302,10242.7365,0.776553184,-0.308740164
7514,-4251,5813,10332,12406,13190,-1485,0.47,0.78,5803.22184,0.467775418,10239.7365,0.776325739,-0.308550321
7515,-4251,5812,10329,12403,13186,-1305,0.47,0.78,5802.21785,0.467807615,10236.6105,0.77632417,-0.308516554
7516,-4256,5810,10336,12398,13189,-1305,0.47,0.78,5800.2112,0.467834425,10243.705,0.776685495,-0.308851071
7516,-4252,5810,10334,12405,13188,-1305,0.47,0.78,5800.22051,0.467571182,10241.6735,0.776590347,-0.309019166
7517,-4260,5806,10334,12397,13179,-1305,0.47,0.78,5796.20987,0.467549397,10241.39,0.777099173,-0.309549776
7518,-4262,5808,10337,12398,13186,-1305,0.47,0.78,5798.2112,0.467673109,10244.6105,0.776930874,-0.309257765
7519,-4263,5798,10344,12391,13185,-1305,0.47,0.78,5788.20189,0.467129521,10251.579,0.777518316,-0.310388796
7520,-4264,5799,10340,12392,13186,-1127,0.47,0.78,5789.20322,0.467172629,10247.6105,0.777158388,-0.309985759
7521,-4272,5802,10345,12394,13179,-682,0.47,0.78,5792.20588,0.467339509,10252.39,0.777933834,-0.310594325
7522,-4271,5799,10339,12382,13175,-236,0.47,0.78,5789.18992,0.467548855,10246.264,0.777705047,-0.310156193
7523,-4269,5795,10334,12383,13176,208,0.47,0.78,5785.19125,0.467188181,10241.2955,0.777268936,-0.310080755
7525,-4276,5792,10337,12377,13171,475,0.47,0.78,5782.18327,0.46717163,10244.138,0.777779819,-0.310608189
7526,-4278,5789,10344,12377,13174,475,0.47,0.79,5779.18327,0.466929245,10251.2325,0.778141225,-0.31121198
7527,-4278,5785,10335,12376,13170,475,0.47,0.78,5775.18194,0.46664366,10242.1065,0.777684624,-0.311040964
7528,-4282,5783,10338,12372,13164,475,0.47,0.79,5773.17662,0.466632446,10244.9175,0.778252621,-0.311620175
7528,-4282,5787,10338,12380,13169,475,0.47,0.79,5777.18726,0.466654868,10245.075,0.777969094,-0.311314227
7529,-4288,5782,10341,12367,13166,475,0.47,0.79,5772.16997,0.466739708,10247.9805,0.778367044,-0.311627336
7530,-4291,5774,10346,12360,13167,377,0.47,0.79,5764.16066,0.46635604,10253.012,0.778690058,-0.312334018
7531,-4296,5781,10344,12366,13166,139,0.47,0.79,5771.16864,0.466696477,10250.9805,0.778594904,-0.311898426
7532,-4298,5777,10344,12362,13162,-98,0.47,0.79,5767.16332,0.466523485,10250.8545,0.77882195,-0.312298465
7533,-4303,5772,10342,12356,13156,-336,0.47,0.79,5762.15534,0.466344718,10248.6655,0.779010756,-0.312666037
7535,-4302,5771,10347,12361,13161,-476,0.47,0.79,5761.16199,0.466075721,10253.823,0.779106679,-0.313030958
7536,-4304,5768,10337,12355,13154,-476,0.47,0.79,5758.15401,0.466058601,10243.6025,0.778744298,-0.312685698
7537,-4313,5765,10346,12355,13154,-477,0.47,0.79,5755.15401,0.465815784,10252.6025,0.779428501,-0.313612717
7538,-4316,5762,10346,12354,13145,-477,0.47,0.79,5752.15268,0.465610546,10252.319,0.779940586,-0.31433004
7539,-4321,5754,10344,12345,13143,-477,0.47,0.79,5744.14071,0.465300989,10250.256,0.779902305,-0.314601316
7540,-4323,5757,10343,12342,13149,-477,0.47,0.79,5747.13672,0.46565684,10249.445,0.779484752,-0.313827912
7541,-4325,5753,10347,12340,13149,-692,0.47,0.79,5743.13406,0.465407947,10253.445,0.779788957,-0.314381011
7542,-4330,5752,10352,12341,13152,-1231,0.47,0.79,5742.13539,0.465289311,10258.5395,0.779998441,-0.31470913
7543,-4330,5748,10353,12334,13148,-1770,0.47,0.79,5738.12608,0.465228318,10259.4135,0.780302213,-0.315073895
7544,-4334,5742,10351,12330,13146,-2309,0.47,0.79,5732.12076,0.464892195,10257.3505,0.780263997,-0.315371802
7545,-4339,5743,10348,12340,13140,-2633,0.47,0.79,5733.13406,0.464597574,10254.1615,0.780377588,-0.315780014
7546,-4342,5738,10358,12322,13147,-2633,0.47,0.79,5728.11012,0.464868538,10264.382,0.780739484,-0.315870947
7547,-4343,5737,10344,12322,13131,-2633,0.47,0.79,5727.11012,0.464787382,10249.878,0.780586246,-0.315798864
7548,-4348,5732,10338,12317,13130,-2633,0.47,0.79,5722.10347,0.464569576,10243.8465,0.780186329,-0.315616753
7549,-4350,5732,10351,12325,13134,-2633,0.47,0.79,5722.11411,0.464268893,10256.9725,0.780948112,-0.316679218
7550,-4356,5726,10349,12312,13131,-2633,0.47,0.79,5716.09682,0.464270372,10254.878,0.780967025,-0.316696653
7551,-4362,5725,10346,12321,13127,-2633,0.46,0.79,5715.10879,0.46385105,10251.752,0.780966862,-0.317115812
7552,-4362,5726,10355,12317,13134,-2186,0.46,0.79,5716.10347,0.464082445,10260.9725,0.781252665,-0.31717022
7553,-4367,5714,10354,12302,13124,-1628,0.46,0.79,5704.08352,0.463671234,10259.6575,0.781747752,-0.318076518
7554,-4371,5710,10353,12300,13131,-1070,0.46,0.79,5700.08086,0.463421208,10258.878,0.781271647,-0.317850439
7555,-4379,5704,10350,12294,13124,-512,0.46,0.79,5694.07288,0.463158686,10255.6575,0.781442967,-0.318284282
7556,-4380,5705,10359,12299,13122,-400,0.46,0.79,5695.07953,0.463052242,10264.5945,0.782243141,-0.319190899
7557,-4381,5698,10351,12283,13116,-400,0.46,0.79,5688.05825,0.463083795,10256.4055,0.781976632,-0.318892837
7558,-4388,5702,10354,12290,13117,-400,0.46,0.79,5692.06756,0.463146262,10259.437,0.782148128,-0.319001866
7559,-4388,5695,10351,12288,13114,-400,0.46,0.79,5685.0649,0.462651766,10256.3425,0.782091086,-0.31943932
7560,-4393,5695,10357,12285,13116,-400,0.46,0.79,5685.06091,0.462764421,10262.4055,0.782434088,-0.319669667
7561,-4401,5693,10348,12286,13109,-397,0.46,0.79,5683.06224,0.462564076,10253.185,0.782148524,-0.319584448
7562,-4400,5688,10348,12284,13112,-390,0.46,0.79,5678.05958,0.462232138,10253.2795,0.781976777,-0.319744639
7563,-4410,5685,10356,12279,13110,-383,0.46,0.79,5675.05293,0.462175497,10261.2165,0.782701487,-0.32052599
7564,-4407,5681,10357,12272,13106,-375,0.46,0.79,5671.04362,0.46211242,10262.0905,0.783007058,-0.320894638
7565,-4410,5677,10356,12274,13108,-371,0.46,0.79,5667.04628,0.461711445,10261.1535,0.782816105,-0.321104659
7566,-4415,5674,10350,12272,13105,-371,0.46,0.79,5664.04362,0.461542016,10255.059,0.782530256,-0.32098824
7567,-4419,5669,10352,12261,13101,-371,0.46,0.79,5659.02899,0.4615471,10256.933,0.78291222,-0.321365121
7568,-4419,5666,10354,12256,13103,-371,0.46,0.79,5656.02234,0.461490073,10258.996,0.782950164,-0.321460091
7569,-4430,5662,10353,12254,13096,-371,0.46,0.79,5652.01968,0.461238753,10257.7755,0.783275466,-0.322036713
7570,-4432,5662,10355,12254,13095,-371,0.46,0.79,5652.01968,0.461238753,10259.744,0.783485605,-0.322246852
7571,-4434,5655,10349,12249,13090,-381,0.46,0.79,5645.01303,0.460855011,10253.5865,0.783314477,-0.322459466
7572,-4441,5656,10353,12255,13092,-408,0.46,0.79,5646.02101,0.460711629,10257.6495,0.783505156,-0.322793527
7573,-4439,5658,10349,12258,13088,-434,0.46,0.79,5648.025,0.460762359,10253.5235,0.783429363,-0.322667003
7574,-4443,5653,10350,12257,13086,-461,0.46,0.79,5643.02367,0.460391912,10254.4605,0.783620702,-0.323228789
7575,-4446,5649,10351,12251,13091,-477,0.46,0.79,5639.01569,0.460290237,10255.618,0.783409824,-0.323119587
7576,-4451,5648,10345,12254,13080,-477,0.46,0.79,5638.01968,0.460096269,10249.2715,0.783583448,-0.323487179
7577,-4453,5641,10356,12252,13082,-477,0.46,0.79,5631.01702,0.459599822,10260.3345,0.784309318,-0.324709496
7578,-4455,5637,10345,12242,13074,-477,0.46,0.79,5627.00372,0.45964742,10249.0825,0.783928599,-0.324281178
7579,-4461,5637,10354,12239,13076,-477,0.46,0.79,5626.99973,0.459759762,10258.1455,0.784501797,-0.324742035
7580,-4461,5636,10347,12231,13070,-477,0.46,0.79,5625.98909,0.459977851,10250.9565,0.784311897,-0.324334047
7581,-4468,5629,10354,12237,13076,-477,0.46,0.79,5618.99707,0.459180932,10258.1455,0.784501797,-0.325320865
7582,-4465,5628,10345,12225,13074,-477,0.46,0.79,5617.98111,0.459548557,10249.0825,0.783928599,-0.324380042
7583,-4469,5624,10340,12221,13062,-477,0.46,0.79,5613.97579,0.459371229,10243.7045,0.784237062,-0.324865833
7584,-4480,5620,10353,12223,13069,-477,0.46,0.79,5609.97845,0.45896903,10256.925,0.784828602,-0.325859572
7585,-4480,5616,10348,12221,13061,-477,0.46,0.79,5605.97579,0.458716618,10251.673,0.784907205,-0.326190587
7586,-4483,5615,10356,12216,13069,-477,0.46,0.79,5604.96914,0.458821966,10259.925,0.785058153,-0.326236187
7587,-4487,5614,10347,12222,13063,-477,0.46,0.79,5603.97712,0.458515556,10250.736,0.784715303,-0.326199747
7588,-4486,5613,10344,12210,13057,-477,0.46,0.79,5602.96116,0.458882978,10247.547,0.784831661,-0.325948683
7589,-4491,5608,10342,12209,13053,-477,0.46,0.79,5597.95983,0.458510921,10245.421,0.784909293,-0.326398372
7590,-4495,5604,10343,12203,13051,-477,0.46,0.79,5593.95185,0.45840792,10246.358,0.785101372,-0.326693451
7592,-4497,5601,10347,12208,13053,-520,0.46,0.79,5590.9585,0.457974975,10250.421,0.785292347,-0.327317371
7593,-4495,5598,10350,12199,13056,-628,0.46,0.79,5587.94653,0.45806595,10253.5155,0.78534892,-0.32728297
7593,-4497,5598,10337,12200,13046,-736,0.46,0.79,5587.94786,0.458028513,10240.2005,0.784930285,-0.326901772
7594,-4505,5595,10345,12199,13052,-845,0.46,0.79,5584.94653,0.457820029,10248.3895,0.785196866,-0.327376838
7595,-4505,5590,10344,12198,13042,-910,0.46,0.79,5579.9452,0.457447549,10247.0745,0.785698091,-0.328250542
7596,-4508,5591,10341,12197,13043,-910,0.46,0.79,5580.94387,0.457566932,10244.106,0.785410258,-0.327843326
7597,-4507,5587,10342,12185,13040,-910,0.46,0.79,5576.92791,0.45768797,10245.0115,0.785660391,-0.327972421
7598,-4513,5575,10341,12178,13036,-910,0.46,0.79,5564.9186,0.456964904,10243.8855,0.785815089,-0.328850185
7599,-4515,5578,10337,12177,13035,-910,0.46,0.79,5567.91727,0.457248688,10239.854,0.785566091,-0.328317404
7600,-4519,5580,10343,12174,13029,-910,0.46,0.79,5569.91328,0.457525323,10245.665,0.786373858,-0.328848535
7602,-4522,5575,10343,12174,13038,-939,0.46,0.79,5564.91328,0.457114611,10245.9485,0.785852776,-0.328738165
7603,-4522,5573,10343,12168,13033,-1012,0.46,0.79,5562.9053,0.457174992,10245.791,0.786142178,-0.328967186
7604,-4525,5566,10339,12170,13029,-1085,0.46,0.79,5555.90796,0.456524894,10241.665,0.786066851,-0.329541957
7605,-4525,5570,10343,12164,13033,-1158,0.46,0.79,5559.89998,0.457078262,10245.791,0.786142178,-0.329063915
7606,-4529,5566,10329,12169,13018,-1201,0.46,0.79,5555.90663,0.4565623,10231.3185,0.785936281,-0.32937398
7607,-4533,5565,10341,12168,13023,-1201,0.46,0.79,5554.9053,0.45651753,10243.476,0.786568072,-0.330050542
7608,-4532,5559,10335,12156,13024,-1201,0.46,0.79,5548.88934,0.456473292,10237.5075,0.786049409,-0.329576117
7609,-4538,5562,10336,12158,13014,-1201,0.46,0.79,5551.892,0.456645172,10238.1925,0.786706047,-0.330060875
7609,-4534,5560,10334,12158,13018,-1201,0.46,0.79,5549.892,0.456480671,10236.3185,0.786320364,-0.329839693
7610,-4537,5555,10333,12153,13013,-1201,0.46,0.79,5544.88535,0.456256509,10235.161,0.786533543,-0.330277035
7611,-4548,5555,10340,12154,13014,-1119,0.46,0.79,5544.88668,0.456219078,10242.1925,0.787013409,-0.33079433
7612,-4542,5552,10330,12146,13009,-710,0.46,0.79,5541.87604,0.456271698,10232.035,0.786535091,-0.330263393
7613,-4541,5550,10328,12142,13001,-301,0.46,0.79,5539.87072,0.456256854,10229.783,0.786845858,-0.330589004
7615,-4545,5545,10327,12139,13006,106,0.46,0.79,5534.86673,0.455957388,10228.9405,0.786478587,-0.330521199
7616,-4550,5548,10331,12140,13011,433,0.46,0.79,5537.86806,0.456167056,10233.098,0.786495888,-0.330328832
7617,-4553,5543,10333,12132,13011,433,0.46,0.79,5532.85742,0.456054848,10235.098,0.786649604,-0.330594756
7618,-4553,5542,10331,12130,13001,433,0.46,0.79,5531.85476,0.456047383,10232.783,0.787076609,-0.331029226
7619,-4560,5536,10324,12122,12990,433,0.46,0.79,5525.84412,0.455852509,10225.4365,0.78717756,-0.33132505
7620,-4555,5534,10331,12123,12999,433,0.46,0.79,5523.84545,0.455650041,10232.72,0.787192861,-0.33154282
7621,-4556,5533,10331,12122,12997,433,0.46,0.79,5522.84412,0.455605026,10232.657,0.787309148,-0.331704123
7622,-4560,5533,10329,12119,12999,477,0.46,0.79,5522.84013,0.455717479,10230.72,0.787039003,-0.331321524
7623,-4558,5530,10322,12111,12991,694,0.46,0.79,5519.82949,0.455769919,10223.468,0.786965438,-0.331195519
7624,-4563,5529,10328,12119,12989,912,0.46,0.8,5518.84013,0.455387419,10229.405,0.787543691,-0.332156272
7625,-4558,5526,10320,12107,12986,1129,0.46,0.79,5515.82417,0.455589673,10221.3105,0.787102302,-0.33151263
7626,-4561,5524,10321,12110,12982,1303,0.46,0.8,5513.82816,0.455311987,10222.1845,0.787412148,-0.332100161
7627,-4567,5527,10324,12108,12985,1303,0.46,0.8,5516.8255,0.455634746,10225.279,0.787468541,-0.331833795
7628,-4566,5515,10318,12096,12975,1303,0.46,0.8,5504.80954,0.455093381,10218.964,0.787588748,-0.332495366
7629,-4572,5512,10318,12095,12975,1303,0.46,0.8,5501.80821,0.454882862,10218.964,0.787588748,-0.332705886
7630,-4574,5511,10320,12090,12969,1303,0.46,0.8,5500.80156,0.454987722,10220.775,0.78809276,-0.333105038
7631,-4574,5515,10315,12100,12970,1303,0.46,0.8,5504.81486,0.454943377,10215.8065,0.787648921,-0.332705544
7632,-4578,5507,10314,12086,12964,1215,0.46,0.8,5496.79624,0.454806904,10214.6175,0.787921745,-0.333114841
7633,-4574,5510,10319,12088,12966,769,0.46,0.8,5499.7989,0.454980055,10219.6805,0.788190691,-0.333210636
7634,-4576,5511,10308,12094,12956,324,0.46,0.8,5500.80688,0.454837678,10208.3655,0.78792571,-0.333088032
7635,-4580,5500,10307,12078,12952,-120,0.46,0.8,5489.7856,0.454527703,10207.2395,0.788082111,-0.333554408
7636,-4581,5506,10311,12085,12960,-477,0.46,0.8,5495.79491,0.454761681,10211.4915,0.787923727,-0.333162046
7637,-4583,5504,10306,12080,12955,-477,0.46,0.8,5493.78826,0.454783796,10206.334,0.787829718,-0.333045922
7638,-4582,5502,10306,12065,12952,-477,0.46,0.8,5491.76831,0.455181791,10206.2395,0.788004903,-0.332823112
7639,-4587,5520,10299,12126,12942,-477,0.46,0.8,5509.84944,0.454383097,10198.9245,0.788048563,-0.333665465
7640,-4582,5493,10301,12066,12937,-477,0.46,0.8,5482.76964,0.454398279,10200.767,0.788495555,-0.334097276
7641,-4586,5495,10306,12063,12945,-477,0.46,0.8,5484.76565,0.454676751,10206.019,0.788413982,-0.333737231
7642,-4588,5490,10304,12051,12947,-513,0.46,0.8,5479.74969,0.454713276,10204.082,0.788142581,-0.333429305
7643,-4592,5491,10306,12052,12940,-621,0.46,0.8,5480.75102,0.454758631,10205.8615,0.788706453,-0.333947822
7644,-4593,5487,10304,12048,12939,-729,0.46,0.8,5476.7457,0.454577166,10203.83,0.788610403,-0.334033236
7645,-4592,5487,10303,12049,12939,-838,0.46,0.8,5476.74703,0.454539549,10202.83,0.788533117,-0.333993568
7646,-4595,5482,10305,12044,12940,-910,0.46,0.8,5471.74038,0.454312552,10204.8615,0.788629173,-0.334316621
7647,-4598,5483,10307,12040,12937,-910,0.46,0.8,5472.73506,0.454546101,10206.767,0.788959341,-0.33441324
7648,-4593,5481,10303,12040,12934,-910,0.46,0.8,5470.73506,0.454379988,10202.6725,0.788825769,-0.334445781
7649,-4597,5478,10305,12039,12937,-910,0.46,0.8,5467.73373,0.45416843,10204.767,0.788804746,-0.334636316
7650,-4594,5469,10305,12011,12935,-910,0.46,0.8,5458.69649,0.454474772,10204.704,0.78892184,-0.334447068
7651,-4598,5472,10302,12009,12929,-910,0.46,0.8,5461.69383,0.454800052,10201.515,0.789041302,-0.33424125
7652,-4603,5467,10295,12008,12922,-799,0.46,0.8,5456.6925,0.454421427,10194.2945,0.78890996,-0.334488532
7653,-4608,5466,10295,12010,12921,-245,0.46,0.8,5455.69516,0.454262711,10194.263,0.788968578,-0.334705867
7654,-4606,5471,10301,12027,12926,307,0.45,0.8,5460.71777,0.454038228,10200.4205,0.789139757,-0.335101529
7655,-4611,5461,10300,12011,12920,861,0.45,0.8,5450.69649,0.453808716,10199.2315,0.789414203,-0.335605487
7656,-4608,5465,10296,12009,12916,1303,0.46,0.8,5454.69383,0.454217156,10195.1055,0.78933923,-0.335122074
7657,-4609,5463,10290,11997,12912,1303,0.46,0.8,5452.67787,0.454503448,10188.9795,0.789109317,-0.334605869
7658,-4608,5470,10300,12031,12914,1303,0.45,0.8,5459.72309,0.453804596,10199.0425,0.789766339,-0.335961743
7659,-4613,5467,10293,12018,12913,1303,0.45,0.8,5456.7058,0.454044417,10192.011,0.789282971,-0.335238554
7660,-4615,5459,10296,12001,12911,1303,0.45,0.8,5448.68319,0.454019098,10194.948,0.789632716,-0.335613619
7661,-4624,5472,10298,12034,12911,1303,0.45,0.8,5461.72708,0.453857992,10196.948,0.789787623,-0.335929631
7662,-4620,5461,10290,12016,12903,1085,0.45,0.8,5450.70314,0.453620434,10188.696,0.789637759,-0.336017324
7663,-4623,5455,10293,12001,12901,550,0.45,0.8,5444.68319,0.453685792,10191.633,0.78998783,-0.336302038
7664,-4625,5454,10289,11992,12895,16,0.45,0.8,5443.67122,0.453941896,10187.444,0.790030554,-0.336088658
7665,-4627,5456,10292,11999,12902,-518,0.45,0.8,5445.68053,0.453844531,10190.6645,0.789851535,-0.336007003
7666,-4630,5447,10291,11983,12895,-834,0.45,0.8,5436.65925,0.453697676,10189.444,0.790185653,-0.336487977
7667,-4629,5458,10292,12015,12900,-834,0.45,0.8,5447.70181,0.45340839,10190.6015,0.789969109,-0.336560718
7668,-4629,5453,10290,11996,12893,-834,0.45,0.8,5442.67654,0.453707614,10188.381,0.790225781,-0.336518167
7669,-4638,5442,10283,11984,12881,-834,0.45,0.8,5431.66058,0.453242705,10181.003,0.790389178,-0.337146473
7670,-4639,5449,10287,11994,12889,-834,0.45,0.8,5438.67388,0.453449548,10185.255,0.790228489,-0.336778941
7671,-4642,5444,10295,11983,12884,-834,0.45,0.8,5433.65925,0.453447321,10193.0975,0.791143861,-0.337696539
7672,-4641,5434,10290,11963,12878,-723,0.45,0.8,5423.63265,0.45336727,10187.9085,0.791109528,-0.337742258
7673,-4646,5445,10292,11995,12884,-323,0.45,0.8,5434.67521,0.453078383,10190.0975,0.790911014,-0.33783263
7674,-4643,5427,10286,11957,12881,77,0.45,0.8,5416.62467,0.45300867,10184.003,0.790622079,-0.337613409
7675,-4647,5423,10286,11954,12870,478,0.45,0.8,5412.62068,0.452787408,10183.6565,0.791270901,-0.338483493
7677,-4648,5422,10287,11952,12877,768,0.45,0.8,5411.61802,0.452779285,10184.877,0.790935544,-0.338156259
7678,-4652,5435,10288,11984,12876,768,0.45,0.8,5424.66058,0.452658593,10185.8455,0.791072189,-0.338413595
7679,-4653,5417,10284,11947,12870,768,0.45,0.8,5406.61137,0.452549709,10181.6565,0.791115501,-0.338565792
7680,-4658,5431,10277,11978,12861,768,0.45,0.8,5420.6526,0.452550726,10174.373,0.791102791,-0.338552065
7681,-4662,5413,10285,11940,12861,768,0.45,0.8,5402.60206,0.452479235,10182.373,0.791724827,-0.339245592
7682,-4664,5412,10283,11947,12854,768,0.45,0.8,5401.61137,0.452131194,10180.1525,0.791983235,-0.339852041
7683,-4662,5414,10278,11941,12851,638,0.45,0.8,5403.60339,0.452525198,10175.058,0.791771691,-0.339246493
7683,-4666,5411,10284,11937,12863,-7,0.45,0.8,5400.59807,0.452425071,10181.436,0.791528881,-0.33910381
7684,-4666,5406,10279,11928,12851,-654,0.45,0.8,5395.5861,0.452346253,10176.058,0.791849506,-0.339503253
7685,-4673,5404,10274,11934,12848,-1301,0.45,0.8,5393.59408,0.451951909,10170.9635,0.791637881,-0.339685973
7686,-4675,5395,10278,11913,12847,-1819,0.45,0.8,5384.56615,0.451990779,10174.932,0.792008407,-0.340017628
7687,-4680,5410,10277,11946,12845,-1819,0.45,0.8,5399.61004,0.45200151,10173.869,0.792048968,-0.340047458
7688,-4678,5395,10280,11919,12841,-1819,0.45,0.8,5384.57413,0.451763917,10176.743,0.792519508,-0.340755591
7689,-4687,5401,10280,11938,12841,-1819,0.45,0.8,5390.5994,0.451549623,10176.743,0.792519508,-0.340969885
7691,-4689,5389,10272,11914,12827,-1819,0.45,0.8,5378.56748,0.451449344,10168.302,0.792726436,-0.341277093
7692,-4688,5388,10273,11915,12829,-1819,0.45,0.8,5377.56881,0.451327638,10169.365,0.792685712,-0.341358074
7693,-4691,5387,10278,11904,12835,-1728,0.45,0.8,5376.55418,0.451659457,10174.554,0.792719439,-0.341059982
7694,-4697,5384,10275,11903,12827,-1273,0.45,0.8,5373.55285,0.451445253,10171.302,0.792960318,-0.341515065
7695,-4692,5381,10266,11896,12820,-819,0.45,0.8,5370.54354,0.45145793,10162.0815,0.792674064,-0.341216134
7696,-4698,5375,10261,11899,12813,-364,0.45,0.8,5364.54753,0.450840199,10156.861,0.79269968,-0.341859481
7697,-4705,5380,10269,11902,12814,0,0.45,0.8,5369.55152,0.451146994,10164.8925,0.793264593,-0.3421176
7698,-4711,5378,10266,11895,12802,0,0.45,0.8,5367.54221,0.451243565,10161.5145,0.793744298,-0.342500732
7699,-4707,5375,10265,11890,12810,0,0.45,0.8,5364.53556,0.451180451,10160.7665,0.793190203,-0.342009752
7700,-4712,5369,10260,11895,12805,0,0.45,0.8,5358.54221,0.450486945,10155.609,0.79309715,-0.342610205
7701,-4718,5368,10267,11888,12804,0,0.45,0.8,5357.5329,0.450667303,10162.5775,0.793703335,-0.343036032
7702,-4719,5362,10262,11884,12799,0,0.45,0.8,5351.52758,0.450313664,10157.42,0.793610438,-0.343296775
7702,-4724,5362,10262,11877,12795,-72,0.45,0.8,5351.51827,0.450578283,10157.294,0.793848691,-0.343270408
7703,-4731,5362,10257,11883,12790,-350,0.45,0.8,5351.52625,0.450351447,10152.1365,0.793755786,-0.343404338
7705,-4729,5358,10263,11875,12792,-627,0.45,0.8,5347.51561,0.450317104,10158.1995,0.794105652,-0.343788548
7706,-4735,5350,10266,11867,12790,-905,0.45,0.8,5339.50497,0.449945645,10161.1365,0.794459461,-0.344513815
7707,-4741,5344,10266,11864,12786,-1112,0.45,0.8,5333.50098,0.449553353,10161.0105,0.794698146,-0.345144793
7708,-4742,5344,10262,11854,12789,-1112,0.45,0.8,5333.48768,0.449931473,10157.105,0.794206349,-0.344274876
7709,-4744,5340,10272,11861,12785,-1112,0.45,0.8,5329.49699,0.449329482,10166.979,0.795227141,-0.345897659
7710,-4749,5353,10259,11886,12781,-1112,0.45,0.8,5342.53024,0.449480922,10153.853,0.794449026,-0.344968104
7711,-4749,5332,10264,11848,12776,-1112,0.45,0.8,5321.4797,0.449145822,10158.6955,0.795138972,-0.345993149
7712,-4759,5330,10264,11849,12775,-1112,0.45,0.8,5319.48103,0.448939238,10158.664,0.795198748,-0.34625951
7713,-4762,5330,10265,11850,12775,-1106,0.45,0.8,5319.48236,0.448901465,10159.664,0.795277025,-0.34637556
7714,-4766,5325,10256,11840,12759,-1078,0.45,0.8,5314.46906,0.448857184,10150.16,0.79552943,-0.346672246
7715,-4767,5321,10273,11844,12776,-1050,0.45,0.8,5310.47438,0.44836832,10167.6955,0.795843417,-0.347475098
7716,-4776,5315,10266,11838,12766,-1023,0.45,0.8,5304.4664,0.448088055,10160.3805,0.79589382,-0.347805764
7716,-4775,5311,10269,11826,12781,-1000,0.45,0.8,5300.45044,0.448203149,10163.853,0.795231437,-0.347028288
7717,-4785,5309,10266,11832,12765,-1000,0.45,0.8,5298.45842,0.447807507,10160.349,0.795953702,-0.348146195
7718,-4787,5305,10265,11824,12775,-1000,0.45,0.8,5294.44778,0.447771294,10159.664,0.795277025,-0.347505731
7720,-4792,5300,10258,11817,12752,-1000,0.45,0.8,5289.43847,0.447612632,10151.9395,0.79610567,-0.348493038
7721,-4794,5294,10267,11814,12761,-1000,0.45,0.8,5283.43448,0.447218087,10161.223,0.796271687,-0.3490536
7722,-4799,5296,10274,11819,12764,-1000,0.45,0.8,5285.44113,0.447198674,10168.3175,0.796640356,-0.349441682
7723,-4802,5293,10272,11808,12758,-1034,0.45,0.81,5282.4265,0.447359968,10166.1285,0.796843432,-0.349483464
7724,-4804,5289,10268,11800,12756,-1201,0.45,0.8,5278.41586,0.447323378,10162.0655,0.796649851,-0.349326473
7725,-4807,5290,10270,11808,12758,-1367,0.45,0.8,5279.4265,0.447105903,10164.1285,0.796686667,-0.349580764
7726,-4818,5283,10266,11795,12745,-1534,0.45,0.81,5272.40921,0.447003748,10159.719,0.797153315,-0.350149567
7727,-4814,5281,10262,11800,12747,-1668,0.45,0.81,5270.41586,0.446645412,10155.782,0.796719385,-0.350073973
7728,-4815,5277,10253,11794,12730,-1668,0.45,0.81,5266.40788,0.446532803,10146.2465,0.797034289,-0.350501486
7729,-4819,5274,10263,11795,12745,-1668,0.45,0.81,5263.40921,0.446240713,10156.719,0.796917929,-0.350677216
7730,-4819,5274,10249,11786,12725,-1668,0.45,0.81,5263.39724,0.446580455,10142.089,0.797020747,-0.350440292
7731,-4828,5272,10266,11790,12740,-1667,0.45,0.81,5261.40256,0.446259759,10159.5615,0.797453807,-0.351194048
7732,-4827,5271,10265,11788,12739,-1668,0.45,0.81,5260.3999,0.446250416,10158.53,0.797435434,-0.351185019
7733,-4836,5260,10260,11780,12732,-1610,0.45,0.81,5249.38926,0.445618783,10153.3095,0.797463831,-0.351845049
7734,-4839,5255,10251,11769,12722,-1325,0.45,0.81,5244.37463,0.445609196,10143.9945,0.797358474,-0.351749277
7735,-4838,5255,10267,11770,12738,-1040,0.45,0.81,5244.37596,0.445571449,10160.4985,0.797652575,-0.352081126
7736,-4842,5254,10266,11767,12733,-755,0.45,0.81,5243.37197,0.445599726,10159.341,0.797874892,-0.352275167
7737,-4844,5266,10245,11800,12709,-527,0.45,0.81,5255.41586,0.445374225,10137.585,0.797669762,-0.352295536
7738,-4848,5249,10260,11765,12728,-527,0.45,0.81,5238.36931,0.44525026,10153.1835,0.797704549,-0.352454289
7739,-4853,5244,10261,11759,12719,-527,0.45,0.81,5233.36133,0.445051563,10153.9,0.79832534,-0.353273777
7740,-4855,5248,10257,11763,12718,-527,0.45,0.81,5237.36665,0.445240725,10149.8685,0.79807112,-0.352830395
7741,-4853,5243,10266,11753,12726,-527,0.45,0.81,5232.35335,0.445193002,10159.1205,0.79829644,-0.353103439
7742,-4861,5238,10256,11754,12703,-527,0.45,0.81,5227.35468,0.444729852,10148.396,0.798897583,-0.354167731
7743,-4865,5234,10256,11748,12706,-459,0.45,0.81,5223.3467,0.444615824,10148.4905,0.798716394,-0.35410057
7744,-4867,5234,10271,11748,12724,-119,0.45,0.81,5223.3467,0.444615824,10164.0575,0.798809926,-0.354194102
7745,-4868,5228,10252,11735,12704,220,0.45,0.81,5217.32941,0.444595604,10144.4275,0.798522316,-0.353926712
7746,-4873,5229,10262,11739,12712,560,0.45,0.81,5218.33473,0.44452975,10154.6795,0.798826267,-0.354296517
7747,-4872,5222,10249,11731,12704,832,0.45,0.81,5211.32409,0.444235282,10141.4275,0.79828617,-0.354050888
7748,-4877,5219,10251,11728,12693,832,0.45,0.81,5208.3201,0.444092778,10143.081,0.799108249,-0.355015471
7749,-4878,5222,10261,11733,12709,832,0.45,0.81,5211.32675,0.444159784,10153.585,0.798928712,-0.354768928
7750,-4881,5217,10256,11727,12701,832,0.44,0.81,5206.31877,0.443959987,10148.333,0.799018424,-0.355058437
7751,-4885,5213,10240,11721,12683,832,0.44,0.81,5202.31079,0.443845302,10131.766,0.798846172,-0.35500087
7752,-4892,5213,10261,11718,12697,832,0.44,0.81,5202.3068,0.443958594,10153.207,0.799654013,-0.355695419
7753,-4887,5205,10253,11711,12692,725,0.44,0.81,5194.29749,0.443540047,10145.0495,0.799326308,-0.355786261
7754,-4895,5203,10241,11711,12674,190,0.44,0.81,5192.29749,0.443369267,10132.4825,0.799469978,-0.356100711
7755,-4886,5205,10239,11706,12677,-343,0.44,0.81,5194.29084,0.443728929,10130.577,0.799130473,-0.355401544
7756,-4892,5199,10241,11702,12678,-878,0.44,0.81,5188.28552,0.443367418,10132.6085,0.799227678,-0.35586026
7757,-4894,5201,10252,11707,12686,-1305,0.44,0.81,5190.29217,0.443349464,10143.8605,0.799610634,-0.35626117
7758,-4895,5203,10247,11705,12679,-1305,0.44,0.81,5192.28951,0.443595857,10138.64,0.79964035,-0.356044493
7759,-4899,5197,10242,11697,12672,-1305,0.44,0.81,5186.27887,0.443385387,10133.4195,0.799670099,-0.356284713
7760,-4900,5191,10245,11695,12674,-1305,0.44,0.81,5180.27621,0.442947944,10136.4825,0.799785585,-0.35683764
7760,-4900,5190,10240,11682,12670,-1305,0.44,0.81,5179.25892,0.443353785,10131.3565,0.799633504,-0.356279719
7761,-4903,5185,10236,11680,12661,-1305,0.44,0.81,5174.25626,0.443001392,10127.073,0.799863597,-0.356862205
7762,-4907,5184,10238,11683,12661,-1305,0.44,0.81,5173.26025,0.442802384,10129.073,0.800021562,-0.357219178
7763,-4909,5188,10240,11688,12663,-1289,0.44,0.81,5177.2669,0.442955758,10131.136,0.800058122,-0.357102364
7764,-4906,5186,10234,11674,12662,-1263,0.44,0.81,5175.24828,0.443314055,10125.1045,0.799644961,-0.356330906
7765,-4912,5180,10236,11675,12657,-1237,0.44,0.81,5169.24961,0.442762279,10126.947,0.800106423,-0.357344144
7766,-4907,5175,10249,11664,12674,-1211,0.44,0.81,5164.23498,0.442749913,10140.4825,0.800101191,-0.357351279
7767,-4912,5181,10237,11673,12656,-1201,0.44,0.81,5170.24695,0.44292358,10127.9155,0.800246168,-0.357322588
7768,-4915,5177,10239,11665,12657,-1201,0.44,0.81,5166.23631,0.442883524,10129.947,0.800343446,-0.357459922
7768,-4916,5176,10242,11664,12660,-1201,0.44,0.81,5165.23498,0.442835646,10133.0415,0.800398223,-0.357562576
7769,-4916,5174,10229,11668,12641,-1201,0.44,0.81,5163.2403,0.442512881,10119.443,0.800525512,-0.358012631
7770,-4923,5168,10222,11659,12639,-1201,0.44,0.81,5157.22833,0.442338822,10112.38,0.800093362,-0.357754539
7771,-4917,5175,10224,11653,12640,-1196,0.44,0.81,5164.22035,0.443166597,10114.4115,0.800190783,-0.357024187
7772,-4918,5168,10223,11646,12633,-1174,0.44,0.81,5157.21104,0.442831104,10113.191,0.80053756,-0.357706456
7772,-4919,5162,10218,11645,12632,-1152,0.44,0.81,5151.20971,0.442353775,10108.1595,0.80020262,-0.357848845
7773,-4922,5164,10222,11644,12629,-1130,0.44,0.81,5153.20838,0.442563413,10112.065,0.800701956,-0.358138543
7774,-4923,5162,10224,11640,12636,-1112,0.44,0.81,5151.20306,0.442543218,10114.2855,0.800434117,-0.357890899
7775,-4926,5159,10220,11636,12627,-1112,0.44,0.81,5148.19774,0.442437069,10110.002,0.8006654,-0.35822833
7776,-4925,5162,10215,11639,12625,-1112,0.44,0.81,5151.20173,0.442581126,10104.939,0.800391208,-0.357810082
7777,-4924,5160,10231,11638,12639,-1112,0.44,0.81,5149.2004,0.44244719,10121.38,0.800805443,-0.358358253
7777,-4924,5157,10216,11625,12622,-1112,0.44,0.81,5146.18311,0.442682418,10105.8445,0.800653185,-0.357970767
7778,-4927,5158,10219,11631,12624,-1112,0.44,0.81,5147.19109,0.442540718,10108.9075,0.800768972,-0.358228254
7778,-4923,5152,10218,11627,12621,-1076,0.44,0.81,5141.18577,0.442176466,10107.813,0.800872593,-0.358696127
7779,-4930,5154,10210,11627,12609,-898,0.44,0.81,5143.18577,0.442348479,10099.435,0.800970339,-0.358621859
7780,-4934,5156,10214,11623,12611,-720,0.44,0.81,5145.18045,0.442672326,10103.498,0.80116549,-0.358493164
7780,-4932,5150,10217,11620,12612,-542,0.44,0.81,5139.17646,0.442269919,10106.5295,0.801342333,-0.359072414
7781,-4933,5151,10218,11618,12617,-400,0.44,0.81,5140.1738,0.442431899,10107.687,0.801116509,-0.358684611
7782,-4929,5153,10217,11606,12612,-400,0.44,0.81,5142.15784,0.4430603,10106.5295,0.801342333,-0.358282033
7782,-4933,5151,10208,11618,12609,-400,0.44,0.81,5140.1738,0.442431899,10097.435,0.800811722,-0.358379823
7783,-4931,5150,10221,11618,12622,-400,0.44,0.81,5139.1738,0.442345825,10110.8445,0.801049319,-0.358703493
7784,-4928,5152,10209,11605,12604,-400,0.44,0.81,5141.15651,0.443012194,10098.2775,0.801196247,-0.358184053
7784,-4936,5147,10207,11605,12597,-400,0.44,0.81,5136.15651,0.442581345,10096.057,0.80146519,-0.358883845
7785,-4936,5149,10201,11613,12596,-410,0.44,0.81,5138.16715,0.442449595,10090.0255,0.801049976,-0.358600381
7785,-4939,5142,10207,11604,12603,-457,0.44,0.81,5131.15518,0.442188485,10096.246,0.801098627,-0.358910142
7786,-4932,5138,10209,11594,12598,-504,0.44,0.81,5127.14188,0.442223726,10098.0885,0.801562827,-0.359339101
7787,-4942,5145,10203,11608,12592,-551,0.44,0.81,5134.1605,0.442295012,10091.8995,0.801453264,-0.359158252
7787,-4936,5142,10202,11601,12593,-589,0.44,0.81,5131.15119,0.44230249,10090.931,0.801312713,-0.359010223
7788,-4942,5139,10207,11601,12593,-589,0.44,0.81,5128.15119,0.442043892,10095.931,0.801709759,-0.359665867
7788,-4945,5139,10202,11595,12590,-589,0.44,0.81,5128.14321,0.442271946,10090.8365,0.801496148,-0.359224202
7789,-4943,5138,10209,11596,12593,-589,0.44,0.81,5127.14454,0.442147684,10097.931,0.801868578,-0.359720894
7789,-4943,5137,10204,11593,12589,-589,0.44,0.81,5126.14055,0.442175498,10092.805,0.801716181,-0.359540683
7790,-4943,5136,10203,11594,12585,-589,0.44,0.81,5125.14188,0.442051223,10091.679,0.801881526,-0.359830303
7790,-4947,5137,10200,11590,12583,-595,0.44,0.81,5126.13656,0.442289608,10088.616,0.801765557,-0.359475948
7791,-4950,5132,10196,11583,12577,-626,0.44,0.81,5121.12725,0.442124428,10084.427,0.80181498,-0.359690552
7791,-4950,5132,10199,11586,12583,-658,0.44,0.81,5121.13124,0.442010292,10087.616,0.801686084,-0.359675793
7792,-4948,5126,10200,11576,12581,-690,0.44,0.81,5115.11794,0.441872662,10088.553,0.801888006,-0.360015343
7793,-4947,5133,10195,11582,12573,-715,0.44,0.81,5122.12592,0.442248827,10083.301,0.801980514,-0.359731686
7793,-4949,5131,10199,11578,12576,-715,0.44,0.81,5120.1206,0.442228416,10087.3955,0.802114782,-0.359886366
7793,-4947,5131,10202,11589,12574,-715,0.44,0.81,5120.13523,0.441809926,10090.3325,0.802475942,-0.360666017
7794,-4945,5133,10194,11582,12579,-715,0.44,0.81,5122.12592,0.442248827,10082.49,0.801533508,-0.359284681
7794,-4950,5133,10202,11580,12579,-715,0.44,0.81,5122.12326,0.442324979,10090.49,0.802169489,-0.35984451
7794,-4951,5131,10194,11582,12568,-715,0.44,0.81,5120.12592,0.442076146,10082.1435,0.802207471,-0.360131326
7795,-4947,5125,10201,11575,12575,-735,0.44,0.81,5114.11661,0.441824329,10089.364,0.802335109,-0.36051078
7795,-4952,5127,10191,11571,12569,-834,0.44,0.81,5116.11129,0.44214945,10079.175,0.801907471,-0.35975802
7796,-4947,5128,10194,11569,12571,-933,0.44,0.81,5117.10863,0.442312095,10082.238,0.802023546,-0.359711451
7796,-4952,5125,10196,11562,12573,-1032,0.44,0.81,5114.09932,0.442319609,10084.301,0.802060049,-0.35974044
7797,-4953,5128,10194,11568,12567,-1112,0.44,0.81,5117.1073,0.442350216,10082.112,0.802268799,-0.359918583
7797,-4949,5130,10194,11572,12571,-1112,0.44,0.81,5119.11262,0.442370603,10082.238,0.802023546,-0.359652943
7797,-4954,5125,10191,11568,12566,-1112,0.44,0.81,5114.1073,0.44209088,10079.0805,0.802091397,-0.360000517
7797,-4957,5126,10193,11563,12568,-1112,0.44,0.81,5115.10065,0.442367954,10081.1435,0.802127904,-0.35975995
7798,-4952,5130,10195,11574,12566,-1112,0.44,0.81,5119.11528,0.442294391,10083.0805,0.802409717,-0.360115326
7798,-4958,5123,10197,11562,12565,-1112,0.44,0.81,5112.09932,0.442146629,10085.049,0.802630243,-0.360483614
7798,-4954,5126,10197,11566,12568,-1167,0.44,0.81,5115.10464,0.442253557,10085.1435,0.802446173,-0.360192616
7799,-4949,5126,10191,11566,12563,-1445,0.44,0.81,5115.10464,0.442253557,10078.986,0.802275412,-0.360021855
7799,-4954,5124,10185,11567,12561,-1723,0.44,0.81,5113.10597,0.442042532,10072.923,0.801920468,-0.359877936
7799,-4961,5127,10203,11567,12571,-2001,0.44,0.81,5116.10597,0.442301891,10091.238,0.80273948,-0.360437589
7799,-4949,5119,10199,11554,12570,-2223,0.44,0.81,5108.08868,0.44210565,10087.2065,0.802482617,-0.360376967
7800,-4955,5120,10194,11553,12565,-2223,0.44,0.81,5109.08735,0.44223036,10082.049,0.802391484,-0.360161124
7800,-4957,5120,10184,11556,12556,-2223,0.44,0.81,5109.09134,0.4421159,10071.7655,0.802147619,-0.360031719
7800,-4957,5122,10196,11556,12568,-2223,0.44,0.81,5111.09134,0.44228897,10084.1435,0.802366606,-0.360077635
7800,-4957,5119,10197,11553,12564,-2223,0.44,0.81,5108.08735,0.442143802,10085.0175,0.802691619,-0.360547816
7800,-4960,5120,10191,11559,12560,-2223,0.44,0.81,5109.09533,0.442001499,10078.8915,0.802459514,-0.360458015
7801,-4959,5114,10195,11551,12560,-2112,0.44,0.81,5103.08469,0.441787264,10082.8915,0.802777986,-0.360990721
7801,-4958,5115,10190,11548,12563,-1556,0.44,0.81,5104.0807,0.441988284,10077.986,0.802195813,-0.360207529
7801,-4955,5115,10185,11550,12556,-1001,0.44,0.81,5104.08336,0.441911979,10072.7655,0.802227262,-0.360315283
7801,-4960,5123,10188,11560,12556,-445,0.44,0.81,5112.09666,0.442222894,10075.7655,0.802466191,-0.360243297
7801,-4958,5118,10196,11556,12557,0,0.44,0.81,5107.09134,0.44194283,10083.797,0.803041889,-0.361099059
7801,-4958,5119,10184,11557,12553,0,0.44,0.81,5108.09267,0.441991232,10071.671,0.802331793,-0.360340561
7802,-4954,5117,10193,11554,12560,0,0.44,0.81,5106.08868,0.44193255,10080.8915,0.80261875,-0.3606862
7802,-4960,5117,10200,11553,12561,0,0.44,0.81,5106.08735,0.441970687,10087.923,0.803114641,-0.361143953
7802,-4960,5123,10182,11555,12554,0,0.44,0.81,5112.09001,0.442413675,10069.7025,0.80211108,-0.359697406
7802,-4960,5116,10191,11552,12557,0,0.44,0.81,5105.08602,0.441922266,10078.797,0.802643705,-0.360721438
7802,-4963,5114,10191,11556,12550,0,0.44,0.81,5103.09134,0.441596689,10078.5765,0.803073825,-0.361477136
7802,-4957,5121,10189,11556,12559,0,0.44,0.81,5110.09134,0.442202435,10076.86,0.802361653,-0.360159218
7802,-4960,5117,10191,11555,12563,0,0.44,0.81,5106.09001,0.441894419,10078.986,0.802275412,-0.360380993
7802,-4957,5117,10190,11555,12557,0,0.44,0.81,5106.09001,0.441894419,10077.797,0.802564068,-0.360669649
7802,-4956,5112,10190,11547,12559,0,0.44,0.81,5101.07937,0.441766638,10077.86,0.802441277,-0.360674639
7802,-4959,5123,10190,11569,12554,0,0.44,0.81,5112.10863,0.441879906,10077.7025,0.802748327,-0.360868421
7802,-4960,5116,10187,11551,12556,0,0.44,0.81,5105.08469,0.441960409,10074.7655,0.802386548,-0.360426139
7802,-4957,5118,10186,11559,12556,0,0.44,0.81,5107.09533,0.441828474,10073.7655,0.802306905,-0.360478431
7802,-4958,5115,10194,11556,12558,0,0.44,0.81,5104.09134,0.441683224,10081.8285,0.80282119,-0.361137965
7802,-4961,5119,10190,11553,12554,0,0.44,0.81,5108.08735,0.442143802,10077.7025,0.802748327,-0.360604525
7802,-4966,5120,10189,11561,12548,-50,0.44,0.81,5109.09799,0.441925265,10076.5135,0.803037416,-0.361112151
7802,-4960,5118,10184,11556,12550,-300,0.44,0.81,5107.09134,0.44194283,10071.5765,0.802516056,-0.360573226
7802,-4958,5109,10194,11545,12558,-550,0.44,0.81,5098.07671,0.441583084,10081.8285,0.80282119,-0.361238105
7802,-4961,5117,10185,11550,12552,-800,0.44,0.81,5106.08336,0.442085139,10072.6395,0.802472873,-0.360387733
7803,-4961,5115,10197,11546,12563,-1000,0.44,0.81,5104.07804,0.442064615,10084.986,0.802753005,-0.36068839
7803,-4961,5115,10192,11549,12553,-1000,0.44,0.81,5104.08203,0.441950128,10079.671,0.802969091,-0.361018963
7803,-4959,5115,10191,11549,12557,-1000,0.44,0.81,5104.08203,0.441950128,10078.797,0.802643705,-0.360693577
7803,-4963,5117,10187,11547,12551,-1000,0.44,0.81,5106.07937,0.442199651,10074.608,0.80269365,-0.360493999
7802,-4960,5118,10188,11565,12555,-1000,0.44,0.81,5107.10331,0.44159994,10075.734,0.802527599,-0.360927658
7802,-4958,5116,10188,11551,12557,-1000,0.44,0.81,5105.08469,0.441960409,10075.797,0.802404794,-0.360444385
7802,-4960,5118,10186,11554,12555,-974,0.44,0.81,5107.08868,0.4420191,10073.734,0.802368299,-0.3603492
7802,-4961,5120,10187,11556,12553,-843,0.44,0.81,5109.09134,0.4421159,10074.671,0.80257078,-0.36045488
7802,-4959,5117,10189,11553,12561,-712,0.44,0.81,5106.08735,0.441970687,10076.923,0.802238914,-0.360268227
7802,-4961,5115,10192,11548,12557,-581,0.44,0.81,5104.0807,0.441988284,10079.797,0.802723342,-0.360735058
7802,-4960,5123,10188,11553,12555,-477,0.44,0.81,5112.08735,0.442490033,10075.734,0.802527599,-0.360037566
7802,-4957,5118,10188,11555,12554,-477,0.44,0.81,5107.09001,0.441980961,10075.7025,0.802589015,-0.360608054
7802,-4959,5118,10187,11553,12553,-477,0.44,0.81,5107.08735,0.442057245,10074.671,0.80257078,-0.360513535
7802,-4964,5116,10183,11551,12552,-477,0.44,0.81,5105.08469,0.441960409,10070.6395,0.802313536,-0.360353126
7802,-4962,5116,10195,11554,12561,-477,0.44,0.81,5105.08868,0.441846,10082.923,0.802716583,-0.360870583
7802,-4960,5117,10183,11550,12552,-477,0.44,0.81,5106.08336,0.442085139,10070.6395,0.802313536,-0.360228396
7802,-4961,5118,10186,11553,12553,-362,0.44,0.81,5107.08735,0.442057245,10073.671,0.802491118,-0.360433873
7802,-4960,5123,10184,11553,12548,211,0.44,0.81,5112.08735,0.442490033,10071.5135,0.802638946,-0.360148914
7802,-4958,5122,10188,11558,12555,784,0.44,0.81,5111.094,0.442212667,10075.734,0.802527599,-0.360314932
7802,-4955,5121,10186,11555,12558,1358,0.44,0.81,5110.09001,0.442240589,10073.8285,0.802184146,-0.359943556
7801,-4959,5119,10186,11555,12557,1817,0.44,0.81,5108.09001,0.442067504,10073.797,0.80224552,-0.360178016
7801,-4960,5119,10190,11561,12554,1817,0.44,0.81,5108.09799,0.441838767,10077.7025,0.802748327,-0.36090956
7801,-4964,5123,10189,11555,12552,1817,0.44,0.81,5112.09001,0.442413675,10076.6395,0.802791547,-0.360377873
7802,-4960,5120,10188,11559,12552,1817,0.44,0.81,5109.09533,0.442001499,10075.6395,0.802711879,-0.360710379
7802,-4960,5116,10184,11554,12553,1817,0.44,0.81,5105.08868,0.441846,10071.671,0.802331793,-0.360485794
7802,-4963,5117,10187,11555,12548,1817,0.44,0.81,5106.09001,0.441894419,10074.5135,0.802878028,-0.36098361
7802,-4957,5121,10188,11558,12556,1676,0.44,0.81,5110.094,0.442126146,10075.7655,0.802466191,-0.360340045
7802,-4963,5118,10188,11558,12553,971,0.44,0.81,5107.094,0.441866586,10075.671,0.802650442,-0.360783856
7802,-4961,5123,10192,11558,12563,267,0.44,0.81,5112.094,0.442299187,10079.986,0.802355011,-0.360055824
7802,-4956,5117,10194,11552,12563,-437,0.44,0.81,5106.08602,0.442008831,10081.986,0.802514208,-0.360505377
7802,-4962,5121,10191,11550,12559,-1000,0.44,0.81,5110.08336,0.44243146,10078.86,0.802520901,-0.360089442
7802,-4965,5121,10198,11564,12561,-1000,0.44,0.81,5110.10198,0.441897439,10085.923,0.802955418,-0.361057979
7802,-4961,5121,10194,11561,12565,-1000,0.44,0.81,5110.09799,0.442011763,10082.049,0.802391484,-0.360379721
7801,-4961,5120,10190,11556,12560,-1000,0.44,0.81,5109.09134,0.4421159,10077.8915,0.802379896,-0.360263997
7801,-4958,5122,10192,11555,12563,-1000,0.44,0.81,5111.09001,0.442327132,10079.986,0.802355011,-0.360027879
7801,-4958,5121,10184,11556,12553,-1000,0.44,0.81,5110.09134,0.442202435,10071.671,0.802331793,-0.360129358
7801,-4962,5122,10193,11559,12561,-927,0.44,0.81,5111.09533,0.442174525,10080.923,0.80255736,-0.360382835
7801,-4964,5119,10191,11558,12556,-558,0.44,0.81,5108.094,0.441953106,10078.7655,0.802705121,-0.360752015
7802,-4961,5119,10196,11553,12563,-188,0.44,0.81,5108.08735,0.442143802,10083.986,0.802673406,-0.360529604
7802,-4962,5118,10192,11552,12552,179,0.44,0.81,5107.08602,0.442095396,10079.6395,0.803030553,-0.360935156
7802,-4958,5113,10192,11550,12559,475,0.44,0.81,5102.08336,0.441738819,10079.86,0.802600526,-0.360861706
7802,-4962,5117,10189,11558,12555,475,0.44,0.81,5106.094,0.441780066,10076.734,0.802607248,-0.360827182
7802,-4964,5113,10195,11549,12557,475,0.44,0.81,5102.08203,0.441776953,10082.797,0.802962252,-0.361185299
7802,-4962,5112,10192,11550,12554,475,0.44,0.81,5101.08336,0.441652239,10079.7025,0.802907639,-0.3612554
7802,-4959,5114,10190,11547,12555,475,0.44,0.81,5103.07937,0.441939843,10077.734,0.802686898,-0.360747054
7802,-4962,5118,10190,11557,12556,475,0.44,0.81,5107.09267,0.441904705,10077.7655,0.802625478,-0.360720773
7802,-4960,5114,10185,11550,12554,429,0.44,0.81,5103.08336,0.441825399,10072.7025,0.802350048,-0.360524649
7802,-4962,5120,10192,11552,12555,201,0.44,0.81,5109.08602,0.442268527,10079.734,0.802846197,-0.36057767
7802,-4962,5120,10184,11556,12550,-25,0.44,0.81,5109.09134,0.4421159,10071.5765,0.802516056,-0.360400156
7802,-4963,5113,10185,11558,12557,-253,0.44,0.81,5102.094,0.441433985,10072.797,0.802165884,-0.360731898
7802,-4956,5121,10193,11559,12565,-435,0.44,0.81,5110.09533,0.442088012,10081.049,0.802311898,-0.360223886
7801,-4967,5117,10189,11557,12551,-435,0.44,0.81,5106.09267,0.441818177,10076.608,0.802853,-0.361034823
7801,-4960,5119,10190,11560,12564,-435,0.44,0.81,5108.09666,0.441876874,10078.0175,0.802134472,-0.360257598
7801,-4957,5119,10194,11558,12561,-435,0.44,0.81,5108.094,0.441953106,10081.923,0.802636972,-0.360683866
7801,-4963,5116,10193,11555,12559,-435,0.44,0.81,5105.09001,0.441807876,10080.86,0.80268015,-0.360872273
7801,-4959,5118,10193,11550,12559,-435,0.44,0.81,5107.08336,0.442171719,10080.86,0.80268015,-0.36050843
7802,-4958,5121,10195,11559,12563,-455,0.44,0.81,5110.09533,0.442088012,10082.986,0.802593807,-0.360505795
7802,-4963,5121,10192,11553,12555,-555,0.44,0.81,5110.08735,0.442316918,10079.734,0.802846197,-0.360529279
7802,-4959,5123,10189,11562,12555,-654,0.44,0.81,5112.09932,0.442146629,10076.734,0.802607248,-0.360460619
7802,-4964,5115,10191,11557,12555,-754,0.44,0.81,5104.09267,0.441645122,10078.734,0.802766547,-0.361121426
7802,-4961,5118,10191,11560,12563,-834,0.44,0.81,5107.09666,0.441790369,10078.986,0.802275412,-0.360485043
7802,-4957,5120,10182,11550,12553,-834,0.44,0.81,5109.08336,0.44234488,10069.671,0.802172469,-0.359827589
7802,-4961,5123,10191,11558,12559,-834,0.44,0.81,5112.094,0.442299187,10078.86,0.802520901,-0.360221715
7802,-4962,5119,10188,11558,12551,-834,0.44,0.81,5108.094,0.441953106,10075.608,0.802773325,-0.360820219
7802,-4958,5122,10196,11559,12559,-834,0.44,0.81,5111.09533,0.442174525,10083.86,0.802919022,-0.360744498
7802,-4956,5120,10195,11559,12564,-834,0.44,0.81,5109.09533,0.442001499,10083.0175,0.802532434,-0.360530935
7801,-4963,5117,10188,11554,12549,-871,0.44,0.81,5106.08868,0.44193255,10075.545,0.802896247,-0.360963697
7801,-4960,5122,10191,11563,12558,-1058,0.44,0.81,5111.10065,0.442022023,10078.8285,0.802582298,-0.360560275
7801,-4960,5124,10185,11562,12558,-1244,0.44,0.81,5113.09932,0.442233119,10072.8285,0.802104515,-0.359871396
7801,-4961,5110,10190,11550,12555,-1430,0.44,0.81,5099.08336,0.441479079,10077.734,0.802686898,-0.361207819
7801,-4961,5116,10195,11552,12560,-1580,0.44,0.81,5105.08602,0.441922266,10082.8915,0.802777986,-0.360855719
7801,-4958,5120,10180,11559,12552,-1580,0.44,0.81,5109.09533,0.442001499,10067.6395,0.80207453,-0.360073031
7802,-4964,5118,10185,11550,12549,-1580,0.44,0.81,5107.08336,0.442171719,10072.545,0.802657184,-0.360485464
7802,-4959,5119,10198,11559,12563,-1580,0.44,0.81,5108.09533,0.441914987,10085.986,0.802832604,-0.360917617
7802,-4962,5115,10193,11550,12558,-1580,0.44,0.81,5104.08336,0.441911979,10080.8285,0.802741559,-0.36082958
7802,-4961,5117,10187,11553,12558,-1580,0.44,0.81,5106.08735,0.441970687,10074.8285,0.802263776,-0.360293089
7802,-4957,5119,10189,11563,12557,-1566,0.44,0.81,5108.10065,0.441762575,10076.797,0.802484431,-0.360721856
7802,-4962,5114,10185,11547,12545,-1497,0.44,0.81,5103.07937,0.441939843,10072.419,0.802903069,-0.360963226
7802,-4958,5120,10187,11558,12552,-1429,0.44,0.81,5109.094,0.442039626,10074.6395,0.80263221,-0.360592584
7802,-4960,5125,10189,11560,12556,-1360,0.44,0.81,5114.09666,0.442395905,10076.7655,0.802545835,-0.36014993
7802,-4957,5121,10187,11557,12562,-1305,0.44,0.81,5110.09267,0.442164287,10074.9545,0.802018349,-0.359854062
7801,-4961,5119,10197,11554,12564,-1305,0.44,0.81,5108.08868,0.44210565,10085.0175,0.802691619,-0.360585969
7801,-4959,5121,10192,11560,12557,-1305,0.44,0.81,5110.09666,0.442049884,10079.797,0.802723342,-0.360673457
7801,-4962,5120,10187,11556,12561,-1305,0.44,0.81,5109.09134,0.4421159,10074.923,0.802079691,-0.359963791
7802,-4960,5123,10190,11563,12550,-1305,0.44,0.81,5112.10065,0.442108506,10077.5765,0.802994143,-0.360885638
7802,-4963,5121,10188,11559,12553,-1305,0.44,0.81,5110.09533,0.442088012,10075.671,0.802650442,-0.36056243
7802,-4960,5120,10188,11560,12561,-1285,0.44,0.81,5109.09666,0.441963379,10075.923,0.802159303,-0.360195924
7802,-4961,5125,10191,11567,12558,-1186,0.44,0.81,5114.10597,0.442128985,10078.8285,0.802582298,-0.360453313
7801,-4955,5125,10187,11561,12552,-1088,0.44,0.81,5114.09799,0.442357754,10074.6395,0.80263221,-0.360274456
7801,-4961,5118,10194,11555,12562,-989,0.44,0.81,5107.09001,0.441980961,10081.9545,0.802575585,-0.360594624
7801,-4958,5119,10188,11552,12561,-910,0.44,0.81,5108.08602,0.442181962,10075.923,0.802159303,-0.359977341
7802,-4966,5118,10183,11555,12549,-910,0.44,0.81,5107.09001,0.441980961,10070.545,0.802497809,-0.360516847
7802,-4962,5119,10194,11555,12554,-910,0.44,0.81,5108.09001,0.442067504,10081.7025,0.803066951,-0.360999447
7802,-4963,5119,10187,11562,12549,-910,0.44,0.81,5108.09932,0.441800668,10074.545,0.802816559,-0.361015891
7802,-4958,5115,10185,11551,12551,-910,0.44,0.81,5104.08469,0.441873837,10072.608,0.8025343,-0.360660463
7802,-4962,5123,10186,11553,12553,-910,0.44,0.81,5112.08735,0.442490033,10073.671,0.802491118,-0.360001085
7802,-4963,5121,10188,11557,12555,-910,0.44,0.81,5110.09267,0.442164287,10075.734,0.802527599,-0.360363311
7802,-4960,5119,10190,11556,12554,-791,0.44,0.81,5108.09134,0.442029365,10077.7025,0.802748327,-0.360718962
7802,-4960,5112,10193,11547,12559,-672,0.44,0.81,5101.07937,0.441766638,10080.86,0.80268015,-0.360913512
7802,-4960,5119,10188,11556,12550,-554,0.44,0.81,5108.09134,0.442029365,10075.5765,0.802834781,-0.360805416
7802,-4954,5121,10192,11556,12557,-435,0.44,0.81,5110.09134,0.442202435,10079.797,0.802723342,-0.360520906
7802,-4959,5120,10194,11554,12561,-435,0.44,0.81,5109.08868,0.4421922,10081.923,0.802636972,-0.360444771
7802,-4958,5117,10197,11556,12564,-435,0.44,0.81,5106.09134,0.441856295,10085.0175,0.802691619,-0.360835324
7802,-4956,5118,10191,11555,12557,-435,0.44,0.81,5107.09001,0.441980961,10078.797,0.802643705,-0.360662743
7801,-4961,5117,10191,11555,12561,-435,0.44,0.81,5106.09001,0.441894419,10078.923,0.802398137,-0.360503718
7801,-4958,5122,10197,11560,12559,-435,0.44,0.81,5111.09666,0.442136389,10084.86,0.802998646,-0.360862257
7801,-4958,5121,10188,11557,12560,-414,0.44,0.81,5110.09267,0.442164287,10075.8915,0.802220661,-0.360056373
7801,-4960,5121,10194,11552,12568,-305,0.44,0.81,5110.08602,0.442355092,10082.1435,0.802207471,-0.35985238
7802,-4958,5119,10193,11560,12563,-196,0.44,0.81,5108.09666,0.441876874,10080.986,0.80243461,-0.360557736
7802,-4960,5119,10195,11549,12566,-88,0.44,0.81,5108.08203,0.442296478,10083.0805,0.802409717,-0.360113238
7802,-4960,5117,10189,11557,12552,0,0.44,0.81,5106.09267,0.441818177,10076.6395,0.802791547,-0.36097337
7802,-4958,5125,10193,11557,12558,0,0.44,0.81,5114.09267,0.442510398,10080.8285,0.802741559,-0.360231161
7802,-4957,5122,10191,11563,12556,0,0.44,0.81,5111.10065,0.442022023,10078.7655,0.802705121,-0.360683098
7802,-4962,5114,10195,11548,12563,0,0.44,0.81,5103.0807,0.441901689,10082.986,0.802593807,-0.360692119
7802,-4959,5121,10189,11559,12555,0,0.44,0.81,5110.09533,0.442088012,10076.734,0.802607248,-0.360519236
7801,-4960,5123,10193,11560,12552,0,0.44,0.81,5112.09666,0.442222894,10080.6395,0.803110221,-0.360887327
7801,-4961,5121,10189,11561,12556,0,0.44,0.81,5110.09799,0.442011763,10076.7655,0.802545835,-0.360534072
7801,-4961,5115,10193,11555,12562,0,0.44,0.81,5104.09001,0.441721334,10080.9545,0.80249598,-0.360774646
7801,-4955,5115,10188,11557,12553,0,0.44,0.81,5104.09267,0.441645122,10075.671,0.802650442,-0.361005321
7801,-4958,5116,10187,11550,12558,0,0.44,0.81,5105.08336,0.441998559,10074.8285,0.802263776,-0.360265217
7802,-4958,5122,10182,11563,12554,0,0.44,0.81,5111.10065,0.442022023,10069.7025,0.80211108,-0.360089057
7802,-4962,5122,10191,11555,12556,0,0.44,0.81,5111.09001,0.442327132,10078.7655,0.802705121,-0.360377989
7802,-4965,5118,10193,11556,12559,0,0.44,0.81,5107.09134,0.44194283,10080.86,0.80268015,-0.36073732
7802,-4962,5118,10186,11556,12548,0,0.44,0.81,5107.09134,0.44194283,10073.5135,0.802798334,-0.360855505
7802,-4961,5117,10193,11558,12562,0,0.44,0.81,5106.094,0.441780066,10080.9545,0.80249598,-0.360715914
7802,-4961,5118,10186,11556,12560,0,0.44,0.81,5107.09134,0.44194283,10073.8915,0.802061425,-0.360118595
7802,-4960,5119,10186,11557,12554,-22,0.44,0.81,5108.09267,0.441991232,10073.7025,0.802429704,-0.360438472
7802,-4966,5117,10191,11550,12557,-154,0.44,0.81,5106.08336,0.442085139,10078.797,0.802643705,-0.360558565
7802,-4959,5122,10185,11556,12558,-286,0.44,0.81,5111.09134,0.44228897,10072.8285,0.802104515,-0.359815545
7802,-4959,5120,10192,11553,12564,-417,0.44,0.81,5109.08735,0.44223036,10080.0175,0.802293656,-0.360063296
7801,-4962,5116,10194,11550,12557,-527,0.44,0.81,5105.08336,0.441998559,10081.797,0.802882615,-0.360884056
7801,-4957,5117,10190,11548,12557,-527,0.44,0.81,5106.0807,0.442161474,10077.797,0.802564068,-0.360402594
7801,-4960,5115,10188,11556,12555,-527,0.44,0.81,5104.09134,0.441683224,10075.734,0.802527599,-0.360844374
7801,-4957,5123,10190,11558,12559,-527,0.44,0.81,5112.094,0.442299187,10077.86,0.802441277,-0.36014209
7801,-4952,5119,10189,11554,12561,-527,0.44,0.81,5108.08868,0.44210565,10076.923,0.802238914,-0.360133264
7802,-4964,5116,10194,11556,12560,-527,0.44,0.81,5105.09134,0.441769759,10081.8915,0.802698368,-0.360928608
7802,-4963,5117,10187,11553,12554,-527,0.44,0.81,5106.08735,0.441970687,10074.7025,0.80250936,-0.360538672
7802,-4961,5119,10186,11556,12555,-395,0.44,0.81,5108.09134,0.442029365,10073.734,0.802368299,-0.360338935
7802,-4957,5119,10185,11556,12553,-264,0.44,0.81,5108.09134,0.442029365,10072.671,0.802411455,-0.360382091
7802,-4962,5121,10184,11562,12554,-132,0.44,0.81,5110.09932,0.441973648,10071.7025,0.802270392,-0.360296744
7802,-4955,5122,10189,11557,12555,0,0.44,0.81,5111.09267,0.442250815,10076.734,0.802607248,-0.360356433
7802,-4958,5122,10186,11558,12557,0,0.44,0.81,5111.094,0.442212667,10073.797,0.80224552,-0.360032854
7802,-4957,5125,10190,11560,12557,0,0.44,0.81,5114.09666,0.442395905,10077.797,0.802564068,-0.360168163
7802,-4960,5118,10191,11560,12558,0,0.44,0.81,5107.09666,0.441790369,10078.8285,0.802582298,-0.36079193
7801,-4955,5123,10190,11562,12560,0,0.44,0.81,5112.09932,0.442146629,10077.8915,0.802379896,-0.360233268
7801,-4953,5126,10189,11555,12559,0,0.44,0.81,5115.09001,0.442673302,10076.86,0.802361653,-0.359688351
7801,-4959,5121,10186,11555,12552,0,0.44,0.81,5110.09001,0.442240589,10073.6395,0.802552541,-0.360311952
7801,-4961,5121,10188,11560,12553,-278,0.44,0.81,5110.09666,0.442049884,10075.671,0.802650442,-0.360600558
7802,-4960,5121,10192,11561,12563,-556,0.44,0.81,5110.09799,0.442011763,10079.986,0.802355011,-0.360343248
7802,-4962,5123,10190,11558,12555,-834,0.44,0.81,5112.094,0.442299187,10077.734,0.802686898,-0.360387711
7802,-4957,5121,10190,11558,12559,-1112,0.44,0.81,5110.094,0.442126146,10077.86,0.802441277,-0.360315131
7802,-4954,5124,10193,11559,12556,-1112,0.44,0.81,5113.09533,0.44234755,10080.7655,0.802864407,-0.360516857
7802,-4958,5120,10187,11558,12554,-1112,0.44,0.81,5109.094,0.442039626,10074.7025,0.80250936,-0.360469733
7801,-4956,5121,10185,11553,12557,-1112,0.44,0.81,5110.08735,0.442316918,10072.797,0.802165884,-0.359848966
7801,-4958,5118,10194,11559,12560,-1112,0.44,0.81,5107.09533,0.441828474,10081.8915,0.802698368,-0.360869894
7801,-4956,5123,10187,11561,12558,-1112,0.44,0.81,5112.09799,0.442184758,10074.8285,0.802263776,-0.360079018
7801,-4964,5124,10190,11559,12557,-1112,0.44,0.81,5113.09533,0.44234755,10077.797,0.802564068,-0.360216518
7802,-4960,5120,10185,11562,12553,-953,0.44,0.81,5109.09932,0.441887158,10072.671,0.802411455,-0.360524297
7802,-4952,5122,10190,11558,12563,-794,0.44,0.81,5111.094,0.442212667,10077.986,0.802195813,-0.359983147
7802,-4960,5113,10194,11553,12562,-635,0.44,0.81,5102.08735,0.441624457,10081.9545,0.802575585,-0.360951128
7802,-4957,5116,10194,11547,12563,-477,0.44,0.81,5105.07937,0.442113048,10081.986,0.802514208,-0.36040116
7802,-4958,5120,10192,11554,12562,-477,0.44,0.81,5109.08868,0.4421922,10079.9545,0.802416375,-0.360224175
7802,-4961,5117,10198,11553,12565,-477,0.44,0.81,5106.08735,0.441970687,10086.049,0.802709829,-0.360739142
7802,-4956,5126,10193,11557,12560,-477,0.44,0.81,5115.09267,0.442596926,10080.8915,0.80261875,-0.360021824
7801,-4958,5122,10196,11552,12562,-477,0.44,0.81,5111.08602,0.442441657,10083.9545,0.802734795,-0.360293139
7801,-4959,5122,10192,11559,12560,-477,0.44,0.81,5111.09533,0.442174525,10079.8915,0.802539132,-0.360364608
7801,-4956,5122,10196,11555,12559,-477,0.44,0.81,5111.09001,0.442327132,10083.86,0.802919022,-0.36059189
7801,-4961,5120,10197,11563,12564,-457,0.44,0.81,5109.10065,0.441849057,10085.0175,0.802691619,-0.360842562
7801,-4960,5124,10195,11556,12566,-438,0.44,0.81,5113.09134,0.44246204,10083.0805,0.802409717,-0.359947676
7801,-4956,5118,10187,11550,12562,-419,0.44,0.81,5107.08336,0.442171719,10074.9545,0.802018349,-0.35984663
7802,-4957,5117,10187,11557,12554,-400,0.44,0.81,5106.09267,0.441818177,10074.7025,0.80250936,-0.360691183
7802,-4960,5117,10187,11557,12559,-400,0.44,0.81,5106.09267,0.441818177,10074.86,0.802202405,-0.360384228
7802,-4961,5117,10197,11552,12558,-400,0.44,0.81,5106.08602,0.442008831,10084.8285,0.803060081,-0.36105125
7802,-4961,5119,10193,11560,12556,-400,0.44,0.81,5108.09666,0.441876874,10080.7655,0.802864407,-0.360987534
7802,-4960,5121,10187,11558,12557,-400,0.44,0.81,5110.094,0.442126146,10074.797,0.802325157,-0.360199011
7801,-4962,5119,10188,11559,12561,-400,0.44,0.81,5108.09533,0.441914987,10075.923,0.802159303,-0.360244316
7801,-4961,5117,10185,11558,12554,-400,0.44,0.81,5106.094,0.441780066,10072.7025,0.802350048,-0.360569982
7801,-4959,5118,10191,11560,12555,-695,0.44,0.81,5107.09666,0.441790369,10078.734,0.802766547,-0.360976179
7801,-4955,5124,10191,11565,12564,-990,0.44,0.81,5113.10331,0.442118747,10079.0175,0.802214064,-0.360095317
7801,-4960,5117,10193,11551,12560,-1285,0.44,0.81,5106.08469,0.442046982,10080.8915,0.80261875,-0.360571768
7802,-4959,5119,10185,11557,12556,-1580,0.44,0.81,5108.09267,0.441991232,10072.7655,0.802227262,-0.36023603
7802,-4962,5118,10187,11552,12555,-1580,0.44,0.81,5107.08602,0.442095396,10074.734,0.802447949,-0.360352553
7802,-4963,5122,10192,11557,12559,-1580,0.44,0.81,5111.09267,0.442250815,10079.86,0.802600526,-0.36034971
7802,-4961,5114,10190,11551,12556,-1580,0.44,0.81,5103.08469,0.441787264,10077.7655,0.802625478,-0.360838214
7801,-4958,5121,10190,11557,12556,-1580,0.44,0.81,5110.09267,0.442164287,10077.7655,0.802625478,-0.36046119
7802,-4956,5119,10190,11560,12560,-1580,0.44,0.81,5108.09666,0.441876874,10077.8915,0.802379896,-0.360503023
7802,-4964,5119,10187,11557,12555,-1580,0.44,0.81,5108.09267,0.441991232,10074.734,0.802447949,-0.360456717
7802,-4960,5119,10190,11552,12554,-1412,0.44,0.81,5108.08602,0.442181962,10077.7025,0.802748327,-0.360566366
7802,-4955,5119,10189,11562,12557,-1245,0.44,0.81,5108.09932,0.441800668,10076.797,0.802484431,-0.360683763
7801,-4957,5119,10181,11558,12557,-1077,0.44,0.81,5108.094,0.441953106,10068.797,0.801847336,-0.35989423
7801,-4962,5116,10189,11551,12558,-910,0.44,0.81,5105.08469,0.441960409,10076.8285,0.802423037,-0.360462628
7801,-4959,5120,10190,11557,12559,-910,0.44,0.81,5109.09267,0.44207776,10077.86,0.802441277,-0.360363517
7801,-4959,5118,10187,11555,12556,-910,0.44,0.81,5107.09001,0.441980961,10074.7655,0.802386548,-0.360405587
7801,-4959,5119,10196,11558,12565,-910,0.44,0.81,5108.094,0.441953106,10084.049,0.802550657,-0.360597551
7801,-4955,5121,10211,11555,12581,-910,0.44,0.81,5110.09001,0.442240589,10099.553,0.80276234,-0.360521751
7801,-4957,5119,10189,11562,12552,-910,0.44,0.81,5108.09932,0.441800668,10076.6395,0.802791547,-0.360990879
7801,-4961,5117,10192,11556,12562,-910,0.44,0.81,5106.09134,0.441856295,10079.9545,0.802416375,-0.36056008
7802,-4962,5117,10190,11553,12555,-574,0.44,0.81,5106.08735,0.441970687,10077.734,0.802686898,-0.36071621
7802,-4959,5115,10185,11544,12553,-238,0.44,0.81,5104.07538,0.442140972,10072.671,0.802411455,-0.360270483
7802,-4960,5117,10191,11551,12553,97,0.44,0.81,5106.08469,0.442046982,10078.671,0.802889429,-0.360842447
7802,-4962,5118,10186,11550,12554,433,0.44,0.81,5107.08336,0.442171719,10073.7025,0.802429704,-0.360257984
7802,-4963,5119,10189,11561,12554,433,0.44,0.81,5108.09799,0.441838767,10076.7025,0.802668671,-0.360829904
7802,-4956,5121,10183,11559,12553,433,0.44,0.81,5110.09533,0.442088012,10070.671,0.802252131,-0.360164119
7802,-4955,5121,10192,11554,12560,433,0.44,0.81,5110.08868,0.44227875,10079.8915,0.802539132,-0.360260382
7802,-4962,5133,10170,11585,12535,433,0.44,0.81,5122.12991,0.442134649,10057.104,0.802321819,-0.36018717
7802,-4958,5118,10193,11554,12557,433,0.44,0.81,5107.08868,0.4420191,10080.797,0.802802978,-0.360783879
7801,-4962,5121,10188,11561,12551,433,0.44,0.81,5110.09799,0.442011763,10075.608,0.802773325,-0.360761562
7801,-4960,5122,10186,11560,12563,132,0.44,0.81,5111.09666,0.442136389,10073.986,0.801877418,-0.359741029
7801,-4958,5122,10194,11559,12568,-168,0.44,0.81,5111.09533,0.442174525,10082.1435,0.802207471,-0.360032947
7801,-4958,5120,10193,11558,12560,-469,0.44,0.81,5109.094,0.442039626,10080.8915,0.80261875,-0.360579124
7801,-4958,5120,10194,11553,12565,-770,0.44,0.81,5109.08735,0.44223036,10082.049,0.802391484,-0.360161124
7801,-4963,5119,10191,11555,12561,-770,0.44,0.81,5108.09001,0.442067504,10078.923,0.802398137,-0.360330633
7802,-4962,5120,10193,11560,12560,-770,0.44,0.81,5109.09666,0.441963379,10080.8915,0.80261875,-0.360655371
7802,-4963,5118,10190,11557,12560,-770,0.44,0.81,5107.09267,0.441904705,10077.8915,0.802379896,-0.360475192
7802,-4952,5123,10186,11558,12551,-770,0.44,0.81,5112.094,0.442299187,10073.608,0.802613975,-0.360314788
7802,-4960,5119,10191,11555,12565,-770,0.44,0.81,5108.09001,0.442067504,10079.049,0.802152726,-0.360085222
7801,-4961,5118,10195,11560,12566,-770,0.44,0.81,5107.09666,0.441790369,10083.0805,0.802409717,-0.360619348
7801,-4955,5123,10194,11558,12563,-972,0.44,0.81,5112.094,0.442299187,10081.986,0.802514208,-0.360215022
7801,-4958,5116,10190,11556,12555,-1175,0.44,0.81,5105.09134,0.441769759,10077.734,0.802686898,-0.360917138
7801,-4954,5120,10194,11555,12563,-1377,0.44,0.81,5109.09001,0.442154047,10081.986,0.802514208,-0.360360162
7801,-4957,5120,10193,11558,12562,-1580,0.44,0.81,5109.094,0.442039626,10080.9545,0.80249598,-0.360456354
7801,-4961,5120,10191,11555,12559,-1580,0.44,0.81,5109.09001,0.442154047,10078.86,0.802520901,-0.360366855
7802,-4961,5116,10192,11553,12564,-1580,0.44,0.81,5105.08735,0.44188413,10080.0175,0.802293656,-0.360409527
7802,-4960,5116,10198,11553,12561,-1580,0.44,0.81,5105.08735,0.44188413,10085.923,0.802955418,-0.361071288
7802,-4957,5118,10193,11557,12559,-1580,0.44,0.81,5107.09267,0.441904705,10080.86,0.80268015,-0.360775445
7802,-4959,5120,10190,11559,12553,-1580,0.44,0.81,5109.09533,0.442001499,10077.671,0.802809767,-0.360808267
7802,-4958,5121,10195,11559,12558,-1580,0.44,0.81,5110.09533,0.442088012,10082.8285,0.80290082,-0.360812808
7801,-4960,5118,10188,11557,12551,-449,0.44,0.81,5107.09267,0.441904705,10075.608,0.802773325,-0.36086862
7801,-4959,5123,10190,11564,12554,680,0.44,0.81,5112.10198,0.442070389,10077.7025,0.802748327,-0.360677938
7801,-4960,5121,10200,11552,12565,1810,0.44,0.81,5110.08602,0.442355092,10088.049,0.802869001,-0.360513909
7801,-4950,5116,10187,11553,12556,2940,0.44,0.81,5105.08735,0.44188413,10074.7655,0.802386548,-0.360502419
7801,-4957,5117,10185,11561,12556,2940,0.44,0.81,5106.09799,0.441665772,10072.7655,0.802227262,-0.36056149
7801,-4960,5119,10188,11551,12556,2940,0.44,0.81,5108.08469,0.442220127,10075.7655,0.802466191,-0.360246064
7801,-4959,5119,10194,11561,12558,2940,0.44,0.81,5108.09799,0.441838767,10081.8285,0.80282119,-0.360982422
7801,-4956,5122,10194,11555,12560,2940,0.44,0.81,5111.09001,0.442327132,10081.8915,0.802698368,-0.360371236
7801,-4959,5114,10192,11552,12553,2940,0.44,0.81,5103.08602,0.441749136,10079.671,0.802969091,-0.361219955
7802,-4965,5117,10188,11550,12553,2940,0.44,0.81,5106.08336,0.442085139,10075.671,0.802650442,-0.360565303
7802,-4958,5117,10188,11553,12558,1810,0.44,0.81,5106.08735,0.441970687,10075.8285,0.802343407,-0.360372719
7802,-4958,5119,10189,11560,12555,680,0.44,0.81,5108.09666,0.441876874,10076.734,0.802607248,-0.360730374
7802,-4961,5120,10190,11556,12557,-449,0.44,0.81,5109.09134,0.4421159,10077.797,0.802564068,-0.360448168
7802,-4959,5123,10186,11558,12559,-1580,0.44,0.81,5112.094,0.442299187,10073.86,0.80212278,-0.359823594
7802,-4960,5124,10194,11560,12560,-1580,0.44,0.81,5113.09666,0.4423094,10081.8915,0.802698368,-0.360388968
7801,-4957,5123,10189,11562,12560,-1580,0.44,0.81,5112.09932,0.442146629,10076.8915,0.802300279,-0.36015365
7801,-4954,5125,10189,11558,12554,-1580,0.44,0.81,5114.094,0.442472227,10076.7025,0.802668671,-0.360196444
7801,-4962,5120,10188,11555,12554,-1580,0.44,0.81,5109.09001,0.442154047,10075.7025,0.802589015,-0.360434969
7801,-4962,5122,10193,11563,12562,-1580,0.44,0.81,5111.10065,0.442022023,10080.9545,0.80249598,-0.360473957
7801,-4961,5122,10189,11557,12554,-1580,0.44,0.81,5111.09267,0.442250815,10076.7025,0.802668671,-0.360417856
7801,-4955,5118,10188,11555,12559,-1570,0.44,0.81,5107.09001,0.441980961,10075.86,0.802282029,-0.360301067
7801,-4958,5125,10190,11558,12556,-1560,0.44,0.81,5114.094,0.442472227,10077.7655,0.802625478,-0.360153251
7801,-4959,5122,10192,11558,12562,-1549,0.44,0.81,5111.094,0.442212667,10079.9545,0.802416375,-0.360203708
7801,-4954,5123,10191,11564,12561,-1539,0.44,0.81,5112.10198,0.442070389,10078.923,0.802398137,-0.360327748
7801,-4957,5120,10188,11555,12562,-1539,0.44,0.81,5109.09001,0.442154047,10075.9545,0.802097954,-0.359943907
7801,-4958,5119,10187,11556,12551,-1539,0.44,0.81,5108.09134,0.442029365,10074.608,0.80269365,-0.360664285
7801,-4960,5122,10190,11558,12557,-1539,0.44,0.81,5111.094,0.442212667,10077.797,0.802564068,-0.360351401
7801,-4956,5123,10188,11560,12556,-1539,0.44,0.81,5112.09666,0.442222894,10075.7655,0.802466191,-0.360243297
7801,-4960,5118,10191,11557,12558,-1539,0.44,0.81,5107.09267,0.441904705,10078.8285,0.802582298,-0.360677594
7801,-4960,5121,10185,11557,12550,-1539,0.44,0.81,5110.09267,0.442164287,10072.5765,0.802595737,-0.36043145
7801,-4960,5122,10196,11553,12566,-1274,0.44,0.81,5111.08735,0.442403475,10084.0805,0.802489297,-0.360085821
7801,-4956,5123,10187,11558,12554,-1008,0.44,0.81,5112.094,0.442299187,10074.7025,0.80250936,-0.360210173
7801,-4960,5119,10191,11565,12561,-742,0.44,0.81,5108.10331,0.441686408,10078.923,0.802398137,-0.360711729
7801,-4957,5118,10189,11556,12561,-477,0.44,0.81,5107.09134,0.44194283,10076.923,0.802238914,-0.360296084
7801,-4960,5119,10190,11552,12558,-477,0.44,0.81,5108.08602,0.442181962,10077.8285,0.802502668,-0.360320706
7801,-4963,5121,10191,11556,12555,-477,0.44,0.81,5110.09134,0.442202435,10078.734,0.802766547,-0.360564112
7801,-4957,5120,10189,11557,12556,-477,0.44,0.81,5109.09267,0.44207776,10076.7655,0.802545835,-0.360468075
7801,-4958,5122,10188,11560,12559,-477,0.44,0.81,5111.09666,0.442136389,10075.86,0.802282029,-0.36014564
7801,-4962,5115,10195,11552,12565,-477,0.44,0.81,5104.08602,0.441835701,10083.049,0.80247107,-0.360635369
7801,-4965,5121,10185,11555,12552,-477,0.44,0.81,5110.09001,0.442240589,10072.6395,0.802472873,-0.360232283
7801,-4960,5122,10186,11555,12552,-715,0.44,0.81,5111.09001,0.442327132,10073.6395,0.802552541,-0.360225409
7801,-4966,5118,10196,11556,12558,-953,0.44,0.81,5107.09134,0.44194283,10083.8285,0.802980451,-0.361037621
7801,-4959,5122,10186,11558,12561,-1191,0.44,0.81,5111.094,0.442212667,10073.923,0.80200008,-0.359787413
7801,-4961,5120,10203,11557,12569,-1430,0.44,0.81,5109.09267,0.44207776,10091.175,0.802862201,-0.360784441
7802,-4958,5123,10190,11559,12557,-1430,0.44,0.81,5112.09533,0.442261037,10077.797,0.802564068,-0.360303031
7802,-4961,5123,10190,11558,12559,-1430,0.44,0.81,5112.094,0.442299187,10077.86,0.802441277,-0.36014209
7801,-4957,5119,10195,11557,12562,-1429,0.44,0.81,5108.09267,0.441991232,10082.9545,0.80265519,-0.360663958
7801,-4959,5120,10193,11552,12560,-1429,0.44,0.81,5109.08602,0.442268527,10080.8915,0.80261875,-0.360350223
7801,-4959,5119,10195,11561,12559,-1429,0.44,0.81,5108.09799,0.441838767,10082.86,0.802839398,-0.361000631
7801,-4955,5124,10190,11562,12561,-1429,0.44,0.81,5113.09932,0.442233119,10077.923,0.802318526,-0.360085407
7801,-4953,5124,10194,11563,12564,-1072,0.44,0.81,5113.10065,0.442194988,10082.0175,0.802452841,-0.360257853
7801,-4958,5118,10188,11559,12556,-715,0.44,0.81,5107.09533,0.441828474,10075.7655,0.802466191,-0.360637718
7801,-4960,5123,10188,11561,12557,-358,0.44,0.81,5112.09799,0.442184758,10075.797,0.802404794,-0.360220036
7801,-4960,5119,10184,11554,12553,0,0.44,0.81,5108.08868,0.44210565,10071.671,0.802331793,-0.360226143
7801,-4962,5117,10194,11554,12559,0,0.44,0.81,5106.08868,0.44193255,10081.86,0.802759774,-0.360827224
7801,-4958,5117,10192,11560,12558,0,0.44,0.81,5106.09666,0.441703863,10079.8285,0.802661929,-0.360958065
7801,-4964,5118,10194,11561,12563,0,0.44,0.81,5107.09799,0.44175227,10081.986,0.802514208,-0.360761939
7801,-4960,5121,10193,11559,12559,0,0.44,0.81,5110.09533,0.442088012,10080.86,0.80268015,-0.360592138
7801,-4960,5122,10193,11564,12560,0,0.44,0.81,5111.10198,0.441983914,10080.8915,0.80261875,-0.360634836
7801,-4962,5118,10192,11562,12562,0,0.44,0.81,5107.09932,0.441714177,10079.9545,0.802416375,-0.360702197
7801,-4957,5118,10185,11556,12555,-228,0.44,0.81,5107.09134,0.44194283,10072.734,0.80228865,-0.36034582
7801,-4957,5118,10194,11553,12558,-455,0.44,0.81,5107.08735,0.442057245,10081.8285,0.80282119,-0.360763945
7801,-4959,5121,10196,11559,12564,-682,0.44,0.81,5110.09533,0.442088012,10084.0175,0.802612026,-0.360524014
7801,-4958,5116,10187,11552,12556,-910,0.44,0.81,5105.08602,0.441922266,10074.7655,0.802386548,-0.360464282
7801,-4956,5119,10188,11555,12554,-910,0.44,0.81,5108.09001,0.442067504,10075.7025,0.802589015,-0.360521511
7801,-4954,5124,10182,11555,12556,-910,0.44,0.81,5113.09001,0.442500217,10069.7655,0.801988332,-0.359488115
7801,-4961,5121,10196,11560,12562,-910,0.44,0.81,5110.09666,0.442049884,10083.9545,0.802734795,-0.360684911
7801,-4954,5114,10199,11554,12568,-910,0.44,0.81,5103.08868,0.441672899,10087.1435,0.802605307,-0.360932408
7801,-4955,5122,10189,11567,12561,-910,0.44,0.81,5111.10597,0.441869627,10076.923,0.802238914,-0.360369288
7801,-4955,5115,10191,11554,12562,-910,0.44,0.81,5104.08868,0.44175945,10078.9545,0.80233677,-0.36057732
7801,-4958,5116,10197,11543,12563,-960,0.44,0.81,5105.07405,0.442265793,10084.986,0.802753005,-0.360487212
7801,-4955,5121,10192,11569,12558,-1011,0.44,0.81,5110.10863,0.44170703,10079.8285,0.802661929,-0.360954899
7800,-4955,5126,10194,11570,12563,-1061,0.44,0.81,5115.10996,0.44210112,10081.986,0.802514208,-0.360413088
7800,-4956,5121,10185,11563,12554,-1112,0.44,0.81,5110.10065,0.44193554,10072.7025,0.802350048,-0.360414508
7800,-4957,5126,10185,11564,12556,-1112,0.44,0.81,5115.10198,0.442329815,10072.7655,0.802227262,-0.359897447
7800,-4957,5123,10185,11560,12557,-1112,0.44,0.81,5112.09666,0.442222894,10072.797,0.802165884,-0.359942989
7801,-4957,5119,10190,11559,12559,-1112,0.44,0.81,5108.09533,0.441914987,10077.86,0.802441277,-0.360526291
7801,-4958,5125,10191,11563,12557,-1112,0.44,0.81,5114.10065,0.442281471,10078.797,0.802643705,-0.360362234
7801,-4957,5117,10188,11552,12556,-1112,0.44,0.81,5106.08602,0.442008831,10075.7655,0.802466191,-0.36045736
7801,-4957,5122,10190,11558,12562,-1112,0.44,0.81,5111.094,0.442212667,10077.9545,0.802257164,-0.360044498
7801,-4958,5118,10190,11555,12559,-794,0.44,0.81,5107.09001,0.441980961,10077.86,0.802441277,-0.360460316
7801,-4959,5122,10191,11563,12558,-397,0.44,0.81,5111.10065,0.442022023,10078.8285,0.802582298,-0.360560275
7800,-4952,5123,10187,11565,12562,0,0.44,0.81,5112.10331,0.442032279,10074.9545,0.802018349,-0.35998607
7800,-4957,5123,10184,11562,12558,395,0.44,0.81,5112.09932,0.442146629,10071.8285,0.802024885,-0.359878256
7800,-4954,5122,10190,11564,12564,475,0.44,0.81,5111.10198,0.441983914,10078.0175,0.802134472,-0.360150558
7800,-4956,5119,10186,11555,12554,475,0.44,0.81,5108.09001,0.442067504,10073.7025,0.802429704,-0.3603622
7800,-4957,5121,10192,11559,12565,475,0.44,0.81,5110.09533,0.442088012,10080.049,0.802232312,-0.3601443
7801,-4960,5118,10186,11558,12557,475,0.44,0.81,5107.094,0.441866586,10073.797,0.80224552,-0.360378935
7801,-4958,5118,10198,11556,12565,475,0.44,0.81,5107.09134,0.44194283,10086.049,0.802709829,-0.360766999
7801,-4952,5125,10192,11562,12560,475,0.44,0.81,5114.09932,0.442319609,10079.8915,0.802539132,-0.360219523
7801,-4956,5122,10193,11558,12566,238,0.44,0.81,5111.094,0.442212667,10081.0805,0.802250557,-0.360037891
7801,-4954,5125,10191,11557,12558,0,0.44,0.81,5114.09267,0.442510398,10078.8285,0.802582298,-0.3600719
7801,-4954,5124,10191,11557,12556,-238,0.44,0.81,5113.09267,0.44242387,10078.7655,0.802705121,-0.360281251
7801,-4959,5123,10188,11562,12559,-476,0.44,0.81,5112.09932,0.442146629,10075.86,0.802282029,-0.3601354
7801,-4960,5120,10190,11560,12563,-477,0.44,0.81,5109.09666,0.441963379,10077.986,0.802195813,-0.360232434
7801,-4958,5122,10194,11565,12562,-477,0.44,0.81,5111.10331,0.441945812,10081.9545,0.802575585,-0.360629774
7801,-4958,5126,10193,11567,12565,-477,0.44,0.81,5115.10597,0.442215438,10081.049,0.802311898,-0.36009646
7800,-4956,5122,10197,11556,12574,-477,0.44,0.81,5111.09134,0.44228897,10085.3325,0.802078296,-0.359789326
7800,-4958,5124,10190,11566,12562,-477,0.44,0.81,5113.10464,0.442080636,10077.9545,0.802257164,-0.360176528
7800,-4960,5125,10190,11565,12555,-477,0.44,0.81,5114.10331,0.442205215,10077.734,0.802686898,-0.360481683
7800,-4960,5123,10191,11563,12559,-477,0.44,0.81,5112.10065,0.442108506,10078.86,0.802520901,-0.360412396
7800,-4957,5120,10188,11560,12559,-556,0.44,0.81,5109.09666,0.441963379,10075.86,0.802282029,-0.36031865
7800,-4959,5122,10198,11563,12571,-646,0.44,0.81,5111.10065,0.442022023,10086.238,0.802341739,-0.360319716
7801,-4957,5117,10192,11556,12561,-735,0.44,0.81,5106.09134,0.441856295,10079.923,0.802477749,-0.360621454
7801,-4960,5121,10190,11564,12557,-824,0.44,0.81,5110.10198,0.441897439,10077.797,0.802564068,-0.360666629
7801,-4961,5119,10192,11560,12561,-834,0.44,0.81,5108.09666,0.441876874,10079.923,0.802477749,-0.360600875
7801,-4957,5116,10194,11558,12566,-834,0.44,0.81,5105.094,0.441693546,10082.0805,0.802330137,-0.360636591
7801,-4959,5121,10190,11558,12559,-834,0.44,0.81,5110.094,0.442126146,10077.86,0.802441277,-0.360315131
7801,-4960,5121,10195,11561,12566,-834,0.44,0.81,5110.09799,0.442011763,10083.0805,0.802409717,-0.360397954
7801,-4957,5121,10196,11559,12566,-834,0.44,0.81,5110.09533,0.442088012,10084.0805,0.802489297,-0.360401285
7800,-4957,5113,10185,11548,12560,-667,0.44,0.81,5102.0807,0.441815094,10072.8915,0.801981807,-0.360166714
7800,-4959,5121,10194,11560,12560,-459,0.44,0.81,5110.09666,0.442049884,10081.8915,0.802698368,-0.360648484
7800,-4962,5120,10189,11561,12558,-250,0.44,0.81,5109.09799,0.441925265,10076.8285,0.802423037,-0.360497772
7800,-4955,5114,10191,11554,12565,-42,0.44,0.81,5103.08868,0.441672899,10079.049,0.802152726,-0.360479826
7801,-4958,5119,10184,11551,12555,0,0.44,0.81,5108.08469,0.442220127,10071.734,0.802209,-0.359988873
7801,-4958,5118,10188,11550,12554,0,0.44,0.81,5107.08336,0.442171719,10075.7025,0.802589015,-0.360417296
7801,-4962,5116,10196,11549,12562,0,0.44,0.81,5105.08203,0.442036716,10083.9545,0.802734795,-0.36069808
7801,-4955,5115,10195,11547,12558,0,0.44,0.81,5104.07937,0.442026446,10082.8285,0.80290082,-0.360874374
7800,-4957,5120,10187,11552,12562,0,0.44,0.81,5109.08602,0.442268527,10074.9545,0.802018349,-0.359749822
7800,-4960,5122,10190,11554,12555,0,0.44,0.81,5111.08868,0.4423653,10077.734,0.802686898,-0.360321597
7800,-4959,5117,10187,11552,12559,-118,0.44,0.81,5106.08602,0.442008831,10074.86,0.802202405,-0.360193573
7801,-4962,5117,10180,11556,12545,-265,0.44,0.81,5106.09134,0.441856295,10067.419,0.802504504,-0.360648209
7800,-4957,5117,10192,11555,12557,-412,0.44,0.81,5106.09001,0.441894419,10079.797,0.802723342,-0.360828923
7800,-4958,5117,10192,11561,12560,-559,0.44,0.81,5106.09799,0.441665772,10079.8915,0.802539132,-0.36087336
7800,-4956,5126,10189,11564,12564,-589,0.44,0.81,5115.10198,0.442329815,10077.0175,0.802054879,-0.359725064
7800,-4959,5121,10187,11559,12561,-589,0.44,0.81,5110.09533,0.442088012,10074.923,0.802079691,-0.359991679
7800,-4960,5122,10187,11557,12553,-589,0.44,0.81,5111.09267,0.442250815,10074.671,0.80257078,-0.360319965
7801,-4960,5119,10185,11554,12550,-589,0.44,0.81,5108.08868,0.44210565,10072.5765,0.802595737,-0.360490087
7801,-4960,5123,10194,11559,12559,-589,0.44,0.81,5112.09533,0.442261037,10081.86,0.802759774,-0.360498737
7801,-4959,5122,10187,11563,12557,-589,0.44,0.81,5111.10065,0.442022023,10074.797,0.802325157,-0.360303134
7800,-4961,5124,10187,11561,12558,-566,0.44,0.81,5113.09799,0.442271256,10074.8285,0.802263776,-0.35999252
7800,-4953,5120,10198,11558,12573,-538,0.44,0.81,5109.094,0.442039626,10086.301,0.80221912,-0.360179494
7800,-4960,5121,10191,11561,12560,-510,0.44,0.81,5110.09799,0.442011763,10078.8915,0.802459514,-0.360447752
7800,-4956,5122,10188,11559,12557,-482,0.44,0.81,5111.09533,0.442174525,10075.797,0.802404794,-0.36023027
7801,-4961,5121,10190,11565,12555,-477,0.44,0.81,5110.10331,0.441859344,10077.734,0.802686898,-0.360827554
7801,-4963,5120,10190,11560,12556,-477,0.44,0.81,5109.09666,0.441963379,10077.7655,0.802625478,-0.360662099
7801,-4955,5124,10189,11562,12563,-477,0.44,0.81,5113.09932,0.442233119,10076.986,0.802116214,-0.359883095
7800,-4957,5120,10196,11562,12564,-477,0.44,0.81,5109.09932,0.441887158,10084.0175,0.802612026,-0.360724868
7800,-4958,5126,10194,11567,12563,-477,0.44,0.81,5115.10597,0.442215438,10081.986,0.802514208,-0.360298771
7800,-4959,5123,10194,11562,12565,-477,0.44,0.81,5112.09932,0.442146629,10082.049,0.802391484,-0.360244856
7800,-4952,5125,10185,11564,12562,-181,0.44,0.81,5114.10198,0.44224334,10072.9545,0.801859139,-0.359615799
7800,-4958,5123,10189,11560,12558,187,0.44,0.81,5112.09666,0.442222894,10076.8285,0.802423037,-0.360200143
7800,-4960,5125,10190,11567,12559,556,0.44,0.81,5114.10597,0.442128985,10077.86,0.802441277,-0.360312292
7800,-4957,5122,10194,11560,12562,925,0.44,0.81,5111.09666,0.442136389,10081.9545,0.802575585,-0.360439196
7800,-4960,5124,10191,11564,12557,999,0.44,0.81,5113.10198,0.442156864,10078.797,0.802643705,-0.36048684
7800,-4956,5125,10190,11563,12564,999,0.44,0.81,5114.10065,0.442281471,10078.0175,0.802134472,-0.359853
7800,-4955,5123,10188,11562,12557,999,0.44,0.81,5112.09932,0.442146629,10075.797,0.802404794,-0.360258166
7801,-4955,5124,10186,11562,12556,999,0.44,0.81,5113.09932,0.442233119,10073.7655,0.802306905,-0.360073786
7801,-4955,5127,10186,11564,12556,999,0.44,0.81,5116.10198,0.44241629,10073.7655,0.802306905,-0.359890615
7801,-4958,5123,10191,11561,12564,999,0.44,0.81,5112.09799,0.442184758,10079.0175,0.802214064,-0.360029306
7801,-4958,5122,10194,11560,12566,681,0.44,0.81,5111.09666,0.442136389,10082.0805,0.802330137,-0.360193748
7800,-4951,5123,10196,11558,12567,284,0.44,0.81,5112.094,0.442299187,10084.112,0.802427946,-0.360128759
7800,-4953,5120,10192,11556,12563,-112,0.44,0.81,5109.09134,0.4421159,10079.986,0.802355011,-0.360239111
7800,-4958,5119,10191,11559,12562,-509,0.44,0.81,5108.09533,0.441914987,10078.9545,0.80233677,-0.360421783
7800,-4955,5128,10196,11565,12572,-589,0.44,0.81,5117.10331,0.442464618,10084.2695,0.802121341,-0.359656723
7800,-4957,5123,10194,11560,12559,-589,0.44,0.81,5112.09666,0.442222894,10081.86,0.802759774,-0.360536879
7800,-4955,5119,10189,11555,12558,-588,0.44,0.81,5108.09001,0.442067504,10076.8285,0.802423037,-0.360355533
7800,-4958,5120,10189,11554,12559,-589,0.44,0.81,5109.08868,0.4421922,10076.86,0.802361653,-0.360169453
7800,-4954,5124,10190,11556,12564,-589,0.44,0.81,5113.09134,0.44246204,10078.0175,0.802134472,-0.359672431
7800,-4959,5120,10190,11563,12555,-589,0.44,0.81,5109.10065,0.441849057,10077.734,0.802686898,-0.36083784
7800,-4957,5122,10191,11560,12559,-566,0.44,0.81,5111.09666,0.442136389,10078.86,0.802520901,-0.360384512
7801,-4954,5122,10188,11557,12560,-538,0.44,0.81,5111.09267,0.442250815,10075.8915,0.802220661,-0.359969846
7801,-4960,5117,10194,11559,12561,-510,0.44,0.81,5106.09533,0.441741961,10081.923,0.802636972,-0.36089501
7801,-4951,5124,10196,11565,12567,-482,0.44,0.81,5113.10331,0.442118747,10084.112,0.802427946,-0.360309199
7801,-4954,5128,10195,11565,12570,-477,0.44,0.81,5117.10331,0.442464618,10083.2065,0.802164399,-0.359699781
7800,-4956,5118,10184,11554,12559,-477,0.44,0.81,5107.08868,0.4420191,10071.86,0.801963532,-0.359944432
7800,-4960,5115,10199,11554,12568,-477,0.44,0.81,5104.08868,0.44175945,10087.1435,0.802605307,-0.360845858
7800,-4952,5126,10192,11565,12563,-477,0.44,0.81,5115.10331,0.442291683,10079.986,0.802355011,-0.360063328
7800,-4957,5122,10193,11569,12564,-477,0.44,0.81,5111.10863,0.441793468,10081.0175,0.802373249,-0.360579781
7800,-4959,5116,10194,11556,12563,-477,0.44,0.81,5105.09134,0.441769759,10081.986,0.802514208,-0.360744449
7800,-4957,5124,10188,11562,12561,-621,0.44,0.81,5113.09932,0.442233119,10075.923,0.802159303,-0.359926184
7800,-4954,5127,10193,11569,12564,-802,0.44,0.81,5116.10863,0.442225657,10081.0175,0.802373249,-0.360147592
7800,-4952,5120,10208,11554,12577,-983,0.44,0.81,5109.08868,0.4421922,10096.427,0.802769102,-0.360576902
7800,-4958,5117,10191,11561,12558,-1165,0.44,0.81,5106.09799,0.441665772,10078.8285,0.802582298,-0.360916526
7801,-4959,5121,10195,11555,12567,-1201,0.44,0.81,5110.09001,0.442240589,10083.112,0.802348373,-0.360107783
7801,-4957,5118,10193,11556,12559,-1201,0.44,0.81,5107.09134,0.44194283,10080.86,0.80268015,-0.36073732
7801,-4959,5122,10190,11555,12561,-1201,0.44,0.81,5111.09001,0.442327132,10077.923,0.802318526,-0.359991394
7801,-4957,5117,10189,11557,12554,-1201,0.44,0.81,5106.09267,0.441818177,10076.7025,0.802668671,-0.360850494
7800,-4951,5118,10190,11557,12562,-1201,0.44,0.81,5107.09267,0.441904705,10077.9545,0.802257164,-0.36035246
7800,-4955,5119,10192,11552,12563,-1201,0.44,0.81,5108.08602,0.442181962,10079.986,0.802355011,-0.360173049
7800,-4956,5118,10196,11557,12565,-961,0.44,0.81,5107.09267,0.441904705,10084.049,0.802550657,-0.360645952
7800,-4956,5123,10191,11558,12560,-661,0.44,0.81,5112.094,0.442299187,10078.8915,0.802459514,-0.360160328
7800,-4961,5117,10191,11555,12559,-360,0.44,0.81,5106.09001,0.441894419,10078.86,0.802520901,-0.360626482
7800,-4957,5119,10193,11556,12563,-60,0.44,0.81,5108.09134,0.442029365,10080.986,0.80243461,-0.360405245
7800,-4957,5120,10188,11559,12557,0,0.44,0.81,5109.09533,0.442001499,10075.797,0.802404794,-0.360403295
7801,-4957,5119,10188,11559,12557,0,0.44,0.81,5108.09533,0.441914987,10075.797,0.802404794,-0.360489808
7801,-4960,5119,10192,11558,12563,0,0.44,0.81,5108.094,0.441953106,10079.986,0.802355011,-0.360401905
7801,-4959,5125,10184,11555,12556,0,0.44,0.81,5114.09001,0.44258676,10071.7655,0.802147619,-0.359560859
7801,-4958,5119,10192,11561,12558,0,0.44,0.81,5108.09799,0.441838767,10079.8285,0.802661929,-0.360823161
7801,-4960,5125,10191,11560,12557,0,0.44,0.81,5114.09666,0.442395905,10078.797,0.802643705,-0.3602478
7801,-4956,5126,10190,11564,12557,306,0.44,0.81,5115.10198,0.442329815,10077.797,0.802564068,-0.360234253
7801,-4955,5125,10194,11563,12563,691,0.44,0.81,5114.10065,0.442281471,10081.986,0.802514208,-0.360232737
7800,-4958,5120,10184,11563,12559,1076,0.44,0.81,5109.10065,0.441849057,10071.86,0.801963532,-0.360114475
7800,-4954,5125,10194,11559,12565,1460,0.44,0.81,5114.09533,0.442434063,10082.049,0.802391484,-0.359957422
7800,-4957,5121,10191,11564,12557,1537,0.44,0.81,5110.10198,0.441897439,10078.797,0.802643705,-0.360746266
7800,-4958,5134,10191,11584,12566,1537,0.44,0.81,5123.12858,0.442259028,10079.0805,0.802091397,-0.359832369
7800,-4950,5124,10196,11566,12572,1537,0.44,0.81,5113.10464,0.442080636,10084.2695,0.802121341,-0.360040705
7800,-4956,5124,10192,11563,12560,1537,0.44,0.81,5113.10065,0.442194988,10079.8915,0.802539132,-0.360344144
7800,-4959,5121,10195,11563,12567,1537,0.44,0.81,5110.10065,0.44193554,10083.112,0.802348373,-0.360412833
7800,-4960,5122,10191,11559,12559,1537,0.44,0.81,5111.09533,0.442174525,10078.86,0.802520901,-0.360346377
7801,-4958,5126,10192,11570,12556,1134,0.44,0.81,5115.10996,0.44210112,10079.7655,0.802784764,-0.360683644
7801,-4960,5122,10191,11564,12561,631,0.44,0.81,5111.10198,0.441983914,10078.923,0.802398137,-0.360414223
7801,-4952,5126,10188,11565,12560,127,0.44,0.81,5115.10331,0.442291683,10075.8915,0.802220661,-0.359928978
7800,-4956,5124,10190,11562,12562,-376,0.44,0.81,5113.09932,0.442233119,10077.9545,0.802257164,-0.360024046
7800,-4955,5124,10184,11568,12557,-477,0.44,0.81,5113.1073,0.442004435,10071.797,0.802086247,-0.360081812
7800,-4954,5122,10191,11561,12565,-477,0.44,0.81,5111.09799,0.442098261,10079.049,0.802152726,-0.360054465
7800,-4954,5125,10196,11569,12569,-477,0.44,0.81,5114.10863,0.442052782,10084.175,0.802305275,-0.360252493
7800,-4958,5117,10192,11561,12559,-477,0.44,0.81,5106.09799,0.441665772,10079.86,0.802600526,-0.360934754
7800,-4962,5119,10186,11560,12557,-477,0.44,0.81,5108.09666,0.441876874,10073.797,0.80224552,-0.360368647
7800,-4955,5121,10194,11560,12565,-477,0.44,0.81,5110.09666,0.442049884,10082.049,0.802391484,-0.3603416
7800,-4956,5126,10189,11563,12558,-381,0.44,0.81,5115.10065,0.442367954,10076.8285,0.802423037,-0.360055083
7800,-4957,5122,10190,11558,12563,-262,0.44,0.81,5111.094,0.442212667,10077.986,0.802195813,-0.359983147
7800,-4956,5124,10191,11556,12568,-143,0.44,0.81,5113.09134,0.44246204,10079.1435,0.80196877,-0.359506729
7800,-4959,5118,10192,11552,12565,-24,0.44,0.81,5107.08602,0.442095396,10080.049,0.802232312,-0.360136916
7800,-4962,5120,10198,11556,12562,0,0.44,0.81,5109.09134,0.4421159,10085.9545,0.802894006,-0.360778106
7800,-4954,5120,10190,11558,12562,0,0.44,0.81,5109.094,0.442039626,10077.9545,0.802257164,-0.360217538
7800,-4955,5122,10193,11558,12568,0,0.44,0.81,5111.094,0.442212667,10081.1435,0.802127904,-0.359915238
7800,-4959,5119,10192,11556,12560,0,0.44,0.81,5108.09134,0.442029365,10079.8915,0.802539132,-0.360509767
7801,-4958,5119,10192,11554,12566,0,0.44,0.81,5108.08868,0.44210565,10080.0805,0.802170977,-0.360065327
7801,-4956,5119,10197,11553,12568,0,0.44,0.81,5108.08735,0.442143802,10085.1435,0.802446173,-0.36030237
7801,-4961,5117,10190,11551,12560,165,0.44,0.81,5106.08469,0.442046982,10077.8915,0.802379896,-0.360332914
7801,-4958,5120,10195,11553,12566,374,0.44,0.81,5109.08735,0.44223036,10083.0805,0.802409717,-0.360179357
7801,-4955,5116,10197,11554,12567,582,0.44,0.81,5105.08868,0.441846,10085.112,0.80250752,-0.36066152
7800,-4957,5118,10192,11560,12559,790,0.44,0.81,5107.09666,0.441790369,10079.86,0.802600526,-0.360810157
7800,-4959,5124,10191,11562,12560,832,0.44,0.81,5113.09932,0.442233119,10078.8915,0.802459514,-0.360226395
7800,-4959,5117,10191,11554,12557,832,0.44,0.81,5106.08868,0.44193255,10078.797,0.802643705,-0.360711155
7800,-4958,5119,10192,11559,12564,832,0.44,0.81,5108.09533,0.441914987,10080.0175,0.802293656,-0.36037867
7800,-4955,5125,10196,11559,12565,832,0.44,0.81,5114.09533,0.442434063,10084.049,0.802550657,-0.360116594
7800,-4960,5121,10201,11558,12565,832,0.44,0.81,5110.094,0.442126146,10089.049,0.802948587,-0.360822441
7800,-4958,5123,10189,11565,12559,832,0.44,0.81,5112.10331,0.442032279,10076.86,0.802361653,-0.360329374
7800,-4955,5122,10192,11559,12561,847,0.44,0.81,5111.09533,0.442174525,10079.923,0.802477749,-0.360303224
7800,-4952,5125,10191,11563,12559,866,0.44,0.81,5114.10065,0.442281471,10078.86,0.802520901,-0.36023943
7800,-4967,5116,10196,11561,12562,885,0.44,0.81,5105.09799,0.441579274,10083.9545,0.802734795,-0.361155521
7800,-4958,5123,10190,11563,12558,904,0.44,0.81,5112.10065,0.442108506,10077.8285,0.802502668,-0.360394162
7800,-4956,5123,10189,11562,12557,908,0.44,0.81,5112.09932,0.442146629,10076.797,0.802484431,-0.360337802
7801,-4960,5122,10191,11560,12558,908,0.44,0.81,5111.09666,0.442136389,10078.8285,0.802582298,-0.360445909
7801,-4956,5124,10184,11564,12558,908,0.44,0.81,5113.10198,0.442156864,10071.8285,0.802024885,-0.35986802
7801,-4958,5121,10185,11553,12553,908,0.44,0.81,5110.08735,0.442316918,10072.671,0.802411455,-0.360094538
7800,-4954,5121,10189,11558,12561,908,0.44,0.81,5110.094,0.442126146,10076.923,0.802238914,-0.360112768
7800,-4957,5120,10184,11557,12555,908,0.44,0.81,5109.09267,0.44207776,10071.734,0.802209,-0.360131241
7800,-4956,5122,10189,11566,12561,631,0.44,0.81,5111.10464,0.441907716,10076.923,0.802238914,-0.360331198
7800,-4962,5121,10188,11561,12559,284,0.44,0.81,5110.09799,0.442011763,10075.86,0.802282029,-0.360270266
7800,-4954,5119,10194,11558,12564,-61,0.44,0.81,5108.094,0.441953106,10082.0175,0.802452841,-0.360499735
7800,-4958,5118,10190,11552,12563,-407,0.44,0.81,5107.08602,0.442095396,10077.986,0.802195813,-0.360100417
7800,-4956,5119,10193,11560,12564,-477,0.44,0.81,5108.09666,0.441876874,10081.0175,0.802373249,-0.360496375
7800,-4958,5123,10195,11554,12563,-477,0.44,0.81,5112.08868,0.44245185,10082.986,0.802593807,-0.360141957
7800,-4959,5125,10187,11558,12552,-477,0.44,0.81,5114.094,0.442472227,10074.6395,0.80263221,-0.360159983
7800,-4958,5125,10192,11570,12564,-477,0.44,0.81,5114.10996,0.44201469,10080.0175,0.802293656,-0.360278967
7800,-4959,5125,10187,11564,12557,-477,0.44,0.81,5114.10198,0.44224334,10074.797,0.802325157,-0.360081818
7800,-4961,5120,10192,11555,12559,-477,0.44,0.81,5109.09001,0.442154047,10079.86,0.802600526,-0.360446479
7801,-4959,5121,10195,11553,12564,-745,0.44,0.81,5110.08735,0.442316918,10083.0175,0.802532434,-0.360215516
7801,-4956,5118,10188,11559,12558,-1081,0.44,0.81,5107.09533,0.441828474,10075.8285,0.802343407,-0.360514933
7801,-4954,5119,10191,11555,12559,-1416,0.44,0.81,5108.09001,0.442067504,10078.86,0.802520901,-0.360453397
7800,-4958,5121,10198,11564,12567,-1752,0.44,0.81,5110.10198,0.441897439,10086.112,0.802587093,-0.360689655
7800,-4955,5126,10195,11561,12566,-1819,0.44,0.81,5115.09799,0.442444251,10083.0805,0.802409717,-0.359965465
7800,-4954,5123,10187,11565,12565,-1819,0.44,0.81,5112.10331,0.442032279,10075.049,0.801834381,-0.359802102
7800,-4956,5123,10201,11564,12577,-1819,0.44,0.81,5112.10198,0.442070389,10089.427,0.802212531,-0.360142142
7800,-4959,5123,10197,11564,12564,-1819,0.44,0.81,5112.10198,0.442070389,10085.0175,0.802691619,-0.36062123
7800,-4961,5121,10189,11566,12558,-1819,0.44,0.81,5110.10464,0.441821255,10076.8285,0.802423037,-0.360601782
7800,-4957,5124,10191,11562,12563,-1819,0.44,0.81,5113.09932,0.442233119,10078.986,0.802275412,-0.360042293
7800,-4958,5124,10193,11558,12558,-1254,0.44,0.81,5113.094,0.442385707,10080.8285,0.802741559,-0.360355852
7800,-4957,5125,10193,11565,12562,-549,0.44,0.81,5114.10331,0.442205215,10080.9545,0.80249598,-0.360290765
7800,-4959,5121,10190,11562,12560,154,0.44,0.81,5110.09932,0.441973648,10077.8915,0.802379896,-0.360406248
7800,-4959,5121,10196,11561,12566,859,0.44,0.81,5110.09799,0.442011763,10084.0805,0.802489297,-0.360477534
7800,-4953,5124,10189,11563,12564,999,0.44,0.81,5113.10065,0.442194988,10077.0175,0.802054879,-0.359859891
7800,-4958,5118,10199,11558,12572,999,0.44,0.81,5107.094,0.441866586,10087.2695,0.802359967,-0.360493381
7801,-4963,5118,10195,11555,12562,999,0.44,0.81,5107.09001,0.441980961,10082.9545,0.80265519,-0.360674229
7801,-4960,5124,10192,11563,12564,999,0.44,0.81,5113.10065,0.442194988,10080.0175,0.802293656,-0.360098668
7801,-4958,5120,10191,11556,12560,999,0.44,0.81,5109.09134,0.4421159,10078.8915,0.802459514,-0.360343614
7800,-4957,5126,10192,11564,12563,999,0.44,0.81,5115.10198,0.442329815,10079.986,0.802355011,-0.360025196
7800,-4954,5120,10200,11562,12569,799,0.44,0.81,5109.09932,0.441887158,10088.175,0.802623518,-0.36073636
7800,-4953,5121,10185,11564,12550,549,0.44,0.81,5110.10198,0.441897439,10072.5765,0.802595737,-0.360698298
7800,-4958,5122,10193,11564,12560,299,0.44,0.81,5111.10198,0.441983914,10080.8915,0.80261875,-0.360634836
7800,-4962,5119,10189,11561,12556,49,0.44,0.81,5108.09799,0.441838767,10076.7655,0.802545835,-0.360707067
7800,-4959,5123,10187,11561,12560,0,0.44,0.81,5112.09799,0.442184758,10074.8915,0.802141043,-0.359956285
7800,-4955,5123,10194,11560,12564,0,0.44,0.81,5112.09666,0.442222894,10082.0175,0.802452841,-0.360229947
7801,-4957,5120,10180,11557,12548,0,0.44,0.81,5109.09267,0.44207776,10067.5135,0.802320171,-0.360242411
7801,-4959,5120,10182,11557,12553,0,0.44,0.81,5109.09267,0.44207776,10069.671,0.802172469,-0.360094709
7801,-4962,5117,10191,11560,12557,0,0.44,0.81,5106.09666,0.441703863,10078.797,0.802643705,-0.360939841
7801,-4958,5122,10182,11560,12557,0,0.44,0.81,5111.09666,0.442136389,10069.797,0.801926973,-0.359790584
7801,-4956,5121,10187,11562,12558,-87,0.44,0.81,5110.09932,0.441973648,10074.8285,0.802263776,-0.360290128
7800,-4958,5123,10193,11567,12560,-196,0.44,0.81,5112.10597,0.441956079,10080.8915,0.80261875,-0.360662671
7800,-4958,5126,10192,11560,12561,-305,0.44,0.81,5115.09666,0.44248241,10079.923,0.802477749,-0.359995339
7800,-4958,5122,10187,11556,12553,-413,0.44,0.81,5111.09134,0.44228897,10074.671,0.80257078,-0.36028181
7800,-4959,5124,10191,11561,12559,-435,0.44,0.81,5113.09799,0.442271256,10078.86,0.802520901,-0.360249645
7800,-4954,5127,10192,11564,12557,-435,0.44,0.81,5116.10198,0.44241629,10079.797,0.802723342,-0.360307051
7800,-4954,5123,10185,11565,12558,-435,0.44,0.81,5112.10331,0.442032279,10072.8285,0.802104515,-0.360072236
7800,-4954,5125,10184,11558,12550,-435,0.44,0.81,5114.094,0.442472227,10071.5765,0.802516056,-0.360043829
7800,-4959,5119,10186,11555,12554,-435,0.44,0.81,5108.09001,0.442067504,10073.7025,0.802429704,-0.3603622
7800,-4959,5119,10187,11556,12555,-435,0.44,0.81,5108.09134,0.442029365,10074.734,0.802447949,-0.360418584
7800,-4954,5122,10192,11563,12559,-370,0.44,0.81,5111.10065,0.442022023,10079.86,0.802600526,-0.360578503
7800,-4958,5119,10193,11561,12563,-261,0.44,0.81,5108.09799,0.441838767,10080.986,0.80243461,-0.360595842
7801,-4957,5117,10190,11560,12554,-152,0.44,0.81,5106.09666,0.441703863,10077.7025,0.802748327,-0.361044464
7801,-4957,5123,10187,11564,12560,-44,0.44,0.81,5112.10198,0.442070389,10074.8915,0.802141043,-0.360070654
7801,-4957,5122,10193,11559,12558,0,0.44,0.81,5111.09533,0.442174525,10080.8285,0.802741559,-0.360567035
7801,-4955,5126,10189,11569,12558,0,0.44,0.81,5115.10863,0.442139219,10076.8285,0.802423037,-0.360283818
7800,-4955,5126,10194,11566,12567,0,0.44,0.81,5115.10464,0.442253557,10082.112,0.802268799,-0.360015242
7800,-4962,5124,10185,11566,12561,0,0.44,0.81,5113.10464,0.442080636,10072.923,0.801920468,-0.359839832
7800,-4956,5120,10192,11565,12564,0,0.44,0.81,5109.10331,0.441772876,10080.0175,0.802293656,-0.360520781
7800,-4958,5125,10195,11567,12564,0,0.44,0.81,5114.10597,0.442128985,10083.0175,0.802532434,-0.360403449
7800,-4957,5123,10190,11560,12561,182,0.44,0.81,5112.09666,0.442222894,10077.923,0.802318526,-0.360095631
7800,-4959,5124,10196,11566,12562,409,0.44,0.81,5113.10464,0.442080636,10083.9545,0.802734795,-0.360654159
7800,-4956,5124,10187,11564,12558,636,0.44,0.81,5113.10198,0.442156864,10074.8285,0.802263776,-0.360106912
7800,-4956,5122,10180,11559,12553,864,0.44,0.81,5111.09533,0.442174525,10067.671,0.802013144,-0.35983862
7801,-4957,5117,10198,11552,12563,908,0.44,0.81,5106.08602,0.442008831,10085.986,0.802832604,-0.360823772
7801,-4958,5122,10188,11566,12557,908,0.44,0.81,5111.10464,0.441907716,10075.797,0.802404794,-0.360497078
7801,-4961,5125,10189,11567,12550,908,0.44,0.81,5114.10597,0.442128985,10076.5765,0.802914462,-0.360785477
7801,-4956,5122,10186,11560,12555,908,0.44,0.81,5111.09666,0.442136389,10073.734,0.802368299,-0.36023191
7800,-4953,5129,10185,11567,12559,908,0.44,0.81,5118.10597,0.442474796,10072.86,0.802043156,-0.35956836
7800,-4958,5124,10186,11563,12554,908,0.44,0.81,5113.10065,0.442194988,10073.7025,0.802429704,-0.360234715
7800,-4957,5124,10192,11562,12558,908,0.44,0.81,5113.09932,0.442233119,10079.8285,0.802661929,-0.36042881
7800,-4956,5118,10190,11555,12560,362,0.44,0.81,5107.09001,0.441980961,10077.8915,0.802379896,-0.360398935
7800,-4958,5119,10194,11553,12560,-546,0.44,0.81,5108.08735,0.442143802,10081.8915,0.802698368,-0.360554565
7801,-4960,5116,10193,11548,12565,-1456,0.44,0.81,5105.0807,0.442074879,10081.049,0.802311898,-0.360237019
7801,-4957,5116,10191,11551,12563,-2365,0.44,0.81,5105.08469,0.441960409,10078.986,0.802275412,-0.360315002
7801,-4955,5120,10190,11557,12561,-2728,0.44,0.81,5109.09267,0.44207776,10077.923,0.802318526,-0.360240766
7801,-4957,5122,10188,11562,12561,-2728,0.44,0.81,5111.09932,0.442060138,10075.923,0.802159303,-0.360099164
7800,-4954,5124,10195,11563,12568,-2728,0.44,0.81,5113.10065,0.442194988,10083.1435,0.802287039,-0.36009205
7800,-4956,5117,10192,11553,12565,-2728,0.44,0.81,5106.08735,0.441970687,10080.049,0.802232312,-0.360261625
7800,-4962,5118,10199,11554,12568,-2728,0.44,0.81,5107.08868,0.4420191,10087.1435,0.802605307,-0.360586207
7800,-4955,5120,10188,11556,12563,-2184,0.44,0.81,5109.09134,0.4421159,10075.986,0.802036615,-0.359920715
7801,-4958,5122,10193,11559,12560,-1502,0.44,0.81,5111.09533,0.442174525,10080.8915,0.80261875,-0.360444225
7801,-4957,5115,10191,11557,12559,-820,0.44,0.81,5104.09267,0.441645122,10078.86,0.802520901,-0.36087578
7801,-4961,5119,10195,11558,12567,-138,0.44,0.81,5108.094,0.441953106,10083.112,0.802348373,-0.360395267
7801,-4960,5123,10188,11559,12558,0,0.44,0.81,5112.09533,0.442261037,10075.8285,0.802343407,-0.360082369
7800,-4958,5121,10192,11560,12563,0,0.44,0.81,5110.09666,0.442049884,10079.986,0.802355011,-0.360305127
7800,-4949,5123,10187,11562,12561,0,0.44,0.81,5112.09932,0.442146629,10074.923,0.802079691,-0.359933062
7800,-4955,5123,10190,11557,12559,0,0.44,0.81,5112.09267,0.442337343,10077.86,0.802441277,-0.360103934
7800,-4958,5120,10192,11562,12561,0,0.44,0.81,5109.09932,0.441887158,10079.923,0.802477749,-0.360590591
7800,-4961,5121,10190,11559,12555,0,0.44,0.81,5110.09533,0.442088012,10077.734,0.802686898,-0.360598886
7800,-4959,5115,10192,11555,12560,-182,0.44,0.81,5104.09001,0.441721334,10079.8915,0.802539132,-0.360817799
7800,-4957,5112,10187,11534,12558,-637,0.44,0.81,5101.06208,0.442263055,10074.8285,0.802263776,-0.360000721
7800,-4953,5116,10190,11542,12556,-1092,0.44,0.81,5105.07272,0.442303996,10077.7655,0.802625478,-0.360321482
7800,-4955,5115,10187,11539,12557,-1546,0.44,0.81,5104.06873,0.442331981,10074.797,0.802325157,-0.359993176
7801,-4957,5111,10189,11544,12558,-1819,0.44,0.81,5100.07538,0.441794472,10076.8285,0.802423037,-0.360628566
7801,-4958,5115,10190,11542,12561,-1819,0.44,0.81,5104.07272,0.442217356,10077.923,0.802318526,-0.36010117
7801,-4960,5106,10183,11535,12553,-1819,0.44,0.81,5095.06341,0.441704674,10070.671,0.802252131,-0.360547457
7801,-4957,5114,10189,11545,12553,-1819,0.44,0.81,5103.07671,0.442016172,10076.671,0.802730104,-0.360713932
7800,-4956,5116,10189,11547,12559,-1819,0.44,0.81,5105.07937,0.442113048,10076.86,0.802361653,-0.360248605
7800,-4959,5111,10190,11537,12560,-1819,0.44,0.81,5100.06607,0.442061721,10077.8915,0.802379896,-0.360318176
7800,-4957,5116,10194,11537,12566,-1856,0.44,0.81,5105.06607,0.442495109,10082.0805,0.802330137,-0.359835028
7801,-4958,5108,10191,11532,12558,-1901,0.44,0.81,5097.05942,0.441992666,10078.8285,0.802582298,-0.360589633
7801,-4957,5117,10194,11550,12562,-1947,0.44,0.81,5106.08336,0.442085139,10081.9545,0.802575585,-0.360490446
7801,-4956,5121,10191,11554,12560,-1992,0.44,0.81,5110.08868,0.44227875,10078.8915,0.802459514,-0.360180764
7800,-4959,5117,10200,11543,12560,-2001,0.44,0.81,5106.07405,0.442352426,10087.8915,0.803176075,-0.360823649
7800,-4957,5118,10188,11552,12555,-2001,0.44,0.81,5107.08602,0.442095396,10075.734,0.802527599,-0.360432202
7800,-4951,5116,10191,11544,12566,-2001,0.44,0.81,5105.07538,0.442227597,10079.0805,0.802091397,-0.3598638
7800,-4957,5116,10190,11546,12561,-2001,0.44,0.81,5105.07804,0.442151225,10077.923,0.802318526,-0.360167301
7800,-4952,5120,10196,11546,12567,-2001,0.44,0.81,5109.07804,0.442497665,10084.112,0.802427946,-0.359930281
7800,-4955,5112,10189,11544,12561,-2001,0.44,0.81,5101.07538,0.441881097,10076.923,0.802238914,-0.360357817
7800,-4959,5112,10191,11553,12560,-1915,0.44,0.81,5101.08735,0.441537899,10078.8915,0.802459514,-0.360921615
7800,-4956,5110,10191,11533,12560,-1772,0.44,0.81,5099.06075,0.442127872,10078.8915,0.802459514,-0.360331642
7800,-4959,5114,10192,11549,12558,-1629,0.44,0.81,5103.08203,0.441863541,10079.8285,0.802661929,-0.360798388
7801,-4957,5122,10190,11563,12559,-1487,0.44,0.81,5111.10065,0.442022023,10077.86,0.802441277,-0.360419254
7801,-4956,5118,10194,11548,12564,-1429,0.44,0.81,5107.0807,0.442248069,10082.0175,0.802452841,-0.360204773
7801,-4956,5119,10186,11548,12557,-1429,0.44,0.81,5108.0807,0.442334664,10073.797,0.80224552,-0.359910856
7801,-4957,5122,10197,11561,12561,-1429,0.44,0.81,5111.09799,0.442098261,10084.923,0.802875806,-0.360777546
7801,-4959,5123,10189,11555,12558,-1429,0.44,0.81,5112.09001,0.442413675,10076.8285,0.802423037,-0.360009363
7800,-4961,5123,10192,11557,12561,-1429,0.44,0.81,5112.09267,0.442337343,10079.923,0.802477749,-0.360140406
7800,-4958,5124,10192,11565,12563,-1429,0.44,0.81,5113.10331,0.442118747,10079.986,0.802355011,-0.360236264
7800,-4955,5124,10192,11557,12560,-1231,0.44,0.81,5113.09267,0.44242387,10079.8915,0.802539132,-0.360115262
7800,-4950,5120,10191,11549,12561,-983,0.44,0.81,5109.08203,0.442383066,10078.923,0.802398137,-0.360015071
7800,-4956,5121,10193,11558,12558,-734,0.44,0.81,5110.094,0.442126146,10080.8285,0.802741559,-0.360615413
7800,-4957,5119,10186,11554,12556,-485,0.44,0.81,5108.08868,0.44210565,10073.7655,0.802306905,-0.360201255
7800,-4960,5122,10193,11552,12564,-435,0.44,0.81,5111.08602,0.442441657,10081.0175,0.802373249,-0.359931592
7801,-4959,5122,10192,11550,12565,-435,0.44,0.81,5111.08336,0.44251804,10080.049,0.802232312,-0.359714272
7801,-4954,5117,10192,11546,12564,-435,0.44,0.81,5106.07804,0.442237835,10080.0175,0.802293656,-0.360055822
7801,-4953,5123,10187,11556,12560,-435,0.44,0.81,5112.09134,0.442375505,10074.8915,0.802141043,-0.359765538
7801,-4958,5125,10186,11570,12557,-435,0.44,0.81,5114.10996,0.44201469,10073.797,0.80224552,-0.360230831
7801,-4960,5117,10188,11548,12555,-435,0.44,0.81,5106.0807,0.442161474,10075.734,0.802527599,-0.360366125
7800,-4955,5124,10196,11555,12568,-435,0.44,0.81,5113.09001,0.442500217,10084.1435,0.802366606,-0.359866388
7800,-4950,5134,10196,11587,12562,-435,0.44,0.81,5123.13257,0.442144867,10083.9545,0.802734795,-0.360589929
7800,-4954,5121,10189,11558,12555,-435,0.44,0.81,5110.094,0.442126146,10076.734,0.802607248,-0.360481102
7800,-4952,5125,10196,11561,12573,-435,0.44,0.81,5114.09799,0.442357754,10084.301,0.802060049,-0.359702296
7800,-4954,5136,10192,11589,12569,-435,0.44,0.81,5125.13523,0.442241369,10080.175,0.801987032,-0.359745662
7800,-4954,5135,10186,11590,12561,-435,0.44,0.81,5124.13656,0.442117046,10073.923,0.80200008,-0.359883034
7801,-4953,5125,10205,11564,12575,-435,0.44,0.81,5114.10198,0.44224334,10093.364,0.802653201,-0.360409861
7800,-4954,5124,10180,11562,12548,-435,0.44,0.81,5113.09932,0.442233119,10067.5135,0.802320171,-0.360087052
7800,-4958,5125,10179,11562,12546,-435,0.44,0.81,5114.09932,0.442319609,10066.4505,0.802363343,-0.360043734
7800,-4956,5121,10176,11551,12545,-435,0.44,0.81,5110.08469,0.442393272,10063.419,0.802185652,-0.359792379
7801,-4960,5117,10181,11560,12545,-506,0.44,0.81,5106.09666,0.441703863,10068.419,0.802584217,-0.360880353
7801,-4961,5126,10181,11564,12548,-625,0.44,0.81,5115.10198,0.442329815,10068.5135,0.802399865,-0.36007005
7801,-4958,5119,10184,11560,12548,-744,0.44,0.81,5108.09666,0.441876874,10071.5135,0.802638946,-0.360762073
7801,-4960,5120,10180,11561,12548,-862,0.44,0.81,5109.09799,0.441925265,10067.5135,0.802320171,-0.360394905
7801,-4956,5121,10177,11556,12542,-910,0.44,0.81,5110.09134,0.442202435,10064.3245,0.802449729,-0.360247294
7801,-4954,5121,10176,11562,12549,-910,0.44,0.81,5110.09932,0.441973648,10063.545,0.801939995,-0.359966347
7800,-4953,5121,10179,11556,12548,-910,0.44,0.81,5110.09134,0.442202435,10066.5135,0.802240477,-0.360038041
7800,-4952,5131,10175,11570,12537,-910,0.44,0.81,5120.10996,0.442533272,10062.167,0.802597671,-0.360064399
7800,-4954,5126,10184,11565,12553,-910,0.44,0.81,5115.10331,0.442291683,10071.671,0.802331793,-0.360040111
7800,-4954,5127,10182,11568,12549,-910,0.44,0.81,5116.1073,0.442263771,10069.545,0.802418121,-0.36015435
7800,-4954,5121,10185,11560,12553,-815,0.44,0.81,5110.09666,0.442049884,10072.671,0.802411455,-0.360361571
7800,-4954,5123,10184,11567,12555,-696,0.44,0.81,5112.10597,0.441956079,10071.734,0.802209,-0.360252921
7800,-4958,5126,10194,11561,12562,-578,0.44,0.81,5115.09799,0.442444251,10081.9545,0.802575585,-0.360131334
7800,-4956,5125,10195,11560,12569,-459,0.44,0.81,5114.09666,0.442395905,10083.175,0.802225714,-0.359829809
7800,-4954,5124,10185,11563,12556,-435,0.44,0.81,5113.10065,0.442194988,10072.7655,0.802227262,-0.360032274
7800,-4951,5122,10183,11564,12551,-435,0.44,0.81,5111.10198,0.441983914,10070.608,0.80237495,-0.360391036
7801,-4952,5122,10176,11559,12542,-435,0.44,0.81,5111.09533,0.442174525,10063.3245,0.802369997,-0.360195472
7801,-4954,5124,10192,11572,12562,-435,0.44,0.81,5113.11262,0.44185211,10079.9545,0.802416375,-0.360564265
7801,-4958,5118,10183,11555,12555,-435,0.44,0.81,5107.09001,0.441980961,10070.734,0.802129351,-0.360148389
7801,-4958,5123,10181,11569,12550,-435,0.44,0.81,5112.10863,0.441879906,10068.5765,0.802277012,-0.360397106
7801,-4955,5126,10186,11564,12552,-348,0.44,0.81,5115.10198,0.442329815,10073.6395,0.802552541,-0.360222726
7801,-4959,5126,10193,11567,12562,-240,0.44,0.81,5115.10597,0.442215438,10080.9545,0.80249598,-0.360280542
7800,-4960,5121,10194,11558,12563,-131,0.44,0.81,5110.094,0.442126146,10081.986,0.802514208,-0.360388062
7800,-4955,5126,10192,11565,12564,-22,0.44,0.81,5115.10331,0.442291683,10080.0175,0.802293656,-0.360001974
7800,-4954,5126,10187,11561,12551,0,0.44,0.81,5115.09799,0.442444251,10074.608,0.80269365,-0.360249399
7800,-4955,5130,10184,11577,12554,0,0.44,0.81,5119.11927,0.442180122,10071.7025,0.802270392,-0.36009027
7800,-4957,5123,10180,11563,12550,0,0.44,0.81,5112.10065,0.442108506,10067.5765,0.802197331,-0.360088825
7800,-4957,5121,10186,11560,12555,0,0.44,0.81,5110.09666,0.442049884,10073.734,0.802368299,-0.360318415
7800,-4961,5124,10199,11559,12561,0,0.44,0.81,5113.09533,0.44234755,10086.923,0.803035029,-0.360687479
7800,-4957,5118,10194,11555,12562,0,0.44,0.81,5107.09001,0.441980961,10081.9545,0.802575585,-0.360594624
7801,-4958,5120,10188,11564,12559,0,0.44,0.81,5109.10198,0.441810963,10075.86,0.802282029,-0.360471065
7801,-4956,5119,10205,11559,12577,0,0.44,0.81,5108.09533,0.441914987,10093.427,0.802530572,-0.360615585
7801,-4959,5122,10207,11555,12577,0,0.44,0.81,5111.09001,0.442327132,10095.427,0.802689592,-0.36036246
7801,-4957,5122,10196,11559,12562,0,0.44,0.81,5111.09533,0.442174525,10083.9545,0.802734795,-0.360560271
7800,-4958,5121,10191,11566,12562,0,0.44,0.81,5110.10464,0.441821255,10078.9545,0.80233677,-0.360515514
7800,-4953,5125,10204,11570,12584,0,0.44,0.81,5114.10996,0.44201469,10092.6475,0.802022211,-0.360007521
7800,-4960,5117,10210,11560,12578,0,0.44,0.81,5106.09666,0.441703863,10098.4585,0.802866791,-0.361162928
7800,-4957,5117,10205,11559,12577,0,0.44,0.81,5106.09533,0.441741961,10093.427,0.802530572,-0.36078861
7801,-4958,5117,10197,11558,12571,0,0.44,0.81,5106.094,0.441780066,10085.238,0.802262191,-0.360482125
7801,-4955,5115,10194,11561,12567,0,0.44,0.81,5104.09799,0.441492777,10082.112,0.802268799,-0.360776023
7801,-4960,5116,10195,11555,12564,0,0.44,0.81,5105.09001,0.441807876,10083.0175,0.802532434,-0.360724558
7801,-4954,5122,10197,11562,12569,0,0.44,0.81,5111.09932,0.442060138,10085.175,0.802384836,-0.360324697
7800,-4957,5122,10192,11564,12568,0,0.44,0.81,5111.10198,0.441983914,10080.1435,0.802048337,-0.360064423
7800,-4960,5114,10203,11552,12580,0,0.44,0.81,5103.08602,0.441749136,10091.5215,0.802187719,-0.360438583
7800,-4953,5120,10197,11561,12571,0,0.44,0.81,5109.09799,0.441925265,10085.238,0.802262191,-0.360336926
7800,-4955,5120,10207,11558,12578,0,0.44,0.81,5109.094,0.442039626,10095.4585,0.80262828,-0.360588653
7800,-4958,5121,10211,11560,12583,0,0.44,0.81,5110.09666,0.442049884,10099.616,0.802639752,-0.360589868
7800,-4957,5119,10189,11550,12556,0,0.44,0.81,5108.08336,0.4422583,10076.7655,0.802545835,-0.360287535
7800,-4956,5118,10186,11562,12560,0,0.44,0.81,5107.09932,0.441714177,10073.8915,0.802061425,-0.360347248
7800,-4958,5115,10209,11558,12583,0,0.44,0.81,5104.094,0.441607025,10097.616,0.802480807,-0.360873782
7800,-4956,5119,10202,11562,12572,-150,0.44,0.81,5108.09932,0.441800668,10090.2695,0.802598592,-0.360797924
7801,-4953,5122,10193,11561,12567,-400,0.44,0.81,5111.09799,0.442098261,10081.112,0.802189226,-0.360090965
7801,-4958,5122,10192,11560,12563,-650,0.44,0.81,5111.09666,0.442136389,10079.986,0.802355011,-0.360218621
7801,-4957,5128,10189,11563,12561,-900,0.44,0.81,5117.10065,0.442540919,10076.923,0.802238914,-0.359697995
7801,-4953,5127,10206,11570,12577,-1000,0.44,0.81,5116.10996,0.442187551,10094.427,0.802610082,-0.360422531
7801,-4958,5124,10190,11567,12558,-1000,0.44,0.81,5113.10597,0.442042532,10077.8285,0.802502668,-0.360460135
7800,-4950,5126,10199,11572,12568,-1000,0.44,0.81,5115.11262,0.442024941,10087.1435,0.802605307,-0.360580366
7800,-4953,5121,10194,11562,12566,-1000,0.44,0.81,5110.09932,0.441973648,10082.0805,0.802330137,-0.360356489
7800,-4955,5122,10186,11564,12555,-1000,0.44,0.81,5111.10198,0.441983914,10073.734,0.802368299,-0.360384386
7800,-4953,5121,10198,11562,12572,-1000,0.44,0.81,5110.09932,0.441973648,10086.2695,0.802280425,-0.360306777
7800,-4958,5120,10192,11561,12562,-779,0.44,0.81,5109.09799,0.441925265,10079.9545,0.802416375,-0.36049111
7801,-4956,5114,10212,11554,12591,-410,0.44,0.81,5103.08868,0.441672899,10100.868,0.802229211,-0.360556312
7801,-4954,5120,10209,11560,12580,-41,0.44,0.81,5109.09666,0.441963379,10097.5215,0.802664666,-0.360701287
7801,-4955,5121,10193,11563,12564,327,0.44,0.81,5110.10065,0.44193554,10081.0175,0.802373249,-0.360437709
7801,-4958,5123,10199,11557,12574,475,0.44,0.81,5112.09267,0.442337343,10087.3325,0.802237355,-0.359900012
7801,-4957,5124,10205,11567,12575,475,0.44,0.81,5113.10597,0.442042532,10093.364,0.802653201,-0.360610669
7800,-4954,5124,10204,11565,12577,475,0.44,0.81,5113.10331,0.442118747,10092.427,0.802451061,-0.360332314
7800,-4954,5127,10207,11567,12584,475,0.44,0.81,5116.10597,0.442301891,10095.6475,0.802260609,-0.359958718
7800,-4953,5126,10201,11565,12578,475,0.44,0.81,5115.10331,0.442291683,10089.4585,0.802151256,-0.359859573
7800,-4954,5121,10188,11561,12559,475,0.44,0.81,5110.09799,0.442011763,10075.86,0.802282029,-0.360270266
7800,-4956,5121,10189,11560,12563,325,0.44,0.81,5110.09666,0.442049884,10076.986,0.802116214,-0.36006633
7800,-4957,5121,10189,11567,12563,74,0.44,0.81,5110.10597,0.441783174,10076.986,0.802116214,-0.360333041
7800,-4958,5123,10190,11563,12567,-176,0.44,0.81,5112.10065,0.442108506,10078.112,0.801950505,-0.359842
7800,-4960,5123,10199,11564,12568,-426,0.44,0.81,5112.10198,0.442070389,10087.1435,0.802605307,-0.360534918
7800,-4959,5122,10193,11563,12562,-527,0.44,0.81,5111.10065,0.442022023,10080.9545,0.80249598,-0.360473957
7800,-4959,5120,10211,11552,12586,-527,0.44,0.81,5109.08602,0.442268527,10099.7105,0.802455943,-0.360187416
7800,-4959,5120,10205,11562,12578,-527,0.44,0.81,5109.09932,0.441887158,10093.4585,0.802469272,-0.360582114
7801,-4959,5124,10189,11566,12557,-527,0.44,0.81,5113.10464,0.442080636,10076.797,0.802484431,-0.360403795
7801,-4961,5120,10189,11559,12560,-527,0.44,0.81,5109.09533,0.442001499,10076.8915,0.802300279,-0.360298779
7801,-4957,5117,10200,11548,12572,-527,0.44,0.81,5106.0807,0.442161474,10088.2695,0.802439508,-0.360278035
7801,-4958,5119,10196,11555,12571,-519,0.44,0.81,5108.09001,0.442067504,10084.238,0.802182643,-0.360115138
7801,-4961,5120,10194,11562,12560,-507,0.44,0.81,5109.09932,0.441887158,10081.8915,0.802698368,-0.36081121
7801,-4960,5125,10196,11566,12566,-494,0.44,0.81,5114.10464,0.442167097,10084.0805,0.802489297,-0.3603222
7801,-4961,5123,10197,11564,12559,-482,0.44,0.81,5112.10198,0.442070389,10084.86,0.802998646,-0.360928257
7801,-4956,5121,10209,11566,12580,-477,0.44,0.81,5110.10464,0.441821255,10097.5215,0.802664666,-0.360843411
7800,-4958,5123,10209,11556,12579,-477,0.44,0.81,5112.09134,0.442375505,10097.49,0.802725972,-0.360350466
7800,-4957,5123,10212,11558,12585,-477,0.44,0.81,5112.094,0.442299187,10100.679,0.802596663,-0.360297476
7800,-4959,5120,10193,11560,12566,-477,0.44,0.81,5109.09666,0.441963379,10081.0805,0.802250557,-0.360287178
7800,-4961,5118,10194,11559,12565,-477,0.44,0.81,5107.09533,0.441828474,10082.049,0.802391484,-0.36056301
7800,-4957,5121,10194,11558,12560,-477,0.44,0.81,5110.094,0.442126146,10081.8915,0.802698368,-0.360572221
7800,-4959,5121,10192,11562,12561,-334,0.44,0.81,5110.09932,0.441973648,10079.923,0.802477749,-0.3605041
7801,-4952,5126,10193,11560,12559,-96,0.44,0.81,5115.09666,0.44248241,10080.86,0.80268015,-0.36019774
7801,-4958,5119,10194,11550,12563,141,0.44,0.81,5108.08336,0.4422583,10081.986,0.802514208,-0.360255909
7801,-4958,5123,10196,11562,12558,380,0.44,0.81,5112.09932,0.442146629,10083.8285,0.802980451,-0.360833822
7801,-4952,5120,10187,11558,12558,475,0.44,0.81,5109.094,0.442039626,10074.8285,0.802263776,-0.36022415
7801,-4956,5120,10197,11555,12572,475,0.44,0.81,5109.09001,0.442154047,10085.2695,0.802200883,-0.360046836
7801,-4959,5120,10203,11559,12568,475,0.44,0.81,5109.09533,0.442001499,10091.1435,0.802923576,-0.360922076
7800,-4957,5122,10190,11556,12562,475,0.44,0.81,5111.09134,0.44228897,10077.9545,0.802257164,-0.359968194
7800,-4960,5122,10194,11562,12568,475,0.44,0.81,5111.09932,0.442060138,10082.1435,0.802207471,-0.360147333
7800,-4961,5117,10201,11552,12566,475,0.44,0.81,5106.08602,0.442008831,10089.0805,0.802887196,-0.360878364
7800,-4952,5127,10193,11565,12563,324,0.44,0.81,5116.10331,0.44237815,10080.986,0.80243461,-0.360056459
7800,-4959,5116,10185,11555,12556,74,0.44,0.81,5105.09001,0.441807876,10072.7655,0.802227262,-0.360419386
7800,-4953,5119,10189,11559,12560,-176,0.44,0.81,5108.09533,0.441914987,10076.8915,0.802300279,-0.360385292
7801,-4960,5120,10192,11553,12558,-426,0.44,0.81,5109.08735,0.44223036,10079.8285,0.802661929,-0.360431569
7801,-4959,5113,10198,11547,12569,-527,0.44,0.81,5102.07937,0.441853241,10086.175,0.802464397,-0.360611156
7801,-4958,5119,10201,11558,12575,-527,0.44,0.81,5108.094,0.441953106,10089.364,0.802335109,-0.360382003
7800,-4957,5120,10191,11557,12564,-527,0.44,0.81,5109.09267,0.44207776,10079.0175,0.802214064,-0.360136304
7800,-4959,5122,10195,11558,12564,-527,0.44,0.81,5111.094,0.442212667,10083.0175,0.802532434,-0.360319767
7800,-4960,5117,10192,11554,12563,-527,0.44,0.81,5106.08868,0.44193255,10079.986,0.802355011,-0.360422461
7801,-4956,5114,10200,11550,12570,-527,0.44,0.81,5103.08336,0.441825399,10088.2065,0.802562172,-0.360736773
7801,-4954,5119,10192,11556,12562,-898,0.44,0.81,5108.09134,0.442029365,10079.9545,0.802416375,-0.36038701
7801,-4957,5123,10188,11557,12559,-1517,0.44,0.81,5112.09267,0.442337343,10075.86,0.802282029,-0.359944686
7801,-4958,5120,10189,11556,12555,-2135,0.44,0.81,5109.09134,0.4421159,10076.734,0.802607248,-0.360491348
7800,-4958,5120,10192,11558,12557,-2754,0.44,0.81,5109.094,0.442039626,10079.797,0.802723342,-0.360683715
7800,-4962,5124,10193,11565,12565,-3001,0.44,0.81,5113.10331,0.442118747,10081.049,0.802311898,-0.360193151
7800,-4958,5122,10192,11561,12567,-3001,0.44,0.81,5111.09799,0.442098261,10080.112,0.802109652,-0.360011392
7800,-4956,5114,10193,11553,12562,-3001,0.44,0.81,5103.08735,0.441711014,10080.9545,0.80249598,-0.360784965
7800,-4963,5121,10198,11559,12563,-3001,0.44,0.81,5110.09533,0.442088012,10085.986,0.802832604,-0.360744592
7800,-4961,5121,10188,11552,12558,-3001,0.44,0.81,5110.08602,0.442355092,10075.8285,0.802343407,-0.359988315
7800,-4961,5117,10197,11554,12558,-3001,0.44,0.81,5106.08868,0.44193255,10084.8285,0.803060081,-0.361127531
7801,-4961,5116,10188,11547,12557,-2362,0.44,0.81,5105.07937,0.442113048,10075.797,0.802404794,-0.360291746
7801,-4957,5123,10187,11558,12562,-1299,0.44,0.81,5112.094,0.442299187,10074.9545,0.802018349,-0.359719162
7801,-4959,5123,10188,11562,12559,-236,0.44,0.81,5112.09932,0.442146629,10075.86,0.802282029,-0.3601354
7801,-4959,5121,10189,11562,12561,826,0.44,0.81,5110.09932,0.441973648,10076.923,0.802238914,-0.360265266
7801,-4961,5124,10189,11568,12560,1249,0.44,0.81,5113.1073,0.442004435,10076.8915,0.802300279,-0.360295844
7800,-4958,5123,10194,11555,12561,1249,0.44,0.81,5112.09001,0.442413675,10081.923,0.802636972,-0.360223297
7800,-4960,5118,10189,11555,12558,1249,0.44,0.81,5107.09001,0.441980961,10076.8285,0.802423037,-0.360442076
7800,-4960,5123,10195,11561,12562,1249,0.44,0.81,5112.09799,0.442184758,10082.9545,0.80265519,-0.360470432
7800,-4958,5122,10190,11554,12559,1249,0.44,0.81,5111.08868,0.4423653,10077.86,0.802441277,-0.360075977
7800,-4961,5121,10190,11557,12557,1249,0.44,0.81,5110.09267,0.442164287,10077.797,0.802564068,-0.36039978
7800,-4957,5121,10192,11557,12567,925,0.44,0.81,5110.09267,0.442164287,10080.112,0.802109652,-0.359945365
7801,-4954,5120,10185,11565,12558,385,0.44,0.81,5109.10331,0.441772876,10072.8285,0.802104515,-0.360331639
7801,-4952,5124,10194,11565,12568,-154,0.44,0.81,5113.10331,0.442118747,10082.1435,0.802207471,-0.360088724
7801,-4964,5120,10196,11561,12563,-694,0.44,0.81,5109.09799,0.441925265,10083.986,0.802673406,-0.360748141
7801,-4958,5125,10192,11566,12556,-910,0.44,0.81,5114.10464,0.442167097,10079.7655,0.802784764,-0.360617668
7801,-4960,5119,10188,11562,12554,-910,0.44,0.81,5108.09932,0.441800668,10075.7025,0.802589015,-0.360788348
7800,-4958,5127,10191,11564,12559,-910,0.44,0.81,5116.10198,0.44241629,10078.86,0.802520901,-0.360104611
7800,-4954,5121,10193,11562,12566,-910,0.44,0.81,5110.09932,0.441973648,10081.0805,0.802250557,-0.360276909
7800,-4958,5124,10185,11558,12552,-910,0.44,0.81,5113.094,0.442385707,10072.6395,0.802472873,-0.360087166
7800,-4956,5121,10198,11559,12563,-910,0.44,0.81,5110.09533,0.442088012,10085.986,0.802832604,-0.360744592
7800,-4956,5118,10193,11553,12562,-711,0.44,0.81,5107.08735,0.442057245,10080.9545,0.80249598,-0.360438735
7800,-4960,5125,10189,11573,12563,-384,0.44,0.81,5114.11395,0.441900454,10076.986,0.802116214,-0.360215761
7800,-4957,5122,10194,11562,12565,-57,0.44,0.81,5111.09932,0.442060138,10082.049,0.802391484,-0.360331346
7801,-4959,5120,10198,11561,12575,269,0.44,0.81,5109.09799,0.441925265,10086.364,0.802096541,-0.360171276
7801,-4956,5120,10194,11557,12562,398,0.44,0.81,5109.09267,0.44207776,10081.9545,0.802575585,-0.360497825
7801,-4959,5117,10182,11556,12554,398,0.44,0.81,5106.09134,0.441856295,10069.7025,0.80211108,-0.360254786
7801,-4955,5124,10193,11566,12562,398,0.44,0.81,5113.10464,0.442080636,10080.9545,0.80249598,-0.360415344
7800,-4955,5124,10193,11562,12563,399,0.44,0.81,5113.09932,0.442233119,10080.986,0.80243461,-0.360201491
7800,-4953,5122,10190,11562,12563,399,0.44,0.81,5111.09932,0.442060138,10077.986,0.802195813,-0.360135675
7800,-4958,5124,10191,11562,12561,398,0.44,0.81,5113.09932,0.442233119,10078.923,0.802398137,-0.360165018
7800,-4961,5125,10193,11562,12566,208,0.44,0.81,5114.09932,0.442319609,10081.0805,0.802250557,-0.359930948
7800,-4954,5124,10188,11563,12559,-118,0.44,0.81,5113.10065,0.442194988,10075.86,0.802282029,-0.36008704
7800,-4960,5122,10188,11562,12563,-446,0.44,0.81,5111.09932,0.442060138,10075.986,0.802036615,-0.359976477
7801,-4958,5119,10191,11556,12563,-773,0.44,0.81,5108.09134,0.442029365,10078.986,0.802275412,-0.360246047
7801,-4954,5121,10198,11560,12568,-910,0.44,0.81,5110.09666,0.442049884,10086.1435,0.80252574,-0.360475856
7801,-4953,5117,10196,11556,12574,-910,0.44,0.81,5106.09134,0.441856295,10084.3325,0.801998767,-0.360142473
7801,-4956,5119,10193,11558,12565,-910,0.44,0.81,5108.094,0.441953106,10081.049,0.802311898,-0.360358792
7800,-4958,5117,10196,11554,12572,-910,0.44,0.81,5106.08868,0.44193255,10084.2695,0.802121341,-0.360188791
7800,-4955,5118,10189,11559,12566,-909,0.44,0.81,5107.09533,0.441828474,10077.0805,0.801932238,-0.360103764
7800,-4951,5120,10189,11561,12562,-910,0.44,0.81,5109.09799,0.441925265,10076.9545,0.802177559,-0.360252294
7800,-4960,5122,10200,11558,12568,-914,0.44,0.81,5111.094,0.442212667,10088.1435,0.802684874,-0.360472208
7800,-4957,5122,10191,11561,12559,-937,0.44,0.81,5111.09799,0.442098261,10078.86,0.802520901,-0.360422641
7800,-4956,5122,10190,11563,12562,-960,0.44,0.81,5111.10065,0.442022023,10077.9545,0.802257164,-0.360235142
7800,-4954,5122,10195,11558,12569,-982,0.44,0.81,5111.094,0.442212667,10083.175,0.802225714,-0.360013048
7800,-4955,5117,10190,11556,12563,-1000,0.44,0.81,5106.09134,0.441856295,10077.986,0.802195813,-0.360339519
7800,-4957,5118,10185,11557,12552,-1000,0.44,0.81,5107.09267,0.441904705,10072.6395,0.802472873,-0.360568168
7801,-4959,5120,10188,11558,12560,-1000,0.44,0.81,5109.094,0.442039626,10075.8915,0.802220661,-0.360181035
7801,-4962,5118,10195,11556,12554,-1000,0.44,0.81,5107.09134,0.44194283,10082.7025,0.803146607,-0.361203777
7801,-4957,5118,10193,11559,12565,-1000,0.44,0.81,5107.09533,0.441828474,10081.049,0.802311898,-0.360483424
7801,-4954,5121,10189,11559,12558,-1000,0.44,0.81,5110.09533,0.442088012,10076.8285,0.802423037,-0.360335025
7801,-4955,5121,10191,11564,12561,-910,0.44,0.81,5110.10198,0.441897439,10078.923,0.802398137,-0.360500698
7800,-4956,5123,10188,11556,12556,-760,0.44,0.81,5112.09134,0.442375505,10075.7655,0.802466191,-0.360090686
7800,-4955,5124,10189,11567,12555,-610,0.44,0.81,5113.10597,0.442042532,10076.734,0.802607248,-0.360564716
7800,-4960,5124,10189,11562,12558,-460,0.44,0.81,5113.09932,0.442233119,10076.8285,0.802423037,-0.360189918
7800,-4960,5120,10192,11561,12560,-400,0.44,0.81,5109.09799,0.441925265,10079.8915,0.802539132,-0.360613867
7800,-4958,5117,10193,11558,12562,-400,0.44,0.81,5106.094,0.441780066,10080.9545,0.80249598,-0.360715914
7800,-4961,5125,10184,11565,12553,-400,0.44,0.81,5114.10331,0.442205215,10071.671,0.802331793,-0.360126578
7800,-4961,5120,10186,11554,12553,-400,0.44,0.81,5109.08868,0.4421922,10073.671,0.802491118,-0.360298918
7800,-4955,5119,10191,11564,12562,-400,0.44,0.81,5108.10198,0.441724488,10078.9545,0.80233677,-0.360612282
7800,-4958,5119,10185,11567,12553,-400,0.44,0.81,5108.10597,0.441610268,10072.671,0.802411455,-0.360801187
7800,-4965,5120,10198,11561,12559,-478,0.44,0.81,5109.09799,0.441925265,10085.86,0.803078271,-0.361153005
7800,-4957,5121,10197,11560,12565,-605,0.44,0.81,5110.09666,0.442049884,10085.049,0.802630243,-0.360580359
7801,-4961,5116,10194,11558,12559,-732,0.44,0.81,5105.094,0.441693546,10081.86,0.802759774,-0.361066228
7801,-4962,5123,10186,11559,12554,-860,0.44,0.81,5112.09533,0.442261037,10073.7025,0.802429704,-0.360168666
7801,-4955,5130,10196,11581,12570,-910,0.44,0.81,5119.12459,0.442027855,10084.2065,0.802243954,-0.360216099
7801,-4957,5112,10190,11553,12557,-910,0.44,0.81,5101.08735,0.441537899,10077.797,0.802564068,-0.361026169
7801,-4957,5121,10199,11562,12570,-910,0.44,0.81,5110.09932,0.441973648,10087.2065,0.802482617,-0.360508969
7800,-4957,5118,10191,11549,12561,-910,0.44,0.81,5107.08203,0.442209891,10078.923,0.802398137,-0.360188246
7800,-4958,5121,10191,11556,12561,-910,0.44,0.81,5110.09134,0.442202435,10078.923,0.802398137,-0.360195702
7800,-4956,5124,10190,11561,12562,-910,0.44,0.81,5113.09799,0.442271256,10077.9545,0.802257164,-0.359985909
7800,-4958,5122,10189,11558,12559,-833,0.44,0.81,5111.094,0.442212667,10076.86,0.802361653,-0.360148986
7800,-4957,5117,10189,11560,12560,-706,0.44,0.81,5106.09666,0.441703863,10076.8915,0.802300279,-0.360596415
7800,-4956,5118,10193,11555,12560,-578,0.44,0.81,5107.09001,0.441980961,10080.8915,0.80261875,-0.360637789
7800,-4955,5116,10190,11554,12567,-451,0.44,0.81,5105.08868,0.441846,10078.112,0.801950505,-0.360104506
7800,-4961,5124,10190,11560,12559,-400,0.44,0.81,5113.09666,0.4423094,10077.86,0.802441277,-0.360131878
7800,-4960,5121,10196,11558,12566,-400,0.44,0.81,5110.094,0.442126146,10084.0805,0.802489297,-0.36036315
7800,-4960,5118,10198,11559,12562,-400,0.44,0.81,5107.09533,0.441828474,10085.9545,0.802894006,-0.361065532
7800,-4959,5121,10191,11563,12561,-400,0.44,0.81,5110.10065,0.44193554,10078.923,0.802398137,-0.360462597
7800,-4956,5122,10181,11564,12552,-400,0.44,0.81,5111.10198,0.441983914,10068.6395,0.802154199,-0.360170285
7800,-4958,5121,10193,11561,12559,-400,0.44,0.81,5110.09799,0.442011763,10080.86,0.80268015,-0.360668387
7800,-4959,5121,10190,11557,12558,-429,0.44,0.81,5110.09267,0.442164287,10077.8285,0.802502668,-0.36033838
7801,-4956,5112,10188,11533,12561,-476,0.44,0.81,5101.06075,0.442301288,10075.923,0.802159303,-0.359858015
7800,-4953,5120,10192,11558,12559,-523,0.44,0.81,5109.094,0.442039626,10079.86,0.802600526,-0.360560899
7800,-4963,5117,10191,11558,12560,-570,0.44,0.81,5106.094,0.441780066,10078.8915,0.802459514,-0.360679449
7800,-4957,5119,10188,11560,12559,-589,0.44,0.81,5108.09666,0.441876874,10075.86,0.802282029,-0.360405155
7800,-4956,5117,10195,11556,12562,-589,0.44,0.81,5106.09134,0.441856295,10082.9545,0.80265519,-0.360798896
7800,-4965,5126,10191,11567,12559,-589,0.44,0.81,5115.10597,0.442215438,10078.86,0.802520901,-0.360305463
7800,-4957,5117,10191,11551,12563,-589,0.44,0.81,5106.08469,0.442046982,10078.986,0.802275412,-0.36022843
7800,-4961,5124,10198,11561,12561,-589,0.44,0.81,5113.09799,0.442271256,10085.923,0.802955418,-0.360684162
7800,-4959,5120,10192,11553,12553,-589,0.44,0.81,5109.08735,0.44223036,10079.671,0.802969091,-0.360738731
7801,-4959,5122,10193,11558,12560,-696,0.44,0.81,5111.094,0.442212667,10080.8915,0.80261875,-0.360406083
7801,-4952,5118,10191,11556,12562,-875,0.44,0.81,5107.09134,0.44194283,10078.9545,0.80233677,-0.36039394
7800,-4955,5123,10185,11565,12557,-1054,0.44,0.81,5112.10331,0.442032279,10072.797,0.802165884,-0.360133604
7800,-4956,5126,10186,11562,12562,-1233,0.44,0.81,5115.09932,0.442406099,10073.9545,0.801938744,-0.359532645
7800,-4957,5119,10190,11558,12557,-1305,0.44,0.81,5108.094,0.441953106,10077.797,0.802564068,-0.360610962
7800,-4956,5123,10190,11564,12564,-1305,0.44,0.81,5112.10198,0.442070389,10078.0175,0.802134472,-0.360064082
7800,-4961,5118,10192,11561,12558,-1305,0.44,0.81,5107.09799,0.44175227,10079.8285,0.802661929,-0.360909659
7800,-4959,5121,10195,11565,12564,-1305,0.44,0.81,5110.10331,0.441859344,10083.0175,0.802532434,-0.36067309
7800,-4960,5121,10187,11561,12556,-1305,0.44,0.81,5110.09799,0.442011763,10074.7655,0.802386548,-0.360374785
7800,-4958,5120,10196,11562,12557,-1305,0.44,0.81,5109.09932,0.441887158,10083.797,0.803041889,-0.361154731
7800,-4959,5122,10193,11568,12558,-985,0.44,0.81,5111.1073,0.441831544,10080.8285,0.802741559,-0.360910015
7800,-4959,5122,10184,11560,12557,-450,0.44,0.81,5111.09666,0.442136389,10071.797,0.802086247,-0.359949857
7800,-4959,5118,10191,11561,12559,84,0.44,0.81,5107.09799,0.44175227,10078.86,0.802520901,-0.360768632
7800,-4958,5116,10192,11555,12563,618,0.44,0.81,5105.09001,0.441807876,10079.986,0.802355011,-0.360547135
7800,-4953,5117,10189,11560,12562,832,0.44,0.81,5106.09666,0.441703863,10076.9545,0.802177559,-0.360473696
7800,-4958,5118,10193,11558,12564,832,0.44,0.81,5107.094,0.441866586,10081.0175,0.802373249,-0.360506663
7800,-4961,5117,10195,11558,12565,832,0.44,0.81,5106.094,0.441780066,10083.049,0.80247107,-0.360691005
7800,-4957,5122,10187,11570,12560,832,0.44,0.81,5111.10996,0.441755398,10074.8915,0.802141043,-0.360385645
7800,-4956,5121,10189,11555,12560,832,0.44,0.81,5110.09001,0.442240589,10076.8915,0.802300279,-0.360059689
7800,-4958,5116,10194,11552,12566,832,0.44,0.81,5105.08602,0.441922266,10082.0805,0.802330137,-0.360407871
7800,-4956,5120,10191,11557,12559,571,0.44,0.81,5109.09267,0.44207776,10078.86,0.802520901,-0.360443142
7800,-4953,5122,10192,11557,12565,135,0.44,0.81,5111.09267,0.442250815,10080.049,0.802232312,-0.359981497
7800,-4956,5126,10187,11561,12558,-300,0.44,0.81,5115.09799,0.442444251,10074.8285,0.802263776,-0.359819525
7800,-4962,5124,10191,11568,12560,-735,0.44,0.81,5113.1073,0.442004435,10078.8915,0.802459514,-0.36045508
7800,-4957,5126,10187,11569,12556,-910,0.44,0.81,5115.10863,0.442139219,10074.7655,0.802386548,-0.360247329
7800,-4951,5125,10200,11559,12570,-910,0.44,0.81,5114.09533,0.442434063,10088.2065,0.802562172,-0.360128109
7800,-4956,5129,10186,11563,12560,-910,0.44,0.81,5118.10065,0.442627402,10073.8915,0.802061425,-0.359434023
7800,-4950,5121,10194,11557,12561,-910,0.44,0.81,5110.09267,0.442164287,10081.923,0.802636972,-0.360472684
7799,-4954,5125,10195,11568,12566,-910,0.44,0.81,5114.1073,0.44209088,10083.0805,0.802409717,-0.360318837
7799,-4959,5123,10189,11570,12560,-910,0.44,0.81,5112.10996,0.441841829,10076.8915,0.802300279,-0.36045845
7799,-4955,5126,10197,11570,12569,-988,0.44,0.81,5115.10996,0.44210112,10085.175,0.802384836,-0.360283716
7799,-4954,5124,10190,11564,12559,-1118,0.44,0.81,5113.10198,0.442156864,10077.86,0.802441277,-0.360284413
7800,-4959,5122,10188,11558,12563,-1247,0.44,0.81,5111.094,0.442212667,10075.986,0.802036615,-0.359823949
7800,-4958,5123,10194,11560,12560,-1378,0.44,0.81,5112.09666,0.442222894,10081.8915,0.802698368,-0.360475473
7800,-4961,5122,10199,11557,12566,-1429,0.44,0.81,5111.09267,0.442250815,10087.0805,0.802728036,-0.360477221
7800,-4956,5123,10198,11562,12566,-1429,0.44,0.81,5112.09932,0.442146629,10086.0805,0.802648456,-0.360501828
7800,-4953,5124,10187,11564,12556,-1430,0.44,0.81,5113.10198,0.442156864,10074.7655,0.802386548,-0.360229684
7800,-4957,5119,10193,11554,12562,-1429,0.44,0.81,5108.08868,0.44210565,10080.9545,0.80249598,-0.36039033
7800,-4958,5122,10196,11562,12562,-1430,0.44,0.81,5111.09932,0.442060138,10083.9545,0.802734795,-0.360674657
7800,-4958,5125,10193,11570,12564,-1430,0.44,0.81,5114.10996,0.44201469,10081.0175,0.802373249,-0.360358559
7800,-4956,5119,10197,11557,12563,-1303,0.44,0.81,5108.09267,0.441991232,10084.986,0.802753005,-0.360761773
7800,-4954,5120,10200,11558,12563,-1093,0.44,0.81,5109.094,0.442039626,10087.986,0.802991801,-0.360952175
7800,-4960,5123,10196,11561,12564,-883,0.44,0.81,5112.09799,0.442184758,10084.0175,0.802612026,-0.360427268
7800,-4954,5123,10194,11561,12562,-673,0.44,0.81,5112.09799,0.442184758,10081.9545,0.802575585,-0.360390827
7800,-4955,5120,10192,11553,12554,-589,0.44,0.81,5109.08735,0.44223036,10079.7025,0.802907639,-0.360677279
7800,-4956,5116,10189,11560,12558,-589,0.44,0.81,5105.09666,0.441617358,10076.8285,0.802423037,-0.360805679
7800,-4954,5125,10191,11558,12562,-589,0.44,0.81,5114.094,0.442472227,10078.9545,0.80233677,-0.359864543
7800,-4955,5117,10195,11550,12561,-589,0.44,0.81,5106.08336,0.442085139,10082.923,0.802716583,-0.360631444
7800,-4957,5118,10193,11552,12565,-589,0.44,0.81,5107.08602,0.442095396,10081.049,0.802311898,-0.360216502
7800,-4954,5122,10192,11554,12565,-589,0.44,0.81,5111.08868,0.4423653,10080.049,0.802232312,-0.359867012
7800,-4958,5117,10192,11555,12561,-858,0.44,0.81,5106.09001,0.441894419,10079.923,0.802477749,-0.36058333
7800,-4955,5122,10198,11565,12572,-1306,0.44,0.81,5111.10331,0.441945812,10086.2695,0.802280425,-0.360334613
7799,-4955,5119,10187,11555,12566,-1754,0.44,0.81,5108.09001,0.442067504,10075.0805,0.801773078,-0.359705574
7799,-4953,5127,10186,11570,12562,-2203,0.44,0.81,5116.10996,0.442187551,10073.9545,0.801938744,-0.359751193
7799,-4956,5111,10191,11537,12560,-2382,0.44,0.81,5100.06607,0.442061721,10078.8915,0.802459514,-0.360397794
7800,-4951,5124,10185,11566,12556,-2382,0.44,0.81,5113.10464,0.442080636,10072.7655,0.802227262,-0.360146626
7800,-4958,5126,10192,11561,12563,-2382,0.44,0.81,5115.09799,0.442444251,10079.986,0.802355011,-0.359910759
7800,-4959,5120,10189,11555,12562,-2382,0.44,0.81,5109.09001,0.442154047,10076.9545,0.802177559,-0.360023513
7800,-4959,5122,10196,11560,12569,-2382,0.44,0.81,5111.09666,0.442136389,10084.175,0.802305275,-0.360168886
7800,-4956,5124,10184,11557,12558,-2382,0.44,0.81,5113.09267,0.44242387,10071.8285,0.802024885,-0.359601014
7800,-4954,5121,10184,11559,12556,-2298,0.44,0.81,5110.09533,0.442088012,10071.7655,0.802147619,-0.360059607
7800,-4953,5125,10190,11563,12554,-2157,0.44,0.81,5114.10065,0.442281471,10077.7025,0.802748327,-0.360466856
7800,-4962,5122,10191,11557,12562,-2016,0.44,0.81,5111.09267,0.442250815,10078.9545,0.80233677,-0.360085955
7800,-4959,5123,10194,11562,12563,-1875,0.44,0.81,5112.09932,0.442146629,10081.986,0.802514208,-0.36036758
7800,-4956,5121,10196,11561,12564,-1819,0.44,0.81,5110.09799,0.442011763,10084.0175,0.802612026,-0.360600264
7799,-4956,5126,10191,11563,12565,-1819,0.44,0.81,5115.10065,0.442367954,10079.049,0.802152726,-0.359784772
7799,-4955,5123,10195,11562,12566,-1819,0.44,0.81,5112.09932,0.442146629,10083.0805,0.802409717,-0.360263088
7800,-4961,5123,10198,11563,12564,-1819,0.44,0.81,5112.10065,0.442108506,10086.0175,0.802771211,-0.360662706
7800,-4958,5122,10191,11559,12563,-1819,0.44,0.81,5111.09533,0.442174525,10078.986,0.802275412,-0.360100887
7800,-4961,5123,10195,11567,12566,-1819,0.44,0.81,5112.10597,0.441956079,10083.0805,0.802409717,-0.360453637
7800,-4956,5127,10191,11561,12565,-1783,0.44,0.81,5116.09799,0.442530749,10079.049,0.802152726,-0.359621977
7800,-4959,5121,10186,11559,12561,-1723,0.44,0.81,5110.09533,0.442088012,10073.923,0.80200008,-0.359912068
7799,-4961,5122,10199,11562,12564,-1663,0.44,0.81,5111.09932,0.442060138,10087.0175,0.802850804,-0.360790665
7799,-4954,5123,10188,11563,12562,-1603,0.44,0.81,5112.10065,0.442108506,10075.9545,0.802097954,-0.359989449
7799,-4955,5127,10193,11560,12564,-1579,0.44,0.81,5116.09666,0.442568915,10081.0175,0.802373249,-0.359804334
7799,-4956,5123,10187,11557,12550,-1580,0.44,0.81,5112.09267,0.442337343,10074.5765,0.8027551,-0.360417757
7800,-4956,5123,10181,11562,12554,-1580,0.44,0.81,5112.09932,0.442146629,10068.7025,0.802031424,-0.359884796
7800,-4957,5124,10192,11556,12565,-1580,0.44,0.81,5113.09134,0.44246204,10080.049,0.802232312,-0.359770271
7800,-4958,5123,10191,11559,12564,-1580,0.44,0.81,5112.09533,0.442261037,10079.0175,0.802214064,-0.359953027
7800,-4959,5123,10191,11558,12561,-1580,0.44,0.81,5112.094,0.442299187,10078.923,0.802398137,-0.36009895
7800,-4960,5125,10187,11566,12557,-1468,0.44,0.81,5114.10464,0.442167097,10074.797,0.802325157,-0.360158061
7800,-4954,5119,10196,11555,12569,-1281,0.44,0.81,5108.09001,0.442067504,10084.175,0.802305275,-0.360237771
7800,-4955,5128,10188,11564,12562,-1095,0.44,0.81,5117.10198,0.442502765,10075.9545,0.802097954,-0.359595189
7800,-4958,5120,10191,11556,12554,-908,0.44,0.81,5109.09134,0.4421159,10078.7025,0.802827983,-0.360712083
7800,-4956,5124,10191,11566,12563,-834,0.44,0.81,5113.10464,0.442080636,10078.986,0.802275412,-0.360194776
7800,-4955,5126,10196,11563,12567,-834,0.44,0.81,5115.10065,0.442367954,10084.112,0.802427946,-0.360059992
7800,-4957,5122,10185,11567,12563,-834,0.44,0.81,5111.10597,0.441869627,10072.986,0.801797819,-0.359928192
7800,-4956,5120,10192,11554,12559,-834,0.44,0.81,5109.08868,0.4421922,10079.86,0.802600526,-0.360408325
7800,-4960,5118,10197,11562,12564,-834,0.44,0.81,5107.09932,0.441714177,10085.0175,0.802691619,-0.360977441
7800,-4956,5124,10194,11556,12566,-834,0.44,0.81,5113.09134,0.44246204,10082.0805,0.802330137,-0.359868096
7800,-4952,5120,10190,11560,12565,-774,0.44,0.81,5109.09666,0.441963379,10078.049,0.80207314,-0.360109761
7800,-4959,5125,10190,11569,12562,-674,0.44,0.81,5114.10863,0.442052782,10077.9545,0.802257164,-0.360204383
7800,-4959,5122,10202,11565,12571,-575,0.44,0.81,5111.10331,0.441945812,10090.238,0.802659932,-0.36071412
7800,-4957,5121,10191,11556,12565,-475,0.44,0.81,5110.09134,0.442202435,10079.049,0.802152726,-0.359950291
7800,-4953,5120,10191,11561,12566,-435,0.44,0.81,5109.09799,0.441925265,10079.0805,0.802091397,-0.360166132
7799,-4954,5125,10190,11559,12559,-435,0.44,0.81,5114.09533,0.442434063,10077.86,0.802441277,-0.360007215
7799,-4959,5120,10193,11558,12565,-435,0.44,0.81,5109.094,0.442039626,10081.049,0.802311898,-0.360272272
7799,-4955,5122,10197,11568,12571,-435,0.44,0.81,5111.1073,0.441831544,10085.238,0.802262191,-0.360430647
7800,-4956,5127,10199,11565,12570,-435,0.44,0.81,5116.10331,0.44237815,10087.2065,0.802482617,-0.360104467
7800,-4958,5122,10196,11561,12569,-435,0.44,0.81,5111.09799,0.442098261,10084.175,0.802305275,-0.360207014
7800,-4957,5116,10189,11549,12564,-430,0.44,0.81,5105.08203,0.442036716,10077.0175,0.802054879,-0.360018163
7800,-4952,5116,10195,11553,12563,-421,0.44,0.81,5105.08735,0.44188413,10082.986,0.802593807,-0.360709678
7800,-4959,5120,10194,11559,12565,-412,0.44,0.81,5109.09533,0.442001499,10082.049,0.802391484,-0.360389985
7800,-4958,5124,10190,11555,12557,-404,0.44,0.81,5113.09001,0.442500217,10077.797,0.802564068,-0.360063851
7800,-4954,5128,10195,11561,12568,-400,0.44,0.81,5117.09799,0.442617247,10083.1435,0.802287039,-0.359669792
7800,-4958,5119,10191,11558,12563,-400,0.44,0.81,5108.094,0.441953106,10078.986,0.802275412,-0.360322306
7800,-4955,5120,10193,11556,12566,-400,0.44,0.81,5109.09134,0.4421159,10081.0805,0.802250557,-0.360134657
7800,-4954,5122,10194,11564,12561,-400,0.44,0.81,5111.10198,0.441983914,10081.923,0.802636972,-0.360653058
7800,-4959,5118,10193,11562,12566,-400,0.44,0.81,5107.09932,0.441714177,10081.0805,0.802250557,-0.36053638
7800,-4955,5119,10188,11560,12556,-400,0.44,0.81,5108.09666,0.441876874,10075.7655,0.802466191,-0.360589318
7800,-4955,5120,10190,11561,12563,-406,0.44,0.81,5109.09799,0.441925265,10077.986,0.802195813,-0.360270548
7800,-4953,5125,10190,11563,12564,-414,0.44,0.81,5114.10065,0.442281471,10078.0175,0.802134472,-0.359853
7799,-4959,5121,10195,11554,12560,-423,0.44,0.81,5110.08868,0.44227875,10082.8915,0.802777986,-0.360499235
7799,-4961,5120,10193,11565,12560,-432,0.44,0.81,5109.10331,0.441772876,10080.8915,0.80261875,-0.360845874
7799,-4956,5122,10188,11565,12564,-435,0.44,0.81,5111.10331,0.441945812,10076.0175,0.801975287,-0.360029475
7799,-4957,5119,10191,11561,12552,-435,0.44,0.81,5108.09799,0.441838767,10078.6395,0.802950884,-0.361112117
7800,-4960,5124,10188,11565,12561,-435,0.44,0.81,5113.10331,0.442118747,10075.923,0.802159303,-0.360040556
7800,-4960,5125,10198,11566,12567,-435,0.44,0.81,5114.10464,0.442167097,10086.112,0.802587093,-0.360419997
7800,-4958,5123,10187,11562,12557,-435,0.44,0.81,5112.09932,0.442146629,10074.797,0.802325157,-0.360178529
7800,-4955,5119,10196,11554,12565,-435,0.44,0.81,5108.08868,0.44210565,10084.049,0.802550657,-0.360445007
7800,-4955,5123,10190,11566,12562,-583,0.44,0.81,5112.10464,0.441994176,10077.9545,0.802257164,-0.360262988
7800,-4955,5120,10192,11560,12560,-832,0.44,0.81,5109.09666,0.441963379,10079.8915,0.802539132,-0.360575753
7800,-4954,5126,10189,11564,12561,-1080,0.44,0.81,5115.10198,0.442329815,10076.923,0.802238914,-0.359909099
7800,-4954,5124,10195,11556,12565,-1329,0.44,0.81,5113.09134,0.44246204,10083.049,0.80247107,-0.36000903
7799,-4953,5122,10188,11562,12566,-1429,0.44,0.81,5111.09932,0.442060138,10076.0805,0.801852658,-0.35979252
7799,-4954,5128,10197,11570,12563,-1429,0.44,0.81,5117.10996,0.442273981,10084.986,0.802753005,-0.360479024
7799,-4954,5123,10193,11557,12562,-1429,0.44,0.81,5112.09267,0.442337343,10080.9545,0.80249598,-0.360158637
7799,-4953,5122,10191,11560,12562,-1429,0.44,0.81,5111.09666,0.442136389,10078.9545,0.80233677,-0.36020038
7799,-4959,5115,10191,11559,12558,-1429,0.44,0.81,5104.09533,0.441568936,10078.8285,0.802582298,-0.361013362
7799,-4958,5116,10195,11558,12568,-1429,0.44,0.81,5105.094,0.441693546,10083.1435,0.802287039,-0.360593493
7800,-4960,5121,10188,11562,12557,-1363,0.44,0.81,5110.09932,0.441973648,10075.797,0.802404794,-0.360431146
7800,-4958,5122,10192,11561,12562,-1233,0.44,0.81,5111.09799,0.442098261,10079.9545,0.802416375,-0.360318114
7800,-4956,5123,10197,11565,12563,-1103,0.44,0.81,5112.10331,0.442032279,10084.986,0.802753005,-0.360720726
7800,-4960,5118,10195,11553,12565,-973,0.44,0.81,5107.08735,0.442057245,10083.049,0.80247107,-0.360413826
7800,-4957,5119,10193,11552,12560,-910,0.44,0.81,5108.08602,0.442181962,10080.8915,0.80261875,-0.360436788
7800,-4959,5120,10188,11563,12561,-910,0.44,0.81,5109.10065,0.441849057,10075.923,0.802159303,-0.360310245
7800,-4958,5123,10198,11561,12568,-910,0.44,0.81,5112.09799,0.442184758,10086.1435,0.80252574,-0.360340982
7800,-4957,5118,10195,11561,12566,-910,0.44,0.81,5107.09799,0.44175227,10083.0805,0.802409717,-0.360657447
7800,-4961,5124,10192,11567,12561,-910,0.44,0.81,5113.10597,0.442042532,10079.923,0.802477749,-0.360435216
7800,-4958,5123,10187,11564,12555,-910,0.44,0.81,5112.10198,0.442070389,10074.734,0.802447949,-0.36037756
7800,-4953,5124,10194,11562,12571,-728,0.44,0.81,5113.09932,0.442233119,10082.238,0.802023546,-0.359790427
7800,-4950,5121,10191,11561,12564,-273,0.44,0.81,5110.09799,0.442011763,10079.0175,0.802214064,-0.360202301
7800,-4956,5126,10191,11573,12557,180,0.44,0.81,5115.11395,0.441986862,10078.797,0.802643705,-0.360656843
7799,-4958,5122,10195,11569,12565,635,0.44,0.81,5111.10863,0.441793468,10083.049,0.80247107,-0.360677603
7799,-4957,5124,10195,11564,12569,908,0.44,0.81,5113.10198,0.442156864,10083.175,0.802225714,-0.36006885
7799,-4956,5121,10189,11560,12559,908,0.44,0.81,5110.09666,0.442049884,10076.86,0.802361653,-0.360311769
7799,-4960,5123,10194,11568,12569,908,0.44,0.81,5112.1073,0.441917989,10082.175,0.802146153,-0.360228164
7799,-4958,5124,10185,11563,12556,908,0.44,0.81,5113.10065,0.442194988,10072.7655,0.802227262,-0.360032274
7799,-4957,5124,10187,11566,12555,908,0.44,0.81,5113.10464,0.442080636,10074.734,0.802447949,-0.360367313
7800,-4957,5126,10186,11568,12560,908,0.44,0.81,5115.1073,0.442177325,10073.8915,0.802061425,-0.3598841
7800,-4953,5121,10186,11561,12563,620,0.44,0.81,5110.09799,0.442011763,10073.986,0.801877418,-0.359865655
7800,-4957,5123,10192,11562,12563,-1,0.44,0.81,5112.09932,0.442146629,10079.986,0.802355011,-0.360208382
7800,-4957,5123,10186,11560,12560,-623,0.44,0.81,5112.09666,0.442222894,10073.8915,0.802061425,-0.359838531
7800,-4959,5118,10198,11554,12565,-1245,0.44,0.81,5107.08868,0.4420191,10086.049,0.802709829,-0.360690729
7800,-4958,5127,10193,11568,12561,-1580,0.44,0.81,5116.1073,0.442263771,10080.923,0.80255736,-0.360293589
7800,-4955,5124,10189,11557,12558,-1580,0.44,0.81,5113.09267,0.44242387,10076.8285,0.802423037,-0.359999167
7800,-4955,5123,10198,11560,12565,-1580,0.44,0.81,5112.09666,0.442222894,10086.049,0.802709829,-0.360486934
7800,-4958,5119,10191,11560,12566,-1580,0.44,0.81,5108.09666,0.441876874,10079.0805,0.802091397,-0.360214524
7800,-4952,5123,10186,11562,12564,-1580,0.44,0.81,5112.09932,0.442146629,10074.0175,0.801816102,-0.359669473
7800,-4956,5124,10188,11565,12558,-1580,0.44,0.81,5113.10331,0.442118747,10075.8285,0.802343407,-0.36022466
7800,-4954,5131,10190,11571,12558,-1580,0.44,0.81,5120.11129,0.442495142,10077.8285,0.802502668,-0.360007525
7800,-4952,5122,10194,11562,12566,-1190,0.44,0.81,5111.09932,0.442060138,10082.0805,0.802330137,-0.360269998
7800,-4959,5126,10194,11571,12563,-702,0.44,0.81,5115.11129,0.442063027,10081.986,0.802514208,-0.360451181
7800,-4956,5125,10192,11562,12562,-215,0.44,0.81,5114.09932,0.442319609,10079.9545,0.802416375,-0.360096766
7800,-4955,5123,10192,11558,12562,271,0.44,0.81,5112.094,0.442299187,10079.9545,0.802416375,-0.360117188
7799,-4960,5126,10196,11574,12561,369,0.44,0.81,5115.11528,0.441948789,10083.923,0.802796195,-0.360847406
7799,-4955,5122,10187,11565,12559,369,0.44,0.81,5111.10331,0.441945812,10074.86,0.802202405,-0.360256593
7799,-4956,5120,10195,11555,12564,369,0.44,0.81,5109.09001,0.442154047,10083.0175,0.802532434,-0.360378387
7800,-4957,5123,10192,11561,12562,369,0.44,0.81,5112.09799,0.442184758,10079.9545,0.802416375,-0.360231617
7800,-4961,5121,10197,11563,12571,369,0.44,0.81,5110.10065,0.44193554,10085.238,0.802262191,-0.360326651
7800,-4956,5125,10196,11563,12564,332,0.44,0.81,5114.10065,0.442281471,10084.0175,0.802612026,-0.360330555
7800,-4954,5127,10196,11560,12564,239,0.44,0.81,5116.09666,0.442568915,10084.0175,0.802612026,-0.360043111
7800,-4957,5120,10189,11563,12564,147,0.44,0.81,5109.10065,0.441849057,10077.0175,0.802054879,-0.360205822
7800,-4958,5122,10184,11558,12559,54,0.44,0.81,5111.094,0.442212667,10071.86,0.801963532,-0.359750866
7800,-4957,5126,10193,11560,12562,0,0.44,0.81,5115.09666,0.44248241,10080.9545,0.80249598,-0.36001357
7800,-4953,5120,10186,11557,12558,0,0.44,0.81,5109.09267,0.44207776,10073.8285,0.802184146,-0.360106386
7800,-4958,5120,10189,11562,12559,0,0.44,0.81,5109.09932,0.441887158,10076.86,0.802361653,-0.360474495
7800,-4957,5123,10192,11557,12559,0,0.44,0.81,5112.09267,0.442337343,10079.86,0.802600526,-0.360263183
7800,-4957,5124,10192,11563,12567,0,0.44,0.81,5113.10065,0.442194988,10080.112,0.802109652,-0.359914664
7800,-4958,5127,10193,11563,12558,0,0.44,0.81,5116.10065,0.442454437,10080.8285,0.802741559,-0.360287123
7800,-4958,5121,10185,11560,12558,0,0.44,0.81,5110.09666,0.442049884,10072.8285,0.802104515,-0.360054631
7800,-4955,5123,10195,11558,12556,0,0.44,0.81,5112.094,0.442299187,10082.7655,0.803023694,-0.360724507
7800,-4958,5120,10195,11562,12563,0,0.44,0.81,5109.09932,0.441887158,10082.986,0.802593807,-0.360706649
7800,-4955,5118,10190,11559,12564,0,0.44,0.81,5107.09533,0.441828474,10078.0175,0.802134472,-0.360305998
7800,-4953,5121,10191,11560,12556,0,0.44,0.81,5110.09666,0.442049884,10078.7655,0.802705121,-0.360655237
7800,-4959,5118,10192,11552,12562,0,0.44,0.81,5107.08602,0.442095396,10079.9545,0.802416375,-0.360320978
7800,-4954,5126,10185,11562,12556,0,0.44,0.81,5115.09932,0.442406099,10072.7655,0.802227262,-0.359821163
7800,-4957,5121,10196,11562,12566,0,0.44,0.81,5110.09932,0.441973648,10084.0805,0.802489297,-0.360515648
7800,-4956,5115,10187,11551,12559,0,0.44,0.81,5104.08469,0.441873837,10074.86,0.802202405,-0.360328568
7800,-4956,5124,10189,11557,12558,0,0.44,0.81,5113.09267,0.44242387,10076.8285,0.802423037,-0.359999167
7800,-4955,5124,10192,11559,12560,-44,0.44,0.81,5113.09533,0.44234755,10079.8915,0.802539132,-0.360191582
7800,-4959,5115,10187,11560,12556,-153,0.44,0.81,5104.09666,0.441530853,10074.7655,0.802386548,-0.360855695
7800,-4957,5121,10193,11555,12561,-261,0.44,0.81,5110.09001,0.442240589,10080.923,0.80255736,-0.360316771
7800,-4959,5122,10188,11561,12555,-370,0.44,0.81,5111.09799,0.442098261,10075.734,0.802527599,-0.360429338
7801,-4957,5116,10190,11553,12565,-435,0.44,0.81,5105.08735,0.44188413,10078.049,0.80207314,-0.36018901
7800,-4954,5121,10192,11558,12564,-435,0.44,0.81,5110.094,0.442126146,10080.0175,0.802293656,-0.36016751
7800,-4954,5119,10188,11555,12555,-435,0.44,0.81,5108.09001,0.442067504,10075.734,0.802527599,-0.360460094
7800,-4953,5123,10190,11560,12560,-435,0.44,0.81,5112.09666,0.442222894,10077.8915,0.802379896,-0.360157002
7800,-4960,5110,10184,11553,12553,-435,0.44,0.81,5099.08735,0.441364784,10071.671,0.802331793,-0.360967009
7800,-4960,5118,10197,11554,12559,-435,0.44,0.81,5107.08868,0.4420191,10084.86,0.802998646,-0.360979547
7800,-4955,5120,10185,11558,12556,-348,0.44,0.81,5109.094,0.442039626,10072.7655,0.802227262,-0.360187636
7800,-4955,5122,10187,11557,12557,-131,0.44,0.81,5111.09267,0.442250815,10074.797,0.802325157,-0.360074342
7800,-4961,5122,10190,11562,12555,85,0.44,0.81,5111.09932,0.442060138,10077.734,0.802686898,-0.360626759
7800,-4958,5120,10183,11555,12552,303,0.44,0.81,5109.09001,0.442154047,10070.6395,0.802313536,-0.360159489
7800,-4961,5121,10193,11554,12559,433,0.44,0.81,5110.08868,0.44227875,10080.86,0.80268015,-0.360401399
7801,-4960,5118,10191,11559,12557,433,0.44,0.81,5107.09533,0.441828474,10078.797,0.802643705,-0.360815231
7801,-4959,5123,10197,11562,12564,433,0.44,0.81,5112.09932,0.442146629,10085.0175,0.802691619,-0.36054499
7800,-4954,5123,10188,11561,12556,433,0.44,0.81,5112.09799,0.442184758,10075.7655,0.802466191,-0.360281433
7800,-4959,5127,10194,11565,12565,433,0.44,0.81,5116.10331,0.44237815,10082.049,0.802391484,-0.360013334
7800,-4958,5124,10195,11558,12563,433,0.44,0.81,5113.094,0.442385707,10082.986,0.802593807,-0.3602081
7800,-4956,5121,10190,11558,12557,290,0.44,0.81,5110.094,0.442126146,10077.797,0.802564068,-0.360437921
7800,-4957,5119,10187,11554,12562,-68,0.44,0.81,5108.08868,0.44210565,10074.9545,0.802018349,-0.359912699
7800,-4960,5125,10194,11569,12563,-427,0.44,0.81,5114.10863,0.442052782,10081.986,0.802514208,-0.360461427
7800,-4959,5124,10190,11560,12560,-785,0.44,0.81,5113.09666,0.4423094,10077.8915,0.802379896,-0.360070497
7800,-4956,5122,10188,11555,12559,-1000,0.44,0.81,5111.09001,0.442327132,10075.86,0.802282029,-0.359954897
7800,-4960,5123,10194,11557,12562,-1000,0.44,0.81,5112.09267,0.442337343,10081.9545,0.802575585,-0.360238242
7801,-4957,5118,10185,11548,12562,-1000,0.44,0.81,5107.0807,0.442248069,10072.9545,0.801859139,-0.35961107
7801,-4956,5122,10190,11562,12557,-1000,0.44,0.81,5111.09932,0.442060138,10077.797,0.802564068,-0.360503929
7801,-4958,5124,10186,11561,12558,-1000,0.44,0.81,5113.09799,0.442271256,10073.8285,0.802184146,-0.35991289
7801,-4953,5125,10190,11562,12563,-1001,0.44,0.81,5114.09932,0.442319609,10077.986,0.802195813,-0.359876204
7801,-4959,5119,10194,11557,12563,-941,0.44,0.81,5108.09267,0.441991232,10081.986,0.802514208,-0.360522976
7800,-4953,5117,10185,11567,12556,-790,0.44,0.81,5106.10597,0.441437362,10072.7655,0.802227262,-0.3607899
7800,-4954,5123,10189,11566,12564,-640,0.44,0.81,5112.10464,0.441994176,10077.0175,0.802054879,-0.360060703
7800,-4956,5122,10188,11558,12569,-490,0.44,0.81,5111.094,0.442212667,10076.175,0.801668788,-0.359456122
7800,-4955,5123,10192,11565,12560,-400,0.44,0.81,5112.10331,0.442032279,10079.8915,0.802539132,-0.360506853
7800,-4957,5122,10188,11559,12559,-400,0.44,0.81,5111.09533,0.442174525,10075.86,0.802282029,-0.360107504
7800,-4957,5123,10190,11563,12559,-400,0.44,0.81,5112.10065,0.442108506,10077.86,0.802441277,-0.360332772
7800,-4958,5123,10193,11557,12564,-400,0.44,0.81,5112.09267,0.442337343,10081.0175,0.802373249,-0.360035906
7800,-4960,5117,10193,11550,12565,-400,0.44,0.81,5106.08336,0.442085139,10081.049,0.802311898,-0.360226759
7800,-4956,5126,10192,11561,12556,-400,0.44,0.81,5115.09799,0.442444251,10079.7655,0.802784764,-0.360340513
7801,-4957,5120,10187,11556,12555,-419,0.44,0.81,5109.09134,0.4421159,10074.734,0.802447949,-0.360332049
7801,-4960,5123,10193,11560,12564,-466,0.44,0.81,5112.09666,0.442222894,10081.0175,0.802373249,-0.360150355
7801,-4956,5120,10191,11567,12561,-513,0.44,0.81,5109.10597,0.441696721,10078.923,0.802398137,-0.360701416
7801,-4958,5121,10191,11557,12557,-560,0.44,0.81,5110.09267,0.442164287,10078.797,0.802643705,-0.360479417
7800,-4958,5122,10194,11556,12568,-589,0.44,0.81,5111.09134,0.44228897,10082.1435,0.802207471,-0.359918501
7800,-4954,5124,10187,11559,12556,-589,0.44,0.81,5113.09533,0.44234755,10074.7655,0.802386548,-0.360038998
7800,-4958,5122,10200,11564,12570,-589,0.44,0.81,5111.10198,0.441983914,10088.2065,0.802562172,-0.360578258
7800,-4958,5122,10193,11559,12563,-589,0.44,0.81,5111.09533,0.442174525,10080.986,0.80243461,-0.360260085
7800,-4960,5121,10192,11556,12566,-589,0.44,0.81,5110.09134,0.442202435,10080.0805,0.802170977,-0.359968542
7801,-4958,5119,10193,11559,12561,-589,0.44,0.81,5108.09533,0.441914987,10080.923,0.80255736,-0.360642373
7801,-4959,5124,10188,11557,12562,-530,0.44,0.81,5113.09267,0.44242387,10075.9545,0.802097954,-0.359674084
7801,-4954,5117,10198,11554,12565,-383,0.44,0.81,5106.08868,0.44193255,10086.049,0.802709829,-0.360777279
7801,-4958,5122,10189,11559,12557,-236,0.44,0.81,5111.09533,0.442174525,10076.797,0.802484431,-0.360309906
7800,-4959,5125,10193,11565,12558,-89,0.44,0.81,5114.10331,0.442205215,10080.8285,0.802741559,-0.360536344
7800,-4955,5121,10188,11560,12559,0,0.44,0.81,5110.09666,0.442049884,10075.86,0.802282029,-0.360232145
7800,-4956,5122,10183,11562,12556,0,0.44,0.81,5111.09932,0.442060138,10070.7655,0.802067975,-0.360007837
7800,-4956,5120,10192,11560,12557,0,0.44,0.81,5109.09666,0.441963379,10079.797,0.802723342,-0.360759963
7800,-4957,5117,10200,11553,12570,0,0.44,0.81,5106.08735,0.441970687,10088.2065,0.802562172,-0.360591485
7800,-4960,5120,10194,11557,12564,0,0.44,0.81,5109.09267,0.44207776,10082.0175,0.802452841,-0.360375082
7800,-4958,5119,10193,11557,12562,0,0.44,0.81,5108.09267,0.441991232,10080.9545,0.80249598,-0.360504748
7800,-4958,5121,10189,11556,12558,-48,0.44,0.81,5110.09134,0.442202435,10076.8285,0.802423037,-0.360220602
7801,-4953,5118,10183,11561,12556,-167,0.44,0.81,5107.09799,0.44175227,10070.7655,0.802067975,-0.360315706
7801,-4953,5123,10185,11557,12558,-286,0.44,0.81,5112.09267,0.442337343,10072.8285,0.802104515,-0.359767172
7801,-4959,5118,10194,11558,12559,-405,0.44,0.81,5107.094,0.441866586,10081.86,0.802759774,-0.360893188
7801,-4958,5121,10188,11563,12563,-477,0.44,0.81,5110.10065,0.44193554,10075.986,0.802036615,-0.360101075
7800,-4951,5121,10189,11551,12564,-477,0.44,0.81,5110.08469,0.442393272,10077.0175,0.802054879,-0.359661607
7800,-4954,5125,10191,11563,12565,-477,0.44,0.81,5114.10065,0.442281471,10079.049,0.802152726,-0.359871255
7800,-4956,5121,10197,11559,12569,-477,0.44,0.81,5110.09533,0.442088012,10085.175,0.802384836,-0.360296824
7800,-4954,5124,10190,11556,12562,-477,0.44,0.81,5113.09134,0.44246204,10077.9545,0.802257164,-0.359795124
7800,-4956,5125,10193,11563,12557,-477,0.44,0.81,5114.10065,0.442281471,10080.797,0.802802978,-0.360521507
7800,-4958,5116,10193,11561,12558,-477,0.44,0.81,5105.09799,0.441579274,10080.8285,0.802741559,-0.361162285
7800,-4952,5117,10184,11553,12557,-477,0.44,0.81,5106.08735,0.441970687,10071.797,0.802086247,-0.360115559
7801,-4954,5121,10190,11562,12562,-477,0.44,0.81,5110.09932,0.441973648,10077.9545,0.802257164,-0.360283516
7801,-4964,5116,10187,11558,12554,-477,0.44,0.81,5105.094,0.441693546,10074.7025,0.80250936,-0.360815814
7801,-4961,5122,10196,11560,12555,-477,0.44,0.81,5111.09666,0.442136389,10083.734,0.803164795,-0.361028406
7801,-4957,5120,10194,11562,12562,-477,0.44,0.81,5109.09932,0.441887158,10081.9545,0.802575585,-0.360688427
7801,-4957,5122,10190,11563,12559,-477,0.44,0.81,5111.10065,0.442022023,10077.86,0.802441277,-0.360419254
7801,-4959,5119,10187,11560,12560,-477,0.44,0.81,5108.09666,0.441876874,10074.8915,0.802141043,-0.360264169
7800,-4956,5124,10188,11560,12553,-477,0.44,0.81,5113.09666,0.4423094,10075.671,0.802650442,-0.360341042
7800,-4961,5122,10194,11566,12559,-477,0.44,0.81,5111.10464,0.441907716,10081.86,0.802759774,-0.360852058
7800,-4959,5122,10189,11563,12555,-477,0.44,0.81,5111.10065,0.442022023,10076.734,0.802607248,-0.360585225
7800,-4960,5125,10186,11565,12556,-477,0.44,0.81,5114.10331,0.442205215,10073.7655,0.802306905,-0.36010169
7800,-4961,5121,10188,11559,12558,-477,0.44,0.81,5110.09533,0.442088012,10075.8285,0.802343407,-0.360255395
7800,-4961,5119,10188,11558,12553,-477,0.44,0.81,5108.094,0.441953106,10075.671,0.802650442,-0.360697336
7801,-4959,5117,10191,11556,12560,-477,0.44,0.81,5106.09134,0.441856295,10078.8915,0.802459514,-0.36060322
7801,-4960,5120,10187,11560,12555,-477,0.44,0.81,5109.09666,0.441963379,10074.734,0.802447949,-0.36048457
7801,-4958,5121,10185,11558,12552,-477,0.44,0.81,5110.094,0.442126146,10072.6395,0.802472873,-0.360346726
7801,-4956,5121,10189,11558,12552,-477,0.44,0.81,5110.094,0.442126146,10076.6395,0.802791547,-0.360665401
7801,-4964,5120,10193,11561,12561,-477,0.44,0.81,5109.09799,0.441925265,10080.923,0.80255736,-0.360632095
7801,-4960,5119,10187,11556,12552,-476,0.44,0.81,5108.09134,0.442029365,10074.6395,0.80263221,-0.360602845
7801,-4960,5120,10187,11567,12553,-506,0.44,0.81,5109.10597,0.441696721,10074.671,0.80257078,-0.360874059
7800,-4957,5119,10191,11561,12556,-579,0.44,0.81,5108.09799,0.441838767,10078.7655,0.802705121,-0.360866354
7800,-4958,5122,10190,11560,12565,-653,0.44,0.81,5111.09666,0.442136389,10078.049,0.80207314,-0.35993675
7800,-4964,5122,10197,11556,12563,-726,0.44,0.81,5111.09134,0.44228897,10084.986,0.802753005,-0.360464035
7800,-4957,5119,10191,11560,12563,-770,0.44,0.81,5108.09666,0.441876874,10078.986,0.802275412,-0.360398538
7800,-4958,5125,10190,11557,12558,-770,0.44,0.81,5114.09267,0.442510398,10077.8285,0.802502668,-0.35999227
7801,-4957,5122,10188,11563,12563,-770,0.44,0.81,5111.10065,0.442022023,10075.986,0.802036615,-0.360014593
7801,-4958,5122,10193,11562,12560,-770,0.44,0.81,5111.09932,0.442060138,10080.8915,0.80261875,-0.360558612
7801,-4958,5125,10191,11560,12563,-770,0.44,0.81,5114.09666,0.442395905,10078.986,0.802275412,-0.359879507
7801,-4958,5120,10197,11561,12566,-770,0.44,0.81,5109.09799,0.441925265,10085.0805,0.802568876,-0.360643611
7801,-4962,5121,10194,11561,12565,-746,0.44,0.81,5110.09799,0.442011763,10082.049,0.802391484,-0.360379721
7800,-4960,5123,10188,11560,12553,-685,0.44,0.81,5112.09666,0.442222894,10075.671,0.802650442,-0.360427548
7800,-4957,5124,10192,11561,12554,-624,0.44,0.81,5113.09799,0.442271256,10079.7025,0.802907639,-0.360636383
7800,-4957,5126,10193,11566,12560,-563,0.44,0.81,5115.10464,0.442253557,10080.8915,0.80261875,-0.360365193
7800,-4952,5119,10196,11551,12566,-527,0.44,0.81,5108.08469,0.442220127,10084.0805,0.802489297,-0.360269169
7800,-4961,5119,10192,11552,12559,-527,0.44,0.81,5108.08602,0.442181962,10079.86,0.802600526,-0.360418564
7801,-4958,5121,10201,11559,12572,-527,0.44,0.81,5110.09533,0.442088012,10089.2695,0.80251905,-0.360431038
7801,-4958,5121,10193,11560,12562,-527,0.44,0.81,5110.09666,0.442049884,10080.9545,0.80249598,-0.360446096
7801,-4958,5118,10184,11560,12550,-527,0.44,0.81,5107.09666,0.441790369,10071.5765,0.802516056,-0.360725687
7801,-4958,5123,10189,11562,12562,-527,0.44,0.81,5112.09932,0.442146629,10076.9545,0.802177559,-0.360030931
7801,-4959,5124,10193,11566,12559,-677,0.44,0.81,5113.10464,0.442080636,10080.86,0.80268015,-0.360599513
7800,-4953,5117,10190,11558,12555,-1379,0.44,0.81,5106.094,0.441780066,10077.734,0.802686898,-0.360906832
7800,-4957,5119,10193,11553,12563,-2081,0.44,0.81,5108.08735,0.442143802,10080.986,0.80243461,-0.360290807
7800,-4955,5121,10194,11553,12567,-2783,0.44,0.81,5110.08735,0.442316918,10082.112,0.802268799,-0.359951882
7800,-4958,5116,10192,11559,12558,-3335,0.44,0.81,5105.09533,0.441655449,10079.8285,0.802661929,-0.36100648
7801,-4957,5117,10191,11558,12562,-3335,0.44,0.81,5106.094,0.441780066,10078.9545,0.80233677,-0.360556704
7801,-4957,5120,10187,11558,12562,-3335,0.44,0.81,5109.094,0.442039626,10074.9545,0.802018349,-0.359978723
7800,-4961,5117,10193,11554,12561,-3335,0.44,0.81,5106.08868,0.44193255,10080.923,0.80255736,-0.36062481
7800,-4960,5124,10190,11562,12557,-3335,0.44,0.81,5113.09932,0.442233119,10077.797,0.802564068,-0.360330949
7800,-4954,5123,10188,11556,12559,-3335,0.44,0.81,5112.09134,0.442375505,10075.86,0.802282029,-0.359906523
7800,-4961,5118,10195,11553,12558,-3204,0.44,0.81,5107.08735,0.442057245,10082.8285,0.80290082,-0.360843575
7800,-4959,5123,10199,11565,12567,-2825,0.44,0.81,5112.10331,0.442032279,10087.112,0.802666667,-0.360634387
7800,-4961,5118,10192,11561,12563,-2446,0.44,0.81,5107.09799,0.44175227,10079.986,0.802355011,-0.360602741
7800,-4955,5121,10193,11556,12563,-2067,0.44,0.81,5110.09134,0.442202435,10080.986,0.80243461,-0.360232174
7801,-4960,5120,10185,11558,12561,-1819,0.44,0.81,5109.094,0.442039626,10072.923,0.801920468,-0.359880842
7801,-4960,5117,10190,11555,12555,-1819,0.44,0.81,5106.09001,0.441894419,10077.734,0.802686898,-0.360792479
7801,-4957,5118,10189,11562,12560,-1819,0.44,0.81,5107.09932,0.441714177,10076.8915,0.802300279,-0.360586101
7801,-4962,5119,10190,11560,12555,-1819,0.44,0.81,5108.09666,0.441876874,10077.734,0.802686898,-0.360810024
7801,-4953,5125,10187,11559,12562,-1819,0.44,0.81,5114.09533,0.442434063,10074.9545,0.802018349,-0.359584286
7801,-4959,5120,10193,11562,12563,-1819,0.44,0.81,5109.09932,0.441887158,10080.986,0.80243461,-0.360547452
7800,-4958,5116,10195,11550,12566,-1788,0.44,0.81,5105.08336,0.441998559,10083.0805,0.802409717,-0.360411157
7800,-4949,5118,10182,11558,12557,-1634,0.44,0.81,5107.094,0.441866586,10069.797,0.801926973,-0.360060387
7800,-4955,5120,10182,11565,12553,-1479,0.44,0.81,5109.10331,0.441772876,10069.671,0.802172469,-0.360399593
7800,-4957,5122,10192,11562,12564,-1324,0.44,0.81,5111.09932,0.442060138,10080.0175,0.802293656,-0.360233518
7800,-4955,5122,10186,11562,12552,-1201,0.44,0.81,5111.09932,0.442060138,10073.6395,0.802552541,-0.360492403
7800,-4957,5117,10189,11558,12558,-1201,0.44,0.81,5106.094,0.441780066,10076.8285,0.802423037,-0.360642971
7800,-4958,5116,10193,11555,12562,-1201,0.44,0.81,5105.09001,0.441807876,10080.9545,0.80249598,-0.360688104
7800,-4956,5113,10190,11549,12562,-1201,0.44,0.81,5102.08203,0.441776953,10077.9545,0.802257164,-0.360480211
7800,-4962,5118,10188,11562,12557,-1201,0.44,0.81,5107.09932,0.441714177,10075.797,0.802404794,-0.360690617
7800,-4959,5118,10186,11555,12558,-1201,0.44,0.81,5107.09001,0.441980961,10073.8285,0.802184146,-0.360203184
7800,-4957,5117,10186,11553,12558,-1114,0.44,0.81,5106.08735,0.441970687,10073.8285,0.802184146,-0.360213458
7800,-4957,5119,10192,11559,12556,-683,0.44,0.81,5108.09533,0.441914987,10079.7655,0.802784764,-0.360869778
7801,-4961,5116,10192,11559,12559,-251,0.44,0.81,5105.09533,0.441655449,10079.86,0.802600526,-0.360945077
7801,-4957,5120,10194,11552,12560,180,0.44,0.81,5109.08602,0.442268527,10081.8915,0.802698368,-0.360429841
7801,-4959,5125,10192,11563,12558,525,0.44,0.81,5114.10065,0.442281471,10079.8285,0.802661929,-0.360380458
7801,-4955,5121,10190,11553,12560,525,0.44,0.81,5110.08735,0.442316918,10077.8915,0.802379896,-0.360062979
7800,-4955,5116,10193,11548,12564,525,0.44,0.81,5105.0807,0.442074879,10081.0175,0.802373249,-0.36029837
7800,-4954,5124,10191,11563,12562,525,0.44,0.81,5113.10065,0.442194988,10078.9545,0.80233677,-0.360141781
7800,-4957,5124,10193,11567,12568,525,0.44,0.81,5113.10597,0.442042532,10081.1435,0.802127904,-0.360085372
7800,-4958,5116,10192,11559,12564,525,0.44,0.81,5105.09533,0.441655449,10080.0175,0.802293656,-0.360638208
7800,-4958,5125,10186,11559,12553,443,0.44,0.81,5114.09533,0.442434063,10073.671,0.802491118,-0.360057055
7800,-4954,5118,10187,11558,12556,34,0.44,0.81,5107.094,0.441866586,10074.7655,0.802386548,-0.360519962
7800,-4959,5124,10192,11558,12557,-375,0.44,0.81,5113.094,0.442385707,10079.797,0.802723342,-0.360337635
7800,-4955,5123,10188,11563,12558,-784,0.44,0.81,5112.10065,0.442108506,10075.8285,0.802343407,-0.360234901
7800,-4961,5121,10187,11557,12558,-1112,0.44,0.81,5110.09267,0.442164287,10074.8285,0.802263776,-0.360099489
7801,-4957,5123,10188,11557,12552,-1112,0.44,0.81,5112.09267,0.442337343,10075.6395,0.802711879,-0.360374536
7801,-4955,5120,10188,11559,12555,-1112,0.44,0.81,5109.09533,0.442001499,10075.734,0.802527599,-0.360526099
7801,-4961,5121,10188,11558,12555,-1112,0.44,0.81,5110.094,0.442126146,10075.734,0.802527599,-0.360401452
7800,-4960,5119,10193,11567,12560,-1112,0.44,0.81,5108.10597,0.441610268,10080.8915,0.80261875,-0.361008482
7800,-4959,5122,10190,11564,12562,-1112,0.44,0.81,5111.10198,0.441983914,10077.9545,0.802257164,-0.360273251
7800,-4962,5117,10189,11559,12555,-1106,0.44,0.81,5106.09533,0.441741961,10076.734,0.802607248,-0.360865287
7800,-4958,5123,10190,11557,12560,-1078,0.44,0.81,5112.09267,0.442337343,10077.8915,0.802379896,-0.360042554
7800,-4959,5122,10188,11565,12558,-1050,0.44,0.81,5111.10331,0.441945812,10075.8285,0.802343407,-0.360397595
7800,-4960,5118,10188,11558,12553,-1023,0.44,0.81,5107.094,0.441866586,10075.671,0.802650442,-0.360783856
7800,-4959,5119,10188,11560,12559,-1000,0.44,0.81,5108.09666,0.441876874,10075.86,0.802282029,-0.360405155
7800,-4959,5119,10187,11558,12554,-1000,0.44,0.81,5108.094,0.441953106,10074.7025,0.80250936,-0.360556253
7801,-4957,5123,10187,11556,12552,-1000,0.44,0.81,5112.09134,0.442375505,10074.6395,0.80263221,-0.360256705
7801,-4952,5124,10187,11558,12559,-1000,0.44,0.81,5113.094,0.442385707,10074.86,0.802202405,-0.359816698
7801,-4959,5120,10189,11558,12558,-1000,0.44,0.81,5109.094,0.442039626,10076.8285,0.802423037,-0.360383411
7800,-4959,5125,10186,11563,12562,-1000,0.44,0.81,5114.10065,0.442281471,10073.9545,0.801938744,-0.359657273
7800,-4957,5126,10190,11568,12559,-992,0.44,0.81,5115.1073,0.442177325,10077.86,0.802441277,-0.360263952
7800,-4957,5119,10191,11557,12559,-950,0.44,0.81,5108.09267,0.441991232,10078.86,0.802520901,-0.360529669
7800,-4954,5126,10189,11559,12560,-909,0.44,0.81,5115.09533,0.442520575,10076.8915,0.802300279,-0.359779703
7800,-4960,5120,10194,11551,12561,-867,0.44,0.81,5109.08469,0.4423067,10081.923,0.802636972,-0.360330272
7801,-4956,5119,10186,11556,12559,-834,0.44,0.81,5108.09134,0.442029365,10073.86,0.80212278,-0.360093416
7801,-4956,5123,10192,11564,12559,-834,0.44,0.81,5112.10198,0.442070389,10079.86,0.802600526,-0.360530136
7800,-4957,5118,10190,11551,12558,-834,0.44,0.81,5107.08469,0.442133555,10077.8285,0.802502668,-0.360369113
7800,-4957,5120,10187,11554,12556,-834,0.44,0.81,5109.08868,0.4421922,10074.7655,0.802386548,-0.360194348
7800,-4958,5118,10192,11551,12562,-834,0.44,0.81,5107.08469,0.442133555,10079.9545,0.802416375,-0.36028282
7800,-4960,5124,10193,11562,12562,-834,0.44,0.81,5113.09932,0.442233119,10080.9545,0.80249598,-0.360262861
7800,-4959,5118,10189,11556,12560,-834,0.44,0.81,5107.09134,0.44194283,10076.8915,0.802300279,-0.360357449
7800,-4960,5117,10190,11555,12559,-844,0.44,0.81,5106.09001,0.441894419,10077.86,0.802441277,-0.360546858
7800,-4961,5116,10186,11555,12555,-863,0.44,0.81,5105.09001,0.441807876,10073.734,0.802368299,-0.360560423
7800,-4960,5119,10185,11556,12556,-882,0.44,0.81,5108.09134,0.442029365,10072.7655,0.802227262,-0.360197897
7800,-4954,5121,10183,11560,12556,-901,0.44,0.81,5110.09666,0.442049884,10070.7655,0.802067975,-0.360018091
7800,-4960,5121,10189,11559,12559,-910,0.44,0.81,5110.09533,0.442088012,10076.86,0.802361653,-0.360273641
7801,-4958,5113,10191,11551,12560,-910,0.44,0.81,5102.08469,0.441700692,10078.8915,0.802459514,-0.360758823
7801,-4958,5117,10193,11551,12562,-910,0.44,0.81,5106.08469,0.442046982,10080.9545,0.80249598,-0.360448998
7800,-4955,5124,10188,11558,12554,-910,0.44,0.81,5113.094,0.442385707,10075.7025,0.802589015,-0.360203309
7800,-4957,5118,10188,11554,12555,-910,0.44,0.81,5107.08868,0.4420191,10075.734,0.802527599,-0.360508499
7800,-4961,5117,10190,11550,12557,-888,0.44,0.81,5106.08336,0.442085139,10077.797,0.802564068,-0.360478928
7800,-4955,5120,10189,11555,12556,-780,0.44,0.81,5109.09001,0.442154047,10076.7655,0.802545835,-0.360391788
7800,-4956,5120,10188,11560,12556,-671,0.44,0.81,5109.09666,0.441963379,10075.7655,0.802466191,-0.360502813
7800,-4961,5120,10194,11561,12556,-563,0.44,0.81,5109.09799,0.441925265,10081.7655,0.802944051,-0.361018786
7800,-4958,5119,10185,11552,12557,-477,0.44,0.81,5108.08602,0.442181962,10072.797,0.802165884,-0.359983922
7800,-4952,5127,10193,11562,12564,-477,0.44,0.81,5116.09932,0.44249259,10081.0175,0.802373249,-0.359880659
7800,-4953,5117,10184,11559,12558,-477,0.44,0.81,5106.09533,0.441741961,10071.8285,0.802024885,-0.360282923
7799,-4957,5121,10186,11564,12558,-477,0.44,0.81,5110.10198,0.441897439,10073.8285,0.802184146,-0.360286707
7799,-4960,5116,10191,11557,12562,-477,0.44,0.81,5105.09267,0.441731649,10078.9545,0.80233677,-0.36060512
7800,-4961,5122,10187,11561,12555,-477,0.44,0.81,5111.09799,0.442098261,10074.734,0.802447949,-0.360349688
7800,-4959,5121,10190,11558,12558,-498,0.44,0.81,5110.094,0.442126146,10077.8285,0.802502668,-0.360376521
7800,-4962,5114,10184,11557,12549,-607,0.44,0.81,5103.09267,0.441558594,10071.545,0.802577496,-0.361018902
7800,-4958,5119,10188,11554,12558,-715,0.44,0.81,5108.08868,0.44210565,10075.8285,0.802343407,-0.360237757
7800,-4962,5118,10187,11556,12553,-823,0.44,0.81,5107.09134,0.44194283,10074.671,0.80257078,-0.36062795
7800,-4954,5116,10194,11553,12559,-909,0.44,0.81,5105.08735,0.44188413,10081.86,0.802759774,-0.360875644
7800,-4957,5119,10189,11555,12555,-909,0.44,0.81,5108.09001,0.442067504,10076.734,0.802607248,-0.360539744
7800,-4955,5120,10189,11553,12556,-909,0.44,0.81,5109.08735,0.44223036,10076.7655,0.802545835,-0.360315475
7800,-4960,5116,10182,11551,12557,-909,0.44,0.81,5105.08469,0.441960409,10069.797,0.801926973,-0.359966564
7800,-4960,5121,10187,11560,12551,-910,0.44,0.81,5110.09666,0.442049884,10074.608,0.80269365,-0.360643766
7800,-4956,5121,10190,11560,12561,-910,0.44,0.81,5110.09666,0.442049884,10077.923,0.802318526,-0.360268642
7800,-4958,5121,10186,11560,12552,-943,0.44,0.81,5110.09666,0.442049884,10073.6395,0.802552541,-0.360502657
7800,-4957,5123,10190,11557,12559,-1111,0.44,0.81,5112.09267,0.442337343,10077.86,0.802441277,-0.360103934
7800,-4961,5125,10192,11558,12562,-1278,0.44,0.81,5114.094,0.442472227,10079.9545,0.802416375,-0.359944148
7800,-4960,5124,10192,11559,12556,-1446,0.44,0.81,5113.09533,0.44234755,10079.7655,0.802784764,-0.360437214
7800,-4963,5122,10193,11561,12559,-1579,0.44,0.81,5111.09799,0.442098261,10080.86,0.80268015,-0.360581889
7800,-4958,5123,10191,11560,12560,-1580,0.44,0.81,5112.09666,0.442222894,10078.8915,0.802459514,-0.36023662
7800,-4957,5120,10196,11564,12565,-1580,0.44,0.81,5109.10198,0.441810963,10084.049,0.802550657,-0.360739693
7800,-4959,5123,10183,11560,12555,-1580,0.44,0.81,5112.09666,0.442222894,10070.734,0.802129351,-0.359906456
7800,-4959,5119,10183,11560,12556,-1580,0.44,0.81,5108.09666,0.441876874,10070.7655,0.802067975,-0.360191102
7800,-4959,5127,10194,11568,12562,-1580,0.44,0.81,5116.1073,0.442263771,10081.9545,0.802575585,-0.360311814
7800,-4963,5118,10195,11557,12563,-1501,0.44,0.81,5107.09267,0.441904705,10082.986,0.802593807,-0.360689103
7800,-4957,5121,10190,11565,12559,-1106,0.44,0.81,5110.10331,0.441859344,10077.86,0.802441277,-0.360581933
7800,-4956,5124,10190,11559,12557,-711,0.44,0.81,5113.09533,0.44234755,10077.797,0.802564068,-0.360216518
7800,-4958,5122,10192,11557,12563,-316,0.44,0.81,5111.09267,0.442250815,10079.986,0.802355011,-0.360104196
7799,-4960,5121,10197,11563,12562,0,0.44,0.81,5110.10065,0.44193554,10084.9545,0.802814401,-0.36087886
7799,-4958,5122,10186,11564,12553,0,0.44,0.81,5111.10198,0.441983914,10073.671,0.802491118,-0.360507204
7799,-4952,5120,10187,11552,12561,0,0.44,0.81,5109.08602,0.442268527,10074.923,0.802079691,-0.359811164
7799,-4961,5126,10193,11570,12565,0,0.44,0.81,5115.10996,0.44210112,10081.049,0.802311898,-0.360210778
7799,-4960,5125,10194,11562,12563,0,0.44,0.81,5114.09932,0.442319609,10081.986,0.802514208,-0.360194599
7800,-4956,5116,10195,11549,12561,0,0.44,0.81,5105.08203,0.442036716,10082.923,0.802716583,-0.360679867
7800,-4959,5123,10187,11561,12558,-77,0.44,0.81,5112.09799,0.442184758,10074.8285,0.802263776,-0.360079018
7800,-4949,5117,10190,11536,12556,-462,0.44,0.81,5106.06474,0.442620036,10077.7655,0.802625478,-0.360005441
7800,-4956,5119,10191,11559,12560,-847,0.44,0.81,5108.09533,0.441914987,10078.8915,0.802459514,-0.360544528
7800,-4962,5118,10189,11559,12559,-1232,0.44,0.81,5107.09533,0.441828474,10076.86,0.802361653,-0.360533179
7800,-4958,5118,10187,11562,12563,-1539,0.44,0.81,5107.09932,0.441714177,10074.986,0.801957017,-0.360242839
7800,-4958,5118,10189,11554,12558,-1539,0.44,0.81,5107.08868,0.4420191,10076.8285,0.802423037,-0.360403937
7800,-4960,5118,10195,11554,12563,-1539,0.44,0.81,5107.08868,0.4420191,10082.986,0.802593807,-0.360574707
7800,-4958,5121,10194,11559,12558,-1539,0.44,0.81,5110.09533,0.442088012,10081.8285,0.80282119,-0.360733178
7800,-4960,5116,10190,11555,12560,-1539,0.44,0.81,5105.09001,0.441807876,10077.8915,0.802379896,-0.36057202
7800,-4962,5122,10185,11565,12552,-1539,0.44,0.81,5111.10331,0.441945812,10072.6395,0.802472873,-0.360527061
7799,-4959,5121,10190,11558,12563,-1541,0.44,0.81,5110.094,0.442126146,10077.986,0.802195813,-0.360069667
7799,-4954,5122,10199,11559,12573,-1551,0.44,0.81,5111.09533,0.442174525,10087.301,0.802298656,-0.360124131
7799,-4960,5128,10189,11571,12555,-1561,0.44,0.81,5117.11129,0.442235873,10076.734,0.802607248,-0.360371375
7800,-4957,5119,10187,11567,12557,-1571,0.44,0.81,5108.10597,0.441610268,10074.797,0.802325157,-0.360714889
7800,-4958,5124,10195,11561,12564,-1580,0.44,0.81,5113.09799,0.442271256,10083.0175,0.802532434,-0.360261178
7800,-4959,5126,10190,11565,12558,-1580,0.44,0.81,5115.10331,0.442291683,10077.8285,0.802502668,-0.360210985
7800,-4959,5124,10189,11566,12554,-1580,0.44,0.81,5113.10464,0.442080636,10076.7025,0.802668671,-0.360588035
7800,-4964,5124,10188,11560,12554,-1580,0.44,0.81,5113.09666,0.4423094,10075.7025,0.802589015,-0.360279616
7800,-4961,5118,10183,11562,12549,-1580,0.44,0.81,5107.09932,0.441714177,10070.545,0.802497809,-0.360783631
7800,-4957,5125,10189,11563,12558,-1580,0.44,0.81,5114.10065,0.442281471,10076.8285,0.802423037,-0.360141566
7800,-4958,5121,10190,11560,12566,-1626,0.44,0.81,5110.09666,0.442049884,10078.0805,0.802011818,-0.359961934
7800,-4953,5119,10192,11562,12562,-1856,0.44,0.81,5108.09932,0.441800668,10079.9545,0.802416375,-0.360615707
7799,-4956,5121,10187,11558,12559,-2086,0.44,0.81,5110.094,0.442126146,10074.86,0.802202405,-0.360076258
7800,-4956,5119,10194,11555,12567,-2317,0.44,0.81,5108.09001,0.442067504,10082.112,0.802268799,-0.360201295
7799,-4957,5118,10195,11557,12561,-2501,0.44,0.81,5107.09267,0.441904705,10082.923,0.802716583,-0.360811879
7799,-4954,5123,10192,11563,12560,-2501,0.44,0.81,5112.10065,0.442108506,10079.8915,0.802539132,-0.360430627
7799,-4958,5124,10187,11557,12556,-2501,0.44,0.81,5113.09267,0.44242387,10074.7655,0.802386548,-0.359962678
7799,-4961,5116,10196,11558,12565,-2501,0.44,0.81,5105.094,0.441693546,10084.049,0.802550657,-0.360857111
7799,-4957,5117,10195,11551,12559,-2501,0.44,0.81,5106.08469,0.442046982,10082.86,0.802839398,-0.360792416
7799,-4953,5122,10190,11552,12560,-2501,0.44,0.81,5111.08602,0.442441657,10077.8915,0.802379896,-0.35993824
7800,-4960,5125,10193,11562,12556,-2467,0.44,0.81,5114.09932,0.442319609,10080.7655,0.802864407,-0.360544798
7800,-4956,5121,10186,11552,12556,-2297,0.44,0.81,5110.08602,0.442355092,10073.7655,0.802306905,-0.359951813
7800,-4961,5115,10192,11545,12553,-2126,0.44,0.81,5104.07671,0.44210279,10079.671,0.802969091,-0.360866301
7800,-4961,5120,10190,11550,12556,-1955,0.44,0.81,5109.08336,0.44234488,10077.7655,0.802625478,-0.360280598
7800,-4960,5124,10191,11561,12563,-1819,0.44,0.81,5113.09799,0.442271256,10078.986,0.802275412,-0.360004156
7800,-4957,5121,10193,11557,12562,-1819,0.44,0.81,5110.09267,0.442164287,10080.9545,0.80249598,-0.360331692
7800,-4960,5121,10197,11558,12564,-1819,0.44,0.81,5110.094,0.442126146,10085.0175,0.802691619,-0.360565473
7800,-4958,5122,10196,11556,12560,-1819,0.44,0.81,5111.09134,0.44228897,10083.8915,0.802857604,-0.360568633
7799,-4964,5125,10195,11561,12561,-1819,0.44,0.81,5114.09799,0.442357754,10082.923,0.802716583,-0.360358829
7799,-4956,5120,10195,11562,12562,-1819,0.44,0.81,5109.09932,0.441887158,10082.9545,0.80265519,-0.360768032
7799,-4961,5118,10191,11552,12566,-1788,0.44,0.81,5107.08602,0.442095396,10079.0805,0.802091397,-0.359996001
7799,-4954,5115,10191,11551,12564,-1634,0.44,0.81,5104.08469,0.441873837,10079.0175,0.802214064,-0.360340227
7800,-4962,5116,10187,11545,12556,-1479,0.44,0.81,5105.07671,0.442189408,10074.7655,0.802386548,-0.360197141
7800,-4957,5116,10192,11555,12562,-1324,0.44,0.81,5105.09001,0.441807876,10079.9545,0.802416375,-0.360608499
7800,-4954,5120,10190,11552,12556,-1201,0.44,0.81,5109.08602,0.442268527,10077.7655,0.802625478,-0.360356951
7800,-4958,5128,10189,11565,12558,-1201,0.44,0.81,5117.10331,0.442464618,10076.8285,0.802423037,-0.359958419
7800,-4959,5124,10194,11564,12563,-1201,0.44,0.81,5113.10198,0.442156864,10081.986,0.802514208,-0.360357344
7800,-4954,5122,10194,11560,12557,-1201,0.44,0.81,5111.09666,0.442136389,10081.797,0.802882615,-0.360746226
7799,-4954,5126,10190,11563,12566,-1201,0.44,0.81,5115.10065,0.442367954,10078.0805,0.802011818,-0.359643864
7799,-4960,5121,10191,11556,12558,-1201,0.44,0.81,5110.09134,0.442202435,10078.8285,0.802582298,-0.360379863
7799,-4958,5122,10188,11562,12557,-1111,0.44,0.81,5111.09932,0.442060138,10075.797,0.802404794,-0.360344656
7799,-4958,5119,10197,11559,12561,-680,0.44,0.81,5108.09533,0.441914987,10084.923,0.802875806,-0.360960819
7799,-4956,5124,10187,11559,12561,-248,0.44,0.81,5113.09533,0.44234755,10074.923,0.802079691,-0.359732141
7800,-4959,5124,10189,11557,12556,183,0.44,0.81,5113.09267,0.44242387,10076.7655,0.802545835,-0.360121964
7800,-4962,5125,10193,11560,12556,525,0.44,0.81,5114.09666,0.442395905,10080.7655,0.802864407,-0.360468503
7800,-4957,5121,10200,11560,12571,525,0.44,0.81,5110.09666,0.442049884,10088.238,0.802500835,-0.360450951
7800,-4960,5120,10194,11560,12562,525,0.44,0.81,5109.09666,0.441963379,10081.9545,0.802575585,-0.360612206
7800,-4958,5118,10197,11556,12565,525,0.44,0.81,5107.09134,0.44194283,10085.049,0.802630243,-0.360687413
7799,-4953,5125,10192,11563,12565,525,0.44,0.81,5114.10065,0.442281471,10080.049,0.802232312,-0.359950841
7799,-4955,5123,10188,11553,12560,525,0.44,0.81,5112.08735,0.442490033,10075.8915,0.802220661,-0.359730628
7799,-4955,5122,10191,11561,12561,499,0.44,0.81,5111.09799,0.442098261,10078.923,0.802398137,-0.360299877
7799,-4955,5121,10185,11562,12556,367,0.44,0.81,5110.09932,0.441973648,10072.7655,0.802227262,-0.360253614
7799,-4960,5121,10194,11555,12565,235,0.44,0.81,5110.09001,0.442240589,10082.049,0.802391484,-0.360150895
7799,-4964,5119,10193,11559,12562,104,0.44,0.81,5108.09533,0.441914987,10080.9545,0.80249598,-0.360580993
7799,-4956,5123,10196,11559,12569,0,0.44,0.81,5112.09533,0.442261037,10084.175,0.802305275,-0.360044238
7800,-4960,5122,10189,11558,12555,0,0.44,0.81,5111.094,0.442212667,10076.734,0.802607248,-0.360394582
7800,-4955,5121,10191,11558,12563,0,0.44,0.81,5110.094,0.442126146,10078.986,0.802275412,-0.360149266
7800,-4959,5119,10190,11554,12557,0,0.44,0.81,5108.08868,0.44210565,10077.797,0.802564068,-0.360458418
7800,-4961,5122,10194,11563,12560,0,0.44,0.81,5111.10065,0.442022023,10081.8915,0.802698368,-0.360676345
7800,-4960,5120,10192,11568,12560,0,0.44,0.81,5109.1073,0.441658653,10079.8915,0.802539132,-0.360880479
7800,-4962,5121,10188,11559,12559,0,0.44,0.81,5110.09533,0.442088012,10075.86,0.802282029,-0.360194017
7800,-4956,5116,10197,11553,12563,0,0.44,0.81,5105.08735,0.44188413,10084.986,0.802753005,-0.360868875
7799,-4957,5122,10195,11559,12562,0,0.44,0.81,5111.09533,0.442174525,10082.9545,0.80265519,-0.360480666
7799,-4958,5123,10193,11557,12562,0,0.44,0.81,5112.09267,0.442337343,10080.9545,0.80249598,-0.360158637
7799,-4959,5119,10195,11560,12564,0,0.44,0.81,5108.09666,0.441876874,10083.0175,0.802532434,-0.36065556
7800,-4955,5120,10192,11553,12558,0,0.44,0.81,5109.08735,0.44223036,10079.8285,0.802661929,-0.360431569
7800,-4956,5121,10187,11560,12560,0,0.44,0.81,5110.09666,0.442049884,10074.8915,0.802141043,-0.360091159
7800,-4960,5116,10193,11557,12558,0,0.44,0.81,5105.09267,0.441731649,10080.8285,0.802741559,-0.36100991
7800,-4960,5122,10193,11567,12562,0,0.44,0.81,5111.10597,0.441869627,10080.9545,0.80249598,-0.360626353
7800,-4960,5117,10199,11555,12565,0,0.44,0.81,5106.09001,0.441894419,10087.049,0.802789415,-0.360894996
7800,-4957,5120,10194,11558,12568,56,0.44,0.81,5109.094,0.442039626,10082.1435,0.802207471,-0.360167845
7799,-4956,5117,10191,11559,12556,334,0.44,0.81,5106.09533,0.441741961,10078.7655,0.802705121,-0.36096316
7799,-4958,5123,10187,11558,12560,611,0.44,0.81,5112.094,0.442299187,10074.8915,0.802141043,-0.359841856
7799,-4958,5119,10179,11559,12552,889,0.44,0.81,5108.09533,0.441914987,10066.6395,0.801994861,-0.360079875
7799,-4956,5116,10196,11557,12561,1110,0.44,0.81,5105.09267,0.441731649,10083.923,0.802796195,-0.361064545
7800,-4959,5122,10188,11560,12556,1110,0.44,0.81,5111.09666,0.442136389,10075.7655,0.802466191,-0.360329802
7800,-4961,5121,10188,11555,12555,1110,0.44,0.81,5110.09001,0.442240589,10075.734,0.802527599,-0.360287009
7800,-4961,5117,10181,11560,12552,1110,0.44,0.81,5106.09666,0.441703863,10068.6395,0.802154199,-0.360450335
7800,-4954,5119,10192,11562,12559,1110,0.44,0.81,5108.09932,0.441800668,10079.86,0.802600526,-0.360799858
7800,-4956,5117,10190,11558,12557,1110,0.44,0.81,5106.094,0.441780066,10077.797,0.802564068,-0.360784002
7800,-4952,5117,10188,11564,12565,1013,0.44,0.81,5106.10198,0.441551538,10076.049,0.801913967,-0.36036243
7799,-4953,5123,10193,11555,12566,526,0.44,0.81,5112.09001,0.442413675,10081.0805,0.802250557,-0.359836882
7799,-4961,5121,10193,11561,12558,40,0.44,0.81,5110.09799,0.442011763,10080.8285,0.802741559,-0.360729796
7799,-4958,5120,10195,11555,12560,-445,0.44,0.81,5109.09001,0.442154047,10082.8915,0.802777986,-0.360623939
7799,-4956,5121,10186,11554,12551,-834,0.44,0.81,5110.08868,0.44227875,10073.608,0.802613975,-0.360335225
7799,-4952,5117,10190,11556,12553,-834,0.44,0.81,5106.09134,0.441856295,10077.671,0.802809767,-0.360953472
7799,-4959,5122,10186,11563,12556,-834,0.44,0.81,5111.10065,0.442022023,10073.7655,0.802306905,-0.360284882
7800,-4956,5126,10188,11560,12553,-834,0.44,0.81,5115.09666,0.44248241,10075.671,0.802650442,-0.360168032
7800,-4959,5115,10189,11560,12556,-834,0.44,0.81,5104.09666,0.441530853,10076.7655,0.802545835,-0.361014982
7800,-4956,5119,10181,11559,12552,-834,0.44,0.81,5108.09533,0.441914987,10068.6395,0.802154199,-0.360239212
7800,-4960,5117,10191,11552,12559,-816,0.44,0.81,5106.08602,0.442008831,10078.86,0.802520901,-0.36051207
7800,-4953,5123,10197,11560,12565,-727,0.44,0.81,5112.09666,0.442222894,10085.049,0.802630243,-0.360407348
7800,-4960,5121,10196,11557,12560,-637,0.44,0.81,5110.09267,0.442164287,10083.8915,0.802857604,-0.360693316
7800,-4958,5121,10186,11559,12557,-548,0.44,0.81,5110.09533,0.442088012,10073.797,0.80224552,-0.360157508
7799,-4956,5123,10194,11563,12563,-477,0.44,0.81,5112.10065,0.442108506,10081.986,0.802514208,-0.360405703
7799,-4956,5127,10195,11563,12560,-477,0.44,0.81,5116.10065,0.442454437,10082.8915,0.802777986,-0.360323549
7799,-4957,5120,10193,11560,12562,-477,0.44,0.81,5109.09666,0.441963379,10080.9545,0.80249598,-0.360532601
7799,-4958,5124,10187,11565,12558,-477,0.44,0.81,5113.10331,0.442118747,10074.8285,0.802263776,-0.360145029
7799,-4959,5121,10190,11553,12561,-477,0.44,0.81,5110.08735,0.442316918,10077.923,0.802318526,-0.360001608
7800,-4957,5121,10187,11555,12556,-477,0.44,0.81,5110.09001,0.442240589,10074.7655,0.802386548,-0.360145959
7800,-4958,5124,10190,11557,12556,-524,0.44,0.81,5113.09267,0.44242387,10077.7655,0.802625478,-0.360201607
7800,-4956,5120,10192,11558,12558,-762,0.44,0.81,5109.094,0.442039626,10079.8285,0.802661929,-0.360622302
7800,-4958,5119,10189,11559,12558,-1001,0.44,0.81,5108.09533,0.441914987,10076.8285,0.802423037,-0.360508051
7800,-4960,5123,10191,11555,12560,-1239,0.44,0.81,5112.09001,0.442413675,10078.8915,0.802459514,-0.36004584
7800,-4952,5118,10182,11555,12547,-1429,0.44,0.81,5107.09001,0.441980961,10069.482,0.802541006,-0.360560044
7800,-4956,5119,10197,11558,12563,-1429,0.44,0.81,5108.094,0.441953106,10084.986,0.802753005,-0.360799899
7800,-4961,5124,10194,11564,12561,-1429,0.44,0.81,5113.10198,0.442156864,10081.923,0.802636972,-0.360480107
7800,-4958,5125,10186,11565,12555,-1429,0.44,0.81,5114.10331,0.442205215,10073.734,0.802368299,-0.360163085
7800,-4959,5127,10191,11570,12562,-1429,0.44,0.81,5116.10996,0.442187551,10078.9545,0.80233677,-0.360149219
7800,-4959,5123,10188,11560,12563,-1429,0.44,0.81,5112.09666,0.442222894,10075.986,0.802036615,-0.359813721
7800,-4956,5121,10188,11553,12559,-1387,0.44,0.81,5110.08735,0.442316918,10075.86,0.802282029,-0.359965111
7800,-4949,5118,10198,11557,12566,-1177,0.44,0.81,5107.09267,0.441904705,10086.0805,0.802648456,-0.360743752
7799,-4949,5114,10188,11544,12559,-967,0.44,0.81,5103.07538,0.442054347,10075.86,0.802282029,-0.360227682
7800,-4952,5115,10193,11542,12564,-757,0.44,0.81,5104.07272,0.442217356,10081.0175,0.802373249,-0.360155893
7800,-4957,5119,10188,11552,12558,-589,0.44,0.81,5108.08602,0.442181962,10075.8285,0.802343407,-0.360161445
7800,-4955,5116,10189,11544,12562,-589,0.44,0.81,5105.07538,0.442227597,10076.9545,0.802177559,-0.359949962
7800,-4955,5113,10187,11545,12557,-589,0.44,0.81,5102.07671,0.441929555,10074.797,0.802325157,-0.360395602
7800,-4958,5118,10189,11547,12554,-589,0.44,0.81,5107.07937,0.442286254,10076.7025,0.802668671,-0.360382418
7800,-4957,5118,10191,11552,12558,-589,0.44,0.81,5107.08602,0.442095396,10078.8285,0.802582298,-0.360486902
7800,-4954,5116,10184,11543,12556,-589,0.44,0.81,5105.07405,0.442265793,10071.7655,0.802147619,-0.359881826
7800,-4956,5116,10191,11543,12562,-610,0.44,0.81,5105.07405,0.442265793,10078.9545,0.80233677,-0.360070977
7799,-4954,5118,10199,11545,12566,-713,0.44,0.81,5107.07671,0.442362643,10087.0805,0.802728036,-0.360365393
7799,-4954,5108,10195,11531,12564,-816,0.44,0.81,5097.05809,0.442030881,10083.0175,0.802532434,-0.360501553
7799,-4956,5114,10185,11538,12555,-919,0.44,0.81,5103.0674,0.442283533,10072.734,0.80228865,-0.360005117
7800,-4958,5109,10188,11535,12561,-1000,0.44,0.81,5098.06341,0.441964752,10075.923,0.802159303,-0.360194551
7800,-4959,5110,10186,11538,12552,-1000,0.44,0.81,5099.0674,0.441936852,10073.6395,0.802552541,-0.360615689
7800,-4957,5114,10190,11549,12556,-1000,0.44,0.81,5103.08203,0.441863541,10077.7655,0.802625478,-0.360761937
7800,-4957,5116,10195,11552,12562,-1000,0.44,0.81,5105.08602,0.441922266,10082.9545,0.80265519,-0.360732924
7800,-4954,5112,10196,11532,12569,-1000,0.44,0.81,5101.05942,0.442339527,10084.175,0.802305275,-0.359965748
7800,-4959,5110,10186,11538,12558,-1000,0.44,0.81,5099.0674,0.441936852,10073.8285,0.802184146,-0.360247293
7800,-4955,5112,10192,11536,12561,-1000,0.44,0.81,5101.06474,0.442186611,10079.923,0.802477749,-0.360291138
7800,-4959,5112,10190,11545,12558,-859,0.44,0.81,5101.07671,0.441842937,10077.8285,0.802502668,-0.36065973
7800,-4961,5118,10187,11555,12555,-718,0.44,0.81,5107.09001,0.441980961,10074.734,0.802447949,-0.360466988
7800,-4955,5124,10186,11560,12558,-576,0.44,0.81,5113.09666,0.4423094,10073.8285,0.802184146,-0.359874746
7799,-4960,5117,10192,11544,12563,-435,0.44,0.81,5106.07538,0.442314222,10079.986,0.802355011,-0.360040789
7800,-4955,5114,10191,11544,12568,-435,0.44,0.81,5103.07538,0.442054347,10079.1435,0.80196877,-0.359914423
7800,-4957,5120,10191,11554,12560,-435,0.44,0.81,5109.08868,0.4421922,10078.8915,0.802459514,-0.360267314
7800,-4958,5120,10187,11550,12564,-435,0.44,0.81,5109.08336,0.44234488,10075.0175,0.801895694,-0.359550814
7799,-4959,5117,10196,11556,12566,-435,0.44,0.81,5106.09134,0.441856295,10084.0805,0.802489297,-0.360633002
7799,-4959,5122,10184,11561,12559,-435,0.44,0.81,5111.09799,0.442098261,10071.86,0.801963532,-0.359865272
7799,-4958,5116,10190,11539,12557,-435,0.44,0.81,5105.06873,0.442418644,10077.797,0.802564068,-0.360145424
7800,-4958,5113,10188,11538,12559,-218,0.44,0.81,5102.0674,0.442196863,10075.86,0.802282029,-0.360085166
7800,-4957,5117,10185,11557,12552,0,0.44,0.81,5106.09267,0.441818177,10072.6395,0.802472873,-0.360654696
7800,-4964,5116,10195,11547,12563,216,0.44,0.81,5105.07937,0.442113048,10082.986,0.802593807,-0.360480759
7800,-4961,5114,10191,11541,12554,433,0.44,0.81,5103.07139,0.44216891,10078.7025,0.802827983,-0.360659073
7800,-4955,5120,10190,11558,12557,433,0.44,0.81,5109.094,0.442039626,10077.797,0.802564068,-0.360524442
7800,-4959,5119,10185,11555,12549,433,0.44,0.81,5108.09001,0.442067504,10072.545,0.802657184,-0.36058968
7800,-4957,5117,10190,11556,12553,433,0.44,0.81,5106.09134,0.441856295,10077.671,0.802809767,-0.360953472
7800,-4964,5118,10187,11552,12554,433,0.44,0.81,5107.08602,0.442095396,10074.7025,0.80250936,-0.360413963
7800,-4960,5121,10191,11560,12555,433,0.44,0.81,5110.09666,0.442049884,10078.734,0.802766547,-0.360716663
7800,-4962,5108,10193,11531,12557,433,0.44,0.81,5097.05809,0.442030881,10080.797,0.802802978,-0.360772097
7800,-4957,5136,10189,11595,12559,411,0.44,0.81,5125.14321,0.442013213,10076.86,0.802361653,-0.36034844
7801,-4954,5129,10188,11571,12558,303,0.44,0.81,5118.11129,0.442322296,10075.8285,0.802343407,-0.36002111
7801,-4961,5125,10189,11570,12551,194,0.44,0.81,5114.10996,0.44201469,10076.608,0.802853,-0.36083831
7801,-4958,5135,10189,11586,12557,85,0.44,0.81,5124.13124,0.442269225,10076.797,0.802484431,-0.360215206
7800,-4959,5132,10192,11586,12563,0,0.44,0.81,5121.13124,0.442010292,10079.986,0.802355011,-0.360344719
7800,-4963,5118,10185,11557,12558,0,0.44,0.81,5107.09267,0.441904705,10072.8285,0.802104515,-0.360199811
7800,-4961,5120,10189,11564,12560,0,0.44,0.81,5109.10198,0.441810963,10076.8915,0.802300279,-0.360489315
7800,-4960,5131,10193,11580,12559,0,0.44,0.81,5120.12326,0.442152268,10080.86,0.80268015,-0.360527882
7800,-4958,5126,10191,11571,12560,0,0.44,0.81,5115.11129,0.442063027,10078.8915,0.802459514,-0.360396487
7800,-4955,5134,10194,11589,12563,0,0.44,0.81,5123.13523,0.442068792,10081.986,0.802514208,-0.360445416
7800,-4957,5125,10195,11571,12563,0,0.44,0.81,5114.11129,0.441976604,10082.986,0.802593807,-0.360617203
7800,-4957,5125,10196,11567,12563,0,0.44,0.81,5114.10597,0.442128985,10083.986,0.802673406,-0.360544421
7800,-4957,5120,10196,11563,12564,0,0.44,0.81,5109.10065,0.441849057,10084.0175,0.802612026,-0.360762969
7800,-4961,5123,10186,11566,12558,0,0.44,0.81,5112.10464,0.441994176,10073.8285,0.802184146,-0.36018997
7800,-4958,5125,10195,11564,12561,0,0.44,0.81,5114.10198,0.44224334,10082.923,0.802716583,-0.360473243
7800,-4956,5126,10191,11566,12565,0,0.44,0.81,5115.10464,0.442253557,10079.049,0.802152726,-0.359899169
7800,-4962,5118,10195,11561,12563,0,0.44,0.81,5107.09799,0.44175227,10082.986,0.802593807,-0.360841538
7800,-4960,5124,10191,11570,12559,0,0.44,0.81,5113.10996,0.441928259,10078.86,0.802520901,-0.360592642
7800,-4954,5124,10190,11563,12565,0,0.44,0.81,5113.10065,0.442194988,10078.049,0.80207314,-0.359878151
7800,-4963,5122,10193,11566,12560,0,0.44,0.81,5111.10464,0.441907716,10080.8915,0.80261875,-0.360711034
7800,-4957,5127,10194,11579,12562,-109,0.44,0.81,5116.12193,0.441844886,10081.9545,0.802575585,-0.3607307
7800,-4956,5118,10192,11555,12563,-218,0.44,0.81,5107.09001,0.441980961,10079.986,0.802355011,-0.360374049
7800,-4962,5119,10193,11557,12560,-327,0.44,0.81,5108.09267,0.441991232,10080.8915,0.80261875,-0.360627518
7800,-4958,5135,10195,11590,12566,-435,0.44,0.81,5124.13656,0.442117046,10083.0805,0.802409717,-0.360292671
7800,-4957,5121,10189,11561,12559,-435,0.44,0.81,5110.09799,0.442011763,10076.86,0.802361653,-0.36034989
7800,-4964,5120,10188,11555,12559,-435,0.44,0.81,5109.09001,0.442154047,10075.86,0.802282029,-0.360127982
7800,-4958,5122,10189,11557,12552,-435,0.44,0.81,5111.09267,0.442250815,10076.6395,0.802791547,-0.360540732
7800,-4962,5116,10190,11554,12558,-435,0.44,0.81,5105.08868,0.441846,10077.8285,0.802502668,-0.360656668
7800,-4960,5122,10185,11556,12552,-435,0.44,0.81,5111.09134,0.44228897,10072.6395,0.802472873,-0.360183903
7800,-4959,5128,10195,11574,12563,-435,0.44,0.81,5117.11528,0.44212159,10082.986,0.802593807,-0.360472217
7800,-4956,5130,10191,11583,12558,-576,0.44,0.81,5119.12725,0.441951761,10078.8285,0.802582298,-0.360630537
7800,-4958,5119,10197,11556,12574,-718,0.44,0.81,5108.09134,0.442029365,10085.3325,0.802078296,-0.360048932
7800,-4959,5119,10188,11558,12559,-859,0.44,0.81,5108.094,0.441953106,10075.86,0.802282029,-0.360328923
7800,-4956,5129,10190,11581,12562,-1000,0.44,0.81,5118.12459,0.441941507,10077.9545,0.802257164,-0.360315658
7800,-4961,5118,10190,11567,12561,-1000,0.44,0.81,5107.10597,0.441523815,10077.923,0.802318526,-0.36079471
7801,-4959,5115,10194,11550,12564,-1000,0.44,0.81,5104.08336,0.441911979,10082.0175,0.802452841,-0.360540862
7801,-4955,5120,10190,11562,12556,-1000,0.44,0.81,5109.09932,0.441887158,10077.7655,0.802625478,-0.36073832
7801,-4958,5118,10198,11553,12562,-1000,0.44,0.81,5107.08735,0.442057245,10085.9545,0.802894006,-0.360836761
7801,-4958,5119,10191,11554,12561,-1000,0.44,0.81,5108.08868,0.44210565,10078.923,0.802398137,-0.360292487
7800,-4958,5127,10191,11579,12558,-1000,0.44,0.81,5116.12193,0.441844886,10078.8285,0.802582298,-0.360737413
7800,-4955,5121,10177,11564,12547,-619,0.44,0.81,5110.10198,0.441897439,10064.482,0.802142504,-0.360245066
7800,-4952,5120,10185,11554,12555,-237,0.44,0.81,5109.08868,0.4421922,10072.734,0.80228865,-0.36009645
7800,-4956,5121,10177,11557,12546,143,0.44,0.81,5110.09267,0.442164287,10064.4505,0.80220393,-0.360039642
7800,-4956,5122,10180,11560,12546,525,0.44,0.81,5111.09666,0.442136389,10067.4505,0.80244305,-0.36030666
7800,-4959,5123,10183,11562,12549,525,0.44,0.81,5112.09932,0.442146629,10070.545,0.802497809,-0.36035118
7800,-4958,5113,10180,11538,12548,525,0.44,0.81,5102.0674,0.442196863,10067.5135,0.802320171,-0.360123308
7800,-4955,5116,10189,11553,12556,525,0.44,0.81,5105.08735,0.44188413,10076.7655,0.802545835,-0.360661705
7800,-4957,5120,10188,11560,12555,525,0.44,0.81,5109.09666,0.441963379,10075.734,0.802527599,-0.36056422
7800,-4960,5117,10183,11560,12555,525,0.44,0.81,5106.09666,0.441703863,10070.734,0.802129351,-0.360425488
7800,-4962,5120,10183,11557,12554,525,0.44,0.81,5109.09267,0.44207776,10070.7025,0.802190736,-0.360112976
7800,-4953,5128,10184,11567,12547,201,0.44,0.81,5117.10597,0.442388344,10071.482,0.802700406,-0.360312063
7801,-4962,5116,10188,11557,12555,-122,0.44,0.81,5105.09267,0.441731649,10075.734,0.802527599,-0.360795949
7801,-4965,5122,10195,11559,12558,-446,0.44,0.81,5111.09533,0.442174525,10082.8285,0.80290082,-0.360726296
7801,-4960,5125,10178,11570,12549,-770,0.44,0.81,5114.10996,0.44201469,10065.545,0.80209937,-0.360084681
7801,-4958,5123,10187,11566,12560,-770,0.44,0.81,5112.10464,0.441994176,10074.8915,0.802141043,-0.360146867
7800,-4960,5124,10179,11562,12548,-770,0.44,0.81,5113.09932,0.442233119,10066.5135,0.802240477,-0.360007358
7800,-4956,5121,10185,11562,12555,-770,0.44,0.81,5110.09932,0.441973648,10072.734,0.80228865,-0.360315002
7800,-4958,5121,10185,11560,12560,-770,0.44,0.81,5110.09666,0.442049884,10072.8915,0.801981807,-0.359931923
7800,-4960,5119,10190,11560,12563,-770,0.44,0.81,5108.09666,0.441876874,10077.986,0.802195813,-0.360318939
7800,-4955,5122,10188,11564,12557,-770,0.44,0.81,5111.10198,0.441983914,10075.797,0.802404794,-0.36042088
7800,-4957,5122,10204,11564,12579,-696,0.44,0.81,5111.10198,0.441983914,10092.49,0.802328484,-0.36034457
7800,-4961,5118,10208,11557,12580,-623,0.44,0.81,5107.09267,0.441904705,10096.5215,0.802585175,-0.36068047
7800,-4961,5120,10207,11560,12571,-550,0.44,0.81,5109.09666,0.441963379,10095.238,0.803057672,-0.361094294
7800,-4960,5117,10207,11555,12575,-477,0.44,0.81,5106.09001,0.441894419,10095.364,0.802812247,-0.360917828
7800,-4960,5121,10210,11551,12578,-477,0.44,0.81,5110.08469,0.442393272,10098.4585,0.802866791,-0.360473519
7800,-4959,5117,10201,11547,12574,-477,0.44,0.81,5106.07937,0.442199651,10089.3325,0.802396413,-0.360196762
7801,-4963,5117,10196,11558,12563,-477,0.44,0.81,5106.094,0.441780066,10083.986,0.802673406,-0.36089334
7801,-4960,5114,10202,11552,12575,-477,0.44,0.81,5103.08602,0.441749136,10090.364,0.802414632,-0.360665496
7801,-4962,5120,10200,11552,12567,-477,0.44,0.81,5109.08602,0.442268527,10088.112,0.80274624,-0.360477713
7801,-4961,5131,10191,11593,12555,-477,0.44,0.81,5120.14055,0.441657944,10078.734,0.802766547,-0.361108603
7801,-4959,5120,10203,11561,12573,-130,0.44,0.81,5109.09799,0.441925265,10091.301,0.802616798,-0.360691533
7801,-4958,5121,10198,11560,12565,215,0.44,0.81,5110.09666,0.442049884,10086.049,0.802709829,-0.360659945
7801,-4960,5123,10194,11562,12560,561,0.44,0.81,5112.09932,0.442146629,10081.8915,0.802698368,-0.360551739
7800,-4956,5118,10197,11554,12564,908,0.44,0.81,5107.08868,0.4420191,10085.0175,0.802691619,-0.360672519
7800,-4957,5119,10203,11554,12572,908,0.44,0.81,5108.08868,0.44210565,10091.2695,0.802678134,-0.360572484
7800,-4957,5121,10211,11553,12581,908,0.44,0.81,5110.08735,0.442316918,10099.553,0.80276234,-0.360445422
7800,-4958,5121,10189,11558,12554,908,0.44,0.81,5110.094,0.442126146,10076.7025,0.802668671,-0.360542525
7800,-4955,5120,10199,11559,12571,908,0.44,0.81,5109.09533,0.442001499,10087.238,0.802421287,-0.360419788
7800,-4960,5120,10187,11559,12555,908,0.44,0.81,5109.09533,0.442001499,10074.734,0.802447949,-0.36044645
7800,-4960,5121,10204,11556,12570,908,0.44,0.81,5110.09134,0.442202435,10092.2065,0.80288039,-0.360677955
7800,-4950,5117,10210,11555,12589,572,0.44,0.81,5106.09001,0.441894419,10098.805,0.802192787,-0.360298368
7800,-4960,5119,10192,11557,12562,236,0.44,0.81,5108.09267,0.441991232,10079.9545,0.802416375,-0.360425143
7800,-4958,5120,10190,11554,12560,-99,0.44,0.81,5109.08868,0.4421922,10077.8915,0.802379896,-0.360187696
7800,-4955,5122,10216,11561,12587,-435,0.44,0.81,5111.09799,0.442098261,10104.742,0.802791928,-0.360693668
7800,-4964,5121,10190,11565,12560,-435,0.44,0.81,5110.10331,0.441859344,10077.8915,0.802379896,-0.360520553
7801,-4957,5119,10208,11564,12579,-435,0.44,0.81,5108.10198,0.441724488,10096.49,0.802646474,-0.360921986
7801,-4958,5120,10202,11557,12573,-435,0.44,0.81,5109.09267,0.44207776,10090.301,0.802537262,-0.360459503
7801,-4958,5123,10186,11562,12553,-435,0.44,0.81,5112.09932,0.442146629,10073.671,0.802491118,-0.360344489
7801,-4959,5124,10192,11564,12558,-435,0.44,0.81,5113.10198,0.442156864,10079.8285,0.802661929,-0.360505064
7801,-4958,5126,10188,11564,12562,-435,0.44,0.81,5115.10198,0.442329815,10075.9545,0.802097954,-0.359768139
7801,-4957,5120,10211,11560,12583,-458,0.44,0.81,5109.09666,0.441963379,10099.616,0.802639752,-0.360676373
7800,-4956,5122,10192,11562,12568,-481,0.44,0.81,5111.09932,0.442060138,10080.1435,0.802048337,-0.359988199
7800,-4956,5123,10196,11565,12561,-504,0.44,0.81,5112.10331,0.442032279,10083.923,0.802796195,-0.360763915
7800,-4957,5122,10213,11562,12588,-527,0.44,0.81,5111.09932,0.442060138,10101.7735,0.802492334,-0.360432196
7800,-4957,5121,10195,11559,12564,-527,0.44,0.81,5110.09533,0.442088012,10083.0175,0.802532434,-0.360444422
7800,-4960,5119,10208,11562,12580,-527,0.44,0.81,5108.09932,0.441800668,10096.5215,0.802585175,-0.360784507
7800,-4958,5120,10196,11559,12564,-527,0.44,0.81,5109.09533,0.442001499,10084.0175,0.802612026,-0.360610527
7800,-4957,5123,10195,11557,12565,-527,0.44,0.81,5112.09267,0.442337343,10083.049,0.80247107,-0.360133728
7800,-4957,5118,10191,11547,12559,-527,0.44,0.81,5107.07937,0.442286254,10078.86,0.802520901,-0.360234648
7800,-4962,5125,10194,11564,12562,-527,0.44,0.81,5114.10198,0.44224334,10081.9545,0.802575585,-0.360332245
7801,-4953,5125,10199,11561,12570,-812,0.44,0.81,5114.09799,0.442357754,10087.2065,0.802482617,-0.360124864
7801,-4957,5120,10195,11558,12563,-1097,0.44,0.81,5109.094,0.442039626,10082.986,0.802593807,-0.360554181
7801,-4959,5122,10192,11558,12558,-1382,0.44,0.81,5111.094,0.442212667,10079.8285,0.802661929,-0.360449262
7800,-4960,5124,10199,11559,12572,-1668,0.44,0.81,5113.09533,0.44234755,10087.2695,0.802359967,-0.360012417
7800,-4956,5118,10195,11551,12570,-1668,0.44,0.81,5107.08469,0.442133555,10083.2065,0.802164399,-0.360030845
7800,-4962,5119,10202,11556,12572,-1668,0.44,0.81,5108.09134,0.442029365,10090.2695,0.802598592,-0.360569227
7800,-4957,5117,10192,11551,12557,-1667,0.44,0.81,5106.08469,0.442046982,10079.797,0.802723342,-0.360676359
7800,-4960,5114,10200,11553,12562,-1668,0.44,0.81,5103.08735,0.441711014,10087.9545,0.803053216,-0.361342202
7800,-4960,5119,10201,11557,12563,-1668,0.44,0.81,5108.09267,0.441991232,10088.986,0.8030714,-0.361080168
7801,-4953,5115,10186,11548,12557,-1668,0.44,0.81,5104.0807,0.441988284,10073.797,0.80224552,-0.360257237
7801,-4956,5120,10194,11556,12561,-1370,0.44,0.81,5109.09134,0.4421159,10081.923,0.802636972,-0.360521072
7801,-4958,5121,10188,11561,12558,-1072,0.44,0.81,5110.09799,0.442011763,10075.8285,0.802343407,-0.360331644
7801,-4960,5121,10193,11560,12559,-774,0.44,0.81,5110.09666,0.442049884,10080.86,0.80268015,-0.360630266
7800,-4955,5121,10200,11557,12578,-477,0.44,0.81,5110.09267,0.442164287,10088.4585,0.802071752,-0.359907465
7800,-4956,5123,10194,11558,12563,-477,0.44,0.81,5112.094,0.442299187,10081.986,0.802514208,-0.360215022
7800,-4957,5120,10191,11552,12563,-477,0.44,0.81,5109.08602,0.442268527,10078.986,0.802275412,-0.360006885
7800,-4954,5118,10191,11549,12562,-477,0.44,0.81,5107.08203,0.442209891,10078.9545,0.80233677,-0.360126879
7800,-4959,5119,10193,11554,12560,-477,0.44,0.81,5108.08868,0.44210565,10080.8915,0.80261875,-0.3605131
7801,-4957,5122,10196,11559,12565,-477,0.44,0.81,5111.09533,0.442174525,10084.049,0.802550657,-0.360376132
7801,-4963,5113,10191,11556,12557,-477,0.44,0.81,5102.09134,0.441510154,10078.797,0.802643705,-0.361133551
7801,-4957,5118,10197,11559,12562,-1016,0.44,0.81,5107.09533,0.441828474,10084.9545,0.802814401,-0.360985927
7800,-4959,5122,10182,11558,12551,-1555,0.44,0.81,5111.094,0.442212667,10069.608,0.802295275,-0.360082609
7800,-4957,5117,10197,11551,12564,-2094,0.44,0.81,5106.08469,0.442046982,10085.0175,0.802691619,-0.360644637
7800,-4959,5121,10197,11559,12563,-2633,0.44,0.81,5110.09533,0.442088012,10084.986,0.802753005,-0.360664993
7800,-4957,5123,10194,11555,12559,-2633,0.44,0.81,5112.09001,0.442413675,10081.86,0.802759774,-0.360346099
7800,-4958,5126,10191,11561,12557,-2633,0.44,0.81,5115.09799,0.442444251,10078.797,0.802643705,-0.360199453
7801,-4957,5122,10186,11559,12556,-2633,0.44,0.81,5111.09533,0.442174525,10073.7655,0.802306905,-0.36013238
7801,-4957,5112,10183,11551,12557,-2633,0.44,0.81,5101.08469,0.441614119,10070.797,0.80200661,-0.360392491
7801,-4963,5120,10189,11563,12555,-2633,0.44,0.81,5109.10065,0.441849057,10076.734,0.802607248,-0.360758191
7801,-4964,5121,10187,11566,12554,-2633,0.44,0.81,5110.10464,0.441821255,10074.7025,0.80250936,-0.360688104
7801,-4955,5126,10189,11565,12560,-1975,0.44,0.81,5115.10331,0.442291683,10076.8915,0.802300279,-0.360008596
7800,-4950,5120,10183,11558,12558,-1317,0.44,0.81,5109.094,0.442039626,10070.8285,0.801945254,-0.359905628
7800,-4961,5120,10188,11563,12556,-659,0.44,0.81,5109.10065,0.441849057,10075.7655,0.802466191,-0.360617134
7800,-4960,5119,10187,11550,12559,0,0.44,0.81,5108.08336,0.4422583,10074.86,0.802202405,-0.359944105
7800,-4957,5120,10192,11559,12566,0,0.44,0.81,5109.09533,0.442001499,10080.0805,0.802170977,-0.360169478
7800,-4960,5125,10193,11562,12561,0,0.44,0.81,5114.09932,0.442319609,10080.923,0.80255736,-0.360237751
7800,-4955,5121,10194,11553,12565,0,0.44,0.81,5110.08735,0.442316918,10082.049,0.802391484,-0.360074567
7801,-4960,5118,10194,11561,12558,0,0.44,0.81,5107.09799,0.44175227,10081.8285,0.80282119,-0.36106892
7801,-4958,5122,10194,11566,12563,0,0.44,0.81,5111.10464,0.441907716,10081.986,0.802514208,-0.360606493
7801,-4958,5116,10191,11548,12565,0,0.44,0.81,5105.0807,0.442074879,10079.049,0.802152726,-0.360077847
7801,-4956,5122,10194,11561,12563,0,0.44,0.81,5111.09799,0.442098261,10081.986,0.802514208,-0.360415948
7800,-4960,5118,10187,11552,12556,0,0.44,0.81,5107.08602,0.442095396,10074.7655,0.802386548,-0.360291152
7800,-4958,5118,10189,11559,12553,0,0.44,0.81,5107.09533,0.441828474,10076.671,0.802730104,-0.36090163
7800,-4955,5117,10190,11557,12561,0,0.44,0.81,5106.09267,0.441818177,10077.923,0.802318526,-0.360500349
7800,-4956,5124,10188,11559,12553,0,0.44,0.81,5113.09533,0.44234755,10075.671,0.802650442,-0.360302892
7800,-4961,5120,10192,11560,12557,0,0.44,0.81,5109.09666,0.441963379,10079.797,0.802723342,-0.360759963
7801,-4961,5118,10186,11554,12553,0,0.44,0.81,5107.08868,0.4420191,10073.671,0.802491118,-0.360472018
7801,-4957,5121,10188,11555,12552,0,0.44,0.81,5110.09001,0.442240589,10075.6395,0.802711879,-0.360471289
7801,-4960,5119,10187,11562,12556,0,0.44,0.81,5108.09932,0.441800668,10074.7655,0.802386548,-0.360585881
7801,-4960,5123,10193,11559,12562,0,0.44,0.81,5112.09533,0.442261037,10080.9545,0.80249598,-0.360234943
7801,-4957,5123,10191,11563,12560,0,0.44,0.81,5112.10065,0.442108506,10078.8915,0.802459514,-0.360351009
7800,-4958,5121,10193,11560,12560,0,0.44,0.81,5110.09666,0.442049884,10080.8915,0.80261875,-0.360568866
7800,-4963,5119,10193,11559,12560,0,0.44,0.81,5108.09533,0.441914987,10080.8915,0.80261875,-0.360703763
7800,-4958,5117,10189,11559,12562,0,0.44,0.81,5106.09533,0.441741961,10076.9545,0.802177559,-0.360435598
7800,-4953,5122,10187,11555,12557,0,0.44,0.81,5111.09001,0.442327132,10074.797,0.802325157,-0.359998025
7800,-4961,5122,10196,11555,12564,0,0.44,0.81,5111.09001,0.442327132,10084.0175,0.802612026,-0.360284894
7800,-4960,5125,10192,11564,12558,0,0.44,0.81,5114.10198,0.44224334,10079.8285,0.802661929,-0.360418589
7801,-4959,5117,10189,11554,12560,0,0.44,0.81,5106.08868,0.44193255,10076.8915,0.802300279,-0.360367729
7801,-4960,5127,10195,11569,12560,0,0.44,0.81,5116.10863,0.442225657,10082.8915,0.802777986,-0.360552328
7801,-4959,5126,10191,11564,12558,0,0.44,0.81,5115.10198,0.442329815,10078.8285,0.802582298,-0.360252483
7801,-4956,5121,10191,11562,12554,-659,0.44,0.81,5110.09932,0.441973648,10078.7025,0.802827983,-0.360854335
7801,-4957,5121,10189,11557,12558,-1317,0.44,0.81,5110.09267,0.442164287,10076.8285,0.802423037,-0.36025875
7801,-4958,5124,10190,11561,12561,-1975,0.44,0.81,5113.09799,0.442271256,10077.923,0.802318526,-0.36004727
7801,-4958,5120,10196,11561,12567,-2633,0.44,0.81,5109.09799,0.441925265,10084.112,0.802427946,-0.360502681
7801,-4958,5119,10190,11559,12560,-2633,0.44,0.81,5108.09533,0.441914987,10077.8915,0.802379896,-0.36046491
7800,-4955,5120,10194,11563,12562,-2633,0.44,0.81,5109.10065,0.441849057,10081.9545,0.802575585,-0.360726528
7800,-4963,5116,10189,11557,12562,-2633,0.44,0.81,5105.09267,0.441731649,10076.9545,0.802177559,-0.36044591
7800,-4960,5120,10199,11551,12566,-2633,0.44,0.81,5109.08469,0.4423067,10087.0805,0.802728036,-0.360421336
7800,-4958,5121,10191,11562,12559,-2633,0.44,0.81,5110.09932,0.441973648,10078.86,0.802520901,-0.360547253
7800,-4957,5120,10196,11561,12571,-2633,0.44,0.81,5109.09799,0.441925265,10084.238,0.802182643,-0.360257377
7800,-4954,5122,10198,11552,12564,-2301,0.44,0.81,5111.08602,0.442441657,10086.0175,0.802771211,-0.360329555
7800,-4957,5127,10192,11561,12561,-1969,0.44,0.81,5116.09799,0.442530749,10079.923,0.802477749,-0.359947
7800,-4957,5119,10187,11558,12555,-1637,0.44,0.81,5108.094,0.441953106,10074.734,0.802447949,-0.360494843
7800,-4960,5120,10193,11558,12559,-1305,0.44,0.81,5109.094,0.442039626,10080.86,0.80268015,-0.360640523
7800,-4960,5122,10196,11556,12564,-1305,0.44,0.81,5111.09134,0.44228897,10084.0175,0.802612026,-0.360323056
7801,-4956,5122,10187,11557,12554,-1305,0.44,0.81,5111.09267,0.442250815,10074.7025,0.80250936,-0.360258544
7801,-4961,5117,10198,11554,12569,-1305,0.44,0.81,5106.08868,0.44193255,10086.175,0.802464397,-0.360531847
7801,-4953,5127,10202,11562,12570,-1305,0.44,0.81,5116.09932,0.44249259,10090.2065,0.802721281,-0.360228691
7801,-4958,5121,10197,11561,12567,-1305,0.44,0.81,5110.09799,0.442011763,10085.112,0.80250752,-0.360495757
7800,-4961,5121,10196,11558,12564,-1305,0.44,0.81,5110.094,0.442126146,10084.0175,0.802612026,-0.36048588
7800,-4958,5121,10198,11557,12565,-1111,0.44,0.81,5110.09267,0.442164287,10086.049,0.802709829,-0.360545541
7800,-4955,5125,10187,11559,12556,-916,0.44,0.81,5114.09533,0.442434063,10074.7655,0.802386548,-0.359952486
7800,-4959,5120,10189,11561,12554,-721,0.44,0.81,5109.09799,0.441925265,10076.7025,0.802668671,-0.360743406
7800,-4961,5124,10192,11558,12559,-527,0.44,0.81,5113.094,0.442385707,10079.86,0.802600526,-0.360214819
7800,-4959,5116,10193,11555,12556,-527,0.44,0.81,5105.09001,0.441807876,10080.7655,0.802864407,-0.361056531
7801,-4960,5119,10195,11562,12565,-527,0.44,0.81,5108.09932,0.441800668,10083.049,0.80247107,-0.360670403
7801,-4963,5118,10186,11561,12556,-527,0.44,0.81,5107.09799,0.44175227,10073.7655,0.802306905,-0.360554635
7801,-4955,5113,10192,11554,12569,-527,0.44,0.81,5102.08868,0.441586349,10080.175,0.801987032,-0.360400682
7800,-4960,5119,10189,11560,12560,-527,0.44,0.81,5108.09666,0.441876874,10076.8915,0.802300279,-0.360423405
7800,-4956,5118,10188,11551,12559,-527,0.44,0.81,5107.08469,0.442133555,10075.86,0.802282029,-0.360148474
7800,-4959,5117,10189,11561,12556,-968,0.44,0.81,5106.09799,0.441665772,10076.7655,0.802545835,-0.360880063
7801,-4960,5122,10190,11563,12559,-1432,0.44,0.81,5111.10065,0.442022023,10077.86,0.802441277,-0.360419254
7801,-4961,5117,10187,11554,12555,-1896,0.44,0.81,5106.08868,0.44193255,10074.734,0.802447949,-0.360515399
7801,-4960,5119,10193,11562,12564,-2360,0.44,0.81,5108.09932,0.441800668,10081.0175,0.802373249,-0.360572581
7801,-4963,5116,10190,11558,12558,-2382,0.44,0.81,5105.094,0.441693546,10077.8285,0.802502668,-0.360809122
7801,-4957,5121,10194,11559,12563,-2382,0.44,0.81,5110.09533,0.442088012,10081.986,0.802514208,-0.360426196
7800,-4958,5121,10189,11567,12565,-2382,0.44,0.81,5110.10597,0.441783174,10077.049,0.801993554,-0.36021038
7800,-4960,5117,10194,11551,12565,-2382,0.44,0.81,5106.08469,0.442046982,10082.049,0.802391484,-0.360344502
7800,-4960,5122,10183,11567,12560,-2382,0.44,0.81,5111.10597,0.441869627,10070.8915,0.801822572,-0.359952945
7800,-4957,5118,10193,11551,12565,-2382,0.44,0.81,5107.08469,0.442133555,10081.049,0.802311898,-0.360178343
7800,-4954,5124,10190,11569,12560,-1787,0.44,0.81,5113.10863,0.441966344,10077.8915,0.802379896,-0.360413553
7800,-4954,5130,10199,11562,12564,-1191,0.44,0.81,5119.09932,0.44275206,10087.0175,0.802850804,-0.360098744
7800,-4958,5124,10190,11565,12559,-596,0.44,0.81,5113.10331,0.442118747,10077.86,0.802441277,-0.36032253
7800,-4954,5124,10184,11560,12558,-1,0.44,0.81,5113.09666,0.4423094,10071.8285,0.802024885,-0.359715485
7800,-4958,5123,10194,11563,12562,0,0.44,0.81,5112.10065,0.442108506,10081.9545,0.802575585,-0.36046708
7800,-4958,5129,10189,11571,12558,0,0.44,0.81,5118.11129,0.442322296,10076.8285,0.802423037,-0.360100741
7800,-4957,5123,10192,11555,12563,0,0.44,0.81,5112.09001,0.442413675,10079.986,0.802355011,-0.359941336
7800,-4959,5124,10190,11559,12561,0,0.44,0.81,5113.09533,0.44234755,10077.923,0.802318526,-0.359970976
7800,-4960,5120,10190,11562,12559,0,0.44,0.81,5109.09932,0.441887158,10077.86,0.802441277,-0.360554119
7800,-4957,5122,10187,11555,12561,0,0.44,0.81,5111.09001,0.442327132,10074.923,0.802079691,-0.359752559
7801,-4958,5122,10188,11569,12561,0,0.44,0.81,5111.10863,0.441793468,10075.923,0.802159303,-0.360365835
7801,-4957,5124,10192,11567,12563,-364,0.44,0.81,5113.10597,0.442042532,10079.986,0.802355011,-0.360312479
7800,-4960,5126,10193,11563,12563,-819,0.44,0.81,5115.10065,0.442367954,10080.986,0.80243461,-0.360066656
7800,-4952,5127,10191,11570,12565,-1273,0.44,0.81,5116.10996,0.442187551,10079.049,0.802152726,-0.359965175
7800,-4959,5124,10195,11563,12562,-1728,0.44,0.81,5113.10065,0.442194988,10082.9545,0.80265519,-0.360460202
7800,-4956,5123,10192,11565,12559,-1819,0.44,0.81,5112.10331,0.442032279,10079.86,0.802600526,-0.360568246
7800,-4959,5123,10192,11563,12560,-1819,0.44,0.81,5112.10065,0.442108506,10079.8915,0.802539132,-0.360430627
7800,-4957,5121,10194,11563,12565,-1819,0.44,0.81,5110.10065,0.44193554,10082.049,0.802391484,-0.360455944
7800,-4964,5120,10196,11559,12561,-1819,0.44,0.81,5109.09533,0.442001499,10083.923,0.802796195,-0.360794695
7800,-4955,5127,10188,11560,12556,-1819,0.44,0.81,5116.09666,0.442568915,10075.7655,0.802466191,-0.359897276
7800,-4949,5122,10196,11561,12568,-1768,0.44,0.81,5111.09799,0.442098261,10084.1435,0.802366606,-0.360268345
7800,-4955,5121,10186,11561,12559,-1709,0.44,0.81,5110.09799,0.442011763,10073.86,0.80212278,-0.360111018
7800,-4960,5123,10192,11558,12566,-1649,0.44,0.81,5112.094,0.442299187,10080.0805,0.802170977,-0.359871791
7800,-4958,5122,10192,11556,12565,-1589,0.44,0.81,5111.09134,0.44228897,10080.049,0.802232312,-0.359943342
7800,-4960,5118,10195,11560,12570,-1580,0.44,0.81,5107.09666,0.441790369,10083.2065,0.802164399,-0.360374031
7800,-4957,5121,10197,11556,12561,-1580,0.44,0.81,5110.09134,0.442202435,10084.923,0.802875806,-0.360673371
7800,-4958,5119,10196,11560,12564,-1579,0.44,0.81,5108.09666,0.441876874,10084.0175,0.802612026,-0.360735153
7800,-4958,5122,10198,11560,12569,-1579,0.44,0.81,5111.09666,0.442136389,10086.175,0.802464397,-0.360328007
7800,-4958,5120,10190,11559,12562,-1579,0.44,0.81,5109.09533,0.442001499,10077.9545,0.802257164,-0.360255665
7801,-4958,5138,10180,11600,12550,-1579,0.44,0.81,5127.14986,0.441995678,10067.5765,0.802197331,-0.360201653
7800,-4947,5124,10189,11561,12564,-1525,0.44,0.81,5113.09799,0.442271256,10077.0175,0.802054879,-0.359783623
7800,-4957,5120,10191,11557,12563,-1456,0.44,0.81,5109.09267,0.44207776,10078.986,0.802275412,-0.360197652
7800,-4956,5123,10187,11556,12558,-1388,0.44,0.81,5112.09134,0.442375505,10074.8285,0.802263776,-0.359888271
7800,-4955,5122,10192,11559,12562,-1319,0.44,0.81,5111.09533,0.442174525,10079.9545,0.802416375,-0.36024185
7800,-4954,5125,10188,11555,12559,-1305,0.44,0.81,5114.09001,0.44258676,10075.86,0.802282029,-0.359695269
7800,-4952,5122,10189,11563,12564,-1305,0.44,0.81,5111.10065,0.442022023,10077.0175,0.802054879,-0.360032856
7800,-4959,5123,10189,11561,12559,-1305,0.44,0.81,5112.09799,0.442184758,10076.86,0.802361653,-0.360176895
7801,-4961,5120,10189,11555,12559,-1305,0.44,0.81,5109.09001,0.442154047,10076.86,0.802361653,-0.360207606
7801,-4961,5122,10187,11554,12556,-1305,0.44,0.81,5111.08868,0.4423653,10074.7655,0.802386548,-0.360021248
7801,-4962,5117,10184,11561,12555,-1305,0.44,0.81,5106.09799,0.441665772,10071.734,0.802209,-0.360543228
7801,-4952,5123,10198,11562,12570,-1374,0.44,0.81,5112.09932,0.442146629,10086.2065,0.802403063,-0.360256434
7800,-4954,5127,10197,11570,12567,-1442,0.44,0.81,5116.10996,0.442187551,10085.112,0.80250752,-0.360319969
7800,-4955,5132,10189,11571,12563,-1511,0.44,0.81,5121.11129,0.442581565,10076.986,0.802116214,-0.359534649
7800,-4956,5125,10195,11561,12566,-1580,0.44,0.81,5114.09799,0.442357754,10083.0805,0.802409717,-0.360051963
7800,-4959,5124,10192,11565,12562,-1580,0.44,0.81,5113.10331,0.442118747,10079.9545,0.802416375,-0.360297628
7800,-4956,5126,10201,11571,12567,-1580,0.44,0.81,5115.11129,0.442063027,10089.112,0.802825814,-0.360762786
7800,-4953,5126,10189,11567,12558,-1580,0.44,0.81,5115.10597,0.442215438,10076.8285,0.802423037,-0.360207599
7800,-4954,5128,10190,11568,12556,-1580,0.44,0.81,5117.1073,0.442350216,10077.7655,0.802625478,-0.360275262
7800,-4956,5124,10191,11563,12563,-1580,0.44,0.81,5113.10065,0.442194988,10078.986,0.802275412,-0.360080424
7800,-4953,5127,10195,11566,12569,-1580,0.44,0.81,5116.10464,0.442340017,10083.175,0.802225714,-0.359885697
7800,-4954,5121,10188,11560,12560,-1202,0.44,0.81,5110.09666,0.442049884,10075.8915,0.802220661,-0.360170777
7800,-4954,5126,10180,11570,12559,-807,0.44,0.81,5115.10996,0.44210112,10067.86,0.801645035,-0.359543915
7799,-4958,5125,10189,11569,12557,-412,0.44,0.81,5114.10863,0.442052782,10076.797,0.802484431,-0.360431649
7799,-4958,5129,10195,11565,12561,-17,0.44,0.81,5118.10331,0.442551086,10082.923,0.802716583,-0.360165497
7800,-4957,5128,10198,11570,12565,0,0.44,0.81,5117.10996,0.442273981,10086.049,0.802709829,-0.360435848
7800,-4954,5127,10193,11563,12560,0,0.44,0.81,5116.10065,0.442454437,10080.8915,0.80261875,-0.360164313
7800,-4957,5124,10190,11571,12562,0,0.44,0.81,5113.11129,0.441890181,10077.9545,0.802257164,-0.360366983
7800,-4959,5124,10190,11561,12563,0,0.44,0.81,5113.09799,0.442271256,10077.986,0.802195813,-0.359924557
7800,-4958,5122,10189,11565,12559,0,0.44,0.81,5111.10331,0.441945812,10076.86,0.802361653,-0.360415841
7800,-4957,5126,10193,11567,12563,0,0.44,0.81,5115.10597,0.442215438,10080.986,0.80243461,-0.360219172
7800,-4949,5124,10198,11558,12571,-225,0.44,0.81,5113.094,0.442385707,10086.238,0.802341739,-0.359956032
7800,-4957,5119,10190,11559,12560,-452,0.44,0.81,5108.09533,0.441914987,10077.8915,0.802379896,-0.36046491
7800,-4959,5118,10197,11562,12563,-680,0.44,0.81,5107.09932,0.441714177,10084.986,0.802753005,-0.361038827
7800,-4958,5122,10191,11557,12562,-907,0.44,0.81,5111.09267,0.442250815,10078.9545,0.80233677,-0.360085955
7800,-4958,5121,10196,11557,12567,-910,0.44,0.81,5110.09267,0.442164287,10084.112,0.802427946,-0.360263659
7800,-4954,5121,10194,11560,12561,-910,0.44,0.81,5110.09666,0.442049884,10081.923,0.802636972,-0.360587087
7800,-4960,5124,10194,11556,12569,-910,0.44,0.81,5113.09134,0.44246204,10082.175,0.802146153,-0.359684113
7800,-4958,5122,10193,11556,12559,-909,0.44,0.81,5111.09134,0.44228897,10080.86,0.80268015,-0.360391179
7800,-4956,5120,10192,11554,12565,-909,0.44,0.81,5109.08868,0.4421922,10080.049,0.802232312,-0.360040112
7800,-4959,5122,10185,11554,12554,-909,0.44,0.81,5111.08868,0.4423653,10072.7025,0.802350048,-0.359984747
7800,-4958,5118,10196,11553,12566,-826,0.44,0.81,5107.08735,0.442057245,10084.0805,0.802489297,-0.360432052
7800,-4956,5127,10199,11565,12564,-730,0.44,0.81,5116.10331,0.44237815,10087.0175,0.802850804,-0.360472653
7800,-4957,5125,10194,11560,12565,-635,0.44,0.81,5114.09666,0.442395905,10082.049,0.802391484,-0.359995579
7800,-4953,5121,10199,11561,12571,-539,0.44,0.81,5110.09799,0.442011763,10087.238,0.802421287,-0.360409524
7800,-4957,5116,10194,11556,12567,-527,0.44,0.81,5105.09134,0.441769759,10082.112,0.802268799,-0.36049904
7800,-4958,5118,10191,11553,12562,-527,0.44,0.81,5107.08735,0.442057245,10078.9545,0.80233677,-0.360279525
7800,-4961,5119,10200,11560,12568,-527,0.44,0.81,5108.09666,0.441876874,10088.1435,0.802684874,-0.360808001
7800,-4956,5120,10188,11561,12555,-527,0.44,0.81,5109.09799,0.441925265,10075.734,0.802527599,-0.360602333
7800,-4956,5121,10187,11561,12560,-527,0.44,0.81,5110.09799,0.442011763,10074.8915,0.802141043,-0.36012928
7800,-4959,5122,10195,11560,12564,-527,0.44,0.81,5111.09666,0.442136389,10083.0175,0.802532434,-0.360396045
7800,-4956,5116,10195,11558,12561,-748,0.44,0.81,5105.094,0.441693546,10082.923,0.802716583,-0.361023037
7800,-4954,5121,10188,11558,12560,-973,0.44,0.81,5110.094,0.442126146,10075.8915,0.802220661,-0.360094514
7800,-4954,5122,10188,11564,12556,-1199,0.44,0.81,5111.10198,0.441983914,10075.7655,0.802466191,-0.360482278
7800,-4959,5122,10200,11567,12571,-1425,0.44,0.81,5111.10597,0.441869627,10088.238,0.802500835,-0.360631209
7800,-4958,5124,10195,11566,12565,-1429,0.44,0.81,5113.10464,0.442080636,10083.049,0.80247107,-0.360390434
7800,-4957,5118,10193,11555,12559,-1429,0.44,0.81,5107.09001,0.441980961,10080.86,0.80268015,-0.360699188
7800,-4956,5115,10191,11561,12562,-1429,0.44,0.81,5104.09799,0.441492777,10078.9545,0.80233677,-0.360843993
7800,-4956,5124,10185,11562,12559,-1429,0.44,0.81,5113.09932,0.442233119,10072.86,0.802043156,-0.359810037
7800,-4956,5126,10194,11567,12567,-1429,0.44,0.81,5115.10597,0.442215438,10082.112,0.802268799,-0.360053361
7800,-4960,5119,10192,11568,12563,-1429,0.44,0.81,5108.1073,0.441572208,10079.986,0.802355011,-0.360782803
7800,-4961,5120,10194,11558,12566,-1325,0.44,0.81,5109.094,0.442039626,10082.0805,0.802330137,-0.360290511
7800,-4954,5121,10189,11558,12559,-1195,0.44,0.81,5110.094,0.442126146,10076.86,0.802361653,-0.360235507
7800,-4954,5122,10186,11565,12556,-1065,0.44,0.81,5111.10331,0.441945812,10073.7655,0.802306905,-0.360361094
7799,-4954,5118,10189,11561,12558,-936,0.44,0.81,5107.09799,0.44175227,10076.8285,0.802423037,-0.360670767
7799,-4957,5124,10188,11563,12560,-910,0.44,0.81,5113.10065,0.442194988,10075.8915,0.802220661,-0.360025673
7799,-4959,5126,10198,11568,12566,-910,0.44,0.81,5115.1073,0.442177325,10086.0805,0.802648456,-0.360471131
7799,-4954,5121,10192,11552,12563,-910,0.44,0.81,5110.08602,0.442355092,10079.986,0.802355011,-0.359999919
7800,-4958,5123,10191,11561,12556,-910,0.44,0.81,5112.09799,0.442184758,10078.7655,0.802705121,-0.360520363
7800,-4961,5123,10198,11568,12568,-910,0.44,0.81,5112.1073,0.441917989,10086.1435,0.80252574,-0.360607751
7800,-4958,5120,10190,11563,12560,-910,0.44,0.81,5109.10065,0.441849057,10077.8915,0.802379896,-0.360530839
7800,-4955,5125,10194,11569,12564,-882,0.44,0.81,5114.10863,0.442052782,10082.0175,0.802452841,-0.36040006
7800,-4960,5118,10194,11553,12560,-847,0.44,0.81,5107.08735,0.442057245,10081.8915,0.802698368,-0.360641123
7800,-4961,5122,10192,11561,12561,-812,0.44,0.81,5111.09799,0.442098261,10079.923,0.802477749,-0.360379488
7800,-4957,5123,10191,11559,12561,-777,0.44,0.81,5112.09533,0.442261037,10078.923,0.802398137,-0.3601371
7800,-4958,5124,10196,11563,12565,-770,0.44,0.81,5113.10065,0.442194988,10084.049,0.802550657,-0.360355668
7800,-4958,5124,10196,11561,12561,-770,0.44,0.81,5113.09799,0.442271256,10083.923,0.802796195,-0.360524939
7800,-4955,5121,10187,11561,12561,-770,0.44,0.81,5110.09799,0.442011763,10074.923,0.802079691,-0.360067928
7800,-4956,5129,10190,11566,12560,-770,0.44,0.81,5118.10464,0.442512938,10077.8915,0.802379896,-0.359866959
7800,-4956,5122,10186,11561,12558,-770,0.44,0.81,5111.09799,0.442098261,10073.8285,0.802184146,-0.360085885
7800,-4959,5122,10190,11562,12563,-770,0.44,0.81,5111.09932,0.442060138,10077.986,0.802195813,-0.360135675
7799,-4954,5124,10192,11565,12562,-816,0.44,0.81,5113.10331,0.442118747,10079.9545,0.802416375,-0.360297628
7799,-4955,5123,10196,11560,12564,-873,0.44,0.81,5112.09666,0.442222894,10084.0175,0.802612026,-0.360389132
7799,-4954,5127,10191,11562,12561,-931,0.44,0.81,5116.09932,0.44249259,10078.923,0.802398137,-0.359905548
7799,-4957,5124,10189,11563,12562,-989,0.44,0.81,5113.10065,0.442194988,10076.9545,0.802177559,-0.359982571
7799,-4956,5120,10196,11559,12563,-1000,0.44,0.81,5109.09533,0.442001499,10083.986,0.802673406,-0.360671907
7800,-4954,5128,10185,11561,12553,-1000,0.44,0.81,5117.09799,0.442617247,10072.671,0.802411455,-0.359794209
7800,-4959,5124,10194,11563,12560,-1000,0.44,0.81,5113.10065,0.442194988,10081.8915,0.802698368,-0.36050338
7800,-4957,5127,10195,11567,12564,-1000,0.44,0.81,5116.10597,0.442301891,10083.0175,0.802532434,-0.360230543
7800,-4959,5123,10194,11560,12565,-1000,0.44,0.81,5112.09666,0.442222894,10082.049,0.802391484,-0.36016859
7800,-4957,5123,10196,11553,12561,-1000,0.44,0.81,5112.08735,0.442490033,10083.923,0.802796195,-0.360306162
7800,-4950,5123,10192,11560,12564,-967,0.44,0.81,5112.09666,0.442222894,10080.0175,0.802293656,-0.360070762
7800,-4957,5125,10189,11564,12562,-925,0.44,0.81,5114.10198,0.44224334,10076.9545,0.802177559,-0.35993422
7800,-4956,5125,10198,11562,12565,-884,0.44,0.81,5114.09932,0.442319609,10086.049,0.802709829,-0.36039022
7799,-4953,5123,10204,11562,12574,-842,0.44,0.81,5112.09932,0.442146629,10092.3325,0.802635001,-0.360488372
7799,-4953,5126,10189,11566,12562,-834,0.44,0.81,5115.10464,0.442253557,10076.9545,0.802177559,-0.359924002
7799,-4961,5120,10193,11560,12565,-834,0.44,0.81,5109.09666,0.441963379,10081.049,0.802311898,-0.360348519
7800,-4959,5118,10193,11556,12561,-834,0.44,0.81,5107.09134,0.44194283,10080.923,0.80255736,-0.36061453
7800,-4960,5123,10191,11560,12561,-834,0.44,0.81,5112.09666,0.442222894,10078.923,0.802398137,-0.360175243
7800,-4958,5123,10195,11557,12563,-834,0.44,0.81,5112.09267,0.442337343,10082.986,0.802593807,-0.360256464
7800,-4959,5127,10193,11566,12563,-834,0.44,0.81,5116.10464,0.442340017,10080.986,0.80243461,-0.360094592
7800,-4956,5122,10188,11565,12561,-953,0.44,0.81,5111.10331,0.441945812,10075.923,0.802159303,-0.360213491
7800,-4959,5120,10195,11557,12564,-1102,0.44,0.81,5109.09267,0.44207776,10083.0175,0.802532434,-0.360454674
7800,-4954,5127,10191,11564,12567,-1251,0.44,0.81,5116.10198,0.44241629,10079.112,0.802030079,-0.359613789
7800,-4955,5125,10195,11561,12565,-1400,0.44,0.81,5114.09799,0.442357754,10083.049,0.80247107,-0.360113317
7800,-4956,5122,10195,11561,12570,-1429,0.44,0.81,5111.09799,0.442098261,10083.2065,0.802164399,-0.360066139
7799,-4958,5123,10197,11562,12569,-1429,0.44,0.81,5112.09932,0.442146629,10085.175,0.802384836,-0.360238207
7799,-4958,5125,10192,11563,12558,-1429,0.44,0.81,5114.10065,0.442281471,10079.8285,0.802661929,-0.360380458
7799,-4958,5127,10192,11568,12562,-1429,0.44,0.81,5116.1073,0.442263771,10079.9545,0.802416375,-0.360152604
7800,-4959,5118,10192,11558,12562,-1430,0.44,0.81,5107.094,0.441866586,10079.9545,0.802416375,-0.360549789
7800,-4962,5125,10192,11564,12557,-1430,0.44,0.81,5114.10198,0.44224334,10079.797,0.802723342,-0.360480002
7800,-4957,5117,10191,11557,12558,-791,0.44,0.81,5106.09267,0.441818177,10078.8285,0.802582298,-0.360764121
7800,-4959,5120,10189,11556,12560,7,0.44,0.81,5109.09134,0.4421159,10076.8915,0.802300279,-0.360184379
7800,-4959,5117,10195,11557,12565,805,0.44,0.81,5106.09267,0.441818177,10083.049,0.80247107,-0.360652894
7800,-4960,5121,10192,11562,12562,1604,0.44,0.81,5110.09932,0.441973648,10079.9545,0.802416375,-0.360442727
7800,-4957,5119,10194,11563,12567,1764,0.44,0.81,5108.10065,0.441762575,10082.112,0.802268799,-0.360506225
7800,-4959,5120,10188,11566,12556,1763,0.44,0.81,5109.10464,0.441734795,10075.7655,0.802466191,-0.360731396
7800,-4957,5122,10194,11559,12561,1763,0.44,0.81,5111.09533,0.442174525,10081.923,0.802636972,-0.360462447
7800,-4956,5122,10193,11560,12565,1764,0.44,0.81,5111.09666,0.442136389,10081.049,0.802311898,-0.360175509
7799,-4961,5117,10198,11558,12566,1764,0.44,0.81,5106.094,0.441780066,10086.0805,0.802648456,-0.36086839
7799,-4958,5120,10196,11556,12564,1764,0.44,0.81,5109.09134,0.4421159,10084.0175,0.802612026,-0.360496126
7799,-4957,5120,10187,11563,12560,1211,0.44,0.81,5109.10065,0.441849057,10074.8915,0.802141043,-0.360291986
7800,-4961,5116,10198,11558,12564,519,0.44,0.81,5105.094,0.441693546,10086.0175,0.802771211,-0.361077666
7800,-4956,5122,10192,11561,12562,-171,0.44,0.81,5111.09799,0.442098261,10079.9545,0.802416375,-0.360318114
7800,-4955,5128,10191,11561,12561,-862,0.44,0.81,5117.09799,0.442617247,10078.923,0.802398137,-0.35978089
7800,-4960,5116,10194,11557,12567,-1000,0.44,0.81,5105.09267,0.441731649,10082.112,0.802268799,-0.36053715
7800,-4956,5124,10196,11562,12564,-1000,0.44,0.81,5113.09932,0.442233119,10084.0175,0.802612026,-0.360378908
7800,-4956,5124,10190,11562,12563,-1000,0.44,0.81,5113.09932,0.442233119,10077.986,0.802195813,-0.359962694
7800,-4962,5122,10193,11572,12564,-1000,0.44,0.81,5111.11262,0.441679279,10081.0175,0.802373249,-0.36069397
7800,-4954,5120,10193,11564,12567,-1000,0.44,0.81,5109.10198,0.441810963,10081.112,0.802189226,-0.360378262
7799,-4957,5123,10197,11566,12570,-1001,0.44,0.81,5112.10464,0.441994176,10085.2065,0.802323508,-0.360329332
7799,-4954,5116,10185,11559,12560,-800,0.44,0.81,5105.09533,0.441655449,10072.8915,0.801981807,-0.360326359
7799,-4957,5125,10192,11560,12561,-550,0.44,0.81,5114.09666,0.442395905,10079.923,0.802477749,-0.360081844
7799,-4959,5119,10188,11565,12559,-300,0.44,0.81,5108.10331,0.441686408,10075.86,0.802282029,-0.360595621
7799,-4955,5121,10190,11562,12561,-50,0.44,0.81,5110.09932,0.441973648,10077.923,0.802318526,-0.360344877
7800,-4952,5124,10188,11562,12563,0,0.44,0.81,5113.09932,0.442233119,10075.986,0.802036615,-0.359803497
7800,-4957,5120,10198,11564,12567,0,0.44,0.81,5109.10198,0.441810963,10086.112,0.802587093,-0.36077613
7799,-4960,5127,10190,11570,12555,0,0.44,0.81,5116.10996,0.442187551,10077.734,0.802686898,-0.360499347
7799,-4956,5122,10195,11562,12567,0,0.44,0.81,5111.09932,0.442060138,10083.112,0.802348373,-0.360288234
7799,-4957,5119,10183,11559,12560,0,0.44,0.81,5108.09533,0.441914987,10070.8915,0.801822572,-0.359907585
7800,-4958,5122,10193,11560,12559,0,0.44,0.81,5111.09666,0.442136389,10080.86,0.80268015,-0.36054376
7800,-4957,5126,10190,11563,12557,-261,0.44,0.81,5115.10065,0.442367954,10077.797,0.802564068,-0.360196114
7800,-4956,5119,10190,11560,12562,-588,0.44,0.81,5108.09666,0.441876874,10077.9545,0.802257164,-0.360380291
7800,-4959,5125,10194,11561,12562,-914,0.44,0.81,5114.09799,0.442357754,10081.9545,0.802575585,-0.360217831
7800,-4956,5127,10191,11561,12565,-1240,0.44,0.81,5116.09799,0.442530749,10079.049,0.802152726,-0.359621977
7800,-4955,5121,10193,11561,12563,-1305,0.44,0.81,5110.09799,0.442011763,10080.986,0.80243461,-0.360422847
7799,-4956,5128,10188,11564,12559,-1305,0.44,0.81,5117.10198,0.442502765,10075.86,0.802282029,-0.359779263
7799,-4958,5125,10188,11569,12559,-1305,0.44,0.81,5114.10863,0.442052782,10075.86,0.802282029,-0.360229247
7799,-4960,5123,10191,11562,12564,-1305,0.44,0.81,5112.09932,0.442146629,10079.0175,0.802214064,-0.360067435
7799,-4958,5122,10189,11569,12562,-1305,0.44,0.81,5111.10863,0.441793468,10076.9545,0.802177559,-0.360384091
7799,-4953,5123,10193,11565,12562,-1305,0.44,0.81,5112.10331,0.442032279,10080.9545,0.80249598,-0.360463701
7799,-4950,5124,10191,11567,12562,-1360,0.44,0.81,5113.10597,0.442042532,10078.9545,0.80233677,-0.360294237
7800,-4956,5123,10192,11558,12562,-1429,0.44,0.81,5112.094,0.442299187,10079.9545,0.802416375,-0.360117188
7800,-4957,5121,10190,11570,12557,-1497,0.44,0.81,5110.10996,0.441668968,10077.797,0.802564068,-0.3608951
7800,-4958,5125,10189,11570,12557,-1566,0.44,0.81,5114.10996,0.44201469,10076.797,0.802484431,-0.360469741
7800,-4955,5123,10194,11568,12567,-1580,0.44,0.81,5112.1073,0.441917989,10082.112,0.802268799,-0.36035081
7800,-4957,5123,10187,11563,12556,-1580,0.44,0.81,5112.10065,0.442108506,10074.7655,0.802386548,-0.360278043
7800,-4956,5117,10189,11560,12561,-1580,0.44,0.81,5106.09666,0.441703863,10076.923,0.802238914,-0.360535051
7800,-4960,5118,10203,11548,12569,-1580,0.44,0.81,5107.0807,0.442248069,10091.175,0.802862201,-0.360614132
7799,-4955,5118,10191,11554,12557,-1580,0.44,0.81,5107.08868,0.4420191,10078.797,0.802643705,-0.360624605
7799,-4958,5121,10191,11561,12560,-1580,0.44,0.81,5110.09799,0.442011763,10078.8915,0.802459514,-0.360447752
7799,-4956,5122,10188,11558,12561,-1359,0.44,0.81,5111.094,0.442212667,10075.923,0.802159303,-0.359946636
7799,-4960,5118,10189,11557,12557,-1083,0.44,0.81,5107.09267,0.441904705,10076.797,0.802484431,-0.360579726
7800,-4957,5120,10192,11559,12561,-807,0.44,0.81,5109.09533,0.442001499,10079.923,0.802477749,-0.360476249
7800,-4959,5121,10192,11557,12560,-532,0.44,0.81,5110.09267,0.442164287,10079.8915,0.802539132,-0.360374845
7800,-4960,5123,10189,11566,12559,-477,0.44,0.81,5112.10464,0.441994176,10076.86,0.802361653,-0.360367477
7800,-4959,5117,10190,11557,12563,-477,0.44,0.81,5106.09267,0.441818177,10077.986,0.802195813,-0.360377636
7799,-4955,5124,10193,11555,12560,-477,0.44,0.81,5113.09001,0.442500217,10080.8915,0.80261875,-0.360118533
7799,-4957,5129,10186,11561,12559,-477,0.44,0.81,5118.09799,0.442703744,10073.86,0.80212278,-0.359419036
7799,-4955,5120,10192,11556,12569,-477,0.44,0.81,5109.09134,0.4421159,10080.175,0.801987032,-0.359871132
7799,-4957,5117,10192,11558,12564,-477,0.44,0.81,5106.094,0.441780066,10080.0175,0.802293656,-0.360513591
7799,-4953,5124,10189,11554,12556,-642,0.44,0.81,5113.08868,0.442538401,10076.7655,0.802545835,-0.360007434
7799,-4958,5120,10198,11557,12566,-849,0.44,0.81,5109.09267,0.44207776,10086.0805,0.802648456,-0.360570696
7799,-4962,5119,10193,11561,12561,-1056,0.44,0.81,5108.09799,0.441838767,10080.923,0.80255736,-0.360718593
7800,-4955,5122,10187,11560,12559,-1263,0.44,0.81,5111.09666,0.442136389,10074.86,0.802202405,-0.360066015
7800,-4958,5118,10193,11561,12562,-1305,0.44,0.81,5107.09799,0.44175227,10080.9545,0.80249598,-0.36074371
7800,-4962,5122,10189,11564,12556,-1305,0.44,0.81,5111.10198,0.441983914,10076.7655,0.802545835,-0.360561921
7800,-4957,5116,10187,11555,12556,-1305,0.44,0.81,5105.09001,0.441807876,10074.7655,0.802386548,-0.360578672
7800,-4956,5123,10185,11560,12558,-1305,0.44,0.81,5112.09666,0.442222894,10072.8285,0.802104515,-0.359881621
7800,-4958,5123,10190,11555,12559,-1305,0.44,0.81,5112.09001,0.442413675,10077.86,0.802441277,-0.360027603
7800,-4959,5125,10190,11570,12549,-1305,0.44,0.81,5114.10996,0.44201469,10077.545,0.803055622,-0.361040932
7799,-4955,5125,10186,11562,12560,-1294,0.44,0.81,5114.09932,0.442319609,10073.8915,0.802061425,-0.359741816
7799,-4957,5126,10185,11565,12553,-1281,0.44,0.81,5115.10331,0.442291683,10072.671,0.802411455,-0.360119773
7799,-4958,5117,10196,11558,12567,-1267,0.44,0.81,5106.094,0.441780066,10084.112,0.802427946,-0.36064788
7799,-4961,5121,10189,11561,12560,-1254,0.44,0.81,5110.09799,0.442011763,10076.8915,0.802300279,-0.360288516
7800,-4963,5119,10197,11557,12559,-1251,0.44,0.81,5108.09267,0.441991232,10084.86,0.802998646,-0.361007414
7800,-4957,5123,10193,11561,12567,-1251,0.44,0.81,5112.09799,0.442184758,10081.112,0.802189226,-0.360004468
7800,-4963,5120,10189,11561,12560,-1251,0.44,0.81,5109.09799,0.441925265,10076.8915,0.802300279,-0.360375014
7800,-4959,5124,10188,11560,12558,-1251,0.44,0.81,5113.09666,0.4423094,10075.8285,0.802343407,-0.360034007
7800,-4964,5127,10196,11565,12560,-1251,0.44,0.81,5116.10331,0.44237815,10083.8915,0.802857604,-0.360479453
7800,-4960,5116,10197,11558,12564,-1251,0.44,0.81,5105.094,0.441693546,10085.0175,0.802691619,-0.360998073
7800,-4957,5122,10193,11563,12565,-1251,0.44,0.81,5111.10065,0.442022023,10081.049,0.802311898,-0.360289875
7800,-4957,5123,10185,11556,12560,-1200,0.44,0.81,5112.09134,0.442375505,10072.8915,0.801981807,-0.359606302
7800,-4956,5118,10192,11561,12565,-1114,0.44,0.81,5107.09799,0.44175227,10080.049,0.802232312,-0.360480042
7800,-4956,5118,10189,11571,12563,-1029,0.44,0.81,5107.11129,0.441371644,10076.986,0.802116214,-0.360744571
7800,-4952,5126,10187,11561,12565,-944,0.44,0.81,5115.09799,0.442444251,10075.049,0.801834381,-0.35939013
7800,-4956,5125,10191,11561,12562,-910,0.44,0.81,5114.09799,0.442357754,10078.9545,0.80233677,-0.359979016
7800,-4960,5122,10201,11563,12569,-910,0.44,0.81,5111.10065,0.442022023,10089.175,0.802703079,-0.360681056
7799,-4957,5122,10196,11560,12570,-910,0.44,0.81,5111.09666,0.442136389,10084.2065,0.802243954,-0.360107565
7799,-4957,5124,10190,11566,12563,-910,0.44,0.81,5113.10464,0.442080636,10077.986,0.802195813,-0.360115177
7799,-4957,5123,10192,11563,12565,-910,0.44,0.81,5112.10065,0.442108506,10080.049,0.802232312,-0.360123806
7799,-4956,5124,10192,11560,12562,-688,0.44,0.81,5113.09666,0.4423094,10079.9545,0.802416375,-0.360106975
7799,-4957,5125,10195,11564,12565,-352,0.44,0.81,5114.10198,0.44224334,10083.049,0.80247107,-0.360227731
7800,-4959,5121,10186,11561,12558,-16,0.44,0.81,5110.09799,0.442011763,10073.8285,0.802184146,-0.360172383
7800,-4958,5117,10195,11558,12567,319,0.44,0.81,5106.094,0.441780066,10083.112,0.802348373,-0.360568307
7800,-4956,5126,10210,11572,12586,433,0.44,0.81,5115.11262,0.442024941,10098.7105,0.80237649,-0.360351549
7800,-4948,5121,10191,11557,12560,433,0.44,0.81,5110.09267,0.442164287,10078.8915,0.802459514,-0.360295227
7800,-4956,5126,10189,11562,12560,433,0.44,0.81,5115.09932,0.442406099,10076.8915,0.802300279,-0.359894179
7800,-4960,5123,10188,11563,12558,433,0.44,0.81,5112.10065,0.442108506,10075.8285,0.802343407,-0.360234901
7800,-4956,5125,10185,11568,12562,433,0.44,0.81,5114.1073,0.44209088,10072.9545,0.801859139,-0.359768259
7800,-4962,5125,10189,11565,12559,433,0.44,0.81,5114.10331,0.442205215,10076.86,0.802361653,-0.360156438
7800,-4955,5125,10194,11567,12562,449,0.44,0.81,5114.10597,0.442128985,10081.9545,0.802575585,-0.3604466
7800,-4956,5121,10194,11558,12562,487,0.44,0.81,5110.094,0.442126146,10081.9545,0.802575585,-0.360449439
7799,-4957,5118,10196,11565,12563,525,0.44,0.81,5107.10331,0.44159994,10083.986,0.802673406,-0.361073466
7800,-4954,5129,10193,11567,12560,564,0.44,0.81,5118.10597,0.442474796,10080.8915,0.80261875,-0.360143954
7799,-4959,5127,10191,11566,12561,587,0.44,0.81,5116.10464,0.442340017,10078.923,0.802398137,-0.36005812
7799,-4956,5122,10195,11563,12566,587,0.44,0.81,5111.10065,0.442022023,10083.0805,0.802409717,-0.360387694
7800,-4958,5127,10199,11563,12567,587,0.44,0.81,5116.10065,0.442454437,10087.112,0.802666667,-0.36021223
7800,-4955,5119,10183,11562,12560,587,0.44,0.81,5108.09932,0.441800668,10070.8915,0.801822572,-0.360021904
7800,-4957,5125,10184,11571,12562,587,0.44,0.81,5114.11129,0.441976604,10071.9545,0.801779534,-0.359802929
7800,-4957,5123,10197,11561,12567,587,0.44,0.81,5112.09799,0.442184758,10085.112,0.80250752,-0.360322761
7800,-4956,5125,10189,11566,12560,247,0.44,0.81,5114.10464,0.442167097,10076.8915,0.802300279,-0.360133182
7800,-4960,5120,10194,11560,12561,-177,0.44,0.81,5109.09666,0.441963379,10081.923,0.802636972,-0.360673593
7800,-4957,5120,10193,11552,12563,-602,0.44,0.81,5109.08602,0.442268527,10080.986,0.80243461,-0.360166083
7800,-4958,5119,10194,11555,12564,-1027,0.44,0.81,5108.09001,0.442067504,10082.0175,0.802452841,-0.360385337
7800,-4955,5124,10190,11564,12557,-1112,0.44,0.81,5113.10198,0.442156864,10077.797,0.802564068,-0.360407203
7800,-4956,5124,10192,11565,12560,-1112,0.44,0.81,5113.10331,0.442118747,10079.8915,0.802539132,-0.360420385
7800,-4961,5122,10189,11562,12557,-1112,0.44,0.81,5111.09932,0.442060138,10076.797,0.802484431,-0.360424293
7800,-4953,5118,10191,11556,12560,-1112,0.44,0.81,5107.09134,0.44194283,10078.8915,0.802459514,-0.360516685
7800,-4950,5127,10188,11559,12562,-1112,0.44,0.81,5116.09533,0.442607088,10075.9545,0.802097954,-0.359490866
7800,-4957,5120,10194,11559,12567,-1112,0.44,0.81,5109.09533,0.442001499,10082.112,0.802268799,-0.3602673
7800,-4952,5118,10190,11561,12558,-1056,0.44,0.81,5107.09799,0.44175227,10077.8285,0.802502668,-0.360750398
7800,-4957,5121,10193,11562,12560,-987,0.44,0.81,5110.09932,0.441973648,10080.8915,0.80261875,-0.360645102
7799,-4956,5127,10172,11577,12538,-917,0.44,0.81,5116.11927,0.441920987,10059.1985,0.802296897,-0.36037591
7799,-4953,5120,10184,11560,12552,-848,0.44,0.81,5109.09666,0.441963379,10071.6395,0.802393204,-0.360429825
7800,-4958,5121,10197,11560,12568,-834,0.44,0.81,5110.09666,0.442049884,10085.1435,0.802446173,-0.360396289
7800,-4959,5119,10184,11552,12551,-834,0.44,0.81,5108.08602,0.442181962,10071.608,0.802454625,-0.360272664
7800,-4962,5121,10186,11560,12563,-834,0.44,0.81,5110.09666,0.442049884,10073.986,0.801877418,-0.359827534
7800,-4956,5124,10192,11551,12559,-834,0.44,0.81,5113.08469,0.44265299,10079.86,0.802600526,-0.359947535
7800,-4960,5116,10183,11553,12551,-834,0.44,0.81,5105.08735,0.44188413,10070.608,0.80237495,-0.360490821
7801,-4957,5120,10191,11556,12559,-834,0.44,0.81,5109.09134,0.4421159,10078.86,0.802520901,-0.360405001
7801,-4959,5120,10188,11559,12557,-577,0.44,0.81,5109.09533,0.442001499,10075.797,0.802404794,-0.360403295
7801,-4957,5125,10192,11571,12558,-260,0.44,0.81,5114.11129,0.441976604,10079.8285,0.802661929,-0.360685324
7801,-4959,5117,10189,11553,12561,56,0.44,0.81,5106.08735,0.441970687,10076.923,0.802238914,-0.360268227
7800,-4957,5119,10186,11558,12554,373,0.44,0.81,5108.094,0.441953106,10073.7025,0.802429704,-0.360476598
7800,-4958,5130,10188,11561,12557,433,0.44,0.81,5119.09799,0.442790242,10075.797,0.802404794,-0.359614552
7800,-4956,5122,10188,11563,12559,433,0.44,0.81,5111.10065,0.442022023,10075.86,0.802282029,-0.360260006
7800,-4957,5122,10184,11556,12561,433,0.44,0.81,5111.09134,0.44228897,10071.923,0.801840857,-0.359551886
7800,-4963,5122,10191,11563,12553,433,0.44,0.81,5111.10065,0.442022023,10078.671,0.802889429,-0.360867406
7800,-4960,5127,10190,11569,12556,433,0.44,0.81,5116.10863,0.442225657,10077.7655,0.802625478,-0.36039982
7800,-4958,5124,10194,11568,12565,433,0.44,0.81,5113.1073,0.442004435,10082.049,0.802391484,-0.36038705
7800,-4958,5123,10194,11563,12566,442,0.44,0.81,5112.10065,0.442108506,10082.0805,0.802330137,-0.360221631
7800,-4956,5121,10186,11562,12560,452,0.44,0.81,5110.09932,0.441973648,10073.8915,0.802061425,-0.360087777
7800,-4956,5127,10190,11567,12560,462,0.44,0.81,5116.10597,0.442301891,10077.8915,0.802379896,-0.360078006
7800,-4955,5120,10193,11560,12563,473,0.44,0.81,5109.09666,0.441963379,10080.986,0.80243461,-0.360471231
7800,-4954,5123,10187,11558,12557,475,0.44,0.81,5112.094,0.442299187,10074.797,0.802325157,-0.360025971
7800,-4955,5120,10185,11567,12562,475,0.44,0.81,5109.10597,0.441696721,10072.9545,0.801859139,-0.360162418
7800,-4956,5120,10192,11558,12563,475,0.44,0.81,5109.094,0.442039626,10079.986,0.802355011,-0.360315385
7800,-4957,5127,10193,11572,12563,475,0.44,0.81,5116.11262,0.442111357,10080.986,0.80243461,-0.360323253
7800,-4954,5119,10186,11556,12557,475,0.44,0.81,5108.09134,0.442029365,10073.797,0.80224552,-0.360216156
7800,-4959,5120,10191,11558,12565,475,0.44,0.81,5109.094,0.442039626,10079.049,0.802152726,-0.3601131
7800,-4960,5123,10190,11566,12562,380,0.44,0.81,5112.10464,0.441994176,10077.9545,0.802257164,-0.360262988
7800,-4957,5123,10188,11565,12561,261,0.44,0.81,5112.10331,0.442032279,10075.923,0.802159303,-0.360127023
7800,-4958,5123,10196,11565,12570,141,0.44,0.81,5112.10331,0.442032279,10084.2065,0.802243954,-0.360211675
7800,-4961,5124,10188,11563,12559,22,0.44,0.81,5113.10065,0.442194988,10075.86,0.802282029,-0.36008704
7800,-4954,5123,10195,11559,12563,-1,0.44,0.81,5112.09533,0.442261037,10082.986,0.802593807,-0.36033277
7800,-4958,5122,10192,11563,12559,0,0.44,0.81,5111.10065,0.442022023,10079.86,0.802600526,-0.360578503
7800,-4958,5122,10191,11561,12559,0,0.44,0.81,5111.09799,0.442098261,10078.86,0.802520901,-0.360422641
7800,-4956,5125,10184,11558,12555,0,0.44,0.81,5114.094,0.442472227,10071.734,0.802209,-0.359736773
7800,-4958,5124,10185,11567,12555,0,0.44,0.81,5113.10597,0.442042532,10072.734,0.80228865,-0.360246118
7800,-4960,5121,10194,11563,12560,0,0.44,0.81,5110.10065,0.44193554,10081.8915,0.802698368,-0.360762828
7800,-4955,5122,10194,11555,12562,-182,0.44,0.81,5111.09001,0.442327132,10081.9545,0.802575585,-0.360248453
7800,-4959,5119,10186,11557,12555,-410,0.44,0.81,5108.09267,0.441991232,10073.734,0.802368299,-0.360377067
7800,-4959,5122,10187,11556,12552,-637,0.44,0.81,5111.09134,0.44228897,10074.6395,0.80263221,-0.36034324
7800,-4956,5125,10189,11564,12558,-864,0.44,0.81,5114.10198,0.44224334,10076.8285,0.802423037,-0.360179697
7800,-4955,5123,10189,11562,12562,-910,0.44,0.81,5112.09932,0.442146629,10076.9545,0.802177559,-0.360030931
7800,-4956,5118,10193,11554,12561,-910,0.44,0.81,5107.08868,0.4420191,10080.923,0.80255736,-0.36053826
7800,-4957,5116,10192,11552,12560,-910,0.44,0.81,5105.08602,0.441922266,10079.8915,0.802539132,-0.360616866
7800,-4955,5114,10190,11543,12560,-910,0.44,0.81,5103.07405,0.442092528,10077.8915,0.802379896,-0.360287369
7800,-4958,5117,10195,11555,12559,-910,0.44,0.81,5106.09001,0.441894419,10082.86,0.802839398,-0.360944979
7800,-4961,5119,10192,11561,12560,-910,0.44,0.81,5108.09799,0.441838767,10079.8915,0.802539132,-0.360700365
7801,-4959,5118,10190,11549,12562,-950,0.44,0.81,5107.08203,0.442209891,10077.9545,0.802257164,-0.360047274
7801,-4961,5117,10192,11557,12558,-1001,0.44,0.81,5106.09267,0.441818177,10079.8285,0.802661929,-0.360843752
7801,-4962,5119,10191,11555,12560,-1051,0.44,0.81,5108.09001,0.442067504,10078.8915,0.802459514,-0.36039201
7801,-4961,5122,10191,11554,12558,-1102,0.44,0.81,5111.08868,0.4423653,10078.8285,0.802582298,-0.360216998
7801,-4959,5118,10196,11553,12564,-1112,0.44,0.81,5107.08735,0.442057245,10084.0175,0.802612026,-0.360554782
7800,-4956,5121,10188,11561,12562,-1112,0.44,0.81,5110.09799,0.442011763,10075.9545,0.802097954,-0.360086191
7800,-4959,5122,10186,11564,12557,-1112,0.44,0.81,5111.10198,0.441983914,10073.797,0.80224552,-0.360261607
7800,-4959,5122,10194,11560,12563,-1112,0.44,0.81,5111.09666,0.442136389,10081.986,0.802514208,-0.360377819
7800,-4959,5119,10196,11560,12563,-1112,0.44,0.81,5108.09666,0.441876874,10083.986,0.802673406,-0.360796532
7800,-4957,5119,10192,11560,12560,-1112,0.44,0.81,5108.09666,0.441876874,10079.8915,0.802539132,-0.360662258
7800,-4955,5120,10190,11561,12561,-1435,0.44,0.81,5109.09799,0.441925265,10077.923,0.802318526,-0.36039326
7800,-4961,5121,10186,11561,12550,-1840,0.44,0.81,5110.09799,0.442011763,10073.5765,0.802675418,-0.360663656
7800,-4960,5114,10188,11558,12558,-2244,0.44,0.81,5103.094,0.441520505,10075.8285,0.802343407,-0.360822901
7800,-4959,5121,10186,11558,12555,-2648,0.44,0.81,5110.094,0.442126146,10073.734,0.802368299,-0.360242153
7800,-4958,5116,10186,11562,12556,-2728,0.44,0.81,5105.09932,0.441541197,10073.7655,0.802306905,-0.360765708
7800,-4961,5117,10193,11557,12559,-2728,0.44,0.81,5106.09267,0.441818177,10080.86,0.80268015,-0.360861973
7800,-4958,5120,10190,11558,12553,-2728,0.44,0.81,5109.094,0.442039626,10077.671,0.802809767,-0.36077014
7800,-4959,5123,10190,11561,12555,-2729,0.44,0.81,5112.09799,0.442184758,10077.734,0.802686898,-0.360502139
7800,-4958,5114,10186,11554,12553,-2729,0.44,0.81,5103.08868,0.441672899,10073.671,0.802491118,-0.360818218
7801,-4960,5118,10194,11560,12561,-2729,0.44,0.81,5107.09666,0.441790369,10081.923,0.802636972,-0.360846603
7801,-4965,5118,10187,11557,12552,-2346,0.44,0.81,5107.09267,0.441904705,10074.6395,0.80263221,-0.360727505
7801,-4961,5116,10193,11558,12564,-1872,0.44,0.81,5105.094,0.441693546,10081.0175,0.802373249,-0.360679703
7800,-4960,5121,10192,11562,12556,-1398,0.44,0.81,5110.09932,0.441973648,10079.7655,0.802784764,-0.360811116
7800,-4954,5118,10192,11557,12565,-925,0.44,0.81,5107.09267,0.441904705,10080.049,0.802232312,-0.360327607
7800,-4959,5121,10185,11556,12554,-834,0.44,0.81,5110.09134,0.442202435,10072.7025,0.802350048,-0.360147613
7800,-4963,5118,10188,11565,12556,-834,0.44,0.81,5107.10331,0.44159994,10075.7655,0.802466191,-0.360866251
7800,-4961,5120,10189,11557,12554,-834,0.44,0.81,5109.09267,0.44207776,10076.7025,0.802668671,-0.360590912
7800,-4958,5121,10186,11564,12551,-834,0.44,0.81,5110.10198,0.441897439,10073.608,0.802613975,-0.360716536
7800,-4961,5115,10183,11549,12554,-834,0.44,0.81,5104.08203,0.441950128,10070.7025,0.802190736,-0.360240608
7800,-4960,5113,10187,11556,12555,-834,0.44,0.81,5102.09134,0.441510154,10074.734,0.802447949,-0.360937795
7800,-4958,5124,10190,11562,12556,-908,0.44,0.81,5113.09932,0.442233119,10077.7655,0.802625478,-0.360392359
7800,-4956,5125,10191,11564,12559,-1000,0.44,0.81,5114.10198,0.44224334,10078.86,0.802520901,-0.360277562
7800,-4961,5121,10190,11559,12555,-1092,0.44,0.81,5110.09533,0.442088012,10077.734,0.802686898,-0.360598886
7800,-4959,5121,10187,11561,12555,-1183,0.44,0.81,5110.09799,0.442011763,10074.734,0.802447949,-0.360436186
7800,-4962,5123,10188,11562,12553,-1201,0.44,0.81,5112.09932,0.442146629,10075.671,0.802650442,-0.360503814
7800,-4960,5122,10189,11560,12560,-1201,0.44,0.81,5111.09666,0.442136389,10076.8915,0.802300279,-0.360163889
7801,-4964,5117,10191,11553,12557,-1201,0.44,0.81,5106.08735,0.441970687,10078.797,0.802643705,-0.360673017
7801,-4964,5123,10195,11562,12564,-1201,0.44,0.81,5112.09932,0.442146629,10083.0175,0.802532434,-0.360385805
7801,-4959,5117,10192,11553,12559,-1201,0.44,0.81,5106.08735,0.441970687,10079.86,0.802600526,-0.360629838
7801,-4962,5123,10191,11554,12556,-1201,0.44,0.81,5112.08868,0.44245185,10078.7655,0.802705121,-0.360253271
7801,-4961,5119,10198,11562,12564,-949,0.44,0.81,5108.09932,0.441800668,10086.0175,0.802771211,-0.360970544
7800,-4955,5124,10193,11564,12564,-530,0.44,0.81,5113.10198,0.442156864,10081.0175,0.802373249,-0.360216385
7800,-4960,5129,10192,11567,12558,-111,0.44,0.81,5118.10597,0.442474796,10079.8285,0.802661929,-0.360187132
7800,-4958,5122,10196,11565,12566,307,0.44,0.81,5111.10331,0.441945812,10084.0805,0.802489297,-0.360543485
7800,-4957,5119,10195,11555,12567,475,0.44,0.81,5108.09001,0.442067504,10083.112,0.802348373,-0.360280869
7800,-4959,5119,10190,11556,12563,475,0.44,0.81,5108.09134,0.442029365,10077.986,0.802195813,-0.360166448
7800,-4958,5121,10193,11562,12560,475,0.44,0.81,5110.09932,0.441973648,10080.8915,0.80261875,-0.360645102
7800,-4961,5122,10191,11556,12563,475,0.44,0.81,5111.09134,0.44228897,10078.986,0.802275412,-0.359986442
7800,-4960,5124,10194,11559,12563,475,0.44,0.81,5113.09533,0.44234755,10081.986,0.802514208,-0.360166658
7800,-4958,5127,10189,11571,12558,475,0.44,0.81,5116.11129,0.44214945,10076.8285,0.802423037,-0.360273587
7800,-4957,5118,10191,11557,12559,475,0.44,0.81,5107.09267,0.441904705,10078.86,0.802520901,-0.360616197
7800,-4960,5117,10189,11551,12556,475,0.44,0.81,5106.08469,0.442046982,10076.7655,0.802545835,-0.360498853
7800,-4959,5123,10189,11569,12554,475,0.44,0.81,5112.10863,0.441879906,10076.7025,0.802668671,-0.360788766
7801,-4957,5114,10191,11557,12562,475,0.44,0.81,5103.09267,0.441558594,10078.9545,0.80233677,-0.360778176
7801,-4957,5116,10192,11549,12562,475,0.44,0.81,5105.08203,0.442036716,10079.9545,0.802416375,-0.360379659
7801,-4960,5118,10191,11560,12561,475,0.44,0.81,5107.09666,0.441790369,10078.923,0.802398137,-0.360607769
7801,-4958,5119,10189,11555,12557,475,0.44,0.81,5108.09001,0.442067504,10076.797,0.802484431,-0.360416927
7800,-4958,5122,10190,11561,12560,475,0.44,0.81,5111.09799,0.442098261,10077.8915,0.802379896,-0.360281636
7800,-4957,5120,10190,11558,12557,475,0.44,0.81,5109.094,0.442039626,10077.797,0.802564068,-0.360524442
7800,-4957,5117,10195,11559,12564,475,0.44,0.81,5106.09533,0.441741961,10083.0175,0.802532434,-0.360790473
7800,-4956,5121,10187,11561,12557,267,0.44,0.81,5110.09799,0.442011763,10074.797,0.802325157,-0.360313394
7800,-4957,5120,10192,11565,12562,-78,0.44,0.81,5109.10331,0.441772876,10079.9545,0.802416375,-0.360643499
7800,-4957,5123,10188,11562,12556,-425,0.44,0.81,5112.09932,0.442146629,10075.7655,0.802466191,-0.360319563
7800,-4956,5124,10185,11564,12559,-771,0.44,0.81,5113.10198,0.442156864,10072.86,0.802043156,-0.359886292
7800,-4959,5119,10188,11558,12560,-910,0.44,0.81,5108.094,0.441953106,10075.8915,0.802220661,-0.360267555
7800,-4953,5120,10190,11563,12558,-910,0.44,0.81,5109.10065,0.441849057,10077.8285,0.802502668,-0.36065361
7800,-4957,5119,10196,11556,12562,-910,0.44,0.81,5108.09134,0.442029365,10083.9545,0.802734795,-0.360705431
7800,-4959,5121,10184,11561,12556,-910,0.44,0.81,5110.09799,0.442011763,10071.7655,0.802147619,-0.360135856
7800,-4960,5120,10186,11558,12552,-910,0.44,0.81,5109.094,0.442039626,10073.6395,0.802552541,-0.360512915
7800,-4960,5122,10190,11554,12561,-910,0.44,0.81,5111.08868,0.4423653,10077.923,0.802318526,-0.359953225
7801,-4956,5120,10185,11557,12557,-773,0.44,0.81,5109.09267,0.44207776,10072.797,0.802165884,-0.360088124
7801,-4961,5123,10193,11558,12563,-546,0.44,0.81,5112.094,0.442299187,10080.986,0.80243461,-0.360135423
7801,-4957,5126,10188,11567,12555,-319,0.44,0.81,5115.10597,0.442215438,10075.734,0.802527599,-0.360312161
7800,-4957,5126,10193,11563,12559,-91,0.44,0.81,5115.10065,0.442367954,10080.86,0.80268015,-0.360312196
7800,-4960,5118,10188,11558,12561,0,0.44,0.81,5107.094,0.441866586,10075.923,0.802159303,-0.360292717
7800,-4958,5123,10196,11559,12567,0,0.44,0.81,5112.09533,0.442261037,10084.112,0.802427946,-0.360166909
7800,-4962,5122,10192,11560,12558,0,0.44,0.81,5111.09666,0.442136389,10079.8285,0.802661929,-0.360525539
7800,-4957,5128,10187,11567,12556,0,0.44,0.81,5117.10597,0.442388344,10074.7655,0.802386548,-0.359998205
7800,-4960,5124,10194,11564,12558,0,0.44,0.81,5113.10198,0.442156864,10081.8285,0.80282119,-0.360664325
7800,-4959,5120,10194,11550,12560,0,0.44,0.81,5109.08336,0.44234488,10081.8915,0.802698368,-0.360353488
7800,-4955,5117,10187,11550,12561,-215,0.44,0.81,5106.08336,0.442085139,10074.923,0.802079691,-0.359994552
7800,-4962,5120,10189,11556,12555,-572,0.44,0.81,5109.09134,0.4421159,10076.734,0.802607248,-0.360491348
7801,-4962,5124,10190,11556,12553,-929,0.44,0.81,5113.09134,0.44246204,10077.671,0.802809767,-0.360347726
7801,-4959,5116,10196,11552,12569,-1287,0.44,0.81,5105.08602,0.441922266,10084.175,0.802305275,-0.360383009
7801,-4954,5120,10187,11559,12559,-1430,0.44,0.81,5109.09533,0.442001499,10074.86,0.802202405,-0.360200905
7801,-4958,5121,10193,11564,12564,-1430,0.44,0.81,5110.10198,0.441897439,10081.0175,0.802373249,-0.36047581
7800,-4959,5120,10194,11557,12563,-1430,0.44,0.81,5109.09267,0.44207776,10081.986,0.802514208,-0.360436449
7800,-4960,5126,10193,11562,12558,-1430,0.44,0.81,5115.09932,0.442406099,10080.8285,0.802741559,-0.36033546
7800,-4960,5121,10196,11557,12565,-1429,0.44,0.81,5110.09267,0.442164287,10084.049,0.802550657,-0.360386369
7800,-4958,5122,10191,11567,12559,-1429,0.44,0.81,5111.10597,0.441869627,10078.86,0.802520901,-0.360651275
7800,-4959,5119,10191,11562,12558,-1294,0.44,0.81,5108.09932,0.441800668,10078.8285,0.802582298,-0.36078163
7801,-4960,5120,10194,11563,12554,-1068,0.44,0.81,5109.10065,0.441849057,10081.7025,0.803066951,-0.361217893
7801,-4956,5121,10187,11556,12559,-843,0.44,0.81,5110.09134,0.442202435,10074.86,0.802202405,-0.35999997
7801,-4958,5119,10192,11561,12563,-617,0.44,0.81,5108.09799,0.441838767,10079.986,0.802355011,-0.360516243
7801,-4958,5120,10194,11547,12559,-527,0.44,0.81,5109.07937,0.442459459,10081.86,0.802759774,-0.360300315
7800,-4961,5116,10194,11558,12567,-527,0.44,0.81,5105.094,0.441693546,10082.112,0.802268799,-0.360575254
7800,-4959,5123,10193,11566,12565,-527,0.44,0.81,5112.10464,0.441994176,10081.049,0.802311898,-0.360317722
7800,-4959,5124,10193,11566,12561,-527,0.44,0.81,5113.10464,0.442080636,10080.923,0.80255736,-0.360476724
7800,-4957,5120,10190,11553,12556,-527,0.44,0.81,5109.08735,0.44223036,10077.7655,0.802625478,-0.360395118
7800,-4962,5120,10195,11556,12563,-527,0.44,0.81,5109.09134,0.4421159,10082.986,0.802593807,-0.360477907
7800,-4957,5124,10193,11560,12565,-662,0.44,0.81,5113.09666,0.4423094,10081.049,0.802311898,-0.360002498
7800,-4962,5118,10190,11565,12563,-888,0.44,0.81,5107.10331,0.44159994,10077.986,0.802195813,-0.360595873
7800,-4954,5119,10199,11551,12572,-1114,0.44,0.81,5108.08469,0.442220127,10087.2695,0.802359967,-0.360139839
7800,-4956,5121,10187,11565,12559,-1339,0.44,0.81,5110.10331,0.441859344,10074.86,0.802202405,-0.360343061
7800,-4956,5114,10193,11552,12563,-1429,0.44,0.81,5103.08602,0.441749136,10080.986,0.80243461,-0.360685473
7800,-4956,5120,10194,11564,12557,-1429,0.44,0.81,5109.10198,0.441810963,10081.797,0.802882615,-0.361071652
7800,-4960,5123,10191,11564,12559,-1429,0.44,0.81,5112.10198,0.442070389,10078.86,0.802520901,-0.360450512
7800,-4958,5121,10187,11559,12556,-1429,0.44,0.81,5110.09533,0.442088012,10074.7655,0.802386548,-0.360298536
7800,-4959,5122,10192,11561,12558,-1429,0.44,0.81,5111.09799,0.442098261,10079.8285,0.802661929,-0.360563668
7800,-4960,5124,10194,11559,12564,-1430,0.44,0.81,5113.09533,0.44234755,10082.0175,0.802452841,-0.360105291
7800,-4958,5120,10191,11555,12560,-1352,0.44,0.81,5109.09001,0.442154047,10078.8915,0.802459514,-0.360305468
7800,-4959,5126,10189,11561,12557,-1222,0.44,0.81,5115.09799,0.442444251,10076.797,0.802484431,-0.36004018
7801,-4963,5119,10195,11561,12559,-1092,0.44,0.81,5108.09799,0.441838767,10082.86,0.802839398,-0.361000631
7801,-4957,5117,10199,11562,12566,-962,0.44,0.81,5106.09932,0.441627687,10087.0805,0.802728036,-0.361100349
7800,-4958,5121,10189,11552,12564,-910,0.44,0.81,5110.08602,0.442355092,10077.0175,0.802054879,-0.359699787
7800,-4961,5118,10192,11556,12553,-909,0.44,0.81,5107.09134,0.44194283,10079.671,0.802969091,-0.361026261
7800,-4957,5122,10190,11561,12560,-909,0.44,0.81,5111.09799,0.442098261,10077.8915,0.802379896,-0.360281636
7800,-4957,5121,10189,11563,12555,-909,0.44,0.81,5110.10065,0.44193554,10076.734,0.802607248,-0.360671708
7800,-4960,5119,10191,11562,12560,-910,0.44,0.81,5108.09932,0.441800668,10078.8915,0.802459514,-0.360658847
7800,-4959,5120,10188,11560,12553,-910,0.44,0.81,5109.09666,0.441963379,10075.671,0.802650442,-0.360687063
7800,-4957,5122,10194,11555,12566,-844,0.44,0.81,5111.09001,0.442327132,10082.0805,0.802330137,-0.360003005
7800,-4961,5120,10194,11556,12566,-736,0.44,0.81,5109.09134,0.4421159,10082.0805,0.802330137,-0.360214237
7801,-4957,5121,10191,11555,12562,-628,0.44,0.81,5110.09001,0.442240589,10078.9545,0.80233677,-0.36009618
7801,-4959,5118,10190,11556,12563,-520,0.44,0.81,5107.09134,0.44194283,10077.986,0.802195813,-0.360252983
7801,-4957,5118,10190,11562,12558,-477,0.44,0.81,5107.09932,0.441714177,10077.8285,0.802502668,-0.36078849
7800,-4965,5119,10196,11559,12562,-477,0.44,0.81,5108.09533,0.441914987,10083.9545,0.802734795,-0.360819809
7800,-4959,5122,10191,11560,12561,-477,0.44,0.81,5111.09666,0.442136389,10078.923,0.802398137,-0.360261748
7800,-4959,5121,10192,11557,12565,-477,0.44,0.81,5110.09267,0.442164287,10080.049,0.802232312,-0.360068025
7800,-4960,5122,10190,11563,12560,-477,0.44,0.81,5111.10065,0.442022023,10077.8915,0.802379896,-0.360357874
7800,-4956,5120,10187,11554,12565,-477,0.44,0.81,5109.08868,0.4421922,10075.049,0.801834381,-0.359642181
7800,-4954,5123,10185,11553,12555,-326,0.44,0.81,5112.08735,0.442490033,10072.734,0.80228865,-0.359798617
7801,-4958,5123,10193,11563,12558,-76,0.44,0.81,5112.10065,0.442108506,10080.8285,0.802741559,-0.360633054
7801,-4958,5120,10195,11557,12558,174,0.44,0.81,5109.09267,0.44207776,10082.8285,0.80290082,-0.36082306
7801,-4961,5121,10197,11559,12563,425,0.44,0.81,5110.09533,0.442088012,10084.986,0.802753005,-0.360664993
7800,-4961,5119,10189,11560,12562,525,0.44,0.81,5108.09666,0.441876874,10076.9545,0.802177559,-0.360300686
7800,-4960,5123,10190,11563,12556,525,0.44,0.81,5112.10065,0.442108506,10077.7655,0.802625478,-0.360516972
7800,-4962,5126,10197,11572,12563,525,0.44,0.81,5115.11262,0.442024941,10084.986,0.802753005,-0.360728064
7800,-4960,5121,10196,11555,12565,525,0.44,0.81,5110.09001,0.442240589,10084.049,0.802550657,-0.360310067
7800,-4958,5124,10198,11564,12567,525,0.44,0.81,5113.10198,0.442156864,10086.112,0.802587093,-0.360430229
7800,-4960,5118,10186,11547,12554,525,0.44,0.81,5107.07937,0.442286254,10073.7025,0.802429704,-0.36014345
7800,-4960,5121,10190,11558,12559,476,0.44,0.81,5110.094,0.442126146,10077.86,0.802441277,-0.360315131
7801,-4955,5121,10187,11558,12560,236,0.44,0.81,5110.094,0.442126146,10074.8915,0.802141043,-0.360014897
7801,-4954,5127,10188,11568,12560,-3,0.44,0.81,5116.1073,0.442263771,10075.8915,0.802220661,-0.35995689
7801,-4958,5120,10190,11562,12559,-243,0.44,0.81,5109.09932,0.441887158,10077.86,0.802441277,-0.360554119
7801,-4960,5123,10191,11560,12557,-435,0.44,0.81,5112.09666,0.442222894,10078.797,0.802643705,-0.36042081
7800,-4956,5128,10190,11566,12560,-435,0.44,0.81,5117.10464,0.442426478,10077.8915,0.802379896,-0.359953419
7800,-4957,5123,10188,11561,12559,-435,0.44,0.81,5112.09799,0.442184758,10075.86,0.802282029,-0.360097271
7800,-4956,5121,10187,11560,12556,-435,0.44,0.81,5110.09666,0.442049884,10074.7655,0.802386548,-0.360336664
7800,-4956,5122,10182,11565,12552,-435,0.44,0.81,5111.10331,0.441945812,10069.6395,0.802233867,-0.360288056
7800,-4959,5121,10190,11562,12562,-435,0.44,0.81,5110.09932,0.441973648,10077.9545,0.802257164,-0.360283516
7800,-4950,5121,10193,11553,12562,-643,0.44,0.81,5110.08735,0.442316918,10080.9545,0.80249598,-0.360179062
7800,-4959,5119,10189,11554,12563,-989,0.44,0.81,5108.08868,0.44210565,10076.986,0.802116214,-0.360010564
7800,-4965,5121,10191,11564,12553,-1335,0.44,0.81,5110.10198,0.441897439,10078.671,0.802889429,-0.36099199
7801,-4954,5117,10196,11548,12565,-1681,0.44,0.81,5106.0807,0.442161474,10084.049,0.802550657,-0.360389183
7801,-4953,5116,10179,11558,12543,-1819,0.44,0.81,5105.094,0.441693546,10066.356,0.802547716,-0.36085417
7801,-4960,5119,10197,11549,12564,-1819,0.44,0.81,5108.08203,0.442296478,10085.0175,0.802691619,-0.36039514
7800,-4959,5122,10189,11559,12562,-1819,0.44,0.81,5111.09533,0.442174525,10076.9545,0.802177559,-0.360003035
7800,-4959,5124,10187,11567,12558,-1819,0.44,0.81,5113.10597,0.442042532,10074.8285,0.802263776,-0.360221244
7800,-4962,5120,10189,11556,12559,-1819,0.44,0.81,5109.09134,0.4421159,10076.86,0.802361653,-0.360245753
7800,-4961,5118,10191,11555,12557,-1819,0.44,0.81,5107.09001,0.441980961,10078.797,0.802643705,-0.360662743
7800,-4956,5124,10194,11552,12564,-1546,0.44,0.81,5113.08602,0.442614787,10082.0175,0.802452841,-0.359838054
7800,-4959,5123,10192,11556,12555,-1092,0.44,0.81,5112.09134,0.442375505,10079.734,0.802846197,-0.360470691
7800,-4957,5120,10196,11560,12565,-637,0.44,0.81,5109.09666,0.441963379,10084.049,0.802550657,-0.360587278
7800,-4959,5115,10195,11555,12562,-182,0.44,0.81,5104.09001,0.441721334,10082.9545,0.80265519,-0.360933857
7800,-4960,5125,10171,11564,12542,0,0.44,0.81,5114.10198,0.44224334,10058.3245,0.801971336,-0.359727997
7800,-4958,5116,10195,11559,12564,0,0.44,0.81,5105.09533,0.441655449,10083.0175,0.802532434,-0.360876985
7800,-4961,5119,10190,11559,12557,0,0.44,0.81,5108.09533,0.441914987,10077.797,0.802564068,-0.360649081
7800,-4957,5121,10192,11553,12562,0,0.44,0.81,5110.08735,0.442316918,10079.9545,0.802416375,-0.360099457
7800,-4960,5119,10196,11554,12560,0,0.44,0.81,5108.08868,0.44210565,10083.8915,0.802857604,-0.360751954
7800,-4961,5121,10194,11558,12562,0,0.44,0.81,5110.094,0.442126146,10081.9545,0.802575585,-0.360449439
7800,-4957,5122,10194,11556,12562,0,0.44,0.81,5111.09134,0.44228897,10081.9545,0.802575585,-0.360286615
7801,-4958,5120,10189,11556,12555,0,0.44,0.81,5109.09134,0.4421159,10076.734,0.802607248,-0.360491348
7801,-4959,5119,10194,11561,12559,0,0.44,0.81,5108.09799,0.441838767,10081.86,0.802759774,-0.360921006
7801,-4956,5121,10193,11555,12565,0,0.44,0.81,5110.09001,0.442240589,10081.049,0.802311898,-0.360071309
7800,-4954,5122,10190,11564,12563,0,0.44,0.81,5111.10198,0.441983914,10077.986,0.802195813,-0.360211899
7800,-4959,5120,10190,11562,12561,0,0.44,0.81,5109.09932,0.441887158,10077.923,0.802318526,-0.360431368
7800,-4954,5126,10194,11560,12569,0,0.44,0.81,5115.09666,0.44248241,10082.175,0.802146153,-0.359663743
7800,-4956,5121,10184,11559,12555,0,0.44,0.81,5110.09533,0.442088012,10071.734,0.802209,-0.360120988
7800,-4964,5118,10195,11562,12564,0,0.44,0.81,5107.09932,0.441714177,10083.0175,0.802532434,-0.360818256
7800,-4958,5119,10191,11554,12555,0,0.44,0.81,5108.08868,0.44210565,10078.734,0.802766547,-0.360660897
7800,-4956,5121,10192,11557,12564,-72,0.44,0.81,5110.09267,0.442164287,10080.0175,0.802293656,-0.360129369
7800,-4958,5122,10191,11560,12564,-191,0.44,0.81,5111.09666,0.442136389,10079.0175,0.802214064,-0.360077675
7800,-4957,5126,10197,11563,12567,-310,0.44,0.81,5115.10065,0.442367954,10085.112,0.80250752,-0.360139566
7800,-4952,5118,10189,11556,12562,-429,0.44,0.81,5107.09134,0.44194283,10076.9545,0.802177559,-0.36023473
7800,-4959,5119,10191,11560,12560,-477,0.44,0.81,5108.09666,0.441876874,10078.8915,0.802459514,-0.360582641
7800,-4960,5126,10197,11565,12563,-477,0.44,0.81,5115.10331,0.442291683,10084.986,0.802753005,-0.360461322
7800,-4959,5120,10191,11557,12558,-477,0.44,0.81,5109.09267,0.44207776,10078.8285,0.802582298,-0.360504538
7800,-4958,5125,10190,11564,12559,-477,0.44,0.81,5114.10198,0.44224334,10077.86,0.802441277,-0.360197937
7800,-4961,5121,10194,11559,12564,-477,0.44,0.81,5110.09533,0.442088012,10082.0175,0.802452841,-0.36036483
7800,-4957,5121,10192,11556,12565,-477,0.44,0.81,5110.09134,0.442202435,10080.049,0.802232312,-0.360029877
7800,-4962,5124,10189,11563,12556,-555,0.44,0.81,5113.10065,0.442194988,10076.7655,0.802545835,-0.360350846
7801,-4961,5120,10190,11556,12554,-686,0.44,0.81,5109.09134,0.4421159,10077.7025,0.802748327,-0.360632427
7801,-4963,5119,10187,11564,12554,-817,0.44,0.81,5108.10198,0.441724488,10074.7025,0.80250936,-0.360784872
7801,-4962,5120,10189,11556,12553,-948,0.44,0.81,5109.09134,0.4421159,10076.671,0.802730104,-0.360614204
7801,-4960,5117,10192,11555,12564,-1000,0.44,0.81,5106.09001,0.441894419,10080.0175,0.802293656,-0.360399238
7801,-4958,5118,10189,11554,12555,-1000,0.44,0.81,5107.08868,0.4420191,10076.734,0.802607248,-0.360588148
7800,-4962,5119,10191,11560,12557,-1000,0.44,0.81,5108.09666,0.441876874,10078.797,0.802643705,-0.360766831
7800,-4957,5125,10188,11564,12561,-1000,0.44,0.81,5114.10198,0.44224334,10075.923,0.802159303,-0.359915963
7800,-4960,5118,10188,11556,12559,-1000,0.44,0.81,5107.09134,0.44194283,10075.86,0.802282029,-0.360339199
7800,-4957,5116,10188,11555,12556,-1000,0.44,0.81,5105.09001,0.441807876,10075.7655,0.802466191,-0.360658315
7800,-4955,5126,10186,11556,12555,-929,0.44,0.81,5115.09134,0.442635111,10073.734,0.802368299,-0.359733189
7800,-4960,5120,10184,11559,12554,-811,0.44,0.81,5109.09533,0.442001499,10071.7025,0.802270392,-0.360268893
7800,-4962,5122,10194,11565,12561,-692,0.44,0.81,5111.10331,0.441945812,10081.923,0.802636972,-0.36069116
7800,-4954,5118,10181,11552,12557,-574,0.44,0.81,5107.08602,0.442095396,10068.797,0.801847336,-0.35975194
7800,-4956,5120,10189,11555,12563,-527,0.44,0.81,5109.09001,0.442154047,10076.986,0.802116214,-0.359962168
7800,-4958,5123,10192,11564,12561,-527,0.44,0.81,5112.10198,0.442070389,10079.923,0.802477749,-0.360407359
7800,-4958,5121,10190,11556,12557,-527,0.44,0.81,5110.09134,0.442202435,10077.797,0.802564068,-0.360361633
7800,-4958,5115,10194,11560,12562,-527,0.44,0.81,5104.09666,0.441530853,10081.9545,0.802575585,-0.361044732
7800,-4961,5125,10190,11561,12559,-527,0.44,0.81,5114.09799,0.442357754,10077.86,0.802441277,-0.360083524
7800,-4952,5125,10188,11560,12560,-527,0.44,0.81,5114.09666,0.442395905,10075.8915,0.802220661,-0.359824756
7800,-4957,5116,10187,11549,12556,-644,0.44,0.81,5105.08203,0.442036716,10074.7655,0.802386548,-0.360349833
7800,-4957,5123,10184,11560,12555,-838,0.44,0.81,5112.09666,0.442222894,10071.734,0.802209,-0.359986106
7800,-4958,5121,10188,11557,12554,-1033,0.44,0.81,5110.09267,0.442164287,10075.7025,0.802589015,-0.360424728
7800,-4959,5123,10194,11563,12559,-1227,0.44,0.81,5112.10065,0.442108506,10081.86,0.802759774,-0.360651268
7800,-4955,5124,10194,11557,12560,-1305,0.44,0.81,5113.09267,0.44242387,10081.8915,0.802698368,-0.360274497
7801,-4957,5123,10182,11560,12552,-1305,0.44,0.81,5112.09666,0.442222894,10069.6395,0.802233867,-0.360010973
7801,-4956,5121,10191,11562,12557,-1305,0.44,0.81,5110.09932,0.441973648,10078.797,0.802643705,-0.360670057
7800,-4960,5131,10185,11570,12552,-1305,0.44,0.81,5120.10996,0.442533272,10072.6395,0.802472873,-0.359939601
7800,-4958,5126,10193,11559,12561,-1305,0.44,0.81,5115.09533,0.442520575,10080.923,0.80255736,-0.360036785
7800,-4955,5120,10183,11558,12554,-1305,0.44,0.81,5109.094,0.442039626,10070.7025,0.802190736,-0.36015111
7800,-4956,5124,10185,11564,12556,-1042,0.44,0.81,5113.10198,0.442156864,10072.7655,0.802227262,-0.360070397
7800,-4958,5123,10190,11565,12558,-607,0.44,0.81,5112.10331,0.442032279,10077.8285,0.802502668,-0.360470388
7800,-4956,5121,10187,11562,12553,-172,0.44,0.81,5110.09932,0.441973648,10074.671,0.80257078,-0.360597132
7800,-4957,5125,10186,11572,12557,262,0.44,0.81,5114.11262,0.441938526,10073.797,0.80224552,-0.360306995
7800,-4957,5122,10187,11564,12559,433,0.44,0.81,5111.10198,0.441983914,10074.86,0.802202405,-0.360218491
7800,-4958,5120,10192,11559,12553,433,0.44,0.81,5109.09533,0.442001499,10079.671,0.802969091,-0.360967592
7800,-4959,5119,10192,11562,12559,433,0.44,0.81,5108.09932,0.441800668,10079.86,0.802600526,-0.360799858
7800,-4957,5122,10192,11562,12561,433,0.44,0.81,5111.09932,0.442060138,10079.923,0.802477749,-0.36041761
7800,-4958,5120,10191,11560,12551,433,0.44,0.81,5109.09666,0.441963379,10078.608,0.80301235,-0.361048971
7800,-4956,5119,10187,11559,12555,433,0.44,0.81,5108.09533,0.441914987,10074.734,0.802447949,-0.360532962
7800,-4953,5122,10197,11560,12565,118,0.44,0.81,5111.09666,0.442136389,10085.049,0.802630243,-0.360493853
7799,-4960,5118,10199,11559,12571,-406,0.44,0.81,5107.09533,0.441828474,10087.238,0.802421287,-0.360592813
7799,-4962,5110,10189,11530,12556,-932,0.44,0.81,5099.05676,0.442242564,10076.7655,0.802545835,-0.360303271
7799,-4956,5114,10189,11537,12554,-1457,0.44,0.81,5103.06607,0.442321753,10076.7025,0.802668671,-0.360346918
7800,-4959,5110,10190,11538,12563,-1667,0.44,0.81,5099.0674,0.441936852,10077.986,0.802195813,-0.360258961
7800,-4958,5122,10194,11549,12561,-1668,0.44,0.81,5111.08203,0.442556241,10081.923,0.802636972,-0.36008073
7800,-4956,5115,10194,11547,12561,-1668,0.44,0.81,5104.07937,0.442026446,10081.923,0.802636972,-0.360610526
7800,-4961,5117,10196,11550,12561,-1668,0.44,0.81,5106.08336,0.442085139,10083.923,0.802796195,-0.360711055
7800,-4957,5113,10190,11539,12561,-1668,0.44,0.81,5102.06873,0.442158656,10077.923,0.802318526,-0.36015987
7800,-4953,5113,10192,11542,12562,-1668,0.44,0.81,5102.07272,0.442044076,10079.9545,0.802416375,-0.360372299
7800,-4962,5117,10186,11548,12553,-1612,0.44,0.81,5106.0807,0.442161474,10073.671,0.802491118,-0.360329644
7800,-4960,5111,10190,11537,12554,-1522,0.44,0.81,5100.06607,0.442061721,10077.7025,0.802748327,-0.360686607
7800,-4953,5117,10193,11551,12565,-1431,0.44,0.81,5106.08469,0.442046982,10081.049,0.802311898,-0.360264916
7800,-4958,5111,10197,11540,12563,-1341,0.44,0.81,5100.07006,0.441947146,10084.986,0.802753005,-0.360805859
7800,-4959,5117,10195,11548,12559,-1305,0.44,0.81,5106.0807,0.442161474,10082.86,0.802839398,-0.360677924
7800,-4953,5117,10191,11545,12560,-1305,0.44,0.81,5106.07671,0.442276025,10078.8915,0.802459514,-0.360183489
7800,-4958,5111,10192,11537,12559,-1305,0.44,0.81,5100.06607,0.442061721,10079.86,0.802600526,-0.360538805
7800,-4958,5112,10192,11537,12563,-1305,0.44,0.81,5101.06607,0.442148398,10079.986,0.802355011,-0.360206613
7800,-4954,5114,10190,11546,12558,-1305,0.44,0.81,5103.07804,0.441978005,10077.8285,0.802502668,-0.360524663
7800,-4957,5119,10186,11551,12561,-1305,0.44,0.81,5108.08469,0.442220127,10073.923,0.80200008,-0.359779952
7800,-4956,5119,10189,11557,12558,-1107,0.44,0.81,5108.09267,0.441991232,10076.8285,0.802423037,-0.360431805
7800,-4959,5114,10189,11540,12562,-781,0.44,0.81,5103.07006,0.442207111,10076.9545,0.802177559,-0.359970448
7800,-4957,5118,10194,11546,12557,-455,0.44,0.81,5107.07804,0.442324445,10081.797,0.802882615,-0.36055817
7800,-4959,5118,10192,11544,12560,-129,0.44,0.81,5107.07538,0.442400847,10079.8915,0.802539132,-0.360138285
7800,-4958,5123,10182,11566,12548,0,0.44,0.81,5112.10464,0.441994176,10069.5135,0.802479558,-0.360485382
7800,-4957,5120,10188,11561,12558,0,0.44,0.81,5109.09799,0.441925265,10075.8285,0.802343407,-0.360418141
7800,-4960,5123,10191,11556,12561,0,0.44,0.81,5112.09134,0.442375505,10078.923,0.802398137,-0.360022632
7800,-4957,5127,10189,11564,12559,0,0.44,0.81,5116.10198,0.44241629,10076.86,0.802361653,-0.359945363
7800,-4953,5114,10185,11542,12560,0,0.44,0.81,5103.07272,0.442130716,10072.8915,0.801981807,-0.359851092
7799,-4953,5120,10190,11557,12556,0,0.44,0.81,5109.09267,0.44207776,10077.7655,0.802625478,-0.360547718
7799,-4955,5126,10195,11567,12563,-334,0.44,0.81,5115.10597,0.442215438,10082.986,0.802593807,-0.360378369
7799,-4960,5112,10190,11550,12555,-890,0.44,0.81,5101.08336,0.441652239,10077.734,0.802686898,-0.361034659
7799,-4960,5116,10189,11554,12555,-1446,0.44,0.81,5105.08868,0.441846,10076.734,0.802607248,-0.360761248
7800,-4957,5117,10196,11539,12568,-2001,0.44,0.81,5106.06873,0.442505306,10084.1435,0.802366606,-0.359861299
7800,-4957,5112,10186,11551,12555,-2223,0.44,0.81,5101.08469,0.441614119,10073.734,0.802368299,-0.36075418
7800,-4958,5122,10192,11566,12561,-2223,0.44,0.81,5111.10464,0.441907716,10079.923,0.802477749,-0.360570033
7800,-4957,5124,10189,11558,12560,-2223,0.44,0.81,5113.094,0.442385707,10076.8915,0.802300279,-0.359914572
7800,-4958,5125,10190,11569,12555,-2223,0.44,0.81,5114.10863,0.442052782,10077.734,0.802686898,-0.360634116
7800,-4958,5124,10189,11556,12559,-2223,0.44,0.81,5113.09134,0.44246204,10076.86,0.802361653,-0.359899612
7799,-4961,5122,10191,11554,12561,-2223,0.44,0.81,5111.08868,0.4423653,10078.923,0.802398137,-0.360032837
7799,-4953,5127,10195,11578,12567,-2040,0.44,0.81,5116.1206,0.441882933,10083.112,0.802348373,-0.36046544
7799,-4954,5127,10191,11573,12560,-1734,0.44,0.81,5116.11395,0.44207327,10078.8915,0.802459514,-0.360386245
7800,-4957,5127,10187,11577,12558,-1428,0.44,0.81,5116.11927,0.441920987,10074.8285,0.802263776,-0.360342789
7800,-4960,5132,10185,11585,12555,-1123,0.44,0.81,5121.12991,0.442048331,10072.734,0.80228865,-0.360240319
7800,-4961,5118,10191,11563,12560,-1000,0.44,0.81,5107.10065,0.441676092,10078.8915,0.802459514,-0.360783422
7800,-4957,5120,10185,11565,12554,-1000,0.44,0.81,5109.10331,0.441772876,10072.7025,0.802350048,-0.360577172
7800,-4963,5133,10192,11590,12562,-1000,0.44,0.81,5122.13656,0.441944483,10079.9545,0.802416375,-0.360471892
7800,-4957,5127,10202,11571,12572,-1000,0.44,0.81,5116.11129,0.44214945,10090.2695,0.802598592,-0.360449142
7800,-4956,5128,10192,11567,12556,-1000,0.44,0.81,5117.10597,0.442388344,10079.7655,0.802784764,-0.360396421
7800,-4959,5123,10193,11558,12564,-1000,0.44,0.81,5112.094,0.442299187,10081.0175,0.802373249,-0.360074062
7799,-4954,5123,10191,11554,12559,-987,0.44,0.81,5112.08868,0.44245185,10078.86,0.802520901,-0.360069051
7799,-4957,5134,10197,11588,12563,-964,0.44,0.81,5123.1339,0.442106826,10084.986,0.802753005,-0.360646179
7799,-4957,5126,10191,11574,12562,-941,0.44,0.81,5115.11528,0.441948789,10078.9545,0.80233677,-0.360387981
7800,-4954,5133,10186,11581,12556,-919,0.44,0.81,5122.12459,0.4422869,10073.7655,0.802306905,-0.360020005
7800,-4954,5123,10195,11565,12565,-910,0.44,0.81,5112.10331,0.442032279,10083.049,0.80247107,-0.360438791
7800,-4959,5124,10193,11571,12562,-910,0.44,0.81,5113.11129,0.441890181,10080.9545,0.80249598,-0.360605798
7800,-4950,5126,10194,11572,12563,-910,0.44,0.81,5115.11262,0.442024941,10081.986,0.802514208,-0.360489267
7800,-4954,5124,10188,11563,12564,-910,0.44,0.81,5113.10065,0.442194988,10076.0175,0.801975287,-0.359780298
7799,-4958,5132,10194,11584,12564,-910,0.44,0.81,5121.12858,0.442086376,10082.0175,0.802452841,-0.360366465
7799,-4956,5126,10192,11570,12560,-910,0.44,0.81,5115.10996,0.44210112,10079.8915,0.802539132,-0.360438012
7800,-4958,5116,10193,11554,12561,-803,0.44,0.81,5105.08868,0.441846,10080.923,0.80255736,-0.36071136
7800,-4958,5132,10189,11586,12558,-576,0.44,0.81,5121.13124,0.442010292,10076.8285,0.802423037,-0.360412745
7800,-4955,5128,10189,11579,12562,-348,0.44,0.81,5117.12193,0.441931249,10076.9545,0.802177559,-0.36024631
7800,-4954,5129,10189,11579,12560,-121,0.44,0.81,5118.12193,0.442017612,10076.8915,0.802300279,-0.360282667
7800,-4957,5122,10194,11564,12565,0,0.44,0.81,5111.10198,0.441983914,10082.049,0.802391484,-0.36040757
7800,-4958,5117,10185,11553,12554,0,0.44,0.81,5106.08735,0.441970687,10072.7025,0.802350048,-0.360379361
7800,-4956,5122,10193,11560,12564,0,0.44,0.81,5111.09666,0.442136389,10081.0175,0.802373249,-0.36023686
7799,-4958,5119,10197,11558,12565,0,0.44,0.81,5108.094,0.441953106,10085.049,0.802630243,-0.360677137
7799,-4959,5122,10191,11564,12559,0,0.44,0.81,5111.10198,0.441983914,10078.86,0.802520901,-0.360536987
7800,-4954,5121,10193,11557,12562,0,0.44,0.81,5110.09267,0.442164287,10080.9545,0.80249598,-0.360331692
7800,-4956,5129,10189,11572,12558,-239,0.44,0.81,5118.11262,0.442284188,10076.8285,0.802423037,-0.360138849
7800,-4957,5138,10192,11591,12565,-834,0.44,0.81,5127.13789,0.442337839,10080.049,0.802232312,-0.359894473
7800,-4957,5129,10192,11576,12560,-1429,0.44,0.81,5118.11794,0.442131819,10079.8915,0.802539132,-0.360407313
7800,-4957,5135,10191,11594,12559,-2025,0.44,0.81,5124.14188,0.441964972,10078.86,0.802520901,-0.36055593
7800,-4955,5122,10189,11558,12561,-2382,0.44,0.81,5111.094,0.442212667,10076.923,0.802238914,-0.360026248
7800,-4958,5125,10194,11565,12570,-2382,0.44,0.81,5114.10331,0.442205215,10082.2065,0.802084845,-0.35987963
7799,-4957,5121,10191,11567,12564,-2382,0.44,0.81,5110.10597,0.441783174,10079.0175,0.802214064,-0.36043089
7799,-4954,5122,10187,11565,12558,-2382,0.44,0.81,5111.10331,0.441945812,10074.8285,0.802263776,-0.360317965
7799,-4956,5121,10197,11563,12568,-2382,0.44,0.81,5110.10065,0.44193554,10085.1435,0.802446173,-0.360510633
7799,-4960,5134,10196,11587,12561,-2382,0.44,0.81,5123.13257,0.442144867,10083.923,0.802796195,-0.360651328
7800,-4955,5116,10178,11551,12543,-2119,0.44,0.81,5105.08469,0.441960409,10065.356,0.80246799,-0.360507581
7800,-4960,5117,10180,11554,12544,-1524,0.44,0.81,5106.08868,0.44193255,10067.3875,0.802565968,-0.360633418
7800,-4957,5121,10180,11554,12550,-928,0.44,0.81,5110.08868,0.44227875,10067.5765,0.802197331,-0.35991858
7800,-4958,5123,10174,11558,12537,-333,0.44,0.81,5112.094,0.442299187,10061.167,0.802517907,-0.36021872
7800,-4956,5121,10185,11559,12551,0,0.44,0.81,5110.09533,0.442088012,10072.608,0.8025343,-0.360446288
7800,-4961,5116,10191,11550,12558,0,0.44,0.81,5105.08336,0.441998559,10078.8285,0.802582298,-0.360583739
7800,-4960,5124,10182,11559,12555,0,0.44,0.81,5113.09533,0.44234755,10069.734,0.802049701,-0.359702151
7800,-4958,5125,10187,11562,12552,0,0.44,0.81,5114.09932,0.442319609,10074.6395,0.80263221,-0.360312601
7800,-4958,5124,10175,11565,12545,0,0.44,0.81,5113.10331,0.442118747,10062.419,0.802105939,-0.359987192
7799,-4953,5121,10177,11564,12551,0,0.44,0.81,5110.10198,0.441897439,10064.608,0.801896901,-0.359999462
7799,-4961,5121,10181,11562,12543,0,0.44,0.81,5110.09932,0.441973648,10068.356,0.802707167,-0.360733519
7799,-4958,5125,10185,11567,12552,0,0.44,0.81,5114.10597,0.442128985,10072.6395,0.802472873,-0.360343888
7799,-4956,5119,10177,11558,12546,0,0.44,0.81,5108.094,0.441953106,10064.4505,0.80220393,-0.360250823
7800,-4960,5117,10181,11561,12546,0,0.44,0.81,5106.09799,0.441665772,10068.4505,0.802522756,-0.360856984
7800,-4960,5119,10182,11560,12549,0,0.44,0.81,5108.09666,0.441876874,10069.545,0.802418121,-0.360541247
7800,-4959,5120,10177,11558,12548,0,0.44,0.81,5109.094,0.442039626,10064.5135,0.802081089,-0.360041462
7800,-4957,5121,10182,11563,12558,0,0.44,0.81,5110.10065,0.44193554,10069.8285,0.801865624,-0.359930083
7800,-4956,5123,10186,11554,12556,0,0.44,0.81,5112.08868,0.44245185,10073.7655,0.802306905,-0.359855055
7800,-4962,5116,10179,11560,12547,-1,0.44,0.81,5105.09666,0.441617358,10066.482,0.802301905,-0.360684547
7800,-4955,5121,10189,11560,12559,0,0.44,0.81,5110.09666,0.442049884,10076.86,0.802361653,-0.360311769
7800,-4960,5118,10195,11557,12568,-218,0.44,0.81,5107.09267,0.441904705,10083.1435,0.802287039,-0.360382334
7800,-4955,5128,10182,11567,12549,-762,0.44,0.81,5117.10597,0.442388344,10069.545,0.802418121,-0.360029777
7800,-4957,5125,10178,11570,12544,-1305,0.44,0.81,5114.10996,0.44201469,10065.3875,0.802406529,-0.360391839
7800,-4957,5119,10185,11558,12548,-1849,0.44,0.81,5108.094,0.441953106,10072.5135,0.80271864,-0.360765534
7799,-4957,5125,10185,11571,12552,-2175,0.44,0.81,5114.11129,0.441976604,10072.6395,0.802472873,-0.360496268
7799,-4956,5123,10191,11557,12566,-2175,0.44,0.81,5112.09267,0.442337343,10079.0805,0.802091397,-0.359754055
7799,-4955,5127,10187,11570,12555,-2175,0.44,0.81,5116.10996,0.442187551,10074.734,0.802447949,-0.360260398
7799,-4954,5127,10190,11570,12559,-2175,0.44,0.81,5116.10996,0.442187551,10077.86,0.802441277,-0.360253727
7800,-4956,5130,10189,11568,12561,-2175,0.44,0.81,5119.1073,0.442523107,10076.923,0.802238914,-0.359715807
7800,-4957,5120,10183,11554,12559,-2175,0.44,0.81,5109.08868,0.4421922,10070.86,0.801883908,-0.359691708
7800,-4959,5124,10192,11563,12558,-2001,0.44,0.81,5113.10065,0.442194988,10079.8285,0.802661929,-0.36046694
7800,-4963,5125,10180,11562,12552,-1566,0.44,0.81,5114.09932,0.442319609,10067.6395,0.80207453,-0.359754921
7800,-4957,5124,10184,11560,12547,-1131,0.44,0.81,5113.09666,0.4423094,10071.482,0.802700406,-0.360391007
7800,-4957,5127,10183,11569,12548,-696,0.44,0.81,5116.10863,0.442225657,10070.5135,0.802559252,-0.360333595
7800,-4956,5124,10191,11566,12560,-435,0.44,0.81,5113.10464,0.442080636,10078.8915,0.802459514,-0.360378878
7799,-4954,5126,10186,11559,12561,-435,0.44,0.81,5115.09533,0.442520575,10073.923,0.80200008,-0.359479504
7799,-4956,5123,10194,11568,12564,-435,0.44,0.81,5112.1073,0.441917989,10082.0175,0.802452841,-0.360534852
7799,-4958,5131,10193,11570,12563,-435,0.44,0.81,5120.10996,0.442533272,10080.986,0.80243461,-0.359901337
7799,-4957,5120,10185,11562,12556,-435,0.44,0.81,5109.09932,0.441887158,10072.7655,0.802227262,-0.360340104
7799,-4958,5126,10198,11560,12568,-435,0.44,0.81,5115.09666,0.44248241,10086.1435,0.80252574,-0.36004333
7800,-4953,5120,10190,11551,12563,-435,0.44,0.81,5109.08469,0.4423067,10077.986,0.802195813,-0.359889113
7800,-4957,5123,10198,11558,12572,-948,0.44,0.81,5112.094,0.442299187,10086.2695,0.802280425,-0.359981238
7800,-4957,5120,10210,11558,12585,-1590,0.44,0.81,5109.094,0.442039626,10098.679,0.802437743,-0.360398117
7800,-4954,5119,10209,11554,12579,-2232,0.44,0.81,5108.08868,0.44210565,10097.49,0.802725972,-0.360620322
7800,-4956,5123,10209,11560,12582,-2873,0.44,0.81,5112.09666,0.442222894,10097.5845,0.802542084,-0.360319189
7800,-4953,5120,10197,11559,12576,-3001,0.44,0.81,5109.09533,0.442001499,10085.3955,0.801955749,-0.35995425
7799,-4955,5123,10195,11559,12565,-3001,0.44,0.81,5112.09533,0.442261037,10083.049,0.80247107,-0.360210033
7799,-4954,5119,10195,11551,12565,-3001,0.44,0.81,5108.08469,0.442220127,10083.049,0.80247107,-0.360250943
7800,-4960,5132,10185,11590,12547,-3001,0.44,0.81,5121.13656,0.441858202,10072.482,0.802780107,-0.360921905
7800,-4948,5125,10179,11567,12551,-3001,0.44,0.81,5114.10597,0.442128985,10066.608,0.80205625,-0.359927265
7800,-4954,5123,10198,11566,12569,-2745,0.44,0.81,5112.10464,0.441994176,10086.175,0.802464397,-0.36047022
7800,-4957,5141,10178,11603,12548,-2103,0.44,0.81,5130.15385,0.442140296,10065.5135,0.802160783,-0.360020487
7800,-4952,5123,10214,11561,12593,-1462,0.44,0.81,5112.09799,0.442184758,10102.931,0.802265624,-0.360080866
7800,-4950,5123,10198,11560,12571,-820,0.44,0.81,5112.09666,0.442222894,10086.238,0.802341739,-0.360118844
7800,-4958,5123,10201,11571,12573,-435,0.44,0.81,5112.11129,0.441803759,10089.301,0.802457727,-0.360653968
7800,-4956,5124,10192,11557,12561,-435,0.44,0.81,5113.09267,0.44242387,10079.923,0.802477749,-0.360053878
7799,-4953,5126,10190,11570,12567,-435,0.44,0.81,5115.10996,0.44210112,10078.112,0.801950505,-0.359849385
7799,-4954,5123,10197,11563,12571,-435,0.44,0.81,5112.10065,0.442108506,10085.238,0.802262191,-0.360153685
7799,-4953,5124,10197,11561,12568,-435,0.44,0.81,5113.09799,0.442271256,10085.1435,0.802446173,-0.360174917
7799,-4953,5125,10199,11570,12565,-435,0.44,0.81,5114.10996,0.44201469,10087.049,0.802789415,-0.360774725
7799,-4955,5118,10186,11562,12554,-593,0.44,0.81,5107.09932,0.441714177,10073.7025,0.802429704,-0.360715526
7800,-4954,5122,10180,11557,12555,-879,0.44,0.81,5111.09267,0.442250815,10067.734,0.801890402,-0.359639587
7800,-4954,5117,10196,11558,12570,-1165,0.44,0.81,5106.094,0.441780066,10084.2065,0.802243954,-0.360463888
7800,-4959,5114,10198,11555,12567,-1451,0.44,0.81,5103.09001,0.441634791,10086.112,0.802587093,-0.360952302
7800,-4958,5127,10190,11572,12555,-1580,0.44,0.81,5116.11262,0.442111357,10077.734,0.802686898,-0.360575541
7800,-4961,5116,10192,11552,12561,-1580,0.44,0.81,5105.08602,0.441922266,10079.923,0.802477749,-0.360555482
7800,-4959,5122,10184,11565,12553,-1580,0.44,0.81,5111.10331,0.441945812,10071.671,0.802331793,-0.360385982
7800,-4958,5123,10190,11567,12563,-1580,0.44,0.81,5112.10597,0.441956079,10077.986,0.802195813,-0.360239734
7800,-4956,5114,10187,11555,12560,-1580,0.44,0.81,5103.09001,0.441634791,10074.8915,0.802141043,-0.360506252
7800,-4958,5119,10188,11557,12559,-1579,0.44,0.81,5108.09267,0.441991232,10075.86,0.802282029,-0.360290797
7800,-4957,5122,10196,11564,12565,-1552,0.44,0.81,5111.10198,0.441983914,10084.049,0.802550657,-0.360566743
7800,-4960,5118,10196,11555,12565,-1484,0.44,0.81,5107.09001,0.441980961,10084.049,0.802550657,-0.360569695
7800,-4959,5126,10188,11568,12561,-1415,0.44,0.81,5115.1073,0.442177325,10075.923,0.802159303,-0.359981977
7799,-4956,5123,10196,11553,12563,-1346,0.44,0.81,5112.08735,0.442490033,10083.986,0.802673406,-0.360183373
7799,-4957,5121,10194,11556,12565,-1305,0.44,0.81,5110.09134,0.442202435,10082.049,0.802391484,-0.360189049
7799,-4958,5123,10187,11561,12558,-1305,0.44,0.81,5112.09799,0.442184758,10074.8285,0.802263776,-0.360079018
7800,-4956,5122,10199,11562,12571,-1305,0.44,0.81,5111.09932,0.442060138,10087.238,0.802421287,-0.360361149
7800,-4960,5121,10199,11562,12569,-1305,0.44,0.81,5110.09932,0.441973648,10087.175,0.802543957,-0.360570309
7800,-4957,5118,10189,11560,12556,-1305,0.44,0.81,5107.09666,0.441790369,10076.7655,0.802545835,-0.360755466
7800,-4956,5121,10189,11559,12561,-1305,0.44,0.81,5110.09533,0.442088012,10076.923,0.802238914,-0.360150902
7800,-4951,5125,10189,11561,12560,-1265,0.44,0.81,5114.09799,0.442357754,10076.8915,0.802300279,-0.359942525
7800,-4956,5123,10188,11557,12560,-1166,0.44,0.81,5112.09267,0.442337343,10075.8915,0.802220661,-0.359883318
7800,-4961,5123,10186,11564,12553,-1067,0.44,0.81,5112.10198,0.442070389,10073.671,0.802491118,-0.360420729
7800,-4958,5122,10195,11561,12563,-968,0.44,0.81,5111.09799,0.442098261,10082.986,0.802593807,-0.360495547
7800,-4956,5126,10189,11567,12557,-909,0.44,0.81,5115.10597,0.442215438,10076.797,0.802484431,-0.360268993
7800,-4963,5124,10197,11564,12558,-909,0.44,0.81,5113.10198,0.442156864,10084.8285,0.803060081,-0.360903217
7800,-4958,5121,10194,11559,12564,-909,0.44,0.81,5110.09533,0.442088012,10082.0175,0.802452841,-0.36036483
7800,-4954,5124,10196,11557,12563,-909,0.44,0.81,5113.09267,0.44242387,10083.986,0.802673406,-0.360249536
7800,-4960,5127,10195,11560,12566,-910,0.44,0.81,5116.09666,0.442568915,10083.0805,0.802409717,-0.359840801
7800,-4957,5121,10198,11564,12565,-910,0.44,0.81,5110.10198,0.441897439,10086.049,0.802709829,-0.36081239
7800,-4955,5119,10189,11565,12561,-819,0.44,0.81,5108.10331,0.441686408,10076.923,0.802238914,-0.360552506
7799,-4957,5124,10196,11564,12564,-591,0.44,0.81,5113.10198,0.442156864,10084.0175,0.802612026,-0.360455162
7799,-4957,5128,10186,11572,12552,-364,0.44,0.81,5117.11262,0.442197772,10073.6395,0.802552541,-0.360354769
7799,-4956,5125,10193,11562,12562,-137,0.44,0.81,5114.09932,0.442319609,10080.9545,0.80249598,-0.360176371
7799,-4957,5121,10195,11555,12564,0,0.44,0.81,5110.09001,0.442240589,10083.0175,0.802532434,-0.360291845
7800,-4960,5128,10193,11568,12563,0,0.44,0.81,5117.1073,0.442350216,10080.986,0.80243461,-0.360084393
7800,-4959,5120,10193,11564,12566,0,0.44,0.81,5109.10198,0.441810963,10081.0805,0.802250557,-0.360439594
7800,-4960,5121,10191,11563,12562,0,0.44,0.81,5110.10065,0.44193554,10078.9545,0.80233677,-0.36040123
7800,-4960,5122,10192,11557,12555,0,0.44,0.81,5111.09267,0.442250815,10079.734,0.802846197,-0.360595382
7800,-4960,5125,10195,11564,12561,0,0.44,0.81,5114.10198,0.44224334,10082.923,0.802716583,-0.360473243
7800,-4953,5122,10197,11556,12565,-100,0.44,0.81,5111.09134,0.44228897,10085.049,0.802630243,-0.360341273
7800,-4961,5117,10194,11551,12562,-350,0.44,0.81,5106.08469,0.442046982,10081.9545,0.802575585,-0.360528603
7800,-4958,5120,10196,11554,12560,-600,0.44,0.81,5109.08868,0.4421922,10083.8915,0.802857604,-0.360665403
7800,-4958,5117,10196,11559,12564,-850,0.44,0.81,5106.09533,0.441741961,10084.0175,0.802612026,-0.360870065
7800,-4954,5114,10187,11551,12555,-1000,0.44,0.81,5103.08469,0.441787264,10074.734,0.802447949,-0.360660685
7800,-4962,5122,10197,11559,12565,-1000,0.44,0.81,5111.09533,0.442174525,10085.049,0.802630243,-0.360455718
7800,-4954,5123,10192,11556,12565,-1000,0.44,0.81,5112.09134,0.442375505,10080.049,0.802232312,-0.359856807
7800,-4958,5121,10189,11558,12557,-1000,0.44,0.81,5110.094,0.442126146,10076.797,0.802484431,-0.360358285
7800,-4955,5127,10196,11560,12569,-1000,0.44,0.81,5116.09666,0.442568915,10084.175,0.802305275,-0.35973636
7800,-4957,5117,10191,11553,12563,-1000,0.44,0.81,5106.08735,0.441970687,10078.986,0.802275412,-0.360304725
7800,-4955,5123,10195,11559,12569,-991,0.44,0.81,5112.09533,0.442261037,10083.175,0.802225714,-0.359964677
7800,-4955,5119,10197,11554,12568,-969,0.44,0.81,5108.08868,0.44210565,10085.1435,0.802446173,-0.360340523
7800,-4960,5121,10188,11559,12559,-946,0.44,0.81,5110.09533,0.442088012,10075.86,0.802282029,-0.360194017
7800,-4957,5121,10195,11552,12564,-923,0.44,0.81,5110.08602,0.442355092,10083.0175,0.802532434,-0.360177342
7800,-4954,5122,10191,11560,12566,-910,0.44,0.81,5111.09666,0.442136389,10079.0805,0.802091397,-0.359955008
7800,-4953,5117,10188,11558,12560,-910,0.44,0.81,5106.094,0.441780066,10075.8915,0.802220661,-0.360440595
7800,-4960,5122,10194,11565,12566,-910,0.44,0.81,5111.10331,0.441945812,10082.0805,0.802330137,-0.360384325
7799,-4955,5124,10188,11561,12560,-910,0.44,0.81,5113.09799,0.442271256,10075.8915,0.802220661,-0.359949405
7799,-4957,5119,10187,11563,12557,-910,0.44,0.81,5108.10065,0.441762575,10074.797,0.802325157,-0.360562583
7800,-4959,5121,10192,11559,12560,-910,0.44,0.81,5110.09533,0.442088012,10079.8915,0.802539132,-0.36045112
7800,-4952,5122,10183,11561,12559,-919,0.44,0.81,5111.09799,0.442098261,10070.86,0.801883908,-0.359785647
7800,-4954,5119,10187,11560,12559,-941,0.44,0.81,5108.09666,0.441876874,10074.86,0.802202405,-0.360325531
7800,-4958,5117,10196,11555,12565,-964,0.44,0.81,5106.09001,0.441894419,10084.049,0.802550657,-0.360656238
7800,-4957,5122,10193,11565,12562,-987,0.44,0.81,5111.10331,0.441945812,10080.9545,0.80249598,-0.360550168
7800,-4958,5118,10188,11556,12555,-1000,0.44,0.81,5107.09134,0.44194283,10075.734,0.802527599,-0.360584769
7800,-4959,5127,10190,11568,12562,-1000,0.44,0.81,5116.1073,0.442263771,10077.9545,0.802257164,-0.359993394
7800,-4953,5124,10190,11562,12561,-1001,0.44,0.81,5113.09932,0.442233119,10077.923,0.802318526,-0.360085407
7800,-4958,5121,10194,11562,12563,-1001,0.44,0.81,5110.09932,0.441973648,10081.986,0.802514208,-0.36054056
7800,-4954,5119,10189,11549,12560,-1000,0.44,0.81,5108.08203,0.442296478,10076.8915,0.802300279,-0.3600038
7800,-4957,5123,10194,11556,12566,-1000,0.44,0.81,5112.09134,0.442375505,10082.0805,0.802330137,-0.359954632
7800,-4957,5118,10197,11553,12566,-944,0.44,0.81,5107.08735,0.442057245,10085.0805,0.802568876,-0.360511631
7800,-4957,5122,10190,11561,12558,-803,0.44,0.81,5111.09799,0.442098261,10077.8285,0.802502668,-0.360404407
7800,-4959,5122,10189,11562,12564,-661,0.44,0.81,5111.09932,0.442060138,10077.0175,0.802054879,-0.359994741
7800,-4954,5128,10190,11558,12559,-520,0.44,0.81,5117.094,0.442731788,10077.86,0.802441277,-0.35970949
7800,-4959,5118,10202,11558,12568,-435,0.44,0.81,5107.094,0.441866586,10090.1435,0.802844009,-0.360977423
7800,-4960,5122,10195,11554,12566,-435,0.44,0.81,5111.08868,0.4423653,10083.0805,0.802409717,-0.360044416
7800,-4960,5122,10190,11562,12559,-435,0.44,0.81,5111.09932,0.442060138,10077.86,0.802441277,-0.360381139
7800,-4958,5123,10193,11557,12558,-435,0.44,0.81,5112.09267,0.442337343,10080.8285,0.802741559,-0.360404216
7800,-4959,5122,10189,11561,12555,-435,0.44,0.81,5111.09799,0.442098261,10076.734,0.802607248,-0.360508988
7799,-4957,5126,10190,11564,12553,-435,0.44,0.81,5115.10198,0.442329815,10077.671,0.802809767,-0.360479952
7800,-4956,5124,10196,11563,12566,-392,0.44,0.81,5113.10065,0.442194988,10084.0805,0.802489297,-0.360294308
7800,-4957,5124,10194,11560,12564,-283,0.44,0.81,5113.09666,0.4423094,10082.0175,0.802452841,-0.360143442
7800,-4958,5117,10190,11559,12560,-174,0.44,0.81,5106.09533,0.441741961,10077.8915,0.802379896,-0.360637935
7800,-4959,5125,10187,11559,12555,-66,0.44,0.81,5114.09533,0.442434063,10074.734,0.802447949,-0.360013886
7800,-4959,5124,10197,11561,12567,0,0.44,0.81,5113.09799,0.442271256,10085.112,0.80250752,-0.360236264
7800,-4958,5120,10196,11562,12558,0,0.44,0.81,5109.09932,0.441887158,10083.8285,0.802980451,-0.361093293
7800,-4961,5119,10199,11561,12570,0,0.44,0.81,5108.09799,0.441838767,10087.2065,0.802482617,-0.36064385
7800,-4958,5121,10194,11559,12566,0,0.44,0.81,5110.09533,0.442088012,10082.0805,0.802330137,-0.360242125
7800,-4960,5118,10188,11555,12557,0,0.44,0.81,5107.09001,0.441980961,10075.797,0.802404794,-0.360423833
7800,-4962,5123,10189,11559,12554,0,0.44,0.81,5112.09533,0.442261037,10076.7025,0.802668671,-0.360407634
7800,-4956,5120,10193,11551,12564,-158,0.44,0.81,5109.08469,0.4423067,10081.0175,0.802373249,-0.360066549
7800,-4962,5120,10190,11555,12557,-553,0.44,0.81,5109.09001,0.442154047,10077.797,0.802564068,-0.360410021
7800,-4960,5122,10194,11560,12561,-948,0.44,0.81,5111.09666,0.442136389,10081.923,0.802636972,-0.360500582
7800,-4959,5120,10192,11556,12563,-1343,0.44,0.81,5109.09134,0.4421159,10079.986,0.802355011,-0.360239111
7800,-4962,5120,10202,11562,12571,-1580,0.44,0.81,5109.09932,0.441887158,10090.238,0.802659932,-0.360772774
7800,-4964,5123,10197,11567,12564,-1580,0.44,0.81,5112.10597,0.441956079,10085.0175,0.802691619,-0.36073554
7800,-4959,5119,10193,11556,12562,-1580,0.44,0.81,5108.09134,0.442029365,10080.9545,0.80249598,-0.360466615
7800,-4959,5118,10191,11560,12555,-1580,0.44,0.81,5107.09666,0.441790369,10078.734,0.802766547,-0.360976179
7800,-4958,5119,10194,11556,12562,-1580,0.44,0.81,5108.09134,0.442029365,10081.9545,0.802575585,-0.36054622
7800,-4960,5119,10195,11557,12561,-1580,0.44,0.81,5108.09267,0.441991232,10082.923,0.802716583,-0.360725351
7800,-4957,5119,10198,11555,12567,-1604,0.44,0.81,5108.09001,0.442067504,10086.112,0.802587093,-0.360519589
7800,-4961,5117,10188,11557,12557,-1663,0.44,0.81,5106.09267,0.441818177,10075.797,0.802404794,-0.360586617
7800,-4957,5121,10192,11560,12563,-1723,0.44,0.81,5110.09666,0.442049884,10079.986,0.802355011,-0.360305127
7800,-4961,5114,10195,11552,12560,-1783,0.44,0.81,5103.08602,0.441749136,10082.8915,0.802777986,-0.36102885
7800,-4965,5116,10193,11551,12558,-1819,0.44,0.81,5105.08469,0.441960409,10080.8285,0.802741559,-0.36078115
7800,-4955,5117,10187,11551,12556,-1819,0.44,0.81,5106.08469,0.442046982,10074.7655,0.802386548,-0.360339566
7800,-4958,5118,10192,11555,12557,-1819,0.44,0.81,5107.09001,0.441980961,10079.797,0.802723342,-0.36074238
7801,-4959,5119,10188,11549,12552,-1819,0.44,0.81,5108.08203,0.442296478,10075.6395,0.802711879,-0.3604154
7801,-4962,5118,10196,11548,12564,-1819,0.44,0.81,5107.0807,0.442248069,10084.0175,0.802612026,-0.360363957
7801,-4959,5118,10199,11556,12567,-1819,0.44,0.81,5107.09134,0.44194283,10087.112,0.802666667,-0.360723837
7800,-4956,5125,10194,11556,12563,-1554,0.44,0.81,5114.09134,0.442548576,10081.986,0.802514208,-0.359965633
7800,-4953,5118,10184,11554,12558,-891,0.44,0.81,5107.08868,0.4420191,10071.8285,0.802024885,-0.360005785
7800,-4956,5124,10196,11559,12570,-228,0.44,0.81,5113.09533,0.44234755,10084.2065,0.802243954,-0.359896404
7800,-4956,5119,10191,11557,12565,434,0.44,0.81,5108.09267,0.441991232,10079.049,0.802152726,-0.360161494
7800,-4959,5121,10193,11560,12561,832,0.44,0.81,5110.09666,0.442049884,10080.923,0.80255736,-0.360507476
7800,-4956,5120,10192,11554,12560,832,0.44,0.81,5109.08868,0.4421922,10079.8915,0.802539132,-0.360346932
7800,-4963,5123,10198,11568,12560,832,0.44,0.81,5112.1073,0.441917989,10085.8915,0.803016839,-0.36109885
7800,-4960,5123,10187,11554,12560,832,0.44,0.81,5112.08868,0.44245185,10074.8915,0.802141043,-0.359689193
7800,-4961,5112,10195,11555,12561,832,0.44,0.81,5101.09001,0.441461706,10082.923,0.802716583,-0.361254877
7800,-4962,5117,10195,11555,12567,832,0.44,0.81,5106.09001,0.441894419,10083.112,0.802348373,-0.360453954
7800,-4954,5119,10192,11554,12562,801,0.44,0.81,5108.08868,0.44210565,10079.9545,0.802416375,-0.360310725
7800,-4963,5117,10189,11558,12554,724,0.44,0.81,5106.094,0.441780066,10076.7025,0.802668671,-0.360888606
7800,-4959,5120,10188,11554,12558,648,0.44,0.81,5109.08868,0.4421922,10075.8285,0.802343407,-0.360151206
7800,-4957,5124,10192,11557,12562,571,0.44,0.81,5113.09267,0.44242387,10079.9545,0.802416375,-0.359992504
7801,-4961,5124,10187,11562,12555,525,0.44,0.81,5113.09932,0.442233119,10074.734,0.802447949,-0.36021483
7801,-4958,5123,10193,11554,12556,525,0.44,0.81,5112.08868,0.44245185,10080.7655,0.802864407,-0.360412557
7801,-4960,5121,10191,11562,12567,525,0.44,0.81,5110.09932,0.441973648,10079.112,0.802030079,-0.360056431
7800,-4958,5125,10195,11561,12565,525,0.44,0.81,5114.09799,0.442357754,10083.049,0.80247107,-0.360113317
7800,-4957,5121,10187,11561,12557,525,0.44,0.81,5110.09799,0.442011763,10074.797,0.802325157,-0.360313394
7800,-4958,5118,10181,11559,12555,525,0.44,0.81,5107.09533,0.441828474,10068.734,0.801970052,-0.360141578
7800,-4961,5121,10196,11560,12564,516,0.44,0.81,5110.09666,0.442049884,10084.0175,0.802612026,-0.360562142
7800,-4963,5119,10196,11559,12561,493,0.44,0.81,5108.09533,0.441914987,10083.923,0.802796195,-0.360881208
7800,-4957,5120,10191,11552,12562,470,0.44,0.81,5109.08602,0.442268527,10078.9545,0.80233677,-0.360068243
7800,-4959,5123,10172,11563,12538,447,0.44,0.81,5112.10065,0.442108506,10059.1985,0.802296897,-0.360188392
7800,-4953,5127,10192,11570,12564,433,0.44,0.81,5116.10996,0.442187551,10080.0175,0.802293656,-0.360106106
7800,-4957,5123,10192,11557,12561,433,0.44,0.81,5112.09267,0.442337343,10079.923,0.802477749,-0.360140406
7800,-4962,5125,10190,11564,12557,433,0.44,0.81,5114.10198,0.44224334,10077.797,0.802564068,-0.360320728
7801,-4962,5116,10192,11555,12558,433,0.44,0.81,5105.09001,0.441807876,10079.8285,0.802661929,-0.360854052
7801,-4960,5118,10184,11555,12553,433,0.44,0.81,5107.09001,0.441980961,10071.671,0.802331793,-0.360350832
7801,-4953,5121,10193,11551,12561,433,0.44,0.81,5110.08469,0.442393272,10080.923,0.80255736,-0.360164088
7800,-4956,5124,10197,11563,12559,342,0.44,0.81,5113.10065,0.442194988,10084.86,0.802998646,-0.360803658
7800,-4962,5113,10197,11550,12563,114,0.44,0.81,5102.08336,0.441738819,10084.986,0.802753005,-0.361014186
7800,-4965,5119,10197,11558,12561,-112,0.44,0.81,5108.094,0.441953106,10084.923,0.802875806,-0.3609227
7800,-4959,5120,10189,11556,12555,-340,0.44,0.81,5109.09134,0.4421159,10076.734,0.802607248,-0.360491348
7800,-4960,5117,10191,11559,12557,-477,0.44,0.81,5106.09533,0.441741961,10078.797,0.802643705,-0.360901743
7800,-4960,5122,10194,11557,12563,-477,0.44,0.81,5111.09267,0.442250815,10081.986,0.802514208,-0.360263393
7800,-4963,5120,10196,11560,12562,-477,0.44,0.81,5109.09666,0.441963379,10083.9545,0.802734795,-0.360771417
7800,-4957,5121,10188,11556,12556,-477,0.44,0.81,5110.09134,0.442202435,10075.7655,0.802466191,-0.360263756
7800,-4958,5119,10190,11555,12559,-477,0.44,0.81,5108.09001,0.442067504,10077.86,0.802441277,-0.360373773
7800,-4958,5125,10194,11568,12559,-477,0.44,0.81,5114.1073,0.44209088,10081.86,0.802759774,-0.360668894
7800,-4963,5112,10188,11548,12551,-482,0.44,0.81,5101.0807,0.441728498,10075.608,0.802773325,-0.361044826
7800,-4964,5117,10189,11549,12555,-494,0.44,0.81,5106.08203,0.442123303,10076.734,0.802607248,-0.360483945
7800,-4960,5121,10189,11556,12556,-507,0.44,0.81,5110.09134,0.442202435,10076.7655,0.802545835,-0.3603434
7800,-4960,5122,10195,11557,12560,-519,0.44,0.81,5111.09267,0.442250815,10082.8915,0.802777986,-0.360527171
7800,-4959,5114,10186,11547,12558,-527,0.44,0.81,5103.07937,0.441939843,10073.8285,0.802184146,-0.360244302
7800,-4962,5117,10193,11561,12556,-527,0.44,0.81,5106.09799,0.441665772,10080.7655,0.802864407,-0.361198635
7800,-4959,5120,10189,11559,12550,-527,0.44,0.81,5109.09533,0.442001499,10076.5765,0.802914462,-0.360912963
7800,-4963,5120,10190,11561,12557,-527,0.44,0.81,5109.09799,0.441925265,10077.797,0.802564068,-0.360638803
7801,-4962,5119,10192,11557,12557,-527,0.44,0.81,5108.09267,0.441991232,10079.797,0.802723342,-0.360732109
7801,-4958,5122,10192,11556,12557,-527,0.44,0.81,5111.09134,0.44228897,10079.797,0.802723342,-0.360434371
7801,-4954,5123,10194,11555,12567,-522,0.44,0.81,5112.09001,0.442413675,10082.112,0.802268799,-0.359855125
7801,-4961,5117,10196,11555,12562,-509,0.44,0.81,5106.09001,0.441894419,10083.9545,0.802734795,-0.360840377
7800,-4956,5119,10191,11555,12556,-497,0.44,0.81,5108.09001,0.442067504,10078.7655,0.802705121,-0.360637617
7800,-4961,5125,10187,11562,12552,-484,0.44,0.81,5114.09932,0.442319609,10074.6395,0.80263221,-0.360312601
7800,-4954,5125,10187,11564,12559,-477,0.44,0.81,5114.10198,0.44224334,10074.86,0.802202405,-0.359959065
7800,-4960,5122,10196,11561,12566,-477,0.44,0.81,5111.09799,0.442098261,10084.0805,0.802489297,-0.360391036
7800,-4960,5126,10193,11563,12567,-477,0.44,0.81,5115.10065,0.442367954,10081.112,0.802189226,-0.359821272
7800,-4962,5119,10192,11554,12560,-477,0.44,0.81,5108.08868,0.44210565,10079.8915,0.802539132,-0.360433482
7800,-4958,5118,10191,11554,12561,-477,0.44,0.81,5107.08868,0.4420191,10078.923,0.802398137,-0.360379037
7800,-4955,5123,10194,11564,12566,-477,0.44,0.81,5112.10198,0.442070389,10082.0805,0.802330137,-0.360259748
7800,-4958,5122,10186,11559,12552,-329,0.44,0.81,5111.09533,0.442174525,10073.6395,0.802552541,-0.360378017
7800,-4958,5119,10192,11553,12564,115,0.44,0.81,5108.08735,0.442143802,10080.0175,0.802293656,-0.360149854
7800,-4961,5120,10193,11554,12559,560,0.44,0.81,5109.08868,0.4421922,10080.86,0.80268015,-0.36048795
7800,-4958,5123,10187,11563,12553,1006,0.44,0.81,5112.10065,0.442108506,10074.671,0.80257078,-0.360462274
7800,-4961,5122,10192,11558,12553,1303,0.44,0.81,5111.094,0.442212667,10079.671,0.802969091,-0.360756425
7800,-4960,5119,10198,11552,12568,1303,0.44,0.81,5108.08602,0.442181962,10086.1435,0.80252574,-0.360343778
7800,-4958,5118,10186,11556,12561,1303,0.44,0.81,5107.09134,0.44194283,10073.923,0.80200008,-0.36005725
7800,-4963,5120,10195,11560,12564,1303,0.44,0.81,5109.09666,0.441963379,10083.0175,0.802532434,-0.360569055
7800,-4959,5117,10189,11554,12563,1303,0.44,0.81,5106.08868,0.44193255,10076.986,0.802116214,-0.360183665
7800,-4962,5119,10189,11558,12567,1303,0.44,0.81,5108.094,0.441953106,10077.112,0.801870932,-0.359917826
7800,-4958,5125,10194,11563,12567,1173,0.44,0.81,5114.10065,0.442281471,10082.112,0.802268799,-0.359987328
7800,-4957,5121,10194,11561,12560,847,0.44,0.81,5110.09799,0.442011763,10081.8915,0.802698368,-0.360686605
7800,-4956,5117,10191,11553,12566,520,0.44,0.81,5106.08735,0.441970687,10079.0805,0.802091397,-0.36012071
7801,-4961,5121,10191,11556,12558,194,0.44,0.81,5110.09134,0.442202435,10078.8285,0.802582298,-0.360379863
7800,-4957,5123,10189,11556,12565,0,0.44,0.81,5112.09134,0.442375505,10077.049,0.801993554,-0.359618048
7800,-4963,5118,10187,11557,12558,0,0.44,0.81,5107.09267,0.441904705,10074.8285,0.802263776,-0.360359072
7800,-4960,5121,10193,11560,12566,0,0.44,0.81,5110.09666,0.442049884,10081.0805,0.802250557,-0.360200673
7800,-4961,5124,10198,11559,12562,0,0.44,0.81,5113.09533,0.44234755,10085.9545,0.802894006,-0.360546456
7800,-4960,5124,10197,11560,12563,0,0.44,0.81,5113.09666,0.4423094,10084.986,0.802753005,-0.360443605
7801,-4961,5118,10195,11560,12562,0,0.44,0.81,5107.09666,0.441790369,10082.9545,0.80265519,-0.360864822
7801,-4956,5116,10198,11550,12566,0,0.44,0.81,5105.08336,0.441998559,10086.0805,0.802648456,-0.360649897
7801,-4958,5118,10196,11560,12567,-137,0.44,0.81,5107.09666,0.441790369,10084.112,0.802427946,-0.360637578
7801,-4962,5120,10192,11560,12559,-364,0.44,0.81,5109.09666,0.441963379,10079.86,0.802600526,-0.360637147
7800,-4956,5119,10202,11562,12570,-591,0.44,0.81,5108.09932,0.441800668,10090.2065,0.802721281,-0.360920613
7800,-4951,5122,10196,11564,12568,-819,0.44,0.81,5111.10198,0.441983914,10084.1435,0.802366606,-0.360382692
7800,-4960,5125,10193,11560,12564,-910,0.44,0.81,5114.09666,0.442395905,10081.0175,0.802373249,-0.359977344
7800,-4954,5123,10193,11556,12564,-910,0.44,0.81,5112.09134,0.442375505,10081.0175,0.802373249,-0.359997744
7800,-4961,5122,10192,11564,12564,-910,0.44,0.81,5111.10198,0.441983914,10080.0175,0.802293656,-0.360309743
7800,-4958,5120,10187,11556,12560,-910,0.44,0.81,5109.09134,0.4421159,10074.8915,0.802141043,-0.360025143
7800,-4956,5125,10199,11560,12563,-910,0.44,0.81,5114.09666,0.442395905,10086.986,0.802912202,-0.360516298
7800,-4953,5118,10189,11558,12564,-859,0.44,0.81,5107.094,0.441866586,10077.0175,0.802054879,-0.360188293
7800,-4958,5121,10190,11556,12564,-731,0.44,0.81,5110.09134,0.442202435,10078.0175,0.802134472,-0.359932036
7800,-4960,5120,10186,11559,12553,-604,0.44,0.81,5109.09533,0.442001499,10073.671,0.802491118,-0.360489618
7800,-4961,5120,10195,11560,12564,-477,0.44,0.81,5109.09666,0.441963379,10083.0175,0.802532434,-0.360569055
7800,-4953,5121,10195,11556,12565,-400,0.44,0.81,5110.09134,0.442202435,10083.049,0.80247107,-0.360268635
7800,-4954,5122,10188,11558,12555,-400,0.44,0.81,5111.094,0.442212667,10075.734,0.802527599,-0.360314932
7800,-4960,5120,10194,11563,12564,-400,0.44,0.81,5109.10065,0.441849057,10082.0175,0.802452841,-0.360603784
7800,-4959,5120,10191,11555,12561,-400,0.44,0.81,5109.09001,0.442154047,10078.923,0.802398137,-0.36024409
7800,-4958,5119,10187,11558,12558,-400,0.44,0.81,5108.094,0.441953106,10074.8285,0.802263776,-0.36031067
7800,-4959,5120,10189,11553,12556,-400,0.44,0.81,5109.08735,0.44223036,10076.7655,0.802545835,-0.360315475
7801,-4959,5116,10184,11550,12552,-491,0.44,0.81,5105.08336,0.441998559,10071.6395,0.802393204,-0.360394645
7801,-4960,5116,10191,11555,12557,-717,0.44,0.81,5105.09001,0.441807876,10078.797,0.802643705,-0.360835828
7801,-4957,5122,10187,11562,12552,-943,0.44,0.81,5111.09932,0.442060138,10074.6395,0.80263221,-0.360572072
7801,-4958,5123,10199,11554,12561,-1170,0.44,0.81,5112.08868,0.44245185,10086.923,0.803035029,-0.360583179
7800,-4958,5121,10191,11558,12555,-1305,0.44,0.81,5110.094,0.442126146,10078.734,0.802766547,-0.360640401
7800,-4958,5116,10191,11555,12564,-1305,0.44,0.81,5105.09001,0.441807876,10079.0175,0.802214064,-0.360406188
7800,-4958,5115,10190,11554,12554,-1305,0.44,0.81,5104.08868,0.44175945,10077.7025,0.802748327,-0.360988878
7800,-4956,5119,10187,11552,12558,-1305,0.44,0.81,5108.08602,0.442181962,10074.8285,0.802263776,-0.360081815
7800,-4963,5116,10181,11552,12552,-1305,0.44,0.81,5105.08602,0.441922266,10068.6395,0.802154199,-0.360231932
7800,-4957,5122,10191,11563,12554,-1305,0.44,0.81,5111.10065,0.442022023,10078.7025,0.802827983,-0.36080596
7801,-4959,5122,10189,11561,12553,-1216,0.44,0.81,5111.09799,0.442098261,10076.671,0.802730104,-0.360631844
7801,-4963,5120,10185,11559,12557,-771,0.44,0.81,5109.09533,0.442001499,10072.797,0.802165884,-0.360164384
7801,-4964,5117,10188,11557,12553,-326,0.44,0.81,5106.09267,0.441818177,10075.671,0.802650442,-0.360832265
7801,-4956,5122,10192,11560,12559,119,0.44,0.81,5111.09666,0.442136389,10079.86,0.802600526,-0.360464136
7800,-4961,5117,10193,11556,12557,475,0.44,0.81,5106.09134,0.441856295,10080.797,0.802802978,-0.360946684
7800,-4961,5121,10191,11560,12561,475,0.44,0.81,5110.09666,0.442049884,10078.923,0.802398137,-0.360348253
7800,-4958,5122,10189,11559,12556,475,0.44,0.81,5111.09533,0.442174525,10076.7655,0.802545835,-0.36037131
7800,-4964,5124,10196,11566,12563,475,0.44,0.81,5113.10464,0.442080636,10083.986,0.802673406,-0.36059277
7800,-4960,5126,10189,11563,12551,475,0.44,0.81,5115.10065,0.442367954,10076.608,0.802853,-0.360485046
7800,-4958,5120,10185,11558,12556,475,0.44,0.81,5109.094,0.442039626,10072.7655,0.802227262,-0.360187636
7800,-4960,5121,10192,11559,12558,386,0.44,0.81,5110.09533,0.442088012,10079.8285,0.802661929,-0.360573917
7801,-4960,5118,10187,11550,12556,-58,0.44,0.81,5107.08336,0.442171719,10074.7655,0.802386548,-0.360214829
7801,-4958,5124,10193,11559,12560,-504,0.44,0.81,5113.09533,0.44234755,10080.8915,0.80261875,-0.3602712
7801,-4966,5121,10191,11559,12556,-949,0.44,0.81,5110.09533,0.442088012,10078.7655,0.802705121,-0.360617109
7801,-4956,5121,10185,11562,12551,-1305,0.44,0.81,5110.09932,0.441973648,10072.608,0.8025343,-0.360560652
7801,-4959,5123,10189,11560,12559,-1305,0.44,0.81,5112.09666,0.442222894,10076.86,0.802361653,-0.360138759
7800,-4958,5122,10192,11557,12564,-1305,0.44,0.81,5111.09267,0.442250815,10080.0175,0.802293656,-0.360042841
7800,-4962,5118,10185,11560,12557,-1305,0.44,0.81,5107.09666,0.441790369,10072.797,0.802165884,-0.360375515
7800,-4960,5122,10193,11565,12554,-1305,0.44,0.81,5111.10331,0.441945812,10080.7025,0.802987295,-0.361041483
7800,-4961,5115,10189,11555,12560,-1305,0.44,0.81,5104.09001,0.441721334,10076.8915,0.802300279,-0.360578945
7800,-4958,5123,10195,11560,12565,-1227,0.44,0.81,5112.09666,0.442222894,10083.049,0.80247107,-0.360248176
7800,-4957,5120,10187,11555,12561,-901,0.44,0.81,5109.09001,0.442154047,10074.923,0.802079691,-0.359925644
7800,-4961,5119,10198,11555,12570,-575,0.44,0.81,5108.09001,0.442067504,10086.2065,0.802403063,-0.360335559
7800,-4961,5118,10189,11555,12557,-249,0.44,0.81,5107.09001,0.441980961,10076.797,0.802484431,-0.36050347
7800,-4956,5118,10197,11551,12563,0,0.44,0.81,5107.08469,0.442133555,10084.986,0.802753005,-0.36061945
7800,-4960,5120,10197,11561,12559,0,0.44,0.81,5109.09799,0.441925265,10084.86,0.802998646,-0.361073381
7800,-4961,5121,10191,11557,12560,0,0.44,0.81,5110.09267,0.442164287,10078.8915,0.802459514,-0.360295227
7801,-4960,5120,10194,11552,12560,0,0.44,0.81,5109.08602,0.442268527,10081.8915,0.802698368,-0.360429841
7801,-4968,5122,10193,11563,12554,0,0.44,0.81,5111.10065,0.442022023,10080.7025,0.802987295,-0.360965272
7801,-4961,5121,10185,11561,12550,0,0.44,0.81,5110.09799,0.442011763,10072.5765,0.802595737,-0.360583974
7801,-4959,5123,10188,11563,12557,77,0.44,0.81,5112.10065,0.442108506,10075.797,0.802404794,-0.360296289
7801,-4962,5114,10191,11559,12563,472,0.44,0.81,5103.09533,0.441482423,10078.986,0.802275412,-0.360792989
7801,-4959,5123,10190,11559,12556,867,0.44,0.81,5112.09533,0.442261037,10077.7655,0.802625478,-0.360364441
7800,-4957,5119,10194,11555,12560,1262,0.44,0.81,5108.09001,0.442067504,10081.8915,0.802698368,-0.360630864
7800,-4960,5119,10194,11562,12562,1578,0.44,0.81,5108.09932,0.441800668,10081.9545,0.802575585,-0.360774917
7800,-4959,5126,10196,11560,12564,1578,0.44,0.81,5115.09666,0.44248241,10084.0175,0.802612026,-0.360129616
7800,-4960,5130,10194,11564,12566,1578,0.44,0.81,5119.10198,0.442675716,10082.0805,0.802330137,-0.359654421
7800,-4957,5122,10198,11559,12563,1578,0.44,0.81,5111.09533,0.442174525,10085.986,0.802832604,-0.360658079
7800,-4960,5117,10196,11557,12565,1578,0.44,0.81,5106.09267,0.441818177,10084.049,0.802550657,-0.36073248
7800,-4955,5122,10187,11563,12555,1578,0.44,0.81,5111.10065,0.442022023,10074.734,0.802447949,-0.360425926
7800,-4960,5116,10187,11558,12558,1449,0.44,0.81,5105.094,0.441693546,10074.8285,0.802263776,-0.36057023
7800,-4954,5122,10193,11554,12563,804,0.44,0.81,5111.08868,0.4423653,10080.986,0.80243461,-0.360069309
7800,-4959,5121,10189,11562,12558,159,0.44,0.81,5110.09932,0.441973648,10076.8285,0.802423037,-0.360449389
7800,-4959,5115,10188,11552,12559,-485,0.44,0.81,5104.08602,0.441835701,10075.86,0.802282029,-0.360446328
7800,-4959,5117,10191,11551,12559,-1000,0.44,0.81,5106.08469,0.442046982,10078.86,0.802520901,-0.360473919
7800,-4957,5118,10194,11552,12564,-1000,0.44,0.81,5107.08602,0.442095396,10082.0175,0.802452841,-0.360357445
7800,-4959,5119,10182,11556,12553,-1000,0.44,0.81,5108.09134,0.442029365,10069.671,0.802172469,-0.360143104
7801,-4960,5118,10189,11558,12559,-1000,0.44,0.81,5107.094,0.441866586,10076.86,0.802361653,-0.360495067
7801,-4960,5118,10188,11555,12554,-1000,0.44,0.81,5107.09001,0.441980961,10075.7025,0.802589015,-0.360608054
7801,-4961,5118,10200,11556,12564,-1000,0.44,0.81,5107.09134,0.44194283,10088.0175,0.802930396,-0.360987567
7801,-4961,5118,10194,11550,12564,-992,0.44,0.81,5107.08336,0.442171719,10082.0175,0.802452841,-0.360281122
7801,-4958,5119,10197,11557,12563,-951,0.44,0.81,5108.09267,0.441991232,10084.986,0.802753005,-0.360761773
7800,-4960,5123,10190,11562,12554,-909,0.44,0.81,5112.09932,0.442146629,10077.7025,0.802748327,-0.360601699
7800,-4960,5124,10193,11560,12560,-867,0.44,0.81,5113.09666,0.4423094,10080.8915,0.80261875,-0.36030935
7800,-4958,5119,10193,11556,12555,-834,0.44,0.81,5108.09134,0.442029365,10080.734,0.802925846,-0.360896481
7800,-4958,5123,10194,11557,12563,-834,0.44,0.81,5112.09267,0.442337343,10081.986,0.802514208,-0.360176866
7800,-4960,5120,10193,11562,12564,-834,0.44,0.81,5109.09932,0.441887158,10081.0175,0.802373249,-0.360486091
7800,-4951,5124,10196,11554,12562,-834,0.44,0.81,5113.08868,0.442538401,10083.9545,0.802734795,-0.360196395
7800,-4957,5120,10199,11562,12572,-834,0.44,0.81,5109.09932,0.441887158,10087.2695,0.802359967,-0.360472809
7800,-4960,5120,10193,11558,12556,-834,0.44,0.81,5109.094,0.442039626,10080.7655,0.802864407,-0.360824781
7800,-4955,5120,10184,11557,12563,-772,0.44,0.81,5109.09267,0.44207776,10071.986,0.80171822,-0.35964046
7800,-4955,5121,10195,11559,12560,-464,0.44,0.81,5110.09533,0.442088012,10082.8915,0.802777986,-0.360689974
7800,-4958,5121,10190,11563,12560,-156,0.44,0.81,5110.10065,0.44193554,10077.8915,0.802379896,-0.360444356
7800,-4962,5122,10189,11553,12558,152,0.44,0.81,5111.08735,0.442403475,10076.8285,0.802423037,-0.360019562
7800,-4957,5116,10185,11557,12553,398,0.44,0.81,5105.09267,0.441731649,10072.671,0.802411455,-0.360679806
7800,-4956,5120,10193,11560,12560,398,0.44,0.81,5109.09666,0.441963379,10080.8915,0.80261875,-0.360655371
7800,-4958,5117,10188,11552,12554,398,0.44,0.81,5106.08602,0.442008831,10075.7025,0.802589015,-0.360580184
7800,-4956,5118,10187,11559,12554,398,0.44,0.81,5107.09533,0.441828474,10074.7025,0.80250936,-0.360680886
7800,-4954,5119,10188,11556,12562,398,0.44,0.81,5108.09134,0.442029365,10075.9545,0.802097954,-0.360068589
7800,-4964,5119,10191,11560,12556,398,0.44,0.81,5108.09666,0.441876874,10078.7655,0.802705121,-0.360828247
7800,-4957,5119,10189,11553,12561,333,0.44,0.81,5108.08735,0.442143802,10076.923,0.802238914,-0.360095112
7800,-4955,5126,10192,11560,12560,6,0.44,0.81,5115.09666,0.44248241,10079.8915,0.802539132,-0.360056722
7800,-4960,5119,10193,11551,12562,-320,0.44,0.81,5108.08469,0.442220127,10080.9545,0.80249598,-0.360275853
7800,-4956,5119,10186,11558,12555,-648,0.44,0.81,5108.094,0.441953106,10073.734,0.802368299,-0.360415193
7800,-4962,5119,10194,11562,12561,-910,0.44,0.81,5108.09932,0.441800668,10081.923,0.802636972,-0.360836304
7801,-4960,5123,10188,11565,12557,-910,0.44,0.81,5112.10331,0.442032279,10075.797,0.802404794,-0.360372515
7801,-4957,5117,10186,11554,12555,-910,0.44,0.81,5106.08868,0.44193255,10073.734,0.802368299,-0.36043575
7801,-4962,5120,10197,11559,12569,-910,0.44,0.81,5109.09533,0.442001499,10085.175,0.802384836,-0.360383336
7801,-4960,5121,10183,11561,12554,-910,0.44,0.81,5110.09799,0.442011763,10070.7025,0.802190736,-0.360178973
7800,-4953,5123,10187,11550,12556,-910,0.44,0.81,5112.08336,0.44260462,10074.7655,0.802386548,-0.359781928
7800,-4954,5125,10191,11565,12560,-952,0.44,0.81,5114.10331,0.442205215,10078.8915,0.802459514,-0.360254299
7800,-4956,5120,10186,11564,12558,-1166,0.44,0.81,5109.10198,0.441810963,10073.8285,0.802184146,-0.360373182
7800,-4955,5124,10191,11559,12564,-1380,0.44,0.81,5113.09533,0.44234755,10079.0175,0.802214064,-0.359866514
7800,-4960,5119,10184,11561,12554,-1594,0.44,0.81,5108.09799,0.441838767,10071.7025,0.802270392,-0.360431624
7800,-4956,5121,10188,11563,12559,-1766,0.44,0.81,5110.10065,0.44193554,10075.86,0.802282029,-0.360346489
7800,-4960,5121,10191,11551,12550,-1766,0.44,0.81,5110.08469,0.442393272,10078.5765,0.803073825,-0.360680552
7800,-4959,5119,10189,11553,12555,-1765,0.44,0.81,5108.08735,0.442143802,10076.734,0.802607248,-0.360463446
7800,-4958,5121,10192,11555,12562,-1765,0.44,0.81,5110.09001,0.442240589,10079.9545,0.802416375,-0.360175785
7800,-4957,5120,10187,11556,12558,-1765,0.44,0.81,5109.09134,0.4421159,10074.8285,0.802263776,-0.360147876
7800,-4958,5120,10190,11557,12561,-1766,0.44,0.81,5109.09267,0.44207776,10077.923,0.802318526,-0.360240766
7800,-4961,5125,10194,11558,12561,-1612,0.44,0.81,5114.094,0.442472227,10081.923,0.802636972,-0.360164745
7800,-4956,5122,10184,11563,12555,-845,0.44,0.81,5111.10065,0.442022023,10071.734,0.802209,-0.360186978
7800,-4960,5114,10192,11553,12560,-77,0.44,0.81,5103.08735,0.441711014,10079.8915,0.802539132,-0.360828118
7801,-4962,5119,10193,11556,12556,689,0.44,0.81,5108.09134,0.442029365,10080.7655,0.802864407,-0.360835043
7800,-4956,5117,10181,11558,12550,1303,0.44,0.81,5106.094,0.441780066,10068.5765,0.802277012,-0.360496946
7800,-4961,5116,10184,11556,12552,1303,0.44,0.81,5105.09134,0.441769759,10071.6395,0.802393204,-0.360623445
7800,-4960,5118,10194,11554,12563,1303,0.44,0.81,5107.08868,0.4420191,10081.986,0.802514208,-0.360495109
7800,-4964,5123,10195,11562,12556,1303,0.44,0.81,5112.09932,0.442146629,10082.7655,0.803023694,-0.360877065
7800,-4962,5124,10189,11561,12559,1303,0.44,0.81,5113.09799,0.442271256,10076.86,0.802361653,-0.360090397
7800,-4962,5119,10193,11560,12556,1303,0.44,0.81,5108.09666,0.441876874,10080.7655,0.802864407,-0.360987534
7801,-4954,5120,10199,11551,12570,1173,0.44,0.81,5109.08469,0.4423067,10087.2065,0.802482617,-0.360175917
7801,-4961,5122,10185,11567,12558,520,0.44,0.81,5111.10597,0.441869627,10072.8285,0.802104515,-0.360234889
7801,-4963,5118,10197,11557,12560,-131,0.44,0.81,5107.09267,0.441904705,10084.8915,0.802937221,-0.361032517
7801,-4962,5122,10191,11557,12559,-783,0.44,0.81,5111.09267,0.442250815,10078.86,0.802520901,-0.360270086
7800,-4958,5119,10193,11560,12563,-1305,0.44,0.81,5108.09666,0.441876874,10080.986,0.80243461,-0.360557736
7800,-4953,5129,10194,11562,12562,-1305,0.44,0.81,5118.09932,0.44266557,10081.9545,0.802575585,-0.359910015
7800,-4956,5125,10199,11565,12565,-1305,0.44,0.81,5114.10331,0.442205215,10087.049,0.802789415,-0.3605842
7800,-4957,5125,10194,11565,12564,-1305,0.44,0.81,5114.10331,0.442205215,10082.0175,0.802452841,-0.360247627
7800,-4962,5123,10195,11563,12566,-1305,0.44,0.81,5112.10065,0.442108506,10083.0805,0.802409717,-0.360301211
7800,-4956,5116,10186,11554,12556,-1305,0.44,0.81,5105.08868,0.441846,10073.7655,0.802306905,-0.360460905
7800,-4956,5121,10189,11565,12559,-1262,0.44,0.81,5110.10331,0.441859344,10076.86,0.802361653,-0.360502309
7800,-4954,5123,10192,11562,12562,-1044,0.44,0.81,5112.09932,0.442146629,10079.9545,0.802416375,-0.360269746
7800,-4955,5125,10196,11568,12561,-827,0.44,0.81,5114.1073,0.44209088,10083.923,0.802796195,-0.360705315
7800,-4958,5124,10191,11560,12561,-609,0.44,0.81,5113.09666,0.4423094,10078.923,0.802398137,-0.360088737
7800,-4960,5120,10195,11560,12562,-435,0.44,0.81,5109.09666,0.441963379,10082.9545,0.80265519,-0.360691811
7800,-4958,5123,10189,11556,12558,-435,0.44,0.81,5112.09134,0.442375505,10076.8285,0.802423037,-0.360047532
7800,-4960,5121,10190,11562,12559,-435,0.44,0.81,5110.09932,0.441973648,10077.86,0.802441277,-0.360467629
7800,-4960,5123,10193,11564,12557,-435,0.44,0.81,5112.10198,0.442070389,10080.797,0.802802978,-0.360732589
7800,-4959,5122,10190,11555,12561,-435,0.44,0.81,5111.09001,0.442327132,10077.923,0.802318526,-0.359991394
7800,-4960,5122,10189,11556,12556,-435,0.44,0.81,5111.09134,0.44228897,10076.7655,0.802545835,-0.360256864
7800,-4955,5123,10194,11560,12562,-459,0.44,0.81,5112.09666,0.442222894,10081.9545,0.802575585,-0.360352691
7800,-4960,5120,10190,11556,12560,-577,0.44,0.81,5109.09134,0.4421159,10077.8915,0.802379896,-0.360263997
7800,-4958,5121,10194,11556,12563,-696,0.44,0.81,5110.09134,0.442202435,10081.986,0.802514208,-0.360311773
7800,-4961,5114,10190,11555,12562,-815,0.44,0.81,5103.09001,0.441634791,10077.9545,0.802257164,-0.360622373
7800,-4957,5118,10202,11555,12562,-910,0.44,0.81,5107.09001,0.441980961,10089.9545,0.803212426,-0.361231465
7800,-4958,5122,10195,11555,12564,-910,0.44,0.81,5111.09001,0.442327132,10083.0175,0.802532434,-0.360205302
7800,-4959,5121,10196,11556,12563,-910,0.44,0.81,5110.09134,0.442202435,10083.986,0.802673406,-0.360470971
7800,-4957,5121,10190,11560,12561,-910,0.44,0.81,5110.09666,0.442049884,10077.923,0.802318526,-0.360268642
7800,-4957,5123,10191,11561,12559,-910,0.44,0.81,5112.09799,0.442184758,10078.86,0.802520901,-0.360336143
7800,-4959,5116,10194,11551,12560,-910,0.44,0.81,5105.08469,0.441960409,10081.8915,0.802698368,-0.360737958
7800,-4957,5118,10190,11562,12561,-886,0.44,0.81,5107.09932,0.441714177,10077.923,0.802318526,-0.360604348
7800,-4956,5121,10195,11553,12561,-767,0.44,0.81,5110.08735,0.442316918,10082.923,0.802716583,-0.360399665
7800,-4960,5116,10198,11558,12569,-649,0.44,0.81,5105.094,0.441693546,10086.175,0.802464397,-0.360770851
7800,-4960,5120,10189,11558,12555,-530,0.44,0.81,5109.094,0.442039626,10076.734,0.802607248,-0.360567622
7800,-4954,5119,10192,11550,12564,-435,0.44,0.81,5108.08336,0.4422583,10080.0175,0.802293656,-0.360035357
7800,-4957,5120,10189,11559,12558,-435,0.44,0.81,5109.09533,0.442001499,10076.8285,0.802423037,-0.360421538
7799,-4958,5121,10190,11555,12560,-435,0.44,0.81,5110.09001,0.442240589,10077.8915,0.802379896,-0.360139307
7800,-4957,5123,10190,11554,12564,-435,0.44,0.81,5112.08868,0.44245185,10078.0175,0.802134472,-0.359682621
7800,-4958,5118,10191,11555,12564,-435,0.44,0.81,5107.09001,0.441980961,10079.0175,0.802214064,-0.360233103
7800,-4957,5124,10188,11569,12562,-435,0.44,0.81,5113.10863,0.441966344,10075.9545,0.802097954,-0.36013161
7800,-4953,5116,10188,11552,12558,-390,0.44,0.81,5105.08602,0.441922266,10075.8285,0.802343407,-0.36042114
7799,-4960,5124,10194,11568,12568,-162,0.44,0.81,5113.1073,0.442004435,10082.1435,0.802207471,-0.360203037
7799,-4958,5123,10190,11561,12562,65,0.44,0.81,5112.09799,0.442184758,10077.9545,0.802257164,-0.360072406
7799,-4961,5117,10185,11562,12558,293,0.44,0.81,5106.09932,0.441627687,10072.8285,0.802104515,-0.360476828
7800,-4954,5123,10190,11560,12560,475,0.44,0.81,5112.09666,0.442222894,10077.8915,0.802379896,-0.360157002
7800,-4960,5126,10191,11566,12558,475,0.44,0.81,5115.10464,0.442253557,10078.8285,0.802582298,-0.360328741
7800,-4958,5117,10190,11554,12558,475,0.44,0.81,5106.08868,0.44193255,10077.8285,0.802502668,-0.360570118
7800,-4962,5123,10192,11567,12562,475,0.44,0.81,5112.10597,0.441956079,10079.9545,0.802416375,-0.360460295
7800,-4960,5122,10187,11560,12561,475,0.44,0.81,5111.09666,0.442136389,10074.923,0.802079691,-0.359943302
7800,-4958,5119,10189,11556,12555,475,0.44,0.81,5108.09134,0.442029365,10076.734,0.802607248,-0.360577883
7800,-4961,5122,10188,11561,12554,542,0.44,0.81,5111.09799,0.442098261,10075.7025,0.802589015,-0.360490755
7800,-4961,5120,10191,11558,12554,877,0.44,0.81,5109.094,0.442039626,10078.7025,0.802827983,-0.360788357
7800,-4954,5128,10190,11560,12560,1213,0.44,0.81,5117.09666,0.44265542,10077.8915,0.802379896,-0.359724476
7800,-4958,5123,10193,11561,12562,1548,0.44,0.81,5112.09799,0.442184758,10080.9545,0.80249598,-0.360311222
7800,-4957,5126,10199,11568,12567,1817,0.44,0.81,5115.1073,0.442177325,10087.112,0.802666667,-0.360489341
7800,-4956,5122,10184,11561,12555,1817,0.44,0.81,5111.09799,0.442098261,10071.734,0.802209,-0.36011074
7800,-4958,5123,10193,11562,12563,1817,0.44,0.81,5112.09932,0.442146629,10080.986,0.80243461,-0.360287981
7799,-4958,5122,10194,11563,12569,1817,0.44,0.81,5111.10065,0.442022023,10082.175,0.802146153,-0.36012413
7799,-4956,5125,10187,11560,12563,1817,0.44,0.81,5114.09666,0.442395905,10074.986,0.801957017,-0.359561112
7799,-4960,5121,10195,11565,12567,1817,0.44,0.81,5110.10331,0.441859344,10083.112,0.802348373,-0.360489029
7800,-4956,5125,10194,11562,12565,1726,0.44,0.81,5114.09932,0.442319609,10082.049,0.802391484,-0.360071875
7800,-4960,5124,10188,11561,12560,1271,0.44,0.81,5113.09799,0.442271256,10075.8915,0.802220661,-0.359949405
7800,-4959,5123,10188,11563,12558,817,0.44,0.81,5112.10065,0.442108506,10075.8285,0.802343407,-0.360234901
7800,-4960,5118,10190,11558,12561,362,0.44,0.81,5107.094,0.441866586,10077.923,0.802318526,-0.36045194
7800,-4954,5120,10190,11558,12558,0,0.44,0.81,5109.094,0.442039626,10077.8285,0.802502668,-0.360463041
7800,-4958,5119,10191,11562,12561,0,0.44,0.81,5108.09932,0.441800668,10078.923,0.802398137,-0.360597469
7800,-4956,5127,10188,11565,12558,0,0.44,0.81,5116.10331,0.44237815,10075.8285,0.802343407,-0.359965256
7800,-4958,5118,10191,11558,12560,0,0.44,0.81,5107.094,0.441866586,10078.8915,0.802459514,-0.360592928
7800,-4956,5123,10191,11565,12559,0,0.44,0.81,5112.10331,0.442032279,10078.86,0.802520901,-0.360488622
7800,-4961,5124,10197,11566,12561,0,0.44,0.81,5113.10464,0.442080636,10084.923,0.802875806,-0.36079517
7800,-4956,5124,10195,11561,12562,-24,0.44,0.81,5113.09799,0.442271256,10082.9545,0.80265519,-0.360383934
7799,-4959,5121,10184,11567,12556,-143,0.44,0.81,5110.10597,0.441783174,10071.7655,0.802147619,-0.360364445
7799,-4959,5118,10191,11559,12563,-262,0.44,0.81,5107.09533,0.441828474,10078.986,0.802275412,-0.360446938
7799,-4960,5125,10188,11571,12557,-381,0.44,0.81,5114.11129,0.441976604,10075.797,0.802404794,-0.36042819
7799,-4959,5125,10190,11563,12549,-477,0.44,0.81,5114.10065,0.442281471,10077.545,0.803055622,-0.360774151
7799,-4960,5122,10189,11564,12556,-477,0.44,0.81,5111.10198,0.441983914,10076.7655,0.802545835,-0.360561921
7800,-4957,5124,10184,11562,12554,-477,0.44,0.81,5113.09932,0.442233119,10071.7025,0.802270392,-0.360037273
7800,-4959,5120,10199,11561,12563,-477,0.44,0.81,5109.09799,0.441925265,10086.986,0.802912202,-0.360986937
7800,-4957,5121,10193,11551,12556,-477,0.44,0.81,5110.08469,0.442393272,10080.7655,0.802864407,-0.360471135
7800,-4955,5121,10199,11561,12564,-477,0.44,0.81,5110.09799,0.442011763,10087.0175,0.802850804,-0.360839041
7800,-4957,5121,10191,11563,12558,-477,0.44,0.81,5110.10065,0.44193554,10078.8285,0.802582298,-0.360646758
7800,-4961,5123,10192,11557,12561,-477,0.44,0.81,5112.09267,0.442337343,10079.923,0.802477749,-0.360140406
7800,-4957,5118,10196,11556,12565,-477,0.44,0.81,5107.09134,0.44194283,10084.049,0.802550657,-0.360607827
7799,-4959,5124,10189,11564,12556,-477,0.44,0.81,5113.10198,0.442156864,10076.7655,0.802545835,-0.36038897
7799,-4962,5119,10193,11548,12562,-477,0.44,0.81,5108.0807,0.442334664,10080.9545,0.80249598,-0.360161316
7799,-4959,5121,10197,11555,12565,-477,0.44,0.81,5110.09001,0.442240589,10085.049,0.802630243,-0.360389653
7800,-4960,5121,10191,11560,12555,-477,0.44,0.81,5110.09666,0.442049884,10078.734,0.802766547,-0.360716663
7800,-4958,5128,10192,11560,12565,-477,0.44,0.81,5117.09666,0.44265542,10080.049,0.802232312,-0.359576892
7800,-4965,5113,10200,11544,12564,-477,0.44,0.81,5102.07538,0.441967722,10088.0175,0.802930396,-0.360962675
7800,-4961,5116,10196,11561,12557,-477,0.44,0.81,5105.09799,0.441579274,10083.797,0.803041889,-0.361462615
7800,-4956,5122,10196,11554,12561,-495,0.44,0.81,5111.08868,0.4423653,10083.923,0.802796195,-0.360430894
7799,-4962,5119,10189,11553,12562,-584,0.44,0.81,5108.08735,0.442143802,10076.9545,0.802177559,-0.360033757
7799,-4959,5115,10192,11553,12561,-673,0.44,0.81,5104.08735,0.441797572,10079.923,0.802477749,-0.360680177
7800,-4962,5121,10192,11560,12558,-763,0.44,0.81,5110.09666,0.442049884,10079.8285,0.802661929,-0.360612045
7800,-4957,5123,10194,11553,12559,-834,0.44,0.81,5112.08735,0.442490033,10081.86,0.802759774,-0.360269741
7800,-4960,5121,10197,11552,12567,-834,0.44,0.81,5110.08602,0.442355092,10085.112,0.80250752,-0.360152428
7800,-4958,5119,10193,11552,12557,-834,0.44,0.81,5108.08602,0.442181962,10080.797,0.802802978,-0.360621017
7800,-4957,5122,10189,11555,12556,-834,0.44,0.81,5111.09001,0.442327132,10076.7655,0.802545835,-0.360218703
7800,-4960,5121,10196,11558,12560,-834,0.44,0.81,5110.094,0.442126146,10083.8915,0.802857604,-0.360731457
7800,-4960,5117,10191,11551,12558,-834,0.44,0.81,5106.08469,0.442046982,10078.8285,0.802582298,-0.360535316
7800,-4956,5116,10188,11559,12557,-767,0.44,0.81,5105.09533,0.441655449,10075.797,0.802404794,-0.360749346
7800,-4956,5113,10187,11549,12557,-427,0.44,0.81,5102.08203,0.441776953,10074.797,0.802325157,-0.360548204
7800,-4961,5120,10192,11555,12563,-87,0.44,0.81,5109.09001,0.442154047,10079.986,0.802355011,-0.360200964
7800,-4958,5117,10192,11559,12563,252,0.44,0.81,5106.09533,0.441741961,10079.986,0.802355011,-0.36061305
7800,-4963,5118,10185,11560,12550,525,0.44,0.81,5107.09666,0.441790369,10072.5765,0.802595737,-0.360805369
7800,-4957,5122,10193,11555,12561,525,0.44,0.81,5111.09001,0.442327132,10080.923,0.80255736,-0.360230228
7800,-4956,5122,10194,11563,12562,525,0.44,0.81,5111.10065,0.442022023,10081.9545,0.802575585,-0.360553562
7800,-4965,5119,10191,11564,12561,525,0.44,0.81,5108.10198,0.441724488,10078.923,0.802398137,-0.360673649
7799,-4957,5124,10187,11555,12557,525,0.44,0.81,5113.09001,0.442500217,10074.797,0.802325157,-0.35982494
7799,-4959,5118,10194,11560,12564,525,0.44,0.81,5107.09666,0.441790369,10082.0175,0.802452841,-0.360662473
7799,-4961,5119,10189,11562,12556,507,0.44,0.81,5108.09932,0.441800668,10076.7655,0.802545835,-0.360745167
7799,-4959,5126,10182,11570,12559,-123,0.44,0.81,5115.10996,0.44210112,10069.86,0.801804284,-0.359703164
7799,-4958,5119,10189,11552,12559,-755,0.44,0.81,5108.08602,0.442181962,10076.86,0.802361653,-0.360179691
7800,-4960,5123,10193,11560,12565,-1387,0.44,0.81,5112.09666,0.442222894,10081.049,0.802311898,-0.360089004
7800,-4958,5118,10190,11552,12560,-2001,0.44,0.81,5107.08602,0.442095396,10077.8915,0.802379896,-0.3602845
7800,-4960,5117,10188,11559,12555,-2001,0.44,0.81,5106.09533,0.441741961,10075.734,0.802527599,-0.360785637
7800,-4957,5123,10185,11565,12553,-2001,0.44,0.81,5112.10331,0.442032279,10072.671,0.802411455,-0.360379176
7800,-4962,5119,10190,11552,12558,-2001,0.44,0.81,5108.08602,0.442181962,10077.8285,0.802502668,-0.360320706
7800,-4959,5121,10189,11557,12559,-2001,0.44,0.81,5110.09267,0.442164287,10076.86,0.802361653,-0.360197366
7800,-4958,5119,10190,11557,12560,-2001,0.44,0.81,5108.09267,0.441991232,10077.8915,0.802379896,-0.360388664
7800,-4952,5129,10190,11566,12565,-2001,0.44,0.81,5118.10464,0.442512938,10078.049,0.80207314,-0.359560202
7800,-4955,5125,10192,11566,12563,-1501,0.44,0.81,5114.10464,0.442167097,10079.986,0.802355011,-0.360187914
7799,-4960,5125,10194,11558,12557,-1001,0.44,0.81,5114.094,0.442472227,10081.797,0.802882615,-0.360410388
7799,-4958,5126,10193,11559,12564,-500,0.44,0.81,5115.09533,0.442520575,10081.0175,0.802373249,-0.359852674
7799,-4955,5122,10194,11562,12569,0,0.44,0.81,5111.09932,0.442060138,10082.175,0.802146153,-0.360086015
7799,-4954,5122,10189,11555,12555,0,0.44,0.81,5111.09001,0.442327132,10076.734,0.802607248,-0.360280116
7799,-4960,5124,10192,11561,12561,0,0.44,0.81,5113.09799,0.442271256,10079.923,0.802477749,-0.360206493
7800,-4957,5128,10196,11563,12561,0,0.44,0.81,5117.10065,0.442540919,10083.923,0.802796195,-0.360255275
7800,-4957,5124,10190,11566,12562,0,0.44,0.81,5113.10464,0.442080636,10077.9545,0.802257164,-0.360176528
7800,-4954,5128,10196,11564,12565,0,0.44,0.81,5117.10198,0.442502765,10084.049,0.802550657,-0.360047891
7800,-4961,5128,10187,11564,12556,0,0.44,0.81,5117.10198,0.442502765,10074.7655,0.802386548,-0.359883783
7800,-4960,5122,10189,11572,12563,-442,0.44,0.81,5111.11262,0.441679279,10076.986,0.802116214,-0.360436935
7800,-4956,5122,10196,11561,12565,-883,0.44,0.81,5111.09799,0.442098261,10084.049,0.802550657,-0.360452396
7800,-4958,5122,10188,11557,12557,-1324,0.44,0.81,5111.09267,0.442250815,10075.797,0.802404794,-0.360153979
7800,-4957,5119,10196,11558,12566,-1766,0.44,0.81,5108.094,0.441953106,10084.0805,0.802489297,-0.36053619
7799,-4955,5123,10192,11559,12560,-1766,0.44,0.81,5112.09533,0.442261037,10079.8915,0.802539132,-0.360278095
7799,-4955,5126,10192,11566,12559,-1766,0.44,0.81,5115.10464,0.442253557,10079.86,0.802600526,-0.360346969
7799,-4955,5128,10193,11564,12561,-1766,0.44,0.81,5117.10198,0.442502765,10080.923,0.80255736,-0.360054595
7799,-4957,5117,10200,11560,12563,-1766,0.44,0.81,5106.09666,0.441703863,10087.986,0.802991801,-0.361287938
7799,-4959,5116,10192,11554,12559,-1766,0.44,0.81,5105.08868,0.441846,10079.86,0.802600526,-0.360754526
7800,-4957,5121,10191,11552,12561,-1766,0.44,0.81,5110.08602,0.442355092,10078.923,0.802398137,-0.360043045
7800,-4958,5123,10192,11560,12563,-2075,0.44,0.81,5112.09666,0.442222894,10079.986,0.802355011,-0.360132116
7800,-4965,5117,10192,11552,12558,-2384,0.44,0.81,5106.08602,0.442008831,10079.8285,0.802661929,-0.360653097
7800,-4960,5122,10188,11558,12556,-2692,0.44,0.81,5111.094,0.442212667,10075.7655,0.802466191,-0.360253525
7800,-4957,5124,10192,11561,12562,-3001,0.44,0.81,5113.09799,0.442271256,10079.9545,0.802416375,-0.360145119
7800,-4958,5120,10186,11552,12556,-3001,0.44,0.81,5109.08602,0.442268527,10073.7655,0.802306905,-0.360038378
7800,-4962,5122,10199,11566,12565,-3001,0.44,0.81,5111.10464,0.441907716,10087.049,0.802789415,-0.360881699
7800,-4954,5121,10190,11559,12562,-3001,0.44,0.81,5110.09533,0.442088012,10077.9545,0.802257164,-0.360169153
7800,-4961,5119,10193,11563,12565,-3001,0.44,0.81,5108.10065,0.441762575,10081.049,0.802311898,-0.360549324
7800,-4957,5117,10193,11551,12564,-3001,0.44,0.81,5106.08469,0.442046982,10081.0175,0.802373249,-0.360326267
7799,-4956,5122,10186,11556,12557,-3001,0.44,0.81,5111.09134,0.44228897,10073.797,0.80224552,-0.35995655
7799,-4958,5124,10192,11562,12558,-2360,0.44,0.81,5113.09932,0.442233119,10079.8285,0.802661929,-0.36042881
7799,-4958,5121,10199,11559,12564,-1718,0.44,0.81,5110.09533,0.442088012,10087.0175,0.802850804,-0.360762792
7800,-4956,5125,10192,11563,12560,-1077,0.44,0.81,5114.10065,0.442281471,10079.8915,0.802539132,-0.360257661
7800,-4957,5119,10198,11554,12564,-435,0.44,0.81,5108.08868,0.44210565,10086.0175,0.802771211,-0.360665561
7800,-4961,5121,10192,11552,12564,-435,0.44,0.81,5110.08602,0.442355092,10080.0175,0.802293656,-0.359938565
7800,-4958,5121,10189,11557,12558,-435,0.44,0.81,5110.09267,0.442164287,10076.8285,0.802423037,-0.36025875
7800,-4961,5119,10194,11560,12565,-435,0.44,0.81,5108.09666,0.441876874,10082.049,0.802391484,-0.360514611
7800,-4959,5120,10191,11555,12554,-435,0.44,0.81,5109.09001,0.442154047,10078.7025,0.802827983,-0.360673936
7800,-4963,5120,10191,11554,12555,-435,0.44,0.81,5109.08868,0.4421922,10078.734,0.802766547,-0.360574347
7800,-4957,5114,10190,11551,12563,-435,0.44,0.81,5103.08469,0.441787264,10077.986,0.802195813,-0.360408549
7800,-4961,5121,10185,11555,12552,-426,0.44,0.81,5110.09001,0.442240589,10072.6395,0.802472873,-0.360232283
7800,-4959,5122,10187,11565,12560,-418,0.44,0.81,5111.10331,0.441945812,10074.8915,0.802141043,-0.360195231
7800,-4959,5116,10187,11559,12553,-409,0.44,0.81,5105.09533,0.441655449,10074.671,0.80257078,-0.360915331
7800,-4958,5124,10191,11562,12561,-400,0.44,0.81,5113.09932,0.442233119,10078.923,0.802398137,-0.360165018
7800,-4958,5118,10185,11557,12555,-400,0.44,0.81,5107.09267,0.441904705,10072.734,0.80228865,-0.360383945
7800,-4960,5123,10192,11559,12561,-400,0.44,0.81,5112.09533,0.442261037,10079.923,0.802477749,-0.360216711
7800,-4958,5123,10191,11561,12556,-400,0.44,0.81,5112.09799,0.442184758,10078.7655,0.802705121,-0.360520363
7800,-4963,5118,10191,11557,12560,-400,0.44,0.81,5107.09267,0.441904705,10078.8915,0.802459514,-0.36055481
7800,-4951,5117,10192,11550,12566,-400,0.44,0.81,5106.08336,0.442085139,10080.0805,0.802170977,-0.360085838
7800,-4955,5121,10192,11557,12560,-400,0.44,0.81,5110.09267,0.442164287,10079.8915,0.802539132,-0.360374845
7799,-4960,5115,10192,11550,12560,-800,0.44,0.81,5104.08336,0.441911979,10079.8915,0.802539132,-0.360627153
7799,-4957,5120,10189,11560,12554,-1201,0.44,0.81,5109.09666,0.441963379,10076.7025,0.802668671,-0.360705292
7799,-4961,5121,10192,11558,12558,-1601,0.44,0.81,5110.094,0.442126146,10079.8285,0.802661929,-0.360535782
7800,-4959,5117,10186,11561,12560,-2001,0.44,0.81,5106.09799,0.441665772,10073.8915,0.802061425,-0.360395653
7800,-4962,5122,10185,11560,12553,-2001,0.44,0.81,5111.09666,0.442136389,10072.671,0.802411455,-0.360275066
7800,-4963,5119,10198,11562,12563,-2001,0.44,0.81,5108.09932,0.441800668,10085.986,0.802832604,-0.361031936
7800,-4960,5115,10188,11551,12555,-2001,0.44,0.81,5104.08469,0.441873837,10075.734,0.802527599,-0.360653762
7800,-4961,5118,10190,11554,12557,-2001,0.44,0.81,5107.08868,0.4420191,10077.797,0.802564068,-0.360544968
7800,-4956,5115,10187,11563,12560,-2001,0.44,0.81,5104.10065,0.441416644,10074.8915,0.802141043,-0.360724399
7800,-4956,5125,10193,11560,12562,-2001,0.44,0.81,5114.09666,0.442395905,10080.9545,0.80249598,-0.360100075
7800,-4961,5116,10190,11556,12560,-1751,0.44,0.81,5105.09134,0.441769759,10077.8915,0.802379896,-0.360610137
7800,-4958,5123,10190,11561,12560,-1501,0.44,0.81,5112.09799,0.442184758,10077.8915,0.802379896,-0.360195138
7800,-4958,5123,10191,11559,12556,-1251,0.44,0.81,5112.09533,0.442261037,10078.7655,0.802705121,-0.360444084
7799,-4958,5120,10195,11560,12561,-1000,0.44,0.81,5109.09666,0.441963379,10082.923,0.802716583,-0.360753204
7799,-4961,5123,10198,11558,12563,-1001,0.44,0.81,5112.094,0.442299187,10085.986,0.802832604,-0.360533417
7799,-4961,5116,10188,11555,12555,-1001,0.44,0.81,5105.09001,0.441807876,10075.734,0.802527599,-0.360719722
7799,-4959,5117,10189,11554,12559,-1000,0.44,0.81,5106.08868,0.44193255,10076.86,0.802361653,-0.360429103
7800,-4963,5128,10189,11564,12557,-1000,0.44,0.81,5117.10198,0.442502765,10076.797,0.802484431,-0.359981666
7800,-4956,5121,10187,11556,12558,-1000,0.44,0.81,5110.09134,0.442202435,10074.8285,0.802263776,-0.360061341
7800,-4961,5117,10194,11552,12561,-1000,0.44,0.81,5106.08602,0.442008831,10081.923,0.802636972,-0.36062814
7800,-4962,5121,10190,11554,12552,-650,0.44,0.81,5110.08868,0.44227875,10077.6395,0.802871216,-0.360592466
7801,-4961,5117,10199,11550,12565,-300,0.44,0.81,5106.08336,0.442085139,10087.049,0.802789415,-0.360704276
7801,-4960,5117,10188,11552,12556,48,0.44,0.81,5106.08602,0.442008831,10075.7655,0.802466191,-0.36045736
7801,-4958,5123,10188,11555,12557,399,0.44,0.81,5112.09001,0.442413675,10075.797,0.802404794,-0.35999112
7800,-4960,5122,10190,11561,12556,398,0.44,0.81,5111.09799,0.442098261,10077.7655,0.802625478,-0.360527217
7800,-4963,5121,10194,11553,12558,398,0.44,0.81,5110.08735,0.442316918,10081.8285,0.80282119,-0.360504272
7800,-4959,5121,10197,11563,12562,398,0.44,0.81,5110.10065,0.44193554,10084.9545,0.802814401,-0.36087886
7800,-4962,5122,10196,11562,12559,398,0.44,0.81,5111.09932,0.442060138,10083.86,0.802919022,-0.360858884
7800,-4959,5124,10191,11558,12558,398,0.44,0.81,5113.094,0.442385707,10078.8285,0.802582298,-0.360196591
7800,-4958,5114,10188,11550,12559,398,0.44,0.81,5103.08336,0.441825399,10075.86,0.802282029,-0.36045663
7800,-4963,5114,10199,11549,12564,-201,0.44,0.81,5103.08203,0.441863541,10087.0175,0.802850804,-0.360987263
7800,-4959,5116,10192,11551,12563,-801,0.44,0.81,5105.08469,0.441960409,10079.986,0.802355011,-0.360394601
7800,-4959,5119,10190,11560,12559,-1401,0.44,0.81,5108.09666,0.441876874,10077.86,0.802441277,-0.360564403
7800,-4958,5114,10188,11551,12558,-2001,0.44,0.81,5103.08469,0.441787264,10075.8285,0.802343407,-0.360556142
7800,-4958,5120,10196,11555,12565,-2001,0.44,0.81,5109.09001,0.442154047,10084.049,0.802550657,-0.36039661
7800,-4958,5120,10193,11564,12565,-2001,0.44,0.81,5109.10198,0.441810963,10081.049,0.802311898,-0.360500935
7800,-4957,5118,10193,11555,12561,-2001,0.44,0.81,5107.09001,0.441980961,10080.923,0.80255736,-0.360576399
7800,-4958,5123,10195,11558,12560,-2001,0.44,0.81,5112.094,0.442299187,10082.8915,0.802777986,-0.360478799
7800,-4958,5123,10198,11568,12568,-2001,0.44,0.81,5112.1073,0.441917989,10086.1435,0.80252574,-0.360607751
7800,-4959,5124,10194,11555,12563,-2001,0.44,0.81,5113.09001,0.442500217,10081.986,0.802514208,-0.360013991
7800,-4959,5121,10197,11558,12563,-1955,0.44,0.81,5110.094,0.442126146,10084.986,0.802753005,-0.360626858
7800,-4962,5121,10194,11556,12563,-1910,0.44,0.81,5110.09134,0.442202435,10081.986,0.802514208,-0.360311773
7800,-4960,5122,10193,11554,12561,-1864,0.44,0.81,5111.08868,0.4423653,10080.923,0.80255736,-0.36019206
7800,-4962,5121,10194,11556,12558,-1819,0.44,0.81,5110.09134,0.442202435,10081.8285,0.80282119,-0.360618755
7800,-4957,5121,10193,11559,12560,-1819,0.44,0.81,5110.09533,0.442088012,10080.8915,0.80261875,-0.360530738
7800,-4961,5120,10190,11564,12561,-1819,0.44,0.81,5109.10198,0.441810963,10077.923,0.802318526,-0.360507562
7800,-4961,5121,10195,11559,12565,-1819,0.44,0.81,5110.09533,0.442088012,10083.049,0.80247107,-0.360383058
7800,-4961,5124,10193,11563,12559,-1819,0.44,0.81,5113.10065,0.442194988,10080.86,0.80268015,-0.360485161
7800,-4958,5121,10198,11564,12572,-1819,0.44,0.81,5110.10198,0.441897439,10086.2695,0.802280425,-0.360382986
7800,-4959,5118,10197,11563,12562,-1819,0.44,0.81,5107.10065,0.441676092,10084.9545,0.802814401,-0.361138309
7800,-4962,5123,10190,11564,12558,-1496,0.44,0.81,5112.10198,0.442070389,10077.8285,0.802502668,-0.360432278
7800,-4953,5119,10193,11551,12558,-1173,0.44,0.81,5108.08469,0.442220127,10080.8285,0.802741559,-0.360521432
7800,-4962,5121,10195,11555,12562,-850,0.44,0.81,5110.09001,0.442240589,10082.9545,0.80265519,-0.360414601
7800,-4958,5121,10190,11553,12561,-527,0.44,0.81,5110.08735,0.442316918,10077.923,0.802318526,-0.360001608
7800,-4962,5116,10190,11554,12558,-527,0.44,0.81,5105.08868,0.441846,10077.8285,0.802502668,-0.360656668
7800,-4956,5120,10188,11550,12558,-527,0.44,0.81,5109.08336,0.44234488,10075.8285,0.802343407,-0.359998527
7800,-4964,5118,10192,11556,12564,-527,0.44,0.81,5107.09134,0.44194283,10080.0175,0.802293656,-0.360350827
7800,-4955,5120,10184,11562,12555,-527,0.44,0.81,5109.09932,0.441887158,10071.734,0.802209,-0.360321842
7800,-4959,5119,10196,11559,12566,-527,0.44,0.81,5108.09533,0.441914987,10084.0805,0.802489297,-0.36057431
7800,-4962,5116,10185,11551,12552,-527,0.44,0.81,5105.08469,0.441960409,10072.6395,0.802472873,-0.360512463
7800,-4961,5114,10198,11558,12569,-286,0.44,0.81,5103.094,0.441520505,10086.175,0.802464397,-0.360943891
7800,-4955,5122,10193,11566,12560,-46,0.44,0.81,5111.10464,0.441907716,10080.8915,0.80261875,-0.360711034
7799,-4962,5121,10196,11556,12559,193,0.44,0.81,5110.09134,0.442202435,10083.86,0.802919022,-0.360716587
7799,-4957,5121,10188,11562,12557,433,0.44,0.81,5110.09932,0.441973648,10075.797,0.802404794,-0.360431146
7799,-4963,5121,10194,11557,12561,433,0.44,0.81,5110.09267,0.442164287,10081.923,0.802636972,-0.360472684
7800,-4960,5119,10193,11558,12558,433,0.44,0.81,5108.094,0.441953106,10080.8285,0.802741559,-0.360788453
7800,-4958,5125,10187,11565,12552,433,0.44,0.81,5114.10331,0.442205215,10074.6395,0.80263221,-0.360426995
7800,-4959,5119,10185,11557,12556,433,0.44,0.81,5108.09267,0.441991232,10072.7655,0.802227262,-0.36023603
7800,-4960,5118,10192,11556,12557,433,0.44,0.81,5107.09134,0.44194283,10079.797,0.802723342,-0.360780512
7800,-4956,5114,10197,11548,12559,433,0.44,0.81,5103.0807,0.441901689,10084.86,0.802998646,-0.361096958
7800,-4961,5120,10186,11556,12553,116,0.44,0.81,5109.09134,0.4421159,10073.671,0.802491118,-0.360375218
7800,-4961,5124,10185,11563,12556,-200,0.44,0.81,5113.10065,0.442194988,10072.7655,0.802227262,-0.360032274
7800,-4958,5116,10195,11556,12560,-517,0.44,0.81,5105.09134,0.441769759,10082.8915,0.802777986,-0.361008226
7800,-4963,5120,10189,11557,12555,-834,0.44,0.81,5109.09267,0.44207776,10076.734,0.802607248,-0.360529488
7800,-4961,5120,10190,11556,12557,-834,0.44,0.81,5109.09134,0.4421159,10077.797,0.802564068,-0.360448168
7800,-4961,5119,10195,11555,12569,-834,0.44,0.81,5108.09001,0.442067504,10083.175,0.802225714,-0.36015821
7800,-4958,5119,10188,11558,12555,-834,0.44,0.81,5108.094,0.441953106,10075.734,0.802527599,-0.360574492
7800,-4959,5119,10186,11553,12554,-834,0.44,0.81,5108.08735,0.442143802,10073.7025,0.802429704,-0.360285901
7800,-4959,5119,10190,11556,12560,-834,0.44,0.81,5108.09134,0.442029365,10077.8915,0.802379896,-0.360350532
7800,-4959,5122,10192,11556,12560,-834,0.44,0.81,5111.09134,0.44228897,10079.8915,0.802539132,-0.360250162
7800,-4959,5117,10185,11559,12550,-983,0.44,0.81,5106.09533,0.441741961,10072.5765,0.802595737,-0.360853776
7800,-4963,5117,10195,11559,12558,-1132,0.44,0.81,5106.09533,0.441741961,10082.8285,0.80290082,-0.361158859
7800,-4964,5119,10190,11552,12554,-1281,0.44,0.81,5108.08602,0.442181962,10077.7025,0.802748327,-0.360566366
7800,-4961,5118,10189,11552,12548,-1429,0.44,0.81,5107.08602,0.442095396,10076.5135,0.803037416,-0.36094202
7800,-4963,5119,10191,11556,12552,-1429,0.44,0.81,5108.09134,0.442029365,10078.6395,0.802950884,-0.360921519
7800,-4964,5117,10188,11558,12553,-1429,0.44,0.81,5106.094,0.441780066,10075.671,0.802650442,-0.360870376
7800,-4961,5116,10194,11550,12563,-1429,0.44,0.81,5105.08336,0.441998559,10081.986,0.802514208,-0.360515649
7800,-4963,5116,10188,11550,12556,-1429,0.44,0.81,5105.08336,0.441998559,10075.7655,0.802466191,-0.360467632
7800,-4962,5119,10190,11550,12554,-1429,0.44,0.81,5108.08336,0.4422583,10077.7025,0.802748327,-0.360490028
7801,-4961,5117,10192,11553,12559,-1429,0.44,0.81,5106.08735,0.441970687,10079.86,0.802600526,-0.360629838
7801,-4962,5119,10192,11555,12561,-1299,0.44,0.81,5108.09001,0.442067504,10079.923,0.802477749,-0.360410244
7801,-4963,5115,10190,11548,12558,-1169,0.44,0.81,5104.0807,0.441988284,10077.8285,0.802502668,-0.360514384
7801,-4961,5119,10193,11552,12562,-1039,0.44,0.81,5108.08602,0.442181962,10080.9545,0.80249598,-0.360314018
7800,-4961,5120,10197,11549,12564,-909,0.44,0.81,5109.08203,0.442383066,10085.0175,0.802691619,-0.360308553
7800,-4965,5126,10188,11562,12555,-909,0.44,0.81,5115.09932,0.442406099,10075.734,0.802527599,-0.360121499
7800,-4962,5118,10188,11553,12556,-909,0.44,0.81,5107.08735,0.442057245,10075.7655,0.802466191,-0.360408947
7800,-4961,5113,10192,11549,12560,-909,0.44,0.81,5102.08203,0.441776953,10079.8915,0.802539132,-0.360762179
7800,-4959,5118,10191,11552,12560,-909,0.44,0.81,5107.08602,0.442095396,10078.8915,0.802459514,-0.360364118
7800,-4958,5118,10188,11553,12555,-909,0.44,0.81,5107.08735,0.442057245,10075.734,0.802527599,-0.360470354
7800,-4961,5115,10194,11553,12566,-909,0.44,0.81,5104.08735,0.441797572,10082.0805,0.802330137,-0.360532565
7800,-4959,5117,10187,11551,12562,-810,0.44,0.81,5106.08469,0.442046982,10074.9545,0.802018349,-0.359971367
7800,-4959,5116,10194,11556,12560,-701,0.44,0.81,5105.09134,0.441769759,10081.8915,0.802698368,-0.360928608
7800,-4963,5121,10191,11557,12562,-593,0.44,0.81,5110.09267,0.442164287,10078.9545,0.80233677,-0.360172482
7800,-4959,5120,10195,11553,12566,-485,0.44,0.81,5109.08735,0.44223036,10083.0805,0.802409717,-0.360179357
7800,-4961,5122,10197,11565,12565,-477,0.44,0.81,5111.10331,0.441945812,10085.049,0.802630243,-0.360684431
7800,-4960,5118,10193,11552,12560,-477,0.44,0.81,5107.08602,0.442095396,10080.8915,0.80261875,-0.360523354
7800,-4962,5122,10196,11555,12559,-477,0.44,0.81,5111.09001,0.442327132,10083.86,0.802919022,-0.36059189
7800,-4961,5118,10193,11558,12563,-477,0.44,0.81,5107.094,0.441866586,10080.986,0.80243461,-0.360568024
7800,-4960,5119,10190,11550,12550,-477,0.44,0.81,5108.08336,0.4422583,10077.5765,0.802994143,-0.360735844
7800,-4961,5113,10196,11542,12563,-477,0.44,0.81,5102.07272,0.442044076,10083.986,0.802673406,-0.36062933
7800,-4961,5115,10186,11553,12559,-66,0.44,0.81,5104.08735,0.441797572,10073.86,0.80212278,-0.360325208
7800,-4962,5121,10194,11552,12565,447,0.44,0.81,5110.08602,0.442355092,10082.049,0.802391484,-0.360036393
7800,-4955,5119,10198,11554,12568,961,0.44,0.81,5108.08868,0.44210565,10086.1435,0.80252574,-0.36042009
7800,-4956,5115,10203,11553,12566,1475,0.44,0.81,5104.08735,0.441797572,10091.0805,0.803046355,-0.361248783
7800,-4961,5115,10190,11550,12563,1578,0.44,0.81,5104.08336,0.441911979,10077.986,0.802195813,-0.360283834
7800,-4958,5118,10189,11553,12557,1578,0.44,0.81,5107.08735,0.442057245,10076.797,0.802484431,-0.360427186
7800,-4957,5117,10190,11558,12559,1578,0.44,0.81,5106.094,0.441780066,10077.86,0.802441277,-0.360661211
7800,-4961,5111,10194,11547,12561,1578,0.44,0.81,5100.07937,0.441680036,10081.923,0.802636972,-0.360956936
7800,-4962,5117,10196,11552,12564,1578,0.44,0.81,5106.08602,0.442008831,10084.0175,0.802612026,-0.360603195
7800,-4963,5112,10196,11546,12559,1578,0.44,0.81,5101.07804,0.441804784,10083.86,0.802919022,-0.361114238
7800,-4964,5111,10193,11549,12559,1578,0.44,0.81,5100.08203,0.441603778,10080.86,0.80268015,-0.361076372
7801,-4960,5114,10193,11554,12561,1349,0.44,0.81,5103.08868,0.441672899,10080.923,0.80255736,-0.360884461
7801,-4963,5118,10191,11557,12556,1063,0.44,0.81,5107.09267,0.441904705,10078.7655,0.802705121,-0.360800417
7801,-4956,5124,10190,11555,12557,776,0.44,0.81,5113.09001,0.442500217,10077.797,0.802564068,-0.360063851
7801,-4959,5117,10193,11556,12557,490,0.44,0.81,5106.09134,0.441856295,10080.797,0.802802978,-0.360946684
7801,-4963,5118,10192,11561,12559,433,0.44,0.81,5107.09799,0.44175227,10079.86,0.802600526,-0.360848256
7800,-4962,5113,10196,11549,12567,433,0.44,0.81,5102.08203,0.441776953,10084.112,0.802427946,-0.360650993
7800,-4959,5120,10191,11558,12557,433,0.44,0.81,5109.094,0.442039626,10078.797,0.802643705,-0.360604078
7800,-4958,5117,10192,11552,12559,433,0.44,0.81,5106.08602,0.442008831,10079.86,0.802600526,-0.360591694
7800,-4958,5120,10192,11556,12557,433,0.44,0.81,5109.09134,0.4421159,10079.797,0.802723342,-0.360607442
7800,-4960,5120,10193,11556,12561,325,0.44,0.81,5109.09134,0.4421159,10080.923,0.80255736,-0.36044146
7800,-4958,5123,10191,11562,12561,216,0.44,0.81,5112.09932,0.442146629,10078.923,0.802398137,-0.360251508
7800,-4961,5118,10191,11563,12562,107,0.44,0.81,5107.10065,0.441676092,10078.9545,0.80233677,-0.360660678
7800,-4958,5119,10194,11553,12559,0,0.44,0.81,5108.08735,0.442143802,10081.86,0.802759774,-0.360615971
7801,-4957,5123,10196,11556,12567,0,0.44,0.81,5112.09134,0.442375505,10084.112,0.802427946,-0.360052441
7801,-4962,5119,10192,11559,12559,0,0.44,0.81,5108.09533,0.441914987,10079.86,0.802600526,-0.360685539
7801,-4957,5123,10196,11559,12563,0,0.44,0.81,5112.09533,0.442261037,10083.986,0.802673406,-0.360412369
7800,-4958,5116,10191,11554,12559,0,0.44,0.81,5105.08868,0.441846,10078.86,0.802520901,-0.360674902
7800,-4955,5121,10195,11553,12568,0,0.44,0.81,5110.08735,0.442316918,10083.1435,0.802287039,-0.359970121
7800,-4958,5120,10193,11562,12562,0,0.44,0.81,5109.09932,0.441887158,10080.9545,0.80249598,-0.360608822
7800,-4960,5124,10193,11561,12567,-87,0.44,0.81,5113.09799,0.442271256,10081.112,0.802189226,-0.35991797
7800,-4957,5122,10195,11567,12562,-196,0.44,0.81,5111.10597,0.441869627,10082.9545,0.80265519,-0.360785564
7800,-4959,5117,10193,11553,12555,-305,0.44,0.81,5106.08735,0.441970687,10080.734,0.802925846,-0.360955159
7800,-4957,5118,10192,11561,12555,-413,0.44,0.81,5107.09799,0.44175227,10079.734,0.802846197,-0.361093927
7800,-4962,5117,10194,11561,12558,-435,0.44,0.81,5106.09799,0.441665772,10081.8285,0.80282119,-0.361155418
7801,-4960,5118,10190,11564,12563,-435,0.44,0.81,5107.10198,0.441638013,10077.986,0.802195813,-0.3605578
7801,-4958,5117,10193,11558,12565,-435,0.44,0.81,5106.094,0.441780066,10081.049,0.802311898,-0.360531832
7801,-4955,5123,10190,11568,12561,-435,0.44,0.81,5112.1073,0.441917989,10077.923,0.802318526,-0.360400536
7801,-4961,5121,10188,11563,12557,-435,0.44,0.81,5110.10065,0.44193554,10075.797,0.802404794,-0.360469254
7800,-4956,5121,10189,11559,12554,-435,0.44,0.81,5110.09533,0.442088012,10076.7025,0.802668671,-0.360580659
7800,-4955,5125,10187,11562,12559,-326,0.44,0.81,5114.09932,0.442319609,10074.86,0.802202405,-0.359882796
7800,-4962,5114,10182,11556,12549,-217,0.44,0.81,5103.09134,0.441596689,10069.545,0.802418121,-0.360821432
7800,-4962,5117,10184,11557,12551,-109,0.44,0.81,5106.09267,0.441818177,10071.608,0.802454625,-0.360636448
7800,-4958,5116,10187,11553,12557,0,0.44,0.81,5105.08735,0.44188413,10074.797,0.802325157,-0.360441028
7800,-4963,5117,10187,11557,12554,0,0.44,0.81,5106.09267,0.441818177,10074.7025,0.80250936,-0.360691183
7800,-4958,5116,10183,11556,12552,0,0.44,0.81,5105.09134,0.441769759,10070.6395,0.802313536,-0.360543776
7800,-4957,5122,10190,11558,12553,0,0.44,0.81,5111.094,0.442212667,10077.671,0.802809767,-0.3605971
7801,-4959,5117,10189,11556,12566,0,0.44,0.81,5106.09134,0.441856295,10077.0805,0.801932238,-0.360075943
7800,-4957,5117,10189,11556,12557,0,0.44,0.81,5106.09134,0.441856295,10076.797,0.802484431,-0.360628136
7800,-4961,5114,10188,11551,12550,0,0.44,0.81,5103.08469,0.441787264,10075.5765,0.802834781,-0.361047517
7800,-4957,5117,10189,11553,12557,0,0.44,0.81,5106.08735,0.441970687,10076.797,0.802484431,-0.360513744
7801,-4957,5119,10188,11555,12557,0,0.44,0.81,5108.09001,0.442067504,10075.797,0.802404794,-0.36033729
7801,-4958,5116,10195,11552,12558,0,0.44,0.81,5105.08602,0.441922266,10082.8285,0.80290082,-0.360978554
7801,-4962,5121,10196,11554,12556,0,0.44,0.81,5110.08868,0.44227875,10083.7655,0.803103337,-0.360824587
7801,-4958,5121,10194,11560,12564,0,0.44,0.81,5110.09666,0.442049884,10082.0175,0.802452841,-0.360402957
7801,-4959,5121,10192,11556,12557,0,0.44,0.81,5110.09134,0.442202435,10079.797,0.802723342,-0.360520906
7800,-4958,5119,10190,11555,12562,0,0.44,0.81,5108.09001,0.442067504,10077.9545,0.802257164,-0.36018966
7800,-4957,5121,10188,11559,12561,0,0.44,0.81,5110.09533,0.442088012,10075.923,0.802159303,-0.360071291
7800,-4957,5122,10189,11564,12558,0,0.44,0.81,5111.10198,0.441983914,10076.8285,0.802423037,-0.360439123
7800,-4956,5124,10191,11561,12561,0,0.44,0.81,5113.09799,0.442271256,10078.923,0.802398137,-0.360126881
7800,-4958,5123,10189,11559,12555,-214,0.44,0.81,5112.09533,0.442261037,10076.734,0.802607248,-0.360346211
7800,-4957,5126,10190,11568,12562,-464,0.44,0.81,5115.1073,0.442177325,10077.9545,0.802257164,-0.360079839
7800,-4957,5125,10191,11567,12563,-714,0.44,0.81,5114.10597,0.442128985,10078.986,0.802275412,-0.360146427
7800,-4952,5120,10185,11561,12557,-964,0.44,0.81,5109.09799,0.441925265,10072.797,0.802165884,-0.360240618
7800,-4953,5121,10191,11558,12563,-1000,0.44,0.81,5110.094,0.442126146,10078.986,0.802275412,-0.360149266
7800,-4957,5118,10186,11550,12551,-1000,0.44,0.81,5107.08336,0.442171719,10073.608,0.802613975,-0.360442256
7800,-4954,5116,10184,11546,12554,-1000,0.44,0.81,5105.07804,0.442151225,10071.7025,0.802270392,-0.360119167
7800,-4955,5118,10189,11554,12554,-1000,0.44,0.81,5107.08868,0.4420191,10076.7025,0.802668671,-0.360649571
7800,-4958,5124,10193,11564,12561,-1000,0.44,0.81,5113.10198,0.442156864,10080.923,0.80255736,-0.360400496
7801,-4963,5121,10189,11563,12551,-1000,0.44,0.81,5110.10065,0.44193554,10076.608,0.802853,-0.36091746
7801,-4959,5116,10194,11552,12560,-1040,0.44,0.81,5105.08602,0.441922266,10081.8915,0.802698368,-0.360776102
7801,-4960,5118,10184,11559,12553,-1091,0.44,0.81,5107.09533,0.441828474,10071.671,0.802331793,-0.360503319
7801,-4960,5115,10185,11550,12557,-1141,0.44,0.81,5104.08336,0.441911979,10072.797,0.802165884,-0.360253904
7801,-4956,5125,10188,11563,12555,-1191,0.44,0.81,5114.10065,0.442281471,10075.734,0.802527599,-0.360246127
7800,-4956,5123,10184,11555,12556,-1201,0.44,0.81,5112.09001,0.442413675,10071.7655,0.802147619,-0.359733944
7800,-4956,5123,10196,11562,12561,-1201,0.44,0.81,5112.09932,0.442146629,10083.923,0.802796195,-0.360649566
7800,-4956,5121,10186,11557,12558,-1201,0.44,0.81,5110.09267,0.442164287,10073.8285,0.802184146,-0.360019858
7800,-4953,5126,10188,11561,12560,-1201,0.44,0.81,5115.09799,0.442444251,10075.8915,0.802220661,-0.359776409
7800,-4955,5118,10187,11557,12554,-1201,0.44,0.81,5107.09267,0.441904705,10074.7025,0.80250936,-0.360604655
7800,-4957,5117,10191,11555,12561,-1201,0.44,0.81,5106.09001,0.441894419,10078.923,0.802398137,-0.360503718
7800,-4951,5126,10197,11559,12567,-1056,0.44,0.81,5115.09533,0.442520575,10085.112,0.80250752,-0.359986944
7800,-4956,5123,10189,11558,12560,-875,0.44,0.81,5112.094,0.442299187,10076.8915,0.802300279,-0.360001092
7800,-4961,5123,10195,11555,12561,-694,0.44,0.81,5112.09001,0.442413675,10082.923,0.802716583,-0.360302908
7800,-4957,5123,10191,11553,12561,-513,0.44,0.81,5112.08735,0.442490033,10078.923,0.802398137,-0.359908104
7800,-4956,5120,10188,11554,12554,-477,0.44,0.81,5109.08868,0.4421922,10075.7025,0.802589015,-0.360396815
7800,-4960,5121,10190,11557,12556,-477,0.44,0.81,5110.09267,0.442164287,10077.7655,0.802625478,-0.36046119
7800,-4958,5119,10190,11558,12566,-477,0.44,0.81,5108.094,0.441953106,10078.0805,0.802011818,-0.360058712
7800,-4960,5120,10186,11554,12561,-477,0.44,0.81,5109.08868,0.4421922,10073.923,0.80200008,-0.35980788
7800,-4966,5116,10187,11553,12553,-477,0.44,0.81,5105.08735,0.44188413,10074.671,0.80257078,-0.36068665
7800,-4954,5117,10189,11544,12562,-477,0.44,0.81,5106.07538,0.442314222,10076.9545,0.802177559,-0.359863337
7801,-4957,5113,10195,11543,12565,-745,0.44,0.81,5102.07405,0.442005895,10083.049,0.80247107,-0.360465175
7801,-4963,5114,10190,11543,12554,-1081,0.44,0.81,5103.07405,0.442092528,10077.7025,0.802748327,-0.360655799
7801,-4954,5111,10196,11530,12564,-1416,0.44,0.81,5100.05676,0.442329294,10084.0175,0.802612026,-0.360282732
7801,-4955,5114,10196,11543,12565,-1752,0.44,0.81,5103.07405,0.442092528,10084.049,0.802550657,-0.360458129
7800,-4959,5118,10190,11550,12559,-1819,0.44,0.81,5107.08336,0.442171719,10077.86,0.802441277,-0.360269558
7800,-4961,5111,10190,11535,12563,-1819,0.44,0.81,5100.06341,0.442138137,10077.986,0.802195813,-0.360057676
7800,-4955,5116,10198,11544,12569,-1819,0.44,0.81,5105.07538,0.442227597,10086.175,0.802464397,-0.3602368
7800,-4957,5109,10187,11536,12557,-1819,0.44,0.81,5098.06474,0.441926555,10074.797,0.802325157,-0.360398602
7800,-4956,5112,10194,11543,12562,-1819,0.44,0.81,5101.07405,0.441919263,10081.9545,0.802575585,-0.360656322
7800,-4952,5111,10190,11540,12560,-1819,0.44,0.81,5100.07006,0.441947146,10077.8915,0.802379896,-0.360432751
7801,-4960,5124,10186,11567,12556,-1289,0.44,0.81,5113.10597,0.442042532,10073.7655,0.802306905,-0.360264373
7800,-4957,5123,10185,11557,12557,-626,0.44,0.81,5112.09267,0.442337343,10072.797,0.802165884,-0.359828541
7800,-4957,5113,10189,11542,12561,36,0.44,0.81,5102.07272,0.442044076,10076.923,0.802238914,-0.360194839
7800,-4953,5118,10187,11553,12557,699,0.44,0.81,5107.08735,0.442057245,10074.797,0.802325157,-0.360267912
7800,-4959,5123,10186,11559,12556,832,0.44,0.81,5112.09533,0.442261037,10073.7655,0.802306905,-0.360045868
7800,-4958,5118,10190,11549,12555,832,0.44,0.81,5107.08203,0.442209891,10077.734,0.802686898,-0.360477007
7800,-4957,5120,10198,11557,12566,832,0.44,0.81,5109.09267,0.44207776,10086.0805,0.802648456,-0.360570696
7800,-4956,5113,10185,11539,12551,832,0.44,0.81,5102.06873,0.442158656,10072.608,0.8025343,-0.360375644
7801,-4957,5117,10193,11547,12558,832,0.44,0.81,5106.07937,0.442199651,10080.8285,0.802741559,-0.360541908
7801,-4961,5117,10197,11551,12561,832,0.44,0.81,5106.08469,0.442046982,10084.923,0.802875806,-0.360828824
7801,-4960,5126,10194,11560,12565,302,0.44,0.81,5115.09666,0.44248241,10082.049,0.802391484,-0.359909074
7800,-4960,5124,10188,11568,12560,-360,0.44,0.81,5113.1073,0.442004435,10075.8915,0.802220661,-0.360216226
7800,-4959,5116,10196,11548,12566,-1023,0.44,0.81,5105.0807,0.442074879,10084.0805,0.802489297,-0.360414418
7800,-4957,5121,10190,11564,12557,-1686,0.44,0.81,5110.10198,0.441897439,10077.797,0.802564068,-0.360666629
7800,-4956,5119,10192,11548,12563,-1819,0.44,0.81,5108.0807,0.442334664,10079.986,0.802355011,-0.360020347
7800,-4957,5118,10193,11544,12557,-1819,0.44,0.81,5107.07538,0.442400847,10080.797,0.802802978,-0.360402131
7800,-4959,5123,10191,11565,12559,-1819,0.44,0.81,5112.10331,0.442032279,10078.86,0.802520901,-0.360488622
7800,-4954,5113,10193,11539,12563,-1819,0.44,0.81,5102.06873,0.442158656,10080.986,0.80243461,-0.360275954
7800,-4960,5124,10188,11561,12559,-1819,0.44,0.81,5113.09799,0.442271256,10075.86,0.802282029,-0.360010773
7800,-4958,5122,10193,11563,12561,-1819,0.44,0.81,5111.10065,0.442022023,10080.923,0.80255736,-0.360535337
7800,-4958,5131,10196,11584,12562,-1455,0.44,0.81,5120.12858,0.44200005,10083.9545,0.802734795,-0.360734745
7800,-4959,5124,10194,11572,12560,-1001,0.44,0.81,5113.11262,0.44185211,10081.8915,0.802698368,-0.360846258
7800,-4957,5132,10193,11576,12561,-546,0.44,0.81,5121.11794,0.442390976,10080.923,0.80255736,-0.360166384
7800,-4962,5115,10188,11553,12550,-91,0.44,0.81,5104.08735,0.441797572,10075.5765,0.802834781,-0.361037209
7800,-4963,5131,10199,11578,12564,0,0.44,0.81,5120.1206,0.442228416,10087.0175,0.802850804,-0.360622388
7800,-4962,5129,10194,11574,12554,0,0.44,0.81,5118.11528,0.44220799,10081.7025,0.803066951,-0.36085896
7800,-4958,5133,10194,11580,12564,0,0.44,0.81,5122.12326,0.442324979,10082.0175,0.802452841,-0.360127862
7800,-4961,5137,10193,11593,12557,0,0.44,0.81,5126.14055,0.442175498,10080.797,0.802802978,-0.36062748
7800,-4956,5126,10187,11564,12558,0,0.44,0.81,5115.10198,0.442329815,10074.8285,0.802263776,-0.359933961
7800,-4957,5127,10191,11578,12562,0,0.44,0.81,5116.1206,0.441882933,10078.9545,0.80233677,-0.360453836
7800,-4962,5121,10192,11558,12551,94,0.44,0.81,5110.094,0.442126146,10079.608,0.803092025,-0.360965878
7800,-4962,5123,10188,11565,12553,213,0.44,0.81,5112.10331,0.442032279,10075.671,0.802650442,-0.360618163
7800,-4962,5128,10191,11578,12561,332,0.44,0.81,5117.1206,0.441969304,10078.923,0.802398137,-0.360428833
7800,-4961,5127,10192,11567,12556,451,0.44,0.81,5116.10597,0.442301891,10079.7655,0.802784764,-0.360482874
7800,-4958,5123,10189,11569,12559,475,0.44,0.81,5112.10863,0.441879906,10076.86,0.802361653,-0.360481747
7801,-4962,5136,10191,11591,12558,475,0.44,0.81,5125.13789,0.442165291,10078.8285,0.802582298,-0.360417007
7801,-4957,5131,10186,11573,12555,475,0.44,0.81,5120.11395,0.442418902,10073.734,0.802368299,-0.359949398
7801,-4960,5129,10193,11583,12558,475,0.44,0.81,5118.12725,0.441865428,10080.8285,0.802741559,-0.360876131
7800,-4954,5132,10188,11584,12558,475,0.44,0.81,5121.12858,0.442086376,10075.8285,0.802343407,-0.360257031
7800,-4956,5121,10188,11564,12559,475,0.44,0.81,5110.10198,0.441897439,10075.86,0.802282029,-0.36038459
7800,-4959,5118,10191,11559,12564,466,0.44,0.81,5107.09533,0.441828474,10079.0175,0.802214064,-0.36038559
7800,-4962,5115,10191,11557,12560,456,0.44,0.81,5104.09267,0.441645122,10078.8915,0.802459514,-0.360814393
7800,-4960,5124,10190,11568,12560,446,0.44,0.81,5113.1073,0.442004435,10077.8915,0.802379896,-0.360375462
7800,-4957,5124,10190,11563,12556,435,0.44,0.81,5113.10065,0.442194988,10077.7655,0.802625478,-0.36043049
7800,-4958,5125,10194,11569,12563,433,0.44,0.81,5114.10863,0.442052782,10081.986,0.802514208,-0.360461427
7800,-4957,5133,10189,11579,12558,433,0.44,0.81,5122.12193,0.442363065,10076.8285,0.802423037,-0.360059972
7800,-4958,5118,10189,11547,12557,433,0.44,0.81,5107.07937,0.442286254,10076.797,0.802484431,-0.360198177
7800,-4956,5128,10194,11582,12561,433,0.44,0.81,5117.12592,0.441817123,10081.923,0.802636972,-0.360819848
7800,-4959,5119,10194,11563,12562,433,0.44,0.81,5108.10065,0.441762575,10081.9545,0.802575585,-0.360813011
7800,-4959,5121,10200,11562,12573,433,0.44,0.81,5110.09932,0.441973648,10088.301,0.802378191,-0.360404543
7800,-4956,5127,10186,11566,12559,-6,0.44,0.81,5116.10464,0.442340017,10073.86,0.80212278,-0.359782763
7800,-4958,5120,10195,11556,12569,-556,0.44,0.81,5109.09134,0.4421159,10083.175,0.802225714,-0.360109814
7800,-4961,5126,10194,11573,12562,-1106,0.44,0.81,5115.11395,0.441986862,10081.9545,0.802575585,-0.360588723
7800,-4962,5118,10188,11561,12556,-1655,0.44,0.81,5107.09799,0.44175227,10075.7655,0.802466191,-0.360713922
7800,-4957,5119,10187,11553,12560,-1766,0.44,0.81,5108.08735,0.442143802,10074.8915,0.802141043,-0.359997241
7800,-4957,5135,10192,11589,12561,-1766,0.44,0.81,5124.13523,0.442155081,10079.923,0.802477749,-0.360322668
7800,-4957,5127,10193,11568,12561,-1766,0.44,0.81,5116.1073,0.442263771,10080.923,0.80255736,-0.360293589
7800,-4954,5131,10197,11582,12568,-1766,0.44,0.81,5120.12592,0.442076146,10085.1435,0.802446173,-0.360370027
7800,-4954,5117,10193,11558,12564,-1766,0.44,0.81,5106.094,0.441780066,10081.0175,0.802373249,-0.360593183
7800,-4960,5116,10174,11557,12543,-1766,0.44,0.81,5105.09267,0.441731649,10061.356,0.802149087,-0.360417438
7800,-4957,5121,10185,11560,12556,-1579,0.44,0.81,5110.09666,0.442049884,10072.7655,0.802227262,-0.360177378
7800,-4955,5128,10184,11566,12558,-1346,0.44,0.81,5117.10464,0.442426478,10071.8285,0.802024885,-0.359598407
7800,-4957,5126,10184,11573,12548,-1113,0.44,0.81,5115.11395,0.441986862,10071.5135,0.802638946,-0.360652085
7800,-4957,5119,10178,11561,12552,-880,0.44,0.81,5108.09799,0.441838767,10065.6395,0.801915193,-0.360076425
7800,-4959,5120,10184,11557,12555,-834,0.44,0.81,5109.09267,0.44207776,10071.734,0.802209,-0.360131241
7799,-4961,5120,10179,11556,12542,-834,0.44,0.81,5109.09134,0.4421159,10066.3245,0.802609193,-0.360493293
7799,-4954,5124,10186,11555,12550,-834,0.44,0.81,5113.09001,0.442500217,10073.5765,0.802675418,-0.360175201
7799,-4957,5121,10177,11561,12540,-834,0.44,0.81,5110.09799,0.442011763,10064.2615,0.802572687,-0.360560925
7800,-4959,5120,10174,11560,12538,-834,0.44,0.81,5109.09666,0.441963379,10061.1985,0.802456413,-0.360493034
7800,-4958,5117,10176,11558,12545,-834,0.44,0.81,5106.094,0.441780066,10063.419,0.802185652,-0.360405586
7800,-4960,5121,10178,11556,12543,-667,0.44,0.81,5110.09134,0.442202435,10065.356,0.80246799,-0.360265555
7800,-4962,5117,10184,11553,12547,-459,0.44,0.81,5106.08735,0.441970687,10071.482,0.802700406,-0.360729719
7800,-4953,5126,10185,11567,12552,-251,0.44,0.81,5115.10597,0.442215438,10072.6395,0.802472873,-0.360257435
7800,-4958,5119,10179,11563,12547,-42,0.44,0.81,5108.10065,0.441762575,10066.482,0.802301905,-0.36053933
7800,-4962,5115,10174,11556,12536,0,0.44,0.81,5104.09134,0.441683224,10061.1355,0.802579411,-0.360896187
7800,-4964,5121,10175,11559,12541,0,0.44,0.81,5110.09533,0.442088012,10062.293,0.802351726,-0.360263714
7800,-4956,5118,10181,11557,12550,0,0.44,0.81,5107.09267,0.441904705,10068.5765,0.802277012,-0.360372307
7800,-4956,5121,10185,11556,12552,0,0.44,0.81,5110.09134,0.442202435,10072.6395,0.802472873,-0.360270438
7800,-4956,5120,10181,11555,12548,0,0.44,0.81,5109.09001,0.442154047,10068.5135,0.802399865,-0.360245818
7800,-4954,5120,10184,11561,12550,0,0.44,0.81,5109.09799,0.441925265,10071.5765,0.802516056,-0.360590791
7800,-4957,5125,10194,11561,12562,-96,0.44,0.81,5114.09799,0.442357754,10081.9545,0.802575585,-0.360217831
7800,-4959,5118,10188,11555,12552,-215,0.44,0.81,5107.09001,0.441980961,10075.6395,0.802711879,-0.360730917
7800,-4956,5122,10182,11561,12553,-334,0.44,0.81,5111.09799,0.442098261,10069.671,0.802172469,-0.360074208
7800,-4957,5119,10192,11557,12560,-453,0.44,0.81,5108.09267,0.441991232,10079.8915,0.802539132,-0.3605479
7800,-4955,5127,10190,11561,12562,-477,0.44,0.81,5116.09799,0.442530749,10077.9545,0.802257164,-0.359726415
7800,-4955,5122,10181,11563,12548,-477,0.44,0.81,5111.10065,0.442022023,10068.5135,0.802399865,-0.360377842
7800,-4956,5123,10197,11557,12565,-477,0.44,0.81,5112.09267,0.442337343,10085.049,0.802630243,-0.3602929
7800,-4954,5124,10184,11562,12551,-477,0.44,0.81,5113.09932,0.442233119,10071.608,0.802454625,-0.360221506
7800,-4958,5119,10195,11555,12563,-477,0.44,0.81,5108.09001,0.442067504,10082.986,0.802593807,-0.360526303
7799,-4957,5128,10198,11570,12566,-477,0.44,0.81,5117.10996,0.442273981,10086.0805,0.802648456,-0.360374475
7799,-4958,5119,10191,11553,12559,-697,0.44,0.81,5108.08735,0.442143802,10078.86,0.802520901,-0.360377099
7799,-4958,5123,10194,11558,12561,-973,0.44,0.81,5112.094,0.442299187,10081.923,0.802636972,-0.360337785
7800,-4961,5124,10186,11561,12552,-1249,0.44,0.81,5113.09799,0.442271256,10073.6395,0.802552541,-0.360281285
7800,-4956,5121,10188,11559,12556,-1525,0.44,0.81,5110.09533,0.442088012,10075.7655,0.802466191,-0.36037818
7800,-4960,5124,10187,11564,12556,-1580,0.44,0.81,5113.10198,0.442156864,10074.7655,0.802386548,-0.360229684
7800,-4954,5127,10187,11564,12556,-1580,0.44,0.81,5116.10198,0.44241629,10074.7655,0.802386548,-0.359970258
7800,-4959,5121,10191,11566,12560,-1580,0.44,0.81,5110.10464,0.441821255,10078.8915,0.802459514,-0.360638259
7800,-4958,5122,10180,11560,12549,-1580,0.44,0.81,5111.09666,0.442136389,10067.545,0.802258746,-0.360122356
7800,-4953,5128,10186,11568,12558,-1580,0.44,0.81,5117.1073,0.442350216,10073.8285,0.802184146,-0.359833929
7800,-4949,5125,10201,11561,12575,-1580,0.44,0.81,5114.09799,0.442357754,10089.364,0.802335109,-0.359977356
7800,-4953,5123,10196,11561,12564,-1550,0.44,0.81,5112.09799,0.442184758,10084.0175,0.802612026,-0.360427268
7800,-4956,5124,10193,11557,12558,-1512,0.44,0.81,5113.09267,0.44242387,10080.8285,0.802741559,-0.360317689
7800,-4951,5124,10204,11559,12576,-1475,0.44,0.81,5113.09533,0.44234755,10092.3955,0.802512365,-0.360164815
7800,-4957,5121,10188,11557,12559,-1437,0.44,0.81,5110.09267,0.442164287,10075.86,0.802282029,-0.360117741
7800,-4958,5121,10219,11564,12597,-1429,0.44,0.81,5110.10198,0.441897439,10108.057,0.802417798,-0.360520359
7800,-4956,5126,10190,11560,12559,-1429,0.44,0.81,5115.09666,0.44248241,10077.86,0.802441277,-0.359958867
7800,-4955,5112,10190,11544,12563,-1429,0.44,0.81,5101.07538,0.441881097,10077.986,0.802195813,-0.360314716
7799,-4957,5124,10207,11560,12582,-1429,0.44,0.81,5113.09666,0.4423094,10095.5845,0.802383127,-0.360073727
7799,-4958,5121,10199,11562,12573,-1429,0.44,0.81,5110.09932,0.441973648,10087.301,0.802298656,-0.360325008
7800,-4956,5117,10205,11550,12570,-1429,0.44,0.81,5106.08336,0.442085139,10093.2065,0.802959944,-0.360874805
7800,-4957,5121,10215,11552,12592,-1298,0.44,0.81,5110.08602,0.442355092,10103.8995,0.80240625,-0.360051158
7800,-4960,5118,10204,11554,12572,-1133,0.44,0.81,5107.08868,0.4420191,10092.2695,0.802757676,-0.360738576
7800,-4957,5122,10203,11559,12579,-968,0.44,0.81,5111.09533,0.442174525,10091.49,0.802248986,-0.360074462
7800,-4955,5121,10195,11563,12564,-803,0.44,0.81,5110.10065,0.44193554,10083.0175,0.802532434,-0.360596894
7800,-4962,5120,10205,11561,12571,-770,0.44,0.81,5109.09799,0.441925265,10093.238,0.802898576,-0.360973311
7800,-4959,5121,10214,11558,12586,-770,0.44,0.81,5110.094,0.442126146,10102.7105,0.802694303,-0.360568157
7800,-4954,5122,10214,11557,12585,-770,0.44,0.81,5111.09267,0.442250815,10102.679,0.802755582,-0.360504767
7800,-4959,5121,10208,11557,12583,-770,0.44,0.81,5110.09267,0.442164287,10096.616,0.802401335,-0.360237048
7800,-4955,5120,10192,11557,12562,-770,0.44,0.81,5109.09267,0.44207776,10079.9545,0.802416375,-0.360338615
7799,-4951,5124,10204,11569,12579,-770,0.44,0.81,5113.10863,0.441966344,10092.49,0.802328484,-0.36036214
7799,-4957,5116,10196,11559,12566,-770,0.44,0.81,5105.09533,0.441655449,10084.0805,0.802489297,-0.360833848
7799,-4960,5119,10191,11554,12558,-581,0.44,0.81,5108.08868,0.44210565,10078.8285,0.802582298,-0.360476648
7800,-4959,5120,10198,11562,12570,-270,0.44,0.81,5109.09932,0.441887158,10086.2065,0.802403063,-0.360515905
7800,-4957,5115,10206,11557,12579,41,0.44,0.81,5104.09267,0.441645122,10094.49,0.802487479,-0.360842358
7800,-4959,5121,10192,11560,12563,352,0.44,0.81,5110.09666,0.442049884,10079.986,0.802355011,-0.360305127
7800,-4958,5119,10207,11553,12574,475,0.44,0.81,5108.08735,0.442143802,10095.3325,0.802873588,-0.360729786
7800,-4956,5118,10194,11560,12561,475,0.44,0.81,5107.09666,0.441790369,10081.923,0.802636972,-0.360846603
7800,-4953,5113,10191,11547,12557,475,0.44,0.81,5102.07937,0.441853241,10078.797,0.802643705,-0.360790464
7800,-4954,5123,10187,11558,12561,475,0.44,0.81,5112.094,0.442299187,10074.923,0.802079691,-0.359780504
7800,-4957,5122,10195,11559,12564,475,0.44,0.81,5111.09533,0.442174525,10083.0175,0.802532434,-0.360357909
7800,-4958,5119,10190,11551,12558,213,0.44,0.81,5108.08469,0.442220127,10077.8285,0.802502668,-0.36028254
7800,-4956,5120,10186,11555,12560,-113,0.44,0.81,5109.09001,0.442154047,10073.8915,0.802061425,-0.359907378
7800,-4957,5124,10198,11564,12570,-441,0.44,0.81,5113.10198,0.442156864,10086.2065,0.802403063,-0.360246198
7800,-4953,5126,10190,11558,12564,-768,0.44,0.81,5115.094,0.442558747,10078.0175,0.802134472,-0.359575724
7800,-4958,5121,10197,11560,12566,-834,0.44,0.81,5110.09666,0.442049884,10085.0805,0.802568876,-0.360518992
7800,-4957,5118,10199,11550,12570,-834,0.44,0.81,5107.08336,0.442171719,10087.2065,0.802482617,-0.360310898
7800,-4959,5122,10194,11557,12564,-834,0.44,0.81,5111.09267,0.442250815,10082.0175,0.802452841,-0.360202026
7800,-4955,5119,10207,11557,12588,-834,0.44,0.81,5108.09267,0.441991232,10095.7735,0.80201569,-0.360024457
7800,-4953,5122,10191,11565,12563,-834,0.44,0.81,5111.10331,0.441945812,10078.986,0.802275412,-0.3603296
7799,-4957,5117,10196,11556,12567,-834,0.44,0.81,5106.09134,0.441856295,10084.112,0.802427946,-0.360571652
7799,-4959,5125,10184,11562,12551,-893,0.44,0.81,5114.09932,0.442319609,10071.608,0.802454625,-0.360135016
7799,-4956,5122,10199,11558,12570,-1042,0.44,0.81,5111.094,0.442212667,10087.2065,0.802482617,-0.360269951
7800,-4952,5122,10189,11555,12560,-1191,0.44,0.81,5111.09001,0.442327132,10076.8915,0.802300279,-0.359973147
7800,-4961,5123,10195,11557,12563,-1340,0.44,0.81,5112.09267,0.442337343,10082.986,0.802593807,-0.360256464
7800,-4958,5118,10196,11557,12567,-1429,0.44,0.81,5107.09267,0.441904705,10084.112,0.802427946,-0.360523242
7800,-4957,5118,10195,11552,12565,-1429,0.44,0.81,5107.08602,0.442095396,10083.049,0.80247107,-0.360375674
7800,-4957,5117,10186,11554,12558,-1429,0.44,0.81,5106.08868,0.44193255,10073.8285,0.802184146,-0.360251596
7800,-4962,5123,10198,11559,12567,-1429,0.44,0.81,5112.09533,0.442261037,10086.112,0.802587093,-0.360326056
7800,-4956,5123,10189,11568,12559,-1429,0.44,0.81,5112.1073,0.441917989,10076.86,0.802361653,-0.360443664
7800,-4959,5122,10199,11562,12571,-1429,0.44,0.81,5111.09932,0.442060138,10087.238,0.802421287,-0.360361149
7800,-4956,5121,10194,11561,12565,-898,0.44,0.81,5110.09799,0.442011763,10082.049,0.802391484,-0.360379721
7800,-4954,5122,10193,11560,12562,-241,0.44,0.81,5111.09666,0.442136389,10080.9545,0.80249598,-0.360359591
7800,-4960,5117,10197,11558,12565,415,0.44,0.81,5106.094,0.441780066,10085.049,0.802630243,-0.360850177
7799,-4953,5122,10188,11556,12561,1073,0.44,0.81,5111.09134,0.44228897,10075.923,0.802159303,-0.359870332
7799,-4956,5126,10193,11558,12564,1199,0.44,0.81,5115.094,0.442558747,10081.0175,0.802373249,-0.359814502
7799,-4958,5120,10188,11557,12563,1199,0.44,0.81,5109.09267,0.44207776,10075.986,0.802036615,-0.359958856
7799,-4958,5122,10191,11553,12561,1199,0.44,0.81,5111.08735,0.442403475,10078.923,0.802398137,-0.359994662
7800,-4959,5117,10191,11557,12557,1199,0.44,0.81,5106.09267,0.441818177,10078.797,0.802643705,-0.360825528
7800,-4954,5123,10189,11555,12558,1199,0.44,0.81,5112.09001,0.442413675,10076.8285,0.802423037,-0.360009363
7800,-4954,5116,10202,11556,12572,1199,0.44,0.81,5105.09134,0.441769759,10090.2695,0.802598592,-0.360828833
7800,-4956,5126,10192,11556,12565,777,0.44,0.81,5115.09134,0.442635111,10080.049,0.802232312,-0.359597201
7800,-4956,5123,10191,11563,12559,250,0.44,0.81,5112.10065,0.442108506,10078.86,0.802520901,-0.360412396
7800,-4961,5125,10190,11565,12566,-277,0.44,0.81,5114.10331,0.442205215,10078.0805,0.802011818,-0.359806603
7800,-4958,5123,10190,11561,12563,-804,0.44,0.81,5112.09799,0.442184758,10077.986,0.802195813,-0.360011055
7800,-4955,5118,10197,11557,12569,-910,0.44,0.81,5107.09267,0.441904705,10085.175,0.802384836,-0.360480131
7800,-4956,5119,10193,11556,12564,-910,0.44,0.81,5108.09134,0.442029365,10081.0175,0.802373249,-0.360343884
7800,-4958,5124,10190,11560,12563,-910,0.44,0.81,5113.09666,0.4423094,10077.986,0.802195813,-0.359886413
7800,-4956,5121,10197,11561,12569,-910,0.44,0.81,5110.09799,0.442011763,10085.175,0.802384836,-0.360373073
7800,-4958,5125,10187,11561,12562,-910,0.44,0.81,5114.09799,0.442357754,10074.9545,0.802018349,-0.359660595
7800,-4953,5125,10191,11565,12564,-910,0.44,0.81,5114.10331,0.442205215,10079.0175,0.802214064,-0.360008849
7799,-4958,5126,10194,11565,12568,-1081,0.44,0.81,5115.10331,0.442291683,10082.1435,0.802207471,-0.359915789
7799,-4956,5125,10193,11559,12569,-1295,0.44,0.81,5114.09533,0.442434063,10081.175,0.802066592,-0.35963253
7799,-4958,5116,10191,11554,12564,-1509,0.44,0.81,5105.08868,0.441846,10079.0175,0.802214064,-0.360368064
7799,-4956,5119,10195,11555,12560,-1723,0.44,0.81,5108.09001,0.442067504,10082.8915,0.802777986,-0.360710482
7800,-4959,5114,10189,11552,12558,-1766,0.44,0.81,5103.08602,0.441749136,10076.8285,0.802423037,-0.360673901
7800,-4959,5123,10190,11564,12559,-1766,0.44,0.81,5112.10198,0.442070389,10077.86,0.802441277,-0.360370888
7800,-4957,5121,10188,11558,12560,-1766,0.44,0.81,5110.094,0.442126146,10075.8915,0.802220661,-0.360094514
7800,-4962,5116,10198,11554,12563,-1766,0.44,0.81,5105.08868,0.441846,10085.986,0.802832604,-0.360986604
7800,-4954,5124,10183,11557,12555,-1766,0.44,0.81,5113.09267,0.44242387,10070.734,0.802129351,-0.35970548
7800,-4956,5116,10190,11553,12557,-1766,0.44,0.81,5105.08735,0.44188413,10077.797,0.802564068,-0.360679938
7800,-4960,5119,10190,11557,12558,-1698,0.44,0.81,5108.09267,0.441991232,10077.8285,0.802502668,-0.360511435
7800,-4960,5123,10191,11558,12561,-1614,0.44,0.81,5112.094,0.442299187,10078.923,0.802398137,-0.36009895
7800,-4961,5120,10196,11553,12564,-1530,0.44,0.81,5109.08735,0.44223036,10084.0175,0.802612026,-0.360381666
7800,-4962,5124,10184,11565,12555,-1446,0.44,0.81,5113.10331,0.442118747,10071.734,0.802209,-0.360090253
7800,-4958,5119,10196,11556,12562,-1429,0.44,0.81,5108.09134,0.442029365,10083.9545,0.802734795,-0.360705431
7800,-4953,5120,10190,11555,12566,-1429,0.44,0.81,5109.09001,0.442154047,10078.0805,0.802011818,-0.359857771
7800,-4961,5119,10201,11555,12567,-1429,0.44,0.81,5108.09001,0.442067504,10089.112,0.802825814,-0.36075831
7800,-4958,5117,10200,11554,12570,-1429,0.44,0.81,5106.08868,0.44193255,10088.2065,0.802562172,-0.360629622
7800,-4958,5115,10196,11557,12564,-1429,0.44,0.81,5104.09267,0.441645122,10084.0175,0.802612026,-0.360966905
7800,-4960,5122,10195,11562,12561,-1429,0.44,0.81,5111.09932,0.442060138,10082.923,0.802716583,-0.360656445
7799,-4955,5123,10187,11557,12559,-1326,0.44,0.81,5112.09267,0.442337343,10074.86,0.802202405,-0.359865062
7799,-4959,5120,10192,11553,12560,-1196,0.44,0.81,5109.08735,0.44223036,10079.8915,0.802539132,-0.360308772
7800,-4959,5120,10196,11553,12564,-1066,0.44,0.81,5109.08735,0.44223036,10084.0175,0.802612026,-0.360381666
7800,-4957,5122,10200,11551,12567,-936,0.44,0.81,5111.08469,0.442479845,10088.112,0.80274624,-0.360266395
7800,-4960,5120,10188,11556,12560,-910,0.44,0.81,5109.09134,0.4421159,10075.8915,0.802220661,-0.360104761
7800,-4959,5117,10187,11560,12552,-910,0.44,0.81,5106.09666,0.441703863,10074.6395,0.80263221,-0.360928347
7800,-4961,5119,10199,11556,12566,-910,0.44,0.81,5108.09134,0.442029365,10087.0805,0.802728036,-0.360698671
7800,-4960,5120,10192,11553,12557,-910,0.44,0.81,5109.08735,0.44223036,10079.797,0.802723342,-0.360492981
7800,-4959,5124,10191,11554,12557,-910,0.44,0.81,5113.08868,0.442538401,10078.797,0.802643705,-0.360105304
7800,-4958,5116,10194,11554,12560,-910,0.44,0.81,5105.08868,0.441846,10081.8915,0.802698368,-0.360852368
7800,-4958,5120,10189,11562,12555,-545,0.44,0.81,5109.09932,0.441887158,10076.734,0.802607248,-0.36072009
7800,-4964,5116,10190,11555,12560,-90,0.44,0.81,5105.09001,0.441807876,10077.8915,0.802379896,-0.36057202
7800,-4963,5119,10194,11555,12559,363,0.44,0.81,5108.09001,0.442067504,10081.86,0.802759774,-0.36069227
7800,-4960,5117,10192,11551,12558,818,0.44,0.81,5106.08469,0.442046982,10079.8285,0.802661929,-0.360614947
7800,-4962,5119,10188,11558,12561,908,0.44,0.81,5108.094,0.441953106,10075.923,0.802159303,-0.360206197
7800,-4958,5120,10190,11558,12562,908,0.44,0.81,5109.094,0.442039626,10077.9545,0.802257164,-0.360217538
7800,-4962,5117,10188,11556,12559,908,0.44,0.81,5106.09134,0.441856295,10075.86,0.802282029,-0.360425734
7800,-4961,5123,10192,11557,12562,908,0.44,0.81,5112.09267,0.442337343,10079.9545,0.802416375,-0.360079032
7800,-4960,5121,10191,11559,12558,908,0.44,0.81,5110.09533,0.442088012,10078.8285,0.802582298,-0.360494286
7800,-4962,5117,10189,11561,12558,908,0.44,0.81,5106.09799,0.441665772,10076.8285,0.802423037,-0.360757265
7800,-4959,5124,10193,11562,12558,837,0.44,0.81,5113.09932,0.442233119,10080.8285,0.802741559,-0.36050844
7800,-4961,5116,10197,11556,12563,718,0.44,0.81,5105.09134,0.441769759,10084.986,0.802753005,-0.360983245
7800,-4959,5114,10192,11556,12562,599,0.44,0.81,5103.09134,0.441596689,10079.9545,0.802416375,-0.360819686
7800,-4957,5124,10190,11562,12560,481,0.44,0.81,5113.09932,0.442233119,10077.8915,0.802379896,-0.360146778
7800,-4957,5120,10192,11559,12561,433,0.44,0.81,5109.09533,0.442001499,10079.923,0.802477749,-0.360476249
7799,-4961,5119,10198,11554,12564,433,0.44,0.81,5108.08868,0.44210565,10086.0175,0.802771211,-0.360665561
7799,-4960,5122,10191,11563,12556,433,0.44,0.81,5111.10065,0.442022023,10078.7655,0.802705121,-0.360683098
7799,-4961,5118,10192,11553,12558,433,0.44,0.81,5107.08735,0.442057245,10079.8285,0.802661929,-0.360604684
7799,-4964,5122,10189,11565,12555,433,0.44,0.81,5111.10331,0.441945812,10076.734,0.802607248,-0.360661437
7800,-4954,5123,10190,11559,12560,433,0.44,0.81,5112.09533,0.442261037,10077.8915,0.802379896,-0.360118859
7800,-4956,5121,10188,11553,12556,518,0.44,0.81,5110.08735,0.442316918,10075.7655,0.802466191,-0.360149274
7800,-4961,5119,10192,11556,12561,659,0.44,0.81,5108.09134,0.442029365,10079.923,0.802477749,-0.360448384
7800,-4955,5119,10185,11559,12556,801,0.44,0.81,5108.09533,0.441914987,10072.7655,0.802227262,-0.360312275
7800,-4957,5123,10191,11563,12562,942,0.44,0.81,5112.10065,0.442108506,10078.9545,0.80233677,-0.360228264
7800,-4965,5121,10196,11561,12562,999,0.44,0.81,5110.09799,0.442011763,10083.9545,0.802734795,-0.360723033
7800,-4962,5127,10197,11567,12562,999,0.44,0.81,5116.10597,0.442301891,10084.9545,0.802814401,-0.36051251
7800,-4960,5115,10188,11554,12562,999,0.44,0.81,5104.08868,0.44175945,10075.9545,0.802097954,-0.360338505
7800,-4959,5123,10194,11559,12562,999,0.44,0.81,5112.09533,0.442261037,10081.9545,0.802575585,-0.360314548
7800,-4957,5121,10194,11557,12559,999,0.44,0.81,5110.09267,0.442164287,10081.86,0.802759774,-0.360595486
7800,-4958,5124,10186,11557,12559,999,0.44,0.81,5113.09267,0.44242387,10073.86,0.80212278,-0.35969891
7800,-4958,5126,10200,11563,12567,482,0.44,0.81,5115.10065,0.442367954,10088.112,0.80274624,-0.360378286
7800,-4963,5121,10190,11563,12560,-162,0.44,0.81,5110.10065,0.44193554,10077.8915,0.802379896,-0.360444356
7800,-4952,5120,10191,11553,12561,-807,0.44,0.81,5109.08735,0.44223036,10078.923,0.802398137,-0.360167777
7799,-4958,5119,10197,11558,12566,-1452,0.44,0.81,5108.094,0.441953106,10085.0805,0.802568876,-0.36061577
7799,-4959,5121,10194,11553,12562,-1580,0.44,0.81,5110.08735,0.442316918,10081.9545,0.802575585,-0.360258667
7800,-4956,5119,10191,11555,12560,-1580,0.44,0.81,5108.09001,0.442067504,10078.8915,0.802459514,-0.36039201
7800,-4961,5114,10196,11545,12556,-1580,0.44,0.81,5103.07671,0.442016172,10083.7655,0.803103337,-0.361087165
7800,-4957,5123,10191,11562,12570,-1580,0.44,0.81,5112.09932,0.442146629,10079.2065,0.801846181,-0.359699553
7800,-4959,5122,10184,11559,12555,-1580,0.44,0.81,5111.09533,0.442174525,10071.734,0.802209,-0.360034476
7800,-4959,5115,10195,11554,12562,-1580,0.44,0.81,5104.08868,0.44175945,10082.9545,0.80265519,-0.360895741
7800,-4957,5126,10196,11561,12563,-1580,0.44,0.81,5115.09799,0.442444251,10083.986,0.802673406,-0.360229155
7800,-4958,5123,10190,11559,12559,-1580,0.44,0.81,5112.09533,0.442261037,10077.86,0.802441277,-0.36018024
7800,-4956,5120,10193,11553,12562,-1580,0.44,0.81,5109.08735,0.44223036,10080.9545,0.80249598,-0.36026562
7800,-4962,5118,10194,11554,12558,-1580,0.44,0.81,5107.08868,0.4420191,10081.8285,0.80282119,-0.36080209
7800,-4957,5120,10195,11558,12557,-1580,0.44,0.81,5109.094,0.442039626,10082.797,0.802962252,-0.360922626
7800,-4961,5115,10198,11554,12564,-1580,0.44,0.81,5104.08868,0.44175945,10086.0175,0.802771211,-0.361011762
7800,-4957,5120,10187,11556,12558,-1580,0.44,0.81,5109.09134,0.4421159,10074.8285,0.802263776,-0.360147876
7800,-4959,5124,10188,11559,12554,-1580,0.44,0.81,5113.09533,0.44234755,10075.7025,0.802589015,-0.360241465
7800,-4961,5115,10193,11553,12562,-1580,0.44,0.81,5104.08735,0.441797572,10080.9545,0.80249598,-0.360698408
7800,-4957,5119,10193,11550,12566,-1580,0.44,0.81,5108.08336,0.4422583,10081.0805,0.802250557,-0.359992257
7800,-4959,5121,10188,11559,12557,-1509,0.44,0.81,5110.09533,0.442088012,10075.797,0.802404794,-0.360316782
7800,-4962,5120,10201,11558,12573,-1392,0.44,0.81,5109.094,0.442039626,10089.301,0.802457727,-0.360418101
7799,-4954,5122,10194,11559,12565,-1275,0.44,0.81,5111.09533,0.442174525,10082.049,0.802391484,-0.36021696
7799,-4954,5117,10189,11557,12559,-1158,0.44,0.81,5106.09267,0.441818177,10076.86,0.802361653,-0.360543476
7800,-4962,5118,10196,11555,12563,-1112,0.44,0.81,5107.09001,0.441980961,10083.986,0.802673406,-0.360692445
7800,-4958,5119,10190,11552,12558,-1112,0.44,0.81,5108.08602,0.442181962,10077.8285,0.802502668,-0.360320706
7800,-4959,5121,10197,11556,12564,-1112,0.44,0.81,5110.09134,0.442202435,10085.0175,0.802691619,-0.360489184
7800,-4960,5124,10197,11557,12562,-1112,0.44,0.81,5113.09267,0.44242387,10084.9545,0.802814401,-0.36039053
7800,-4956,5121,10192,11561,12561,-1112,0.44,0.81,5110.09799,0.442011763,10079.923,0.802477749,-0.360465986
7800,-4958,5117,10191,11562,12551,-1112,0.44,0.81,5106.09932,0.441627687,10078.608,0.80301235,-0.361384662
7800,-4960,5116,10194,11547,12560,-1005,0.44,0.81,5105.07937,0.442113048,10081.8915,0.802698368,-0.360585319
7800,-4960,5120,10197,11553,12563,-827,0.44,0.81,5109.08735,0.44223036,10084.986,0.802753005,-0.360522645
7800,-4956,5115,10195,11554,12565,-649,0.44,0.81,5104.08868,0.44175945,10083.049,0.80247107,-0.360711621
7800,-4960,5119,10186,11557,12554,-471,0.44,0.81,5108.09267,0.441991232,10073.7025,0.802429704,-0.360438472
7800,-4960,5119,10195,11559,12558,-400,0.44,0.81,5108.09533,0.441914987,10082.8285,0.80290082,-0.360985834
7800,-4959,5117,10196,11554,12562,-400,0.44,0.81,5106.08868,0.44193255,10083.9545,0.802734795,-0.360802246
7800,-4961,5111,10200,11552,12565,-400,0.44,0.81,5100.08602,0.441489441,10088.049,0.802869001,-0.36137956
7800,-4956,5117,10188,11555,12555,-400,0.44,0.81,5106.09001,0.441894419,10075.734,0.802527599,-0.36063318
7800,-4961,5116,10200,11560,12567,-400,0.44,0.81,5105.09666,0.441617358,10088.112,0.80274624,-0.361128882
7800,-4963,5113,10199,11555,12563,-400,0.44,0.81,5102.09001,0.441548248,10086.986,0.802912202,-0.361363954
7800,-4958,5120,10184,11549,12554,-275,0.44,0.81,5109.08203,0.442383066,10071.7025,0.802270392,-0.359887326
7800,-4962,5117,10191,11558,12557,-66,0.44,0.81,5106.094,0.441780066,10078.797,0.802643705,-0.360863639
7800,-4962,5116,10195,11552,12559,141,0.44,0.81,5105.08602,0.441922266,10082.86,0.802839398,-0.360917132
7800,-4959,5117,10194,11554,12559,350,0.44,0.81,5106.08868,0.44193255,10081.86,0.802759774,-0.360827224
7800,-4956,5122,10191,11561,12561,433,0.44,0.81,5111.09799,0.442098261,10078.923,0.802398137,-0.360299877
7800,-4961,5117,10195,11552,12561,433,0.44,0.81,5106.08602,0.442008831,10082.923,0.802716583,-0.360707752
7800,-4961,5120,10194,11554,12562,433,0.44,0.81,5109.08868,0.4421922,10081.9545,0.802575585,-0.360383385
7800,-4954,5122,10190,11561,12559,433,0.44,0.81,5111.09799,0.442098261,10077.86,0.802441277,-0.360343017
7800,-4962,5120,10189,11560,12559,433,0.44,0.81,5109.09666,0.441963379,10076.86,0.802361653,-0.360398274
7800,-4952,5119,10189,11552,12558,433,0.44,0.81,5108.08602,0.442181962,10076.8285,0.802423037,-0.360241076
7799,-4957,5120,10190,11565,12555,447,0.44,0.81,5109.10331,0.441772876,10077.734,0.802686898,-0.360914022
7799,-4961,5122,10191,11558,12557,470,0.44,0.81,5111.094,0.442212667,10078.797,0.802643705,-0.360431038
7799,-4959,5121,10196,11560,12563,493,0.44,0.81,5110.09666,0.442049884,10083.986,0.802673406,-0.360623522
7799,-4960,5121,10193,11557,12559,516,0.44,0.81,5110.09267,0.442164287,10080.86,0.80268015,-0.360515862
7800,-4961,5123,10205,11563,12572,525,0.44,0.81,5112.10065,0.442108506,10093.2695,0.802837218,-0.360728712
7800,-4960,5124,10200,11562,12566,525,0.44,0.81,5113.09932,0.442233119,10088.0805,0.802807616,-0.360574497
7800,-4961,5117,10185,11558,12552,525,0.44,0.81,5106.094,0.441780066,10072.6395,0.802472873,-0.360692807
7801,-4960,5114,10191,11553,12556,525,0.44,0.81,5103.08735,0.441711014,10078.7655,0.802705121,-0.360994107
7801,-4957,5115,10187,11542,12552,525,0.44,0.81,5104.07272,0.442217356,10074.6395,0.80263221,-0.360414854
7801,-4961,5114,10194,11551,12564,525,0.44,0.81,5103.08469,0.441787264,10082.0175,0.802452841,-0.360665577
7801,-4961,5120,10185,11566,12557,196,0.44,0.81,5109.10464,0.441734795,10072.797,0.802165884,-0.360431088
7800,-4956,5114,10187,11551,12554,-351,0.44,0.81,5103.08469,0.441787264,10074.7025,0.80250936,-0.360722095
7800,-4956,5122,10193,11557,12561,-900,0.44,0.81,5111.09267,0.442250815,10080.923,0.80255736,-0.360306545
7800,-4961,5118,10187,11558,12557,-1448,0.44,0.81,5107.094,0.441866586,10074.797,0.802325157,-0.360458571
7800,-4958,5116,10192,11552,12560,-1667,0.44,0.81,5105.08602,0.441922266,10079.8915,0.802539132,-0.360616866
7800,-4962,5115,10190,11549,12557,-1667,0.44,0.81,5104.08203,0.441950128,10077.797,0.802564068,-0.36061394
7800,-4960,5119,10192,11551,12562,-1667,0.44,0.81,5108.08469,0.442220127,10079.9545,0.802416375,-0.360196248
7800,-4956,5120,10192,11551,12561,-1667,0.44,0.81,5109.08469,0.4423067,10079.923,0.802477749,-0.360171049
7800,-4958,5118,10190,11553,12563,-1667,0.44,0.81,5107.08735,0.442057245,10077.986,0.802195813,-0.360138568
7800,-4954,5119,10185,11557,12555,-1668,0.44,0.81,5108.09267,0.441991232,10072.734,0.80228865,-0.360297418
7800,-4961,5123,10188,11560,12554,-1868,0.44,0.81,5112.09666,0.442222894,10075.7025,0.802589015,-0.360366121
7800,-4960,5116,10192,11553,12554,-2201,0.44,0.81,5105.08735,0.44188413,10079.7025,0.802907639,-0.361023509
7800,-4959,5119,10193,11548,12560,-2535,0.44,0.81,5108.0807,0.442334664,10080.8915,0.80261875,-0.360284086
7800,-4954,5120,10183,11563,12556,-2868,0.44,0.81,5109.10065,0.441849057,10070.7655,0.802067975,-0.360218918
7800,-4961,5121,10186,11552,12553,-3001,0.44,0.81,5110.08602,0.442355092,10073.671,0.802491118,-0.360136026
7801,-4960,5117,10194,11554,12560,-3001,0.44,0.81,5106.08868,0.44193255,10081.8915,0.802698368,-0.360765818
7800,-4957,5120,10186,11550,12552,-3001,0.44,0.81,5109.08336,0.44234488,10073.6395,0.802552541,-0.360207662
7800,-4961,5121,10181,11562,12554,-3001,0.44,0.81,5110.09932,0.441973648,10068.7025,0.802031424,-0.360057776
7800,-4957,5121,10186,11563,12552,-3001,0.44,0.81,5110.10065,0.44193554,10073.6395,0.802552541,-0.360617001
7800,-4960,5116,10191,11557,12553,-3001,0.44,0.81,5105.09267,0.441731649,10078.671,0.802889429,-0.36115778
7800,-4958,5116,10189,11548,12563,-2676,0.44,0.81,5105.0807,0.442074879,10076.986,0.802116214,-0.360041336
7800,-4958,5125,10190,11555,12561,-2134,0.44,0.81,5114.09001,0.44258676,10077.923,0.802318526,-0.359731766
7800,-4955,5120,10183,11556,12559,-1592,0.44,0.81,5109.09134,0.4421159,10070.86,0.801883908,-0.359768008
7800,-4960,5119,10189,11556,12558,-1051,0.44,0.81,5108.09134,0.442029365,10076.8285,0.802423037,-0.360393672
7800,-4960,5123,10192,11559,12556,-834,0.44,0.81,5112.09533,0.442261037,10079.7655,0.802784764,-0.360523727
7800,-4957,5114,10190,11549,12556,-834,0.44,0.81,5103.08203,0.441863541,10077.7655,0.802625478,-0.360761937
7800,-4957,5118,10194,11551,12557,-834,0.44,0.81,5107.08469,0.442133555,10081.797,0.802882615,-0.360749061
7800,-4959,5120,10192,11549,12560,-834,0.44,0.81,5109.08203,0.442383066,10079.8915,0.802539132,-0.360156066
7801,-4959,5117,10191,11555,12557,-834,0.44,0.81,5106.09001,0.441894419,10078.797,0.802643705,-0.360749286
7801,-4959,5122,10191,11551,12556,-834,0.44,0.81,5111.08469,0.442479845,10078.7655,0.802705121,-0.360225276
7801,-4961,5119,10188,11555,12550,-923,0.44,0.81,5108.09001,0.442067504,10075.5765,0.802834781,-0.360767277
7801,-4960,5120,10187,11556,12562,-1072,0.44,0.81,5109.09134,0.4421159,10074.9545,0.802018349,-0.359902449
7800,-4960,5122,10193,11556,12559,-1221,0.44,0.81,5111.09134,0.44228897,10080.86,0.80268015,-0.360391179
7800,-4956,5119,10190,11558,12563,-1370,0.44,0.81,5108.094,0.441953106,10077.986,0.802195813,-0.360242707
7800,-4958,5117,10197,11557,12566,-1429,0.44,0.81,5106.09267,0.441818177,10085.0805,0.802568876,-0.360750699
7800,-4957,5117,10184,11560,12558,-1429,0.44,0.81,5106.09666,0.441703863,10071.8285,0.802024885,-0.360321021
7800,-4958,5118,10195,11556,12563,-1429,0.44,0.81,5107.09134,0.44194283,10082.986,0.802593807,-0.360650978
7800,-4962,5121,10190,11561,12558,-1429,0.44,0.81,5110.09799,0.442011763,10077.8285,0.802502668,-0.360490905
7800,-4961,5119,10187,11559,12557,-1429,0.44,0.81,5108.09533,0.441914987,10074.797,0.802325157,-0.360410171
7800,-4960,5120,10189,11555,12558,-1429,0.44,0.81,5109.09001,0.442154047,10076.8285,0.802423037,-0.36026899
7800,-4961,5113,10190,11548,12556,-1280,0.44,0.81,5102.0807,0.441815094,10077.7655,0.802625478,-0.360810384
7800,-4966,5121,10196,11567,12564,-1032,0.44,0.81,5110.10597,0.441783174,10084.0175,0.802612026,-0.360828853
7800,-4954,5119,10191,11546,12555,-783,0.44,0.81,5108.07804,0.442411055,10078.734,0.802766547,-0.360355492
7800,-4958,5112,10191,11547,12560,-534,0.44,0.81,5101.07937,0.441766638,10078.8915,0.802459514,-0.360692876
7800,-4960,5119,10188,11554,12553,-435,0.44,0.81,5108.08868,0.44210565,10075.671,0.802650442,-0.360544792
7800,-4957,5119,10196,11549,12560,-435,0.44,0.81,5108.08203,0.442296478,10083.8915,0.802857604,-0.360561125
7801,-4957,5118,10193,11556,12563,-435,0.44,0.81,5107.09134,0.44194283,10080.986,0.80243461,-0.36049178
7801,-4957,5114,10190,11545,12564,-435,0.44,0.81,5103.07671,0.442016172,10078.0175,0.802134472,-0.360118299
7801,-4957,5121,10190,11554,12558,-435,0.44,0.81,5110.08868,0.44227875,10077.8285,0.802502668,-0.360223917
7801,-4957,5116,10191,11557,12551,-435,0.44,0.81,5105.09267,0.441731649,10078.608,0.80301235,-0.3612807
7801,-4963,5122,10188,11552,12558,-643,0.44,0.81,5111.08602,0.442441657,10075.8285,0.802343407,-0.35990175
7800,-4961,5117,10191,11549,12552,-989,0.44,0.81,5106.08203,0.442123303,10078.6395,0.802950884,-0.360827581
7800,-4957,5118,10191,11561,12561,-1335,0.44,0.81,5107.09799,0.44175227,10078.923,0.802398137,-0.360645867
7800,-4954,5115,10191,11556,12563,-1681,0.44,0.81,5104.09134,0.441683224,10078.986,0.802275412,-0.360592188
7800,-4962,5120,10189,11560,12561,-1819,0.44,0.81,5109.09666,0.441963379,10076.923,0.802238914,-0.360275535
7800,-4960,5120,10193,11554,12562,-1819,0.44,0.81,5109.08868,0.4421922,10080.9545,0.80249598,-0.36030378
7800,-4961,5118,10189,11556,12555,-1819,0.44,0.81,5107.09134,0.44194283,10076.734,0.802607248,-0.360664418
7800,-4958,5118,10187,11553,12555,-1819,0.44,0.81,5107.08735,0.442057245,10074.734,0.802447949,-0.360390704
7800,-4958,5118,10189,11552,12556,-1819,0.44,0.81,5107.08602,0.442095396,10076.7655,0.802545835,-0.360450438
7800,-4962,5119,10196,11558,12563,-1819,0.44,0.81,5108.094,0.441953106,10083.986,0.802673406,-0.3607203
7800,-4960,5117,10182,11557,12555,-1799,0.44,0.81,5106.09267,0.441818177,10069.734,0.802049701,-0.360231524
7801,-4962,5121,10186,11559,12553,-1702,0.44,0.81,5110.09533,0.442088012,10073.671,0.802491118,-0.360403106
7801,-4960,5120,10192,11555,12557,-1605,0.44,0.81,5109.09001,0.442154047,10079.797,0.802723342,-0.360569295
7801,-4960,5117,10193,11555,12564,-1507,0.44,0.81,5106.09001,0.441894419,10081.0175,0.802373249,-0.36047883
7801,-4961,5118,10184,11556,12552,-1429,0.44,0.81,5107.09134,0.44194283,10071.6395,0.802393204,-0.360450375
7800,-4959,5122,10189,11563,12561,-1429,0.44,0.81,5111.10065,0.442022023,10076.923,0.802238914,-0.360216891
7800,-4958,5122,10187,11550,12556,-1429,0.44,0.81,5111.08336,0.44251804,10074.7655,0.802386548,-0.359868508
7800,-4958,5117,10190,11553,12556,-1429,0.44,0.81,5106.08735,0.441970687,10077.7655,0.802625478,-0.360654791
7800,-4954,5123,10195,11557,12562,-1429,0.44,0.81,5112.09267,0.442337343,10082.9545,0.80265519,-0.360317848
7800,-4955,5123,10189,11562,12557,-1429,0.44,0.81,5112.09932,0.442146629,10076.797,0.802484431,-0.360337802
7800,-4961,5118,10195,11561,12562,-1411,0.44,0.81,5107.09799,0.44175227,10082.9545,0.80265519,-0.360902921
7800,-4961,5119,10186,11561,12553,-1380,0.44,0.81,5108.09799,0.441838767,10073.671,0.802491118,-0.36065235
7800,-4957,5124,10188,11557,12557,-1349,0.44,0.81,5113.09267,0.44242387,10075.797,0.802404794,-0.359980924
7800,-4954,5118,10190,11562,12559,-1318,0.44,0.81,5107.09932,0.441714177,10077.86,0.802441277,-0.3607271
7800,-4959,5118,10184,11557,12553,-1305,0.44,0.81,5107.09267,0.441904705,10071.671,0.802331793,-0.360427089
7800,-4962,5120,10192,11560,12563,-1305,0.44,0.81,5109.09666,0.441963379,10079.986,0.802355011,-0.360391632
7800,-4962,5118,10188,11563,12558,-1305,0.44,0.81,5107.10065,0.441676092,10075.8285,0.802343407,-0.360667315
7800,-4958,5120,10188,11553,12555,-1305,0.44,0.81,5109.08735,0.44223036,10075.734,0.802527599,-0.360297238
7800,-4959,5116,10191,11557,12560,-1305,0.44,0.81,5105.09267,0.441731649,10078.8915,0.802459514,-0.360727865
7800,-4961,5123,10189,11560,12558,-1305,0.44,0.81,5112.09666,0.442222894,10076.8285,0.802423037,-0.360200143
7801,-4957,5119,10188,11551,12557,-1234,0.44,0.81,5108.08469,0.442220127,10075.797,0.802404794,-0.360184667
7801,-4960,5122,10196,11552,12567,-1117,0.44,0.81,5111.08602,0.442441657,10084.112,0.802427946,-0.359986289
7801,-4960,5121,10193,11564,12561,-999,0.44,0.81,5110.10198,0.441897439,10080.923,0.80255736,-0.360659921
7801,-4950,5121,10191,11558,12559,-881,0.44,0.81,5110.094,0.442126146,10078.86,0.802520901,-0.360394755
7800,-4953,5121,10189,11561,12562,-834,0.44,0.81,5110.09799,0.442011763,10076.9545,0.802177559,-0.360165796
7800,-4956,5123,10186,11561,12555,-834,0.44,0.81,5112.09799,0.442184758,10073.734,0.802368299,-0.360183541
7800,-4957,5122,10197,11558,12568,-834,0.44,0.81,5111.094,0.442212667,10085.1435,0.802446173,-0.360233506
7800,-4955,5124,10191,11565,12562,-834,0.44,0.81,5113.10331,0.442118747,10078.9545,0.80233677,-0.360218023
7800,-4956,5125,10188,11565,12556,-834,0.44,0.81,5114.10331,0.442205215,10075.7655,0.802466191,-0.360260977
7800,-4955,5118,10194,11549,12565,-834,0.44,0.81,5107.08203,0.442209891,10082.049,0.802391484,-0.360181593
7800,-4957,5122,10193,11559,12563,-923,0.44,0.81,5111.09533,0.442174525,10080.986,0.80243461,-0.360260085
7800,-4960,5116,10199,11558,12565,-1072,0.44,0.81,5105.094,0.441693546,10087.049,0.802789415,-0.361095869
7800,-4956,5119,10194,11554,12561,-1221,0.44,0.81,5108.08868,0.44210565,10081.923,0.802636972,-0.360531322
7800,-4960,5120,10191,11561,12558,-1370,0.44,0.81,5109.09799,0.441925265,10078.8285,0.802582298,-0.360657033
7800,-4963,5117,10191,11555,12559,-1429,0.44,0.81,5106.09001,0.441894419,10078.86,0.802520901,-0.360626482
7800,-4960,5115,10188,11549,12556,-1429,0.44,0.81,5104.08203,0.441950128,10075.7655,0.802466191,-0.360516063
7800,-4961,5118,10188,11556,12554,-1429,0.44,0.81,5107.09134,0.44194283,10075.7025,0.802589015,-0.360646186
7800,-4960,5117,10192,11550,12560,-1429,0.44,0.81,5106.08336,0.442085139,10079.8915,0.802539132,-0.360453993
7800,-4956,5117,10191,11555,12561,-1429,0.44,0.81,5106.09001,0.441894419,10078.923,0.802398137,-0.360503718
7801,-4958,5118,10193,11550,12557,-1429,0.44,0.81,5107.08336,0.442171719,10080.797,0.802802978,-0.360631259
7801,-4959,5124,10185,11559,12552,-1215,0.44,0.81,5113.09533,0.44234755,10072.6395,0.802472873,-0.360125323
7800,-4957,5122,10193,11556,12559,-858,0.44,0.81,5111.09134,0.44228897,10080.86,0.80268015,-0.360391179
7800,-4958,5114,10192,11550,12558,-501,0.44,0.81,5103.08336,0.441825399,10079.8285,0.802661929,-0.36083653
7800,-4959,5121,10190,11559,12561,-143,0.44,0.81,5110.09533,0.442088012,10077.923,0.802318526,-0.360230514
7800,-4960,5111,10190,11554,12563,0,0.44,0.81,5100.08868,0.441413249,10077.986,0.802195813,-0.360782564
7800,-4959,5120,10189,11554,12563,0,0.44,0.81,5109.08868,0.4421922,10076.986,0.802116214,-0.359924014
7800,-4958,5119,10195,11559,12559,0,0.44,0.81,5108.09533,0.441914987,10082.86,0.802839398,-0.360924411
7800,-4961,5121,10195,11560,12561,0,0.44,0.81,5110.09666,0.442049884,10082.923,0.802716583,-0.360666699
7800,-4961,5117,10194,11556,12561,0,0.44,0.81,5106.09134,0.441856295,10081.923,0.802636972,-0.360780677
7800,-4955,5121,10189,11559,12556,0,0.44,0.81,5110.09533,0.442088012,10076.7655,0.802545835,-0.360457823
7800,-4957,5119,10184,11556,12557,-358,0.44,0.81,5108.09134,0.442029365,10071.797,0.802086247,-0.360056882
7800,-4959,5121,10178,11558,12548,-953,0.44,0.81,5110.094,0.442126146,10065.5135,0.802160783,-0.360034636
7800,-4958,5123,10189,11553,12554,-1548,0.44,0.81,5112.08735,0.442490033,10076.7025,0.802668671,-0.360178638
7800,-4960,5124,10189,11561,12556,-2144,0.44,0.81,5113.09799,0.442271256,10076.7655,0.802545835,-0.360274579
7800,-4959,5117,10192,11552,12560,-2382,0.44,0.81,5106.08602,0.442008831,10079.8915,0.802539132,-0.360530301
7800,-4958,5120,10186,11561,12555,-2382,0.44,0.81,5109.09799,0.441925265,10073.734,0.802368299,-0.360443034
7800,-4959,5126,10197,11559,12561,-2382,0.44,0.81,5115.09533,0.442520575,10084.923,0.802875806,-0.360355231
7800,-4956,5116,10186,11549,12552,-2382,0.44,0.81,5105.08203,0.442036716,10073.6395,0.802552541,-0.360515826
7800,-4962,5118,10197,11560,12567,-2382,0.44,0.81,5107.09666,0.441790369,10085.112,0.80250752,-0.360717151
7800,-4956,5121,10191,11557,12560,-2382,0.44,0.81,5110.09267,0.442164287,10078.8915,0.802459514,-0.360295227
7800,-4956,5122,10190,11560,12557,-2221,0.44,0.81,5111.09666,0.442136389,10077.797,0.802564068,-0.360427679
7800,-4957,5121,10184,11557,12555,-1951,0.44,0.81,5110.09267,0.442164287,10071.734,0.802209,-0.360044713
7800,-4958,5127,10187,11558,12559,-1682,0.44,0.81,5116.094,0.442645267,10074.86,0.802202405,-0.359557137
7800,-4962,5115,10190,11558,12555,-1413,0.44,0.81,5104.094,0.441607025,10077.734,0.802686898,-0.361079872
7800,-4960,5122,10191,11556,12560,-1305,0.44,0.81,5111.09134,0.44228897,10078.8915,0.802459514,-0.360170544
7800,-4957,5120,10192,11554,12560,-1305,0.44,0.81,5109.08868,0.4421922,10079.8915,0.802539132,-0.360346932
7800,-4963,5119,10189,11556,12559,-1305,0.44,0.81,5108.09134,0.442029365,10076.86,0.802361653,-0.360332288
7800,-4958,5121,10189,11558,12557,-1305,0.44,0.81,5110.094,0.442126146,10076.797,0.802484431,-0.360358285
7800,-4962,5124,10190,11557,12558,-1305,0.44,0.81,5113.09267,0.44242387,10077.8285,0.802502668,-0.360078797
7800,-4956,5120,10189,11557,12559,-1305,0.44,0.81,5109.09267,0.44207776,10076.86,0.802361653,-0.360283893
7800,-4957,5124,10188,11553,12558,-1217,0.44,0.81,5113.08735,0.44257659,10075.8285,0.802343407,-0.359766816
7800,-4960,5122,10197,11558,12559,-1069,0.44,0.81,5111.094,0.442212667,10084.86,0.802998646,-0.36078598
7800,-4954,5124,10186,11563,12558,-921,0.44,0.81,5113.10065,0.442194988,10073.8285,0.802184146,-0.359989157
7800,-4960,5124,10183,11559,12550,-774,0.44,0.81,5113.09533,0.44234755,10070.5765,0.802436375,-0.360088825
7800,-4963,5122,10193,11565,12558,-715,0.44,0.81,5111.10331,0.441945812,10080.8285,0.802741559,-0.360795748
7800,-4963,5121,10196,11561,12560,-715,0.44,0.81,5110.09799,0.442011763,10083.8915,0.802857604,-0.360845841
7800,-4959,5119,10191,11564,12556,-715,0.44,0.81,5108.10198,0.441724488,10078.7655,0.802705121,-0.360980633
7800,-4958,5121,10187,11557,12558,-715,0.44,0.81,5110.09267,0.442164287,10074.8285,0.802263776,-0.360099489
7801,-4958,5118,10191,11555,12559,-715,0.44,0.81,5107.09001,0.441980961,10078.86,0.802520901,-0.36053994
7801,-4962,5119,10195,11558,12560,-715,0.44,0.81,5108.094,0.441953106,10082.8915,0.802777986,-0.36082488
7801,-4960,5121,10194,11556,12561,-572,0.44,0.81,5110.09134,0.442202435,10081.923,0.802636972,-0.360434536
7801,-4960,5124,10200,11561,12568,-215,0.44,0.81,5113.09799,0.442271256,10088.1435,0.802684874,-0.360413618
7800,-4957,5124,10187,11562,12553,141,0.44,0.81,5113.09932,0.442233119,10074.671,0.80257078,-0.360337661
7800,-4958,5124,10194,11560,12566,499,0.44,0.81,5113.09666,0.4423094,10082.0805,0.802330137,-0.360020737
7800,-4958,5122,10193,11562,12560,713,0.44,0.81,5111.09932,0.442060138,10080.8915,0.80261875,-0.360558612
7800,-4958,5123,10191,11552,12555,713,0.44,0.81,5112.08602,0.442528222,10078.734,0.802766547,-0.360238325
7800,-4960,5125,10190,11567,12559,713,0.44,0.81,5114.10597,0.442128985,10077.86,0.802441277,-0.360312292
7800,-4956,5128,10187,11564,12562,713,0.44,0.81,5117.10198,0.442502765,10074.9545,0.802018349,-0.359515584
7800,-4959,5125,10191,11563,12562,713,0.44,0.81,5114.10065,0.442281471,10078.9545,0.80233677,-0.360055299
7800,-4960,5120,10194,11563,12562,713,0.44,0.81,5109.10065,0.441849057,10081.9545,0.802575585,-0.360726528
7800,-4955,5120,10192,11549,12564,452,0.44,0.81,5109.08203,0.442383066,10080.0175,0.802293656,-0.35991059
7800,-4958,5124,10194,11557,12566,24,0.44,0.81,5113.09267,0.44242387,10082.0805,0.802330137,-0.359906266
7800,-4958,5118,10195,11555,12558,-404,0.44,0.81,5107.09001,0.441980961,10082.8285,0.80290082,-0.360919859
7800,-4958,5119,10186,11557,12555,-832,0.44,0.81,5108.09267,0.441991232,10073.734,0.802368299,-0.360377067
7800,-4959,5121,10190,11560,12558,-1000,0.44,0.81,5110.09666,0.442049884,10077.8285,0.802502668,-0.360452784
7800,-4959,5117,10198,11552,12563,-1000,0.44,0.81,5106.08602,0.442008831,10085.986,0.802832604,-0.360823772
7800,-4956,5120,10189,11565,12563,-1000,0.44,0.81,5109.10331,0.441772876,10076.986,0.802116214,-0.360343338
7800,-4957,5116,10186,11551,12557,-1000,0.44,0.81,5105.08469,0.441960409,10073.797,0.80224552,-0.360285111
7800,-4957,5123,10191,11553,12564,-1000,0.44,0.81,5112.08735,0.442490033,10079.0175,0.802214064,-0.359724031
7801,-4963,5121,10193,11559,12558,-1000,0.44,0.81,5110.09533,0.442088012,10080.8285,0.802741559,-0.360653547
7801,-4959,5118,10193,11563,12559,-1000,0.44,0.81,5107.10065,0.441676092,10080.86,0.80268015,-0.361004058
7800,-4961,5123,10190,11562,12556,-1000,0.44,0.81,5112.09932,0.442146629,10077.7655,0.802625478,-0.360478849
7800,-4954,5123,10197,11560,12563,-1000,0.44,0.81,5112.09666,0.442222894,10084.986,0.802753005,-0.36053011
7800,-4958,5122,10191,11562,12558,-1000,0.44,0.81,5111.09932,0.442060138,10078.8285,0.802582298,-0.36052216
7800,-4959,5118,10191,11547,12560,-1000,0.44,0.81,5107.07937,0.442286254,10078.8915,0.802459514,-0.360173261
7800,-4961,5121,10192,11558,12562,-1000,0.44,0.81,5110.094,0.442126146,10079.9545,0.802416375,-0.360290228
7800,-4961,5119,10189,11555,12553,-1000,0.44,0.81,5108.09001,0.442067504,10076.671,0.802730104,-0.3606626
7800,-4959,5122,10186,11562,12553,-1000,0.44,0.81,5111.09932,0.442060138,10073.671,0.802491118,-0.360430979
7800,-4955,5124,10192,11558,12557,-1000,0.44,0.81,5113.094,0.442385707,10079.797,0.802723342,-0.360337635
7800,-4960,5121,10195,11565,12564,-1000,0.44,0.81,5110.10331,0.441859344,10083.0175,0.802532434,-0.36067309
7800,-4958,5124,10188,11559,12555,-1046,0.44,0.81,5113.09533,0.44234755,10075.734,0.802527599,-0.360180049
7800,-4961,5121,10185,11558,12555,-1122,0.44,0.81,5110.094,0.442126146,10072.734,0.80228865,-0.360162504
7800,-4958,5123,10183,11562,12549,-1198,0.44,0.81,5112.09932,0.442146629,10070.545,0.802497809,-0.36035118
7800,-4954,5128,10180,11567,12548,-1274,0.44,0.81,5117.10597,0.442388344,10067.5135,0.802320171,-0.359931827
7800,-4959,5117,10197,11556,12562,-1305,0.44,0.81,5106.09134,0.441856295,10084.9545,0.802814401,-0.360958106
7801,-4958,5118,10189,11550,12561,-1305,0.44,0.81,5107.08336,0.442171719,10076.923,0.802238914,-0.360067195
7801,-4960,5124,10186,11563,12553,-1305,0.44,0.81,5113.10065,0.442194988,10073.671,0.802491118,-0.360296129
7801,-4957,5117,10188,11557,12556,-1305,0.44,0.81,5106.09267,0.441818177,10075.7655,0.802466191,-0.360648015
7800,-4962,5114,10186,11558,12555,-1305,0.44,0.81,5103.094,0.441520505,10073.734,0.802368299,-0.360847794
7800,-4963,5118,10188,11552,12557,-1305,0.44,0.81,5107.08602,0.442095396,10075.797,0.802404794,-0.360309398
7800,-4955,5122,10198,11557,12561,-1167,0.44,0.81,5111.09267,0.442250815,10085.923,0.802955418,-0.360704602
7800,-4961,5123,10190,11561,12559,-840,0.44,0.81,5112.09799,0.442184758,10077.86,0.802441277,-0.360256519
7800,-4958,5117,10184,11551,12555,-514,0.44,0.81,5106.08469,0.442046982,10071.734,0.802209,-0.360162018
7800,-4957,5124,10192,11563,12563,-188,0.44,0.81,5113.10065,0.442194988,10079.986,0.802355011,-0.360160022
7800,-4958,5123,10187,11562,12558,0,0.44,0.81,5112.09932,0.442146629,10074.8285,0.802263776,-0.360117147
7800,-4957,5122,10189,11560,12555,0,0.44,0.81,5111.09666,0.442136389,10076.734,0.802607248,-0.360470859
7800,-4957,5122,10194,11552,12560,0,0.44,0.81,5111.08602,0.442441657,10081.8915,0.802698368,-0.360256711
7800,-4954,5121,10189,11558,12562,0,0.44,0.81,5110.094,0.442126146,10076.9545,0.802177559,-0.360051413
7800,-4958,5121,10181,11557,12549,0,0.44,0.81,5110.09267,0.442164287,10068.545,0.802338433,-0.360174146
7800,-4953,5122,10188,11557,12563,0,0.44,0.81,5111.09267,0.442250815,10075.986,0.802036615,-0.3597858
7800,-4961,5124,10190,11557,12556,-49,0.44,0.81,5113.09267,0.44242387,10077.7655,0.802625478,-0.360201607
7800,-4957,5124,10188,11559,12554,-158,0.44,0.81,5113.09533,0.44234755,10075.7025,0.802589015,-0.360241465
7800,-4956,5121,10184,11556,12555,-267,0.44,0.81,5110.09134,0.442202435,10071.734,0.802209,-0.360006565
7800,-4956,5120,10184,11556,12552,-376,0.44,0.81,5109.09134,0.4421159,10071.6395,0.802393204,-0.360277304
7800,-4960,5123,10190,11558,12559,-435,0.44,0.81,5112.094,0.442299187,10077.86,0.802441277,-0.36014209
7800,-4955,5125,10181,11565,12551,-435,0.44,0.81,5114.10331,0.442205215,10068.608,0.8022156,-0.360010385
7800,-4960,5123,10194,11560,12562,-435,0.44,0.81,5112.09666,0.442222894,10081.9545,0.802575585,-0.360352691
7801,-4959,5121,10186,11557,12555,-435,0.44,0.81,5110.09267,0.442164287,10073.734,0.802368299,-0.360204012
7801,-4954,5121,10193,11560,12566,-435,0.44,0.81,5110.09666,0.442049884,10081.0805,0.802250557,-0.360200673
7800,-4960,5123,10189,11563,12557,-435,0.44,0.81,5112.10065,0.442108506,10076.797,0.802484431,-0.360375925
7800,-4955,5126,10183,11565,12558,-475,0.44,0.81,5115.10331,0.442291683,10070.8285,0.801945254,-0.359653571
7800,-4958,5121,10192,11563,12568,-575,0.44,0.81,5110.10065,0.44193554,10080.1435,0.802048337,-0.360112797
7800,-4963,5117,10189,11559,12561,-674,0.44,0.81,5106.09533,0.441741961,10076.923,0.802238914,-0.360496953
7800,-4957,5123,10189,11558,12560,-774,0.44,0.81,5112.094,0.442299187,10076.8915,0.802300279,-0.360001092
7800,-4954,5119,10189,11560,12561,-834,0.44,0.81,5108.09666,0.441876874,10076.923,0.802238914,-0.36036204
7800,-4954,5118,10191,11556,12561,-834,0.44,0.81,5107.09134,0.44194283,10078.923,0.802398137,-0.360455307
7800,-4959,5122,10191,11553,12561,-834,0.44,0.81,5111.08735,0.442403475,10078.923,0.802398137,-0.359994662
7800,-4955,5120,10190,11552,12561,-834,0.44,0.81,5109.08602,0.442268527,10077.923,0.802318526,-0.360049999
7800,-4958,5126,10193,11562,12562,-834,0.44,0.81,5115.09932,0.442406099,10080.9545,0.80249598,-0.360089881
7800,-4953,5124,10194,11556,12563,-834,0.44,0.81,5113.09134,0.44246204,10081.986,0.802514208,-0.360052168
7800,-4956,5120,10191,11559,12558,-841,0.44,0.81,5109.09533,0.442001499,10078.8285,0.802582298,-0.360580799
7800,-4955,5126,10191,11569,12560,-860,0.44,0.81,5115.10863,0.442139219,10078.8915,0.802459514,-0.360320295
7800,-4958,5121,10202,11556,12568,-879,0.44,0.81,5110.09134,0.442202435,10090.1435,0.802844009,-0.360641573
7800,-4962,5117,10191,11552,12562,-898,0.44,0.81,5106.08602,0.442008831,10078.9545,0.80233677,-0.360327938
7800,-4961,5121,10199,11562,12567,-910,0.44,0.81,5110.09932,0.441973648,10087.112,0.802666667,-0.360693019
7800,-4953,5124,10186,11566,12555,-910,0.44,0.81,5113.10464,0.442080636,10073.734,0.802368299,-0.360287663
7800,-4956,5124,10192,11564,12566,-910,0.44,0.81,5113.10198,0.442156864,10080.0805,0.802170977,-0.360014113
7800,-4955,5123,10195,11561,12563,-910,0.44,0.81,5112.09799,0.442184758,10082.986,0.802593807,-0.360409049
7800,-4955,5125,10191,11566,12562,-910,0.44,0.81,5114.10464,0.442167097,10078.9545,0.80233677,-0.360169673
7800,-4958,5119,10190,11560,12559,-910,0.44,0.81,5108.09666,0.441876874,10077.86,0.802441277,-0.360564403
7799,-4957,5127,10191,11570,12562,-819,0.44,0.81,5116.10996,0.442187551,10078.9545,0.80233677,-0.360149219
7799,-4960,5123,10193,11562,12563,-591,0.44,0.81,5112.09932,0.442146629,10080.986,0.80243461,-0.360287981
7800,-4955,5122,10192,11560,12564,-364,0.44,0.81,5111.09666,0.442136389,10080.0175,0.802293656,-0.360157267
7800,-4960,5124,10196,11561,12567,-137,0.44,0.81,5113.09799,0.442271256,10084.112,0.802427946,-0.36015669
7800,-4956,5125,10187,11564,12557,0,0.44,0.81,5114.10198,0.44224334,10074.797,0.802325157,-0.360081818
7800,-4956,5123,10196,11566,12563,0,0.44,0.81,5112.10464,0.441994176,10083.986,0.802673406,-0.36067923
7800,-4954,5118,10188,11554,12559,0,0.44,0.81,5107.08868,0.4420191,10075.86,0.802282029,-0.360262929
7800,-4956,5124,10195,11562,12563,0,0.44,0.81,5113.09932,0.442233119,10082.986,0.802593807,-0.360360688
7800,-4956,5123,10191,11563,12556,0,0.44,0.81,5112.10065,0.442108506,10078.7655,0.802705121,-0.360596615
7800,-4959,5120,10192,11562,12564,0,0.44,0.81,5109.09932,0.441887158,10080.0175,0.802293656,-0.360406499
7800,-4955,5124,10193,11562,12566,-91,0.44,0.81,5113.09932,0.442233119,10081.0805,0.802250557,-0.360017438
7799,-4962,5123,10190,11559,12561,-319,0.44,0.81,5112.09533,0.442261037,10077.923,0.802318526,-0.360057488
7799,-4958,5121,10184,11557,12553,-546,0.44,0.81,5110.09267,0.442164287,10071.671,0.802331793,-0.360167506
7799,-4955,5125,10186,11564,12560,-773,0.44,0.81,5114.10198,0.44224334,10073.8915,0.802061425,-0.359818085
7800,-4962,5120,10189,11558,12552,-910,0.44,0.81,5109.094,0.442039626,10076.6395,0.802791547,-0.360751921
7800,-4961,5125,10183,11560,12556,-910,0.44,0.81,5114.09666,0.442395905,10070.7655,0.802067975,-0.359672071
7800,-4958,5123,10182,11564,12555,-910,0.44,0.81,5112.10198,0.442070389,10069.734,0.802049701,-0.359979312
7800,-4958,5126,10190,11569,12561,-910,0.44,0.81,5115.10863,0.442139219,10077.923,0.802318526,-0.360179306
7800,-4961,5125,10189,11568,12559,-910,0.44,0.81,5114.1073,0.44209088,10076.86,0.802361653,-0.360270773
7800,-4951,5124,10195,11558,12567,-910,0.44,0.81,5113.094,0.442385707,10083.112,0.802348373,-0.359962666
7800,-4958,5122,10195,11561,12560,-919,0.44,0.81,5111.09799,0.442098261,10082.8915,0.802777986,-0.360679725
7800,-4959,5121,10193,11566,12564,-941,0.44,0.81,5110.10464,0.441821255,10081.0175,0.802373249,-0.360551994
7800,-4957,5118,10196,11555,12566,-964,0.44,0.81,5107.09001,0.441980961,10084.0805,0.802489297,-0.360508335
7800,-4956,5121,10193,11558,12572,-987,0.44,0.81,5110.094,0.442126146,10081.2695,0.801882716,-0.359756569
7800,-4955,5122,10197,11561,12565,-1000,0.44,0.81,5111.09799,0.442098261,10085.049,0.802630243,-0.360531982
7800,-4958,5120,10188,11565,12557,-1000,0.44,0.81,5109.10331,0.441772876,10075.797,0.802404794,-0.360631918
7800,-4959,5122,10190,11556,12558,-1000,0.44,0.81,5111.09134,0.44228897,10077.8285,0.802502668,-0.360213697
7800,-4954,5117,10197,11559,12572,-1000,0.44,0.81,5106.09533,0.441741961,10085.2695,0.802200883,-0.360458922
7800,-4956,5123,10189,11561,12561,-1000,0.44,0.81,5112.09799,0.442184758,10076.923,0.802238914,-0.360054156
7800,-4953,5127,10193,11571,12561,-1000,0.44,0.81,5116.11129,0.44214945,10080.923,0.80255736,-0.36040791
7799,-4961,5125,10202,11566,12570,-900,0.44,0.81,5114.10464,0.442167097,10090.2065,0.802721281,-0.360554184
7799,-4957,5125,10194,11567,12558,-650,0.44,0.81,5114.10597,0.442128985,10081.8285,0.80282119,-0.360692205
7799,-4957,5122,10188,11556,12556,-400,0.44,0.81,5111.09134,0.44228897,10075.7655,0.802466191,-0.360177221
7800,-4957,5123,10188,11560,12559,-150,0.44,0.81,5112.09666,0.442222894,10075.86,0.802282029,-0.360059134
7800,-4954,5127,10190,11562,12560,0,0.44,0.81,5116.09932,0.44249259,10077.8915,0.802379896,-0.359887307
7800,-4960,5126,10194,11572,12564,0,0.44,0.81,5115.11262,0.442024941,10082.0175,0.802452841,-0.3604279
7800,-4951,5127,10192,11561,12564,0,0.44,0.81,5116.09799,0.442530749,10080.0175,0.802293656,-0.359762907
7799,-4956,5126,10188,11565,12555,0,0.44,0.81,5115.10331,0.442291683,10075.734,0.802527599,-0.360235916
7799,-4954,5124,10192,11562,12566,0,0.44,0.81,5113.09932,0.442233119,10080.0805,0.802170977,-0.359937858
7799,-4952,5128,10191,11565,12557,0,0.44,0.81,5117.10331,0.442464618,10078.797,0.802643705,-0.360179086
7799,-4957,5126,10189,11564,12559,0,0.44,0.81,5115.10198,0.442329815,10076.86,0.802361653,-0.360031838
7800,-4956,5126,10191,11568,12561,0,0.44,0.81,5115.1073,0.442177325,10078.923,0.802398137,-0.360220812
7800,-4958,5123,10194,11561,12567,0,0.44,0.81,5112.09799,0.442184758,10082.112,0.802268799,-0.360084041
7800,-4957,5124,10193,11566,12563,0,0.44,0.81,5113.10464,0.442080636,10080.986,0.80243461,-0.360353973
7800,-4960,5127,10194,11566,12559,0,0.44,0.81,5116.10464,0.442340017,10081.86,0.802759774,-0.360419757
7800,-4953,5127,10183,11566,12552,0,0.44,0.81,5116.10464,0.442340017,10070.6395,0.802313536,-0.359973518
7800,-4957,5126,10195,11570,12567,0,0.44,0.81,5115.10996,0.44210112,10083.112,0.802348373,-0.360247253
7800,-4956,5126,10181,11567,12555,0,0.44,0.81,5115.10597,0.442215438,10068.734,0.801970052,-0.359754614
7800,-4952,5126,10189,11559,12563,0,0.44,0.81,5115.09533,0.442520575,10076.986,0.802116214,-0.359595639
7800,-4950,5122,10199,11556,12569,0,0.44,0.81,5111.09134,0.44228897,10087.175,0.802543957,-0.360254987
7800,-4954,5126,10190,11564,12564,0,0.44,0.81,5115.10198,0.442329815,10078.0175,0.802134472,-0.359804657
7800,-4952,5123,10195,11561,12563,-182,0.44,0.81,5112.09799,0.442184758,10082.986,0.802593807,-0.360409049
7800,-4954,5128,10190,11561,12564,-409,0.44,0.81,5117.09799,0.442617247,10078.0175,0.802134472,-0.359517225
7800,-4954,5123,10195,11565,12565,-637,0.44,0.81,5112.10331,0.442032279,10083.049,0.80247107,-0.360438791
7799,-4953,5121,10199,11561,12573,-864,0.44,0.81,5110.09799,0.442011763,10087.301,0.802298656,-0.360286893
7799,-4953,5124,10198,11558,12565,-910,0.44,0.81,5113.094,0.442385707,10086.049,0.802709829,-0.360324122
7799,-4958,5119,10197,11561,12568,-910,0.44,0.81,5108.09799,0.441838767,10085.1435,0.802446173,-0.360607405
7799,-4956,5125,10194,11560,12560,-910,0.44,0.81,5114.09666,0.442395905,10081.8915,0.802698368,-0.360302463
7799,-4958,5119,10195,11551,12563,-910,0.44,0.81,5108.08469,0.442220127,10082.986,0.802593807,-0.36037368
7800,-4956,5124,10192,11560,12564,-910,0.44,0.81,5113.09666,0.4423094,10080.0175,0.802293656,-0.359984257
7800,-4960,5119,10189,11559,12557,-859,0.44,0.81,5108.09533,0.441914987,10076.797,0.802484431,-0.360569444
7800,-4960,5122,10188,11564,12559,-731,0.44,0.81,5111.10198,0.441983914,10075.86,0.802282029,-0.360298115
7800,-4957,5121,10196,11560,12562,-604,0.44,0.81,5110.09666,0.442049884,10083.9545,0.802734795,-0.360684911
7800,-4957,5126,10199,11558,12566,-477,0.44,0.81,5115.094,0.442558747,10087.0805,0.802728036,-0.360169289
7800,-4958,5124,10194,11564,12563,-400,0.44,0.81,5113.10198,0.442156864,10081.986,0.802514208,-0.360357344
7800,-4960,5116,10193,11557,12561,-400,0.44,0.81,5105.09267,0.441731649,10080.923,0.80255736,-0.360825711
7800,-4962,5120,10197,11557,12566,-400,0.44,0.81,5109.09267,0.44207776,10085.0805,0.802568876,-0.360491117
7800,-4954,5124,10192,11563,12558,-400,0.44,0.81,5113.10065,0.442194988,10079.8285,0.802661929,-0.36046694
7800,-4954,5121,10198,11569,12566,-400,0.44,0.81,5110.10863,0.44170703,10086.0805,0.802648456,-0.360941426
7800,-4956,5125,10194,11568,12560,-400,0.44,0.81,5114.1073,0.44209088,10081.8915,0.802698368,-0.360607488
7800,-4958,5118,10192,11557,12567,-408,0.44,0.81,5107.09267,0.441904705,10080.112,0.802109652,-0.360204948
7799,-4952,5121,10193,11560,12562,-427,0.44,0.81,5110.09666,0.442049884,10080.9545,0.80249598,-0.360446096
7799,-4957,5119,10202,11562,12570,-446,0.44,0.81,5108.09932,0.441800668,10090.2065,0.802721281,-0.360920613
7799,-4957,5119,10194,11557,12567,-465,0.44,0.81,5108.09267,0.441991232,10082.112,0.802268799,-0.360277567
7799,-4960,5122,10194,11560,12559,-477,0.44,0.81,5111.09666,0.442136389,10081.86,0.802759774,-0.360623385
7800,-4956,5124,10189,11563,12556,-477,0.44,0.81,5113.10065,0.442194988,10076.7655,0.802545835,-0.360350846
7800,-4958,5122,10189,11565,12554,-477,0.44,0.81,5111.10331,0.441945812,10076.7025,0.802668671,-0.36072286
7800,-4957,5118,10188,11554,12560,-477,0.44,0.81,5107.08868,0.4420191,10075.8915,0.802220661,-0.360201561
7800,-4957,5120,10193,11555,12558,-477,0.44,0.81,5109.09001,0.442154047,10080.8285,0.802741559,-0.360587512
7800,-4956,5122,10189,11568,12565,-477,0.44,0.81,5111.1073,0.441831544,10077.049,0.801993554,-0.36016201
7800,-4956,5127,10190,11565,12559,-472,0.44,0.81,5116.10331,0.44237815,10077.86,0.802441277,-0.360063127
7800,-4956,5123,10190,11558,12553,-462,0.44,0.81,5112.094,0.442299187,10077.671,0.802809767,-0.36051058
7800,-4952,5123,10189,11563,12559,-452,0.44,0.81,5112.10065,0.442108506,10076.86,0.802361653,-0.360253147
7800,-4955,5126,10188,11572,12560,-441,0.44,0.81,5115.11262,0.442024941,10075.8915,0.802220661,-0.36019572
7800,-4960,5121,10191,11555,12562,-435,0.44,0.81,5110.09001,0.442240589,10078.9545,0.80233677,-0.36009618
7800,-4957,5120,10186,11557,12558,-435,0.44,0.81,5109.09267,0.44207776,10073.8285,0.802184146,-0.360106386
7800,-4957,5122,10194,11559,12564,-435,0.44,0.81,5111.09533,0.442174525,10082.0175,0.802452841,-0.360278317
7800,-4958,5114,10176,11546,12548,-435,0.44,0.81,5103.07804,0.441978005,10063.5135,0.802001395,-0.36002339
