ECS,NSC,FA,FB,NA,NB,OM,FA/NA,FB/NB,Fbprime,Fbprime/NB,NSCprime
6666,-2645,8511,11531,10126,10473,9719,0.84,1.1,6688.2755,0.638620787,2013.792132
6666,-2623,8495,11908,10134,10812,9720,0.84,1.1,7080.022,0.654830004,1851.699963
6666,-2633,8630,11905,10257,10797,9719,0.84,1.1,7076.3695,0.655401454,1845.985459
6666,-2647,8633,11784,10244,10691,9717,0.84,1.1,6950.7585,0.650150454,1898.495463
6666,-2644,8621,11804,10260,10702,9715,0.84,1.1,6971.237,0.65139572,1886.042796
6666,-2643,8584,11804,10189,10701,9715,0.84,1.1,6971.1935,0.651452528,1885.474722
6666,-2640,8599,11934,10254,10825,9714,0.84,1.1,7106.5875,0.656497691,1835.023095
6666,-2643,8556,11963,10229,10847,9717,0.84,1.1,7136.5445,0.657927952,1820.720476
6666,-2656,8626,11867,10276,10764,9719,0.84,1.1,7036.934,0.65374712,1862.5288
6666,-2639,8584,11940,10240,10835,9722,0.84,1.1,7113.0225,0.656485695,1835.143055
6666,-2658,8652,11859,10287,10758,9722,0.84,1.1,7028.673,0.653343837,1866.561629
6666,-2645,8680,11883,10329,10780,9722,0.84,1.1,7053.63,0.654325603,1856.74397
6666,-2667,8604,11929,10290,10812,9722,0.84,1.1,7101.022,0.65677229,1832.2771
6666,-2652,8660,11858,10289,10755,9721,0.84,1.1,7027.5425,0.653420967,1865.79033
6666,-2665,8635,11764,10260,10662,9721,0.84,1.1,6929.497,0.649924686,1900.753142
6666,-2654,8670,11777,10297,10676,9721,0.84,1.1,6943.106,0.650347134,1896.528662
6666,-2672,8539,11664,10254,10575,9720,0.83,1.1,6825.7125,0.645457447,1845.425532
6666,-2642,8586,11974,10271,10866,9718,0.84,1.1,7148.371,0.657865912,1821.34088
6666,-2646,8646,11887,10299,10788,9716,0.84,1.1,7057.978,0.654243419,1857.565814
6666,-2639,8641,11896,10281,10798,9715,0.84,1.1,7067.413,0.654511298,1854.887016
6666,-2647,8640,11920,10274,10814,9715,0.84,1.1,7092.109,0.655826614,1841.733864
6666,-2652,8615,11866,10261,10766,9715,0.84,1.1,7036.021,0.653540869,1864.591306
6666,-2643,8607,11941,10260,10834,9715,0.84,1.1,7113.979,0.656634576,1833.654237
6666,-2642,8748,11750,10385,10655,9715,0.84,1.1,6915.1925,0.649009151,1909.908494
6666,-2646,8639,11760,10269,10658,9715,0.84,1.1,6925.323,0.649776975,1902.23025
6666,-2646,8440,11881,10020,10771,9715,0.84,1.1,7051.2385,0.654650311,1853.49689
6666,-2647,8210,11888,9863,10787,9716,0.83,1.1,7058.9345,0.654392741,1756.072587
6666,-2645,8582,11992,10276,10880,9717,0.84,1.1,7166.98,0.658729779,1812.702206
6666,-2665,8570,11915,10269,10812,9719,0.83,1.1,7087.022,0.655477432,1745.225675
6666,-2626,8686,11844,10312,10753,9719,0.84,1.1,7013.4555,0.652232447,1877.675532
6666,-2651,8589,11600,10293,10522,9719,0.83,1.1,6759.407,0.642407052,1875.929481
6666,-2637,8595,11919,10239,10816,9715,0.84,1.1,7091.196,0.655620932,1843.79068
6666,-2651,8641,11872,10266,10776,9709,0.84,1.1,7042.456,0.653531552,1864.684484
6666,-2624,8656,11752,10264,10663,9703,0.84,1.1,6917.5405,0.648742427,1912.575729
6666,-2648,8557,11940,10232,10844,9700,0.84,1.1,7113.414,0.655976946,1840.230542
6666,-2658,8618,11887,10249,10791,9700,0.84,1.1,7058.1085,0.654073626,1859.263738
6666,-2639,8671,11808,10282,10723,9707,0.84,1.1,6976.1505,0.650578243,1894.21757
6666,-2629,8601,11980,10261,10873,9716,0.84,1.1,7154.6755,0.658022211,1819.77789
6666,-2637,8666,11859,10285,10771,9725,0.84,1.1,7029.2385,0.652607789,1873.922106
6666,-2620,8505,11970,10139,10872,9727,0.84,1.1,7144.632,0.65715894,1828.410596
6666,-2655,8534,11654,10228,10573,9727,0.83,1.1,6815.6255,0.644625508,1853.744916
6666,-2650,8632,11864,10266,10775,9725,0.84,1.1,7034.4125,0.652845708,1871.542923
6666,-2619,8638,11858,10250,10758,9722,0.84,1.1,7027.673,0.653250883,1867.491169
6666,-2628,8600,11913,10243,10809,9720,0.84,1.1,7084.8915,0.655462254,1845.377463
6666,-2646,8598,11893,10222,10788,9720,0.84,1.1,7063.978,0.654799592,1852.004079
6666,-2656,8671,11767,10290,10678,9720,0.84,1.1,6933.193,0.649296966,1907.030343
6666,-2642,8615,11637,10224,10553,9719,0.84,1.1,6797.7555,0.644153843,1958.461575
6666,-2639,8662,11714,10276,10625,9717,0.84,1.1,6877.8875,0.647330588,1926.694118
6666,-2641,8667,11746,10284,10642,9717,0.84,1.1,6910.627,0.649372956,1906.270438
6666,-2669,8598,12008,10291,10886,9716,0.84,1.1,7183.241,0.659860463,1801.39537
6666,-2678,8665,11753,10288,10639,9716,0.84,1.1,6917.4965,0.650201758,1897.982423
6666,-2658,8626,11938,10289,10826,9716,0.84,1.1,7110.631,0.656810549,1831.894513
6666,-2658,8657,11809,10289,10693,9716,0.84,1.1,6975.8455,0.652374965,1876.250351
6666,-2688,8579,11982,10255,10854,9716,0.84,1.1,7155.849,0.6592822,1807.177999
6666,-2660,8615,11883,10251,10767,9716,0.84,1.1,7053.0645,0.65506311,1849.368905
6666,-2681,8605,11951,10277,10834,9717,0.84,1.1,7123.979,0.657557596,1824.424035
6666,-2666,8669,11905,10309,10789,9719,0.84,1.1,7076.0215,0.655855177,1841.448234
6666,-2660,8645,11933,10288,10817,9721,0.84,1.1,7105.2395,0.656858602,1831.413978
6666,-2666,8667,11748,10305,10639,9722,0.84,1.1,6912.4965,0.649731789,1902.682113
6666,-2676,8438,11776,10039,10656,9722,0.84,1.11,6941.236,0.651392267,1886.077327
6666,-2692,8478,11968,10179,10839,9723,0.83,1.1,7141.1965,0.658842744,1711.572562
6666,-2690,8519,11925,10229,10796,9725,0.83,1.1,7096.326,0.657310671,1726.893294
6667,-2685,8606,12064,10255,10926,9726,0.84,1.1,7240.981,0.662729361,1772.706388
6666,-2678,8604,11811,10264,10696,9727,0.84,1.1,6977.976,0.652391174,1876.088257
6666,-2679,8657,11891,10306,10770,9727,0.84,1.1,7061.195,0.655635562,1843.644383
6666,-2668,8633,11753,10277,10651,9726,0.84,1.1,6918.0185,0.649518214,1904.817857
6666,-2677,8650,11688,10292,10583,9723,0.84,1.1,6850.0605,0.647270197,1927.298025
6666,-2677,8579,11959,10256,10834,9720,0.84,1.1,7131.979,0.658296013,1817.039874
6666,-2689,8558,11965,10254,10846,9719,0.83,1.1,7138.501,0.658169002,1718.309976
6666,-2690,8445,11977,10109,10853,9718,0.84,1.1,7150.8055,0.658878236,1811.217636
6666,-2670,8635,11706,10278,10601,9720,0.84,1.1,6868.8435,0.647942977,1920.570229
6666,-2665,8629,11911,10275,10790,9723,0.84,1.1,7082.065,0.656354495,1836.455051
6666,-2677,8684,11715,10334,10611,9725,0.84,1.1,6878.2785,0.648221515,1917.784846
6666,-2672,8547,11928,10230,10806,9726,0.84,1.1,7099.761,0.657020267,1829.797335
6666,-2673,8554,11949,10211,10830,9726,0.84,1.1,7121.805,0.657599723,1824.00277
6666,-2660,8601,11983,10270,10860,9720,0.84,1.1,7157.11,0.65903407,1809.6593
6666,-2665,8666,11839,10307,10731,9713,0.84,1.1,7007.4985,0.653014491,1869.855093
6666,-2661,8645,11718,10277,10614,9705,0.84,1.1,6881.409,0.648333239,1916.667609
6666,-2653,8659,11701,10296,10603,9704,0.84,1.1,6863.9305,0.647357399,1926.426012
6666,-2668,8618,11691,10253,10591,9704,0.84,1.1,6853.4085,0.647097394,1929.02606
6666,-2675,8592,11884,10244,10767,9706,0.84,1.1,7054.0645,0.655155986,1848.440141
6665,-2673,8554,11992,10249,10874,9708,0.83,1.1,7166.719,0.659069248,1709.307523
6666,-2689,8563,11951,10235,10836,9710,0.84,1.1,7124.066,0.65744426,1825.557401
6666,-2655,8613,11767,10244,10661,9710,0.84,1.1,6932.4535,0.650262968,1897.370322
6666,-2643,8651,11851,10288,10750,9710,0.84,1.1,7020.325,0.653053488,1869.465116
6666,-2635,8648,11707,10261,10615,9710,0.84,1.1,6870.4525,0.647239991,1927.600094
6666,-2649,8666,11691,10288,10602,9712,0.84,1.1,6853.887,0.646471138,1935.288625
6666,-2651,8517,11919,10189,10817,9713,0.84,1.1,7091.2395,0.655564343,1844.356568
6666,-2634,8624,11668,10233,10585,9713,0.84,1.1,6830.1475,0.645266651,1947.333491
6666,-2651,8592,11943,10247,10840,9713,0.84,1.1,7116.24,0.656479705,1835.202952
6666,-2628,8642,11736,10256,10643,9712,0.84,1.1,6900.6705,0.648376445,1916.235554
6666,-2625,8619,11915,10263,10819,9711,0.84,1.1,7087.3265,0.655081477,1849.18523
6666,-2630,8708,11787,10337,10691,9711,0.84,1.1,6953.7585,0.650431064,1895.689365
6666,-2640,8624,11921,10271,10813,9711,0.84,1.1,7093.0655,0.655975724,1840.242763
6666,-2632,8407,11793,9984,10698,9710,0.84,1.1,6960.063,0.650594784,1894.052159
6666,-2636,8608,11920,10259,10825,9708,0.84,1.1,7092.5875,0.655204388,1847.95612
6666,-2644,8610,11752,10218,10659,9707,0.84,1.1,6917.3665,0.648969556,1910.304438
6666,-2643,8580,11845,10264,10747,9706,0.84,1.1,7014.1945,0.652665348,1873.346515
6666,-2651,8655,11245,10266,10203,9707,0.84,1.1,6390.5305,0.626338381,2136.616191
6666,-2641,8679,11795,10298,10710,9708,0.84,1.1,6962.585,0.650101307,1898.986928
6666,-2639,8620,11905,10265,10812,9713,0.84,1.1,7077.022,0.654552534,1854.474658
6666,-2631,8578,11967,10247,10867,9717,0.84,1.1,7141.4145,0.657165225,1828.34775
6666,-2643,8514,11890,10122,10788,9719,0.84,1.1,7060.978,0.654521505,1854.784946
6666,-2638,8651,11681,10274,10597,9719,0.84,1.1,6843.6695,0.645811975,1941.880249
6666,-2628,8611,11919,10261,10825,9718,0.84,1.1,7091.5875,0.655112009,1848.879908
6666,-2634,8647,11801,10267,10712,9715,0.84,1.1,6968.672,0.65054817,1894.518297
6666,-2624,8606,11933,10259,10835,9713,0.84,1.1,7106.0225,0.65583964,1841.603599
6666,-2622,8675,11821,10291,10730,9711,0.84,1.1,6989.455,0.651393756,1886.062442
6666,-2615,8599,11911,10211,10808,9712,0.84,1.1,7082.848,0.655333827,1846.661732
6666,-2619,8641,11835,10248,10744,9710,0.84,1.1,7004.064,0.651904691,1880.95309
6666,-2612,8686,11886,10312,10791,9708,0.84,1.1,7057.1085,0.653980956,1860.190436
6666,-2625,8598,11904,10254,10815,9706,0.84,1.1,7076.1525,0.654290569,1857.094313
6666,-2644,8695,11721,10310,10631,9706,0.84,1.1,6885.1485,0.647648246,1923.517543
6666,-2647,8641,11904,10278,10811,9706,0.84,1.1,7075.9785,0.654516557,1854.834428
6666,-2631,8594,11944,10254,10847,9709,0.84,1.1,7117.5445,0.656176316,1838.23684
6666,-2602,8649,11913,10278,10818,9713,0.84,1.1,7085.283,0.654953134,1850.468663
6666,-2602,8633,11853,10253,10767,9717,0.84,1.1,7023.0645,0.652276818,1877.231819
6666,-2610,8576,11963,10231,10872,9717,0.84,1.1,7137.632,0.656515085,1834.849154
6666,-2595,8613,11874,10232,10794,9717,0.84,1.1,7045.239,0.652699555,1873.004447
6666,-2607,8471,11902,10033,10815,9719,0.84,1.1,7074.1525,0.65410564,1858.943597
6666,-2588,8690,11746,10278,10675,9721,0.85,1.1,6912.0625,0.6475,2025
6666,-2600,8645,11871,10277,10794,9722,0.84,1.1,7042.239,0.652421623,1875.783769
6666,-2599,8698,11741,10293,10679,9722,0.85,1.1,6907.2365,0.646805553,2031.94447
6666,-2585,8608,11904,10245,10830,9722,0.84,1.1,7076.805,0.653444598,1865.554017
6666,-2574,8615,11716,10199,10656,9720,0.84,1.1,6881.236,0.645761637,1942.383634
6666,-2561,8626,11899,10204,10827,9718,0.85,1.1,7071.6745,0.653151796,1968.482036
6666,-2575,8645,11805,10264,10740,9716,0.84,1.1,6973.89,0.649337989,1906.620112
6666,-2586,8572,11955,10246,10888,9716,0.84,1.1,7130.328,0.6548795,1851.204996
6666,-2587,8637,11829,10251,10772,9715,0.84,1.1,6999.282,0.649766246,1902.337542
6666,-2588,8627,11856,10250,10784,9712,0.84,1.1,7026.804,0.651595326,1884.046736
6666,-2583,8570,11519,10253,10481,9708,0.84,1.1,6676.6235,0.637021611,2029.783895
6666,-2580,8577,11779,10154,10713,9706,0.84,1.1,6946.7155,0.648437926,1915.620741
6666,-2592,8603,11864,10235,10785,9706,0.84,1.1,7034.8475,0.652280714,1877.19286
6666,-2606,8567,11952,10231,10860,9708,0.84,1.1,7126.11,0.656179558,1838.20442
6666,-2614,8623,11924,10272,10838,9713,0.84,1.1,7097.153,0.654839731,1851.602694
6666,-2611,8626,11901,10266,10811,9719,0.84,1.1,7072.9785,0.654239062,1857.609379
6666,-2602,8683,11840,10296,10751,9722,0.84,1.1,7009.3685,0.65197363,1880.263696
6666,-2611,8615,11821,10221,10737,9722,0.84,1.1,6989.7595,0.650997439,1890.025612
6666,-2623,8623,11724,10230,10641,9721,0.84,1.1,6888.5835,0.647362419,1926.375811
6666,-2633,8638,11822,10275,10738,9717,0.84,1.1,6990.803,0.651033991,1889.660086
6666,-2627,8589,11929,10248,10837,9714,0.84,1.1,7102.1095,0.655357525,1846.424749
6666,-2644,8638,11806,10272,10717,9712,0.84,1.1,6973.8895,0.650731501,1892.684986
6666,-2638,8640,11939,10285,10845,9712,0.84,1.1,7112.4575,0.655828262,1841.717381
6666,-2618,8673,11675,10293,10593,9717,0.84,1.1,6837.4955,0.645473001,1945.26999
6666,-2616,8645,11888,10267,10795,9724,0.84,1.1,7059.2825,0.653940019,1860.599815
6666,-2636,8567,11642,10268,10568,9731,0.83,1.1,6803.408,0.643774413,1862.255867
6666,-2628,8686,11833,10309,10760,9732,0.84,1.1,7002.76,0.650814126,1891.858736
6666,-2625,8639,11829,10243,10750,9732,0.84,1.1,6998.325,0.651006977,1889.930233
6666,-2636,8562,11912,10234,10827,9727,0.84,1.1,7084.6745,0.654352498,1856.475016
6666,-2619,8339,11864,9890,10775,9721,0.84,1.1,7034.4125,0.652845708,1871.542923
6666,-2628,8579,11389,10247,10349,9714,0.84,1.1,6540.8815,0.632030293,2079.697072
6663,-2715,8478,11898,10232,10692,9713,0.83,1.11,7064.802,0.660755892,1692.441077
6640,-3744,7581,12860,10261,10796,9713,0.74,1.19,8031.326,0.743916821,-39.16821045
6596,-6672,5447,14844,10186,10841,9717,0.53,1.37,10017.2835,0.924018402,-3940.184024
6525,-9815,4588,15499,10272,10837,9721,0.45,1.43,10672.1095,0.984784488,-5347.844883
6429,-6614,7682,12396,10256,10820,9724,0.75,1.15,7568.37,0.699479667,505.2033272
6310,-3515,7269,12497,10236,10633,9725,0.71,1.18,7661.2355,0.720514953,-105.1495345
6176,-5279,7414,12606,10225,10703,9724,0.73,1.18,7773.2805,0.726271186,37.28814351
6039,-4034,7383,12560,10218,10754,9718,0.72,1.17,7729.499,0.718755719,12.44281198
5908,-5091,6935,12629,9903,10532,9712,0.7,1.2,7788.842,0.739540638,-395.4063806
5790,-4480,7388,12446,10103,10721,9707,0.73,1.16,7614.0635,0.710200867,197.9913254
5683,-4269,7394,12473,10126,10724,9707,0.73,1.16,7641.194,0.712532078,174.6792242
5594,-4358,7346,12130,10108,10380,9700,0.73,1.17,7283.23,0.701659923,283.4007707
5517,-4448,7364,12314,10132,10473,9665,0.73,1.18,7471.2755,0.713384465,166.1553519
5450,-4593,7350,12294,10169,10413,9631,0.72,1.18,7448.6655,0.715323682,46.76318064
5392,-4582,7118,12516,9858,10641,9603,0.72,1.18,7680.5835,0.721791514,-17.91513955
5341,-4461,7421,12294,10115,10489,9603,0.73,1.17,7451.9715,0.710455859,195.4414148
5299,-4427,7199,12114,9929,10349,9583,0.73,1.17,7265.8815,0.702085371,279.1462943
5261,-4423,7431,12327,10141,10521,9535,0.73,1.17,7486.3635,0.711563872,184.3612774
5228,-4490,7254,12399,10035,10568,9488,0.72,1.17,7560.408,0.715405753,45.94246783
5198,-4536,7215,12503,10068,10631,9459,0.72,1.18,7667.1485,0.721206707,-12.06706801
5173,-4585,7238,12471,10079,10594,9459,0.72,1.18,7633.539,0.720553049,-5.530488956
5150,-4617,7234,12472,10089,10585,9444,0.72,1.18,7634.1475,0.721223193,-12.23193198
5129,-4611,7298,12239,10107,10384,9405,0.72,1.18,7392.404,0.711903313,80.96687211
5112,-4582,7259,12508,10068,10634,9367,0.72,1.18,7672.279,0.721485706,-14.85706225
5097,-4596,7320,12221,10109,10376,9344,0.72,1.18,7374.056,0.710683886,93.16114109
5085,-4558,7275,12398,10105,10552,9344,0.72,1.17,7558.712,0.716329795,36.70204701
5073,-4538,7315,12317,10081,10487,9331,0.73,1.17,7474.8845,0.712776247,172.2375322
5062,-4511,7329,12349,10111,10519,9308,0.72,1.17,7508.2765,0.713782346,62.17653769
5054,-4524,7287,12440,10098,10607,9286,0.72,1.17,7603.1045,0.716800651,31.99349486
5045,-4486,7330,12290,10089,10487,9277,0.73,1.17,7447.8845,0.710201631,197.9836941
5038,-4468,7344,12212,10070,10425,9277,0.73,1.17,7367.1875,0.706684652,233.1534772
5031,-4477,7327,12281,10081,10481,9266,0.73,1.17,7438.6235,0.709724597,202.7540311
5026,-4492,7370,12161,10091,10372,9247,0.73,1.17,7313.882,0.705156383,248.4361743
5021,-4468,7392,12271,10143,10474,9229,0.73,1.17,7428.319,0.709215104,207.8489593
5017,-4468,7382,12201,10103,10415,9222,0.73,1.17,7355.7525,0.706265242,237.3475756
5014,-4445,7394,12277,10132,10483,9221,0.73,1.17,7434.7105,0.709215921,207.8407899
5011,-4455,7392,12101,10130,10334,9216,0.73,1.17,7252.229,0.701783337,282.1666344
5008,-4463,7312,12352,10056,10550,9210,0.73,1.17,7512.625,0.712097156,179.028436
5006,-4443,7332,12244,10048,10462,9205,0.73,1.17,7400.797,0.707397916,226.0208373
5003,-4449,7336,12396,10086,10589,9203,0.73,1.17,7558.3215,0.713789924,162.1007649
5001,-4479,7310,12369,10090,10568,9203,0.72,1.17,7530.408,0.712566995,74.33005299
5000,-4448,7366,12082,10082,10319,9201,0.73,1.17,7232.5765,0.700898973,291.0102723
4998,-4449,7360,12162,10072,10381,9199,0.73,1.17,7315.2735,0.704679077,253.2092284
4996,-4446,7359,12091,10086,10321,9197,0.73,1.17,7241.6635,0.701643591,283.5640926
4996,-4461,7357,12368,10114,10570,9196,0.73,1.17,7529.495,0.71234579,176.5421003
4995,-4466,7300,12431,10091,10621,9196,0.72,1.17,7594.7135,0.715065766,49.34234065
4995,-4452,7395,12194,10126,10409,9187,0.73,1.17,7348.4915,0.705974781,240.2521856
4993,-4444,7417,12383,10192,10587,9177,0.73,1.17,7545.2345,0.712688628,173.1137244
4992,-4455,7387,12156,10118,10385,9166,0.73,1.17,7309.4475,0.703846654,261.5334617
4992,-4455,7232,12179,9906,10400,9166,0.73,1.17,7333.1,0.705105769,248.9423077
4992,-4463,7227,12302,10019,10513,9166,0.72,1.17,7461.0155,0.709694236,103.0576429
4991,-4455,7286,12405,10065,10602,9164,0.72,1.17,7567.887,0.713816921,61.83078664
4991,-4477,7293,12427,10101,10618,9163,0.72,1.17,7590.583,0.714878791,51.21209267
4990,-4453,7350,12050,10070,10303,9161,0.73,1.17,7199.8805,0.698813986,311.8601378
4991,-4440,7347,12314,10077,10525,9161,0.73,1.17,7473.5375,0.710074822,199.2517815
4990,-4444,7351,12148,10068,10369,9161,0.73,1.17,7300.7515,0.704094079,259.059215
4990,-4451,7205,12269,9882,10493,9165,0.73,1.17,7427.1455,0.70781907,221.8093014
4989,-4435,7360,12323,10077,10536,9169,0.73,1.17,7483.016,0.710233106,197.6689446
4989,-4448,7191,12416,9913,10611,9172,0.73,1.17,7579.2785,0.714285034,157.149656
4989,-4446,7377,12179,10094,10401,9172,0.73,1.17,7333.1435,0.705042159,249.5784059
4990,-4445,7367,12273,10078,10489,9173,0.73,1.17,7430.9715,0.708453761,215.4623892
4988,-4445,7352,12331,10081,10535,9174,0.73,1.17,7490.9725,0.711055766,189.4423351
4989,-4443,7295,12370,10037,10563,9175,0.73,1.17,7531.1905,0.712978368,170.2163211
4989,-4441,7338,12273,10054,10487,9176,0.73,1.17,7430.8845,0.708580576,214.1942405
4989,-4456,7210,12415,9969,10609,9176,0.72,1.17,7578.1915,0.714317231,56.82769347
4989,-4454,7259,12319,10043,10529,9173,0.72,1.17,7478.7115,0.710296467,97.03533099
4988,-4438,7316,12386,10039,10587,9166,0.73,1.17,7548.2345,0.712971994,170.2800605
4989,-4450,7234,12388,9977,10585,9158,0.73,1.17,7550.1475,0.713287435,167.1256495
4989,-4454,7353,12306,10099,10516,9154,0.73,1.17,7465.146,0.709884557,201.1544313
4988,-4453,7323,12366,10078,10557,9153,0.73,1.17,7526.9295,0.712979966,170.200341
4989,-4452,7328,12354,10082,10556,9154,0.73,1.17,7514.886,0.711906593,180.9340659
4988,-4465,7300,12424,10081,10613,9155,0.72,1.17,7587.3655,0.714912419,50.87581268
4989,-4460,7279,12365,10045,10567,9157,0.72,1.17,7526.3645,0.712251774,77.48225608
4988,-4438,7351,12229,10062,10455,9157,0.73,1.17,7385.4925,0.7064077,235.9230033
4989,-4459,7365,12295,10110,10499,9157,0.73,1.17,7453.4065,0.709915849,200.8415087
4989,-4461,7350,12313,10111,10521,9157,0.73,1.17,7472.3635,0.7102332,197.6679973
4989,-4470,7293,12424,10075,10617,9157,0.72,1.17,7587.5395,0.714659461,53.40538759
4989,-4468,7355,12108,10068,10338,9157,0.73,1.17,7259.403,0.702205746,277.9425421
4988,-4449,7379,12279,10128,10495,9157,0.73,1.17,7437.2325,0.708645307,213.5469271
4989,-4459,7351,12267,10090,10476,9157,0.73,1.17,7424.406,0.708706186,212.9381443
4988,-4456,7368,12110,10094,10338,9160,0.73,1.17,7261.403,0.702399207,276.0079319
4989,-4450,7359,12285,10103,10493,9166,0.73,1.17,7443.1455,0.709343896,206.5610407
4988,-4434,7376,12317,10094,10529,9171,0.73,1.17,7476.7115,0.710106515,198.9348466
4989,-4465,7356,12153,10077,10370,9174,0.73,1.17,7305.795,0.704512536,254.8746384
4988,-4441,7278,12307,10032,10516,9174,0.73,1.17,7466.146,0.70997965,200.2034994
4989,-4451,7370,12158,10100,10384,9175,0.73,1.17,7311.404,0.704102851,258.9714946
4989,-4468,7328,12401,10089,10599,9175,0.73,1.17,7563.7565,0.713629257,163.7074252
4989,-4467,7358,12383,10133,10582,9176,0.73,1.17,7545.017,0.71300482,169.951805
4989,-4455,7296,12406,10079,10595,9176,0.72,1.17,7568.5825,0.714354176,56.45823502
4989,-4466,7347,12352,10098,10552,9176,0.73,1.17,7512.712,0.711970432,180.2956785
4988,-4442,7349,12302,10077,10506,9173,0.73,1.17,7460.711,0.710138112,198.6188844
4989,-4459,7116,12387,9822,10581,9168,0.72,1.17,7548.9735,0.71344613,65.53870145
4988,-4485,7188,12360,9993,10568,9163,0.72,1.17,7521.408,0.711715367,82.84632854
4989,-4456,7271,12267,10018,10476,9163,0.73,1.17,7424.406,0.708706186,212.9381443
4989,-4458,7254,12372,10052,10574,9163,0.72,1.17,7533.669,0.712471061,75.28938907
4989,-4446,7345,12073,10059,10309,9168,0.73,1.17,7223.1415,0.700663643,293.3635658
4989,-4466,7218,11929,10007,10195,9173,0.72,1.17,7074.1825,0.693887445,261.1255517
4989,-4471,7235,12339,9934,10547,9177,0.73,1.17,7499.4945,0.711054755,189.4524509
4990,-4443,7271,12307,9986,10515,9178,0.73,1.17,7466.1025,0.710043034,199.5696624
4989,-4443,7343,12359,10105,10561,9178,0.73,1.17,7520.1035,0.712063583,179.3641701
4989,-4448,7333,12327,10057,10535,9177,0.73,1.17,7486.9725,0.71067608,193.2392027
4989,-4456,7397,12136,10128,10361,9176,0.73,1.17,7288.4035,0.703445951,265.5404884
4989,-4451,7362,12287,10083,10503,9176,0.73,1.17,7445.5805,0.708900362,210.996382
4989,-4458,7272,12420,10055,10613,9176,0.72,1.17,7583.3655,0.714535522,54.64477528
4990,-4471,7307,12400,10081,10593,9177,0.72,1.17,7562.4955,0.713914425,60.8557538
4989,-4482,7298,12342,10048,10548,9182,0.73,1.17,7502.538,0.711275882,187.2411832
4989,-4458,7321,12350,10059,10550,9187,0.73,1.17,7510.625,0.711907583,180.9241706
4990,-4470,7213,12384,9994,10583,9191,0.72,1.17,7546.0605,0.713036048,69.63951621
4989,-4436,7369,12333,10106,10540,9191,0.73,1.17,7493.19,0.710928843,190.711575
4990,-4471,7378,12091,10106,10324,9190,0.73,1.17,7241.794,0.701452344,285.4765595
4990,-4459,7302,12369,10056,10573,9185,0.73,1.17,7530.6255,0.712250591,177.4940887
4989,-4451,7365,12106,10084,10333,9181,0.73,1.17,7257.1855,0.70233093,276.6906997
4990,-4448,7376,12133,10102,10363,9178,0.73,1.17,7285.4905,0.703029094,269.7090611
4989,-4471,7294,12401,10051,10600,9177,0.73,1.17,7563.8,0.713566038,164.3396226
4990,-4443,7374,12128,10094,10349,9177,0.73,1.17,7279.8815,0.703438158,265.6184172
4989,-4443,7293,12346,9999,10553,9175,0.73,1.17,7506.7555,0.711338529,186.6147067
4990,-4455,7332,12402,10094,10596,9173,0.73,1.17,7564.626,0.713913364,160.8663647
4989,-4468,7283,12359,10063,10567,9172,0.72,1.17,7520.3645,0.711683969,83.1603104
4990,-4475,7343,12305,10065,10513,9172,0.73,1.17,7464.0155,0.709979597,200.2040331
4989,-4438,7370,12214,10108,10426,9171,0.73,1.17,7369.231,0.706812872,231.8712833
4990,-4476,7302,12422,10075,10618,9169,0.72,1.17,7585.583,0.714407892,55.92107742
4990,-4438,7346,12379,10114,10578,9167,0.73,1.17,7540.843,0.712879845,171.2015504
4990,-4436,7370,12395,10114,10596,9166,0.73,1.17,7557.626,0.713252737,167.4726312
4990,-4452,7374,12197,10107,10416,9166,0.73,1.17,7351.796,0.705817588,241.8241167
4990,-4452,7368,12069,10089,10300,9167,0.73,1.17,7218.75,0.700849515,291.5048544
4990,-4463,7372,12230,10089,10446,9167,0.73,1.17,7386.101,0.707074574,229.25426
4990,-4472,7338,12346,10090,10547,9168,0.73,1.17,7506.4945,0.711718451,182.8154926
4990,-4436,7343,12296,10082,10509,9169,0.73,1.17,7454.8415,0.709376867,206.2313255
4990,-4447,7322,12337,10070,10535,9168,0.73,1.17,7496.9725,0.711625297,183.7470337
4990,-4449,7322,12169,10043,10390,9171,0.73,1.17,7322.665,0.704780077,252.19923
4991,-4445,7331,12374,10083,10577,9174,0.73,1.17,7535.7995,0.712470407,175.2959251
4990,-4451,7322,12319,10093,10521,9177,0.73,1.17,7478.3635,0.710803488,191.9651174
4991,-4452,7195,12182,9851,10400,9178,0.73,1.17,7336.1,0.705394231,246.0576923
4990,-4459,7253,12417,10056,10618,9177,0.72,1.17,7580.583,0.713936994,60.63006216
4991,-4469,7293,12193,10045,10407,9170,0.73,1.17,7347.4045,0.706006006,239.9399443
4991,-4442,7328,12405,10050,10593,9161,0.73,1.17,7567.4955,0.714386434,156.1356556
4990,-4446,7365,12101,10089,10336,9152,0.73,1.17,7252.316,0.70165596,283.4404025
4990,-4450,7315,11891,10085,10162,9150,0.73,1.17,7034.747,0.692260087,377.399134
4990,-4441,7364,12209,10087,10432,9150,0.73,1.17,7364.492,0.705952071,240.4792945
4991,-4439,7321,12076,10027,10318,9155,0.73,1.17,7226.533,0.700381179,296.1882148
4990,-4448,7350,12347,10080,10551,9160,0.73,1.17,7507.6685,0.7115599,184.4010046
4990,-4458,7312,12239,10045,10449,9164,0.73,1.17,7395.2315,0.707745382,222.5461767
4990,-4482,7205,12042,10003,10280,9165,0.72,1.17,7190.88,0.699501946,204.9805447
4990,-4474,7391,12214,10113,10427,9164,0.73,1.17,7369.2745,0.706749257,232.5074326
4991,-4444,7251,12382,10025,10576,9166,0.72,1.17,7543.756,0.713290091,67.09909228
4990,-4445,7327,12122,10022,10354,9167,0.73,1.17,7274.099,0.702539985,274.6001545
4991,-4460,7297,12339,10062,10542,9169,0.73,1.17,7499.277,0.711371372,186.2862834
4990,-4443,7348,12337,10100,10540,9169,0.73,1.17,7497.19,0.711308349,186.9165085
4991,-4466,7361,12125,10079,10349,9168,0.73,1.17,7276.8815,0.703148275,268.517248
4991,-4454,7307,12352,10037,10556,9165,0.73,1.17,7512.886,0.711717128,182.828723
4991,-4448,7360,12378,10110,10578,9162,0.73,1.17,7539.843,0.712785309,172.1469087
4991,-4460,7276,12344,9993,10549,9158,0.73,1.17,7504.5815,0.711402171,185.9782918
4991,-4471,7351,12313,10111,10523,9158,0.73,1.17,7472.4505,0.710106481,198.9351896
4991,-4468,7290,12371,10090,10575,9159,0.72,1.17,7532.7125,0.712313239,76.86761229
4991,-4458,7319,12388,10074,10583,9165,0.73,1.17,7550.0605,0.713414013,165.8598696
4991,-4450,7343,12323,10130,10526,9170,0.72,1.17,7482.581,0.710866521,91.33479004
4991,-4449,7382,12227,10119,10443,9175,0.73,1.17,7382.9705,0.706977928,230.220722
4991,-4448,7340,12112,10049,10342,9175,0.73,1.17,7263.577,0.702337749,276.6225102
4991,-4451,7396,12325,10146,10538,9174,0.73,1.17,7485.103,0.710296356,197.0364396
4991,-4476,7335,12319,10057,10529,9172,0.73,1.17,7478.7115,0.710296467,197.035331
4991,-4443,7379,12215,10110,10427,9169,0.73,1.17,7370.2745,0.706845162,231.548384
4992,-4462,7321,12419,10074,10619,9169,0.73,1.17,7582.6265,0.7140622,159.3780017
4992,-4450,7395,12149,10126,10370,9169,0.73,1.17,7301.795,0.704126808,258.731919
4992,-4460,7274,12429,10047,10621,9170,0.72,1.17,7592.7135,0.71487746,51.2254025
4991,-4442,7277,12424,10024,10623,9173,0.73,1.17,7587.8005,0.714280382,157.1961781
4991,-4430,7331,12384,10092,10587,9176,0.73,1.17,7546.2345,0.712783083,172.1691697
4991,-4454,7307,12360,10087,10560,9178,0.72,1.17,7521.06,0.712221591,77.78409091
4991,-4451,7374,12092,10102,10322,9178,0.73,1.17,7242.707,0.70167671,283.2329006
4992,-4441,7365,12205,10088,10418,9178,0.73,1.17,7359.883,0.706458341,235.4165867
4992,-4435,7365,12311,10090,10522,9177,0.73,1.17,7470.407,0.709979757,200.202433
4991,-4440,7338,12377,10065,10580,9176,0.73,1.17,7538.93,0.712564272,174.3572779
4991,-4466,7221,12427,9995,10618,9175,0.72,1.17,7590.583,0.714878791,51.21209267
4991,-4443,7332,12247,10068,10469,9175,0.73,1.17,7404.1015,0.707240567,227.5943261
4992,-4462,7233,12433,10041,10626,9176,0.72,1.17,7596.931,0.714937982,50.62017692
4992,-4440,7338,12414,10059,10604,9177,0.73,1.17,7576.974,0.71453923,154.6076952
4991,-4435,7356,12083,10079,10327,9177,0.73,1.17,7233.9245,0.70048654,295.1345986
4992,-4443,7398,12231,10129,10455,9177,0.73,1.17,7387.4925,0.706598996,234.010043
4991,-4437,7348,12322,10088,10531,9177,0.73,1.17,7481.7985,0.710454705,195.4529484
4992,-4438,7336,12279,10031,10490,9174,0.73,1.17,7437.015,0.708962345,210.3765491
4992,-4467,7346,12315,10078,10527,9169,0.73,1.17,7474.6245,0.710043175,199.5682531
4992,-4446,7385,12273,10119,10476,9165,0.73,1.17,7430.406,0.709278923,207.2107675
4992,-4448,7351,12313,10080,10528,9164,0.73,1.17,7472.668,0.709789894,202.1010638
4992,-4456,7277,12415,10063,10606,9164,0.72,1.17,7578.061,0.714506977,54.93022817
4992,-4470,7361,12145,10072,10370,9168,0.73,1.17,7297.795,0.70374108,262.5891996
4993,-4450,7325,12321,10068,10524,9171,0.73,1.17,7480.494,0.710803307,191.9669327
4993,-4439,7366,12365,10118,10567,9174,0.73,1.17,7526.3645,0.712251774,177.4822561
4993,-4443,7351,12279,10080,10492,9174,0.73,1.17,7437.102,0.708835494,211.6450629
4993,-4461,7240,12051,10042,10294,9172,0.72,1.17,7200.489,0.699484068,205.1593161
4994,-4443,7277,12138,9954,10363,9169,0.73,1.17,7290.4905,0.70351158,264.8842034
4994,-4452,7379,12268,10117,10485,9166,0.73,1.17,7425.7975,0.708230567,217.6943252
4994,-4452,7367,12083,10084,10319,9165,0.73,1.17,7233.5765,0.700995881,290.0411862
4994,-4438,7359,12351,10086,10556,9166,0.73,1.17,7511.886,0.711622395,183.7760515
4994,-4437,7327,12374,10065,10572,9168,0.73,1.17,7535.582,0.712786795,172.1320469
4995,-4432,7398,12129,10120,10358,9172,0.73,1.17,7281.273,0.702961286,270.3871404
4995,-4453,7360,12307,10105,10519,9174,0.73,1.17,7466.2765,0.709789571,202.1042875
4995,-4468,7245,12369,10031,10564,9174,0.72,1.17,7530.234,0.712820333,71.79666793
4995,-4421,7224,12300,9889,10511,9174,0.73,1.17,7458.9285,0.70963072,203.692798
4996,-4439,7348,12337,10079,10543,9175,0.73,1.17,7497.3205,0.711118325,188.8167505
4996,-4452,7257,12399,9976,10592,9175,0.73,1.17,7561.452,0.713883308,161.1669184
4996,-4449,7294,12395,10075,10596,9176,0.72,1.17,7557.626,0.713252737,67.47263118
4996,-4438,7342,12348,10086,10553,9176,0.73,1.17,7508.7555,0.711528049,184.719511
4996,-4477,7364,12340,10105,10551,9177,0.73,1.17,7500.6685,0.710896455,191.0354469
4997,-4450,7253,12359,10042,10557,9178,0.72,1.17,7519.9295,0.712316899,76.8310126
4997,-4456,7365,12125,10087,10353,9179,0.73,1.17,7277.0555,0.702893413,271.0658746
4997,-4446,7295,12388,10049,10586,9179,0.73,1.17,7550.191,0.713224164,167.7583601
4997,-4445,7387,12155,10101,10373,9179,0.73,1.17,7307.9255,0.704514171,254.8582859
4998,-4456,7245,12087,9968,10320,9180,0.73,1.17,7237.62,0.701319767,286.8023256
4998,-4443,7341,12297,10096,10510,9180,0.73,1.17,7455.885,0.709408658,205.9134158
4999,-4435,7330,12150,10032,10370,9181,0.73,1.17,7302.795,0.70422324,257.7675988
4999,-4440,7389,12257,10107,10471,9181,0.73,1.17,7414.1885,0.708068809,219.3119091
4999,-4444,7406,12162,10136,10379,9173,0.73,1.17,7315.1865,0.704806484,251.9351575
4999,-4437,7299,12290,10024,10508,9166,0.73,1.17,7448.798,0.708869242,211.3075752
5000,-4442,7306,12383,10048,10587,9159,0.73,1.17,7545.2345,0.712688628,173.1137244
5000,-4437,7348,12312,10079,10524,9159,0.73,1.17,7471.494,0.709948119,200.5188141
5001,-4450,7398,12289,10142,10492,9160,0.73,1.17,7447.102,0.709788601,202.1139916
5001,-4465,7386,12276,10119,10485,9162,0.73,1.17,7433.7975,0.708993562,210.0643777
5001,-4456,7214,12192,9992,10416,9165,0.72,1.17,7346.796,0.705337558,146.624424
5002,-4451,7247,12004,10057,10254,9166,0.72,1.17,7151.749,0.69745943,225.4056953
5002,-4440,7242,12300,9930,10513,9166,0.73,1.17,7459.0155,0.709503995,204.9600495
5002,-4433,7324,12294,10035,10513,9167,0.73,1.17,7453.0155,0.708933273,210.6672691
5003,-4445,7343,12365,10083,10564,9168,0.73,1.17,7526.234,0.712441689,175.5831125
5003,-4438,7383,12213,10108,10436,9169,0.73,1.17,7368.666,0.706081449,239.1855117
5003,-4456,7369,12141,10094,10361,9169,0.73,1.17,7293.4035,0.70392853,260.7146994
5004,-4448,7404,12244,10124,10461,9170,0.73,1.17,7400.7535,0.70746138,225.3861963
5005,-4469,7310,12371,10067,10570,9174,0.73,1.17,7532.495,0.712629612,173.7038789
5005,-4454,7321,12356,10072,10556,9177,0.73,1.17,7516.886,0.712096059,179.0394089
5006,-4448,7266,12409,10025,10609,9180,0.72,1.17,7572.1915,0.713751673,62.48326892
5006,-4449,7308,12382,10065,10577,9180,0.73,1.17,7543.7995,0.713226766,167.7323438
5007,-4450,7337,12298,10068,10508,9182,0.73,1.17,7456.798,0.709630567,203.6943281
5007,-4462,7321,12301,10052,10511,9185,0.73,1.17,7459.9285,0.709725859,202.7414138
5007,-4459,7262,12392,10027,10585,9187,0.72,1.17,7554.1475,0.713665328,63.34671705
5007,-4460,7345,12390,10100,10590,9188,0.73,1.17,7552.365,0.713160057,168.3994334
5008,-4467,7416,12190,10153,10410,9188,0.73,1.17,7344.535,0.705526897,244.7310279
5009,-4471,7386,12228,10096,10445,9186,0.73,1.17,7384.0575,0.706946625,230.5337482
5010,-4439,7317,12369,10080,10568,9183,0.73,1.17,7530.408,0.712566995,174.330053
5010,-4444,7321,12267,10047,10472,9181,0.73,1.17,7424.232,0.708960275,210.3972498
5011,-4456,7275,12411,10070,10608,9181,0.72,1.17,7574.148,0.714003394,59.96606335
5011,-4452,7356,12146,10070,10366,9182,0.73,1.17,7298.621,0.704092321,259.0767895
5012,-4445,7321,12334,10025,10543,9183,0.73,1.17,7494.3205,0.710833776,191.6622403
5012,-4452,7318,12060,10025,10310,9183,0.73,1.17,7210.185,0.699338991,306.6100873
5013,-4452,7391,12291,10112,10496,9184,0.73,1.17,7449.276,0.709725229,202.7477134
5014,-4468,7346,12291,10098,10500,9183,0.73,1.17,7449.45,0.709471429,205.2857143
5014,-4470,7186,12036,9962,10273,9188,0.72,1.17,7184.5755,0.699364889,206.3511146
5015,-4459,7405,12158,10134,10379,9194,0.73,1.17,7311.1865,0.704421091,255.7890934
5016,-4462,7340,12302,10099,10505,9199,0.73,1.17,7460.6675,0.710201571,197.9842932
5016,-4468,7374,12217,10090,10422,9198,0.73,1.17,7372.057,0.707355306,226.4469392
5017,-4461,7249,12297,10027,10494,9195,0.72,1.17,7455.189,0.710423957,95.76043453
5017,-4447,7389,11663,10115,9954,9186,0.73,1.17,6797.699,0.682911292,470.8870806
5018,-4455,7214,12355,9981,10558,9178,0.72,1.17,7515.973,0.711874692,81.25307823
5019,-4475,6976,12408,9714,10601,9173,0.72,1.17,7570.8435,0.714163145,58.36855014
5020,-4479,7233,12105,10032,10325,9173,0.72,1.17,7255.8375,0.702744552,172.5544794
5020,-4455,7306,12337,10065,10541,9178,0.73,1.17,7497.2335,0.711244996,187.5500427
5021,-4457,7333,12295,10096,10497,9184,0.73,1.17,7453.3195,0.710042822,199.5717824
5022,-4473,7254,12144,10056,10362,9189,0.72,1.17,7296.447,0.704154314,158.4568616
5022,-4456,7354,12192,10069,10406,9190,0.73,1.17,7346.361,0.705973573,240.2642706
5023,-4475,7246,12427,10024,10604,9190,0.72,1.17,7589.974,0.715765183,42.3481705
5024,-4466,7226,12355,10020,10552,9190,0.72,1.17,7515.712,0.712254738,77.45261562
5024,-4453,7378,12251,10104,10463,9190,0.73,1.17,7407.8405,0.708003488,219.9651152
5025,-4426,7340,12348,10059,10545,9190,0.73,1.17,7508.4075,0.712034851,179.6514936
5026,-4463,7367,12117,10092,10337,9190,0.73,1.17,7268.3595,0.703140128,268.598723
5027,-4459,7384,12224,10113,10427,9189,0.73,1.17,7379.2745,0.707708305,222.9169464
5028,-4489,7273,12394,10018,10584,9189,0.73,1.17,7556.104,0.713917611,160.8238851
5029,-4468,7279,12416,10065,10596,9188,0.72,1.17,7578.626,0.715234617,47.65383163
5029,-4467,7301,12429,10069,10612,9188,0.73,1.17,7592.322,0.715446853,145.5314738
5030,-4459,7342,12269,10061,10469,9188,0.73,1.17,7426.1015,0.70934201,206.5799026
5031,-4472,7366,12282,10125,10473,9193,0.73,1.17,7439.2755,0.710328989,196.7101117
5032,-4487,7125,12170,9916,10382,9199,0.72,1.17,7323.317,0.705385956,146.1404354
5033,-4483,7178,11927,9982,10180,9203,0.72,1.17,7071.53,0.694649312,253.5068762
5034,-4452,7339,12309,10086,10505,9203,0.73,1.17,7467.6675,0.71086792,191.3207996
5035,-4467,7403,12182,10148,10390,9206,0.73,1.17,7335.665,0.70603128,239.6871992
5036,-4477,7314,12409,10082,10589,9210,0.73,1.17,7571.3215,0.715017613,149.8238738
5037,-4456,7354,12208,10081,10409,9215,0.73,1.17,7362.4915,0.707319771,226.8022865
5037,-4474,7332,12362,10094,10554,9217,0.73,1.17,7522.799,0.712791264,172.0873602
5038,-4484,7374,12134,10108,10345,9216,0.73,1.17,7285.7075,0.70427332,257.2667956
5039,-4488,7264,12396,10074,10577,9213,0.72,1.17,7557.7995,0.714550392,54.49607639
5040,-4474,7306,12380,10054,10558,9210,0.73,1.17,7540.973,0.714242565,157.5743512
5041,-4495,6970,12155,9720,10365,9208,0.72,1.17,7307.5775,0.705024361,149.7563917
5042,-4467,7381,12247,10127,10447,9208,0.73,1.17,7403.1445,0.708638317,213.6168278
5043,-4471,7224,12321,9916,10509,9206,0.73,1.17,7479.8415,0.711755781,182.4421924
5044,-4476,7308,12403,10069,10580,9203,0.73,1.17,7564.93,0.715021739,149.7826087
5045,-4487,7377,12244,10110,10436,9200,0.73,1.17,7399.666,0.709051936,209.4806439
5046,-4478,7320,12363,10072,10550,9198,0.73,1.17,7523.625,0.71313981,168.6018957
5046,-4494,7280,12381,10083,10558,9198,0.72,1.17,7541.973,0.71433728,56.62720212
5048,-4515,7355,12169,10095,10366,9208,0.73,1.17,7321.621,0.706311113,236.8888675
5049,-4490,7262,12400,10045,10574,9218,0.72,1.17,7561.669,0.715119066,48.80934367
5050,-4472,7285,12385,10050,10565,9228,0.72,1.17,7546.2775,0.714271415,57.2858495
5051,-4511,7271,12374,10051,10549,9229,0.72,1.17,7534.5815,0.714246042,57.53957721
5051,-4494,7213,12042,10031,10275,9227,0.72,1.17,7190.6625,0.699821168,201.7883212
5053,-4508,7240,12400,9989,10570,9223,0.72,1.17,7561.495,0.715373226,46.26773888
5054,-4481,7320,12392,10088,10563,9220,0.73,1.17,7553.1905,0.71506111,149.3889047
5055,-4488,7328,12337,10112,10512,9217,0.72,1.17,7495.972,0.713087139,69.12861492
5055,-4502,7305,12398,10095,10565,9217,0.72,1.17,7559.2775,0.715501893,44.98106957
5056,-4496,7324,12320,10095,10501,9217,0.73,1.17,7478.4935,0.712169651,178.3034949
5058,-4515,7354,12196,10098,10386,9217,0.73,1.17,7349.491,0.707634412,223.6558829
5059,-4513,7193,12428,9970,10596,9217,0.72,1.17,7590.626,0.71636712,36.32880332
5060,-4507,7322,12381,10100,10548,9217,0.72,1.17,7541.538,0.714973265,50.26734926
5060,-4515,6987,12419,9753,10589,9219,0.72,1.17,7581.3215,0.715961989,40.38011144
5061,-4506,7367,12340,10132,10514,9225,0.73,1.17,7499.059,0.713245102,167.5489823
5063,-4506,7331,12163,10071,10360,9231,0.73,1.17,7315.36,0.70611583,238.8416988
5064,-4522,7347,12196,10104,10382,9234,0.73,1.17,7349.317,0.707890291,221.0970911
5064,-4526,7232,12451,10050,10611,9234,0.72,1.17,7614.2785,0.717583498,24.16501743
5065,-4518,7341,12280,10098,10455,9231,0.73,1.17,7436.4925,0.711285748,187.1425155
5066,-4525,7362,12253,10137,10427,9228,0.73,1.18,7408.2745,0.710489546,195.1045363
5067,-4529,7329,12204,10083,10384,9224,0.73,1.18,7357.404,0.708532743,214.6725732
5068,-4535,7244,12472,10063,10622,9223,0.72,1.17,7635.757,0.718862455,11.37544719
5069,-4513,7293,12350,10056,10511,9224,0.73,1.17,7508.9285,0.714387642,156.1235848
5070,-4551,7311,12257,10072,10434,9228,0.73,1.17,7412.579,0.710425436,195.7456393
5071,-4533,7208,12067,10057,10269,9232,0.72,1.18,7215.4015,0.702639157,173.6084331
5072,-4531,7212,12415,9963,10572,9235,0.72,1.17,7576.582,0.716664964,33.35035944
5073,-4513,7334,12384,10100,10550,9235,0.73,1.17,7544.625,0.715130332,148.6966825
5074,-4521,7263,12418,10040,10570,9234,0.72,1.17,7579.495,0.717076159,29.2384106
5075,-4547,7241,12429,10053,10583,9232,0.72,1.17,7591.0605,0.717288151,27.11849192
5076,-4549,7275,12417,10113,10568,9231,0.72,1.17,7578.408,0.717109008,28.90991673
5077,-4522,7238,12442,10056,10588,9230,0.72,1.18,7604.278,0.718197771,18.02228938
5078,-4591,7336,12206,10114,10379,9230,0.73,1.18,7359.1865,0.709045814,209.5418634
5079,-4555,7275,12435,10101,10579,9228,0.72,1.18,7596.8865,0.718110077,18.89923433
5080,-4554,7179,12450,10049,10601,9226,0.71,1.17,7612.8435,0.718125035,-81.25035374
5081,-4543,7333,12251,10111,10425,9224,0.73,1.18,7406.1875,0.710425659,195.7434053
5082,-4540,7256,12402,10027,10555,9224,0.72,1.17,7562.8425,0.716517527,34.82472762
5083,-4527,7292,12378,10061,10531,9228,0.72,1.18,7537.7985,0.715772339,42.27661191
5084,-4558,7249,12489,10085,10622,9234,0.72,1.18,7652.757,0.720462907,-4.629071738
5085,-4562,7284,12465,10074,10609,9241,0.72,1.17,7628.1915,0.71903021,9.697898011
5086,-4550,7196,12481,10020,10609,9243,0.72,1.18,7644.1915,0.720538364,-5.383636535
5087,-4556,7289,12489,10138,10621,9244,0.72,1.18,7652.7135,0.720526645,-5.266453253
5088,-4546,7302,12449,10129,10591,9242,0.72,1.18,7611.4085,0.718667595,13.32404872
5089,-4558,7278,12404,10078,10547,9240,0.72,1.18,7564.4945,0.717217645,27.82355172
5089,-4562,7142,12470,9924,10607,9238,0.72,1.18,7633.1045,0.719628971,3.71028566
5090,-4554,7350,12290,10146,10444,9238,0.72,1.18,7446.014,0.712946572,70.53427805
5091,-4564,7226,12486,10057,10616,9238,0.72,1.18,7649.496,0.720562924,-5.629238885
5093,-4581,7278,12424,10095,10560,9239,0.72,1.18,7585.06,0.718282197,17.1780303
5094,-4577,7286,12398,10081,10544,9240,0.72,1.18,7558.364,0.716840288,31.59711684
5095,-4569,7318,12252,10104,10408,9240,0.72,1.18,7406.448,0.711611068,83.88931591
5095,-4582,7292,12285,10111,10430,9240,0.72,1.18,7440.405,0.713365772,66.34228188
5097,-4577,7314,12246,10095,10400,9241,0.72,1.18,7400.1,0.711548077,84.51923077
5097,-4563,7282,12431,10092,10572,9243,0.72,1.18,7592.582,0.718178396,18.21604238
5098,-4575,7240,12423,10063,10561,9244,0.72,1.18,7584.1035,0.718123615,18.76384812
5099,-4605,7177,12482,10033,10614,9244,0.72,1.18,7645.409,0.720313642,-3.136423591
5100,-4585,7142,12045,10012,10227,9245,0.71,1.18,7191.5745,0.703194925,68.05074802
5101,-4561,7170,12425,9928,10555,9248,0.72,1.18,7585.8425,0.718696589,13.03410706
5102,-4589,7291,12389,10108,10524,9250,0.72,1.18,7548.494,0.717264728,27.3527176
5103,-4587,7236,12479,10085,10601,9251,0.72,1.18,7641.8435,0.720860626,-8.60626356
5105,-4581,7260,12471,10090,10597,9252,0.72,1.18,7633.6695,0.720361376,-3.613758611
5105,-4574,7278,12401,10067,10533,9252,0.72,1.18,7560.8855,0.717828302,21.71698471
5106,-4609,7195,12188,10072,10347,9253,0.71,1.18,7339.7945,0.709364502,6.35498212
5107,-4571,7269,12480,10107,10601,9253,0.72,1.18,7642.8435,0.720954957,-9.549570795
5108,-4588,7169,12500,10022,10616,9253,0.72,1.18,7663.496,0.721881688,-18.81688018
5109,-4594,7204,12475,10062,10598,9253,0.72,1.18,7637.713,0.720674939,-6.749386677
5110,-4591,7252,12480,10106,10600,9251,0.72,1.18,7642.8,0.721018868,-10.18867925
5111,-4590,7223,12476,10073,10602,9250,0.72,1.18,7638.887,0.720513771,-5.137709866
5112,-4621,7314,12247,10124,10397,9248,0.72,1.18,7400.9695,0.71183702,81.62979706
5113,-4585,7262,12471,10100,10589,9248,0.72,1.18,7633.3215,0.720872745,-8.727453017
5114,-4612,7193,12427,10033,10560,9246,0.72,1.18,7588.06,0.718566288,14.33712121
5115,-4591,7227,12471,10057,10591,9243,0.72,1.18,7633.4085,0.720744831,-7.448305165
5116,-4611,7229,12447,10078,10574,9240,0.72,1.18,7608.669,0.71956393,4.360696047
5117,-4599,7202,12492,10064,10614,9239,0.72,1.18,7655.409,0.721255794,-12.55794234
5118,-4605,7156,12210,10028,10359,9239,0.71,1.18,7362.3165,0.710716913,-7.169128294
5119,-4587,7135,12388,9883,10520,9245,0.72,1.18,7547.32,0.717425856,25.74144487
5120,-4601,7130,12442,9906,10563,9251,0.72,1.18,7603.1905,0.719794613,2.053867273
5121,-4611,7131,12157,10005,10315,9257,0.71,1.18,7307.4025,0.708424867,15.75133301
5122,-4622,7297,12400,10105,10531,9258,0.72,1.18,7559.7985,0.717861409,21.38590827
5123,-4601,7261,12486,10092,10603,9259,0.72,1.18,7648.9305,0.721393049,-13.93049137
5124,-4613,7269,12506,10102,10622,9262,0.72,1.18,7669.757,0.722063359,-20.63359066
5124,-4601,7280,12408,10108,10531,9265,0.72,1.18,7567.7985,0.718621071,13.78928877
5125,-4611,7288,12333,10109,10467,9266,0.72,1.18,7490.0145,0.715583692,44.16308398
5126,-4597,7238,12440,10072,10566,9266,0.72,1.18,7601.321,0.719413307,5.866931668
5128,-4618,7294,12392,10091,10525,9265,0.72,1.18,7551.5375,0.717485748,25.14251781
5129,-4613,7133,12429,10033,10553,9264,0.71,1.18,7589.7555,0.719203591,-92.03591396
5130,-4594,7261,12154,10062,10323,9263,0.72,1.18,7304.7505,0.707618958,123.8104233
5131,-4597,7256,12476,10097,10588,9263,0.72,1.18,7638.278,0.721408954,-14.08953532
5131,-4611,7228,12446,10070,10570,9262,0.72,1.18,7607.495,0.719725166,2.748344371
5132,-4602,7308,12401,10136,10525,9260,0.72,1.18,7560.5375,0.718340855,16.59144893
5133,-4594,7299,12305,10107,10449,9259,0.72,1.18,7461.2315,0.714061776,59.38223753
5134,-4600,7255,12354,10065,10484,9257,0.72,1.18,7511.754,0.716496948,35.0305227
5135,-4596,7273,12396,10073,10521,9257,0.72,1.18,7555.3635,0.718122184,18.77815797
5137,-4603,7214,12500,10058,10614,9258,0.72,1.18,7663.409,0.722009516,-20.09515734
5137,-4638,7212,12496,10085,10603,9260,0.72,1.18,7658.9305,0.722336178,-23.3617844
5138,-4617,7123,12206,9875,10358,9262,0.72,1.18,7358.273,0.710395154,96.04846495
5140,-4588,7273,12454,10086,10572,9262,0.72,1.18,7615.582,0.720353954,-3.539538403
5140,-4585,7226,12427,10047,10550,9262,0.72,1.18,7587.625,0.719206161,7.938388626
5141,-4638,7230,12454,10094,10572,9264,0.72,1.18,7615.582,0.720353954,-3.539538403
5142,-4614,7318,12391,10138,10512,9265,0.72,1.18,7549.972,0.718224125,17.7587519
5143,-4614,7303,12312,10110,10452,9266,0.72,1.18,7468.362,0.714539036,54.60964409
5144,-4605,7256,12393,10090,10512,9267,0.72,1.18,7551.972,0.718414384,15.85616438
5145,-4625,7221,12505,10106,10617,9271,0.71,1.18,7668.5395,0.722288735,-122.8873505
5146,-4601,7215,12453,10070,10572,9276,0.72,1.18,7614.582,0.720259364,-2.593643587
5147,-4607,7243,12461,10093,10578,9280,0.72,1.18,7622.843,0.720631783,-6.317829457
5148,-4617,7086,12443,9974,10569,9281,0.71,1.18,7604.4515,0.719505299,-95.05298515
5149,-4600,7193,12056,10048,10239,9282,0.72,1.18,7203.0965,0.703496093,165.0390663
5150,-4629,7196,12294,9960,10429,9284,0.72,1.18,7449.3615,0.714292981,57.0701889
5151,-4613,7254,12460,10109,10584,9286,0.72,1.18,7622.104,0.720153439,-1.534391534
5152,-4602,7268,12419,10085,10542,9288,0.72,1.18,7579.277,0.718960065,10.39935496
5153,-4599,7325,12348,10154,10482,9288,0.72,1.18,7505.667,0.716052948,39.47052089
5154,-4605,7269,12413,10100,10538,9288,0.72,1.18,7573.103,0.718647087,13.52913266
5155,-4626,7300,12408,10135,10541,9288,0.72,1.18,7568.2335,0.7179806,20.19400436
5156,-4611,7261,12451,10102,10574,9288,0.72,1.18,7612.669,0.719942217,0.577832419
5157,-4588,7310,12395,10120,10523,9288,0.72,1.18,7554.4505,0.717898936,21.01064335
5158,-4622,6922,12448,9746,10575,9288,0.71,1.18,7609.7125,0.719594563,-95.94562648
5159,-4624,7290,12320,10118,10461,9291,0.72,1.18,7476.7535,0.71472646,52.73539815
5159,-4614,7126,12460,9955,10573,9293,0.72,1.18,7621.6255,0.72085742,-8.57419843
5161,-4617,7221,12490,10074,10608,9295,0.72,1.18,7653.148,0.721450603,-14.50603318
5162,-4596,7265,12459,10101,10580,9295,0.72,1.18,7620.93,0.720314745,-3.147448015
5163,-4617,7321,12173,10131,10332,9292,0.72,1.18,7324.142,0.708879404,111.2059621
5164,-4594,7188,12484,10031,10606,9287,0.72,1.18,7647.061,0.721012729,-10.12728644
5165,-4614,7265,12495,10100,10617,9280,0.72,1.18,7658.5395,0.721346849,-13.46849392
5166,-4610,7226,12403,10036,10535,9277,0.72,1.18,7562.9725,0.717890128,21.09871856
5167,-4598,7232,12500,10078,10619,9277,0.72,1.18,7663.6265,0.721690037,-16.90036727
5168,-4595,7314,12194,10122,10356,9280,0.72,1.18,7346.186,0.709365199,106.3480108
5169,-4604,7184,12175,10072,10338,9283,0.71,1.18,7326.403,0.70868669,13.13310118
5169,-4598,7204,12497,10036,10615,9286,0.72,1.18,7660.4525,0.721662977,-16.62976919
5170,-4616,7210,12226,10098,10379,9286,0.71,1.18,7379.1865,0.710972782,-9.727815782
5171,-4613,7277,12363,10089,10499,9284,0.72,1.18,7521.4065,0.716392656,36.07343557
5173,-4593,7352,12218,10165,10377,9279,0.72,1.18,7371.0995,0.710330491,96.69509492
5174,-4595,7325,12272,10123,10416,9274,0.72,1.18,7426.796,0.713018049,69.81950845
5175,-4633,7192,12181,10054,10349,9271,0.72,1.18,7332.8815,0.708559426,114.4057397
5175,-4576,7244,12435,10043,10566,9271,0.72,1.18,7596.321,0.718940091,10.59909143
5177,-4576,7308,12321,10116,10465,9278,0.72,1.18,7477.9275,0.714565456,54.34543717
5177,-4604,7080,12182,9919,10344,9287,0.71,1.18,7333.664,0.708977572,10.22428461
5178,-4563,7326,12377,10115,10522,9295,0.72,1.18,7536.407,0.716252328,37.47671545
5179,-4563,7319,12445,10128,10584,9297,0.72,1.18,7607.104,0.718736206,12.63794407
5180,-4589,7281,12396,10104,10533,9297,0.72,1.18,7555.8855,0.717353603,26.46397038
5182,-4568,7273,12411,10091,10561,9295,0.72,1.18,7572.1035,0.716987359,30.12640848
5183,-4568,7288,12456,10119,10595,9293,0.72,1.18,7618.5825,0.719073384,9.266163285
5183,-4558,7273,12489,10121,10620,9292,0.72,1.18,7652.67,0.720590395,-5.903954802
5184,-4580,7202,12125,10074,10305,9292,0.71,1.18,7274.9675,0.705964823,40.35177098
5185,-4574,7277,12462,10078,10589,9294,0.72,1.18,7624.3215,0.720022807,-0.228066862
5186,-4536,7287,12434,10082,10575,9297,0.72,1.18,7595.7125,0.718270686,17.29314421
5187,-4555,7179,12467,9915,10598,9300,0.72,1.18,7629.713,0.719920079,0.799207398
5188,-4577,7305,12326,10077,10477,9301,0.72,1.18,7483.4495,0.714274077,57.25923451
5189,-4557,7335,12188,10122,10363,9301,0.72,1.18,7340.4905,0.708336437,116.6356267
5190,-4539,7317,12439,10113,10573,9303,0.72,1.18,7600.6255,0.718871229,11.28771399
5191,-4575,7272,12455,10077,10604,9305,0.72,1.17,7617.974,0.718405696,15.94304036
5192,-4529,7332,12421,10124,10574,9306,0.72,1.17,7582.669,0.717105069,28.94930963
5193,-4551,7283,12466,10081,10607,9306,0.72,1.18,7629.1045,0.719251862,7.481380221
5194,-4541,7243,12480,10076,10621,9307,0.72,1.18,7643.7135,0.719679267,3.207325111
5195,-4545,7209,12529,10027,10654,9308,0.72,1.18,7694.149,0.722184062,-21.84062324
5196,-4551,7305,12344,10106,10503,9309,0.72,1.18,7502.5805,0.714327383,56.72617347
5197,-4527,7223,12396,9966,10548,9310,0.72,1.18,7556.538,0.716395336,36.04664391
5198,-4573,7223,12083,10081,10273,9310,0.72,1.18,7231.5755,0.703939988,160.6001168
5199,-4551,7263,12470,10082,10619,9311,0.72,1.17,7633.6265,0.718864912,11.3508805
5200,-4552,7280,12456,10091,10604,9312,0.72,1.17,7618.974,0.7185,15
5201,-4521,7310,12369,10106,10531,9313,0.72,1.17,7528.7985,0.714917719,50.82280885
5202,-4538,7259,12458,10054,10600,9313,0.72,1.18,7620.8,0.718943396,10.56603774
5203,-4513,7288,12437,10098,10591,9313,0.72,1.17,7599.4085,0.717534558,24.65442357
5203,-4528,7338,12279,10097,10445,9314,0.73,1.18,7435.0575,0.711829344,181.7065582
5205,-4523,7337,12411,10134,10566,9316,0.72,1.17,7572.321,0.716668654,33.31345826
5206,-4511,7307,12475,10099,10622,9317,0.72,1.17,7638.757,0.719144888,8.551120316
5207,-4509,7132,12478,9867,10631,9316,0.72,1.17,7642.1485,0.718855094,11.44906406
5208,-4524,7229,12085,10051,10296,9321,0.72,1.17,7234.576,0.702658897,173.4110334
5209,-4513,7316,12425,10122,10585,9325,0.72,1.17,7587.1475,0.716782948,32.17052433
5210,-4520,7306,12399,10076,10557,9329,0.73,1.17,7559.9295,0.716105854,138.9414606
5211,-4515,7319,12449,10114,10605,9330,0.72,1.17,7612.0175,0.717776285,22.23715229
5212,-4520,7356,12347,10144,10515,9331,0.73,1.17,7506.1025,0.713847123,161.5287684
5213,-4500,7376,12322,10131,10497,9335,0.73,1.17,7480.3195,0.712614985,173.8501477
5214,-4486,7345,12438,10127,10602,9338,0.73,1.17,7600.887,0.716929542,130.704584
5215,-4492,7276,12489,10077,10647,9340,0.72,1.17,7653.8445,0.718873345,11.26655396
5215,-4495,7347,12364,10132,10539,9340,0.73,1.17,7524.1465,0.713933627,160.6637252
5217,-4489,7126,12400,9821,10570,9334,0.73,1.17,7561.495,0.715373226,146.2677389
5218,-4497,7290,12000,10105,10225,9325,0.72,1.17,7146.4875,0.698922983,210.7701711
5219,-4477,7265,12390,9967,10567,9317,0.73,1.17,7551.3645,0.71461763,153.8236964
5220,-4463,7303,12414,10068,10579,9315,0.73,1.17,7575.8865,0.716125012,138.7498818
5221,-4475,7305,12413,10041,10586,9315,0.73,1.17,7575.191,0.715585774,144.1422634
5222,-4467,7371,12340,10112,10525,9315,0.73,1.17,7499.5375,0.712545131,174.5486936
5222,-4469,7375,12176,10108,10376,9315,0.73,1.17,7329.056,0.706346955,236.5304549
5223,-4487,7279,12460,10054,10633,9314,0.72,1.17,7624.2355,0.717035221,29.6477946
5225,-4488,7320,12470,10099,10635,9314,0.72,1.17,7634.3225,0.717848848,21.51151857
5225,-4475,7386,12336,10137,10515,9317,0.73,1.17,7495.1025,0.712800999,171.9900143
5227,-4472,7189,12419,9895,10595,9322,0.73,1.17,7581.5825,0.71558117,144.1882964
5227,-4486,7268,11984,10051,10228,9327,0.72,1.17,7130.618,0.697166406,228.3359406
5229,-4460,7243,12399,10012,10584,9329,0.72,1.17,7561.104,0.714390023,56.09977324
5229,-4480,7343,12425,10108,10599,9330,0.73,1.17,7587.7565,0.715893622,141.0637796
5230,-4462,7381,12431,10121,10616,9332,0.73,1.17,7594.496,0.715382065,146.1793519
5231,-4465,7359,12366,10110,10551,9334,0.73,1.17,7526.6685,0.713360677,166.3932329
5232,-4442,7347,12378,10088,10569,9336,0.73,1.17,7539.4515,0.713355237,166.4476299
5233,-4448,7356,12433,10077,10614,9336,0.73,1.17,7596.409,0.715697098,143.0290183
5234,-4452,7349,12455,10140,10624,9330,0.72,1.17,7618.844,0.717135166,28.64834337
5236,-4463,7362,12350,10127,10548,9321,0.73,1.17,7510.538,0.712034319,179.656807
5236,-4463,7294,12281,9976,10480,9312,0.73,1.17,7438.58,0.709788168,202.1183206
5237,-4456,7262,12187,10059,10392,9308,0.72,1.17,7340.752,0.706384911,136.1508853
5238,-4435,7254,12392,9963,10583,9308,0.73,1.17,7554.0605,0.713791978,162.080223
5239,-4436,7390,12419,10128,10598,9325,0.73,1.17,7581.713,0.715390923,146.0907718
5240,-4432,7367,12441,10103,10628,9342,0.73,1.17,7605.018,0.715564358,144.356417
5241,-4442,7355,12430,10124,10618,9359,0.73,1.17,7593.583,0.71516133,148.3867018
5242,-4452,7262,12161,10058,10377,9359,0.72,1.17,7314.0995,0.704837573,151.6242652
5243,-4453,7411,12357,10145,10548,9354,0.73,1.17,7517.538,0.712697952,173.0204778
5244,-4451,7358,12417,10093,10605,9341,0.73,1.17,7580.0175,0.71475884,152.4115983
5245,-4458,7321,12450,10087,10637,9329,0.73,1.17,7614.4095,0.715841826,141.581743
5246,-4412,7372,12364,10073,10562,9322,0.73,1.17,7525.147,0.712473679,175.2632077
5247,-4412,7279,12078,10056,10327,9323,0.72,1.17,7228.9245,0.700002372,199.9762758
5248,-4427,7427,12337,10163,10531,9331,0.73,1.17,7496.7985,0.711879071,181.2092869
5249,-4424,7362,12437,10105,10615,9342,0.73,1.17,7600.4525,0.716010598,139.8940179
5250,-4406,7346,12475,10070,10663,9352,0.73,1.17,7640.5405,0.716546985,134.530151
5251,-4418,7381,12360,10106,10558,9354,0.73,1.17,7520.973,0.712348267,176.5173328
5252,-4412,7367,12429,10128,10621,9349,0.73,1.17,7592.7135,0.71487746,151.2254025
5253,-4437,7374,12450,10127,10645,9339,0.73,1.17,7614.7575,0.715336543,146.6345702
5254,-4414,7347,12352,10054,10550,9328,0.73,1.17,7512.625,0.712097156,179.028436
5255,-4435,7331,12391,10088,10593,9321,0.73,1.17,7553.4955,0.713064807,169.3519305
5256,-4425,7250,12386,9904,10584,9321,0.73,1.17,7548.104,0.713161754,168.3824641
5257,-4434,7302,12112,10085,10341,9328,0.72,1.17,7263.5335,0.70240146,175.9853979
5258,-4405,7403,12395,10119,10600,9337,0.73,1.17,7557.8,0.713,170
5259,-4407,7376,12404,10127,10600,9347,0.73,1.17,7566.8,0.713849057,161.509434
5260,-4410,7415,12234,10102,10450,9348,0.73,1.17,7390.275,0.707203349,227.9665072
5261,-4417,7326,12457,10072,10649,9348,0.73,1.17,7621.9315,0.715741525,142.5847497
5262,-4410,7441,12265,10135,10476,9347,0.73,1.17,7422.406,0.708515273,214.84727
5263,-4402,7427,12279,10118,10485,9346,0.73,1.17,7436.7975,0.709279685,207.2031474
5264,-4396,7429,12298,10160,10506,9345,0.73,1.17,7456.711,0.709757377,202.4262326
5265,-4408,7386,12350,10108,10560,9346,0.73,1.17,7511.06,0.711274621,187.2537879
5266,-4401,7302,12186,9941,10410,9348,0.73,1.17,7340.535,0.705142651,248.573487
5267,-4394,7436,12278,10122,10498,9353,0.73,1.17,7436.363,0.708359973,216.4002667
5268,-4398,7386,12406,10094,10604,9357,0.73,1.17,7568.974,0.713784798,162.1520181
5269,-4387,7351,12395,10082,10596,9359,0.73,1.17,7557.626,0.713252737,167.4726312
5270,-4391,7471,12259,10165,10477,9359,0.73,1.17,7416.4495,0.707879116,221.2088384
5271,-4407,7424,12378,10141,10581,9359,0.73,1.17,7539.9735,0.712595549,174.0445138
5272,-4394,7415,12219,10091,10441,9359,0.73,1.17,7374.8835,0.706338809,236.6119146
5272,-4380,7437,12298,10145,10517,9359,0.73,1.17,7457.1895,0.709060521,209.3947894
5273,-4385,7437,12302,10148,10510,9359,0.73,1.17,7460.885,0.709884396,201.1560419
5275,-4381,7408,12439,10110,10635,9359,0.73,1.17,7603.3225,0.714933945,150.6605548
5276,-4387,7226,12423,9878,10624,9359,0.73,1.17,7586.844,0.714123117,158.7688253
5277,-4382,7393,12069,10058,10319,9359,0.74,1.17,7219.5765,0.699639161,403.6083923
5278,-4380,7445,12327,10157,10541,9359,0.73,1.17,7487.2335,0.710296319,197.0368087
5279,-4391,7388,12427,10094,10627,9359,0.73,1.17,7590.9745,0.7143102,156.8979957
5280,-4387,7323,12175,9967,10402,9364,0.73,1.17,7329.187,0.70459402,254.0597962
5281,-4379,7471,12304,10169,10514,9370,0.73,1.17,7463.059,0.709821096,201.7890432
5282,-4386,7453,12264,10154,10486,9376,0.73,1.17,7421.841,0.707785714,222.1428571
5283,-4388,7431,12235,10101,10457,9376,0.74,1.17,7391.5795,0.706854691,331.4530936
5284,-4384,7464,12193,10149,10411,9376,0.74,1.17,7347.5785,0.705751465,342.485352
5285,-4395,7372,12468,10108,10662,9373,0.73,1.17,7633.497,0.715953573,140.4642656
5285,-4400,7285,12422,9985,10622,9371,0.73,1.17,7585.757,0.714155244,158.4475617
5287,-4400,7422,12115,10089,10349,9370,0.74,1.17,7266.8815,0.702181998,378.1800174
5288,-4362,7465,12348,10156,10554,9370,0.74,1.17,7508.799,0.711464753,285.352473
5289,-4390,7382,12423,10112,10620,9371,0.73,1.17,7586.67,0.714375706,156.2429379
5290,-4386,7452,12333,10158,10542,9372,0.73,1.17,7493.277,0.71080222,191.9778031
5290,-4405,7423,12426,10143,10624,9372,0.73,1.17,7589.844,0.714405497,155.9450301
5291,-4392,7377,12395,10081,10598,9372,0.73,1.17,7557.713,0.713126345,168.7365541
5292,-4401,7388,12371,10090,10581,9371,0.73,1.17,7532.9735,0.711933985,180.6601455
5294,-4392,7414,11691,10107,9987,9370,0.73,1.17,6827.1345,0.683602133,463.9786723
5295,-4404,7383,12396,10110,10599,9368,0.73,1.17,7558.7565,0.713157515,168.4248514
5296,-4393,7351,12273,10003,10483,9367,0.73,1.17,7430.7105,0.708834351,211.6564915
5297,-4386,7435,12295,10110,10512,9367,0.74,1.17,7453.972,0.709091705,309.0829528
5298,-4397,7469,12291,10152,10505,9367,0.74,1.17,7449.6675,0.70915445,308.4554974
5299,-4382,7412,12300,10082,10509,9368,0.74,1.17,7458.8415,0.709757494,302.4250642
5299,-4386,7373,12361,10113,10559,9369,0.73,1.17,7522.0165,0.712379629,176.2037125
5300,-4420,7383,12413,10103,10605,9369,0.73,1.17,7576.0175,0.71438166,156.1834041
5301,-4382,7413,12198,10084,10416,9369,0.74,1.17,7352.796,0.705913594,340.8640553
5303,-4374,7414,12432,10105,10625,9366,0.73,1.17,7595.8875,0.714907059,150.9294118
5304,-4380,7379,12417,10085,10612,9363,0.73,1.17,7580.322,0.714316057,156.8394271
5305,-4389,7393,12367,10100,10573,9360,0.73,1.17,7528.6255,0.71206143,179.3856994
5306,-4403,7381,12212,10048,10431,9360,0.73,1.17,7367.4485,0.706303183,236.9681718
5306,-4377,7425,12326,10092,10535,9365,0.74,1.17,7485.9725,0.710581158,294.1884196
5307,-4396,7389,12394,10103,10594,9373,0.73,1.17,7556.539,0.713284784,167.1521616
5308,-4393,7399,12423,10104,10612,9380,0.73,1.17,7586.322,0.714881455,151.1854504
5310,-4397,7433,12383,10140,10586,9383,0.73,1.17,7545.191,0.712751842,172.4815794
5310,-4404,7390,12399,10117,10591,9383,0.73,1.17,7561.4085,0.713946606,160.5339439
5312,-4388,7428,12231,10113,10444,9380,0.73,1.17,7387.014,0.707297396,227.0260437
5312,-4391,7398,12323,10109,10527,9377,0.73,1.17,7482.6245,0.710803125,191.968747
5313,-4428,7448,12331,10150,10524,9374,0.73,1.17,7490.494,0.711753516,182.4648423
5314,-4410,7354,12473,10084,10657,9374,0.73,1.17,7638.2795,0.716738247,132.6175284
5316,-4422,7332,12266,9989,10468,9372,0.73,1.17,7423.058,0.709119029,208.8097058
5316,-4400,7429,12286,10116,10495,9369,0.73,1.17,7444.2325,0.709312292,206.8770843
5317,-4409,7376,12428,10093,10617,9365,0.73,1.17,7591.5395,0.715036216,149.637845
5318,-4400,7393,12394,10104,10585,9364,0.73,1.17,7556.1475,0.713854275,161.4572508
5319,-4413,7361,12438,10087,10626,9365,0.73,1.17,7601.931,0.715408526,145.9147374
5320,-4415,7422,12484,10175,10658,9368,0.73,1.17,7649.323,0.717707168,122.9283168
5322,-4422,7378,12435,10114,10619,9371,0.73,1.17,7598.6265,0.715568933,144.3106696
5323,-4416,7436,12316,10131,10515,9374,0.73,1.17,7475.1025,0.710898954,191.0104612
5323,-4409,7377,12475,10100,10648,9374,0.73,1.17,7639.888,0.717495116,125.0488355
5324,-4435,7356,12499,10135,10675,9375,0.73,1.17,7665.0625,0.718038642,119.6135831
5325,-4436,7217,12379,9860,10570,9377,0.73,1.17,7540.495,0.713386471,166.1352886
5326,-4425,7384,11850,10093,10104,9380,0.73,1.17,6991.224,0.691926366,380.736342
5327,-4426,7403,12456,10134,10633,9381,0.73,1.17,7620.2355,0.716659033,133.409668
5328,-4435,7375,12435,10106,10609,9381,0.73,1.17,7598.1915,0.716202422,137.9757753
5329,-4445,7318,12446,10054,10625,9377,0.73,1.17,7609.8875,0.716224706,137.7529412
5331,-4453,7364,12419,10125,10594,9373,0.73,1.17,7581.539,0.71564461,143.5538984
5332,-4430,7422,12318,10132,10503,9368,0.73,1.17,7476.5805,0.711851899,181.4810054
5333,-4444,7390,12222,10096,10417,9367,0.73,1.17,7376.8395,0.708153931,218.4606893
5333,-4434,7429,12324,10135,10507,9369,0.73,1.17,7482.7545,0.712168507,178.3149329
5334,-4425,7391,12385,10088,10560,9377,0.73,1.17,7546.06,0.714589015,154.1098485
5335,-4427,7174,12277,9802,10466,9384,0.73,1.17,7433.971,0.710297248,197.0275177
5336,-4451,7317,12043,10096,10267,9390,0.72,1.17,7191.3145,0.70042997,195.7003019
5337,-4466,7141,12179,9895,10382,9390,0.72,1.17,7332.317,0.706252841,137.4715854
5338,-4460,7359,12512,10139,10664,9388,0.73,1.17,7677.584,0.719953488,100.4651163
5340,-4482,7296,12426,10008,10593,9385,0.73,1.17,7588.4955,0.716368876,136.3112433
5340,-4458,7401,12409,10133,10581,9382,0.73,1.17,7570.9735,0.715525328,144.7467158
5341,-4461,7352,12487,10121,10653,9382,0.73,1.17,7652.1055,0.718305219,116.9478081
5342,-4465,7417,12325,10151,10504,9382,0.73,1.17,7483.624,0.712454684,175.4531607
5343,-4442,7361,12458,10108,10613,9383,0.73,1.17,7621.3655,0.718116037,118.8396306
5344,-4472,7429,12208,10160,10396,9385,0.73,1.17,7361.926,0.708149865,218.5013467
5345,-4475,7346,12225,10059,10406,9386,0.73,1.17,7379.361,0.70914482,208.551797
5346,-4475,7380,11802,10143,10051,9386,0.73,1.17,6940.9185,0.690569943,394.3005671
5347,-4474,7415,12354,10155,10522,9387,0.73,1.17,7513.407,0.714066432,159.3356776
5349,-4497,7414,12358,10140,10523,9389,0.73,1.17,7517.4505,0.714382828,156.1717191
5350,-4481,7337,12495,10095,10648,9392,0.73,1.17,7659.888,0.719373403,106.2659654
5351,-4482,7409,12347,10155,10507,9392,0.73,1.18,7505.7545,0.714357524,156.4247644
5351,-4487,7376,12308,10100,10473,9392,0.73,1.18,7465.2755,0.712811563,171.8843693
5352,-4472,7411,12255,10147,10430,9391,0.73,1.17,7410.405,0.710489453,195.105465
5353,-4485,7380,12471,10133,10611,9389,0.73,1.18,7634.2785,0.719468335,105.3166525
5354,-4502,7379,12357,10125,10513,9388,0.73,1.18,7516.0155,0.714925854,150.741463
5355,-4489,7206,12398,9887,10549,9388,0.73,1.18,7558.5815,0.716521139,134.7886056
5356,-4490,7309,12469,10061,10615,9391,0.73,1.17,7632.4525,0.7190252,109.7479981
5357,-4480,7277,12463,10001,10607,9396,0.73,1.17,7626.1045,0.71896903,110.3097011
5358,-4489,7370,12484,10145,10618,9400,0.73,1.18,7647.583,0.720247033,97.5296666
5359,-4511,7180,12582,9936,10710,9402,0.72,1.17,7749.585,0.723584034,-35.84033613
5360,-4511,7392,12473,10169,10611,9402,0.73,1.18,7636.2785,0.719656818,103.431816
5361,-4510,7393,12466,10158,10606,9398,0.73,1.18,7629.061,0.719315576,106.8442391
5362,-4511,7426,12263,10189,10427,9395,0.73,1.18,7418.2745,0.711448595,185.5140501
5363,-4515,7333,12543,10129,10670,9391,0.72,1.18,7708.845,0.722478444,-24.78444236
5364,-4514,7290,12446,10105,10592,9391,0.72,1.18,7608.452,0.718320619,16.79380665
5365,-4497,7259,12493,10002,10631,9393,0.73,1.18,7657.1485,0.720266062,97.33938482
5366,-4519,7301,12108,10128,10302,9398,0.72,1.18,7257.837,0.704507571,154.9242865
5367,-4525,7379,12260,10142,10418,9403,0.73,1.18,7414.883,0.711737666,182.6233442
5368,-4526,7290,12564,10092,10682,9406,0.72,1.18,7730.367,0.723681614,-36.8161393
5369,-4519,7381,12419,10143,10567,9406,0.73,1.18,7580.3645,0.717362023,126.3797672
5370,-4545,7278,12507,10112,10634,9402,0.72,1.18,7671.279,0.721391668,-13.91668234
5371,-4526,7235,12467,9963,10592,9398,0.73,1.18,7629.452,0.720303248,96.96752266
5372,-4528,7281,12550,10095,10667,9394,0.72,1.18,7715.7145,0.72332563,-33.25630449
5373,-4532,7384,12303,10154,10446,9394,0.73,1.18,7459.101,0.714062895,159.3710511
5374,-4549,7286,12551,10101,10673,9395,0.72,1.18,7716.9755,0.72303715,-30.37149817
5375,-4556,7225,12363,9944,10501,9398,0.73,1.18,7521.4935,0.716264499,137.3550138
5376,-4534,7351,12284,10114,10444,9402,0.73,1.18,7440.014,0.71237208,176.2792034
5377,-4557,7273,12538,10116,10654,9405,0.72,1.18,7703.149,0.723028815,-30.28815468
5378,-4538,7361,12450,10140,10575,9405,0.73,1.18,7611.7125,0.719783688,102.1631206
5379,-4558,7325,12458,10122,10584,9400,0.72,1.18,7620.104,0.719964475,0.355253212
5380,-4569,7270,12533,10096,10643,9394,0.72,1.18,7697.6705,0.723261345,-32.61345485
5381,-4580,7281,12439,10093,10555,9388,0.72,1.18,7599.8425,0.720022975,-0.229748934
5382,-4563,7342,12459,10137,10588,9386,0.72,1.18,7621.278,0.719803362,1.966377031
5383,-4569,7361,12358,10150,10481,9387,0.73,1.18,7515.6235,0.717071224,129.2877588
5384,-4558,7339,12430,10106,10556,9391,0.73,1.18,7590.886,0.71910629,108.9370974
5385,-4592,7053,12489,9811,10606,9395,0.72,1.18,7652.061,0.72148416,-14.84159909
5386,-4594,7244,12258,10117,10402,9399,0.72,1.18,7412.187,0.712573255,74.26744857
5387,-4557,7363,12489,10171,10600,9399,0.72,1.18,7651.8,0.721867925,-18.67924528
5388,-4568,7236,12545,10027,10646,9399,0.72,1.18,7709.801,0.724196975,-41.9697539
5389,-4561,7370,12335,10164,10465,9398,0.73,1.18,7491.9275,0.715903249,140.9675108
5390,-4588,7316,12437,10118,10558,9398,0.72,1.18,7597.973,0.719641315,3.586853571
5391,-4580,7255,12530,10095,10637,9399,0.72,1.18,7694.4095,0.723362743,-33.62743255
5392,-4564,7341,12387,10141,10510,9399,0.72,1.18,7545.885,0.717971931,20.28068506
5393,-4550,7311,12484,10121,10600,9399,0.72,1.18,7646.8,0.721396226,-13.96226415
5394,-4607,7330,12434,10151,10541,9399,0.72,1.18,7594.2335,0.720447159,-4.471587136
5395,-4586,7236,12448,10025,10559,9399,0.72,1.18,7609.0165,0.720619045,-6.190453641
5396,-4577,7296,12356,10073,10484,9399,0.72,1.18,7513.754,0.716687715,33.12285387
5397,-4592,7340,12360,10140,10476,9400,0.72,1.18,7517.406,0.71758362,24.16380298
5398,-4581,7284,12535,10109,10628,9402,0.72,1.18,7699.018,0.72440892,-44.08919834
5399,-4581,7293,12519,10112,10623,9404,0.72,1.18,7682.8005,0.723223242,-32.23242022
5400,-4595,7286,12539,10111,10634,9405,0.72,1.18,7703.279,0.724400884,-44.00883957
5401,-4593,7233,12523,10074,10625,9405,0.72,1.18,7686.8875,0.723471765,-34.71764706
5402,-4595,7238,12528,10063,10633,9408,0.72,1.18,7692.2355,0.723430405,-34.30405342
5403,-4601,7252,12565,10107,10657,9411,0.72,1.18,7730.2795,0.725371071,-53.71070658
5404,-4603,7244,12520,10082,10626,9414,0.72,1.18,7683.931,0.723125447,-31.25447017
5405,-4579,7259,12435,10031,10550,9414,0.72,1.18,7595.625,0.719964455,0.355450237
5406,-4597,7283,12471,10087,10580,9416,0.72,1.18,7632.93,0.72144896,-14.48960302
5407,-4600,7323,12298,10113,10422,9421,0.72,1.18,7453.057,0.715127327,48.72673191
5408,-4599,7321,12511,10121,10605,9426,0.72,1.18,7674.0175,0.723622584,-36.22583687
5409,-4592,7330,12403,10125,10515,9429,0.72,1.18,7562.1025,0.719172848,8.271516881
5410,-4608,7328,12399,10125,10507,9430,0.72,1.18,7557.7545,0.719306605,6.933948796
5411,-4590,7244,12493,10046,10596,9424,0.72,1.18,7655.626,0.72250151,-25.01510004
5412,-4588,7241,12514,10016,10610,9418,0.72,1.18,7677.235,0.723584826,-35.84825636
5413,-4586,7272,12527,10089,10623,9411,0.72,1.18,7690.8005,0.723976325,-39.76324955
5414,-4622,7323,12405,10142,10512,9410,0.72,1.18,7563.972,0.719555936,4.440639269
5415,-4621,7226,12527,10048,10618,9411,0.72,1.18,7690.583,0.72429676,-42.96760218
5416,-4592,7310,12480,10134,10580,9414,0.72,1.18,7641.93,0.722299622,-22.99621928
5417,-4619,7077,12230,9928,10362,9418,0.71,1.18,7382.447,0.71245387,-24.53869909
5418,-4604,7335,12504,10174,10595,9421,0.72,1.18,7666.5825,0.723603823,-36.03822558
5419,-4602,7263,12540,10083,10631,9420,0.72,1.18,7704.1485,0.724687094,-46.87094347
5420,-4628,7272,12529,10118,10620,9420,0.72,1.18,7692.67,0.724356874,-43.56873823
5421,-4593,7216,12511,10014,10608,9420,0.72,1.18,7674.148,0.723430241,-34.30241327
5422,-4607,7263,12523,10119,10616,9419,0.72,1.18,7686.496,0.724048229,-40.48229088
5423,-4611,7287,12550,10124,10637,9419,0.72,1.18,7714.4095,0.725242973,-52.42972643
5424,-4606,7305,12592,10134,10682,9420,0.72,1.18,7758.367,0.726302846,-63.02845909
5425,-4615,7109,12550,9903,10645,9426,0.72,1.18,7714.7575,0.724730625,-47.30624706
5426,-4625,7332,11896,10145,10082,9431,0.72,1.18,7036.267,0.697903888,220.9611188
5427,-4618,7258,12550,10135,10634,9435,0.72,1.18,7714.279,0.725435302,-54.35301862
5428,-4618,7283,12554,10154,10635,9435,0.72,1.18,7718.3225,0.725747297,-57.47296662
5429,-4616,7331,12453,10159,10554,9433,0.72,1.18,7613.799,0.721413587,-14.13587265
5430,-4616,7272,12542,10119,10626,9429,0.72,1.18,7705.931,0.72519584,-51.95840391
5431,-4633,7290,12453,10121,10555,9425,0.72,1.18,7613.8425,0.72134936,-13.49360493
5432,-4629,7319,12531,10160,10619,9423,0.72,1.18,7694.6265,0.724609332,-46.09332329
5433,-4622,7282,12340,10082,10455,9423,0.72,1.18,7496.4925,0.717024629,29.75370636
5434,-4603,7321,12532,10150,10635,9423,0.72,1.18,7696.3225,0.723678655,-36.78655383
5435,-4639,7139,12436,9902,10532,9423,0.72,1.18,7595.842,0.721215534,-12.15533612
5436,-4600,7335,12364,10141,10467,9423,0.72,1.18,7521.0145,0.718545381,14.5461928
5437,-4616,7328,12404,10153,10517,9423,0.72,1.18,7563.1895,0.719139441,8.605590948
5438,-4610,7344,12406,10149,10510,9423,0.72,1.18,7564.885,0.719779734,2.202664129
5439,-4617,7236,12341,10036,10458,9426,0.72,1.18,7497.623,0.716927041,30.72958501
5440,-4613,7323,12401,10152,10506,9429,0.72,1.18,7559.711,0.719561298,4.387016943
5441,-4596,7286,12541,10129,10630,9430,0.72,1.18,7705.105,0.724845249,-48.45249294
5442,-4613,7334,12340,10137,10450,9430,0.72,1.18,7496.275,0.71734689,26.53110048
5443,-4619,7244,12574,10137,10652,9428,0.71,1.18,7739.062,0.72653605,-165.3604957
5444,-4599,7264,12492,10079,10596,9426,0.72,1.18,7654.626,0.722407135,-24.07134768
5445,-4617,7172,12316,9916,10431,9424,0.72,1.18,7471.4485,0.716273464,37.26536286
5446,-4594,7332,12446,10125,10555,9425,0.72,1.18,7606.8425,0.720686168,-6.86167693
5447,-4584,7293,12423,10090,10533,9426,0.72,1.18,7582.8855,0.719916975,0.830247793
5448,-4606,7262,12536,10061,10627,9429,0.72,1.18,7699.9745,0.724567093,-45.67093253
5449,-4600,7343,12309,10148,10434,9432,0.72,1.18,7464.579,0.715409143,45.90856814
5450,-4612,7320,12502,10155,10604,9434,0.72,1.18,7664.974,0.722837986,-28.37985666
5451,-4599,7313,12543,10140,10641,9434,0.72,1.18,7707.5835,0.724328869,-43.28869467
5452,-4598,7345,12366,10145,10480,9433,0.72,1.18,7523.58,0.717898855,21.01145038
5453,-4598,7350,12394,10171,10510,9431,0.72,1.18,7552.885,0.718637964,13.62036156
5454,-4612,7355,12329,10157,10452,9429,0.72,1.18,7485.362,0.716165519,38.34481439
5455,-4600,7220,12552,10021,10641,9429,0.72,1.18,7716.5835,0.725174655,-51.74654638
5456,-4600,7224,12032,10066,10205,9430,0.72,1.18,7177.6175,0.703343214,166.5678589
5457,-4585,7244,12518,10047,10620,9436,0.72,1.18,7681.67,0.723321092,-33.21092279
5458,-4584,7327,12491,10128,10597,9443,0.72,1.18,7653.6695,0.722248702,-22.48702463
5459,-4592,7353,12425,10151,10545,9448,0.72,1.18,7585.4075,0.71933689,6.631104789
5460,-4593,7315,12520,10141,10620,9448,0.72,1.18,7683.67,0.723509416,-35.09416196
5461,-4586,7278,12548,10122,10645,9444,0.72,1.18,7712.7575,0.724542743,-45.42743072
5462,-4618,7310,12524,10161,10628,9438,0.72,1.18,7688.018,0.723373918,-33.73917953
5463,-4604,7260,12576,10096,10663,9433,0.72,1.18,7741.5405,0.726018991,-60.18990903
5464,-4568,7337,12533,10170,10642,9430,0.72,1.18,7697.627,0.723325221,-33.25220823
5465,-4570,7064,12509,9772,10618,9430,0.72,1.18,7672.583,0.722601526,-26.01525711
5466,-4587,7265,11898,10103,10093,9428,0.72,1.18,7038.7455,0.697388834,226.1116615
5467,-4556,7347,12480,10151,10593,9426,0.72,1.18,7642.4955,0.721466582,-14.66581705
5468,-4560,7321,12538,10127,10646,9425,0.72,1.18,7702.801,0.723539451,-35.39451437
5469,-4552,7297,12507,10080,10628,9425,0.72,1.18,7671.018,0.72177437,-17.7436959
5470,-4563,7318,12574,10142,10673,9429,0.72,1.18,7739.9755,0.72519212,-51.92120304
5471,-4564,7316,12539,10132,10655,9435,0.72,1.18,7704.1925,0.723058893,-30.58892539
5472,-4575,7321,12376,10106,10511,9442,0.72,1.18,7534.9285,0.716861241,31.38759395
5473,-4567,7294,12556,10133,10662,9444,0.72,1.18,7721.497,0.724207184,-42.07184393
5474,-4547,7362,12408,10136,10542,9444,0.73,1.18,7568.277,0.717916619,120.8338076
5475,-4561,7184,12560,9940,10671,9446,0.72,1.18,7725.8885,0.724007919,-40.07918658
5476,-4539,7396,12364,10178,10501,9449,0.73,1.18,7522.4935,0.716359728,136.4027236
5477,-4552,7207,12536,9967,10654,9451,0.72,1.18,7701.149,0.722841093,-28.41092547
5478,-4564,7301,12513,10135,10629,9451,0.72,1.18,7677.0615,0.722275049,-22.75049393
5479,-4542,7361,12485,10146,10610,9450,0.73,1.18,7648.235,0.720851555,91.48444863
5480,-4559,7379,12521,10169,10640,9447,0.73,1.18,7685.54,0.722325188,76.7481203
5481,-4544,7291,12562,10106,10674,9445,0.72,1.18,7728.019,0.724004028,-40.0402848
5482,-4536,7254,12621,10095,10732,9443,0.72,1.18,7789.542,0.725823891,-58.23891167
5483,-4549,7376,12311,10142,10453,9444,0.73,1.18,7467.4055,0.714379173,156.2082656
5484,-4563,7269,12486,10034,10615,9442,0.72,1.18,7649.4525,0.720626707,-6.267074894
5485,-4516,7218,12362,9923,10503,9439,0.73,1.18,7520.5805,0.716041179,139.5882129
5486,-4561,7298,12042,10100,10246,9437,0.72,1.18,7189.401,0.701678801,183.2119852
5487,-4495,7288,12534,10093,10660,9437,0.72,1.18,7699.41,0.722271107,-22.71106942
5487,-4550,7277,12554,10101,10669,9438,0.72,1.18,7719.8015,0.723573109,-35.73109007
5489,-4511,7228,12511,9936,10644,9441,0.73,1.18,7675.714,0.72113059,88.69409996
5490,-4512,7333,12553,10126,10672,9445,0.72,1.18,7718.932,0.723288231,-32.88230885
5491,-4501,7384,12425,10160,10566,9447,0.73,1.18,7586.321,0.717993659,120.0634109
5492,-4525,7391,12510,10179,10642,9447,0.73,1.18,7674.627,0.721163973,88.36027063
5493,-4512,7376,12395,10157,10537,9442,0.73,1.18,7555.0595,0.717002895,129.9710544
5494,-4540,7414,12309,10174,10469,9436,0.73,1.18,7466.1015,0.713162814,168.3718598
5495,-4543,7104,12228,9870,10398,9430,0.72,1.18,7382.013,0.70994547,100.5452972
5496,-4498,7411,12301,10167,10467,9428,0.73,1.18,7458.0145,0.712526464,174.7353587
5497,-4521,7319,12491,10121,10641,9431,0.72,1.17,7655.5835,0.719442111,5.578892961
5498,-4481,7368,12401,10099,10555,9444,0.73,1.17,7561.8425,0.716422785,135.7721459
5499,-4486,7369,12568,10156,10703,9458,0.73,1.17,7735.2805,0.722720779,72.79220779
5500,-4504,7377,12502,10151,10647,9469,0.73,1.17,7666.8445,0.720094346,99.05654175
5501,-4493,7358,12525,10142,10664,9469,0.73,1.17,7690.584,0.721172543,88.27456864
5502,-4482,7383,12546,10157,10683,9464,0.73,1.17,7712.4105,0.721933024,80.66975569
5503,-4491,7414,12318,10158,10480,9455,0.73,1.18,7475.58,0.713318702,166.8129771
5504,-4487,7335,12555,10124,10700,9446,0.72,1.17,7722.15,0.721696262,-16.96261682
5505,-4491,7247,12286,9924,10460,9442,0.73,1.17,7442.71,0.711540153,184.5984704
5506,-4472,7439,12329,10177,10499,9443,0.73,1.17,7487.4065,0.713154253,168.4574721
5507,-4485,7260,12512,10001,10663,9451,0.73,1.17,7677.5405,0.720016928,99.83072306
5508,-4479,7348,12445,10103,10601,9459,0.73,1.17,7607.8435,0.717653382,123.4661824
5509,-4469,7381,12478,10128,10638,9465,0.73,1.17,7642.453,0.718410697,115.893025
5510,-4470,7405,12365,10175,10535,9465,0.73,1.17,7524.9725,0.714283104,157.1689606
5511,-4480,7328,12496,10071,10655,9464,0.73,1.17,7661.1925,0.719023229,109.7677147
5512,-4465,7387,12452,10157,10613,9462,0.73,1.17,7615.3655,0.717550693,124.4930745
5513,-4453,7433,12498,10173,10650,9460,0.73,1.17,7662.975,0.719528169,104.7183099
5514,-4479,7346,12499,10125,10655,9459,0.73,1.17,7664.1925,0.719304786,106.9521351
5515,-4475,7305,12488,10046,10645,9459,0.73,1.17,7652.7575,0.718906294,110.9370597
5516,-4468,7281,11841,10063,10100,9457,0.72,1.17,6982.05,0.691292079,287.0792079
5517,-4440,7352,12482,10092,10649,9454,0.73,1.17,7646.9315,0.718089163,119.108367
5518,-4426,7367,12488,10130,10654,9452,0.73,1.17,7653.149,0.718335742,116.6425756
5519,-4462,7352,12508,10142,10675,9452,0.72,1.17,7674.0625,0.718881733,11.18266979
5520,-4454,7395,12479,10140,10645,9455,0.73,1.17,7643.7575,0.718060827,119.3917332
5521,-4447,7382,12511,10143,10669,9461,0.73,1.17,7676.8015,0.719542741,104.5725935
5522,-4465,7286,12170,10090,10377,9467,0.72,1.17,7323.0995,0.705704876,142.9512383
5523,-4415,7404,12386,10151,10569,9471,0.73,1.17,7547.4515,0.714112168,158.8783234
5524,-4457,7395,12416,10104,10595,9471,0.73,1.17,7578.5825,0.715298018,147.0198207
5525,-4432,7241,12441,9902,10615,9469,0.73,1.17,7604.4525,0.716387423,136.1257654
5526,-4454,7268,12148,10059,10362,9468,0.72,1.17,7300.447,0.70454034,154.596603
5527,-4421,7389,12428,10073,10611,9466,0.73,1.17,7591.2785,0.715415936,145.8406371
5528,-4450,7397,12474,10157,10642,9466,0.73,1.17,7638.627,0.71778115,122.1884984
5529,-4419,7377,12224,10057,10432,9464,0.73,1.17,7379.492,0.707389954,226.1004601
5530,-4430,7412,12442,10140,10628,9459,0.73,1.17,7606.018,0.715658449,143.4155062
5531,-4396,7417,12410,10128,10599,9454,0.73,1.17,7572.7565,0.714478394,155.2160581
5532,-4421,7456,12432,10178,10617,9452,0.73,1.17,7595.5395,0.71541297,145.8703023
5533,-4425,7355,12444,10105,10630,9452,0.73,1.17,7608.105,0.715720132,142.798683
5534,-4414,7380,12421,10115,10613,9456,0.73,1.17,7584.3655,0.714629747,153.7025346
5535,-4396,7285,12425,9984,10619,9462,0.73,1.17,7588.6265,0.714627225,153.7277521
5536,-4398,7424,12431,10136,10621,9469,0.73,1.17,7594.7135,0.715065766,149.3423406
5537,-4397,7488,12321,10193,10527,9470,0.73,1.17,7480.6245,0.710613138,193.8686235
5538,-4390,7444,12416,10140,10604,9471,0.73,1.17,7578.974,0.714727839,152.7216145
5539,-4383,7411,12370,10109,10568,9474,0.73,1.17,7531.408,0.71266162,173.3838002
5540,-4410,7409,12481,10153,10673,9477,0.73,1.17,7646.9755,0.716478544,135.2145601
5541,-4386,7361,12463,10083,10655,9479,0.73,1.17,7628.1925,0.715926091,140.7390896
5542,-4415,7500,12295,10199,10509,9479,0.74,1.17,7453.8415,0.709281711,307.1828909
5543,-4401,7374,12443,10091,10631,9477,0.73,1.17,7607.1485,0.715562835,144.371649
5544,-4394,7487,12277,10190,10498,9473,0.73,1.17,7435.363,0.708264717,217.3528291
5545,-4384,7420,12349,10115,10551,9470,0.73,1.17,7509.6685,0.711749455,182.5054497
5546,-4380,7438,12449,10133,10647,9469,0.73,1.17,7613.8445,0.715116418,148.8358223
5546,-4378,7360,12346,10025,10550,9468,0.73,1.17,7506.625,0.711528436,184.7156398
5548,-4367,7420,12473,10132,10670,9469,0.73,1.17,7638.845,0.715917994,140.8200562
5549,-4374,7475,12296,10159,10513,9470,0.74,1.17,7455.0155,0.709123514,308.7648626
5550,-4392,7444,12441,10169,10647,9470,0.73,1.17,7605.8445,0.714365032,156.349676
5551,-4374,7441,12444,10148,10651,9470,0.73,1.17,7609.0185,0.714394752,156.0524833
5552,-4364,7497,12379,10181,10587,9468,0.74,1.17,7541.2345,0.712310806,276.8919429
5553,-4390,7435,12457,10161,10655,9466,0.73,1.17,7622.1925,0.715362975,146.3702487
5554,-4407,7470,12181,10154,10425,9463,0.74,1.17,7336.1875,0.703711031,362.8896882
5555,-4362,7386,12253,10029,10471,9462,0.74,1.17,7410.1885,0.707686802,323.1319836
5556,-4366,7367,12049,10093,10311,9462,0.73,1.17,7199.2285,0.698208564,317.9143633
5557,-4382,7485,12204,10160,10438,9471,0.74,1.17,7359.753,0.705092259,349.0774095
5558,-4379,7466,12447,10180,10658,9479,0.73,1.17,7612.323,0.714235598,157.6440233
5559,-4362,7471,12200,10143,10441,9487,0.74,1.17,7355.8835,0.704519059,354.8094052
5560,-4371,7455,12416,10179,10631,9487,0.73,1.17,7580.1485,0.713023093,169.7690716
5561,-4355,7451,12292,10135,10520,9489,0.74,1.17,7451.32,0.70830038,316.9961977
5562,-4330,7437,12429,10113,10642,9493,0.74,1.17,7593.627,0.713552622,264.4737831
5563,-4346,7440,12452,10127,10660,9497,0.73,1.17,7617.41,0.714578799,154.2120075
5564,-4349,7434,12424,10127,10643,9499,0.73,1.17,7588.6705,0.713019872,169.8012778
5565,-4350,7201,12437,9858,10657,9499,0.73,1.17,7602.2795,0.713360186,166.3981421
5566,-4351,7483,12314,10145,10552,9490,0.74,1.17,7474.712,0.708369219,316.3078089
5567,-4349,7513,12166,10190,10416,9480,0.74,1.17,7320.796,0.702841398,371.5860215
5568,-4332,7391,12401,10024,10624,9470,0.74,1.17,7564.844,0.712052334,279.4766566
5569,-4337,7415,12431,10136,10649,9468,0.73,1.17,7595.9315,0.713299981,167.0001878
5570,-4346,7433,12474,10158,10681,9469,0.73,1.17,7640.3235,0.715319118,146.8088194
5571,-4364,7425,12405,10143,10631,9473,0.73,1.17,7569.1485,0.711988383,180.1161697
5572,-4336,7501,12284,10183,10519,9477,0.74,1.17,7443.2765,0.707603052,323.9694838
5573,-4344,7398,12503,10123,10713,9480,0.73,1.17,7670.7155,0.716019369,139.8063101
5574,-4344,7521,12248,10199,10481,9481,0.74,1.17,7405.6235,0.706576042,334.2395764
5575,-4341,7318,12344,9958,10573,9483,0.73,1.17,7505.6255,0.709886078,201.1392225
5576,-4328,7456,12257,10094,10507,9485,0.74,1.17,7415.7545,0.705791805,342.0819454
5577,-4341,7324,12259,9929,10500,9487,0.74,1.17,7417.45,0.70642381,335.7619048
5578,-4332,7444,12354,10127,10585,9487,0.74,1.17,7516.1475,0.710075342,299.2465753
5579,-4321,7390,12444,10110,10668,9486,0.73,1.17,7609.758,0.713325647,166.7435321
5580,-4323,7469,12305,10122,10546,9481,0.74,1.17,7465.451,0.707894083,321.0591694
5581,-4318,7357,12122,10099,10383,9476,0.73,1.17,7275.3605,0.700699268,293.0073197
5582,-4340,7500,12273,10166,10515,9472,0.74,1.17,7432.1025,0.706809558,331.9044223
5583,-4303,7489,12286,10140,10528,9471,0.74,1.17,7445.668,0.707225304,327.7469605
5584,-4345,7413,12452,10151,10681,9473,0.73,1.17,7618.3235,0.713259386,167.4061417
5585,-4342,7420,12163,10055,10421,9475,0.74,1.17,7318.0135,0.702237165,377.6283466
5586,-4310,7480,11740,10131,10063,9477,0.74,1.17,6879.4405,0.683637136,563.6286396
5587,-4319,7488,12319,10169,10564,9478,0.74,1.17,7480.234,0.708087278,319.1272245
5588,-4327,7469,12449,10165,10672,9478,0.73,1.17,7614.932,0.713543103,164.5689655
5589,-4315,7455,12413,10148,10648,9485,0.73,1.17,7577.888,0.711672427,183.2757325
5590,-4316,7494,12176,10157,10433,9492,0.74,1.17,7331.5355,0.702725534,372.7446564
5591,-4312,7472,12403,10120,10636,9499,0.74,1.17,7567.366,0.711486085,285.1391501
5592,-4328,7482,12399,10172,10635,9499,0.74,1.17,7563.3225,0.711172779,288.2722144
5593,-4327,7513,12260,10175,10507,9498,0.74,1.17,7418.7545,0.706077329,339.226706
5594,-4339,7485,12440,10176,10670,9495,0.74,1.17,7605.845,0.712825211,271.7478913
5595,-4317,7266,12398,9872,10632,9491,0.74,1.17,7562.192,0.711267118,287.3288187
5596,-4319,7551,12161,10223,10430,9490,0.74,1.17,7316.405,0.701476989,385.2301055
5597,-4321,7528,12389,10201,10633,9490,0.74,1.17,7553.2355,0.710357895,296.4210477
5598,-4341,7435,12426,10120,10663,9494,0.73,1.17,7591.5405,0.711951655,180.4834474
5599,-4314,7480,12397,10167,10643,9498,0.74,1.16,7561.6705,0.710482994,295.1700648
5600,-4320,7457,12470,10170,10697,9503,0.73,1.17,7637.0195,0.71394031,160.5968963
5601,-4314,7521,12172,10178,10438,9502,0.74,1.17,7327.753,0.702026538,379.7346235
5602,-4320,7468,12397,10131,10642,9501,0.74,1.16,7561.627,0.710545668,294.5433189
5603,-4311,7487,12391,10171,10635,9497,0.74,1.17,7555.3225,0.710420545,295.7945463
5604,-4319,7437,12473,10140,10709,9494,0.73,1.16,7640.5415,0.713469185,165.308152
5605,-4308,7380,12374,10067,10621,9491,0.73,1.17,7537.7135,0.70969904,203.0096036
5606,-4297,7487,12245,10128,10509,9491,0.74,1.17,7403.8415,0.704523884,354.7611571
5607,-4302,7483,12390,10171,10634,9493,0.74,1.17,7554.279,0.710389223,296.1077675
5608,-4328,7400,12144,10143,10409,9496,0.73,1.17,7298.4915,0.701171246,288.2875396
5609,-4302,7471,12396,10134,10645,9499,0.74,1.16,7560.7575,0.710263739,297.3626116
5610,-4314,7509,12334,10188,10583,9499,0.74,1.17,7496.0605,0.70831149,316.8850987
5611,-4301,7483,12341,10137,10594,9500,0.74,1.16,7503.539,0.708281952,317.1804795
5612,-4311,7450,12387,10138,10637,9502,0.73,1.16,7551.4095,0.709919103,200.8089687
5613,-4282,7456,12468,10122,10704,9504,0.74,1.16,7635.324,0.713315022,266.8497758
5614,-4347,7539,12223,10207,10490,9506,0.74,1.17,7381.015,0.703623928,363.7607245
5615,-4304,7410,12260,10029,10520,9506,0.74,1.17,7419.32,0.705258555,347.4144487
5616,-4304,7471,11799,10135,10125,9501,0.74,1.17,6941.1375,0.685544444,544.5555556
5617,-4316,7490,12154,10144,10431,9495,0.74,1.17,7309.4485,0.700742834,392.5716614
5618,-4289,7450,12384,10113,10636,9489,0.74,1.16,7548.366,0.709699699,303.0030086
5619,-4287,7472,12373,10149,10626,9487,0.74,1.16,7536.931,0.709291455,307.0854508
5620,-4319,7465,12395,10162,10641,9488,0.73,1.16,7559.5835,0.710420402,195.7959778
5621,-4293,7464,12359,10156,10611,9492,0.73,1.16,7522.2785,0.70891325,210.867496
5622,-4311,7492,12306,10162,10561,9496,0.74,1.17,7467.1035,0.707045119,329.5488117
5623,-4310,7520,12271,10177,10525,9499,0.74,1.17,7430.5375,0.705989311,340.1068884
5624,-4304,7446,12410,10145,10664,9499,0.73,1.16,7575.584,0.710388597,196.1140285
5625,-4321,7303,12451,9952,10691,9499,0.73,1.16,7617.7585,0.712539379,174.6062108
5626,-4307,7520,12263,10174,10535,9500,0.74,1.16,7422.9725,0.704601092,353.989084
5627,-4290,7490,12397,10191,10644,9501,0.73,1.16,7561.714,0.710420331,195.796693
5628,-4321,7472,12294,10161,10548,9502,0.74,1.17,7454.538,0.706725256,332.7474403
5629,-4294,7440,12439,10111,10687,9502,0.74,1.16,7605.5845,0.711666932,283.3306821
5630,-4311,7478,12389,10149,10641,9499,0.74,1.16,7553.5835,0.709856545,301.4345456
5632,-4294,7467,12368,10136,10619,9496,0.74,1.16,7531.6265,0.709259488,307.4051229
5632,-4288,7467,12416,10163,10671,9493,0.73,1.16,7581.8885,0.710513401,194.8659919
5633,-4293,7490,12266,10171,10529,9493,0.74,1.16,7425.7115,0.70526275,347.372495
5634,-4274,7470,12424,10133,10682,9494,0.74,1.16,7590.367,0.710575454,294.2454597
5635,-4312,7373,12311,9978,10569,9495,0.74,1.16,7472.4515,0.707015943,329.8405715
5636,-4289,7463,12251,10097,10526,9497,0.74,1.16,7410.581,0.704026316,359.7368421
5637,-4296,7546,12229,10216,10495,9497,0.74,1.17,7387.2325,0.703881134,361.1886613
5638,-4284,7451,12393,10123,10647,9497,0.74,1.16,7557.8445,0.70985672,301.432798
5640,-4280,7518,12364,10176,10626,9496,0.74,1.16,7527.931,0.708444476,315.5552419
5640,-4293,7498,12366,10150,10630,9495,0.74,1.16,7530.105,0.708382408,316.1759172
5641,-4289,7427,12421,10129,10676,9494,0.73,1.16,7587.106,0.710669352,193.3064818
5642,-4291,7493,12381,10171,10642,9494,0.74,1.16,7545.627,0.709042191,309.5780868
5643,-4288,7502,12203,10153,10479,9495,0.74,1.16,7360.5365,0.702408293,375.9170722
5644,-4308,7531,12329,10191,10595,9498,0.74,1.16,7491.5825,0.707086597,329.1340255
5645,-4318,7458,12175,10100,10453,9501,0.74,1.16,7331.4055,0.701368554,386.3144552
5646,-4272,7506,12363,10169,10628,9502,0.74,1.16,7527.018,0.708225254,317.7474595
5647,-4270,7463,12322,10117,10595,9503,0.74,1.16,7484.5825,0.706425908,335.7409155
5648,-4265,7500,12355,10179,10619,9506,0.74,1.16,7518.6265,0.708035267,319.6473303
5650,-4280,7492,12375,10172,10638,9509,0.74,1.16,7539.453,0.708728426,312.715736
5651,-4297,7457,12360,10147,10623,9513,0.73,1.16,7523.8005,0.708255719,217.4428128
5652,-4284,7503,12438,10167,10692,9513,0.74,1.16,7604.802,0.711260943,287.3905724
5652,-4276,7525,12391,10180,10657,9513,0.74,1.16,7556.2795,0.709043774,309.5622595
5653,-4299,7434,12429,10139,10680,9514,0.73,1.16,7595.28,0.711168539,188.3146067
5654,-4276,7496,12405,10167,10673,9515,0.74,1.16,7570.9755,0.709357772,306.4222805
5655,-4280,7458,12258,10092,10535,9516,0.74,1.16,7417.9725,0.704126483,358.7351685
5656,-4279,7397,12035,10124,10357,9516,0.73,1.16,7187.2295,0.693948972,360.5102829
5657,-4284,7498,12408,10174,10672,9516,0.74,1.16,7573.932,0.709701274,302.9872564
5658,-4283,7477,12390,10139,10655,9515,0.74,1.16,7555.1925,0.709074847,309.2515251
5660,-4282,7335,12434,9965,10694,9515,0.74,1.16,7600.889,0.710762016,292.3798392
5660,-4275,7551,12200,10218,10488,9515,0.74,1.16,7357.928,0.701556827,384.4317315
5662,-4281,7526,12239,10167,10522,9514,0.74,1.16,7398.407,0.703136951,368.6304885
5662,-4278,7518,12381,10198,10652,9508,0.74,1.16,7546.062,0.708417386,315.8261359
5663,-4278,7435,12443,10141,10700,9502,0.73,1.16,7610.15,0.711228972,187.7102804
5664,-4276,7365,12425,10033,10696,9497,0.73,1.16,7591.976,0.709795812,202.0418848
5665,-4278,7330,12272,9912,10556,9498,0.74,1.16,7432.886,0.704138499,358.6150057
5666,-4265,7390,12081,10011,10393,9503,0.74,1.16,7234.7955,0.696121957,438.7804291
5668,-4271,7413,12289,10121,10571,9512,0.73,1.16,7450.5385,0.704809242,251.9075773
5669,-4230,7476,12349,10129,10628,9520,0.74,1.16,7513.018,0.706907979,330.9202108
5669,-4253,7537,12258,10185,10548,9524,0.74,1.16,7418.538,0.703312287,366.8771331
5670,-4265,7497,12427,10204,10700,9524,0.73,1.16,7594.15,0.709733645,202.6635514
5671,-4256,7433,12428,10087,10707,9518,0.74,1.16,7595.4545,0.709391473,306.0852713
5672,-4253,7526,12201,10170,10499,9513,0.74,1.16,7359.4065,0.700962615,390.3738451
5673,-4254,7537,12228,10185,10518,9508,0.74,1.16,7387.233,0.702341985,376.5801483
5675,-4259,7517,12362,10187,10643,9508,0.74,1.16,7526.6705,0.707194447,328.0555295
5676,-4259,7362,12340,9992,10624,9506,0.74,1.16,7503.844,0.706310617,336.8938253
5677,-4258,7326,12008,10018,10346,9502,0.73,1.16,7159.751,0.692030833,379.6916683
5678,-4232,7488,12359,10133,10646,9497,0.74,1.16,7523.801,0.706725625,332.7437535
5679,-4243,7541,12300,10190,10583,9495,0.74,1.16,7462.0605,0.705098791,349.0120949
5680,-4249,7571,12301,10222,10599,9495,0.74,1.16,7463.7565,0.704194405,358.0559487
5680,-4246,7408,12388,10052,10666,9500,0.74,1.16,7553.671,0.708200919,317.9908119
5681,-4240,7537,12210,10176,10511,9505,0.74,1.16,7368.9285,0.701068262,389.3173818
5683,-4262,7496,12254,10145,10549,9510,0.74,1.16,7414.5815,0.702870556,371.2944355
5683,-4252,7526,12172,10160,10472,9511,0.74,1.16,7329.232,0.699888464,401.1153552
5685,-4247,7458,12403,10164,10687,9511,0.73,1.16,7569.5845,0.708298353,217.0164686
5686,-4258,7290,12381,9898,10661,9510,0.74,1.16,7546.4535,0.707856064,321.4393584
5687,-4252,7554,11757,10190,10124,9510,0.74,1.16,6899.094,0.681459305,585.4069538
5688,-4249,7513,12391,10191,10677,9509,0.74,1.16,7557.1495,0.707797087,322.029128
5689,-4240,7492,12428,10156,10704,9509,0.74,1.16,7595.324,0.709578102,304.2189836
5689,-4248,7547,12148,10184,10457,9511,0.74,1.16,7304.5795,0.698534905,414.6509515
5690,-4258,7503,12389,10171,10675,9514,0.74,1.16,7555.0625,0.707734192,322.6580796
5691,-4233,7522,12201,10140,10508,9516,0.74,1.16,7359.798,0.700399505,396.0049486
5693,-4223,7466,12368,10133,10666,9516,0.74,1.16,7533.671,0.706325802,336.7419839
5693,-4218,7532,12384,10202,10672,9517,0.74,1.16,7549.932,0.707452399,325.476012
5695,-4251,7529,12225,10153,10531,9520,0.74,1.16,7384.7985,0.701243804,387.5619599
5696,-4250,7240,12405,9850,10695,9523,0.74,1.16,7571.9325,0.707988079,320.1192146
5697,-4236,7583,12195,10226,10516,9526,0.74,1.16,7354.146,0.699329213,406.7078737
5697,-4235,7471,12432,10160,10718,9526,0.74,1.16,7599.933,0.709081265,309.1873484
5699,-4248,7481,12362,10147,10653,9526,0.74,1.16,7527.1055,0.706571435,334.2856472
5700,-4239,7591,12216,10239,10529,9527,0.74,1.16,7375.7115,0.700513961,394.8603856
5701,-4224,7539,12354,10186,10650,9528,0.74,1.16,7518.975,0.706007042,339.9295775
5702,-4234,7525,12310,10167,10608,9529,0.74,1.16,7473.148,0.704482278,355.1772247
5703,-4217,7522,12206,10155,10506,9528,0.74,1.16,7364.711,0.701000476,389.9952408
5704,-4224,7502,12390,10161,10683,9524,0.74,1.16,7556.4105,0.707330385,326.6961528
5705,-4245,7472,12402,10150,10695,9519,0.74,1.16,7568.9325,0.707707574,322.9242637
5706,-4221,7453,12329,10064,10632,9514,0.74,1.16,7493.192,0.704777276,352.2272385
5707,-4223,7524,12239,10158,10555,9514,0.74,1.16,7399.8425,0.701074609,389.2539081
5708,-4235,7515,12406,10156,10697,9517,0.74,1.16,7573.0195,0.707957324,320.4267552
5709,-4237,7442,12429,10133,10713,9522,0.73,1.16,7596.7155,0.709111873,208.8812658
5710,-4257,7477,12405,10184,10701,9527,0.73,1.16,7572.1935,0.707615503,223.8449678
5711,-4232,7518,12365,10158,10665,9529,0.74,1.16,7530.6275,0.706106657,338.9334271
5712,-4225,7455,12452,10130,10732,9529,0.74,1.16,7620.542,0.710076593,299.2340663
5713,-4262,7465,12453,10155,10736,9533,0.74,1.16,7621.716,0.709921386,300.7861401
5714,-4232,7528,12165,10154,10484,9537,0.74,1.16,7322.754,0.698469477,415.305227
5715,-4228,7552,12308,10206,10614,9541,0.74,1.16,7471.409,0.7039202,360.7980026
5716,-4230,7460,12288,10072,10588,9541,0.74,1.16,7450.278,0.703653003,363.469966
5717,-4217,7524,12231,10159,10542,9539,0.74,1.16,7391.277,0.701126636,388.7336369
5718,-4230,7483,12285,10129,10592,9535,0.74,1.16,7447.452,0.703120468,368.7953172
5719,-4216,7512,12382,10163,10674,9531,0.74,1.16,7548.019,0.707140622,328.5937793
5720,-4228,7449,12440,10141,10728,9529,0.73,1.16,7608.368,0.709206562,207.9343773
5721,-4262,7469,12433,10156,10715,9530,0.74,1.16,7600.8025,0.709360943,306.390574
5722,-4236,7440,12142,10157,10461,9535,0.73,1.16,7298.7535,0.697710879,322.891215
5723,-4236,7532,12278,10183,10585,9540,0.74,1.16,7440.1475,0.702895371,371.0462919
5724,-4251,7431,12453,10120,10736,9545,0.73,1.16,7621.716,0.709921386,200.7861401
5725,-4215,7490,12373,10168,10677,9545,0.74,1.16,7539.1495,0.70611122,338.8877962
5726,-4212,7320,12301,9905,10603,9542,0.74,1.16,7463.9305,0.703945157,360.5484297
5727,-4234,7589,12263,10240,10575,9536,0.74,1.16,7424.7125,0.702100473,378.9952719
5728,-4230,7528,12424,10194,10714,9529,0.74,1.16,7591.759,0.708583069,314.1693112
5729,-4248,7480,12377,10176,10677,9525,0.74,1.16,7543.1495,0.706485857,335.1414255
5730,-4238,7462,12419,10164,10711,9524,0.73,1.16,7586.6285,0.708302539,216.9746055
5731,-4249,7455,12381,10154,10684,9530,0.73,1.16,7547.454,0.70642587,235.7412954
5732,-4250,7474,12435,10148,10721,9538,0.74,1.16,7603.0635,0.709174844,308.2515624
5733,-4249,7474,12378,10162,10670,9545,0.74,1.16,7543.845,0.707014527,329.8547329
5734,-4227,7502,12405,10165,10693,9547,0.74,1.16,7571.8455,0.708112363,318.8763677
5735,-4234,7558,12154,10195,10484,9546,0.74,1.16,7311.754,0.697420259,425.7974056
5736,-4250,7336,12372,9964,10666,9543,0.74,1.16,7537.671,0.706700825,332.9917495
5737,-4230,7565,12163,10213,10483,9541,0.74,1.16,7320.7105,0.698341171,416.5882858
5738,-4236,7536,12168,10171,10482,9539,0.74,1.16,7325.667,0.698880653,411.1934745
5739,-4228,7457,12408,10148,10691,9540,0.73,1.16,7574.7585,0.708517304,214.8269573
5740,-4236,7506,12342,10181,10640,9541,0.74,1.16,7506.54,0.70550188,344.981203
5741,-4252,7501,12354,10159,10651,9544,0.74,1.16,7519.0185,0.705944841,340.5515914
5742,-4235,7414,12452,10108,10736,9547,0.73,1.16,7620.716,0.709828241,201.7175857
5743,-4227,7500,12349,10164,10645,9548,0.74,1.16,7513.7575,0.70584852,341.5147957
5744,-4248,7541,12152,10181,10463,9548,0.74,1.16,7308.8405,0.698541575,414.5842493
5745,-4221,7550,12156,10198,10474,9548,0.74,1.16,7313.319,0.698235536,417.6446439
5746,-4239,7340,12322,9949,10614,9548,0.74,1.16,7485.409,0.705239212,347.6078764
5747,-4264,7414,12076,10123,10405,9548,0.73,1.16,7230.3175,0.694888755,351.1124459
5748,-4239,7446,12274,10090,10580,9547,0.74,1.16,7435.93,0.702828922,371.710775
5749,-4234,7570,12371,10232,10657,9547,0.74,1.16,7536.2795,0.707167073,328.3292671
5750,-4254,7448,12374,10127,10665,9547,0.74,1.16,7539.6275,0.706950539,330.4946085
5751,-4263,7515,12390,10196,10675,9547,0.74,1.16,7556.0625,0.707827869,321.7213115
5752,-4253,7426,12425,10110,10706,9547,0.73,1.16,7592.411,0.709173454,208.2654586
5753,-4259,7503,12368,10173,10655,9547,0.74,1.16,7533.1925,0.707010089,329.8991084
5754,-4249,7458,12386,10159,10667,9546,0.73,1.16,7551.7145,0.707951111,220.488891
5755,-4258,7534,12239,10205,10535,9547,0.74,1.16,7398.9725,0.702322971,376.7702895
5756,-4271,7424,12358,10063,10651,9547,0.74,1.16,7523.0185,0.706320392,336.7960755
5758,-4267,7425,11886,10147,10239,9547,0.73,1.16,7033.0965,0.686892909,431.0709054
5758,-4304,7533,12228,10212,10522,9549,0.74,1.16,7387.407,0.702091523,379.0847748
5759,-4268,7399,12424,10072,10693,9551,0.73,1.16,7590.8455,0.709889227,201.107734
5760,-4285,7433,12326,10149,10612,9554,0.73,1.16,7489.322,0.705740859,242.591406
5761,-4271,7463,12381,10176,10652,9556,0.73,1.16,7546.062,0.708417386,215.8261359
5762,-4287,7467,12431,10142,10699,9556,0.74,1.16,7598.1065,0.710169782,298.3021778
5763,-4283,7489,12435,10216,10697,9550,0.73,1.16,7602.0195,0.710668365,193.3163504
5764,-4300,7515,12176,10195,10463,9543,0.74,1.16,7332.8405,0.700835372,391.6462774
5766,-4303,7479,12151,10153,10446,9536,0.74,1.16,7307.101,0.699511871,404.8812943
5767,-4279,7253,12311,9845,10590,9535,0.74,1.16,7473.365,0.705700189,342.9981114
5767,-4332,7365,12113,10129,10406,9535,0.73,1.16,7267.361,0.698381799,316.1820104
5768,-4304,7465,12342,10155,10600,9534,0.74,1.16,7504.8,0.708,320
5769,-4314,7484,12495,10233,10735,9534,0.73,1.16,7663.6725,0.713895901,161.0409874
5770,-4332,7435,12478,10180,10720,9534,0.73,1.16,7646.02,0.713248134,167.5186567
5771,-4347,7421,12466,10171,10706,9534,0.73,1.16,7633.411,0.713003082,169.9691762
5772,-4335,7464,12319,10166,10579,9538,0.73,1.16,7480.8865,0.707144957,228.5504301
5773,-4360,7444,12481,10187,10723,9543,0.73,1.16,7649.1505,0.71334053,166.594703
5775,-4348,7418,12398,10140,10641,9549,0.73,1.17,7562.5835,0.710702331,192.9766939
5776,-4357,7447,12447,10194,10689,9550,0.73,1.16,7613.6715,0.712290345,177.0965479
5777,-4357,7374,12219,10054,10486,9550,0.73,1.17,7376.841,0.703494278,265.0572191
5777,-4366,7340,12134,10121,10412,9549,0.73,1.17,7288.622,0.700021322,299.7867845
5779,-4358,7342,12433,10065,10660,9547,0.73,1.17,7598.41,0.712796435,172.0356473
5779,-4366,7485,12424,10221,10649,9546,0.73,1.17,7588.9315,0.712642643,173.573575
5780,-4387,7379,12513,10141,10730,9546,0.73,1.17,7681.455,0.715885834,141.1416589
5781,-4407,7474,12301,10223,10536,9546,0.73,1.17,7461.016,0.708145027,218.5497342
5783,-4406,7341,12256,10038,10493,9547,0.73,1.17,7414.1455,0.706580149,234.1985133
5784,-4396,7435,12317,10168,10542,9548,0.73,1.17,7477.277,0.709284481,207.1551888
5785,-4422,7383,12425,10171,10636,9548,0.73,1.17,7589.366,0.713554532,164.4546822
5786,-4442,7448,12325,10199,10546,9548,0.73,1.17,7485.451,0.709790537,202.094633
5786,-4425,7187,12470,9890,10671,9554,0.73,1.17,7635.8885,0.715573845,144.26155
5787,-4429,7336,11918,10123,10196,9560,0.72,1.17,7063.226,0.692744802,272.5519812
5788,-4420,7420,12282,10167,10498,9565,0.73,1.17,7440.363,0.708740998,212.5900171
5789,-4437,7377,12481,10161,10665,9565,0.73,1.17,7646.6275,0.716983357,130.1664323
5791,-4459,7353,12531,10182,10718,9563,0.72,1.17,7698.933,0.718318063,16.81936929
5792,-4489,7360,12505,10178,10687,9560,0.72,1.17,7671.5845,0.717842659,21.57340694
5793,-4461,7410,12300,10176,10505,9556,0.73,1.17,7458.6675,0.710011185,199.8881485
5793,-4463,7414,12454,10206,10644,9555,0.73,1.17,7618.714,0.71577546,142.2453965
5795,-4460,7420,12277,10198,10476,9556,0.73,1.17,7434.406,0.709660748,203.3925162
5795,-4494,7325,12530,10139,10700,9556,0.72,1.17,7697.15,0.719359813,6.401869159
5796,-4507,7185,12508,9945,10676,9556,0.72,1.17,7674.106,0.718818471,11.81528662
5797,-4489,7413,12428,10213,10606,9556,0.73,1.17,7591.061,0.715732698,142.6730153
5798,-4512,7393,12512,10233,10675,9556,0.72,1.17,7678.0625,0.71925644,7.43559719
5799,-4522,7342,12520,10197,10671,9555,0.72,1.17,7685.8885,0.720259441,-2.594414769
5801,-4509,7265,12578,10108,10722,9553,0.72,1.17,7746.107,0.722449823,-24.49822794
5802,-4571,7382,12320,10196,10486,9551,0.72,1.17,7477.841,0.713126168,68.73831776
5803,-4564,7349,12497,10181,10644,9550,0.72,1.17,7661.714,0.719815295,1.847049981
5804,-4583,7298,12587,10203,10720,9550,0.72,1.17,7755.02,0.723416045,-34.16044776
5805,-4560,7275,12619,10165,10734,9550,0.72,1.18,7787.629,0.725510434,-55.10434135
5806,-4564,7375,12352,10211,10507,9550,0.72,1.18,7510.7545,0.714833397,51.66603217
5807,-4576,7100,12575,9927,10699,9550,0.72,1.18,7742.1065,0.723628984,-36.28984017
5808,-4638,7256,12170,10174,10341,9550,0.71,1.18,7321.5335,0.708010202,19.89797892
5809,-4600,7356,12357,10203,10500,9553,0.72,1.18,7515.45,0.715757143,42.42857143
5810,-4587,7346,12569,10203,10680,9562,0.72,1.18,7735.28,0.724277154,-42.77153558
5811,-4618,7339,12602,10231,10710,9570,0.72,1.18,7769.585,0.725451447,-54.51447246
5812,-4619,7340,12573,10235,10672,9576,0.72,1.18,7738.932,0.725162294,-51.62293853
5813,-4644,7306,12577,10190,10679,9576,0.72,1.18,7743.2365,0.725090037,-50.9003652
5814,-4638,7271,12604,10164,10691,9572,0.72,1.18,7770.7585,0.726850482,-68.50481714
5814,-4653,7222,12624,10137,10703,9566,0.71,1.18,7791.2805,0.727952957,-179.5295711
5816,-4687,7199,12652,10121,10725,9560,0.71,1.18,7820.2375,0.729159674,-191.5967366
5816,-4662,7274,12535,10148,10620,9559,0.72,1.18,7698.67,0.724921846,-49.21845574
5818,-4692,7196,12279,10153,10411,9559,0.71,1.18,7433.5785,0.714011959,-40.11958505
5819,-4722,7286,12469,10183,10552,9561,0.72,1.18,7629.712,0.723058378,-30.58377559
5820,-4682,7219,12596,10157,10659,9562,0.71,1.18,7761.3665,0.728151468,-181.5146824
5821,-4707,7238,12595,10164,10656,9563,0.71,1.18,7760.236,0.728250375,-182.5037538
5822,-4725,7283,12576,10201,10636,9563,0.71,1.18,7740.366,0.727751598,-177.5159835
5823,-4712,7245,12633,10184,10686,9565,0.71,1.18,7799.541,0.729884054,-198.840539
5823,-4724,7197,12625,10133,10679,9567,0.71,1.18,7791.2365,0.729584839,-195.848394
5825,-4736,7283,12651,10218,10690,9570,0.71,1.18,7817.715,0.731311038,-213.1103835
5826,-4744,7216,12664,10159,10703,9571,0.71,1.18,7831.2805,0.731690227,-216.9022704
5827,-4752,7205,12597,10119,10635,9571,0.71,1.18,7761.3225,0.72979055,-197.9055007
5828,-4755,7261,12501,10194,10557,9567,0.71,1.18,7661.9295,0.72576769,-157.6768968
5829,-4775,7256,12414,10205,10467,9564,0.71,1.19,7571.0145,0.723322299,-133.2229865
5830,-4778,7189,12632,10151,10651,9561,0.71,1.19,7797.0185,0.732045676,-220.4567646
5831,-4796,7124,12721,10140,10730,9561,0.7,1.19,7889.455,0.735270736,-352.7073625
5832,-4824,7154,12589,10151,10612,9563,0.7,1.19,7752.322,0.730524124,-305.2412363
5833,-4824,6984,12419,9981,10458,9565,0.7,1.19,7575.623,0.724385447,-243.8544655
5833,-4805,7193,12690,10185,10689,9567,0.71,1.19,7856.6715,0.735023997,-250.2399663
5835,-4841,7153,12647,10147,10645,9567,0.7,1.19,7811.7575,0.733842884,-338.4288398
5836,-4834,7169,12658,10162,10655,9567,0.71,1.19,7823.1925,0.734227358,-242.2735805
5837,-4851,7067,12671,10022,10657,9570,0.71,1.19,7836.2795,0.735317585,-253.1758469
5838,-4863,7205,12561,10199,10557,9572,0.71,1.19,7721.9295,0.731451122,-214.5112248
5839,-4877,7190,12715,10213,10696,9574,0.7,1.19,7881.976,0.736908751,-369.0875093
5840,-4872,7165,12718,10199,10690,9574,0.7,1.19,7884.715,0.737578578,-375.7857811
5841,-4903,7140,12756,10187,10723,9573,0.7,1.19,7924.1505,0.738986338,-389.8633778
5842,-4928,7103,12752,10182,10705,9570,0.7,1.19,7919.3675,0.739782111,-397.8211116
5843,-4917,7069,12787,10164,10734,9567,0.7,1.19,7955.629,0.741161636,-411.6163592
5844,-4933,7127,12774,10199,10718,9566,0.7,1.19,7941.933,0.740990203,-409.902034
5845,-4923,7138,12658,10182,10616,9565,0.7,1.19,7821.496,0.736764883,-367.648832
5846,-4956,7160,12544,10189,10518,9566,0.7,1.19,7703.233,0.73238572,-323.8571972
5847,-4931,7030,12688,10056,10638,9567,0.7,1.19,7852.453,0.73815125,-381.5125024
5848,-4941,7087,12762,10187,10702,9568,0.7,1.19,7929.237,0.740911699,-409.1169875
5849,-4952,7114,12713,10137,10658,9569,0.7,1.19,7878.323,0.739193376,-391.9337587
5850,-4951,7037,12777,10145,10695,9568,0.69,1.19,7943.9325,0.742770687,-527.7068724
5851,-4973,7021,12699,10115,10637,9564,0.69,1.19,7863.4095,0.739250682,-492.5068158
5852,-4995,7125,12758,10211,10676,9560,0.7,1.2,7924.106,0.742235481,-422.3548145
5853,-4994,7110,12773,10190,10689,9557,0.7,1.19,7939.6715,0.742788989,-427.8898868
5854,-5018,7135,12595,10213,10530,9557,0.7,1.2,7754.755,0.73644397,-364.4396961
5855,-5051,7113,12645,10216,10560,9562,0.7,1.2,7806.06,0.739210227,-392.1022727
5856,-5020,7089,12767,10187,10673,9569,0.7,1.2,7932.9755,0.743275134,-432.7513351
5857,-5014,6976,12784,10040,10680,9575,0.69,1.2,7950.28,0.74440824,-544.082397
5858,-5042,7017,12407,10148,10372,9577,0.69,1.2,7559.882,0.728874084,-388.7408407
5859,-5076,6986,12596,10160,10515,9575,0.69,1.2,7755.1025,0.73752758,-475.2757965
5860,-5046,7076,12769,10178,10658,9570,0.7,1.2,7934.323,0.744447645,-444.4764496
5861,-5069,6950,12848,10069,10725,9565,0.69,1.2,8016.2375,0.747434732,-574.3473193
5862,-5058,7070,12839,10196,10714,9561,0.69,1.2,8006.759,0.747317435,-573.1743513
5863,-5089,7083,12821,10194,10696,9560,0.69,1.2,7987.976,0.746818998,-568.1899776
5864,-5090,7075,12621,10178,10518,9564,0.7,1.2,7780.233,0.739706503,-397.0650314
5865,-5099,6965,12859,10109,10715,9570,0.69,1.2,8026.8025,0.749118292,-591.1829211
5866,-5101,7067,12611,10180,10500,9576,0.69,1.2,7769.45,0.739947619,-499.4761905
5867,-5113,6906,12582,9952,10474,9579,0.69,1.2,7739.319,0.738907676,-489.0767615
5868,-5090,7026,12817,10154,10677,9579,0.69,1.2,7983.1495,0.747695935,-576.9593519
5869,-5114,7050,12786,10195,10645,9578,0.69,1.2,7950.7575,0.746900658,-569.0065759
5870,-5129,7037,12851,10202,10697,9576,0.69,1.2,8018.0195,0.749557773,-595.5777321
5871,-5136,6987,12900,10177,10739,9575,0.69,1.2,8068.8465,0.751359205,-613.5920477
5872,-5158,7032,12855,10203,10689,9575,0.69,1.2,8021.6715,0.750460427,-604.6042661
5873,-5127,7054,12820,10195,10667,9575,0.69,1.2,7985.7145,0.748637339,-586.3733946
5874,-5190,7020,12797,10210,10635,9576,0.69,1.2,7961.3225,0.74859638,-585.9637988
5875,-5158,7016,12684,10148,10534,9577,0.69,1.2,7843.929,0.744629675,-546.2967534
5876,-5173,6945,12858,10129,10691,9577,0.69,1.2,8024.7585,0.750608783,-606.0878309
5877,-5180,6795,12908,9889,10723,9577,0.69,1.2,8076.1505,0.753161475,-631.6147533
5878,-5188,6933,12530,10170,10414,9575,0.68,1.2,7684.709,0.737920972,-579.2097177
5879,-5167,6889,12780,9997,10615,9573,0.69,1.2,7943.4525,0.748323363,-583.2336317
5880,-5170,7014,12891,10195,10706,9571,0.69,1.2,8058.411,0.752700448,-627.0044835
5881,-5236,7029,12854,10220,10680,9571,0.69,1.2,8020.28,0.750962547,-609.6254682
5882,-5196,6983,12891,10214,10697,9570,0.68,1.21,8058.0195,0.753297139,-732.9713938
5883,-5199,6991,12826,10178,10651,9568,0.69,1.2,7991.0185,0.750259929,-602.5992865
5884,-5215,6955,12906,10200,10712,9567,0.68,1.2,8073.672,0.75370351,-737.0351008
5885,-5205,6978,12936,10197,10734,9566,0.68,1.21,8104.629,0.755042761,-750.4276132
5886,-5226,6958,12875,10190,10690,9567,0.68,1.2,8041.715,0.752265201,-722.6520112
5887,-5228,6874,12838,10009,10651,9570,0.69,1.21,8003.0185,0.751386583,-613.8658342
5888,-5214,6899,12444,10141,10328,9575,0.68,1.2,7594.968,0.735376452,-553.7645236
5889,-5217,6975,12597,10152,10442,9579,0.69,1.21,7752.927,0.742475292,-524.7529209
5891,-5221,6992,12897,10200,10690,9580,0.69,1.21,8063.715,0.754323199,-643.2319925
5891,-5230,6990,12903,10200,10696,9580,0.69,1.21,8069.976,0.754485415,-644.8541511
5892,-5245,6970,12935,10173,10719,9579,0.69,1.21,8102.9765,0.755945191,-659.4519078
5893,-5245,6984,12812,10199,10614,9577,0.68,1.21,7975.409,0.751404654,-714.0465423
5894,-5229,7033,12711,10237,10534,9576,0.69,1.21,7870.929,0.747192804,-571.9280425
5895,-5251,6936,12872,10182,10667,9576,0.68,1.21,8037.7145,0.753512187,-735.1218712
5896,-5243,6909,12989,10154,10771,9575,0.68,1.21,8159.2385,0.757519125,-775.1912543
5897,-5242,6989,12716,10174,10529,9573,0.69,1.21,7875.7115,0.748001852,-580.0185203
5899,-5233,7007,12819,10211,10620,9571,0.69,1.21,7982.67,0.751663842,-616.6384181
5900,-5254,7010,12658,10198,10478,9571,0.69,1.21,7815.493,0.745895495,-558.9549532
5901,-5246,6933,12779,10095,10577,9571,0.69,1.21,7940.7995,0.750761038,-607.610381
5901,-5221,6966,12760,10138,10568,9571,0.69,1.21,7921.408,0.749565481,-595.654807
5902,-5253,6924,12910,10151,10691,9571,0.68,1.21,8076.7585,0.755472687,-754.7268731
5903,-5252,6968,12881,10190,10670,9571,0.68,1.21,8046.845,0.754156045,-741.5604499
5904,-5264,6947,12927,10180,10711,9572,0.68,1.21,8094.6285,0.755730417,-757.3041733
5905,-5228,6978,12903,10193,10688,9574,0.68,1.21,8069.628,0.75501759,-750.1758982
5906,-5231,7008,12871,10202,10669,9578,0.69,1.21,8036.8015,0.753285359,-632.8535945
5907,-5253,6876,12875,10054,10666,9581,0.68,1.21,8040.671,0.753860023,-738.600225
5909,-5223,7005,12754,10170,10563,9582,0.69,1.21,7915.1905,0.749331677,-593.3167661
5910,-5226,6955,12717,10116,10538,9582,0.69,1.21,7877.103,0.747495065,-574.9506548
5911,-5245,6947,12855,10149,10650,9586,0.68,1.21,8019.975,0.753049296,-730.4929577
5911,-5240,7018,12699,10204,10518,9591,0.69,1.21,7858.233,0.747122362,-571.2236167
5912,-5243,7012,12713,10189,10525,9595,0.69,1.21,7872.5375,0.747984561,-579.8456057
5913,-5216,6930,12958,10157,10741,9595,0.68,1.21,8126.9335,0.756627269,-766.2726934
5914,-5253,6946,12914,10173,10706,9593,0.68,1.21,8081.411,0.754848776,-748.4877639
5915,-5207,7028,12911,10216,10701,9588,0.69,1.21,8078.1935,0.754900804,-649.0080366
5917,-5234,7018,12868,10211,10667,9584,0.69,1.21,8033.7145,0.753137199,-631.3719884
5918,-5216,6914,12794,10059,10606,9581,0.69,1.21,7957.061,0.750241467,-602.4146709
5919,-5203,7053,12607,10227,10460,9581,0.69,1.21,7763.71,0.742228489,-522.2848948
5920,-5213,6845,12823,9961,10639,9585,0.69,1.21,7987.4965,0.75077512,-607.7511984
5921,-5198,6998,12905,10197,10703,9590,0.69,1.21,8072.2805,0.754207278,-642.0727833
5922,-5206,6983,12876,10196,10687,9595,0.68,1.2,8042.5845,0.752557734,-725.577337
5922,-5213,6980,12944,10203,10741,9595,0.68,1.21,8112.9335,0.755323853,-753.2385253
5923,-5193,6989,12817,10162,10639,9596,0.69,1.2,7981.4965,0.750211157,-602.1115706
5925,-5187,7058,12684,10218,10526,9597,0.69,1.21,7843.581,0.74516255,-551.6254988
5925,-5183,6958,12593,10189,10451,9598,0.68,1.2,7749.3185,0.741490623,-614.9062291
5927,-5176,7021,12848,10198,10673,9598,0.69,1.2,8013.9755,0.750864377,-608.643774
5928,-5164,6897,12789,9956,10630,9598,0.69,1.2,7953.105,0.748175447,-581.7544685
5928,-5157,6956,12547,10164,10439,9595,0.68,1.2,7702.7965,0.737886435,-578.8643548
5930,-5147,7084,12737,10220,10584,9590,0.69,1.2,7899.104,0.746325019,-563.250189
5931,-5131,7042,12886,10216,10714,9586,0.69,1.2,8053.759,0.751704219,-617.0421878
5932,-5132,6972,12621,10041,10494,9585,0.69,1.2,7779.189,0.741298742,-512.9874214
5933,-5144,7015,12884,10185,10725,9585,0.69,1.2,8052.2375,0.750791375,-607.9137529
5934,-5101,7041,12812,10189,10662,9589,0.69,1.2,7977.497,0.748217689,-582.1768899
5935,-5094,7105,12815,10213,10666,9592,0.7,1.2,7980.671,0.748234671,-482.3467092
5936,-5093,7050,12852,10163,10706,9594,0.69,1.2,8019.411,0.749057631,-590.5763123
5937,-5088,7042,12860,10149,10716,9594,0.69,1.2,8027.846,0.749145763,-591.4576334
5938,-5068,6868,12814,9889,10670,9589,0.69,1.2,7979.845,0.747876757,-578.7675726
5938,-5065,7064,12667,10129,10560,9582,0.7,1.2,7828.06,0.741293561,-412.9356061
5940,-5086,7037,12797,10136,10672,9576,0.69,1.2,7962.932,0.746151799,-561.517991
5941,-5034,7047,12783,10162,10667,9575,0.69,1.2,7948.7145,0.745168698,-551.6869785
5942,-5052,7070,12885,10197,10751,9576,0.69,1.2,8054.3685,0.749173891,-591.738908
5943,-5041,7080,12846,10188,10720,9583,0.69,1.2,8014.02,0.747576493,-575.7649254
5944,-5010,7105,12818,10207,10704,9590,0.7,1.2,7985.324,0.746013079,-460.1307922
5945,-5002,7168,12616,10217,10530,9596,0.7,1.2,7775.755,0.738438272,-384.382716
5946,-4990,7091,12806,10150,10704,9596,0.7,1.2,7973.324,0.744892003,-448.9200299
5947,-4993,7159,12802,10245,10705,9596,0.7,1.2,7969.3675,0.744452826,-444.5282578
5948,-4974,7127,12811,10176,10719,9597,0.7,1.2,7978.9765,0.744376947,-443.7694748
5949,-4951,7185,12698,10221,10629,9598,0.7,1.19,7862.0615,0.739680262,-396.8026155
5950,-4957,7090,12661,10072,10597,9598,0.7,1.19,7823.6695,0.738290979,-382.9097858
5951,-4960,7139,12733,10152,10669,9598,0.7,1.19,7898.8015,0.740350689,-403.5068891
5952,-4941,6973,12856,9987,10769,9595,0.7,1.19,8026.1515,0.745301467,-453.0146717
5953,-4926,7161,12670,10178,10624,9592,0.7,1.19,7833.844,0.737372364,-373.7236446
5954,-4887,7206,12621,10186,10580,9589,0.71,1.19,7782.93,0.735626654,-256.2665406
5955,-4902,7145,12789,10194,10728,9589,0.7,1.19,7957.368,0.741738255,-417.3825503
5956,-4901,7155,12808,10198,10756,9589,0.7,1.19,7977.586,0.741687058,-416.8705839
5957,-4903,7126,12469,10188,10470,9589,0.7,1.19,7626.145,0.728380611,-283.8061127
5958,-4852,7249,12480,10207,10480,9590,0.71,1.19,7637.58,0.728776718,-187.7671756
5959,-4828,7231,12463,10180,10497,9590,0.71,1.19,7621.3195,0.726047394,-160.4739449
5960,-4811,7256,12690,10239,10679,9591,0.71,1.19,7856.2365,0.735671552,-256.7155164
5961,-4828,7176,12427,10212,10458,9594,0.7,1.19,7583.623,0.725150411,-251.5041117
5962,-4795,7272,12667,10240,10673,9597,0.71,1.19,7832.9755,0.733905697,-239.0569662
5963,-4756,7292,12629,10205,10653,9600,0.71,1.19,7794.1055,0.731634798,-216.3479771
5964,-4759,7296,12600,10208,10628,9601,0.71,1.19,7764.018,0.73052484,-205.2484005
5965,-4756,7283,12579,10221,10605,9601,0.71,1.19,7742.0175,0.730034653,-200.3465347
5966,-4739,7276,12704,10229,10726,9601,0.71,1.18,7872.281,0.733943781,-239.4378147
5967,-4722,7313,12489,10204,10540,9601,0.72,1.18,7649.19,0.725729602,-57.29601518
5968,-4692,7389,12588,10294,10643,9600,0.72,1.18,7752.6705,0.728429061,-84.29061355
5969,-4678,7373,12428,10261,10516,9600,0.72,1.18,7587.146,0.721485926,-14.85926208
5970,-4681,7296,12691,10200,10739,9603,0.72,1.18,7859.8465,0.73189743,-118.9742993
5971,-4667,7365,12450,10213,10539,9606,0.72,1.18,7610.1465,0.722093794,-20.93794478
5972,-4641,7259,12549,10078,10636,9609,0.72,1.18,7713.366,0.72521305,-52.13050019
5973,-4618,7302,12689,10165,10761,9610,0.72,1.18,7858.8035,0.7303042,-103.0420035
5974,-4587,7346,12638,10208,10728,9609,0.72,1.18,7806.368,0.727662938,-76.62938106
5975,-4592,7355,12643,10230,10738,9605,0.72,1.18,7811.803,0.727491432,-74.91432297
5976,-4570,7369,12556,10193,10667,9601,0.72,1.18,7721.7145,0.723888113,-38.88112871
5977,-4544,7407,12596,10227,10711,9598,0.72,1.18,7763.6285,0.724827607,-48.27607133
5978,-4541,7407,12556,10189,10681,9599,0.73,1.18,7722.3235,0.722996302,70.03698156
5979,-4544,7429,12312,10217,10479,9599,0.73,1.17,7469.5365,0.712810049,171.8995133
5980,-4518,7390,12616,10218,10741,9599,0.72,1.17,7784.9335,0.724786659,-47.86658598
5981,-4488,7421,12339,10175,10509,9599,0.73,1.17,7497.8415,0.713468598,165.3140166
5982,-4483,7279,12554,10065,10708,9599,0.72,1.17,7721.498,0.72109619,-10.96189765
5983,-4491,7377,12614,10168,10758,9598,0.73,1.17,7783.673,0.723524168,64.75831939
5984,-4475,7430,12491,10192,10667,9595,0.73,1.17,7656.7145,0.717794553,122.054467
5985,-4452,7392,12579,10203,10742,9593,0.72,1.17,7747.977,0.721278812,-12.78812139
5986,-4417,7442,12539,10183,10716,9590,0.73,1.17,7706.846,0.719190556,108.0944382
5987,-4412,7401,12570,10176,10752,9590,0.73,1.17,7739.412,0.719811384,101.8861607
5988,-4412,7487,12461,10229,10662,9589,0.73,1.17,7626.497,0.715297036,147.029638
5989,-4391,7517,12308,10226,10530,9587,0.74,1.17,7467.755,0.709188509,308.1149098
5990,-4375,7519,12245,10218,10477,9585,0.74,1.17,7402.4495,0.706542856,334.5714422
5991,-4344,7447,12508,10169,10723,9585,0.73,1.17,7676.1505,0.715858482,141.4151823
5992,-4334,7508,12477,10217,10696,9584,0.73,1.17,7643.976,0.714657442,153.4255797
5993,-4306,7529,12433,10191,10671,9590,0.74,1.17,7598.8885,0.712106504,278.9349639
5994,-4318,7466,12493,10173,10732,9595,0.73,1.16,7661.542,0.713896944,161.0305628
5995,-4298,7493,12486,10175,10724,9600,0.74,1.16,7654.194,0.713744312,262.5568818
5996,-4301,7520,12476,10228,10734,9601,0.74,1.16,7644.629,0.71218828,278.1171977
5997,-4258,7590,12232,10245,10518,9602,0.74,1.16,7391.233,0.702722286,372.7771439
5998,-4244,7539,12394,10190,10670,9602,0.74,1.16,7559.845,0.708514058,314.8594189
5999,-4216,7612,12192,10243,10514,9603,0.74,1.16,7351.059,0.699168632,408.313677
6000,-4214,7600,12146,10215,10462,9604,0.74,1.16,7302.797,0.698030682,419.6931753
6001,-4186,7598,12266,10193,10576,9604,0.75,1.16,7427.756,0.702321861,476.7813918
6002,-4177,7587,12421,10201,10720,9599,0.74,1.16,7589.02,0.70793097,320.6902985
6003,-4192,7552,12439,10174,10744,9593,0.74,1.16,7608.064,0.708122115,318.7788533
6005,-4149,7647,12320,10228,10651,9587,0.75,1.16,7485.0185,0.702752652,472.4734767
6005,-4175,7595,12331,10184,10656,9585,0.75,1.16,7496.236,0.703475601,465.243994
6006,-4133,7567,12439,10201,10760,9588,0.74,1.16,7608.76,0.707133829,328.66171
6007,-4102,7657,12281,10229,10628,9596,0.75,1.16,7445.018,0.700509785,494.9021453
6008,-4092,7600,12407,10202,10743,9603,0.74,1.15,7576.0205,0.705205296,347.9470353
6009,-4100,7539,11939,10174,10346,9608,0.74,1.15,7090.751,0.685361589,546.3841098
6010,-4069,7636,12371,10198,10721,9608,0.75,1.15,7539.0635,0.703205251,467.9474862
6011,-4070,7630,12314,10189,10682,9607,0.75,1.15,7480.367,0.700277757,497.2224303
6012,-4041,7719,12128,10253,10519,9607,0.75,1.15,7287.2765,0.692772745,572.2725544
6013,-4025,7671,12275,10221,10660,9606,0.75,1.15,7440.41,0.697974672,520.2532833
6014,-4013,7647,12318,10188,10707,9607,0.75,1.15,7485.4545,0.69911782,508.8217988
6015,-3997,7669,12323,10247,10714,9608,0.75,1.15,7490.759,0.699156151,508.4384917
6016,-3980,7728,12272,10221,10681,9612,0.76,1.15,7438.3235,0.696407031,635.9296882
6018,-3972,7680,12296,10215,10699,9616,0.75,1.15,7463.1065,0.697551781,524.4821946
6019,-3958,7759,12229,10255,10637,9619,0.76,1.15,7393.4095,0.695065291,649.3470903
6019,-3984,7554,11951,10121,10402,9619,0.75,1.15,7105.187,0.6830597,669.4029994
6020,-3957,7660,12081,10111,10517,9617,0.76,1.15,7240.1895,0.688427261,715.7273937
6021,-3949,7714,12117,10188,10561,9612,0.76,1.15,7278.1035,0.689149086,708.5091374
6022,-3935,7708,12237,10187,10682,9608,0.76,1.15,7403.367,0.693069369,669.3063097
6023,-3922,7725,12259,10211,10694,9606,0.76,1.15,7425.889,0.6943977,656.0230036
6024,-3894,7750,12147,10193,10597,9606,0.76,1.15,7309.6695,0.689786685,702.1331509
6026,-3896,7759,12063,10196,10523,9603,0.76,1.15,7222.4505,0.686348997,736.5100257
6027,-3872,7675,12278,10141,10730,9600,0.76,1.14,7446.455,0.693984623,660.1537745
6027,-3875,7774,12061,10220,10531,9598,0.76,1.15,7220.7985,0.685670734,743.2926598
6028,-3886,7747,12161,10196,10630,9597,0.76,1.14,7325.105,0.689097366,709.0263405
6029,-3878,7657,11909,10178,10422,9598,0.75,1.14,7064.057,0.677802437,721.9756285
6030,-3829,7708,12258,10172,10727,9600,0.76,1.14,7426.3245,0.692302088,676.9791181
6032,-3836,7689,12296,10159,10761,9603,0.76,1.14,7465.8035,0.693783431,662.1656909
6032,-3871,7629,12271,10066,10745,9604,0.76,1.14,7440.1075,0.692425081,675.7491857
6034,-3809,7797,12218,10228,10706,9604,0.76,1.14,7385.411,0.689838502,701.6149823
6035,-3808,7806,12104,10221,10610,9605,0.76,1.14,7267.235,0.684942036,750.5796418
6036,-3815,7802,12230,10237,10717,9606,0.76,1.14,7397.8895,0.690294812,697.0518802
6037,-3787,7827,12183,10229,10687,9606,0.77,1.14,7349.5845,0.687712595,822.8740526
6037,-3788,7716,12253,10169,10750,9606,0.76,1.14,7422.325,0.690448837,695.5116279
6039,-3783,7867,12170,10256,10677,9606,0.77,1.14,7336.1495,0.687098389,829.0161094
6040,-3765,7825,12102,10208,10622,9606,0.77,1.14,7265.757,0.684029091,859.7090943
6041,-3770,7817,12221,10241,10733,9606,0.76,1.14,7389.5855,0.68849208,715.079195
6042,-3772,7795,12081,10179,10608,9606,0.77,1.14,7244.148,0.682894796,871.0520362
6043,-3753,7747,12196,10156,10712,9606,0.76,1.14,7363.672,0.687422704,725.7729649
6044,-3750,7858,12031,10237,10567,9611,0.77,1.14,7192.3645,0.680643939,893.5606132
6045,-3754,7836,12020,10214,10565,9618,0.77,1.14,7181.2775,0.679723379,902.7662092
6046,-3740,7860,12150,10236,10674,9625,0.77,1.14,7316.019,0.685405565,845.9443508
6046,-3745,7836,12192,10245,10716,9626,0.76,1.14,7359.846,0.686809071,731.9092945
6048,-3732,7773,12182,10155,10710,9623,0.77,1.14,7349.585,0.686235761,837.6423903
6048,-3728,7828,12235,10230,10762,9615,0.77,1.14,7404.847,0.688054915,819.4508456
6050,-3712,7831,12111,10201,10653,9606,0.77,1.14,7276.1055,0.683009997,869.9000282
6050,-3760,7584,11882,9993,10445,9601,0.76,1.14,7038.0575,0.673820728,861.7927238
6052,-3747,7735,11867,10182,10436,9601,0.76,1.14,7022.666,0.672926984,870.7301648
6053,-3734,7762,12178,10176,10716,9608,0.76,1.14,7345.846,0.685502613,744.9738708
6054,-3715,7790,11891,10137,10471,9617,0.77,1.14,7048.1885,0.673115127,968.8487251
6055,-3705,7847,12090,10220,10635,9626,0.77,1.14,7254.3225,0.682117772,878.8222849
6055,-3703,7872,12128,10258,10671,9627,0.77,1.14,7293.8885,0.683524365,864.756349
6057,-3745,7820,12195,10220,10737,9626,0.77,1.14,7363.7595,0.68583026,841.6974015
6057,-3740,7842,12175,10255,10719,9622,0.76,1.14,7342.9765,0.685043054,749.5694561
6059,-3723,7800,12148,10197,10689,9617,0.76,1.14,7314.6715,0.684317663,756.8233698
6060,-3716,7850,11956,10222,10533,9614,0.77,1.14,7115.8855,0.675580129,944.1987088
6061,-3728,7809,12122,10183,10669,9614,0.77,1.14,7287.8015,0.683081966,869.1803356
6062,-3731,7870,12001,10249,10556,9610,0.77,1.14,7161.886,0.678465896,915.3410383
6063,-3727,7778,12166,10198,10694,9605,0.76,1.14,7332.889,0.685701234,742.9876566
6064,-3742,7820,12142,10260,10678,9600,0.76,1.14,7308.193,0.684415902,755.8409815
6065,-3749,7834,11981,10223,10535,9598,0.77,1.14,7140.9725,0.677833175,921.6682487
6066,-3744,7852,12136,10252,10665,9598,0.77,1.14,7301.6275,0.684634552,853.6544773
6067,-3770,7808,11986,10189,10534,9608,0.77,1.14,7145.929,0.678368046,916.3195367
6068,-3736,7819,12199,10244,10730,9619,0.76,1.14,7367.455,0.686622088,733.779124
6069,-3758,7838,12206,10253,10730,9630,0.76,1.14,7374.455,0.687274464,727.2553588
6070,-3790,7735,11779,10210,10353,9630,0.76,1.14,6931.0555,0.669473148,905.2685212
6071,-3769,7692,12165,10088,10681,9630,0.76,1.14,7331.3235,0.686389243,736.1075742
6072,-3776,7844,12126,10264,10650,9629,0.76,1.14,7290.975,0.684598592,754.0140845
6073,-3815,7774,12130,10205,10644,9628,0.76,1.14,7294.714,0.685335776,746.6422398
6073,-3814,7757,12176,10194,10685,9627,0.76,1.14,7342.4975,0.687178053,728.2194665
6074,-3821,7777,12183,10227,10687,9627,0.76,1.14,7349.5845,0.687712595,722.8740526
6075,-3809,7716,12249,10175,10739,9628,0.76,1.14,7417.8465,0.690739035,692.6096471
6077,-3819,7691,12218,10166,10714,9629,0.76,1.14,7385.759,0.689355889,706.4411051
6078,-3837,7769,12087,10219,10588,9629,0.76,1.14,7249.278,0.684669248,753.3075179
6079,-3862,7744,12309,10229,10777,9629,0.76,1.14,7479.4995,0.694024265,659.7573536
6080,-3870,7754,12063,10212,10558,9628,0.76,1.14,7223.973,0.684217939,757.82061
6081,-3903,7647,12128,10156,10605,9625,0.75,1.14,7291.0175,0.687507544,624.9245639
6082,-3886,7754,12110,10221,10597,9623,0.76,1.14,7272.6695,0.686295131,737.048693
6083,-3901,7683,12225,10193,10690,9621,0.75,1.14,7391.715,0.691460711,585.3928906
6084,-3912,7658,12310,10198,10763,9621,0.75,1.14,7479.8905,0.694963347,550.3665335
6085,-3911,7739,12229,10228,10691,9621,0.76,1.14,7395.7585,0.691774249,682.2575063
6086,-3928,7653,12319,10177,10758,9621,0.75,1.15,7488.673,0.696102714,538.9728574
6087,-3942,7742,12209,10258,10663,9622,0.75,1.14,7374.5405,0.69160091,583.9909031
6088,-3951,7702,12231,10239,10669,9622,0.75,1.15,7396.8015,0.693298482,567.0151842
6089,-3981,7653,12310,10224,10734,9623,0.75,1.15,7478.629,0.696723402,532.7659773
6090,-4015,7598,11807,10225,10285,9627,0.74,1.15,6956.0975,0.676334225,636.657754
6091,-4002,7638,12264,10213,10680,9630,0.75,1.15,7430.28,0.695719101,542.8089888
6091,-4020,7666,12221,10208,10643,9633,0.75,1.15,7385.6705,0.693946303,560.5369727
6093,-4023,7505,12355,10072,10749,9633,0.75,1.15,7524.2815,0.699998279,500.0172109
6094,-4043,7647,12137,10202,10548,9634,0.75,1.15,7297.538,0.691840918,581.5908229
6095,-4060,7625,12290,10218,10686,9634,0.75,1.15,7456.541,0.697785982,522.1401834
6096,-4096,7578,12342,10220,10710,9635,0.74,1.15,7509.585,0.70117507,388.2492997
6097,-4111,7593,12386,10211,10759,9635,0.74,1.15,7555.7165,0.702269402,377.3059764
6098,-4111,7561,12397,10199,10757,9634,0.74,1.15,7566.6295,0.703414474,365.855257
6099,-4149,7617,12363,10275,10713,9633,0.74,1.15,7530.7155,0.702951134,370.4886586
6100,-4154,7575,12360,10213,10709,9632,0.74,1.15,7527.5415,0.702917313,370.8268746
6101,-4162,7416,12393,10002,10719,9631,0.74,1.16,7560.9765,0.705380772,346.1922754
6102,-4180,7561,12200,10201,10545,9631,0.74,1.16,7360.4075,0.697999763,420.0023708
6103,-4215,7562,12187,10223,10523,9628,0.74,1.16,7346.4505,0.698132709,418.672907
6104,-4225,7534,12338,10195,10650,9623,0.74,1.16,7502.975,0.704504695,354.9530516
6105,-4248,7551,12211,10230,10526,9619,0.74,1.16,7370.581,0.700226202,397.7379821
6106,-4289,7464,12509,10217,10786,9617,0.73,1.16,7679.891,0.712024013,179.7598739
6107,-4282,7504,12278,10199,10569,9617,0.74,1.16,7439.4515,0.703893604,361.0639606
6108,-4286,7484,12416,10219,10693,9624,0.73,1.16,7582.8455,0.709141074,208.589264
6109,-4325,7507,12352,10238,10614,9630,0.73,1.16,7515.409,0.708065668,219.3433201
6110,-4355,7498,12229,10241,10505,9636,0.73,1.16,7387.6675,0.703252499,267.4750119
6111,-4366,7474,12271,10219,10523,9635,0.73,1.17,7430.4505,0.706115224,238.847762
6112,-4400,7479,12481,10258,10711,9637,0.73,1.17,7648.6285,0.714090981,159.0901877
6113,-4420,7468,12482,10272,10697,9640,0.73,1.17,7649.0195,0.71506212,149.3787978
6114,-4430,7423,12497,10222,10702,9643,0.73,1.17,7664.237,0.716149972,138.5002803
6115,-4456,7385,12510,10167,10708,9645,0.73,1.17,7677.498,0.716987112,130.1288756
6116,-4485,7434,12298,10233,10507,9645,0.73,1.17,7456.7545,0.709693966,203.0603407
6117,-4484,7353,12571,10191,10747,9643,0.72,1.17,7740.1945,0.720219084,-2.190843956
6118,-4487,7379,12554,10235,10722,9641,0.72,1.17,7722.107,0.720211434,-2.114344339
6119,-4525,7363,12627,10239,10775,9639,0.72,1.17,7797.4125,0.723657773,-36.57772622
6120,-4551,7254,12184,10172,10394,9639,0.71,1.17,7337.839,0.705968732,40.31268039
6121,-4566,7381,12368,10243,10524,9638,0.72,1.18,7527.494,0.715269289,47.30710756
6122,-4593,7334,12537,10222,10675,9638,0.72,1.17,7703.0625,0.721598361,-15.98360656
6123,-4611,7292,12637,10203,10746,9637,0.71,1.18,7806.151,0.726423879,-164.2387865
6124,-4617,7287,12591,10197,10696,9637,0.71,1.18,7757.976,0.725315632,-153.1563201
6125,-4678,7227,12632,10180,10731,9638,0.71,1.18,7800.4985,0.726912543,-169.125431
6126,-4669,7316,12584,10257,10671,9638,0.71,1.18,7749.8885,0.726257005,-162.5700497
6127,-4698,7266,12638,10203,10721,9638,0.71,1.18,7806.0635,0.728109645,-181.0964462
6128,-4751,7200,12657,10186,10721,9638,0.71,1.18,7825.0635,0.729881867,-198.8186736
6129,-4734,7255,12618,10222,10677,9638,0.71,1.18,7784.1495,0.729057741,-190.5774094
6130,-4748,7101,12454,10133,10541,9638,0.7,1.18,7614.2335,0.722344512,-223.4451191
6131,-4779,7249,12674,10235,10708,9636,0.71,1.18,7841.498,0.732302764,-223.0276429
6132,-4840,7240,12573,10227,10612,9634,0.71,1.18,7736.322,0.729016397,-190.1639653
6133,-4809,7067,12700,10045,10721,9632,0.7,1.18,7868.0635,0.733892687,-338.9268725
6134,-4840,7180,12773,10230,10769,9632,0.7,1.19,7943.1515,0.737594159,-375.9415916
6135,-4852,7239,12537,10262,10559,9628,0.71,1.19,7698.0165,0.729047874,-190.4787385
6136,-4868,7218,12510,10242,10516,9623,0.7,1.19,7669.146,0.729283568,-292.835679
6137,-4906,7101,12839,10204,10799,9617,0.7,1.19,8010.4565,0.741777618,-417.776183
6138,-4926,7150,12805,10291,10761,9616,0.69,1.19,7974.8035,0.741083868,-510.8386767
6139,-4938,7110,12825,10222,10769,9618,0.7,1.19,7995.1515,0.742422834,-424.2283406
6140,-4983,7156,12664,10229,10627,9625,0.7,1.19,7827.9745,0.736611885,-366.1188482
6141,-4976,7104,12787,10205,10716,9632,0.7,1.19,7954.846,0.74233352,-423.3351997
6142,-4995,7095,12865,10205,10773,9638,0.7,1.19,8035.3255,0.745876311,-458.7631115
6143,-5039,7048,12894,10228,10787,9638,0.69,1.2,8064.9345,0.747653147,-576.5314731
6144,-5071,7129,12763,10262,10669,9637,0.69,1.2,7928.8015,0.743162574,-531.6257381
6145,-5074,7042,12906,10228,10780,9636,0.69,1.2,8076.63,0.749223562,-592.2356215
6146,-5099,7035,12758,10193,10635,9634,0.69,1.2,7922.3225,0.744929243,-549.2924307
6147,-5098,7031,12872,10210,10739,9633,0.69,1.2,8040.8465,0.748751886,-587.5188565
6148,-5115,7092,12721,10260,10598,9633,0.69,1.2,7883.713,0.743886865,-538.8686545
6149,-5151,6918,12585,10147,10474,9636,0.68,1.2,7742.319,0.7391941,-591.9409968
6150,-5185,6925,12688,10186,10570,9638,0.68,1.2,7849.495,0.742620151,-626.2015137
6151,-5179,6934,12732,10075,10581,9640,0.69,1.2,7893.9735,0.746051744,-560.5174369
6152,-5183,7023,12727,10222,10575,9640,0.69,1.2,7888.7125,0.745977541,-559.7754137
6153,-5204,6977,12900,10197,10714,9637,0.68,1.2,8067.759,0.75301092,-730.1092029
6154,-5202,6870,12988,10102,10779,9631,0.68,1.2,8158.5865,0.756896419,-768.9641896
6155,-5240,7001,12749,10226,10570,9625,0.68,1.21,7910.495,0.748391202,-683.9120151
6156,-5251,6926,12916,10177,10700,9621,0.68,1.21,8083.15,0.755434579,-754.3457944
6157,-5271,6923,13007,10188,10771,9621,0.68,1.21,8177.2385,0.759190279,-791.9027945
6158,-5295,6975,12789,10233,10580,9625,0.68,1.21,7950.93,0.751505671,-715.0567108
6159,-5370,6832,12700,10175,10496,9629,0.67,1.21,7858.276,0.748692454,-786.9245427
6160,-5333,6939,12654,10202,10473,9632,0.68,1.21,7811.2755,0.745848897,-658.4889716
6161,-5352,6947,12919,10233,10669,9633,0.68,1.21,8084.8015,0.757784375,-777.8437529
6162,-5372,6899,13056,10208,10776,9634,0.68,1.21,8226.456,0.763405345,-834.0534521
6163,-5401,6817,13095,10174,10804,9638,0.67,1.21,8266.674,0.765149389,-951.4938912
6164,-5395,6851,13115,10186,10812,9642,0.67,1.21,8287.022,0.766465224,-964.6522383
6165,-5404,6888,13057,10222,10763,9644,0.67,1.21,8226.8905,0.764367788,-943.6778779
6167,-5443,6864,13020,10215,10715,9644,0.67,1.22,8187.8025,0.764143957,-941.4395707
6167,-5471,6822,13086,10188,10764,9640,0.67,1.22,8255.934,0.766994983,-969.9498328
6168,-5446,6870,13058,10247,10740,9635,0.67,1.22,8226.89,0.766004655,-960.0465549
6169,-5479,6864,13023,10253,10702,9631,0.67,1.22,8190.237,0.765299664,-952.9966361
6170,-5515,6761,12731,10199,10458,9630,0.66,1.22,7887.623,0.754219067,-942.1906674
6171,-5521,6860,13028,10246,10686,9630,0.67,1.22,8194.541,0.766848306,-968.483062
6172,-5539,6705,13084,10040,10738,9632,0.67,1.22,8252.803,0.768560533,-985.6053269
6174,-5545,6823,13131,10230,10762,9635,0.67,1.22,8300.847,0.771310816,-1013.108158
6175,-5565,6806,13041,10215,10679,9637,0.67,1.22,8207.2365,0.768539798,-985.3979773
6176,-5557,6820,13063,10244,10694,9637,0.67,1.22,8229.889,0.769580045,-995.8004488
6176,-5601,6876,12880,10300,10526,9638,0.67,1.22,8039.581,0.763783108,-937.8310849
6177,-5600,6798,13167,10240,10774,9640,0.66,1.22,8337.369,0.773841563,-1138.41563
6178,-5608,6746,13115,10169,10721,9642,0.66,1.22,8283.0635,0.772601763,-1126.017629
6179,-5644,6748,13206,10262,10786,9643,0.66,1.22,8376.891,0.776644817,-1166.448174
6180,-5642,6662,12833,10176,10487,9644,0.65,1.22,7990.8845,0.761980023,-1119.800229
6181,-5644,6709,13027,10091,10633,9647,0.66,1.23,8191.2355,0.770359776,-1103.597762
6183,-5651,6808,12959,10248,10567,9649,0.66,1.23,8120.3645,0.768464512,-1084.645122
6184,-5671,6628,13166,10054,10737,9651,0.66,1.23,8334.7595,0.776265204,-1162.652044
6185,-5673,6676,13246,10159,10805,9651,0.66,1.23,8417.7175,0.779057612,-1190.576122
6185,-5692,6768,13135,10243,10710,9651,0.66,1.23,8302.585,0.775218021,-1152.180205
6187,-5698,6751,13199,10242,10750,9649,0.66,1.23,8368.325,0.778448837,-1184.488372
6188,-5698,6780,12931,10242,10523,9648,0.66,1.23,8090.4505,0.768834981,-1088.349805
6188,-5701,6786,13065,10252,10634,9648,0.66,1.23,8229.279,0.773864867,-1138.648674
6189,-5708,6757,13128,10223,10686,9648,0.66,1.23,8294.541,0.776206345,-1162.063448
6190,-5744,6665,12862,10236,10477,9641,0.65,1.23,8019.4495,0.76543376,-1154.337597
6191,-5734,6656,13184,10133,10720,9635,0.66,1.23,8352.02,0.779106343,-1191.063433
6192,-5736,6719,13183,10218,10717,9629,0.66,1.23,8350.8895,0.779218951,-1192.189512
6194,-5735,6624,13174,10077,10710,9629,0.66,1.23,8341.585,0.778859477,-1188.594771
6195,-5728,6742,13244,10244,10764,9632,0.66,1.23,8413.934,0.781673541,-1216.735414
6196,-5738,6771,13172,10265,10707,9639,0.66,1.23,8339.4545,0.778878724,-1188.787242
6196,-5732,6795,13053,10277,10597,9646,0.66,1.23,8215.6695,0.77528258,-1152.8258
6197,-5754,6682,13300,10228,10810,9651,0.65,1.23,8471.935,0.783712766,-1337.12766
6198,-5771,6706,13104,10207,10641,9651,0.66,1.23,8268.5835,0.777049478,-1170.494784
6199,-5741,6799,13107,10292,10647,9649,0.66,1.23,8271.8445,0.776917864,-1169.178642
6200,-5741,6775,13153,10251,10694,9646,0.66,1.23,8319.889,0.777995979,-1179.959791
6201,-5751,6621,13171,10055,10693,9644,0.66,1.23,8337.8455,0.779748013,-1197.480127
6203,-5755,6731,13134,10232,10665,9644,0.66,1.23,8299.6275,0.778211674,-1182.116737
6204,-5729,6770,13163,10237,10694,9645,0.66,1.23,8329.889,0.778931083,-1189.310829
6205,-5736,6772,13277,10269,10788,9648,0.66,1.23,8447.978,0.783090286,-1230.902855
6205,-5730,6757,13196,10229,10725,9651,0.66,1.23,8364.2375,0.779882284,-1198.822844
6206,-5728,6731,13199,10206,10730,9653,0.66,1.23,8367.455,0.779818733,-1198.187325
6207,-5714,6794,13226,10259,10759,9653,0.66,1.23,8395.7165,0.780343573,-1203.435728
6208,-5716,6749,13199,10231,10732,9653,0.66,1.23,8367.542,0.779681513,-1196.815132
6209,-5698,6760,13256,10228,10785,9654,0.66,1.23,8426.8475,0.781348864,-1213.488642
6210,-5697,6657,12851,10159,10470,9655,0.66,1.23,8008.145,0.764865807,-1048.658071
6212,-5675,6824,13013,10265,10583,9655,0.66,1.23,8175.0605,0.772470991,-1124.709912
6213,-5681,6761,13161,10188,10720,9654,0.66,1.23,8329.02,0.776960821,-1169.608209
6214,-5674,6736,13202,10220,10758,9651,0.66,1.23,8371.673,0.778181168,-1181.811675
6215,-5642,6797,13173,10210,10738,9648,0.67,1.23,8341.803,0.776848855,-1068.488545
6216,-5652,6810,13142,10218,10719,9646,0.67,1.23,8309.9765,0.775256694,-1052.566937
6216,-5643,6865,12926,10273,10532,9646,0.67,1.23,8085.842,0.76774041,-977.4041018
6217,-5624,6833,13043,10229,10637,9644,0.67,1.23,8207.4095,0.771590627,-1015.906271
6219,-5592,6788,13169,10227,10746,9641,0.66,1.23,8338.151,0.775930672,-1159.306719
6220,-5617,6888,13152,10288,10743,9637,0.67,1.22,8321.0205,0.774552779,-1045.527786
6221,-5603,6767,12638,10163,10324,9636,0.67,1.22,7788.794,0.754435684,-844.3568384
6222,-5544,6818,13145,10187,10749,9637,0.67,1.22,8314.2815,0.773493488,-1034.934878
6223,-5542,6873,12886,10205,10528,9643,0.67,1.22,8045.668,0.764216185,-942.1618541
6224,-5521,6787,13154,10171,10764,9649,0.67,1.22,8323.934,0.773312337,-1033.123374
6224,-5528,6807,13132,10101,10752,9654,0.67,1.22,8301.412,0.772080729,-1020.807292
6226,-5465,6864,13096,10203,10734,9653,0.67,1.22,8264.629,0.769948668,-999.4866778
6226,-5476,6869,13110,10188,10758,9653,0.67,1.22,8279.673,0.769629392,-996.2939208
6228,-5428,6907,13079,10198,10742,9651,0.68,1.22,8247.977,0.767825079,-878.2507913
6229,-5407,6902,13076,10197,10747,9650,0.68,1.22,8245.1945,0.767208942,-872.0894203
6230,-5402,6962,13078,10292,10753,9650,0.68,1.22,8247.4555,0.766991119,-869.9111876
6231,-5397,6878,12601,10200,10367,9650,0.67,1.22,7753.6645,0.747917864,-779.1786438
6232,-5378,6752,12992,10041,10696,9650,0.67,1.21,8158.976,0.762806283,-928.0628272
6233,-5319,6964,12901,10168,10642,9651,0.68,1.21,8065.627,0.757905187,-779.0518699
6233,-5294,6887,13008,10071,10733,9651,0.68,1.21,8176.5855,0.761817339,-818.1733905
6234,-5305,7043,13035,10279,10764,9651,0.69,1.21,8204.934,0.762256968,-722.5696767
6236,-5269,6935,13073,10165,10807,9652,0.68,1.21,8244.8045,0.762913343,-829.133432
6237,-5261,7082,12791,10266,10569,9653,0.69,1.21,7952.4515,0.752431782,-624.3178163
6238,-5245,7026,13047,10237,10808,9653,0.69,1.21,8218.848,0.760441155,-704.411547
6239,-5194,7043,13005,10224,10781,9654,0.69,1.21,8175.6735,0.758340924,-683.4092385
6240,-5172,6995,12960,10189,10749,9654,0.69,1.21,8129.2815,0.756282584,-662.8258443
6241,-5183,7077,12746,10187,10590,9654,0.69,1.2,7908.365,0.746776676,-567.7667611
6242,-5161,7001,12504,10194,10392,9653,0.69,1.2,7657.752,0.736889145,-468.891455
6242,-5112,7141,12855,10262,10692,9653,0.7,1.2,8021.802,0.750262065,-502.620651
6243,-5091,6993,12917,10083,10752,9653,0.69,1.2,8086.412,0.752084449,-620.844494
6245,-5040,7163,12682,10207,10566,9656,0.7,1.2,7843.321,0.74231696,-423.1696006
6246,-5003,7120,12759,10183,10651,9662,0.7,1.2,7924.0185,0.743969439,-439.6943949
6247,-4982,7182,12875,10238,10756,9669,0.7,1.2,8044.586,0.74791614,-479.1613983
6248,-4949,7199,12821,10221,10726,9673,0.7,1.2,7989.281,0.744851855,-448.518553
6249,-4909,7202,12697,10221,10636,9673,0.7,1.19,7861.366,0.739128056,-391.2805566
6250,-4887,7250,12851,10246,10780,9669,0.71,1.19,8021.63,0.744121521,-341.2152134
6251,-4866,7144,12547,10196,10535,9664,0.7,1.19,7706.9725,0.731558851,-315.5885145
6251,-4819,7271,12784,10195,10750,9660,0.71,1.19,7953.325,0.739844186,-298.4418605
6253,-4790,7305,12641,10228,10637,9659,0.71,1.19,7805.4095,0.733798016,-237.9801636
6254,-4745,7283,12790,10199,10786,9659,0.71,1.19,7960.891,0.738076303,-280.7630261
6255,-4705,7378,12718,10260,10741,9657,0.72,1.18,7886.9335,0.734282981,-142.829811
6256,-4670,7378,12578,10235,10638,9656,0.72,1.18,7742.453,0.727810961,-78.10960707
6257,-4647,7296,12403,10236,10493,9654,0.71,1.18,7561.1455,0.720589488,-105.8948823
6258,-4605,7356,12666,10244,10748,9654,0.72,1.18,7835.238,0.728994976,-89.94975809
6259,-4577,7425,12688,10273,10774,9653,0.72,1.18,7858.369,0.729382681,-93.82680527
6260,-4550,7452,12617,10264,10718,9651,0.73,1.18,7784.933,0.726341948,36.58051875
6261,-4537,7291,12065,10140,10267,9649,0.72,1.18,7213.3145,0.702572757,174.2724262
6262,-4472,7466,12535,10259,10676,9648,0.73,1.17,7701.106,0.721347508,86.5249157
6263,-4474,7496,12364,10248,10547,9648,0.73,1.17,7524.4945,0.713425097,165.7490282
6264,-4435,7513,12474,10252,10652,9648,0.73,1.17,7639.062,0.717148141,128.5185881
6265,-4396,7556,12517,10278,10707,9648,0.74,1.17,7684.4545,0.717703792,222.9620809
6266,-4376,7527,12547,10266,10750,9648,0.73,1.17,7716.325,0.717797674,122.0232558
6267,-4347,7458,12550,10178,10763,9648,0.73,1.17,7719.8905,0.717261962,127.3803772
6268,-4315,7566,12442,10239,10682,9651,0.74,1.16,7608.367,0.712260532,277.3946826
6269,-4262,7603,12476,10269,10724,9656,0.74,1.16,7644.194,0.712811824,271.8817605
6270,-4248,7550,12481,10201,10742,9662,0.74,1.16,7649.977,0.712155744,278.4425619
6271,-4216,7604,12282,10222,10592,9664,0.74,1.16,7444.452,0.702837236,371.6276435
6272,-4186,7606,12404,10270,10702,9665,0.74,1.16,7571.237,0.707460007,325.3999252
6273,-4184,7655,12314,10250,10637,9665,0.75,1.16,7478.4095,0.703056266,469.4373414
6274,-4130,7674,12448,10278,10773,9664,0.75,1.16,7618.3255,0.70716843,428.3156966
6275,-4064,7611,12429,10203,10777,9664,0.75,1.15,7599.4995,0.705159089,448.409112
6276,-4042,7622,12419,10219,10787,9664,0.75,1.15,7589.9345,0.703618661,463.8133865
6277,-4038,7722,12347,10270,10724,9663,0.75,1.15,7515.194,0.70078273,492.1726968
6278,-4026,7677,12415,10252,10808,9659,0.75,1.15,7586.848,0.701965951,480.3404885
6279,-3966,7761,12114,10259,10548,9656,0.76,1.15,7274.538,0.68966041,703.3959044
6280,-3954,7732,12352,10252,10772,9653,0.75,1.15,7522.282,0.698318047,516.8195321
6281,-3911,7806,12060,10283,10543,9653,0.76,1.14,7220.3205,0.684844968,751.5503177
6282,-3892,7547,11825,10014,10334,9657,0.75,1.14,6976.229,0.675075382,749.2461777
6283,-3839,7816,12306,10294,10791,9661,0.76,1.14,7477.1085,0.69290228,670.9772032
6284,-3802,7714,12252,10144,10746,9665,0.76,1.14,7421.151,0.690596594,694.0340592
6285,-3774,7782,12206,10208,10725,9666,0.76,1.14,7374.2375,0.687574592,724.2540793
6286,-3752,7894,12235,10311,10756,9666,0.77,1.14,7404.586,0.688414466,815.8553366
6287,-3742,7833,12210,10268,10748,9666,0.76,1.14,7379.238,0.686568478,734.3152214
6288,-3725,7862,12179,10248,10741,9666,0.77,1.13,7347.9335,0.684101434,858.9856624
6289,-3674,7894,12131,10253,10708,9666,0.77,1.13,7298.498,0.681593015,884.0698543
6290,-3638,7890,12097,10217,10685,9667,0.77,1.13,7263.4975,0.679784511,902.15489
6291,-3604,7928,11987,10234,10609,9665,0.77,1.13,7150.1915,0.673974126,960.2587426
6292,-3579,7954,12047,10255,10675,9662,0.78,1.13,7213.0625,0.675696721,1043.032787
6293,-3566,7892,12167,10244,10791,9660,0.77,1.13,7338.1085,0.680021175,899.7882495
6294,-3522,7952,12055,10227,10707,9659,0.78,1.13,7222.4545,0.67455445,1054.455496
6295,-3519,7940,12128,10236,10776,9660,0.78,1.13,7298.456,0.677288048,1027.119525
6296,-3493,7956,12086,10251,10750,9666,0.78,1.12,7255.325,0.674913953,1050.860465
6297,-3486,7986,11846,10233,10534,9672,0.78,1.12,7005.929,0.665077748,1149.222518
6298,-3469,8037,11934,10281,10628,9676,0.78,1.12,7098.018,0.667860181,1121.398193
6299,-3438,7945,12093,10200,10785,9676,0.78,1.12,7263.8475,0.673513908,1064.860918
6300,-3419,8088,11815,10313,10544,9676,0.78,1.12,6975.364,0.661548179,1184.518209
6301,-3401,7938,11788,10228,10534,9676,0.78,1.12,6947.929,0.659571768,1204.282324
6302,-3367,7997,11900,10169,10646,9676,0.79,1.12,7064.801,0.66361084,1263.891602
6303,-3340,8050,11745,10221,10515,9676,0.79,1.12,6904.1025,0.656595578,1334.044223
6304,-3306,8031,11984,10229,10755,9676,0.79,1.11,7153.5425,0.665136448,1248.635518
6305,-3283,8016,12016,10197,10790,9677,0.79,1.11,7187.065,0.666085728,1239.142725
6306,-3254,8098,11982,10264,10788,9678,0.79,1.11,7152.978,0.663049499,1269.505006
6307,-3242,7925,11905,10028,10723,9680,0.79,1.11,7073.1505,0.659624219,1303.75781
6308,-3192,8034,11950,10179,10779,9680,0.79,1.11,7120.5865,0.660598061,1294.01939
6309,-3179,8090,11935,10238,10771,9678,0.79,1.11,7105.2385,0.659663773,1303.362269
6310,-3148,8190,11873,10289,10729,9674,0.8,1.11,7041.4115,0.656297092,1437.02908
6311,-3132,8139,11654,10207,10540,9671,0.8,1.11,6814.19,0.64650759,1534.924099
6312,-3124,8127,11889,10235,10748,9670,0.79,1.11,7058.238,0.656702456,1332.975437
6313,-3116,8168,11746,10216,10638,9670,0.8,1.1,6910.453,0.649600771,1503.992292
6314,-3078,8142,11863,10212,10754,9668,0.8,1.1,7032.499,0.653942626,1460.57374
6315,-3071,8181,11791,10235,10694,9666,0.8,1.1,6957.889,0.650634842,1493.65158
6316,-3044,8199,11786,10245,10697,9664,0.8,1.1,6953.0195,0.649997149,1500.028513
6317,-3028,8198,11804,10243,10721,9664,0.8,1.1,6972.0635,0.650318394,1496.816062
6318,-3015,8212,11827,10264,10757,9666,0.8,1.1,6996.6295,0.650425723,1495.742772
6319,-2998,8195,11772,10218,10714,9671,0.8,1.1,6939.759,0.647728113,1522.718873
6320,-3006,8245,11807,10271,10746,9675,0.8,1.1,6976.151,0.649185837,1508.141634
6321,-2965,8252,11605,10249,10574,9678,0.81,1.1,6766.669,0.639934651,1700.65349
6323,-2966,8067,11714,10046,10675,9678,0.8,1.1,6880.0625,0.644502342,1554.976581
6323,-2951,8219,11684,10205,10658,9680,0.81,1.1,6849.323,0.642646181,1673.538187
6324,-2944,8231,11770,10257,10744,9682,0.8,1.1,6939.064,0.645854803,1541.451973
6325,-2939,8205,11825,10227,10802,9684,0.8,1.09,6996.587,0.647712183,1522.878171
6326,-2926,8263,11769,10259,10758,9685,0.81,1.09,6938.673,0.64497797,1650.220301
6327,-2907,8249,11797,10235,10796,9686,0.81,1.09,6968.326,0.645454428,1645.455724
6328,-2878,8191,11793,10203,10799,9688,0.8,1.09,6964.4565,0.644916798,1550.832021
6329,-2873,8345,11620,10311,10630,9689,0.81,1.09,6784.105,0.638203669,1717.963311
6330,-2874,8285,11556,10225,10579,9691,0.81,1.09,6717.8865,0.635020938,1749.790623
6331,-2861,8207,11372,10234,10419,9691,0.8,1.09,6526.9265,0.62644462,1735.553796
6332,-2846,8292,11768,10260,10794,9685,0.81,1.09,6939.239,0.642879285,1671.207152
6333,-2837,8270,11715,10226,10756,9679,0.81,1.09,6884.586,0.640069357,1699.306434
6334,-2816,8280,11681,10231,10734,9673,0.81,1.09,6849.629,0.638124557,1718.754425
6335,-2848,8296,11692,10264,10746,9671,0.81,1.09,6861.151,0.63848418,1715.158198
6336,-2819,8234,11715,10231,10770,9671,0.8,1.09,6885.195,0.639293872,1607.061281
6337,-2817,8275,11694,10237,10753,9669,0.81,1.09,6863.4555,0.638282851,1717.171487
6338,-2810,8262,11662,10238,10733,9667,0.81,1.09,6830.5855,0.636409718,1735.902823
6339,-2808,8228,11746,10200,10802,9666,0.81,1.09,6917.587,0.640398722,1696.012775
6340,-2811,8290,11628,10242,10689,9666,0.81,1.09,6794.6715,0.63566952,1743.304799
6341,-2790,8267,11659,10211,10728,9666,0.81,1.09,6827.368,0.636406413,1735.935869
6342,-2801,8230,11687,10195,10752,9666,0.81,1.09,6856.412,0.637687128,1723.12872
6343,-2809,8342,11476,10292,10560,9667,0.81,1.09,6637.06,0.62850947,1814.905303
6344,-2810,8194,11646,10151,10720,9667,0.81,1.09,6814.02,0.635636194,1743.63806
6345,-2794,8263,11645,10192,10717,9667,0.81,1.09,6812.8895,0.63570864,1742.913595
6346,-2804,8301,11725,10289,10796,9664,0.81,1.09,6896.326,0.638785291,1712.147092
6348,-2816,8310,11435,10271,10522,9661,0.81,1.09,6594.407,0.626725623,1832.743775
6348,-2814,8281,11509,10234,10597,9657,0.81,1.09,6671.6695,0.629580966,1804.190337
6349,-2807,8311,11496,10279,10579,9657,0.81,1.09,6657.8865,0.629349324,1806.506759
6350,-2822,8234,11760,10247,10825,9659,0.8,1.09,6932.5875,0.640423788,1595.762125
6351,-2819,8261,11449,10230,10549,9663,0.81,1.09,6609.5815,0.626560006,1834.399943
6352,-2816,8160,11625,10112,10700,9668,0.81,1.09,6792.15,0.634780374,1752.196262
6353,-2851,8274,11513,10259,10588,9669,0.81,1.09,6675.278,0.630456932,1795.430676
6354,-2859,8218,11680,10253,10739,9669,0.8,1.09,6848.8465,0.637754586,1622.454139
6355,-2871,8254,11504,10259,10576,9672,0.8,1.09,6665.756,0.630271936,1697.280635
6356,-2876,8215,11740,10267,10788,9674,0.8,1.09,6910.978,0.640617167,1593.828328
6357,-2913,8138,11748,10224,10786,9676,0.8,1.09,6918.891,0.64146959,1585.304098
6358,-2911,8195,11749,10278,10785,9676,0.8,1.09,6919.8475,0.641617756,1583.822439
6359,-2949,8165,11784,10268,10805,9674,0.8,1.09,6955.7175,0.643749884,1562.501157
6360,-2970,8184,11721,10313,10738,9670,0.79,1.09,6889.803,0.641628143,1483.71857
6361,-3004,8163,11583,10246,10600,9665,0.8,1.09,6745.8,0.636396226,1636.037736
6363,-3027,8082,11749,10204,10736,9662,0.79,1.09,6917.716,0.644347615,1456.523845
6364,-3041,8111,11581,10224,10574,9662,0.79,1.1,6742.669,0.637664933,1523.350671
6364,-3069,8102,11811,10274,10782,9668,0.79,1.1,6981.717,0.647534502,1424.654981
6365,-3100,8084,11781,10263,10742,9675,0.79,1.1,6949.977,0.64699097,1430.0903
6366,-3111,8025,11841,10233,10791,9682,0.78,1.1,7012.1085,0.649810815,1301.891854
6367,-3143,7962,11854,10160,10782,9683,0.78,1.1,7024.717,0.65152263,1284.773697
6368,-3194,8010,11797,10225,10707,9682,0.78,1.1,6964.4545,0.650458065,1295.419352
6369,-3234,8039,11763,10281,10661,9679,0.78,1.1,6928.4535,0.649887769,1301.122315
6370,-3289,8005,11885,10299,10770,9675,0.78,1.1,7055.195,0.655078459,1249.215413
6371,-3323,7865,11668,10228,10555,9672,0.77,1.11,6828.8425,0.646977025,1230.229749
6372,-3331,7812,11912,10079,10764,9671,0.78,1.11,7081.934,0.657927722,1220.72278
6373,-3370,7977,11754,10303,10596,9669,0.77,1.11,6916.626,0.652758211,1172.417894
6374,-3405,7911,11744,10249,10568,9665,0.77,1.11,6905.408,0.653426192,1165.738077
6375,-3466,7881,11973,10256,10769,9662,0.77,1.11,7143.1515,0.663306853,1066.93147
6376,-3503,7794,12028,10238,10795,9661,0.76,1.11,7199.2825,0.666908986,930.9101436
6377,-3573,7810,12051,10276,10793,9663,0.76,1.12,7222.1955,0.669155517,908.4448253
6378,-3574,7769,12094,10265,10811,9670,0.76,1.12,7265.9785,0.67209125,879.0875035
6379,-3656,7805,11842,10279,10564,9677,0.76,1.12,7003.234,0.662933927,970.6607346
6381,-3681,7707,12078,10223,10755,9683,0.75,1.12,7247.5425,0.673876569,761.2343096
6381,-3711,7740,11961,10245,10651,9683,0.76,1.12,7126.0185,0.669046897,909.53103
6382,-3754,7722,12114,10290,10761,9682,0.75,1.13,7283.8035,0.676870505,731.294954
6383,-3801,7589,12161,10196,10787,9680,0.74,1.13,7331.9345,0.679700983,602.9901734
6384,-3849,7663,12030,10260,10644,9678,0.75,1.13,7194.714,0.675940812,740.5918828
6385,-3875,7673,12007,10280,10605,9678,0.75,1.13,7170.0175,0.676097831,739.0216879
6386,-3933,7626,12003,10267,10582,9678,0.74,1.13,7165.017,0.677094784,629.0521641
6387,-3996,7624,12117,10306,10657,9677,0.74,1.14,7282.2795,0.683332974,566.6702637
6388,-4054,7556,12102,10254,10619,9677,0.74,1.14,7265.6265,0.684210048,557.8995197
6389,-4112,7462,12230,10211,10710,9677,0.73,1.14,7397.585,0.690717554,392.8244631
6391,-4155,7483,12362,10269,10813,9677,0.73,1.14,7534.0655,0.696759965,332.4003514
6391,-4197,7464,12133,10246,10595,9677,0.73,1.15,7295.5825,0.688587305,414.1269467
6392,-4262,7416,12389,10260,10788,9677,0.72,1.15,7559.978,0.700776604,192.2339637
6393,-4323,7395,12163,10235,10563,9677,0.72,1.15,7324.1905,0.693381662,266.1833759
6394,-4381,7302,12426,10239,10765,9677,0.71,1.15,7595.9775,0.705617975,43.82025081
6395,-4464,7251,12433,10212,10757,9677,0.71,1.16,7602.6295,0.706761132,32.38867714
6396,-4504,7234,12521,10250,10808,9681,0.71,1.16,7692.848,0.711773501,-17.7350111
6398,-4590,7256,12436,10278,10690,9686,0.71,1.16,7602.715,0.711198784,-11.9878391
6399,-4621,7245,12514,10271,10741,9691,0.71,1.17,7682.9335,0.715290336,-52.90336095
6400,-4677,7189,12483,10243,10683,9691,0.7,1.17,7649.4105,0.716035805,-160.3580455
6400,-4723,7186,12638,10280,10801,9689,0.7,1.17,7809.5435,0.723038932,-230.3893158
6401,-4768,7151,12594,10259,10748,9684,0.7,1.17,7763.238,0.722296055,-222.9605508
6402,-4832,7098,12642,10240,10751,9679,0.69,1.18,7811.3685,0.726571342,-365.713422
6404,-4907,7123,12632,10301,10726,9675,0.69,1.18,7800.281,0.727231121,-372.3112064
6404,-4954,6964,12714,10166,10767,9675,0.69,1.18,7884.0645,0.732243383,-422.4338256
6405,-5030,6980,12699,10249,10724,9673,0.68,1.18,7867.194,0.733606304,-536.0630362
6406,-5085,7019,12615,10301,10614,9670,0.68,1.19,7778.409,0.732844262,-528.442623
6407,-5161,6912,12857,10251,10787,9667,0.67,1.19,8027.9345,0.744223093,-742.2309261
6409,-5211,6847,12833,10219,10756,9667,0.67,1.19,8002.586,0.744011343,-740.1134251
6410,-5276,6840,12838,10222,10723,9668,0.67,1.2,8006.1505,0.746633451,-766.3345146
6411,-5339,6885,12689,10303,10569,9675,0.67,1.2,7850.4515,0.742780916,-727.8091589
6411,-5391,6826,12877,10264,10713,9681,0.67,1.2,8044.7155,0.750930225,-809.3022496
6412,-5446,6732,12978,10223,10766,9687,0.66,1.21,8148.021,0.756828999,-968.289987
6413,-5538,6732,12821,10238,10593,9687,0.66,1.21,7983.4955,0.753657651,-936.5765128
6415,-5596,6632,13102,10252,10809,9687,0.65,1.21,8273.8915,0.765463179,-1154.631788
6416,-5682,6618,13126,10228,10795,9686,0.65,1.22,8297.2825,0.768622742,-1186.22742
6417,-5746,6553,13145,10229,10790,9686,0.64,1.22,8316.065,0.770719648,-1307.196478
6418,-5840,6553,13164,10271,10767,9686,0.64,1.22,8334.0645,0.774037754,-1340.377542
6419,-5869,6597,13075,10306,10665,9686,0.64,1.23,8240.6275,0.772679559,-1326.795593
6420,-5976,6357,13336,10159,10852,9687,0.63,1.23,8509.762,0.784165315,-1541.653151
6420,-6001,6498,13148,10252,10668,9688,0.63,1.23,8313.758,0.779317398,-1493.173978
6422,-6064,6459,13016,10252,10546,9688,0.63,1.23,8176.451,0.77531301,-1453.130097
6422,-6122,6466,13280,10295,10732,9688,0.63,1.24,8448.542,0.787229035,-1572.290347
6424,-6188,6349,13389,10241,10803,9685,0.62,1.24,8560.6305,0.792430853,-1724.308525
6425,-6252,6414,13207,10312,10620,9679,0.62,1.24,8370.67,0.788198682,-1681.986817
6426,-6295,6328,13415,10279,10771,9674,0.62,1.25,8585.2385,0.797069771,-1770.697707
6427,-6351,6251,13444,10232,10775,9672,0.61,1.25,8614.4125,0.799481439,-1894.814385
6428,-6412,6227,13514,10242,10801,9672,0.61,1.25,8685.5435,0.804142533,-1941.425331
6428,-6467,6208,13477,10232,10751,9679,0.61,1.25,8646.3685,0.804238536,-1942.38536
6429,-6536,6170,13567,10253,10792,9687,0.6,1.26,8738.152,0.809687917,-2096.87917
6430,-6601,6195,13581,10353,10779,9695,0.6,1.26,8751.5865,0.811910799,-2119.107988
6431,-6675,6085,13115,10256,10375,9694,0.59,1.26,8268.0125,0.796916867,-2069.168675
6433,-6743,6071,13641,10219,10762,9689,0.59,1.27,8810.847,0.818699777,-2286.99777
6434,-6810,6074,13458,10256,10590,9675,0.59,1.27,8620.365,0.814009915,-2240.09915
6435,-6882,5856,13720,10024,10766,9661,0.58,1.27,8890.021,0.825749675,-2457.496749
6436,-6956,5883,13794,10111,10804,9652,0.58,1.28,8965.674,0.829847649,-2498.47649
6436,-6999,5895,13826,10257,10798,9653,0.57,1.28,8997.413,0.833248102,-2632.481015
6438,-7070,5952,13571,10269,10567,9664,0.58,1.28,8732.3645,0.826380666,-2463.806662
6438,-7163,5798,13620,10246,10579,9675,0.57,1.29,8781.8865,0.830124445,-2601.244447
6439,-7232,5747,13680,10228,10592,9686,0.56,1.29,8842.452,0.83482364,-2748.236405
6440,-7344,5719,13659,10231,10552,9686,0.56,1.29,8819.712,0.835833207,-2758.33207
6441,-7362,5698,13601,10223,10478,9686,0.56,1.3,8758.493,0.835893587,-2758.935866
6442,-7411,5780,13920,10260,10702,9688,0.56,1.3,9087.237,0.849115773,-2891.157728
6444,-7485,5680,13953,10224,10702,9689,0.56,1.3,9120.237,0.852199309,-2921.993085
6445,-7529,5668,13772,10181,10539,9690,0.56,1.31,8932.1465,0.847532641,-2875.326407
6446,-7581,5544,14105,10150,10778,9690,0.55,1.31,9275.543,0.860599647,-3105.996474
6447,-7628,5627,14151,10279,10794,9687,0.55,1.31,9322.239,0.863650083,-3136.500834
6447,-7710,5607,14141,10273,10758,9682,0.55,1.31,9310.673,0.865465049,-3154.650493
6448,-7734,5562,14153,10260,10746,9678,0.54,1.32,9322.151,0.867499628,-3274.996278
6450,-7810,5538,14257,10277,10798,9677,0.54,1.32,9428.413,0.873162901,-3331.629005
6451,-7860,5554,14014,10288,10584,9678,0.54,1.32,9176.104,0.866978836,-3269.78836
6452,-7916,5531,14112,10302,10642,9680,0.54,1.33,9276.627,0.871699587,-3316.995865
6453,-7991,5357,14254,10089,10722,9683,0.53,1.33,9422.107,0.878763943,-3487.639433
6454,-8045,5403,14273,10188,10723,9686,0.53,1.33,9441.1505,0.880457941,-3504.579409
6454,-8068,5412,14161,10217,10613,9686,0.53,1.33,9324.3655,0.878579619,-3485.796193
6455,-8131,5425,14153,10286,10587,9686,0.53,1.34,9315.2345,0.879874799,-3498.747993
6456,-8182,5379,14088,10252,10517,9686,0.52,1.34,9247.1895,0.879261149,-3592.611486
6457,-8279,5341,14333,10267,10674,9686,0.52,1.34,9499.019,0.88992121,-3699.212104
6459,-8311,5304,14486,10294,10777,9686,0.52,1.34,9656.4995,0.896028533,-3760.28533
6459,-8372,5243,14547,10257,10788,9686,0.51,1.35,9717.978,0.900813682,-3908.136819
6461,-8426,5260,14425,10273,10667,9686,0.51,1.35,9590.7145,0.899101387,-3891.013875
6462,-8492,5212,14280,10251,10552,9687,0.51,1.35,9440.712,0.89468461,-3846.846096
6463,-8556,5189,14327,10251,10553,9687,0.51,1.36,9487.7555,0.899057661,-3890.576613
6463,-8617,5167,14428,10260,10605,9687,0.5,1.36,9591.0175,0.904386374,-4043.863744
6464,-8650,5095,14749,10282,10819,9688,0.5,1.36,9921.3265,0.917028053,-4170.280525
6465,-8735,5038,14714,10206,10779,9690,0.49,1.37,9884.5865,0.91702259,-4270.225902
6467,-8748,5071,14746,10264,10779,9691,0.49,1.37,9916.5865,0.919991326,-4299.913257
6468,-8811,5011,14815,10229,10796,9692,0.49,1.37,9986.326,0.925002408,-4350.024083
6468,-8850,4983,14833,10249,10799,9692,0.49,1.37,10004.4565,0.926424345,-4364.243448
6470,-8935,4972,14811,10243,10759,9689,0.49,1.38,9980.7165,0.927662097,-4376.620968
6471,-8968,4978,14779,10286,10714,9685,0.48,1.38,9946.759,0.92838893,-4483.889304
6472,-9012,4988,14680,10302,10633,9681,0.48,1.38,9844.2355,0.925819195,-4458.19195
6472,-9070,4900,14876,10191,10745,9681,0.48,1.38,10045.1075,0.934863425,-4548.634248
6473,-9107,4876,14961,10260,10793,9683,0.48,1.39,10132.1955,0.938774715,-4587.747151
6474,-9133,4840,15025,10196,10819,9689,0.47,1.39,10197.3265,0.942538728,-4725.387282
6475,-9191,4851,14946,10244,10752,9695,0.47,1.39,10115.412,0.940793527,-4707.935268
6476,-9246,4852,14783,10240,10612,9698,0.47,1.39,9946.322,0.937271202,-4672.712024
6478,-9304,4811,14903,10252,10677,9698,0.47,1.4,10069.1495,0.943069167,-4730.691674
6479,-9326,4787,15076,10261,10794,9698,0.47,1.4,10247.239,0.94934584,-4793.458403
6480,-9378,4733,15186,10245,10845,9696,0.46,1.4,10359.4575,0.955228907,-4952.289073
6481,-9403,4787,14928,10276,10645,9695,0.47,1.4,10092.7575,0.948121888,-4781.218882
6482,-9475,4617,14648,10197,10446,9695,0.45,1.4,9804.101,0.938550737,-4885.507371
6483,-9515,4608,14801,10219,10528,9694,0.45,1.41,9960.668,0.946112082,-4961.120821
6483,-9532,4714,15172,10273,10776,9690,0.46,1.41,10342.456,0.959767632,-4997.676318
6485,-9566,4693,14959,10238,10610,9687,0.46,1.41,10122.235,0.954027804,-4940.27804
6485,-9592,4650,15282,10278,10821,9685,0.45,1.41,10454.4135,0.966122678,-5161.226781
6487,-9642,4607,15264,10259,10795,9685,0.45,1.41,10435.2825,0.966677397,-5166.773969
6488,-9665,4612,15233,10232,10755,9689,0.45,1.42,10402.5425,0.967228498,-5172.284984
6489,-9719,4536,15316,10236,10804,9695,0.44,1.42,10487.674,0.970721399,-5307.213995
6490,-9759,4585,15318,10260,10783,9700,0.45,1.42,10488.7605,0.97271265,-5227.126495
6491,-9781,4571,15061,10202,10588,9701,0.45,1.42,10223.278,0.965553268,-5155.532679
6491,-9831,4570,15139,10248,10640,9702,0.45,1.42,10303.54,0.96837782,-5183.778195
6492,-9846,4466,15340,10111,10754,9703,0.44,1.43,10509.499,0.977264181,-5372.641808
6494,-9904,4491,15325,10227,10740,9705,0.44,1.43,10493.89,0.97708473,-5370.8473
6495,-9929,4367,15408,10047,10781,9706,0.43,1.43,10578.6735,0.981233049,-5512.330489
6496,-9918,4502,15471,10250,10810,9706,0.44,1.43,10642.935,0.984545328,-5445.453284
6497,-9977,4484,15453,10286,10791,9703,0.44,1.43,10624.1085,0.984534195,-5445.341952
6498,-9976,4421,15467,10236,10786,9699,0.43,1.43,10637.891,0.986268403,-5562.684035
6499,-9997,4457,15515,10258,10810,9695,0.43,1.44,10686.935,0.988615634,-5586.156337
6500,-9997,4429,15271,10162,10625,9693,0.44,1.44,10434.8875,0.982107059,-5421.070588
6501,-9997,4325,15136,10195,10523,9693,0.42,1.44,10295.4505,0.978375986,-5583.759859
6501,-9997,4460,15223,10282,10585,9696,0.43,1.44,10385.1475,0.981119273,-5511.192726
6503,-9997,4446,15588,10284,10808,9700,0.43,1.44,10759.848,0.995544782,-5655.447816
6504,-9997,4383,15562,10229,10784,9702,0.43,1.44,10732.804,0.995252596,-5652.525964
6505,-9997,4375,15513,10223,10740,9703,0.43,1.44,10681.89,0.994589385,-5645.893855
6506,-9997,4397,15622,10267,10800,9702,0.43,1.45,10793.5,0.999398148,-5693.981481
6507,-9997,4430,15490,10288,10705,9701,0.43,1.45,10657.3675,0.995550444,-5655.504437
6508,-9997,4412,15319,10266,10569,9699,0.43,1.45,10480.4515,0.991621866,-5616.218658
6509,-9997,4334,15555,10245,10734,9699,0.42,1.45,10723.629,0.999033818,-5790.338178
6510,-9997,4353,15680,10257,10801,9699,0.42,1.45,10851.5435,1.00467952,-5846.795204
6511,-9997,4396,15665,10306,10789,9697,0.43,1.45,10836.0215,1.004358282,-5743.582816
6512,-9997,4398,15527,10274,10694,9695,0.43,1.45,10693.889,0.99998962,-5699.896203
6513,-9997,4323,15555,10096,10693,9693,0.43,1.45,10721.8455,1.002697606,-5726.976059
6514,-9997,4373,15565,10214,10699,9693,0.43,1.45,10732.1065,1.003094355,-5730.943546
6515,-9997,4344,15672,10250,10751,9693,0.42,1.46,10841.3685,1.00840559,-5884.055902
6516,-9997,4276,15810,10209,10841,9691,0.42,1.46,10983.2835,1.013124573,-5931.245734
6517,-9997,4360,15741,10259,10797,9689,0.42,1.46,10912.3695,1.010685329,-5906.853293
6517,-9997,4392,15554,10287,10660,9687,0.43,1.46,10719.41,1.005573171,-5755.731707
6519,-9997,4352,15779,10231,10814,9687,0.43,1.46,10951.109,1.012678842,-5826.788422
6520,-9997,4371,15782,10284,10801,9686,0.43,1.46,10953.5435,1.01412309,-5841.230905
6521,-9997,4398,15752,10272,10786,9684,0.43,1.46,10922.891,1.012691545,-5826.915446
6522,-9997,4373,15505,10240,10628,9682,0.43,1.46,10669.018,1.003859428,-5738.594279
6523,-9997,4388,15803,10269,10807,9682,0.43,1.46,10974.8045,1.01552739,-5855.273897
6524,-9997,4445,15689,10308,10744,9686,0.43,1.46,10858.064,1.01061653,-5806.165302
6525,-9997,4406,15741,10268,10768,9694,0.43,1.46,10911.108,1.013290119,-5832.901189
6526,-9997,4408,15760,10234,10782,9701,0.43,1.46,10930.717,1.013793081,-5837.930811
6527,-9997,4387,15779,10258,10802,9706,0.43,1.46,10950.587,1.013755508,-5837.555082
6528,-9997,4435,15749,10265,10775,9706,0.43,1.46,10919.4125,1.013402552,-5834.025522
6528,-9997,4416,15840,10243,10841,9703,0.43,1.46,11013.2835,1.015891846,-5858.918458
6530,-9997,4494,15753,10318,10785,9699,0.44,1.46,10923.8475,1.012874131,-5728.741307
6531,-9997,4547,15693,10382,10746,9694,0.44,1.46,10862.151,1.010808766,-5708.087661
6532,-9997,4377,15318,10208,10502,9693,0.43,1.46,10476.537,0.997575414,-5675.754142
6533,-9997,4542,15624,10313,10704,9693,0.44,1.46,10791.324,1.008158072,-5681.580717
6534,-9997,4536,15789,10292,10823,9694,0.44,1.46,10961.5005,1.012796868,-5727.968678
6535,-9997,4461,15709,10135,10774,9695,0.44,1.46,10879.369,1.009779933,-5697.799332
6536,-9997,4530,15719,10215,10790,9695,0.44,1.46,10890.065,1.009273865,-5692.738647
6537,-9997,4606,15451,10285,10615,9695,0.45,1.46,10614.4525,0.999948422,-5499.48422
6538,-9997,4575,15606,10246,10721,9695,0.45,1.46,10774.0635,1.004949492,-5549.494917
6539,-9997,4635,15732,10327,10817,9694,0.45,1.45,10904.2395,1.008065037,-5580.650365
6540,-9997,4653,15488,10265,10656,9693,0.45,1.45,10653.236,0.999740616,-5497.406156
6541,-9991,4626,15657,10245,10781,9693,0.45,1.45,10827.6735,1.004329237,-5543.292366
6542,-9990,4565,15441,10217,10650,9693,0.45,1.45,10605.975,0.995866197,-5458.661972
6543,-9956,4676,15656,10262,10798,9698,0.46,1.45,10827.413,1.00272393,-5427.239304
6544,-9941,4712,15556,10276,10743,9702,0.46,1.45,10725.0205,0.998326399,-5383.263986
6545,-9894,4741,15720,10305,10859,9706,0.46,1.45,10894.0665,1.003229257,-5432.292568
6546,-9837,4793,15591,10258,10789,9707,0.47,1.45,10762.0215,0.997499444,-5274.994439
6547,-9800,4833,15339,10258,10637,9706,0.47,1.44,10503.4095,0.987440961,-5174.409608
6548,-9729,4798,15545,10236,10782,9704,0.47,1.44,10715.717,0.993852439,-5238.524393
6549,-9684,4847,15452,10240,10745,9702,0.47,1.44,10621.1075,0.988469753,-5184.697534
6550,-9642,4944,15231,10299,10603,9702,0.48,1.44,10393.9305,0.980282043,-5002.820428
6551,-9595,4939,15511,10312,10812,9702,0.48,1.43,10683.022,0.988070847,-5080.708472
6552,-9549,4970,15254,10269,10658,9704,0.48,1.43,10419.323,0.977605836,-4976.05836
6553,-9488,4978,15384,10219,10757,9706,0.49,1.43,10553.6295,0.981094125,-4910.941248
6554,-9441,4966,15402,10199,10790,9708,0.49,1.43,10573.065,0.97989481,-4898.9481
6555,-9362,5085,15251,10254,10707,9708,0.5,1.42,10418.4545,0.973050761,-4730.507612
6556,-9326,5087,15375,10242,10810,9708,0.5,1.42,10546.935,0.975664662,-4756.646623
6557,-9291,5129,15258,10276,10746,9707,0.5,1.42,10427.151,0.970328587,-4703.285874
6558,-9200,5160,15306,10302,10791,9706,0.5,1.42,10477.1085,0.970911732,-4709.11732
6559,-9159,5231,15030,10305,10623,9705,0.51,1.41,10193.8005,0.959597148,-4495.971477
6560,-9108,5205,15200,10248,10765,9706,0.51,1.41,10369.9775,0.963304923,-4533.049234
6561,-9024,5307,15070,10293,10696,9707,0.52,1.41,10236.976,0.957084518,-4370.845176
6562,-8961,5314,14733,10248,10487,9709,0.52,1.4,9890.8845,0.943156718,-4231.567178
6563,-8917,5314,15048,10252,10718,9712,0.52,1.4,10215.933,0.953156652,-4331.566524
6564,-8849,5381,14858,10252,10607,9712,0.52,1.4,10021.1045,0.944763317,-4247.633167
6565,-8790,5410,14774,10256,10559,9712,0.53,1.4,9935.0165,0.940905057,-4109.050573
6566,-8741,5371,15066,10157,10793,9711,0.53,1.4,10237.1955,0.948503243,-4185.032428
6567,-8669,5496,14745,10273,10585,9710,0.53,1.39,9907.1475,0.93596103,-4059.610298
6568,-8585,5462,15042,10228,10825,9710,0.53,1.39,10214.5875,0.943610855,-4136.108545
6569,-8506,5529,14981,10248,10810,9710,0.54,1.39,10152.935,0.939216929,-3992.169288
6570,-8461,5560,14914,10265,10780,9708,0.54,1.38,10084.63,0.935494434,-3954.944341
6571,-8404,5668,14746,10308,10683,9705,0.55,1.38,9912.4105,0.927867687,-3778.67687
6572,-8336,5600,14379,10267,10444,9703,0.55,1.38,9535.014,0.912965722,-3629.657219
6573,-8236,5717,14817,10268,10791,9703,0.56,1.37,9988.1085,0.925596191,-3655.961913
6574,-8154,5773,14705,10282,10738,9702,0.56,1.37,9873.803,0.919519743,-3595.19743
6575,-8075,5777,14777,10272,10813,9699,0.56,1.37,9949.0655,0.920102238,-3601.02238
6576,-8006,5841,14575,10261,10701,9695,0.57,1.36,9742.1935,0.91040029,-3404.002897
6577,-7910,5889,14623,10268,10759,9692,0.57,1.36,9792.7165,0.910188354,-3401.883539
6578,-7850,5953,14632,10303,10792,9693,0.58,1.36,9803.152,0.908372128,-3283.721275
6579,-7799,5992,14564,10304,10770,9695,0.58,1.35,9734.195,0.903824977,-3238.249768
6580,-7711,5985,14623,10288,10833,9699,0.58,1.35,9795.9355,0.904268024,-3242.680236
6581,-7654,6008,14559,10254,10813,9702,0.59,1.35,9731.0655,0.899941321,-3099.413206
6582,-7598,6001,14117,10277,10528,9704,0.58,1.34,9276.668,0.881142477,-3011.424772
6583,-7495,6126,14291,10272,10666,9704,0.6,1.34,9456.671,0.88661832,-2866.183199
6584,-7468,6082,14508,10228,10859,9703,0.59,1.34,9682.0665,0.891616769,-3016.167695
6585,-7362,6236,14200,10315,10656,9702,0.6,1.33,9365.236,0.878869745,-2788.697447
6586,-7289,6077,14288,10058,10751,9701,0.6,1.33,9457.3685,0.879673379,-2796.733792
6587,-7219,6252,14245,10271,10744,9701,0.61,1.33,9414.064,0.876215934,-2662.159345
6588,-7183,6282,14287,10249,10792,9702,0.61,1.32,9458.152,0.876404003,-2664.04003
6589,-7077,6327,14250,10256,10803,9704,0.62,1.32,9421.6305,0.872130936,-2521.309359
6590,-7026,6358,14129,10278,10736,9705,0.62,1.32,9297.716,0.866031669,-2460.316692
6591,-6964,6416,14192,10263,10812,9706,0.63,1.31,9364.022,0.866076767,-2360.767666
6592,-6895,6346,13860,10242,10593,9706,0.62,1.31,9022.4955,0.851741291,-2317.412914
6593,-6831,6397,14095,10130,10787,9707,0.63,1.31,9265.9345,0.858990869,-2289.908686
6594,-6733,6476,14051,10243,10789,9709,0.63,1.3,9222.0215,0.85476147,-2247.6147
6595,-6689,6464,13744,10237,10568,9710,0.63,1.3,8905.408,0.84267676,-2126.7676
6596,-6601,6612,13977,10268,10775,9711,0.64,1.3,9147.4125,0.848947796,-2089.477958
6597,-6528,6669,13950,10303,10788,9711,0.65,1.29,9120.978,0.845474416,-1954.74416
6598,-6482,6666,13820,10248,10705,9710,0.65,1.29,8987.3675,0.839548575,-1895.485754
6599,-6387,6684,13877,10257,10793,9709,0.65,1.29,9048.1955,0.838339248,-1883.392477
6600,-6289,6751,13801,10268,10763,9709,0.66,1.28,8970.8905,0.833493496,-1734.934962
6601,-6254,6744,13840,10253,10822,9709,0.66,1.28,9012.457,0.832790335,-1727.903345
6603,-6176,6695,13392,10192,10502,9710,0.66,1.28,8550.537,0.814181775,-1541.817749
6604,-6069,6871,13755,10277,10816,9712,0.67,1.27,8927.196,0.825369453,-1553.694527
6605,-6006,6901,13629,10279,10754,9714,0.67,1.27,8798.499,0.818160591,-1481.605914
6605,-5937,6909,13626,10230,10775,9714,0.68,1.26,8796.4125,0.81637239,-1363.723898
6606,-5879,7011,13561,10295,10747,9714,0.68,1.26,8730.1945,0.812337815,-1323.378152
6608,-5767,6910,13502,10079,10728,9715,0.69,1.26,8670.368,0.808199851,-1181.998509
6608,-5735,6983,13229,10276,10539,9715,0.68,1.26,8389.1465,0.796009726,-1160.097258
6609,-5671,7071,13405,10244,10706,9716,0.69,1.25,8572.411,0.80071091,-1107.109098
6611,-5584,7097,13453,10262,10777,9716,0.69,1.25,8623.4995,0.800176255,-1101.76255
6612,-5543,7151,13403,10262,10755,9716,0.7,1.25,8572.5425,0.797075081,-970.7508136
6613,-5513,7089,12952,10229,10418,9717,0.69,1.24,8106.883,0.778161163,-881.6116337
6614,-5417,7245,13320,10271,10746,9718,0.71,1.24,8489.151,0.789982412,-799.8241206
6614,-5364,7273,13176,10265,10651,9718,0.71,1.24,8341.0185,0.783120693,-731.2069289
6615,-5293,7310,13239,10294,10727,9718,0.71,1.23,8407.3245,0.783753566,-737.5356577
6616,-5218,7055,13123,9852,10658,9716,0.72,1.23,8288.323,0.777662132,-576.6213173
6618,-5181,7351,13207,10279,10768,9714,0.72,1.23,8377.108,0.777963224,-579.6322437
6619,-5088,7397,13157,10283,10749,9712,0.72,1.22,8326.2815,0.774609871,-546.0987069
6620,-5015,7453,13151,10326,10787,9712,0.72,1.22,8321.9345,0.771478122,-514.7812181
6621,-4951,7438,13081,10246,10744,9714,0.73,1.22,8250.064,0.767876396,-378.7639613
6622,-4876,7477,13129,10250,10819,9718,0.73,1.21,8301.3265,0.767291478,-372.9147796
6623,-4844,7407,12737,10208,10532,9721,0.73,1.21,7896.842,0.749795101,-197.9510065
6624,-4762,7583,12799,10262,10597,9722,0.74,1.21,7961.6695,0.751313532,-113.1353213
6625,-4697,7606,12759,10246,10598,9722,0.74,1.2,7921.713,0.747472448,-74.72447632
6625,-4612,7522,12951,10137,10785,9718,0.74,1.2,8121.8475,0.753068846,-130.6884562
6626,-4552,7668,12941,10273,10819,9715,0.75,1.2,8113.3265,0.749914641,0.853590905
6627,-4467,7667,12860,10249,10784,9711,0.75,1.19,8030.804,0.744696217,53.03783383
6629,-4390,7736,12834,10256,10791,9711,0.75,1.19,8005.1085,0.741831943,81.68056714
6630,-4330,7794,12633,10275,10648,9710,0.76,1.19,7797.888,0.732333584,276.6641623
6631,-4268,7812,12746,10277,10769,9709,0.76,1.18,7916.1515,0.735086963,249.1303742
6632,-4205,7866,12809,10320,10847,9708,0.76,1.18,7982.5445,0.735921868,240.781322
6633,-4156,7871,12539,10253,10643,9708,0.77,1.18,7703.6705,0.723825096,461.7490369
6634,-4121,7910,12658,10281,10763,9708,0.77,1.18,7827.8905,0.727296339,427.0366069
6634,-4088,7880,12688,10240,10817,9709,0.77,1.17,7860.2395,0.726656143,433.4385689
6636,-4019,7803,12689,10165,10836,9711,0.77,1.17,7862.066,0.725550572,444.4942783
6637,-3976,7970,12550,10261,10745,9712,0.78,1.17,7719.1075,0.718390647,616.0935319
6638,-3920,7990,12411,10259,10641,9712,0.78,1.17,7575.5835,0.71192402,680.759797
6639,-3880,8033,12431,10263,10677,9713,0.78,1.16,7597.1495,0.711543458,684.565421
6640,-3800,8044,12546,10267,10818,9714,0.78,1.16,7718.283,0.713466722,665.3327787
6641,-3752,8118,12459,10306,10757,9716,0.79,1.16,7628.6295,0.709178163,808.2183694
6642,-3723,8081,12333,10220,10672,9717,0.79,1.16,7498.932,0.702673538,873.2646177
6643,-3682,8050,12100,10268,10492,9717,0.78,1.15,7258.102,0.691774876,882.251239
6644,-3612,7935,12497,10062,10864,9717,0.79,1.15,7671.284,0.706119661,838.8033873
6645,-3549,8187,12339,10266,10754,9717,0.8,1.15,7508.499,0.698205226,1017.94774
6646,-3524,8000,12431,10087,10857,9716,0.79,1.14,7604.9795,0.700467855,895.3214516
6647,-3479,8208,12381,10259,10835,9716,0.8,1.14,7554.0225,0.697187125,1028.128749
6648,-3423,8224,12316,10261,10800,9716,0.8,1.14,7487.5,0.693287037,1067.12963
6649,-3390,8272,12115,10261,10641,9716,0.81,1.14,7279.5835,0.684107086,1258.929142
6650,-3315,8304,12163,10277,10718,9716,0.81,1.13,7330.933,0.683983299,1260.167009
6651,-3291,8264,12200,10250,10770,9716,0.81,1.13,7370.195,0.68432637,1256.736305
6652,-3258,8300,12220,10248,10801,9716,0.81,1.13,7391.5435,0.684338811,1256.611888
6653,-3244,8263,11686,10251,10347,9716,0.81,1.13,6837.7945,0.660848024,1491.519764
6654,-3157,8197,12162,10090,10794,9715,0.81,1.13,7333.239,0.679381045,1306.18955
6655,-3112,8429,12004,10294,10681,9715,0.82,1.12,7170.3235,0.671315748,1486.842524
6656,-3078,8342,12156,10260,10837,9715,0.81,1.12,7329.1095,0.676304282,1336.957184
6657,-3041,8385,12123,10215,10828,9714,0.82,1.12,7295.718,0.673782601,1462.173993
6658,-2963,8452,12058,10285,10788,9710,0.82,1.12,7228.978,0.670094364,1499.056359
6659,-2959,8444,12076,10249,10819,9707,0.82,1.12,7248.3265,0.669962705,1500.372955
6660,-2936,8432,12067,10258,10834,9704,0.82,1.11,7239.979,0.66826463,1517.353701
6661,-2901,8475,12039,10263,10815,9704,0.83,1.11,7211.1525,0.666773232,1632.267684
6662,-2851,8549,12010,10319,10808,9707,0.83,1.11,7181.848,0.664493708,1655.062916
6663,-2801,8560,11801,10271,10648,9713,0.83,1.11,6965.888,0.654196844,1758.031555
6664,-2761,8617,11719,10305,10581,9719,0.84,1.11,6880.9735,0.650314101,1896.858993
6665,-2727,8557,11928,10243,10799,9721,0.84,1.1,7099.4565,0.657417955,1825.820446
6666,-2679,8589,11908,10264,10794,9721,0.84,1.1,7079.239,0.655849453,1841.505466
6667,-2648,8600,11865,10252,10773,9720,0.84,1.1,7035.3255,0.653051657,1869.483431
6668,-2638,8676,11785,10302,10709,9719,0.84,1.1,6952.5415,0.649224157,1907.758427
6669,-2589,8661,11863,10256,10804,9719,0.84,1.1,7034.674,0.651117549,1888.824509
6670,-2536,8714,11674,10281,10648,9719,0.85,1.1,6838.888,0.642269722,2077.30278
6671,-2499,8714,11778,10268,10767,9720,0.85,1.09,6948.0645,0.645311089,2046.889106
6672,-2464,8730,11846,10307,10858,9722,0.85,1.09,7020.023,0.646530024,2034.699761
6673,-2439,8631,11569,10223,10623,9724,0.84,1.09,6732.8005,0.633794644,2062.053563
6674,-2373,8650,11632,10126,10691,9725,0.85,1.09,6798.7585,0.635932887,2140.671125
6675,-2323,8780,11595,10231,10680,9725,0.86,1.09,6761.28,0.633078652,2269.213483
6677,-2300,8816,11680,10279,10774,9718,0.86,1.08,6850.369,0.635824114,2241.758864
6678,-2280,8845,11609,10287,10719,9711,0.86,1.08,6776.9765,0.632239621,2277.603788
6678,-2247,8826,11627,10263,10764,9704,0.86,1.08,6796.934,0.631450576,2285.49424
6679,-2222,8879,11489,10284,10637,9704,0.86,1.08,6653.4095,0.625496804,2345.031964
6680,-2176,8795,11681,10238,10847,9706,0.86,1.08,6854.5445,0.631929981,2280.700194
6681,-2133,8867,11610,10262,10795,9711,0.86,1.08,6781.2825,0.628187355,2318.126447
6682,-2125,8882,11652,10283,10858,9716,0.86,1.07,6826.023,0.628663013,2313.369866
6683,-2076,8936,11553,10285,10779,9719,0.87,1.07,6723.5865,0.623767186,2462.328138
6685,-2061,8934,11639,10320,10873,9719,0.87,1.07,6813.6755,0.626660121,2433.398786
6685,-2023,8986,11386,10315,10651,9718,0.87,1.07,6551.0185,0.615061356,2549.386443
6687,-2006,8937,11555,10267,10821,9717,0.87,1.07,6727.4135,0.621699797,2483.002033
6687,-2007,8896,11507,10230,10792,9716,0.87,1.07,6678.152,0.618805782,2511.942179
6689,-1956,8933,11530,10260,10828,9716,0.87,1.06,6702.718,0.619017178,2509.828223
6689,-1951,8893,11557,10242,10859,9716,0.87,1.06,6731.0665,0.619860623,2501.393775
6690,-1952,8911,11485,10218,10807,9718,0.87,1.06,6656.8045,0.615971546,2540.284538
6691,-1932,8937,11500,10240,10818,9719,0.87,1.06,6672.283,0.616776021,2532.239786
6693,-1897,8995,11490,10275,10830,9720,0.88,1.06,6662.805,0.615217452,2647.825485
6694,-1907,8967,11321,10240,10679,9720,0.88,1.06,6487.2365,0.607476028,2725.239723
6695,-1879,9000,11394,10282,10749,9721,0.88,1.06,6563.2815,0.610594613,2694.053865
6696,-1889,8919,11511,10252,10866,9724,0.87,1.06,6685.371,0.615255936,2547.440641
6696,-1878,8983,11321,10255,10691,9727,0.88,1.06,6487.7585,0.606842999,2731.570012
6697,-1841,9004,11377,10260,10757,9728,0.88,1.06,6546.6295,0.608592498,2714.075021
6699,-1842,8964,11495,10290,10878,9727,0.87,1.06,6669.893,0.613154348,2568.456518
6700,-1840,8976,11466,10263,10855,9723,0.87,1.06,6639.8925,0.611689774,2583.102257
6701,-1827,8987,11429,10274,10823,9719,0.87,1.06,6601.5005,0.609951076,2600.489236
6702,-1837,9001,11454,10309,10848,9716,0.87,1.06,6627.588,0.610950221,2590.497788
6703,-1829,9063,11346,10325,10747,9716,0.88,1.06,6515.1945,0.606233786,2737.662138
6704,-1813,8912,11115,10237,10536,9716,0.87,1.05,6275.016,0.595578588,2744.214123
6705,-1788,8989,11426,10264,10832,9716,0.88,1.05,6598.892,0.609203471,2707.965288
6705,-1772,9006,11355,10248,10775,9716,0.88,1.05,6525.4125,0.605606729,2743.932715
6707,-1775,8842,11405,10104,10830,9716,0.88,1.05,6577.805,0.607368883,2726.311173
6708,-1760,9044,11398,10286,10829,9716,0.88,1.05,6570.7615,0.606774541,2732.254594
6708,-1734,9048,11362,10267,10794,9720,0.88,1.05,6533.239,0.605265796,2747.342042
6709,-1736,9055,11412,10276,10845,9724,0.88,1.05,6585.4575,0.60723444,2727.655602
6711,-1722,9001,11422,10238,10872,9728,0.88,1.05,6596.632,0.606754231,2732.457689
6712,-1702,9018,11404,10226,10851,9728,0.88,1.05,6577.7185,0.606185467,2738.145332
6713,-1685,9129,11237,10300,10693,9724,0.89,1.05,6403.8455,0.598882026,2911.179744
6714,-1708,9019,11129,10282,10593,9716,0.88,1.05,6291.4955,0.593929529,2860.704711
6715,-1667,9059,11247,10254,10719,9707,0.88,1.05,6414.9765,0.598467814,2815.321858
6716,-1665,9132,11100,10294,10579,9702,0.89,1.05,6261.8865,0.591916675,2980.833255
6717,-1652,9082,11268,10261,10748,9702,0.89,1.05,6437.238,0.598924265,2910.75735
6718,-1645,9131,11179,10283,10674,9708,0.89,1.05,6345.019,0.594436856,2955.631441
6719,-1661,9045,11116,10290,10622,9715,0.88,1.05,6279.757,0.591202881,2887.971192
6720,-1625,9151,11264,10303,10764,9721,0.89,1.05,6433.934,0.597727053,2922.729469
6721,-1603,9150,11297,10314,10820,9721,0.89,1.04,6469.37,0.597908503,2920.914972
6722,-1586,9041,11333,10199,10856,9721,0.89,1.04,6506.936,0.599386146,2906.138541
6723,-1579,9132,11119,10267,10656,9721,0.89,1.04,6284.236,0.589736862,3002.631381
6724,-1581,8569,10996,9645,10543,9721,0.89,1.04,6156.3205,0.583924926,3060.750735
6725,-1568,9089,11265,10264,10807,9721,0.89,1.04,6436.8045,0.59561437,2943.856297
6726,-1560,9102,11257,10256,10809,9721,0.89,1.04,6428.8915,0.594772088,2952.279119
6727,-1561,9017,11294,10208,10839,9720,0.88,1.04,6467.1965,0.596659886,2833.401144
6728,-1573,9089,11277,10268,10834,9719,0.89,1.04,6449.979,0.59534604,2946.539598
6729,-1553,9141,11188,10297,10747,9718,0.89,1.04,6357.1945,0.591532009,2984.679911
6730,-1575,8997,11246,10159,10804,9717,0.89,1.04,6417.674,0.594009071,2959.909293
6731,-1556,9055,11290,10276,10855,9718,0.88,1.04,6463.8925,0.595476048,2845.239521
6732,-1564,9066,11310,10280,10874,9721,0.88,1.04,6484.719,0.596350837,2836.491631
6733,-1578,9129,11305,10310,10867,9725,0.89,1.04,6479.4145,0.596246848,2937.531517
6734,-1560,8936,11073,10159,10646,9728,0.88,1.04,6237.801,0.585929081,2940.709187
6735,-1562,9112,11252,10288,10812,9727,0.89,1.04,6424.022,0.594156678,2958.433222
6736,-1570,9098,11185,10280,10750,9727,0.89,1.04,6354.325,0.5911,2989
6737,-1576,9144,11273,10324,10838,9725,0.89,1.04,6446.153,0.594773298,2952.267023
6738,-1576,9048,11228,10228,10792,9724,0.88,1.04,6399.152,0.592953299,2870.467013
6740,-1595,9101,11291,10299,10850,9724,0.88,1.04,6464.675,0.595822581,2841.774194
6741,-1587,9098,11307,10301,10863,9722,0.88,1.04,6481.2405,0.596634493,2833.655068
6741,-1585,9116,11121,10291,10685,9714,0.89,1.04,6287.4975,0.588441507,3015.584932
6742,-1609,9119,11086,10307,10642,9707,0.88,1.04,6250.627,0.587354539,2926.454614
6743,-1611,9075,11233,10291,10789,9701,0.88,1.04,6404.0215,0.593569515,2864.304848
6745,-1595,9085,11203,10273,10759,9701,0.88,1.04,6372.7165,0.592314946,2876.850544
6745,-1612,8938,11216,10126,10772,9707,0.88,1.04,6386.282,0.59285945,2871.405496
6746,-1619,9110,11106,10316,10667,9717,0.88,1.04,6271.7145,0.587954861,2920.451392
6747,-1620,9030,11252,10281,10803,9726,0.88,1.04,6423.6305,0.594615431,2853.845691
6748,-1618,9113,11220,10321,10771,9730,0.88,1.04,6390.2385,0.593281822,2867.181784
6749,-1632,9021,11281,10268,10833,9730,0.88,1.04,6453.9355,0.595766224,2842.337764
6751,-1644,9046,11230,10294,10779,9730,0.88,1.04,6400.5865,0.593801512,2861.984878
6751,-1633,9000,11322,10267,10877,9730,0.88,1.04,6496.8495,0.5973016,2826.984003
6753,-1638,9087,11191,10347,10744,9730,0.88,1.04,6360.064,0.591964259,2880.357409
6753,-1637,9021,11249,10282,10804,9730,0.88,1.04,6420.674,0.594286746,2857.132544
6754,-1658,8915,10785,10221,10352,9732,0.87,1.04,5937.012,0.573513524,2964.86476
6756,-1643,8910,11049,10115,10605,9739,0.88,1.04,6212.0175,0.585763083,2942.369165
6756,-1655,8968,11246,10242,10806,9746,0.88,1.04,6417.761,0.593907181,2860.928188
6758,-1643,8978,11236,10231,10796,9750,0.88,1.04,6407.326,0.593490737,2865.092627
6759,-1645,9002,11241,10249,10804,9749,0.88,1.04,6412.674,0.593546279,2864.537208
6760,-1661,8994,11260,10283,10815,9741,0.87,1.04,6432.1525,0.594743643,2752.563569
6760,-1660,8954,11266,10248,10823,9732,0.87,1.04,6438.5005,0.594890557,2751.094429
6761,-1682,8971,11276,10268,10832,9722,0.87,1.04,6448.892,0.595355613,2746.44387
6763,-1678,9048,11117,10309,10667,9721,0.88,1.04,6282.7145,0.588986079,2910.139214
6764,-1664,9104,11238,10381,10794,9722,0.88,1.04,6409.239,0.593777932,2862.220678
6764,-1703,8761,10901,10090,10468,9724,0.87,1.04,6058.058,0.578721628,2912.783722
6766,-1699,8901,11044,10268,10602,9726,0.87,1.04,6206.887,0.585444916,2845.550839
6767,-1698,9047,11085,10340,10638,9728,0.87,1.04,6249.453,0.587465031,2825.34969
6768,-1732,8999,11053,10292,10601,9728,0.87,1.04,6215.8435,0.586345015,2836.549854
6769,-1714,8925,11275,10248,10827,9730,0.87,1.04,6447.6745,0.595518103,2744.818971
6770,-1709,8964,11324,10300,10870,9732,0.87,1.04,6498.545,0.597842226,2721.577737
6771,-1712,8925,11296,10253,10840,9735,0.87,1.04,6469.24,0.596793358,2732.066421
6772,-1726,8945,11291,10315,10835,9735,0.87,1.04,6464.0225,0.596587217,2734.127826
6772,-1738,8863,11340,10244,10875,9733,0.87,1.04,6514.7625,0.599058621,2709.413793
6774,-1746,9009,11196,10342,10740,9725,0.87,1.04,6364.89,0.592634078,2773.659218
6775,-1773,8852,10946,10253,10494,9718,0.86,1.04,6104.189,0.581683724,2783.16276
6776,-1767,8937,11257,10289,10785,9711,0.87,1.04,6427.8475,0.595998841,2740.01159
6777,-1785,8956,11152,10303,10685,9711,0.87,1.04,6318.4975,0.59134277,2786.572298
6778,-1804,8869,11352,10276,10871,9716,0.86,1.04,6526.5885,0.600366894,2596.331064
6779,-1800,8913,11072,10266,10596,9724,0.87,1.04,6234.626,0.5883943,2816.057003
6780,-1826,8869,11323,10277,10837,9733,0.86,1.04,6496.1095,0.59943799,2605.620098
6781,-1845,8939,11320,10340,10821,9736,0.86,1.05,6492.4135,0.599982765,2600.17235
6782,-1848,8880,11338,10302,10843,9736,0.86,1.05,6511.3705,0.600513742,2594.862584
6783,-1864,8827,11353,10260,10841,9734,0.86,1.05,6526.2835,0.602000138,2579.998616
6784,-1875,8878,11329,10293,10815,9732,0.86,1.05,6501.1525,0.601123671,2588.763292
6785,-1876,8872,11181,10293,10675,9730,0.86,1.05,6347.0625,0.5945726,2654.274005
6786,-1923,8869,11188,10288,10667,9730,0.86,1.05,6353.7145,0.595642121,2643.578794
6787,-1899,8842,11402,10286,10875,9730,0.86,1.05,6576.7625,0.60475977,2552.402299
6788,-1927,8880,11338,10346,10803,9730,0.86,1.05,6509.6305,0.602576183,2574.238175
6788,-1927,8773,11401,10245,10868,9730,0.86,1.05,6575.458,0.60502926,2549.707398
6790,-1952,8778,11344,10270,10803,9730,0.85,1.05,6515.6305,0.603131584,2468.684162
6791,-1962,8780,11217,10230,10675,9729,0.86,1.05,6383.0625,0.597944965,2620.550351
6792,-1972,8836,11231,10308,10682,9731,0.86,1.05,6397.367,0.598892249,2611.077514
6793,-1993,8766,11256,10251,10694,9733,0.86,1.05,6422.889,0.600606789,2593.932111
6794,-2007,8771,11386,10275,10821,9734,0.85,1.05,6558.4135,0.606082016,2439.179836
6795,-2021,8758,11354,10283,10787,9734,0.85,1.05,6524.9345,0.604888709,2451.112914
6796,-2023,8677,11434,10235,10859,9734,0.85,1.05,6608.0665,0.608533613,2414.663873
6797,-2069,8560,11436,10077,10861,9734,0.85,1.05,6610.1535,0.60861371,2413.862904
6798,-2036,8748,11406,10273,10817,9734,0.85,1.05,6578.2395,0.608138994,2418.610058
6799,-2087,8652,11143,10269,10564,9734,0.84,1.05,6304.234,0.596765808,2432.341916
6800,-2093,8682,11440,10276,10845,9734,0.84,1.05,6613.4575,0.609816275,2301.837252
6801,-2112,8698,11465,10279,10863,9735,0.85,1.06,6639.2405,0.611179278,2388.207217
6802,-2106,8689,11354,10261,10753,9735,0.85,1.06,6523.4555,0.606663768,2433.362317
6803,-2121,8719,11453,10313,10844,9735,0.85,1.06,6626.414,0.611067318,2389.326817
6804,-2130,8736,11195,10300,10590,9735,0.85,1.06,6357.365,0.600317753,2496.822474
6805,-2136,8688,11446,10282,10829,9734,0.84,1.06,6618.7615,0.611207083,2287.929172
6806,-2129,8393,11568,9924,10947,9730,0.85,1.06,6745.8945,0.616232255,2337.677446
6807,-2156,8644,11449,10279,10832,9727,0.84,1.06,6621.892,0.611326809,2286.731905
6808,-2164,8548,11429,10131,10799,9725,0.84,1.06,6600.4565,0.611209973,2287.900269
6809,-2178,8637,11481,10255,10850,9725,0.84,1.06,6654.675,0.613334101,2266.658986
6810,-2204,8585,11428,10223,10799,9719,0.84,1.06,6599.4565,0.611117372,2288.82628
6811,-2200,8619,11476,10259,10834,9712,0.84,1.06,6648.979,0.613714141,2262.858593
6812,-2192,8604,11520,10265,10880,9705,0.84,1.06,6694.98,0.615347426,2246.525735
6813,-2205,8600,11536,10299,10885,9703,0.84,1.06,6711.1975,0.616554662,2234.453376
6814,-2235,8678,11333,10308,10687,9706,0.84,1.06,6499.5845,0.60817671,2318.2329
6815,-2234,8591,11253,10229,10613,9716,0.84,1.06,6416.3655,0.604576039,2354.239612
6816,-2241,8574,11343,10208,10685,9727,0.84,1.06,6509.4975,0.609218297,2307.817033
6817,-2253,8613,11296,10265,10643,9736,0.84,1.06,6460.6705,0.607034718,2329.652823
6818,-2268,8615,11553,10299,10880,9737,0.84,1.06,6727.98,0.618380515,2216.194853
6820,-2299,8566,11524,10283,10850,9738,0.83,1.06,6697.675,0.617297235,2127.02765
6820,-2297,8635,11473,10329,10803,9740,0.84,1.06,6644.6305,0.615072711,2249.272887
6822,-2316,8575,11533,10303,10849,9742,0.83,1.06,6706.6315,0.618179694,2118.20306
6822,-2297,8602,11427,10293,10750,9743,0.84,1.06,6596.325,0.613611628,2263.883721
6823,-2326,8590,11328,10295,10644,9743,0.83,1.06,6492.714,0.609988162,2200.118377
6824,-2327,8624,11543,10352,10845,9747,0.83,1.06,6716.4575,0.619313739,2106.862609
6825,-2346,8519,11224,10246,10537,9751,0.83,1.07,6384.0595,0.605870694,2241.293063
6826,-2353,8604,11365,10336,10662,9756,0.83,1.07,6530.497,0.612502063,2174.979366
6827,-2383,8586,11325,10319,10630,9755,0.83,1.07,6489.105,0.610452023,2195.479774
6828,-2385,8512,11557,10275,10841,9750,0.83,1.07,6730.2835,0.620817591,2091.824094
6829,-2411,8447,11534,10202,10819,9741,0.83,1.07,6706.3265,0.619865653,2101.34347
6831,-2398,8531,11447,10304,10732,9732,0.83,1.07,6615.542,0.61643142,2135.685799
6831,-2403,8532,11491,10306,10768,9729,0.83,1.07,6661.108,0.618602155,2113.978455
6832,-2410,8506,11354,10260,10644,9729,0.83,1.07,6518.714,0.612430853,2175.691469
6833,-2426,8520,11535,10315,10802,9727,0.83,1.07,6706.587,0.620865303,2091.346973
6834,-2446,8480,11600,10298,10865,9725,0.82,1.07,6774.3275,0.6235,1965
6835,-2455,8416,11223,10275,10510,9723,0.82,1.07,6381.885,0.607220266,2127.797336
6837,-2452,8451,11546,10264,10803,9723,0.82,1.07,6717.6305,0.621830093,1981.699065
6838,-2458,8500,11312,10292,10584,9725,0.83,1.07,6474.104,0.611687831,2183.121693
6839,-2480,8450,11590,10238,10835,9728,0.83,1.07,6763.0225,0.624182972,2058.170281
6839,-2480,8434,11631,10282,10884,9731,0.82,1.07,6806.154,0.625335722,1946.642778
6840,-2496,8497,11344,10304,10604,9733,0.82,1.07,6506.974,0.613633912,2063.660883
6841,-2505,8443,11390,10242,10643,9733,0.82,1.07,6554.6705,0.615866814,2041.331861
6842,-2505,8434,11607,10292,10850,9733,0.82,1.07,6780.675,0.624947005,1950.529954
6843,-2503,8431,11544,10268,10780,9734,0.82,1.07,6714.63,0.622878479,1971.215213
6844,-2521,8404,11621,10291,10850,9735,0.82,1.07,6794.675,0.626237327,1937.626728
6846,-2569,8385,11228,10294,10472,9735,0.81,1.07,6385.232,0.609743316,2002.566845
6847,-2558,8450,11486,10294,10714,9735,0.82,1.07,6653.759,0.621034068,1989.659324
6848,-2562,8307,11618,10217,10838,9736,0.81,1.07,6791.153,0.626605739,1833.942609
6849,-2566,8411,11590,10311,10806,9736,0.82,1.07,6761.761,0.625741347,1942.586526
6850,-2579,8313,11644,10226,10853,9737,0.81,1.07,6817.8055,0.628195476,1818.045241
6850,-2584,8382,11648,10310,10858,9737,0.81,1.07,6822.023,0.628294621,1817.053785
6851,-2597,8437,11515,10309,10725,9738,0.82,1.07,6683.2375,0.623145688,1968.543124
6852,-2601,8327,11664,10231,10869,9739,0.81,1.07,6838.5015,0.629174855,1808.251449
6854,-2613,8359,11685,10295,10881,9741,0.81,1.07,6860.0235,0.630458919,1795.410808
6855,-2624,8328,11691,10297,10880,9742,0.81,1.07,6865.98,0.631064338,1789.356618
6856,-2670,8249,11367,10233,10566,9742,0.81,1.08,6528.321,0.617861158,1921.388416
6857,-2633,8327,11607,10254,10794,9741,0.81,1.08,6778.239,0.627963591,1820.364091
6858,-2644,8433,11528,10355,10716,9741,0.81,1.08,6695.846,0.624845651,1851.543486
6859,-2659,8291,11701,10238,10880,9741,0.81,1.08,6875.98,0.631983456,1780.165441
6860,-2657,8287,11663,10239,10843,9741,0.81,1.08,6836.3705,0.630486996,1795.130038
6861,-2680,8309,11706,10288,10872,9740,0.81,1.08,6880.632,0.63287638,1771.236203
6862,-2680,8339,11661,10307,10824,9739,0.81,1.08,6833.544,0.631332594,1786.674058
6863,-2698,8342,11520,10280,10691,9738,0.81,1.08,6686.7585,0.625456786,1845.432139
6864,-2715,8344,11646,10310,10796,9738,0.81,1.08,6817.326,0.631467766,1785.322342
6865,-2721,8282,11675,10277,10823,9737,0.81,1.08,6847.5005,0.632680449,1773.19551
6866,-2743,8308,11038,10287,10228,9734,0.81,1.08,6184.618,0.604675205,2053.247947
6867,-2744,8300,11645,10297,10785,9732,0.81,1.08,6815.8475,0.631974733,1780.252666
6868,-2754,8247,11471,10220,10618,9729,0.81,1.08,6634.583,0.624843002,1851.569976
6869,-2786,8227,11750,10294,10874,9729,0.8,1.08,6924.719,0.636814328,1631.856722
6870,-2783,8299,11704,10325,10831,9730,0.8,1.08,6876.8485,0.634922768,1650.77232
6871,-2784,8224,11748,10265,10868,9731,0.8,1.08,6922.458,0.636957858,1630.421421
6872,-2795,8284,11584,10285,10711,9733,0.81,1.08,6751.6285,0.630345299,1796.547008
6873,-2819,8213,11762,10251,10880,9734,0.8,1.08,6936.98,0.637590074,1624.099265
6874,-2832,8207,11766,10291,10870,9734,0.8,1.08,6940.545,0.6385046,1614.954002
6875,-2845,8316,11592,10346,10710,9740,0.8,1.08,6759.585,0.631147059,1688.529412
6876,-2846,8141,11457,10246,10573,9745,0.79,1.08,6618.6255,0.625993143,1640.068571
6877,-2858,8245,11557,10270,10656,9751,0.8,1.08,6722.236,0.630840465,1691.595345
6878,-2867,8274,11533,10318,10638,9751,0.8,1.08,6697.453,0.62957821,1704.217898
6879,-2868,8099,11760,10127,10846,9749,0.8,1.08,6933.501,0.639268025,1607.319749
6880,-2899,8222,11588,10263,10671,9746,0.8,1.09,6753.8885,0.632919923,1670.800768
6881,-2879,8219,11694,10289,10768,9742,0.8,1.09,6864.108,0.637454309,1625.456909
6882,-2941,8095,11497,10256,10577,9740,0.79,1.09,6658.7995,0.629554647,1604.453531
6883,-2906,8171,11777,10263,10843,9740,0.8,1.09,6950.3705,0.641000692,1589.993083
6884,-2917,8209,11739,10304,10796,9742,0.8,1.09,6910.326,0.640082067,1599.179326
6885,-2954,8151,11853,10280,10899,9744,0.79,1.09,7028.8065,0.644903799,1450.962015
6886,-2954,8108,11569,10293,10639,9747,0.79,1.09,6733.4965,0.632906899,1570.931009
6887,-2961,8134,11620,10220,10670,9747,0.8,1.09,6785.845,0.635974227,1640.257732
6888,-2976,8156,11729,10277,10768,9747,0.79,1.09,6899.108,0.640704681,1492.953195
6889,-2990,8090,11859,10241,10881,9748,0.79,1.09,7034.0235,0.646450096,1435.499035
6890,-3001,8117,11859,10283,10884,9748,0.79,1.09,7034.154,0.646283903,1437.16097
6891,-3001,8101,11854,10284,10871,9749,0.79,1.09,7028.5885,0.646544798,1434.552019
6892,-3015,8148,11856,10311,10866,9750,0.79,1.09,7030.371,0.64700635,1429.936499
6893,-3025,8086,11805,10240,10822,9744,0.79,1.09,6977.457,0.644747459,1452.525411
6894,-3054,8080,11895,10284,10891,9738,0.79,1.09,7070.4585,0.649201956,1407.980443
6895,-3070,8084,11900,10289,10893,9731,0.79,1.09,7075.5455,0.649549757,1404.502433
6896,-3084,8155,11654,10328,10664,9730,0.79,1.09,6819.584,0.639495874,1505.04126
6897,-3083,8049,11944,10259,10920,9731,0.78,1.09,7120.72,0.652080586,1279.194139
6898,-3116,8093,11827,10289,10814,9734,0.79,1.09,6999.109,0.647226651,1427.733494
6899,-3138,8089,11864,10309,10835,9738,0.78,1.09,7037.0225,0.649471389,1305.28611
6900,-3129,8103,11754,10308,10721,9740,0.79,1.1,6922.0635,0.64565465,1443.453502
6901,-3145,8083,11755,10292,10715,9740,0.79,1.1,6922.8025,0.646085161,1439.14839
6902,-3176,7982,11949,10244,10892,9739,0.78,1.1,7124.502,0.654104113,1258.958869
6903,-3174,8056,11744,10272,10690,9737,0.78,1.1,6910.715,0.646465388,1335.346118
6904,-3198,8098,11846,10360,10781,9735,0.78,1.1,7016.6735,0.650836982,1291.630183
6905,-3208,8073,11890,10334,10807,9734,0.78,1.1,7061.8045,0.653447256,1265.527436
6906,-3231,8031,11744,10283,10684,9734,0.78,1.1,6910.454,0.646804006,1331.95994
6907,-3240,8035,11709,10293,10627,9738,0.78,1.1,6872.9745,0.646746448,1332.535523
6908,-3254,8000,11831,10262,10738,9742,0.78,1.1,6999.803,0.651872136,1281.278637
6909,-3275,7956,11949,10290,10844,9747,0.77,1.1,7122.414,0.656806898,1131.931022
6910,-3288,7998,11907,10300,10796,9747,0.78,1.1,7078.326,0.655643386,1243.566136
6911,-3300,7904,12023,10267,10896,9748,0.77,1.1,7198.676,0.660671439,1093.285609
6912,-3291,7997,11856,10286,10737,9751,0.78,1.1,7024.7595,0.654257195,1257.428053
6913,-3299,7954,12028,10299,10889,9754,0.77,1.1,7203.3715,0.661527367,1084.726329
6914,-3344,7899,12023,10266,10876,9756,0.77,1.11,7197.806,0.661806363,1081.936374
6915,-3337,8025,11803,10352,10674,9756,0.78,1.11,6969.019,0.652896665,1271.033352
6916,-3375,7832,11552,10233,10432,9744,0.77,1.11,6707.492,0.642972776,1270.272239
6918,-3363,7974,11970,10333,10810,9733,0.77,1.11,7141.935,0.660678538,1093.214616
6919,-3388,7982,11860,10335,10707,9722,0.77,1.11,7027.4545,0.656342066,1136.579341
6920,-3392,7971,11949,10314,10780,9722,0.77,1.11,7119.63,0.660448052,1095.519481
6920,-3425,7856,12090,10274,10906,9724,0.76,1.11,7266.111,0.666248946,937.5105447
6921,-3444,7933,11817,10292,10645,9728,0.77,1.11,6981.7575,0.655872006,1141.279944
6922,-3457,7832,12066,10270,10862,9732,0.76,1.11,7240.197,0.666562051,934.3794881
6923,-3444,7874,12097,10313,10891,9734,0.76,1.11,7272.4585,0.66774938,922.5061978
6924,-3486,7920,11854,10314,10651,9734,0.77,1.11,7019.0185,0.659000892,1109.991081
6926,-3487,7921,11979,10332,10764,9735,0.77,1.11,7148.934,0.664152174,1058.478261
6927,-3502,7881,11997,10310,10773,9737,0.76,1.11,7167.3255,0.665304511,946.9548872
6928,-3524,7876,12068,10301,10828,9739,0.76,1.11,7240.718,0.668703177,912.9682305
6929,-3559,7764,11824,10266,10606,9739,0.76,1.11,6987.061,0.658783802,1012.161984
6930,-3535,7788,11961,10203,10715,9740,0.76,1.12,7128.8025,0.665310546,946.8945404
6931,-3562,7871,11926,10286,10683,9742,0.77,1.12,7092.4105,0.663896892,1061.031077
6931,-3571,7862,11900,10300,10654,9744,0.76,1.12,7065.149,0.663145204,968.5479632
6933,-3599,7753,12190,10275,10911,9746,0.75,1.12,7366.3285,0.675128632,748.7136834
6934,-3636,7725,11821,10265,10573,9745,0.75,1.12,6982.6255,0.660420458,895.7954223
6935,-3607,7836,12098,10296,10818,9745,0.76,1.12,7270.283,0.672054261,879.4573858
6936,-3623,7821,12169,10306,10874,9744,0.76,1.12,7343.719,0.675346607,846.5339342
6937,-3621,7837,12012,10311,10727,9743,0.76,1.12,7180.3245,0.669369302,906.3069824
6938,-3651,7777,12166,10282,10859,9743,0.76,1.12,7340.0665,0.675943135,840.5686527
6939,-3670,7844,12037,10336,10730,9743,0.76,1.12,7205.455,0.671524231,884.7576887
6939,-3685,7713,12219,10274,10884,9744,0.75,1.12,7394.154,0.679359978,706.4002205
6941,-3730,7686,12220,10249,10879,9746,0.75,1.12,7394.9365,0.67974414,702.5585991
6942,-3743,7746,12138,10296,10802,9747,0.75,1.12,7309.587,0.676688298,733.1170154
6943,-3708,7736,12188,10290,10833,9747,0.75,1.13,7360.9355,0.679491877,705.0812333
6944,-3750,7722,12189,10250,10829,9747,0.75,1.13,7361.7615,0.679819143,701.8085696
6945,-3778,7772,12184,10322,10817,9748,0.75,1.13,7356.2395,0.680062818,699.3718221
6946,-3810,7738,12006,10276,10646,9749,0.75,1.13,7170.801,0.673567631,764.3236896
6947,-3803,7752,12118,10310,10746,9750,0.75,1.13,7287.151,0.678126838,718.7316211
6948,-3819,7661,12253,10286,10857,9750,0.74,1.13,7426.9795,0.684072902,559.2709772
6949,-3848,7673,12236,10273,10838,9743,0.75,1.13,7409.153,0.68362733,663.7267023
6950,-3867,7683,12254,10287,10846,9737,0.75,1.13,7427.501,0.68481477,651.8522958
6951,-3884,7643,12303,10262,10870,9730,0.74,1.13,7477.545,0.687906624,520.9337626
6952,-3891,7642,12216,10279,10778,9730,0.74,1.13,7386.543,0.68533522,546.6478011
6953,-3937,7639,12286,10279,10837,9732,0.74,1.13,7459.1095,0.688300221,516.9977854
6954,-3945,7614,12327,10274,10865,9738,0.74,1.13,7501.3275,0.690412103,495.8789692
6955,-3940,7679,12114,10330,10666,9744,0.74,1.14,7279.671,0.682511813,574.8818676
6956,-3985,7695,12307,10363,10833,9747,0.74,1.14,7479.9355,0.69047683,495.2316994
6957,-4011,7506,11958,10236,10513,9747,0.73,1.14,7117.0155,0.676972843,530.2715685
6958,-3993,7500,12365,10181,10868,9745,0.74,1.14,7539.458,0.693730033,462.6996688
6959,-4013,7655,12268,10344,10771,9742,0.74,1.14,7438.2385,0.690580123,494.1987745
6960,-4050,7605,12307,10313,10794,9739,0.74,1.14,7478.239,0.692814434,471.8556606
6961,-4058,7588,12239,10283,10725,9739,0.74,1.14,7407.2375,0.690651515,493.4848485
6962,-4079,7506,12424,10268,10883,9738,0.73,1.14,7599.1105,0.698255123,317.4487733
6963,-4095,7560,12410,10319,10856,9736,0.73,1.14,7583.936,0.698593957,314.0604274
6964,-4118,7575,12245,10313,10705,9735,0.73,1.14,7412.3675,0.692421065,375.7893508
6965,-4142,7532,12310,10269,10758,9734,0.73,1.14,7479.673,0.695266128,347.3387247
6966,-4160,7584,12290,10341,10722,9734,0.73,1.15,7458.107,0.695589162,344.1083753
6967,-4192,7397,12111,10249,10563,9733,0.72,1.15,7272.1905,0.688458819,315.4118148
6968,-4200,7479,12513,10307,10904,9732,0.73,1.15,7689.024,0.705156273,248.4372707
6969,-4243,7519,12320,10306,10725,9730,0.73,1.15,7488.2375,0.698203963,317.960373
6970,-4239,7350,12432,10114,10814,9730,0.73,1.15,7604.109,0.703172647,268.2735343
6971,-4271,7462,12557,10282,10911,9731,0.73,1.15,7733.3285,0.708764412,212.3558794
6972,-4270,7472,12512,10305,10867,9738,0.73,1.15,7686.4145,0.707317061,226.8293917
6973,-4301,7431,12559,10284,10894,9745,0.72,1.15,7734.589,0.709986139,100.1386084
6974,-4327,7477,12335,10316,10686,9750,0.72,1.15,7501.541,0.701997099,180.0290099
6975,-4346,7415,12505,10293,10830,9750,0.72,1.15,7677.805,0.708938596,110.6140351
6976,-4362,7465,12516,10340,10824,9747,0.72,1.16,7688.544,0.710323725,96.76274945
6977,-4391,7328,12221,10260,10566,9742,0.71,1.16,7382.321,0.698686447,113.1355291
6978,-4409,7333,12541,10235,10831,9736,0.72,1.16,7713.8485,0.712200951,77.99049026
6980,-4431,7335,12581,10262,10862,9734,0.71,1.16,7755.197,0.713975051,-39.75050635
6981,-4440,7389,12629,10304,10890,9734,0.72,1.16,7804.415,0.716658861,33.41138659
6982,-4451,7353,12414,10227,10688,9734,0.72,1.16,7580.628,0.709265344,107.3465569
6982,-4468,7431,12389,10354,10661,9734,0.72,1.16,7554.4535,0.708606463,113.9353719
6983,-4509,7404,12353,10336,10624,9734,0.72,1.16,7516.844,0.707534262,124.6573795
6984,-4529,7381,12461,10307,10709,9734,0.72,1.16,7628.5415,0.712348632,76.51368008
6986,-4524,7289,12625,10208,10846,9737,0.71,1.16,7798.501,0.719020929,-90.20929375
6986,-4569,7293,12694,10286,10899,9740,0.71,1.16,7869.8065,0.722066841,-120.6684099
6987,-4559,7385,12493,10337,10726,9744,0.71,1.16,7661.281,0.714271956,-42.71955995
6988,-4548,7314,12692,10262,10889,9745,0.71,1.17,7867.3715,0.722506337,-125.0633667
6989,-4576,7336,12484,10289,10706,9745,0.71,1.17,7651.411,0.714684383,-46.84382589
6991,-4600,7218,12615,10132,10805,9741,0.71,1.17,7786.7175,0.720658723,-106.5872281
6992,-4599,7263,12701,10291,10879,9737,0.71,1.17,7875.9365,0.723957763,-139.5776266
6993,-4624,7276,12688,10297,10858,9733,0.71,1.17,7862.023,0.724076533,-140.7653343
6993,-4650,7342,12532,10339,10706,9732,0.71,1.17,7699.411,0.71916785,-91.67849804
6994,-4648,7309,12445,10308,10626,9734,0.71,1.17,7608.931,0.716067288,-60.67287785
6995,-4675,7000,12492,10022,10669,9739,0.7,1.17,7657.8015,0.71776188,-177.6188021
6996,-4685,7262,12726,10311,10856,9744,0.7,1.17,7899.936,0.727702284,-277.0228445
6997,-4708,7269,12699,10354,10827,9747,0.7,1.17,7871.6745,0.727041147,-270.4114713
6998,-4723,7174,12531,10292,10671,9747,0.7,1.17,7696.8885,0.721290273,-212.902727
6999,-4749,7129,12388,10239,10546,9746,0.7,1.17,7548.451,0.715764366,-157.6436564
7001,-4734,7249,12746,10312,10848,9745,0.7,1.17,7919.588,0.730050516,-300.5051622
7001,-4761,7219,12774,10297,10866,9745,0.7,1.18,7948.371,0.731490061,-314.9006074
7002,-4773,7221,12767,10287,10849,9745,0.7,1.18,7940.6315,0.731922896,-319.2289612
7003,-4778,7152,12833,10258,10896,9743,0.7,1.18,8008.676,0.735010646,-350.1064611
7005,-4808,7187,12770,10285,10845,9738,0.7,1.18,7943.4575,0.732453435,-324.5343476
7005,-4799,7187,12789,10297,10850,9733,0.7,1.18,7962.675,0.733887097,-338.8709677
7007,-4858,7296,12636,10393,10705,9730,0.7,1.18,7803.3675,0.728946053,-289.4605325
7008,-4819,7221,12720,10303,10779,9730,0.7,1.18,7890.5865,0.732033259,-320.3325911
7009,-4844,7163,12854,10302,10881,9735,0.7,1.18,8029.0235,0.737893898,-378.9389762
7010,-4858,7218,12629,10311,10685,9741,0.7,1.18,7795.4975,0.729573935,-295.7393542
7011,-4858,7138,12855,10281,10877,9747,0.69,1.18,8029.8495,0.738241197,-482.4119702
7012,-4882,7126,12866,10284,10883,9748,0.69,1.18,8041.1105,0.738868924,-488.6892401
7013,-4916,7157,12858,10314,10865,9748,0.69,1.18,8032.3275,0.73928463,-492.8462954
7014,-4928,7099,12890,10280,10884,9751,0.69,1.18,8065.154,0.741010107,-510.1010658
7015,-4920,7141,12904,10319,10892,9755,0.69,1.18,8079.502,0.741783144,-517.8314359
7016,-4922,7145,12903,10338,10891,9757,0.69,1.18,8078.4585,0.74175544,-517.5544027
7017,-4924,7093,12816,10231,10816,9757,0.69,1.18,7988.196,0.738553624,-485.5362426
7018,-4907,7144,12723,10260,10739,9756,0.7,1.18,7891.8465,0.734877223,-348.7722321
7019,-4935,7132,12911,10327,10890,9753,0.69,1.19,8086.415,0.742554178,-525.5417815
7019,-4943,7191,12710,10331,10709,9750,0.7,1.19,7877.5415,0.735600103,-356.0010272
7021,-4962,7166,12593,10305,10600,9749,0.7,1.19,7755.8,0.731679245,-316.7924528
7022,-4956,7136,12878,10279,10846,9750,0.69,1.19,8051.501,0.742347501,-523.4750138
7023,-4992,7148,12894,10316,10859,9753,0.69,1.19,8068.0665,0.742984299,-529.8429874
7024,-4997,7111,12867,10256,10835,9756,0.69,1.19,8040.0225,0.742041763,-520.4176281
7025,-4967,7063,12996,10251,10941,9758,0.69,1.19,8173.6335,0.747064574,-570.6457362
7026,-5005,7116,12890,10277,10851,9758,0.69,1.19,8063.7185,0.74313137,-531.3137038
7027,-4986,7094,12928,10293,10873,9758,0.69,1.19,8102.6755,0.745210659,-552.1065943
7028,-4988,7050,12600,10290,10611,9758,0.69,1.19,7763.2785,0.73162553,-416.2553011
7029,-4987,7124,12659,10269,10640,9758,0.69,1.19,7823.54,0.735295113,-452.9511278
7030,-5003,7153,12707,10317,10677,9758,0.69,1.19,7873.1495,0.737393416,-473.9341575
7031,-5028,7052,12971,10275,10902,9758,0.69,1.19,8146.937,0.747288296,-572.8829573
7032,-5048,7158,12927,10343,10859,9752,0.69,1.19,8101.0665,0.746023253,-560.232526
7033,-5022,7167,12831,10344,10771,9745,0.69,1.19,8001.2385,0.742850107,-528.5010677
7034,-5027,7115,12846,10302,10783,9739,0.69,1.19,8016.7605,0.743462905,-534.6290457
7035,-5046,7080,12963,10296,10884,9739,0.69,1.19,8138.154,0.7477172,-577.1719956
7036,-5033,7099,12909,10313,10833,9742,0.69,1.19,8081.9355,0.746047771,-560.477707
7037,-5048,7136,12757,10303,10699,9748,0.69,1.19,7924.1065,0.74063992,-506.3991962
7038,-5050,7015,12626,10266,10598,9755,0.68,1.19,7788.713,0.73492291,-549.2290998
7039,-5057,7067,12900,10257,10826,9760,0.69,1.19,8072.631,0.7456707,-556.7070017
7040,-5058,6978,12679,10234,10626,9760,0.68,1.19,7842.931,0.738088745,-580.8874459
7041,-5057,7102,12798,10269,10723,9760,0.69,1.19,7966.1505,0.742903152,-529.031521
7042,-5042,7087,12882,10250,10802,9759,0.69,1.19,8053.587,0.745564433,-555.6443251
7043,-5050,7073,12965,10312,10870,9759,0.69,1.19,8139.545,0.748808188,-588.0818767
7044,-5068,6969,13017,10155,10915,9758,0.69,1.19,8193.5025,0.750664453,-606.6445259
7045,-5051,7107,12982,10332,10879,9758,0.69,1.19,8156.9365,0.749787343,-597.8734259
7046,-5066,7133,12804,10317,10727,9756,0.69,1.19,7972.3245,0.743201687,-532.0168733
7047,-5065,7174,12808,10374,10723,9754,0.69,1.19,7976.1505,0.743835727,-538.3572694
7048,-5081,7068,12979,10307,10872,9753,0.69,1.19,8153.632,0.749966152,-599.6615158
7049,-5078,7147,12727,10339,10657,9753,0.69,1.19,7892.2795,0.740572347,-505.7234681
7050,-5096,7065,12924,10254,10824,9758,0.69,1.19,8096.544,0.748017738,-580.1773836
7051,-5075,7069,12985,10308,10877,9765,0.69,1.19,8159.8495,0.750193022,-601.9302197
7052,-5102,7095,12808,10282,10730,9771,0.69,1.19,7976.455,0.743378844,-533.7884436
7053,-5075,7123,12962,10355,10855,9773,0.69,1.19,8135.8925,0.749506449,-595.0644864
7054,-5063,7062,12938,10291,10842,9770,0.69,1.19,8111.327,0.748139365,-581.3936543
7055,-5061,7139,12793,10313,10705,9760,0.69,1.2,7960.3675,0.743612097,-536.1209715
7056,-5036,7142,12921,10341,10831,9750,0.69,1.19,8093.8485,0.747285431,-572.8543071
7057,-5050,7136,12763,10308,10686,9742,0.69,1.19,7929.541,0.742049504,-520.4950402
7058,-5059,7064,12980,10283,10875,9742,0.69,1.19,8154.7625,0.749863218,-598.6321839
7059,-5045,7076,12950,10226,10857,9746,0.69,1.19,8123.9795,0.748271115,-582.7111541
7060,-5064,7068,12920,10258,10825,9751,0.69,1.19,8092.5875,0.747583141,-575.8314088
7061,-5039,7092,12921,10250,10833,9756,0.69,1.19,8093.9355,0.747155497,-571.5549709
7062,-5025,7123,12897,10276,10814,9758,0.69,1.19,8069.109,0.746172462,-561.7246162
7063,-5034,7152,12770,10310,10700,9758,0.69,1.19,7937.15,0.74178972,-517.8971963
7064,-5047,7136,12795,10310,10715,9753,0.69,1.19,7962.8025,0.743145357,-531.4535698
7065,-5049,7071,12996,10300,10897,9748,0.69,1.19,8171.7195,0.749905433,-599.0543269
7066,-5025,7122,12846,10284,10769,9743,0.69,1.19,8016.1515,0.744372876,-543.7287585
7067,-5039,7084,13065,10306,10955,9742,0.69,1.19,8243.2425,0.752463943,-624.639434
7068,-5035,7147,13057,10308,10947,9747,0.69,1.19,8234.8945,0.752251256,-622.5125605
7069,-5052,7009,12655,10235,10614,9756,0.68,1.19,7818.409,0.73661287,-566.1286979
7071,-5034,7163,12855,10314,10781,9764,0.69,1.19,8025.6735,0.744427558,-544.2755774
7071,-5038,7092,12794,10213,10725,9768,0.69,1.19,7962.2375,0.742399767,-523.997669
7072,-4989,7132,12736,10260,10684,9767,0.7,1.19,7902.454,0.739653126,-396.5312617
7073,-4996,7130,12996,10299,10900,9762,0.69,1.19,8171.85,0.749711009,-597.1100917
7074,-4999,7114,12997,10311,10918,9757,0.69,1.19,8173.633,0.748638304,-586.3830372
7075,-5005,7131,12966,10308,10888,9752,0.69,1.19,8141.328,0.747734019,-577.340191
7076,-4998,7222,12714,10353,10673,9753,0.7,1.19,7879.9755,0.738309332,-383.0933196
7077,-4968,7209,12941,10363,10872,9752,0.7,1.19,8115.632,0.746470935,-464.7093451
7078,-4978,7061,13027,10259,10942,9751,0.69,1.19,8204.677,0.749833394,-598.3339426
7080,-4953,7100,12932,10180,10873,9749,0.7,1.19,8106.6755,0.745578543,-455.7854318
7080,-4949,7205,12776,10312,10746,9748,0.7,1.19,7945.151,0.739358924,-393.5892425
7081,-4931,7178,12949,10317,10894,9748,0.7,1.19,8124.589,0.745785662,-457.8566183
7082,-4934,7224,12846,10347,10812,9753,0.7,1.19,8018.022,0.741585461,-415.854606
7083,-4933,7188,12856,10320,10812,9759,0.7,1.19,8028.022,0.742510359,-425.1035886
7084,-4907,7170,12907,10252,10863,9765,0.7,1.19,8081.2405,0.743923456,-439.2345577
7086,-4895,7154,12972,10264,10920,9766,0.7,1.19,8148.72,0.74621978,-462.1978022
7087,-4910,7172,12935,10295,10900,9765,0.7,1.19,8110.85,0.744114679,-441.146789
7088,-4912,7259,12981,10381,10938,9764,0.7,1.19,8158.503,0.745886177,-458.8617663
7088,-4902,7160,12712,10256,10704,9763,0.7,1.19,7879.324,0.736110239,-361.1023916
7089,-4889,7098,12897,10252,10864,9763,0.69,1.19,8071.284,0.742938513,-529.3851252
7090,-4874,7224,12872,10321,10859,9762,0.7,1.19,8046.0665,0.740958329,-409.583295
7092,-4865,7181,12903,10253,10887,9761,0.7,1.19,8078.2845,0.742011987,-420.1198677
7093,-4855,7245,12823,10297,10832,9759,0.7,1.18,7995.892,0.738173191,-381.7319055
7093,-4814,7247,12789,10285,10795,9757,0.7,1.18,7960.2825,0.737404585,-374.0458546
7095,-4823,7240,12857,10287,10869,9757,0.7,1.18,8031.5015,0.738936563,-389.365627
7096,-4818,7238,12868,10298,10870,9758,0.7,1.18,8042.545,0.739884545,-398.8454462
7097,-4813,7269,12874,10327,10888,9762,0.7,1.18,8049.328,0.73928435,-392.8434974
7097,-4824,7252,12784,10297,10807,9766,0.7,1.18,7955.8045,0.736171417,-361.7141667
7099,-4812,7177,12897,10266,10908,9769,0.7,1.18,8073.198,0.740117162,-401.1716172
7099,-4801,7096,12859,10084,10886,9768,0.7,1.18,8034.241,0.738034264,-380.3426419
7101,-4789,7278,12795,10328,10834,9766,0.7,1.18,7967.979,0.735460495,-354.6049474
7102,-4775,7267,12845,10301,10879,9763,0.71,1.18,8019.9365,0.737194273,-271.9427337
7102,-4771,7279,12758,10304,10807,9760,0.71,1.18,7929.8045,0.733765569,-237.6556861
7103,-4738,7224,12890,10287,10922,9758,0.7,1.18,8066.807,0.738583318,-385.8331807
7105,-4729,7316,12652,10301,10720,9758,0.71,1.18,7820.02,0.729479478,-194.7947761
7106,-4726,7278,12862,10285,10909,9765,0.71,1.18,8038.2415,0.736844945,-268.4494454
7107,-4704,7259,12806,10295,10870,9771,0.71,1.18,7980.545,0.734180773,-241.8077277
7108,-4722,7350,12855,10367,10918,9778,0.71,1.18,8031.633,0.735632259,-256.3225866
7109,-4702,7213,12859,10258,10919,9778,0.7,1.18,8035.6765,0.735935205,-359.3520469
7110,-4698,7335,12653,10291,10751,9775,0.71,1.18,7822.3685,0.727594503,-175.9450284
7110,-4707,7290,12767,10280,10849,9771,0.71,1.18,7940.6315,0.731922896,-219.2289612
7111,-4682,7371,12594,10321,10699,9767,0.71,1.18,7761.1065,0.725404851,-154.0485092
7112,-4667,7307,12808,10285,10894,9765,0.71,1.18,7983.589,0.732842757,-228.4275748
7114,-4656,7371,12780,10331,10873,9765,0.71,1.18,7954.6755,0.731598961,-215.9896073
7115,-4660,7319,12781,10317,10880,9761,0.71,1.17,7955.98,0.731248162,-212.4816176
7116,-4634,7310,12753,10247,10855,9756,0.71,1.17,7926.8925,0.730252649,-202.5264855
7117,-4621,7379,12561,10300,10694,9751,0.72,1.17,7727.889,0.722637834,-26.378343
7118,-4598,7446,12496,10387,10648,9751,0.72,1.17,7660.888,0.719467318,5.326821938
7119,-4609,7384,12677,10318,10801,9751,0.72,1.17,7848.5435,0.726649708,-66.4970836
7120,-4591,7373,12650,10286,10784,9750,0.72,1.17,7820.804,0.725222923,-52.22922849
7120,-4590,7388,12649,10289,10784,9749,0.72,1.17,7819.804,0.725130193,-51.30192878
7121,-4584,7355,12764,10286,10894,9748,0.72,1.17,7939.589,0.728803837,-88.03836974
7123,-4590,7352,12754,10311,10889,9748,0.71,1.17,7929.3715,0.728200156,-182.0015612
7124,-4577,7395,12753,10332,10890,9752,0.72,1.17,7928.415,0.728045455,-80.45454545
7125,-4543,7380,12538,10250,10706,9758,0.72,1.17,7705.411,0.719728283,2.717167943
7126,-4537,7302,12448,10275,10636,9764,0.71,1.17,7612.366,0.715716999,-57.16998872
7127,-4524,7439,12649,10303,10820,9765,0.72,1.17,7821.37,0.722862292,-28.62292052
7128,-4533,7476,12509,10362,10696,9763,0.72,1.17,7675.976,0.717649215,23.5078534
7129,-4518,7359,12578,10299,10755,9752,0.71,1.17,7747.5425,0.720366574,-103.6657369
7130,-4518,7298,12638,10133,10817,9742,0.72,1.17,7810.2395,0.722033789,-20.33789406
7131,-4494,7434,12586,10289,10780,9734,0.72,1.17,7756.63,0.719538961,4.61038961
7132,-4494,7472,12572,10317,10766,9734,0.72,1.17,7742.021,0.719117685,8.823146944
7133,-4482,7343,12808,10258,10980,9742,0.72,1.17,7987.33,0.727443534,-74.43533698
7134,-4480,7386,12728,10285,10909,9751,0.72,1.17,7904.2415,0.724561509,-45.61508846
7135,-4468,7413,12667,10283,10865,9759,0.72,1.17,7841.3275,0.721705246,-17.05246203
7136,-4467,7386,12731,10305,10922,9761,0.72,1.17,7907.807,0.724025545,-40.25544772
7137,-4455,7493,12615,10333,10822,9762,0.73,1.17,7787.457,0.719594992,104.0500832
7137,-4449,7446,12680,10337,10887,9765,0.72,1.16,7855.2845,0.721528842,-15.28841738
7139,-4459,7329,12706,10221,10904,9769,0.72,1.17,7882.024,0.7228562,-28.5619956
7140,-4417,7518,12494,10347,10725,9771,0.73,1.16,7662.2375,0.714427739,155.7226107
7141,-4433,7482,12640,10340,10860,9771,0.72,1.16,7814.11,0.719531308,4.686924494
7142,-4431,7415,12644,10281,10869,9769,0.72,1.16,7818.5015,0.719339544,6.604563437
7143,-4416,7499,12545,10310,10785,9766,0.73,1.16,7715.8475,0.715423968,145.7603153
7144,-4412,7496,12667,10346,10892,9763,0.72,1.16,7842.502,0.720024054,-0.240543518
7145,-4378,7535,12459,10353,10712,9762,0.73,1.16,7626.672,0.711974608,180.2539208
7146,-4386,7516,12593,10347,10836,9762,0.73,1.16,7766.066,0.716691214,133.0878553
7147,-4399,7466,12697,10315,10932,9762,0.72,1.16,7874.242,0.720292902,-2.929015734
7148,-4389,7536,12564,10366,10819,9762,0.73,1.16,7736.3265,0.715068537,149.3146317
7149,-4377,7422,12615,10293,10862,9762,0.72,1.16,7789.197,0.717105229,28.9477076
7150,-4365,7356,12645,10158,10893,9763,0.72,1.16,7820.5455,0.717942302,20.57697604
7151,-4362,7466,12623,10284,10874,9762,0.73,1.16,7797.719,0.717097572,129.0242781
7152,-4365,7457,12569,10260,10835,9761,0.73,1.16,7742.0225,0.714538302,154.616982
7153,-4343,7495,12599,10309,10857,9760,0.73,1.16,7772.9795,0.715941743,140.5825735
7154,-4348,7489,12663,10294,10911,9759,0.73,1.16,7839.3285,0.718479379,115.2062139
7155,-4327,7566,12378,10356,10671,9759,0.73,1.16,7543.8885,0.706952347,230.4765252
7156,-4321,7556,12416,10342,10700,9758,0.73,1.16,7583.15,0.708705607,212.9439252
7157,-4328,7460,12617,10279,10888,9757,0.73,1.16,7792.328,0.715680382,143.1961793
7158,-4337,7495,12689,10296,10952,9756,0.73,1.16,7867.112,0.718326516,116.734843
7159,-4309,7500,12445,10259,10731,9755,0.73,1.16,7613.4985,0.709486395,205.1360544
7160,-4314,7415,12339,10259,10663,9757,0.72,1.16,7504.5405,0.703792601,162.0739942
7161,-4317,7522,12601,10337,10879,9761,0.73,1.16,7775.9365,0.714765741,152.3425866
7162,-4304,7519,12568,10304,10856,9765,0.73,1.16,7741.936,0.713148121,168.5187915
7163,-4294,7431,12593,10167,10870,9768,0.73,1.16,7767.545,0.714585557,154.1444342
7164,-4292,7572,12511,10328,10810,9768,0.73,1.16,7682.935,0.710724792,192.7520814
7165,-4296,7488,12603,10302,10893,9767,0.73,1.16,7778.5455,0.714086615,159.1338474
7166,-4289,7531,12590,10306,10883,9767,0.73,1.16,7765.1105,0.71350827,164.9173022
7167,-4280,7585,12462,10348,10769,9768,0.73,1.16,7632.1515,0.708714969,212.8503111
7168,-4288,7517,12546,10284,10846,9768,0.73,1.16,7719.501,0.711737138,182.6286188
7169,-4291,7428,12632,10244,10922,9768,0.73,1.16,7808.807,0.714961271,150.3872917
7170,-4285,7460,12375,10312,10702,9765,0.72,1.16,7542.237,0.704750234,152.497664
7171,-4286,7374,12519,10085,10833,9761,0.73,1.16,7691.9355,0.710046663,199.5333703
7172,-4254,7592,12515,10336,10829,9759,0.73,1.16,7687.7615,0.709923492,200.7650753
7173,-4270,7552,12590,10345,10891,9759,0.73,1.16,7765.4585,0.713016114,169.8388578
7174,-4291,7505,12057,10221,10429,9760,0.73,1.16,7212.3615,0.691567888,384.3211238
7175,-4252,7511,12612,10297,10913,9761,0.73,1.16,7788.4155,0.713682351,163.1764868
7176,-4245,7588,12535,10350,10851,9763,0.73,1.16,7708.7185,0.710415492,195.8450834
7177,-4251,7563,12501,10300,10825,9763,0.73,1.15,7673.5875,0.708876443,211.2355658
7178,-4270,7555,12587,10323,10888,9762,0.73,1.16,7762.328,0.712925055,170.7494489
7179,-4258,7417,12600,10226,10911,9759,0.73,1.15,7776.3285,0.712705389,172.9461094
7180,-4238,7545,12591,10313,10906,9755,0.73,1.15,7767.111,0.712186961,178.1303869
7181,-4267,7321,11975,10137,10366,9752,0.72,1.16,7127.621,0.687596083,324.0391665
7182,-4243,7550,12523,10321,10850,9752,0.73,1.15,7696.675,0.709370968,206.2903226
7183,-4252,7425,12506,10178,10828,9755,0.73,1.15,7678.718,0.70915386,208.4613964
7184,-4244,7556,12585,10327,10898,9760,0.73,1.15,7760.763,0.712127271,178.7272894
7185,-4238,7568,12466,10322,10797,9766,0.73,1.15,7637.3695,0.707360332,226.3966843
7186,-4274,7520,12614,10322,10919,9768,0.73,1.16,7790.6765,0.713497252,165.027475
7187,-4234,7591,12543,10362,10871,9769,0.73,1.15,7717.5885,0.709924432,200.7556803
7188,-4255,7564,12577,10320,10892,9767,0.73,1.15,7752.502,0.711761109,182.3889093
7189,-4235,7479,12621,10288,10931,9766,0.73,1.15,7798.1985,0.713402113,165.9788674
7190,-4270,7475,12239,10281,10608,9764,0.73,1.15,7402.148,0.697789216,322.1078431
7191,-4252,7563,12472,10317,10798,9764,0.73,1.16,7643.413,0.70785451,221.4548991
7192,-4249,7463,12623,10253,10937,9764,0.73,1.15,7800.4595,0.713217473,167.825272
7193,-4262,7392,12546,10116,10867,9765,0.73,1.15,7720.4145,0.710445799,195.5420079
7194,-4253,7578,12364,10311,10695,9766,0.73,1.16,7530.9325,0.704154511,258.4548855
7195,-4254,7480,12656,10300,10961,9766,0.73,1.15,7834.5035,0.714761746,152.3825381
7196,-4252,7510,12620,10284,10931,9766,0.73,1.15,7797.1985,0.71331063,166.8936968
7197,-4257,7527,12492,10317,10817,9763,0.73,1.15,7664.2395,0.708536517,214.6348341
7198,-4265,7575,12605,10351,10909,9759,0.73,1.16,7781.2415,0.713286415,167.1358511
7199,-4249,7440,12604,10142,10910,9755,0.73,1.16,7780.285,0.713133364,168.6663611
7200,-4249,7533,12547,10274,10860,9755,0.73,1.16,7721.11,0.710967772,190.3222836
7201,-4276,7583,12392,10346,10715,9755,0.73,1.16,7559.8025,0.705534531,244.6546897
7202,-4289,7548,12518,10316,10835,9756,0.73,1.16,7691.0225,0.709831334,201.6866636
7203,-4278,7586,12382,10355,10701,9757,0.73,1.16,7549.1935,0.705466171,245.3382861
7204,-4282,7508,12462,10272,10773,9758,0.73,1.16,7632.3255,0.708467975,215.3202451
7205,-4292,7544,12568,10342,10872,9758,0.73,1.16,7742.632,0.71216262,178.3738043
7207,-4301,7503,12630,10331,10919,9765,0.73,1.16,7806.6765,0.714962588,150.3741185
7207,-4290,7569,12472,10343,10779,9774,0.73,1.16,7642.5865,0.709025559,209.7444104
7208,-4298,7492,12610,10318,10903,9783,0.73,1.16,7785.9805,0.714113593,158.8640741
7209,-4321,7260,12628,10052,10921,9785,0.72,1.16,7804.7635,0.714656488,53.43512499
7210,-4294,7511,12570,10333,10868,9783,0.73,1.16,7744.458,0.712592749,174.0725064
7211,-4299,7483,12593,10295,10879,9777,0.73,1.16,7767.9365,0.71403038,159.6962037
7212,-4310,7529,12584,10341,10879,9771,0.73,1.16,7758.9365,0.713203098,167.9690229
7213,-4315,7423,12664,10253,10935,9766,0.72,1.16,7841.3725,0.717089392,29.10608139
7214,-4319,7516,12435,10289,10735,9766,0.73,1.16,7603.6725,0.708306707,216.9329297
7215,-4308,7548,12363,10343,10664,9765,0.73,1.16,7528.584,0.705981245,240.1875469
7216,-4329,7465,12644,10294,10912,9765,0.73,1.16,7820.372,0.71667632,133.2368035
7217,-4346,7510,12581,10344,10862,9765,0.73,1.16,7755.197,0.713975051,160.2494936
7218,-4357,7481,12613,10297,10887,9765,0.73,1.16,7788.2845,0.715374713,146.2528704
7219,-4348,7478,12500,10312,10783,9765,0.73,1.16,7670.7605,0.711375359,186.2464064
7221,-4350,7424,12338,10315,10649,9768,0.72,1.16,7502.9315,0.704566767,154.3323317
7222,-4359,7449,12627,10291,10891,9771,0.72,1.16,7802.4585,0.716413415,35.86585254
7222,-4349,7487,12596,10287,10871,9773,0.73,1.16,7770.5885,0.714799788,152.0021157
7223,-4349,7488,12481,10279,10749,9773,0.73,1.16,7650.2815,0.7117203,182.7970044
7224,-4374,7474,12636,10313,10893,9774,0.72,1.16,7811.5455,0.717116084,28.83916277
7225,-4375,7526,12601,10349,10863,9776,0.73,1.16,7775.2405,0.715754442,142.4555832
7226,-4390,7516,12627,10370,10880,9776,0.72,1.16,7801.98,0.71709375,29.0625
7227,-4380,7508,12423,10320,10701,9777,0.73,1.16,7590.1935,0.709297589,207.0241099
7228,-4393,7453,12613,10322,10856,9777,0.72,1.16,7786.936,0.717293294,27.06705969
7229,-4408,7377,12758,10288,10982,9773,0.72,1.16,7937.417,0.722766072,-27.66071754
7231,-4413,7476,12598,10311,10847,9770,0.73,1.16,7771.5445,0.716469485,135.3051535
7232,-4427,7312,12587,10109,10835,9766,0.72,1.16,7760.0225,0.716199585,38.00415321
7232,-4399,7471,12648,10309,10889,9766,0.72,1.16,7823.3715,0.718465562,15.34438424
7233,-4425,7442,12408,10259,10672,9766,0.73,1.16,7573.932,0.709701274,202.9872564
7234,-4437,7497,12465,10339,10715,9766,0.73,1.16,7632.8025,0.71234741,176.5258983
7235,-4436,7414,12546,10276,10781,9765,0.72,1.16,7716.6735,0.715766024,42.3397644
7236,-4424,7399,12683,10285,10906,9765,0.72,1.16,7859.111,0.720622685,-6.226847607
7237,-4432,7459,12463,10303,10711,9765,0.72,1.16,7630.6285,0.712410466,75.89534124
7238,-4442,7472,12461,10325,10701,9768,0.72,1.16,7628.1935,0.712848659,71.51340996
7240,-4450,7404,12594,10280,10817,9773,0.72,1.16,7766.2395,0.717966118,20.33881853
7240,-4456,7471,12574,10360,10800,9777,0.72,1.16,7745.5,0.717175926,28.24074074
7241,-4461,7458,12674,10326,10885,9779,0.72,1.16,7849.1975,0.721102205,-11.02204869
7242,-4446,7423,12462,10279,10695,9776,0.72,1.17,7628.9325,0.713317672,66.82328191
7243,-4467,7399,12696,10293,10895,9768,0.72,1.17,7871.6325,0.722499541,-24.99541074
7244,-4475,7352,12651,10275,10854,9761,0.72,1.17,7824.849,0.720918463,-9.184632394
7245,-4502,7467,12489,10361,10707,9756,0.72,1.17,7656.4545,0.71508868,49.11319697
7246,-4489,7463,12589,10349,10796,9756,0.72,1.17,7760.326,0.718814931,11.85068544
7247,-4505,7346,12751,10274,10941,9764,0.72,1.17,7928.6335,0.724671739,-46.71739329
7249,-4499,7416,12660,10301,10850,9773,0.72,1.17,7833.675,0.721997696,-19.97695853
7250,-4503,7389,12729,10304,10911,9782,0.72,1.17,7905.3285,0.72452832,-45.28320044
7250,-4533,7360,12715,10302,10898,9784,0.71,1.17,7890.763,0.724056065,-140.5606533
7251,-4543,7420,12727,10339,10899,9783,0.72,1.17,7902.8065,0.725094642,-50.9464171
7252,-4525,7407,12671,10329,10861,9779,0.72,1.17,7845.1535,0.722323313,-23.2331277
7253,-4545,7313,12664,10236,10834,9776,0.71,1.17,7836.979,0.723368931,-133.6893114
7254,-4557,7287,12813,10251,10968,9773,0.71,1.17,7991.808,0.728647702,-186.4770241
7255,-4547,7411,12495,10333,10686,9773,0.72,1.17,7661.541,0.716969961,30.30039304
7256,-4561,7332,12722,10285,10884,9772,0.71,1.17,7897.154,0.725574605,-155.7460492
7258,-4565,7395,12656,10327,10824,9772,0.72,1.17,7828.544,0.723257945,-32.57945307
7259,-4576,7272,12731,10175,10887,9771,0.71,1.17,7906.2845,0.726213328,-162.1332782
7260,-4579,7296,12690,10258,10845,9771,0.71,1.17,7863.4575,0.725076763,-150.7676349
7261,-4588,7395,12561,10326,10739,9771,0.72,1.17,7729.8465,0.71979202,2.079802589
7261,-4606,7327,12722,10266,10871,9774,0.71,1.17,7896.5885,0.726390258,-163.9025849
7262,-4577,7325,12701,10279,10849,9777,0.71,1.17,7874.6315,0.725839386,-158.3938612
7263,-4594,7336,12783,10289,10914,9780,0.71,1.17,7959.459,0.729288895,-192.88895
7265,-4617,7327,12758,10305,10893,9779,0.71,1.17,7933.5455,0.728315937,-183.1593684
7266,-4618,7362,12811,10346,10941,9775,0.71,1.17,7988.6335,0.730155699,-201.5569875
7267,-4613,7367,12751,10332,10884,9769,0.71,1.17,7926.154,0.728239067,-182.3906652
7268,-4604,7335,12733,10315,10869,9762,0.71,1.17,7907.5015,0.727527969,-175.2796945
7269,-4653,7363,12687,10348,10815,9759,0.71,1.17,7859.1525,0.726690014,-166.9001387
7270,-4636,7278,12920,10203,11016,9758,0.71,1.17,8100.896,0.735375454,-253.7545389
7270,-4640,7329,12737,10315,10863,9762,0.71,1.17,7911.2405,0.728274003,-182.740035
7271,-4673,7293,12833,10297,10937,9765,0.71,1.17,8010.4595,0.732418351,-224.1835055
7272,-4661,7345,12729,10354,10842,9768,0.71,1.17,7902.327,0.728862479,-188.6247925
7273,-4676,7116,12872,10114,10963,9768,0.7,1.17,8050.5905,0.734341923,-343.4192283
7275,-4659,7372,12759,10358,10865,9770,0.71,1.17,7933.3275,0.730172803,-201.7280258
7276,-4669,7287,12802,10296,10897,9775,0.71,1.17,7977.7195,0.732102368,-221.0236762
7277,-4662,7301,12843,10341,10933,9780,0.71,1.17,8020.2855,0.733585064,-235.8506357
7278,-4684,7308,12826,10326,10920,9784,0.71,1.17,8002.72,0.732849817,-228.4981685
7279,-4697,7326,12586,10308,10701,9784,0.71,1.18,7753.1935,0.72452981,-145.298103
7279,-4687,7260,12708,10271,10809,9779,0.71,1.18,7879.8915,0.729012073,-190.1207327
7280,-4695,7358,12756,10377,10852,9774,0.71,1.18,7929.762,0.730718946,-207.1894582
7281,-4710,7270,12820,10293,10909,9768,0.71,1.18,7996.2415,0.732994912,-229.9491246
7283,-4718,7273,12800,10325,10884,9766,0.7,1.18,7975.154,0.732741088,-327.4108784
7284,-4711,7249,12883,10298,10955,9767,0.7,1.18,8061.2425,0.735850525,-358.5052487
7285,-4735,7278,12631,10265,10725,9770,0.71,1.18,7799.2375,0.727201632,-172.016317
7286,-4729,7281,12811,10312,10877,9772,0.71,1.18,7985.8495,0.734195964,-241.9596396
7287,-4733,7336,12756,10346,10835,9774,0.71,1.18,7929.0225,0.731797185,-217.9718505
7288,-4728,7210,12898,10267,10955,9774,0.7,1.18,8076.2425,0.737219763,-372.1976267
7289,-4729,7216,12893,10262,10952,9773,0.7,1.18,8071.112,0.736953251,-369.5325055
7290,-4763,7283,12742,10333,10813,9772,0.7,1.18,7914.0655,0.731902848,-319.0284842
7291,-4741,7291,12812,10317,10879,9771,0.71,1.18,7986.9365,0.734160906,-241.6090633
7292,-4760,7142,12843,10146,10906,9770,0.7,1.18,8019.111,0.735293508,-352.9350816
7293,-4756,7265,12733,10287,10795,9772,0.71,1.18,7904.2825,0.732216999,-222.1699861
7294,-4762,7285,12821,10336,10880,9780,0.7,1.18,7995.98,0.734924632,-349.2463235
7295,-4773,7248,12878,10321,10928,9788,0.7,1.18,8055.068,0.737103587,-371.0358712
7296,-4772,7298,12609,10329,10679,9794,0.71,1.18,7775.2365,0.728086572,-180.8657178
7297,-4780,7184,12848,10255,10899,9794,0.7,1.18,8023.8065,0.736196578,-361.9657767
7298,-4775,7243,12849,10309,10885,9791,0.7,1.18,8024.1975,0.737179375,-371.7937529
7299,-4805,7202,12869,10291,10907,9784,0.7,1.18,8045.1545,0.737613872,-376.1387183
7300,-4819,7166,12766,10276,10811,9777,0.7,1.18,7937.9785,0.734250162,-342.5016187
7301,-4795,7263,12849,10331,10888,9774,0.7,1.18,8024.328,0.736988244,-369.8824394
7302,-4795,7129,12781,10138,10829,9774,0.7,1.18,7953.7615,0.734487164,-344.871641
7303,-4793,7234,12872,10314,10905,9772,0.7,1.18,8048.0675,0.738016277,-380.1627694
7304,-4806,7112,12882,10142,10911,9769,0.7,1.18,8058.3285,0.738550866,-385.508661
7305,-4805,7268,12830,10322,10862,9766,0.7,1.18,8004.197,0.736899006,-368.9900571
7306,-4821,7217,12910,10343,10931,9766,0.7,1.18,8087.1985,0.739840682,-398.4068246
7307,-4824,7283,12848,10349,10884,9763,0.7,1.18,8023.154,0.737151231,-371.5123117
7308,-4833,7169,12914,10291,10928,9756,0.7,1.18,8091.068,0.740397877,-403.9787701
7309,-4822,7242,12793,10291,10826,9749,0.7,1.18,7965.631,0.735787087,-357.8708664
7310,-4829,7138,12820,10265,10847,9745,0.7,1.18,7993.5445,0.736935973,-369.3597308
7311,-4839,7185,12298,10275,10414,9745,0.7,1.18,7452.709,0.715643269,-156.4326868
7312,-4813,7260,12850,10333,10877,9754,0.7,1.18,8024.8495,0.737781511,-377.8151145
7313,-4830,7226,12907,10289,10914,9764,0.7,1.18,8083.459,0.740650449,-406.5044896
7314,-4814,7217,12886,10307,10896,9773,0.7,1.18,8061.676,0.739874816,-398.7481645
7315,-4834,7227,12894,10320,10914,9774,0.7,1.18,8070.459,0.739459318,-394.5931831
7316,-4829,7150,12865,10257,10881,9774,0.7,1.18,8040.0235,0.738904834,-389.0483411
7316,-4860,7207,12870,10304,10885,9775,0.7,1.18,8045.1975,0.739108636,-391.0863574
7318,-4831,7224,12872,10324,10885,9775,0.7,1.18,8047.1975,0.739292375,-392.9237483
7319,-4861,7220,12901,10325,10909,9774,0.7,1.18,8077.2415,0.740419974,-404.1997433
7320,-4862,6937,12904,10031,10915,9774,0.69,1.18,8080.5025,0.740311727,-503.1172698
7321,-4835,7216,12642,10267,10687,9777,0.7,1.18,7808.5845,0.730661972,-306.6197249
7322,-4826,7134,12894,10189,10909,9780,0.7,1.18,8070.2415,0.739778302,-397.7830232
7323,-4843,7258,12830,10338,10850,9784,0.7,1.18,8003.675,0.737665899,-376.6589862
7324,-4860,7176,12969,10310,10969,9784,0.7,1.18,8147.8515,0.742807138,-428.071383
7325,-4866,7237,12672,10306,10707,9784,0.7,1.18,7839.4545,0.732180303,-321.8030261
7326,-4841,7260,12709,10331,10728,9782,0.7,1.18,7877.368,0.734281133,-342.8113348
7327,-4848,7245,12937,10338,10943,9780,0.7,1.18,8114.7205,0.741544412,-415.4441195
7327,-4865,7196,12931,10338,10931,9778,0.7,1.18,8108.1985,0.741761824,-417.6182417
7329,-4853,7178,12953,10283,10952,9778,0.7,1.18,8131.112,0.742431702,-424.3170197
7330,-4885,7013,12683,10130,10713,9774,0.69,1.18,7850.7155,0.732821385,-428.2138523
7331,-4860,7266,12143,10352,10266,9768,0.7,1.18,7291.271,0.710234853,-102.3485291
7332,-4860,7223,12966,10323,10958,9762,0.7,1.18,8144.373,0.743235353,-432.3535317
7333,-4863,7231,12737,10323,10757,9761,0.7,1.18,7906.6295,0.7350218,-350.2179976
7334,-4856,7229,12905,10324,10906,9762,0.7,1.18,8081.111,0.740978452,-409.7845223
7335,-4878,7225,12941,10344,10936,9766,0.7,1.18,8118.416,0.742356986,-423.569861
7336,-4851,7193,12925,10286,10917,9769,0.7,1.18,8101.5895,0.742107676,-421.076761
7337,-4849,7218,12840,10331,10848,9772,0.7,1.18,8013.588,0.738715708,-387.1570796
7338,-4868,7174,12912,10293,10910,9772,0.7,1.18,8088.285,0.741364345,-413.6434464
7339,-4868,7177,12922,10288,10922,9772,0.7,1.18,8098.807,0.741513184,-415.131844
7340,-4843,7031,12928,10013,10929,9773,0.7,1.18,8105.1115,0.741615107,-416.151066
7341,-4844,7247,12716,10319,10750,9774,0.7,1.18,7885.325,0.733518605,-335.1860465
7342,-4865,7127,12860,10183,10869,9774,0.7,1.18,8034.5015,0.739212577,-392.1257705
7343,-4843,7248,12852,10323,10862,9774,0.7,1.18,8026.197,0.738924415,-389.2441539
7344,-4856,7124,12905,10191,10908,9780,0.7,1.18,8081.198,0.740850568,-408.5056839
7345,-4875,7234,12718,10330,10737,9787,0.7,1.18,7886.7595,0.734540328,-345.4032784
7346,-4832,7263,12842,10334,10849,9794,0.7,1.18,8015.6315,0.738835976,-388.3597567
7347,-4880,7181,12943,10320,10934,9794,0.7,1.18,8120.329,0.742667734,-426.6773367
7348,-4836,7256,12797,10334,10814,9792,0.7,1.18,7969.109,0.73692519,-369.2518957
7349,-4868,7210,12907,10295,10903,9788,0.7,1.18,8082.9805,0.741353802,-413.5380171
7350,-4880,7151,12897,10271,10896,9783,0.7,1.18,8072.676,0.740884361,-408.8436123
7351,-4865,7234,12903,10349,10896,9781,0.7,1.18,8078.676,0.741435022,-414.3502203
7352,-4859,7195,12745,10243,10763,9782,0.7,1.18,7914.8905,0.735379587,-353.7958748
7353,-4843,7243,12921,10346,10912,9776,0.7,1.18,8097.372,0.742061217,-420.6121701
7354,-4870,7221,12928,10309,10922,9770,0.7,1.18,8104.807,0.742062534,-420.6253433
7355,-4853,7189,12968,10310,10960,9764,0.7,1.18,8146.46,0.743290146,-432.9014599
7356,-4854,7216,12948,10315,10942,9764,0.7,1.18,8125.677,0.742613508,-426.1350759
7357,-4839,7269,12816,10355,10831,9766,0.7,1.18,7988.8485,0.737591035,-375.9103499
7358,-4847,7198,12902,10297,10897,9771,0.7,1.18,8077.7195,0.741279205,-412.7920529
7359,-4856,7196,12938,10319,10931,9777,0.7,1.18,8115.1985,0.742402205,-424.0220474
7360,-4860,7136,12972,10283,10963,9779,0.69,1.18,8150.5905,0.743463514,-534.6351364
7361,-4846,7213,12513,10320,10581,9779,0.7,1.18,7674.9735,0.725354267,-253.5426708
7362,-4842,7108,12820,10137,10833,9781,0.7,1.18,7992.9355,0.737832133,-378.321333
7363,-4826,7268,12902,10346,10904,9783,0.7,1.18,8078.024,0.740831255,-408.3125459
7364,-4857,7267,12800,10325,10821,9786,0.7,1.18,7972.4135,0.736753858,-367.5385824
7365,-4829,7255,12651,10323,10685,9786,0.7,1.18,7817.4975,0.731632897,-316.3289658
7366,-4840,7134,12973,10232,10954,9786,0.7,1.18,8151.199,0.744129907,-441.2990688
7367,-4839,7292,12757,10360,10779,9785,0.7,1.18,7927.5865,0.73546586,-354.6585954
7368,-4841,7282,12905,10381,10902,9785,0.7,1.18,8080.937,0.741234361,-412.3436067
7369,-4850,7254,12971,10342,10966,9784,0.7,1.18,8149.721,0.743180832,-431.8083166
7370,-4863,6993,12736,10075,10761,9785,0.69,1.18,7905.8035,0.734671824,-446.7182418
7371,-4827,7244,12791,10284,10810,9787,0.7,1.18,7962.935,0.736626735,-366.2673451
7372,-4843,7127,12651,10128,10689,9789,0.7,1.18,7817.6715,0.731375386,-313.7538591
7373,-4832,7268,12930,10357,10927,9792,0.7,1.18,8107.0245,0.741925917,-419.2591745
7374,-4845,7203,12945,10286,10947,9793,0.7,1.18,8122.8945,0.742020143,-420.201425
7375,-4814,7269,12631,10324,10671,9792,0.7,1.18,7796.8885,0.730661466,-306.6146565
7376,-4840,7166,12951,10277,10945,9786,0.7,1.18,8128.8075,0.74269598,-426.959799
7377,-4846,7233,12973,10348,10971,9779,0.7,1.18,8151.9385,0.743044253,-430.4425303
7378,-4833,7222,12903,10321,10907,9774,0.7,1.18,8079.1545,0.740731136,-407.3113597
7379,-4826,7276,12768,10333,10788,9774,0.7,1.18,7938.978,0.735908231,-359.0823137
7380,-4856,7141,12883,10281,10891,9771,0.69,1.18,8058.4585,0.739919062,-499.1906161
7381,-4822,7285,12735,10335,10768,9766,0.7,1.18,7905.108,0.734129643,-341.2964339
7382,-4823,7240,12918,10287,10920,9760,0.7,1.18,8094.72,0.741274725,-412.7472527
7383,-4841,7211,12905,10301,10908,9758,0.7,1.18,8081.198,0.740850568,-408.5056839
7384,-4793,7224,12832,10269,10853,9758,0.7,1.18,8005.8055,0.737658297,-376.5829725
7385,-4860,6999,12844,10120,10860,9774,0.69,1.18,8018.11,0.738315838,-483.1583794
7386,-4819,7077,12554,10180,10627,9791,0.7,1.18,7717.9745,0.726260892,-262.6089207
7387,-4824,7184,12659,10316,10702,9807,0.7,1.18,7826.237,0.731287329,-312.8732947
7388,-4808,7279,12683,10320,10723,9808,0.71,1.18,7851.1505,0.732178541,-221.7854145
7389,-4833,7305,12654,10340,10694,9805,0.71,1.18,7820.889,0.7313343,-213.3429961
7390,-4842,7036,12677,10129,10714,9797,0.69,1.18,7844.759,0.732197032,-421.9703192
7391,-4814,7196,12501,10318,10569,9789,0.7,1.18,7662.4515,0.724993046,-249.930457
7392,-4798,7176,12974,10263,10982,9785,0.7,1.18,8153.417,0.74243462,-424.3462029
7393,-4808,7250,12933,10336,10942,9785,0.7,1.18,8110.677,0.741242643,-412.4264303
7394,-4806,7260,12933,10352,10948,9787,0.7,1.18,8110.938,0.740860248,-408.6024845
7395,-4810,7298,12663,10328,10711,9790,0.71,1.18,7830.6285,0.731082859,-210.8285874
7396,-4793,7201,12936,10278,10949,9792,0.7,1.18,8113.9815,0.741070554,-410.7055439
7397,-4800,7281,12743,10295,10788,9792,0.71,1.18,7913.978,0.733590842,-235.9084168
7398,-4783,7286,12909,10356,10925,9794,0.7,1.18,8085.9375,0.740131579,-401.3157895
7399,-4789,7258,12876,10319,10899,9798,0.7,1.18,8051.8065,0.738765621,-387.656207
7400,-4796,7275,12719,10306,10764,9802,0.71,1.18,7888.934,0.732899851,-228.9985136
7401,-4798,7234,12466,10330,10546,9804,0.7,1.18,7626.451,0.723160535,-231.605348
7402,-4770,7278,12838,10293,10876,9804,0.71,1.18,8012.806,0.736742001,-267.4200074
7403,-4785,7286,12796,10326,10831,9797,0.71,1.18,7968.8485,0.735744483,-257.4448343
7404,-4767,7317,12938,10355,10960,9789,0.71,1.18,8116.46,0.74055292,-305.5291971
7405,-4775,7250,12940,10302,10959,9781,0.7,1.18,8118.4165,0.740799024,-407.9902363
7406,-4772,7254,12928,10313,10951,9780,0.7,1.18,8106.0685,0.740212629,-402.1262898
7407,-4768,7309,12801,10321,10840,9781,0.71,1.18,7974.24,0.735630996,-256.3099631
7408,-4763,7302,12820,10329,10854,9785,0.71,1.18,7993.849,0.73648876,-264.887599
7409,-4771,7235,12937,10309,10960,9789,0.7,1.18,8115.46,0.740461679,-404.6167883
7411,-4761,7242,12950,10316,10971,9793,0.7,1.18,8128.9385,0.740947817,-409.4781697
7411,-4781,7293,12833,10336,10871,9793,0.71,1.18,8007.5885,0.736600911,-266.0091068
7412,-4764,7247,12852,10284,10889,9794,0.7,1.18,8027.3715,0.737200064,-372.0006429
7413,-4743,7293,12920,10329,10948,9795,0.71,1.18,8097.938,0.739672817,-296.7281695
7414,-4763,7228,12973,10275,10993,9797,0.7,1.18,8152.8955,0.741644274,-416.4427363
7415,-4767,7355,12678,10367,10744,9798,0.71,1.18,7847.064,0.730367089,-203.6708861
7416,-4744,7321,12873,10352,10912,9796,0.71,1.18,8049.372,0.73766239,-276.6239003
7417,-4744,7359,12662,10367,10731,9788,0.71,1.18,7830.4985,0.729708182,-197.081819
7418,-4760,7255,12948,10309,10972,9780,0.7,1.18,8126.982,0.740701969,-407.0196865
7419,-4739,7264,12897,10311,10936,9774,0.7,1.18,8074.416,0.738333577,-383.3357718
7420,-4746,7227,12876,10273,10919,9773,0.7,1.18,8052.6765,0.737492124,-374.9212382
7421,-4763,7228,12570,10298,10649,9774,0.7,1.18,7734.9315,0.72635285,-263.5285003
7422,-4714,7311,12846,10325,10898,9776,0.71,1.18,8021.763,0.73607662,-260.7661956
7423,-4743,7328,12841,10349,10893,9778,0.71,1.18,8016.5455,0.735935509,-259.3550904
7424,-4724,7301,12885,10297,10932,9779,0.71,1.18,8062.242,0.737490121,-274.9012075
7425,-4699,7320,12822,10318,10879,9780,0.71,1.18,7996.9365,0.735080108,-250.8010847
7426,-4700,7333,12861,10319,10911,9785,0.71,1.18,8037.3285,0.736626203,-266.2620291
7427,-4706,7318,12861,10316,10915,9790,0.71,1.18,8037.5025,0.736372194,-263.7219423
7428,-4712,7345,12761,10323,10827,9795,0.71,1.18,7933.6745,0.732767572,-227.6757181
7429,-4716,7368,12761,10364,10826,9795,0.71,1.18,7933.631,0.73283124,-228.3123961
7430,-4747,7162,12682,10210,10759,9793,0.7,1.18,7851.7165,0.729781253,-297.812529
7431,-4701,7371,12558,10350,10665,9788,0.71,1.18,7723.6275,0.724203235,-142.0323488
7432,-4706,7215,12623,10129,10711,9783,0.71,1.18,7790.6285,0.72734838,-173.4838017
7433,-4685,7362,12709,10334,10780,9780,0.71,1.18,7879.63,0.73094898,-209.4897959
7434,-4688,7252,12896,10276,10957,9779,0.71,1.18,8074.3295,0.736910605,-269.1060509
7435,-4692,7353,12777,10306,10848,9781,0.71,1.18,7950.588,0.732908186,-229.0818584
7436,-4687,7366,12830,10342,10893,9782,0.71,1.18,8005.5455,0.734925686,-249.2568622
7437,-4678,7378,12748,10332,10830,9784,0.71,1.18,7920.805,0.73137627,-213.7626962
7439,-4677,7390,12792,10372,10861,9784,0.71,1.18,7966.1535,0.733464092,-234.640917
7439,-4684,7280,12874,10279,10939,9786,0.71,1.18,8051.5465,0.736040452,-260.404516
7440,-4705,7090,12716,10056,10794,9790,0.71,1.18,7887.239,0.730705855,-207.058551
7441,-4670,7319,12785,10272,10863,9794,0.71,1.18,7959.2405,0.732692672,-226.9267237
7442,-4666,7257,12886,10221,10953,9797,0.71,1.18,8064.1555,0.736250845,-262.5084452
7443,-4659,7370,12837,10356,10909,9798,0.71,1.18,8013.2415,0.734553259,-245.5325878
7445,-4656,7381,12784,10336,10873,9796,0.71,1.18,7958.6755,0.731966844,-219.6684448
7446,-4665,7386,12833,10322,10908,9793,0.72,1.18,8009.198,0.734249908,-142.4990832
7446,-4659,7360,12832,10326,10907,9791,0.71,1.18,8008.1545,0.734221555,-242.2155496
7447,-4654,7381,12809,10334,10898,9791,0.71,1.18,7984.763,0.732681501,-226.8150119
7448,-4657,7411,12620,10362,10730,9791,0.72,1.18,7788.455,0.725857875,-58.57875116
7449,-4637,7384,12567,10311,10678,9794,0.72,1.18,7733.193,0.724217363,-42.17362802
7450,-4629,7345,12861,10269,10936,9797,0.72,1.18,8038.416,0.735041697,-150.4169715
7451,-4646,7300,12530,10317,10655,9800,0.71,1.18,7695.1925,0.722214219,-122.1421868
7452,-4648,7331,12835,10321,10916,9800,0.71,1.18,8011.546,0.733926896,-239.268963
7453,-4625,7391,12780,10312,10875,9799,0.72,1.18,7954.7625,0.731472414,-114.7241379
7455,-4635,7401,12775,10332,10876,9797,0.72,1.17,7949.806,0.73094943,-109.4942994
7456,-4613,7376,12738,10319,10834,9795,0.71,1.18,7910.979,0.73019928,-201.9928004
7456,-4630,7333,12910,10307,10983,9794,0.71,1.18,8089.4605,0.736543795,-265.4379496
7457,-4629,7363,12880,10337,10974,9794,0.71,1.17,8059.069,0.73437844,-243.7843995
7458,-4612,7393,12550,10319,10679,9791,0.72,1.18,7716.2365,0.72256171,-25.61709898
7459,-4634,7398,12757,10329,10866,9788,0.72,1.17,7931.371,0.729925548,-99.2554758
7460,-4630,7351,12721,10306,10828,9784,0.71,1.17,7893.718,0.729009789,-190.0978943
7462,-4596,7434,12077,10361,10286,9785,0.72,1.17,7226.141,0.702521972,174.7802839
7463,-4596,7261,12804,10148,10916,9786,0.72,1.17,7980.546,0.731087028,-110.8702822
7464,-4613,7395,12755,10337,10864,9788,0.72,1.17,7929.284,0.72986782,-98.67820324
7464,-4603,7354,12795,10310,10907,9790,0.71,1.17,7971.1545,0.730829238,-208.292381
7465,-4590,7417,12687,10325,10808,9790,0.72,1.17,7858.848,0.727132494,-71.32494449
7466,-4593,7398,12814,10334,10921,9790,0.72,1.17,7990.7635,0.731687895,-116.8789488
7467,-4604,7352,12811,10314,10922,9786,0.71,1.17,7987.807,0.731350211,-213.5021058
7468,-4590,7317,12848,10254,10960,9781,0.71,1.17,8026.46,0.732341241,-223.4124088
7469,-4569,7391,12767,10305,10886,9777,0.72,1.17,7942.241,0.729583042,-95.8304244
7470,-4599,7034,12665,9892,10797,9777,0.71,1.17,7836.3695,0.725791377,-157.9137723
7472,-4588,7324,12559,10298,10713,9778,0.71,1.17,7726.7155,0.721246663,-112.4666293
7473,-4557,7354,12572,10222,10723,9781,0.72,1.17,7740.1505,0.721826961,-18.26960739
7474,-4562,7444,12591,10347,10736,9785,0.72,1.17,7759.716,0.722775335,-27.7533532
7474,-4573,7418,12793,10336,10916,9786,0.72,1.17,7969.546,0.730079333,-100.7933309
7475,-4576,7415,12847,10346,10966,9786,0.72,1.17,8025.721,0.731873153,-118.7315338
7476,-4560,7458,12570,10353,10720,9789,0.72,1.17,7738.02,0.721830224,-18.30223881
7477,-4538,7446,12733,10350,10872,9793,0.72,1.17,7907.632,0.72733922,-73.39220015
7478,-4544,7440,12760,10336,10899,9797,0.72,1.17,7935.8065,0.728122442,-81.22442426
7480,-4554,7444,12631,10313,10777,9798,0.72,1.17,7801.4995,0.723902709,-39.02709474
7481,-4543,7393,12555,10296,10721,9797,0.72,1.17,7723.0635,0.720367829,-3.678294935
7482,-4532,7415,12724,10302,10873,9792,0.72,1.17,7898.6755,0.726448588,-64.48588246
7483,-4524,7338,12785,10207,10931,9788,0.72,1.17,7962.1985,0.728405315,-84.05315159
7483,-4515,7443,12807,10357,10940,9785,0.72,1.17,7984.59,0.729852834,-98.52833638
7484,-4542,7369,12808,10282,10950,9785,0.72,1.17,7986.025,0.729317352,-93.17351598
7485,-4548,7384,12782,10338,10924,9786,0.71,1.17,7958.894,0.728569572,-185.6957159
7486,-4516,7376,12771,10271,10916,9787,0.72,1.17,7947.546,0.728063943,-80.63942836
7487,-4491,7426,12638,10320,10810,9787,0.72,1.17,7809.935,0.722473173,-24.73172988
7489,-4519,7417,12760,10318,10908,9787,0.72,1.17,7936.198,0.727557572,-75.57572424
7490,-4522,7349,12798,10248,10953,9788,0.72,1.17,7976.1555,0.728216516,-82.16516023
7491,-4499,7346,12518,10217,10703,9793,0.72,1.17,7685.2805,0.718049192,19.50808185
7492,-4467,7480,12616,10334,10790,9798,0.72,1.17,7787.065,0.721692771,-16.92771084
7493,-4484,7460,12753,10325,10921,9802,0.72,1.17,7929.7635,0.726102326,-61.02325794
7493,-4495,7439,12778,10340,10934,9802,0.72,1.17,7955.329,0.72757719,-75.77190415
7494,-4474,7494,12624,10341,10809,9800,0.72,1.17,7795.8915,0.721240772,-12.40771579
7495,-4467,7425,12772,10310,10941,9798,0.72,1.17,7949.6335,0.726591125,-65.91125126
7497,-4467,7526,12643,10393,10820,9796,0.72,1.17,7815.37,0.722307763,-23.07763401
7498,-4473,7471,12743,10330,10921,9795,0.72,1.17,7919.7635,0.725186659,-51.86658731
7499,-4481,7464,12731,10331,10910,9796,0.72,1.17,7907.285,0.72477406,-47.74060495
7500,-4464,7434,12778,10294,10957,9796,0.72,1.17,7956.3295,0.726141234,-61.41233914
7501,-4463,7369,12718,10305,10903,9796,0.72,1.17,7893.9805,0.724019123,-40.19123177
7501,-4461,7405,12735,10285,10914,9795,0.72,1.17,7911.459,0.724890874,-48.90874107
7502,-4452,7471,12723,10311,10912,9795,0.72,1.17,7899.372,0.723916056,-39.16055718
7503,-4457,7418,12781,10299,10964,9794,0.72,1.17,7959.634,0.725979022,-59.79022255
7504,-4437,7415,12774,10259,10961,9793,0.72,1.17,7952.5035,0.725527187,-55.271873
7506,-4433,7504,12730,10349,10924,9791,0.73,1.17,7906.894,0.72380941,61.90589528
7507,-4453,7365,12406,10265,10634,9790,0.72,1.17,7570.279,0.711893831,81.06168892
7508,-4425,7469,12728,10336,10933,9790,0.72,1.16,7905.2855,0.72306645,-30.66450197
7509,-4426,7483,12640,10324,10846,9796,0.72,1.17,7813.501,0.720403928,-4.039277153
7510,-4439,7450,12755,10334,10957,9803,0.72,1.16,7933.3295,0.724042119,-40.42119193
7510,-4451,7318,12654,10195,10868,9810,0.72,1.16,7828.458,0.720321862,-3.218623482
7511,-4404,7404,12473,10309,10717,9810,0.72,1.16,7640.8895,0.712969068,70.30932164
7512,-4425,7396,12402,10298,10654,9807,0.72,1.16,7567.149,0.710263657,97.36343157
7514,-4396,7513,12734,10349,10940,9799,0.73,1.16,7911.59,0.723180073,68.19926874
7515,-4416,7499,12693,10344,10911,9792,0.72,1.16,7869.3285,0.721228897,-12.28897443
7516,-4394,7551,12737,10395,10949,9787,0.73,1.16,7914.9815,0.722895379,71.04621427
7517,-4410,7507,12677,10341,10901,9788,0.73,1.16,7852.8935,0.720382855,96.17145216
7518,-4406,7432,12769,10311,10982,9792,0.72,1.16,7948.417,0.723767711,-37.67710799
7518,-4377,7487,12618,10292,10839,9797,0.73,1.16,7791.1965,0.718811376,111.8862441
7519,-4393,7499,12715,10349,10938,9803,0.72,1.16,7892.503,0.721567288,-15.67288353
7521,-4386,7426,12720,10335,10946,9803,0.72,1.16,7897.851,0.721528504,-15.28503563
7521,-4393,7427,12408,10323,10678,9803,0.72,1.16,7574.193,0.709326934,106.7306612
7523,-4369,7543,12695,10370,10934,9801,0.73,1.16,7872.329,0.71998619,100.1381013
7524,-4394,7546,12684,10376,10918,9799,0.73,1.16,7860.633,0.719970049,100.2995054
7525,-4373,7453,12623,10287,10861,9798,0.72,1.16,7797.1535,0.71790383,20.96169782
7526,-4342,7552,12613,10362,10862,9797,0.73,1.16,7787.197,0.716921101,130.7889891
7527,-4338,7527,12504,10341,10754,9796,0.73,1.16,7673.499,0.713548354,164.516459
7528,-4366,7595,12403,10411,10680,9794,0.73,1.16,7569.28,0.708734082,212.659176
7528,-4351,7507,12589,10308,10844,9792,0.73,1.16,7762.414,0.71582571,141.7428993
7529,-4336,7484,12661,10300,10912,9792,0.73,1.16,7837.372,0.718234238,117.6576246
7531,-4337,7547,12509,10347,10771,9791,0.73,1.16,7679.2385,0.712955018,170.449819
7532,-4347,7539,12376,10329,10673,9788,0.73,1.16,7541.9755,0.706640635,233.5936475
7533,-4354,7501,12635,10275,10899,9785,0.73,1.16,7810.8065,0.7166535,133.4649968
7534,-4327,7519,12734,10339,10979,9782,0.73,1.16,7913.2865,0.720765689,92.34310957
7535,-4342,7466,12742,10305,10994,9783,0.72,1.16,7921.939,0.720569311,-5.69310533
7536,-4360,7518,12675,10320,10933,9784,0.73,1.16,7852.2855,0.718218741,117.8125857
7537,-4331,7553,12564,10329,10842,9784,0.73,1.16,7737.327,0.713643885,163.5611511
7538,-4322,7513,12597,10312,10871,9785,0.73,1.16,7771.5885,0.714891776,151.0822371
7539,-4311,7480,12682,10289,10947,9785,0.73,1.16,7859.8945,0.717995296,120.0470449
7540,-4331,7491,12635,10318,10903,9785,0.73,1.16,7810.9805,0.716406539,135.9346052
7541,-4336,7241,12512,10037,10791,9790,0.72,1.16,7683.1085,0.711992262,80.0773793
7542,-4296,7558,12659,10360,10936,9795,0.73,1.16,7836.416,0.716570593,134.2940746
7543,-4306,7488,12461,10238,10759,9800,0.73,1.16,7630.7165,0.70924031,207.5968956
7544,-4302,7519,12643,10326,10920,9800,0.73,1.16,7819.72,0.716091575,139.0842491
7545,-4295,7582,12621,10359,10902,9798,0.73,1.16,7796.937,0.715184095,148.1590534
7546,-4285,7591,12584,10390,10872,9795,0.73,1.16,7758.632,0.71363429,163.6571008
7546,-4292,7539,12612,10304,10900,9791,0.73,1.16,7787.85,0.714481651,155.1834862
7548,-4287,7581,12592,10366,10877,9789,0.73,1.16,7766.8495,0.714061736,159.3826423
7549,-4308,7487,12665,10302,10934,9789,0.73,1.16,7842.329,0.717242455,127.5754527
7550,-4295,7511,12657,10322,10943,9788,0.73,1.16,7834.7205,0.715957279,140.4272137
7551,-4304,7545,12504,10330,10803,9786,0.73,1.16,7675.6305,0.710509164,194.9083588
7552,-4306,7454,12365,10299,10685,9785,0.72,1.16,7531.4975,0.704866401,151.335985
7553,-4288,7462,12646,10204,10939,9785,0.73,1.16,7823.5465,0.715197596,148.0240424
7554,-4281,7573,12598,10346,10896,9787,0.73,1.16,7773.676,0.713443098,165.5690162
7555,-4260,7574,12520,10320,10829,9790,0.73,1.16,7692.7615,0.710385216,196.1478438
7556,-4271,7572,12563,10348,10864,9794,0.73,1.16,7737.284,0.712194772,178.0522828
7556,-4271,7555,12644,10332,10939,9796,0.73,1.16,7821.5465,0.715014764,149.8523631
7558,-4267,7604,12489,10363,10804,9796,0.73,1.16,7660.674,0.709059052,209.409478
7559,-4274,7491,12679,10310,10973,9792,0.73,1.16,7858.0255,0.716123713,138.7628725
7560,-4268,7525,12595,10288,10905,9786,0.73,1.15,7771.0675,0.712615085,173.8491518
7561,-4262,7450,12609,10288,10918,9781,0.72,1.15,7785.633,0.713100659,68.99340539
7562,-4237,7451,12243,10261,10602,9780,0.73,1.15,7405.887,0.698536786,314.6321449
7563,-4255,7424,12651,10143,10959,9781,0.73,1.15,7829.4165,0.714428004,155.7199562
7563,-4248,7566,12629,10360,10935,9787,0.73,1.15,7806.3725,0.71388866,161.1133973
7565,-4248,7589,12411,10332,10745,9794,0.73,1.16,7580.1075,0.705454397,245.4560261
7566,-4254,7519,12630,10320,10942,9800,0.73,1.15,7807.677,0.713551179,164.4882106
7567,-4270,7582,12630,10358,10938,9800,0.73,1.15,7807.503,0.713796215,162.0378497
7568,-4246,7568,12675,10358,10986,9798,0.73,1.15,7854.591,0.714963681,150.3631895
7569,-4233,7593,12627,10384,10940,9795,0.73,1.15,7804.59,0.713399452,166.0054845
7570,-4256,7586,12453,10323,10785,9793,0.73,1.15,7623.8475,0.706893602,231.0639777
7571,-4249,7228,12537,9996,10859,9793,0.72,1.15,7711.0665,0.710108343,98.9165669
7571,-4223,7589,12565,10330,10894,9793,0.73,1.15,7740.589,0.710536901,194.6309895
7573,-4235,7295,11818,9975,10249,9793,0.73,1.15,6965.5315,0.679630354,503.6964582
7574,-4214,7573,12495,10319,10829,9793,0.73,1.15,7667.7615,0.7080766,219.2340013
7575,-4211,7530,12588,10298,10914,9793,0.73,1.15,7764.459,0.711421935,185.7806487
7576,-4231,7614,12479,10363,10813,9793,0.73,1.15,7651.0655,0.707580274,224.1972626
7577,-4232,7526,12655,10312,10968,9794,0.73,1.15,7833.808,0.714242159,157.5784099
7578,-4215,7586,12504,10340,10842,9794,0.73,1.15,7677.327,0.708109851,218.9014942
7579,-4230,7538,12621,10342,10938,9795,0.73,1.15,7798.503,0.712973396,170.266045
7580,-4224,7627,12440,10375,10785,9795,0.74,1.15,7610.8475,0.705688224,343.1177561
7580,-4233,7511,12673,10228,10994,9795,0.73,1.15,7852.939,0.71429316,157.0684009
7582,-4228,7563,12062,10364,10455,9796,0.73,1.15,7218.4925,0.690434481,395.6551889
7582,-4215,7605,12524,10349,10874,9796,0.73,1.15,7698.719,0.707993287,220.0671326
7583,-4229,7522,12605,10290,10934,9797,0.73,1.15,7782.329,0.711754984,182.4501555
7585,-4208,7563,12568,10337,10914,9797,0.73,1.15,7744.459,0.709589426,204.1057358
7586,-4216,7557,12568,10357,10907,9798,0.73,1.15,7744.1545,0.710016916,199.8308426
7587,-4220,7603,12588,10362,10916,9800,0.73,1.15,7764.546,0.71129956,187.0043972
7588,-4226,7607,12541,10344,10874,9802,0.74,1.15,7715.719,0.709556649,304.4335111
7589,-4239,7541,12706,10359,11023,9803,0.73,1.15,7887.2005,0.715522136,144.7786447
7590,-4229,7574,12651,10349,10984,9803,0.73,1.15,7830.504,0.712900947,170.9905317
7590,-4218,7481,12644,10281,10968,9798,0.73,1.15,7822.808,0.713239241,167.6075857
7591,-4213,7553,12255,10350,10641,9792,0.73,1.15,7419.5835,0.697263744,327.3625599
7592,-4220,7561,12586,10309,10925,9785,0.73,1.15,7762.9375,0.710566362,194.3363844
7593,-4216,7615,12549,10365,10883,9785,0.73,1.15,7724.1105,0.709740926,202.5907378
7595,-4239,7556,12567,10343,10906,9786,0.73,1.15,7743.111,0.709986338,200.136622
7596,-4213,7592,12350,10333,10712,9789,0.73,1.15,7517.672,0.701799104,282.0089619
7597,-4210,7582,12615,10331,10943,9792,0.73,1.15,7792.7205,0.712119209,178.8079137
7598,-4222,7563,12537,10327,10878,9793,0.73,1.15,7711.893,0.708944015,210.5598456
7599,-4244,7540,12621,10319,10952,9793,0.73,1.15,7799.112,0.712117604,178.8239591
7599,-4213,7570,12601,10320,10938,9793,0.73,1.15,7778.503,0.711144908,188.5509234
7600,-4238,7185,12566,9935,10904,9794,0.72,1.15,7742.024,0.710016875,99.83125459
7602,-4221,7594,12525,10346,10864,9794,0.73,1.15,7699.284,0.708696981,213.0301915
7603,-4218,7585,12577,10342,10917,9794,0.73,1.15,7753.5895,0.710230787,197.6921315
7604,-4233,7545,12592,10316,10923,9794,0.73,1.15,7768.8505,0.711237801,187.6219903
7605,-4212,7566,12568,10311,10909,9789,0.73,1.15,7744.2415,0.70989472,201.0528004
7605,-4216,7570,12575,10330,10910,9786,0.73,1.15,7751.285,0.710475252,195.2474794
7607,-4220,7524,12613,10314,10947,9783,0.73,1.15,7790.8945,0.711692199,183.0780122
7608,-4219,7568,12618,10337,10954,9783,0.73,1.15,7796.199,0.711721654,182.7834581
7609,-4250,7569,12604,10364,10934,9788,0.73,1.15,7781.329,0.711663527,183.3647339
7609,-4227,7608,12348,10353,10710,9795,0.73,1.15,7515.585,0.701735294,282.6470588
7610,-4227,7486,12661,10317,10983,9803,0.73,1.15,7840.4605,0.713872394,161.276063
7612,-4222,7542,12555,10316,10895,9806,0.73,1.15,7730.6325,0.709557825,204.4217531
7613,-4213,7567,12584,10338,10931,9806,0.73,1.15,7761.1985,0.710017245,199.8275547
7614,-4244,7580,12528,10367,10873,9808,0.73,1.15,7702.6755,0.708422285,215.7771544
7615,-4245,7631,12361,10393,10714,9810,0.73,1.15,7528.759,0.702702912,272.9708792
7616,-4231,7630,12440,10393,10786,9811,0.73,1.15,7610.891,0.705626831,243.7316892
7617,-4229,7594,12454,10341,10793,9811,0.73,1.15,7625.1955,0.706494533,235.0546651
7618,-4245,7537,12630,10337,10957,9807,0.73,1.15,7808.3295,0.712633887,173.6611299
7619,-4229,7622,12435,10389,10778,9802,0.73,1.15,7605.543,0.705654389,243.4561143
7620,-4243,7522,12618,10333,10945,9797,0.73,1.15,7795.8075,0.712271128,177.2887163
7620,-4269,7513,12466,10341,10800,9794,0.73,1.15,7637.5,0.707175926,228.2407407
7622,-4267,7561,12200,10381,10572,9794,0.73,1.15,7361.582,0.696328226,336.717745
7623,-4225,7469,12610,10180,10937,9792,0.73,1.15,7787.4595,0.712028847,179.7115297
7624,-4233,7587,12639,10388,10955,9790,0.73,1.15,7817.2425,0.71357759,164.2240986
7625,-4247,7616,12468,10375,10808,9788,0.73,1.15,7639.848,0.706869726,231.3027387
7626,-4241,7533,12608,10315,10938,9788,0.73,1.15,7785.503,0.711784878,182.1512159
7626,-4259,7506,12713,10311,11020,9789,0.73,1.15,7894.07,0.71634029,136.5970962
7627,-4264,7583,12427,10345,10768,9791,0.73,1.15,7597.108,0.705526374,244.7362556
7629,-4235,7545,12571,10331,10893,9792,0.73,1.15,7746.5455,0.711148949,188.5105113
7630,-4251,7512,12622,10286,10946,9793,0.73,1.15,7799.851,0.712575461,174.2453864
7631,-4261,7353,12633,10168,10949,9793,0.72,1.15,7810.9815,0.713396794,66.03205772
7632,-4248,7057,12266,9629,10630,9789,0.73,1.15,7430.105,0.698975071,310.2492944
7633,-4236,7509,12502,10244,10833,9785,0.73,1.15,7674.9355,0.708477384,215.2261608
7634,-4253,7554,12647,10333,10954,9780,0.73,1.15,7825.199,0.714369089,156.3091108
7634,-4263,7457,12650,10265,10967,9780,0.73,1.15,7828.7645,0.713847406,161.5259415
7635,-4275,7550,12655,10348,10968,9783,0.73,1.15,7833.808,0.714242159,157.5784099
7636,-4257,7536,12696,10348,11000,9791,0.73,1.15,7876.2,0.716018182,139.8181818
7637,-4260,7524,12524,10272,10848,9800,0.73,1.15,7697.588,0.709585914,204.1408555
7639,-4263,7520,12710,10330,11006,9805,0.73,1.15,7890.461,0.716923587,130.7641287
7640,-4282,7486,12684,10298,10989,9804,0.73,1.15,7863.7215,0.715599372,144.006279
7641,-4279,7386,12684,10094,10979,9806,0.73,1.16,7863.2865,0.71621154,137.8845979
7642,-4258,7589,12389,10368,10725,9808,0.73,1.16,7557.2375,0.704637529,253.6247086
7643,-4286,7456,12536,10205,10853,9811,0.73,1.16,7709.8055,0.710384732,196.1526767
7644,-4293,7521,12592,10347,10899,9811,0.73,1.16,7767.8065,0.712708184,172.9181576
7644,-4284,7539,12424,10303,10749,9812,0.73,1.16,7593.2815,0.706417481,235.825193
7646,-4279,7513,12672,10322,10970,9813,0.73,1.16,7850.895,0.715669553,143.3044667
7647,-4274,7504,12459,10256,10777,9813,0.73,1.16,7629.4995,0.707942795,220.5720516
7648,-4271,7534,12484,10337,10803,9814,0.73,1.16,7655.6305,0.708657827,213.4217347
7649,-4274,7444,12670,10260,10964,9814,0.73,1.16,7848.634,0.71585498,141.4502007
7650,-4280,7494,12673,10291,10969,9811,0.73,1.16,7851.8515,0.715821998,141.7800164
7651,-4302,7482,12652,10320,10951,9806,0.72,1.16,7830.0685,0.715009451,49.90548808
7651,-4312,7551,12565,10359,10873,9800,0.73,1.16,7739.6755,0.711825209,181.7479077
7653,-4296,7408,12654,10220,10952,9798,0.72,1.16,7832.112,0.715130752,48.69247626
7654,-4288,7551,12613,10366,10912,9798,0.73,1.16,7789.372,0.713835411,161.6458944
7655,-4309,7463,12729,10308,11015,9797,0.72,1.16,7909.8525,0.718098275,19.01724921
7656,-4323,7534,12679,10350,10967,9797,0.73,1.16,7857.7645,0.716491702,135.0829762
7657,-4301,7557,12438,10348,10749,9797,0.73,1.16,7607.2815,0.707719927,222.8007256
7658,-4303,7530,12571,10309,10871,9797,0.73,1.16,7745.5885,0.712500092,174.9990801
7659,-4308,7502,12606,10335,10904,9799,0.73,1.16,7782.024,0.713685253,163.1474688
7660,-4315,7558,12567,10359,10865,9804,0.73,1.16,7741.3275,0.712501381,174.9861942
7661,-4304,7453,12656,10315,10950,9809,0.72,1.16,7834.025,0.715436073,45.63926941
7662,-4332,7419,12302,10276,10645,9811,0.72,1.16,7466.7575,0.701433302,185.6669798
7663,-4291,7502,12671,10341,10963,9811,0.73,1.16,7849.5905,0.716007525,139.9247469
7663,-4302,7526,12648,10349,10938,9811,0.73,1.16,7825.503,0.715441854,145.5814591
7665,-4319,7472,12540,10244,10839,9810,0.73,1.16,7713.1965,0.71161514,183.8486023
7666,-4333,7526,12718,10370,10997,9809,0.73,1.16,7898.0695,0.718202192,117.9780849
7667,-4326,7462,12684,10333,10964,9809,0.72,1.16,7862.634,0.717131886,28.68113827
7668,-4336,7509,12702,10350,10983,9808,0.73,1.16,7881.4605,0.717605436,123.9456433
7669,-4335,7480,12685,10310,10959,9806,0.73,1.16,7863.4165,0.717530477,124.6952277
7670,-4355,7503,12629,10339,10917,9804,0.73,1.16,7805.5895,0.714994,150.0599982
7670,-4293,7279,12674,9994,10960,9803,0.73,1.16,7852.46,0.716465328,135.3467153
7672,-4347,7435,12226,10305,10557,9803,0.72,1.16,7386.9295,0.699718623,202.8137729
7673,-4314,7552,12618,10369,10912,9800,0.73,1.16,7794.372,0.714293622,157.063783
7674,-4343,7552,12501,10368,10791,9798,0.73,1.16,7672.1085,0.710972894,190.2710592
7675,-4364,7484,12715,10363,10982,9795,0.72,1.16,7894.417,0.718850574,11.49426334
7676,-4366,7527,12614,10341,10894,9794,0.73,1.16,7789.589,0.71503479,149.6521021
7677,-4322,7537,12635,10364,10914,9795,0.73,1.16,7811.459,0.715728331,142.7166942
7678,-4358,7500,12617,10360,10896,9798,0.72,1.16,7792.676,0.715186858,48.13142438
7679,-4350,7514,12650,10355,10921,9801,0.73,1.16,7826.7635,0.716670955,133.2904496
7680,-4350,7487,12648,10323,10926,9803,0.73,1.16,7824.981,0.716179846,138.2015376
7681,-4367,7389,12678,10307,10952,9803,0.72,1.16,7856.112,0.717322133,26.77867056
7682,-4348,7418,12245,10331,10563,9806,0.72,1.16,7406.1905,0.701144609,188.5539146
7683,-4364,7382,12558,10159,10849,9808,0.73,1.16,7731.6315,0.712658448,173.4155222
7684,-4335,7449,12722,10313,10979,9811,0.72,1.16,7901.2865,0.719672693,3.273066764
7685,-4352,7518,12700,10363,10972,9811,0.73,1.16,7878.982,0.718098979,119.0102078
7686,-4362,7476,12710,10337,10971,9811,0.72,1.16,7888.9385,0.719071962,9.280375536
7687,-4359,7513,12454,10339,10743,9807,0.73,1.16,7623.0205,0.709580238,204.1976171
7688,-4387,7494,12577,10330,10849,9803,0.73,1.16,7750.6315,0.714409761,155.9023873
7689,-4349,7496,12705,10378,10968,9800,0.72,1.16,7883.808,0.718800875,11.99124726
7690,-4377,7385,12706,10274,10974,9800,0.72,1.16,7885.069,0.718522781,14.77218881
7691,-4369,7431,12695,10237,10958,9799,0.73,1.16,7873.373,0.718504563,114.9543712
7692,-4365,7483,12184,10358,10509,9798,0.72,1.16,7342.8415,0.698719336,212.8066419
7693,-4365,7430,12708,10277,10971,9797,0.72,1.16,7886.9385,0.718889664,11.10336341
7694,-4375,7510,12698,10384,10953,9797,0.72,1.16,7876.1555,0.719086597,9.134027207
7695,-4392,7427,12741,10333,10995,9797,0.72,1.16,7920.9825,0.72041678,-4.167803547
7696,-4378,7522,12528,10368,10805,9805,0.73,1.16,7699.7175,0.712606895,173.9310504
7697,-4394,7448,12678,10309,10942,9812,0.72,1.16,7855.677,0.717937946,20.62054469
7698,-4389,7472,12576,10334,10846,9819,0.72,1.16,7749.501,0.714503135,54.96865204
7699,-4375,7467,12541,10299,10814,9819,0.73,1.16,7713.109,0.713252173,167.4782689
7700,-4389,7420,12750,10288,11007,9815,0.72,1.16,7930.5045,0.720496457,-4.964568002
7701,-4361,7328,12732,10112,10985,9808,0.72,1.16,7911.5475,0.720213701,-2.137005007
7702,-4379,7466,12503,10294,10790,9801,0.73,1.16,7674.065,0.711220111,187.7988879
7703,-4380,7344,12660,10173,10923,9799,0.72,1.16,7836.8505,0.717463197,25.36803076
7704,-4391,7490,12497,10351,10773,9799,0.72,1.16,7667.3255,0.711716838,82.83161608
7705,-4389,7361,12795,10249,11035,9799,0.72,1.16,7976.7225,0.722856593,-28.5659266
7706,-4377,7470,12746,10358,10995,9798,0.72,1.16,7925.9825,0.720871533,-8.715325148
7707,-4415,7371,12464,10302,10735,9798,0.72,1.16,7632.6725,0.711008151,89.91849092
7708,-4409,7494,12709,10395,10962,9798,0.72,1.16,7887.547,0.719535395,4.646049991
7709,-4394,7515,12462,10378,10735,9799,0.72,1.16,7630.6725,0.710821844,91.78155566
7710,-4398,7470,12591,10332,10855,9801,0.72,1.16,7764.8925,0.71532865,46.71349608
7711,-4416,7404,12725,10338,10974,9803,0.72,1.16,7904.069,0.720254146,-2.541461637
7712,-4397,7481,12501,10331,10778,9805,0.72,1.16,7671.543,0.711777974,82.2202635
7713,-4389,7339,12694,10179,10958,9805,0.72,1.16,7872.373,0.718413305,15.86694652
7714,-4388,7505,12410,10365,10702,9807,0.72,1.16,7577.237,0.70802065,119.7934965
7715,-4400,7447,12714,10325,10969,9810,0.72,1.16,7892.8515,0.719559805,4.401950953
7716,-4411,7492,12661,10367,10916,9813,0.72,1.16,7837.546,0.717986992,20.13008428
7717,-4396,7452,12658,10327,10916,9813,0.72,1.16,7834.546,0.717712166,22.87834372
7718,-4407,7415,12669,10313,10930,9815,0.72,1.16,7846.155,0.717854986,21.45013724
7719,-4409,7381,12681,10258,10933,9819,0.72,1.16,7858.2855,0.718767539,12.32461356
7720,-4413,7479,12644,10346,10902,9822,0.72,1.16,7819.937,0.717293799,27.06200697
7721,-4410,7374,12704,10286,10953,9824,0.72,1.16,7882.1555,0.719634392,3.656075961
7722,-4422,7456,12710,10345,10959,9824,0.72,1.16,7888.4165,0.719811707,1.882927274
7723,-4409,7334,12697,10184,10953,9821,0.72,1.16,7875.1555,0.718995298,10.04701908
7724,-4397,7388,12696,10292,10947,9816,0.72,1.16,7873.8945,0.719274185,7.258152919
7725,-4434,7411,12687,10295,10945,9812,0.72,1.16,7864.8075,0.718575377,14.24623116
7726,-4426,7431,12755,10366,11000,9811,0.72,1.16,7935.2,0.721381818,-13.81818182
7727,-4409,7469,12413,10333,10694,9810,0.72,1.16,7579.889,0.708798298,112.0170189
7728,-4416,7470,12715,10385,10966,9807,0.72,1.16,7893.721,0.719835947,1.64052526
7729,-4421,7427,12704,10321,10957,9804,0.72,1.16,7882.3295,0.71938756,6.124395364
7730,-4401,7420,12713,10336,10969,9802,0.72,1.16,7891.8515,0.719468639,5.313611086
7731,-4396,7427,12782,10284,11021,9802,0.72,1.16,7963.1135,0.722540015,-25.40014518
7732,-4434,7350,12379,10301,10679,9804,0.71,1.16,7545.2365,0.706548975,34.51025377
7733,-4397,7457,12592,10317,10861,9806,0.72,1.16,7766.1535,0.715049581,49.5041893
7734,-4418,7464,12740,10354,10986,9809,0.72,1.16,7919.591,0.720880302,-8.803022028
7735,-4410,7424,12689,10290,10947,9811,0.72,1.16,7866.8945,0.71863474,13.65259889
7736,-4427,7398,12681,10319,10938,9811,0.72,1.16,7858.503,0.718458859,15.41140976
7737,-4422,7485,12465,10364,10735,9815,0.72,1.16,7633.6725,0.711101304,88.98695855
7738,-4433,7467,12470,10345,10745,9818,0.72,1.16,7639.1075,0.710945323,90.54676594
7739,-4416,7486,12556,10364,10821,9821,0.72,1.16,7728.4135,0.71420511,57.94889567
7740,-4427,7366,12778,10285,11023,9821,0.72,1.16,7959.2005,0.722053933,-20.53932686
7741,-4433,7094,12655,9960,10908,9818,0.71,1.16,7831.198,0.71793161,-79.31609828
7742,-4416,7448,12494,10318,10767,9813,0.72,1.16,7664.0645,0.711810579,81.8942138
7743,-4414,7384,12677,10254,10938,9808,0.72,1.16,7854.503,0.718093161,19.06838545
7744,-4431,7488,12436,10382,10718,9805,0.72,1.16,7603.933,0.709454469,105.4553088
7745,-4420,7356,12641,10263,10904,9805,0.72,1.16,7817.024,0.716895084,31.04915627
7746,-4455,7391,12742,10326,10992,9806,0.72,1.16,7921.852,0.720692504,-6.92503639
7747,-4419,7467,12650,10347,10908,9807,0.72,1.16,7826.198,0.717473231,25.26769344
7748,-4437,7421,12629,10307,10895,9807,0.72,1.16,7804.6325,0.716349931,36.50068839
7749,-4411,7473,12594,10380,10854,9807,0.72,1.16,7767.849,0.715666943,43.33056938
7750,-4462,7371,12437,10354,10724,9807,0.71,1.16,7605.194,0.709175121,8.248787766
7751,-4458,7288,12581,10255,10842,9805,0.71,1.16,7754.327,0.715211861,-52.1186128
7752,-4418,7428,12623,10311,10892,9804,0.72,1.16,7798.502,0.715984392,40.15607786
7753,-4426,7456,12717,10386,10973,9803,0.72,1.16,7896.0255,0.719586758,4.13241593
7754,-4430,7375,12695,10297,10947,9803,0.72,1.16,7872.8945,0.719182835,8.1716452
7755,-4421,7425,12716,10343,10966,9802,0.72,1.16,7894.721,0.719927138,0.728615721
7756,-4440,7376,12631,10319,10894,9799,0.71,1.16,7806.589,0.716595282,-65.95281806
7757,-4450,7387,12714,10327,10966,9796,0.72,1.16,7892.721,0.719744757,2.552434798
7758,-4445,7446,12681,10374,10942,9796,0.72,1.16,7858.677,0.718212118,17.87881557
7759,-4431,7325,12352,10303,10645,9798,0.71,1.16,7516.7575,0.706130343,38.69657116
7760,-4451,7260,12723,10142,10979,9808,0.72,1.16,7902.2865,0.719763776,2.362236998
7761,-4436,7361,12599,10305,10861,9818,0.71,1.16,7773.1535,0.715694089,-56.94088942
7762,-4430,7297,12350,10253,10657,9826,0.71,1.16,7515.2795,0.705196537,48.03462513
7763,-4425,7325,12611,10202,10879,9826,0.72,1.16,7785.9365,0.715684943,43.15056531
7764,-4433,7371,12742,10325,10989,9820,0.71,1.16,7921.7215,0.720877377,-108.7737738
7766,-4457,7462,12534,10355,10811,9813,0.72,1.16,7705.9785,0.712790537,72.09462584
7766,-4434,7402,12728,10347,10979,9806,0.72,1.16,7907.2865,0.720219191,-2.191911832
7767,-4436,7325,12759,10277,11002,9805,0.71,1.16,7939.287,0.72162216,-116.2215961
7768,-4406,7413,12776,10337,11027,9804,0.72,1.16,7957.3745,0.721626417,-16.26416977
7769,-4430,7303,12737,10197,10987,9802,0.72,1.16,7916.6345,0.720545599,-5.455993447
7769,-4452,7354,12724,10279,10979,9800,0.72,1.16,7903.2865,0.719854859,1.451407232
7770,-4429,7243,12711,10072,10963,9798,0.72,1.16,7889.5905,0.719656162,3.438383654
7772,-4441,7353,12243,10302,10554,9798,0.71,1.16,7403.799,0.701515918,84.84081865
7773,-4461,7354,12679,10244,10945,9797,0.72,1.16,7856.8075,0.71784445,21.5555048
7774,-4422,7430,12733,10365,10980,9796,0.72,1.16,7912.33,0.720612933,-6.129326047
7774,-4452,7368,12775,10324,11020,9794,0.71,1.16,7956.07,0.721966425,-119.6642468
7775,-4465,7479,12507,10389,10785,9794,0.72,1.16,7677.8475,0.711900556,80.99443672
7776,-4438,7283,12637,10135,10904,9793,0.72,1.16,7813.024,0.716528247,34.71753485
7776,-4442,7441,12505,10339,10790,9798,0.72,1.16,7676.065,0.711405468,85.94531974
7777,-4466,7377,12664,10336,10924,9803,0.71,1.16,7840.894,0.717767668,-77.67667521
7778,-4442,7371,12741,10308,10991,9808,0.72,1.16,7920.8085,0.720663133,-6.631334728
7779,-4459,7297,12689,10271,10942,9808,0.71,1.16,7866.677,0.718943246,-89.43246207
7780,-4431,7420,12697,10366,10955,9811,0.72,1.16,7875.2425,0.718871976,11.28023733
7781,-4433,7330,12666,10209,10933,9816,0.72,1.16,7843.2855,0.717395546,26.04454404
7782,-4428,7418,12697,10355,10957,9821,0.72,1.16,7875.3295,0.718748699,12.51300538
7782,-4453,7365,12769,10337,11019,9823,0.71,1.16,7950.0265,0.721483483,-114.8348307
7783,-4456,7464,12646,10382,10905,9823,0.72,1.16,7822.0675,0.717291839,27.08161394
7784,-4439,7428,12491,10320,10770,9823,0.72,1.16,7661.195,0.711345868,86.54131848
7784,-4459,7396,12740,10338,10995,9823,0.72,1.16,7919.9825,0.72032583,-3.258299227
7785,-4441,7388,12680,10323,10934,9824,0.72,1.16,7857.329,0.718614322,13.85677703
7786,-4459,7389,12697,10320,10951,9824,0.72,1.16,7875.0685,0.719118665,8.813350379
7786,-4470,7219,12724,10199,10973,9823,0.71,1.16,7903.0255,0.720224688,-102.2468787
7787,-4421,7404,12675,10318,10936,9821,0.72,1.16,7852.416,0.71803365,19.66349671
7788,-4446,7361,12695,10270,10959,9818,0.72,1.16,7873.4165,0.718442969,15.57030751
7788,-4432,7404,12699,10353,10962,9816,0.72,1.16,7877.547,0.718623153,13.76847291
7789,-4450,7303,12529,10151,10809,9816,0.72,1.16,7700.8915,0.712451799,75.48200574
7789,-4445,7432,12621,10349,10886,9810,0.72,1.16,7796.241,0.716171321,38.28679037
7790,-4437,7463,12707,10384,10965,9802,0.72,1.16,7885.6775,0.719168035,8.319653443
7791,-4438,7429,12520,10333,10800,9794,0.72,1.16,7691.5,0.712175926,78.24074074
7792,-4443,7435,12542,10346,10811,9793,0.72,1.16,7713.9785,0.713530524,64.69475534
7792,-4447,7377,12757,10324,11009,9794,0.71,1.16,7937.5915,0.721009311,-110.0931056
7793,-4488,7309,12593,10312,10858,9802,0.71,1.16,7767.023,0.715327224,-53.27224167
7793,-4443,7405,12635,10341,10902,9809,0.72,1.16,7810.937,0.716468263,35.31737296
7794,-4452,7261,12742,10192,10999,9815,0.71,1.16,7922.1565,0.720261524,-102.6152377
7794,-4436,7468,12514,10396,10795,9815,0.72,1.16,7685.2825,0.711929829,80.70171376
7795,-4440,7322,12719,10225,10974,9817,0.72,1.16,7898.069,0.719707399,2.926006925
7796,-4441,7447,12628,10363,10898,9820,0.72,1.16,7803.763,0.716072949,39.27050835
7796,-4448,7385,12777,10368,11024,9823,0.71,1.16,7958.244,0.721901669,-119.0166909
7797,-4450,7450,12537,10364,10819,9824,0.72,1.16,7709.3265,0.712572927,74.27072742
7797,-4449,7403,12661,10346,10920,9824,0.72,1.16,7837.72,0.717739927,22.6007326
7798,-4461,7373,12745,10340,10994,9822,0.71,1.16,7924.939,0.720842187,-108.4218665
7798,-4486,7222,12738,10207,10988,9821,0.71,1.16,7917.678,0.720574991,-105.749909
7798,-4432,7416,12513,10322,10785,9819,0.72,1.16,7683.8475,0.712456885,75.43115438
7799,-4437,7413,12549,10316,10821,9819,0.72,1.16,7721.4135,0.71355822,64.41779872
7800,-4451,7463,12463,10385,10740,9817,0.72,1.16,7631.89,0.710604283,93.95716946
7800,-4458,7415,12714,10340,10971,9813,0.72,1.16,7892.9385,0.71943656,5.634399781
7800,-4460,7361,12674,10322,10932,9810,0.71,1.16,7851.242,0.718188986,-81.88986462
7801,-4443,7406,12662,10348,10926,9808,0.72,1.16,7838.981,0.717461193,25.38806517
7801,-4466,7429,12736,10387,10988,9808,0.72,1.16,7915.678,0.720392974,-3.929741536
7802,-4449,7343,12734,10316,10986,9812,0.71,1.16,7913.591,0.720334153,-103.3415256
7802,-4459,7351,12749,10329,10995,9816,0.71,1.16,7928.9825,0.721144384,-111.4438381
7802,-4464,7343,12691,10323,10952,9820,0.71,1.16,7869.112,0.718509131,-85.09130752
7802,-4479,7335,12443,10343,10746,9820,0.71,1.16,7612.151,0.70837065,16.29350456
7803,-4449,7443,12700,10396,10959,9819,0.72,1.16,7878.4165,0.718899215,11.00784743
7803,-4449,7452,12581,10368,10845,9816,0.72,1.16,7754.4575,0.715026049,49.7395113
7804,-4469,7405,12674,10350,10938,9813,0.72,1.16,7851.503,0.717818888,21.81111721
7804,-4460,7409,12681,10361,10940,9811,0.72,1.16,7858.59,0.718335466,16.64533821
7804,-4454,7419,12655,10333,10905,9811,0.72,1.16,7831.0675,0.718117148,18.82851903
7805,-4442,7459,12551,10378,10820,9810,0.72,1.16,7723.37,0.713804991,61.95009242
7805,-4449,7432,12425,10353,10709,9809,0.72,1.16,7592.5415,0.708986974,110.1302643
7805,-4463,7361,12711,10292,10969,9809,0.72,1.16,7889.8515,0.719286307,7.136931352
7805,-4459,7008,12704,9917,10966,9809,0.71,1.16,7882.721,0.718832847,-88.32846982
7805,-4451,7355,12044,10313,10395,9809,0.71,1.16,7197.8825,0.692436989,175.6301106
7806,-4455,7231,12775,10141,11026,9810,0.71,1.16,7956.331,0.721597225,-115.9722474
7806,-4474,7353,12635,10282,10901,9810,0.72,1.16,7810.8935,0.716529997,34.70002752
7807,-4430,7298,12741,10220,10996,9811,0.71,1.16,7921.026,0.72035522,-103.5522008
7807,-4447,7447,12585,10368,10850,9810,0.72,1.16,7758.675,0.715085253,49.14746544
7807,-4445,7349,12709,10309,10964,9812,0.71,1.16,7887.634,0.719412076,-94.12075885
7807,-4464,7352,12787,10341,11034,9813,0.71,1.16,7968.679,0.72219313,-121.9313032
7807,-4450,7459,12487,10386,10761,9815,0.72,1.16,7656.8035,0.711532711,84.67289285
7807,-4452,7437,12667,10352,10923,9815,0.72,1.16,7843.8505,0.718104047,18.95953493
7808,-4451,7211,12762,10053,11010,9814,0.72,1.16,7942.635,0.721401907,-14.01907357
7808,-4453,7374,12767,10332,11011,9809,0.71,1.16,7947.6785,0.721794433,-117.9443284
7808,-4456,7321,12720,10245,10973,9804,0.71,1.16,7899.0255,0.719860157,-98.60156748
7808,-4443,7428,12507,10348,10778,9801,0.72,1.16,7677.543,0.712334663,76.65336797
7808,-4452,7395,12674,10337,10944,9801,0.72,1.16,7851.764,0.717449196,25.50804094
7808,-4433,7441,12698,10378,10955,9803,0.72,1.16,7876.2425,0.718963259,10.36741214
7809,-4451,7396,12741,10339,10989,9807,0.72,1.16,7920.7215,0.720786377,-7.863772864
7809,-4447,7416,12568,10323,10839,9810,0.72,1.16,7741.1965,0.714198404,58.01596088
7808,-4471,7318,12443,10318,10728,9811,0.71,1.16,7611.368,0.709486204,5.137956749
7808,-4438,7364,12764,10292,11010,9810,0.72,1.16,7944.635,0.72158356,-15.835604
7809,-4475,7332,12682,10329,10944,9808,0.71,1.16,7859.764,0.71818019,-81.80190058
7809,-4465,7450,12634,10363,10897,9805,0.72,1.16,7809.7195,0.71668528,33.14719648
7809,-4449,7348,12657,10236,10921,9803,0.72,1.16,7833.7635,0.717311922,26.88078015
7809,-4447,7421,12695,10367,10947,9803,0.72,1.16,7872.8945,0.719182835,8.1716452
7809,-4471,7357,12763,10321,11008,9807,0.71,1.16,7943.548,0.721615916,-116.159157
7808,-4449,7425,12573,10362,10840,9813,0.72,1.16,7746.24,0.714597786,54.02214022
7808,-4469,7338,12738,10302,10990,9820,0.71,1.16,7917.765,0.720451774,-104.5177434
7809,-4459,7392,12694,10309,10955,9823,0.72,1.16,7872.2425,0.718598129,14.01871292
7809,-4463,7355,12692,10295,10949,9823,0.71,1.16,7869.9815,0.718785414,-87.85414193
7809,-4459,7346,12693,10278,10951,9828,0.71,1.16,7871.0685,0.718753402,-87.53401516
7809,-4467,7275,12778,10285,11023,9834,0.71,1.16,7959.2005,0.722053933,-120.5393269
7809,-4462,7407,12089,10367,10421,9839,0.71,1.16,7244.0135,0.695136119,148.6388063
7809,-4453,7409,12643,10349,10913,9840,0.72,1.16,7819.4155,0.716523,34.76999908
7809,-4472,7426,12624,10356,10887,9834,0.72,1.16,7799.2845,0.716385092,36.14907688
7809,-4451,7377,12681,10315,10947,9822,0.72,1.16,7858.8945,0.717903946,20.96053713
7808,-4457,7370,12688,10332,10948,9809,0.71,1.16,7865.938,0.718481732,-84.81731823
7809,-4449,7443,12556,10359,10822,9801,0.72,1.16,7728.457,0.714143134,58.56865644
7808,-4460,7431,12554,10343,10832,9801,0.72,1.16,7726.892,0.713339365,66.60635155
7809,-4436,7351,12714,10277,10962,9809,0.72,1.16,7892.547,0.719991516,0.084838533
7809,-4446,7434,12584,10339,10854,9818,0.72,1.16,7757.849,0.714745624,52.54376267
7809,-4456,7184,12685,10013,10937,9826,0.72,1.16,7862.4595,0.718886303,11.13696626
7808,-4467,7419,12378,10331,10675,9826,0.72,1.16,7544.0625,0.706703747,132.9625293
7808,-4453,7447,12539,10370,10810,9823,0.72,1.16,7710.935,0.713314986,66.85013876
7809,-4458,7417,12681,10377,10943,9818,0.71,1.16,7858.7205,0.718150461,-81.50461482
7808,-4457,7457,12508,10373,10786,9813,0.72,1.16,7678.891,0.7119313,80.68700167
7808,-4472,7428,12493,10344,10769,9810,0.72,1.16,7663.1515,0.711593602,84.06397994
7809,-4456,7425,12708,10366,10964,9810,0.72,1.16,7886.634,0.719320868,6.791317038
7809,-4470,7355,12796,10323,11041,9812,0.71,1.16,7977.9835,0.722577982,-125.7798207
7808,-4459,7428,12529,10342,10800,9815,0.72,1.16,7700.5,0.713009259,69.90740741
7808,-4446,7383,12740,10347,10988,9818,0.71,1.16,7919.678,0.720757008,-107.5700764
7808,-4479,7363,12752,10254,10999,9819,0.72,1.16,7932.1565,0.721170697,-11.70697336
7808,-4462,7302,12484,10302,10775,9819,0.71,1.16,7654.4125,0.710386311,-3.863109049
7808,-4451,7302,12710,10179,10970,9818,0.72,1.16,7888.895,0.719133546,8.664539654
7808,-4435,7411,12681,10351,10940,9817,0.72,1.16,7858.59,0.718335466,16.64533821
7808,-4430,7394,12714,10328,10968,9817,0.72,1.16,7892.808,0.719621444,3.785557987
7808,-4470,7434,12558,10347,10829,9816,0.72,1.16,7730.7615,0.713894312,61.05688429
7809,-4450,7367,12723,10325,10979,9817,0.71,1.16,7902.2865,0.719763776,-97.637763
7809,-4475,7352,12720,10334,10980,9817,0.71,1.16,7899.33,0.719428962,-94.28961749
7808,-4469,7382,12696,10344,10957,9818,0.71,1.16,7874.3295,0.718657434,-86.57433604
7808,-4468,7371,12757,10301,11002,9818,0.72,1.16,7937.287,0.721440374,-14.40374477
7808,-4456,7387,12574,10346,10838,9819,0.71,1.16,7747.153,0.714813896,-48.13895553
7808,-4453,7435,12611,10348,10877,9823,0.72,1.16,7785.8495,0.715808541,41.91459042
7808,-4463,7323,12585,10214,10851,9827,0.72,1.16,7758.7185,0.715023362,49.76638098
7808,-4451,7362,12750,10322,10990,9830,0.71,1.16,7929.765,0.721543676,-115.4367607
7808,-4469,7268,12695,10145,10958,9831,0.72,1.16,7873.373,0.718504563,14.95437124
7808,-4457,7253,12688,10132,10946,9828,0.72,1.16,7865.851,0.718605061,13.9493879
7808,-4452,7413,12617,10366,10881,9824,0.72,1.16,7792.0235,0.716112811,38.87188678
7808,-4438,7445,12620,10363,10888,9820,0.72,1.16,7795.328,0.715955915,40.44085231
7808,-4447,7387,12635,10323,10892,9819,0.72,1.16,7810.502,0.717086118,29.13881748
7808,-4462,7448,12664,10369,10926,9819,0.72,1.16,7840.981,0.717644243,23.5575691
7808,-4466,7316,12740,10299,10992,9814,0.71,1.16,7919.852,0.720510553,-105.1055313
7808,-4450,7416,12649,10330,10914,9809,0.72,1.16,7825.459,0.717011087,29.88913322
7808,-4434,7378,12740,10330,10998,9804,0.71,1.16,7920.113,0.720141207,-101.4120749
7808,-4470,7458,12566,10382,10832,9803,0.72,1.16,7738.892,0.714447194,55.52806499
7807,-4467,7235,12805,10174,11044,9806,0.71,1.16,7987.114,0.723208439,-132.0843897
7808,-4434,7449,12637,10383,10901,9813,0.72,1.16,7812.8935,0.716713467,32.86533346
7808,-4457,7377,12729,10317,10980,9819,0.72,1.16,7908.33,0.720248634,-2.486338798
7808,-4451,7397,12434,10301,10721,9823,0.72,1.16,7602.0635,0.709081569,109.1843112
7808,-4448,7449,12609,10370,10873,9823,0.72,1.16,7783.6755,0.71587193,41.2806953
7807,-4461,7409,12681,10352,10941,9821,0.72,1.16,7858.6335,0.718273787,17.26213326
7808,-4441,7326,12731,10312,10981,9818,0.71,1.16,7910.3735,0.720369138,-103.691376
7808,-4450,7420,12629,10354,10895,9815,0.72,1.16,7804.6325,0.716349931,36.50068839
7808,-4449,7398,12678,10342,10938,9815,0.72,1.16,7855.503,0.718184586,18.15414152
7808,-4459,7462,12512,10399,10784,9814,0.72,1.16,7682.804,0.712426187,75.73813056
7808,-4458,7424,12635,10326,10898,9813,0.72,1.16,7810.763,0.716715269,32.84731143
7808,-4442,7409,12659,10363,10925,9812,0.71,1.16,7835.9375,0.717248284,-72.48283753
7807,-4442,7408,12736,10355,10987,9811,0.72,1.16,7915.6345,0.720454583,-4.545826886
7807,-4454,7446,12604,10391,10869,9811,0.72,1.16,7778.5015,0.715659352,43.40647714
7807,-4462,7391,12770,10350,11013,9814,0.71,1.16,7950.7655,0.721943657,-119.436575
7808,-4457,7423,12681,10359,10942,9817,0.72,1.16,7858.677,0.718212118,17.87881557
7808,-4469,7271,12693,10275,10955,9821,0.71,1.16,7871.2425,0.718506846,-85.06846189
7807,-4460,7284,12260,10265,10577,9821,0.71,1.16,7421.7995,0.701692304,83.07695944
7808,-4443,7289,12716,10220,10975,9822,0.71,1.16,7895.1125,0.719372437,-93.72437358
7808,-4437,7411,12746,10374,10995,9823,0.71,1.16,7925.9825,0.720871533,-108.7153251
7808,-4453,7452,12534,10368,10806,9825,0.72,1.16,7705.761,0.713100222,68.99777901
7807,-4453,7439,12582,10357,10853,9826,0.72,1.16,7755.8055,0.714623192,53.76808256
7807,-4461,7427,12641,10362,10901,9826,0.72,1.16,7816.8935,0.717080405,29.19594533
7807,-4466,7382,12763,10368,11012,9825,0.71,1.16,7943.722,0.721369597,-113.695968
7808,-4455,7359,12758,10317,11000,9823,0.71,1.16,7938.2,0.721654545,-116.5454545
7807,-4432,7409,12688,10370,10950,9821,0.71,1.16,7866.025,0.718358447,-83.58447489
7808,-4459,7226,12719,10065,10969,9820,0.72,1.16,7897.8515,0.720015635,-0.156349713
7808,-4455,7347,12322,10324,10632,9819,0.71,1.16,7486.192,0.704118886,58.81113619
7807,-4461,7320,12813,10294,11057,9814,0.71,1.16,7995.6795,0.723132812,-131.3281179
7807,-4460,7441,12635,10359,10903,9808,0.72,1.16,7810.9805,0.716406539,35.93460515
7807,-4447,7385,12617,10301,10883,9803,0.72,1.16,7792.1105,0.715989203,40.10796655
7807,-4439,7373,12752,10343,11001,9803,0.71,1.16,7932.2435,0.721047496,-110.4749568
7807,-4446,7456,12532,10385,10798,9806,0.72,1.16,7703.413,0.713411095,65.88905353
7807,-4465,7372,12693,10309,10954,9809,0.72,1.16,7871.199,0.718568468,14.31531861
7807,-4450,7342,12778,10318,11021,9813,0.71,1.16,7959.1135,0.722177071,-121.7707105
7808,-4465,7432,12452,10343,10739,9814,0.72,1.16,7620.8465,0.709642099,103.5790111
7807,-4469,7189,12743,10010,10996,9814,0.72,1.16,7923.026,0.720537104,-5.371044016
7807,-4494,7333,12293,10313,10594,9814,0.71,1.16,7455.539,0.703751086,62.4891448
7807,-4451,7201,12685,10118,10945,9813,0.71,1.16,7862.8075,0.718392645,-83.92645043
7807,-4484,7443,12619,10371,10878,9813,0.72,1.16,7793.893,0.716482166,35.17834161
7807,-4465,7421,12640,10354,10908,9813,0.72,1.16,7816.198,0.716556472,34.43527686
7807,-4476,7226,12663,10223,10916,9812,0.71,1.16,7839.546,0.718170209,-81.70208868
7807,-4441,7451,12487,10374,10764,9810,0.72,1.16,7656.934,0.711346525,86.53474545
7807,-4448,7430,12563,10345,10833,9808,0.72,1.16,7735.9355,0.714108326,58.9167359
7807,-4454,7425,12496,10339,10768,9807,0.72,1.16,7666.108,0.71193425,80.65750371
7807,-4423,7364,12753,10295,10999,9807,0.72,1.16,7933.1565,0.721261615,-12.61614692
7807,-4437,7378,12508,10287,10781,9805,0.72,1.16,7678.6735,0.712241304,77.58695854
7807,-4430,7448,12681,10371,10936,9802,0.72,1.16,7858.416,0.718582297,14.17702999
7807,-4443,7264,12809,10173,11052,9799,0.71,1.16,7991.462,0.723078357,-130.7835686
7806,-4440,7391,12683,10323,10937,9799,0.72,1.16,7860.4595,0.718703438,12.96562129
7806,-4454,7444,12584,10359,10859,9798,0.72,1.16,7758.0665,0.71443655,55.63449673
7807,-4444,7388,12573,10303,10846,9797,0.72,1.16,7746.501,0.714226535,57.73464872
7807,-4442,7396,12698,10329,10953,9796,0.72,1.16,7876.1555,0.719086597,9.134027207
7807,-4466,7415,12736,10377,10990,9796,0.71,1.16,7915.765,0.720269791,-102.6979072
7807,-4457,7395,12653,10314,10916,9796,0.72,1.16,7829.546,0.717254122,27.45877611
7807,-4461,7379,12698,10326,10956,9797,0.71,1.16,7876.286,0.718901606,-89.01606426
7807,-4471,7318,12716,10315,10973,9798,0.71,1.16,7895.0255,0.719495626,-94.95625627
7806,-4453,7395,12177,10318,10501,9800,0.72,1.16,7335.4935,0.6985519,214.4810018
7806,-4440,7328,12741,10279,10995,9800,0.71,1.16,7920.9825,0.72041678,-104.1678035
7806,-4454,7422,12490,10329,10764,9801,0.72,1.16,7659.934,0.711625232,83.74767744
7807,-4463,7348,12722,10304,10978,9805,0.71,1.16,7901.243,0.719734287,-97.34286755
7806,-4448,7408,12659,10328,10922,9809,0.72,1.16,7835.807,0.717433346,25.66654459
7807,-4463,7357,12766,10340,11017,9812,0.71,1.16,7946.9395,0.721334256,-113.3425615
7807,-4447,7446,12480,10360,10762,9812,0.72,1.16,7649.847,0.710820201,91.79799294
7807,-4460,7273,12702,10172,10956,9812,0.72,1.16,7880.286,0.719266703,7.332968237
7806,-4451,7349,12691,10304,10949,9812,0.71,1.16,7868.9815,0.718694082,-86.94081651
7806,-4485,7162,12456,10065,10746,9811,0.71,1.16,7625.151,0.709580402,4.195979899
7806,-4444,7378,12578,10270,10852,9811,0.72,1.16,7751.762,0.714316439,56.83560634
7807,-4436,7386,12708,10289,10961,9811,0.72,1.16,7886.5035,0.719505839,4.941611167
7807,-4454,7395,12691,10319,10949,9814,0.72,1.16,7868.9815,0.718694082,13.05918349
7806,-4438,7444,12666,10391,10925,9816,0.72,1.16,7842.9375,0.717889016,21.10983982
7806,-4444,7383,12721,10335,10980,9819,0.71,1.16,7900.33,0.719520036,-95.2003643
7807,-4446,7374,12686,10347,10939,9819,0.71,1.16,7863.5465,0.718854237,-88.54237133
7807,-4474,7347,12783,10338,11029,9819,0.71,1.16,7964.4615,0.722138136,-121.3813582
7806,-4453,7391,12771,10342,11015,9820,0.71,1.16,7951.8525,0.721911257,-119.1125738
7806,-4435,7357,12751,10300,11001,9821,0.71,1.16,7931.2435,0.720956595,-109.5659486
7806,-4455,7389,12779,10295,11025,9821,0.72,1.16,7960.2875,0.722021542,-20.2154195
7806,-4443,7405,12072,10349,10411,9820,0.72,1.16,7226.5785,0.694129142,258.7085775
7806,-4448,7261,12735,10176,10993,9816,0.71,1.16,7914.8955,0.719994133,-99.9413263
7806,-4436,7403,12708,10345,10969,9811,0.72,1.16,7886.8515,0.719012809,9.871911751
7806,-4458,7336,12799,10311,11041,9807,0.71,1.16,7980.9835,0.722849697,-128.4969659
7807,-4434,7413,12684,10358,10945,9807,0.72,1.16,7861.8075,0.718301279,16.98720877
7806,-4465,7338,12747,10306,10997,9808,0.71,1.16,7927.0695,0.720839274,-108.3927435
7806,-4450,7440,12676,10367,10936,9810,0.72,1.16,7853.416,0.718125091,18.74908559
7806,-4460,7398,12674,10353,10932,9812,0.71,1.16,7851.242,0.718188986,-81.88986462
7806,-4466,7436,12566,10351,10838,9814,0.72,1.16,7739.153,0.714075752,59.24248016
7806,-4455,7287,12691,10151,10950,9814,0.72,1.16,7869.025,0.71863242,13.67579909
7806,-4440,7437,12564,10347,10841,9813,0.72,1.16,7737.2835,0.713705701,62.94299419
7806,-4432,7371,12712,10289,10966,9812,0.72,1.16,7890.721,0.719562375,4.376253876
7806,-4442,7321,12757,10286,11005,9812,0.71,1.16,7937.4175,0.721255566,-112.5556565
7806,-4473,7300,12600,10194,10865,9811,0.72,1.16,7774.3275,0.715538656,44.61343764
7806,-4446,7407,12744,10348,10997,9811,0.72,1.16,7924.0695,0.720566473,-5.664726744
7806,-4457,7432,12443,10352,10726,9812,0.72,1.16,7611.281,0.709610386,103.8961402
7806,-4444,7405,12539,10310,10811,9813,0.72,1.16,7710.9785,0.713253029,67.46970678
7805,-4448,7370,12721,10341,10973,9813,0.71,1.16,7900.0255,0.71995129,-99.51289529
7806,-4448,7422,12576,10330,10843,9813,0.72,1.16,7749.3705,0.714688785,53.11214609
7806,-4474,7391,12722,10373,10979,9811,0.71,1.16,7901.2865,0.719672693,-96.72693324
7806,-4461,7381,12518,10271,10807,9808,0.72,1.16,7689.8045,0.71155774,84.42259647
7806,-4444,7261,12717,10153,10970,9805,0.72,1.16,7895.895,0.71977165,2.283500456
7806,-4447,7416,12661,10344,10918,9805,0.72,1.16,7837.633,0.717863437,21.36563473
7806,-4448,7357,12760,10283,11010,9805,0.72,1.16,7940.635,0.721220254,-12.20254314
7806,-4441,7427,12518,10338,10790,9806,0.72,1.16,7689.065,0.712610287,73.89712697
7805,-4444,7471,12532,10393,10803,9808,0.72,1.16,7703.6305,0.713101037,68.98963251
7805,-4444,7402,12661,10326,10926,9809,0.72,1.16,7837.981,0.717369669,26.3033132
7806,-4457,7302,12766,10279,11016,9809,0.71,1.16,7946.896,0.721395788,-113.9578794
7806,-4446,7433,12605,10337,10869,9808,0.72,1.16,7779.5015,0.715751357,42.48642929
7806,-4449,7314,12775,10317,11020,9807,0.71,1.16,7956.07,0.721966425,-119.6642468
7806,-4455,7389,12593,10307,10859,9806,0.72,1.16,7767.0665,0.715265356,47.34644074
7806,-4449,7297,12527,10159,10809,9806,0.72,1.16,7698.8915,0.712266768,77.33231566
7805,-4430,7354,12696,10273,10952,9806,0.72,1.16,7874.112,0.718965668,10.34331629
7806,-4471,7405,12680,10330,10938,9813,0.72,1.16,7857.503,0.718367435,16.32565368
7805,-4445,7419,12647,10340,10908,9821,0.72,1.16,7823.198,0.717198203,28.01796846
7805,-4437,7344,12790,10311,11030,9829,0.71,1.16,7971.505,0.722711242,-127.1124207
7805,-4448,7378,12665,10299,10938,9829,0.72,1.16,7842.503,0.716996069,30.03931249
7806,-4452,7426,12624,10339,10881,9828,0.72,1.16,7799.0235,0.716756135,32.43865454
7805,-4473,7408,12600,10336,10872,9828,0.72,1.16,7774.632,0.71510596,48.94039735
7806,-4459,7339,12707,10334,10961,9828,0.71,1.16,7885.5035,0.719414606,-94.14606332
7806,-4483,7318,12196,10272,10523,9828,0.71,1.16,7355.4505,0.698987979,110.1202129
7805,-4454,7376,12733,10309,10988,9828,0.72,1.16,7912.678,0.720119949,-1.199490353
7805,-4453,7333,12731,10298,10986,9825,0.71,1.16,7910.591,0.720061078,-100.6107774
7805,-4431,7379,12735,10288,10988,9822,0.72,1.16,7914.678,0.720301966,-3.019657809
7805,-4431,7408,12730,10363,10990,9819,0.71,1.16,7909.765,0.71972384,-97.23839854
7805,-4451,7479,12477,10406,10752,9819,0.72,1.16,7646.412,0.71116183,88.38169643
7806,-4446,7416,12741,10362,10997,9820,0.72,1.16,7921.0695,0.720293671,-2.936710012
7806,-4458,7441,12464,10359,10746,9821,0.72,1.16,7633.151,0.710324865,96.75134934
7806,-4455,7440,12487,10353,10769,9823,0.72,1.16,7657.1515,0.711036447,89.6355279
7805,-4473,7102,12606,10038,10864,9824,0.71,1.16,7780.284,0.716152798,-61.52798233
7805,-4437,7422,12552,10333,10829,9824,0.72,1.16,7724.7615,0.713340244,66.5975621
7805,-4450,7367,12757,10328,11010,9818,0.71,1.16,7937.635,0.720947775,-109.4777475
7805,-4456,7414,12727,10358,10978,9811,0.72,1.16,7906.243,0.720189743,-1.897431226
7805,-4437,7392,12665,10313,10931,9804,0.72,1.16,7842.1985,0.717427363,25.72637453
7805,-4467,7336,12475,10347,10751,9802,0.71,1.16,7644.3685,0.711037903,-10.37903451
7805,-4450,7359,12686,10318,10944,9802,0.71,1.16,7863.764,0.718545687,-85.45687135
7805,-4461,7403,12685,10360,10945,9800,0.71,1.16,7862.8075,0.718392645,-83.92645043
7806,-4452,7452,12514,10370,10787,9798,0.72,1.16,7684.9345,0.712425559,75.74441457
7805,-4456,7361,12753,10308,11003,9797,0.71,1.16,7933.3305,0.721015223,-110.1522312
7805,-4452,7394,12467,10338,10748,9797,0.72,1.16,7636.238,0.710479903,95.20096762
7805,-4440,7438,12637,10347,10905,9801,0.72,1.16,7813.0675,0.716466529,35.33470885
7805,-4452,7346,12653,10270,10916,9807,0.72,1.16,7829.546,0.717254122,27.45877611
7805,-4438,7389,12484,10295,10759,9813,0.72,1.16,7653.7165,0.711378056,86.21944419
7805,-4430,7331,12801,10304,11046,9814,0.71,1.16,7983.201,0.722723248,-127.2324823
7805,-4466,7361,12747,10319,10998,9814,0.71,1.16,7927.113,0.720777687,-107.7768685
7805,-4437,7429,12688,10333,10946,9816,0.72,1.16,7865.851,0.718605061,13.9493879
7805,-4466,7350,12747,10290,10997,9818,0.71,1.16,7927.0695,0.720839274,-108.3927435
7805,-4455,7436,12452,10355,10738,9819,0.72,1.16,7620.803,0.709704135,102.9586515
7805,-4441,7454,12508,10379,10783,9819,0.72,1.16,7678.7605,0.712117268,78.82732078
7805,-4461,7221,12710,10194,10967,9819,0.71,1.16,7888.7645,0.719318364,-93.18364183
7805,-4443,7428,12604,10360,10872,9819,0.72,1.16,7778.632,0.715473878,45.26122149
7805,-4453,7415,12698,10368,10958,9818,0.72,1.16,7876.373,0.718778335,12.21664537
7805,-4443,7420,12693,10363,10953,9818,0.72,1.16,7871.1555,0.718630101,13.69898658
7805,-4461,7414,12656,10352,10919,9818,0.72,1.16,7832.6765,0.717343759,26.56241414
7805,-4453,7439,12501,10358,10776,9811,0.72,1.16,7671.456,0.711902004,80.97995546
7805,-4454,7440,12553,10360,10822,9804,0.72,1.16,7725.457,0.713865921,61.34078729
7805,-4454,7380,12695,10316,10952,9797,0.72,1.16,7873.112,0.718874361,11.25639153
7805,-4450,7434,12705,10372,10960,9797,0.72,1.16,7883.46,0.719293796,7.062043796
7804,-4452,7421,12515,10328,10791,9797,0.72,1.16,7686.1085,0.712270272,77.29728477
7804,-4454,7347,12689,10305,10944,9798,0.71,1.16,7866.764,0.71881981,-88.19809942
7805,-4465,7281,12333,10243,10648,9798,0.71,1.16,7497.888,0.704159279,58.40721262
7804,-4452,7303,12782,10248,11035,9799,0.71,1.16,7963.7225,0.721678523,-116.7852288
7805,-4459,7442,12468,10357,10747,9799,0.72,1.16,7637.1945,0.710635014,93.64985577
7805,-4444,7473,12528,10396,10801,9802,0.72,1.16,7699.5435,0.712854689,71.45310619
7805,-4441,7410,12683,10343,10938,9805,0.72,1.16,7860.503,0.718641708,13.58292192
7805,-4447,7394,12664,10354,10923,9809,0.71,1.16,7840.8505,0.717829397,-78.29396686
7805,-4444,7459,12661,10388,10925,9808,0.72,1.16,7837.9375,0.71743135,25.68649886
7804,-4456,7303,12470,10294,10751,9807,0.71,1.16,7639.3685,0.71057283,-5.728304344
7805,-4469,7411,12532,10333,10808,9804,0.72,1.16,7703.848,0.712791266,72.08734271
7805,-4476,6997,12620,9889,10881,9802,0.71,1.16,7795.0235,0.716388521,-63.88521276
7805,-4460,7304,12325,10280,10626,9800,0.71,1.16,7488.931,0.704774233,52.25766987
7805,-4432,7358,12670,10251,10928,9800,0.72,1.16,7847.068,0.718069912,19.30087848
7804,-4456,7353,12751,10327,10996,9800,0.71,1.16,7931.026,0.721264642,-112.6464169
7805,-4448,7453,12409,10375,10700,9801,0.72,1.16,7576.15,0.708051402,119.4859813
7805,-4452,7468,12623,10399,10882,9802,0.72,1.16,7798.067,0.716602371,33.97629112
7805,-4454,7326,12717,10236,10973,9802,0.72,1.16,7896.0255,0.719586758,4.13241593
7804,-4452,7427,12702,10341,10960,9802,0.72,1.16,7880.46,0.719020073,9.799270073
7804,-4442,7371,12718,10308,10966,9803,0.72,1.16,7896.721,0.72010952,-1.095203356
7804,-4458,7438,12609,10353,10872,9803,0.72,1.16,7783.632,0.715933775,40.66225166
7805,-4462,7306,12668,10317,10924,9803,0.71,1.16,7844.894,0.718133834,-81.33833761
7805,-4474,7296,12461,10292,10752,9803,0.71,1.16,7630.412,0.709673735,3.26264881
7804,-4433,7399,12740,10351,10998,9807,0.71,1.16,7920.113,0.720141207,-101.4120749
7805,-4443,7422,12679,10355,10934,9811,0.72,1.16,7856.329,0.718522864,14.77135541
7804,-4451,7368,12680,10303,10941,9816,0.72,1.16,7857.6335,0.718182387,18.1761265
7805,-4462,7332,12745,10300,10995,9816,0.71,1.16,7924.9825,0.720780582,-107.8058208
7804,-4454,7370,12731,10301,10986,9817,0.72,1.16,7910.591,0.720061078,-0.610777353
7804,-4456,7357,12765,10340,11023,9821,0.71,1.16,7946.2005,0.72087458,-108.7458042
7804,-4481,7450,12462,10371,10740,9825,0.72,1.16,7630.89,0.710511173,94.88826816
7805,-4449,7332,12570,10212,10840,9828,0.72,1.16,7743.24,0.714321033,56.7896679
7805,-4465,7127,12492,10054,10770,9828,0.71,1.16,7662.195,0.711438719,-14.38718663
7804,-4458,7439,12576,10360,10849,9824,0.72,1.16,7749.6315,0.714317587,56.82413126
7804,-4439,7306,12709,10225,10973,9817,0.71,1.16,7888.0255,0.718857696,-88.57696163
7804,-4444,7370,12721,10326,10976,9810,0.71,1.16,7900.156,0.719766399,-97.66399417
7805,-4462,7275,12697,10177,10959,9807,0.71,1.16,7875.4165,0.718625468,-86.25467652
7804,-4439,7420,12423,10333,10712,9807,0.72,1.16,7590.672,0.708613891,113.8610904
7804,-4448,7427,12599,10335,10867,9804,0.72,1.16,7773.4145,0.71532295,46.77049784
7804,-4447,7436,12587,10371,10860,9801,0.72,1.16,7761.11,0.714651013,53.48987109
7805,-4438,7391,12695,10328,10950,9798,0.72,1.16,7873.025,0.718997717,10.02283105
7804,-4440,7453,12734,10387,10990,9798,0.72,1.16,7913.765,0.720087807,-0.878070974
7805,-4441,7311,12512,10258,10786,9801,0.71,1.16,7682.891,0.712302151,-23.02150936
7804,-4461,7451,12439,10375,10720,9808,0.72,1.16,7607.02,0.709610075,103.8992537
7804,-4440,7376,12599,10283,10871,9815,0.72,1.16,7773.5885,0.715075752,49.24247999
7804,-4465,7356,12671,10292,10930,9819,0.71,1.16,7848.155,0.718037969,-80.37968893
7804,-4434,7422,12611,10322,10881,9819,0.72,1.16,7786.0235,0.715561391,44.38608584
7804,-4469,7387,12778,10368,11019,9821,0.71,1.16,7959.0265,0.722300254,-123.0025411
7804,-4453,7380,12713,10336,10975,9823,0.71,1.16,7892.1125,0.719099089,-90.99088838
7804,-4454,7360,12788,10317,11043,9826,0.71,1.16,7970.0705,0.721730553,-117.3055329
7804,-4454,7348,12659,10327,10929,9826,0.71,1.16,7836.1115,0.717001693,-70.01692744
7804,-4469,7463,12623,10378,10891,9823,0.72,1.16,7798.4585,0.716046139,39.53860986
7804,-4471,7252,12575,10258,10842,9816,0.71,1.16,7748.327,0.714658458,-46.58457849
7804,-4467,7324,12423,10340,10705,9809,0.71,1.16,7590.3675,0.709048809,9.511910322
7804,-4438,7370,12705,10276,10967,9805,0.72,1.16,7883.7645,0.718862451,11.37549011
7804,-4440,7424,12702,10364,10954,9805,0.72,1.16,7880.199,0.719390086,6.099141866
7804,-4466,7365,12719,10308,10975,9811,0.71,1.16,7898.1125,0.719645786,-96.45785877
7804,-4439,7433,12584,10350,10853,9818,0.72,1.16,7757.8055,0.714807473,51.92527412
7804,-4448,7362,12733,10329,10986,9825,0.71,1.16,7912.591,0.720243128,-102.4312762
7804,-4454,7404,12730,10345,10986,9827,0.72,1.16,7909.591,0.719970053,0.299472055
7804,-4435,7387,12767,10335,11007,9826,0.71,1.16,7947.5045,0.722040929,-120.409285
7804,-4466,7318,12809,10290,11059,9821,0.71,1.16,7991.7665,0.722648205,-126.4820508
7804,-4463,7380,12688,10353,10939,9815,0.71,1.16,7865.5465,0.719037069,-90.37069202
7804,-4460,7306,12243,10299,10572,9811,0.71,1.16,7404.582,0.700395573,96.04426788
7804,-4431,7344,12707,10263,10965,9811,0.72,1.16,7885.6775,0.719168035,8.319653443
7804,-4455,7362,12749,10348,10995,9815,0.71,1.16,7928.9825,0.721144384,-111.4438381
7804,-4446,7342,12657,10287,10916,9822,0.71,1.16,7833.546,0.717620557,-76.20556981
7804,-4448,7407,12737,10365,10990,9828,0.71,1.16,7916.765,0.720360783,-103.6078253
7803,-4444,7343,12694,10280,10950,9831,0.71,1.16,7872.025,0.718906393,-89.06392694
7804,-4448,7414,12636,10339,10904,9829,0.72,1.16,7812.024,0.716436537,35.63462949
7804,-4479,7442,12415,10362,10698,9823,0.72,1.16,7582.063,0.708736493,112.635072
7804,-4466,7353,12769,10318,11017,9817,0.71,1.16,7949.9395,0.721606563,-116.0656259
7803,-4458,7235,12760,10078,11006,9812,0.72,1.16,7940.461,0.721466564,-14.66563693
7804,-4442,7428,12509,10334,10794,9812,0.72,1.16,7680.239,0.711528534,84.71465629
7804,-4437,7400,12587,10304,10858,9814,0.72,1.16,7761.023,0.714774636,52.25363787
7804,-4439,7374,12710,10301,10962,9817,0.72,1.16,7888.547,0.719626619,3.733807699
7804,-4432,7420,12617,10321,10879,9820,0.72,1.16,7791.9365,0.716236465,37.63535251
7803,-4445,7413,12698,10376,10958,9821,0.71,1.16,7876.373,0.718778335,-87.78335463
7803,-4447,7460,12492,10370,10773,9821,0.72,1.16,7662.3255,0.711252715,87.47284879
7804,-4454,7354,12683,10293,10947,9820,0.71,1.16,7860.8945,0.718086645,-80.86644743
7804,-4451,7265,12658,10166,10918,9818,0.71,1.16,7834.633,0.717588661,-75.88660927
7804,-4452,7339,12751,10296,11003,9816,0.71,1.16,7931.3305,0.720833455,-108.3345451
7803,-4454,7369,12521,10340,10798,9816,0.71,1.16,7692.413,0.712392387,-23.92387479
7803,-4459,7321,12239,10316,10559,9816,0.71,1.16,7400.0165,0.700825504,91.74495691
7804,-4446,7293,12677,10161,10940,9817,0.72,1.16,7854.59,0.717969835,20.30164534
7804,-4461,7431,12590,10352,10853,9817,0.72,1.16,7763.8055,0.715360315,46.3968488
7804,-4444,7433,12734,10366,10986,9818,0.72,1.16,7913.591,0.720334153,-3.341525578
7803,-4469,7394,12705,10383,10953,9818,0.71,1.16,7883.1555,0.719725692,-97.25691591
7804,-4458,7444,12563,10361,10828,9815,0.72,1.16,7735.718,0.71441799,55.82009605
7804,-4438,7447,12626,10382,10898,9813,0.72,1.16,7801.763,0.715889429,41.10570747
7803,-4461,7374,12696,10343,10952,9810,0.71,1.16,7874.112,0.718965668,-89.65668371
7803,-4463,7373,12734,10319,10989,9810,0.71,1.16,7913.7215,0.720149377,-101.4937665
7803,-4461,7050,12724,9959,10977,9809,0.71,1.16,7903.1995,0.719978091,-99.78090553
7803,-4449,7413,12699,10337,10957,9807,0.72,1.16,7877.3295,0.718931231,10.68768824
7804,-4441,7306,12469,10169,10751,9805,0.72,1.16,7638.3685,0.710479816,95.20184169
7804,-4443,7418,12754,10376,10996,9803,0.71,1.16,7934.026,0.721537468,-115.3746817
7804,-4463,7327,12756,10319,11008,9803,0.71,1.16,7936.548,0.720980015,-109.8001453
7803,-4468,7453,12527,10371,10800,9805,0.72,1.16,7698.5,0.712824074,71.75925926
7803,-4468,7353,12437,10361,10722,9807,0.71,1.16,7605.107,0.709299291,7.00708823
7803,-4457,7366,12667,10306,10929,9808,0.71,1.16,7844.1115,0.71773369,-77.33690182
7803,-4447,7389,12744,10370,10991,9809,0.71,1.16,7923.8085,0.720936084,-109.3608407
7803,-4448,7404,12619,10310,10882,9808,0.72,1.16,7794.067,0.716234791,37.65208601
7804,-4464,7278,12735,10286,10994,9804,0.71,1.16,7914.939,0.7199326,-99.325996
7804,-4458,7305,12403,10291,10703,9800,0.71,1.16,7570.2805,0.707304541,26.95459217
7804,-4465,7253,12693,10157,10954,9797,0.71,1.16,7871.199,0.718568468,-85.68468139
7803,-4453,7276,12725,10222,10978,9797,0.71,1.16,7904.243,0.720007561,-100.0756058
7803,-4456,7432,12484,10346,10766,9796,0.72,1.16,7654.021,0.710943805,90.5619543
7803,-4469,7362,12744,10341,10999,9795,0.71,1.16,7924.1565,0.720443358,-104.4335849
7803,-4460,7416,12515,10316,10790,9794,0.72,1.16,7686.065,0.712332252,76.67747915
7804,-4462,7428,12690,10358,10947,9794,0.72,1.16,7867.8945,0.718726089,12.7391066
7803,-4460,7388,12699,10358,10951,9795,0.71,1.16,7877.0685,0.719301297,-93.01296685
7803,-4450,7384,12670,10304,10932,9800,0.72,1.16,7847.242,0.717823088,21.76911819
7803,-4438,7232,12630,10075,10899,9805,0.72,1.16,7805.8065,0.716194743,38.05257363
7804,-4447,7445,12569,10366,10844,9809,0.72,1.16,7742.414,0.713981372,60.18627813
7803,-4437,7423,12637,10338,10907,9809,0.72,1.16,7813.1545,0.716343128,36.56871734
7803,-4451,7423,12751,10370,10996,9812,0.72,1.16,7931.026,0.721264642,-12.64641688
7803,-4444,7436,12560,10359,10825,9818,0.72,1.16,7732.5875,0.71432679,56.73210162
7803,-4455,7424,12496,10338,10772,9824,0.72,1.16,7666.282,0.711686038,83.13962124
7803,-4450,7432,12726,10371,10978,9827,0.72,1.16,7905.243,0.720098652,-0.986518492
7803,-4454,7391,12748,10331,10999,9826,0.72,1.16,7928.1565,0.720807028,-8.070279116
7803,-4448,7368,12727,10339,10977,9820,0.71,1.16,7906.1995,0.720251389,-102.5138927
7803,-4437,7413,12595,10332,10856,9814,0.72,1.16,7768.936,0.715635225,43.64775239
7803,-4457,7341,12705,10233,10963,9807,0.72,1.16,7883.5905,0.719108866,8.911338137
7803,-4454,7319,12464,10320,10756,9807,0.71,1.16,7633.586,0.709704909,2.950911119
7804,-4459,7298,12466,10289,10746,9806,0.71,1.16,7635.151,0.710510981,-5.109808301
7803,-4463,7342,12738,10318,10991,9805,0.71,1.16,7917.8085,0.720390183,-103.9018288
7803,-4474,7430,12499,10334,10776,9803,0.72,1.16,7669.456,0.711716407,82.8359317
7803,-4448,7417,12704,10381,10961,9802,0.71,1.16,7882.5035,0.719140909,-91.40908676
7803,-4433,7390,12657,10299,10918,9802,0.72,1.16,7833.633,0.717497069,25.0293094
7803,-4450,7442,12697,10375,10960,9805,0.72,1.16,7875.46,0.718563869,14.36131387
7803,-4453,7415,12675,10354,10934,9809,0.72,1.16,7852.329,0.718157033,18.42966892
7803,-4451,7387,12727,10332,10981,9813,0.71,1.16,7906.3735,0.720004872,-100.0487205
7803,-4450,7337,12680,10319,10944,9814,0.71,1.16,7857.764,0.717997442,-79.9744152
7803,-4469,7456,12644,10371,10908,9816,0.72,1.16,7820.198,0.716923176,30.76824349
7803,-4447,7285,12710,10183,10969,9820,0.72,1.16,7888.8515,0.719195141,8.048591485
7803,-4446,7422,12684,10378,10943,9824,0.72,1.16,7861.7205,0.718424609,15.75390661
7803,-4461,7364,12713,10330,10971,9826,0.71,1.16,7891.9385,0.719345411,-93.45410628
7803,-4454,7425,12566,10342,10833,9826,0.72,1.16,7738.9355,0.714385258,56.14741992
7803,-4432,7356,12692,10304,10947,9822,0.71,1.16,7869.8945,0.718908788,-89.08787796
7803,-4449,7399,12738,10351,10991,9817,0.71,1.16,7917.8085,0.720390183,-103.9018288
7803,-4439,7401,12728,10341,10979,9811,0.72,1.16,7907.2865,0.720219191,-2.191911832
7803,-4448,7400,12637,10299,10903,9810,0.72,1.16,7812.9805,0.716589975,34.10024764
7803,-4454,7311,12772,10298,11023,9809,0.71,1.16,7953.2005,0.721509616,-115.0961626
7803,-4426,7381,12683,10327,10942,9803,0.71,1.16,7860.677,0.7183949,-83.94900384
7803,-4465,7372,12719,10299,10980,9796,0.72,1.16,7898.33,0.719337887,6.621129326
7803,-4452,7389,12668,10324,10926,9792,0.72,1.16,7844.981,0.718010342,19.89657697
7803,-4451,7095,12287,9889,10606,9792,0.72,1.16,7450.061,0.702438337,175.6166321
7803,-4442,7477,12625,10397,10892,9797,0.72,1.16,7800.502,0.716168013,38.31986779
7803,-4453,7402,12638,10326,10895,9806,0.72,1.16,7813.6325,0.717175998,28.24001836
7803,-4456,7399,12605,10319,10877,9815,0.72,1.16,7779.8495,0.715256918,47.43081732
7803,-4449,7363,12755,10340,11004,9819,0.71,1.16,7935.374,0.721135405,-111.3540531
7802,-4450,7397,12715,10312,10973,9820,0.72,1.16,7894.0255,0.719404493,5.955071539
7802,-4438,7435,12496,10349,10773,9825,0.72,1.16,7666.3255,0.711624014,83.75986262
7803,-4442,7438,12598,10371,10865,9830,0.72,1.16,7772.3275,0.715354579,46.45421077
7803,-4450,7265,12645,10145,10917,9834,0.72,1.16,7821.5895,0.716459604,35.40395713
7803,-4446,7479,12557,10406,10828,9834,0.72,1.16,7729.718,0.713863871,61.36128556
7803,-4453,7404,12702,10342,10958,9828,0.72,1.16,7880.373,0.719143366,8.566344223
7803,-4475,7346,12750,10300,10999,9820,0.71,1.16,7930.1565,0.720988863,-109.8886262
7803,-4445,7349,12435,10230,10718,9811,0.72,1.16,7602.933,0.709361168,106.3883187
7803,-4447,7402,12673,10360,10935,9807,0.71,1.16,7850.3725,0.717912437,-79.12437128
7803,-4457,7342,12727,10299,10971,9807,0.71,1.16,7905.9385,0.720621502,-106.2150214
7802,-4451,7363,12639,10299,10897,9811,0.71,1.16,7814.7195,0.717144122,-71.44122235
7803,-4459,7291,12779,10309,11028,9814,0.71,1.16,7960.418,0.72183696,-118.3696046
7803,-4446,7416,12598,10313,10869,9817,0.72,1.16,7772.5015,0.715107324,48.92676419
7803,-4440,7318,12675,10194,10947,9818,0.72,1.16,7852.8945,0.717355851,26.44149082
7803,-4460,7464,12624,10409,10887,9817,0.72,1.16,7799.2845,0.716385092,36.14907688
7803,-4455,7397,12690,10333,10949,9815,0.72,1.16,7867.9815,0.718602749,13.9725089
7803,-4468,7348,12724,10300,10975,9813,0.71,1.16,7903.1125,0.720101367,-101.0136674
7803,-4460,7395,12766,10344,11015,9811,0.71,1.16,7946.8525,0.721457331,-114.5733091
7802,-4462,7400,12707,10366,10966,9811,0.71,1.16,7885.721,0.71910642,-91.06419843
7802,-4456,7375,12720,10321,10968,9813,0.71,1.16,7898.808,0.72016849,-101.6849015
7803,-4446,7350,12700,10326,10957,9814,0.71,1.16,7878.3295,0.719022497,-90.22497034
7803,-4449,7318,12788,10196,11027,9816,0.72,1.16,7969.3745,0.722714655,-27.14654938
7803,-4458,7440,12078,10366,10416,9816,0.72,1.16,7232.796,0.694392857,256.0714286
7802,-4450,7332,12421,10211,10713,9818,0.72,1.16,7588.7155,0.708365117,116.3488285
7802,-4461,7395,12643,10331,10908,9823,0.72,1.16,7819.198,0.7168315,31.68500183
7803,-4444,7340,12770,10288,11024,9828,0.71,1.16,7951.244,0.721266691,-112.6669086
7802,-4451,7415,12704,10341,10962,9831,0.72,1.16,7882.547,0.719079274,9.207261449
7802,-4450,7409,12695,10346,10945,9831,0.72,1.16,7872.8075,0.719306304,6.936957515
7802,-4466,7452,12503,10374,10780,9829,0.72,1.16,7673.63,0.711839518,81.60482375
7803,-4454,7401,12465,10297,10740,9826,0.72,1.16,7633.89,0.710790503,92.09497207
7802,-4460,7441,12713,10356,10974,9823,0.72,1.16,7892.069,0.719160652,8.393475488
7802,-4449,7258,12720,10106,10968,9823,0.72,1.16,7898.808,0.72016849,-1.684901532
7802,-4451,7262,12725,10150,10982,9823,0.72,1.16,7904.417,0.719761155,2.388453834
7803,-4432,7256,12723,10189,10979,9822,0.71,1.16,7902.2865,0.719763776,-97.637763
7803,-4463,7431,12705,10391,10955,9822,0.72,1.16,7883.2425,0.719602236,3.977635783
7803,-4448,7365,12757,10318,11008,9822,0.71,1.16,7937.548,0.721070858,-110.7085756
7802,-4441,7429,12676,10361,10936,9822,0.72,1.16,7853.416,0.718125091,18.74908559
7802,-4455,7417,12668,10353,10930,9818,0.72,1.16,7845.155,0.717763495,22.36505032
7802,-4474,7395,12617,10323,10885,9812,0.72,1.16,7792.1975,0.715865641,41.3435921
7803,-4455,7344,12747,10321,10992,9806,0.71,1.16,7926.852,0.72114738,-111.4737991
7802,-4462,7343,12750,10302,11003,9803,0.71,1.16,7930.3305,0.72074257,-107.4257021
7803,-4478,7104,12464,10049,10747,9803,0.71,1.16,7633.1945,0.710262818,-2.628175305
7803,-4437,7458,12549,10374,10827,9808,0.72,1.16,7721.6745,0.713186894,68.13106124
7803,-4465,7323,12763,10279,11014,9813,0.71,1.16,7943.809,0.721246504,-112.4650445
7802,-4447,7396,12739,10349,10990,9818,0.71,1.16,7918.765,0.720542766,-105.4276615
7802,-4453,7395,12721,10336,10976,9818,0.72,1.16,7900.156,0.719766399,2.336005831
7802,-4456,7382,12659,10336,10916,9816,0.71,1.16,7835.546,0.717803774,-78.03774276
7802,-4450,7392,12679,10322,10941,9814,0.72,1.16,7856.6335,0.718090988,19.09011973
7802,-4436,7424,12720,10373,10985,9811,0.72,1.16,7899.5475,0.719121302,8.786982249
7803,-4444,7431,12685,10364,10945,9810,0.72,1.16,7862.8075,0.718392645,16.07354957
7803,-4441,7447,12662,10364,10925,9810,0.72,1.16,7838.9375,0.717522883,24.77116705
7803,-4449,7369,12678,10332,10936,9814,0.71,1.16,7855.416,0.718307974,-83.07973665
7802,-4452,7421,12569,10314,10836,9818,0.72,1.16,7742.066,0.714476375,55.23624954
7802,-4454,7325,12652,10200,10919,9822,0.72,1.16,7828.6765,0.716977425,30.22575327
7802,-4437,7430,12630,10348,10886,9822,0.72,1.16,7805.241,0.716998071,30.01929083
7802,-4459,7392,12772,10333,11021,9819,0.72,1.16,7953.1135,0.721632656,-16.32655839
7802,-4462,7253,12425,10239,10710,9813,0.71,1.16,7592.585,0.708924837,10.75163399
7803,-4443,7416,12660,10336,10919,9807,0.72,1.16,7836.6765,0.717710092,22.89907501
7802,-4455,7473,12563,10395,10840,9803,0.72,1.16,7736.24,0.713675277,63.24723247
7803,-4463,7330,12728,10269,10977,9803,0.71,1.16,7907.1995,0.720342489,-103.4248884
7802,-4485,7405,12577,10334,10845,9806,0.72,1.16,7750.4575,0.714657215,53.42784693
7802,-4470,7317,12770,10306,11016,9810,0.71,1.16,7950.896,0.721758896,-117.5889615
7803,-4458,7296,12418,10293,10714,9815,0.71,1.16,7585.759,0.708023054,19.76946052
7802,-4415,7402,12546,10303,10826,9815,0.72,1.16,7718.631,0.712971642,70.28357657
7802,-4448,7416,12651,10355,10909,9814,0.72,1.16,7827.2415,0.717503117,24.96883307
7802,-4457,7335,12752,10292,11005,9806,0.71,1.16,7932.4175,0.720801227,-108.0122672
7802,-4451,7382,12734,10326,10979,9798,0.71,1.16,7913.2865,0.720765689,-107.6568904
7802,-4459,7412,12616,10322,10882,9792,0.72,1.16,7791.067,0.715959107,40.40893218
7803,-4462,7392,12639,10332,10903,9792,0.72,1.16,7814.9805,0.716773411,32.26589012
7802,-4467,7233,12694,10138,10947,9799,0.71,1.16,7871.8945,0.719091486,-90.91486252
7802,-4445,7415,12503,10333,10780,9807,0.72,1.16,7673.63,0.711839518,81.60482375
7802,-4464,7365,12518,10328,10793,9815,0.71,1.16,7689.1955,0.712424303,-24.24302789
7802,-4465,7336,12312,10298,10620,9816,0.71,1.16,7475.67,0.703923729,60.76271186
7802,-4466,7251,12665,10170,10923,9817,0.71,1.16,7841.8505,0.717920947,-79.20946626
7802,-4437,7359,12746,10329,10995,9817,0.71,1.16,7925.9825,0.720871533,-108.7153251
7802,-4461,7358,12737,10322,10989,9818,0.71,1.16,7916.7215,0.720422377,-104.2237692
7802,-4437,7423,12621,10333,10890,9819,0.72,1.16,7796.415,0.715924242,40.75757576
7802,-4443,7410,12616,10321,10882,9819,0.72,1.16,7791.067,0.715959107,40.40893218
7803,-4452,7379,12743,10348,10997,9818,0.71,1.16,7923.0695,0.720475539,-104.7553878
7803,-4449,7420,12512,10328,10784,9817,0.72,1.16,7682.804,0.712426187,75.73813056
7802,-4437,7432,12582,10341,10849,9816,0.72,1.16,7755.6315,0.714870633,51.29366762
7802,-4472,7222,12522,10186,10798,9815,0.71,1.16,7693.413,0.712484997,-24.84997222
7802,-4459,7379,12643,10308,10907,9815,0.72,1.16,7819.1545,0.716893234,31.06766297
7802,-4430,7389,12592,10282,10866,9813,0.72,1.16,7766.371,0.714740567,52.59433094
7802,-4445,7415,12669,10356,10936,9810,0.72,1.16,7846.416,0.717485004,25.14996342
7802,-4444,7446,12762,10376,11016,9808,0.72,1.16,7942.896,0.72103268,-10.32679739
7802,-4452,7457,12466,10384,10742,9808,0.72,1.16,7634.977,0.710759356,92.406442
7802,-4481,7377,12721,10365,10973,9809,0.71,1.16,7900.0255,0.71995129,-99.51289529
7802,-4462,7433,12705,10384,10961,9811,0.72,1.16,7883.5035,0.719232141,7.67858772
7802,-4455,7352,12696,10297,10950,9813,0.71,1.16,7874.025,0.719089041,-90.89041096
7802,-4432,7431,12573,10336,10846,9814,0.72,1.16,7746.501,0.714226535,57.73464872
7802,-4468,7327,12730,10301,10981,9814,0.71,1.16,7909.3735,0.720278071,-102.7807121
7802,-4432,7438,12561,10348,10836,9816,0.72,1.16,7734.066,0.713738095,62.61904762
7802,-4440,7253,12675,10126,10940,9819,0.72,1.16,7852.59,0.71778702,22.1297989
7802,-4446,7396,12691,10329,10944,9821,0.72,1.16,7868.764,0.719002558,9.974415205
7802,-4447,7339,12706,10278,10962,9821,0.71,1.16,7884.547,0.719261722,-92.61722313
7802,-4460,7443,12598,10357,10860,9820,0.72,1.16,7772.11,0.715663904,43.36095764
7802,-4450,7351,12659,10275,10928,9817,0.72,1.16,7836.068,0.717063324,29.36676428
7802,-4447,7426,12631,10329,10907,9814,0.72,1.16,7807.1545,0.715793023,42.06977171
7802,-4468,7395,12717,10334,10971,9813,0.72,1.16,7895.9385,0.719710008,2.899917966
7802,-4445,7430,12563,10334,10832,9812,0.72,1.16,7735.892,0.714170236,58.29763663
7802,-4445,7355,12693,10323,10955,9808,0.71,1.16,7871.2425,0.718506846,-85.06846189
7802,-4445,7397,12721,10342,10978,9803,0.72,1.16,7900.243,0.719643195,3.568045181
7802,-4443,7260,12729,10154,10988,9798,0.71,1.16,7908.678,0.719755916,-97.55915544
7802,-4448,7421,12587,10334,10852,9797,0.72,1.16,7760.762,0.71514578,48.5422042
7802,-4441,7410,12724,10344,10975,9799,0.72,1.16,7903.1125,0.720101367,-1.013667426
7802,-4453,7346,12750,10321,11001,9804,0.71,1.16,7930.2435,0.720865694,-108.6569403
7802,-4446,7451,12478,10372,10761,9809,0.72,1.16,7647.8035,0.710696357,93.03642784
7802,-4460,7428,12719,10385,10975,9814,0.72,1.16,7898.1125,0.719645786,3.54214123
7802,-4434,7401,12705,10340,10962,9814,0.72,1.16,7883.547,0.719170498,8.295019157
7802,-4489,7364,12693,10298,10952,9813,0.72,1.16,7871.112,0.718691746,13.082542
7802,-4471,7419,12428,10327,10709,9812,0.72,1.16,7595.5415,0.709267112,107.3288822
7802,-4442,7445,12608,10363,10876,9811,0.72,1.16,7782.806,0.71559452,44.05479956
7802,-4446,7331,12676,10244,10945,9811,0.72,1.16,7853.8075,0.717570352,24.29648241
7802,-4453,7322,12504,10328,10771,9810,0.71,1.16,7674.2385,0.712490809,-24.90808653
7802,-4478,7344,12735,10274,10991,9805,0.71,1.16,7914.8085,0.720117232,-101.1723228
7802,-4445,7278,12403,10264,10687,9801,0.71,1.16,7569.5845,0.708298353,17.01646861
7802,-4431,7443,12708,10358,10966,9797,0.72,1.16,7886.721,0.719197611,8.02389203
7802,-4448,7437,12580,10352,10850,9797,0.72,1.16,7753.675,0.714624424,53.75576037
7802,-4465,7177,12404,10136,10703,9800,0.71,1.16,7571.2805,0.707397973,26.02027469
7802,-4468,7463,12523,10383,10795,9804,0.72,1.16,7694.2825,0.712763548,72.36452061
7802,-4446,7356,12730,10249,10980,9808,0.72,1.16,7909.33,0.720339709,-3.39708561
7802,-4458,7295,12315,10275,10639,9810,0.71,1.16,7479.4965,0.703026271,69.73728734
7802,-4446,7302,12669,10217,10928,9810,0.71,1.16,7846.068,0.717978404,-79.784041
7802,-4450,7352,12684,10337,10943,9812,0.71,1.16,7861.7205,0.718424609,-84.24609339
7802,-4439,7385,12733,10308,10983,9814,0.72,1.16,7912.4605,0.72042798,-4.279796048
7802,-4462,7427,12559,10346,10830,9816,0.72,1.16,7731.805,0.713924746,60.75253924
7802,-4451,7411,12675,10336,10935,9816,0.72,1.16,7852.3725,0.718095336,19.04663923
7802,-4467,7376,12745,10341,10999,9815,0.71,1.16,7925.1565,0.720534276,-105.3427584
7802,-4464,7406,12712,10356,10965,9810,0.72,1.16,7890.6775,0.719624031,3.759689922
7802,-4466,7360,12787,10321,11030,9806,0.71,1.16,7968.505,0.722439257,-124.3925657
7802,-4466,7040,12695,9923,10955,9803,0.71,1.16,7873.2425,0.718689411,-86.89411228
7802,-4457,7373,12236,10342,10560,9803,0.71,1.16,7397.06,0.700479167,95.20833333
7802,-4449,7393,12590,10313,10860,9808,0.72,1.16,7764.11,0.714927256,50.72744015
7802,-4449,7393,12675,10348,10929,9813,0.71,1.16,7852.1115,0.718465688,-84.6568762
7802,-4447,7382,12702,10315,10962,9818,0.72,1.16,7880.547,0.718896825,11.03174603
7802,-4471,7356,12731,10332,10982,9818,0.71,1.16,7910.417,0.720307503,-103.0750319
7802,-4448,7410,12620,10332,10887,9817,0.72,1.16,7795.2845,0.716017682,39.82318361
7802,-4466,7350,12691,10279,10957,9816,0.72,1.16,7869.3295,0.718201104,17.98895683
7802,-4444,7449,12616,10385,10876,9815,0.72,1.16,7790.806,0.716330085,36.6991541
7802,-4444,7396,12555,10306,10821,9815,0.72,1.16,7727.4135,0.714112698,58.87302467
7802,-4485,6974,12519,9865,10791,9815,0.71,1.16,7690.1085,0.712640951,-26.40950792
7802,-4464,7324,12408,10341,10698,9816,0.71,1.16,7575.063,0.708082165,19.17835109
7802,-4451,7244,12746,10142,10999,9816,0.71,1.16,7926.1565,0.720625193,-106.251932
7802,-4437,7379,12741,10345,10988,9816,0.71,1.16,7920.678,0.720848016,-108.4801602
7801,-4461,7362,12697,10327,10955,9816,0.71,1.16,7875.2425,0.718871976,-88.71976267
7802,-4458,7397,12739,10345,10987,9816,0.72,1.16,7918.6345,0.720727633,-7.276326568
7802,-4445,7391,12633,10318,10892,9816,0.72,1.16,7808.502,0.716902497,30.97502754
7802,-4451,7433,12454,10350,10741,9816,0.72,1.16,7622.9335,0.709704264,102.9573596
7802,-4453,7399,12723,10332,10974,9816,0.72,1.16,7902.069,0.720071897,-0.718972116
7802,-4422,7390,12713,10314,10970,9816,0.72,1.16,7891.895,0.719407019,5.929808569
7801,-4444,7325,12651,10273,10914,9814,0.71,1.16,7827.459,0.717194338,-71.94337548
7802,-4437,7449,12448,10370,10736,9811,0.72,1.16,7616.716,0.709455663,105.4433681
7802,-4451,7280,12738,10213,10992,9808,0.71,1.16,7917.852,0.720328603,-103.2860262
7802,-4444,7422,12701,10364,10949,9807,0.72,1.16,7878.9815,0.719607407,3.925929309
7802,-4434,7341,12761,10295,11009,9807,0.71,1.16,7941.5915,0.72137265,-113.7264965
7802,-4466,7396,12717,10357,10971,9807,0.71,1.16,7895.9385,0.719710008,-97.10008203
7802,-4446,7399,12478,10297,10753,9807,0.72,1.16,7647.4555,0.711192737,88.07263089
7802,-4457,7431,12495,10344,10774,9807,0.72,1.16,7665.369,0.711469185,85.30814925
7801,-4462,7457,12647,10373,10907,9808,0.72,1.16,7823.1545,0.717259971,27.40029339
7801,-4470,7424,12598,10351,10869,9807,0.72,1.16,7772.5015,0.715107324,48.92676419
7801,-4454,7369,12662,10308,10922,9807,0.71,1.16,7838.807,0.717708021,-77.08020509
7802,-4446,7462,12515,10389,10797,9806,0.72,1.16,7686.3695,0.711898629,81.01370751
7802,-4432,7424,12615,10326,10890,9806,0.72,1.16,7790.415,0.715373278,46.26721763
7802,-4428,7448,12660,10362,10922,9806,0.72,1.16,7836.807,0.717524904,24.75096136
7802,-4442,7336,12740,10264,10989,9811,0.71,1.16,7919.7215,0.720695377,-106.953772
7802,-4445,7407,12712,10364,10970,9816,0.71,1.16,7890.895,0.719315861,-93.1586144
7801,-4454,7387,12764,10356,11014,9822,0.71,1.16,7944.809,0.721337298,-113.3729798
7801,-4450,7330,12682,10264,10940,9821,0.71,1.16,7859.59,0.718426874,-84.26873857
7802,-4431,7413,12593,10318,10854,9819,0.72,1.16,7766.849,0.715574811,44.2518887
7802,-4448,7366,12756,10333,11010,9815,0.71,1.16,7936.635,0.720856948,-108.5694823
7801,-4455,7286,12560,10273,10825,9810,0.71,1.16,7732.5875,0.71432679,-43.26789838
7802,-4443,7446,12654,10372,10913,9808,0.72,1.16,7830.4155,0.717530972,24.69027765
7802,-4439,7359,12724,10288,10986,9807,0.72,1.16,7903.591,0.719423903,5.760968505
7802,-4462,7448,12635,10381,10899,9808,0.72,1.16,7810.8065,0.7166535,33.46499679
7801,-4446,7451,12622,10360,10891,9809,0.72,1.16,7797.4585,0.71595432,40.45679919
7801,-4467,7403,12712,10351,10967,9810,0.72,1.16,7890.7645,0.719500729,4.992705389
7801,-4445,7446,12524,10352,10794,9810,0.72,1.16,7695.239,0.712918195,70.81804706
7802,-4446,7379,12737,10319,10989,9812,0.72,1.16,7916.7215,0.720422377,-4.223769224
7802,-4437,7413,12654,10333,10921,9817,0.72,1.16,7830.7635,0.717037222,29.62778134
7802,-4475,7338,12789,10303,11039,9821,0.71,1.16,7970.8965,0.722066899,-120.6689918
7801,-4474,7223,12680,10213,10939,9824,0.71,1.16,7857.5465,0.718305741,-83.05740927
7801,-4432,7451,12526,10365,10800,9824,0.72,1.16,7697.5,0.712731481,72.68518519
7802,-4437,7277,12629,10131,10901,9822,0.72,1.16,7804.8935,0.715979589,40.20410971
7802,-4437,7399,12684,10337,10939,9821,0.72,1.16,7861.5465,0.718671405,13.28594936
7801,-4452,7448,12679,10398,10939,9819,0.72,1.16,7856.5465,0.718214325,17.85675107
7801,-4446,7368,12740,10347,10992,9819,0.71,1.16,7919.852,0.720510553,-105.1055313
7802,-4448,7441,12612,10349,10882,9818,0.72,1.16,7787.067,0.715591527,44.08472707
7802,-4458,7443,12667,10356,10937,9817,0.72,1.16,7844.4595,0.717240514,27.59486148
7801,-4456,7420,12527,10357,10799,9816,0.72,1.16,7698.4565,0.712886054,71.13945736
7802,-4458,7370,12730,10300,10978,9815,0.72,1.16,7909.243,0.720463017,-4.63016943
7801,-4422,7388,12761,10293,11010,9815,0.72,1.16,7941.635,0.721311081,-13.11080836
7802,-4451,7297,12330,10277,10645,9815,0.71,1.16,7494.7575,0.704063645,59.36355096
7802,-4419,7428,12733,10344,10993,9814,0.72,1.16,7912.8955,0.719812199,1.878013281
7802,-4440,7328,12707,10285,10964,9813,0.71,1.16,7885.634,0.719229661,-92.29660708
7801,-4448,7361,12671,10282,10936,9813,0.72,1.16,7848.416,0.717667886,23.32114119
7801,-4432,7439,12661,10373,10923,9813,0.72,1.16,7837.8505,0.717554747,24.45253136
7801,-4459,7388,12737,10347,10990,9815,0.71,1.16,7916.765,0.720360783,-103.6078253
7801,-4435,7421,12656,10344,10919,9817,0.72,1.16,7832.6765,0.717343759,26.56241414
7801,-4446,7385,12668,10339,10930,9819,0.71,1.16,7845.155,0.717763495,-77.63494968
7802,-4450,7424,12486,10329,10765,9819,0.72,1.16,7655.9775,0.711191593,88.08406874
7802,-4446,7206,12676,10050,10938,9816,0.72,1.16,7853.503,0.718001737,19.98262937
7802,-4441,7445,12635,10367,10898,9811,0.72,1.16,7810.763,0.716715269,32.84731143
7801,-4443,7304,12682,10177,10947,9805,0.72,1.16,7859.8945,0.717995296,20.04704485
7801,-4429,7417,12667,10327,10930,9803,0.72,1.16,7844.155,0.717672004,23.2799634
7801,-4428,7386,12712,10303,10965,9803,0.72,1.16,7890.6775,0.719624031,3.759689922
7801,-4452,7367,12732,10350,10988,9807,0.71,1.16,7911.678,0.720028941,-100.2894066
7801,-4436,7402,12555,10290,10825,9811,0.72,1.16,7727.5875,0.713864896,61.35103926
7802,-4441,7386,12633,10320,10906,9815,0.72,1.16,7809.111,0.716038052,39.61947552
7802,-4464,7354,12722,10334,10975,9815,0.71,1.16,7901.1125,0.719919134,-99.19134396
7802,-4433,7426,12595,10332,10866,9814,0.72,1.16,7769.371,0.715016657,49.83342536
7801,-4461,7342,12652,10285,10920,9811,0.71,1.16,7828.72,0.716915751,-69.15750916
7801,-4447,7106,12542,10018,10823,9809,0.71,1.16,7714.5005,0.712787628,-27.87628199
7801,-4419,7394,12693,10296,10953,9807,0.72,1.16,7871.1555,0.718630101,13.69898658
7801,-4449,7411,12499,10311,10772,9808,0.72,1.16,7669.282,0.711964538,80.3546231
7801,-4435,7405,12644,10331,10909,9808,0.72,1.16,7820.2415,0.716861445,31.38555321
7801,-4453,7439,12536,10359,10808,9808,0.72,1.16,7707.848,0.713161362,68.38638046
7801,-4446,7326,12787,10293,11040,9809,0.71,1.16,7968.94,0.721824275,-118.2427536
7802,-4480,7353,12692,10302,10952,9809,0.71,1.16,7870.112,0.718600438,-86.00438276
7802,-4454,7325,12524,10210,10802,9809,0.72,1.16,7695.587,0.712422422,75.77578226
7801,-4448,7445,12511,10358,10789,9810,0.72,1.16,7682.0215,0.712023496,79.76503847
7801,-4453,7446,12546,10383,10815,9811,0.72,1.16,7718.1525,0.713652566,63.47434119
7801,-4467,7298,12329,10274,10642,9811,0.71,1.16,7493.627,0.704155892,58.4410825
7801,-4429,7369,12697,10273,10960,9811,0.72,1.16,7875.46,0.718563869,14.36131387
7801,-4445,7410,12619,10334,10888,9808,0.72,1.16,7794.328,0.715864071,41.35929464
7801,-4440,7380,12715,10308,10974,9804,0.72,1.16,7894.069,0.719342901,6.570985967
7801,-4459,7382,12714,10324,10974,9801,0.72,1.16,7893.069,0.719251777,7.482230727
7801,-4475,7455,12512,10373,10786,9800,0.72,1.16,7682.891,0.712302151,76.97849064
7801,-4456,7435,12541,10350,10817,9801,0.72,1.16,7713.2395,0.713066423,69.33576777
7801,-4477,7323,12465,10331,10742,9805,0.71,1.16,7633.977,0.710666263,-6.662632657
7802,-4477,7333,12753,10286,11007,9809,0.71,1.16,7933.5045,0.720769011,-107.6901063
7801,-4472,7124,12602,10029,10874,9812,0.71,1.16,7776.719,0.71516636,-51.66360125
7801,-4467,7376,12240,10319,10563,9813,0.71,1.16,7401.1905,0.700671258,93.28741835
7801,-4449,7326,12628,10212,10899,9811,0.72,1.16,7803.8065,0.71601124,39.88760437
7801,-4443,7383,12744,10320,10992,9807,0.72,1.16,7923.852,0.720874454,-8.744541485
7801,-4448,7425,12555,10350,10832,9803,0.72,1.16,7727.892,0.713431684,65.683161
7801,-4445,7414,12711,10347,10970,9801,0.72,1.16,7889.895,0.719224704,7.752962625
7801,-4433,7345,12701,10262,10958,9802,0.72,1.16,7879.373,0.719052108,9.478919511
7801,-4439,7402,12714,10339,10977,9808,0.72,1.16,7893.1995,0.719067095,9.329051653
7801,-4441,7380,12721,10321,10974,9814,0.72,1.16,7900.069,0.719889648,1.103517405
7801,-4444,7384,12734,10299,10990,9819,0.72,1.16,7913.765,0.720087807,-0.878070974
7801,-4434,7217,12726,10060,10976,9819,0.72,1.16,7905.156,0.720221939,-2.219387755
7801,-4454,7451,12646,10365,10909,9820,0.72,1.16,7822.2415,0.71704478,29.5522046
7801,-4440,7374,12737,10321,10990,9824,0.71,1.16,7916.765,0.720360783,-103.6078253
7801,-4455,7367,12693,10290,10950,9827,0.72,1.16,7871.025,0.718815068,11.84931507
7801,-4448,7351,12706,10298,10962,9828,0.71,1.16,7884.547,0.719261722,-92.61722313
7801,-4441,7413,12549,10336,10828,9828,0.72,1.16,7721.718,0.713125046,68.74953823
7801,-4445,7353,12730,10313,10986,9825,0.71,1.16,7909.591,0.719970053,-99.70052794
7801,-4450,7370,12772,10312,11023,9823,0.71,1.16,7953.2005,0.721509616,-115.0961626
7801,-4450,7402,12649,10344,10912,9820,0.72,1.16,7825.372,0.717134531,28.65469208
7801,-4431,7401,12724,10334,10986,9821,0.72,1.16,7903.591,0.719423903,5.760968505
7801,-4483,7309,12688,10320,10944,9820,0.71,1.16,7865.764,0.718728436,-87.28435673
7801,-4462,7408,12667,10355,10934,9819,0.72,1.16,7844.329,0.71742537,25.74629596
7801,-4440,7309,12672,10184,10940,9817,0.72,1.16,7849.59,0.717512797,24.87202925
7801,-4442,7371,12756,10331,11001,9816,0.71,1.16,7936.2435,0.721411099,-114.1109899
7801,-4456,7353,12723,10305,10981,9816,0.71,1.16,7902.3735,0.719640607,-96.40606502
7801,-4455,7425,12493,10341,10766,9814,0.72,1.16,7663.021,0.71177977,82.20230355
7801,-4449,7461,12521,10377,10796,9810,0.72,1.16,7692.326,0.712516302,74.83697666
7801,-4457,7350,12706,10307,10963,9806,0.71,1.16,7884.5905,0.719200082,-92.00082094
7801,-4456,7404,12683,10345,10939,9806,0.72,1.16,7860.5465,0.718579989,14.2001097
7801,-4454,7407,12647,10334,10910,9808,0.72,1.16,7823.285,0.717074702,29.25297892
7801,-4426,7363,12742,10252,10995,9814,0.72,1.16,7921.9825,0.720507731,-5.077307867
7801,-4447,7437,12692,10363,10954,9820,0.72,1.16,7870.199,0.718477177,15.22822713
7801,-4437,7407,12657,10304,10922,9823,0.72,1.16,7833.807,0.717250229,27.49771104
7801,-4442,7411,12614,10356,10879,9823,0.72,1.16,7788.9365,0.715960704,40.39295891
7801,-4459,7280,12729,10210,10988,9823,0.71,1.16,7908.678,0.719755916,-97.55915544
7801,-4428,7367,12681,10323,10941,9823,0.71,1.16,7858.6335,0.718273787,-82.73786674
7801,-4467,7338,12704,10309,10961,9823,0.71,1.16,7882.5035,0.719140909,-91.40908676
7801,-4478,7437,12656,10358,10921,9823,0.72,1.16,7832.7635,0.717220355,27.79644721
7801,-4439,7343,12749,10313,10993,9823,0.71,1.16,7928.8955,0.72126767,-112.6767034
7801,-4438,7365,12668,10301,10931,9824,0.71,1.16,7845.1985,0.717701811,-77.01811362
7801,-4439,7265,12522,10230,10795,9824,0.71,1.16,7693.2825,0.712670912,-26.70912459
7801,-4442,7296,12520,10284,10801,9824,0.71,1.16,7691.5435,0.712114017,-21.14017221
7801,-4447,7333,12735,10253,10988,9824,0.72,1.16,7914.678,0.720301966,-3.019657809
7801,-4446,7421,12648,10345,10906,9823,0.72,1.16,7824.111,0.717413442,25.86557858
7801,-4452,7360,12762,10304,11016,9821,0.71,1.16,7942.896,0.72103268,-110.3267974
7801,-4443,7336,12742,10309,10992,9820,0.71,1.16,7921.852,0.720692504,-106.9250364
7801,-4451,7440,12518,10357,10789,9819,0.72,1.16,7689.0215,0.712672305,73.27694874
7801,-4458,7432,12588,10343,10856,9818,0.72,1.16,7761.936,0.71499042,50.09579956
7801,-4450,7276,12808,10214,11046,9816,0.71,1.16,7990.201,0.723356962,-133.569618
7801,-4442,7380,12782,10345,11034,9815,0.71,1.16,7963.679,0.721739985,-117.399855
7801,-4474,7361,12696,10340,10957,9813,0.71,1.16,7874.3295,0.718657434,-86.57433604
7801,-4466,7382,12766,10317,11015,9813,0.72,1.16,7946.8525,0.721457331,-14.57330912
7801,-4455,7348,12724,10310,10978,9812,0.71,1.16,7903.243,0.719916469,-99.16469302
7801,-4428,7401,12738,10345,10991,9811,0.72,1.16,7917.8085,0.720390183,-3.901828769
7801,-4452,7410,12571,10309,10841,9810,0.72,1.16,7744.2835,0.714351397,56.48602527
7801,-4429,7405,12724,10357,10978,9810,0.71,1.16,7903.243,0.719916469,-99.16469302
7801,-4439,7425,12651,10362,10914,9811,0.72,1.16,7827.459,0.717194338,28.05662452
7801,-4451,7428,12515,10344,10789,9813,0.72,1.16,7686.0215,0.712394244,76.05755862
7801,-4453,7469,12532,10395,10803,9814,0.72,1.16,7703.6305,0.713101037,68.98963251
7801,-4464,7398,12747,10337,11008,9816,0.72,1.16,7927.548,0.720162427,-1.624273256
7801,-4447,7337,12699,10269,10952,9816,0.71,1.16,7877.112,0.719239591,-92.39590942
7801,-4453,7363,12198,10315,10522,9815,0.71,1.16,7357.407,0.699240354,107.5964646
7801,-4429,7341,12578,10228,10855,9813,0.72,1.16,7751.8925,0.714131046,58.68954399
7801,-4454,7373,12698,10341,10954,9810,0.71,1.16,7876.199,0.719024922,-90.24922403
7801,-4433,7400,12506,10293,10786,9808,0.72,1.16,7676.891,0.711745874,82.54125719
7801,-4484,7272,12682,10175,10938,9808,0.71,1.16,7859.503,0.718550283,-85.50283416
7801,-4451,7382,12689,10317,10948,9808,0.72,1.16,7866.938,0.718573073,14.26927293
7801,-4448,7399,12687,10328,10950,9808,0.72,1.16,7865.025,0.718267123,17.32876712
7801,-4446,7438,12549,10354,10815,9808,0.72,1.16,7721.1525,0.713929958,60.70041609
7801,-4446,7390,12684,10310,10944,9808,0.72,1.16,7861.764,0.718362939,16.37061404
7801,-4454,7336,12783,10345,11027,9809,0.71,1.16,7964.3745,0.722261222,-122.6122245
7801,-4458,7405,12665,10339,10926,9812,0.72,1.16,7841.981,0.717735768,22.64232107
7801,-4447,7325,12718,10245,10979,9815,0.71,1.16,7897.2865,0.719308361,-93.08361417
7801,-4450,7447,12596,10368,10864,9818,0.72,1.16,7770.284,0.715232327,47.67673049
7801,-4459,7314,12462,10187,10746,9818,0.72,1.16,7631.151,0.710138749,98.61250698
7801,-4462,7431,12660,10369,10930,9815,0.72,1.16,7837.155,0.717031565,29.68435499
7801,-4446,7441,12687,10367,10948,9811,0.72,1.16,7864.938,0.718390391,16.09609061
7801,-4454,7431,12715,10362,10975,9807,0.72,1.16,7894.1125,0.719281321,7.186788155
7801,-4455,7323,12765,10289,11012,9806,0.71,1.16,7945.722,0.721551217,-115.5121685
7801,-4455,7433,12670,10360,10932,9807,0.72,1.16,7847.242,0.717823088,21.76911819
7801,-4452,7311,12774,10319,11022,9813,0.71,1.16,7955.157,0.721752586,-117.5258574
7801,-4436,7412,12600,10321,10875,9819,0.72,1.16,7774.7625,0.71492069,50.79310345
7801,-4482,7253,12693,10132,10952,9824,0.72,1.16,7871.112,0.718691746,13.082542
7801,-4474,7442,12395,10359,10679,9824,0.72,1.16,7561.2365,0.708047242,119.5275775
7801,-4495,7295,12440,10275,10721,9822,0.71,1.16,7608.0635,0.709641218,3.587818301
7801,-4462,7373,12752,10305,10999,9819,0.72,1.16,7932.1565,0.721170697,-11.70697336
7801,-4415,7435,12569,10340,10842,9816,0.72,1.16,7742.327,0.714105054,58.94945582
7801,-4457,7378,12665,10325,10923,9815,0.71,1.16,7841.8505,0.717920947,-79.20946626
7801,-4445,7382,12646,10307,10909,9815,0.72,1.16,7822.2415,0.71704478,29.5522046
7801,-4460,7346,12740,10317,10996,9813,0.71,1.16,7920.026,0.720264278,-102.6427792
7801,-4475,7198,12608,10178,10875,9811,0.71,1.16,7782.7625,0.715656322,-56.56321839
7801,-4435,7344,12271,10221,10585,9810,0.72,1.16,7433.1475,0.702234058,177.6594237
7801,-4442,7344,12700,10262,10964,9810,0.72,1.16,7878.634,0.718591208,14.08792412
7801,-4448,7355,12704,10301,10956,9808,0.71,1.16,7882.286,0.719449252,-94.49251552
7801,-4443,7406,12590,10307,10849,9805,0.72,1.16,7763.6315,0.715608028,43.9197161
7801,-4437,7417,12598,10343,10874,9802,0.72,1.16,7772.719,0.71479851,52.01489792
7801,-4456,7447,12494,10365,10773,9801,0.72,1.16,7664.3255,0.711438364,85.6163557
7801,-4448,7439,12509,10359,10787,9801,0.72,1.16,7679.9345,0.711962038,80.37962362
7801,-4441,7420,12620,10342,10883,9808,0.72,1.16,7795.1105,0.716264863,37.3513737
7800,-4441,7437,12501,10348,10780,9815,0.72,1.16,7671.63,0.711653989,83.46011132
7801,-4459,7154,12593,10088,10857,9821,0.71,1.16,7766.9795,0.715389104,-53.89103804
7801,-4444,7267,12341,10232,10659,9821,0.71,1.16,7506.3665,0.704228023,57.71976733
7801,-4428,7320,12450,10189,10735,9821,0.72,1.16,7618.6725,0.709704006,102.9599441
7801,-4434,7407,12687,10349,10945,9821,0.72,1.16,7864.8075,0.718575377,14.24623116
7801,-4439,7446,12658,10368,10925,9821,0.72,1.16,7834.9375,0.717156751,28.43249428
7801,-4439,7454,12499,10378,10778,9820,0.72,1.16,7669.543,0.71159241,84.07589534
7801,-4456,7407,12743,10361,10994,9820,0.71,1.16,7922.939,0.720660269,-106.6026924
7801,-4457,7355,12724,10306,10979,9822,0.71,1.16,7903.2865,0.719854859,-98.54859277
7801,-4469,7386,12670,10328,10932,9823,0.72,1.16,7847.242,0.717823088,21.76911819
7800,-4454,7421,12517,10323,10791,9825,0.72,1.16,7688.1085,0.712455611,75.44388843
7801,-4452,7228,12766,10076,11020,9826,0.72,1.16,7947.07,0.721149728,-11.49727768
7801,-4446,7365,12132,10297,10462,9825,0.72,1.16,7288.797,0.696692506,233.0749379
7801,-4443,7319,12591,10188,10866,9819,0.72,1.16,7765.371,0.714648537,53.5146328
7801,-4424,7454,12623,10368,10884,9814,0.72,1.16,7798.154,0.716478684,35.21315693
7801,-4450,7451,12514,10368,10793,9809,0.72,1.16,7685.1955,0.712053692,79.46307792
7801,-4422,7349,12679,10305,10941,9809,0.71,1.16,7856.6335,0.718090988,-80.90988027
7801,-4473,7311,12407,10311,10701,9809,0.71,1.16,7574.1935,0.707802402,21.97598355
7801,-4445,7425,12731,10375,10990,9808,0.72,1.16,7910.765,0.719814832,1.851683348
7801,-4447,7436,12563,10352,10834,9808,0.72,1.16,7735.979,0.714046428,59.53572088
7801,-4428,7388,12659,10324,10930,9808,0.72,1.16,7836.155,0.716940073,30.59926807
7801,-4480,7029,12701,9944,10960,9809,0.71,1.16,7879.46,0.718928832,-89.28832117
7801,-4446,7395,12658,10312,10926,9812,0.72,1.16,7834.981,0.717095094,29.04905729
7801,-4440,7295,12631,10158,10903,9815,0.72,1.16,7806.9805,0.716039668,39.60332019
7801,-4434,7406,12693,10305,10953,9818,0.72,1.16,7871.1555,0.718630101,13.69898658
7801,-4463,7455,12392,10376,10685,9818,0.72,1.16,7558.4975,0.707393308,126.0669162
7800,-4477,7434,12608,10381,10874,9819,0.72,1.16,7782.719,0.715718135,42.81864999
7801,-4459,7424,12621,10347,10886,9820,0.72,1.16,7796.241,0.716171321,38.28679037
7801,-4457,7406,12643,10349,10908,9822,0.72,1.16,7819.198,0.7168315,31.68500183
7801,-4442,7391,12751,10369,10996,9823,0.71,1.16,7931.026,0.721264642,-112.6464169
7801,-4489,7426,12586,10350,10858,9823,0.72,1.16,7760.023,0.714682538,53.17461779
7801,-4454,7329,12679,10315,10935,9823,0.71,1.16,7856.3725,0.718461134,-84.61133973
7801,-4473,7316,12426,10312,10712,9822,0.71,1.16,7593.672,0.708893951,11.06049291
7801,-4449,7296,12738,10198,10992,9822,0.72,1.16,7917.852,0.720328603,-3.286026201
7801,-4446,7392,12712,10320,10961,9822,0.72,1.16,7890.5035,0.719870769,1.292309096
7801,-4471,7303,12491,10296,10768,9822,0.71,1.16,7661.108,0.711469911,-14.69910847
7801,-4457,7407,12723,10354,10974,9822,0.72,1.16,7902.069,0.720071897,-0.718972116
7801,-4444,7391,12470,10291,10762,9821,0.72,1.16,7639.847,0.709891005,101.0899461
7800,-4459,7462,12463,10387,10751,9821,0.72,1.16,7632.3685,0.709921728,100.7827179
7801,-4456,7348,12492,10228,10763,9821,0.72,1.16,7661.8905,0.71187313,81.26869832
7801,-4452,7391,12697,10315,10961,9817,0.72,1.16,7875.5035,0.718502281,14.97719186
7801,-4452,7370,12464,10294,10749,9814,0.72,1.16,7633.2815,0.710138757,98.61242906
7801,-4462,7303,12330,10295,10631,9810,0.71,1.16,7494.1485,0.704933543,50.66456589
7800,-4440,7337,12712,10246,10969,9810,0.72,1.16,7890.8515,0.719377473,6.225271219
7801,-4434,7387,12745,10348,10992,9811,0.71,1.16,7924.852,0.720965429,-109.654294
7801,-4452,7412,12525,10320,10803,9812,0.72,1.16,7696.6305,0.712453069,75.46931408
7801,-4456,7445,12417,10368,10707,9814,0.72,1.16,7584.4545,0.708364108,116.3589241
7801,-4432,7400,12705,10321,10964,9815,0.72,1.16,7883.634,0.719047246,9.527544692
7801,-4444,7342,12716,10278,10973,9815,0.71,1.16,7895.0255,0.719495626,-94.95625627
7801,-4447,7329,12756,10299,11005,9816,0.71,1.16,7936.4175,0.721164698,-111.6469786
7801,-4436,7421,12497,10323,10775,9816,0.72,1.16,7667.4125,0.711592807,84.07192575
7801,-4447,7343,12728,10227,10982,9816,0.72,1.16,7907.417,0.720034329,-0.343289018
7801,-4427,7417,12615,10314,10886,9816,0.72,1.16,7790.241,0.715620154,43.79845673
7801,-4443,7361,12424,10251,10714,9817,0.72,1.16,7591.759,0.708583069,114.1693112
7801,-4447,7395,12673,10344,10925,9820,0.71,1.16,7849.9375,0.718529748,-85.29748284
7800,-4455,7406,12733,10346,10985,9822,0.72,1.16,7912.5475,0.720304734,-3.047337278
7801,-4432,7442,12557,10368,10830,9824,0.72,1.16,7729.805,0.713740074,62.59926131
7801,-4455,7415,12645,10313,10913,9824,0.72,1.16,7821.4155,0.716706268,32.93732246
7801,-4466,7398,12693,10375,10959,9821,0.71,1.16,7871.4165,0.718260471,-82.60470846
7801,-4489,7400,12728,10371,10979,9818,0.71,1.16,7907.2865,0.720219191,-102.1919118
7801,-4450,7423,12555,10334,10827,9816,0.72,1.16,7727.6745,0.713741064,62.58935993
7801,-4451,7414,12566,10355,10834,9815,0.72,1.16,7738.979,0.714323334,56.76666051
7800,-4436,7448,12486,10366,10775,9814,0.72,1.16,7656.4125,0.710571926,94.28074246
7801,-4424,7325,12592,10193,10869,9809,0.72,1.16,7766.5015,0.714555295,54.44705125
7801,-4429,7435,12697,10384,10951,9804,0.72,1.16,7875.0685,0.719118665,8.813350379
7801,-4456,7344,12699,10319,10960,9800,0.71,1.16,7877.46,0.71874635,-87.46350365
7801,-4450,7386,12664,10323,10928,9800,0.72,1.16,7841.068,0.717520864,24.79136164
7801,-4442,7450,12564,10371,10838,9802,0.72,1.16,7737.153,0.713891216,61.08783908
7801,-4448,7328,12764,10288,11016,9805,0.71,1.16,7944.896,0.721214234,-112.1423384
7801,-4458,7412,12530,10318,10806,9808,0.72,1.16,7701.761,0.712730057,72.69942624
7800,-4456,7440,12480,10353,10763,9809,0.72,1.16,7649.8905,0.710758199,92.41800613
7801,-4464,7335,12704,10297,10963,9809,0.71,1.16,7882.5905,0.71901765,-90.17650278
7801,-4452,7438,12053,10354,10396,9806,0.72,1.16,7206.926,0.693240285,267.5971528
7801,-4424,7361,12717,10354,10976,9803,0.71,1.16,7896.156,0.719401968,-94.0196793
7800,-4457,7452,12626,10375,10896,9801,0.72,1.16,7801.676,0.716012849,39.87151248
7801,-4439,7421,12744,10376,11003,9801,0.72,1.16,7924.3305,0.720197264,-1.972643824
7801,-4455,7391,12737,10330,10986,9803,0.72,1.16,7916.591,0.720607227,-6.072273803
7801,-4453,7409,12691,10389,10954,9810,0.71,1.16,7869.199,0.718385886,-83.85886434
7801,-4457,7419,12694,10377,10961,9816,0.71,1.16,7872.5035,0.718228583,-82.28583158
7800,-4453,7197,12812,10109,11054,9821,0.71,1.16,7994.549,0.723226796,-132.2679573
7801,-4442,7362,12699,10281,10959,9820,0.72,1.16,7877.4165,0.718807966,11.92033945
7801,-4452,7078,12482,9983,10767,9818,0.71,1.16,7652.0645,0.710696062,-6.960620414
7801,-4445,7452,12550,10361,10824,9817,0.72,1.16,7722.544,0.713464893,65.35107169
7801,-4442,7374,12728,10311,10989,9815,0.72,1.16,7907.7215,0.719603376,3.966238966
7801,-4450,7443,12485,10366,10761,9815,0.72,1.16,7654.8035,0.711346854,86.53145618
7801,-4453,7368,12786,10331,11034,9816,0.71,1.16,7967.679,0.722102501,-121.0250136
7801,-4464,7422,12430,10333,10719,9816,0.72,1.16,7597.9765,0.708832587,111.67413
7800,-4424,7370,12685,10281,10944,9816,0.72,1.16,7862.764,0.718454313,15.45687135
7801,-4468,7364,12735,10337,10998,9816,0.71,1.16,7915.113,0.719686579,-96.86579378
7801,-4446,7406,12678,10318,10933,9816,0.72,1.16,7855.2855,0.71849314,15.06859965
7801,-4447,7412,12531,10319,10807,9816,0.72,1.16,7702.8045,0.712760664,72.39335616
7800,-4490,7198,12496,10174,10770,9815,0.71,1.16,7666.195,0.711810121,-18.10120706
7801,-4469,7442,12431,10361,10721,9814,0.72,1.16,7599.0635,0.708801744,111.9825576
7801,-4447,7345,12708,10282,10967,9813,0.71,1.16,7886.7645,0.719135999,-91.35998906
7801,-4442,7432,12520,10332,10791,9813,0.72,1.16,7691.1085,0.712733621,72.6637939
7801,-4454,7383,12700,10319,10962,9815,0.72,1.16,7878.547,0.718714377,12.85623061
7801,-4432,7383,12598,10291,10865,9817,0.72,1.16,7772.3275,0.715354579,46.45421077
7800,-4450,7420,12735,10355,10989,9818,0.72,1.16,7914.7215,0.720240377,-2.403767404
7800,-4445,7441,12500,10362,10783,9818,0.72,1.16,7670.7605,0.711375359,86.24640638
7801,-4483,7387,12729,10370,10984,9817,0.71,1.16,7908.504,0.720002185,-100.02185
7801,-4480,7400,12746,10359,11002,9817,0.71,1.16,7926.287,0.720440556,-104.4055626
7801,-4464,7300,12705,10318,10965,9818,0.71,1.16,7883.6775,0.718985636,-89.85636115
7801,-4448,7314,12393,10282,10698,9818,0.71,1.16,7560.063,0.706680034,33.19966349
7801,-4436,7385,12546,10277,10819,9818,0.72,1.16,7718.3265,0.713404797,65.95202884
7800,-4457,7404,12715,10340,10966,9818,0.72,1.16,7893.721,0.719835947,1.64052526
7800,-4447,7412,12501,10311,10781,9817,0.72,1.16,7671.6735,0.711592014,84.07986272
7801,-4460,7446,12486,10372,10765,9816,0.72,1.16,7655.9775,0.711191593,88.08406874
7801,-4457,7418,12633,10366,10894,9816,0.72,1.16,7808.589,0.716778869,32.21130898
7801,-4453,7411,12721,10359,10981,9814,0.72,1.16,7900.3735,0.719458474,5.415262727
7801,-4470,7390,12693,10320,10947,9809,0.72,1.16,7870.8945,0.719000137,9.998629762
7800,-4444,7429,12464,10333,10748,9805,0.72,1.16,7633.238,0.710200782,97.99218459
7800,-4448,7244,12726,10086,10976,9803,0.72,1.16,7905.156,0.720221939,-2.219387755
7800,-4472,7329,12397,10328,10700,9803,0.71,1.16,7564.15,0.706929907,30.70093458
7801,-4448,7366,12543,10259,10822,9806,0.72,1.16,7715.457,0.712941878,70.58122343
7801,-4440,7368,12712,10299,10963,9809,0.72,1.16,7890.5905,0.719747378,2.526224574
7800,-4453,7381,12696,10322,10953,9813,0.72,1.16,7874.1555,0.718903999,10.96001096
7801,-4440,7432,12641,10363,10913,9813,0.72,1.16,7817.4155,0.716339732,36.60267571
7801,-4451,7344,12698,10310,10955,9811,0.71,1.16,7876.2425,0.718963259,-89.63258786
7801,-4450,7419,12704,10372,10967,9805,0.72,1.16,7882.7645,0.718771268,12.28731649
7801,-4456,7405,12744,10357,10992,9800,0.71,1.16,7923.852,0.720874454,-108.7445415
7800,-4460,7403,12501,10304,10780,9797,0.72,1.16,7671.63,0.711653989,83.46011132
7800,-4460,7224,12606,10066,10877,9798,0.72,1.16,7780.8495,0.715348855,46.51144617
7801,-4455,7454,12541,10368,10822,9810,0.72,1.16,7713.457,0.712757069,72.42931066
7801,-4444,7228,12742,10133,10995,9822,0.71,1.16,7921.9825,0.720507731,-105.0773079
7801,-4459,7364,12750,10321,10994,9834,0.71,1.16,7929.939,0.72129698,-112.9698017
7801,-4454,7427,12778,10357,11027,9834,0.72,1.16,7959.3745,0.72180779,-18.0778997
7801,-4451,7429,12490,10335,10767,9830,0.72,1.16,7660.0645,0.711439073,85.60926906
7801,-4443,7446,12548,10357,10819,9819,0.72,1.16,7720.3265,0.713589657,64.10342915
7800,-4455,7409,12687,10369,10950,9807,0.71,1.16,7865.025,0.718267123,-82.67123288
7801,-4456,7355,12791,10320,11034,9801,0.71,1.16,7972.679,0.722555646,-125.5564618
7801,-4464,7393,12555,10286,10829,9801,0.72,1.16,7727.7615,0.713617278,63.8272232
7800,-4465,7332,12686,10291,10945,9802,0.71,1.16,7863.8075,0.718484011,-84.84010964
7800,-4467,7429,12536,10342,10813,9805,0.72,1.16,7708.0655,0.712851706,71.48293721
7800,-4450,7357,12663,10243,10931,9807,0.72,1.16,7840.1985,0.717244397,27.5560333
7801,-4425,7388,12750,10330,10992,9807,0.72,1.16,7929.852,0.721420306,-14.20305677
7801,-4454,7351,12744,10304,10996,9806,0.71,1.16,7924.026,0.720628047,-106.2804656
7801,-4487,7378,12629,10326,10898,9799,0.71,1.16,7804.763,0.716164709,-61.64709121
7801,-4446,7444,12629,10366,10893,9792,0.72,1.16,7804.5455,0.716473469,35.265308
7801,-4442,7436,12632,10360,10901,9787,0.72,1.16,7807.8935,0.716254793,37.45206862
7800,-4442,7442,12688,10370,10940,9787,0.72,1.16,7865.59,0.71897532,10.24680073
7800,-4419,7436,12616,10344,10883,9791,0.72,1.16,7791.1105,0.715897317,41.02683084
7800,-4466,7283,12665,10271,10928,9796,0.71,1.16,7842.068,0.717612372,-76.12371889
7801,-4428,7416,12649,10349,10919,9802,0.72,1.16,7825.6765,0.716702674,32.97325762
7800,-4447,7337,12716,10272,10977,9803,0.71,1.16,7895.1995,0.719249294,-92.49293978
7801,-4434,7422,12654,10346,10916,9804,0.72,1.16,7830.546,0.717345731,26.54268963
7800,-4459,7227,12752,10135,11001,9808,0.71,1.16,7932.2435,0.721047496,-110.4749568
7801,-4423,7418,12717,10359,10976,9811,0.72,1.16,7896.156,0.719401968,5.9803207
7800,-4442,7431,12689,10355,10951,9813,0.72,1.16,7867.0685,0.718388138,16.1186193
7800,-4449,7443,12551,10355,10831,9813,0.72,1.16,7723.8485,0.713124227,68.75773243
7801,-4465,7376,12690,10309,10948,9814,0.72,1.16,7867.938,0.718664414,13.35586408
7801,-4455,7435,12473,10339,10755,9815,0.72,1.16,7642.5425,0.710603673,93.9632729
7800,-4466,7300,12446,10248,10733,9817,0.71,1.16,7614.5855,0.709455464,5.445355446
7800,-4437,7400,12683,10341,10944,9818,0.72,1.16,7860.764,0.718271564,17.28435673
7801,-4487,7130,12420,10056,10728,9817,0.71,1.16,7588.368,0.707342282,26.57718121
7801,-4454,7442,12664,10367,10931,9812,0.72,1.16,7841.1985,0.71733588,26.64120392
7801,-4440,7422,12650,10329,10913,9807,0.72,1.16,7826.4155,0.717164437,28.3556309
7800,-4454,7439,12729,10389,10984,9802,0.72,1.16,7908.504,0.720002185,-0.021849964
7800,-4448,7417,12496,10318,10769,9803,0.72,1.16,7666.1515,0.711872179,81.27820596
7800,-4472,7366,12638,10288,10903,9805,0.72,1.16,7813.9805,0.716681693,33.18306888
7800,-4442,7331,12747,10285,10992,9811,0.71,1.16,7926.852,0.72114738,-111.4737991
7800,-4441,7412,12575,10340,10848,9816,0.72,1.16,7748.588,0.714287242,57.12758112
7801,-4463,7313,12684,10324,10940,9819,0.71,1.16,7861.59,0.718609689,-86.09689214
7801,-4448,7197,12028,10103,10374,9819,0.71,1.16,7180.969,0.692208309,177.9169077
7801,-4444,7286,12702,10168,10962,9818,0.72,1.16,7880.547,0.718896825,11.03174603
7801,-4445,7387,12708,10354,10966,9817,0.71,1.16,7886.721,0.719197611,-91.97610797
7800,-4453,7253,12714,10180,10972,9816,0.71,1.16,7892.982,0.719374954,-93.74954429
7800,-4478,7357,12644,10296,10904,9816,0.71,1.16,7820.024,0.717170213,-71.70212766
7800,-4432,7384,12748,10312,11002,9814,0.72,1.16,7928.287,0.720622341,-6.223413925
7800,-4463,7443,12415,10373,10709,9812,0.72,1.16,7582.5415,0.70805318,119.4682043
7801,-4453,7456,12490,10376,10766,9809,0.72,1.16,7660.021,0.711501115,84.9888538
7801,-4445,7417,12699,10346,10960,9807,0.72,1.16,7877.46,0.71874635,12.53649635
7800,-4468,7105,12503,10037,10780,9807,0.71,1.16,7673.63,0.711839518,-18.39517625
7801,-4443,7418,12095,10344,10438,9807,0.72,1.16,7250.753,0.694649646,253.5035447
7800,-4456,7333,12700,10276,10958,9807,0.71,1.16,7878.373,0.718960851,-89.6085052
7801,-4436,7416,12683,10324,10941,9807,0.72,1.16,7860.6335,0.718456585,15.43414679
7800,-4441,7395,12729,10349,10990,9808,0.71,1.16,7908.765,0.719632848,-96.32848044
7800,-4475,7404,12616,10336,10879,9808,0.72,1.16,7790.9365,0.716144545,38.55455465
7800,-4451,7402,12682,10370,10944,9807,0.71,1.16,7859.764,0.71818019,-81.80190058
7800,-4474,7408,12712,10364,10971,9807,0.71,1.16,7890.9385,0.719254261,-92.54261234
7801,-4446,7446,12471,10362,10750,9806,0.72,1.16,7640.325,0.710727907,92.72093023
7801,-4460,7449,12521,10364,10794,9806,0.72,1.16,7692.239,0.712640263,73.59736891
7800,-4476,7031,12464,9904,10741,9805,0.71,1.16,7632.9335,0.710635276,-6.352760451
7801,-4466,7325,12446,10328,10746,9805,0.71,1.16,7615.151,0.708649823,13.5017681
7800,-4450,7434,12469,10350,10754,9803,0.72,1.16,7638.499,0.710293751,97.06248838
7800,-4479,7322,12397,10320,10687,9803,0.71,1.16,7563.5845,0.707736923,22.63076635
7800,-4451,7345,12741,10304,10998,9803,0.71,1.16,7921.113,0.720232133,-102.3213312
7801,-4447,7463,12489,10389,10768,9804,0.72,1.16,7659.108,0.711284175,87.15824666
7800,-4448,7372,12676,10320,10946,9806,0.71,1.16,7853.851,0.71750877,-75.08770327
7800,-4459,7448,12542,10368,10818,9807,0.72,1.16,7714.283,0.713096968,69.03031984
7801,-4459,7391,12768,10340,11016,9807,0.71,1.16,7948.896,0.721577342,-115.7734205
7801,-4465,7377,12764,10334,11013,9806,0.71,1.16,7944.7655,0.721398847,-113.9884682
7800,-4468,7407,12636,10365,10891,9804,0.71,1.16,7811.4585,0.717239785,-72.39785144
7800,-4438,7423,12504,10331,10795,9803,0.72,1.16,7675.2825,0.711003474,89.9652617
7800,-4453,7272,12681,10175,10948,9802,0.71,1.16,7858.938,0.717842346,-78.42345634
7800,-4436,7372,12736,10334,10985,9803,0.71,1.16,7915.5475,0.720577833,-105.7783341
7801,-4452,7347,12760,10327,11013,9809,0.71,1.16,7940.7655,0.72103564,-110.356397
7800,-4453,7435,12553,10359,10825,9816,0.72,1.16,7725.5875,0.713680139,63.19861432
7801,-4449,7403,12618,10325,10882,9822,0.72,1.16,7793.067,0.716142897,38.57103474
7801,-4454,7429,12494,10345,10779,9822,0.72,1.16,7664.5865,0.711066565,89.33435384
7801,-4435,7384,12632,10316,10890,9821,0.72,1.16,7807.415,0.716934343,30.65656566
7800,-4440,7363,12712,10304,10972,9819,0.71,1.16,7890.982,0.719192672,-91.92672257
7800,-4464,7303,12616,10297,10878,9817,0.71,1.16,7790.893,0.71620638,-62.06379849
7800,-4458,7322,12214,10276,10542,9816,0.71,1.16,7374.277,0.699514039,104.8596092
7800,-4455,7295,12706,10201,10971,9816,0.72,1.16,7884.9385,0.718707365,12.92635129
7800,-4452,7439,12578,10363,10844,9814,0.72,1.16,7751.414,0.714811324,51.88675765
7800,-4461,7440,12491,10349,10764,9812,0.72,1.16,7660.934,0.711718135,82.81865478
7801,-4428,7418,12586,10344,10858,9811,0.72,1.16,7760.023,0.714682538,53.17461779
7801,-4451,7429,12545,10334,10822,9810,0.72,1.16,7717.457,0.713126686,68.7331362
7800,-4464,7437,12535,10360,10812,9809,0.72,1.16,7707.022,0.712821125,71.78875324
7800,-4421,7424,12709,10386,10967,9807,0.71,1.16,7887.7645,0.719227182,-92.27181545
7800,-4446,7444,12579,10352,10858,9806,0.72,1.16,7753.023,0.714037852,59.62147725
7800,-4448,7234,12695,10074,10952,9805,0.72,1.16,7873.112,0.718874361,11.25639153
7801,-4461,7319,12359,10325,10656,9806,0.71,1.16,7524.236,0.706103228,38.96771772
7800,-4445,7287,12741,10253,10993,9801,0.71,1.16,7920.8955,0.720539935,-105.399345
7800,-4456,7345,12755,10315,11004,9794,0.71,1.16,7935.374,0.721135405,-111.3540531
7801,-4469,7444,12494,10360,10769,9787,0.72,1.16,7664.1515,0.711686461,83.13538862
7800,-4470,7375,12701,10325,10958,9786,0.71,1.16,7879.373,0.719052108,-90.52108049
7800,-4454,7398,12425,10296,10714,9787,0.72,1.16,7592.759,0.708676405,113.235953
7800,-4444,7392,12717,10364,10975,9793,0.71,1.16,7896.1125,0.719463554,-94.63553531
7800,-4445,7451,12557,10367,10823,9799,0.72,1.16,7729.5005,0.714173566,58.26434445
7801,-4462,7373,12715,10315,10973,9803,0.71,1.16,7894.0255,0.719404493,-94.04492846
7801,-4453,7305,12720,10325,10974,9803,0.71,1.16,7899.069,0.719798524,-97.98523783
7800,-4441,7408,12660,10322,10924,9807,0.72,1.16,7836.894,0.717401501,25.98498718
7800,-4451,7331,12526,10207,10802,9813,0.72,1.16,7697.587,0.712607573,73.92427328
7800,-4446,7431,12745,10379,10993,9820,0.72,1.16,7924.8955,0.720903802,-9.038024197
7800,-4472,7425,12679,10371,10938,9823,0.72,1.16,7856.503,0.71827601,17.2398976
7801,-4450,7441,12465,10359,10747,9823,0.72,1.16,7634.1945,0.710355867,96.44133246
7801,-4442,7418,12578,10312,10846,9823,0.72,1.16,7751.501,0.714687535,53.12465425
7800,-4474,7436,12661,10363,10926,9823,0.72,1.16,7837.981,0.717369669,26.3033132
7800,-4446,7437,12519,10352,10792,9823,0.72,1.16,7690.152,0.712578947,74.21052632
7800,-4467,7378,12730,10348,10985,9823,0.71,1.16,7909.5475,0.720031634,-100.3163405
7800,-4460,7315,12463,10273,10746,9822,0.71,1.16,7632.151,0.710231807,-2.318071841
7800,-4426,7427,12631,10334,10899,9819,0.72,1.16,7806.8065,0.716286494,37.13505826
7800,-4451,7381,12744,10329,10998,9815,0.71,1.16,7924.113,0.72050491,-105.0490998
7801,-4435,7362,12763,10300,11009,9814,0.71,1.16,7943.5915,0.721554319,-115.5431919
7800,-4466,7263,12594,10139,10862,9814,0.72,1.16,7768.197,0.715171884,48.28116369
7801,-4444,7385,12686,10298,10946,9817,0.72,1.16,7863.851,0.718422346,15.77653938
7801,-4444,7454,12725,10382,10980,9821,0.72,1.16,7904.33,0.719884335,1.156648452
7800,-4460,7375,12721,10331,10985,9824,0.71,1.16,7900.5475,0.719212335,-92.12335002
7800,-4440,7387,12700,10347,10958,9824,0.71,1.16,7878.373,0.718960851,-89.6085052
7800,-4456,7357,12741,10320,10992,9821,0.71,1.16,7920.852,0.720601528,-106.0152838
7800,-4451,7395,12758,10303,11001,9814,0.72,1.16,7938.2435,0.721592901,-15.92900645
7800,-4458,7330,12308,10319,10614,9807,0.71,1.16,7471.409,0.7039202,60.79800264
7800,-4438,7338,12622,10219,10892,9802,0.72,1.16,7797.502,0.715892582,41.07418289
7801,-4426,7428,12533,10335,10807,9802,0.72,1.16,7704.8045,0.71294573,70.5427038
7801,-4443,7363,12731,10268,10991,9807,0.72,1.16,7910.8085,0.719753298,2.46701847
7800,-4423,7376,12710,10304,10971,9814,0.72,1.16,7888.9385,0.719071962,9.280375536
7800,-4455,7336,12445,10345,10728,9822,0.71,1.16,7613.368,0.709672632,3.273676361
7800,-4451,7438,12505,10355,10788,9824,0.72,1.16,7675.978,0.711529292,84.70708194
7800,-4459,7344,12723,10312,10975,9823,0.71,1.16,7902.1125,0.720010251,-100.1025057
7800,-4441,7387,12727,10327,10985,9817,0.72,1.16,7906.5475,0.719758534,2.41465635
7800,-4455,7360,12700,10341,10958,9811,0.71,1.16,7878.373,0.718960851,-89.6085052
7801,-4470,7416,12633,10365,10903,9806,0.72,1.16,7808.9805,0.716223104,37.76896267
7801,-4447,7423,12716,10342,10978,9806,0.72,1.16,7895.243,0.719187739,8.122608854
7800,-4440,7470,12528,10399,10803,9804,0.72,1.16,7699.6305,0.712730769,72.69230769
7800,-4458,7380,12604,10309,10872,9801,0.72,1.16,7778.632,0.715473878,45.26122149
7800,-4439,7396,12679,10323,10941,9798,0.72,1.16,7856.6335,0.718090988,19.09011973
7801,-4440,7356,12711,10262,10965,9798,0.72,1.16,7889.6775,0.719532832,4.671682627
7800,-4449,7431,12607,10347,10868,9799,0.72,1.16,7781.458,0.71599724,40.02760397
7800,-4451,7383,12715,10355,10969,9807,0.71,1.16,7893.8515,0.719650971,-96.50970918
7800,-4469,7257,12479,10244,10762,9814,0.71,1.16,7648.847,0.710727281,-7.272811745
7801,-4448,7381,12648,10364,10911,9820,0.71,1.16,7824.3285,0.717104619,-71.04619192
7801,-4458,7362,12230,10322,10557,9820,0.71,1.16,7390.9295,0.700097518,99.02481766
7800,-4463,7345,12663,10229,10930,9820,0.72,1.16,7840.155,0.717306038,26.93961574
7800,-4429,7403,12695,10348,10946,9820,0.72,1.16,7872.851,0.719244564,7.554357756
7800,-4446,7415,12641,10320,10909,9820,0.72,1.16,7817.2415,0.716586442,34.13557613
7800,-4427,7403,12672,10317,10935,9821,0.72,1.16,7849.3725,0.717820988,21.79012346
7800,-4465,7451,12480,10370,10761,9821,0.72,1.16,7649.8035,0.710882214,91.17786451
7801,-4458,7426,12524,10336,10798,9822,0.72,1.16,7695.413,0.712670217,73.29783293
7800,-4451,7294,12696,10191,10957,9823,0.72,1.16,7874.3295,0.718657434,13.42566396
7801,-4444,7425,12731,10375,10984,9824,0.72,1.16,7910.504,0.720184268,-1.842680262
7801,-4436,7215,12689,10051,10949,9824,0.72,1.16,7866.9815,0.718511417,14.88583432
7800,-4459,7338,12332,10324,10646,9821,0.71,1.16,7496.801,0.704189461,58.1053917
7800,-4435,7341,12700,10245,10959,9815,0.72,1.16,7878.4165,0.718899215,11.00784743
7800,-4456,7356,12643,10319,10901,9809,0.71,1.16,7818.8935,0.717263875,-72.63874874
7800,-4469,7312,12656,10201,10920,9806,0.72,1.16,7832.72,0.717282051,27.17948718
7800,-4457,7380,12730,10323,10983,9805,0.71,1.16,7909.4605,0.72015483,-101.5483019
7801,-4455,7350,12735,10330,10981,9812,0.71,1.16,7914.3735,0.720733403,-107.3340315
7800,-4474,7395,12574,10310,10850,9819,0.72,1.16,7747.675,0.714071429,59.28571429
7800,-4440,7331,12754,10305,10998,9826,0.71,1.16,7934.113,0.721414166,-114.1416621
7800,-4445,7352,12690,10316,10953,9825,0.71,1.16,7868.1555,0.718356204,-83.5620378
7801,-4473,7072,12617,9992,10879,9824,0.71,1.16,7791.9365,0.716236465,-62.36464749
7800,-4458,7311,12433,10302,10733,9819,0.71,1.16,7601.5855,0.708244247,17.55753284
7800,-4442,7254,12717,10177,10979,9815,0.71,1.16,7896.2865,0.719217278,-92.17278441
7801,-4450,7456,12501,10374,10772,9813,0.72,1.16,7671.282,0.712150204,78.49795767
7800,-4448,7410,12664,10343,10922,9813,0.72,1.16,7840.807,0.717891137,21.08862846
7800,-4466,7435,12734,10393,10988,9813,0.72,1.16,7913.678,0.720210957,-2.109574081
7800,-4437,7456,12673,10374,10936,9812,0.72,1.16,7850.416,0.717850768,21.49231895
7801,-4461,7436,12496,10351,10775,9811,0.72,1.16,7666.4125,0.7115,85
7800,-4454,7445,12476,10367,10754,9811,0.72,1.16,7645.499,0.710944672,90.5532825
7800,-4458,7371,12678,10289,10940,9811,0.72,1.16,7855.59,0.718061243,19.38756856
7800,-4460,7217,12524,10186,10800,9810,0.71,1.16,7695.5,0.712546296,-25.46296296
7800,-4444,7403,12534,10298,10817,9809,0.72,1.16,7706.2395,0.712419294,75.80706296
7800,-4430,7467,12568,10394,10842,9808,0.72,1.16,7741.327,0.714012821,59.87179487
7801,-4460,7415,12748,10364,10999,9808,0.72,1.16,7928.1565,0.720807028,-8.070279116
7801,-4452,7466,12553,10390,10821,9802,0.72,1.16,7725.4135,0.713927872,60.72128269
7801,-4465,7339,12742,10321,10993,9795,0.71,1.16,7921.8955,0.720630901,-106.3090148
7800,-4458,7458,12498,10373,10779,9788,0.72,1.16,7668.5865,0.711437657,85.62343446
7800,-4461,7386,12636,10314,10900,9787,0.72,1.16,7811.85,0.716683486,33.16513761
7800,-4440,7450,12624,10366,10883,9788,0.72,1.16,7799.1105,0.716632408,33.67591657
7800,-4428,7412,12691,10337,10946,9794,0.72,1.16,7868.851,0.718879134,11.2086607
7800,-4444,7350,12727,10240,10985,9800,0.72,1.16,7906.5475,0.719758534,2.41465635
7800,-4452,7276,12277,10256,10599,9805,0.71,1.16,7439.7565,0.701930041,80.6995943
7800,-4439,7227,12696,10112,10956,9806,0.71,1.16,7874.286,0.718719058,-87.1905805
7801,-4449,7378,12738,10369,10989,9806,0.71,1.16,7917.7215,0.720513377,-105.1337701
7801,-4470,7403,12735,10346,10989,9808,0.72,1.16,7914.7215,0.720240377,-2.403767404
7800,-4472,7433,12626,10384,10890,9809,0.72,1.16,7801.415,0.716383379,36.16620753
7800,-4442,7340,12755,10304,11005,9809,0.71,1.16,7935.4175,0.72107383,-110.7383008
7800,-4462,7353,12732,10346,10982,9809,0.71,1.16,7911.417,0.720398561,-103.9856128
7800,-4441,7375,12726,10321,10974,9809,0.71,1.16,7905.069,0.720345271,-103.4527064
7800,-4453,7343,12722,10294,10985,9809,0.71,1.16,7901.5475,0.719303368,-93.03368229
7800,-4438,7194,12720,10016,10975,9808,0.72,1.16,7899.1125,0.719736902,2.630979499
7800,-4474,7423,12594,10344,10870,9808,0.72,1.16,7768.545,0.714677553,53.22447102
7801,-4458,7270,12682,10171,10945,9810,0.71,1.16,7859.8075,0.718118547,-81.18547282
7801,-4440,7407,12702,10334,10956,9816,0.72,1.16,7880.286,0.719266703,7.332968237
7800,-4451,7401,12684,10358,10943,9822,0.71,1.16,7861.7205,0.718424609,-84.24609339
7800,-4446,7401,12750,10355,11003,9825,0.71,1.16,7930.3305,0.72074257,-107.4257021
7800,-4466,7410,12509,10315,10788,9825,0.72,1.16,7679.978,0.711900074,80.99925844
7800,-4444,7358,12754,10323,11007,9822,0.71,1.16,7934.5045,0.720859862,-108.5986191
7800,-4465,7363,12770,10357,11017,9818,0.71,1.16,7950.9395,0.721697331,-116.973314
7800,-4447,7397,12699,10325,10964,9815,0.72,1.16,7877.634,0.7185,15
7800,-4476,7366,12595,10330,10863,9816,0.71,1.16,7769.2405,0.715202108,-52.02108073
7800,-4458,7421,12592,10334,10861,9815,0.72,1.16,7766.1535,0.715049581,49.5041893
7801,-4449,7308,12705,10198,10965,9813,0.72,1.16,7883.6775,0.718985636,10.14363885
7801,-4442,7416,12693,10364,10948,9810,0.72,1.16,7870.938,0.718938436,10.61563756
7800,-4451,7425,12678,10349,10937,9809,0.72,1.16,7855.4595,0.718246274,17.53725885
7800,-4497,7348,12763,10343,11014,9808,0.71,1.16,7943.809,0.721246504,-112.4650445
7800,-4446,7397,12718,10344,10972,9809,0.72,1.16,7896.982,0.719739519,2.604812249
7800,-4449,7400,12585,10299,10856,9810,0.72,1.16,7758.936,0.714714075,52.85924834
7800,-4438,7363,12720,10331,10974,9811,0.71,1.16,7899.069,0.719798524,-97.98523783
7800,-4456,7318,12760,10249,11017,9811,0.71,1.16,7940.9395,0.720789643,-107.8964328
7800,-4438,7392,12542,10334,10815,9811,0.72,1.16,7714.1525,0.713282709,67.172908
7801,-4441,7396,12581,10294,10852,9811,0.72,1.16,7754.762,0.714592886,54.07113896
7801,-4433,7413,12641,10345,10913,9812,0.72,1.16,7817.4155,0.716339732,36.60267571
7800,-4449,7450,12710,10393,10964,9812,0.72,1.16,7888.634,0.719503283,4.967165268
7800,-4451,7392,12533,10285,10807,9812,0.72,1.16,7704.8045,0.71294573,70.5427038
7800,-4441,7319,12718,10262,10977,9814,0.71,1.16,7897.1995,0.719431493,-94.31493122
7800,-4423,7456,12647,10374,10913,9817,0.72,1.16,7823.4155,0.716889535,31.10464584
7800,-4465,7396,12706,10370,10971,9820,0.71,1.16,7884.9385,0.718707365,-87.07364871
7800,-4457,7406,12465,10305,10742,9821,0.72,1.16,7633.977,0.710666263,93.33736734
7801,-4450,7367,12532,10271,10806,9821,0.72,1.16,7703.761,0.71291514,70.84860263
7800,-4449,7401,12469,10354,10750,9819,0.71,1.16,7638.325,0.71054186,-5.418604651
7801,-4436,7407,12587,10341,10864,9818,0.72,1.16,7761.284,0.714403903,55.96097202
7800,-4451,7365,12657,10275,10927,9816,0.72,1.16,7834.0245,0.716941933,30.58067173
7801,-4475,7349,12746,10341,10994,9816,0.71,1.16,7925.939,0.720933145,-109.3314535
7800,-4441,7404,12662,10334,10925,9815,0.72,1.16,7838.9375,0.717522883,24.77116705
7800,-4464,7392,12657,10350,10921,9812,0.71,1.16,7833.7635,0.717311922,-73.11921985
7800,-4444,7416,12688,10342,10949,9809,0.72,1.16,7865.9815,0.718420084,15.79915974
7800,-4471,7424,12497,10337,10777,9808,0.72,1.16,7667.4995,0.711468822,85.31177508
7801,-4455,7309,12314,10295,10623,9808,0.71,1.16,7477.8005,0.703925492,60.74508143
7800,-4458,7391,12712,10341,10974,9810,0.71,1.16,7891.069,0.719069528,-90.69527975
7800,-4427,7322,12686,10205,10943,9811,0.72,1.16,7863.7205,0.718607375,13.92625423
7800,-4471,7343,12326,10340,10628,9813,0.71,1.16,7490.018,0.704743884,52.5611592
7800,-4447,7391,12490,10292,10769,9812,0.72,1.16,7660.1515,0.711315025,86.84975392
7800,-4449,7332,12723,10334,10978,9813,0.71,1.16,7902.243,0.719825378,-98.25378029
7801,-4451,7450,12597,10383,10861,9816,0.72,1.16,7771.1535,0.715509944,44.90056164
7800,-4462,7399,12471,10299,10752,9819,0.72,1.16,7640.412,0.710603795,93.96205357
7800,-4438,7443,12505,10347,10777,9821,0.72,1.16,7675.4995,0.712211144,77.88855897
7801,-4453,7402,12656,10326,10924,9821,0.72,1.16,7832.894,0.717035335,29.64664958
7800,-4449,7422,12545,10329,10816,9814,0.72,1.16,7717.196,0.713498151,65.01849112
7800,-4433,7427,12604,10331,10880,9808,0.72,1.16,7778.98,0.714979779,50.20220588
7800,-4456,7310,12706,10293,10963,9801,0.71,1.16,7884.5905,0.719200082,-92.00082094
7800,-4436,7430,12633,10347,10904,9801,0.72,1.16,7809.024,0.716161409,38.38591343
7800,-4454,7310,12798,10285,11047,9802,0.71,1.16,7980.2445,0.722390196,-123.9019643
7800,-4431,7366,12711,10333,10965,9806,0.71,1.16,7889.6775,0.719532832,-95.32831737
7801,-4471,7440,12673,10381,10938,9809,0.72,1.16,7850.503,0.717727464,22.72536113
7800,-4445,7359,12768,10328,11012,9811,0.71,1.16,7948.722,0.721823647,-118.2364693
7800,-4449,7436,12523,10351,10800,9811,0.72,1.16,7694.5,0.712453704,75.46296296
7800,-4441,7363,12729,10343,10986,9810,0.71,1.16,7908.591,0.719879028,-98.79027854
7801,-4454,7414,12712,10313,10969,9810,0.72,1.16,7890.8515,0.719377473,6.225271219
7800,-4461,7322,12773,10296,11015,9810,0.71,1.16,7953.8525,0.722092828,-120.9282796
7800,-4455,7376,12492,10268,10771,9810,0.72,1.16,7662.2385,0.711376706,86.2329403
7800,-4449,7352,12294,10330,10616,9811,0.71,1.16,7457.496,0.702477016,75.22984175
7800,-4451,7430,12475,10335,10756,9816,0.72,1.16,7644.586,0.710727594,92.72406099
7800,-4462,7417,12665,10343,10932,9821,0.72,1.16,7842.242,0.717365715,26.34284669
7801,-4453,7271,12754,10224,11003,9826,0.71,1.16,7934.3305,0.721106107,-111.0610743
7800,-4439,7337,12713,10277,10973,9826,0.71,1.16,7892.0255,0.719222227,-92.22227285
7800,-4439,7445,12425,10357,10718,9824,0.72,1.16,7592.933,0.708428158,115.7184176
7800,-4465,7412,12622,10311,10886,9821,0.72,1.16,7797.241,0.716263182,37.36817931
7800,-4439,7417,12541,10336,10811,9818,0.72,1.16,7712.9785,0.713438026,65.61973915
7800,-4462,7455,12591,10380,10860,9816,0.72,1.16,7765.11,0.715019337,49.80662983
7800,-4456,7219,12443,10042,10725,9817,0.72,1.16,7611.2375,0.709672494,103.2750583
7800,-4432,7403,12487,10303,10773,9820,0.72,1.16,7657.3255,0.710788592,92.1140815
7801,-4448,7405,12666,10382,10919,9823,0.71,1.16,7842.6765,0.718259593,-82.59593369
7801,-4460,7381,12646,10313,10918,9826,0.72,1.16,7822.633,0.716489559,35.10441473
7800,-4434,7288,12659,10201,10921,9826,0.71,1.16,7835.7635,0.717495055,-74.95055398
7800,-4438,7345,12734,10275,10989,9821,0.71,1.16,7913.7215,0.720149377,-101.4937665
7800,-4450,7439,12486,10352,10772,9812,0.72,1.16,7656.282,0.710757705,92.42294838
7800,-4458,7414,12777,10377,11024,9803,0.71,1.16,7958.244,0.721901669,-119.0166909
7800,-4440,7412,12664,10320,10931,9800,0.72,1.16,7841.1985,0.71733588,26.64120392
7800,-4459,7377,12703,10363,10957,9800,0.71,1.16,7881.3295,0.719296295,-92.96294606
7800,-4446,7212,12509,10030,10785,9800,0.72,1.16,7679.8475,0.712085999,79.14000927
7801,-4433,7457,12622,10368,10898,9801,0.72,1.16,7797.763,0.715522389,44.77610571
7800,-4458,7280,12694,10178,10949,9803,0.72,1.16,7871.9815,0.718968079,10.31920723
7801,-4433,7355,12740,10290,10996,9803,0.71,1.16,7920.026,0.720264278,-102.6427792
7800,-4423,7413,12668,10328,10933,9803,0.72,1.16,7845.2855,0.717578478,24.21521998
7800,-4454,7380,12699,10310,10956,9803,0.72,1.16,7877.286,0.718992881,10.07119387
7800,-4436,7282,12601,10148,10867,9803,0.72,1.16,7775.4145,0.715506994,44.93006349
7800,-4448,7400,12701,10340,10958,9803,0.72,1.16,7879.373,0.719052108,9.478919511
7800,-4445,7416,12595,10319,10865,9803,0.72,1.16,7769.3275,0.715078463,49.21537046
7800,-4463,7367,12728,10273,10978,9805,0.72,1.16,7907.243,0.720280834,-2.808343961
7801,-4442,7321,12626,10186,10897,9807,0.72,1.16,7801.7195,0.715951133,40.48866661
7801,-4455,7286,12421,10273,10725,9808,0.71,1.16,7589.2375,0.707621212,23.78787879
7800,-4429,7354,12481,10241,10756,9808,0.72,1.16,7650.586,0.711285422,87.1457791
7800,-4432,7414,12668,10354,10933,9806,0.72,1.16,7845.2855,0.717578478,24.21521998
7800,-4438,7443,12688,10365,10953,9803,0.72,1.16,7866.1555,0.718173605,18.26394595
7800,-4465,7393,12649,10325,10915,9799,0.72,1.16,7825.5025,0.716949382,30.50618415
7800,-4486,7336,12760,10326,11014,9797,0.71,1.16,7940.809,0.720974124,-109.7412384
7800,-4435,7370,12718,10293,10969,9797,0.72,1.16,7896.8515,0.719924469,0.75531042
7800,-4434,7445,12477,10357,10760,9803,0.72,1.16,7646.76,0.710665428,93.34572491
7801,-4454,7417,12631,10338,10894,9810,0.72,1.16,7806.589,0.716595282,34.04718194
7800,-4441,7185,12725,10029,10982,9817,0.72,1.16,7904.417,0.719761155,2.388453834
7800,-4452,7306,12373,10278,10684,9818,0.71,1.16,7539.454,0.705677087,43.22912767
7800,-4431,7400,12708,10351,10966,9819,0.71,1.16,7886.721,0.719197611,-91.97610797
7800,-4448,7373,12711,10293,10963,9822,0.72,1.16,7889.5905,0.719656162,3.438383654
7801,-4440,7421,12631,10344,10899,9825,0.72,1.16,7806.8065,0.716286494,37.13505826
7800,-4448,7411,12709,10352,10967,9827,0.72,1.16,7887.7645,0.719227182,7.728184554
7800,-4437,7435,12455,10354,10743,9827,0.72,1.16,7624.0205,0.709673322,103.2667784
7800,-4449,7394,12660,10331,10922,9824,0.72,1.16,7836.807,0.717524904,24.75096136
7801,-4448,7417,12521,10339,10794,9820,0.72,1.16,7692.239,0.712640263,73.59736891
7800,-4478,7413,12723,10358,10979,9815,0.72,1.16,7902.2865,0.719763776,2.362236998
7801,-4450,7116,12675,9938,10936,9813,0.72,1.16,7852.416,0.71803365,19.66349671
7800,-4460,7275,12410,10256,10714,9813,0.71,1.16,7577.759,0.707276367,27.2363263
7800,-4431,7407,12697,10348,10954,9813,0.72,1.16,7875.199,0.718933632,10.6636845
7800,-4424,7425,12667,10340,10931,9813,0.72,1.16,7844.1985,0.717610328,23.89671576
7800,-4422,7407,12713,10322,10975,9813,0.72,1.16,7892.1125,0.719099089,9.009111617
7800,-4440,7391,12694,10328,10951,9812,0.72,1.16,7872.0685,0.718844717,11.55282623
7800,-4426,7415,12683,10368,10946,9811,0.72,1.16,7860.851,0.718148273,18.51726658
7801,-4464,7480,12483,10415,10764,9810,0.72,1.16,7652.934,0.710974916,90.25083612
7801,-4448,7399,12644,10340,10915,9808,0.72,1.16,7820.5025,0.716491296,35.08703619
7801,-4461,7424,12673,10363,10937,9808,0.72,1.16,7850.4595,0.71778911,22.10889641
7800,-4456,7349,12729,10270,10988,9808,0.72,1.16,7908.678,0.719755916,2.440844558
7800,-4438,7409,12473,10308,10767,9812,0.72,1.16,7643.0645,0.709860175,101.3982539
7800,-4450,7354,12639,10341,10899,9816,0.71,1.16,7814.8065,0.717020506,-70.20506468
7800,-4463,7398,12732,10346,10986,9819,0.72,1.16,7911.591,0.720152103,-1.521026761
7800,-4460,7320,12801,10297,11044,9819,0.71,1.16,7983.114,0.722846251,-128.4625136
7801,-4453,7439,12635,10377,10902,9819,0.72,1.16,7810.937,0.716468263,35.31737296
7801,-4459,7421,12629,10359,10898,9820,0.72,1.16,7804.763,0.716164709,38.35290879
7800,-4456,7373,12725,10316,10978,9821,0.71,1.16,7904.243,0.720007561,-100.0756058
7800,-4443,7419,12606,10331,10877,9821,0.72,1.16,7780.8495,0.715348855,46.51144617
7800,-4453,7427,12682,10368,10941,9821,0.72,1.16,7859.6335,0.718365186,16.34814002
7800,-4435,7327,12672,10197,10942,9818,0.72,1.16,7849.677,0.7173896,26.10400292
7800,-4452,7314,12743,10283,10996,9814,0.71,1.16,7923.026,0.720537104,-105.371044
7800,-4505,7350,12447,10366,10732,9811,0.71,1.16,7615.542,0.709610697,3.89303019
7801,-4459,7469,12632,10409,10899,9810,0.72,1.16,7807.8065,0.716378246,36.21754289
7801,-4453,7443,12513,10359,10792,9811,0.72,1.16,7684.152,0.71202298,79.77020015
7800,-4451,7406,12729,10333,10985,9813,0.72,1.16,7908.5475,0.719940601,0.593991807
7800,-4438,7333,12713,10280,10976,9816,0.71,1.16,7892.156,0.719037536,-90.37536443
7800,-4455,7431,12527,10351,10801,9819,0.72,1.16,7698.5435,0.712762105,72.37894639
7800,-4456,7354,12730,10314,10989,9819,0.71,1.16,7909.7215,0.719785376,-97.85376285
7800,-4452,7428,12656,10392,10925,9819,0.71,1.16,7832.9375,0.716973684,-69.73684211
7800,-4426,7178,12621,9998,10886,9819,0.72,1.16,7796.241,0.716171321,38.28679037
7800,-4444,7415,12450,10320,10743,9819,0.72,1.16,7619.0205,0.709207903,107.9209718
7800,-4435,7370,12738,10336,10994,9819,0.71,1.16,7917.939,0.720205476,-102.0547571
7800,-4454,7435,12420,10343,10707,9818,0.72,1.16,7587.4545,0.708644298,113.5570188
7801,-4449,7266,12756,10199,11004,9813,0.71,1.16,7936.374,0.721226281,-112.2628135
7801,-4475,7379,12675,10327,10938,9808,0.71,1.16,7852.503,0.717910313,-79.10312671
7800,-4446,7442,12502,10356,10788,9803,0.72,1.16,7672.978,0.711251205,87.48794957
7800,-4450,7422,12504,10329,10774,9803,0.72,1.16,7674.369,0.712304529,76.95470577
7800,-4431,7423,12661,10341,10930,9804,0.72,1.16,7838.155,0.717123056,28.7694419
7800,-4464,7384,12782,10349,11032,9805,0.71,1.16,7963.592,0.721862944,-118.6294416
7800,-4474,7411,12508,10309,10785,9807,0.72,1.16,7678.8475,0.711993278,80.06722299
7800,-4422,7424,12562,10339,10837,9807,0.72,1.16,7735.1095,0.713768524,62.31475501
7800,-4435,7381,12743,10304,10998,9807,0.72,1.16,7923.113,0.720413984,-4.139843608
7800,-4467,7424,12677,10345,10940,9811,0.72,1.16,7854.59,0.717969835,20.30164534
7801,-4469,7396,12693,10352,10951,9814,0.71,1.16,7871.0685,0.718753402,-87.53401516
7801,-4456,7448,12682,10391,10937,9818,0.72,1.16,7859.4595,0.718612005,13.8799488
7800,-4435,7385,12560,10287,10840,9819,0.72,1.16,7733.24,0.713398524,66.01476015
7800,-4453,7416,12677,10345,10942,9816,0.72,1.16,7854.677,0.717846555,21.5344544
7800,-4443,7411,12689,10356,10947,9811,0.72,1.16,7866.8945,0.71863474,13.65259889
7800,-4440,7409,12599,10313,10871,9806,0.72,1.16,7773.5885,0.715075752,49.24247999
7800,-4439,7212,12730,10047,10983,9804,0.72,1.16,7909.4605,0.72015483,-1.548301921
7800,-4454,7348,12268,10315,10596,9803,0.71,1.16,7430.626,0.701267082,87.32918082
7800,-4449,7406,12498,10306,10780,9806,0.72,1.16,7668.63,0.711375696,86.24304267
7800,-4431,7428,12669,10342,10930,9808,0.72,1.16,7846.155,0.717854986,21.45013724
7800,-4453,7209,12737,10143,10991,9811,0.71,1.16,7916.8085,0.720299199,-102.9919934
7800,-4449,7361,12678,10291,10943,9810,0.72,1.16,7855.7205,0.717876314,21.23686375
7800,-4448,7445,12561,10366,10834,9807,0.72,1.16,7733.979,0.713861824,61.38176112
7800,-4447,7380,12726,10319,10978,9799,0.72,1.16,7905.243,0.720098652,-0.986518492
7800,-4439,7427,12559,10333,10835,9792,0.72,1.16,7732.0225,0.713615367,63.84633133
7800,-4442,7343,12707,10287,10960,9787,0.71,1.16,7885.46,0.719476277,-94.76277372
7801,-4437,7154,12698,9996,10956,9787,0.72,1.16,7876.286,0.718901606,10.98393574
7801,-4461,7359,12284,10337,10596,9792,0.71,1.16,7446.626,0.702777086,72.22914307
7800,-4456,7441,12438,10352,10726,9799,0.72,1.16,7606.281,0.709144229,108.5577102
7800,-4442,7325,12723,10280,10975,9806,0.71,1.16,7902.1125,0.720010251,-100.1025057
7800,-4455,7251,12619,10137,10884,9808,0.72,1.16,7794.154,0.716111172,38.88827637
7800,-4444,7393,12727,10335,10977,9809,0.72,1.16,7906.1995,0.720251389,-2.513892685
7800,-4456,7407,12556,10323,10825,9811,0.72,1.16,7728.5875,0.713957275,60.42725173
7800,-4447,7384,12689,10341,10950,9813,0.71,1.16,7867.025,0.718449772,-84.49771689
7800,-4445,7447,12590,10371,10856,9814,0.72,1.16,7763.936,0.71517465,48.25350037
7800,-4433,7410,12661,10347,10929,9814,0.72,1.16,7838.1115,0.717184692,28.15307896
7800,-4472,7268,12671,10223,10923,9814,0.71,1.16,7847.8505,0.718470246,-84.70246269
7800,-4434,7459,12585,10376,10862,9814,0.72,1.16,7759.197,0.714343307,56.56693058
7800,-4447,7326,12494,10195,10765,9813,0.72,1.16,7663.9775,0.711934742,80.6525778
7800,-4455,7359,12700,10307,10962,9813,0.71,1.16,7878.547,0.718714377,-87.14376939
7800,-4476,7455,12478,10375,10762,9814,0.72,1.16,7647.847,0.710634362,93.65638357
7800,-4455,7334,12729,10289,10985,9818,0.71,1.16,7908.5475,0.719940601,-99.40600819
7800,-4448,7435,12525,10358,10806,9822,0.72,1.16,7696.761,0.712267351,77.32648529
7800,-4461,7429,12662,10375,10926,9825,0.72,1.16,7838.981,0.717461193,25.38806517
7800,-4467,7393,12702,10349,10961,9825,0.71,1.16,7880.5035,0.718958444,-89.58443573
7800,-4469,7387,12705,10319,10965,9821,0.72,1.16,7883.6775,0.718985636,10.14363885
7801,-4452,7311,12679,10171,10934,9814,0.72,1.16,7856.329,0.718522864,14.77135541
7800,-4452,7313,12300,10285,10624,9808,0.71,1.16,7463.844,0.702545557,74.54442771
7800,-4443,7363,12707,10288,10965,9806,0.72,1.16,7885.6775,0.719168035,8.319653443
7800,-4442,7394,12686,10331,10950,9806,0.72,1.16,7864.025,0.718175799,18.24200913
7800,-4434,7434,12706,10358,10966,9809,0.72,1.16,7884.721,0.719015229,9.847711107
7800,-4459,7445,12565,10355,10833,9811,0.72,1.16,7737.9355,0.714292947,57.07052525
7800,-4445,7376,12715,10307,10974,9814,0.72,1.16,7894.069,0.719342901,6.570985967
7800,-4447,7453,12509,10366,10790,9814,0.72,1.16,7680.065,0.711776182,82.2381835
7800,-4473,7363,12721,10328,10975,9813,0.71,1.16,7900.1125,0.719828018,-98.28018223
7800,-4468,7394,12702,10350,10961,9812,0.71,1.16,7880.5035,0.718958444,-89.58443573
7800,-4446,7273,12473,10124,10758,9811,0.72,1.16,7642.673,0.710417643,95.82357315
7800,-4447,7331,12309,10305,10635,9811,0.71,1.16,7473.3225,0.702710155,72.89844852
7800,-4464,7393,12720,10357,10975,9811,0.71,1.16,7899.1125,0.719736902,-97.3690205
7800,-4480,7440,12673,10389,10936,9804,0.72,1.16,7850.416,0.717850768,21.49231895
7800,-4456,7320,12647,10230,10905,9798,0.72,1.16,7823.0675,0.71738354,26.16460339
7800,-4430,7406,12546,10314,10819,9792,0.72,1.16,7718.3265,0.713404797,65.95202884
7800,-4440,7423,12676,10365,10946,9792,0.72,1.16,7853.851,0.71750877,24.91229673
7800,-4440,7405,12748,10340,10996,9795,0.72,1.16,7928.026,0.720991815,-9.918152055
7800,-4457,7394,12667,10319,10932,9802,0.72,1.16,7844.242,0.717548664,24.51335529
7800,-4465,7411,12486,10311,10769,9809,0.72,1.16,7656.1515,0.710943588,90.56411923
7800,-4459,7245,12534,10071,10801,9813,0.72,1.16,7705.5435,0.713410194,65.89806499
7800,-4440,7390,12695,10341,10958,9814,0.71,1.16,7873.373,0.718504563,-85.04562876
7800,-4452,7418,12656,10358,10923,9813,0.72,1.16,7832.8505,0.717096997,29.03002838
7800,-4452,7456,12644,10378,10902,9813,0.72,1.16,7819.937,0.717293799,27.06200697
7800,-4449,7457,12672,10394,10934,9812,0.72,1.16,7849.329,0.71788266,21.17340406
7800,-4452,7389,12629,10353,10901,9812,0.71,1.16,7804.8935,0.715979589,-59.79589029
7801,-4442,7392,12708,10373,10971,9811,0.71,1.16,7886.9385,0.718889664,-88.89663659
7800,-4466,7449,12548,10372,10820,9808,0.72,1.16,7720.37,0.713527726,64.72273567
7800,-4458,7411,12722,10371,10975,9805,0.71,1.16,7901.1125,0.719919134,-99.19134396
7800,-4464,7348,12745,10304,10998,9803,0.71,1.16,7925.113,0.720595836,-105.9583561
7800,-4449,7211,12717,10066,10971,9803,0.72,1.16,7895.9385,0.719710008,2.899917966
7800,-4439,7449,12558,10363,10841,9804,0.72,1.16,7731.2835,0.713152246,68.47753897
7800,-4423,7451,12564,10365,10835,9806,0.72,1.16,7737.0225,0.714076834,59.23165667
7800,-4431,7385,12729,10343,10985,9807,0.71,1.16,7908.5475,0.719940601,-99.40600819
7801,-4437,7338,12762,10286,11019,9807,0.71,1.16,7943.0265,0.720848217,-108.4821672
7800,-4442,7347,12744,10317,11003,9808,0.71,1.16,7924.3305,0.720197264,-101.9726438
7800,-4469,7416,12460,10325,10750,9812,0.72,1.16,7629.325,0.709704651,102.9534884
7800,-4457,7439,12526,10348,10793,9815,0.72,1.16,7697.1955,0.713165524,68.34476049
7800,-4448,7374,12804,10333,11045,9818,0.71,1.16,7986.1575,0.72305636,-130.5636034
7800,-4450,7405,12734,10374,10985,9819,0.71,1.16,7913.5475,0.720395767,-103.9576695
7800,-4447,7262,12492,10095,10768,9815,0.72,1.16,7662.108,0.711562779,84.37221397
7800,-4437,7469,12566,10391,10847,9808,0.72,1.16,7739.5445,0.71351936,64.80639808
7800,-4445,7393,12562,10302,10831,9801,0.72,1.16,7734.8485,0.71413983,58.60169883
7800,-4473,7382,12751,10359,11003,9798,0.71,1.16,7931.3305,0.720833455,-108.3345451
7800,-4462,7445,12637,10361,10907,9798,0.72,1.16,7813.1545,0.716343128,36.56871734
7801,-4463,7430,12661,10375,10926,9807,0.72,1.16,7837.981,0.717369669,26.3033132
7800,-4452,7280,12692,10189,10960,9815,0.71,1.16,7870.46,0.718107664,-81.07664234
7800,-4433,7319,12684,10181,10947,9824,0.72,1.16,7861.8945,0.718177994,18.22006029
7800,-4441,7430,12709,10358,10962,9823,0.72,1.16,7887.547,0.719535395,4.646049991
7800,-4456,7379,12751,10345,11001,9823,0.71,1.16,7931.2435,0.720956595,-109.5659486
7800,-4457,7361,12690,10276,10952,9822,0.72,1.16,7868.112,0.718417823,15.82176771
7800,-4447,7431,12661,10379,10932,9821,0.72,1.16,7838.242,0.716999817,30.00182949
7800,-4450,7387,12703,10321,10956,9820,0.72,1.16,7881.286,0.719357977,6.42022636
7800,-4436,7416,12705,10336,10970,9820,0.72,1.16,7883.895,0.718677758,13.22242479
7800,-4451,7448,12578,10367,10846,9815,0.72,1.16,7751.501,0.714687535,53.12465425
7801,-4466,7387,12693,10349,10950,9810,0.71,1.16,7871.025,0.718815068,-88.15068493
7800,-4430,7400,12705,10334,10971,9805,0.72,1.16,7883.9385,0.718616215,13.83784523
7800,-4451,7469,12480,10390,10760,9806,0.72,1.16,7649.76,0.710944238,90.55762082
7800,-4462,7471,12518,10392,10793,9810,0.72,1.16,7689.1955,0.712424303,75.75697211
7800,-4444,7421,12706,10364,10966,9818,0.72,1.16,7884.721,0.719015229,9.847711107
7800,-4465,7360,12687,10279,10944,9827,0.72,1.16,7864.764,0.718637061,13.62938596
7800,-4434,7375,12652,10321,10923,9832,0.71,1.16,7828.8505,0.716730797,-67.307974
7800,-4461,7211,12443,10165,10724,9832,0.71,1.16,7611.194,0.709734614,2.6538605
7801,-4463,7394,12655,10328,10924,9826,0.72,1.16,7831.894,0.716943793,30.56206518
7800,-4446,7433,12712,10372,10964,9819,0.72,1.16,7890.634,0.719685699,3.143013499
7800,-4472,7479,12408,10403,10696,9812,0.72,1.16,7574.976,0.708206432,117.9356769
7800,-4464,7364,12694,10337,10951,9810,0.71,1.16,7872.0685,0.718844717,-88.44717377
7800,-4433,7419,12723,10378,10977,9811,0.71,1.16,7902.1995,0.719886991,-98.86990981
7800,-4445,7421,12673,10331,10932,9814,0.72,1.16,7850.242,0.718097512,19.02488108
7800,-4465,7375,12558,10264,10827,9817,0.72,1.16,7730.6745,0.714018149,59.81850928
7800,-4439,7395,12611,10319,10883,9820,0.72,1.16,7786.1105,0.715437885,45.62115226
7800,-4447,7267,12337,10148,10645,9820,0.72,1.16,7501.7575,0.704721231,152.7876938
7800,-4457,7402,12704,10342,10961,9819,0.72,1.16,7882.5035,0.719140909,8.590913238
7800,-4454,7474,12629,10390,10902,9816,0.72,1.16,7804.937,0.715917905,40.82095028
7800,-4443,7388,12736,10345,10997,9814,0.71,1.16,7916.0695,0.719839002,-98.39001546
7800,-4455,7405,12710,10358,10967,9813,0.71,1.16,7888.7645,0.719318364,-93.18364183
7800,-4430,7401,12676,10337,10943,9814,0.72,1.16,7853.7205,0.717693548,23.06451613
7800,-4455,7385,12657,10324,10917,9815,0.72,1.16,7833.5895,0.717558807,24.41192635
7800,-4431,7463,12567,10373,10847,9816,0.72,1.16,7740.5445,0.713611552,63.88448419
7800,-4457,7374,12706,10348,10965,9816,0.71,1.16,7884.6775,0.719076835,-90.76835385
7800,-4488,7135,12417,10028,10716,9816,0.71,1.16,7584.846,0.707805711,21.94288914
7800,-4460,7323,12257,10322,10579,9811,0.71,1.16,7418.8865,0.70128429,87.1571037
7800,-4451,7400,12640,10363,10908,9802,0.71,1.16,7816.198,0.716556472,-65.56472314
7800,-4426,7387,12700,10309,10954,9794,0.72,1.16,7878.199,0.719207504,7.924958919
7800,-4452,7414,12551,10346,10824,9790,0.72,1.16,7723.544,0.71355728,64.42719882
7800,-4450,7403,12660,10319,10923,9790,0.72,1.16,7836.8505,0.717463197,25.36803076
7800,-4447,7441,12451,10356,10741,9798,0.72,1.16,7619.9335,0.70942496,105.7503957
7800,-4433,7386,12516,10279,10790,9806,0.72,1.16,7687.065,0.71242493,75.75069509
7800,-4426,7394,12731,10328,10986,9815,0.72,1.16,7910.591,0.720061078,-0.610777353
7800,-4452,7401,12688,10358,10950,9815,0.71,1.16,7866.025,0.718358447,-83.58447489
7800,-4433,7277,12649,10111,10917,9815,0.72,1.16,7825.5895,0.716826005,31.73994687
7800,-4443,7398,12675,10350,10946,9816,0.71,1.16,7852.851,0.717417413,-74.17412754
7800,-4493,7217,12395,10168,10683,9818,0.71,1.16,7561.4105,0.707798418,22.01581953
7800,-4439,7423,12712,10348,10974,9819,0.72,1.16,7891.069,0.719069528,9.304720248
7800,-4444,7359,12719,10326,10976,9819,0.71,1.16,7898.156,0.719584184,-95.84183673
7800,-4441,7411,12708,10351,10965,9817,0.72,1.16,7886.6775,0.719259234,7.407660739
7800,-4451,7454,12501,10368,10783,9816,0.72,1.16,7671.7605,0.711468098,85.31902068
7800,-4453,7435,12570,10348,10841,9814,0.72,1.16,7743.2835,0.714259155,57.40844941
7800,-4447,7388,12722,10351,10978,9814,0.71,1.16,7901.243,0.719734287,-97.34286755
7800,-4463,7391,12718,10363,10971,9813,0.71,1.16,7896.9385,0.719801158,-98.01157597
7800,-4441,7218,12639,10064,10903,9811,0.72,1.16,7814.9805,0.716773411,32.26589012
7800,-4466,7240,12274,10219,10598,9810,0.71,1.16,7436.713,0.701709096,82.90903944
7800,-4443,7398,12734,10363,10988,9808,0.71,1.16,7913.678,0.720210957,-102.1095741
7800,-4443,7405,12742,10335,11000,9808,0.72,1.16,7922.2,0.7202,-2
7800,-4459,7367,12697,10326,10952,9810,0.71,1.16,7875.112,0.719056976,-90.56975895
7800,-4427,7374,12718,10346,10981,9812,0.71,1.16,7897.3735,0.719185275,-91.85274565
7800,-4452,7435,12520,10343,10796,9814,0.72,1.16,7691.326,0.712423675,75.76324565
7800,-4470,7337,12710,10305,10961,9815,0.71,1.16,7888.5035,0.719688304,-96.88303987
7800,-4463,7378,12714,10336,10977,9815,0.71,1.16,7893.1995,0.719067095,-90.67094835
7800,-4456,7462,12612,10375,10882,9814,0.72,1.16,7787.067,0.715591527,44.08472707
7800,-4440,7129,12672,9940,10935,9814,0.72,1.16,7849.3725,0.717820988,21.79012346
7800,-4445,7413,12706,10349,10964,9813,0.72,1.16,7884.634,0.719138453,8.615468807
7800,-4457,7339,12760,10293,11008,9814,0.71,1.16,7940.548,0.721343387,-113.4338663
7800,-4455,7365,12743,10305,10995,9810,0.71,1.16,7922.9825,0.720598681,-105.9868122
7800,-4438,7327,12757,10295,11007,9804,0.71,1.16,7937.5045,0.721132416,-111.3241574
7800,-4442,7430,12551,10335,10828,9798,0.72,1.16,7723.718,0.713309752,66.90247506
7800,-4453,7334,12697,10294,10961,9796,0.71,1.16,7875.5035,0.718502281,-85.02280814
7800,-4472,7370,12745,10348,10997,9797,0.71,1.16,7925.0695,0.720657407,-106.5740657
7800,-4446,7389,12658,10344,10927,9802,0.71,1.16,7835.0245,0.717033449,-70.33449254
7800,-4439,7414,12738,10348,10990,9807,0.72,1.16,7917.765,0.720451774,-4.517743403
7800,-4450,7332,12704,10232,10962,9811,0.72,1.16,7882.547,0.719079274,9.207261449
7800,-4461,7357,12446,10371,10739,9810,0.71,1.16,7614.8465,0.709083388,9.166123475
7800,-4451,7373,12658,10282,10914,9808,0.72,1.16,7834.459,0.717835716,21.64284405
7800,-4443,7423,12578,10333,10852,9803,0.72,1.16,7751.762,0.714316439,56.83560634
7800,-4463,7352,12724,10331,10981,9799,0.71,1.16,7903.3735,0.719731673,-97.3167289
7801,-4472,7397,12663,10346,10923,9797,0.71,1.16,7839.8505,0.717737847,-77.37846745
7800,-4444,7391,12743,10351,10998,9797,0.71,1.16,7923.113,0.720413984,-104.1398436
7800,-4440,7406,12660,10345,10926,9801,0.72,1.16,7836.981,0.717278144,27.21856123
7800,-4437,7419,12713,10339,10967,9804,0.72,1.16,7891.7645,0.719591912,4.080879001
7800,-4464,7371,12754,10321,11008,9808,0.71,1.16,7934.548,0.720798328,-107.9832849
7800,-4457,7365,12702,10276,10961,9808,0.72,1.16,7880.5035,0.718958444,10.41556427
7800,-4455,7331,12347,10332,10653,9810,0.71,1.16,7512.1055,0.705163381,48.36618793
7800,-4453,7404,12450,10306,10734,9812,0.72,1.16,7618.629,0.70976607,102.3392957
7800,-4449,7348,12787,10343,11035,9815,0.71,1.16,7968.7225,0.722131627,-121.3162664
7800,-4442,7408,12655,10332,10917,9816,0.72,1.16,7831.5895,0.717375607,26.24393148
7800,-4459,7437,12675,10360,10936,9816,0.72,1.16,7852.416,0.71803365,19.66349671
7800,-4445,7324,12596,10194,10869,9815,0.72,1.16,7770.5015,0.714923314,50.76685988
7800,-4461,7437,12441,10342,10721,9815,0.72,1.16,7609.0635,0.709734493,102.6550695
7800,-4453,7416,12690,10337,10950,9814,0.72,1.16,7868.025,0.718541096,14.5890411
7800,-4448,7445,12695,10372,10948,9813,0.72,1.16,7872.938,0.719121118,8.788819876
7800,-4435,7324,12590,10183,10858,9813,0.72,1.16,7764.023,0.71505093,49.4906981
7801,-4420,7434,12580,10350,10862,9812,0.72,1.16,7754.197,0.713882987,61.17013441
7801,-4440,7438,12565,10354,10843,9811,0.72,1.16,7738.3705,0.713674306,63.25693996
7800,-4420,7463,12704,10385,10961,9810,0.72,1.16,7882.5035,0.719140909,8.590913238
7800,-4436,7286,12701,10154,10960,9810,0.72,1.16,7879.46,0.718928832,10.71167883
7800,-4441,7395,12653,10319,10917,9811,0.72,1.16,7829.5895,0.717192406,28.07593661
7800,-4430,7388,12709,10308,10973,9812,0.72,1.16,7888.0255,0.718857696,11.42303837
7800,-4468,7360,12686,10329,10945,9813,0.71,1.16,7863.8075,0.718484011,-84.84010964
7800,-4445,7425,12547,10332,10818,9814,0.72,1.16,7719.283,0.713559161,64.40839342
7800,-4438,7417,12639,10342,10901,9814,0.72,1.16,7814.8935,0.716896936,31.03063939
7800,-4439,7252,12621,10107,10885,9814,0.72,1.16,7796.1975,0.716233119,37.66881029
7801,-4446,7466,12624,10387,10900,9814,0.72,1.16,7799.85,0.715582569,44.17431193
7800,-4440,7472,12599,10393,10866,9814,0.72,1.16,7773.371,0.715384778,46.15221793
7800,-4456,7322,12738,10277,10989,9814,0.71,1.16,7917.7215,0.720513377,-105.1337701
7800,-4446,7470,12694,10406,10955,9815,0.72,1.16,7872.2425,0.718598129,14.01871292
7800,-4440,7389,12669,10314,10931,9816,0.72,1.16,7846.1985,0.717793294,22.06705699
7800,-4455,7426,12672,10343,10942,9818,0.72,1.16,7849.677,0.7173896,26.10400292
7800,-4454,7453,12552,10373,10823,9818,0.72,1.16,7724.5005,0.713711586,62.88413564
7800,-4448,7445,12428,10358,10714,9818,0.72,1.16,7595.759,0.708956412,110.4358783
7800,-4457,7453,12642,10373,10914,9814,0.72,1.16,7818.459,0.716369709,36.30291369
7800,-4448,7294,12682,10192,10941,9811,0.72,1.16,7859.6335,0.718365186,16.34814002
7801,-4444,7326,12360,10319,10667,9807,0.71,1.16,7525.7145,0.705513687,44.86312928
7800,-4427,7289,12707,10222,10968,9807,0.71,1.16,7885.808,0.718983224,-89.83223924
7800,-4451,7469,12456,10382,10738,9808,0.72,1.16,7624.803,0.710076644,99.23356305
7800,-4442,7364,12637,10291,10914,9810,0.72,1.16,7813.459,0.715911581,40.88418545
7800,-4461,7402,12540,10312,10814,9812,0.72,1.16,7712.109,0.7131597,68.40299612
7800,-4444,7351,12685,10295,10953,9813,0.71,1.16,7863.1555,0.717899708,-78.99707843
7800,-4448,7425,12599,10356,10858,9814,0.72,1.16,7773.023,0.715879812,41.2018788
7800,-4440,7415,12672,10323,10937,9809,0.72,1.16,7849.4595,0.717697678,23.02322392
7800,-4477,7425,12606,10365,10871,9805,0.72,1.16,7780.5885,0.715719667,42.80332996
7800,-4429,7334,12716,10238,10972,9801,0.72,1.16,7894.982,0.719557237,4.427633977
7800,-4432,7439,12432,10359,10739,9801,0.72,1.16,7600.8465,0.707779728,122.2027191
7800,-4439,7443,12440,10361,10726,9805,0.72,1.16,7608.281,0.709330692,106.6930822
7800,-4464,7392,12701,10359,10963,9815,0.71,1.16,7879.5905,0.718744003,-87.44002554
7800,-4439,7315,12667,10197,10933,9825,0.72,1.16,7844.2855,0.717487012,25.12988201
7800,-4449,7411,12659,10355,10927,9831,0.72,1.16,7836.0245,0.717124966,28.75034319
7800,-4442,7416,12723,10363,10983,9831,0.72,1.16,7902.4605,0.719517482,4.825184376
7800,-4460,7439,12537,10355,10804,9821,0.72,1.16,7708.674,0.713501851,64.98148834
7800,-4439,7395,12693,10326,10952,9809,0.72,1.16,7871.112,0.718691746,13.082542
7801,-4466,7385,12762,10328,11005,9797,0.72,1.16,7942.4175,0.721709905,-17.09904589
7800,-4436,7278,12553,10119,10829,9794,0.72,1.16,7725.7615,0.713432588,65.6741158
7800,-4427,7384,12678,10320,10944,9797,0.72,1.16,7855.764,0.717814693,21.85307018
7800,-4444,7460,12442,10382,10726,9804,0.72,1.16,7610.281,0.709517155,104.8284542
7800,-4448,7431,12678,10345,10942,9812,0.72,1.16,7855.677,0.717937946,20.62054469
7801,-4448,7469,12534,10383,10803,9816,0.72,1.16,7705.6305,0.713286171,67.13829492
7800,-4424,7413,12759,10364,11011,9816,0.72,1.16,7939.6785,0.721067887,-10.67886659
7800,-4446,7418,12744,10371,11001,9817,0.72,1.16,7924.2435,0.720320289,-3.202890646
7800,-4449,7406,12656,10344,10915,9818,0.72,1.16,7832.5025,0.717590701,24.0929913
7800,-4435,7466,12626,10372,10890,9819,0.72,1.16,7801.415,0.716383379,36.16620753
7800,-4455,7449,12599,10361,10865,9819,0.72,1.16,7773.3275,0.715446618,45.53382421
7800,-4446,7212,12713,10079,10965,9818,0.72,1.16,7891.6775,0.71971523,2.847697218
7800,-4436,7448,12585,10363,10862,9810,0.72,1.16,7759.197,0.714343307,56.56693058
7800,-4452,7459,12502,10381,10777,9802,0.72,1.16,7672.4995,0.711932773,80.67226501
7800,-4443,7431,12712,10363,10970,9795,0.72,1.16,7890.895,0.719315861,6.841385597
7800,-4454,7453,12511,10373,10788,9795,0.72,1.16,7681.978,0.712085465,79.14534668
7800,-4464,7364,12759,10323,11008,9798,0.71,1.16,7939.548,0.721252544,-112.525436
7800,-4438,7439,12464,10355,10749,9803,0.72,1.16,7633.2815,0.710138757,98.61242906
7800,-4463,7427,12448,10334,10733,9808,0.72,1.16,7616.5855,0.709641806,103.5819435
7800,-4421,7382,12677,10299,10939,9810,0.72,1.16,7854.5465,0.718031493,19.68507176
7800,-4440,7390,12702,10327,10964,9810,0.72,1.16,7880.634,0.718773623,12.26377235
7800,-4458,7335,12530,10199,10800,9810,0.72,1.16,7701.5,0.713101852,68.98148148
7801,-4444,7402,12287,10337,10614,9810,0.72,1.16,7450.409,0.701941681,180.583192
7800,-4449,7464,12531,10385,10809,9811,0.72,1.16,7702.8915,0.71263683,73.63169581
7800,-4447,7417,12728,10349,10983,9811,0.72,1.16,7907.4605,0.719972731,0.272694164
7800,-4451,7473,12633,10399,10902,9811,0.72,1.16,7808.937,0.71628481,37.15189873
7800,-4466,7441,12633,10362,10899,9810,0.72,1.16,7808.8065,0.716469997,35.30002753
7800,-4439,7398,12623,10311,10890,9809,0.72,1.16,7798.415,0.716107897,38.92102847
7800,-4468,7404,12580,10309,10844,9809,0.72,1.16,7753.414,0.714995758,50.04241977
7800,-4448,7366,12762,10330,11011,9809,0.71,1.16,7942.6785,0.721340341,-113.4034148
7800,-4453,7408,12668,10331,10932,9812,0.72,1.16,7845.242,0.717640139,23.59860959
7800,-4437,7285,12413,10130,10701,9815,0.72,1.16,7580.1935,0.708363097,116.3690309
7800,-4435,7454,12591,10388,10870,9819,0.72,1.16,7765.545,0.714401564,55.98436063
7800,-4490,7309,12384,10301,10674,9818,0.71,1.16,7550.019,0.707327993,26.72006745
7800,-4430,7401,12691,10332,10954,9817,0.72,1.16,7869.199,0.718385886,16.14113566
7801,-4459,7384,12738,10365,10988,9815,0.71,1.16,7917.678,0.720574991,-105.749909
7800,-4458,7437,12686,10375,10946,9814,0.72,1.16,7863.851,0.718422346,15.77653938
7800,-4442,7388,12664,10330,10929,9812,0.72,1.16,7841.1115,0.717459191,25.40808857
7800,-4444,7373,12765,10362,11014,9812,0.71,1.16,7945.809,0.721428092,-114.2809152
7800,-4451,7317,12766,10294,11016,9811,0.71,1.16,7946.896,0.721395788,-113.9578794
7800,-4446,7371,12676,10305,10938,9810,0.72,1.16,7853.503,0.718001737,19.98262937
7801,-4444,7352,12455,10227,10739,9809,0.72,1.16,7623.8465,0.709921455,100.7854549
7801,-4453,7218,12376,10179,10696,9809,0.71,1.16,7542.976,0.70521466,47.85340314
7800,-4452,7356,12739,10316,10991,9807,0.71,1.16,7918.8085,0.720481166,-104.8116641
7800,-4465,7367,12702,10330,10961,9799,0.71,1.16,7880.5035,0.718958444,-89.58443573
7800,-4448,7434,12715,10381,10971,9790,0.72,1.16,7893.9385,0.719527709,4.722905843
7800,-4446,7333,12772,10297,11024,9783,0.71,1.16,7953.244,0.721448113,-114.4811321
7800,-4453,7426,12571,10334,10850,9783,0.72,1.16,7744.675,0.713794931,62.05069124
7800,-4453,7438,12481,10351,10759,9787,0.72,1.16,7650.7165,0.711099219,89.00780742
7800,-4444,7429,12587,10343,10857,9792,0.72,1.16,7760.9795,0.714836465,51.63535047
7800,-4438,7399,12673,10319,10936,9797,0.72,1.16,7850.416,0.717850768,21.49231895
7800,-4448,7249,12489,10083,10771,9798,0.72,1.16,7659.2385,0.71109818,89.01819701
7800,-4462,7304,12364,10298,10665,9799,0.71,1.16,7529.6275,0.706012893,39.87107361
7800,-4449,7399,12434,10296,10721,9806,0.72,1.16,7602.0635,0.709081569,109.1843112
7800,-4424,7416,12699,10331,10955,9812,0.72,1.16,7877.2425,0.719054541,9.454586947
7800,-4447,7437,12518,10356,10795,9818,0.72,1.16,7689.2825,0.712300371,76.99629458
7801,-4464,7409,12643,10320,10910,9818,0.72,1.16,7819.285,0.716708066,32.91934005
7800,-4446,7369,12729,10293,10989,9818,0.72,1.16,7908.7215,0.719694376,3.056238056
7800,-4441,7408,12676,10334,10940,9818,0.72,1.16,7853.59,0.717878428,21.21572212
7800,-4450,7417,12728,10351,10983,9818,0.72,1.16,7907.4605,0.719972731,0.272694164
7800,-4467,7395,12737,10354,10989,9819,0.71,1.16,7916.7215,0.720422377,-104.2237692
7800,-4454,7328,12563,10189,10836,9819,0.72,1.16,7736.066,0.713922665,60.7733481
7800,-4447,7464,12618,10387,10897,9816,0.72,1.16,7793.7195,0.715216986,47.83013673
7800,-4440,7469,12663,10385,10930,9812,0.72,1.16,7840.155,0.717306038,26.93961574
7800,-4448,7410,12651,10349,10922,9809,0.72,1.16,7827.807,0.716700879,32.9912104
7800,-4447,7358,12700,10296,10963,9809,0.71,1.16,7878.5905,0.718652787,-86.52786646
7800,-4440,7382,12737,10327,10986,9809,0.71,1.16,7916.591,0.720607227,-106.0722738
7800,-4444,7466,12506,10394,10778,9808,0.72,1.16,7676.543,0.712241882,77.58118389
7800,-4462,7407,12653,10360,10915,9808,0.71,1.16,7829.5025,0.71731585,-73.15849748
7800,-4453,7366,12736,10298,10990,9808,0.72,1.16,7915.765,0.720269791,-2.697907188
7800,-4425,7451,12563,10361,10836,9808,0.72,1.16,7736.066,0.713922665,60.7733481
7800,-4447,7266,12704,10156,10965,9805,0.72,1.16,7882.6775,0.718894437,11.05563155
7800,-4436,7355,12662,10276,10930,9802,0.72,1.16,7839.155,0.717214547,27.85452882
7800,-4440,7397,12662,10378,10928,9800,0.71,1.16,7839.068,0.717337848,-73.37847731
7800,-4480,7422,12628,10354,10894,9800,0.72,1.16,7803.589,0.716319901,36.80099137
7800,-4437,7413,12687,10355,10948,9800,0.72,1.16,7864.938,0.718390391,16.09609061
7800,-4461,7356,12744,10318,10997,9802,0.71,1.16,7924.0695,0.720566473,-105.6647267
7800,-4444,7427,12560,10350,10835,9804,0.72,1.16,7733.0225,0.71370766,62.9233964
7800,-4458,7380,12725,10333,10982,9806,0.71,1.16,7904.417,0.719761155,-97.61154617
7800,-4439,7428,12666,10351,10930,9806,0.72,1.16,7843.155,0.717580512,24.19487649
7800,-4457,7454,12469,10376,10754,9803,0.72,1.16,7638.499,0.710293751,97.06248838
7800,-4428,7311,12658,10211,10927,9799,0.72,1.16,7835.0245,0.717033449,29.66550746
7800,-4434,7467,12691,10412,10953,9794,0.72,1.16,7869.1555,0.718447503,15.52497033
7800,-4447,7382,12620,10298,10884,9793,0.72,1.16,7795.154,0.71620305,37.96949651
7800,-4434,7410,12694,10335,10960,9796,0.72,1.16,7872.46,0.718290146,17.09854015
7800,-4450,7398,12587,10334,10860,9808,0.72,1.16,7761.11,0.714651013,53.48987109
7800,-4452,7411,12707,10346,10970,9819,0.72,1.16,7885.895,0.718860073,11.39927074
7801,-4447,7425,12510,10333,10790,9829,0.72,1.16,7681.065,0.71186886,81.31139944
7800,-4468,7403,12510,10301,10778,9828,0.72,1.16,7680.543,0.712613008,73.86992021
7800,-4431,7443,12645,10380,10910,9828,0.72,1.16,7821.285,0.716891384,31.08615949
7800,-4454,7396,12659,10315,10923,9828,0.72,1.16,7835.8505,0.717371647,26.28353017
7800,-4441,7293,12691,10165,10951,9828,0.72,1.16,7869.0685,0.71857077,14.29230207
7800,-4456,7374,12223,10321,10550,9828,0.71,1.16,7383.625,0.699869668,101.3033175
7800,-4437,7363,12714,10290,10971,9827,0.72,1.16,7892.9385,0.71943656,5.634399781
7800,-4426,7419,12664,10365,10929,9822,0.72,1.16,7841.1115,0.717459191,25.40808857
7800,-4446,7315,12753,10251,11008,9817,0.71,1.16,7933.548,0.720707485,-107.0748547
7800,-4446,7387,12704,10321,10963,9813,0.72,1.16,7882.5905,0.71901765,9.823497218
7801,-4464,7419,12503,10329,10784,9814,0.72,1.16,7673.804,0.711591617,84.08382789
7800,-4451,7457,12444,10372,10727,9813,0.72,1.16,7612.3245,0.709641512,103.5848793
7800,-4442,7414,12697,10353,10961,9812,0.72,1.16,7875.5035,0.718502281,14.97719186
7800,-4458,7385,12752,10353,10999,9812,0.71,1.16,7932.1565,0.721170697,-111.7069734
7800,-4446,7268,12560,10108,10830,9811,0.72,1.16,7732.805,0.714017082,59.82917821
7800,-4460,7315,12501,10316,10791,9811,0.71,1.16,7672.1085,0.710972894,-9.728940784
7800,-4444,7480,12591,10422,10853,9817,0.72,1.16,7764.8055,0.715452456,45.47544458
7800,-4454,7405,12475,10301,10762,9823,0.72,1.16,7644.847,0.710355603,96.44396952
7800,-4467,7314,12395,10315,10688,9829,0.71,1.16,7561.628,0.70748765,25.12350299
7800,-4468,7323,12771,10297,11020,9829,0.71,1.16,7952.07,0.721603448,-116.0344828
7800,-4425,7381,12622,10303,10897,9826,0.72,1.16,7797.7195,0.71558406,44.15940167
7800,-4451,7454,12596,10386,10860,9821,0.72,1.16,7770.11,0.715479742,45.20257827
7800,-4439,7424,12563,10362,10836,9816,0.72,1.16,7736.066,0.713922665,60.7733481
7800,-4454,7430,12513,10340,10787,9812,0.72,1.16,7683.9345,0.712332854,76.67145638
7800,-4454,7263,12706,10136,10960,9813,0.72,1.16,7884.46,0.719385036,6.149635036
7800,-4439,7451,12540,10371,10826,9815,0.72,1.16,7712.631,0.712417421,75.82578977
7800,-4442,7401,12720,10349,10967,9817,0.72,1.16,7898.7645,0.720230191,-2.301905717
7800,-4468,7368,12683,10296,10945,9819,0.72,1.16,7860.8075,0.718209913,17.90086798
7800,-4430,7466,12599,10384,10871,9819,0.72,1.16,7773.5885,0.715075752,49.24247999
7800,-4449,7368,12685,10300,10946,9818,0.72,1.16,7862.851,0.718330988,16.69011511
7800,-4442,7440,12599,10347,10875,9814,0.72,1.16,7773.7625,0.714828736,51.71264368
7800,-4464,7423,12536,10338,10807,9811,0.72,1.16,7707.8045,0.713223327,67.76672527
7800,-4441,7351,12755,10296,11009,9809,0.71,1.16,7935.5915,0.720827641,-108.2764102
7800,-4474,7321,12764,10307,11014,9809,0.71,1.16,7944.809,0.721337298,-113.3729798
7800,-4432,7260,12705,10169,10971,9810,0.71,1.16,7883.9385,0.718616215,-86.16215477
7800,-4451,7429,12017,10340,10367,9812,0.72,1.16,7169.6645,0.691585271,284.1472943
7800,-4448,7439,12495,10349,10772,9813,0.72,1.16,7665.282,0.711593205,84.06795395
7800,-4437,7392,12703,10307,10963,9813,0.72,1.16,7881.5905,0.718926434,10.7356563
7800,-4434,7452,12629,10384,10901,9813,0.72,1.16,7804.8935,0.715979589,40.20410971
7800,-4455,7457,12690,10389,10944,9817,0.72,1.16,7867.764,0.718911184,10.88815789
7800,-4458,7373,12655,10324,10919,9820,0.71,1.16,7831.6765,0.717252175,-72.52175108
7800,-4437,7448,12523,10365,10802,9823,0.72,1.16,7694.587,0.712329846,76.70153675
7800,-4453,7434,12423,10343,10711,9823,0.72,1.16,7590.6285,0.708675987,113.240127
7800,-4444,7386,12700,10321,10956,9822,0.72,1.16,7878.286,0.719084155,9.15845199
7800,-4443,7159,12543,9951,10812,9820,0.72,1.16,7715.022,0.713561043,64.38956715
7800,-4476,7340,12387,10343,10682,9819,0.71,1.16,7553.367,0.707111683,28.88316795
7800,-4456,7277,12588,10164,10859,9819,0.72,1.16,7762.0665,0.714804908,51.95091629
7800,-4469,7363,12431,10376,10720,9818,0.71,1.16,7599.02,0.708863806,11.3619403
7800,-4441,7382,12648,10313,10914,9816,0.72,1.16,7824.459,0.716919461,30.80538758
7800,-4477,7414,12702,10374,10960,9813,0.71,1.16,7880.46,0.719020073,-90.20072993
7800,-4444,7425,12668,10359,10930,9811,0.72,1.16,7845.155,0.717763495,22.36505032
7800,-4450,7431,12665,10346,10924,9811,0.72,1.16,7841.894,0.717859209,21.40790919
7800,-4431,7429,12488,10330,10770,9810,0.72,1.16,7658.195,0.711067317,89.3268338
7800,-4438,7410,12640,10333,10900,9809,0.72,1.16,7815.85,0.717050459,29.49541284
7800,-4451,7321,12672,10215,10943,9808,0.72,1.16,7849.7205,0.717328018,26.71982089
7800,-4432,7376,12305,10340,10632,9808,0.71,1.16,7469.192,0.70251994,74.80060196
7800,-4467,7387,12688,10323,10943,9808,0.72,1.16,7865.7205,0.71879014,12.09860185
7800,-4444,7448,12666,10375,10930,9808,0.72,1.16,7843.155,0.717580512,24.19487649
7800,-4453,7414,12743,10376,10991,9809,0.71,1.16,7922.8085,0.720845101,-108.4510054
7800,-4451,7411,12736,10354,10996,9810,0.72,1.16,7916.026,0.719900509,0.994907239
7800,-4451,7407,12576,10301,10855,9810,0.72,1.16,7749.8925,0.713946799,60.5320129
7801,-4441,7355,12725,10327,10984,9809,0.71,1.16,7904.504,0.719638019,-96.38018937
7800,-4471,7450,12489,10357,10774,9809,0.72,1.16,7659.369,0.710912289,90.87711156
7800,-4449,7408,12663,10364,10925,9809,0.71,1.16,7839.9375,0.717614416,-76.14416476
7800,-4448,7234,12476,10059,10755,9809,0.72,1.16,7645.5425,0.710882613,91.17387262
7800,-4433,7429,12635,10349,10910,9809,0.72,1.16,7811.285,0.715974794,40.25206233
7800,-4454,7384,12762,10338,11007,9811,0.71,1.16,7942.5045,0.721586672,-115.8667212
7800,-4453,7339,12728,10300,10982,9814,0.71,1.16,7907.417,0.720034329,-100.343289
7800,-4466,7367,12726,10337,10981,9816,0.71,1.16,7905.3735,0.719913806,-99.13805664
7800,-4448,7433,12714,10366,10974,9816,0.72,1.16,7893.069,0.719251777,7.482230727
7800,-4453,7251,12732,10157,10993,9816,0.71,1.16,7911.8955,0.719721232,-97.21231693
7800,-4451,7452,12587,10370,10857,9816,0.72,1.16,7760.9795,0.714836465,51.63535047
7800,-4440,7408,12622,10344,10895,9816,0.72,1.16,7797.6325,0.715707435,42.92565397
7801,-4452,7448,12616,10372,10879,9816,0.72,1.16,7790.9365,0.716144545,38.55455465
7800,-4458,7220,12728,10107,10984,9816,0.71,1.16,7907.504,0.719911143,-99.11143481
7800,-4485,7246,12272,10212,10587,9820,0.71,1.16,7434.2345,0.702204071,77.95928969
7800,-4454,7285,12376,10277,10672,9825,0.71,1.16,7541.932,0.706702774,32.97226387
7800,-4417,7437,12670,10368,10938,9830,0.72,1.16,7847.503,0.717453191,25.46809289
7800,-4420,7417,12687,10319,10949,9831,0.72,1.16,7864.9815,0.718328751,16.71248516
7800,-4453,7418,12614,10334,10885,9830,0.72,1.16,7789.1975,0.715590032,44.09967846
7800,-4438,7371,12643,10285,10915,9824,0.72,1.16,7819.5025,0.716399679,36.0032066
7800,-4434,7411,12683,10350,10945,9818,0.72,1.16,7860.8075,0.718209913,17.90086798
7800,-4458,7398,12708,10349,10963,9814,0.71,1.16,7886.5905,0.719382514,-93.8251391
7800,-4482,7456,12469,10375,10754,9814,0.72,1.16,7638.499,0.710293751,97.06248838
7800,-4456,7325,12717,10254,10972,9814,0.71,1.16,7895.982,0.719648378,-96.48377689
7800,-4440,7409,12436,10317,10747,9815,0.72,1.16,7605.1945,0.707657439,123.4256071
7800,-4460,7308,12459,10299,10741,9816,0.71,1.16,7627.9335,0.71016977,-1.6977004
7800,-4452,7407,12655,10304,10925,9816,0.72,1.16,7831.9375,0.716882151,31.1784897
7800,-4444,7366,12674,10296,10939,9816,0.72,1.16,7851.5465,0.717757245,22.42755279
7800,-4444,7375,12762,10346,11016,9816,0.71,1.16,7942.896,0.72103268,-110.3267974
7800,-4449,7439,12609,10344,10878,9816,0.72,1.16,7783.893,0.715562879,44.37120794
7800,-4449,7403,12762,10373,11010,9816,0.71,1.16,7942.635,0.721401907,-114.0190736
7800,-4477,7287,12722,10244,10971,9816,0.71,1.16,7900.9385,0.720165755,-101.6575517
7800,-4476,7313,12443,10314,10727,9813,0.71,1.16,7611.3245,0.709548289,4.517106367
7800,-4432,7384,12519,10267,10794,9810,0.72,1.16,7690.239,0.712454975,75.45025014
7800,-4441,7422,12698,10348,10956,9806,0.72,1.16,7876.286,0.718901606,10.98393574
7800,-4457,7399,12697,10321,10954,9805,0.72,1.16,7875.199,0.718933632,10.6636845
7800,-4457,7340,12687,10285,10951,9805,0.71,1.16,7865.0685,0.718205506,-82.05506346
7800,-4436,7399,12682,10342,10944,9805,0.72,1.16,7859.764,0.71818019,18.19809942
7800,-4453,7359,12711,10308,10966,9805,0.71,1.16,7889.721,0.719471184,-94.71183659
7800,-4451,7435,12579,10346,10846,9806,0.72,1.16,7752.501,0.714779734,52.20265536
7800,-4463,7405,12692,10339,10952,9806,0.72,1.16,7870.112,0.718600438,13.99561724
7800,-4456,7374,12691,10371,10946,9807,0.71,1.16,7868.851,0.718879134,-88.7913393
7800,-4454,7398,12552,10300,10823,9809,0.72,1.16,7724.5005,0.713711586,62.88413564
7800,-4430,7323,12712,10241,10974,9810,0.72,1.16,7891.069,0.719069528,9.304720248
7800,-4436,7371,12292,10331,10618,9811,0.71,1.16,7455.583,0.702164532,78.35468073
7800,-4466,7435,12619,10361,10876,9811,0.72,1.16,7793.806,0.716605921,33.94078705
7800,-4468,7403,12723,10344,10979,9813,0.72,1.16,7902.2865,0.719763776,2.362236998
7800,-4440,7421,12671,10363,10931,9815,0.72,1.16,7848.1985,0.71797626,20.23739823
7800,-4472,7378,12731,10360,10983,9818,0.71,1.16,7910.4605,0.72024588,-102.4588
7800,-4460,7302,12640,10186,10909,9818,0.72,1.16,7816.2415,0.716494775,35.05225044
7800,-4447,7486,12558,10418,10831,9817,0.72,1.16,7730.8485,0.71377052,62.29480196
7800,-4448,7399,12547,10322,10823,9813,0.72,1.16,7719.5005,0.713249607,67.50392682
7800,-4457,7314,12714,10279,10969,9809,0.71,1.16,7892.8515,0.719559805,-95.59804905
7800,-4444,7285,12631,10169,10899,9807,0.72,1.16,7806.8065,0.716286494,37.13505826
7800,-4434,7429,12531,10342,10820,9807,0.72,1.16,7703.37,0.711956562,80.43438078
7800,-4467,7434,12644,10358,10907,9810,0.72,1.16,7820.1545,0.716984918,30.15082057
7800,-4460,7395,12650,10335,10921,9812,0.72,1.16,7826.7635,0.716670955,33.29044959
7800,-4461,7439,12567,10357,10837,9815,0.72,1.16,7740.1095,0.714229907,57.70093199
7800,-4454,7413,12707,10371,10968,9816,0.71,1.16,7885.808,0.718983224,-89.83223924
7800,-4453,7400,12734,10361,10992,9817,0.71,1.16,7913.852,0.719964702,-99.64701601
7800,-4444,7424,12691,10346,10949,9818,0.72,1.16,7868.9815,0.718694082,13.05918349
7800,-4446,7417,12481,10315,10764,9820,0.72,1.16,7650.934,0.710789112,92.10888146
7800,-4482,7385,12731,10348,10988,9821,0.71,1.16,7910.678,0.719937932,-99.3793229
7800,-4497,7164,12711,9999,10968,9821,0.72,1.16,7889.808,0.719347921,6.520787746
7800,-4465,7318,12364,10317,10664,9817,0.71,1.16,7529.584,0.706075019,39.24981245
7800,-4445,7423,12686,10323,10941,9811,0.72,1.16,7863.6335,0.718730783,12.69216708
7800,-4454,7441,12701,10366,10962,9805,0.72,1.16,7879.547,0.718805601,11.94398832
7800,-4452,7419,12510,10322,10785,9803,0.72,1.16,7680.8475,0.71217872,78.21279555
7800,-4444,7456,12572,10368,10844,9804,0.72,1.16,7745.414,0.714258023,57.4197713
7800,-4451,7435,12760,10372,11018,9810,0.72,1.16,7940.983,0.720728172,-7.28172082
7800,-4451,7426,12687,10354,10946,9817,0.72,1.16,7864.851,0.718513704,14.86296364
7800,-4445,7407,12728,10340,10983,9823,0.72,1.16,7907.4605,0.719972731,0.272694164
7800,-4463,7344,12468,10258,10747,9823,0.72,1.16,7637.1945,0.710635014,93.64985577
7800,-4448,7159,12560,10093,10839,9822,0.71,1.16,7733.1965,0.713460328,-34.60328444
7800,-4459,7331,12285,10325,10599,9821,0.71,1.16,7447.7565,0.702684829,73.15171243
7800,-4454,7410,12658,10356,10922,9819,0.72,1.16,7834.807,0.717341787,26.58212782
7800,-4435,7410,12654,10306,10919,9819,0.72,1.16,7830.6765,0.717160592,28.39408371
7800,-4452,7383,12640,10318,10912,9819,0.72,1.16,7816.372,0.716309751,36.90249267
7800,-4445,7434,12504,10349,10779,9818,0.72,1.16,7674.5865,0.711994294,80.05705539
7800,-4444,7442,12645,10368,10916,9817,0.72,1.16,7821.546,0.716521253,34.78746794
7800,-4458,7393,12648,10328,10908,9816,0.72,1.16,7824.198,0.717289879,27.10121012
7800,-4459,7400,12700,10304,10961,9816,0.72,1.16,7878.5035,0.718775978,12.24021531
7800,-4432,7445,12488,10360,10774,9816,0.72,1.16,7658.369,0.710819473,91.80527195
7800,-4439,7252,12502,10086,10777,9817,0.72,1.16,7672.4995,0.711932773,80.67226501
7800,-4453,7348,12676,10296,10945,9818,0.71,1.16,7853.8075,0.717570352,-75.70351759
7800,-4443,7400,12739,10339,10989,9818,0.72,1.16,7918.7215,0.720604377,-6.043771044
7800,-4441,7467,12629,10384,10895,9818,0.72,1.16,7804.6325,0.716349931,36.50068839
7800,-4455,7332,12731,10288,10983,9821,0.71,1.16,7910.4605,0.72024588,-102.4588
7800,-4436,7441,12519,10361,10791,9824,0.72,1.16,7690.1085,0.712640951,73.59049208
7800,-4436,7445,12576,10365,10858,9827,0.72,1.16,7750.023,0.713761558,62.38441702
7800,-4416,7433,12495,10339,10775,9828,0.72,1.16,7665.4125,0.711407193,85.92807425
7800,-4458,7428,12628,10344,10897,9828,0.72,1.16,7803.7195,0.71613467,38.65329907
7800,-4445,7435,12643,10360,10909,9828,0.72,1.16,7819.2415,0.716769777,32.30222752
7800,-4460,7380,12451,10266,10733,9829,0.72,1.16,7619.5855,0.709921317,100.7868257
7800,-4446,7423,12504,10330,10787,9829,0.72,1.16,7674.9345,0.711498517,85.01483267
7800,-4448,7337,12695,10247,10949,9830,0.72,1.16,7872.9815,0.719059412,9.405881816
7800,-4455,7420,12674,10357,10937,9828,0.72,1.16,7851.4595,0.717880543,21.19456889
7800,-4453,7377,12775,10360,11020,9825,0.71,1.16,7956.07,0.721966425,-119.6642468
7800,-4442,7380,12718,10350,10974,9822,0.71,1.16,7897.069,0.719616275,-96.16274831
7800,-4443,7386,12653,10301,10918,9822,0.72,1.16,7829.633,0.717130702,28.69298406
7800,-4461,7427,12603,10359,10869,9820,0.72,1.16,7777.5015,0.715567348,44.32652498
7800,-4446,7470,12438,10387,10722,9812,0.72,1.16,7606.107,0.709392557,106.0744264
7800,-4442,7424,12578,10322,10849,9804,0.72,1.16,7751.6315,0.714501936,54.98064338
7800,-4451,7299,12693,10208,10955,9798,0.72,1.16,7871.2425,0.718506846,14.93153811
7800,-4436,7417,12582,10326,10862,9797,0.72,1.16,7756.197,0.714067115,59.32885288
7800,-4441,7467,12584,10387,10850,9800,0.72,1.16,7757.675,0.714993088,50.06912442
7801,-4465,7407,12651,10327,10913,9804,0.72,1.16,7827.4155,0.717256071,27.43929259
7800,-4457,7482,12491,10411,10776,9808,0.72,1.16,7661.456,0.710974016,90.25983667
7800,-4458,7440,12584,10352,10857,9810,0.72,1.16,7757.9795,0.714560146,54.39854472
7800,-4427,7426,12539,10320,10822,9810,0.72,1.16,7711.457,0.71257226,74.27739789
7800,-4453,7433,12496,10347,10769,9813,0.72,1.16,7666.1515,0.711872179,81.27820596
7800,-4430,7347,12738,10290,10996,9816,0.71,1.16,7918.026,0.720082394,-100.823936
7800,-4429,7373,12659,10312,10922,9819,0.71,1.16,7835.807,0.717433346,-74.33345541
7800,-4460,7217,12730,10113,10981,9819,0.71,1.16,7909.3735,0.720278071,-102.7807121
7801,-4443,7429,12427,10342,10725,9817,0.72,1.16,7595.2375,0.708180653,118.1934732
7800,-4450,7416,12713,10358,10964,9814,0.72,1.16,7891.634,0.719776906,2.230937614
7800,-4480,7391,12670,10338,10934,9810,0.71,1.16,7847.329,0.717699744,-76.99743918
7800,-4447,7312,12577,10191,10848,9809,0.72,1.16,7750.588,0.714471608,55.2839233
7800,-4458,7408,12708,10325,10960,9809,0.72,1.16,7886.46,0.719567518,4.324817518
7800,-4425,7403,12691,10310,10954,9809,0.72,1.16,7869.199,0.718385886,16.14113566
7800,-4462,7442,12563,10363,10828,9810,0.72,1.16,7735.718,0.71441799,55.82009605
7800,-4443,7380,12652,10295,10911,9810,0.72,1.16,7828.3285,0.717471222,25.28778297
7800,-4458,7401,12723,10360,10977,9810,0.71,1.16,7902.1995,0.719886991,-98.86990981
7800,-4446,7199,12656,10056,10911,9809,0.72,1.16,7832.3285,0.717837824,21.62175786
7800,-4433,7432,12580,10336,10863,9806,0.72,1.16,7754.2405,0.713821274,61.7872595
7800,-4446,7455,12556,10369,10828,9804,0.72,1.16,7728.718,0.713771518,62.28481714
7800,-4438,7400,12715,10336,10973,9802,0.72,1.16,7894.0255,0.719404493,5.955071539
7800,-4448,7404,12482,10306,10763,9802,0.72,1.16,7651.8905,0.710944021,90.55978816
7800,-4457,7423,12739,10361,10989,9802,0.72,1.16,7918.7215,0.720604377,-6.043771044
7800,-4444,7402,12704,10346,10966,9803,0.72,1.16,7882.721,0.718832847,11.67153018
7800,-4447,7355,12738,10326,10993,9803,0.71,1.16,7917.8955,0.720267034,-102.6703357
7800,-4464,7411,12615,10318,10880,9803,0.72,1.16,7789.98,0.715990809,40.09191176
7801,-4444,7415,12664,10370,10930,9805,0.72,1.16,7841.155,0.71739753,26.02470265
7800,-4450,7361,12447,10236,10729,9811,0.72,1.16,7615.4115,0.709796952,102.0304781
7801,-4439,7331,12390,10331,10701,9817,0.71,1.16,7557.1935,0.706213765,37.86234931
7800,-4443,7396,12672,10315,10932,9822,0.72,1.16,7849.242,0.718006037,19.93962678
7800,-4462,7454,12402,10368,10698,9822,0.72,1.16,7569.063,0.707521312,124.7868761
7800,-4464,7338,12759,10330,11011,9816,0.71,1.16,7939.6785,0.721067887,-110.6788666
7800,-4468,7399,12683,10329,10950,9810,0.72,1.16,7861.025,0.717901826,20.98173516
7800,-4433,7385,12758,10309,11016,9804,0.72,1.16,7938.896,0.720669572,-6.695715323
7800,-4469,7395,12692,10346,10949,9803,0.71,1.16,7869.9815,0.718785414,-87.85414193
7800,-4432,7415,12675,10327,10938,9803,0.72,1.16,7852.503,0.717910313,20.89687329
7800,-4459,7419,12650,10343,10914,9806,0.72,1.16,7826.459,0.717102712,28.97287887
7800,-4451,7353,12719,10271,10979,9809,0.72,1.16,7898.2865,0.719399444,6.005556062
7800,-4448,7412,12451,10317,10740,9812,0.72,1.16,7619.89,0.709486965,105.1303538
7800,-4450,7324,12699,10242,10958,9812,0.72,1.16,7877.373,0.718869593,11.30407009
7800,-4447,7376,12649,10309,10921,9814,0.72,1.16,7825.7635,0.716579388,34.20611666
7800,-4446,7269,12716,10184,10974,9816,0.71,1.16,7895.069,0.719434026,-94.34025879
7800,-4443,7397,12641,10311,10908,9818,0.72,1.16,7817.198,0.716648148,33.51851852
7800,-4446,7455,12573,10369,10854,9819,0.72,1.16,7746.849,0.713732172,62.67827529
7800,-4468,7353,12771,10324,11016,9819,0.71,1.16,7951.896,0.721849673,-118.496732
7800,-4463,7417,12655,10334,10927,9815,0.72,1.16,7832.0245,0.7167589,32.41100027
7800,-4466,7490,12470,10426,10750,9810,0.72,1.16,7639.325,0.710634884,93.65116279
7800,-4446,7392,12513,10279,10795,9806,0.72,1.16,7684.2825,0.711837193,81.62806855
7800,-4451,7346,12348,10329,10661,9806,0.71,1.16,7513.4535,0.70476067,52.39330269
7800,-4464,7295,12553,10152,10824,9806,0.72,1.16,7725.544,0.713742055,62.57945307
7800,-4443,7400,12655,10323,10922,9805,0.72,1.16,7831.807,0.717067112,29.32887749
7800,-4454,7343,12777,10323,11026,9805,0.71,1.16,7958.331,0.721778614,-117.7861418
7800,-4446,7401,12676,10321,10937,9805,0.72,1.16,7853.4595,0.718063409,19.36591387
7800,-4469,7214,12723,10150,10983,9805,0.71,1.16,7902.4605,0.719517482,-95.17481562
7800,-4435,7444,12670,10366,10930,9808,0.72,1.16,7847.155,0.717946478,20.53522415
7800,-4443,7467,12505,10383,10786,9810,0.72,1.16,7675.891,0.711653162,83.46838494
7800,-4461,7414,12704,10377,10956,9812,0.71,1.16,7882.286,0.719449252,-94.49251552
7800,-4442,7199,12746,10050,10996,9812,0.72,1.16,7926.026,0.720809931,-8.09930884
7800,-4452,7339,12281,10330,10610,9813,0.71,1.16,7444.235,0.701624411,83.75589067
7800,-4430,7431,12630,10333,10894,9815,0.72,1.16,7805.589,0.716503488,34.96511841
7800,-4460,7416,12680,10353,10942,9817,0.72,1.16,7857.677,0.718120727,18.79272528
7800,-4451,7394,12662,10326,10921,9819,0.72,1.16,7838.7635,0.717769756,22.30244483
7800,-4448,7409,12683,10352,10941,9819,0.72,1.16,7860.6335,0.718456585,15.43414679
7800,-4472,7339,12727,10287,10986,9817,0.71,1.16,7906.591,0.719696978,-96.96977972
7800,-4454,7446,12509,10364,10783,9815,0.72,1.16,7679.7605,0.712210006,77.89993508
7800,-4447,7391,12631,10295,10898,9812,0.72,1.16,7806.763,0.716348229,36.51770967
7800,-4457,7336,12773,10326,11019,9811,0.71,1.16,7954.0265,0.721846492,-118.4649242
7800,-4458,7311,12681,10204,10941,9811,0.72,1.16,7858.6335,0.718273787,17.26213326
7800,-4477,7344,12337,10345,10650,9812,0.71,1.16,7501.975,0.704410798,55.89201878
7800,-4463,7362,12761,10328,11008,9813,0.71,1.16,7941.548,0.72143423,-114.3422965
7800,-4455,7410,12680,10348,10945,9813,0.72,1.16,7857.8075,0.717935815,20.64184559
7800,-4452,7386,12744,10342,10995,9813,0.71,1.16,7923.9825,0.720689632,-106.8963165
7800,-4453,7444,12635,10381,10904,9806,0.72,1.16,7811.024,0.716344828,36.55172414
7800,-4463,7355,12787,10331,11040,9798,0.71,1.16,7968.94,0.721824275,-118.2427536
7800,-4445,7453,12565,10369,10831,9791,0.72,1.16,7737.8485,0.714416813,55.83187148
7800,-4436,7435,12489,10347,10766,9789,0.72,1.16,7659.021,0.71140823,85.91770388
7800,-4441,7450,12581,10406,10848,9791,0.72,1.16,7754.588,0.714840339,51.59660767
7800,-4487,7245,12693,10122,10951,9800,0.72,1.16,7871.0685,0.718753402,12.46598484
7800,-4450,7441,12608,10351,10888,9809,0.72,1.16,7783.328,0.714853784,51.46216018
7800,-4449,7410,12598,10322,10867,9816,0.72,1.16,7772.4145,0.715230928,47.69071501
7800,-4458,7373,12691,10309,10953,9817,0.72,1.16,7869.1555,0.718447503,15.52497033
7800,-4454,7376,12738,10335,10988,9815,0.71,1.16,7917.678,0.720574991,-105.749909
7800,-4481,7344,12392,10340,10685,9814,0.71,1.16,7558.4975,0.707393308,26.06691624
7800,-4446,7428,12464,10337,10748,9812,0.72,1.16,7633.238,0.710200782,97.99218459
7800,-4440,7468,12679,10404,10937,9811,0.72,1.16,7856.4595,0.718337707,16.62293133
7800,-4475,7328,12448,10321,10733,9811,0.71,1.16,7616.5855,0.709641806,3.581943539
7800,-4464,7397,12719,10352,10972,9814,0.71,1.16,7897.982,0.71983066,-98.30659861
7800,-4457,7332,12695,10236,10952,9818,0.72,1.16,7873.112,0.718874361,11.25639153
7800,-4431,7394,12513,10287,10802,9821,0.72,1.16,7684.587,0.711404092,85.95908165
7800,-4442,7426,12595,10341,10864,9821,0.72,1.16,7769.284,0.71514028,48.59720177
7800,-4459,7417,12657,10347,10919,9819,0.72,1.16,7833.6765,0.717435342,25.64657936
7800,-4461,7375,12702,10341,10958,9815,0.71,1.16,7880.373,0.719143366,-91.43365578
7800,-4456,7464,12514,10379,10794,9812,0.72,1.16,7685.239,0.711991755,80.08245321
7800,-4463,7320,12707,10287,10967,9810,0.71,1.16,7885.7645,0.719044816,-90.44816267
7800,-4449,7420,12565,10327,10832,9810,0.72,1.16,7737.892,0.714354874,56.45125554
7800,-4457,7349,12759,10309,11006,9810,0.71,1.16,7939.461,0.721375704,-113.7570416
7800,-4472,7445,12488,10365,10765,9811,0.72,1.16,7657.9775,0.71137738,86.22619601
7800,-4439,7317,12738,10235,10991,9811,0.71,1.16,7917.8085,0.720390183,-103.9018288
7800,-4467,7312,12377,10308,10673,9811,0.71,1.16,7542.9755,0.70673433,32.65670383
7800,-4459,7349,12514,10230,10783,9810,0.72,1.16,7684.7605,0.712673699,73.26300658
7800,-4461,7404,12651,10371,10920,9805,0.71,1.16,7827.72,0.716824176,-68.24175824
7800,-4443,7417,12642,10361,10902,9801,0.72,1.16,7817.937,0.717110347,28.89653275
7800,-4444,7445,12501,10356,10773,9798,0.72,1.16,7671.3255,0.712088137,79.11862991
7800,-4449,7258,12716,10162,10981,9798,0.71,1.16,7895.3735,0.719003142,-90.0314179
7800,-4435,7403,12659,10363,10920,9802,0.71,1.16,7835.72,0.717556777,-75.56776557
7800,-4466,7389,12724,10339,10981,9807,0.71,1.16,7903.3735,0.719731673,-97.3167289
7800,-4471,7321,12471,10324,10750,9812,0.71,1.16,7640.325,0.710727907,-7.279069767
7800,-4452,7272,12713,10149,10968,9813,0.72,1.16,7891.808,0.71953027,4.69730124
7800,-4445,7407,12483,10304,10764,9814,0.72,1.16,7652.934,0.710974916,90.25083612
7800,-4447,7459,12457,10381,10735,9819,0.72,1.16,7625.6725,0.710356078,96.43921751
7800,-4450,7423,12669,10342,10931,9824,0.72,1.16,7846.1985,0.717793294,22.06705699
7800,-4450,7437,12684,10379,10945,9828,0.72,1.16,7861.8075,0.718301279,16.98720877
7800,-4474,7363,12761,10327,11009,9828,0.71,1.16,7941.5915,0.72137265,-113.7264965
7800,-4459,7291,12433,10286,10720,9821,0.71,1.16,7601.02,0.709050373,9.496268657
7800,-4471,7391,12650,10351,10911,9812,0.71,1.16,7826.3285,0.71728792,-72.87920447
7800,-4446,7385,12695,10344,10958,9803,0.71,1.16,7873.373,0.718504563,-85.04562876
7800,-4489,7331,12400,10347,10686,9801,0.71,1.16,7566.541,0.708079824,19.20175931
7800,-4455,7250,12558,10093,10826,9802,0.72,1.16,7730.631,0.714080085,59.19915019
7800,-4452,7450,12557,10358,10834,9807,0.72,1.16,7729.979,0.713492616,65.07384161
7800,-4450,7443,12629,10355,10887,9812,0.72,1.16,7804.2845,0.716844356,31.55644346
7800,-4452,7379,12731,10317,10986,9816,0.72,1.16,7910.591,0.720061078,-0.610777353
7800,-4443,7426,12465,10338,10748,9816,0.72,1.16,7634.238,0.710293822,97.06177894
7800,-4445,7394,12683,10340,10943,9815,0.72,1.16,7860.7205,0.718333227,16.6677328
7800,-4446,7340,12757,10324,11012,9812,0.71,1.16,7937.722,0.720824737,-108.2473665
7800,-4456,7385,12748,10356,10993,9809,0.71,1.16,7927.8955,0.721176703,-111.7670336
7800,-4450,7438,12572,10351,10843,9808,0.72,1.16,7745.3705,0.714319884,56.80116204
7800,-4457,7391,12664,10341,10922,9807,0.71,1.16,7840.807,0.717891137,-78.91137154
7800,-4464,7284,12747,10175,11001,9808,0.72,1.16,7927.2435,0.720592992,-5.929915462
7800,-4449,7437,12616,10362,10894,9809,0.72,1.16,7791.589,0.715218377,47.81622912
7800,-4455,7433,12426,10345,10714,9810,0.72,1.16,7593.759,0.708769741,112.3025947
7800,-4421,7437,12715,10365,10975,9810,0.72,1.16,7894.1125,0.719281321,7.186788155
7800,-4436,7402,12716,10338,10973,9810,0.72,1.16,7895.0255,0.719495626,5.043743735
7800,-4451,7466,12611,10379,10879,9812,0.72,1.16,7785.9365,0.715684943,43.15056531
7800,-4446,7443,12533,10353,10808,9813,0.72,1.16,7704.848,0.71288379,71.16210215
7800,-4454,7450,12624,10385,10891,9814,0.72,1.16,7799.4585,0.716137958,38.62042053
7800,-4466,7323,12705,10288,10963,9814,0.71,1.16,7883.5905,0.719108866,-91.08866186
7800,-4436,7433,12596,10363,10866,9810,0.72,1.16,7770.371,0.715108688,48.9131235
7800,-4451,7251,12484,10074,10761,9807,0.72,1.16,7653.8035,0.711253926,87.46073785
7800,-4477,7281,12360,10276,10663,9803,0.71,1.16,7525.5405,0.705762028,42.37972428
7800,-4430,7298,12725,10194,10970,9803,0.72,1.16,7903.895,0.720500912,-5.00911577
7800,-4441,7366,12727,10320,10983,9803,0.71,1.16,7906.4605,0.719881681,-98.81680779
7800,-4451,7323,12701,10238,10958,9802,0.72,1.16,7879.373,0.719052108,9.478919511
7800,-4445,7411,12623,10333,10880,9801,0.72,1.16,7797.98,0.716726103,32.73897059
7800,-4446,7391,12723,10335,10979,9800,0.72,1.16,7902.2865,0.719763776,2.362236998
7800,-4454,7428,12429,10340,10714,9800,0.72,1.16,7596.759,0.709049748,109.5025201
7800,-4444,7409,12734,10339,10988,9804,0.72,1.16,7913.678,0.720210957,-2.109574081
7800,-4450,7395,12709,10337,10966,9809,0.72,1.16,7887.721,0.719288802,7.111982491
7800,-4442,7373,12629,10256,10896,9814,0.72,1.16,7804.676,0.716288179,37.11820852
7800,-4443,7324,12034,10268,10383,9815,0.71,1.16,7187.3605,0.692223876,177.7612443
7800,-4429,7382,12649,10294,10915,9815,0.72,1.16,7825.5025,0.716949382,30.50618415
7800,-4431,7427,12659,10326,10922,9811,0.72,1.16,7835.807,0.717433346,25.66654459
7800,-4455,7403,12719,10333,10980,9807,0.72,1.16,7898.33,0.719337887,6.621129326
7800,-4449,7037,12441,9844,10731,9804,0.71,1.16,7609.4985,0.709113643,8.863572826
7800,-4443,7344,12741,10322,10999,9804,0.71,1.16,7921.1565,0.720170606,-101.7060642
7800,-4459,7363,12804,10358,11042,9807,0.71,1.16,7986.027,0.723240989,-132.4098895
7800,-4441,7415,12696,10348,10961,9812,0.72,1.16,7874.5035,0.718411048,15.88951738
7800,-4452,7418,12726,10376,10983,9817,0.71,1.16,7905.4605,0.719790631,-97.90630975
7800,-4450,7324,12728,10260,10980,9819,0.71,1.16,7907.33,0.720157559,-101.575592
7800,-4452,7297,12351,10275,10674,9818,0.71,1.16,7517.019,0.704236369,57.63631254
7800,-4452,7257,12688,10141,10949,9814,0.72,1.16,7865.9815,0.718420084,15.79915974
7800,-4442,7459,12655,10388,10925,9811,0.72,1.16,7831.9375,0.716882151,31.1784897
7800,-4455,7402,12709,10359,10964,9808,0.71,1.16,7887.634,0.719412076,-94.12075885
7800,-4447,7407,12693,10340,10957,9808,0.72,1.16,7871.3295,0.718383636,16.16363968
7800,-4452,7388,12670,10303,10942,9805,0.72,1.16,7847.677,0.717206818,27.93182234
7800,-4479,7451,12514,10366,10789,9802,0.72,1.16,7685.0215,0.712301557,76.98442858
7800,-4442,7447,12713,10380,10975,9798,0.72,1.16,7892.1125,0.719099089,9.009111617
7800,-4477,7368,12753,10332,11001,9797,0.71,1.16,7933.2435,0.721138397,-111.3839651
7800,-4451,7247,12646,10096,10911,9797,0.72,1.16,7822.3285,0.716921318,30.78682064
7800,-4444,7348,12316,10319,10637,9804,0.71,1.16,7480.4095,0.703244289,67.55711197
7800,-4460,7460,12631,10379,10889,9812,0.72,1.16,7806.3715,0.716904353,30.95646983
7800,-4460,7430,12631,10355,10899,9819,0.72,1.16,7806.8065,0.716286494,37.13505826
7800,-4442,7409,12692,10330,10954,9819,0.72,1.16,7870.199,0.718477177,15.22822713
7800,-4465,7359,12741,10336,10996,9818,0.71,1.16,7921.026,0.72035522,-103.5522008
7800,-4447,7383,12686,10333,10943,9814,0.71,1.16,7863.7205,0.718607375,-86.07374577
7800,-4477,7442,12486,10353,10764,9811,0.72,1.16,7655.934,0.711253623,87.46376812
7800,-4451,7431,12672,10348,10937,9809,0.72,1.16,7849.4595,0.717697678,23.02322392
7800,-4470,7283,12705,10184,10964,9808,0.72,1.16,7883.634,0.719047246,9.527544692
7800,-4442,7148,12667,9974,10931,9811,0.72,1.16,7844.1985,0.717610328,23.89671576
7800,-4452,7397,12430,10295,10724,9813,0.72,1.16,7598.194,0.70852238,114.7762029
7800,-4442,7384,12716,10293,10971,9815,0.72,1.16,7894.9385,0.719618859,3.811411904
7800,-4446,7411,12717,10353,10976,9815,0.72,1.16,7896.156,0.719401968,5.9803207
7800,-4452,7424,12755,10355,11000,9816,0.72,1.16,7935.2,0.721381818,-13.81818182
7800,-4452,7420,12730,10366,10987,9819,0.72,1.16,7909.6345,0.719908483,0.915172477
7800,-4459,7426,12407,10334,10698,9821,0.72,1.16,7574.063,0.707988689,120.1131053
7800,-4466,7367,12721,10334,10976,9823,0.71,1.16,7900.156,0.719766399,-97.66399417
7800,-4470,7455,12487,10377,10768,9823,0.72,1.16,7657.108,0.71109844,89.01560178
7800,-4460,7434,12686,10379,10942,9816,0.72,1.16,7863.677,0.718669073,13.30926704
7800,-4444,7275,12728,10174,10982,9808,0.72,1.16,7907.417,0.720034329,-0.343289018
7800,-4447,7418,12666,10350,10930,9800,0.72,1.16,7843.155,0.717580512,24.19487649
7800,-4464,7293,12671,10180,10927,9799,0.72,1.16,7848.0245,0.718223163,17.76837192
7800,-4430,7424,12634,10324,10902,9799,0.72,1.16,7809.937,0.716376536,36.23463585
7800,-4456,7442,12660,10382,10923,9800,0.72,1.16,7836.8505,0.717463197,25.36803076
7800,-4461,7351,12760,10314,11008,9800,0.71,1.16,7940.548,0.721343387,-113.4338663
7800,-4448,7437,12487,10351,10771,9801,0.72,1.16,7657.2385,0.710912497,90.87503482
7800,-4454,7415,12584,10327,10854,9801,0.72,1.16,7757.849,0.714745624,52.54376267
7801,-4472,7415,12660,10348,10915,9800,0.72,1.16,7836.5025,0.717957169,20.42830967
7801,-4446,7384,12726,10337,10982,9798,0.71,1.16,7905.417,0.719852213,-98.52212712
7800,-4448,7312,12523,10172,10797,9796,0.72,1.16,7694.3695,0.712639576,73.60424192
7800,-4467,7248,12322,10191,10643,9795,0.71,1.16,7486.6705,0.703436108,65.6389176
7800,-4428,7442,12613,10353,10884,9796,0.72,1.16,7788.154,0.715559904,44.40095553
7800,-4455,7408,12667,10325,10932,9805,0.72,1.16,7844.242,0.717548664,24.51335529
7800,-4447,7399,12675,10328,10933,9813,0.72,1.16,7852.2855,0.718218741,17.81258575
7800,-4436,7363,12719,10294,10977,9820,0.72,1.16,7898.1995,0.719522593,4.774073062
7800,-4439,7402,12728,10369,10981,9820,0.71,1.16,7907.3735,0.720095938,-100.9593844
7800,-4437,7408,12691,10332,10947,9820,0.72,1.16,7868.8945,0.718817439,11.82561432
7800,-4440,7354,12772,10312,11023,9821,0.71,1.16,7953.2005,0.721509616,-115.0961626
7800,-4449,7406,12495,10304,10771,9821,0.72,1.16,7665.2385,0.711655232,83.44768359
7800,-4435,7228,12691,10073,10951,9821,0.72,1.16,7869.0685,0.71857077,14.29230207
7800,-4460,7327,12400,10329,10701,9821,0.71,1.16,7567.1935,0.707148257,28.51742828
7800,-4482,7343,12510,10226,10784,9815,0.72,1.16,7680.804,0.712240727,77.59272997
7800,-4431,7398,12710,10331,10962,9809,0.72,1.16,7888.547,0.719626619,3.733807699
7800,-4472,7360,12720,10330,10977,9803,0.71,1.16,7899.1995,0.719613692,-96.13692266
7800,-4470,7405,12699,10359,10959,9803,0.71,1.16,7877.4165,0.718807966,-88.07966055
7801,-4423,7421,12665,10337,10935,9804,0.72,1.16,7842.3725,0.717180841,28.19158665
7800,-4470,7393,12653,10313,10915,9805,0.72,1.16,7829.5025,0.71731585,26.84150252
7800,-4443,7355,12756,10322,11011,9807,0.71,1.16,7936.6785,0.720795432,-107.9543184
7800,-4466,7471,12576,10404,10846,9808,0.72,1.16,7749.501,0.714503135,54.96865204
7800,-4452,7366,12537,10248,10815,9807,0.72,1.16,7709.1525,0.712820388,71.7961165
7800,-4429,7460,12638,10392,10910,9814,0.72,1.16,7814.285,0.716249771,37.50229148
7800,-4458,7431,12554,10339,10824,9821,0.72,1.16,7726.544,0.713834442,61.65558019
7800,-4475,7415,12701,10353,10959,9829,0.72,1.16,7879.4165,0.718990464,10.09535542
7800,-4451,7404,12717,10337,10972,9831,0.72,1.16,7895.982,0.719648378,3.516223113
7800,-4449,7405,12659,10352,10923,9828,0.72,1.16,7835.8505,0.717371647,26.28353017
7801,-4450,7376,12632,10278,10901,9821,0.72,1.16,7807.8935,0.716254793,37.45206862
7800,-4437,7410,12469,10309,10752,9813,0.72,1.16,7638.412,0.710417783,95.82217262
7800,-4445,7422,12613,10323,10888,9809,0.72,1.16,7788.328,0.715313005,46.86994857
7800,-4437,7343,12710,10294,10966,9809,0.71,1.16,7888.721,0.719379993,-93.79992705
7800,-4452,7391,12462,10279,10739,9814,0.72,1.16,7630.8465,0.710573284,94.26715709
7800,-4440,7413,12676,10332,10941,9821,0.72,1.16,7853.6335,0.71781679,21.83209944
7800,-4448,7406,12718,10354,10968,9828,0.72,1.16,7896.808,0.719986142,0.138584974
7800,-4437,7433,12670,10348,10934,9829,0.72,1.16,7847.329,0.717699744,23.00256082
7800,-4443,7391,12692,10307,10953,9828,0.72,1.16,7870.1555,0.718538802,14.61197845
7800,-4471,7393,12694,10348,10949,9825,0.71,1.16,7871.9815,0.718968079,-89.68079277
7800,-4442,7424,12681,10360,10947,9821,0.72,1.16,7858.8945,0.717903946,20.96053713
7800,-4464,7420,12698,10368,10955,9818,0.72,1.16,7876.2425,0.718963259,10.36741214
7800,-4460,7453,12511,10366,10792,9818,0.72,1.16,7682.152,0.711837658,81.62342476
7800,-4469,7316,12707,10280,10960,9819,0.71,1.16,7885.46,0.719476277,-94.76277372
7800,-4466,7374,12528,10258,10800,9822,0.72,1.16,7699.5,0.712916667,70.83333333
7800,-4435,7461,12461,10384,10750,9824,0.72,1.16,7630.325,0.709797674,102.0232558
7800,-4460,7355,12695,10316,10947,9826,0.71,1.16,7872.8945,0.719182835,-91.8283548
7800,-4461,7418,12679,10370,10943,9825,0.72,1.16,7856.7205,0.717967696,20.32303756
7800,-4457,7278,12674,10190,10939,9820,0.71,1.16,7851.5465,0.717757245,-77.57244721
7800,-4435,7453,12459,10366,10743,9814,0.72,1.16,7628.0205,0.710045658,99.54342362
7800,-4439,7398,12774,10345,11023,9809,0.72,1.16,7955.2005,0.721691055,-16.91055067
7800,-4435,7335,12729,10293,10981,9809,0.71,1.16,7908.3735,0.720187005,-101.8700483
7800,-4427,7330,12750,10282,11001,9810,0.71,1.16,7930.2435,0.720865694,-108.6569403
7800,-4430,7411,12680,10347,10942,9813,0.72,1.16,7857.677,0.718120727,18.79272528
7800,-4452,7339,12532,10204,10807,9815,0.72,1.16,7703.8045,0.712853197,71.46802998
7800,-4454,7316,12461,10310,10759,9816,0.71,1.16,7630.7165,0.70924031,7.596895622
7800,-4446,7282,12714,10156,10970,9816,0.72,1.16,7892.895,0.719498177,5.018231541
7800,-4461,7423,12658,10351,10927,9811,0.72,1.16,7835.0245,0.717033449,29.66550746
7800,-4460,7428,12458,10334,10743,9807,0.72,1.16,7627.0205,0.709952574,100.4742623
7800,-4447,7421,12708,10368,10964,9803,0.72,1.16,7886.634,0.719320868,6.791317038
7800,-4461,7403,12663,10334,10929,9802,0.72,1.16,7840.1115,0.717367691,26.32308537
7800,-4468,7366,12687,10332,10948,9800,0.71,1.16,7864.938,0.718390391,-83.90390939
7800,-4449,7463,12580,10391,10847,9796,0.72,1.16,7753.5445,0.71481004,51.89960358
7800,-4448,7426,12603,10347,10870,9792,0.72,1.16,7777.545,0.71550552,44.94480221
7800,-4442,7229,12726,10111,10978,9789,0.71,1.16,7905.243,0.720098652,-100.9865185
7800,-4448,7320,12356,10287,10671,9790,0.71,1.16,7521.8885,0.704890685,51.09314966
7800,-4455,7417,12414,10316,10701,9796,0.72,1.16,7581.1935,0.708456546,115.4345388
7800,-4453,7362,12751,10340,11002,9804,0.71,1.16,7931.287,0.720895019,-108.9501909
7800,-4459,7414,12671,10350,10931,9812,0.72,1.16,7848.1985,0.71797626,20.23739823
7800,-4432,7413,12670,10328,10932,9814,0.72,1.16,7847.242,0.717823088,21.76911819
7800,-4429,7373,12735,10297,10988,9812,0.72,1.16,7914.678,0.720301966,-3.019657809
7800,-4444,7409,12711,10354,10965,9806,0.72,1.16,7889.6775,0.719532832,4.671682627
7800,-4453,7367,12700,10338,10960,9800,0.71,1.16,7878.46,0.718837591,-88.37591241
7800,-4447,7433,12539,10342,10811,9796,0.72,1.16,7710.9785,0.713253029,67.46970678
7800,-4427,7258,12483,10090,10764,9795,0.72,1.16,7652.934,0.710974916,90.25083612
7800,-4450,7426,12015,10338,10368,9803,0.72,1.16,7167.708,0.691329861,286.7013889
7800,-4465,7362,12764,10356,11014,9813,0.71,1.16,7944.809,0.721337298,-113.3729798
7800,-4476,7334,12729,10303,10989,9823,0.71,1.16,7908.7215,0.719694376,-96.94376194
7800,-4468,7460,12633,10383,10901,9825,0.72,1.16,7808.8935,0.716346528,36.53472159
7800,-4458,7377,12735,10338,10992,9824,0.71,1.16,7914.852,0.720055677,-100.5567686
7800,-4449,7431,12469,10341,10751,9820,0.72,1.16,7638.3685,0.710479816,95.20184169
7800,-4454,7407,12552,10339,10817,9816,0.72,1.16,7724.2395,0.714083341,59.16658963
7800,-4440,7416,12783,10376,11033,9812,0.71,1.16,7964.6355,0.721892096,-118.9209644
7800,-4455,7414,12655,10350,10919,9813,0.72,1.16,7831.6765,0.717252175,27.47824892
7800,-4468,7099,12425,9981,10713,9808,0.71,1.16,7592.7155,0.708738495,12.61504714
7800,-4458,7443,12613,10354,10886,9800,0.72,1.16,7788.241,0.715436432,45.63567885
7800,-4446,7402,12683,10328,10941,9791,0.72,1.16,7860.6335,0.718456585,15.43414679
7800,-4435,7435,12686,10372,10951,9788,0.72,1.16,7864.0685,0.71811419,18.85809515
7800,-4452,7368,12707,10315,10963,9788,0.71,1.16,7885.5905,0.719291298,-92.91298002
7800,-4478,7399,12707,10355,10963,9792,0.71,1.16,7885.5905,0.719291298,-92.91298002
7800,-4451,7429,12529,10340,10803,9797,0.72,1.16,7700.6305,0.712823336,71.7666389
7800,-4456,7435,12630,10381,10890,9801,0.72,1.16,7805.415,0.716750689,32.49311295
7800,-4457,7399,12682,10362,10942,9801,0.71,1.16,7859.677,0.718303509,-83.03509413
7800,-4479,7461,12437,10395,10722,9805,0.72,1.16,7605.107,0.709299291,107.0070882
7800,-4449,7346,12697,10288,10959,9812,0.71,1.16,7875.4165,0.718625468,-86.25467652
7800,-4437,7463,12633,10375,10903,9818,0.72,1.16,7808.9805,0.716223104,37.76896267
7800,-4449,7325,12602,10201,10868,9821,0.72,1.16,7776.458,0.715537173,44.62826647
7800,-4451,7466,12449,10389,10735,9820,0.72,1.16,7617.6725,0.709610852,103.8914765
7800,-4443,7444,12584,10348,10856,9820,0.72,1.16,7757.936,0.71462196,53.78039794
7800,-4456,7360,12674,10316,10936,9820,0.71,1.16,7851.416,0.717942209,-79.42209217
7800,-4440,7427,12574,10338,10845,9820,0.72,1.16,7747.4575,0.71438059,56.19409866
7800,-4450,7452,12592,10372,10862,9820,0.72,1.16,7766.197,0.714987755,50.12244522
7800,-4457,7431,12494,10341,10770,9821,0.72,1.16,7664.195,0.71162442,83.75580316
7800,-4431,7460,12561,10376,10835,9821,0.72,1.16,7734.0225,0.713799954,62.00046147
7800,-4432,7353,12632,10239,10898,9822,0.72,1.16,7807.763,0.716439989,35.60011011
7800,-4435,7419,12172,10346,10511,9822,0.72,1.16,7330.9285,0.697453002,225.4699838
7800,-4448,7438,12666,10373,10926,9822,0.72,1.16,7842.981,0.717827293,21.72707304
7800,-4445,7415,12701,10352,10958,9824,0.72,1.16,7879.373,0.719052108,9.478919511
7800,-4452,7448,12504,10369,10773,9828,0.72,1.16,7674.3255,0.712366611,76.33389028
7800,-4452,7440,12664,10349,10926,9831,0.72,1.16,7840.981,0.717644243,23.5575691
7800,-4446,7421,12470,10324,10755,9832,0.72,1.16,7639.5425,0.710324733,96.75267318
7800,-4419,7412,12616,10311,10885,9831,0.72,1.16,7791.1975,0.715773771,42.26228755
7800,-4435,7369,12682,10330,10941,9826,0.71,1.16,7859.6335,0.718365186,-83.65185998
7800,-4454,7395,12722,10343,10976,9822,0.71,1.16,7901.156,0.719857507,-98.57507289
7800,-4438,7223,12736,10086,10989,9818,0.72,1.16,7915.7215,0.720331377,-3.313768314
7800,-4449,7288,12475,10282,10772,9818,0.71,1.16,7645.282,0.709736539,2.634608244
7800,-4435,7361,12717,10317,10972,9815,0.71,1.16,7895.982,0.719648378,-96.48377689
7800,-4454,7371,12690,10307,10954,9811,0.72,1.16,7868.199,0.718294596,17.05404418
7800,-4447,7399,12665,10334,10930,9808,0.72,1.16,7842.155,0.717489021,25.10978957
7800,-4463,7427,12757,10378,11007,9807,0.72,1.16,7937.5045,0.721132416,-11.32415735
7800,-4451,7314,12448,10306,10742,9808,0.71,1.16,7616.977,0.70908369,9.16309812
7800,-4455,7455,12489,10367,10767,9812,0.72,1.16,7659.0645,0.711346197,86.53803288
7800,-4439,7407,12735,10335,10989,9816,0.72,1.16,7914.7215,0.720240377,-2.403767404
7800,-4453,7450,12509,10363,10784,9819,0.72,1.16,7679.804,0.712147997,78.52002967
7800,-4454,7284,12586,10125,10860,9819,0.72,1.16,7760.11,0.714558932,54.4106814
7800,-4434,7415,12631,10320,10911,9818,0.72,1.16,7807.3285,0.715546559,44.53441481
7800,-4446,7421,12608,10319,10871,9816,0.72,1.16,7782.5885,0.715903643,40.96357281
7800,-4451,7392,12698,10322,10961,9814,0.72,1.16,7876.5035,0.718593513,14.06486634
7800,-4452,7351,12749,10305,11001,9813,0.71,1.16,7929.2435,0.720774793,-107.747932
7800,-4447,7437,12705,10370,10965,9813,0.72,1.16,7883.6775,0.718985636,10.14363885
7800,-4444,7413,12674,10361,10940,9809,0.72,1.16,7851.59,0.717695612,23.04387569
7800,-4478,7330,12471,10332,10752,9804,0.71,1.16,7640.412,0.710603795,-6.037946429
7800,-4453,7403,12687,10334,10951,9800,0.72,1.16,7865.0685,0.718205506,17.94493654
7800,-4452,7407,12748,10371,11006,9800,0.71,1.16,7928.461,0.720376249,-103.7624932
7800,-4459,7372,12554,10257,10830,9799,0.72,1.16,7726.805,0.713463066,65.36934441
7800,-4444,7443,12550,10351,10839,9798,0.72,1.16,7723.1965,0.712537734,74.62265892
7800,-4456,7383,12687,10358,10950,9797,0.71,1.16,7865.025,0.718267123,-82.67123288
7800,-4451,7393,12704,10339,10960,9797,0.72,1.16,7882.46,0.719202555,7.974452555
7800,-4452,7401,12681,10350,10939,9797,0.72,1.16,7858.5465,0.718397157,16.02843039
7800,-4456,7385,12749,10353,11005,9805,0.71,1.16,7929.4175,0.720528623,-105.2862335
7800,-4448,7335,12736,10303,10992,9813,0.71,1.16,7915.852,0.720146652,-101.4665211
7800,-4441,7391,12698,10361,10958,9822,0.71,1.16,7876.373,0.718778335,-87.78335463
7800,-4461,7462,12618,10411,10882,9822,0.72,1.16,7793.067,0.716142897,38.57103474
7800,-4462,7388,12723,10368,10977,9821,0.71,1.16,7902.1995,0.719886991,-98.86990981
7800,-4457,7331,12523,10198,10800,9820,0.72,1.16,7694.5,0.712453704,75.46296296
7800,-4433,7372,12698,10329,10963,9819,0.71,1.16,7876.5905,0.718470355,-84.7035483
7800,-4433,7457,12308,10376,10626,9819,0.72,1.16,7471.931,0.703174384,168.2561641
7800,-4470,7329,12671,10215,10944,9819,0.72,1.16,7848.764,0.717175073,28.24926901
7800,-4434,7369,12683,10282,10943,9817,0.72,1.16,7860.7205,0.718333227,16.6677328
7800,-4463,7382,12699,10349,10957,9815,0.71,1.16,7877.3295,0.718931231,-89.31231176
7800,-4479,7423,12688,10364,10949,9813,0.72,1.16,7865.9815,0.718420084,15.79915974
7800,-4434,7445,12544,10359,10813,9813,0.72,1.16,7716.0655,0.713591556,64.0844354
7800,-4452,7378,12713,10341,10970,9812,0.71,1.16,7891.895,0.719407019,-94.07019143
7800,-4445,7424,12597,10354,10861,9805,0.72,1.16,7771.1535,0.715509944,44.90056164
7800,-4446,7362,12519,10234,10795,9799,0.72,1.16,7690.2825,0.712393006,76.06993979
7800,-4440,7432,12451,10346,10742,9794,0.72,1.16,7619.977,0.709362968,106.3703221
7800,-4469,7413,12617,10319,10883,9794,0.72,1.16,7792.1105,0.715989203,40.10796655
7800,-4431,7448,12681,10383,10945,9796,0.72,1.16,7858.8075,0.718027181,19.72818639
7800,-4443,7453,12682,10398,10944,9798,0.72,1.16,7859.764,0.71818019,18.19809942
7800,-4465,7456,12503,10379,10782,9801,0.72,1.16,7673.717,0.711715544,82.84455574
7800,-4447,7415,12528,10321,10808,9801,0.72,1.16,7699.848,0.71242117,75.78830496
7800,-4446,7423,12717,10347,10971,9802,0.72,1.16,7895.9385,0.719710008,2.899917966
7800,-4440,7411,12678,10324,10945,9805,0.72,1.16,7855.8075,0.717753084,22.469164
7800,-4446,7362,12662,10300,10928,9809,0.71,1.16,7839.068,0.717337848,-73.37847731
7800,-4428,7222,12663,10058,10929,9811,0.72,1.16,7840.1115,0.717367691,26.32308537
7800,-4460,7246,12101,10217,10447,9811,0.71,1.16,7257.1445,0.694663013,153.3698669
7800,-4434,7398,12613,10308,10879,9813,0.72,1.16,7787.9365,0.715868784,41.31216104
7800,-4425,7430,12659,10340,10928,9817,0.72,1.16,7836.068,0.717063324,29.36676428
7800,-4468,7356,12720,10324,10976,9822,0.71,1.16,7899.156,0.719675292,-96.75291545
7800,-4473,7452,12454,10376,10740,9823,0.72,1.16,7622.89,0.709766294,102.3370577
7800,-4440,7413,12615,10335,10885,9823,0.72,1.16,7790.1975,0.715681902,43.180983
7800,-4453,7416,12782,10367,11028,9815,0.72,1.16,7963.418,0.722108995,-21.08995285
7800,-4447,7464,12608,10381,10874,9807,0.72,1.16,7782.719,0.715718135,42.81864999
7800,-4446,7436,12720,10388,10975,9800,0.72,1.16,7899.1125,0.719736902,2.630979499
7800,-4433,7243,12622,10116,10885,9800,0.72,1.16,7797.1975,0.716324989,36.75011484
7800,-4457,7352,12163,10346,10494,9801,0.71,1.16,7321.189,0.697654755,123.452449
7800,-4450,7417,12749,10345,10994,9802,0.72,1.16,7928.939,0.721206021,-12.06021466
7800,-4453,7341,12777,10324,11030,9803,0.71,1.16,7958.505,0.721532638,-115.3263826
7800,-4446,7397,12720,10336,10975,9803,0.72,1.16,7899.1125,0.719736902,2.630979499
7800,-4453,7418,12670,10352,10933,9803,0.72,1.16,7847.2855,0.71776141,22.38589591
7800,-4462,7428,12648,10395,10908,9802,0.71,1.16,7824.198,0.717289879,-72.89878988
7800,-4463,7434,12452,10348,10733,9800,0.72,1.16,7620.5855,0.710014488,99.85511972
7800,-4455,7352,12718,10330,10968,9798,0.71,1.16,7896.808,0.719986142,-99.86141503
7800,-4445,7392,12435,10289,10720,9798,0.72,1.16,7603.02,0.70923694,107.630597
7800,-4482,7210,12729,10097,10977,9799,0.71,1.16,7908.1995,0.720433588,-104.3358841
7800,-4452,7482,12460,10411,10744,9801,0.72,1.16,7629.064,0.710076694,99.23306031
7800,-4457,7345,12754,10279,11000,9803,0.71,1.16,7934.2,0.721290909,-112.9090909
7800,-4427,7438,12694,10352,10950,9805,0.72,1.16,7872.025,0.718906393,10.93607306
7800,-4446,7404,12700,10361,10955,9805,0.71,1.16,7878.2425,0.719145824,-91.45823825
7800,-4453,7380,12633,10332,10900,9789,0.71,1.16,7808.85,0.716408257,-64.08256881
7800,-4456,7404,12557,10305,10829,9769,0.72,1.16,7729.7615,0.713801967,61.98033059
7800,-4448,7434,12677,10374,10929,9750,0.72,1.16,7854.1115,0.718648687,13.5131302
7800,-4449,7488,12455,10421,10739,9746,0.72,1.16,7623.8465,0.709921455,100.7854549
7800,-4461,7397,12699,10330,10957,9751,0.72,1.16,7877.3295,0.718931231,10.68768824
7800,-4455,7235,12535,10190,10809,9773,0.71,1.16,7706.8915,0.713006892,-30.06892404
7800,-4446,7324,12380,10318,10680,9796,0.71,1.16,7546.28,0.706580524,34.19475655
7800,-4445,7443,12478,10350,10752,9814,0.72,1.16,7647.412,0.711254836,87.4516369
7800,-4461,7382,12653,10306,10920,9814,0.72,1.16,7829.72,0.717007326,29.92673993
7801,-4453,7433,12667,10357,10931,9815,0.72,1.16,7844.1985,0.717610328,23.89671576
7800,-4463,7386,12644,10315,10914,9817,0.72,1.16,7820.459,0.71655296,34.47040498
7800,-4454,7348,12737,10300,10996,9818,0.71,1.16,7917.026,0.719991451,-99.91451437
7800,-4440,7434,12489,10343,10766,9819,0.72,1.16,7659.021,0.71140823,85.91770388
7800,-4434,7424,12679,10343,10941,9817,0.72,1.16,7856.6335,0.718090988,19.09011973
7800,-4444,7444,12634,10366,10899,9809,0.72,1.16,7809.8065,0.716561749,34.38251216
7800,-4476,7267,12726,10206,10984,9801,0.71,1.16,7905.504,0.71972906,-97.29060452
7800,-4433,7456,12549,10375,10833,9795,0.72,1.16,7721.9355,0.712815979,71.84021047
7800,-4454,7459,12527,10368,10795,9794,0.72,1.16,7698.2825,0.71313409,68.65910144
7800,-4439,7376,12712,10300,10969,9800,0.72,1.16,7890.8515,0.719377473,6.225271219
7800,-4448,7375,12692,10319,10955,9809,0.71,1.16,7870.2425,0.718415564,-84.1556367
7800,-4461,7372,12756,10325,11008,9819,0.71,1.16,7936.548,0.720980015,-109.8001453
7800,-4445,7420,12622,10336,10896,9823,0.72,1.16,7797.676,0.715645742,43.54258443
7800,-4435,7389,12476,10281,10763,9823,0.72,1.16,7645.8905,0.710386556,96.13444207
7800,-4452,7444,12635,10355,10901,9821,0.72,1.16,7810.8935,0.716529997,34.70002752
7800,-4469,7349,12764,10332,11015,9819,0.71,1.16,7944.8525,0.72127576,-112.7576033
7800,-4453,7313,12542,10171,10812,9816,0.72,1.16,7714.022,0.713468553,65.31446541
7800,-4441,7454,12490,10370,10775,9816,0.72,1.16,7660.4125,0.710943155,90.56844548
7800,-4459,7357,12787,10344,11026,9815,0.71,1.16,7968.331,0.722685561,-126.855614
7800,-4449,7434,12603,10339,10870,9814,0.72,1.16,7777.545,0.71550552,44.94480221
7800,-4449,7426,12545,10334,10822,9812,0.72,1.16,7717.457,0.713126686,68.7331362
7800,-4465,7336,12684,10278,10941,9811,0.71,1.16,7861.6335,0.718547985,-85.47984645
7800,-4442,7340,12710,10294,10970,9811,0.71,1.16,7888.895,0.719133546,-91.33546035
7800,-4479,7411,12709,10362,10966,9811,0.72,1.16,7887.721,0.719288802,7.111982491
7800,-4425,7460,12594,10389,10866,9812,0.72,1.16,7768.371,0.714924627,50.75372722
7800,-4461,7354,12709,10293,10960,9813,0.71,1.16,7887.46,0.719658759,-96.58759124
7800,-4442,7226,12550,10052,10825,9813,0.72,1.16,7722.5875,0.713403002,65.96997691
7800,-4449,7447,12450,10371,10736,9812,0.72,1.16,7618.716,0.709641952,103.5804769
7800,-4459,7463,12628,10382,10892,9809,0.72,1.16,7803.502,0.716443445,35.5655527
7800,-4447,7437,12643,10346,10910,9806,0.72,1.16,7819.285,0.716708066,32.91934005
7800,-4457,7402,12733,10361,10988,9805,0.71,1.16,7912.678,0.720119949,-101.1994904
7800,-4474,7385,12727,10329,10983,9805,0.71,1.16,7906.4605,0.719881681,-98.81680779
7800,-4438,7347,12732,10265,10985,9803,0.72,1.16,7911.5475,0.720213701,-2.137005007
7800,-4456,7456,12458,10373,10735,9800,0.72,1.16,7626.6725,0.710449231,95.50768514
7800,-4445,7359,12703,10297,10968,9796,0.71,1.16,7881.808,0.718618527,-86.18526623
7800,-4446,7480,12509,10410,10786,9796,0.72,1.16,7679.891,0.712024013,79.75987391
7800,-4458,7240,12732,10136,10991,9797,0.71,1.16,7911.8085,0.719844282,-98.44281685
7800,-4458,7308,12483,10302,10766,9805,0.71,1.16,7653.021,0.71085092,-8.509195616
7800,-4451,7420,12673,10373,10933,9813,0.72,1.16,7850.2855,0.718035809,19.64190981
7800,-4433,7429,12654,10333,10916,9819,0.72,1.16,7830.546,0.717345731,26.54268963
7800,-4429,7418,12649,10363,10913,9819,0.72,1.16,7825.4155,0.717072803,29.27196921
7800,-4453,7444,12582,10356,10854,9815,0.72,1.16,7755.849,0.71456136,54.38640133
7800,-4448,7406,12683,10351,10945,9810,0.72,1.16,7860.8075,0.718209913,17.90086798
7800,-4464,7453,12505,10370,10777,9804,0.72,1.16,7675.4995,0.712211144,77.88855897
7800,-4450,7461,12527,10376,10802,9802,0.72,1.16,7698.587,0.712700148,72.99851879
7800,-4456,7397,12631,10320,10897,9803,0.72,1.16,7806.7195,0.716409975,35.90024777
7800,-4441,7228,12688,10092,10952,9806,0.72,1.16,7866.112,0.718235208,17.64791819
7800,-4438,7448,12589,10369,10868,9809,0.72,1.16,7763.458,0.714341001,56.58998896
7800,-4444,7367,12515,10254,10786,9812,0.72,1.16,7685.891,0.712580289,74.19710736
7800,-4436,7433,12639,10358,10910,9813,0.72,1.16,7815.285,0.71634143,36.58570119
7800,-4457,7261,12691,10164,10951,9814,0.71,1.16,7869.0685,0.71857077,-85.70769793
7800,-4449,7427,12737,10370,10988,9815,0.72,1.16,7916.678,0.720483983,-4.839825264
7800,-4469,7387,12644,10324,10910,9816,0.72,1.16,7820.285,0.716799725,32.00274977
7800,-4450,7377,12570,10308,10836,9817,0.72,1.16,7743.066,0.71456866,54.31339978
7800,-4451,7453,12542,10365,10819,9817,0.72,1.16,7714.3265,0.713035077,69.64922821
7800,-4457,7354,12722,10317,10973,9818,0.71,1.16,7901.0255,0.720042422,-100.4242231
7800,-4468,7319,12709,10269,10963,9820,0.71,1.16,7887.5905,0.71947373,-94.73729818
7800,-4451,7320,12376,10304,10689,9822,0.71,1.16,7542.6715,0.705648003,43.5199738
7800,-4438,7379,12485,10268,10764,9821,0.72,1.16,7654.934,0.711160721,88.39279078
7800,-4444,7434,12721,10364,10981,9822,0.72,1.16,7900.3735,0.719458474,5.415262727
7800,-4456,7388,12651,10320,10915,9824,0.72,1.16,7827.5025,0.717132616,28.67384333
7800,-4455,7478,12466,10403,10746,9827,0.72,1.16,7635.151,0.710510981,94.8901917
7800,-4434,7285,12618,10182,10889,9828,0.72,1.16,7793.3715,0.715710488,42.89512352
7800,-4455,7457,12557,10373,10824,9828,0.72,1.16,7729.544,0.714111604,58.88396157
7800,-4454,7412,12738,10367,10990,9822,0.71,1.16,7917.765,0.720451774,-104.5177434
7800,-4465,7454,12523,10367,10795,9814,0.72,1.16,7694.2825,0.712763548,72.36452061
7800,-4446,7377,12616,10277,10889,9806,0.72,1.16,7791.3715,0.715526816,44.73183947
7800,-4464,7307,12184,10293,10513,9805,0.71,1.16,7343.0155,0.698470037,115.299629
7800,-4443,7379,12657,10283,10919,9804,0.72,1.16,7833.6765,0.717435342,25.64657936
7800,-4426,7411,12640,10310,10910,9801,0.72,1.16,7816.285,0.716433089,35.66911091
7800,-4450,7424,12617,10364,10883,9798,0.72,1.16,7792.1105,0.715989203,40.10796655
7800,-4455,7380,12760,10338,11008,9796,0.71,1.16,7940.548,0.721343387,-113.4338663
7800,-4449,7434,12684,10368,10952,9796,0.72,1.16,7862.112,0.717869978,21.30021914
7800,-4449,7373,12716,10319,10972,9803,0.71,1.16,7894.982,0.719557237,-95.57236602
7800,-4445,7443,12519,10354,10794,9813,0.72,1.16,7690.239,0.712454975,75.45025014
7800,-4464,7326,12749,10308,11006,9822,0.71,1.16,7929.461,0.720467109,-104.6710885
7800,-4449,7260,12749,10133,11001,9824,0.72,1.16,7929.2435,0.720774793,-7.747932006
7800,-4449,7362,12243,10332,10566,9823,0.71,1.16,7404.321,0.700768597,92.31402612
7800,-4458,7456,12675,10392,10936,9818,0.72,1.16,7852.416,0.71803365,19.66349671
7800,-4457,7405,12737,10358,10992,9814,0.71,1.16,7916.852,0.720237627,-102.3762737
7800,-4443,7418,12699,10355,10959,9810,0.72,1.16,7877.4165,0.718807966,11.92033945
7800,-4458,7423,12684,10338,10941,9810,0.72,1.16,7861.6335,0.718547985,14.52015355
7800,-4479,7241,12179,10232,10516,9809,0.71,1.16,7338.146,0.697807722,121.9227843
7800,-4441,7463,12522,10380,10788,9808,0.72,1.16,7692.978,0.713105117,68.94883204
7800,-4456,7452,12522,10362,10797,9807,0.72,1.16,7693.3695,0.712546957,74.53042512
7800,-4435,7435,12627,10349,10893,9807,0.72,1.16,7802.5455,0.716289865,37.10134949
7800,-4468,7206,12763,10113,11015,9808,0.71,1.16,7943.8525,0.721184975,-111.8497503
7800,-4453,7452,12592,10367,10871,9808,0.72,1.16,7766.5885,0.714431837,55.68163002
7800,-4460,7375,12689,10334,10944,9809,0.71,1.16,7866.764,0.71881981,-88.19809942
7800,-4435,7384,12689,10323,10950,9809,0.72,1.16,7867.025,0.718449772,15.50228311
7800,-4457,7339,12726,10313,10979,9809,0.71,1.16,7905.2865,0.720037025,-100.3702523
7800,-4448,7409,12681,10315,10944,9813,0.72,1.16,7858.764,0.718088816,19.11184211
7800,-4446,7376,12739,10324,10993,9821,0.71,1.16,7918.8955,0.720358001,-103.5800055
7800,-4453,7401,12628,10346,10888,9829,0.72,1.16,7803.328,0.716690669,33.09331374
7800,-4440,7393,12691,10329,10950,9831,0.72,1.16,7869.025,0.71863242,13.67579909
7800,-4476,7328,12744,10275,10994,9831,0.71,1.16,7923.939,0.720751228,-107.5122794
7800,-4440,7263,12663,10148,10923,9820,0.72,1.16,7839.8505,0.717737847,22.62153255
7800,-4448,7418,12660,10365,10930,9809,0.72,1.16,7837.155,0.717031565,29.68435499
7800,-4451,7401,12674,10351,10935,9797,0.72,1.16,7851.3725,0.718003887,19.96113397
7800,-4448,7414,12696,10342,10960,9797,0.72,1.16,7874.46,0.718472628,15.27372263
7800,-4446,7389,12657,10316,10919,9798,0.72,1.16,7833.6765,0.717435342,25.64657936
7800,-4448,7389,12651,10301,10910,9799,0.72,1.16,7827.285,0.717441338,25.58661778
7800,-4434,7393,12697,10332,10957,9801,0.72,1.16,7875.3295,0.718748699,12.51300538
7800,-4464,7390,12597,10308,10854,9802,0.72,1.16,7770.849,0.715943339,40.56661139
7800,-4453,7391,12719,10337,10974,9802,0.72,1.16,7898.069,0.719707399,2.926006925
7800,-4469,7384,12752,10345,10999,9806,0.71,1.16,7932.1565,0.721170697,-111.7069734
7800,-4449,7290,12646,10137,10916,9811,0.72,1.16,7822.546,0.716612862,33.87138146
7800,-4444,7464,12575,10384,10846,9815,0.72,1.16,7748.501,0.714410935,55.89065093
7800,-4447,7398,12713,10360,10968,9816,0.71,1.16,7891.808,0.71953027,-95.30269876
7800,-4447,7407,12696,10357,10958,9816,0.72,1.16,7874.373,0.71859582,14.04179595
7800,-4470,7435,12670,10368,10935,9815,0.72,1.16,7847.3725,0.717638089,23.61911294
7800,-4439,7463,12570,10377,10843,9814,0.72,1.16,7743.3705,0.714135433,58.64567002
7800,-4444,7411,12695,10355,10958,9814,0.72,1.16,7873.373,0.718504563,14.95437124
7800,-4436,7423,12563,10346,10827,9813,0.72,1.16,7735.6745,0.714479958,55.20042486
7800,-4439,7406,12732,10366,10989,9817,0.71,1.16,7911.7215,0.719967376,-99.67376467
7800,-4477,7455,12502,10382,10782,9821,0.72,1.16,7672.717,0.711622797,83.77202745
7800,-4454,7198,12649,10061,10907,9825,0.72,1.16,7825.1545,0.717443339,25.5666086
7800,-4462,7322,12256,10312,10572,9825,0.71,1.16,7417.582,0.701625236,83.74763526
7800,-4458,7188,12446,10138,10725,9825,0.71,1.16,7614.2375,0.709952214,0.477855478
7800,-4474,7405,12700,10380,10965,9821,0.71,1.16,7878.6775,0.71852964,-85.29639763
7799,-4458,7359,12763,10346,11008,9817,0.71,1.16,7943.548,0.721615916,-116.159157
7800,-4459,7341,12731,10295,10982,9815,0.71,1.16,7910.417,0.720307503,-103.0750319
7800,-4468,7451,12608,10370,10876,9815,0.72,1.16,7782.806,0.71559452,44.05479956
7800,-4438,7413,12629,10334,10891,9816,0.72,1.16,7804.4585,0.716597053,34.02947388
7800,-4449,7393,12759,10353,11010,9819,0.71,1.16,7939.635,0.721129428,-111.2942779
7800,-4444,7383,12730,10327,10984,9821,0.71,1.16,7909.504,0.720093227,-100.9322651
7800,-4429,7379,12669,10255,10931,9821,0.72,1.16,7846.1985,0.717793294,22.06705699
7800,-4449,7304,12345,10292,10656,9821,0.71,1.16,7510.236,0.704789414,52.10585586
7800,-4444,7342,12728,10321,10982,9818,0.71,1.16,7907.417,0.720034329,-100.343289
7800,-4451,7416,12709,10336,10968,9815,0.72,1.16,7887.808,0.719165573,8.344274252
7800,-4442,7330,12723,10255,10976,9811,0.71,1.16,7902.156,0.719948615,-99.4861516
7800,-4463,7394,12708,10358,10966,9811,0.71,1.16,7886.721,0.719197611,-91.97610797
7800,-4438,7288,12734,10211,10996,9813,0.71,1.16,7914.026,0.719718625,-97.18624955
7800,-4452,7383,12656,10339,10920,9817,0.71,1.16,7832.72,0.717282051,-72.82051282
7800,-4453,7411,12679,10349,10939,9822,0.72,1.16,7856.5465,0.718214325,17.85675107
7800,-4469,7445,12542,10366,10810,9823,0.72,1.16,7713.935,0.713592507,64.07493062
7800,-4446,7360,12714,10283,10974,9823,0.72,1.16,7893.069,0.719251777,7.482230727
7800,-4447,7461,12472,10385,10757,9814,0.72,1.16,7641.6295,0.710386678,96.13321558
7800,-4427,7452,12678,10363,10933,9805,0.72,1.16,7855.2855,0.71849314,15.06859965
7800,-4465,7310,12441,10294,10731,9797,0.71,1.16,7609.4985,0.709113643,8.863572826
7800,-4434,7462,12680,10403,10932,9797,0.72,1.16,7857.242,0.718737834,12.62166118
7800,-4443,7481,12558,10410,10835,9799,0.72,1.16,7731.0225,0.713523073,64.76926627
7800,-4454,7351,12706,10295,10965,9802,0.71,1.16,7884.6775,0.719076835,-90.76835385
7800,-4453,7400,12701,10345,10957,9804,0.72,1.16,7879.3295,0.719113763,8.862371087
7800,-4447,7355,12742,10309,10991,9806,0.71,1.16,7921.8085,0.720754117,-107.54117
7800,-4441,7449,12615,10364,10879,9806,0.72,1.16,7789.9365,0.716052624,39.47375678
7800,-4466,7298,12763,10248,11009,9810,0.71,1.16,7943.5915,0.721554319,-115.5431919
7800,-4469,7475,12623,10397,10893,9815,0.72,1.16,7798.5455,0.715922657,40.77343248
7800,-4457,7281,12405,10268,10700,9821,0.71,1.16,7572.15,0.70767757,23.22429907
7800,-4460,7472,12484,10393,10765,9821,0.72,1.16,7653.9775,0.711005806,89.94194148
7800,-4444,7360,12725,10320,10978,9821,0.71,1.16,7904.243,0.720007561,-100.0756058
7800,-4466,7449,12514,10363,10792,9821,0.72,1.16,7685.152,0.712115641,78.84358784
7800,-4449,7354,12743,10307,11000,9820,0.71,1.16,7923.2,0.720290909,-102.9090909
7800,-4453,7379,12707,10309,10960,9820,0.72,1.16,7885.46,0.719476277,5.237226277
7800,-4459,7394,12562,10315,10837,9820,0.72,1.16,7735.1095,0.713768524,62.31475501
7800,-4448,7453,12632,10381,10897,9821,0.72,1.16,7807.7195,0.716501744,34.98256401
7800,-4448,7283,12521,10131,10798,9821,0.72,1.16,7692.413,0.712392387,76.07612521
7800,-4442,7417,12607,10335,10882,9822,0.72,1.16,7782.067,0.715132053,48.67947069
7800,-4449,7440,12487,10352,10764,9823,0.72,1.16,7656.934,0.711346525,86.53474545
7800,-4469,7313,12697,10253,10962,9823,0.71,1.16,7875.547,0.718440704,-84.40704251
7800,-4435,7394,12586,10306,10856,9822,0.72,1.16,7759.936,0.71480619,51.93809875
7800,-4453,7423,12631,10334,10893,9820,0.72,1.16,7806.5455,0.716657073,33.4292665
7800,-4445,7435,12687,10390,10946,9819,0.72,1.16,7864.851,0.718513704,14.86296364
7800,-4441,7415,12647,10353,10908,9819,0.72,1.16,7823.198,0.717198203,28.01796846
7800,-4445,7433,12538,10343,10817,9817,0.72,1.16,7710.2395,0.712789082,72.10917999
7800,-4444,7443,12703,10356,10960,9815,0.72,1.16,7881.46,0.719111314,8.886861314
7800,-4442,7226,12581,10046,10856,9812,0.72,1.16,7754.936,0.714345615,56.54384672
7800,-4445,7422,12608,10335,10885,9811,0.72,1.16,7783.1975,0.715038815,49.61185117
7800,-4449,7386,12518,10271,10788,9811,0.72,1.16,7688.978,0.712734334,72.65665554
7800,-4441,7414,12749,10336,11005,9815,0.72,1.16,7929.4175,0.720528623,-5.28623353
7800,-4465,7439,12491,10356,10769,9819,0.72,1.16,7661.1515,0.711407884,85.9211626
7800,-4465,7407,12650,10322,10918,9823,0.72,1.16,7826.633,0.716855926,31.44074006
7800,-4454,7376,12723,10304,10985,9823,0.72,1.16,7902.5475,0.719394401,6.055985435
7800,-4435,7421,12707,10358,10960,9817,0.72,1.16,7885.46,0.719476277,5.237226277
7800,-4438,7378,12717,10303,10974,9808,0.72,1.16,7896.069,0.71952515,4.748496446
7800,-4451,7463,12548,10381,10814,9798,0.72,1.16,7720.109,0.713899482,61.00517847
7800,-4435,7215,12724,10087,10981,9795,0.72,1.16,7903.3735,0.719731673,2.683271105
7800,-4448,7426,11874,10335,10248,9795,0.72,1.16,7021.488,0.685156909,348.4309133
7800,-4456,7482,12431,10407,10715,9803,0.72,1.16,7598.8025,0.709174288,108.2571162
7800,-4447,7418,12722,10355,10980,9811,0.72,1.16,7901.33,0.719611111,3.888888889
7800,-4453,7386,12690,10322,10946,9819,0.72,1.16,7867.851,0.718787776,12.12223643
7800,-4467,7464,12602,10398,10871,9819,0.72,1.16,7776.5885,0.715351716,46.48284426
7800,-4452,7423,12634,10328,10905,9819,0.72,1.16,7810.0675,0.716191426,38.08574049
7800,-4430,7438,12700,10374,10952,9819,0.72,1.16,7878.112,0.719330898,6.69101534
7800,-4446,7433,12606,10346,10877,9819,0.72,1.16,7780.8495,0.715348855,46.51144617
7800,-4471,7395,12679,10333,10938,9819,0.72,1.16,7856.503,0.71827601,17.2398976
7800,-4455,7272,12508,10118,10782,9819,0.72,1.16,7678.717,0.71217928,78.20719718
7800,-4423,7448,12667,10381,10932,9814,0.72,1.16,7844.242,0.717548664,24.51335529
7800,-4453,7365,12720,10338,10972,9807,0.71,1.16,7898.982,0.719921801,-99.21800948
7800,-4450,7378,12736,10335,10990,9801,0.71,1.16,7915.765,0.720269791,-102.6979072
7800,-4443,7332,12719,10271,10970,9800,0.71,1.16,7897.895,0.719953965,-99.5396536
7800,-4444,7369,12732,10275,10984,9800,0.72,1.16,7911.504,0.72027531,-2.753095412
7800,-4445,7292,12716,10252,10975,9804,0.71,1.16,7895.1125,0.719372437,-93.72437358
7800,-4469,7396,12660,10348,10909,9807,0.71,1.16,7836.2415,0.718328124,-83.28123568
7800,-4442,7484,12476,10410,10757,9810,0.72,1.16,7645.6295,0.710758529,92.4147067
7800,-4457,7398,12751,10357,11001,9810,0.71,1.16,7931.2435,0.720956595,-109.5659486
7800,-4452,7390,12459,10272,10741,9812,0.72,1.16,7627.9335,0.71016977,98.3022996
7800,-4440,7415,12434,10320,10724,9814,0.72,1.16,7602.194,0.708895375,111.0462514
7800,-4450,7346,12642,10301,10900,9816,0.71,1.16,7817.85,0.717233945,-72.33944954
7800,-4443,7354,12774,10310,11019,9816,0.71,1.16,7955.0265,0.721937245,-119.3724476
7800,-4460,7176,12702,10111,10957,9816,0.71,1.16,7880.3295,0.719205029,-92.05028749
7800,-4438,7435,12667,10337,10928,9816,0.72,1.16,7844.068,0.717795388,22.04612006
7800,-4458,7410,12713,10370,10964,9816,0.71,1.16,7891.634,0.719776906,-97.76906239
7800,-4451,7411,12696,10351,10951,9816,0.72,1.16,7874.0685,0.719027349,9.726508995
7800,-4481,7442,12554,10353,10826,9816,0.72,1.16,7726.631,0.713710604,62.89395899
7800,-4452,7427,12518,10335,10792,9814,0.72,1.16,7689.152,0.712486286,75.13713862
7800,-4452,7228,12449,10182,10733,9811,0.71,1.16,7617.5855,0.709734976,2.650237585
7800,-4435,7430,12715,10339,10972,9808,0.72,1.16,7893.982,0.719466096,5.339044841
7800,-4449,7253,12671,10141,10933,9807,0.72,1.16,7848.2855,0.717852877,21.47123388
7800,-4454,7411,12637,10339,10905,9807,0.72,1.16,7813.0675,0.716466529,35.33470885
7800,-4455,7399,12668,10322,10925,9805,0.72,1.16,7844.9375,0.718072082,19.2791762
7800,-4453,7411,12567,10331,10840,9804,0.72,1.16,7740.24,0.71404428,59.55719557
7800,-4442,7423,12741,10365,10995,9802,0.72,1.16,7920.9825,0.72041678,-4.167803547
7800,-4444,7398,12694,10305,10951,9803,0.72,1.16,7872.0685,0.718844717,11.55282623
7800,-4452,7444,12466,10351,10746,9804,0.72,1.16,7635.151,0.710510981,94.8901917
7800,-4461,7352,12776,10333,11018,9807,0.71,1.16,7956.983,0.722180341,-121.8034126
7800,-4451,7275,12730,10150,10981,9810,0.72,1.16,7909.3735,0.720278071,-2.780712139
7800,-4451,7309,12281,10297,10608,9811,0.71,1.16,7444.148,0.701748492,82.51508296
7800,-4443,7430,12558,10329,10828,9811,0.72,1.16,7730.718,0.713956225,60.43775397
7800,-4425,7405,12704,10319,10966,9816,0.72,1.16,7882.721,0.718832847,11.67153018
7800,-4444,7442,12461,10361,10741,9821,0.72,1.16,7629.9335,0.710355972,96.44027558
7800,-4467,7401,12694,10338,10956,9826,0.72,1.16,7872.286,0.71853651,14.63490325
7800,-4450,7430,12490,10343,10769,9826,0.72,1.16,7660.1515,0.711315025,86.84975392
7800,-4441,7442,12501,10357,10775,9824,0.72,1.16,7671.4125,0.711964037,80.35962877
7800,-4433,7406,12710,10342,10971,9820,0.72,1.16,7888.9385,0.719071962,9.280375536
7800,-4466,7324,12727,10280,10984,9815,0.71,1.16,7906.504,0.719820102,-98.20101966
7800,-4457,7226,12464,10055,10750,9813,0.72,1.16,7633.325,0.710076744,99.23255814
7800,-4446,7491,12692,10454,10959,9812,0.72,1.16,7870.4165,0.718169222,18.30778356
7800,-4442,7349,12729,10322,10983,9816,0.71,1.16,7908.4605,0.72006378,-100.6378039
7800,-4477,7442,12674,10372,10938,9822,0.72,1.16,7851.503,0.717818888,21.81111721
7800,-4452,7461,12565,10384,10832,9827,0.72,1.16,7737.892,0.714354874,56.45125554
7800,-4461,7377,12730,10321,10983,9828,0.71,1.16,7909.4605,0.72015483,-101.5483019
7800,-4453,7373,12695,10299,10953,9829,0.72,1.16,7873.1555,0.7188127,11.87300283
7800,-4452,7476,12629,10400,10893,9830,0.72,1.16,7804.5455,0.716473469,35.265308
7800,-4450,7402,12765,10381,11013,9831,0.71,1.16,7945.7655,0.721489649,-114.896486
7800,-4457,7379,12723,10348,10977,9832,0.71,1.16,7902.1995,0.719886991,-98.86990981
7800,-4447,7228,12525,10044,10799,9832,0.72,1.16,7696.4565,0.712700852,72.99148069
7800,-4447,7442,12514,10359,10803,9827,0.72,1.16,7685.6305,0.711434833,85.65167083
7800,-4439,7443,12549,10349,10825,9820,0.72,1.16,7721.5875,0.713310624,66.89376443
7800,-4459,7420,12718,10359,10972,9813,0.72,1.16,7896.982,0.719739519,2.604812249
7800,-4443,7440,12623,10380,10889,9811,0.72,1.16,7798.3715,0.716169667,38.30333364
7800,-4462,7468,12660,10410,10927,9810,0.72,1.16,7837.0245,0.717216482,27.83517891
7800,-4442,7452,12598,10372,10869,9806,0.72,1.16,7772.5015,0.715107324,48.92676419
7800,-4467,7357,12631,10305,10890,9803,0.71,1.16,7806.415,0.716842516,-68.4251607
7800,-4446,7455,12442,10376,10731,9800,0.72,1.16,7610.4985,0.709206831,107.9316932
7800,-4432,7429,12720,10372,10979,9800,0.72,1.16,7899.2865,0.719490527,5.094726296
7800,-4473,7335,12426,10207,10712,9800,0.72,1.16,7593.672,0.708893951,111.0604929
7800,-4432,7433,12604,10347,10884,9799,0.72,1.16,7779.154,0.714733003,52.66997427
7800,-4450,7464,12522,10380,10792,9800,0.72,1.16,7693.152,0.712856931,71.4306894
7800,-4445,7445,12649,10376,10912,9800,0.72,1.16,7825.372,0.717134531,28.65469208
7800,-4451,7327,12722,10234,10976,9800,0.72,1.16,7901.156,0.719857507,1.424927114
7800,-4441,7442,12692,10351,10944,9801,0.72,1.16,7869.764,0.719093933,9.060672515
7800,-4453,7433,12473,10343,10753,9802,0.72,1.16,7642.4555,0.71072775,92.72249605
7800,-4456,7399,12729,10361,10983,9803,0.71,1.16,7908.4605,0.72006378,-100.6378039
7800,-4450,7339,12717,10263,10977,9803,0.72,1.16,7896.1995,0.719340394,6.596064498
7800,-4436,7440,12671,10363,10937,9804,0.72,1.16,7848.4595,0.717606245,23.93755143
7800,-4437,7329,12733,10238,10987,9807,0.72,1.16,7912.6345,0.720181533,-1.815327205
7800,-4446,7222,12400,10181,10701,9810,0.71,1.16,7567.1935,0.707148257,28.51742828
7800,-4443,7394,12635,10303,10901,9811,0.72,1.16,7810.8935,0.716529997,34.70002752
7800,-4437,7391,12722,10335,10976,9811,0.72,1.16,7901.156,0.719857507,1.424927114
7800,-4457,7411,12485,10333,10767,9815,0.72,1.16,7655.0645,0.710974691,90.25308814
7800,-4436,7332,12706,10256,10962,9819,0.71,1.16,7884.547,0.719261722,-92.61722313
7800,-4445,7388,12731,10366,10993,9823,0.71,1.16,7910.8955,0.719630265,-96.30264714
7800,-4455,7417,12646,10335,10906,9823,0.72,1.16,7822.111,0.717230057,27.69943151
7800,-4462,7314,12384,10311,10680,9819,0.71,1.16,7550.28,0.706955056,30.4494382
7800,-4459,7407,12735,10346,10986,9808,0.72,1.16,7914.591,0.720425177,-4.251774986
7800,-4438,7220,12651,10050,10915,9798,0.72,1.16,7827.5025,0.717132616,28.67384333
7800,-4471,7343,12296,10326,10612,9792,0.71,1.16,7459.322,0.702913871,70.86128911
7800,-4463,7271,12721,10199,10971,9792,0.71,1.16,7899.9385,0.720074606,-100.7460578
7800,-4449,7435,12721,10363,10980,9793,0.72,1.16,7900.33,0.719520036,4.799635701
7800,-4456,7352,12736,10315,10985,9793,0.71,1.16,7915.5475,0.720577833,-105.7783341
7800,-4442,7413,12689,10360,10951,9793,0.72,1.16,7867.0685,0.718388138,16.1186193
7800,-4452,7410,12734,10349,10985,9793,0.72,1.16,7913.5475,0.720395767,-3.957669549
7800,-4445,7408,12510,10304,10782,9795,0.72,1.16,7680.717,0.712364775,76.35225376
7800,-4457,7329,12749,10307,11002,9803,0.71,1.16,7929.287,0.720713234,-107.1323396
7800,-4448,7454,12640,10379,10905,9812,0.72,1.16,7816.0675,0.716741632,32.58367721
7800,-4440,7276,12687,10123,10948,9819,0.72,1.16,7864.938,0.718390391,16.09609061
7800,-4457,7298,12266,10279,10586,9818,0.71,1.16,7428.191,0.701699509,83.00491215
7800,-4445,7444,12686,10358,10944,9817,0.72,1.16,7863.764,0.718545687,14.54312865
7800,-4422,7414,12674,10336,10943,9814,0.72,1.16,7851.7205,0.717510783,24.89216851
7800,-4448,7336,12722,10312,10980,9811,0.71,1.16,7901.33,0.719611111,-96.11111111
7800,-4461,7398,12530,10291,10806,9810,0.72,1.16,7701.761,0.712730057,72.69942624
7800,-4448,7277,12683,10187,10949,9811,0.71,1.16,7860.9815,0.717963421,-79.63421317
7800,-4443,7460,12556,10376,10829,9819,0.72,1.16,7728.7615,0.713709622,62.9037769
7800,-4460,7389,12703,10356,10964,9827,0.71,1.16,7881.634,0.71886483,-88.64830354
7800,-4470,7385,12747,10359,10995,9833,0.71,1.16,7926.9825,0.720962483,-109.6248295
7800,-4466,7207,12728,10077,10978,9834,0.72,1.16,7907.243,0.720280834,-2.808343961
7800,-4447,7421,12368,10334,10662,9833,0.72,1.16,7533.497,0.70657447,134.2552992
7800,-4451,7455,12603,10377,10869,9832,0.72,1.16,7777.5015,0.715567348,44.32652498
7800,-4478,7366,12655,10336,10920,9830,0.71,1.16,7831.72,0.717190476,-71.9047619
7800,-4469,7426,12687,10374,10946,9829,0.72,1.16,7864.851,0.718513704,14.86296364
7800,-4467,7399,12633,10336,10901,9829,0.72,1.16,7808.8935,0.716346528,36.53472159
7800,-4450,7475,12473,10402,10760,9825,0.72,1.16,7642.76,0.71029368,97.06319703
7800,-4452,7468,12567,10393,10836,9821,0.72,1.16,7740.066,0.714291805,57.08194906
7800,-4457,7293,12443,10287,10726,9816,0.71,1.16,7611.281,0.709610386,3.89614022
7800,-4464,7419,12711,10389,10966,9816,0.71,1.16,7889.721,0.719471184,-94.71183659
7800,-4487,7291,12687,10234,10948,9818,0.71,1.16,7864.938,0.718390391,-83.90390939
7800,-4437,7453,12478,10374,10771,9823,0.72,1.16,7648.2385,0.71007692,99.23080494
7800,-4457,7410,12635,10334,10891,9828,0.72,1.16,7810.4585,0.717147966,28.52033789
7800,-4463,7404,12629,10326,10897,9830,0.72,1.16,7804.7195,0.716226438,37.73561531
7800,-4445,7375,12723,10328,10972,9830,0.71,1.16,7901.982,0.720195224,-101.9522421
7800,-4453,7402,12704,10366,10962,9824,0.71,1.16,7882.547,0.719079274,-90.79273855
7800,-4441,7442,12727,10389,10989,9818,0.72,1.16,7906.7215,0.719512376,4.876239876
7800,-4442,7414,12689,10327,10944,9811,0.72,1.16,7866.764,0.71881981,11.80190058
7800,-4450,7409,12694,10358,10955,9810,0.72,1.16,7872.2425,0.718598129,14.01871292
7800,-4451,7424,12648,10370,10911,9812,0.72,1.16,7824.3285,0.717104619,28.95380808
7800,-4435,7343,12679,10257,10936,9815,0.72,1.16,7856.416,0.718399415,16.00585223
7800,-4428,7427,12644,10342,10913,9817,0.72,1.16,7820.4155,0.716614634,33.85366077
7800,-4459,7446,12623,10377,10890,9819,0.72,1.16,7798.415,0.716107897,38.92102847
7800,-4464,7380,12716,10313,10976,9819,0.72,1.16,7895.156,0.71931086,6.891399417
7800,-4436,7401,12718,10347,10972,9818,0.72,1.16,7896.982,0.719739519,2.604812249
7800,-4457,7422,12746,10356,10999,9817,0.72,1.16,7926.1565,0.720625193,-6.251931994
7800,-4438,7360,12733,10318,10994,9816,0.71,1.16,7912.939,0.719750682,-97.5068219
7800,-4441,7427,12616,10333,10881,9816,0.72,1.16,7791.0235,0.716020908,39.79091995
7800,-4455,7415,12749,10359,10999,9814,0.72,1.16,7929.1565,0.720897945,-8.979452678
7800,-4458,7397,12684,10312,10947,9808,0.72,1.16,7861.8945,0.718177994,18.22006029
7800,-4448,7373,12695,10274,10958,9802,0.72,1.16,7873.373,0.718504563,14.95437124
7800,-4443,7443,12456,10367,10744,9797,0.72,1.16,7625.064,0.709704393,102.9560685
7801,-4450,7378,12517,10302,10792,9797,0.72,1.16,7688.152,0.712393625,76.06375093
7800,-4443,7377,12695,10334,10953,9799,0.71,1.16,7873.1555,0.7188127,-88.12699717
7800,-4451,7325,12681,10266,10941,9804,0.71,1.16,7858.6335,0.718273787,-82.73786674
7800,-4445,7389,12671,10327,10930,9808,0.72,1.16,7848.155,0.718037969,19.62031107
7800,-4460,7448,12662,10362,10931,9810,0.72,1.16,7839.1985,0.717152914,28.47086268
7800,-4471,7421,12745,10344,10989,9810,0.72,1.16,7924.7215,0.721150378,-11.5037765
7800,-4456,7446,12672,10363,10938,9812,0.72,1.16,7849.503,0.717636039,23.63960505
7800,-4474,7355,12759,10303,11004,9813,0.71,1.16,7939.374,0.721498909,-114.9890949
7800,-4439,7258,12657,10094,10922,9814,0.72,1.16,7833.807,0.717250229,27.49771104
7800,-4451,7393,11982,10310,10340,9814,0.72,1.16,7133.49,0.68989265,301.073501
7800,-4446,7388,12642,10341,10903,9812,0.71,1.16,7817.9805,0.717048565,-70.48564615
7800,-4440,7445,12714,10378,10968,9808,0.72,1.16,7892.808,0.719621444,3.785557987
7800,-4453,7398,12651,10347,10910,9805,0.71,1.16,7827.285,0.717441338,-74.41338222
7800,-4450,7440,12709,10363,10962,9803,0.72,1.16,7887.547,0.719535395,4.646049991
7800,-4450,7439,12609,10359,10880,9803,0.72,1.16,7783.98,0.715439338,45.60661765
7800,-4460,7452,12647,10391,10909,9803,0.72,1.16,7823.2415,0.717136447,28.6355303
7800,-4444,7462,12472,10390,10752,9802,0.72,1.16,7641.412,0.710696801,93.03199405
7800,-4454,7435,12613,10388,10885,9802,0.72,1.16,7788.1975,0.715498163,45.01837391
7800,-4459,7295,12623,10154,10901,9802,0.72,1.16,7798.8935,0.715429181,45.70819191
7800,-4431,7428,12624,10343,10897,9804,0.72,1.16,7799.7195,0.715767597,42.32403414
7800,-4465,7413,12757,10384,11003,9809,0.71,1.16,7937.3305,0.72137876,-113.7876034
7800,-4452,7477,12609,10396,10891,9814,0.72,1.16,7784.4585,0.714760674,52.39326049
7800,-4443,7383,12719,10354,10977,9818,0.71,1.16,7898.1995,0.719522593,-95.22592694
7800,-4463,7339,12636,10244,10909,9818,0.72,1.16,7812.2415,0.716128105,38.71894766
7800,-4442,7376,12673,10310,10937,9816,0.72,1.16,7850.4595,0.71778911,22.10889641
7800,-4466,7456,12480,10374,10752,9813,0.72,1.16,7649.412,0.711440848,85.59151786
7800,-4451,7373,12753,10317,11003,9809,0.71,1.16,7933.3305,0.721015223,-110.1522312
7800,-4445,7455,12535,10375,10805,9809,0.72,1.16,7706.7175,0.713254743,67.45256826
7800,-4431,7276,12547,10114,10821,9810,0.72,1.16,7719.4135,0.713373394,66.26605674
7800,-4448,7461,12622,10390,10893,9815,0.72,1.16,7797.5455,0.715830855,41.69145323
7800,-4461,7254,12427,10230,10716,9819,0.71,1.16,7594.846,0.708738895,12.6110489
7800,-4422,7408,12683,10337,10948,9821,0.72,1.16,7860.938,0.718025027,19.74972598
7800,-4458,7428,12542,10340,10807,9821,0.72,1.16,7713.8045,0.713778523,62.21476821
7800,-4438,7416,12649,10347,10920,9820,0.72,1.16,7825.72,0.716641026,33.58974359
7800,-4456,7294,12741,10232,11000,9819,0.71,1.16,7921.2,0.720109091,-101.0909091
7800,-4451,7440,12547,10348,10818,9818,0.72,1.16,7719.283,0.713559161,64.40839342
7800,-4465,7323,12783,10306,11029,9818,0.71,1.16,7964.4615,0.722138136,-121.3813582
7800,-4472,7447,12491,10366,10767,9817,0.72,1.16,7661.0645,0.711531949,84.68050525
7800,-4455,7365,12594,10257,10870,9813,0.72,1.16,7768.545,0.714677553,53.22447102
7800,-4449,7314,12272,10285,10582,9810,0.71,1.16,7434.017,0.702515309,74.84690985
7800,-4455,7330,12636,10245,10901,9807,0.72,1.16,7811.8935,0.716621732,33.78268049
7800,-4471,7445,12379,10360,10679,9808,0.72,1.16,7545.2365,0.706548975,134.5102538
7800,-4459,7412,12622,10354,10885,9810,0.72,1.16,7797.1975,0.716324989,36.75011484
7800,-4449,7424,12696,10378,10955,9813,0.72,1.16,7874.2425,0.718780694,12.19306253
7800,-4452,7458,12549,10381,10824,9815,0.72,1.16,7721.544,0.713372506,66.27494457
7800,-4442,7433,12568,10360,10834,9816,0.72,1.16,7740.979,0.714507938,54.92062027
7800,-4447,7450,12651,10391,10917,9816,0.72,1.16,7827.5895,0.717009206,29.90794174
7800,-4463,7424,12663,10363,10925,9816,0.72,1.16,7839.9375,0.717614416,23.85583524
7800,-4452,7409,12556,10301,10831,9816,0.72,1.16,7728.8485,0.713585865,64.14135352
7800,-4447,7358,12229,10348,10552,9816,0.71,1.16,7389.712,0.700313874,96.86125853
7800,-4455,7305,12727,10237,10980,9816,0.71,1.16,7906.33,0.720066485,-100.6648452
7800,-4434,7369,12717,10307,10974,9814,0.71,1.16,7896.069,0.71952515,-95.25150355
7801,-4432,7388,12721,10342,10979,9811,0.71,1.16,7900.2865,0.71958161,-95.81610347
7800,-4437,7385,12707,10314,10962,9809,0.72,1.16,7885.547,0.719352947,6.470534574
7800,-4458,7391,12731,10333,10985,9807,0.72,1.16,7910.5475,0.720122667,-1.226672736
7800,-4441,7396,12721,10344,10978,9807,0.72,1.16,7900.243,0.719643195,3.568045181
7800,-4443,7382,12667,10306,10932,9816,0.72,1.16,7844.242,0.717548664,24.51335529
7800,-4444,7352,12617,10294,10883,9824,0.71,1.16,7792.1105,0.715989203,-59.89203345
7800,-4446,7306,12568,10154,10849,9833,0.72,1.16,7741.6315,0.713580192,64.19808277
7800,-4446,7434,12056,10361,10396,9834,0.72,1.16,7209.926,0.693528857,264.7114275
7800,-4447,7469,12656,10397,10914,9831,0.72,1.16,7832.459,0.717652465,23.47535276
7800,-4456,7429,12593,10341,10869,9824,0.72,1.16,7767.5015,0.7146473,53.5270034
7800,-4450,7410,12711,10353,10965,9816,0.72,1.16,7889.6775,0.719532832,4.671682627
7800,-4448,7454,12667,10359,10930,9811,0.72,1.16,7844.155,0.717672004,23.2799634
7800,-4441,7320,12756,10290,11013,9811,0.71,1.16,7936.7655,0.720672433,-106.7243258
7800,-4458,7426,12747,10371,10994,9806,0.72,1.16,7926.939,0.721024104,-10.24104057
7800,-4474,7434,12514,10348,10794,9800,0.72,1.16,7685.239,0.711991755,80.08245321
7800,-4457,7419,12593,10344,10865,9794,0.72,1.16,7767.3275,0.714894386,51.05614358
7800,-4421,7203,12665,10097,10928,9793,0.71,1.16,7842.068,0.717612372,-76.12371889
7800,-4428,7431,12553,10346,10835,9794,0.72,1.16,7726.0225,0.713061606,69.38394093
7800,-4451,7410,12626,10341,10888,9797,0.72,1.16,7801.328,0.71650698,34.93019838
7800,-4437,7353,12702,10277,10961,9800,0.72,1.16,7880.5035,0.718958444,10.41556427
7800,-4450,7475,12556,10414,10828,9802,0.72,1.16,7728.718,0.713771518,62.28481714
7800,-4469,7400,12663,10353,10930,9802,0.71,1.16,7840.155,0.717306038,-73.06038426
7800,-4455,7371,12640,10311,10908,9801,0.71,1.16,7816.198,0.716556472,-65.56472314
7800,-4454,7387,12720,10363,10971,9800,0.71,1.16,7898.9385,0.719983456,-99.83456385
7800,-4467,7306,12430,10302,10717,9800,0.71,1.16,7597.8895,0.708956751,10.43249044
7800,-4472,7393,12685,10328,10951,9800,0.72,1.16,7863.0685,0.718022875,19.77125377
7800,-4460,7245,12749,10151,10999,9802,0.71,1.16,7929.1565,0.720897945,-108.9794527
7800,-4454,7383,12715,10341,10970,9809,0.71,1.16,7893.895,0.719589335,-95.89334549
7800,-4428,7409,12542,10302,10813,9816,0.72,1.16,7714.0655,0.713406594,65.93406085
7800,-4433,7329,12717,10295,10973,9822,0.71,1.16,7896.0255,0.719586758,-95.86758407
7800,-4452,7432,12691,10364,10942,9822,0.72,1.16,7868.677,0.719126028,8.739718516
7800,-4446,7389,12693,10326,10955,9821,0.72,1.16,7871.2425,0.718506846,14.93153811
7800,-4433,7433,12492,10344,10772,9819,0.72,1.16,7662.282,0.711314705,86.8529521
7800,-4447,7408,12635,10331,10898,9817,0.72,1.16,7810.763,0.716715269,32.84731143
7800,-4474,7398,12760,10373,11014,9816,0.71,1.16,7940.809,0.720974124,-109.7412384
7800,-4464,7386,12669,10335,10932,9815,0.71,1.16,7846.242,0.717731614,-77.31613611
7800,-4447,7305,12663,10178,10924,9807,0.72,1.16,7839.894,0.717676126,23.23874039
7800,-4472,7323,12379,10321,10675,9798,0.71,1.16,7545.0625,0.706797424,32.02576112
7800,-4437,7427,12652,10378,10914,9790,0.72,1.16,7828.459,0.717285963,27.14037017
7800,-4440,7387,12589,10283,10868,9789,0.72,1.16,7763.458,0.714341001,56.58998896
7800,-4460,7367,12750,10322,10999,9791,0.71,1.16,7930.1565,0.720988863,-109.8886262
7800,-4448,7378,12604,10294,10873,9793,0.72,1.16,7778.6755,0.715412076,45.87924216
7800,-4432,7403,12659,10319,10926,9796,0.72,1.16,7835.981,0.717186619,28.13380926
7800,-4451,7413,12663,10343,10916,9797,0.72,1.16,7839.546,0.718170209,18.29791132
7800,-4442,7477,12582,10420,10854,9798,0.72,1.16,7755.849,0.71456136,54.38640133
7800,-4452,7376,12708,10332,10962,9806,0.71,1.16,7886.547,0.719444171,-94.44170772
7800,-4446,7384,12642,10263,10908,9814,0.72,1.16,7818.198,0.716739824,32.60176018
7800,-4439,7333,12462,10334,10759,9822,0.71,1.16,7631.7165,0.709333256,6.667441212
7800,-4439,7464,12502,10379,10781,9822,0.72,1.16,7672.6735,0.71168477,83.15230498
7800,-4450,7368,12743,10336,10995,9821,0.71,1.16,7922.9825,0.720598681,-105.9868122
7800,-4453,7398,12722,10353,10974,9820,0.71,1.16,7901.069,0.719980773,-99.80772736
7800,-4443,7414,12614,10308,10879,9819,0.72,1.16,7788.9365,0.715960704,40.39295891
7800,-4462,7383,12717,10321,10977,9819,0.72,1.16,7896.1995,0.719340394,6.596064498
7800,-4427,7407,12529,10305,10796,9818,0.72,1.16,7700.326,0.713257318,67.42682475
7800,-4441,7367,12677,10298,10944,9815,0.72,1.16,7854.764,0.717723319,22.76681287
7800,-4443,7462,12681,10406,10941,9810,0.72,1.16,7858.6335,0.718273787,17.26213326
7800,-4439,7309,12699,10221,10955,9806,0.72,1.16,7877.2425,0.719054541,9.454586947
7800,-4461,7286,12100,10281,10435,9805,0.71,1.16,7255.6225,0.695316004,146.8399617
7800,-4437,7393,12730,10331,10987,9805,0.72,1.16,7909.6345,0.719908483,0.915172477
7800,-4451,7393,12707,10321,10964,9807,0.72,1.16,7885.634,0.719229661,7.703392922
7800,-4453,7390,12559,10322,10831,9808,0.72,1.16,7731.8485,0.713862847,61.37152617
7800,-4452,7379,12744,10348,10995,9810,0.71,1.16,7923.9825,0.720689632,-106.8963165
7800,-4459,7413,12449,10320,10736,9811,0.72,1.16,7617.716,0.709548808,104.5119225
7800,-4459,7352,12787,10334,11028,9809,0.71,1.16,7968.418,0.722562387,-125.6238665
7800,-4449,7327,12733,10298,10994,9807,0.71,1.16,7912.939,0.719750682,-97.5068219
7800,-4445,7355,12741,10329,10988,9804,0.71,1.16,7920.678,0.720848016,-108.4801602
7800,-4469,7203,12484,10013,10768,9804,0.72,1.16,7654.108,0.710819837,91.80163447
7800,-4438,7441,12458,10358,10747,9805,0.72,1.16,7627.1945,0.709704522,102.9547781
7800,-4458,7410,12706,10359,10959,9810,0.72,1.16,7884.4165,0.71944671,5.532895337
7800,-4445,7422,12731,10347,10991,9815,0.72,1.16,7910.8085,0.719753298,2.46701847
7800,-4440,7434,12563,10351,10832,9819,0.72,1.16,7735.892,0.714170236,58.29763663
7800,-4454,7464,12602,10374,10873,9818,0.72,1.16,7776.6755,0.715228134,47.7186609
7800,-4448,7401,12549,10337,10824,9818,0.72,1.16,7721.544,0.713372506,66.27494457
7800,-4445,7443,12570,10354,10839,9817,0.72,1.16,7743.1965,0.714382923,56.17077221
7800,-4444,7482,12458,10409,10744,9816,0.72,1.16,7627.064,0.709890544,101.0945644
7800,-4444,7410,12789,10345,11030,9815,0.72,1.16,7970.505,0.72262058,-26.20580236
7800,-4431,7359,12617,10246,10883,9815,0.72,1.16,7792.1105,0.715989203,40.10796655
7800,-4442,7438,12491,10351,10774,9816,0.72,1.16,7661.369,0.711097921,89.02079079
7800,-4449,7348,12768,10316,11014,9818,0.71,1.16,7948.809,0.721700472,-117.0047213
7800,-4447,7349,12727,10301,10980,9820,0.71,1.16,7906.33,0.720066485,-100.6648452
7800,-4434,7382,12696,10324,10957,9821,0.72,1.16,7874.3295,0.718657434,13.42566396
7800,-4434,7404,12695,10332,10956,9819,0.72,1.16,7873.286,0.718627784,13.72216137
7800,-4453,7467,12517,10387,10792,9815,0.72,1.16,7688.152,0.712393625,76.06375093
7800,-4442,7461,12700,10385,10955,9811,0.72,1.16,7878.2425,0.719145824,8.541761753
7800,-4455,7344,12702,10292,10962,9809,0.71,1.16,7880.547,0.718896825,-88.96825397
7800,-4458,7350,12730,10330,10979,9808,0.71,1.16,7909.2865,0.720401357,-104.0135714
7800,-4462,7267,12775,10182,11024,9809,0.71,1.16,7956.244,0.721720247,-117.2024673
7800,-4443,7406,12709,10367,10963,9809,0.71,1.16,7887.5905,0.71947373,-94.73729818
7800,-4449,7312,12728,10228,10980,9809,0.71,1.16,7907.33,0.720157559,-101.575592
7800,-4431,7367,12660,10289,10928,9808,0.72,1.16,7837.068,0.717154832,28.45168375
7800,-4457,7361,12669,10328,10928,9808,0.71,1.16,7846.068,0.717978404,-79.784041
7800,-4466,7390,12664,10339,10925,9809,0.71,1.16,7840.9375,0.71770595,-77.05949657
7800,-4451,7297,12419,10161,10708,9809,0.72,1.16,7586.498,0.708488793,115.1120657
7800,-4443,7432,12723,10373,10981,9810,0.72,1.16,7902.3735,0.719640607,3.593934979
7800,-4461,7359,12757,10337,11008,9810,0.71,1.16,7937.548,0.721070858,-110.7085756
7800,-4464,7394,12510,10289,10787,9808,0.72,1.16,7680.9345,0.712054742,79.45258181
7800,-4452,7195,12738,10114,10992,9805,0.71,1.16,7917.852,0.720328603,-103.2860262
7800,-4449,7447,11928,10391,10291,9803,0.72,1.16,7077.3585,0.687723108,322.7689243
7800,-4450,7365,12728,10287,10974,9803,0.72,1.16,7907.069,0.72052752,-5.275195918
7800,-4446,7452,12530,10370,10810,9804,0.72,1.16,7701.935,0.712482424,75.17576318
7800,-4452,7457,12491,10383,10770,9810,0.72,1.16,7661.195,0.711345868,86.54131848
7800,-4449,7417,12735,10374,10986,9815,0.71,1.16,7914.591,0.720425177,-104.251775
7800,-4457,7265,12600,10140,10874,9819,0.72,1.16,7774.719,0.714982435,50.17564834
7800,-4482,7438,12550,10373,10815,9819,0.72,1.16,7722.1525,0.714022423,59.77577439
7800,-4442,7453,12521,10368,10798,9813,0.72,1.16,7692.413,0.712392387,76.07612521
7800,-4453,7388,12709,10336,10962,9805,0.71,1.16,7887.547,0.719535395,-95.35395001
7800,-4450,7293,12568,10138,10843,9797,0.72,1.16,7741.3705,0.713950982,60.490178
7800,-4450,7341,12281,10347,10611,9795,0.71,1.16,7444.2785,0.701562388,84.37611912
7800,-4473,7321,12416,10322,10704,9797,0.71,1.16,7583.324,0.708457025,15.42974589
7800,-4438,7320,12754,10290,11005,9805,0.71,1.16,7934.4175,0.720982962,-109.8296229
7800,-4443,7422,12724,10349,10980,9814,0.72,1.16,7903.33,0.71979326,2.067395264
7800,-4459,7405,12581,10329,10855,9820,0.72,1.16,7754.8925,0.714407416,55.92584063
7800,-4443,7386,12654,10322,10919,9820,0.72,1.16,7830.6765,0.717160592,28.39408371
7800,-4456,7466,12489,10386,10764,9819,0.72,1.16,7658.934,0.71153233,84.67670011
7800,-4449,7398,12745,10331,10997,9816,0.72,1.16,7925.0695,0.720657407,-6.574065654
7800,-4485,7335,12711,10305,10965,9814,0.71,1.16,7889.6775,0.719532832,-95.32831737
7800,-4454,7179,12476,9977,10759,9813,0.72,1.16,7645.7165,0.710634492,93.65507947
7800,-4452,7426,12417,10335,10710,9813,0.72,1.16,7584.585,0.708177871,118.2212885
7800,-4446,7425,12473,10335,10749,9806,0.72,1.16,7642.2815,0.710976044,90.23955717
7800,-4453,7365,12717,10318,10970,9798,0.71,1.16,7895.895,0.71977165,-97.71649954
7800,-4437,7353,12711,10318,10965,9791,0.71,1.16,7889.6775,0.719532832,-95.32831737
7800,-4464,7397,12742,10344,10995,9790,0.72,1.16,7921.9825,0.720507731,-5.077307867
7800,-4444,7398,12738,10324,10988,9791,0.72,1.16,7917.678,0.720574991,-5.749908992
7800,-4462,7407,12657,10329,10915,9793,0.72,1.16,7833.5025,0.717682318,23.17682089
7800,-4432,7397,12702,10329,10965,9794,0.72,1.16,7880.6775,0.718712038,12.87961696
7800,-4448,7368,12745,10327,10996,9795,0.71,1.16,7925.026,0.720718989,-107.1898872
7800,-4484,7302,12720,10211,10974,9795,0.72,1.16,7899.069,0.719798524,2.014762165
7800,-4450,7335,12612,10226,10882,9800,0.72,1.16,7787.067,0.715591527,44.08472707
7800,-4444,7365,12763,10336,11005,9805,0.71,1.16,7943.4175,0.721800772,-118.0077238
7800,-4491,7405,12681,10351,10943,9810,0.72,1.16,7858.7205,0.718150461,18.49538518
7800,-4439,7434,12754,10393,11001,9810,0.72,1.16,7934.2435,0.721229297,-12.29297337
7800,-4444,7337,12716,10283,10974,9809,0.71,1.16,7895.069,0.719434026,-94.34025879
7800,-4476,7331,12429,10336,10718,9806,0.71,1.16,7596.933,0.708801362,11.98637806
7800,-4456,7451,12644,10399,10907,9804,0.72,1.16,7820.1545,0.716984918,30.15082057
7800,-4466,7354,12763,10350,11014,9803,0.71,1.16,7943.809,0.721246504,-112.4650445
7800,-4477,7369,12820,10358,11058,9803,0.71,1.16,8002.723,0.723704377,-137.0437692
7800,-4461,7308,12699,10184,10960,9787,0.72,1.16,7877.46,0.71874635,12.53649635
7800,-4454,7390,12698,10336,10961,9767,0.71,1.16,7876.5035,0.718593513,-85.93513366
7800,-4455,7382,12731,10334,10981,9747,0.71,1.16,7910.3735,0.720369138,-103.691376
7800,-4461,7415,12720,10358,10977,9743,0.72,1.16,7899.1995,0.719613692,3.863077344
7800,-4454,7371,12721,10352,10977,9747,0.71,1.16,7900.1995,0.719704792,-97.04791837
7800,-4475,7378,12720,10318,10975,9768,0.72,1.16,7899.1125,0.719736902,2.630979499
7800,-4438,7427,12562,10335,10831,9789,0.72,1.16,7734.8485,0.71413983,58.60169883
7800,-4446,7445,12489,10359,10767,9806,0.72,1.16,7659.0645,0.711346197,86.53803288
7800,-4450,7406,12668,10370,10936,9805,0.71,1.16,7845.416,0.717393563,-73.93562546
7800,-4454,7427,12684,10357,10944,9806,0.72,1.16,7861.764,0.718362939,16.37061404
7800,-4443,7279,12674,10172,10937,9806,0.72,1.16,7851.4595,0.717880543,21.19456889
7800,-4440,7446,12494,10357,10783,9807,0.72,1.16,7664.7605,0.710818928,91.81072058
7800,-4443,7426,12691,10375,10947,9807,0.72,1.16,7868.8945,0.718817439,11.82561432
7800,-4441,7390,12686,10324,10949,9808,0.72,1.16,7863.9815,0.718237419,17.62581058
7800,-4459,7381,12724,10370,10974,9813,0.71,1.16,7903.069,0.720163022,-101.6302169
7800,-4442,7407,12753,10361,11004,9817,0.71,1.16,7933.374,0.720953653,-109.5365322
7800,-4450,7420,12615,10325,10883,9821,0.72,1.16,7790.1105,0.71580543,41.94569512
7800,-4451,7419,12582,10315,10851,9821,0.72,1.16,7755.7185,0.71474689,52.53110312
7800,-4430,7423,12642,10346,10907,9817,0.72,1.16,7818.1545,0.716801549,31.98450536
7800,-4466,7384,12747,10360,10995,9809,0.71,1.16,7926.9825,0.720962483,-109.6248295
7800,-4464,7195,12770,10033,11022,9801,0.72,1.16,7951.157,0.721389675,-13.89675195
7800,-4441,7420,12328,10330,10647,9798,0.72,1.16,7492.8445,0.703751714,162.482859
7800,-4461,7352,12746,10348,10997,9798,0.71,1.16,7926.0695,0.72074834,-107.4834046
7800,-4455,7346,12738,10306,10992,9800,0.71,1.16,7917.852,0.720328603,-103.2860262
7800,-4449,7398,12734,10375,10986,9802,0.71,1.16,7913.591,0.720334153,-103.3415256
7800,-4462,7417,12700,10347,10955,9803,0.72,1.16,7878.2425,0.719145824,8.541761753
7800,-4429,7447,12499,10356,10781,9803,0.72,1.16,7669.6735,0.711406502,85.9349782
7800,-4440,7455,12489,10373,10764,9803,0.72,1.16,7658.934,0.71153233,84.67670011
7800,-4448,7451,12455,10363,10742,9806,0.72,1.16,7623.977,0.709735338,102.6466207
7800,-4453,7429,12747,10374,10999,9808,0.72,1.16,7927.1565,0.720716111,-7.161105555
7800,-4438,7248,12715,10130,10974,9810,0.72,1.16,7894.069,0.719342901,6.570985967
7800,-4433,7431,12542,10334,10825,9810,0.72,1.16,7714.5875,0.712663972,73.36027714
7800,-4445,7350,12712,10278,10963,9808,0.72,1.16,7890.5905,0.719747378,2.526224574
7800,-4436,7382,12752,10350,11006,9806,0.71,1.16,7932.461,0.720739687,-107.3968744
7800,-4472,7418,12629,10364,10887,9805,0.72,1.16,7804.2845,0.716844356,31.55644346
7800,-4466,7466,12470,10379,10755,9805,0.72,1.16,7639.5425,0.710324733,96.75267318
7800,-4449,7419,12711,10328,10968,9808,0.72,1.16,7889.808,0.719347921,6.520787746
7800,-4452,7403,12669,10351,10923,9813,0.72,1.16,7845.8505,0.718287146,17.12853612
7800,-4441,7376,12644,10317,10912,9818,0.71,1.16,7820.372,0.71667632,-66.76319648
7800,-4452,7423,12627,10363,10891,9821,0.72,1.16,7802.4585,0.716413415,35.86585254
7800,-4452,7281,12516,10116,10795,9821,0.72,1.16,7687.2825,0.7121151,78.84900417
7800,-4441,7464,12600,10391,10874,9819,0.72,1.16,7774.719,0.714982435,50.17564834
7800,-4462,7466,12483,10389,10765,9816,0.72,1.16,7652.9775,0.710912912,90.87087784
7800,-4451,7374,12656,10312,10925,9814,0.72,1.16,7832.9375,0.716973684,30.26315789
7800,-4431,7340,12716,10275,10967,9813,0.71,1.16,7894.7645,0.71986546,-98.65460016
7800,-4436,7351,12706,10264,10960,9812,0.72,1.16,7884.46,0.719385036,6.149635036
7800,-4432,7409,12728,10345,10991,9808,0.72,1.16,7907.8085,0.719480348,5.196524429
7800,-4451,7465,12624,10387,10887,9803,0.72,1.16,7799.2845,0.716385092,36.14907688
7800,-4457,7444,12576,10372,10846,9799,0.72,1.16,7749.501,0.714503135,54.96865204
7800,-4456,7485,12506,10415,10782,9799,0.72,1.16,7676.717,0.711993786,80.0621406
7800,-4451,7413,12518,10305,10796,9802,0.72,1.16,7689.326,0.712238422,77.61578362
7800,-4427,7421,12551,10322,10827,9807,0.72,1.16,7723.6745,0.713371617,66.28382747
7800,-4449,7322,12817,10286,11053,9813,0.71,1.16,7999.5055,0.723740659,-137.4065864
7800,-4436,7378,12691,10298,10951,9815,0.72,1.16,7869.0685,0.71857077,14.29230207
7800,-4435,7425,12569,10348,10836,9815,0.72,1.16,7742.066,0.714476375,55.23624954
7800,-4463,7389,12672,10327,10925,9812,0.72,1.16,7848.9375,0.718438215,15.61784897
7800,-4457,7448,12467,10361,10749,9809,0.72,1.16,7636.2815,0.710417853,95.82147176
7800,-4454,7419,12702,10364,10956,9806,0.72,1.16,7880.286,0.719266703,7.332968237
7800,-4444,7430,12622,10352,10882,9806,0.72,1.16,7797.067,0.716510476,34.89523985
7800,-4472,7373,12616,10303,10881,9806,0.72,1.16,7791.0235,0.716020908,39.79091995
7800,-4452,7376,12576,10255,10841,9807,0.72,1.16,7749.2835,0.71481261,51.87390462
7800,-4433,7458,12415,10385,10705,9808,0.72,1.16,7582.3675,0.708301495,116.9850537
7800,-4455,7306,12684,10211,10939,9808,0.72,1.16,7861.5465,0.718671405,13.28594936
7800,-4431,7395,12703,10347,10957,9808,0.71,1.16,7881.3295,0.719296295,-92.96294606
7800,-4454,7462,12478,10384,10753,9809,0.72,1.16,7647.4555,0.711192737,88.07263089
7800,-4456,7416,12679,10346,10940,9809,0.72,1.16,7856.59,0.718152651,18.47349177
7800,-4440,7385,12720,10346,10980,9810,0.71,1.16,7899.33,0.719428962,-94.28961749
7800,-4439,7425,12708,10356,10964,9810,0.72,1.16,7886.634,0.719320868,6.791317038
7800,-4465,7466,12419,10392,10712,9812,0.72,1.16,7586.672,0.708240478,117.5952203
7800,-4457,7350,12709,10322,10963,9816,0.71,1.16,7887.5905,0.71947373,-94.73729818
7800,-4466,7347,12687,10232,10945,9820,0.72,1.16,7864.8075,0.718575377,14.24623116
7800,-4453,7335,12286,10330,10612,9823,0.71,1.16,7449.322,0.701971542,80.28458349
7800,-4437,7421,12675,10338,10937,9824,0.72,1.16,7852.4595,0.717971976,20.28024138
7800,-4456,7388,12575,10324,10842,9820,0.72,1.16,7748.327,0.714658458,53.41542151
7800,-4458,7419,12737,10386,10992,9815,0.71,1.16,7916.852,0.720237627,-102.3762737
7800,-4455,7361,12732,10305,10978,9810,0.71,1.16,7911.243,0.720645199,-106.4519949
7800,-4477,7316,12413,10306,10706,9809,0.71,1.16,7580.411,0.708052587,19.47412666
7800,-4440,7431,12534,10337,10808,9809,0.72,1.16,7705.848,0.712976314,70.23686158
7800,-4455,7401,12704,10337,10966,9809,0.72,1.16,7882.721,0.718832847,11.67153018
7800,-4450,7480,12526,10414,10796,9808,0.72,1.16,7697.326,0.712979437,70.20563172
7800,-4462,7289,12574,10138,10844,9808,0.72,1.16,7747.414,0.714442457,55.57543342
7800,-4459,7311,12400,10316,10696,9808,0.71,1.16,7566.976,0.707458489,25.41510845
7800,-4465,7370,12663,10318,10919,9812,0.71,1.16,7839.6765,0.717984843,-79.84842934
7800,-4434,7369,12725,10323,10983,9817,0.71,1.16,7904.4605,0.719699581,-96.99581171
7800,-4466,7320,12723,10285,10975,9822,0.71,1.16,7902.1125,0.720010251,-100.1025057
7800,-4451,7325,12657,10204,10919,9823,0.72,1.16,7833.6765,0.717435342,25.64657936
7800,-4432,7429,12614,10376,10882,9822,0.72,1.16,7789.067,0.715775317,42.24682963
7800,-4454,7442,12697,10372,10949,9818,0.72,1.16,7874.9815,0.719242077,7.57923098
7800,-4453,7420,12621,10342,10888,9814,0.72,1.16,7796.328,0.716047759,39.52240999
7800,-4460,7459,12711,10398,10966,9811,0.72,1.16,7889.721,0.719471184,5.288163414
7800,-4454,7339,12628,10232,10895,9811,0.72,1.16,7803.6325,0.716258146,37.41854061
7800,-4457,7297,12455,10294,10748,9810,0.71,1.16,7624.238,0.709363416,6.365835504
7800,-4450,7447,12432,10364,10720,9807,0.72,1.16,7600.02,0.70895709,110.4291045
7800,-4453,7406,12666,10339,10929,9804,0.72,1.16,7843.1115,0.717642191,23.57809498
7800,-4435,7356,12733,10287,10985,9803,0.72,1.16,7912.5475,0.720304734,-3.047337278
7800,-4435,7365,12717,10302,10979,9803,0.71,1.16,7896.2865,0.719217278,-92.17278441
7800,-4452,7408,12734,10357,10984,9802,0.72,1.16,7913.504,0.720457393,-4.57392571
7800,-4437,7455,12471,10372,10753,9800,0.72,1.16,7640.4555,0.710541756,94.58244211
7800,-4445,7433,12558,10344,10834,9798,0.72,1.16,7730.979,0.713584918,64.15082149
7800,-4461,7355,12789,10337,11032,9798,0.71,1.16,7970.592,0.722497462,-124.9746193
7800,-4480,7378,12514,10285,10791,9804,0.72,1.16,7685.1085,0.712177602,78.22398295
7800,-4433,7451,12664,10372,10928,9815,0.72,1.16,7841.068,0.717520864,24.79136164
7800,-4453,7330,12429,10200,10711,9826,0.72,1.16,7596.6285,0.709236159,107.6384091
7800,-4454,7424,12677,10373,10939,9830,0.72,1.16,7854.5465,0.718031493,19.68507176
7800,-4445,7390,12678,10326,10937,9830,0.72,1.16,7855.4595,0.718246274,17.53725885
7800,-4426,7382,12654,10318,10921,9824,0.72,1.16,7830.7635,0.717037222,29.62778134
7800,-4451,7485,12449,10415,10735,9819,0.72,1.16,7617.6725,0.709610852,103.8914765
7800,-4473,7290,12475,10280,10753,9813,0.71,1.16,7644.4555,0.710913745,-9.137450014
7800,-4441,7342,12769,10309,11022,9813,0.71,1.16,7950.157,0.721298948,-112.9894756
7800,-4444,7403,12717,10339,10971,9813,0.72,1.16,7895.9385,0.719710008,2.899917966
7800,-4454,7382,12655,10303,10921,9813,0.72,1.16,7831.7635,0.717128789,28.71211428
7800,-4443,7324,12349,10324,10665,9812,0.71,1.16,7514.6275,0.704606423,53.93577121
7800,-4469,7396,12701,10296,10955,9811,0.72,1.16,7879.2425,0.719237106,7.628936559
7800,-4463,7364,12658,10304,10928,9811,0.71,1.16,7835.068,0.716971816,-69.7181552
7800,-4471,7399,12710,10356,10963,9814,0.71,1.16,7888.5905,0.719564946,-95.64945727
7800,-4456,7466,12592,10375,10862,9819,0.72,1.16,7766.197,0.714987755,50.12244522
7800,-4449,7369,12646,10263,10908,9823,0.72,1.16,7822.198,0.717106527,28.93472681
7800,-4445,7366,12699,10299,10951,9823,0.72,1.16,7877.0685,0.719301297,6.987033148
7800,-4450,7385,12720,10347,10981,9820,0.71,1.16,7899.3735,0.719367407,-93.6740734
7800,-4455,7445,12441,10363,10726,9811,0.72,1.16,7609.281,0.709423923,105.7607682
7800,-4435,7230,12478,10049,10754,9802,0.72,1.16,7647.499,0.711130649,88.69350939
7800,-4461,7308,12461,10310,10756,9797,0.71,1.16,7630.586,0.709425995,5.740052064
7800,-4442,7321,12650,10199,10910,9797,0.72,1.16,7826.285,0.717349679,26.50320807
7800,-4433,7404,12753,10351,11006,9801,0.72,1.16,7933.461,0.720830547,-8.305469744
7800,-4451,7370,12741,10333,10995,9806,0.71,1.16,7920.9825,0.72041678,-104.1678035
7800,-4446,7406,12516,10301,10794,9812,0.72,1.16,7687.239,0.712177043,78.22957198
7800,-4453,7309,12780,10242,11027,9813,0.71,1.16,7961.3745,0.721989163,-119.8916296
7800,-4427,7342,12742,10284,10991,9813,0.71,1.16,7921.8085,0.720754117,-107.54117
7800,-4453,7364,12706,10333,10960,9811,0.71,1.16,7884.46,0.719385036,-93.85036496
7800,-4453,7460,12387,10392,10679,9808,0.72,1.16,7553.2365,0.707298108,127.0189156
7800,-4480,7233,12702,10103,10960,9806,0.72,1.16,7880.46,0.719020073,9.799270073
7800,-4439,7314,12280,10284,10600,9806,0.71,1.16,7442.8,0.702150943,78.49056604
7800,-4455,7464,12663,10395,10928,9807,0.72,1.16,7840.068,0.717429356,25.70644217
7800,-4440,7377,12677,10304,10940,9810,0.72,1.16,7854.59,0.717969835,20.30164534
7800,-4462,7357,12787,10340,11034,9812,0.71,1.16,7968.679,0.72219313,-121.9313032
7800,-4448,7371,12755,10318,11010,9813,0.71,1.16,7935.635,0.720766122,-107.6612171
7800,-4469,7361,12744,10314,10995,9813,0.71,1.16,7923.9825,0.720689632,-106.8963165
7800,-4438,7395,12709,10329,10964,9811,0.72,1.16,7887.634,0.719412076,5.879241153
7800,-4445,7430,12589,10351,10863,9809,0.72,1.16,7763.2405,0.714649774,53.50225536
7800,-4451,7395,12661,10322,10924,9807,0.72,1.16,7837.894,0.717493043,25.06957159
7800,-4473,7274,12712,10157,10968,9807,0.72,1.16,7890.808,0.719439096,5.609044493
7800,-4446,7317,12479,10316,10757,9809,0.71,1.16,7648.6295,0.711037417,-10.37417496
7800,-4441,7421,12612,10324,10867,9813,0.72,1.16,7786.4145,0.716519233,34.80767461
7800,-4440,7356,12726,10314,10980,9817,0.71,1.16,7905.33,0.71997541,-99.75409836
7800,-4458,7422,12696,10365,10948,9818,0.72,1.16,7873.938,0.719212459,7.875411034
7800,-4453,7427,12675,10376,10937,9819,0.72,1.16,7852.4595,0.717971976,20.28024138
7800,-4450,7360,12773,10312,11018,9815,0.71,1.16,7953.983,0.72190806,-119.0805954
7800,-4448,7348,12726,10325,10982,9810,0.71,1.16,7905.417,0.719852213,-98.52212712
7800,-4464,7438,12467,10352,10751,9806,0.72,1.16,7636.3685,0.710293787,97.06213375
7800,-4449,7442,12450,10362,10731,9806,0.72,1.16,7618.4985,0.709952334,100.4766564
7800,-4444,7367,12677,10260,10940,9804,0.72,1.16,7854.59,0.717969835,20.30164534
7800,-4458,7357,12372,10355,10670,9797,0.71,1.16,7537.845,0.706452202,35.47797563
7800,-4461,7455,12565,10374,10831,9791,0.72,1.16,7737.8485,0.714416813,55.83187148
7800,-4451,7407,12514,10316,10792,9788,0.72,1.16,7685.152,0.712115641,78.84358784
7800,-4456,7333,12763,10298,11008,9787,0.71,1.16,7943.548,0.721615916,-116.159157
7800,-4456,7408,12732,10342,10983,9794,0.72,1.16,7911.4605,0.72033693,-3.369298006
7800,-4452,7355,12725,10297,10980,9802,0.71,1.16,7904.33,0.719884335,-98.84335155
7800,-4443,7357,12770,10344,11012,9811,0.71,1.16,7950.722,0.722005267,-120.0526698
7800,-4429,7382,12655,10335,10920,9813,0.71,1.16,7831.72,0.717190476,-71.9047619
7800,-4481,7363,12729,10354,10977,9812,0.71,1.16,7908.1995,0.720433588,-104.3358841
7800,-4466,7366,12702,10278,10960,9813,0.72,1.16,7880.46,0.719020073,9.799270073
7800,-4418,7394,12524,10287,10812,9813,0.72,1.16,7696.022,0.711803737,81.96263411
7800,-4434,7291,12725,10207,10979,9813,0.71,1.16,7904.2865,0.719945942,-99.45942253
7800,-4418,7427,12673,10327,10946,9814,0.72,1.16,7850.851,0.717234698,27.65302394
7800,-4456,7359,12714,10328,10977,9813,0.71,1.16,7893.1995,0.719067095,-90.67094835
7800,-4449,7419,12660,10357,10918,9811,0.72,1.16,7836.633,0.717771845,22.2815534
7800,-4448,7443,12504,10357,10782,9809,0.72,1.16,7674.717,0.711808292,81.91708403
7800,-4445,7374,12731,10353,10979,9809,0.71,1.16,7910.2865,0.72049244,-104.9244011
7800,-4500,7297,12428,10288,10712,9809,0.71,1.16,7595.672,0.709080657,9.193427931
7800,-4453,7422,12683,10364,10937,9809,0.72,1.16,7860.4595,0.718703438,12.96562129
7800,-4441,7294,12694,10166,10954,9808,0.72,1.16,7872.199,0.718659759,13.40241008
7800,-4456,7345,12367,10320,10674,9808,0.71,1.16,7533.019,0.705735338,42.64661795
7800,-4472,7447,12471,10365,10751,9808,0.72,1.16,7640.3685,0.710665845,93.34154962
7800,-4446,7423,12682,10361,10942,9811,0.72,1.16,7859.677,0.718303509,16.96490587
7800,-4471,7346,12801,10332,11044,9816,0.71,1.16,7983.114,0.722846251,-128.4625136
7800,-4498,7350,12757,10331,11007,9821,0.71,1.16,7937.5045,0.721132416,-111.3241574
7800,-4457,7336,12700,10304,10965,9823,0.71,1.16,7878.6775,0.71852964,-85.29639763
7800,-4470,7461,12566,10382,10829,9823,0.72,1.16,7738.7615,0.714633069,53.66931388
7800,-4446,7394,12664,10316,10926,9819,0.72,1.16,7840.981,0.717644243,23.5575691
7800,-4442,7434,12534,10344,10801,9816,0.72,1.16,7705.5435,0.713410194,65.89806499
7800,-4451,7191,12733,10054,10981,9813,0.72,1.16,7912.3735,0.72055127,-5.512703761
7800,-4453,7289,12356,10276,10651,9813,0.71,1.16,7521.0185,0.706132617,38.67383344
7800,-4453,7404,12740,10345,10997,9816,0.72,1.16,7920.0695,0.720202737,-2.027371101
7800,-4448,7352,12764,10321,11012,9821,0.71,1.16,7944.722,0.721460407,-114.6040683
7800,-4453,7375,12707,10334,10961,9825,0.71,1.16,7885.5035,0.719414606,-94.14606332
7800,-4454,7463,12571,10377,10844,9827,0.72,1.16,7744.414,0.714165806,58.34194024
7800,-4444,7352,12761,10326,11013,9827,0.71,1.16,7941.7655,0.721126441,-111.2644148
7800,-4467,7410,12607,10312,10876,9823,0.72,1.16,7781.806,0.715502574,44.97425524
7800,-4442,7408,12710,10358,10972,9820,0.72,1.16,7888.982,0.71901039,9.896099162
7800,-4472,7384,12652,10330,10912,9816,0.71,1.16,7828.372,0.717409457,-74.09457478
7800,-4466,7293,12612,10165,10880,9815,0.72,1.16,7786.98,0.715715074,42.84926471
7800,-4445,7413,12647,10345,10908,9816,0.72,1.16,7823.198,0.717198203,28.01796846
7800,-4453,7421,12715,10354,10973,9819,0.72,1.16,7894.0255,0.719404493,5.955071539
7800,-4456,7405,12659,10337,10929,9822,0.72,1.16,7836.1115,0.717001693,29.98307256
7800,-4457,7306,12690,10240,10949,9823,0.71,1.16,7867.9815,0.718602749,-86.0274911
7800,-4430,7394,12672,10306,10935,9823,0.72,1.16,7849.3725,0.717820988,21.79012346
7800,-4448,7436,12626,10346,10893,9818,0.72,1.16,7801.5455,0.716198063,38.01937024
7800,-4453,7361,12681,10283,10935,9812,0.72,1.16,7858.3725,0.718644033,13.55967078
7800,-4463,7371,12767,10343,11015,9806,0.71,1.16,7947.8525,0.721548116,-115.4811621
7800,-4463,7407,12715,10344,10970,9805,0.72,1.16,7893.895,0.719589335,4.106654512
7800,-4437,7264,12691,10155,10952,9805,0.72,1.16,7869.112,0.718509131,14.90869248
7800,-4444,7420,12545,10325,10829,9804,0.72,1.16,7717.7615,0.712693831,73.06168621
7800,-4448,7344,12700,10291,10955,9802,0.71,1.16,7878.2425,0.719145824,-91.45823825
7800,-4467,7425,12548,10336,10829,9801,0.72,1.16,7720.7615,0.712970865,70.29134731
7800,-4440,7435,12528,10354,10802,9801,0.72,1.16,7699.587,0.712792724,72.0727643
7800,-4449,7380,12666,10298,10931,9806,0.72,1.16,7843.1985,0.717518845,24.81154515
7800,-4447,7434,12612,10352,10878,9812,0.72,1.16,7786.893,0.715838665,41.61334804
7800,-4441,7398,12740,10343,10992,9817,0.72,1.16,7919.852,0.720510553,-5.105531295
7800,-4442,7442,12647,10367,10917,9818,0.72,1.16,7823.5895,0.716642805,33.571952
7800,-4452,7460,12568,10388,10837,9818,0.72,1.16,7741.1095,0.714322183,56.77816739
7800,-4449,7387,12478,10266,10761,9818,0.72,1.16,7647.8035,0.710696357,93.03642784
7800,-4436,7423,12460,10334,10760,9818,0.72,1.16,7629.76,0.709085502,109.1449814
7801,-4454,7346,12762,10283,11010,9818,0.71,1.16,7942.635,0.721401907,-114.0190736
7800,-4432,7383,12721,10312,10977,9818,0.72,1.16,7900.1995,0.719704792,2.952081625
7800,-4444,7395,12704,10341,10958,9815,0.72,1.16,7882.373,0.719325881,6.741193648
7800,-4452,7334,12724,10287,10981,9811,0.71,1.16,7903.3735,0.719731673,-97.3167289
7800,-4429,7277,12703,10200,10962,9807,0.71,1.16,7881.547,0.71898805,-89.88049626
7800,-4447,7397,12552,10293,10813,9806,0.72,1.16,7724.0655,0.714331407,56.6859336
7800,-4438,7402,12741,10347,10995,9806,0.72,1.16,7920.9825,0.72041678,-4.167803547
7800,-4455,7372,12758,10328,11004,9809,0.71,1.16,7938.374,0.721408033,-114.0803344
7800,-4449,7326,12692,10250,10951,9811,0.71,1.16,7870.0685,0.718662086,-86.62085654
7800,-4459,7345,12127,10291,10457,9814,0.71,1.16,7283.5795,0.696526681,134.7331931
7800,-4432,7306,12675,10184,10938,9814,0.72,1.16,7852.503,0.717910313,20.89687329
7800,-4411,7413,12659,10345,10922,9811,0.72,1.16,7835.807,0.717433346,25.66654459
7800,-4449,7372,12690,10329,10952,9803,0.71,1.16,7868.112,0.718417823,-84.17823229
7800,-4459,7327,12555,10186,10826,9795,0.72,1.16,7727.631,0.713802974,61.97025679
7800,-4436,7428,12556,10337,10826,9790,0.72,1.16,7728.631,0.713895345,61.04655459
7800,-4434,7436,12648,10351,10914,9790,0.72,1.16,7824.459,0.716919461,30.80538758
7800,-4459,7383,12746,10327,10999,9797,0.71,1.16,7926.1565,0.720625193,-106.251932
7800,-4453,7407,12710,10358,10970,9803,0.72,1.16,7888.895,0.719133546,8.664539654
7800,-4429,7243,12652,10065,10919,9810,0.72,1.16,7828.6765,0.716977425,30.22575327
7800,-4440,7359,12354,10353,10669,9810,0.71,1.16,7519.8015,0.70482721,51.72790327
7800,-4435,7414,12716,10329,10975,9808,0.72,1.16,7895.1125,0.719372437,6.275626424
7800,-4454,7450,12598,10355,10870,9804,0.72,1.16,7772.545,0.715045538,49.54461822
7800,-4439,7400,12712,10347,10968,9800,0.72,1.16,7890.808,0.719439096,5.609044493
7800,-4468,7448,12457,10354,10740,9798,0.72,1.16,7625.89,0.710045624,99.54376164
7800,-4455,7409,12544,10305,10814,9798,0.72,1.16,7716.109,0.713529591,64.70408729
7800,-4434,7393,12640,10321,10903,9805,0.72,1.16,7815.9805,0.716865129,31.34871136
7800,-4442,7417,12763,10363,11015,9814,0.72,1.16,7943.8525,0.721184975,-11.84975034
7800,-4451,7394,12725,10304,10983,9822,0.72,1.16,7904.4605,0.719699581,3.004188291
7800,-4440,7174,12657,10030,10922,9824,0.72,1.16,7833.807,0.717250229,27.49771104
7800,-4456,7423,12692,10367,10953,9823,0.72,1.16,7870.1555,0.718538802,14.61197845
7800,-4452,7419,12475,10323,10753,9819,0.72,1.16,7644.4555,0.710913745,90.86254999
7800,-4435,7454,12667,10367,10931,9814,0.72,1.16,7844.1985,0.717610328,23.89671576
7800,-4444,7317,12740,10238,10996,9811,0.71,1.16,7920.026,0.720264278,-102.6427792
7800,-4439,7388,12687,10334,10948,9810,0.71,1.16,7864.938,0.718390391,-83.90390939
7800,-4455,7447,12416,10371,10708,9810,0.72,1.16,7583.498,0.708208629,117.9137094
7800,-4452,7437,12570,10350,10837,9810,0.72,1.16,7743.1095,0.714506736,54.93263818
7800,-4453,7377,12759,10356,11012,9810,0.71,1.16,7939.722,0.721006357,-110.063567
7800,-4458,7373,12756,10335,11004,9810,0.71,1.16,7936.374,0.721226281,-112.2628135
7800,-4453,7303,12696,10193,10954,9810,0.72,1.16,7874.199,0.718842341,11.57659303
7800,-4447,7442,12526,10361,10797,9814,0.72,1.16,7697.3695,0.712917431,70.82569232
7800,-4445,7290,12494,10148,10775,9818,0.72,1.16,7664.4125,0.711314385,86.85614849
7800,-4466,7367,12670,10352,10935,9821,0.71,1.16,7847.3725,0.717638089,-76.38088706
7800,-4474,7391,12723,10362,10972,9822,0.71,1.16,7901.982,0.720195224,-101.9522421
7800,-4451,7400,12699,10344,10960,9821,0.72,1.16,7877.46,0.71874635,12.53649635
7800,-4435,7403,12535,10300,10811,9819,0.72,1.16,7706.9785,0.712883036,71.16964203
7800,-4449,7406,12424,10309,10707,9817,0.72,1.16,7591.4545,0.709017885,109.821145
7800,-4445,7450,12429,10369,10720,9816,0.72,1.16,7597.02,0.708677239,113.2276119
7800,-4432,7359,12710,10292,10966,9816,0.72,1.16,7888.721,0.719379993,6.200072953
7800,-4438,7265,12578,10097,10855,9817,0.72,1.16,7751.8925,0.714131046,58.68954399
7800,-4450,7355,12341,10322,10653,9818,0.71,1.16,7506.1055,0.70460016,53.99840421
7800,-4475,7266,12698,10150,10955,9819,0.72,1.16,7876.2425,0.718963259,10.36741214
7800,-4439,7460,12606,10377,10869,9818,0.72,1.16,7780.5015,0.715843362,41.56638145
7800,-4447,7403,12661,10348,10923,9817,0.72,1.16,7837.8505,0.717554747,24.45253136
7800,-4455,7443,12484,10350,10759,9813,0.72,1.16,7653.7165,0.711378056,86.21944419
7800,-4445,7429,12651,10379,10912,9809,0.72,1.16,7827.372,0.717317815,26.82184751
7800,-4443,7436,12548,10341,10816,9807,0.72,1.16,7720.196,0.713775518,62.24482249
7800,-4422,7450,12617,10377,10887,9807,0.72,1.16,7792.2845,0.715742124,42.57876366
7800,-4447,7446,12641,10373,10907,9808,0.72,1.16,7817.1545,0.716709865,32.90134776
7800,-4469,7159,12409,10085,10698,9809,0.71,1.16,7576.063,0.70817564,18.24359693
7800,-4441,7379,12217,10352,10549,9810,0.71,1.16,7377.5815,0.699363115,106.3688501
7800,-4470,7368,12726,10321,10979,9811,0.71,1.16,7905.2865,0.720037025,-100.3702523
7800,-4441,7423,12703,10353,10959,9810,0.72,1.16,7881.4165,0.719172963,8.270371384
7800,-4446,7336,12726,10327,10981,9806,0.71,1.16,7905.3735,0.719913806,-99.13805664
7800,-4450,7436,12578,10367,10841,9803,0.72,1.16,7751.2835,0.714997094,50.02905636
7800,-4441,7367,12730,10319,10994,9801,0.71,1.16,7909.939,0.719477806,-94.77806076
7800,-4440,7452,12584,10370,10855,9801,0.72,1.16,7757.8925,0.714683786,53.16213726
7800,-4441,7372,12715,10314,10974,9804,0.71,1.16,7894.069,0.719342901,-93.42901403
7800,-4442,7449,12576,10372,10841,9808,0.72,1.16,7749.2835,0.71481261,51.87390462
7800,-4452,7203,12624,10025,10893,9813,0.72,1.16,7799.5455,0.716014459,39.85541173
7800,-4468,7342,12425,10344,10717,9813,0.71,1.16,7592.8895,0.708490202,15.09797518
7800,-4449,7430,12433,10340,10717,9812,0.72,1.16,7600.8895,0.70923668,107.6331996
7800,-4444,7419,12685,10347,10952,9810,0.72,1.16,7863.112,0.717961286,20.3871439
7800,-4462,7355,12685,10270,10946,9807,0.72,1.16,7862.851,0.718330988,16.69011511
7800,-4454,7356,12633,10235,10899,9805,0.72,1.16,7808.8065,0.716469997,35.30002753
7800,-4428,7365,12721,10321,10973,9805,0.71,1.16,7900.0255,0.71995129,-99.51289529
7800,-4455,7367,12779,10321,11017,9804,0.71,1.16,7959.9395,0.722514251,-125.142507
7800,-4448,7409,12671,10338,10935,9802,0.72,1.16,7848.3725,0.717729538,22.7046182
7800,-4482,7416,12564,10385,10835,9801,0.71,1.16,7737.0225,0.714076834,-40.76834333
7800,-4448,7324,12740,10256,10992,9801,0.71,1.16,7919.852,0.720510553,-105.1055313
7800,-4427,7409,12714,10329,10974,9802,0.72,1.16,7893.069,0.719251777,7.482230727
7800,-4442,7406,12685,10338,10943,9809,0.72,1.16,7862.7205,0.718515992,14.84008042
7800,-4450,7396,12663,10347,10927,9816,0.71,1.16,7840.0245,0.717491031,-74.9103139
7800,-4439,7450,12496,10369,10770,9821,0.72,1.16,7666.195,0.711810121,81.89879294
7800,-4462,7389,12620,10329,10887,9821,0.72,1.16,7795.2845,0.716017682,39.82318361
7800,-4443,7346,12696,10304,10950,9819,0.71,1.16,7874.025,0.719089041,-90.89041096
7800,-4435,7411,12635,10364,10900,9816,0.72,1.16,7810.85,0.716591743,34.08256881
7800,-4455,7336,12750,10289,11000,9812,0.71,1.16,7930.2,0.720927273,-109.2727273
7800,-4461,7420,12634,10335,10898,9810,0.72,1.16,7809.763,0.716623509,33.76491099
7800,-4430,7358,12551,10241,10830,9810,0.72,1.16,7723.805,0.713186057,68.13942752
7800,-4472,7451,12475,10367,10755,9810,0.72,1.16,7644.5425,0.710789633,92.10367271
7800,-4445,7445,12570,10376,10834,9810,0.72,1.16,7742.979,0.714692542,53.07458003
7800,-4447,7355,12723,10323,10976,9810,0.71,1.16,7902.156,0.719948615,-99.4861516
7800,-4465,7449,12518,10369,10794,9810,0.72,1.16,7689.239,0.712362331,76.37669075
7800,-4459,7393,12725,10336,10979,9810,0.72,1.16,7904.2865,0.719945942,0.540577466
7800,-4440,7391,12613,10335,10877,9811,0.72,1.16,7787.8495,0.715992415,40.07584812
7800,-4432,7448,12630,10363,10891,9813,0.72,1.16,7805.4585,0.716688872,33.11128455
7800,-4478,7425,12545,10359,10824,9814,0.72,1.16,7717.544,0.713002956,69.97043607
7800,-4495,7310,12433,10314,10717,9814,0.71,1.16,7600.8895,0.70923668,7.633199589
7800,-4424,7329,12594,10194,10864,9810,0.72,1.16,7768.284,0.715048233,49.51767305
7800,-4458,7305,12322,10293,10623,9806,0.71,1.16,7485.8005,0.704678575,53.21425209
7800,-4453,7403,12506,10296,10783,9802,0.72,1.16,7676.7605,0.711931791,80.68209218
7800,-4446,7412,12508,10312,10791,9801,0.72,1.16,7679.1085,0.711621583,83.784172
7800,-4451,7457,12549,10394,10826,9806,0.72,1.16,7721.631,0.713248753,67.51246998
7800,-4463,7405,12632,10356,10900,9818,0.72,1.16,7807.85,0.716316514,36.83486239
7800,-4473,7348,12712,10313,10968,9830,0.71,1.16,7890.808,0.719439096,-94.39095551
7800,-4481,7487,12560,10415,10828,9837,0.72,1.16,7732.718,0.714140931,58.5906908
7800,-4444,7428,12705,10378,10967,9837,0.72,1.16,7883.7645,0.718862451,11.37549011
7800,-4442,7440,12571,10351,10839,9830,0.72,1.16,7744.1965,0.714475182,55.24817788
7800,-4452,7287,12540,10142,10809,9822,0.72,1.16,7711.8915,0.71346947,65.30530114
7800,-4439,7387,12035,10305,10378,9814,0.72,1.16,7188.143,0.692632781,273.6721912
7800,-4430,7340,12739,10308,10985,9813,0.71,1.16,7918.5475,0.720850933,-108.5093309
7800,-4473,7378,12759,10319,11011,9813,0.71,1.16,7939.6785,0.721067887,-110.6788666
7800,-4440,7390,12691,10327,10949,9816,0.72,1.16,7868.9815,0.718694082,13.05918349
7800,-4458,7403,12685,10355,10943,9819,0.71,1.16,7862.7205,0.718515992,-85.15991958
7800,-4453,7429,12545,10339,10822,9821,0.72,1.16,7717.457,0.713126686,68.7331362
7800,-4452,7371,12735,10331,10990,9822,0.71,1.16,7914.765,0.720178799,-101.7879891
7800,-4455,7378,12757,10367,11010,9820,0.71,1.16,7937.635,0.720947775,-109.4777475
7800,-4442,7447,12530,10366,10804,9816,0.72,1.16,7701.674,0.712853943,71.46057016
7800,-4459,7181,12572,10034,10840,9813,0.72,1.16,7745.24,0.714505535,54.94464945
7800,-4437,7446,12445,10371,10748,9811,0.72,1.16,7614.238,0.708433011,115.6698921
7800,-4456,7450,12463,10365,10741,9811,0.72,1.16,7631.9335,0.710542175,94.57825156
7800,-4447,7394,12714,10335,10974,9809,0.72,1.16,7893.069,0.719251777,7.482230727
7800,-4441,7352,12690,10315,10946,9807,0.71,1.16,7867.851,0.718787776,-87.87776357
7800,-4472,7321,12746,10280,11006,9805,0.71,1.16,7926.461,0.72019453,-101.9453026
7800,-4451,7455,12512,10378,10793,9805,0.72,1.16,7683.1955,0.711868387,81.31613083
7800,-4450,7401,12666,10322,10928,9805,0.72,1.16,7843.068,0.71770388,22.96120059
7800,-4452,7390,12642,10327,10911,9803,0.72,1.16,7818.3285,0.716554715,34.45284575
7800,-4452,7444,12542,10365,10811,9803,0.72,1.16,7713.9785,0.713530524,64.69475534
7800,-4477,7210,12733,10094,10984,9802,0.71,1.16,7912.504,0.720366351,-103.6635106
7800,-4453,7371,12673,10297,10936,9802,0.72,1.16,7850.416,0.717850768,21.49231895
7800,-4437,7427,12718,10368,10972,9804,0.72,1.16,7896.982,0.719739519,2.604812249
7800,-4443,7386,12717,10309,10981,9806,0.72,1.16,7896.3735,0.719094208,9.057918222
7800,-4441,7384,12728,10332,10985,9808,0.71,1.16,7907.5475,0.719849568,-98.49567592
7800,-4449,7480,12615,10397,10886,9809,0.72,1.16,7790.241,0.715620154,43.79845673
7800,-4463,7373,12762,10347,11012,9811,0.71,1.16,7942.722,0.721278787,-112.7878678
7800,-4469,7365,12736,10318,10991,9816,0.71,1.16,7915.8085,0.720208216,-102.0821581
7800,-4441,7390,12713,10331,10975,9821,0.72,1.16,7892.1125,0.719099089,9.009111617
7800,-4468,7438,12675,10371,10934,9824,0.72,1.16,7852.329,0.718157033,18.42966892
7800,-4459,7362,12649,10250,10915,9824,0.72,1.16,7825.5025,0.716949382,30.50618415
7800,-4438,7421,12663,10345,10929,9822,0.72,1.16,7840.1115,0.717367691,26.32308537
7801,-4457,7233,12729,10115,10982,9819,0.72,1.16,7908.417,0.720125387,-1.253869969
7800,-4460,7418,12610,10345,10886,9816,0.72,1.16,7785.241,0.715160849,48.39151203
7800,-4461,7380,12767,10369,11018,9816,0.71,1.16,7947.983,0.721363496,-113.634961
7800,-4466,7398,12706,10339,10966,9814,0.72,1.16,7884.721,0.719015229,9.847711107
7800,-4476,7398,12652,10333,10921,9812,0.72,1.16,7828.7635,0.716854088,31.45911547
7800,-4437,7415,12714,10351,10965,9809,0.72,1.16,7892.6775,0.71980643,1.935704514
7800,-4456,7425,12393,10340,10693,9807,0.72,1.16,7559.8455,0.706990134,130.0986627
7800,-4466,7395,12723,10347,10975,9807,0.71,1.16,7902.1125,0.720010251,-100.1025057
7800,-4452,7303,12652,10208,10912,9811,0.72,1.16,7828.372,0.717409457,25.90542522
7800,-4461,7400,12105,10318,10443,9817,0.72,1.16,7260.9705,0.695295461,247.0453893
7800,-4440,7364,12663,10271,10924,9822,0.72,1.16,7839.894,0.717676126,23.23874039
7800,-4443,7410,12669,10349,10933,9824,0.72,1.16,7846.2855,0.717669944,23.30055794
7800,-4462,7453,12516,10379,10787,9822,0.72,1.16,7686.9345,0.712610967,73.89033095
7800,-4452,7442,12541,10357,10813,9813,0.72,1.16,7713.0655,0.713314113,66.85887358
7800,-4455,7322,12706,10256,10967,9803,0.71,1.16,7884.7645,0.718953634,-89.53633628
7800,-4470,7330,12769,10302,11019,9796,0.71,1.16,7950.0265,0.721483483,-114.8348307
7800,-4464,7421,12498,10329,10775,9796,0.72,1.16,7668.4125,0.711685615,83.14385151
7800,-4462,7468,12576,10388,10843,9800,0.72,1.16,7749.3705,0.714688785,53.11214609
7800,-4447,7187,12688,10028,10948,9808,0.72,1.16,7865.938,0.718481732,15.18268177
7800,-4469,7276,12168,10264,10502,9816,0.71,1.16,7326.537,0.697632546,123.6745382
7800,-4447,7393,12726,10338,10978,9818,0.72,1.16,7905.243,0.720098652,-0.986518492
7800,-4446,7432,12695,10379,10954,9818,0.72,1.16,7873.199,0.71875105,12.48950155
7800,-4457,7439,12685,10388,10947,9814,0.72,1.16,7862.8945,0.718269343,17.30656801
7800,-4465,7391,12713,10330,10971,9809,0.72,1.16,7891.9385,0.719345411,6.54589372
7800,-4437,7439,12583,10349,10853,9805,0.72,1.16,7756.8055,0.714715332,52.84667834
7800,-4471,7429,12718,10361,10967,9805,0.72,1.16,7896.7645,0.720047825,-0.478252941
7800,-4452,7428,12429,10332,10719,9808,0.72,1.16,7596.9765,0.708739295,112.6070529
7800,-4441,7308,12809,10293,11048,9813,0.71,1.16,7991.288,0.723324403,-133.2440261
7800,-4447,7143,12736,10026,10996,9819,0.71,1.16,7916.026,0.719900509,-99.00509276
7800,-4449,7388,12623,10314,10898,9822,0.72,1.16,7798.763,0.715614149,43.85850615
7800,-4471,7461,12537,10380,10808,9822,0.72,1.16,7708.848,0.713253886,67.4611399
7800,-4479,7413,12678,10376,10944,9819,0.71,1.16,7855.764,0.717814693,-78.14692982
7800,-4458,7399,12738,10350,10992,9817,0.71,1.16,7917.852,0.720328603,-103.2860262
7800,-4462,7330,12765,10285,11015,9814,0.71,1.16,7945.8525,0.721366546,-113.6654562
7800,-4449,7310,12585,10185,10850,9814,0.72,1.16,7758.675,0.715085253,49.14746544
7800,-4451,7401,12675,10351,10934,9812,0.72,1.16,7852.329,0.718157033,18.42966892
7800,-4457,7393,12778,10355,11026,9806,0.71,1.16,7959.331,0.721869309,-118.6930891
7800,-4459,7348,12731,10294,10996,9801,0.71,1.16,7911.026,0.719445798,-94.45798472
7800,-4441,7306,12699,10262,10958,9798,0.71,1.16,7877.373,0.718869593,-88.69592991
7800,-4452,7443,12532,10358,10816,9797,0.72,1.16,7704.196,0.712296228,77.03772189
7800,-4448,7454,12504,10376,10780,9803,0.72,1.16,7674.63,0.711932282,80.67717996
7800,-4468,7351,12738,10330,10995,9810,0.71,1.16,7917.9825,0.720143929,-101.4392906
7800,-4493,7413,12460,10327,10740,9816,0.72,1.16,7628.89,0.710324953,96.75046555
7800,-4467,7380,12728,10324,10988,9818,0.71,1.16,7907.678,0.719664907,-96.64907171
7800,-4457,7396,12650,10373,10911,9819,0.71,1.16,7826.3285,0.71728792,-72.87920447
7800,-4454,7436,12701,10363,10958,9821,0.72,1.16,7879.373,0.719052108,9.478919511
7800,-4463,7395,12717,10340,10978,9824,0.72,1.16,7896.243,0.71927883,7.21169612
7800,-4478,7334,12707,10284,10964,9826,0.71,1.16,7885.634,0.719229661,-92.29660708
7800,-4454,7367,12626,10246,10894,9826,0.72,1.16,7801.589,0.716136314,38.63686433
7800,-4439,7452,12570,10368,10851,9823,0.72,1.16,7743.7185,0.713641001,63.58999171
7800,-4449,7404,12634,10313,10898,9819,0.72,1.16,7809.763,0.716623509,33.76491099
7800,-4448,7023,12682,9945,10938,9815,0.71,1.16,7859.503,0.718550283,-85.50283416
7800,-4450,7281,12074,10222,10411,9814,0.71,1.16,7228.5785,0.694321247,156.7875324
7800,-4446,7410,12696,10331,10950,9813,0.72,1.16,7874.025,0.719089041,9.109589041
7800,-4447,7434,12427,10354,10713,9808,0.72,1.16,7594.7155,0.708925184,110.7481564
7801,-4459,7449,12444,10367,10725,9802,0.72,1.16,7612.2375,0.709765734,102.3426573
7800,-4467,7410,12650,10345,10918,9798,0.72,1.16,7826.633,0.716855926,31.44074006
7800,-4468,7400,12673,10347,10928,9798,0.72,1.16,7850.068,0.718344436,16.5556369
7800,-4441,7285,12728,10197,10986,9801,0.71,1.16,7907.591,0.719788003,-97.88002913
7800,-4431,7404,12658,10311,10927,9806,0.72,1.16,7835.0245,0.717033449,29.66550746
7800,-4447,7382,12688,10296,10942,9811,0.72,1.16,7865.677,0.718851855,11.48144763
7800,-4468,7306,12730,10261,10985,9812,0.71,1.16,7909.5475,0.720031634,-100.3163405
7800,-4462,7366,12724,10331,10981,9813,0.71,1.16,7903.3735,0.719731673,-97.3167289
7800,-4465,7346,12752,10320,11005,9816,0.71,1.16,7932.4175,0.720801227,-108.0122672
7800,-4446,7372,12655,10290,10915,9820,0.72,1.16,7831.5025,0.717499084,25.0091617
7800,-4454,7323,12770,10313,11011,9824,0.71,1.16,7950.6785,0.722066888,-120.6688766
7800,-4449,7379,12669,10326,10933,9824,0.71,1.16,7846.2855,0.717669944,-76.69944206
7800,-4454,7414,12467,10324,10745,9823,0.72,1.16,7636.1075,0.710666124,93.33876221
7800,-4439,7195,12681,10035,10949,9822,0.72,1.16,7858.9815,0.717780756,22.19243767
7800,-4440,7416,12419,10328,10719,9820,0.72,1.16,7586.9765,0.707806372,121.9362814
7800,-4443,7343,12644,10229,10910,9819,0.72,1.16,7820.285,0.716799725,32.00274977
7800,-4464,7406,12666,10362,10933,9819,0.71,1.16,7843.2855,0.717395546,-73.95545596
7800,-4447,7448,12653,10368,10916,9817,0.72,1.16,7829.546,0.717254122,27.45877611
7800,-4452,7388,12667,10329,10932,9815,0.72,1.16,7844.242,0.717548664,24.51335529
7800,-4443,7398,12699,10343,10958,9813,0.72,1.16,7877.373,0.718869593,11.30407009
7800,-4450,7425,12610,10332,10877,9813,0.72,1.16,7784.8495,0.715716604,42.83396157
7800,-4435,7358,12754,10306,11007,9812,0.71,1.16,7934.5045,0.720859862,-108.5986191
7800,-4461,7403,12719,10345,10971,9810,0.72,1.16,7897.9385,0.719892307,1.076930088
7800,-4454,7311,12642,10194,10911,9808,0.72,1.16,7818.3285,0.716554715,34.45284575
7800,-4454,7395,12129,10319,10460,9807,0.72,1.16,7285.71,0.696530593,234.6940727
7800,-4426,7421,12728,10360,10976,9807,0.72,1.16,7907.156,0.720404155,-4.04154519
7800,-4434,7414,12689,10315,10952,9812,0.72,1.16,7867.112,0.718326516,16.73484295
7800,-4456,7401,12668,10341,10930,9817,0.72,1.16,7845.155,0.717763495,22.36505032
7800,-4441,7370,12742,10298,10995,9823,0.72,1.16,7921.9825,0.720507731,-5.077307867
7800,-4447,7447,12596,10376,10856,9824,0.72,1.16,7769.936,0.71572734,42.7266028
7800,-4459,7435,12502,10347,10778,9823,0.72,1.16,7672.543,0.711870755,81.29244758
7800,-4458,7445,12556,10363,10828,9816,0.72,1.16,7728.718,0.713771518,62.28481714
7800,-4449,7419,12534,10324,10805,9809,0.72,1.16,7705.7175,0.713162193,68.37806571
7800,-4461,7285,12648,10135,10913,9804,0.72,1.16,7824.4155,0.716981169,30.18830752
7800,-4429,7437,12559,10360,10844,9803,0.72,1.16,7732.414,0.713059203,69.40796754
7800,-4450,7388,12767,10361,11017,9808,0.71,1.16,7947.9395,0.721425025,-114.2502496
7800,-4431,7425,12665,10373,10929,9813,0.72,1.16,7842.1115,0.717550691,24.49309177
7800,-4457,7352,12665,10241,10925,9818,0.72,1.16,7841.9375,0.717797483,22.02517162
7800,-4447,7427,12532,10331,10807,9819,0.72,1.16,7703.8045,0.712853197,71.46802998
7800,-4449,7449,12450,10370,10734,9818,0.72,1.16,7618.629,0.70976607,102.3392957
7800,-4453,7432,12414,10345,10701,9815,0.72,1.16,7581.1935,0.708456546,115.4345388
7800,-4445,7406,12688,10347,10951,9812,0.72,1.16,7866.0685,0.718296822,17.03177792
7801,-4472,7458,12557,10384,10836,9810,0.72,1.16,7730.066,0.713368955,66.31044666
7800,-4456,7371,12543,10255,10818,9810,0.72,1.16,7715.283,0.713189407,68.10593455
7800,-4444,7465,12534,10397,10818,9810,0.72,1.16,7706.283,0.71235746,76.42540211
7800,-4451,7400,12693,10323,10955,9809,0.72,1.16,7871.2425,0.718506846,14.93153811
7800,-4459,7362,12660,10291,10927,9809,0.72,1.16,7837.0245,0.717216482,27.83517891
7800,-4444,7373,12731,10328,10988,9809,0.71,1.16,7910.678,0.719937932,-99.3793229
7800,-4452,7373,12732,10303,10987,9809,0.72,1.16,7911.6345,0.720090516,-0.905160644
7800,-4450,7354,12764,10307,11019,9807,0.71,1.16,7945.0265,0.721029721,-110.2972139
7800,-4445,7370,12668,10294,10925,9805,0.72,1.16,7844.9375,0.718072082,19.2791762
7800,-4463,7446,12541,10376,10819,9804,0.72,1.16,7713.3265,0.712942647,70.57352805
7800,-4460,7436,12643,10373,10913,9804,0.72,1.16,7819.4155,0.716523,34.76999908
7800,-4443,7345,12514,10226,10788,9804,0.72,1.16,7684.978,0.712363552,76.36447905
7800,-4460,7317,12326,10319,10629,9804,0.71,1.16,7490.0615,0.704681673,53.18327218
7800,-4449,7276,12658,10184,10918,9803,0.71,1.16,7834.633,0.717588661,-75.88660927
7800,-4437,7410,12661,10367,10928,9803,0.71,1.16,7838.068,0.71724634,-72.46339678
7800,-4446,7404,12661,10324,10924,9803,0.72,1.16,7837.894,0.717493043,25.06957159
7800,-4453,7337,12730,10293,10987,9805,0.71,1.16,7909.6345,0.719908483,-99.08482752
7800,-4469,7371,12706,10342,10963,9808,0.71,1.16,7884.5905,0.719200082,-92.00082094
7800,-4434,7347,12783,10328,11026,9810,0.71,1.16,7964.331,0.722322783,-123.2278251
7800,-4448,7456,12538,10365,10816,9810,0.72,1.16,7710.196,0.712850962,71.49038462
7800,-4457,7388,12670,10335,10935,9807,0.71,1.16,7847.3725,0.717638089,-76.38088706
7800,-4430,7307,12634,10173,10901,9801,0.72,1.16,7809.8935,0.716438263,35.61737455
7800,-4459,7418,12006,10328,10357,9794,0.72,1.16,7158.2295,0.691148933,288.5106691
7800,-4440,7420,12747,10355,10994,9790,0.72,1.16,7926.939,0.721024104,-10.24104057
7800,-4429,7399,12734,10340,10987,9791,0.72,1.16,7913.6345,0.720272549,-2.725493765
7800,-4455,7446,12479,10364,10764,9796,0.72,1.16,7648.934,0.710603307,93.96692679
7800,-4460,7371,12694,10310,10954,9803,0.71,1.16,7872.199,0.718659759,-86.59758992
7800,-4450,7275,12690,10152,10953,9810,0.72,1.16,7868.1555,0.718356204,16.4379622
7800,-4455,7397,12728,10330,10979,9811,0.72,1.16,7907.2865,0.720219191,-2.191911832
7800,-4437,7364,12740,10254,10996,9812,0.72,1.16,7920.026,0.720264278,-2.642779192
7800,-4450,7354,12713,10320,10972,9813,0.71,1.16,7891.982,0.719283813,-92.83813343
7800,-4451,7202,12697,10073,10956,9814,0.71,1.16,7875.286,0.718810332,-88.10332238
7800,-4440,7337,12605,10241,10880,9816,0.72,1.16,7779.98,0.715071691,49.28308824
7800,-4440,7453,12620,10375,10880,9815,0.72,1.16,7794.98,0.716450368,35.49632353
7800,-4453,7438,12612,10343,10886,9811,0.72,1.16,7787.241,0.715344571,46.55428991
7800,-4440,7355,12670,10333,10928,9806,0.71,1.16,7847.068,0.718069912,-80.69912152
7800,-4423,7445,12582,10372,10855,9801,0.72,1.16,7755.8925,0.714499539,55.00460617
7800,-4441,7385,12728,10319,10985,9800,0.72,1.16,7907.5475,0.719849568,1.504324078
7800,-4433,7443,12469,10357,10749,9800,0.72,1.16,7638.2815,0.710603917,93.96083357
7800,-4439,7369,12697,10331,10957,9803,0.71,1.16,7875.3295,0.718748699,-87.48699462
7800,-4446,7396,12624,10323,10893,9806,0.72,1.16,7799.5455,0.716014459,39.85541173
7800,-4463,7283,12691,10221,10956,9808,0.71,1.16,7869.286,0.718262687,-82.62687112
7800,-4441,7448,12498,10369,10779,9809,0.72,1.16,7668.5865,0.711437657,85.62343446
7800,-4460,7449,12470,10368,10749,9812,0.72,1.16,7639.2815,0.710696949,93.03051447
7800,-4451,7380,12687,10324,10950,9816,0.71,1.16,7865.025,0.718267123,-82.67123288
7800,-4452,7252,12641,10139,10905,9820,0.72,1.16,7817.0675,0.716833333,31.66666667
7800,-4443,7335,12661,10266,10926,9822,0.71,1.16,7837.981,0.717369669,-73.6966868
7800,-4434,7405,12705,10342,10967,9822,0.72,1.16,7883.7645,0.718862451,11.37549011
7800,-4447,7343,12693,10314,10948,9816,0.71,1.16,7870.938,0.718938436,-89.38436244
7800,-4469,7326,12733,10301,10987,9811,0.71,1.16,7912.6345,0.720181533,-101.8153272
7800,-4465,7404,12606,10346,10870,9806,0.72,1.16,7780.545,0.715781509,42.1849126
7800,-4444,7153,12703,10043,10961,9805,0.71,1.16,7881.5035,0.719049676,-90.49676124
7800,-4448,7424,12677,10340,10943,9804,0.72,1.16,7854.7205,0.717784931,22.15068994
7800,-4456,7369,12655,10315,10913,9803,0.71,1.16,7831.4155,0.717622606,-76.22606066
7800,-4431,7385,12675,10312,10936,9801,0.72,1.16,7852.416,0.71803365,19.66349671
7800,-4439,7389,12649,10319,10912,9800,0.72,1.16,7825.372,0.717134531,28.65469208
7800,-4453,7318,12748,10280,11004,9800,0.71,1.16,7928.374,0.720499273,-104.9927299
7800,-4442,7373,12521,10261,10798,9800,0.72,1.16,7692.413,0.712392387,76.07612521
7800,-4452,7407,12611,10337,10873,9800,0.72,1.16,7785.6755,0.716055872,39.44127656
7800,-4454,7442,12589,10357,10857,9801,0.72,1.16,7762.9795,0.715020678,49.79322096
7800,-4458,7436,12442,10350,10725,9801,0.72,1.16,7610.2375,0.709579254,104.2074592
7800,-4460,7264,12712,10200,10965,9804,0.71,1.16,7890.6775,0.719624031,-96.24031008
7800,-4454,7297,12457,10296,10747,9811,0.71,1.16,7626.1945,0.709611473,3.885270308
7800,-4454,7223,11672,10189,10078,9818,0.71,1.16,6812.093,0.675936991,340.6300853
7800,-4427,7399,12675,10325,10940,9822,0.72,1.16,7852.59,0.71778702,22.1297989
7800,-4433,7402,12492,10308,10774,9822,0.72,1.16,7662.369,0.711190737,88.09263041
7800,-4451,7454,12504,10373,10778,9819,0.72,1.16,7674.543,0.712056318,79.43681574
7800,-4452,7357,12602,10281,10870,9817,0.72,1.16,7776.545,0.715413523,45.86476541
7800,-4436,7412,12701,10354,10960,9814,0.72,1.16,7879.46,0.718928832,10.71167883
7800,-4471,7353,12704,10320,10969,9813,0.71,1.16,7882.8515,0.718648145,-86.48144772
7800,-4474,7416,12504,10327,10782,9813,0.72,1.16,7674.717,0.711808292,81.91708403
7800,-4435,7368,12564,10241,10839,9815,0.72,1.16,7737.1965,0.713829366,61.70633822
7800,-4458,7348,12113,10323,10450,9816,0.71,1.16,7269.275,0.695624402,143.7559809
7800,-4447,7445,12527,10363,10802,9818,0.72,1.16,7698.587,0.712700148,72.99851879
7800,-4430,7405,12714,10321,10974,9818,0.72,1.16,7893.069,0.719251777,7.482230727
7800,-4456,7418,12652,10348,10914,9818,0.72,1.16,7828.459,0.717285963,27.14037017
7800,-4452,7433,12601,10355,10877,9819,0.72,1.16,7775.8495,0.71488917,51.10830192
7800,-4430,7349,12732,10308,10989,9821,0.71,1.16,7911.7215,0.719967376,-99.67376467
7800,-4468,7346,12783,10343,11024,9821,0.71,1.16,7964.244,0.722445936,-124.4593614
7800,-4456,7437,12637,10353,10901,9821,0.72,1.16,7812.8935,0.716713467,32.86533346
7800,-4464,7362,12688,10299,10946,9816,0.71,1.16,7865.851,0.718605061,-86.0506121
7800,-4450,7286,12414,10129,10706,9812,0.72,1.16,7581.411,0.708145993,118.540071
7800,-4443,7414,12645,10351,10916,9809,0.72,1.16,7821.546,0.716521253,34.78746794
7800,-4451,7313,12508,10180,10783,9809,0.72,1.16,7678.7605,0.712117268,78.82732078
7800,-4430,7374,12689,10321,10952,9811,0.71,1.16,7867.112,0.718326516,-83.26515705
7800,-4463,7387,12649,10302,10907,9815,0.72,1.16,7825.1545,0.717443339,25.5666086
7800,-4441,7417,12701,10344,10963,9819,0.72,1.16,7879.5905,0.718744003,12.55997446
7800,-4456,7376,12685,10348,10947,9821,0.71,1.16,7862.8945,0.718269343,-82.69343199
7800,-4451,7435,12525,10345,10795,9820,0.72,1.16,7696.2825,0.712948819,70.51181102
7800,-4455,7377,12773,10347,11024,9818,0.71,1.16,7954.244,0.721538824,-115.3882438
7800,-4459,7318,12719,10262,10978,9817,0.71,1.16,7898.243,0.719461013,-94.61012935
7800,-4445,7376,12736,10305,10986,9815,0.72,1.16,7915.591,0.720516202,-5.162024395
7800,-4454,7430,12093,10341,10435,9815,0.72,1.16,7248.6225,0.694645184,253.5481552
7800,-4435,7433,12688,10363,10952,9814,0.72,1.16,7866.112,0.718235208,17.64791819
7800,-4453,7442,12481,10350,10765,9811,0.72,1.16,7650.9775,0.710727125,92.72875058
7800,-4453,7403,12737,10374,10989,9808,0.71,1.16,7916.7215,0.720422377,-104.2237692
7800,-4464,7439,12456,10349,10743,9806,0.72,1.16,7625.0205,0.709766406,102.3359397
7800,-4440,7404,12703,10341,10964,9806,0.72,1.16,7881.634,0.71886483,11.35169646
7800,-4442,7476,12498,10397,10773,9810,0.72,1.16,7668.3255,0.711809663,81.90336953
7800,-4450,7359,12754,10357,11003,9815,0.71,1.16,7934.3305,0.721106107,-111.0610743
7800,-4465,7409,12438,10310,10722,9819,0.72,1.16,7606.107,0.709392557,106.0744264
7800,-4436,7274,12759,10130,11009,9820,0.72,1.16,7939.5915,0.72119098,-11.90980107
7800,-4421,7367,12534,10277,10820,9820,0.72,1.16,7706.37,0.712233826,77.66173752
7800,-4441,7397,12726,10373,10982,9821,0.71,1.16,7905.417,0.719852213,-98.52212712
7800,-4482,7354,12738,10305,10996,9823,0.71,1.16,7918.026,0.720082394,-100.823936
7800,-4431,7429,12625,10349,10889,9823,0.72,1.16,7800.3715,0.716353338,36.46661769
7800,-4454,7322,12731,10291,10979,9823,0.71,1.16,7910.2865,0.72049244,-104.9244011
7800,-4442,7379,12749,10331,11005,9823,0.71,1.16,7929.4175,0.720528623,-105.2862335
7800,-4453,7460,12451,10384,10737,9823,0.72,1.16,7619.7595,0.709673046,103.2695353
7800,-4447,7434,12571,10353,10855,9823,0.72,1.16,7744.8925,0.713486181,65.13818517
7800,-4443,7403,12714,10348,10970,9823,0.72,1.16,7892.895,0.719498177,5.018231541
7800,-4455,7265,12592,10132,10862,9822,0.72,1.16,7766.197,0.714987755,50.12244522
7800,-4444,7438,12573,10351,10849,9816,0.72,1.16,7746.6315,0.714041064,59.58936307
7800,-4435,7420,12440,10330,10728,9810,0.72,1.16,7608.368,0.709206562,107.9343773
7800,-4429,7438,12682,10366,10946,9806,0.72,1.16,7859.851,0.718056916,19.43084232
7800,-4443,7474,12567,10400,10834,9806,0.72,1.16,7739.979,0.714415636,55.84364039
7800,-4450,7373,12740,10331,10999,9805,0.71,1.16,7920.1565,0.720079689,-100.7968906
7800,-4444,7414,12459,10325,10745,9803,0.72,1.16,7628.1075,0.709921591,100.7840856
7800,-4436,7421,12512,10330,10792,9802,0.72,1.16,7683.152,0.711930319,80.69681245
7800,-4458,7445,12544,10376,10817,9801,0.72,1.16,7716.2395,0.713343764,66.56235555
7800,-4469,7373,12728,10322,10984,9802,0.71,1.16,7907.504,0.719911143,-99.11143481
7800,-4428,7258,12661,10108,10922,9807,0.72,1.16,7837.807,0.717616462,23.83537814
7800,-4469,7301,12259,10296,10581,9812,0.71,1.16,7420.9735,0.701348975,86.51025423
7800,-4437,7398,12663,10343,10933,9816,0.72,1.16,7840.2855,0.717121147,28.78853014
7800,-4446,7395,12649,10323,10914,9816,0.72,1.16,7825.459,0.717011087,29.88913322
7800,-4456,7366,12690,10324,10954,9814,0.71,1.16,7868.199,0.718294596,-82.94595582
7800,-4443,7373,12569,10300,10839,9813,0.72,1.16,7742.1965,0.714290663,57.09336655
7800,-4444,7368,12740,10357,10991,9811,0.71,1.16,7919.8085,0.72057215,-105.7214994
7800,-4462,7452,12550,10369,10824,9810,0.72,1.16,7722.544,0.713464893,65.35107169
7800,-4426,7488,12685,10414,10946,9810,0.72,1.16,7862.851,0.718330988,16.69011511
7800,-4457,7341,12774,10339,11019,9812,0.71,1.16,7955.0265,0.721937245,-119.3724476
7800,-4440,7111,12686,9966,10949,9814,0.71,1.16,7863.9815,0.718237419,-82.37418942
7800,-4429,7434,12673,10365,10940,9816,0.72,1.16,7850.59,0.717604205,23.95795247
7800,-4446,7350,12748,10316,11000,9816,0.71,1.16,7928.2,0.720745455,-107.4545455
7800,-4457,7364,12762,10336,11013,9815,0.71,1.16,7942.7655,0.721217243,-112.1724326
7800,-4474,7368,12744,10328,10991,9810,0.71,1.16,7923.8085,0.720936084,-109.3608407
7800,-4468,7419,12628,10348,10894,9806,0.72,1.16,7803.589,0.716319901,36.80099137
7800,-4472,7428,12507,10340,10784,9803,0.72,1.16,7677.804,0.711962537,80.37462908
7800,-4463,7436,12721,10359,10971,9803,0.72,1.16,7899.9385,0.720074606,-0.746057789
7800,-4443,7406,12651,10338,10921,9802,0.72,1.16,7827.7635,0.716762522,32.37478253
7800,-4454,7317,12442,10324,10726,9800,0.71,1.16,7610.281,0.709517155,4.828454223
7800,-4467,7168,12735,10113,10991,9798,0.71,1.16,7914.8085,0.720117232,-101.1723228
7800,-4465,7335,12413,10333,10704,9797,0.71,1.16,7580.324,0.708176756,18.23243647
7800,-4439,7411,12606,10331,10870,9800,0.72,1.16,7780.545,0.715781509,42.1849126
7800,-4425,7377,12665,10287,10935,9808,0.72,1.16,7842.3725,0.717180841,28.19158665
7800,-4423,7423,12721,10347,10976,9815,0.72,1.16,7900.156,0.719766399,2.336005831
7800,-4448,7378,12769,10336,11017,9820,0.71,1.16,7949.9395,0.721606563,-116.0656259
7800,-4485,7337,12791,10328,11040,9820,0.71,1.16,7972.94,0.722186594,-121.865942
7800,-4466,7345,12723,10295,10975,9818,0.71,1.16,7902.1125,0.720010251,-100.1025057
7800,-4458,7323,12758,10307,11012,9816,0.71,1.16,7938.722,0.720915547,-109.1554668
7800,-4476,7316,12734,10249,10988,9814,0.71,1.16,7913.678,0.720210957,-102.1095741
7800,-4443,7365,12586,10242,10850,9814,0.72,1.16,7759.675,0.715177419,48.22580645
7800,-4434,7421,12489,10330,10773,9814,0.72,1.16,7659.3255,0.710974241,90.25758842
7800,-4458,7469,12473,10391,10754,9814,0.72,1.16,7642.499,0.710665706,93.34294216
7800,-4471,7335,12695,10282,10960,9814,0.71,1.16,7873.46,0.718381387,-83.81386861
